0,0,4.794230935,4.399495775
1,0,4.570041352,4.202193709
2,0,3.913429047,4.057373714
3,0,3.205013427,5.882328033
4,0,3.507724288,4.086203754
5,0,2.536763062,1.983408127
6,0,2.580458920,2.257145283
7,0,2.899594080,2.071435293
8,0,2.416984093,2.176836183
9,0,1.674915478,1.232468567
10,0,1.639694854,1.278817126
11,0,1.475456700,0.689089090
12,0,1.401684110,1.134897807
13,0,0.410643147,0.260539034
14,0,1.316698696,1.236485248
15,0,0.519288069,0.206689361
16,0,1.194088898,1.112866540
17,0,0.437338491,0.148613566
18,0,1.088524672,1.020018211
19,0,1.089243414,0.427453653
20,0,1.196552459,1.060236979
21,0,1.596014578,1.050132723
22,0,1.490364078,1.337654061
23,0,1.592138052,0.890063609
24,0,1.566911633,1.255414818
25,0,1.885267305,2.184950557
26,0,2.828461698,1.985443205
27,0,2.410976933,1.866355981
28,0,1.765002483,1.425345294
29,0,0.776464589,0.667693895
30,0,1.643717040,1.707266460
31,0,0.818679106,0.475291457
32,0,1.205965695,1.068671263
33,0,0.467581979,0.171534409
34,0,1.120859362,1.031380526
35,0,0.074422838,0.035482828
36,0,1.017147662,1.003478200
37,0,1.039104977,1.804280031
38,0,1.851504178,1.750661916
39,0,1.935374883,1.410009852
40,0,1.542933362,1.460879381
41,0,0.730456853,0.705609278
42,0,1.236581499,1.153960929
43,0,0.572317335,0.256481251
44,0,1.155201606,1.073679813
45,0,1.563547955,2.033450989
46,0,1.459017348,1.315052960
47,0,0.885228304,2.238253384
48,0,1.285952178,2.103576435
49,0,1.272800309,2.158607516
50,0,1.290155483,1.125200247
51,0,2.049332129,1.293560093
52,0,1.517500921,1.187591491
53,0,0.485272761,0.379752516
54,0,1.136625272,1.076335546
55,0,1.161326665,2.083593018
56,0,1.861497753,1.237438108
57,0,0.196706643,0.117283258
58,0,1.050765306,1.022906840
59,0,0.058134352,0.027355929
60,0,1.021370241,1.008849079
61,0,1.035618564,0.405173782
62,0,1.184048877,1.057602695
63,0,1.615355191,1.056644974
64,0,1.925202866,1.783678839
65,0,1.972705883,1.445196985
66,0,1.789354624,1.517795904
67,0,2.428563657,1.742668867
68,0,1.799314923,1.466987632
69,0,1.717333932,0.969092529
70,0,1.789604328,1.734799740
71,0,1.023356350,0.680830451
72,0,1.306184401,1.193771652
73,0,0.551485582,0.235302623
74,0,1.117301458,1.048320142
75,0,1.101659461,2.038906219
76,0,1.209712121,1.096051317
77,0,0.501689347,0.195064687
78,0,1.228872543,1.136419003
79,0,0.504398708,0.198485320
80,0,1.125335909,1.034080887
81,0,0.379725566,0.115440610
82,0,1.076132108,1.016831094
83,0,1.915984086,1.217544659
84,0,1.339951785,1.143592320
85,0,0.424275254,0.321199232
86,0,1.194637064,1.117952742
87,0,1.161028691,0.476330318
88,0,1.305909440,1.092517840
89,0,1.258679149,0.522303874
90,0,1.323004815,1.085449651
91,0,2.043411099,1.277489637
92,0,2.428283031,1.489379984
93,0,2.175498246,1.769722755
94,0,2.287446287,1.611652336
95,0,1.994996624,1.253302633
96,0,2.315096908,1.919772963
97,0,1.606543263,1.528483811
98,0,1.842780668,1.181380044
99,0,1.822376988,1.064235484
100,0,1.880582679,1.383702176
101,0,1.405743671,0.774458276
102,0,1.692142878,1.667589432
103,0,2.057628670,2.534941514
104,0,1.610793444,3.013369359
105,0,1.847275144,1.792205500
106,0,0.816047444,1.694332217
107,0,2.369112541,1.447433234
108,0,2.017742555,1.784799393
109,0,1.356826392,1.128299745
110,0,1.748223641,1.260094890
111,0,2.745320205,1.953746829
112,0,0.903390670,1.361817165
113,0,1.841967795,1.400000000
114,0,1.860426062,1.875453892
115,0,2.223467929,2.464931249
116,0,2.223384024,1.603136732
117,0,0.000000000,0.000000000
118,0,1.000000000,1.000000000
119,0,1.870950594,1.400000000
120,0,1.138751800,1.022289157
121,0,1.946275017,1.401159992
122,0,1.627698720,1.084072022
123,0,1.396302745,0.876520271
124,0,1.922853996,1.890163856
125,0,1.621311802,1.076859889
126,0,1.325304691,1.108461086
127,0,1.571001755,1.175967547
128,0,1.997362204,2.313796833
129,0,1.883321754,1.505716069
130,0,1.434329199,1.080492060
131,0,1.248728276,0.509376124
132,0,0.786455953,0.270933613
133,0,0.569674819,0.174718937
134,0,0.333683887,0.096975061
135,0,1.014750773,0.981350473
136,0,0.303623045,0.080428990
137,0,0.999999881,0.999594485
138,0,1.499999941,1.999594485
139,0,1.764492344,2.999756691
140,0,0.487683404,3.992961812
141,0,1.152619153,4.916068605
142,0,0.483830766,5.828786994
143,0,1.453832018,4.448707733
144,0,2.295569127,3.165785928
145,0,2.412671719,3.088927749
146,0,2.199360746,2.848957715
147,0,1.584794878,3.295587558
148,0,1.527971602,2.854411752
149,0,1.695547144,3.322429700
150,0,1.944593432,2.982889305
151,0,2.070253235,2.659976553
152,0,1.999499389,3.007591181
153,0,1.757547078,2.855189242
154,0,1.563303090,2.040295046
155,0,1.577333463,1.296598449
156,0,0.698217308,0.638737964
157,0,1.391294569,1.332056339
158,0,1.521480989,0.909153053
159,0,1.431162888,1.166565150
160,0,1.714402061,2.025344148
161,0,2.121604585,2.782353483
162,0,1.127016130,3.409667116
163,0,1.695125591,2.632181144
164,0,1.937202764,1.543283685
165,0,1.891955148,1.273839657
166,0,1.850876421,1.586234730
167,0,1.256807347,1.182698333
168,0,1.440059466,1.224779398
169,0,1.516521802,0.788822594
170,0,1.809668387,1.292855105
171,0,1.126635835,0.935268390
172,0,1.773943373,1.979501884
173,0,1.349505535,0.814945864
174,0,1.695922402,3.011881470
175,0,2.011958508,2.696775619
176,0,2.191080623,2.157505956
177,0,1.849567000,1.110529086
178,0,1.516071702,1.158705371
179,0,1.762638164,0.973129732
180,0,1.865094635,1.593292055
181,0,2.480522181,2.489426833
182,0,2.127500996,1.628596678
183,0,0.466388674,0.137306043
184,0,1.021439266,0.994260058
185,0,1.028773688,0.403075673
186,0,1.182222246,1.046746077
187,0,1.073567689,1.498925696
188,0,1.477601728,1.130948016
189,0,1.277014796,1.542442770
190,0,0.000000000,0.000000000
191,0,1.000000000,1.000000000
192,0,0.302292189,0.080000000
193,0,1.000000000,1.000000000
194,0,0.000000000,0.000000000
195,0,1.000000000,1.000000000
196,0,1.021928095,0.400000000
197,0,1.228118215,1.041111111
198,0,0.334665510,1.956367470
199,0,1.014397000,1.001586340
200,0,1.549700408,2.004829375
201,0,1.225312451,1.040584106
202,0,1.097777430,0.442295791
203,0,1.000000000,1.000000000
204,0,1.500000000,2.000000000
205,0,1.522845848,1.122282609
206,0,1.884438480,1.105704225
207,0,2.355863022,1.828786653
208,0,2.398411536,1.514295519
209,0,1.815516093,1.441911497
210,0,1.427469977,1.600069751
211,0,1.129909281,1.716068245
212,0,1.406185334,1.839067460
213,0,1.842063497,1.305972300
214,0,1.575804578,0.860735046
215,0,-0.000000000,0.000000000
216,0,1.000000000,1.000000000
217,0,0.302292189,0.080000000
218,0,1.012773762,1.001377513
219,0,0.303367094,0.080344681
220,0,1.012827240,1.001384331
221,0,1.024583561,0.401441863
222,0,1.786201223,1.214248139
223,0,2.052534736,2.008580809
224,0,1.181954936,1.031733938
225,0,0.326524727,0.087842307
226,0,1.065701793,1.009159800
227,0,0.309410564,0.082288555
228,0,1.061791202,1.008491747
229,0,1.884997817,1.398847218
230,0,1.538972661,1.125681268
231,0,-0.000000000,0.000000000
232,0,1.000000000,1.000000000
233,0,1.021928095,0.400000000
234,0,1.228118215,1.041111111
235,0,-0.000000000,0.000000000
236,0,1.000000000,1.000000000
237,0,-0.000000000,0.000000000
238,0,1.000000000,1.000000000
239,0,1.870950594,1.400000000
240,0,1.532052555,1.123333333
241,0,-0.000000000,0.000000000
242,0,1.000000000,1.000000000
243,0,1.870950594,1.200000000
244,0,1.138751800,1.022289157
245,0,0.346471544,0.096336082
246,0,1.127096461,1.027847981
247,0,1.605965050,1.424960708
248,0,1.519127039,1.082902506
249,0,1.443910396,0.644098570
250,0,0.491557484,0.213100923
251,0,1.185777492,0.475888426
252,0,2.199769336,1.709832212
253,0,0.776716528,1.541482924
254,0,-0.000000000,0.000000000
255,0,1.000000000,1.000000000
256,0,0.302292189,0.080000000
257,0,1.012773762,1.001377513
258,0,0.303367094,0.080344681
259,0,1.012827240,1.001384331
260,0,0.303372157,0.080346297
261,0,1.000000000,1.000000000
262,0,-0.000000000,0.000000000
263,0,1.000000000,1.000000000
264,0,0.302292189,2.000000000
265,0,1.905928216,1.642857143
266,0,2.257345289,2.134126984
267,0,1.378922634,1.083211419
268,0,1.974563019,2.004241671
269,0,2.375542103,1.564987675
270,0,1.798528161,1.011837757
271,0,1.496994001,1.115637641
272,0,-0.000000000,0.000000000
273,0,1.000000000,1.000000000
274,0,0.302292189,0.080000000
275,0,1.257422929,1.047844828
276,0,1.111242665,0.450092421
277,0,1.253339090,1.047143279
278,0,-0.000000000,0.000000000
279,0,1.000000000,1.000000000
280,0,1.021928095,0.400000000
281,0,1.052690404,1.007034221
282,0,1.540702475,2.003495491
283,0,1.941969111,3.002217502
284,0,1.584228737,2.000000000
285,0,1.000000000,1.000000000
286,0,1.870950594,1.400000000
287,0,1.532052555,1.123333333
288,0,2.476451191,1.406713165
289,0,1.000000000,1.000000000
290,0,0.302292189,0.080000000
291,0,1.012773762,1.001377513
292,0,1.024571058,2.000000000
293,0,1.052875527,1.007064537
294,0,-0.000000000,0.000000000
295,0,1.000000000,1.000000000
296,0,1.021928095,0.400000000
297,0,1.052690404,1.007034221
298,0,0.307787926,0.081766365
299,0,1.061422809,1.008429735
300,0,1.042446999,0.409977764
301,0,1.004696417,1.001721850
302,0,1.027016212,2.001545661
303,0,1.395286063,1.123958580
304,0,1.214710869,0.698123954
305,0,1.220752819,1.457733678
306,0,1.479627599,0.736071883
307,0,1.419468090,0.601936411
308,0,0.817192128,0.283732417
309,0,0.359502061,0.105554168
310,0,1.016104179,0.979968063
311,0,1.025515243,0.401967208
312,0,1.229124842,1.038911795
313,0,0.334844375,0.090608679
314,0,1.067547784,1.009571172
315,0,0.309646217,0.082364383
316,0,1.013140830,1.001428287
317,0,1.024657030,1.799537919
318,0,1.786254055,1.214269819
319,0,2.052543799,1.376204315
320,0,1.663276148,1.170604145
321,0,1.312088234,1.749011293
322,0,1.075005615,1.010913793
323,0,1.558973282,2.005569786
324,0,1.226631788,1.040988814
325,0,1.668388239,1.064332866
326,0,0.999999998,1.000056928
327,0,-0.000000000,0.000000000
328,0,1.000000000,1.000000000
329,0,-0.000000000,0.000000000
330,0,1.000000000,1.000000000
331,0,1.021928095,0.400000000
332,0,1.312452296,1.074052288
333,0,-0.000000000,0.000000000
334,0,1.000000000,1.000000000
335,0,0.302292189,0.080000000
336,0,1.012773762,1.001377513
337,0,0.303367094,0.080344681
338,0,1.000000000,1.000000000
339,0,-0.000000000,0.000000000
340,0,1.000000000,1.000000000
341,0,1.870950594,1.200000000
342,0,1.138751800,1.022289157
343,0,1.605473788,2.010596940
344,0,1.000000000,1.000000000
345,0,-0.000000000,0.000000000
346,0,1.000000000,1.000000000
347,0,0.302292189,0.080000000
348,0,1.060184319,1.008222222
349,0,-0.000000000,0.000000000
350,0,1.000000000,1.000000000
351,0,0.302292189,0.080000000
352,0,1.012773762,1.001377513
353,0,0.303367094,0.080344681
354,0,1.012827240,1.001384331
355,0,-0.000000000,0.000000000
356,0,1.000000000,1.000000000
357,0,1.021928095,0.400000000
358,0,1.228118215,1.041111111
359,0,1.929031819,2.001984500
360,0,1.149032294,1.024482344
361,0,1.614583712,2.011879777
362,0,1.014260927,1.007154230
363,0,0.306309456,2.001153760
364,0,1.002911827,1.001162612
365,0,-0.000000000,0.000000000
366,0,1.000000000,1.000000000
367,0,1.021928095,0.400000000
368,0,1.312452296,1.078169935
369,0,1.115170412,0.620266767
370,0,0.409407140,0.145559281
371,0,1.481756355,1.068455112
372,0,0.950250325,1.467732117
373,0,0.925401641,1.733803312
374,0,0.473572293,0.195501516
375,0,0.567209980,0.178893953
376,0,1.029381393,0.451969622
377,0,0.994107032,0.909676920
378,0,1.021338798,0.400000000
379,0,0.999959878,1.007457869
380,0,1.021924083,0.400000000
381,0,1.052690031,1.007659491
382,0,1.035378521,0.407332871
383,0,1.053635331,1.007124442
384,0,0.307902432,0.081803056
385,0,1.013053286,1.001414521
386,0,1.510028548,1.002461408
387,0,1.221129875,1.039564969
388,0,1.096097045,0.441355127
389,0,1.836231359,1.235698873
390,0,0.497511654,0.148594177
391,0,1.105349869,1.016306594
392,0,0.316569617,0.084527176
393,0,1.088986184,1.015804827
394,0,1.079618539,0.425389239
395,0,1.028741010,1.015620510
396,0,1.612209494,2.064444380
397,0,1.243565880,1.051129737
398,0,1.097590513,1.787232689
399,0,1.249498443,1.045730218
400,0,0.338490427,0.091811469
401,0,1.068390416,1.009635295
402,0,-0.000000000,0.000000000
403,0,1.000000000,1.000000000
404,0,-0.000000000,0.000000000
405,0,1.000000000,1.000000000
406,0,0.302292189,0.080000000
407,0,1.012773762,1.001377513
408,0,1.025497140,0.401630653
409,0,1.229875693,1.041536851
410,0,0.380617707,0.111001590
411,0,1.089406098,1.024963492
412,0,0.102887315,0.053632471
413,0,1.068237556,1.028646108
414,0,-0.000000000,0.000000000
415,0,1.000000000,1.000000000
416,0,1.021928095,0.400000000
417,0,1.052690404,1.007034221
418,0,1.035378563,2.000000000
419,0,1.000000000,1.000000000
420,0,1.021928095,0.400000000
421,0,1.228118215,1.041111111
422,0,0.334665510,0.090549664
423,0,1.014397000,1.001586340
424,0,0.303522188,0.080394186
425,0,1.060461817,1.008268685
426,0,1.037723422,0.408618207
427,0,1.000000000,1.000000000
428,0,-0.000000000,0.000000000
429,0,1.000000000,1.000000000
430,0,0.302292189,0.080000000
431,0,1.000000000,1.000000000
432,0,1.021928095,0.400000000
433,0,1.000000000,1.000000000
434,0,0.302292189,0.080000000
435,0,1.000000000,1.000000000
436,0,0.302292189,0.080000000
437,0,1.012773762,1.001377513
438,0,0.303367094,0.080344681
439,0,1.060426407,1.008262715
440,0,-0.000000000,0.000000000
441,0,1.000000000,1.000000000
442,0,0.302292189,0.080000000
443,0,1.000000000,1.000000000
444,0,-0.000000000,0.000000000
445,0,1.000000000,1.000000000
446,0,1.021928095,0.400000000
447,0,1.052690404,1.007034221
448,0,1.540702475,2.003495491
449,0,1.777004393,1.210740680
450,0,-0.000000000,0.000000000
451,0,1.000000000,1.000000000
452,0,1.870950594,1.400000000
453,0,1.000000000,1.000000000
454,0,1.021928095,0.400000000
455,0,1.000000000,1.000000000
456,0,0.302292189,0.080000000
457,0,1.000000000,1.000000000
458,0,-0.000000000,0.000000000
459,0,1.000000000,1.000000000
460,0,1.870950594,1.200000000
461,0,1.138751800,1.022289157
462,0,0.319766260,0.085651291
463,0,1.000000000,1.000000000
464,0,1.870950594,2.000000000
465,0,2.305215896,1.504545455
466,0,0.771659036,0.264445232
467,0,1.000000000,1.000000000
468,0,1.500000000,2.000000000
469,0,1.764492375,3.000000000
470,0,2.227829068,2.460227273
471,0,1.997018986,3.000000000
472,0,1.786079695,2.032449792
473,0,1.276350426,1.055766638
474,0,0.342889090,0.093183034
475,0,1.014858853,1.001649853
476,0,0.303807188,0.080458398
477,0,1.060759913,1.008333160
478,0,1.896195359,1.217141209
479,0,1.327813215,1.183769602
480,0,0.699244817,2.307295961
481,0,1.417743760,1.366254706
482,0,0.821400136,0.529715340
483,0,1.503571359,1.446628489
484,0,2.129386844,1.395945303
485,0,2.637013039,1.789367194
486,0,1.076485324,0.488975486
487,0,1.390370094,1.279462674
488,0,0.750013246,0.437480838
489,0,1.243044757,1.086619200
490,0,2.033129849,1.451978331
491,0,1.772779641,1.252479795
492,0,0.506216768,0.161047931
493,0,0.999994047,0.997127193
494,0,-0.000000000,0.000000000
495,0,1.000000000,1.000000000
496,0,0.302292189,0.080000000
497,0,1.012773762,1.001377513
498,0,1.509801233,2.000696195
499,0,1.221108985,1.039560442
500,0,-0.000000000,0.000000000
501,0,1.000000000,1.000000000
502,0,-0.000000000,0.000000000
503,0,1.000000000,1.000000000
504,0,1.870950594,1.400000000
505,0,1.138751800,1.022289157
506,0,-0.000000000,0.000000000
507,0,1.000000000,1.000000000
508,0,0.302292189,0.080000000
509,0,1.257422929,1.047844828
510,0,-0.000000000,0.000000000
511,0,1.000000000,1.000000000
512,0,0.302292189,0.080000000
513,0,1.012773762,1.001377513
514,0,1.024571058,1.799550526
515,0,1.052875527,1.007064537
516,0,-0.000000000,0.000000000
517,0,1.000000000,1.000000000
518,0,-0.000000000,0.000000000
519,0,1.000000000,1.000000000
520,0,1.870950594,1.200000000
521,0,1.138751800,1.022289157
522,0,1.064163411,0.423273040
523,0,1.055681397,1.007526645
524,0,0.308151796,0.081882976
525,0,1.061506164,1.008443852
526,0,0.308882715,0.082119172
527,0,1.000000000,1.000000000
528,0,1.870950594,1.200000000
529,0,1.138751800,1.022289157
530,0,0.319766260,0.085651291
531,0,1.064128623,1.008886137
532,0,-0.000000000,0.000000000
533,0,1.000000000,1.000000000
534,0,1.870950594,1.200000000
535,0,1.411439881,1.145792768
536,0,1.405121548,0.676951883
537,0,1.322482657,1.037976939
538,0,1.180812919,0.674146580
539,0,1.466375684,1.075975442
540,0,1.265317312,1.461830717
541,0,1.684941484,2.410971545
542,0,1.923211421,2.132838015
543,0,1.948243367,2.306605597
544,0,1.302884939,2.973335025
545,0,-0.000000000,0.000000000
546,0,1.000000000,1.000000000
547,0,1.021928095,1.800000000
548,0,1.228118215,1.041111111
549,0,1.098973413,0.443011606
550,0,1.058200532,1.007945613
551,0,1.894920635,1.401884859
552,0,1.153142321,1.027909179
553,0,1.948677955,1.249553524
554,0,1.817623736,1.396284190
555,0,1.787909391,1.049756128
556,0,1.039614310,0.401054616
557,0,0.705748079,0.266206379
558,0,1.676131441,1.202046469
559,0,1.096382234,0.483245583
560,0,1.328795507,1.775382314
561,0,1.375846991,0.716466121
562,0,1.517446179,0.725212395
563,0,0.895460305,0.332733448
564,0,1.718082093,1.451894146
565,0,1.294986766,1.550356653
566,0,1.365649339,0.608838869
567,0,1.491943331,0.742309728
568,0,1.440979086,0.796569990
569,0,1.572391429,0.755350904
570,0,0.493404561,0.209648029
571,0,0.327298758,0.117966726
572,0,0.483795801,1.962778401
573,0,1.252898061,0.997175314
574,0,0.857035339,0.521952355
575,0,0.849416625,0.347064164
576,0,0.698539241,0.239341306
577,0,0.574369357,0.177213133
578,0,1.780448233,1.131467836
579,0,1.875624148,0.932161499
580,0,2.081211248,1.473112008
581,0,1.859370772,1.735740209
582,0,1.916867442,0.909649669
583,0,1.873147391,1.757468133
584,0,1.830050826,1.640545303
585,0,0.815600798,1.656634888
586,0,0.775759300,0.298477539
587,0,1.869066743,1.255662323
588,0,2.377253989,2.345707970
589,0,1.833059554,1.413617296
590,0,0.940843148,0.715603059
591,0,-0.000000000,0.000000000
592,0,1.000000000,1.000000000
593,0,1.021928095,2.000000000
594,0,1.052690404,1.007034221
595,0,-0.000000000,0.000000000
596,0,1.000000000,1.000000000
597,0,1.021928095,0.400000000
598,0,1.000000000,1.000000000
599,0,1.021928095,0.400000000
600,0,1.000000000,1.000000000
601,0,1.021928095,2.000000000
602,0,1.052690404,1.007034221
603,0,1.035378563,0.407332871
604,0,1.231864424,1.041994141
605,0,1.100504734,0.443881362
606,0,1.058314079,1.007964773
607,0,1.041340916,0.409396378
608,0,0.999999948,0.999730831
609,0,0.302292188,0.080000000
610,0,1.038586335,1.010868596
611,0,0.884120499,0.556586833
612,0,1.181482425,1.068975293
613,0,1.573278277,1.232649355
614,0,1.831619717,1.608610710
615,0,1.833342043,0.877561159
616,0,0.392482520,0.153066086
617,0,0.254619321,0.084903731
618,0,1.056942733,0.430529221
619,0,1.326266922,0.687788976
620,0,-0.000000000,0.000000000
621,0,1.000000000,1.000000000
622,0,-0.000000000,0.000000000
623,0,1.000000000,1.000000000
624,0,-0.000000000,0.000000000
625,0,1.000000000,1.000000000
626,0,-0.000000000,0.000000000
627,0,1.000000000,1.000000000
628,0,0.302292189,0.080000000
629,0,1.060184319,1.008222222
630,0,0.308717777,0.082066230
631,0,1.000000000,1.000000000
632,0,1.021928095,0.400000000
633,0,1.228118215,1.041111111
634,0,-0.000000000,0.000000000
635,0,1.000000000,1.000000000
636,0,1.870950594,2.000000000
637,0,1.905928216,1.642857143
638,0,1.584007906,1.298892989
639,0,1.817342747,1.233784338
640,0,0.487042342,0.144433069
641,0,1.000000000,1.000000000
642,0,1.500000000,1.000000000
643,0,1.000000000,1.000000000
644,0,-0.000000000,0.000000000
645,0,1.000000000,1.000000000
646,0,1.021928095,0.400000000
647,0,1.000000000,1.000000000
648,0,1.870950594,1.200000000
649,0,1.532052555,1.123333333
650,0,1.242499492,0.530171120
651,0,1.934831694,1.281217995
652,0,0.536404944,0.163593476
653,0,1.025136059,1.003054635
654,0,-0.000000000,0.000000000
655,0,1.000000000,1.000000000
656,0,1.021928095,0.400000000
657,0,1.000000000,1.000000000
658,0,0.302292189,0.080000000
659,0,1.012773762,1.001377513
660,0,-0.000000000,0.000000000
661,0,1.000000000,1.000000000
662,0,0.302292189,0.080000000
663,0,1.000000000,1.000000000
664,0,1.870950594,1.400000000
665,0,1.138751800,1.022289157
666,0,1.871413657,2.040497663
667,0,0.999988300,0.995972722
668,0,0.302291955,0.080000000
669,0,1.257422725,1.047735466
670,0,1.129697900,0.456843783
671,0,1.274954407,1.056145542
672,0,0.023013142,0.012119974
673,0,1.037254032,1.019176776
674,0,0.328224796,0.094295480
675,0,1.068269052,1.012185129
676,0,0.311554006,0.083123419
677,0,1.002530429,1.000912172
678,0,0.003085154,0.000957410
679,0,1.000275951,1.000119067
680,0,0.302417375,0.080037097
681,0,1.060204068,1.008228001
682,0,0.000022031,0.000006126
683,0,1.000014968,1.000002535
684,0,1.500000000,2.000000000
685,0,1.582718941,1.323002421
686,0,2.301963117,1.767254916
687,0,1.755426259,1.358002846
688,0,1.829157040,1.077123288
689,0,2.104149679,1.623201989
690,0,1.700587203,2.857053465
691,0,1.557600564,1.403442875
692,0,1.912947123,1.936487356
693,0,1.000000000,1.000000000
694,0,1.123318007,2.000000000
695,0,1.301621368,2.063468635
696,0,1.255745535,2.161753693
697,0,1.818407635,2.470153430
698,0,1.055638349,2.389173671
699,0,1.040440255,2.512290499
700,0,1.817158606,3.977152870
701,0,1.437243262,2.163354982
702,0,2.547968918,2.218248914
703,0,2.249613205,2.549714595
704,0,2.301237721,2.258047178
705,0,3.096997354,2.618356640
706,0,2.721311231,2.808032480
707,0,1.963807560,2.899012797
708,0,1.605501014,1.456206524
709,0,1.368314998,1.301022706
710,0,1.625755919,1.420227258
711,0,0.826909957,0.401784969
712,0,1.456762970,1.176475025
713,0,1.997922725,2.040298234
714,0,1.484839253,1.204130937
715,0,0.745280487,0.398326390
716,0,1.249522700,1.134336639
717,0,0.546798620,0.470300883
718,0,1.097115588,1.031730083
719,0,0.375088353,0.115523164
720,0,1.095650596,1.029643269
721,0,0.375596331,0.114471970
722,0,1.101845644,1.021987274
723,0,0.361784939,0.105769347
724,0,1.102602720,1.021740412
725,0,0.361561150,0.105627553
726,0,1.087637869,1.025076870
727,0,0.373788081,0.113485666
728,0,1.096778266,1.029057999
729,0,0.378360952,0.116163509
730,0,1.256494296,1.201104199
731,0,0.354814382,0.284568252
732,0,1.057732618,1.018179119
733,0,1.053382319,0.413766272
734,0,1.164202993,1.066570853
735,0,1.172964715,2.088992323
736,0,1.375606405,1.108042732
737,0,0.203434409,0.122870252
738,0,1.088065750,1.044800133
739,0,1.081724284,0.427852952
740,0,1.344892415,1.088876343
741,0,0.498895565,0.186362462
742,0,1.123266526,1.031822455
743,0,0.405961964,0.132054706
744,0,1.127553855,1.067378650
745,0,0.160862686,0.097175127
746,0,1.034906885,1.015676353
747,0,0.329598609,0.091537349
748,0,1.265482601,1.048470672
749,0,1.147083452,0.462606722
750,0,1.379219939,1.094558460
751,0,2.062912832,2.047160144
752,0,1.914345086,2.944636405
753,0,2.186386977,2.401531404
754,0,2.094317289,2.456682850
755,0,1.918046527,1.581392149
756,0,2.042251328,1.439780782
757,0,2.116953371,1.129198291
758,0,0.884222450,0.495529700
759,0,1.913664153,1.144589231
760,0,2.445481466,1.466282356
761,0,2.460707976,1.988968167
762,0,2.032640897,2.724765511
763,0,1.554383251,3.132561759
764,0,1.760054583,1.810138183
765,0,0.000000000,0.000000000
766,0,1.000000000,1.000000000
767,0,1.021928095,1.800000000
768,0,1.000000000,1.000000000
769,0,1.500000000,2.000000000
770,0,1.000000000,1.000000000
771,0,1.500000000,2.000000000
772,0,1.220308818,1.039361702
773,0,0.336929535,0.091277827
774,0,1.071269427,1.010469946
775,0,1.906709981,1.404752740
776,0,1.020654460,1.010285210
777,0,1.044767660,2.008757771
778,0,1.747272443,1.178379579
779,0,1.157077743,0.744374338
780,0,1.218338377,1.008467133
781,0,0.361389084,0.102102057
782,0,1.093266974,1.009960271
783,0,0.023687888,0.009234415
784,0,1.005710851,1.001373556
785,0,1.875382903,2.001184469
786,0,2.311530439,1.506867975
787,0,0.445297475,0.366287453
788,0,1.434191281,1.420196725
789,0,1.909776668,1.925373653
790,0,1.833711829,1.423362591
791,0,1.721322827,1.243205829
792,0,2.252492928,2.085127606
793,0,2.000020151,1.719810901
794,0,1.975617094,1.370409209
795,0,1.882511302,1.662495430
796,0,1.997928582,2.481742950
797,0,1.911389716,3.337517975
798,0,1.432766237,4.314888252
799,0,1.765108694,1.530644405
800,0,1.599932618,0.867823955
801,0,0.948592889,0.349927996
802,0,0.708953455,0.227161048
803,0,0.564905441,0.170307750
804,0,1.142115804,0.491808030
805,0,1.305547230,0.718992440
806,0,1.331338694,1.284885211
807,0,-0.000000000,0.000000000
808,0,1.000000000,1.000000000
809,0,1.021928095,0.400000000
810,0,1.228118215,1.041111111
811,0,-0.000000000,0.000000000
812,0,1.000000000,1.000000000
813,0,0.302292189,0.080000000
814,0,1.000000000,1.000000000
815,0,-0.000000000,0.000000000
816,0,1.000000000,1.000000000
817,0,0.302292189,0.080000000
818,0,1.012773762,1.001377513
819,0,1.024571058,0.401435139
820,0,1.052875527,1.007064537
821,0,1.882776001,1.211975359
822,0,1.000000000,1.000000000
823,0,0.302292189,0.080000000
824,0,1.012773762,1.001377513
825,0,0.303367094,0.080344681
826,0,1.012827240,1.001384331
827,0,1.024583561,0.401441863
828,0,1.052876414,1.007064684
829,0,0.307810433,0.081773577
830,0,1.061427965,1.008430608
831,0,1.038017883,1.797258922
832,0,1.000000000,1.000000000
833,0,1.021928095,0.400000000
834,0,1.052690404,1.007034221
835,0,1.882728310,2.000353882
836,0,1.000000000,1.000000000
837,0,-0.000000000,0.000000000
838,0,1.000000000,1.000000000
839,0,-0.000000000,0.000000000
840,0,1.000000000,1.000000000
841,0,-0.000000000,0.000000000
842,0,1.000000000,1.000000000
843,0,1.021928095,0.400000000
844,0,1.000000000,1.000000000
845,0,-0.000000000,0.000000000
846,0,1.000000000,1.000000000
847,0,-0.000000000,0.000000000
848,0,1.000000000,1.000000000
849,0,1.500000000,1.000000000
850,0,1.764492375,1.205555556
851,0,1.373220565,1.731448763
852,0,2.018882497,1.928372677
853,0,2.054043240,1.998766122
854,0,2.000334725,1.955938692
855,0,2.776123612,2.034446947
856,0,2.441437769,2.038033027
857,0,1.869797149,1.501971943
858,0,1.942476754,1.978086946
859,0,2.056096802,2.103562800
860,0,2.239481870,1.912111546
861,0,1.827049851,2.009413096
862,0,2.581545824,1.908503049
863,0,1.156432166,1.997216683
864,0,0.999999030,0.998840254
865,0,1.870950303,1.200000000
866,0,1.532052451,1.123646465
867,0,2.005036785,1.384884467
868,0,0.999999980,1.000166997
869,0,0.302292189,0.080000000
870,0,1.000000000,0.999997311
871,0,0.302292189,0.080000000
872,0,1.257422929,1.047844755
873,0,1.111242665,1.784311460
874,0,1.000000000,0.999999964
875,0,0.302292189,0.080000000
876,0,1.000000000,1.000000001
877,0,0.302292189,0.080000000
878,0,1.012773762,1.001377513
879,0,0.303367094,0.080344681
880,0,1.000000000,1.000000000
881,0,1.500000000,2.000000000
882,0,1.000000000,1.000000000
883,0,1.870950594,2.000000000
884,0,1.532052555,1.123333333
885,0,1.242499492,0.530171120
886,0,1.000000000,1.000000000
887,0,1.021928095,2.000000000
888,0,1.228118215,1.041111111
889,0,-0.000000000,0.000000000
890,0,1.000000000,1.000000000
891,0,1.021928095,0.400000000
892,0,1.000000000,1.000000000
893,0,1.870950594,1.400000000
894,0,1.138751800,1.022289157
895,0,0.319766260,0.085651291
896,0,1.013646706,1.001489339
897,0,0.303450145,0.080371189
898,0,1.060445368,1.008265912
899,0,0.308750290,0.082076665
900,0,1.013095519,1.001418601
901,0,0.303397607,0.080354420
902,0,1.060433373,1.008263890
903,0,0.308748798,0.082076186
904,0,1.013095444,1.001418591
905,0,-0.000000000,0.000000000
906,0,1.000000000,1.000000000
907,0,1.870950594,2.000000000
908,0,1.138751800,1.022289157
909,0,1.605473788,2.010596940
910,0,1.232819581,1.042471075
911,0,-0.000000000,0.000000000
912,0,1.000000000,1.000000000
913,0,1.870950594,1.400000000
914,0,1.905928216,1.642857143
915,0,1.776700037,2.025299401
916,0,2.558693939,1.815738983
917,0,1.952831359,1.269430072
918,0,1.596524074,1.148772556
919,0,0.417121784,0.118781703
920,0,1.357420964,1.073917752
921,0,0.359682171,0.098899934
922,0,1.015685503,1.001751562
923,0,1.554163344,2.005369804
924,0,2.486601730,1.815117345
925,0,2.040899901,1.350803014
926,0,1.234490939,1.044436100
927,0,1.101126469,0.443821505
928,0,1.840504062,1.237802392
929,0,-0.000000000,0.000000000
930,0,1.000000000,1.000000000
931,0,0.302292189,0.080000000
932,0,1.012773762,1.001377513
933,0,0.303367094,0.080344681
934,0,1.000000000,1.000000000
935,0,1.021928095,0.400000000
936,0,1.052690404,1.007034221
937,0,-0.000000000,0.000000000
938,0,1.000000000,1.000000000
939,0,0.302292189,0.080000000
940,0,1.000000000,1.000000000
941,0,-0.000000000,0.000000000
942,0,1.000000000,1.000000000
943,0,1.021928095,0.400000000
944,0,1.228118215,1.041111111
945,0,-0.000000000,0.000000000
946,0,1.000000000,1.000000000
947,0,1.870950594,1.400000000
948,0,2.305215896,1.504545455
949,0,-0.000000000,0.000000000
950,0,1.000000000,1.000000000
951,0,1.870950594,1.200000000
952,0,1.138751800,1.022289157
953,0,0.319766260,0.085651291
954,0,1.013646706,1.001489339
955,0,1.024776119,0.401545426
956,0,1.228910656,1.041297624
957,0,1.099296758,0.443195143
958,0,1.000000000,1.000000000
959,0,1.021928095,0.400000000
960,0,1.000000000,1.000000000
961,0,0.302292189,0.080000000
962,0,1.060184319,1.008222222
963,0,1.895478206,1.216849881
964,0,1.012474324,1.005309290
965,0,1.021928041,0.400000000
966,0,0.999999996,0.999928547
967,0,1.870950593,1.999957128
968,0,1.532052555,1.123314041
969,0,0.401554049,0.113415966
970,0,1.000000000,0.999999233
971,0,0.302292189,0.080000000
972,0,1.012773762,1.001377500
973,0,-0.000000000,0.000000000
974,0,1.000000000,1.000000000
975,0,-0.000000000,0.000000000
976,0,1.000000000,1.000000000
977,0,1.009051350,1.491208791
978,0,1.230007190,1.923481894
979,0,1.563209499,1.599463247
980,0,0.225298213,0.072699598
981,0,1.072191721,1.000000000
982,0,1.602240242,1.644380322
983,0,0.877361212,0.496992887
984,0,0.982903197,0.400000000
985,0,0.997588411,1.057804056
986,0,0.302243957,0.080000000
987,0,0.999999375,0.999069344
988,0,1.021928032,0.400000000
989,0,1.179608161,1.046568656
990,0,0.164048357,0.096526282
991,0,1.162164360,1.111005224
992,0,0.349349223,0.102876987
993,0,1.332567502,1.084446929
994,0,0.341700574,0.092863525
995,0,1.014764054,1.001411701
996,0,-0.000000000,0.000000000
997,0,1.000000000,1.000000000
998,0,0.302292189,0.080000000
999,0,1.000000000,1.000000000
1000,0,1.021928095,0.400000000
1001,0,1.052690404,1.007034221
1002,0,1.882728310,1.211927297
1003,0,1.000567533,1.000187347
1004,0,1.021928095,0.400000000
1005,0,1.784319623,1.213461538
1006,0,-0.000000000,0.000000000
1007,0,1.000000000,1.000000000
1008,0,-0.000000000,0.000000000
1009,0,1.000000000,1.000000000
1010,0,1.500000000,1.000000000
1011,0,2.473808192,1.693750000
1012,0,1.908049904,1.179856115
1013,0,1.557116711,1.135021982
1014,0,2.014897630,1.390861713
1015,0,1.625838397,1.156500955
1016,0,2.027728896,1.418400785
1017,0,1.171886510,1.029998340
1018,0,1.632483629,2.014673724
1019,0,0.999999972,1.000198618
1020,0,1.870950586,1.200000000
1021,0,1.138751798,1.022341922
1022,0,-0.000000000,0.000000000
1023,0,1.000000000,1.000000000
1024,0,1.500000000,2.000000000
1025,0,2.473808192,3.000000000
1026,0,1.908049904,2.000000000
1027,0,1.953983122,3.000000000
1028,0,2.258792090,4.000000000
1029,0,2.368248789,3.200396348
1030,0,3.167111083,3.177737264
1031,0,2.960510698,2.809054450
1032,0,2.047210595,2.694710096
1033,0,2.153656534,2.091764845
1034,0,0.729719084,0.400449896
1035,0,1.358247313,1.257902084
1036,0,1.079567668,0.430432992
1037,0,1.057110468,1.019254777
1038,0,-0.000000000,0.000000000
1039,0,1.000000000,1.000000000
1040,0,-0.000000000,0.000000000
1041,0,1.000000000,1.000000000
1042,0,1.870950594,2.000000000
1043,0,1.411439881,1.185535466
1044,0,0.696515394,0.379529691
1045,0,1.266403446,1.298096224
1046,0,0.408152667,0.141636725
1047,0,1.089233898,1.032912539
1048,0,1.108355607,2.010462864
1049,0,1.308229959,2.006819583
1050,0,1.100561949,1.786575295
1051,0,1.915049794,1.657806620
1052,0,2.905799644,2.559663956
1053,0,2.540834513,2.996471745
1054,0,2.234955940,2.140947522
1055,0,2.145802137,3.008121252
1056,0,2.882287883,2.426560179
1057,0,2.484127698,1.727037028
1058,0,-0.000000000,0.000000000
1059,0,1.000000000,1.000000000
1060,0,0.302292189,0.080000000
1061,0,1.000000000,1.000000000
1062,0,1.021928095,0.400000000
1063,0,1.228118215,1.041111111
1064,0,0.334665510,0.090549664
1065,0,1.000000000,1.000000000
1066,0,1.021928095,2.000000000
1067,0,1.228118215,1.041111111
1068,0,-0.000000000,0.000000000
1069,0,1.000000000,1.000000000
1070,0,-0.000000000,0.000000000
1071,0,1.000000000,1.000000000
1072,0,1.021928095,0.400000000
1073,0,1.179520228,1.059315251
1074,0,1.998887259,1.432628259
1075,0,1.760568303,2.098596284
1076,0,2.226864739,1.579543139
1077,0,1.697848072,1.374318037
1078,0,0.804719764,0.807143093
1079,0,1.249615099,1.130371087
1080,0,0.279703251,0.196694264
1081,0,1.115208578,1.040403913
1082,0,0.329027629,0.092031744
1083,0,1.083744848,1.019465082
1084,0,1.943552071,1.242349710
1085,0,1.720081731,1.230752710
1086,0,0.493386298,0.153897982
1087,0,1.145216505,1.026906009
1088,0,0.089834203,0.044751425
1089,0,1.037428367,1.009016144
1090,0,0.042941493,0.019828274
1091,0,1.016420894,1.005610419
1092,0,1.882048727,1.203721412
1093,0,1.320349776,1.132166421
1094,0,0.412138808,0.125527090
1095,0,1.134945037,1.052237376
1096,0,1.108432897,0.446425921
1097,0,1.108311719,1.042548926
1098,0,1.554175230,1.999948267
1099,0,1.228117467,1.037935868
1100,0,0.049124329,0.021746848
1101,0,1.038191646,1.013265115
1102,0,0.354066869,0.106192279
1103,0,1.107032516,1.024177296
1104,0,1.845237126,2.055500595
1105,0,1.933051286,1.283129452
1106,0,1.417739546,0.650402593
1107,0,1.084271240,1.015506722
1108,0,-0.000000000,0.000000000
1109,0,1.000000000,1.000000000
1110,0,0.302292189,0.080000000
1111,0,1.060184319,1.008222222
1112,0,-0.000000000,0.000000000
1113,0,1.000000000,1.000000000
1114,0,0.302292189,0.080000000
1115,0,1.000000000,1.000000000
1116,0,1.021928095,0.400000000
1117,0,1.228118215,1.041111111
1118,0,1.707860069,2.033202873
1119,0,2.040729814,2.824912539
1120,0,1.031601280,3.475353372
1121,0,1.338900434,2.927407253
1122,0,2.116726713,2.017989794
1123,0,2.243427370,1.531108896
1124,0,0.707150025,0.299774755
1125,0,1.177296826,1.051075624
1126,0,1.177112025,0.487200703
1127,0,1.245182961,1.090884083
1128,0,0.529265824,0.218050215
1129,0,1.171873455,1.047922338
1130,0,1.241103760,1.051926237
1131,0,1.009093892,0.545808128
1132,0,1.505618406,1.469833437
1133,0,1.938237668,1.637648007
1134,0,0.680124382,0.650490853
1135,0,1.230283662,1.110643845
1136,0,0.561445066,0.249020586
1137,0,1.554317581,1.802293954
1138,0,-0.000000000,0.000000000
1139,0,1.000000000,1.000000000
1140,0,0.302292189,0.080000000
1141,0,1.038594890,1.008038670
1142,0,0.043331460,0.018914517
1143,0,1.034342720,1.011673152
1144,0,0.348752300,0.103062826
1145,0,1.094774288,1.017619988
1146,0,0.360345380,0.105067078
1147,0,1.069143238,1.019432925
1148,0,1.067848716,0.420685846
1149,0,1.028139267,1.017813274
1150,0,0.341597264,0.099051997
1151,0,1.095876671,1.019777449
1152,0,-0.000000000,0.000000000
1153,0,1.000000000,1.000000000
1154,0,-0.000000000,0.000000000
1155,0,1.000000000,1.000000000
1156,0,1.870950594,1.200000000
1157,0,1.000000000,1.000000000
1158,0,-0.000000000,0.000000000
1159,0,1.000000000,1.000000000
1160,0,1.870950594,1.200000000
1161,0,1.000000000,1.000000000
1162,0,1.021928095,0.400000000
1163,0,1.052690404,1.007034221
1164,0,-0.000000000,0.000000000
1165,0,1.000000000,1.000000000
1166,0,-0.000000000,0.000000000
1167,0,1.000000000,1.000000000
1168,0,0.302292189,0.080000000
1169,0,1.060184319,1.008222222
1170,0,0.308717777,0.082066230
1171,0,1.013093875,1.001418389
1172,0,0.303397451,0.080354370
1173,0,1.060433338,1.008263884
1174,0,-0.000000000,0.000000000
1175,0,1.000000000,1.000000000
1176,0,1.870950594,1.400000000
1177,0,2.305215896,1.863636364
1178,0,0.771659036,2.000000000
1179,0,1.000000000,1.000000000
1180,0,-0.000000000,0.000000000
1181,0,1.000000000,1.000000000
1182,0,-0.000000000,0.000000000
1183,0,1.000000000,1.000000000
1184,0,0.302292189,0.080000000
1185,0,1.000000000,1.000000000
1186,0,1.021928095,0.400000000
1187,0,1.228118215,1.041111111
1188,0,1.098973413,0.443011606
1189,0,1.249825024,1.046290602
1190,0,0.338552698,0.091832391
1191,0,1.068404126,1.009616908
1192,0,1.886728689,2.000487088
1193,0,1.540147301,1.126050292
1194,0,1.246426063,0.532646399
1195,0,1.293252226,1.057090495
1196,0,-0.000000000,0.000000000
1197,0,1.000000000,1.000000000
1198,0,0.302292189,2.000000000
1199,0,1.257422929,3.000000000
1200,0,1.688198603,2.021209839
1201,0,1.246580819,1.046071126
1202,0,-0.000000000,0.000000000
1203,0,1.000000000,1.000000000
1204,0,0.302292189,0.080000000
1205,0,1.000000000,1.000000000
1206,0,1.021928095,0.400000000
1207,0,1.228118215,1.041111111
1208,0,1.115356030,1.791403423
1209,0,1.077026244,1.015245907
1210,0,1.068697278,0.420936687
1211,0,1.076894927,1.018273619
1212,0,1.070480849,0.421999274
1213,0,1.023366862,1.012167309
1214,0,1.929483255,1.420067493
1215,0,2.374123665,1.894269030
1216,0,2.517726965,2.934899834
1217,0,2.782452610,3.564780162
1218,0,1.564963144,2.130129495
1219,0,0.997116402,1.063204841
1220,0,-0.000000000,0.000000000
1221,0,1.000000000,1.000000000
1222,0,1.021928095,1.800000000
1223,0,1.052690404,1.007034221
1224,0,1.035378563,2.000000000
1225,0,1.053635335,1.007189192
1226,0,1.035658901,0.407484620
1227,0,1.231943807,1.042013069
1228,0,1.930116708,2.002029418
1229,0,1.149176322,1.024506061
1230,0,1.067829845,2.000023436
1231,0,1.000000000,1.000009697
1232,0,-0.000000000,0.000000000
1233,0,1.000000000,1.000000000
1234,0,0.302292189,0.080000000
1235,0,1.048419662,1.011672062
1236,0,1.051765965,0.412687816
1237,0,1.191420327,1.065859448
1238,0,2.006235267,1.435065187
1239,0,1.763972741,1.269535699
1240,0,2.378047440,2.010579520
1241,0,2.277086720,1.396103847
1242,0,1.639597398,0.842207284
1243,0,0.998694485,0.957464336
1244,0,1.021797543,0.400000000
1245,0,1.052678262,1.003468018
1246,0,-0.000000000,0.000000000
1247,0,1.000000000,1.000000000
1248,0,-0.000000000,0.000000000
1249,0,1.000000000,1.000000000
1250,0,-0.000000000,0.000000000
1251,0,1.000000000,1.000000000
1252,0,0.897880003,0.384158416
1253,0,1.471225776,0.860454021
1254,0,0.735910827,0.327114783
1255,0,1.732869345,1.492110780
1256,0,1.073109695,0.672562031
1257,0,1.876522364,1.400876883
1258,0,1.543332286,1.939694511
1259,0,0.406845897,1.947923658
1260,0,1.018123791,1.007032357
1261,0,1.025864179,0.402132133
1262,0,0.999999817,0.999495911
1263,0,0.302292185,0.080000000
1264,0,1.000000000,0.999991884
1265,0,-0.000000000,0.000000000
1266,0,1.000000000,1.000000000
1267,0,1.500000000,1.000000000
1268,0,1.764492375,1.205555556
1269,0,1.953118795,1.221080670
1270,0,1.301637958,1.061115131
1271,0,0.353861570,0.097120472
1272,0,1.079355922,1.012910654
1273,0,0.313345361,0.083578508
1274,0,1.043170412,1.009200989
1275,0,1.064829908,0.417882069
1276,0,1.323534682,1.076876631
1277,0,1.346448058,1.532370547
1278,0,1.781267319,1.136745945
1279,0,0.399864096,0.158688334
1280,0,0.290289471,0.080000000
1281,0,0.999867647,0.986454732
1282,0,0.302289542,0.080000000
1283,0,1.012773663,1.001155121
1284,0,1.877777768,1.203060316
1285,0,1.000866330,1.000538573
1286,0,0.302513618,0.080058921
1287,0,1.257785936,1.047923149
1288,0,1.165538241,0.471750979
1289,0,1.211821917,1.069862488
1290,0,0.535290001,0.225381535
1291,0,1.181498445,1.087287996
1292,0,-0.000000000,0.000000000
1293,0,1.000000000,1.000000000
1294,0,0.302292189,0.080000000
1295,0,1.012773762,1.001377513
1296,0,1.873460820,1.399805497
1297,0,1.000000000,1.000000000
1298,0,0.302292189,0.080000000
1299,0,1.060184319,1.008222222
1300,0,1.037639028,0.408572389
1301,0,1.000000000,1.000000000
1302,0,1.500000000,2.000000000
1303,0,1.764492375,1.205555556
1304,0,-0.000000000,0.000000000
1305,0,1.000000000,1.000000000
1306,0,0.302292189,0.080000000
1307,0,1.060184319,1.008222222
1308,0,0.309673025,0.082309867
1309,0,1.086989127,1.015311008
1310,0,-0.000000000,0.000000000
1311,0,1.000000000,1.000000000
1312,0,1.870950594,2.000000000
1313,0,1.000000000,1.000000000
1314,0,1.870950594,1.400000000
1315,0,1.000000000,1.000000000
1316,0,-0.000000000,0.000000000
1317,0,1.000000000,1.000000000
1318,0,1.021928095,0.400000000
1319,0,1.052690404,1.007034221
1320,0,1.892317675,2.003261256
1321,0,1.943325403,1.651000788
1322,0,2.724681977,1.953593032
1323,0,1.731976449,1.503226794
1324,0,1.263840439,1.157333763
1325,0,1.871739905,1.723434174
1326,0,1.374687456,1.448065949
1327,0,1.483575103,1.230997988
1328,0,-0.000000000,0.000000000
1329,0,1.000000000,1.000000000
1330,0,1.870950594,1.400000000
1331,0,2.305215896,1.504545455
1332,0,2.129487735,1.348321343
1333,0,1.338909286,1.071343484
1334,0,-0.000000000,0.000000000
1335,0,1.000000000,1.000000000
1336,0,1.870950594,1.200000000
1337,0,1.138751800,1.022289157
1338,0,1.904985459,2.001100547
1339,0,1.549710964,1.129350639
1340,0,-0.000000000,0.000000000
1341,0,1.000000000,1.000000000
1342,0,-0.000000000,0.000000000
1343,0,1.000000000,1.000000000
1344,0,1.870950594,1.200000000
1345,0,1.000000000,1.000000000
1346,0,1.870950594,2.000000000
1347,0,1.532052555,1.123333333
1348,0,1.242499492,0.530171120
1349,0,1.934831694,1.281217995
1350,0,0.536404944,0.163593476
1351,0,1.025136059,1.003054635
1352,0,1.027635638,0.403084082
1353,0,1.000000000,1.000000000
1354,0,1.870950594,2.000000000
1355,0,1.138751800,1.022289157
1356,0,-0.000000000,0.000000000
1357,0,1.000000000,1.000000000
1358,0,0.302292189,0.080000000
1359,0,1.000000000,1.000000000
1360,0,1.870950594,1.200000000
1361,0,1.138751800,1.022289157
1362,0,-0.000000000,0.000000000
1363,0,1.000000000,1.000000000
1364,0,1.870950594,1.200000000
1365,0,2.305215896,1.504545455
1366,0,2.050944972,1.769132054
1367,0,1.799818845,1.274145938
1368,0,2.356816253,2.144149564
1369,0,1.981482226,2.155323356
1370,0,2.482829799,3.415096477
1371,0,1.987752147,3.235487899
1372,0,2.508670416,2.020884649
1373,0,2.200320941,1.905860426
1374,0,1.880754683,1.495799775
1375,0,1.865989629,1.312410674
1376,0,1.283987699,1.121113669
1377,0,1.504972984,1.913731635
1378,0,1.707142603,1.247491438
1379,0,1.568014360,1.492321072
1380,0,0.563021482,0.264469083
1381,0,1.191107978,1.155900014
1382,0,0.559600268,0.263640096
1383,0,1.165212233,1.090633165
1384,0,2.002933357,2.134760767
1385,0,1.653634240,1.423523555
1386,0,-0.000000000,0.000000000
1387,0,1.000000000,1.000000000
1388,0,0.302292189,0.080000000
1389,0,1.257422929,1.047844828
1390,0,0.344348108,0.093783081
1391,0,1.050123373,1.011258418
1392,0,0.357006375,0.104545683
1393,0,1.068891543,1.019699077
1394,0,0.064897987,0.030259895
1395,0,1.025960490,1.006080841
1396,0,1.509282867,2.000040170
1397,0,1.589705350,1.255754606
1398,0,1.886573380,2.032652739
1399,0,1.660584777,2.554858226
1400,0,1.118449793,3.223174829
1401,0,1.096183147,1.756961097
1402,0,0.992592904,0.898753618
1403,0,-0.000000000,0.000000000
1404,0,1.000000000,1.000000000
1405,0,0.302292189,0.080000000
1406,0,1.012773762,1.001377513
1407,0,1.025497140,0.401630653
1408,0,1.053826918,1.007347205
1409,0,0.308857695,0.082048046
1410,0,1.062653315,1.008732735
1411,0,-0.000000000,0.000000000
1412,0,1.000000000,1.000000000
1413,0,1.021928095,0.400000000
1414,0,1.228118215,1.041111111
1415,0,-0.000000000,0.000000000
1416,0,1.000000000,1.000000000
1417,0,-0.000000000,0.000000000
1418,0,1.000000000,1.000000000
1419,0,0.302292189,0.080000000
1420,0,1.012773762,1.001377513
1421,0,1.024571058,0.401435139
1422,0,1.052875527,1.007064537
1423,0,0.307810326,0.081773543
1424,0,1.013048622,1.001412602
1425,0,1.025585173,0.401670967
1426,0,0.999999998,1.000046914
1427,0,0.302292189,0.080000000
1428,0,1.060184319,1.008221378
1429,0,1.546468512,2.004069470
1430,0,1.777179816,1.211034049
1431,0,2.051720188,1.378131822
1432,0,2.006204073,1.729017501
1433,0,1.789675064,1.368299720
1434,0,1.269776391,1.052532924
1435,0,1.707788779,2.024318700
1436,0,1.248357373,1.046079615
1437,0,1.107081873,0.447442030
1438,0,1.058831637,1.008145348
1439,0,1.037216418,0.408327142
1440,0,1.000000000,0.999990839
1441,0,0.302292189,0.080000000
1442,0,1.000000000,0.999999853
1443,0,1.021928095,0.400000000
1444,0,1.000000000,1.000000012
1445,0,1.870950594,1.200000000
1446,0,1.532052555,1.123333337
1447,0,0.401554049,0.113415966
1448,0,1.017831718,1.002040046
1449,0,0.303859198,0.080501786
1450,0,1.012852056,1.001387521
1451,0,1.873478247,2.000070331
1452,0,1.533196755,1.123720330
1453,0,1.243083482,0.530538712
1454,0,1.000000000,1.000000504
1455,0,-0.000000000,0.000000000
1456,0,1.000000000,1.000000000
1457,0,1.021928095,0.400000000
1458,0,1.000000000,1.000000000
1459,0,1.021928095,1.800000000
1460,0,1.000000000,1.000000000
1461,0,0.302292189,0.080000000
1462,0,1.000000000,1.000000000
1463,0,1.021928095,0.400000000
1464,0,1.784319623,1.213461538
1465,0,-0.000000000,0.000000000
1466,0,1.000000000,1.000000000
1467,0,1.021928095,0.400000000
1468,0,1.052690404,1.007034221
1469,0,1.882728310,1.399013736
1470,0,1.000000000,1.000000000
1471,0,1.500000000,1.000000000
1472,0,1.764492375,1.205555556
1473,0,0.471983100,0.138986509
1474,0,1.021563656,1.002549160
1475,0,-0.000000000,0.000000000
1476,0,1.000000000,1.000000000
1477,0,0.302292189,0.080000000
1478,0,1.000000000,1.000000000
1479,0,1.870950594,2.000000000
1480,0,2.305215896,3.000000000
1481,0,2.129487735,2.101318945
1482,0,1.086239649,1.064198531
1483,0,-0.000000000,0.000000000
1484,0,1.000000000,1.000000000
1485,0,0.302292189,0.080000000
1486,0,1.012773762,1.001377513
1487,0,0.303367094,0.080344681
1488,0,1.000000000,1.000000000
1489,0,0.302292189,0.080000000
1490,0,1.060184319,1.008222222
1491,0,0.309673025,0.082309867
1492,0,1.014193325,1.001704001
1493,0,1.026659674,0.402033693
1494,0,1.054688727,1.007681062
1495,0,0.319809127,0.085935510
1496,0,1.284453258,1.057500697
1497,0,2.015817080,1.424169387
1498,0,1.080115974,1.054475875
1499,0,1.113491495,0.453789536
1500,0,1.125640710,1.037361217
1501,0,1.923361999,2.005056381
1502,0,1.973561039,2.990258455
1503,0,2.059421724,2.149512309
1504,0,1.605925986,1.373490284
1505,0,2.361831238,2.375711263
1506,0,2.524357805,2.184964479
1507,0,2.184631259,1.538480232
1508,0,2.146549671,2.449595345
1509,0,2.881982482,2.055683078
1510,0,1.548977020,1.669172855
1511,0,0.719239776,0.427535605
1512,0,1.096912231,1.024811151
1513,0,1.760923980,1.144945556
1514,0,1.438185366,1.260951403
1515,0,1.354955933,0.644760945
1516,0,1.497586550,1.180069912
1517,0,1.408556005,0.674842302
1518,0,1.331512334,1.115175121
1519,0,1.549925561,1.822079282
1520,0,1.142461143,0.607391585
1521,0,1.026652067,0.463970148
1522,0,0.851976158,0.350509295
1523,0,0.707946243,0.261737840
1524,0,-0.000000000,0.000000000
1525,0,1.000000000,1.000000000
1526,0,-0.000000000,0.000000000
1527,0,1.000000000,1.000000000
1528,0,-0.000000000,0.000000000
1529,0,1.000000000,1.000000000
1530,0,1.021928095,0.400000000
1531,0,1.052690404,1.007034221
1532,0,0.307787926,0.081766365
1533,0,1.013047487,1.001412456
1534,0,1.024635137,2.000000000
1535,0,1.000000000,1.000000000
1536,0,0.302292189,0.080000000
1537,0,1.000000000,1.000000000
1538,0,-0.000000000,0.000000000
1539,0,1.000000000,1.000000000
1540,0,1.021928095,0.400000000
1541,0,1.228118215,1.041111111
1542,0,1.929031819,2.001984500
1543,0,1.563681373,1.134185017
1544,0,-0.000000000,0.000000000
1545,0,1.000000000,1.000000000
1546,0,1.021928095,0.400000000
1547,0,1.052690404,1.007034221
1548,0,1.882728310,1.211927297
1549,0,2.313288333,1.510461803
1550,0,1.755278261,0.960686092
1551,0,1.120786349,1.019356676
1552,0,1.067219366,0.422499179
1553,0,1.157768047,1.047413161
1554,0,0.183359247,0.109056859
1555,0,1.128944485,1.064941513
1556,0,1.500000000,1.000000000
1557,0,1.905928216,1.642857143
1558,0,2.257345289,2.134126984
1559,0,1.000000000,1.000000000
1560,0,1.021928095,0.400000000
1561,0,1.052690404,1.007034221
1562,0,1.035378563,0.407332871
1563,0,1.231864424,1.041994141
1564,0,0.335327563,0.090767779
1565,0,1.014430990,1.001590793
1566,0,1.024962057,0.401645434
1567,0,1.228963014,1.041310043
1568,0,0.334814426,0.090598706
1569,0,1.000000000,1.000000000
1570,0,0.302292189,0.080000000
1571,0,1.000000000,1.000000000
1572,0,0.302292189,0.080000000
1573,0,1.012773762,1.001377513
1574,0,1.024571058,1.799550526
1575,0,1.228852925,1.041283932
1576,0,1.967544676,1.281167053
1577,0,1.195725038,1.049963862
1578,0,0.334040880,0.092438885
1579,0,1.077405943,1.014236041
1580,0,0.069325857,0.053618834
1581,0,1.024838157,1.012484690
1582,0,1.500042302,2.000004226
1583,0,2.473911121,3.000000221
1584,0,2.232623222,3.847415020
1585,0,2.049680603,4.768582278
1586,0,2.410596360,5.743948658
1587,0,1.565197545,2.006675015
1588,0,1.778715760,2.752333554
1589,0,1.519500401,1.848249223
1590,0,1.600891708,1.242807004
1591,0,1.439399063,1.468604162
1592,0,1.217699848,1.649385440
1593,0,1.006289718,0.439389451
1594,0,0.828615522,0.313762184
1595,0,1.291785370,0.542920688
1596,0,1.328311542,0.708846578
1597,0,0.638493514,0.241251994
1598,0,0.241221425,0.079528775
1599,0,1.577883192,1.139615571
1600,0,0.998016418,2.105263563
1601,0,0.998013208,2.105262397
1602,0,1.199913511,2.248489728
1603,0,1.822306149,1.987849883
1604,0,2.285729725,2.565374284
1605,0,1.517560566,1.453658228
1606,0,0.731865240,0.363593203
1607,0,1.159949567,1.039741697
1608,0,1.931082354,1.425635224
1609,0,1.175993152,1.032984481
1610,0,0.355868901,0.100354780
1611,0,1.069821656,1.010364625
1612,0,1.044680668,0.411112428
1613,0,1.056256246,1.007613478
1614,0,1.037323156,1.797929155
1615,0,1.232363335,1.042093886
1616,0,0.335762680,0.090873722
1617,0,1.067732445,1.009507276
1618,0,0.309735207,0.082384399
1619,0,1.061859621,1.008504150
1620,0,0.000012549,0.000002261
1621,0,1.000003537,1.000000272
1622,0,1.021929869,0.400000274
1623,0,1.000001813,1.000000099
1624,0,1.021928619,0.400000074
1625,0,1.000000539,1.000000067
1626,0,0.000000682,0.000000062
1627,0,1.000000642,1.000000026
1628,0,0.302292428,0.080000024
1629,0,1.012773816,1.001377519
1630,0,1.024571077,0.401435141
1631,0,1.000000090,1.000000003
1632,0,0.000000116,0.000000009
1633,0,1.000000002,1.000000000
1634,0,0.000000002,0.000000000
1635,0,1.000000000,1.000000000
1636,0,0.302292189,0.080000000
1637,0,1.060184319,1.008222222
1638,0,1.678437780,1.039546567
1639,0,1.020263335,1.008079694
1640,0,0.022448726,0.013102206
1641,0,1.022278240,1.014412427
1642,0,1.871491322,1.200153675
1643,0,1.139293933,1.022420574
1644,0,0.028051153,0.011263353
1645,0,1.022025893,1.006866910
1646,0,0.325291011,0.093135238
1647,0,1.066740313,1.010839256
1648,0,0.007093866,0.003515017
1649,0,1.002653513,1.000847779
1650,0,1.024523428,0.401159014
1651,0,1.002592458,1.001211361
1652,0,0.000000000,0.000000000
1653,0,1.000000000,1.000000000
1654,0,0.000000000,0.000000000
1655,0,1.000000000,1.000000000
1656,0,1.870950594,1.400000000
1657,0,2.280023028,1.907492795
1658,0,2.222715087,1.449506497
1659,0,1.420487710,1.171588112
1660,0,1.350911808,1.953722537
1661,0,1.157281095,1.186303113
1662,0,0.002094380,0.000591372
1663,0,1.000268388,1.000082146
1664,0,0.000313688,0.000073018
1665,0,1.000039256,1.000010142
1666,0,1.021968327,0.400007753
1667,0,1.000177877,1.000031737
1668,0,1.021957949,0.400005471
1669,0,1.228122873,1.041112136
1670,0,0.334670680,1.956367934
1671,0,1.000024013,1.000001241
1672,0,0.000031521,0.000003335
1673,0,1.000000554,1.000000064
1674,0,1.021928659,2.000000005
1675,0,1.228118343,1.041111125
1676,0,0.334665643,0.090549683
1677,0,1.000000131,1.000000015
1678,0,1.021928128,0.400000004
1679,0,1.228118221,1.041111112
1680,0,1.929031824,1.266885863
1681,0,1.148941860,1.024463375
1682,0,0.000000004,0.000000000
1683,0,1.000000000,1.000000000
1684,0,0.302292190,0.080000000
1685,0,1.000000000,1.000000000
1686,0,0.000000001,0.000000000
1687,0,1.000000001,1.000000000
1688,0,0.302292189,0.080000000
1689,0,1.000000000,1.000000000
1690,0,0.302292189,0.080000000
1691,0,1.060184319,1.008222222
1692,0,1.037639028,0.408572389
1693,0,1.232495761,1.042143405
1694,0,0.000000000,0.000000000
1695,0,1.000000000,1.000000000
1696,0,0.000000000,0.000000000
1697,0,1.000000000,1.000000000
1698,0,1.021928095,2.000000000
1699,0,1.052690404,1.007034221
1700,0,0.307787926,0.081766365
1701,0,1.000000000,1.000000000
1702,0,1.021928095,0.400000000
1703,0,1.052690404,1.007034221
1704,0,1.882728310,1.211927297
1705,0,1.537989679,1.125308998
1706,0,2.007047739,1.385318710
1707,0,1.167405891,1.028561047
1708,0,0.324819204,0.087241551
1709,0,1.000790387,1.000084140
1710,0,1.022221732,0.400066568
1711,0,1.001294036,1.000098722
1712,0,1.022146460,0.400047393
1713,0,1.052761617,1.007048599
1714,0,0.307838774,0.081775504
1715,0,1.013061565,1.001413635
1716,0,0.000017333,0.000002221
1717,0,1.000003794,1.000000555
1718,0,0.302294233,0.080000271
1719,0,1.012774283,1.001377585
1720,0,0.000000642,0.000000065
1721,0,1.000000032,1.000000003
1722,0,1.021928128,0.400000004
1723,0,1.052690415,1.007034222
1724,0,0.000000014,0.000000001
1725,0,1.000000003,1.000000000
1726,0,0.302292191,0.080000000
1727,0,1.000000002,1.000000000
1728,0,1.021928095,0.400000000
1729,0,1.228118215,1.041111111
1730,0,1.098973413,0.443011606
1731,0,1.058200532,1.007945613
1732,0,0.000000000,0.000000000
1733,0,1.000000000,1.000000000
1734,0,1.500000000,2.000000000
1735,0,1.220308818,1.039361702
1736,0,1.926928570,1.264173051
1737,0,1.000000000,1.000000000
1738,0,0.302292189,0.080000000
1739,0,1.000000000,1.000000000
1740,0,0.000000000,0.000000000
1741,0,1.000000000,1.000000000
1742,0,0.302292189,0.080000000
1743,0,1.012773762,1.001377513
1744,0,0.303367094,0.080344681
1745,0,1.060426407,1.008262715
1746,0,0.000000000,0.000000000
1747,0,1.000000000,1.000000000
1748,0,0.000000000,0.000000000
1749,0,1.000000000,1.000000000
1750,0,1.870950594,1.200000000
1751,0,1.000000000,1.000000000
1752,0,0.000000000,0.000000000
1753,0,1.000000000,1.000000000
1754,0,0.302292189,0.080000000
1755,0,1.012773762,1.001377513
1756,0,0.303367094,0.080344681
1757,0,1.000000000,1.000000000
1758,0,0.000000000,0.000000000
1759,0,1.000000000,1.000000000
1760,0,1.870950594,1.400000000
1761,0,2.305215896,1.863636364
1762,0,2.129487735,2.101318945
1763,0,1.352666337,1.077323244
1764,0,1.162614766,2.008005526
1765,0,1.051136018,1.037485155
1766,0,1.902783749,1.414119983
1767,0,1.417577668,1.147939675
1768,0,0.701550345,0.381075846
1769,0,1.237613791,1.075693214
1770,0,2.003462841,1.262980171
1771,0,1.485165393,1.171727194
1772,0,1.459241163,0.720478188
1773,0,1.635374448,1.256190023
1774,0,1.358968210,0.718925789
1775,0,1.337324040,1.105219026
1776,0,0.434634789,0.159797476
1777,0,1.063373869,1.013244677
1778,0,1.911631093,1.215705006
1779,0,1.566169479,1.133559740
1780,0,1.370560317,0.596228264
1781,0,1.083232041,1.048447518
1782,0,1.046227273,0.411025857
1783,0,1.021289756,1.009389201
1784,0,1.044240348,2.011522751
1785,0,1.236733951,3.003314722
1786,0,1.123790991,2.010007349
1787,0,1.795647317,2.949103582
1788,0,2.221340873,1.945397349
1789,0,1.968622252,3.121748314
1790,0,2.550574347,3.587569773
1791,0,2.413361580,3.638900213
1792,0,1.654066666,4.699489130
1793,0,1.197309886,4.212451146
1794,0,2.116323410,3.563889709
1795,0,1.331556319,2.761056617
1796,0,-0.000000000,0.000000000
1797,0,-0.000000000,0.000000000
1798,0,-0.000000000,0.000000000
1799,0,-0.000000000,0.000000000
1800,0,0.985228136,0.857142857
1801,0,-0.000000000,0.000000000
1802,0,-0.000000000,0.000000000
1803,0,-0.000000000,0.000000000
1804,0,0.143726170,0.040816327
1805,0,-0.000000000,0.000000000
1806,0,-0.000000000,0.000000000
1807,0,-0.000000000,0.000000000
1808,0,-0.000000000,0.000000000
1809,0,-0.000000000,0.000000000
1810,0,0.503258335,0.222222222
1811,0,0.021519932,0.004158004
1812,0,0.145582434,0.041482489
1813,0,-0.000000000,0.000000000
1814,0,0.503258335,0.222222222
1815,0,0.021519932,0.004158004
1816,0,0.145582434,0.041482489
1817,0,-0.000000000,0.000000000
1818,0,0.143726170,0.040816327
1819,0,-0.000000000,0.000000000
1820,0,0.985228136,1.142857143
1821,0,-0.000000000,0.000000000
1822,0,0.143726170,0.040816327
1823,0,-0.000000000,0.000000000
1824,0,0.143726170,0.040816327
1825,0,0.004850167,0.000757289
1826,0,-0.000000000,0.000000000
1827,0,-0.000000000,0.000000000
1828,0,0.503258335,0.222222222
1829,0,-0.000000000,0.000000000
1830,0,0.143726170,0.040816327
1831,0,-0.000000000,0.000000000
1832,0,0.985228136,0.857142857
1833,0,0.779349837,0.461538462
1834,0,0.351380926,0.132295720
1835,0,0.013688237,0.002465018
1836,0,0.144826810,0.041210972
1837,0,-0.000000000,0.000000000
1838,0,0.503258335,0.222222222
1839,0,0.021519932,0.004158004
1840,0,-0.000000000,0.000000000
1841,0,-0.000000000,0.000000000
1842,0,-0.000000000,0.000000000
1843,0,-0.000000000,0.000000000
1844,0,-0.000000000,0.000000000
1845,0,-0.000000000,0.000000000
1846,0,0.143726170,0.040816327
1847,0,0.004850167,0.000757289
1848,0,0.144064358,0.040937481
1849,0,-0.000000000,0.000000000
1850,0,0.143726170,0.040816327
1851,0,0.023187512,0.004535147
1852,0,0.022832202,0.004454343
1853,0,0.990576118,0.865854045
1854,0,0.997414285,0.940146676
1855,0,0.295796907,0.104460742
1856,0,0.227601354,0.073675819
1857,0,-0.000000000,0.000000000
1858,0,0.503258335,0.222222222
1859,0,0.095970403,0.024691358
1860,0,0.154729451,0.044806517
1861,0,0.005269238,0.000831475
1862,0,0.986023640,1.141255249
1863,0,-0.000000000,0.000000000
1864,0,0.143726170,0.040816327
1865,0,0.004850167,0.000757289
1866,0,-0.000000000,0.000000000
1867,0,-0.000000000,0.000000000
1868,0,0.503258335,0.222222222
1869,0,0.095970403,0.024691358
1870,0,-0.000000000,0.000000000
1871,0,-0.000000000,0.000000000
1872,0,0.143726170,0.040816327
1873,0,0.004850167,0.000757289
1874,0,0.144064358,0.040937481
1875,0,0.023246603,0.004548609
1876,0,0.145756737,0.041545188
1877,0,0.023542570,0.004616132
1878,0,0.508706522,0.225870472
1879,0,-0.000000000,0.000000000
1880,0,-0.000000000,0.000000000
1881,0,0.143726170,0.040816327
1882,0,0.549910905,0.254545455
1883,0,0.107140664,0.028282828
1884,0,-0.000000000,0.000000000
1885,0,-0.000000000,0.000000000
1886,0,0.503258335,0.222222222
1887,0,0.095970403,0.024691358
1888,0,0.154729451,0.044806517
1889,0,-0.000000000,0.000000000
1890,0,0.143726170,0.040816327
1891,0,-0.000000000,0.000000000
1892,0,0.503258335,0.222222222
1893,0,0.021519932,0.004158004
1894,0,0.145582434,0.041482489
1895,0,0.004920471,0.000769672
1896,0,0.004907071,0.000767310
1897,0,0.504076318,0.222767907
1898,0,0.242535386,0.080106108
1899,0,0.008809950,0.001488968
1900,0,0.144391063,0.041054611
1901,0,0.023303704,0.004561623
1902,0,0.508642453,0.225827382
1903,0,0.369022668,0.141664969
1904,0,0.652003455,0.335042967
1905,0,0.133583327,0.037226996
1906,0,1.008932568,0.930827116
1907,0,-0.000000000,0.000000000
1908,0,0.143726170,0.040816327
1909,0,0.023187512,0.004535147
1910,0,0.508611331,0.225806452
1911,0,0.021821359,0.004225777
1912,0,0.145612678,0.041493366
1913,0,-0.000000000,0.000000000
1914,0,0.143726170,0.040816327
1915,0,0.004850167,0.000757289
1916,0,0.144064358,0.040937481
1917,0,0.004862963,0.000759541
1918,0,0.985958571,1.141393703
1919,0,-0.000000000,0.000000000
1920,0,0.143726170,0.040816327
1921,0,0.004850167,0.000757289
1922,0,0.144064358,0.040937481
1923,0,-0.000000000,0.000000000
1924,0,0.503258335,0.222222222
1925,0,-0.000000000,0.000000000
1926,0,0.143726170,0.040816327
1927,0,0.004850167,0.000757289
1928,0,0.144064358,0.040937481
1929,0,0.004862963,0.000759541
1930,0,-0.000000000,0.000000000
1931,0,-0.000000000,0.000000000
1932,0,0.503258335,0.222222222
1933,0,0.095970403,0.024691358
1934,0,0.531882603,0.241758242
1935,0,0.102764055,0.026862027
1936,0,0.155694723,0.045161290
1937,0,0.025289264,0.005017921
1938,0,-0.000000000,0.000000000
1939,0,-0.000000000,0.000000000
1940,0,0.985228136,1.142857143
1941,0,-0.000000000,0.000000000
1942,0,0.143726170,0.040816327
1943,0,0.004850167,0.000757289
1944,0,-0.000000000,0.000000000
1945,0,-0.000000000,0.000000000
1946,0,0.143726170,0.040816327
1947,0,-0.000000000,0.000000000
1948,0,0.503258335,0.222222222
1949,0,-0.000000000,0.000000000
1950,0,0.143726170,0.040816327
1951,0,0.102899790,0.026905830
1952,0,0.361062084,0.137404580
1953,0,-0.000000000,0.000000000
1954,0,0.985228136,0.857142857
1955,0,-0.000000000,0.000000000
1956,0,0.143726170,0.040816327
1957,0,-0.000000000,0.000000000
1958,0,-0.000000000,0.000000000
1959,0,-0.000000000,0.000000000
1960,0,-0.000000000,0.000000000
1961,0,-0.000000000,0.000000000
1962,0,0.503258335,0.222222222
1963,0,0.021519932,0.004158004
1964,0,-0.000000000,0.000000000
1965,0,-0.000000000,0.000000000
1966,0,-0.000000000,0.000000000
1967,0,-0.000000000,0.000000000
1968,0,0.503258335,0.222222222
1969,0,-0.000000000,0.000000000
1970,0,0.503258335,0.222222222
1971,0,0.095970403,0.024691358
1972,0,0.154729451,0.044806517
1973,0,-0.000000000,0.000000000
1974,0,0.143726170,0.040816327
1975,0,0.004850167,0.000757289
1976,0,0.144064358,0.040937481
1977,0,0.103144358,0.026984796
1978,0,-0.000000000,0.000000000
1979,0,-0.000000000,0.000000000
1980,0,-0.000000000,0.000000000
1981,0,-0.000000000,0.000000000
1982,0,0.503258335,0.222222222
1983,0,0.095970403,0.024691358
1984,0,0.154729451,0.044806517
1985,0,-0.000000000,0.000000000
1986,0,0.143726170,0.040816327
1987,0,-0.000000000,0.000000000
1988,0,-0.000000000,0.000000000
1989,0,0.503258335,0.222222222
1990,0,-0.000000000,0.000000000
1991,0,-0.000000000,0.000000000
1992,0,0.143726170,0.040816327
1993,0,0.004850167,0.000757289
1994,0,0.144064358,0.040937481
1995,0,0.004862963,0.000759541
1996,0,0.144065364,0.040937841
1997,0,0.004863002,0.000759548
1998,0,0.985958577,0.858714714
1999,0,0.780135987,0.462361828
2000,0,0.932199505,1.464091197
2001,0,0.116823791,0.031487357
2002,0,0.539543063,0.247144718
2003,0,-0.000000000,0.000000000
2004,0,-0.000000000,0.000000000
2005,0,-0.000000000,0.000000000
2006,0,-0.000000000,0.000000000
2007,0,-0.000000000,0.000000000
2008,0,0.985228136,1.142857143
2009,0,-0.000000000,0.000000000
2010,0,0.503258335,0.222222222
2011,0,0.021519932,0.004158004
2012,0,-0.000000000,0.000000000
2013,0,-0.000000000,0.000000000
2014,0,0.143726170,0.040816327
2015,0,0.004850167,0.000757289
2016,0,0.504155247,0.222820599
2017,0,0.021570303,0.004169317
2018,0,0.145587483,0.041484305
2019,0,0.004920663,0.000769706
2020,0,0.504169943,0.222830411
2021,0,-0.000000000,0.000000000
2022,0,-0.000000000,0.000000000
2023,0,-0.000000000,0.000000000
2024,0,0.143726170,0.040816327
2025,0,-0.000000000,0.000000000
2026,0,0.503258335,0.222222222
2027,0,0.095970403,0.024691358
2028,0,0.531882603,0.241758242
2029,0,-0.000000000,0.000000000
2030,0,0.143726170,0.040816327
2031,0,-0.000000000,0.000000000
2032,0,0.503258335,0.222222222
2033,0,0.095970403,0.024691358
2034,0,-0.000000000,0.000000000
2035,0,-0.000000000,0.000000000
2036,0,0.503258335,0.222222222
2037,0,0.021519932,0.004158004
2038,0,0.508167846,0.225508318
2039,0,0.097122578,0.025056480
2040,0,0.154891837,0.044866147
2041,0,0.025147599,0.004985127
2042,0,0.145951514,0.041615281
2043,0,-0.000000000,0.000000000
2044,0,-0.000000000,0.000000000
2045,0,-0.000000000,0.000000000
2046,0,0.503258335,0.222222222
2047,0,0.021519932,0.004158004
2048,0,0.145582434,0.041482489
2049,0,0.004920471,0.000769672
2050,0,0.144069888,0.040939462
2051,0,0.023247570,0.004548829
2052,0,0.989117904,0.866512158
2053,0,0.278849182,0.096468913
2054,0,0.608406118,0.298855280
2055,0,0.443052651,0.183964938
2056,0,0.225279651,0.072691747
2057,0,0.037928000,0.008076861
2058,0,0.147330615,0.042112466
2059,0,-0.000000000,0.000000000
2060,0,0.143726170,0.040816327
2061,0,0.004850167,0.000757289
2062,0,0.504155247,1.777179401
2063,0,0.096180499,0.024757844
2064,0,0.154759021,0.044817374
2065,0,0.025124173,0.004979708
2066,0,0.509133707,0.226157895
2067,0,-0.000000000,0.000000000
2068,0,0.503258335,0.222222222
2069,0,0.095970403,0.024691358
2070,0,0.154729451,0.044806517
2071,0,0.005269238,0.000831475
2072,0,0.986023640,1.141255249
2073,0,0.069195423,0.016569777
2074,0,0.522606373,0.235326455
2075,0,0.100542085,0.026147384
2076,0,1.003272806,1.094026052
2077,0,0.290901971,0.102129090
2078,0,0.614050034,0.303377272
2079,0,-0.000000000,0.000000000
2080,0,0.143726170,0.040816327
2081,0,0.004850167,0.000757289
2082,0,-0.000000000,0.000000000
2083,0,-0.000000000,0.000000000
2084,0,0.503258335,0.222222222
2085,0,0.095970403,0.024691358
2086,0,0.154729451,0.044806517
2087,0,-0.000000000,0.000000000
2088,0,-0.000000000,0.000000000
2089,0,-0.000000000,0.000000000
2090,0,0.503258335,0.222222222
2091,0,0.021519932,0.004158004
2092,0,-0.000000000,0.000000000
2093,0,-0.000000000,0.000000000
2094,0,-0.000000000,0.000000000
2095,0,-0.000000000,0.000000000
2096,0,0.503258335,0.222222222
2097,0,0.095970403,0.024691358
2098,0,-0.000000000,0.000000000
2099,0,-0.000000000,0.000000000
2100,0,0.143726170,0.040816327
2101,0,0.004850167,0.000757289
2102,0,0.144064358,0.040937481
2103,0,-0.000000000,0.000000000
2104,0,0.143726170,0.040816327
2105,0,-0.000000000,0.000000000
2106,0,0.143726170,0.040816327
2107,0,0.004850167,0.000757289
2108,0,0.504155247,0.222820599
2109,0,0.096180499,0.024757844
2110,0,-0.000000000,0.000000000
2111,0,-0.000000000,0.000000000
2112,0,-0.000000000,0.000000000
2113,0,-0.000000000,0.000000000
2114,0,0.503258335,0.222222222
2115,0,0.095970403,0.024691358
2116,0,0.531882603,0.241758242
2117,0,0.102764055,0.026862027
2118,0,-0.000000000,0.000000000
2119,0,-0.000000000,0.000000000
2120,0,0.143726170,0.040816327
2121,0,0.102899790,0.026905830
2122,0,0.155714199,0.045168456
2123,0,0.005307016,0.000838206
2124,0,-0.000000000,0.000000000
2125,0,-0.000000000,0.000000000
2126,0,0.143726170,0.040816327
2127,0,-0.000000000,0.000000000
2128,0,-0.000000000,0.000000000
2129,0,-0.000000000,0.000000000
2130,0,0.503258335,0.222222222
2131,0,0.021519932,0.004158004
2132,0,-0.000000000,0.000000000
2133,0,-0.000000000,0.000000000
2134,0,0.985228136,0.857142857
2135,0,0.276195428,0.095238095
2136,0,0.185997890,0.056680162
2137,0,0.030706032,0.006297796
2138,0,-0.000000000,0.000000000
2139,0,-0.000000000,0.000000000
2140,0,0.503258335,0.222222222
2141,0,0.021519932,0.004158004
2142,0,-0.000000000,0.000000000
2143,0,-0.000000000,0.000000000
2144,0,-0.000000000,0.000000000
2145,0,0.503258335,0.222222222
2146,0,0.721928095,0.400000000
2147,0,-0.000000000,0.000000000
2148,0,0.985228136,1.142857143
2149,0,0.069054382,0.016528926
2150,0,0.522559375,0.235294118
2151,0,-0.000000000,0.000000000
2152,0,0.143726170,0.040816327
2153,0,0.023187512,0.004535147
2154,0,0.145750730,0.041543027
2155,0,0.004926853,0.000770798
2156,0,-0.000000000,0.000000000
2157,0,-0.000000000,0.000000000
2158,0,0.503258335,0.222222222
2159,0,0.021519932,0.004158004
2160,0,-0.000000000,0.000000000
2161,0,-0.000000000,0.000000000
2162,0,0.503258335,0.222222222
2163,0,-0.000000000,0.000000000
2164,0,0.985228136,0.857142857
2165,0,-0.000000000,0.000000000
2166,0,0.143726170,0.040816327
2167,0,0.004850167,0.000757289
2168,0,-0.000000000,0.000000000
2169,0,-0.000000000,0.000000000
2170,0,0.503258335,0.222222222
2171,0,0.021519932,0.004158004
2172,0,0.145582434,0.041482489
2173,0,-0.000000000,0.000000000
2174,0,-0.000000000,0.000000000
2175,0,-0.000000000,0.000000000
2176,0,-0.000000000,0.000000000
2177,0,-0.000000000,0.000000000
2178,0,0.503258335,1.777777778
2179,0,-0.000000000,0.000000000
2180,0,0.143726170,0.040816327
2181,0,-0.000000000,0.000000000
2182,0,0.143726170,0.040816327
2183,0,0.004850167,0.000757289
2184,0,-0.000000000,0.000000000
2185,0,-0.000000000,0.000000000
2186,0,0.143726170,0.040816327
2187,0,0.023187512,0.004535147
2188,0,-0.000000000,0.000000000
2189,0,-0.000000000,0.000000000
2190,0,-0.000000000,0.000000000
2191,0,-0.000000000,0.000000000
2192,0,0.503258335,0.222222222
2193,0,0.095970403,0.024691358
2194,0,0.154729451,0.044806517
2195,0,0.005269238,0.000831475
2196,0,-0.000000000,0.000000000
2197,0,-0.000000000,0.000000000
2198,0,0.503258335,0.222222222
2199,0,-0.000000000,0.000000000
2200,0,0.503258335,0.222222222
2201,0,0.021519932,0.004158004
2202,0,0.145582434,0.041482489
2203,0,-0.000000000,0.000000000
2204,0,0.503258335,0.222222222
2205,0,-0.000000000,0.000000000
2206,0,0.143726170,0.040816327
2207,0,0.004850167,0.000757289
2208,0,0.144064358,0.040937481
2209,0,0.004862963,0.000759541
2210,0,0.144065364,0.040937841
2211,0,0.004863002,0.000759548
2212,0,-0.000000000,0.000000000
2213,0,-0.000000000,0.000000000
2214,0,-0.000000000,0.000000000
2215,0,0.503258335,0.222222222
2216,0,-0.000000000,0.000000000
2217,0,-0.000000000,0.000000000
2218,0,0.503258335,0.222222222
2219,0,0.365055190,0.139534884
2220,0,0.650022422,0.333333333
2221,0,-0.000000000,0.000000000
2222,0,-0.000000000,0.000000000
2223,0,-0.000000000,0.000000000
2224,0,-0.000000000,0.000000000
2225,0,-0.000000000,0.000000000
2226,0,-0.000000000,0.000000000
2227,0,-0.000000000,0.000000000
2228,0,0.143726170,0.040816327
2229,0,-0.000000000,0.000000000
2230,0,-0.000000000,0.000000000
2231,0,-0.000000000,0.000000000
2232,0,-0.000000000,0.000000000
2233,0,-0.000000000,0.000000000
2234,0,0.503258335,0.222222222
2235,0,0.021519932,0.004158004
2236,0,0.145582434,0.041482489
2237,0,0.023512068,0.004609165
2238,0,0.508698334,0.225864965
2239,0,0.097247391,0.025096107
2240,0,0.154909461,0.044872620
2241,0,0.005276141,0.000832704
2242,0,0.144098034,0.040949550
2243,0,-0.000000000,0.000000000
2244,0,-0.000000000,0.000000000
2245,0,0.985228136,0.857142857
2246,0,-0.000000000,0.000000000
2247,0,-0.000000000,0.000000000
2248,0,0.143726170,0.040816327
2249,0,0.023187512,0.004535147
2250,0,-0.000000000,0.000000000
2251,0,-0.000000000,0.000000000
2252,0,0.985228136,1.142857143
2253,0,0.069054382,0.016528926
2254,0,0.151096971,0.043478261
2255,0,0.024479319,0.004830918
2256,0,0.145882706,0.041590516
2257,0,-0.000000000,0.000000000
2258,0,-0.000000000,0.000000000
2259,0,-0.000000000,0.000000000
2260,0,0.143726170,0.040816327
2261,0,-0.000000000,0.000000000
2262,0,-0.000000000,0.000000000
2263,0,0.143726170,0.040816327
2264,0,0.161893568,0.047457627
2265,0,0.026386263,0.005273070
2266,0,0.146079986,0.041661531
2267,0,-0.000000000,0.000000000
2268,0,0.503258335,1.777777778
2269,0,0.365055190,0.139534884
2270,0,-0.000000000,0.000000000
2271,0,-0.000000000,0.000000000
2272,0,0.143726170,0.040816327
2273,0,0.023187512,0.004535147
2274,0,0.989107139,0.866484136
2275,0,0.278841263,0.096465232
2276,0,0.186540696,0.056893163
2277,0,-0.000000000,0.000000000
2278,0,-0.000000000,0.000000000
2279,0,0.143726170,0.040816327
2280,0,0.549910905,0.254545455
2281,0,0.024214427,0.004770017
2282,0,0.989291464,0.866965042
2283,0,-0.000000000,0.000000000
2284,0,0.985228136,0.857142857
2285,0,0.276195428,0.095238095
2286,0,-0.000000000,0.000000000
2287,0,-0.000000000,0.000000000
2288,0,-0.000000000,0.000000000
2289,0,-0.000000000,0.000000000
2290,0,-0.000000000,0.000000000
2291,0,-0.000000000,0.000000000
2292,0,0.503258335,0.222222222
2293,0,0.095970403,0.024691358
2294,0,0.154729451,0.044806517
2295,0,0.005269238,0.000831475
2296,0,0.986023640,0.858863410
2297,0,-0.000000000,0.000000000
2298,0,-0.000000000,0.000000000
2299,0,0.143726170,0.040816327
2300,0,1.010576317,0.937586685
2301,0,-0.000000000,0.000000000
2302,0,0.503258335,0.222222222
2303,0,-0.000000000,0.000000000
2304,0,0.143726170,0.040816327
2305,0,0.023187512,0.004535147
2306,0,0.989107139,0.866484136
2307,0,0.278841263,0.096465232
2308,0,0.186540696,0.056893163
2309,0,0.133902663,0.037338687
2310,0,0.160349695,0.046882794
2311,0,0.005485443,0.000870088
2312,0,0.144114728,0.040955533
2313,0,0.004864870,0.000759877
2314,0,0.144065514,0.040937895
2315,0,0.023246805,0.004548655
2316,0,-0.000000000,0.000000000
2317,0,-0.000000000,0.000000000
2318,0,0.503258335,0.222222222
2319,0,0.021519932,0.004158004
2320,0,-0.000000000,0.000000000
2321,0,-0.000000000,0.000000000
2322,0,0.503258335,1.777777778
2323,0,0.021519932,0.004158004
2324,0,0.508167846,0.225508318
2325,0,0.021796313,0.004220139
2326,0,0.145610162,0.041492461
2327,0,-0.000000000,0.000000000
2328,0,-0.000000000,0.000000000
2329,0,-0.000000000,0.000000000
2330,0,0.143726170,0.040816327
2331,0,0.004850167,0.000757289
2332,0,0.144064358,0.040937481
2333,0,0.023246603,0.004548609
2334,0,0.508627155,0.225817093
2335,0,0.097230640,0.025090788
2336,0,1.002683709,0.907536124
2337,0,0.073909561,0.017913627
2338,0,0.151794231,0.043726667
2339,0,0.000187687,0.000062593
2340,0,0.143787691,0.040837495
2341,0,0.082146473,0.020408728
2342,0,0.082161497,0.040821472
2343,0,0.091551261,0.038775952
2344,0,0.098211540,0.061162793
2345,0,0.040661803,0.015356645
2346,0,1.000524760,1.000068724
2347,0,0.664105516,0.344964088
2348,0,0.365441035,0.149993482
2349,0,0.319428550,0.093811194
2350,0,0.000507881,0.000123695
2351,0,0.000461325,0.000111326
2352,0,0.000837981,0.000250478
2353,0,0.000791586,0.000215412
2354,0,0.000727465,0.000188862
2355,0,0.503992399,0.222387461
2356,0,0.722650325,1.600177406
2357,0,0.960545478,0.628812364
2358,0,0.485169652,0.168976001
2359,0,0.550691136,0.254538807
2360,0,0.256882161,0.086368709
2361,0,0.182107030,0.055146797
2362,0,0.565513372,0.265925901
2363,0,0.261828979,0.088670724
2364,0,1.007711243,0.463366863
2365,0,1.217832947,1.444888592
2366,0,1.576208917,1.913586222
2367,0,0.928303596,1.912632470
2368,0,1.774895140,1.360197684
2369,0,1.502149710,0.854384749
2370,0,0.416800025,0.120711025
2371,0,0.999899951,1.011776826
2372,0,1.021918090,1.800000000
2373,0,1.660137450,1.936624986
2374,0,2.005674379,1.335587394
2375,0,1.146292566,0.996426856
2376,0,1.903402461,1.242293238
2377,0,1.121164130,1.021542675
2378,0,-0.000000000,0.000000000
2379,0,1.000000000,1.000000000
2380,0,0.302292189,0.080000000
2381,0,1.050654972,1.006222222
2382,0,-0.000000000,0.000000000
2383,0,1.000000000,1.000000000
2384,0,-0.000000000,0.000000000
2385,0,1.000000000,1.000000000
2386,0,-0.000000000,0.000000000
2387,0,1.000000000,1.000000000
2388,0,0.302292189,0.080000000
2389,0,0.999999424,1.000893655
2390,0,-0.000000000,0.000000000
2391,0,1.000000000,1.000000000
2392,0,0.302292189,0.080000000
2393,0,1.010784836,1.001785714
2394,0,0.303238394,0.080306742
2395,0,1.010823040,1.001788807
2396,0,0.303242178,0.080307966
2397,0,1.050827887,1.006476004
2398,0,0.307973525,0.081846346
2399,0,1.051726104,1.006721902
2400,0,-0.000000000,0.000000000
2401,0,1.000000000,1.000000000
2402,0,-0.000000000,0.000000000
2403,0,1.000000000,1.000000000
2404,0,0.302292189,0.080000000
2405,0,1.010784836,1.001785714
2406,0,-0.000000000,0.000000000
2407,0,1.000000000,1.000000000
2408,0,1.870950594,1.200000000
2409,0,1.442705945,1.093333333
2410,0,-0.000000000,0.000000000
2411,0,1.000000000,1.000000000
2412,0,0.302292189,0.080000000
2413,0,0.999999424,1.000893655
2414,0,0.302292178,0.080000000
2415,0,1.010783244,1.001800740
2416,0,1.506218225,1.999752194
2417,0,1.181421179,1.049981951
2418,0,-0.000000000,0.000000000
2419,0,1.000000000,1.000000000
2420,0,-0.000000000,0.000000000
2421,0,1.000000000,1.000000000
2422,0,1.870950594,1.200000000
2423,0,0.999848483,1.014492754
2424,0,1.870905139,1.400000000
2425,0,1.114757617,1.032465068
2426,0,-0.000000000,0.000000000
2427,0,1.000000000,1.000000000
2428,0,1.021928095,0.400000000
2429,0,1.044208200,1.001704545
2430,0,1.879446735,1.210345721
2431,0,1.446495066,1.094055045
2432,0,0.390183420,0.109748977
2433,0,1.014533683,1.002176721
2434,0,1.538591251,1.006608990
2435,0,1.645477586,1.168362545
2436,0,0.453805393,0.132805867
2437,0,0.999998123,1.001613049
2438,0,-0.000000000,0.000000000
2439,0,1.000000000,1.000000000
2440,0,1.870950594,1.400000000
2441,0,1.115135655,1.005357143
2442,0,0.317490439,0.084962493
2443,0,1.011400571,1.000426557
2444,0,-0.000000000,0.000000000
2445,0,1.000000000,1.000000000
2446,0,1.870950594,1.200000000
2447,0,0.999848483,0.985507246
2448,0,1.870905139,1.991304348
2449,0,1.441615766,1.962415459
2450,0,1.969647105,2.049186000
2451,0,1.134359083,1.027459273
2452,0,1.900435883,1.391491889
2453,0,1.458585155,1.090018687
2454,0,0.393244927,0.110827886
2455,0,0.999999572,0.999230115
2456,0,0.302292181,0.080000000
2457,0,1.010786206,1.001772769
2458,0,1.024228676,0.401277410
2459,0,0.999985002,0.995440182
2460,0,1.021926595,0.400000000
2461,0,1.190788940,1.031771307
2462,0,0.330739159,0.089353689
2463,0,1.011979440,1.000890467
2464,0,-0.000000000,0.000000000
2465,0,1.000000000,1.000000000
2466,0,1.021928095,0.400000000
2467,0,1.044208200,1.001704545
2468,0,1.033603662,0.406505016
2469,0,1.193539062,1.032914572
2470,0,0.331245531,0.089521873
2471,0,0.999999834,1.000480318
2472,0,0.302292186,0.080000000
2473,0,0.999999413,1.000901810
2474,0,1.499999707,1.000000000
2475,0,1.180861928,1.008934260
2476,0,-0.000000000,0.000000000
2477,0,1.000000000,1.000000000
2478,0,0.302292189,0.080000000
2479,0,0.999999424,0.999106345
2480,0,0.302292178,0.080000000
2481,0,1.010783244,1.001800740
2482,0,-0.000000000,0.000000000
2483,0,1.000000000,1.000000000
2484,0,0.302292189,0.080000000
2485,0,1.050654972,1.006222222
2486,0,0.307950877,0.081838984
2487,0,1.011021502,1.000446708
2488,0,0.303261705,0.080314266
2489,0,0.999999427,0.999108907
2490,0,1.021928038,0.400000000
2491,0,0.999984446,1.004643501
2492,0,1.021926540,0.400000000
2493,0,1.190786343,1.031763032
2494,0,0.330738816,0.089353581
2495,0,1.011979398,1.001511470
2496,0,0.303356889,0.080344992
2497,0,1.050853792,1.006491694
2498,0,1.035678739,0.407667938
2499,0,1.045021235,1.008768298
2500,0,0.307216550,0.081599427
2501,0,1.010984996,1.000375314
2502,0,0.303258218,2.000012543
2503,0,0.999999425,0.999107537
2504,0,0.302292178,0.080000000
2505,0,1.010783246,1.000319250
2506,0,1.024228063,0.401277122
2507,0,1.191442742,1.032356390
2508,0,1.913555535,1.385377686
2509,0,1.122302728,1.014023065
2510,0,0.318595618,0.085323235
2511,0,1.011464277,1.000612351
2512,0,-0.000000000,0.000000000
2513,0,1.000000000,1.000000000
2514,0,1.021928095,0.400000000
2515,0,1.044208200,1.001704545
2516,0,1.525698309,1.006551145
2517,0,0.999546242,0.974920597
2518,0,0.302283114,0.080000000
2519,0,0.999998744,0.998680540
2520,0,1.021927969,0.400000000
2521,0,1.044197836,1.009203817
2522,0,0.307113295,0.081566010
2523,0,1.010979434,1.000361426
2524,0,-0.000000000,0.000000000
2525,0,1.000000000,1.000000000
2526,0,1.021928095,0.400000000
2527,0,1.044208200,1.009090909
2528,0,0.307114252,0.081566298
2529,0,0.999999427,1.000891185
2530,0,0.302292178,0.080000000
2531,0,1.050647675,1.006236481
2532,0,-0.000000000,0.000000000
2533,0,1.000000000,1.000000000
2534,0,0.302292189,0.080000000
2535,0,1.010784836,1.000334821
2536,0,0.303238394,0.080306742
2537,0,1.010823040,1.000340490
2538,0,1.024237609,0.401282369
2539,0,1.044338492,1.001732999
2540,0,1.033643694,0.406527264
2541,0,0.999985146,0.995462170
2542,0,-0.000000000,0.000000000
2543,0,1.000000000,1.000000000
2544,0,1.021928095,2.000000000
2545,0,1.508326883,1.541666667
2546,0,2.020257248,1.293491285
2547,0,1.897573865,1.453666436
2548,0,0.559334318,0.174926995
2549,0,0.999865389,1.013660336
2550,0,0.302289497,0.080000000
2551,0,0.999999684,0.999338282
2552,0,-0.000000000,0.000000000
2553,0,1.000000000,1.000000000
2554,0,1.021928095,0.400000000
2555,0,1.044208200,1.009090909
2556,0,-0.000000000,0.000000000
2557,0,1.000000000,1.000000000
2558,0,0.302292189,0.080000000
2559,0,1.050654972,1.006222222
2560,0,1.880819478,1.396975914
2561,0,1.447466693,1.099898499
2562,0,-0.000000000,0.000000000
2563,0,1.000000000,1.000000000
2564,0,1.870950594,2.000000000
2565,0,1.115135655,1.005357143
2566,0,1.058332487,2.000854079
2567,0,1.046279906,1.002151346
2568,0,-0.000000000,0.000000000
2569,0,1.000000000,1.000000000
2570,0,-0.000000000,0.000000000
2571,0,1.000000000,1.000000000
2572,0,0.302292189,0.080000000
2573,0,1.010784836,1.000334821
2574,0,0.303238394,0.080306742
2575,0,1.010823040,1.001788807
2576,0,1.024237609,0.401282369
2577,0,1.191445599,1.032359260
2578,0,-0.000000000,0.000000000
2579,0,1.000000000,1.000000000
2580,0,-0.000000000,0.000000000
2581,0,1.000000000,1.000000000
2582,0,0.302292189,0.080000000
2583,0,1.050654972,1.006444444
2584,0,0.307950877,0.081838984
2585,0,0.999999521,0.999185048
2586,0,1.021928047,0.400000000
2587,0,1.044201802,1.009160646
2588,0,0.307113661,0.081566120
2589,0,0.999999425,0.999107411
2590,0,1.021928037,0.400000000
2591,0,0.999984445,1.004643630
2592,0,0.302291878,0.080000000
2593,0,1.010776558,1.001863793
2594,0,1.024226678,0.401276471
2595,0,1.044337102,1.009109249
2596,0,1.033643319,0.406527070
2597,0,1.193548537,1.031538759
2598,0,1.090275870,0.438905063
2599,0,1.048308927,1.007437949
2600,0,0.307634380,0.081734812
2601,0,1.051654449,1.006685297
2602,0,0.308081223,0.081881290
2603,0,0.999999527,1.000810069
2604,0,1.021928048,0.400000000
2605,0,1.190905141,1.031175917
2606,0,0.330754520,0.089358560
2607,0,1.011981291,1.000902030
2608,0,0.303357055,1.959858811
2609,0,0.999999438,0.999117361
2610,0,1.870950426,1.400000000
2611,0,2.101597755,1.728673507
2612,0,1.922773334,1.816756126
2613,0,1.264146236,0.974683400
2614,0,-0.000000000,0.000000000
2615,0,1.000000000,1.000000000
2616,0,0.302292189,0.080000000
2617,0,0.999999424,0.999106345
2618,0,1.021928037,0.400000000
2619,0,0.999984445,0.995356277
2620,0,1.870945928,1.200000000
2621,0,1.442359945,1.094447827
2622,0,1.955365335,2.041540518
2623,0,1.965664520,1.687315333
2624,0,1.674917563,1.345059045
2625,0,1.785085135,1.437657710
2626,0,0.447504775,0.373340064
2627,0,1.078041005,1.033926354
2628,0,1.974061532,1.450235993
2629,0,1.215746569,1.095441156
2630,0,0.344466414,0.101287117
2631,0,1.016215827,1.003620750
2632,0,0.308801464,0.083813272
2633,0,1.012577043,1.001325818
2634,0,1.025902218,1.800319007
2635,0,1.530160183,1.224040688
2636,0,1.555792950,1.186701472
2637,0,1.651419472,1.991922205
2638,0,2.084693890,2.794268574
2639,0,1.300805239,1.331283672
2640,0,1.156247601,0.497652073
2641,0,1.073401642,1.101545967
2642,0,0.385651883,0.248008656
2643,0,1.079997874,1.156462752
2644,0,0.030737416,0.048065149
2645,0,1.006035819,1.006585642
2646,0,1.028007794,0.407708610
2647,0,1.046770215,1.004599741
2648,0,0.307810290,0.082191649
2649,0,1.051894844,1.006605278
2650,0,1.036152017,0.408034014
2651,0,1.045277458,1.008979771
2652,0,1.880193276,1.398027320
2653,0,0.999856156,0.985878959
2654,0,0.302289312,0.080000000
2655,0,1.010759604,1.000088438
2656,0,0.303236418,0.080306154
2657,0,0.999999418,1.000897936
2658,0,-0.000000000,0.000000000
2659,0,1.000000000,1.000000000
2660,0,0.302292189,0.080000000
2661,0,1.010784836,1.001785714
2662,0,-0.000000000,0.000000000
2663,0,1.000000000,1.000000000
2664,0,-0.000000000,0.000000000
2665,0,1.000000000,1.000000000
2666,0,1.870950594,2.000000000
2667,0,1.115135655,1.028571429
2668,0,0.317490439,0.084962493
2669,0,1.226752587,1.044838398
2670,0,-0.000000000,0.000000000
2671,0,1.000000000,1.000000000
2672,0,1.021928095,2.000000000
2673,0,1.659062487,1.190196078
2674,0,1.346252956,0.605008431
2675,0,0.999947465,1.008533964
2676,0,0.302291138,0.080000000
2677,0,0.999999596,1.000748759
2678,0,0.302292181,0.080000000
2679,0,0.999999407,1.000906368
2680,0,-0.000000000,0.000000000
2681,0,1.000000000,1.000000000
2682,0,-0.000000000,0.000000000
2683,0,1.000000000,1.000000000
2684,0,-0.000000000,0.000000000
2685,0,1.000000000,1.000000000
2686,0,0.302292189,0.080000000
2687,0,0.999999424,0.999106345
2688,0,-0.000000000,0.000000000
2689,0,1.000000000,1.000000000
2690,0,0.302292189,0.080000000
2691,0,0.999999424,1.000893655
2692,0,1.870950422,1.200000000
2693,0,0.999843298,0.985261358
2694,0,0.302289055,1.960000000
2695,0,1.010758496,1.002033529
2696,0,-0.000000000,0.000000000
2697,0,1.000000000,1.000000000
2698,0,1.021928095,0.400000000
2699,0,0.999984960,1.004566210
2700,0,0.302291888,0.080000000
2701,0,1.050617556,1.006295282
2702,0,-0.000000000,0.000000000
2703,0,1.000000000,1.000000000
2704,0,-0.000000000,0.000000000
2705,0,1.000000000,1.000000000
2706,0,0.302292189,0.080000000
2707,0,1.050654972,1.006444444
2708,0,-0.000000000,0.000000000
2709,0,1.000000000,1.000000000
2710,0,1.870950594,1.400000000
2711,0,1.508326883,1.541666667
2712,0,1.674237161,1.190764712
2713,0,0.990785581,0.887098814
2714,0,0.302107901,0.080000000
2715,0,1.010980146,1.002304906
2716,0,1.872820265,1.202080805
2717,0,0.999861868,1.013837827
2718,0,1.021914282,0.400000000
2719,0,1.044098365,1.000475365
2720,0,1.033577405,0.406492515
2721,0,1.044855746,1.009263845
2722,0,1.033803606,0.406616357
2723,0,0.999985132,0.995460066
2724,0,0.302291892,0.080000000
2725,0,1.050617771,1.006354655
2726,0,1.035606421,2.001176544
2727,0,1.667291349,1.194526486
2728,0,1.805585384,2.190144356
2729,0,1.235309622,1.084264982
2730,0,-0.000000000,0.000000000
2731,0,1.000000000,1.000000000
2732,0,1.021928095,0.400000000
2733,0,0.999984960,0.995433790
2734,0,1.021926591,0.400000000
2735,0,1.190788742,1.031770675
2736,0,-0.000000000,0.000000000
2737,0,1.000000000,1.000000000
2738,0,1.021928095,0.400000000
2739,0,0.999984960,1.004566210
2740,0,1.870946082,2.002739726
2741,0,1.507457928,1.209444021
2742,0,1.674469451,1.190065760
2743,0,1.713207344,1.337020023
2744,0,2.006328895,2.242246052
2745,0,0.994305780,1.088788928
2746,0,1.869242329,2.053273357
2747,0,1.448723134,1.123007382
2748,0,0.390232485,0.109779400
2749,0,1.067796633,1.006321435
2750,0,1.041153267,0.410706615
2751,0,0.999991053,1.003521764
2752,0,0.302292010,0.080000000
2753,0,0.999999344,1.000953450
2754,0,1.021928029,0.400000000
2755,0,0.999984410,0.995351091
2756,0,1.021926536,0.400000000
2757,0,1.190786175,1.031483024
2758,0,1.089105580,0.438228284
2759,0,0.999995328,0.997455000
2760,0,1.021927628,0.400000000
2761,0,1.044188190,1.009308687
2762,0,-0.000000000,0.000000000
2763,0,1.000000000,1.000000000
2764,0,-0.000000000,0.000000000
2765,0,1.000000000,1.000000000
2766,0,0.302292189,0.080000000
2767,0,1.010784836,1.001785714
2768,0,-0.000000000,0.000000000
2769,0,1.000000000,1.000000000
2770,0,-0.000000000,0.000000000
2771,0,1.000000000,1.000000000
2772,0,1.021928095,0.400000000
2773,0,1.190930197,1.032222222
2774,0,-0.000000000,0.000000000
2775,0,1.000000000,1.000000000
2776,0,1.021928095,0.400000000
2777,0,1.190930197,1.031111111
2778,0,-0.000000000,0.000000000
2779,0,1.000000000,1.000000000
2780,0,0.302292189,0.080000000
2781,0,1.010784836,1.000334821
2782,0,1.024228392,2.000053304
2783,0,0.999984993,0.995438855
2784,0,-0.000000000,0.000000000
2785,0,1.000000000,1.000000000
2786,0,0.302292189,0.080000000
2787,0,1.010784836,1.001785714
2788,0,1.872752561,1.399489841
2789,0,1.443456332,1.093475993
2790,0,0.389374352,0.109464992
2791,0,1.278798862,1.042688656
2792,0,1.128837480,0.461672652
2793,0,1.216917547,1.044296010
2794,0,1.622748859,1.042977327
2795,0,1.198676343,1.034811628
2796,0,1.092134928,0.439851979
2797,0,1.048503967,1.005571760
2798,0,-0.000000000,0.000000000
2799,0,1.000000000,1.000000000
2800,0,1.021928095,2.000000000
2801,0,0.999984960,1.004566210
2802,0,1.870946082,2.002739726
2803,0,1.115019154,1.029798337
2804,0,0.317479488,0.084959117
2805,0,1.011397486,1.000400854
2806,0,1.506593496,2.001088609
2807,0,1.181459964,1.009685522
2808,0,1.911441220,1.386291733
2809,0,1.121421515,1.028343807
2810,0,1.060689701,0.421789223
2811,0,1.199735224,1.034869229
2812,0,-0.000000000,0.000000000
2813,0,1.000000000,1.000000000
2814,0,-0.000000000,0.000000000
2815,0,1.000000000,1.000000000
2816,0,-0.000000000,0.000000000
2817,0,1.000000000,1.000000000
2818,0,-0.000000000,0.000000000
2819,0,1.000000000,1.000000000
2820,0,-0.000000000,0.000000000
2821,0,1.000000000,1.000000000
2822,0,1.500000000,1.000000000
2823,0,1.633875355,1.155555556
2824,0,-0.000000000,0.000000000
2825,0,1.000000000,1.000000000
2826,0,1.021928095,0.400000000
2827,0,1.044208200,1.001704545
2828,0,-0.000000000,0.000000000
2829,0,1.000000000,1.000000000
2830,0,-0.000000000,0.000000000
2831,0,1.000000000,1.000000000
2832,0,1.021928095,2.000000000
2833,0,0.999984960,0.995433790
2834,0,1.870946082,1.200000000
2835,0,1.115019154,1.004082187
2836,0,-0.000000000,0.000000000
2837,0,1.000000000,1.000000000
2838,0,1.021928095,0.400000000
2839,0,0.999984960,1.004566210
2840,0,1.870946082,2.002739726
2841,0,0.999821074,1.015749074
2842,0,1.870896917,2.009449444
2843,0,1.114723709,1.032802529
2844,0,-0.000000000,0.000000000
2845,0,1.000000000,1.000000000
2846,0,0.302292189,0.080000000
2847,0,1.010784836,1.000334821
2848,0,1.872752561,2.000229400
2849,0,1.115368889,1.005449796
2850,0,0.317527042,0.084974448
2851,0,0.999999436,0.999116157
2852,0,0.302292178,1.960000000
2853,0,0.999999404,1.000908662
2854,0,0.302292177,0.080000000
2855,0,1.010783218,1.000318967
2856,0,1.506218185,1.001304622
2857,0,0.999529490,1.025538088
2858,0,1.870809442,2.015322853
2859,0,1.503312366,2.480596573
2860,0,1.675452465,1.732749643
2861,0,2.298428321,2.483591457
2862,0,1.976781142,1.572596924
2863,0,1.878649425,2.568022375
2864,0,1.871631753,1.506386461
2865,0,1.238253958,0.817810357
2866,0,0.345398555,0.094698274
2867,0,0.999977905,1.005534409
2868,0,0.302291747,1.960000000
2869,0,1.050700228,1.006133672
2870,0,1.035628119,0.407638898
2871,0,1.045019436,1.008756581
2872,0,0.307216283,0.081599338
2873,0,1.051556809,1.006620492
2874,0,0.308069028,0.081877378
2875,0,1.011026626,1.001726529
2876,0,0.303262207,0.080314427
2877,0,0.999999427,1.000891020
2878,0,1.870950423,1.200000000
2879,0,1.442639798,1.096402331
2880,0,0.389164228,0.109391230
2881,0,0.999999907,1.000358533
2882,0,0.302292187,0.080000000
2883,0,0.999999432,1.000887568
2884,0,0.302292178,0.080000000
2885,0,1.050647704,1.006236423
2886,0,1.035614290,0.407632274
2887,0,1.194125425,1.033471258
2888,0,0.331348105,0.089555742
2889,0,1.056157874,1.006480342
2890,0,1.532956223,1.008876043
2891,0,1.643875665,1.155101188
2892,0,0.453175951,0.132574853
2893,0,1.079736706,1.007476543
2894,0,1.887649088,1.989741235
2895,0,2.112908941,1.722703821
2896,0,2.443976382,2.041192823
2897,0,1.819615471,1.833108207
2898,0,1.409536439,1.228619929
2899,0,1.523818510,1.772525435
2900,0,1.951867318,1.272916790
2901,0,2.079428906,1.448401460
2902,0,1.656366002,1.452773835
2903,0,1.722629355,1.744417431
2904,0,0.525370871,0.165041713
2905,0,0.999569369,1.024431993
2906,0,0.302283576,0.080000000
2907,0,1.010828067,1.001374904
2908,0,1.024237388,0.401281510
2909,0,0.999985269,1.004519040
2910,0,1.499992634,1.000000000
2911,0,1.633364914,1.157363172
2912,0,2.002776707,1.337861417
2913,0,1.534195052,1.161933926
2914,0,1.264923534,0.548296751
2915,0,1.806286946,1.283537180
2916,0,2.020648166,2.172820332
2917,0,2.228681567,1.915007873
2918,0,1.982990769,2.358324256
2919,0,0.986203028,1.138078294
2920,0,-0.000000000,0.000000000
2921,0,1.000000000,1.000000000
2922,0,0.302292189,0.080000000
2923,0,1.050654972,1.006444444
2924,0,1.880819478,1.212122538
2925,0,1.116626838,1.007137749
2926,0,0.317718096,0.085036691
2927,0,0.999999479,1.000849981
2928,0,1.021928043,0.400000000
2929,0,1.658984421,1.145143791
2930,0,2.005458209,1.460115043
2931,0,0.999663909,0.978415622
2932,0,0.302285467,0.080000000
2933,0,0.999999800,0.999472826
2934,0,0.302292185,0.080000000
2935,0,1.010783897,1.000325623
2936,0,-0.000000000,0.000000000
2937,0,1.000000000,1.000000000
2938,0,1.870950594,2.000000000
2939,0,1.115135655,1.028571429
2940,0,-0.000000000,0.000000000
2941,0,1.000000000,1.000000000
2942,0,0.302292189,0.080000000
2943,0,1.216063438,1.041991342
2944,0,1.100187131,0.444732109
2945,0,0.999997810,0.998257751
2946,0,1.870949938,1.400000000
2947,0,0.999838293,0.985027875
2948,0,1.021911924,1.800000000
2949,0,1.044089249,1.010372026
2950,0,0.307103365,0.081563031
2951,0,0.999999393,0.999083016
2952,0,1.021928034,0.400000000
2953,0,0.999984431,1.004645746
2954,0,-0.000000000,0.000000000
2955,0,1.000000000,1.000000000
2956,0,-0.000000000,0.000000000
2957,0,1.000000000,1.000000000
2958,0,1.021928095,0.400000000
2959,0,0.999984960,0.995433790
2960,0,0.302291888,0.080000000
2961,0,1.010776696,1.000255150
2962,0,-0.000000000,0.000000000
2963,0,1.000000000,1.000000000
2964,0,1.021928095,1.800000000
2965,0,1.190930197,1.032222222
2966,0,0.330757837,0.089359612
2967,0,1.011981691,1.001497894
2968,0,1.872985182,1.202301549
2969,0,2.102851149,1.463214584
2970,0,0.723011315,0.244251866
2971,0,1.134470941,1.032474841
2972,0,1.900983810,1.392616130
2973,0,0.999988814,1.003937875
2974,0,-0.000000000,0.000000000
2975,0,1.000000000,1.000000000
2976,0,1.021928095,0.400000000
2977,0,1.190930197,1.031111111
2978,0,-0.000000000,0.000000000
2979,0,1.000000000,1.000000000
2980,0,1.021928095,0.400000000
2981,0,1.190930197,1.031111111
2982,0,0.334537240,0.090597458
2983,0,0.999999579,0.999235862
2984,0,0.302292181,0.080000000
2985,0,0.999999407,0.999093371
2986,0,-0.000000000,0.000000000
2987,0,1.000000000,1.000000000
2988,0,1.870950594,2.000000000
2989,0,1.442705945,1.093333333
2990,0,0.389175081,0.109395083
2991,0,0.999999903,0.999633131
2992,0,-0.000000000,0.000000000
2993,0,1.000000000,1.000000000
2994,0,0.302292189,0.080000000
2995,0,0.999999424,1.000893655
2996,0,0.302292178,0.080000000
2997,0,0.999999404,1.000908828
2998,0,0.302292177,0.080000000
2999,0,1.010783217,1.000318964
3000,0,1.872752006,1.202044766
3001,0,1.115368380,1.028572572
3002,0,1.058419339,0.420514205
3003,0,1.199122597,1.032451197
3004,0,-0.000000000,0.000000000
3005,0,1.000000000,1.000000000
3006,0,0.302292189,0.080000000
3007,0,1.050654972,1.006222222
3008,0,0.307950877,0.081838984
3009,0,1.011021502,1.001729189
3010,0,0.303261705,0.080314266
3011,0,0.999999427,0.999108907
3012,0,1.021928038,1.800000000
3013,0,0.999984446,1.004643501
3014,0,0.302291878,0.080000000
3015,0,0.999999318,1.000972495
3016,0,0.302292175,0.080000000
3017,0,1.050647009,1.006425211
3018,0,1.035614107,0.407632186
3019,0,1.045016860,1.002263302
3020,0,1.033850228,0.406641436
3021,0,0.999985480,0.995513397
3022,0,0.302291899,0.080000000
3023,0,1.050618209,1.006355709
3024,0,1.035606536,0.407628561
3025,0,1.045015468,1.008785797
3026,0,-0.000000000,0.000000000
3027,0,1.000000000,1.000000000
3028,0,1.021928095,0.400000000
3029,0,0.999984960,0.995433790
3030,0,-0.000000000,0.000000000
3031,0,1.000000000,1.000000000
3032,0,1.021928095,0.400000000
3033,0,0.999984960,1.004566210
3034,0,-0.000000000,0.000000000
3035,0,1.000000000,1.000000000
3036,0,1.021928095,0.400000000
3037,0,1.190930197,1.032222222
3038,0,1.913428813,2.019302288
3039,0,0.999959289,0.992487528
3040,0,0.302291375,0.080000000
3041,0,1.010771435,1.000203743
3042,0,-0.000000000,0.000000000
3043,0,1.000000000,1.000000000
3044,0,1.021928095,0.400000000
3045,0,1.044208200,1.001704545
3046,0,1.033603662,0.406505016
3047,0,1.193539062,1.032914572
3048,0,1.090271862,0.438902747
3049,0,1.207052473,1.031830176
3050,0,1.096061776,1.992141070
3051,0,1.703803939,1.876172473
3052,0,1.819350601,1.145484854
3053,0,0.998690569,0.957400616
3054,0,-0.000000000,0.000000000
3055,0,1.000000000,1.000000000
3056,0,1.870950594,1.200000000
3057,0,0.999848483,0.985507246
3058,0,1.870905139,1.200000000
3059,0,0.999753648,1.018479630
3060,0,1.021903460,2.003695926
3061,0,0.999972548,1.006168945
3062,0,0.302291640,0.080000000
3063,0,1.050604406,1.006320925
3064,0,1.035602911,0.407626826
3065,0,1.045014802,1.002247350
3066,0,1.033849688,0.406641164
3067,0,1.044886955,1.009094345
3068,0,1.033812161,0.406620813
3069,0,1.044881750,1.001867309
3070,0,1.033810764,0.406620094
3071,0,0.999985226,1.004525547
3072,0,1.870946162,2.002715328
3073,0,0.999821328,1.015737887
3074,0,0.302288616,0.080000000
3075,0,1.050525719,1.006474028
3076,0,0.307937837,0.081835058
3077,0,1.051714659,1.006283715
3078,0,1.035949841,0.407818518
3079,0,1.194211574,1.031244322
3080,0,1.914259121,1.385231996
3081,0,1.465931073,1.092027087
3082,0,0.395276154,0.111544855
3083,0,1.283704579,1.063215022
3084,0,1.131086114,2.014598615
3085,0,0.999999438,1.000882520
3086,0,0.302292178,0.080000000
3087,0,1.216093058,1.042020599
3088,0,0.335608390,0.090982623
3089,0,1.056993121,1.006467034
3090,0,0.308784344,0.082109426
3091,0,1.011059320,1.000489608
3092,0,0.303265380,0.080315446
3093,0,1.010824441,1.001786039
3094,0,1.872760064,1.399488157
3095,0,1.115381282,1.028566960
3096,0,1.058432363,0.420517490
3097,0,0.999998434,1.004477943
3098,0,0.302294536,0.080000860
3099,0,1.010779219,1.000257630
3100,0,1.024229134,0.401277423
3101,0,1.044338037,1.009109230
3102,0,0.000002857,0.000001305
3103,0,1.000000082,1.000000020
3104,0,0.000000106,0.000000035
3105,0,1.000000023,1.000000007
3106,0,1.021928118,0.400000007
3107,0,1.190930204,1.032222224
3108,0,1.089151672,0.438252492
3109,0,0.999995585,1.002475609
3110,0,0.000000008,0.000000003
3111,0,1.000000004,1.000000001
3112,0,1.870950602,1.200000003
3113,0,1.442705947,1.096666667
3114,0,0.000000011,0.000000004
3115,0,1.000000002,1.000000001
3116,0,0.302292190,0.080000000
3117,0,0.999999426,1.000893656
3118,0,1.870950422,2.000536193
3119,0,0.999843298,1.014738642
3120,0,1.870903584,1.200000000
3121,0,1.114750995,1.032531117
3122,0,0.317454886,0.084951598
3123,0,1.053380024,1.006855993
3124,0,1.036483353,0.408117482
3125,0,1.194331484,1.033558784
3126,0,-0.000000000,0.000000000
3127,0,1.000000000,1.000000000
3128,0,1.021928095,0.400000000
3129,0,1.044208200,1.001704545
3130,0,-0.000000000,0.000000000
3131,0,1.000000000,1.000000000
3132,0,-0.000000000,0.000000000
3133,0,1.000000000,1.000000000
3134,0,-0.000000000,0.000000000
3135,0,1.000000000,1.000000000
3136,0,0.302292189,0.080000000
3137,0,1.010784836,1.000334821
3138,0,1.024228392,0.401277276
3139,0,0.999984993,0.995438855
3140,0,-0.000000000,0.000000000
3141,0,1.000000000,1.000000000
3142,0,-0.000000000,0.000000000
3143,0,1.000000000,1.000000000
3144,0,1.500000000,1.000000000
3145,0,1.633875355,1.155555556
3146,0,0.450009325,0.131401338
3147,0,0.999998754,1.001314045
3148,0,1.870950221,1.200000000
3149,0,0.999855949,0.985868816
3150,0,0.302289308,0.080000000
3151,0,1.215587258,1.041522843
3152,0,0.335537871,0.090960365
3153,0,0.999999898,0.999623146
3154,0,-0.000000000,0.000000000
3155,0,1.000000000,1.000000000
3156,0,-0.000000000,0.000000000
3157,0,1.000000000,1.000000000
3158,0,0.302292189,0.080000000
3159,0,0.999999424,0.999106345
3160,0,1.870950422,1.999463807
3161,0,1.508157759,1.540890809
3162,0,2.020236234,1.293326236
3163,0,0.990835928,1.112592978
3164,0,1.021011688,0.400000000
3165,0,0.999980459,1.005204806
3166,0,1.499990229,1.000000000
3167,0,1.181159283,1.011919057
3168,0,1.911344450,2.007844275
3169,0,2.125843490,1.488422890
3170,0,1.711656213,0.931275681
3171,0,0.999204403,1.033207364
3172,0,0.302276277,0.080000000
3173,0,0.999999922,1.000329822
3174,0,1.021928087,0.400000000
3175,0,0.999984771,1.004594818
3176,0,1.021926572,0.400000000
3177,0,0.999982220,0.995035257
3178,0,1.499991110,1.000000000
3179,0,0.999432118,0.971943825
3180,0,1.499716059,1.000000000
3181,0,1.179383928,1.063172858
3182,0,1.862925217,2.007025908
3183,0,0.999361551,1.029748073
3184,0,-0.000000000,0.000000000
3185,0,1.000000000,1.000000000
3186,0,-0.000000000,0.000000000
3187,0,1.000000000,1.000000000
3188,0,0.302292189,0.080000000
3189,0,0.999999424,0.999106345
3190,0,-0.000000000,0.000000000
3191,0,1.000000000,1.000000000
3192,0,1.021928095,2.000000000
3193,0,0.999984960,1.004566210
3194,0,1.021926591,0.400000000
3195,0,1.190788742,1.031770675
3196,0,-0.000000000,0.000000000
3197,0,1.000000000,1.000000000
3198,0,-0.000000000,0.000000000
3199,0,1.000000000,1.000000000
3200,0,-0.000000000,0.000000000
3201,0,1.000000000,1.000000000
3202,0,0.302292189,0.080000000
3203,0,1.050654972,1.006444444
3204,0,1.880819478,2.004002038
3205,0,1.447466693,1.099898499
3206,0,1.217525582,0.517015326
3207,0,1.773688530,1.255350864
3208,0,1.420874874,0.660990376
3209,0,0.999781880,1.017388600
3210,0,1.021906283,0.400000000
3211,0,0.999993255,0.996942147
3212,0,1.021927420,0.400000000
3213,0,1.190835527,1.031919835
3214,0,1.913393211,2.018994379
3215,0,1.122262197,1.013836977
3216,0,1.060945498,0.421929385
3217,0,0.999990560,0.996382467
3218,0,1.499995280,1.996382467
3219,0,1.507639446,1.538524552
3220,0,2.020170516,2.413545966
3221,0,1.291723876,1.181780786
3222,0,1.135112877,0.466422804
3223,0,0.999820546,1.015772303
3224,0,-0.000000000,0.000000000
3225,0,1.000000000,1.000000000
3226,0,1.021928095,0.400000000
3227,0,1.190930197,1.031111111
3228,0,1.089151666,1.993946580
3229,0,1.699202911,1.877561046
3230,0,1.817437351,1.867413637
3231,0,2.321480748,2.496280915
3232,0,1.928243816,1.592340318
3233,0,2.281575350,1.428186675
3234,0,1.923035381,1.324333000
3235,0,0.962741777,0.773715503
3236,0,1.018202273,0.400000000
3237,0,1.677605469,1.132971977
3238,0,1.353082330,0.610631775
3239,0,0.999731989,0.980725153
3240,0,1.021901294,0.400000000
3241,0,1.044356962,1.003416898
3242,0,-0.000000000,0.000000000
3243,0,1.000000000,1.000000000
3244,0,1.500000000,1.000000000
3245,0,0.999525689,1.025641026
3246,0,0.302282703,0.080000000
3247,0,1.050443959,1.005937322
3248,0,-0.000000000,0.000000000
3249,0,1.000000000,1.000000000
3250,0,0.302292189,0.080000000
3251,0,1.010784836,1.000334821
3252,0,1.024228392,0.401277276
3253,0,1.044337928,1.001732399
3254,0,1.879475398,1.397412166
3255,0,0.999852680,0.985709354
3256,0,0.302289243,0.080000000
3257,0,1.215581864,1.041517556
3258,0,1.100024667,0.444647735
3259,0,0.999997426,0.998110971
3260,0,1.499998713,1.998110971
3261,0,0.999491076,0.973439965
3262,0,0.302282011,0.080000000
3263,0,1.010737227,1.002232290
3264,0,1.872736272,2.000157350
3265,0,1.115353989,1.028709157
3266,0,1.058415727,1.999154745
3267,0,1.199116748,1.032464097
3268,0,-0.000000000,0.000000000
3269,0,1.000000000,1.000000000
3270,0,0.302292189,0.080000000
3271,0,1.010784836,1.001785714
3272,0,1.024228392,0.401277276
3273,0,1.044337928,1.009101367
3274,0,-0.000000000,0.000000000
3275,0,1.000000000,1.000000000
3276,0,-0.000000000,0.000000000
3277,0,1.000000000,1.000000000
3278,0,1.021928095,0.400000000
3279,0,1.190930197,1.031111111
3280,0,1.089151666,0.438252490
3281,0,1.699202911,1.211817484
3282,0,-0.000000000,0.000000000
3283,0,1.000000000,1.000000000
3284,0,1.021928095,1.800000000
3285,0,1.044208200,1.009090909
3286,0,0.307114252,0.081566298
3287,0,1.010979715,1.000363770
3288,0,1.024275460,2.000060029
3289,0,1.191454764,1.032363751
3290,0,1.881848801,2.132467646
3291,0,0.999885558,0.987404501
3292,0,-0.000000000,0.000000000
3293,0,1.000000000,1.000000000
3294,0,-0.000000000,0.000000000
3295,0,1.000000000,1.000000000
3296,0,1.870950594,2.000000000
3297,0,2.101710523,1.842857143
3298,0,2.014897675,1.276977343
3299,0,1.171708463,0.969010468
3300,0,1.080698192,0.433421939
3301,0,1.048322749,1.011207418
3302,0,0.307621237,0.081729647
3303,0,1.011019789,1.000555131
3304,0,0.303261300,0.080314111
3305,0,1.010824413,1.001784750
3306,0,1.872760080,1.202053499
3307,0,2.102653183,1.352906795
3308,0,1.923134706,1.815706988
3309,0,1.264233706,0.974172447
3310,0,1.932086920,1.286429584
3311,0,0.999405346,1.028709804
3312,0,1.870772198,2.017225883
3313,0,1.115813194,1.013376535
3314,0,-0.000000000,0.000000000
3315,0,1.000000000,1.000000000
3316,0,1.500000000,2.000000000
3317,0,1.633875355,1.155555556
3318,0,0.450009325,0.131401338
3319,0,1.017163927,1.003471453
3320,0,-0.000000000,0.000000000
3321,0,1.000000000,1.000000000
3322,0,1.870950594,1.400000000
3323,0,0.999848483,0.985507246
3324,0,-0.000000000,0.000000000
3325,0,1.000000000,1.000000000
3326,0,1.870950594,2.000000000
3327,0,1.115135655,1.028571429
3328,0,1.058332487,1.791913370
3329,0,0.999985490,0.995515065
3330,0,-0.000000000,0.000000000
3331,0,1.000000000,1.000000000
3332,0,-0.000000000,0.000000000
3333,0,1.000000000,1.000000000
3334,0,1.021928095,0.400000000
3335,0,1.659062487,1.145098039
3336,0,2.005473110,1.335105463
3337,0,1.146175302,1.048893608
3338,0,1.903375127,2.034477219
3339,0,1.121124925,1.021081254
3340,0,1.768376881,2.088577454
3341,0,0.999828119,0.984564058
3342,0,-0.000000000,0.000000000
3343,0,1.000000000,1.000000000
3344,0,-0.000000000,0.000000000
3345,0,1.000000000,1.000000000
3346,0,0.302292189,0.080000000
3347,0,1.010784836,1.001785714
3348,0,0.303238394,0.080306742
3349,0,1.010823040,1.000340490
3350,0,-0.000000000,0.000000000
3351,0,1.000000000,1.000000000
3352,0,-0.000000000,0.000000000
3353,0,1.000000000,1.000000000
3354,0,-0.000000000,0.000000000
3355,0,1.000000000,1.000000000
3356,0,1.021928095,0.400000000
3357,0,0.999984960,1.004566210
3358,0,1.499992480,2.004566210
3359,0,0.999439939,1.027862327
3360,0,1.870782576,1.400000000
3361,0,0.999645869,0.977843958
3362,0,0.302285106,0.080000000
3363,0,1.215315254,1.032287104
3364,0,0.335500140,0.090948469
3365,0,1.012185411,1.001417759
3366,0,0.303377438,0.080351618
3367,0,1.216854694,1.032164341
3368,0,-0.000000000,0.000000000
3369,0,1.000000000,1.000000000
3370,0,1.870950594,1.400000000
3371,0,1.442705945,1.096666667
3372,0,1.215018433,0.515411726
3373,0,0.999997720,0.998222073
3374,0,1.021927867,0.400000000
3375,0,1.044222128,1.001862484
3376,0,1.033607016,1.797430054
3377,0,0.999985231,1.004524792
3378,0,0.302291894,0.080000000
3379,0,1.050617895,1.006294619
3380,0,0.307947129,0.081837855
3381,0,1.051719683,1.006277784
3382,0,1.881062858,1.212417023
3383,0,2.107910365,1.354898901
3384,0,1.696687364,0.914239808
3385,0,1.378759900,1.035952364
3386,0,-0.000000000,0.000000000
3387,0,1.000000000,1.000000000
3388,0,-0.000000000,0.000000000
3389,0,1.000000000,1.000000000
3390,0,1.021928095,0.400000000
3391,0,1.190930197,1.032222222
3392,0,1.089151666,0.438252490
3393,0,1.206774753,1.031843218
3394,0,0.333718274,0.090344662
3395,0,1.012118137,1.001370544
3396,0,0.303370537,0.080349372
3397,0,0.999999442,1.000879505
3398,0,1.021928039,0.400000000
3399,0,1.190902992,1.031181472
3400,0,-0.000000000,0.000000000
3401,0,1.000000000,1.000000000
3402,0,-0.000000000,0.000000000
3403,0,1.000000000,1.000000000
3404,0,-0.000000000,0.000000000
3405,0,1.000000000,1.000000000
3406,0,-0.000000000,0.000000000
3407,0,1.000000000,1.000000000
3408,0,1.870950594,1.200000000
3409,0,0.999848483,1.014492754
3410,0,-0.000000000,0.000000000
3411,0,1.000000000,1.000000000
3412,0,1.021928095,0.400000000
3413,0,0.999984960,1.004566210
3414,0,0.302291888,0.080000000
3415,0,0.999999320,1.000971183
3416,0,0.302292175,0.080000000
3417,0,1.050647020,1.006237761
3418,0,-0.000000000,0.000000000
3419,0,1.000000000,1.000000000
3420,0,-0.000000000,0.000000000
3421,0,1.000000000,1.000000000
3422,0,1.021928095,0.400000000
3423,0,0.999984960,1.004566210
3424,0,1.021926591,0.400000000
3425,0,0.999982237,0.995037738
3426,0,0.302291834,0.080000000
3427,0,1.050614307,1.006301618
3428,0,-0.000000000,0.000000000
3429,0,1.000000000,1.000000000
3430,0,0.302292189,0.080000000
3431,0,1.010784836,1.001785714
3432,0,1.024228392,0.401277276
3433,0,1.044337928,1.001732399
3434,0,1.879475398,2.001181351
3435,0,1.446510272,1.098323864
3436,0,0.390187245,0.109750321
3437,0,0.999999878,1.000410417
3438,0,-0.000000000,0.000000000
3439,0,1.000000000,1.000000000
3440,0,-0.000000000,0.000000000
3441,0,1.000000000,1.000000000
3442,0,0.302292189,0.080000000
3443,0,1.050654972,1.006444444
3444,0,0.307950877,0.081838984
3445,0,0.999999521,0.999185048
3446,0,0.302292180,0.080000000
3447,0,1.050648299,1.006235261
3448,0,0.307950202,0.081838781
3449,0,1.011021422,1.001729656
3450,0,-0.000000000,0.000000000
3451,0,1.000000000,1.000000000
3452,0,1.021928095,0.400000000
3453,0,1.190930197,1.032222222
3454,0,-0.000000000,0.000000000
3455,0,1.000000000,1.000000000
3456,0,-0.000000000,0.000000000
3457,0,1.000000000,1.000000000
3458,0,-0.000000000,0.000000000
3459,0,1.000000000,1.000000000
3460,0,1.021928095,0.400000000
3461,0,1.190930197,1.031111111
3462,0,1.978509881,1.278980772
3463,0,1.811041920,1.396549357
3464,0,1.519281800,0.991160936
3465,0,1.590890359,1.099762044
3466,0,2.370923172,1.668550430
3467,0,1.774285086,1.389196126
3468,0,1.497980738,1.231078835
3469,0,1.605143430,1.066918180
3470,0,1.533510042,2.451495827
3471,0,0.886936341,0.339078794
3472,0,1.755857346,1.395956325
3473,0,1.991033157,1.445356274
3474,0,1.389383297,1.574619087
3475,0,1.509942588,1.340496086
3476,0,1.035934266,1.240282560
3477,0,0.890869681,0.616031486
3478,0,1.838211499,1.769618892
3479,0,1.525368453,1.051244214
3480,0,0.638914628,0.284294585
3481,0,1.279314859,1.137941320
3482,0,0.484972383,0.190389196
3483,0,1.090082117,1.015100486
3484,0,-0.000000000,0.000000000
3485,0,1.000000000,1.000000000
3486,0,1.500000000,1.000000000
3487,0,1.180906651,1.050000000
3488,0,-0.000000000,0.000000000
3489,0,1.000000000,1.000000000
3490,0,0.302292189,0.080000000
3491,0,1.046407858,1.009573770
3492,0,1.024329262,1.971716076
3493,0,1.439096492,1.499700000
3494,0,1.520088973,0.836061851
3495,0,1.397616405,1.115007204
3496,0,0.454299107,0.346480840
3497,0,1.012051466,1.003557967
3498,0,1.506618220,2.002371978
3499,0,1.539633115,1.290738895
3500,0,2.286791601,1.529055557
3501,0,1.673524422,1.105539476
3502,0,0.241392529,0.159215752
3503,0,1.193793923,1.107276317
3504,0,1.893321975,1.999540693
3505,0,1.771001294,1.626643888
3506,0,1.353416815,2.073643660
3507,0,1.775075427,2.551400069
3508,0,0.999280637,0.968423387
3509,0,0.470945143,0.201231944
3510,0,0.268869364,0.096958915
3511,0,0.170214014,0.050588654
3512,0,0.560592052,0.262306160
3513,0,-0.000000000,0.000000000
3514,0,-0.000000000,0.000000000
3515,0,0.143726170,0.040816327
3516,0,0.161893568,0.047457627
3517,0,0.164840316,0.048560136
3518,0,-0.000000000,0.000000000
3519,0,0.282292189,0.080000000
3520,0,0.179256067,0.054054054
3521,0,0.558629373,0.260869565
3522,0,0.752212173,1.568627451
3523,0,-0.000000000,0.000000000
3524,0,0.143726170,0.040816327
3525,0,0.102899790,0.026905830
3526,0,0.534388846,1.756487026
3527,0,0.103367827,0.027056997
3528,0,-0.000000000,0.000000000
3529,0,-0.000000000,0.000000000
3530,0,0.143726170,0.040816327
3531,0,0.023187512,0.004535147
3532,0,0.101427826,0.026431718
3533,0,-0.000000000,0.000000000
3534,0,-0.000000000,0.000000000
3535,0,-0.000000000,0.000000000
3536,0,-0.000000000,0.000000000
3537,0,-0.000000000,0.000000000
3538,0,-0.000000000,0.000000000
3539,0,-0.000000000,0.000000000
3540,0,0.143726170,0.040816327
3541,0,0.004850167,0.000757289
3542,0,0.504155247,0.222820599
3543,0,-0.000000000,0.000000000
3544,0,0.503258335,0.222222222
3545,0,0.021519932,0.004158004
3546,0,0.508167846,0.225508318
3547,0,0.097122578,0.025056480
3548,0,0.154891837,0.044866147
3549,0,0.005275465,0.000832584
3550,0,-0.000000000,0.000000000
3551,0,-0.000000000,0.000000000
3552,0,0.503258335,0.222222222
3553,0,0.095970403,0.024691358
3554,0,1.002458636,1.096663815
3555,0,0.290116657,0.101756788
3556,0,0.613680461,0.303079747
3557,0,-0.000000000,0.000000000
3558,0,0.985228136,0.857142857
3559,0,0.069054382,0.016528926
3560,0,-0.000000000,0.000000000
3561,0,-0.000000000,0.000000000
3562,0,0.503258335,0.222222222
3563,0,0.365055190,0.139534884
3564,0,0.650022422,0.333333333
3565,0,-0.000000000,0.000000000
3566,0,0.143726170,0.040816327
3567,0,0.023187512,0.004535147
3568,0,-0.000000000,0.000000000
3569,0,-0.000000000,0.000000000
3570,0,-0.000000000,0.000000000
3571,0,-0.000000000,0.000000000
3572,0,-0.000000000,0.000000000
3573,0,-0.000000000,0.000000000
3574,0,-0.000000000,0.000000000
3575,0,-0.000000000,0.000000000
3576,0,0.503258335,0.222222222
3577,0,0.021519932,0.004158004
3578,0,0.145582434,0.041482489
3579,0,0.023512068,0.004609165
3580,0,-0.000000000,0.000000000
3581,0,-0.000000000,0.000000000
3582,0,0.985228136,1.142857143
3583,0,0.069054382,0.016528926
3584,0,0.522559375,0.235294118
3585,0,0.100530878,0.026143791
3586,0,-0.000000000,0.000000000
3587,0,-0.000000000,0.000000000
3588,0,0.143726170,0.040816327
3589,0,0.023187512,0.004535147
3590,0,0.508611331,0.225806452
3591,0,0.021821359,0.004225777
3592,0,-0.000000000,0.000000000
3593,0,-0.000000000,0.000000000
3594,0,0.985228136,1.142857143
3595,0,0.779349837,0.461538462
3596,0,-0.000000000,0.000000000
3597,0,-0.000000000,0.000000000
3598,0,-0.000000000,0.000000000
3599,0,-0.000000000,0.000000000
3600,0,-0.000000000,0.000000000
3601,0,-0.000000000,0.000000000
3602,0,0.143726170,0.040816327
3603,0,-0.000000000,0.000000000
3604,0,0.143726170,0.040816327
3605,0,0.004850167,0.000757289
3606,0,-0.000000000,0.000000000
3607,0,-0.000000000,0.000000000
3608,0,-0.000000000,0.000000000
3609,0,-0.000000000,0.000000000
3610,0,0.143726170,0.040816327
3611,0,0.004850167,0.000757289
3612,0,0.144064358,1.959062519
3613,0,0.004862963,0.000759541
3614,0,0.144065364,0.040937841
3615,0,0.004863002,0.000759548
3616,0,0.144065367,0.040937842
3617,0,0.004863002,0.000759548
3618,0,0.504157920,0.222822384
3619,0,-0.000000000,0.000000000
3620,0,-0.000000000,0.000000000
3621,0,-0.000000000,0.000000000
3622,0,0.143726170,0.040816327
3623,0,0.004850167,0.000757289
3624,0,0.985956528,1.141398038
3625,0,0.008804131,0.001357978
3626,0,0.986538697,0.859951045
3627,0,0.523940985,0.236245775
3628,0,0.248547613,0.082743927
3629,0,0.042312035,0.009193770
3630,0,-0.000000000,0.000000000
3631,0,-0.000000000,0.000000000
3632,0,0.503258335,0.222222222
3633,0,0.095970403,0.024691358
3634,0,-0.000000000,0.000000000
3635,0,-0.000000000,0.000000000
3636,0,0.143726170,0.040816327
3637,0,0.004850167,0.000757289
3638,0,0.144064358,0.040937481
3639,0,0.023246603,0.004548609
3640,0,0.508627155,0.225817093
3641,0,-0.000000000,0.000000000
3642,0,-0.000000000,0.000000000
3643,0,-0.000000000,0.000000000
3644,0,0.985228136,0.857142857
3645,0,0.069054382,0.016528926
3646,0,0.151096971,1.956521739
3647,0,-0.000000000,0.000000000
3648,0,0.143726170,0.040816327
3649,0,-0.000000000,0.000000000
3650,0,0.143726170,0.040816327
3651,0,0.004850167,0.000757289
3652,0,0.504155247,0.222820599
3653,0,0.021570303,0.004169317
3654,0,0.145587483,0.041484305
3655,0,0.004920663,0.000769706
3656,0,-0.000000000,0.000000000
3657,0,-0.000000000,0.000000000
3658,0,-0.000000000,0.000000000
3659,0,-0.000000000,0.000000000
3660,0,0.143726170,0.040816327
3661,0,-0.000000000,0.000000000
3662,0,0.503258335,0.222222222
3663,0,-0.000000000,0.000000000
3664,0,0.985228136,0.857142857
3665,0,0.069054382,0.016528926
3666,0,0.151096971,0.043478261
3667,0,-0.000000000,0.000000000
3668,0,0.985228136,1.142857143
3669,0,0.276195428,0.095238095
3670,0,0.185997890,0.056680162
3671,0,-0.000000000,0.000000000
3672,0,0.143726170,0.040816327
3673,0,0.004850167,0.000757289
3674,0,0.144064358,0.040937481
3675,0,-0.000000000,0.000000000
3676,0,0.985228136,1.142857143
3677,0,-0.000000000,0.000000000
3678,0,0.143726170,0.040816327
3679,0,0.545478963,0.251366120
3680,0,-0.000000000,0.000000000
3681,0,-0.000000000,0.000000000
3682,0,0.503258335,0.222222222
3683,0,-0.000000000,0.000000000
3684,0,0.503258335,0.222222222
3685,0,-0.000000000,0.000000000
3686,0,-0.000000000,0.000000000
3687,0,-0.000000000,0.000000000
3688,0,0.143726170,0.040816327
3689,0,0.023187512,0.004535147
3690,0,-0.000000000,0.000000000
3691,0,-0.000000000,0.000000000
3692,0,-0.000000000,0.000000000
3693,0,-0.000000000,0.000000000
3694,0,-0.000000000,0.000000000
3695,0,-0.000000000,0.000000000
3696,0,0.143726170,0.040816327
3697,0,-0.000000000,0.000000000
3698,0,-0.000000000,0.000000000
3699,0,-0.000000000,0.000000000
3700,0,-0.000000000,0.000000000
3701,0,-0.000000000,0.000000000
3702,0,0.503258335,0.222222222
3703,0,0.021519932,0.004158004
3704,0,-0.000000000,0.000000000
3705,0,-0.000000000,0.000000000
3706,0,-0.000000000,0.000000000
3707,0,-0.000000000,0.000000000
3708,0,-0.000000000,0.000000000
3709,0,0.503258335,0.222222222
3710,0,-0.000000000,0.000000000
3711,0,-0.000000000,0.000000000
3712,0,-0.000000000,0.000000000
3713,0,-0.000000000,0.000000000
3714,0,0.503258335,0.222222222
3715,0,-0.000000000,0.000000000
3716,0,0.143726170,0.040816327
3717,0,-0.000000000,0.000000000
3718,0,0.985228136,0.857142857
3719,0,0.069054382,0.016528926
3720,0,0.522559375,0.235294118
3721,0,0.022615977,0.004405286
3722,0,-0.000000000,0.000000000
3723,0,-0.000000000,0.000000000
3724,0,0.143726170,0.040816327
3725,0,-0.000000000,0.000000000
3726,0,0.143726170,0.040816327
3727,0,0.023187512,0.004535147
3728,0,0.145750730,0.041543027
3729,0,-0.000000000,0.000000000
3730,0,0.503258335,0.222222222
3731,0,-0.000000000,0.000000000
3732,0,0.143726170,0.040816327
3733,0,0.004850167,0.000757289
3734,0,0.144064358,0.040937481
3735,0,0.004862963,0.000759541
3736,0,0.144065364,0.040937841
3737,0,0.004863002,0.000759548
3738,0,0.144065367,0.040937842
3739,0,-0.000000000,0.000000000
3740,0,0.143726170,0.040816327
3741,0,0.004850167,0.000757289
3742,0,0.144064358,0.040937481
3743,0,-0.000000000,0.000000000
3744,0,0.503258335,0.222222222
3745,0,-0.000000000,0.000000000
3746,0,0.143726170,0.040816327
3747,0,0.023187512,0.004535147
3748,0,0.145750730,0.041543027
3749,0,-0.000000000,0.000000000
3750,0,-0.000000000,0.000000000
3751,0,-0.000000000,0.000000000
3752,0,-0.000000000,0.000000000
3753,0,-0.000000000,0.000000000
3754,0,0.503258335,0.222222222
3755,0,0.021519932,0.004158004
3756,0,0.145582434,0.041482489
3757,0,0.004920471,0.000769672
3758,0,0.144069888,0.040939462
3759,0,0.004863173,0.000759578
3760,0,0.504157956,0.222822408
3761,0,-0.000000000,0.000000000
3762,0,0.143726170,0.040816327
3763,0,0.023187512,0.004535147
3764,0,-0.000000000,0.000000000
3765,0,-0.000000000,0.000000000
3766,0,0.143726170,0.040816327
3767,0,0.102899790,0.026905830
3768,0,-0.000000000,0.000000000
3769,0,-0.000000000,0.000000000
3770,0,0.503258335,0.222222222
3771,0,-0.000000000,0.000000000
3772,0,-0.000000000,0.000000000
3773,0,-0.000000000,0.000000000
3774,0,0.503258335,1.777777778
3775,0,-0.000000000,0.000000000
3776,0,0.143726170,0.040816327
3777,0,0.004850167,0.000757289
3778,0,-0.000000000,0.000000000
3779,0,-0.000000000,0.000000000
3780,0,0.143726170,0.040816327
3781,0,-0.000000000,0.000000000
3782,0,-0.000000000,0.000000000
3783,0,-0.000000000,0.000000000
3784,0,0.143726170,0.040816327
3785,0,-0.000000000,0.000000000
3786,0,0.985228136,0.857142857
3787,0,0.276195428,0.095238095
3788,0,0.185997890,0.056680162
3789,0,0.006490338,0.001052394
3790,0,0.144196132,0.040984714
3791,0,0.004867951,0.000760419
3792,0,0.144065756,0.040937982
3793,0,-0.000000000,0.000000000
3794,0,0.503258335,0.222222222
3795,0,0.095970403,0.024691358
3796,0,0.088879696,0.022471910
3797,0,1.007555016,1.105403289
3798,0,0.718282660,0.328459133
3799,0,-0.000000000,0.000000000
3800,0,-0.000000000,0.000000000
3801,0,-0.000000000,0.000000000
3802,0,0.143726170,0.040816327
3803,0,-0.000000000,0.000000000
3804,0,0.143726170,0.040816327
3805,0,-0.000000000,0.000000000
3806,0,0.143726170,0.040816327
3807,0,0.004850167,0.000757289
3808,0,0.144064358,0.040937481
3809,0,0.004862963,0.000759541
3810,0,-0.000000000,0.000000000
3811,0,-0.000000000,0.000000000
3812,0,-0.000000000,0.000000000
3813,0,0.143726170,0.040816327
3814,0,1.010576317,0.937586685
3815,0,0.298607904,0.105808361
3816,0,1.027727390,1.050715336
3817,0,-0.000000000,0.000000000
3818,0,0.503258335,0.222222222
3819,0,0.095970403,0.024691358
3820,0,0.154729451,0.044806517
3821,0,-0.000000000,0.000000000
3822,0,-0.000000000,0.000000000
3823,0,-0.000000000,0.000000000
3824,0,0.143726170,0.040816327
3825,0,0.004850167,0.000757289
3826,0,0.504155247,0.222820599
3827,0,0.021570303,0.004169317
3828,0,0.145587483,0.041484305
3829,0,0.023512951,0.004609367
3830,0,0.145783849,0.041554942
3831,0,0.104387930,0.027387164
3832,0,1.003952580,1.091787362
3833,0,0.073529930,0.017835495
3834,0,-0.000000000,0.000000000
3835,0,-0.000000000,0.000000000
3836,0,0.503258335,0.222222222
3837,0,-0.000000000,0.000000000
3838,0,0.143726170,0.040816327
3839,0,0.004850167,0.000757289
3840,0,0.144064358,0.040937481
3841,0,0.004862963,0.000759541
3842,0,0.144065364,0.040937841
3843,0,0.103145085,0.026985030
3844,0,0.155749413,0.045181413
3845,0,0.111598045,0.029747598
3846,0,-0.000000000,0.000000000
3847,0,-0.000000000,0.000000000
3848,0,0.143726170,0.040816327
3849,0,-0.000000000,0.000000000
3850,0,0.503258335,0.222222222
3851,0,-0.000000000,0.000000000
3852,0,0.503258335,0.222222222
3853,0,-0.000000000,0.000000000
3854,0,-0.000000000,0.000000000
3855,0,-0.000000000,0.000000000
3856,0,0.503258335,0.222222222
3857,0,0.095970403,0.024691358
3858,0,0.154729451,1.955193483
3859,0,0.005269238,0.000831475
3860,0,0.144097486,0.040949353
3861,0,0.023252393,0.004549928
3862,0,-0.000000000,0.000000000
3863,0,-0.000000000,0.000000000
3864,0,-0.000000000,0.000000000
3865,0,-0.000000000,0.000000000
3866,0,-0.000000000,0.000000000
3867,0,-0.000000000,0.000000000
3868,0,0.143726170,0.040816327
3869,0,0.004850167,0.000757289
3870,0,0.144064358,0.040937481
3871,0,0.023246603,0.004548609
3872,0,0.508627155,0.225817093
3873,0,-0.000000000,0.000000000
3874,0,0.985228136,0.857142857
3875,0,0.069054382,0.016528926
3876,0,0.522559375,0.235294118
3877,0,0.022615977,0.004405286
3878,0,0.145692782,0.041522180
3879,0,-0.000000000,0.000000000
3880,0,-0.000000000,0.000000000
3881,0,-0.000000000,0.000000000
3882,0,0.143726170,0.040816327
3883,0,0.004850167,0.000757289
3884,0,0.504155247,0.222820599
3885,0,-0.000000000,0.000000000
3886,0,0.503258335,0.222222222
3887,0,0.095970403,0.024691358
3888,0,0.531882603,0.241758242
3889,0,0.023154724,0.004527681
3890,0,0.145747398,0.041541828
3891,0,0.023540936,0.004615759
3892,0,-0.000000000,0.000000000
3893,0,-0.000000000,0.000000000
3894,0,0.503258335,0.222222222
3895,0,0.095970403,0.024691358
3896,0,1.002458636,1.096663815
3897,0,0.290116657,0.101756788
3898,0,0.188881215,0.057814263
3899,0,0.031228475,0.006423807
3900,0,0.990562619,0.870343318
3901,0,-0.000000000,0.000000000
3902,0,0.143726170,0.040816327
3903,0,0.004850167,0.000757289
3904,0,0.985956528,0.858710044
3905,0,-0.000000000,0.000000000
3906,0,-0.000000000,0.000000000
3907,0,-0.000000000,0.000000000
3908,0,0.503258335,0.222222222
3909,0,-0.000000000,0.000000000
3910,0,0.143726170,0.040816327
3911,0,0.004850167,0.000757289
3912,0,-0.000000000,0.000000000
3913,0,-0.000000000,0.000000000
3914,0,0.143726170,0.040816327
3915,0,0.004850167,0.000757289
3916,0,0.144064358,0.040937481
3917,0,0.023246603,0.004548609
3918,0,0.508627155,0.225817093
3919,0,-0.000000000,0.000000000
3920,0,0.985228136,1.142857143
3921,0,0.276195428,0.095238095
3922,0,0.185997890,0.056680162
3923,0,0.030706032,0.006297796
3924,0,0.510680051,0.227200000
3925,0,0.097714198,0.025244444
3926,0,0.154975430,0.044896852
3927,0,-0.000000000,0.000000000
3928,0,-0.000000000,0.000000000
3929,0,-0.000000000,0.000000000
3930,0,0.143726170,0.040816327
3931,0,-0.000000000,0.000000000
3932,0,-0.000000000,0.000000000
3933,0,-0.000000000,0.000000000
3934,0,0.985228136,0.857142857
3935,0,0.276195428,0.095238095
3936,0,0.607171655,0.297872340
3937,0,-0.000000000,0.000000000
3938,0,-0.000000000,0.000000000
3939,0,-0.000000000,0.000000000
3940,0,-0.000000000,0.000000000
3941,0,-0.000000000,0.000000000
3942,0,0.143726170,0.040816327
3943,0,0.023187512,0.004535147
3944,0,0.145750730,0.041543027
3945,0,0.004926853,0.000770798
3946,0,-0.000000000,0.000000000
3947,0,-0.000000000,0.000000000
3948,0,0.503258335,0.222222222
3949,0,-0.000000000,0.000000000
3950,0,0.503258335,0.222222222
3951,0,0.021519932,0.004158004
3952,0,0.508167846,0.225508318
3953,0,0.021796313,0.004220139
3954,0,0.508240931,0.225557435
3955,0,0.021800439,0.004221068
3956,0,-0.000000000,0.000000000
3957,0,-0.000000000,0.000000000
3958,0,-0.000000000,0.000000000
3959,0,-0.000000000,0.000000000
3960,0,-0.000000000,0.000000000
3961,0,-0.000000000,0.000000000
3962,0,0.143726170,0.040816327
3963,0,-0.000000000,0.000000000
3964,0,-0.000000000,0.000000000
3965,0,-0.000000000,0.000000000
3966,0,0.985228136,0.857142857
3967,0,-0.000000000,0.000000000
3968,0,0.143726170,0.040816327
3969,0,0.102899790,0.026905830
3970,0,-0.000000000,0.000000000
3971,0,-0.000000000,0.000000000
3972,0,-0.000000000,0.000000000
3973,0,-0.000000000,0.000000000
3974,0,0.503258335,1.777777778
3975,0,0.021519932,0.004158004
3976,0,-0.000000000,0.000000000
3977,0,-0.000000000,0.000000000
3978,0,0.503258335,0.222222222
3979,0,0.021519932,0.004158004
3980,0,-0.000000000,0.000000000
3981,0,-0.000000000,0.000000000
3982,0,0.503258335,0.222222222
3983,0,-0.000000000,0.000000000
3984,0,0.503258335,1.777777778
3985,0,0.021519932,1.995841996
3986,0,0.021216584,0.004089980
3987,0,-0.000000000,0.000000000
3988,0,0.143726170,0.040816327
3989,0,-0.000000000,0.000000000
3990,0,0.143726170,0.040816327
3991,0,0.004850167,0.000757289
3992,0,0.504155247,0.222820599
3993,0,0.021570303,0.004169317
3994,0,-0.000000000,0.000000000
3995,0,-0.000000000,0.000000000
3996,0,-0.000000000,0.000000000
3997,0,-0.000000000,0.000000000
3998,0,0.143726170,0.040816327
3999,0,0.023187512,0.004535147
4000,0,0.145750730,0.041543027
4001,0,0.023541519,0.004615892
4002,0,0.145786760,0.041555990
4003,0,0.004928220,0.000771039
4004,0,0.504171520,0.222831464
4005,0,0.096184312,0.024759052
4006,0,0.531959361,0.241811875
4007,0,-0.000000000,0.000000000
4008,0,-0.000000000,0.000000000
4009,0,-0.000000000,0.000000000
4010,0,-0.000000000,0.000000000
4011,0,-0.000000000,0.000000000
4012,0,-0.000000000,0.000000000
4013,0,-0.000000000,0.000000000
4014,0,0.143726170,0.040816327
4015,0,-0.000000000,0.000000000
4016,0,0.143726170,0.040816327
4017,0,0.023187512,0.004535147
4018,0,0.145750730,0.041543027
4019,0,0.023541519,0.004615892
4020,0,0.508706240,0.225870282
4021,0,0.097249251,0.025096698
4022,0,0.532342082,0.242079398
4023,0,0.023181436,0.004533763
4024,0,0.145750113,0.041542805
4025,0,0.004926830,0.000770794
4026,0,0.144070389,0.040939642
4027,0,-0.000000000,0.000000000
4028,0,-0.000000000,0.000000000
4029,0,-0.000000000,0.000000000
4030,0,0.143726170,0.040816327
4031,0,0.004850167,0.000757289
4032,0,0.985956528,0.858710044
4033,0,0.069182853,0.016566135
4034,0,0.151113540,1.956515705
4035,0,-0.000000000,0.000000000
4036,0,0.503258335,0.222222222
4037,0,-0.000000000,0.000000000
4038,0,0.503258335,0.222222222
4039,0,-0.000000000,0.000000000
4040,0,0.503258335,0.222222222
4041,0,0.095970403,0.024691358
4042,0,0.154729451,0.044806517
4043,0,-0.000000000,0.000000000
4044,0,-0.000000000,0.000000000
4045,0,-0.000000000,0.000000000
4046,0,0.985228136,0.857142857
4047,0,-0.000000000,0.000000000
4048,0,0.985228136,1.142857143
4049,0,0.779349837,0.461538462
4050,0,0.351380926,0.132295720
4051,0,0.062660155,0.014699524
4052,0,-0.000000000,0.000000000
4053,0,-0.000000000,0.000000000
4054,0,0.503258335,0.222222222
4055,0,0.021519932,0.004158004
4056,0,-0.000000000,0.000000000
4057,0,-0.000000000,0.000000000
4058,0,0.143726170,0.040816327
4059,0,0.023187512,0.004535147
4060,0,0.145750730,0.041543027
4061,0,0.023541519,0.004615892
4062,0,0.145786760,0.041555990
4063,0,-0.000000000,0.000000000
4064,0,0.503258335,0.222222222
4065,0,-0.000000000,0.000000000
4066,0,-0.000000000,0.000000000
4067,0,-0.000000000,0.000000000
4068,0,-0.000000000,0.000000000
4069,0,0.143726170,0.040816327
4070,0,0.549910905,1.745454545
4071,0,-0.000000000,0.000000000
4072,0,0.503258335,0.222222222
4073,0,-0.000000000,0.000000000
4074,0,-0.000000000,0.000000000
4075,0,-0.000000000,0.000000000
4076,0,0.143726170,0.040816327
4077,0,0.004850167,0.000757289
4078,0,0.144064358,0.040937481
4079,0,-0.000000000,0.000000000
4080,0,0.143726170,0.040816327
4081,0,0.023187512,0.004535147
4082,0,-0.000000000,0.000000000
4083,0,-0.000000000,0.000000000
4084,0,0.143726170,0.040816327
4085,0,0.004850167,0.000757289
4086,0,0.144064358,0.040937481
4087,0,0.023246603,0.004548609
4088,0,0.145756737,0.041545188
4089,0,0.004927081,0.000770838
4090,0,0.144070409,0.040939649
4091,0,0.023247661,0.004548850
4092,0,0.145756845,0.041545227
4093,0,-0.000000000,0.000000000
4094,0,-0.000000000,0.000000000
4095,0,-0.000000000,0.000000000
4096,0,0.503258335,0.222222222
4097,0,-0.000000000,0.000000000
4098,0,0.143726170,0.040816327
4099,0,-0.000000000,0.000000000
4100,0,0.503258335,0.222222222
4101,0,-0.000000000,0.000000000
4102,0,-0.000000000,0.000000000
4103,0,-0.000000000,0.000000000
4104,0,0.985228136,1.142857143
4105,0,0.069054382,0.016528926
4106,0,-0.000000000,0.000000000
4107,0,-0.000000000,0.000000000
4108,0,-0.000000000,0.000000000
4109,0,-0.000000000,0.000000000
4110,0,0.143726170,0.040816327
4111,0,0.004850167,0.000757289
4112,0,0.504155247,0.222820599
4113,0,0.365715958,0.139888709
4114,0,0.650351980,1.666382710
4115,0,0.030611398,0.006275017
4116,0,0.990450054,0.870039945
4117,0,0.070110546,0.016835349
4118,0,0.151233418,0.043527960
4119,0,0.005135482,0.000807701
4120,0,0.504214910,0.222860434
4121,0,0.021573655,0.004170070
4122,0,0.145587819,0.041484425
4123,0,0.104246149,0.027341218
4124,0,0.534880449,1.756141976
4125,0,-0.000000000,0.000000000
4126,0,-0.000000000,0.000000000
4127,0,0.143726170,0.040816327
4128,0,0.161893568,0.047457627
4129,0,0.026386263,0.005273070
4130,0,0.146079986,0.041661531
4131,0,0.004939343,0.000773001
4132,0,0.504173843,0.222833014
4133,0,0.096184856,0.024759224
4134,0,0.154759635,0.044817599
4135,0,-0.000000000,0.000000000
4136,0,0.143726170,0.040816327
4137,0,0.023187512,0.004535147
4138,0,0.145750730,0.041543027
4139,0,0.004926853,0.000770798
4140,0,0.144070391,0.040939643
4141,0,0.023247658,0.004548849
4142,0,-0.000000000,0.000000000
4143,0,-0.000000000,0.000000000
4144,0,-0.000000000,0.000000000
4145,0,-0.000000000,0.000000000
4146,0,0.985228136,0.857142857
4147,0,0.276195428,0.095238095
4148,0,-0.000000000,0.000000000
4149,0,-0.000000000,0.000000000
4150,0,0.503258335,1.777777778
4151,0,-0.000000000,0.000000000
4152,0,-0.000000000,0.000000000
4153,0,-0.000000000,0.000000000
4154,0,-0.000000000,0.000000000
4155,0,-0.000000000,0.000000000
4156,0,-0.000000000,0.000000000
4157,0,-0.000000000,0.000000000
4158,0,0.143726170,0.040816327
4159,0,0.023187512,0.004535147
4160,0,-0.000000000,0.000000000
4161,0,-0.000000000,0.000000000
4162,0,0.503258335,0.222222222
4163,0,0.095970403,0.024691358
4164,0,0.531882603,0.241758242
4165,0,0.102764055,0.026862027
4166,0,0.155694723,0.045161290
4167,0,0.025289264,0.005017921
4168,0,-0.000000000,0.000000000
4169,0,-0.000000000,0.000000000
4170,0,0.985228136,0.857142857
4171,0,0.276195428,0.095238095
4172,0,0.607171655,0.297872340
4173,0,0.121595633,0.033096927
4174,0,0.541343992,0.248421053
4175,0,-0.000000000,0.000000000
4176,0,0.143726170,0.040816327
4177,0,0.023187512,0.004535147
4178,0,-0.000000000,0.000000000
4179,0,-0.000000000,0.000000000
4180,0,0.143726170,0.040816327
4181,0,0.004850167,0.000757289
4182,0,-0.000000000,0.000000000
4183,0,-0.000000000,0.000000000
4184,0,0.503258335,1.777777778
4185,0,-0.000000000,0.000000000
4186,0,0.143726170,0.040816327
4187,0,-0.000000000,0.000000000
4188,0,0.985228136,0.857142857
4189,0,0.276195428,0.095238095
4190,0,-0.000000000,0.000000000
4191,0,-0.000000000,0.000000000
4192,0,0.503258335,0.222222222
4193,0,-0.000000000,0.000000000
4194,0,0.143726170,0.040816327
4195,0,-0.000000000,0.000000000
4196,0,0.143726170,0.040816327
4197,0,0.023187512,0.004535147
4198,0,-0.000000000,0.000000000
4199,0,-0.000000000,0.000000000
4200,0,-0.000000000,0.000000000
4201,0,-0.000000000,0.000000000
4202,0,0.503258335,0.222222222
4203,0,0.021519932,0.004158004
4204,0,-0.000000000,0.000000000
4205,0,-0.000000000,0.000000000
4206,0,0.503258335,0.222222222
4207,0,0.021519932,0.004158004
4208,0,0.145582434,0.041482489
4209,0,0.004920471,0.000769672
4210,0,0.504169903,0.222830384
4211,0,0.021571126,0.004169502
4212,0,0.145587565,0.041484334
4213,0,-0.000000000,0.000000000
4214,0,0.503258335,0.222222222
4215,0,0.021519932,0.004158004
4216,0,-0.000000000,0.000000000
4217,0,-0.000000000,0.000000000
4218,0,0.143726170,0.040816327
4219,0,-0.000000000,0.000000000
4220,0,-0.000000000,0.000000000
4221,0,0.503258335,0.222222222
4222,0,0.242292189,0.080000000
4223,0,0.041125624,0.008888889
4224,0,0.513709182,0.229249012
4225,0,0.022110226,0.004290893
4226,0,0.145641736,0.041503818
4227,0,0.023522445,0.004611535
4228,0,0.145784816,0.041555291
4229,0,0.004928146,0.000771026
4230,0,0.504171505,1.777168546
4231,0,0.096184309,0.024759050
4232,0,0.154759558,0.044817571
4233,0,0.025124268,0.004979730
4234,0,0.145949106,0.041614414
4235,0,-0.000000000,0.000000000
4236,0,0.143726170,0.040816327
4237,0,0.004850167,0.000757289
4238,0,0.144064358,0.040937481
4239,0,-0.000000000,0.000000000
4240,0,0.143726170,1.959183673
4241,0,0.023187512,0.004535147
4242,0,0.022832202,0.004454343
4243,0,0.145516297,0.041458705
4244,0,0.162178682,0.047563995
4245,0,-0.000000000,0.000000000
4246,0,-0.000000000,0.000000000
4247,0,-0.000000000,0.000000000
4248,0,0.143726170,0.040816327
4249,0,-0.000000000,0.000000000
4250,0,0.143726170,0.040816327
4251,0,0.023187512,0.004535147
4252,0,0.508611331,0.225806452
4253,0,0.097226916,0.025089606
4254,0,0.532334046,0.242073779
4255,0,0.023180968,0.004533657
4256,0,0.022825871,0.004452905
4257,0,-0.000000000,0.000000000
4258,0,-0.000000000,0.000000000
4259,0,-0.000000000,0.000000000
4260,0,-0.000000000,0.000000000
4261,0,-0.000000000,0.000000000
4262,0,0.985228136,1.142857143
4263,0,0.069054382,0.016528926
4264,0,0.151096971,0.043478261
4265,0,-0.000000000,0.000000000
4266,0,-0.000000000,0.000000000
4267,0,-0.000000000,0.000000000
4268,0,0.503258335,0.222222222
4269,0,0.705469041,0.383838384
4270,0,0.315315687,0.113948919
4271,0,0.227505740,0.073635209
4272,0,0.176438918,0.052967385
4273,0,0.006112338,0.000983289
4274,0,0.144165275,0.040973652
4275,0,-0.000000000,0.000000000
4276,0,0.143726170,0.040816327
4277,0,-0.000000000,0.000000000
4278,0,0.503258335,0.222222222
4279,0,0.095970403,0.024691358
4280,0,0.531882603,0.241758242
4281,0,0.023154724,0.004527681
4282,0,0.508602554,0.225800549
4283,0,-0.000000000,0.000000000
4284,0,0.143726170,0.040816327
4285,0,0.102899790,0.026905830
4286,0,-0.000000000,0.000000000
4287,0,-0.000000000,0.000000000
4288,0,0.985228136,0.857142857
4289,0,0.276195428,0.095238095
4290,0,1.026327293,0.978723404
4291,0,-0.000000000,0.000000000
4292,0,0.143726170,0.040816327
4293,0,0.004850167,0.000757289
4294,0,-0.000000000,0.000000000
4295,0,-0.000000000,0.000000000
4296,0,0.143726170,0.040816327
4297,0,0.004850167,0.000757289
4298,0,0.004837167,0.000755002
4299,0,0.144029634,0.040925037
4300,0,0.550030726,0.254631740
4301,0,-0.000000000,0.000000000
4302,0,0.143726170,0.040816327
4303,0,0.004850167,0.000757289
4304,0,-0.000000000,0.000000000
4305,0,-0.000000000,0.000000000
4306,0,-0.000000000,0.000000000
4307,0,-0.000000000,0.000000000
4308,0,0.503258335,0.222222222
4309,0,0.021519932,0.004158004
4310,0,-0.000000000,0.000000000
4311,0,-0.000000000,0.000000000
4312,0,-0.000000000,0.000000000
4313,0,-0.000000000,0.000000000
4314,0,0.143726170,0.040816327
4315,0,-0.000000000,0.000000000
4316,0,0.143726170,0.040816327
4317,0,0.004850167,0.000757289
4318,0,-0.000000000,0.000000000
4319,0,-0.000000000,0.000000000
4320,0,-0.000000000,0.000000000
4321,0,-0.000000000,0.000000000
4322,0,-0.000000000,0.000000000
4323,0,-0.000000000,0.000000000
4324,0,-0.000000000,0.000000000
4325,0,-0.000000000,0.000000000
4326,0,0.503258335,1.777777778
4327,0,0.021519932,1.995841996
4328,0,0.988808991,1.134879598
4329,0,0.069756341,0.016732452
4330,0,-0.000000000,0.000000000
4331,0,-0.000000000,0.000000000
4332,0,-0.000000000,0.000000000
4333,0,-0.000000000,0.000000000
4334,0,0.503258335,0.222222222
4335,0,-0.000000000,0.000000000
4336,0,0.985228136,0.857142857
4337,0,-0.000000000,0.000000000
4338,0,0.503258335,0.222222222
4339,0,0.021519932,0.004158004
4340,0,0.508167846,0.225508318
4341,0,0.097122578,0.025056480
4342,0,0.154891837,0.044866147
4343,0,0.005275465,0.000832584
4344,0,-0.000000000,0.000000000
4345,0,-0.000000000,0.000000000
4346,0,-0.000000000,0.000000000
4347,0,-0.000000000,0.000000000
4348,0,-0.000000000,0.000000000
4349,0,-0.000000000,0.000000000
4350,0,0.143726170,0.040816327
4351,0,0.004850167,0.000757289
4352,0,0.985956528,1.141398038
4353,0,-0.000000000,0.000000000
4354,0,0.143726170,0.040816327
4355,0,0.023187512,0.004535147
4356,0,0.145750730,0.041543027
4357,0,0.004926853,0.000770798
4358,0,0.504171235,0.222831274
4359,0,0.096184245,0.024759030
4360,0,0.531959337,0.241811858
4361,0,0.102782518,0.026867984
4362,0,0.534346097,0.243482982
4363,0,-0.000000000,0.000000000
4364,0,-0.000000000,0.000000000
4365,0,-0.000000000,0.000000000
4366,0,-0.000000000,0.000000000
4367,0,-0.000000000,0.000000000
4368,0,0.985228136,1.142857143
4369,0,0.779349837,0.461538462
4370,0,0.351380926,0.132295720
4371,0,0.062660155,0.014699524
4372,0,0.520451190,0.233846154
4373,0,0.100028683,0.025982906
4374,0,0.155303823,0.045017529
4375,0,0.025220280,0.005001948
4376,0,0.024795739,0.004903833
4377,0,-0.000000000,0.000000000
4378,0,-0.000000000,0.000000000
4379,0,-0.000000000,0.000000000
4380,0,-0.000000000,0.000000000
4381,0,0.503258335,0.222222222
4382,0,-0.000000000,0.000000000
4383,0,-0.000000000,0.000000000
4384,0,0.503258335,0.222222222
4385,0,0.021519932,0.004158004
4386,0,-0.000000000,0.000000000
4387,0,-0.000000000,0.000000000
4388,0,0.503258335,1.777777778
4389,0,0.095970403,0.024691358
4390,0,-0.000000000,0.000000000
4391,0,-0.000000000,0.000000000
4392,0,0.985228136,1.142857143
4393,0,-0.000000000,0.000000000
4394,0,0.503258335,0.222222222
4395,0,0.095970403,0.024691358
4396,0,0.154729451,0.044806517
4397,0,0.005269238,0.000831475
4398,0,0.144097486,0.040949353
4399,0,0.004864217,0.000759762
4400,0,0.504158174,0.222822553
4401,0,0.021570467,0.004169354
4402,0,0.508181197,0.225517290
4403,0,-0.000000000,0.000000000
4404,0,0.985228136,0.857142857
4405,0,-0.000000000,0.000000000
4406,0,0.143726170,0.040816327
4407,0,-0.000000000,0.000000000
4408,0,0.985228136,0.857142857
4409,0,0.779349837,0.461538462
4410,0,0.351380926,0.132295720
4411,0,-0.000000000,0.000000000
4412,0,0.503258335,0.222222222
4413,0,0.021519932,0.004158004
4414,0,0.145582434,0.041482489
4415,0,-0.000000000,0.000000000
4416,0,0.143726170,0.040816327
4417,0,-0.000000000,0.000000000
4418,0,0.143726170,0.040816327
4419,0,0.023187512,0.004535147
4420,0,0.145750730,0.041543027
4421,0,0.104363976,0.027379400
4422,0,0.155924750,0.045245946
4423,0,0.025329869,0.005027327
4424,0,-0.000000000,0.000000000
4425,0,-0.000000000,0.000000000
4426,0,0.503258335,0.222222222
4427,0,-0.000000000,0.000000000
4428,0,-0.000000000,0.000000000
4429,0,-0.000000000,0.000000000
4430,0,0.985228136,0.857142857
4431,0,-0.000000000,0.000000000
4432,0,0.143726170,0.040816327
4433,0,-0.000000000,0.000000000
4434,0,-0.000000000,0.000000000
4435,0,-0.000000000,0.000000000
4436,0,0.985228136,0.857142857
4437,0,0.276195428,0.095238095
4438,0,-0.000000000,0.000000000
4439,0,-0.000000000,0.000000000
4440,0,0.143726170,0.040816327
4441,0,0.023187512,0.004535147
4442,0,0.989107139,0.866484136
4443,0,-0.000000000,0.000000000
4444,0,0.985228136,0.857142857
4445,0,0.069054382,0.016528926
4446,0,-0.000000000,0.000000000
4447,0,-0.000000000,0.000000000
4448,0,0.985228136,0.857142857
4449,0,-0.000000000,0.000000000
4450,0,-0.000000000,0.000000000
4451,0,-0.000000000,0.000000000
4452,0,-0.000000000,0.000000000
4453,0,-0.000000000,0.000000000
4454,0,0.143726170,0.040816327
4455,0,0.004850167,0.000757289
4456,0,0.985956528,0.858710044
4457,0,0.780133673,0.462359383
4458,0,0.879549174,0.597161630
4459,0,0.050591704,0.011372970
4460,0,-0.000000000,0.000000000
4461,0,-0.000000000,0.000000000
4462,0,0.143726170,0.040816327
4463,0,0.004850167,0.000757289
4464,0,-0.000000000,0.000000000
4465,0,-0.000000000,0.000000000
4466,0,0.143726170,0.040816327
4467,0,0.023187512,0.004535147
4468,0,0.145750730,0.041543027
4469,0,0.023541519,0.004615892
4470,0,-0.000000000,0.000000000
4471,0,-0.000000000,0.000000000
4472,0,0.985228136,1.142857143
4473,0,0.276195428,0.095238095
4474,0,0.185997890,0.056680162
4475,0,0.030706032,0.006297796
4476,0,0.146537138,0.041826215
4477,0,-0.000000000,0.000000000
4478,0,0.503258335,0.222222222
4479,0,0.095970403,0.024691358
4480,0,0.531882603,1.758241758
4481,0,-0.000000000,0.000000000
4482,0,-0.000000000,0.000000000
4483,0,-0.000000000,0.000000000
4484,0,0.503258335,0.222222222
4485,0,-0.000000000,0.000000000
4486,0,-0.000000000,0.000000000
4487,0,-0.000000000,0.000000000
4488,0,-0.000000000,0.000000000
4489,0,-0.000000000,0.000000000
4490,0,0.143726170,0.040816327
4491,0,0.004850167,0.000757289
4492,0,-0.000000000,0.000000000
4493,0,-0.000000000,0.000000000
4494,0,0.503258335,0.222222222
4495,0,0.095970403,0.024691358
4496,0,-0.000000000,0.000000000
4497,0,-0.000000000,0.000000000
4498,0,-0.000000000,0.000000000
4499,0,-0.000000000,0.000000000
4500,0,0.503258335,0.222222222
4501,0,-0.000000000,0.000000000
4502,0,0.143726170,0.040816327
4503,0,0.023187512,0.004535147
4504,0,0.145750730,0.041543027
4505,0,0.023541519,0.004615892
4506,0,-0.000000000,0.000000000
4507,0,-0.000000000,0.000000000
4508,0,0.985228136,0.857142857
4509,0,0.276195428,0.095238095
4510,0,0.185997890,0.056680162
4511,0,0.006490338,0.001052394
4512,0,0.986221324,1.140830192
4513,0,-0.000000000,0.000000000
4514,0,0.503258335,0.222222222
4515,0,0.095970403,0.024691358
4516,0,0.154729451,0.044806517
4517,0,-0.000000000,0.000000000
4518,0,0.503258335,0.222222222
4519,0,-0.000000000,0.000000000
4520,0,0.503258335,0.222222222
4521,0,0.095970403,0.024691358
4522,0,-0.000000000,0.000000000
4523,0,-0.000000000,0.000000000
4524,0,-0.000000000,0.000000000
4525,0,-0.000000000,0.000000000
4526,0,0.143726170,0.040816327
4527,0,0.004850167,0.000757289
4528,0,-0.000000000,0.000000000
4529,0,-0.000000000,0.000000000
4530,0,0.143726170,0.040816327
4531,0,-0.000000000,0.000000000
4532,0,0.143726170,0.040816327
4533,0,-0.000000000,0.000000000
4534,0,0.143726170,0.040816327
4535,0,-0.000000000,0.000000000
4536,0,0.143726170,0.040816327
4537,0,-0.000000000,0.000000000
4538,0,-0.000000000,0.000000000
4539,0,-0.000000000,0.000000000
4540,0,0.503258335,0.222222222
4541,0,0.095970403,0.024691358
4542,0,0.088879696,0.022471910
4543,0,0.152752366,0.044082237
4544,0,0.553500756,0.257138142
4545,0,0.024428341,0.004819188
4546,0,0.989329925,0.867065685
4547,0,0.280721882,0.096914711
4548,0,0.211928320,0.068912487
4549,0,0.016160901,0.003866683
4550,0,0.994839763,0.864627413
4551,0,0.070452375,0.017168791
4552,0,-0.000000000,0.000000000
4553,0,-0.000000000,0.000000000
4554,0,-0.000000000,0.000000000
4555,0,-0.000000000,0.000000000
4556,0,0.143726170,0.040816327
4557,0,0.023187512,0.004535147
4558,0,0.145750730,0.041543027
4559,0,0.023541519,0.004615892
4560,0,0.508706240,0.225870282
4561,0,0.021826721,0.004226984
4562,0,0.508248983,0.225562846
4563,0,0.097141663,0.025062538
4564,0,-0.000000000,0.000000000
4565,0,-0.000000000,0.000000000
4566,0,-0.000000000,0.000000000
4567,0,-0.000000000,0.000000000
4568,0,0.503258335,0.222222222
4569,0,0.095970403,0.024691358
4570,0,0.531882603,0.241758242
4571,0,-0.000000000,0.000000000
4572,0,-0.000000000,0.000000000
4573,0,-0.000000000,0.000000000
4574,0,0.503258335,0.222222222
4575,0,0.021519932,0.004158004
4576,0,0.145582434,0.041482489
4577,0,-0.000000000,0.000000000
4578,0,0.985228136,1.142857143
4579,0,0.779349837,1.538461538
4580,0,0.351380926,1.867704280
4581,0,0.062660155,0.014699524
4582,0,-0.000000000,0.000000000
4583,0,-0.000000000,0.000000000
4584,0,0.503258335,0.222222222
4585,0,0.021519932,0.004158004
4586,0,0.145582434,0.041482489
4587,0,0.104242255,0.027339957
4588,0,0.534879025,0.243857024
4589,0,0.023329197,0.004567436
4590,0,0.508649285,0.225831976
4591,0,-0.000000000,0.000000000
4592,0,-0.000000000,0.000000000
4593,0,-0.000000000,0.000000000
4594,0,0.503258335,1.777777778
4595,0,0.095970403,0.024691358
4596,0,-0.000000000,0.000000000
4597,0,-0.000000000,0.000000000
4598,0,-0.000000000,0.000000000
4599,0,-0.000000000,0.000000000
4600,0,0.143726170,0.040816327
4601,0,-0.000000000,0.000000000
4602,0,0.143726170,0.040816327
4603,0,0.004850167,0.000757289
4604,0,-0.000000000,0.000000000
4605,0,-0.000000000,0.000000000
4606,0,0.143726170,0.040816327
4607,0,0.102899790,0.026905830
4608,0,0.155714199,0.045168456
4609,0,0.005307016,0.000838206
4610,0,0.144100491,0.040950431
4611,0,0.103170488,0.026993236
4612,0,1.003737917,1.092497956
4613,0,-0.000000000,0.000000000
4614,0,0.143726170,0.040816327
4615,0,0.023187512,0.004535147
4616,0,0.145750730,0.041543027
4617,0,0.004926853,0.000770798
4618,0,0.504171235,0.222831274
4619,0,-0.000000000,0.000000000
4620,0,-0.000000000,0.000000000
4621,0,-0.000000000,0.000000000
4622,0,-0.000000000,0.000000000
4623,0,-0.000000000,0.000000000
4624,0,0.985228136,0.857142857
4625,0,0.779349837,0.461538462
4626,0,0.932558826,0.578397213
4627,0,-0.000000000,0.000000000
4628,0,-0.000000000,0.000000000
4629,0,-0.000000000,0.000000000
4630,0,0.143726170,0.040816327
4631,0,0.023187512,0.004535147
4632,0,0.508611331,0.225806452
4633,0,0.021821359,0.004225777
4634,0,0.988862770,0.865850258
4635,0,0.069767713,0.016735753
4636,0,0.522797289,1.764542160
4637,0,-0.000000000,0.000000000
4638,0,0.503258335,0.222222222
4639,0,-0.000000000,0.000000000
4640,0,-0.000000000,0.000000000
4641,0,-0.000000000,0.000000000
4642,0,-0.000000000,0.000000000
4643,0,-0.000000000,0.000000000
4644,0,0.985228136,0.857142857
4645,0,0.276195428,0.095238095
4646,0,0.607171655,0.297872340
4647,0,0.121595633,0.033096927
4648,0,0.541343992,0.248421053
4649,0,0.023707866,0.004653914
4650,0,0.508750928,0.225900340
4651,0,0.097259768,0.025100038
4652,0,0.532345867,0.242082044
4653,0,-0.000000000,0.000000000
4654,0,0.503258335,0.222222222
4655,0,0.021519932,0.004158004
4656,0,0.508167846,0.225508318
4657,0,-0.000000000,0.000000000
4658,0,0.143726170,0.040816327
4659,0,0.004850167,0.000757289
4660,0,0.144064358,0.040937481
4661,0,-0.000000000,0.000000000
4662,0,0.143726170,0.040816327
4663,0,0.023187512,0.004535147
4664,0,0.145750730,0.041543027
4665,0,0.004926853,0.000770798
4666,0,0.504171235,0.222831274
4667,0,-0.000000000,0.000000000
4668,0,-0.000000000,0.000000000
4669,0,-0.000000000,0.000000000
4670,0,0.143726170,0.040816327
4671,0,-0.000000000,0.000000000
4672,0,-0.000000000,0.000000000
4673,0,-0.000000000,0.000000000
4674,0,-0.000000000,0.000000000
4675,0,0.143726170,0.040816327
4676,0,0.161893568,0.047457627
4677,0,-0.000000000,0.000000000
4678,0,0.503258335,0.222222222
4679,0,-0.000000000,0.000000000
4680,0,0.503258335,0.222222222
4681,0,-0.000000000,0.000000000
4682,0,0.985228136,0.857142857
4683,0,0.276195428,0.095238095
4684,0,-0.000000000,0.000000000
4685,0,-0.000000000,0.000000000
4686,0,-0.000000000,0.000000000
4687,0,-0.000000000,0.000000000
4688,0,-0.000000000,0.000000000
4689,0,-0.000000000,0.000000000
4690,0,-0.000000000,0.000000000
4691,0,-0.000000000,0.000000000
4692,0,0.143726170,0.040816327
4693,0,0.023187512,0.004535147
4694,0,0.989107139,1.134160090
4695,0,0.069819599,0.016750819
4696,0,0.151195778,0.043514248
4697,0,-0.000000000,0.000000000
4698,0,0.143726170,0.040816327
4699,0,0.004850167,0.000757289
4700,0,0.504155247,0.222820599
4701,0,0.021570303,0.004169317
4702,0,0.508181153,0.225517261
4703,0,0.021797064,0.004220308
4704,0,0.145610237,0.041492488
4705,0,0.004921526,0.000769858
4706,0,0.504170123,0.222830531
4707,0,0.096183985,0.024758948
4708,0,0.531959243,0.241811793
4709,0,0.102782496,0.026867977
4710,0,-0.000000000,0.000000000
4711,0,-0.000000000,0.000000000
4712,0,0.503258335,0.222222222
4713,0,-0.000000000,0.000000000
4714,0,0.143726170,0.040816327
4715,0,-0.000000000,0.000000000
4716,0,0.503258335,0.222222222
4717,0,0.021519932,0.004158004
4718,0,0.145582434,0.041482489
4719,0,-0.000000000,0.000000000
4720,0,0.503258335,0.222222222
4721,0,0.095970403,0.024691358
4722,0,-0.000000000,0.000000000
4723,0,-0.000000000,0.000000000
4724,0,-0.000000000,0.000000000
4725,0,0.503258335,0.222222222
4726,0,0.721928095,0.400000000
4727,0,-0.000000000,0.000000000
4728,0,0.143726170,0.040816327
4729,0,0.023187512,0.004535147
4730,0,0.989107139,0.866484136
4731,0,0.278841263,0.096465232
4732,0,-0.000000000,0.000000000
4733,0,-0.000000000,0.000000000
4734,0,-0.000000000,0.000000000
4735,0,-0.000000000,0.000000000
4736,0,0.143726170,0.040816327
4737,0,0.023187512,0.004535147
4738,0,-0.000000000,0.000000000
4739,0,-0.000000000,0.000000000
4740,0,-0.000000000,0.000000000
4741,0,-0.000000000,0.000000000
4742,0,0.143726170,0.040816327
4743,0,-0.000000000,0.000000000
4744,0,0.143726170,0.040816327
4745,0,0.004850167,0.000757289
4746,0,0.144064358,0.040937481
4747,0,0.004862963,0.000759541
4748,0,0.504157912,0.222822379
4749,0,0.365717922,0.139889761
4750,0,0.205749560,0.064580151
4751,0,0.147835048,0.042294712
4752,0,-0.000000000,0.000000000
4753,0,-0.000000000,0.000000000
4754,0,0.503258335,0.222222222
4755,0,0.021519932,0.004158004
4756,0,0.145582434,0.041482489
4757,0,0.004920471,0.000769672
4758,0,0.144069888,0.040939462
4759,0,0.004863173,0.000759578
4760,0,0.504157956,0.222822408
4761,0,0.096181133,0.024758045
4762,0,1.002496305,0.906887892
4763,0,0.290152708,0.101773868
4764,0,-0.000000000,0.000000000
4765,0,-0.000000000,0.000000000
4766,0,0.503258335,0.222222222
4767,0,-0.000000000,0.000000000
4768,0,0.503258335,0.222222222
4769,0,-0.000000000,0.000000000
4770,0,0.503258335,0.222222222
4771,0,-0.000000000,0.000000000
4772,0,0.143726170,0.040816327
4773,0,-0.000000000,0.000000000
4774,0,0.143726170,0.040816327
4775,0,0.023187512,0.004535147
4776,0,0.145750730,0.041543027
4777,0,0.023541519,0.004615892
4778,0,0.508706240,0.225870282
4779,0,-0.000000000,0.000000000
4780,0,0.143726170,0.040816327
4781,0,0.004850167,0.000757289
4782,0,-0.000000000,0.000000000
4783,0,-0.000000000,0.000000000
4784,0,0.503258335,0.222222222
4785,0,0.021519932,0.004158004
4786,0,-0.000000000,0.000000000
4787,0,-0.000000000,0.000000000
4788,0,-0.000000000,0.000000000
4789,0,-0.000000000,0.000000000
4790,0,0.985228136,0.857142857
4791,0,0.276195428,0.095238095
4792,0,0.607171655,0.297872340
4793,0,0.442128997,0.183406114
4794,0,0.225031637,0.072586873
4795,0,0.037881697,0.008065208
4796,0,-0.000000000,0.000000000
4797,0,-0.000000000,0.000000000
4798,0,0.503258335,0.222222222
4799,0,0.021519932,0.004158004
4800,0,-0.000000000,0.000000000
4801,0,-0.000000000,0.000000000
4802,0,0.503258335,0.222222222
4803,0,0.095970403,0.024691358
4804,0,-0.000000000,0.000000000
4805,0,-0.000000000,0.000000000
4806,0,0.985228136,1.142857143
4807,0,0.069054382,0.016528926
4808,0,0.522559375,1.764705882
4809,0,-0.000000000,0.000000000
4810,0,-0.000000000,0.000000000
4811,0,-0.000000000,0.000000000
4812,0,0.985228136,0.857142857
4813,0,-0.000000000,0.000000000
4814,0,0.985228136,0.857142857
4815,0,-0.000000000,0.000000000
4816,0,0.143726170,0.040816327
4817,0,-0.000000000,0.000000000
4818,0,-0.000000000,0.000000000
4819,0,-0.000000000,0.000000000
4820,0,0.143726170,0.040816327
4821,0,0.004850167,0.000757289
4822,0,0.144064358,0.040937481
4823,0,0.004862963,0.000759541
4824,0,0.504157912,0.222822379
4825,0,0.021570452,0.004169351
4826,0,0.145587498,0.041484310
4827,0,-0.000000000,0.000000000
4828,0,-0.000000000,0.000000000
4829,0,-0.000000000,0.000000000
4830,0,-0.000000000,0.000000000
4831,0,-0.000000000,0.000000000
4832,0,0.503258335,0.222222222
4833,0,0.021519932,0.004158004
4834,0,0.508167846,1.774491682
4835,0,0.021796313,0.004220139
4836,0,-0.000000000,0.000000000
4837,0,-0.000000000,0.000000000
4838,0,-0.000000000,0.000000000
4839,0,-0.000000000,0.000000000
4840,0,-0.000000000,0.000000000
4841,0,0.503258335,0.222222222
4842,0,0.242292189,0.080000000
4843,0,0.041125624,0.008888889
4844,0,0.992381467,0.875353218
4845,0,-0.000000000,0.000000000
4846,0,0.985228136,0.857142857
4847,0,0.276195428,0.095238095
4848,0,1.026327293,1.033434650
4849,0,0.083299525,0.020759278
4850,0,-0.000000000,0.000000000
4851,0,-0.000000000,0.000000000
4852,0,0.503258335,0.222222222
4853,0,0.021519932,0.004158004
4854,0,0.145582434,0.041482489
4855,0,0.023512068,0.004609165
4856,0,-0.000000000,0.000000000
4857,0,-0.000000000,0.000000000
4858,0,0.143726170,0.040816327
4859,0,0.004850167,0.000757289
4860,0,0.144064358,0.040937481
4861,0,-0.000000000,0.000000000
4862,0,0.503258335,0.222222222
4863,0,0.095970403,0.024691358
4864,0,0.154729451,0.044806517
4865,0,0.005269238,0.000831475
4866,0,0.144097486,0.040949353
4867,0,0.023252393,0.004549928
4868,0,0.508628706,0.225818136
4869,0,0.097231005,0.025090904
4870,0,0.154907147,0.044871770
4871,0,-0.000000000,0.000000000
4872,0,-0.000000000,0.000000000
4873,0,-0.000000000,0.000000000
4874,0,0.143726170,0.040816327
4875,0,0.004850167,0.000757289
4876,0,0.504155247,0.222820599
4877,0,0.021570303,0.004169317
4878,0,-0.000000000,0.000000000
4879,0,-0.000000000,0.000000000
4880,0,0.503258335,0.222222222
4881,0,0.095970403,0.024691358
4882,0,0.531882603,0.241758242
4883,0,0.023154724,0.004527681
4884,0,0.508602554,0.225800549
4885,0,0.021820863,0.004225666
4886,0,-0.000000000,0.000000000
4887,0,-0.000000000,0.000000000
4888,0,0.143726170,0.040816327
4889,0,0.004850167,0.000757289
4890,0,0.144064358,0.040937481
4891,0,0.004862963,0.000759541
4892,0,0.504157912,0.222822379
4893,0,0.021570452,0.004169351
4894,0,0.145587498,0.041484310
4895,0,0.023512954,0.004609368
4896,0,-0.000000000,0.000000000
4897,0,-0.000000000,0.000000000
4898,0,0.503258335,0.222222222
4899,0,-0.000000000,0.000000000
4900,0,0.143726170,0.040816327
4901,0,-0.000000000,0.000000000
4902,0,0.143726170,0.040816327
4903,0,-0.000000000,0.000000000
4904,0,0.143726170,0.040816327
4905,0,0.023187512,0.004535147
4906,0,0.508611331,0.225806452
4907,0,0.097226916,0.025089606
4908,0,0.532334046,0.242073779
4909,0,0.023180968,0.004533657
4910,0,0.508609579,0.225805273
4911,0,0.097226504,0.025089475
4912,0,0.154906511,0.044871537
4913,0,0.025150187,0.004985726
4914,0,-0.000000000,0.000000000
4915,0,-0.000000000,0.000000000
4916,0,0.143726170,0.040816327
4917,0,-0.000000000,0.000000000
4918,0,0.503258335,0.222222222
4919,0,0.021519932,0.004158004
4920,0,0.508167846,0.225508318
4921,0,0.097122578,0.025056480
4922,0,0.532296507,0.242047532
4923,0,0.102863665,0.026894170
4924,0,1.003683739,1.092676764
4925,0,-0.000000000,0.000000000
4926,0,0.985228136,1.142857143
4927,0,-0.000000000,0.000000000
4928,0,0.143726170,0.040816327
4929,0,0.004850167,0.000757289
4930,0,-0.000000000,0.000000000
4931,0,-0.000000000,0.000000000
4932,0,0.143726170,1.959183673
4933,0,-0.000000000,0.000000000
4934,0,0.503258335,1.777777778
4935,0,0.365055190,0.139534884
4936,0,0.650022422,0.333333333
4937,0,0.030588853,0.006269592
4938,0,0.510647002,0.227177700
4939,0,-0.000000000,0.000000000
4940,0,0.143726170,0.040816327
4941,0,-0.000000000,0.000000000
4942,0,0.143726170,0.040816327
4943,0,0.004850167,0.000757289
4944,0,0.504155247,0.222820599
4945,0,0.096180499,0.024757844
4946,0,-0.000000000,0.000000000
4947,0,-0.000000000,0.000000000
4948,0,-0.000000000,0.000000000
4949,0,-0.000000000,0.000000000
4950,0,0.143726170,0.040816327
4951,0,-0.000000000,0.000000000
4952,0,0.143726170,0.040816327
4953,0,0.004850167,0.000757289
4954,0,0.985956528,0.858710044
4955,0,0.780133673,0.462359383
4956,0,-0.000000000,0.000000000
4957,0,-0.000000000,0.000000000
4958,0,0.985228136,1.142857143
4959,0,-0.000000000,0.000000000
4960,0,0.143726170,0.040816327
4961,0,0.004850167,0.000757289
4962,0,-0.000000000,0.000000000
4963,0,-0.000000000,0.000000000
4964,0,0.143726170,0.040816327
4965,0,0.023187512,0.004535147
4966,0,-0.000000000,0.000000000
4967,0,-0.000000000,0.000000000
4968,0,0.143726170,0.040816327
4969,0,0.004850167,0.000757289
4970,0,0.144064358,0.040937481
4971,0,0.023246603,0.004548609
4972,0,0.508627155,0.225817093
4973,0,-0.000000000,0.000000000
4974,0,0.143726170,0.040816327
4975,0,0.023187512,0.004535147
4976,0,0.145750730,0.041543027
4977,0,0.023541519,0.004615892
4978,0,0.508706240,1.774129718
4979,0,-0.000000000,0.000000000
4980,0,0.143726170,0.040816327
4981,0,0.004850167,0.000757289
4982,0,0.144064358,0.040937481
4983,0,0.023246603,0.004548609
4984,0,0.989117731,1.134134421
4985,0,0.278849055,0.096468854
4986,0,-0.000000000,0.000000000
4987,0,-0.000000000,0.000000000
4988,0,0.143726170,0.040816327
4989,0,0.023187512,0.004535147
4990,0,0.145750730,0.041543027
4991,0,0.004926853,0.000770798
4992,0,0.504171235,0.222831274
4993,0,-0.000000000,0.000000000
4994,0,0.503258335,0.222222222
4995,0,-0.000000000,0.000000000
4996,0,0.985228136,0.857142857
4997,0,-0.000000000,0.000000000
4998,0,0.503258335,0.222222222
4999,0,0.021519932,0.004158004
5000,0,0.508167846,0.225508318
5001,0,0.097122578,0.025056480
5002,0,0.532296507,0.242047532
5003,0,0.023178785,0.004533160
5004,0,0.989105575,0.866480065
5005,0,-0.000000000,0.000000000
5006,0,-0.000000000,0.000000000
5007,0,-0.000000000,0.000000000
5008,0,0.503258335,0.222222222
5009,0,-0.000000000,0.000000000
5010,0,-0.000000000,0.000000000
5011,0,-0.000000000,0.000000000
5012,0,-0.000000000,0.000000000
5013,0,-0.000000000,0.000000000
5014,0,0.143726170,0.040816327
5015,0,0.004850167,0.000757289
5016,0,0.144064358,0.040937481
5017,0,-0.000000000,0.000000000
5018,0,0.985228136,1.142857143
5019,0,0.779349837,0.461538462
5020,0,0.879135767,0.596491228
5021,0,0.050542788,0.011359840
5022,0,0.516584766,1.768796434
5023,0,0.374879377,0.144834006
5024,0,-0.000000000,0.000000000
5025,0,-0.000000000,0.000000000
5026,0,0.143726170,0.040816327
5027,0,-0.000000000,0.000000000
5028,0,0.503258335,0.222222222
5029,0,0.021519932,0.004158004
5030,0,-0.000000000,0.000000000
5031,0,-0.000000000,0.000000000
5032,0,0.143726170,0.040816327
5033,0,-0.000000000,0.000000000
5034,0,0.143726170,0.040816327
5035,0,0.004850167,0.000757289
5036,0,0.144064358,0.040937481
5037,0,0.103144358,0.026984796
5038,0,0.155749308,0.045181375
5039,0,-0.000000000,0.000000000
5040,0,0.503258335,0.222222222
5041,0,0.021519932,0.004158004
5042,0,0.145582434,1.958517511
5043,0,0.004920471,0.000769672
5044,0,0.504169903,0.222830384
5045,0,0.096183933,0.024758932
5046,0,0.154759505,0.044817552
5047,0,0.025124258,0.004979728
5048,0,-0.000000000,0.000000000
5049,0,-0.000000000,0.000000000
5050,0,-0.000000000,0.000000000
5051,0,-0.000000000,0.000000000
5052,0,0.503258335,0.222222222
5053,0,0.021519932,0.004158004
5054,0,0.508167846,0.225508318
5055,0,0.368672847,0.141476614
5056,0,1.029336314,1.106163339
5057,0,0.089071025,0.022531168
5058,0,0.529428323,1.759953062
5059,0,0.102174228,0.026671882
5060,0,0.155610180,0.045130187
5061,0,-0.000000000,0.000000000
5062,0,0.503258335,0.222222222
5063,0,0.021519932,0.004158004
5064,0,0.508167846,0.225508318
5065,0,0.097122578,0.025056480
5066,0,-0.000000000,0.000000000
5067,0,-0.000000000,0.000000000
5068,0,-0.000000000,0.000000000
5069,0,-0.000000000,0.000000000
5070,0,0.503258335,0.222222222
5071,0,-0.000000000,0.000000000
5072,0,0.143726170,0.040816327
5073,0,0.004850167,0.000757289
5074,0,-0.000000000,0.000000000
5075,0,-0.000000000,0.000000000
5076,0,0.143726170,0.040816327
5077,0,0.023187512,0.004535147
5078,0,-0.000000000,0.000000000
5079,0,-0.000000000,0.000000000
5080,0,0.143726170,0.040816327
5081,0,-0.000000000,0.000000000
5082,0,0.143726170,0.040816327
5083,0,-0.000000000,0.000000000
5084,0,0.143726170,0.040816327
5085,0,-0.000000000,0.000000000
5086,0,0.143726170,1.959183673
5087,0,-0.000000000,0.000000000
5088,0,0.503258335,0.222222222
5089,0,0.095970403,0.024691358
5090,0,-0.000000000,0.000000000
5091,0,-0.000000000,0.000000000
5092,0,-0.000000000,0.000000000
5093,0,-0.000000000,0.000000000
5094,0,0.143726170,0.040816327
5095,0,0.004850167,0.000757289
5096,0,0.144064358,0.040937481
5097,0,-0.000000000,0.000000000
5098,0,0.143726170,0.040816327
5099,0,0.023187512,0.004535147
5100,0,0.145750730,0.041543027
5101,0,0.004926853,0.000770798
5102,0,0.504171235,0.222831274
5103,0,0.021571201,0.004169519
5104,0,-0.000000000,0.000000000
5105,0,-0.000000000,0.000000000
5106,0,-0.000000000,0.000000000
5107,0,-0.000000000,0.000000000
5108,0,-0.000000000,0.000000000
5109,0,-0.000000000,0.000000000
5110,0,0.143726170,0.040816327
5111,0,0.004850167,0.000757289
5112,0,0.144064358,0.040937481
5113,0,-0.000000000,0.000000000
5114,0,0.503258335,0.222222222
5115,0,0.021519932,0.004158004
5116,0,0.145582434,0.041482489
5117,0,0.023512068,0.004609165
5118,0,-0.000000000,0.000000000
5119,0,-0.000000000,0.000000000
5120,0,0.503258335,0.222222222
5121,0,0.021519932,0.004158004
5122,0,0.988808991,0.865711331
5123,0,0.069756341,0.016732452
5124,0,-0.000000000,0.000000000
5125,0,-0.000000000,0.000000000
5126,0,0.143726170,0.040816327
5127,0,0.004850167,0.000757289
5128,0,0.504155247,0.222820599
5129,0,0.096180499,0.024757844
5130,0,-0.000000000,0.000000000
5131,0,-0.000000000,0.000000000
5132,0,0.503258335,0.222222222
5133,0,0.095970403,0.024691358
5134,0,0.088879696,0.022471910
5135,0,-0.000000000,0.000000000
5136,0,0.985228136,0.857142857
5137,0,0.779349837,0.461538462
5138,0,0.351380926,0.132295720
5139,0,0.062660155,0.014699524
5140,0,-0.000000000,0.000000000
5141,0,-0.000000000,0.000000000
5142,0,-0.000000000,0.000000000
5143,0,-0.000000000,0.000000000
5144,0,-0.000000000,0.000000000
5145,0,-0.000000000,0.000000000
5146,0,0.143726170,0.040816327
5147,0,0.023187512,0.004535147
5148,0,0.989107139,1.134160090
5149,0,0.069819599,0.016750819
5150,0,-0.000000000,0.000000000
5151,0,-0.000000000,0.000000000
5152,0,0.143726170,0.040816327
5153,0,0.004850167,0.000757289
5154,0,0.144064358,0.040937481
5155,0,0.023246603,0.004548609
5156,0,0.145756737,0.041545188
5157,0,0.004927081,0.000770838
5158,0,0.023480554,0.004601970
5159,0,0.145575616,0.041480037
5160,0,0.162188150,0.047567528
5161,0,0.005556480,0.000882824
5162,0,0.144120415,0.040957572
5163,0,-0.000000000,0.000000000
5164,0,0.143726170,0.040816327
5165,0,0.004850167,0.000757289
5166,0,0.985956528,1.141398038
5167,0,-0.000000000,0.000000000
5168,0,0.503258335,0.222222222
5169,0,0.095970403,0.024691358
5170,0,0.531882603,0.241758242
5171,0,0.023154724,0.004527681
5172,0,0.101296279,0.026389444
5173,0,0.154324928,0.044658066
5174,0,-0.000000000,0.000000000
5175,0,-0.000000000,0.000000000
5176,0,0.503258335,0.222222222
5177,0,0.095970403,0.024691358
5178,0,-0.000000000,0.000000000
5179,0,-0.000000000,0.000000000
5180,0,0.503258335,0.222222222
5181,0,0.021519932,0.004158004
5182,0,0.508167846,0.225508318
5183,0,0.097122578,0.025056480
5184,0,0.532296507,0.242047532
5185,0,0.102863665,0.026894170
5186,0,0.155709015,0.045166549
5187,0,0.005306817,0.000838170
5188,0,0.504250968,0.222884511
5189,0,0.096202931,0.024764946
5190,0,0.531966044,0.241816545
5191,0,0.102784132,0.026868505
5192,0,-0.000000000,0.000000000
5193,0,-0.000000000,0.000000000
5194,0,0.503258335,0.222222222
5195,0,0.021519932,0.004158004
5196,0,0.508167846,0.225508318
5197,0,0.097122578,0.025056480
5198,0,0.154891837,0.044866147
5199,0,-0.000000000,0.000000000
5200,0,0.143726170,0.040816327
5201,0,-0.000000000,0.000000000
5202,0,0.503258335,1.777777778
5203,0,0.021519932,0.004158004
5204,0,-0.000000000,0.000000000
5205,0,-0.000000000,0.000000000
5206,0,-0.000000000,0.000000000
5207,0,-0.000000000,0.000000000
5208,0,0.143726170,0.040816327
5209,0,0.004850167,0.000757289
5210,0,0.144064358,0.040937481
5211,0,0.004862963,0.000759541
5212,0,0.144065364,0.040937841
5213,0,-0.000000000,0.000000000
5214,0,0.503258335,0.222222222
5215,0,-0.000000000,0.000000000
5216,0,-0.000000000,0.000000000
5217,0,-0.000000000,0.000000000
5218,0,0.503258335,0.222222222
5219,0,-0.000000000,0.000000000
5220,0,0.985228136,0.857142857
5221,0,0.276195428,0.095238095
5222,0,0.185997890,0.056680162
5223,0,0.006490338,0.001052394
5224,0,-0.000000000,0.000000000
5225,0,-0.000000000,0.000000000
5226,0,-0.000000000,0.000000000
5227,0,-0.000000000,0.000000000
5228,0,-0.000000000,0.000000000
5229,0,-0.000000000,0.000000000
5230,0,-0.000000000,0.000000000
5231,0,-0.000000000,0.000000000
5232,0,0.143726170,0.040816327
5233,0,-0.000000000,0.000000000
5234,0,-0.000000000,0.000000000
5235,0,-0.000000000,0.000000000
5236,0,0.503258335,0.222222222
5237,0,0.309543429,0.111111111
5238,0,0.309543429,0.222222222
5239,0,0.360761657,0.211111111
5240,0,0.329476323,0.153161593
5241,0,0.133650029,0.067157315
5242,0,0.527992824,0.232012469
5243,0,0.334592807,0.120564875
5244,0,0.454431544,0.263487868
5245,0,0.289297905,0.185382345
5246,0,0.264718574,0.269094212
5247,0,0.425627494,0.349688267
5248,0,0.447687459,0.512266041
5249,0,0.091497651,0.052747317
5250,0,0.158960137,0.047473230
5251,0,-0.000000000,0.000000000
5252,0,1.000000000,1.000000000
5253,0,-0.000000000,0.000000000
5254,0,-0.000000000,0.000000000
5255,0,-0.000000000,0.000000000
5256,0,0.503258335,0.222222222
5257,0,0.705469041,0.383838384
5258,0,-0.000000000,0.000000000
5259,0,0.503258335,0.222222222
5260,0,-0.000000000,0.000000000
5261,0,0.143726170,0.040816327
5262,0,-0.000000000,0.000000000
5263,0,-0.000000000,0.000000000
5264,0,-0.000000000,0.000000000
5265,0,0.143726170,0.040816327
5266,0,-0.000000000,0.000000000
5267,0,1.000000000,1.000000000
5268,0,1.043822281,0.570212766
5269,0,0.860647374,0.352451947
5270,0,-0.000000000,0.000000000
5271,0,1.000000000,1.000000000
5272,0,0.302292189,0.080000000
5273,0,0.999999424,0.999106345
5274,0,0.302292178,0.080000000
5275,0,1.216033429,1.032044814
5276,0,1.919342794,1.977516184
5277,0,1.533892990,2.405916358
5278,0,1.673034085,1.676810652
5279,0,1.203925991,0.902812313
5280,0,-0.000000000,0.000000000
5281,0,1.000000000,1.000000000
5282,0,0.302292189,0.080000000
5283,0,1.010784836,1.000334821
5284,0,1.416527157,0.731080507
5285,0,0.835101949,0.391097543
5286,0,1.047365313,0.435253772
5287,0,1.607853386,1.194064986
5288,0,-0.000000000,0.000000000
5289,0,1.000000000,1.000000000
5290,0,1.021928095,0.400000000
5291,0,1.190930197,1.031111111
5292,0,1.090501971,0.438948257
5293,0,1.048352239,1.007140293
5294,0,-0.000000000,0.000000000
5295,0,1.000000000,1.000000000
5296,0,0.302292189,0.080000000
5297,0,0.999999424,1.000893655
5298,0,1.870950422,1.200000000
5299,0,1.115113043,1.028811558
5300,0,0.317787544,0.085054019
5301,0,0.999999476,1.000851941
5302,0,1.870950437,2.000511165
5303,0,1.442642701,1.093537799
5304,0,-0.000000000,0.000000000
5305,0,1.000000000,1.000000000
5306,0,0.302292189,0.080000000
5307,0,1.010784836,1.001785714
5308,0,1.872666384,1.999751212
5309,0,1.443451179,1.093439141
5310,0,1.965493094,1.945136891
5311,0,1.503051115,1.923256977
5312,0,1.975742740,1.906884602
5313,0,0.999528370,0.974431519
5314,0,-0.000000000,0.000000000
5315,0,1.000000000,1.000000000
5316,0,-0.000000000,0.000000000
5317,0,1.000000000,1.000000000
5318,0,1.021928095,0.400000000
5319,0,1.044208200,1.001704545
5320,0,1.033850526,0.406625784
5321,0,1.044888506,1.001913528
5322,0,-0.000000000,0.000000000
5323,0,1.000000000,1.000000000
5324,0,0.302292189,0.080000000
5325,0,1.010784836,1.000334821
5326,0,0.303257257,0.080312460
5327,0,1.216749741,1.032156162
5328,0,1.917619328,1.383235164
5329,0,1.469113295,1.089917245
5330,0,1.232817857,0.526720233
5331,0,1.057660608,1.000410058
5332,0,1.614644954,1.983240002
5333,0,1.198300586,1.044958416
5334,0,1.093776363,0.440776085
5335,0,1.207859622,1.032024919
5336,0,0.334560650,0.090614016
5337,0,1.239933200,1.035796014
5338,0,0.341056176,0.092792898
5339,0,1.058146596,1.006326669
5340,0,1.038354770,0.409128900
5341,0,1.045205403,1.002655328
5342,0,1.879312126,1.210687605
5343,0,1.446648077,1.098821120
5344,0,1.966105177,2.059429076
5345,0,1.503663853,1.142916759
5346,0,0.407817070,0.115998592
5347,0,1.071482459,1.006018130
5348,0,-0.000000000,0.000000000
5349,0,1.000000000,1.000000000
5350,0,0.302292189,0.080000000
5351,0,1.216063438,1.041991342
5352,0,-0.000000000,0.000000000
5353,0,1.000000000,1.000000000
5354,0,1.021928095,0.400000000
5355,0,1.044208200,1.001704545
5356,0,-0.000000000,0.000000000
5357,0,1.000000000,1.000000000
5358,0,0.302292189,0.080000000
5359,0,0.999999424,0.999106345
5360,0,1.499999712,1.000000000
5361,0,1.633775013,1.155913018
5362,0,1.335283822,0.596591959
5363,0,0.999954689,1.007925538
5364,0,1.021923564,2.001585108
5365,0,1.044269964,1.002408610
5366,0,1.588879048,1.015588343
5367,0,1.665751404,1.164027543
5368,0,0.464179933,0.136665780
5369,0,1.017895841,0.999201972
5370,0,1.874015427,1.996671575
5371,0,1.115674237,1.027206553
5372,0,1.894712883,1.392119699
5373,0,1.118828004,1.027423371
5374,0,1.895463745,1.391955882
5375,0,1.118976675,1.027088832
5376,0,-0.000000000,0.000000000
5377,0,1.000000000,1.000000000
5378,0,0.302292189,0.080000000
5379,0,0.999999424,1.000893655
5380,0,1.870950422,1.400000000
5381,0,0.999843298,1.014738642
5382,0,1.021912425,2.002947728
5383,0,0.999975360,1.005844512
5384,0,1.870943202,1.400000000
5385,0,2.100959912,1.459889766
5386,0,1.998012609,1.278912545
5387,0,1.170081909,0.961227822
5388,0,-0.000000000,0.000000000
5389,0,1.000000000,1.000000000
5390,0,1.021928095,1.800000000
5391,0,0.999984960,1.004566210
5392,0,-0.000000000,0.000000000
5393,0,1.000000000,1.000000000
5394,0,1.021928095,0.400000000
5395,0,1.139009150,1.050666667
5396,0,1.048482643,1.491527144
5397,0,1.466908738,1.721655605
5398,0,0.969552183,1.204723834
5399,0,1.051669168,1.602361917
5400,0,0.990143342,0.883239207
5401,0,1.495071671,1.441619603
5402,0,1.976017569,1.921694191
5403,0,1.786157789,1.813113234
5404,0,1.524020072,1.590869507
5405,0,1.862150224,1.211661148
5406,0,0.994542452,1.086926541
5407,0,1.109485898,0.644915877
5408,0,0.353310338,0.099120420
5409,0,1.109755299,1.012490598
5410,0,1.891131830,1.239734088
5411,0,1.116314415,0.981921965
5412,0,1.059937358,0.421390668
5413,0,0.999968156,1.006644157
5414,0,0.302291552,0.080000000
5415,0,1.050600506,1.006313038
5416,0,-0.000000000,0.000000000
5417,0,1.000000000,1.000000000
5418,0,0.302292189,0.080000000
5419,0,1.010784836,1.001785714
5420,0,1.024277377,0.401301069
5421,0,1.284552934,1.077177020
5422,0,-0.000000000,0.000000000
5423,0,1.000000000,1.000000000
5424,0,-0.000000000,0.000000000
5425,0,1.000000000,1.000000000
5426,0,-0.000000000,0.000000000
5427,0,1.000000000,1.000000000
5428,0,1.432977717,1.111450382
5429,0,1.869422911,1.324366472
5430,0,1.782218528,1.069914871
5431,0,1.720022703,1.402971210
5432,0,1.765177490,1.241644218
5433,0,1.747953462,1.094385916
5434,0,2.044541467,1.354376781
5435,0,1.401038911,1.456992382
5436,0,1.652275781,2.281021501
5437,0,2.002275505,2.578569631
5438,0,2.417830825,3.122448663
5439,0,2.441930058,3.115130325
5440,0,1.872541563,1.309680648
5441,0,2.501554481,2.423000227
5442,0,1.790148062,3.580050766
5443,0,0.916900543,3.788401832
5444,0,-0.000000000,0.000000000
5445,0,-0.000000000,0.000000000
5446,0,0.143726170,0.040816327
5447,0,0.549910905,0.254545455
5448,0,-0.000000000,0.000000000
5449,0,0.143726170,0.040816327
5450,0,0.127418512,0.035087719
5451,0,1.007910254,0.926770708
5452,0,0.585977641,0.281329923
5453,0,0.268745830,0.091812589
5454,0,1.025772224,0.984019165
5455,0,0.049224490,0.011007092
5456,0,-0.000000000,0.000000000
5457,0,0.503258335,0.222222222
5458,0,0.242292189,0.080000000
5459,0,1.000042169,0.457142857
5460,0,0.349320266,0.131218457
5461,0,-0.000000000,0.000000000
5462,0,0.503258335,0.222222222
5463,0,-0.000000000,0.000000000
5464,0,0.985228136,0.857142857
5465,0,-0.000000000,0.000000000
5466,0,0.143726170,0.040816327
5467,0,-0.000000000,0.000000000
5468,0,0.143726170,0.040816327
5469,0,-0.000000000,0.000000000
5470,0,0.503258335,0.222222222
5471,0,0.021519932,0.004158004
5472,0,0.145582434,0.041482489
5473,0,0.004920471,0.000769672
5474,0,0.504169903,0.222830384
5475,0,-0.000000000,0.000000000
5476,0,0.143726170,0.040816327
5477,0,0.004850167,0.000757289
5478,0,0.144064358,0.040937481
5479,0,0.004862963,0.000759541
5480,0,0.144065364,0.040937841
5481,0,0.023246779,0.004548649
5482,0,-0.000000000,0.000000000
5483,0,-0.000000000,0.000000000
5484,0,0.503258335,0.222222222
5485,0,0.095970403,0.024691358
5486,0,-0.000000000,0.000000000
5487,0,-0.000000000,0.000000000
5488,0,-0.000000000,0.000000000
5489,0,-0.000000000,0.000000000
5490,0,-0.000000000,0.000000000
5491,0,-0.000000000,0.000000000
5492,0,0.143726170,1.959183673
5493,0,0.023187512,0.004535147
5494,0,0.145750730,0.041543027
5495,0,0.023541519,0.004615892
5496,0,0.145786760,0.041555990
5497,0,0.004928220,0.000771039
5498,0,0.144070498,0.040939681
5499,0,0.004863196,0.000759582
5500,0,0.985958608,0.858714784
5501,0,0.276641484,0.095444589
5502,0,0.607378940,0.298037238
5503,0,0.121649616,0.033115249
5504,0,0.158473885,0.046186966
5505,0,0.005413121,0.000857147
5506,0,0.504273424,0.222899506
5507,0,0.021576944,0.004170809
5508,0,0.145588148,0.041484544
5509,0,0.004920688,0.000769711
5510,0,0.985967793,0.858735725
5511,0,0.069184958,0.016566745
5512,0,0.151113811,0.043484394
5513,0,0.005130916,0.000806891
5514,0,0.504213951,0.222859794
5515,0,-0.000000000,0.000000000
5516,0,0.143726170,0.040816327
5517,0,0.004850167,0.000757289
5518,0,-0.000000000,0.000000000
5519,0,-0.000000000,0.000000000
5520,0,-0.000000000,0.000000000
5521,0,-0.000000000,0.000000000
5522,0,-0.000000000,0.000000000
5523,0,-0.000000000,0.000000000
5524,0,0.143726170,0.040816327
5525,0,-0.000000000,0.000000000
5526,0,0.143726170,0.040816327
5527,0,0.023187512,0.004535147
5528,0,0.508611331,1.774193548
5529,0,0.021821359,0.004225777
5530,0,0.508247563,0.225561892
5531,0,-0.000000000,0.000000000
5532,0,-0.000000000,0.000000000
5533,0,-0.000000000,0.000000000
5534,0,0.503258335,0.222222222
5535,0,-0.000000000,0.000000000
5536,0,-0.000000000,0.000000000
5537,0,-0.000000000,0.000000000
5538,0,0.143726170,0.040816327
5539,0,0.023187512,0.004535147
5540,0,-0.000000000,0.000000000
5541,0,-0.000000000,0.000000000
5542,0,-0.000000000,0.000000000
5543,0,-0.000000000,0.000000000
5544,0,0.143726170,0.040816327
5545,0,0.023187512,0.004535147
5546,0,-0.000000000,0.000000000
5547,0,-0.000000000,0.000000000
5548,0,0.143726170,0.040816327
5549,0,0.023187512,0.004535147
5550,0,0.508611331,0.225806452
5551,0,0.368999728,0.141652614
5552,0,0.206529747,0.064898482
5553,0,-0.000000000,0.000000000
5554,0,0.143726170,0.040816327
5555,0,-0.000000000,0.000000000
5556,0,-0.000000000,0.000000000
5557,0,-0.000000000,0.000000000
5558,0,-0.000000000,0.000000000
5559,0,-0.000000000,0.000000000
5560,0,0.143726170,0.040816327
5561,0,0.102899790,0.026905830
5562,0,0.534388846,0.243512974
5563,0,-0.000000000,0.000000000
5564,0,0.143726170,0.040816327
5565,0,-0.000000000,0.000000000
5566,0,0.503258335,0.222222222
5567,0,0.021519932,0.004158004
5568,0,0.145582434,0.041482489
5569,0,0.004920471,0.000769672
5570,0,0.504169903,0.222830384
5571,0,0.096183933,0.024758932
5572,0,0.154759505,0.044817552
5573,0,-0.000000000,0.000000000
5574,0,0.143726170,0.040816327
5575,0,0.102899790,0.026905830
5576,0,-0.000000000,0.000000000
5577,0,-0.000000000,0.000000000
5578,0,0.143726170,0.040816327
5579,0,0.004850167,0.000757289
5580,0,0.144064358,0.040937481
5581,0,0.103144358,0.026984796
5582,0,-0.000000000,0.000000000
5583,0,-0.000000000,0.000000000
5584,0,0.143726170,0.040816327
5585,0,0.023187512,0.004535147
5586,0,0.508611331,0.225806452
5587,0,0.368999728,0.141652614
5588,0,1.029333522,1.106426525
5589,0,-0.000000000,0.000000000
5590,0,-0.000000000,0.000000000
5591,0,-0.000000000,0.000000000
5592,0,0.143726170,0.040816327
5593,0,0.004850167,0.000757289
5594,0,-0.000000000,0.000000000
5595,0,-0.000000000,0.000000000
5596,0,0.143726170,0.040816327
5597,0,0.004850167,0.000757289
5598,0,0.504155247,0.222820599
5599,0,0.096180499,0.024757844
5600,0,-0.000000000,0.000000000
5601,0,-0.000000000,0.000000000
5602,0,-0.000000000,0.000000000
5603,0,0.503258335,0.222222222
5604,0,0.721928095,0.400000000
5605,0,0.035810634,0.007547170
5606,0,0.147094395,0.042027194
5607,0,0.004977854,0.000779799
5608,0,0.504181888,0.222838386
5609,0,0.365735586,0.139899225
5610,0,0.650361772,0.333625729
5611,0,0.133132684,0.037069525
5612,0,0.545767191,0.251572168
5613,0,0.106127771,0.027952463
5614,0,-0.000000000,0.000000000
5615,0,-0.000000000,0.000000000
5616,0,-0.000000000,0.000000000
5617,0,-0.000000000,0.000000000
5618,0,0.985228136,0.857142857
5619,0,0.779349837,0.461538462
5620,0,0.879135767,0.596491228
5621,0,0.209894473,0.066276803
5622,0,-0.000000000,0.000000000
5623,0,-0.000000000,0.000000000
5624,0,0.143726170,0.040816327
5625,0,0.023187512,0.004535147
5626,0,0.145750730,0.041543027
5627,0,0.023541519,0.004615892
5628,0,0.508706240,0.225870282
5629,0,-0.000000000,0.000000000
5630,0,0.143726170,0.040816327
5631,0,0.023187512,0.004535147
5632,0,0.022832202,0.004454343
5633,0,-0.000000000,0.000000000
5634,0,0.143726170,0.040816327
5635,0,0.004850167,0.000757289
5636,0,0.504155247,0.222820599
5637,0,0.096180499,0.024757844
5638,0,0.531957992,0.241810919
5639,0,0.102782195,0.026867880
5640,0,0.534345979,0.243482899
5641,0,0.023298112,0.004560348
5642,0,0.145761976,0.041547073
5643,0,0.004927280,0.000770873
5644,0,0.144070424,0.040939655
5645,0,0.004863193,0.000759581
5646,0,0.144065382,0.040937848
5647,0,-0.000000000,0.000000000
5648,0,0.143726170,0.040816327
5649,0,-0.000000000,0.000000000
5650,0,0.143726170,0.040816327
5651,0,0.102899790,0.026905830
5652,0,-0.000000000,0.000000000
5653,0,-0.000000000,0.000000000
5654,0,-0.000000000,0.000000000
5655,0,-0.000000000,0.000000000
5656,0,0.985228136,1.142857143
5657,0,-0.000000000,0.000000000
5658,0,0.503258335,0.222222222
5659,0,-0.000000000,0.000000000
5660,0,-0.000000000,0.000000000
5661,0,-0.000000000,0.000000000
5662,0,0.503258335,0.222222222
5663,0,0.095970403,0.024691358
5664,0,-0.000000000,0.000000000
5665,0,-0.000000000,0.000000000
5666,0,0.143726170,0.040816327
5667,0,-0.000000000,0.000000000
5668,0,0.143726170,0.040816327
5669,0,0.023187512,0.004535147
5670,0,0.145750730,0.041543027
5671,0,-0.000000000,0.000000000
5672,0,0.143726170,0.040816327
5673,0,0.023187512,0.004535147
5674,0,0.145750730,0.041543027
5675,0,0.023541519,0.004615892
5676,0,0.023174619,0.004532211
5677,0,0.145547586,0.041469957
5678,0,-0.000000000,0.000000000
5679,0,-0.000000000,0.000000000
5680,0,-0.000000000,0.000000000
5681,0,-0.000000000,0.000000000
5682,0,0.503258335,0.222222222
5683,0,0.021519932,0.004158004
5684,0,-0.000000000,0.000000000
5685,0,-0.000000000,0.000000000
5686,0,0.143726170,0.040816327
5687,0,0.023187512,0.004535147
5688,0,0.145750730,0.041543027
5689,0,-0.000000000,0.000000000
5690,0,0.143726170,0.040816327
5691,0,0.004850167,0.000757289
5692,0,0.144064358,0.040937481
5693,0,0.023246603,0.004548609
5694,0,0.145756737,0.041545188
5695,0,-0.000000000,0.000000000
5696,0,-0.000000000,0.000000000
5697,0,-0.000000000,0.000000000
5698,0,0.503258335,0.222222222
5699,0,0.021519932,0.004158004
5700,0,-0.000000000,0.000000000
5701,0,-0.000000000,0.000000000
5702,0,0.503258335,0.222222222
5703,0,0.095970403,0.024691358
5704,0,0.088879696,0.022471910
5705,0,0.562169444,0.251616696
5706,0,0.257287399,0.087532024
5707,0,0.010835072,0.004289800
5708,0,0.155401163,0.046174357
5709,0,0.104503282,0.027417634
5710,0,0.001643280,0.000620796
5711,0,0.000478586,0.000125692
5712,0,0.144017036,0.040906335
5713,0,0.000246337,0.000061474
5714,0,0.143824755,0.040843453
5715,0,0.004867334,0.000760813
5716,0,0.504163118,0.222822527
5717,0,0.021572818,0.004169782
5718,0,0.145589170,0.041484677
5719,0,0.000001500,0.000000266
5720,0,0.000007710,0.000001786
5721,0,0.000001128,0.000000185
5722,0,0.143726540,0.040816395
5723,0,0.023187531,0.004535150
5724,0,0.000000020,0.000000004
5725,0,0.000000005,0.000000001
5726,0,0.985228138,1.142857143
5727,0,0.069054383,0.016528926
5728,0,0.997557798,0.890688259
5729,0,0.000000001,0.000000000
5730,0,0.503258335,0.222222222
5731,0,0.095970403,0.024691358
5732,0,0.531882603,1.758241758
5733,0,0.023154724,0.004527681
5734,0,0.145747398,0.041541828
5735,0,0.000000000,0.000000000
5736,0,0.000000000,0.000000000
5737,0,0.000000000,0.000000000
5738,0,0.503258335,0.222222222
5739,0,0.000000000,0.000000000
5740,0,0.503258335,0.222222222
5741,0,0.095970403,0.024691358
5742,0,0.000000000,0.000000000
5743,0,0.000000000,0.000000000
5744,0,0.143726170,0.040816327
5745,0,0.023187512,0.004535147
5746,0,0.000000000,0.000000000
5747,0,0.000000000,0.000000000
5748,0,0.000000000,0.000000000
5749,0,0.000000000,0.000000000
5750,0,0.000000000,0.000000000
5751,0,0.000000000,0.000000000
5752,0,0.985228136,1.142857143
5753,0,0.069054382,0.016528926
5754,0,0.151096971,0.043478261
5755,0,0.005130273,0.000806777
5756,0,0.504213816,0.222859704
5757,0,0.000000000,0.000000000
5758,0,0.143726170,0.040816327
5759,0,0.000000000,0.000000000
5760,0,0.503258335,0.222222222
5761,0,0.095970403,0.024691358
5762,0,0.154729451,0.044806517
5763,0,0.000000000,0.000000000
5764,0,0.503258335,0.222222222
5765,0,0.000000000,0.000000000
5766,0,0.503258335,0.222222222
5767,0,0.000000000,0.000000000
5768,0,0.143726170,0.040816327
5769,0,0.004850167,0.000757289
5770,0,0.000000000,0.000000000
5771,0,0.000000000,0.000000000
5772,0,0.000000000,0.000000000
5773,0,0.000000000,0.000000000
5774,0,0.143726170,0.040816327
5775,0,0.023187512,0.004535147
5776,0,0.000000000,0.000000000
5777,0,0.000000000,0.000000000
5778,0,0.000000000,0.000000000
5779,0,0.000000000,0.000000000
5780,0,0.143726170,0.040816327
5781,0,0.023187512,0.004535147
5782,0,0.000000000,0.000000000
5783,0,0.000000000,0.000000000
5784,0,0.143726170,0.040816327
5785,0,0.004850167,0.000757289
5786,0,0.144064358,0.040937481
5787,0,0.103144358,0.026984796
5788,0,0.155749308,0.045181375
5789,0,0.000000000,0.000000000
5790,0,0.000000000,0.000000000
5791,0,0.000000000,0.000000000
5792,0,0.143726170,0.040816327
5793,0,0.023187512,0.004535147
5794,0,0.000000000,0.000000000
5795,0,0.000000000,0.000000000
5796,0,0.503258335,0.222222222
5797,0,0.095970403,0.024691358
5798,0,0.154729451,0.044806517
5799,0,0.025118958,0.004978502
5800,0,0.145948558,0.041614217
5801,0,0.000000000,0.000000000
5802,0,0.000000000,0.000000000
5803,0,0.000000000,0.000000000
5804,0,0.985228136,0.857142857
5805,0,0.000000000,0.000000000
5806,0,0.503258335,0.222222222
5807,0,0.021519932,0.004158004
5808,0,0.145582434,0.041482489
5809,0,0.000000000,0.000000000
5810,0,0.143726170,0.040816327
5811,0,0.023187512,0.004535147
5812,0,-0.000000000,0.000000000
5813,0,-0.000000000,0.000000000
5814,0,-0.000000000,0.000000000
5815,0,0.143726170,0.040816327
5816,0,-0.000000000,0.000000000
5817,0,-0.000000000,0.000000000
5818,0,-0.000000000,0.000000000
5819,0,0.503258335,0.222222222
5820,0,0.721928095,0.400000000
5821,0,0.035810634,0.007547170
5822,0,0.147094395,0.042027194
5823,0,0.004977854,0.000779799
5824,0,-0.000000000,0.000000000
5825,0,-0.000000000,0.000000000
5826,0,0.143726170,0.040816327
5827,0,0.004850167,0.000757289
5828,0,0.985956528,1.141398038
5829,0,0.276825153,0.095476663
5830,0,0.186124867,0.056725790
5831,0,0.030768154,0.006312236
5832,0,0.146583717,1.958177404
5833,0,0.023685749,0.004648728
5834,0,0.145807336,0.041562647
5835,0,0.023551100,0.004618047
5836,0,0.508709412,0.225872040
5837,0,0.000000842,0.000000145
5838,0,0.503258551,1.777777795
5839,0,0.000000077,0.000000007
5840,0,0.503258405,0.222222232
5841,0,0.281264707,1.938895420
5842,0,0.000000047,0.000000007
5843,0,1.263933476,1.058823536
5844,0,1.497631911,0.945054952
5845,0,2.280700255,1.674603181
5846,0,2.307102742,2.409638560
5847,0,1.489270628,1.468750083
5848,0,1.900586057,2.395833442
5849,0,2.421778206,2.006166730
5850,0,1.702877276,2.781661677
5851,0,1.848630801,2.865333225
5852,0,2.297047492,3.485531694
5853,0,2.078388913,2.608898349
5854,0,1.554960038,1.561925935
5855,0,0.580100399,0.379891612
5856,0,0.631608132,0.491079992
5857,0,0.121298680,0.059606328
5858,0,0.218109191,0.082556484
5859,0,0.061996686,0.028207380
5860,0,0.170609737,0.053304018
5861,0,0.017028546,0.006400845
5862,0,0.019708283,0.008651806
5863,0,0.040664168,0.016099101
5864,0,0.032820611,0.015100266
5865,0,0.000485521,0.000141815
5866,0,0.000526481,0.000179410
5867,0,0.000535512,0.000142244
5868,0,0.985313228,0.857164923
5869,0,0.000092606,0.000021131
5870,0,0.143771029,0.040828060
5871,0,0.004859474,0.000759116
5872,0,0.504159605,0.222821623
5873,0,0.000004449,0.000000838
5874,0,0.000021867,0.000005412
5875,0,0.000000731,0.000000118
5876,0,0.000000824,0.000000160
5877,0,0.000000275,0.000000043
5878,0,0.143726270,0.040816344
5879,0,0.004850182,0.000757291
5880,0,0.144064367,0.040937482
5881,0,0.004862966,0.000759541
5882,0,0.144065365,0.040937841
5883,0,0.023246779,0.004548649
5884,0,0.022889543,0.004467367
5885,0,0.000000000,0.000000000
5886,0,0.143726170,0.040816327
5887,0,0.000000000,0.000000000
5888,0,0.503258335,0.222222222
5889,0,0.000000000,0.000000000
5890,0,0.503258335,0.222222222
5891,0,0.365055190,0.139534884
5892,0,-0.000000000,0.000000000
5893,0,-0.000000000,0.000000000
5894,0,0.985228136,1.142857143
5895,0,0.069054382,0.016528926
5896,0,0.156790701,0.045338767
5897,0,0.086741455,0.021723487
5898,0,0.261074770,0.088330800
5899,0,0.999994700,0.997289361
5900,0,0.992844756,0.900486859
5901,0,1.799888709,1.622979559
5902,0,1.746290989,1.599222836
5903,0,1.995108167,1.865277667
5904,0,2.089588219,2.286497791
5905,0,0.575359105,0.360317660
5906,0,0.778525684,0.387388697
5907,0,0.171204452,0.079491066
5908,0,1.067738910,0.897669505
5909,0,0.753090526,0.432316769
5910,0,0.999362330,0.970270070
5911,0,0.645977709,0.329862915
5912,0,0.355507651,0.144407795
5913,0,1.000000000,1.000000000
5914,0,1.000000000,2.000000000
5915,0,1.500000000,2.500000000
5916,0,1.508326883,2.708333333
5917,0,2.812659289,3.648809524
5918,0,2.080159215,4.329194398
5919,0,2.379276471,5.420140560
5920,0,2.931271227,6.328672163
5921,0,2.941738476,6.307929992
5922,0,-0.000000000,0.000000000
5923,0,0.985228136,1.142857143
5924,0,0.458685816,0.193548387
5925,0,1.024701978,1.179962894
5926,0,0.588433586,1.842150911
5927,0,0.461762256,1.804537522
5928,0,1.004789700,1.273076923
5929,0,0.929026639,0.536099034
5930,0,-0.000000000,0.000000000
5931,0,1.000000000,1.000000000
5932,0,1.021928095,0.400000000
5933,0,1.190930197,1.032222222
5934,0,0.330757837,0.089359612
5935,0,1.056035831,1.006492827
5936,0,1.882055682,1.396715673
5937,0,1.116845436,1.026911613
5938,0,1.058950723,0.420810334
5939,0,1.046336869,1.002400258
5940,0,1.034259164,0.406869018
5941,0,1.044911294,1.001919537
5942,0,0.307203535,0.081595264
5943,0,1.010983746,1.001798007
5944,0,1.024276421,0.401303806
5945,0,1.044340903,1.009098756
5946,0,1.924070474,1.917854312
5947,0,1.474457880,1.067389260
5948,0,-0.000000000,0.000000000
5949,0,1.000000000,1.000000000
5950,0,1.021928095,1.800000000
5951,0,1.044208200,1.009090909
5952,0,0.307114252,0.081566298
5953,0,1.051532863,1.006604395
5954,0,1.529956519,1.007837854
5955,0,1.642730841,1.168447506
5956,0,2.004330396,1.452152394
5957,0,0.999737814,1.019064232
5958,0,-0.000000000,0.000000000
5959,0,1.000000000,1.000000000
5960,0,-0.000000000,0.000000000
5961,0,1.000000000,1.000000000
5962,0,1.021928095,1.800000000
5963,0,1.190930197,1.978888889
5964,0,1.607093530,2.479197837
5965,0,2.272417678,1.598490111
5966,0,1.966960334,1.261412304
5967,0,0.992861050,1.099399958
5968,0,1.021214200,0.400000000
5969,0,0.999988113,1.004059373
5970,0,-0.000000000,0.000000000
5971,0,1.000000000,1.000000000
5972,0,-0.000000000,0.000000000
5973,0,1.000000000,1.000000000
5974,0,1.021928095,1.800000000
5975,0,0.999984960,1.004566210
5976,0,0.302291888,0.080000000
5977,0,1.050617556,1.006295282
5978,0,-0.000000000,0.000000000
5979,0,1.000000000,1.000000000
5980,0,1.870950594,1.200000000
5981,0,1.115135655,1.005357143
5982,0,0.317490439,0.084962493
5983,0,1.053425562,1.006951216
5984,0,-0.000000000,0.000000000
5985,0,1.000000000,1.000000000
5986,0,1.021928095,2.000000000
5987,0,0.999984960,0.995433790
5988,0,1.021926591,0.400000000
5989,0,1.190788742,1.031476408
5990,0,1.089106401,1.784878641
5991,0,1.048228879,1.004454562
5992,0,1.034838789,0.407189043
5993,0,0.999986812,1.004275752
5994,0,0.302291925,0.080000000
5995,0,1.050619938,1.006290634
5996,0,-0.000000000,0.000000000
5997,0,1.000000000,1.000000000
5998,0,0.302292189,0.080000000
5999,0,1.010784836,1.000334821
