0,0,4.619905061,6.032515142
1,0,4.609097066,5.305432176
2,0,3.386761472,4.011795245
3,0,3.807119166,3.738714880
4,0,4.403344610,3.484501225
5,0,4.465201556,3.305821462
6,0,4.087651955,3.021361886
7,0,4.345685526,3.092704396
8,0,4.404126290,2.985699271
9,0,4.297908263,3.486679007
10,0,4.120963079,3.514896173
11,0,4.333009375,4.005787543
12,0,4.073249102,4.431199011
13,0,3.725629025,3.558792020
14,0,3.623698597,4.325926266
15,0,3.663331779,5.341206530
16,0,2.215838552,0.931120367
17,0,2.809977797,1.804981219
18,0,3.390045289,1.487956414
19,0,3.269463318,1.532600381
20,0,3.167244788,1.905109924
21,0,1.573788599,1.148813981
22,0,2.345026581,1.495066771
23,0,2.404900814,1.833092942
24,0,2.170393100,2.097413042
25,0,2.516939805,1.706176969
26,0,2.122367348,1.324665615
27,0,2.061751755,1.225021404
28,0,2.359662094,1.440277926
29,0,2.478862567,1.904561908
30,0,2.313589107,2.343126650
31,0,2.012317384,1.620399025
32,0,2.325584185,2.230281881
33,0,2.054240533,1.464987179
34,0,2.304965808,2.129421463
35,0,2.045261511,1.504171720
36,0,2.411677436,2.606662201
37,0,2.488204981,1.692253407
38,0,1.373529067,1.072755560
39,0,2.365740120,2.146642000
40,0,2.543733146,2.030304044
41,0,0.781529447,0.464055539
42,0,-0.000000000,0.000000000
43,0,1.000000000,1.000000000
44,0,1.841987707,1.100000000
45,0,1.683395398,1.202486679
46,0,2.066623722,1.263176649
47,0,1.531927470,1.176664568
48,0,-0.000000000,0.000000000
49,0,1.000000000,1.000000000
50,0,0.805958493,0.285714286
51,0,1.092885007,1.013569937
52,0,1.890144001,2.001017218
53,0,2.259785852,1.466804819
54,0,2.280644036,2.121832856
55,0,2.603947908,2.019852381
56,0,2.512741181,1.619462491
57,0,2.149867176,1.510338383
58,0,1.859931523,1.192162999
59,0,1.577716278,1.625408902
60,0,1.897459926,3.078009520
61,0,2.071899085,1.912984431
62,0,1.985935162,1.332949199
63,0,2.594253351,1.899109319
64,0,1.474141693,1.187290107
65,0,1.181383689,0.823230243
66,0,2.171008791,1.211162682
67,0,1.849018474,1.338161937
68,0,1.370329190,0.913158046
69,0,1.776553940,1.491262340
70,0,1.945332907,1.322806568
71,0,0.965426869,0.365645921
72,0,1.116996729,1.021555147
73,0,1.593156848,1.018996558
74,0,1.590262594,1.139300221
75,0,1.806838912,1.998978660
76,0,0.999999922,0.999670853
77,0,1.749999980,1.500000000
78,0,1.288492990,1.054675785
79,0,1.772395738,1.026334520
80,0,1.000000000,1.000010287
81,0,0.805958493,0.285714286
82,0,1.092885007,1.013570356
83,0,-0.000000000,0.000000000
84,0,1.000000000,1.000000000
85,0,-0.000000000,0.000000000
86,0,1.000000000,1.000000000
87,0,-0.000000000,0.000000000
88,0,1.000000000,1.000000000
89,0,0.805958493,0.285714286
90,0,1.378009505,1.077380952
91,0,1.932827142,1.157170923
92,0,2.273597195,1.477264048
93,0,2.203171062,2.051553747
94,0,2.294982271,2.911327300
95,0,2.879815652,2.401455861
96,0,2.254793127,2.459583302
97,0,2.620882980,2.678158769
98,0,2.971180155,3.360063982
99,0,3.081096752,3.695105620
100,0,2.595795632,2.692786494
101,0,2.841439621,3.243214491
102,0,2.988451406,3.876491435
103,0,2.368853992,2.524250961
104,0,2.504579082,2.027544636
105,0,2.615201560,1.590307591
106,0,1.820581538,1.980251235
107,0,2.129409612,2.588987704
108,0,2.912684129,3.507502701
109,0,2.958427859,2.697492168
110,0,3.005247040,3.625628212
111,0,3.289362086,3.214440004
112,0,2.934944991,3.282569594
113,0,2.824548877,3.239814234
114,0,2.925950026,2.724261591
115,0,2.833139014,3.265081300
116,0,1.396072030,1.250234163
117,0,2.164981477,1.510033610
118,0,1.737729903,1.676420389
119,0,2.740397931,1.807122584
120,0,2.331330690,1.351905346
121,0,2.482367774,1.565964687
122,0,1.254980211,0.567612620
123,0,1.173009927,0.965100128
124,0,0.820410701,0.292692774
125,0,0.999993423,0.996980567
126,0,0.805958023,0.285714286
127,0,1.092884968,1.013447017
128,0,1.755599511,1.999927217
129,0,1.926216965,1.916371906
130,0,2.201775307,1.252966057
131,0,1.697624104,1.185041243
132,0,-0.000000000,0.000000000
133,0,1.000000000,1.000000000
134,0,1.500000000,2.000000000
135,0,1.582662942,1.138297872
136,0,0.878510130,2.000000000
137,0,2.152675782,1.883664566
138,0,2.891661658,1.829641914
139,0,2.090446278,1.368153082
140,0,1.885546354,1.178734885
141,0,1.000000000,1.000000000
142,0,1.750000000,1.000000000
143,0,1.000000000,1.000000000
144,0,-0.000000000,0.000000000
145,0,1.000000000,1.000000000
146,0,0.805958493,0.285714286
147,0,1.092885007,1.013569937
148,0,1.573581555,2.007059229
149,0,1.948400676,3.004690265
150,0,2.371327942,4.011414919
151,0,3.116546062,4.996192833
152,0,2.953500161,4.023616575
153,0,3.337053239,3.460596126
154,0,2.989846773,3.281483118
155,0,3.358570937,3.660499938
156,0,3.144795027,3.069010050
157,0,3.425498047,3.890522234
158,0,3.234291685,4.413389828
159,0,2.876617882,5.418541648
160,0,2.338624744,4.045833587
161,0,3.399343716,5.560748904
162,0,3.241225057,4.725997349
163,0,3.485986792,4.191681242
164,0,3.389659609,4.995328807
165,0,3.409265450,5.098044615
166,0,3.238234467,4.889010804
167,0,3.145302667,4.890777711
168,0,3.525411353,5.730462581
169,0,2.987632994,3.185419298
170,0,2.236217327,3.566141292
171,0,-0.000000000,0.000000000
172,0,1.000000000,1.000000000
173,0,-0.000000000,0.000000000
174,0,1.000000000,1.000000000
175,0,1.500000000,2.000000000
176,0,2.414332410,1.675675676
177,0,2.178470241,1.782608696
178,0,1.967578919,1.747185261
179,0,1.583799128,1.934659091
180,0,2.451929048,2.934073203
181,0,1.930454602,1.958527310
182,0,2.487853828,2.057517023
183,0,1.954582772,1.692664182
184,0,1.516922718,1.131865876
185,0,1.904260061,2.074668716
186,0,1.631113044,1.161707675
187,0,1.812193820,2.003941603
188,0,2.513122652,1.759380024
189,0,1.984048730,2.003371033
190,0,0.999998868,1.001252592
191,0,1.877386579,2.001073650
192,0,2.457265511,3.001252592
193,0,2.745104327,2.732848651
194,0,2.810821766,2.290435569
195,0,2.804892899,3.208852901
196,0,2.924587772,2.588998607
197,0,2.873220690,2.181256764
198,0,2.356254996,2.351745001
199,0,2.066736803,2.495567996
200,0,2.391772477,3.039538152
201,0,1.572226914,2.156193307
202,0,1.906087749,2.773255442
203,0,2.412516670,3.315571630
204,0,2.099221817,1.209573418
205,0,2.126660654,1.457592054
206,0,1.965662950,0.996751842
207,0,1.600198326,0.721106694
208,0,2.008903161,1.203822761
209,0,1.852381920,1.361839965
210,0,2.251962022,1.316414701
211,0,1.995646101,1.367228240
212,0,1.578791770,0.869489192
213,0,1.958219749,1.168482162
214,0,1.628363491,1.015018376
215,0,1.808802121,1.906179297
216,0,1.311937486,1.029599623
217,0,0.836400780,0.300292326
218,0,1.097331452,1.015949318
219,0,0.813044631,0.289074288
220,0,1.093911972,1.013832128
221,0,1.755673744,2.000045031
222,0,2.503935050,3.000071420
223,0,2.867476594,2.446560896
224,0,2.809475720,2.037941180
225,0,2.291351059,1.508920554
226,0,0.999602942,1.023460377
227,0,1.877216896,1.714285714
228,0,0.999955886,1.007820126
229,0,1.499977943,1.000000000
230,0,1.881271993,1.604692075
231,0,2.178452228,1.782608696
232,0,2.882250893,2.391890853
233,0,2.958629644,2.638197069
234,0,2.835886209,3.445437127
235,0,3.268356118,3.127143437
236,0,3.034094869,3.867071720
237,0,2.837183830,4.541251556
238,0,3.226921203,3.939673411
239,0,3.242290696,3.395792757
240,0,3.102620437,3.254809460
241,0,3.247528356,3.363763811
242,0,2.753642659,2.966761978
243,0,2.915886430,2.478905064
244,0,0.990395231,0.884737417
245,0,1.873270735,1.901203501
246,0,1.492046502,1.072074231
247,0,1.878088822,1.106770833
248,0,2.454838209,1.680291975
249,0,2.145303471,2.043129912
250,0,0.999870879,0.986621133
251,0,1.499935440,1.986621133
252,0,2.414283056,2.985897951
253,0,2.829726350,3.983019131
254,0,2.893359692,3.269335693
255,0,3.076744763,3.069477278
256,0,2.999379022,3.426917504
257,0,2.943231939,3.956771773
258,0,2.743962975,4.741053054
259,0,2.418217893,4.473328457
260,0,-0.000000000,0.000000000
261,0,1.000000000,1.000000000
262,0,1.750000000,1.000000000
263,0,1.000000000,1.000000000
264,0,1.877387064,2.000000000
265,0,1.762087610,1.376377953
266,0,2.216082977,2.409568566
267,0,2.690980545,3.420994020
268,0,2.025525167,3.810204967
269,0,3.021464254,4.858895093
270,0,3.148388936,3.789215727
271,0,1.115776421,0.746560911
272,0,2.225497362,1.883187476
273,0,1.848954220,1.461216959
274,0,2.309072315,1.333209346
275,0,0.573904547,0.380008390
276,0,1.923708283,2.010238005
277,0,2.089634191,1.947632666
278,0,2.295730605,2.018908715
279,0,2.510391091,1.552369741
280,0,2.558267566,2.023978744
281,0,2.771219721,1.886824759
282,0,2.734279249,2.318186021
283,0,2.649823169,1.892310810
284,0,2.638348106,1.911477325
285,0,2.659093851,2.341428838
286,0,2.616415308,3.026929752
287,0,2.914813661,2.838878909
288,0,2.575403481,2.890055213
289,0,2.918258233,2.486823963
290,0,2.870206938,1.975109313
291,0,2.781040355,2.067383909
292,0,2.694303692,1.993792105
293,0,2.256177130,2.157278835
294,0,2.555104253,3.138335289
295,0,2.855772356,2.396422432
296,0,2.572165539,3.049808996
297,0,2.872663480,2.383029053
298,0,2.732438409,2.450033345
299,0,2.221834148,1.850645688
300,0,2.281922647,2.121379176
301,0,2.357907156,1.942834223
302,0,1.564011049,0.896192209
303,0,0.769146536,0.377349828
304,0,1.791109978,1.408540995
305,0,1.733348792,0.977151414
306,0,2.183138679,2.105064916
307,0,1.995353117,1.352092178
308,0,2.213284679,2.006597620
309,0,1.581357629,1.125698513
310,0,1.877806403,1.519423507
311,0,2.403332157,2.608937525
312,0,2.393318754,1.651080386
313,0,2.277225655,2.216470587
314,0,2.391434791,1.723589320
315,0,2.144478394,1.316781891
316,0,1.691853840,1.486314281
317,0,1.664028927,2.013672380
318,0,2.325661899,1.560865893
319,0,2.152955206,1.297445303
320,0,2.429108372,1.578566425
321,0,2.211532131,1.364368195
322,0,2.038640598,2.363089098
323,0,2.391827558,2.238173777
324,0,2.445531804,2.161727017
325,0,2.249377684,2.230687918
326,0,2.063816643,1.540260694
327,0,1.965814736,1.225939217
328,0,2.284756805,1.900812160
329,0,2.489984532,2.525789677
330,0,1.696385923,1.571284918
331,0,2.591857246,2.605450528
332,0,2.253291180,1.722134364
333,0,2.696423201,2.742857574
334,0,2.313726552,1.732808159
335,0,2.077553741,1.357394794
336,0,1.928363934,1.168128551
337,0,1.816334427,2.223309324
338,0,2.073166827,1.479217567
339,0,2.565317019,1.642403349
340,0,2.345470012,1.878699675
341,0,2.128274231,1.480319492
342,0,2.159501386,2.072001031
343,0,2.695073944,3.114882709
344,0,2.792074693,2.072703051
345,0,2.670126323,2.372951532
346,0,1.864654392,1.992647550
347,0,2.578029089,1.781652699
348,0,2.577560910,1.994354628
349,0,2.354332189,1.772173839
350,0,1.467126496,1.174281538
351,0,1.110873094,0.862983368
352,0,2.003535294,1.303257624
353,0,1.916160117,1.618692856
354,0,1.926095006,2.283615194
355,0,1.662472527,2.655613844
356,0,2.054495435,2.019051855
357,0,2.363600959,1.822127439
358,0,1.652171381,1.571559057
359,0,1.707942432,2.188076695
360,0,2.584737408,3.048705884
361,0,1.932698659,1.612737603
362,0,1.144304954,0.556329195
363,0,0.317283090,0.280733113
364,0,0.280977152,0.196939075
365,0,1.611118900,1.249418495
366,0,2.121787737,1.488000749
367,0,2.552750244,1.949295471
368,0,2.473773467,1.633641335
369,0,2.638373454,1.722854896
370,0,2.724040373,2.462837677
371,0,2.908387411,2.038839814
372,0,2.766367726,2.339248553
373,0,3.029907205,2.790617290
374,0,2.693089589,2.389094544
375,0,3.252425883,2.943045800
376,0,2.780686088,2.364085197
377,0,2.572204820,2.568550646
378,0,2.289294460,2.223877243
379,0,2.430008264,2.132438147
380,0,2.935234957,2.531019835
381,0,3.376026446,2.592995519
382,0,3.373430438,2.968610526
383,0,3.118046676,2.897934761
384,0,2.902020715,3.307071801
385,0,2.625649272,2.608794662
386,0,2.857535089,2.754945239
387,0,2.491735510,3.089182968
388,0,1.975915132,3.551002426
389,0,2.181063454,2.303341156
390,0,2.445415822,2.454492805
391,0,1.612850549,1.387674746
392,0,1.457029122,0.989198024
393,0,1.689511089,1.320250740
394,0,2.151312908,1.398827651
395,0,1.758827631,1.450014084
396,0,1.725099606,2.144974878
397,0,2.417990337,2.911206932
398,0,2.299493518,2.457000587
399,0,3.229368133,2.666135755
400,0,3.080703562,2.600204214
401,0,2.901565674,2.248619690
402,0,2.750609187,2.410336941
403,0,3.377284038,2.974254453
404,0,2.979938538,2.758640306
405,0,2.910051030,2.374886475
406,0,2.057018134,2.046117047
407,0,2.070472459,1.553999755
408,0,2.344588538,1.647537341
409,0,1.446031300,1.262304367
410,0,1.285766214,0.707510514
411,0,1.391211367,1.153679149
412,0,1.133629369,0.521268453
413,0,1.336313783,1.106855341
414,0,1.050295119,0.674260265
415,0,1.120526167,1.099010847
416,0,0.175116636,0.104919029
417,0,1.419543605,1.120604068
418,0,1.983800112,1.200988419
419,0,1.152992655,1.086284578
420,0,1.942234779,1.746118272
421,0,1.548142578,1.142983018
422,0,1.845363944,1.077746449
423,0,1.340767485,1.077362967
424,0,1.804922920,1.504206320
425,0,2.529576967,1.762755228
426,0,2.882632867,2.053428491
427,0,2.396408208,1.579632042
428,0,2.207681902,1.350211019
429,0,2.473207642,1.635539956
430,0,3.000110088,2.039276726
431,0,2.753675040,2.133479285
432,0,1.813467175,0.968614063
433,0,2.006818680,1.328889560
434,0,1.986171219,1.212114962
435,0,1.435921150,1.109918913
436,0,0.962257545,0.369748364
437,0,1.167352571,1.036450813
438,0,1.612895290,1.037938159
439,0,1.997478583,1.644428586
440,0,2.327873080,1.570785752
441,0,1.379059424,1.298756151
442,0,1.329096666,0.715695620
443,0,1.464310168,1.207782685
444,0,2.126226485,2.105528569
445,0,1.941981252,1.489246027
446,0,2.345322240,2.299799304
447,0,2.622074737,2.865757123
448,0,2.154808861,2.057241992
449,0,2.416408448,1.556573564
450,0,2.163565483,2.165615583
451,0,2.157899429,3.193143215
452,0,2.999021052,2.782541835
453,0,2.553107221,2.307190385
454,0,2.931471794,2.012105334
455,0,3.161149679,2.777495344
456,0,3.051752830,3.490046980
457,0,3.268485610,2.914678017
458,0,3.459043310,2.665070900
459,0,3.451392764,2.519127623
460,0,2.861158039,3.101692457
461,0,3.609270675,3.490632688
462,0,3.013778900,4.191913374
463,0,2.700391842,3.484456089
464,0,2.594028444,2.224477505
465,0,2.912315168,2.659584002
466,0,2.730483438,2.299927161
467,0,3.090346042,2.705528914
468,0,1.429689008,1.515836671
469,0,2.223276145,2.396500856
470,0,2.906309643,3.321822801
471,0,3.077362930,3.102224274
472,0,2.303537840,3.722234898
473,0,2.714158229,3.700841719
474,0,2.440060535,4.035766964
475,0,1.460477028,3.199438178
476,0,1.711210927,3.086725929
477,0,0.584585561,0.557281329
478,0,1.016146125,0.740534471
479,0,0.208085866,0.076440672
480,0,0.906906049,0.538165006
481,0,0.361172516,0.139327325
482,0,0.881737863,0.494970460
483,0,0.327923040,0.119796048
484,0,0.422260099,1.830580355
485,0,0.006854205,0.003930361
486,0,0.009729351,0.005765491
487,0,0.003287390,0.001553765
488,0,0.920916402,0.667914769
489,0,0.001239594,0.000630750
490,0,0.392311613,0.154402630
491,0,0.041221887,0.009069582
492,0,0.815661276,1.504931595
493,0,0.813132632,0.501788540
494,0,0.536123400,0.244571991
495,0,0.000461609,0.000215985
496,0,0.918486511,0.666748644
497,0,0.985590013,0.857283068
498,0,0.000113288,0.000051106
499,0,-0.000000000,0.000000000
500,0,0.391243564,0.153846154
501,0,-0.000000000,0.000000000
502,0,0.391243564,0.153846154
503,0,0.172036949,0.051282051
504,0,0.404448386,0.161290323
505,0,-0.000000000,0.000000000
506,0,-0.000000000,0.000000000
507,0,-0.000000000,0.000000000
508,0,0.391243564,0.153846154
509,0,0.574635698,0.272727273
510,0,0.465225480,0.197628458
511,0,0.208918639,0.065876153
512,0,-0.000000000,0.000000000
513,0,-0.000000000,0.000000000
514,0,-0.000000000,0.000000000
515,0,0.391243564,0.153846154
516,0,0.832461724,0.458715596
517,0,-0.000000000,0.000000000
518,0,-0.000000000,0.000000000
519,0,-0.000000000,0.000000000
520,0,-0.000000000,0.000000000
521,0,-0.000000000,0.000000000
522,0,0.391243564,0.153846154
523,0,0.040518534,0.008733624
524,0,0.920227218,0.670553936
525,0,0.505198909,0.223517979
526,0,-0.000000000,0.000000000
527,0,-0.000000000,0.000000000
528,0,-0.000000000,0.000000000
529,0,-0.000000000,0.000000000
530,0,0.918295834,1.333333333
531,0,-0.000000000,0.000000000
532,0,0.391243564,0.153846154
533,0,0.040518534,0.008733624
534,0,0.393471058,0.155091032
535,0,-0.000000000,0.000000000
536,0,0.918295834,0.666666667
537,0,0.503258335,0.222222222
538,0,0.961236605,0.769230769
539,0,-0.000000000,0.000000000
540,0,0.391243564,0.153846154
541,0,-0.000000000,0.000000000
542,0,0.391243564,0.153846154
543,0,0.040518534,0.008733624
544,0,0.393471058,0.155091032
545,0,0.040801186,0.008805850
546,0,0.040500359,0.008728984
547,0,0.819044460,1.504494752
548,0,0.591926032,0.212694915
549,0,0.925592628,1.318378073
550,0,0.785200764,0.341957886
551,0,0.880254047,1.401692404
552,0,0.981399920,0.839768352
553,0,0.955109139,0.361881417
554,0,0.860425288,1.582846308
555,0,0.926415873,0.683357018
556,0,0.999936019,1.009417795
557,0,-0.000000000,0.000000000
558,0,-0.000000000,0.000000000
559,0,-0.000000000,0.000000000
560,0,0.918295834,0.666666667
561,0,0.143726170,0.040816327
562,0,-0.000000000,0.000000000
563,0,-0.000000000,0.000000000
564,0,0.391243564,0.153846154
565,0,0.040518534,0.008733624
566,0,0.393471058,0.155091032
567,0,-0.000000000,0.000000000
568,0,0.391243564,1.846153846
569,0,0.040518534,0.008733624
570,0,0.040222151,0.008658009
571,0,0.919735182,0.669558930
572,0,0.999998089,0.998372219
573,0,0.205891715,0.064638118
574,0,-0.000000000,0.000000000
575,0,-0.000000000,0.000000000
576,0,-0.000000000,0.000000000
577,0,-0.000000000,0.000000000
578,0,-0.000000000,0.000000000
579,0,-0.000000000,0.000000000
580,0,0.391243564,0.153846154
581,0,0.172036949,0.051282051
582,0,0.404448386,0.161290323
583,0,0.178504263,0.053763441
584,0,0.171349912,0.051020408
585,0,-0.000000000,0.000000000
586,0,-0.000000000,0.000000000
587,0,-0.000000000,0.000000000
588,0,0.391243564,0.153846154
589,0,-0.000000000,0.000000000
590,0,-0.000000000,0.000000000
591,0,-0.000000000,0.000000000
592,0,0.391243564,0.153846154
593,0,0.172036949,0.051282051
594,0,0.824123781,1.526813880
595,0,-0.000000000,0.000000000
596,0,0.391243564,0.153846154
597,0,0.040518534,0.008733624
598,0,0.920227218,0.670553936
599,0,0.505198909,0.223517979
600,0,0.961446914,1.230148048
601,0,0.163051844,0.047890154
602,0,0.157160595,0.045701502
603,0,0.925808806,0.682076565
604,0,0.597183479,0.289998777
605,0,0.069944828,0.016787191
606,0,-0.000000000,0.000000000
607,0,-0.000000000,0.000000000
608,0,-0.000000000,0.000000000
609,0,-0.000000000,0.000000000
610,0,-0.000000000,0.000000000
611,0,-0.000000000,0.000000000
612,0,0.391243564,0.153846154
613,0,-0.000000000,0.000000000
614,0,-0.000000000,0.000000000
615,0,0.391243564,0.153846154
616,0,0.832461724,1.577981651
617,0,0.830752956,0.525345622
618,0,0.543244468,1.750227894
619,0,-0.000000000,0.000000000
620,0,0.918295834,1.333333333
621,0,0.503258335,1.777777778
622,0,0.954434003,1.250000000
623,0,1.566885547,1.260273973
624,0,1.177597929,0.596685083
625,0,1.783123554,1.220858896
626,0,0.890826473,0.505882353
627,0,0.519086402,0.223258525
628,0,0.453343320,0.188707276
629,0,0.204804478,0.063487396
630,0,0.407921356,0.163055178
631,0,0.180492181,0.054421079
632,0,-0.000000000,0.000000000
633,0,-0.000000000,0.000000000
634,0,0.918295834,0.666666667
635,0,0.143726170,0.040816327
636,0,0.401728735,0.159744409
637,0,0.041854852,0.009076057
638,0,0.920302560,0.670706581
639,0,0.505274987,0.223568860
640,0,0.961455162,1.230123650
641,0,-0.000000000,0.000000000
642,0,-0.000000000,0.000000000
643,0,-0.000000000,0.000000000
644,0,0.391243564,0.153846154
645,0,-0.000000000,0.000000000
646,0,-0.000000000,0.000000000
647,0,-0.000000000,0.000000000
648,0,-0.000000000,0.000000000
649,0,0.918295834,0.666666667
650,0,-0.000000000,0.000000000
651,0,-0.000000000,0.000000000
652,0,0.918295834,1.333333333
653,0,0.143726170,0.040816327
654,0,-0.000000000,0.000000000
655,0,-0.000000000,0.000000000
656,0,0.391243564,0.153846154
657,0,0.040518534,0.008733624
658,0,0.814925586,0.497550354
659,0,0.812462641,0.501497414
660,0,0.811525242,0.378063491
661,0,0.987531898,0.445232244
662,0,0.773880909,0.308069686
663,0,0.872514606,0.343176638
664,0,0.493953314,0.210184152
665,0,0.714623214,0.267532028
666,0,0.991960865,0.792204083
667,0,-0.000000000,0.000000000
668,0,0.918295834,0.666666667
669,0,0.143726170,0.040816327
670,0,0.822410796,0.488664987
671,0,0.921023102,0.659255142
672,0,0.638305167,0.234326019
673,0,0.918699101,0.667474258
674,0,0.591960419,0.285936891
675,0,-0.000000000,0.000000000
676,0,-0.000000000,0.000000000
677,0,0.811278124,0.500000000
678,0,0.592201208,0.212765957
679,0,0.925448252,0.681318681
680,0,0.727126138,0.405228758
681,0,0.479107724,0.206431853
682,0,0.833023993,1.603021039
683,0,0.316108684,0.114340882
684,0,0.830635632,0.468951053
685,0,0.826021214,1.480959958
686,0,0.659633573,0.341689506
687,0,-0.000000000,0.000000000
688,0,0.391243564,0.153846154
689,0,0.040518534,0.008733624
690,0,0.393471058,0.155091032
691,0,-0.000000000,0.000000000
692,0,0.918295834,0.666666667
693,0,0.143726170,0.040816327
694,0,0.139232999,0.039215686
695,0,0.982568556,0.703412073
696,0,1.316032231,0.777264325
697,0,1.526009351,2.012683178
698,0,1.156325008,3.182183622
699,0,1.678609421,1.958587521
700,0,1.833194476,2.358293347
701,0,1.852303943,1.541855807
702,0,2.023355536,2.338358207
703,0,2.113669918,1.878820201
704,0,2.109516609,2.474838014
705,0,0.535561691,0.456538367
706,0,1.229023608,1.238768818
707,0,0.190264015,0.122304663
708,0,1.106019723,1.043247412
709,0,0.190264015,0.073382798
710,0,0.491912646,0.199004799
711,0,0.875679298,0.355497733
712,0,0.970064917,1.672406727
713,0,1.036531176,0.398864339
714,0,1.117840882,0.831767972
715,0,0.100650006,0.051181000
716,0,0.080667191,0.039169389
717,0,1.002789495,1.373738056
718,0,1.101627719,1.244077674
719,0,1.041413413,1.366053887
720,0,0.963676854,0.619459313
721,0,0.626646786,0.288914687
722,0,0.000405049,0.000193098
723,0,0.391583420,0.153996334
724,0,0.353871840,0.133584722
725,0,0.323414016,0.117996641
726,0,0.422602329,0.171727978
727,0,0.000483141,0.000237813
728,0,0.000723696,0.000398214
729,0,0.391892914,0.154170224
730,0,0.833270405,0.459163436
731,0,0.722593363,0.400348330
732,0,0.919195371,0.409302176
733,0,1.280146623,0.730268571
734,0,1.627848823,1.868580341
735,0,1.208269885,1.868509777
736,0,1.416227252,0.601333282
737,0,1.280461629,0.524519729
738,0,1.774788639,1.204111299
739,0,2.111268204,1.202317606
740,0,1.888262075,1.276050304
741,0,1.327165609,1.143773361
742,0,1.714753582,1.057912457
743,0,2.171956141,1.533689873
744,0,-0.000000000,0.000000000
745,0,1.000000000,1.000000000
746,0,1.500000000,2.000000000
747,0,1.480682115,2.555555556
748,0,1.893104442,1.905979381
749,0,2.201808973,1.669624173
750,0,2.213966098,1.892021580
751,0,2.227262122,1.648253956
752,0,2.508692340,1.743337741
753,0,2.091485890,1.396818402
754,0,2.491006796,1.792804884
755,0,0.964952245,1.219526240
756,0,0.803455082,0.285714286
757,0,1.335273336,1.051683587
758,0,1.913821555,1.148685971
759,0,2.073378140,1.359600420
760,0,1.091440708,0.437715385
761,0,0.999942704,1.008912234
762,0,1.749985676,1.500000000
763,0,1.245522923,1.063220512
764,0,1.902073028,1.145347545
765,0,0.997287927,1.061297428
766,0,1.876224747,2.052540653
767,0,2.049347138,1.370278020
768,0,1.903935978,1.247642815
769,0,1.302761064,1.026616117
770,0,1.685632439,1.043750622
771,0,1.496621941,1.054197066
772,0,0.877333865,0.321016792
773,0,1.355163886,1.069388323
774,0,0.850135210,0.307325189
775,0,1.086247812,1.006508295
776,0,1.755682871,1.997212079
777,0,1.788955567,1.894389869
778,0,0.955867769,2.000652300
779,0,0.999952447,0.991880754
780,0,1.749988112,1.995940377
781,0,1.785112181,1.227306006
782,0,2.439581521,1.510550239
783,0,0.996717113,1.067435858
784,0,1.875980113,1.142857143
785,0,1.463698159,1.238998756
786,0,2.381730956,1.960051077
787,0,2.134934672,1.299980452
788,0,2.345560914,1.638016045
789,0,2.102189387,1.449075492
790,0,1.789507314,1.386041534
791,0,2.117124693,2.366579317
792,0,2.302858689,1.507676017
793,0,2.034774943,1.658408071
794,0,2.376113274,1.844065728
795,0,2.002994097,1.950243634
796,0,1.969033364,1.719621196
797,0,2.211541954,2.196797076
798,0,2.126097211,1.471162994
799,0,2.100442971,1.375581828
800,0,2.125922322,1.814055153
801,0,1.767954517,1.285198250
802,0,1.502316374,1.060152244
803,0,2.064909907,1.687862032
804,0,1.877164971,1.014417964
805,0,1.512921588,0.719024651
806,0,1.763795226,1.678619519
807,0,1.876145887,1.151170671
808,0,-0.000000000,0.000000000
809,0,1.000000000,1.000000000
810,0,0.805958493,1.857142857
811,0,1.480682115,1.444444444
812,0,1.546101611,2.100795756
813,0,2.153300469,1.663084607
814,0,1.780856410,2.076913081
815,0,2.287778451,1.771259859
816,0,1.963129075,2.109528094
817,0,2.018794477,1.403355630
818,0,1.988370913,1.172597193
819,0,0.999320204,0.969303930
820,0,-0.000000000,0.000000000
821,0,1.000000000,1.000000000
822,0,1.877387064,1.142857143
823,0,2.059076638,1.392857143
824,0,1.984271832,2.039438815
825,0,0.997658196,0.943037975
826,0,1.749414549,1.000000000
827,0,0.999074640,1.035812672
828,0,1.499537320,2.035812672
829,0,1.471974883,1.231100184
830,0,2.386610518,2.154548248
831,0,1.971936009,2.187734377
832,0,2.484047623,1.787181254
833,0,2.041139773,1.942652594
834,0,1.994043845,1.498959791
835,0,1.589247820,0.957338531
836,0,1.889507034,1.770078727
837,0,1.766741641,2.219768874
838,0,2.313161345,1.503660811
839,0,2.132404284,1.443808831
840,0,2.488753714,1.836629390
841,0,2.046247591,1.959011598
842,0,1.882359852,1.443390079
843,0,2.032125353,1.593674180
844,0,1.880303300,2.194487722
845,0,1.310712555,1.108371079
846,0,0.841205987,0.302868150
847,0,1.085828138,1.009498764
848,0,0.813080090,0.289147402
849,0,1.081729289,1.015875870
850,0,1.550698148,1.008781780
851,0,2.134140525,1.567686906
852,0,1.423762852,1.262324477
853,0,1.547070247,2.078503640
854,0,2.423971585,2.980886559
855,0,2.103164477,2.211988640
856,0,2.422735155,1.678101329
857,0,2.279340988,2.158085131
858,0,2.418478017,1.906900578
859,0,1.953448075,1.289904176
860,0,1.898394104,1.266642098
861,0,2.124552553,1.273815714
862,0,1.944023054,1.401052368
863,0,1.543737041,0.909432435
864,0,0.884193497,0.326169926
865,0,1.094168373,1.022832470
866,0,1.756233117,2.005704527
867,0,1.791018551,1.233673276
868,0,1.958997438,1.811142440
869,0,2.095378600,1.378075780
870,0,1.990243640,1.980119929
871,0,1.462008589,1.132883936
872,0,0.869165623,0.316777941
873,0,0.999947500,1.008531061
874,0,1.499973750,2.008531061
875,0,2.129557542,1.393154694
876,0,2.357831054,1.489107789
877,0,0.740601971,0.838158799
878,0,1.723481705,1.349232833
879,0,1.531010191,1.743269080
880,0,2.410349670,1.537507966
881,0,0.946128431,0.728434990
882,0,1.854299249,1.142857143
883,0,1.427217932,1.031780380
884,0,1.923687174,1.151566512
885,0,1.428650810,1.078888005
886,0,1.922734937,1.149435686
887,0,2.073036701,1.403046797
888,0,1.986233706,1.877014316
889,0,2.117566287,1.450381029
890,0,1.918575531,2.018533076
891,0,1.918016971,1.876855246
892,0,1.873166376,1.432699086
893,0,2.259814020,1.668474102
894,0,2.404331126,2.863483413
895,0,0.998992738,0.962636417
896,0,0.805886546,1.994662345
897,0,1.080494174,1.994537358
898,0,1.703396199,1.042369005
899,0,1.502163135,1.066975705
900,0,1.929482077,1.971897163
901,0,0.996282217,0.928239890
902,0,1.749070554,1.964119945
903,0,1.778202246,1.885368317
904,0,1.955038912,2.004219701
905,0,2.090686406,1.417280520
906,0,2.129798248,2.205236773
907,0,1.598007340,1.115845896
908,0,-0.000000000,0.000000000
909,0,1.000000000,1.000000000
910,0,1.750000000,2.000000000
911,0,1.785954779,1.208333333
912,0,1.848062088,1.447184395
913,0,1.853605580,1.237884922
914,0,-0.000000000,0.000000000
915,0,1.000000000,1.000000000
916,0,1.750000000,1.500000000
917,0,1.785954779,1.229166667
918,0,1.848062088,1.447184395
919,0,0.999351501,1.029981262
920,0,0.805912171,0.285714286
921,0,1.935451568,1.329201551
922,0,-0.000000000,0.000000000
923,0,1.000000000,1.000000000
924,0,1.750000000,2.000000000
925,0,0.999525689,1.025641026
926,0,1.877183788,1.142857143
927,0,1.408617571,1.039150354
928,0,1.789703414,1.975004790
929,0,0.999029933,0.963332612
930,0,-0.000000000,0.000000000
931,0,1.000000000,1.000000000
932,0,0.805958493,0.285714286
933,0,0.999971467,1.006289308
934,0,1.749992867,1.500000000
935,0,1.479203420,1.439160839
936,0,1.892600969,2.174348198
937,0,1.545063616,1.124536926
938,0,-0.000000000,0.000000000
939,0,1.000000000,1.000000000
940,0,-0.000000000,0.000000000
941,0,1.000000000,1.000000000
942,0,-0.000000000,0.000000000
943,0,1.000000000,1.000000000
944,0,1.750000000,1.000000000
945,0,1.785954779,1.208333333
946,0,1.848062088,1.138755981
947,0,1.853605580,1.264384738
948,0,1.860668428,2.004872160
949,0,1.283772376,1.031108126
950,0,1.674869137,1.040602530
951,0,2.149132175,1.434391422
952,0,1.156874443,0.477179202
953,0,0.999918346,0.989360699
954,0,1.749979586,1.500000000
955,0,1.245452299,1.022672371
956,0,1.770555732,1.026136273
957,0,1.796812056,1.216775172
958,0,1.958653431,1.155021006
959,0,2.183545124,1.605374871
960,0,2.344531372,1.813001642
961,0,2.284576747,1.575352081
962,0,2.292103452,1.387708656
963,0,1.670379361,1.127778282
964,0,1.928396939,1.149345668
965,0,2.207145969,1.664043498
966,0,2.219315501,2.249642011
967,0,2.230217965,2.145534573
968,0,1.530635524,1.661333110
969,0,1.514876156,1.024546697
970,0,-0.000000000,0.000000000
971,0,1.000000000,1.000000000
972,0,0.805958493,0.285714286
973,0,0.999971467,1.006289308
974,0,-0.000000000,0.000000000
975,0,1.000000000,1.000000000
976,0,1.750000000,1.000000000
977,0,1.245884442,1.024691358
978,0,1.770598117,1.990150517
979,0,1.797057209,1.890626806
980,0,2.442059301,1.517001275
981,0,0.996571135,0.931082303
982,0,-0.000000000,0.000000000
983,0,1.000000000,1.000000000
984,0,1.750000000,1.500000000
985,0,0.999525689,0.974358974
986,0,1.499762845,1.974358974
987,0,1.477158795,1.048629074
988,0,1.786968603,1.076897533
989,0,1.509167699,1.184494254
990,0,1.929516310,2.058107078
991,0,1.419225561,1.150085884
992,0,1.791000397,1.054446155
993,0,1.805806483,1.228731238
994,0,1.852247704,2.008180981
995,0,2.256559074,2.736825080
996,0,1.993360830,1.948243766
997,0,2.179581593,2.551883770
998,0,2.372492114,3.507956731
999,0,1.975641507,2.128311620
1000,0,1.988594904,1.638367823
1001,0,1.808463946,2.076659900
1002,0,1.508801964,1.546845114
1003,0,1.515630660,0.977548424
1004,0,-0.000000000,0.000000000
1005,0,1.000000000,1.000000000
1006,0,-0.000000000,0.000000000
1007,0,1.000000000,1.000000000
1008,0,1.750000000,1.500000000
1009,0,2.260059074,1.763440860
1010,0,1.416860568,1.697474168
1011,0,1.171049702,1.021627106
1012,0,-0.000000000,0.000000000
1013,0,1.000000000,1.000000000
1014,0,1.750000000,1.500000000
1015,0,1.245884442,1.024691358
1016,0,0.832799432,0.298766080
1017,0,0.999959216,1.007519172
1018,0,0.805955580,2.001074167
1019,0,1.478911769,2.561873225
1020,0,1.981030962,1.552333334
1021,0,1.815848312,1.116449187
1022,0,0.653541985,0.336375244
1023,0,1.282554207,1.065201444
1024,0,0.811278124,0.500000000
1025,0,1.945575658,1.541666667
1026,0,2.013393002,1.226540284
1027,0,1.976810247,2.302538000
1028,0,1.893466327,1.462623670
1029,0,2.183607099,2.189058061
1030,0,2.182266216,1.953945692
1031,0,2.272470242,1.505228691
1032,0,0.988162733,1.127925786
1033,0,1.676610301,1.040000000
1034,0,1.934919381,1.368694955
1035,0,1.650358233,0.874433380
1036,0,2.063253800,1.402057991
1037,0,2.083162704,1.648396094
1038,0,2.026200159,1.862874253
1039,0,2.131624143,1.242322039
1040,0,1.878672457,1.502465325
1041,0,1.543378143,0.956177374
1042,0,0.888892324,0.327667134
1043,0,1.094113809,1.006687967
1044,0,-0.000000000,0.000000000
1045,0,1.000000000,1.000000000
1046,0,-0.000000000,0.000000000
1047,0,1.000000000,1.000000000
1048,0,-0.000000000,0.000000000
1049,0,1.000000000,1.000000000
1050,0,-0.000000000,0.000000000
1051,0,1.000000000,1.000000000
1052,0,1.877387064,1.714285714
1053,0,0.998000884,1.052631579
1054,0,1.876530300,1.714285714
1055,0,1.405997476,1.139197267
1056,0,1.912600323,1.147815033
1057,0,1.416950720,1.031635694
1058,0,0.864040781,0.314199051
1059,0,1.087455137,1.019688589
1060,0,0.813642417,0.289409629
1061,0,1.081743809,1.016115528
1062,0,0.813020210,0.289106878
1063,0,1.081699157,1.006095262
1064,0,1.680217014,2.022322591
1065,0,2.152224344,1.480428143
1066,0,1.969275915,1.171910971
1067,0,2.179835406,1.647270610
1068,0,1.933208366,1.209290305
1069,0,2.189913284,1.669459883
1070,0,2.085905013,1.246689134
1071,0,2.248179762,1.877832869
1072,0,1.970492885,1.203179275
1073,0,2.189879542,1.769995722
1074,0,2.094187165,1.331157247
1075,0,1.911681386,1.958486035
1076,0,1.833154926,1.283990127
1077,0,0.968411617,1.208495196
1078,0,-0.000000000,0.000000000
1079,0,1.000000000,1.000000000
1080,0,0.805958493,0.285714286
1081,0,1.080888383,1.006230530
1082,0,1.544418410,2.000617284
1083,0,2.135760243,1.460815277
1084,0,1.158101251,0.477191840
1085,0,1.128544751,1.014260220
1086,0,1.759808231,1.011881804
1087,0,1.248584425,1.024465015
1088,0,0.834397968,0.299482210
1089,0,0.999960469,0.992597255
1090,0,1.877370123,1.993654790
1091,0,1.478939414,1.438224678
1092,0,2.243472914,1.692092572
1093,0,1.891191727,1.844363540
1094,0,2.066056321,2.520466876
1095,0,2.254656967,1.788399939
1096,0,1.958041334,2.366360110
1097,0,0.994477052,1.087445162
1098,0,0.805563997,0.285714286
1099,0,1.081770837,1.011858705
1100,0,1.884687409,1.999339593
1101,0,2.182541125,2.682617726
1102,0,1.937633477,1.879038180
1103,0,1.650495107,2.365620982
1104,0,1.537901061,1.682584259
1105,0,2.184634571,1.353149538
1106,0,1.931543735,1.318944637
1107,0,1.334101118,1.099159986
1108,0,0.847249488,0.305712257
1109,0,1.086482381,1.009133102
1110,0,0.813490135,0.289327870
1111,0,1.330258787,1.066251138
1112,0,-0.000000000,0.000000000
1113,0,1.000000000,1.000000000
1114,0,1.750000000,1.000000000
1115,0,0.999525689,1.025641026
1116,0,0.805924614,0.285714286
1117,0,1.080618970,1.005005058
1118,0,1.755560020,1.006790084
1119,0,1.247272107,1.023876418
1120,0,1.633573632,2.001260479
1121,0,1.549346740,1.457737020
1122,0,1.846859249,1.205639210
1123,0,1.678708420,1.207411392
1124,0,1.531604190,1.640791101
1125,0,2.165188954,1.341685729
1126,0,1.880361085,1.649698803
1127,0,0.994111782,0.909713276
1128,0,1.874863542,1.922611379
1129,0,2.193783468,2.619261756
1130,0,2.202181858,1.857681183
1131,0,2.113711739,1.889739311
1132,0,1.823013934,1.816324829
1133,0,1.466923353,1.213235150
1134,0,1.752049648,1.072123665
1135,0,2.155636236,1.689931199
1136,0,1.924036016,2.296585391
1137,0,1.904405427,1.776365691
1138,0,2.277766830,2.630986069
1139,0,2.058744506,1.942616111
1140,0,1.863823250,2.581817389
1141,0,1.548855500,1.996541509
1142,0,1.919487330,2.224913008
1143,0,2.205022887,1.750037647
1144,0,1.931022170,2.326586998
1145,0,2.195851315,1.905556785
1146,0,1.969919513,1.201510708
1147,0,2.155311042,1.351582300
1148,0,1.927226501,1.300220966
1149,0,0.999919747,1.010547624
1150,0,1.749979937,2.005273812
1151,0,1.246305960,1.026693821
1152,0,1.899352181,1.145854760
1153,0,0.997533173,0.941538055
1154,0,1.749383293,1.970769028
1155,0,1.243423484,1.013608118
1156,0,1.630879600,1.026746034
1157,0,0.995406179,1.079759799
1158,0,-0.000000000,0.000000000
1159,0,1.000000000,1.000000000
1160,0,1.500000000,2.000000000
1161,0,2.130863944,1.391304348
1162,0,2.208507130,1.897560976
1163,0,2.110212559,2.381943950
1164,0,1.827165344,1.672143902
1165,0,0.995385205,0.920058524
1166,0,0.805628865,0.285714286
1167,0,1.081697301,1.012177847
1168,0,0.812977376,1.855782923
1169,0,1.481193938,1.445639186
1170,0,1.841226173,1.203545813
1171,0,2.160181127,2.167320706
1172,0,1.830595538,1.089517132
1173,0,0.999435538,0.972028442
1174,0,1.749858885,1.000000000
1175,0,0.999692817,0.979364710
1176,0,1.877255415,1.982312609
1177,0,2.055926038,1.816269749
1178,0,2.081028869,1.922326254
1179,0,1.677531083,2.663694551
1180,0,1.210283721,3.025315669
1181,0,1.719431291,2.087488301
1182,0,1.488063347,1.502719047
1183,0,0.981282435,0.839265305
1184,0,1.745320609,1.000000000
1185,0,1.251562308,1.034723390
1186,0,1.771029982,1.993031867
1187,0,1.485123875,1.220274040
1188,0,2.310408228,1.472036302
1189,0,1.964655027,2.035493342
1190,0,1.950239713,2.605307090
1191,0,2.169192013,1.998907413
1192,0,1.978856209,2.537541885
1193,0,2.214319170,1.975799723
1194,0,2.010016373,2.332283050
1195,0,1.494074550,1.193262381
1196,0,0.873094816,2.015469005
1197,0,1.504406958,1.533163399
1198,0,1.900700815,2.247571827
1199,0,0.999994881,1.002663821
1200,0,1.749998720,2.001331910
1201,0,0.999543153,0.974835377
1202,0,1.877191273,1.142857143
1203,0,0.997241380,1.061820877
1204,0,1.876204799,1.142857143
1205,0,2.172241426,1.437519322
1206,0,2.320818931,1.386769021
1207,0,1.937430052,1.838263568
1208,0,2.478117159,1.793643973
1209,0,2.306473825,1.501001648
1210,0,1.946578886,1.719957729
1211,0,1.381527833,1.004350184
1212,0,-0.000000000,0.000000000
1213,0,1.000000000,1.000000000
1214,0,-0.000000000,0.000000000
1215,0,1.000000000,1.000000000
1216,0,1.877387064,1.714285714
1217,0,0.998000884,1.052631579
1218,0,1.876530300,1.142857143
1219,0,2.050790590,1.368421053
1220,0,1.083282430,0.433164210
1221,0,1.116716012,1.008283846
1222,0,-0.000000000,0.000000000
1223,0,1.000000000,1.000000000
1224,0,-0.000000000,0.000000000
1225,0,1.000000000,1.000000000
1226,0,0.805958493,0.285714286
1227,0,0.999971467,0.993710692
1228,0,1.877374836,1.994609164
1229,0,1.410402248,1.046416522
1230,0,1.919019485,1.752887897
1231,0,0.996534006,1.069289528
1232,0,1.749133502,1.500000000
1233,0,1.242944507,1.073314695
1234,0,-0.000000000,0.000000000
1235,0,1.000000000,1.000000000
1236,0,-0.000000000,0.000000000
1237,0,1.000000000,1.000000000
1238,0,0.805958493,0.285714286
1239,0,1.327102466,1.059523810
1240,0,1.779708683,1.999193304
1241,0,1.482697045,1.223563912
1242,0,1.893856336,1.903589888
1243,0,0.999479397,1.026863035
1244,0,-0.000000000,0.000000000
1245,0,1.000000000,1.000000000
1246,0,0.805958493,0.285714286
1247,0,1.080888383,1.015576324
1248,0,1.755261811,1.006543208
1249,0,1.788756516,1.229634194
1250,0,1.848612174,1.139706662
1251,0,1.278792290,1.072512952
1252,0,1.774157395,1.030743216
1253,0,0.999310876,1.030905933
1254,0,1.499655438,1.000000000
1255,0,0.995271098,0.919077297
1256,0,1.875360392,1.142857143
1257,0,1.403087949,1.018456001
1258,0,1.788911988,1.963581107
1259,0,0.998801053,0.959236870
1260,0,1.749700263,1.979618435
1261,0,2.254135026,1.658261256
1262,0,1.992106691,2.070459262
1263,0,2.178261221,1.652498708
1264,0,1.985437609,1.208299243
1265,0,1.528214536,1.136721492
1266,0,1.805328843,1.071516832
1267,0,1.263910330,1.063038814
1268,0,-0.000000000,0.000000000
1269,0,1.000000000,1.000000000
1270,0,-0.000000000,0.000000000
1271,0,1.000000000,1.000000000
1272,0,0.805958493,0.285714286
1273,0,1.080888383,1.015576324
1274,0,-0.000000000,0.000000000
1275,0,1.000000000,1.000000000
1276,0,1.750000000,1.500000000
1277,0,1.245884442,1.061728395
1278,0,1.902196875,2.016522835
1279,0,0.997346433,1.060633068
1280,0,1.876249821,1.142857143
1281,0,1.405191497,1.141812708
1282,0,1.917219381,2.052955504
1283,0,2.174231279,1.765758713
1284,0,1.975759493,1.962484376
1285,0,1.683325187,2.416636015
1286,0,2.306989378,1.954264250
1287,0,1.955272266,1.947231331
1288,0,1.942432040,1.477480858
1289,0,0.972264917,0.804546774
1290,0,1.865500600,1.142857143
1291,0,2.202968567,1.705437012
1292,0,1.989076785,1.207353289
1293,0,2.190204927,1.395288253
1294,0,2.209480897,1.311588667
1295,0,1.634383068,1.136537080
1296,0,1.952620611,1.163273922
1297,0,1.436235703,1.938129059
1298,0,1.923670886,1.149794383
1299,0,2.072476774,1.400896705
1300,0,-0.000000000,0.000000000
1301,0,1.000000000,1.000000000
1302,0,1.500000000,2.000000000
1303,0,1.480278663,1.151515152
1304,0,0.873852444,0.319240546
1305,0,1.088712600,1.004488405
1306,0,-0.000000000,0.000000000
1307,0,1.000000000,1.000000000
1308,0,1.750000000,2.000000000
1309,0,1.785954779,1.854166667
1310,0,1.959001174,2.395906433
1311,0,2.159679232,1.360788540
1312,0,2.361872200,1.621958269
1313,0,1.978304662,1.230117194
1314,0,1.948688051,1.332244794
1315,0,2.225978432,1.807429000
1316,0,1.202187239,0.509772779
1317,0,0.999789771,0.982928814
1318,0,0.805943476,0.285714286
1319,0,0.999977874,1.005538341
1320,0,1.749994468,2.002769171
1321,0,2.259285965,2.755890849
1322,0,2.271162163,1.957201683
1323,0,0.998430128,1.046642416
1324,0,1.499215064,2.046642416
1325,0,1.469203240,1.233798864
1326,0,1.889086145,1.948787925
1327,0,2.197460175,1.838304290
1328,0,1.937128199,1.385420244
1329,0,2.256727008,1.474258206
1330,0,1.956090688,1.288110771
1331,0,2.226543026,1.727588558
1332,0,2.350015270,1.429029593
1333,0,0.999989043,1.003897400
1334,0,-0.000000000,0.000000000
1335,0,1.000000000,1.000000000
1336,0,1.877387064,2.000000000
1337,0,2.059076638,1.750000000
1338,0,1.984271832,1.992517537
1339,0,2.183010788,1.405165429
1340,0,1.921831298,1.242818673
1341,0,0.999720708,1.019676273
1342,0,0.805938543,0.285714286
1343,0,0.999963074,0.992845326
1344,0,1.749990769,1.500000000
1345,0,1.245594606,1.062926299
1346,0,-0.000000000,0.000000000
1347,0,1.000000000,1.000000000
1348,0,0.805958493,0.285714286
1349,0,1.080888383,1.015576324
1350,0,1.755261811,2.002464550
1351,0,2.259556236,1.547836623
1352,0,2.272309483,1.344359338
1353,0,0.998448415,1.046370061
1354,0,1.749612104,1.000000000
1355,0,1.781024269,1.218540194
1356,0,1.956157080,2.011156489
1357,0,2.182286309,1.599749396
1358,0,2.369753692,1.512147417
1359,0,1.988147615,2.024792115
1360,0,1.664169863,2.480120591
1361,0,1.495959687,1.282660660
1362,0,1.824128239,2.270930215
1363,0,1.539749581,1.167775658
1364,0,1.806458770,1.073672438
1365,0,0.999773491,0.982280181
1366,0,1.749943373,1.000000000
1367,0,1.245160830,1.064694571
1368,0,0.832760456,0.298754721
1369,0,0.999957408,0.992315982
1370,0,0.805955451,0.285714286
1371,0,1.080808157,1.015902839
1372,0,0.812627838,0.288933426
1373,0,1.942801580,1.260604506
1374,0,1.973055962,1.976064698
1375,0,2.108614745,1.381409303
1376,0,2.144343450,1.970890691
1377,0,2.165373416,1.341385873
1378,0,1.987851718,1.795928855
1379,0,1.738638062,1.234634281
1380,0,1.533337523,1.172727416
1381,0,1.514133787,1.033049890
1382,0,1.934752554,1.908385193
1383,0,1.558506083,2.441507102
1384,0,2.317781864,2.962439660
1385,0,2.113677278,3.763313585
1386,0,1.913179804,3.652016592
1387,0,2.075846081,2.274637750
1388,0,1.705635785,1.624235740
1389,0,1.294395373,0.767511792
1390,0,1.484800013,1.728212128
1391,0,0.976378054,0.584405441
1392,0,1.273592371,0.972575120
1393,0,0.950607667,0.419261503
1394,0,0.982638042,0.569787449
1395,0,0.877511160,0.563024942
1396,0,0.862224425,0.567312794
1397,0,0.874552297,1.410859012
1398,0,0.691673229,0.370729213
1399,0,-0.000000000,0.000000000
1400,0,-0.000000000,0.000000000
1401,0,0.811278124,0.500000000
1402,0,0.949452015,1.263157895
1403,0,0.617151919,1.694117647
1404,0,0.990664927,1.113636364
1405,0,0.747114560,0.304783092
1406,0,0.524194131,0.192421991
1407,0,0.835577591,0.460819134
1408,0,0.723306077,0.401380127
1409,0,0.561273432,0.200172565
1410,0,0.673279966,0.303295691
1411,0,0.987830438,0.604985249
1412,0,1.057964371,0.681078194
1413,0,0.742027786,0.285653889
1414,0,0.916143624,0.510929962
1415,0,0.911645949,0.622706768
1416,0,0.615303007,0.283600163
1417,0,0.859620731,1.634216364
1418,0,0.044150603,0.011098096
1419,0,0.035169171,0.007387993
1420,0,1.508792293,1.000000000
1421,0,1.825315544,1.456640252
1422,0,2.502448673,2.952071752
1423,0,1.881777013,1.426735386
1424,0,1.989432141,2.235452938
1425,0,1.885571662,1.824874102
1426,0,2.474160997,1.820925451
1427,0,2.308080793,2.012012753
1428,0,2.442890663,1.797650926
1429,0,2.122088754,2.481121834
1430,0,2.194437012,2.328957781
1431,0,2.247955463,1.450280258
1432,0,1.894505338,1.450118973
1433,0,0.985421105,0.858075832
1434,0,0.804917143,0.285714286
1435,0,1.082292518,1.013019471
1436,0,1.552332733,1.009367999
1437,0,0.996888999,1.065648019
1438,0,1.498444499,1.000000000
1439,0,1.471876571,1.030003463
1440,0,-0.000000000,0.000000000
1441,0,1.000000000,1.000000000
1442,0,1.500000000,1.000000000
1443,0,1.480278663,1.151515152
1444,0,1.926320481,1.149026964
1445,0,1.420133772,1.941909888
1446,0,2.227300284,2.275593186
1447,0,1.897081985,1.305988882
1448,0,1.781464124,1.481113469
1449,0,1.829255682,1.237628605
1450,0,2.448709875,1.582715880
1451,0,2.077246741,1.285571020
1452,0,2.416678453,1.718224451
1453,0,0.948721423,1.265029984
1454,0,1.737180356,1.000000000
1455,0,0.999648343,0.977921504
1456,0,1.499824172,1.977921504
1457,0,1.482797827,1.928544205
1458,0,2.286626996,1.823149887
1459,0,1.930461943,1.313089079
1460,0,1.537364762,1.160909747
1461,0,0.997883575,1.054153055
1462,0,1.498941787,1.000000000
1463,0,1.492543629,1.489634360
1464,0,1.545474037,2.135955941
1465,0,2.165061809,1.536354577
1466,0,1.927837229,1.394198416
1467,0,1.935381626,1.260026622
1468,0,2.049662846,1.962139675
1469,0,2.167840815,2.474821203
1470,0,1.499297083,2.576833098
1471,0,2.037199087,1.925422730
1472,0,1.442243885,1.321451300
1473,0,1.503601576,0.883532300
1474,0,1.791440827,1.071488264
1475,0,1.272905834,1.087070771
1476,0,1.907215831,1.148021074
1477,0,2.074021370,1.417912948
1478,0,1.988142468,1.167034055
1479,0,0.998355314,1.047740463
1480,0,1.876682199,1.142857143
1481,0,2.174662466,1.756552483
1482,0,-0.000000000,0.000000000
1483,0,1.000000000,1.000000000
1484,0,1.500000000,2.000000000
1485,0,1.480278663,1.151515152
1486,0,0.873852444,0.319240546
1487,0,1.354153910,1.068544552
1488,0,1.783026491,1.483646772
1489,0,1.806900258,1.891606386
1490,0,1.970624700,2.128906845
1491,0,0.996796956,0.933388633
1492,0,0.805729704,0.285714286
1493,0,1.931373949,1.258933573
1494,0,-0.000000000,0.000000000
1495,0,1.000000000,1.000000000
1496,0,0.805958493,0.285714286
1497,0,0.999971467,1.006289308
1498,0,1.749992867,2.003144654
1499,0,2.259180372,1.549452036
1500,0,2.271046880,2.242564849
1501,0,1.916821508,1.300042719
1502,0,2.475383835,1.811419438
1503,0,2.306718295,2.366622005
1504,0,2.340192595,3.289003531
1505,0,2.155279376,2.076147047
1506,0,2.345742381,2.587709000
1507,0,1.934956308,1.695115398
1508,0,1.907614073,1.310421777
1509,0,1.555820023,0.871637659
1510,0,1.925427757,1.174605377
1511,0,1.784838719,1.220023202
1512,0,2.308908500,1.501336508
1513,0,1.941955241,1.829871827
1514,0,2.287579520,2.441641572
1515,0,1.898726547,1.602868081
1516,0,1.884747371,2.138320765
1517,0,2.200841840,1.589425461
1518,0,1.984182307,2.132279748
1519,0,2.175243806,1.656861815
1520,0,2.493633731,1.786793914
1521,0,2.106683504,1.425313680
1522,0,1.446859256,1.270131914
1523,0,1.548852305,2.051575144
1524,0,2.310474620,1.765086745
1525,0,1.923934684,1.258553517
1526,0,2.269804755,1.930017729
1527,0,1.876969390,2.032372340
1528,0,2.241108830,1.333790188
1529,0,2.113347755,2.209212950
1530,0,2.312196782,1.789501407
1531,0,0.878756750,0.595877695
1532,0,0.797298261,0.285714286
1533,0,0.999904076,0.988468451
1534,0,0.805951641,0.285714286
1535,0,1.081007962,1.015086268
1536,0,1.755268994,2.002163289
1537,0,1.247240338,1.062980736
1538,0,1.770743225,1.026353332
1539,0,1.251190550,1.021454770
1540,0,0.833630525,0.299182612
1541,0,0.999956579,1.007758474
1542,0,0.805955391,0.285714286
1543,0,1.080807377,1.005859691
1544,0,1.755256906,1.006541687
1545,0,1.788712677,1.229540194
1546,0,1.958247763,1.155199262
1547,0,1.438927298,1.131174467
1548,0,1.922945665,1.149124921
1549,0,0.996639834,1.068224353
1550,0,1.749159958,1.000000000
1551,0,1.778600458,1.216861377
1552,0,1.950367238,1.142498258
1553,0,2.195580186,1.538516621
1554,0,2.002958545,2.089660968
1555,0,1.475561253,1.083860112
1556,0,1.798440992,1.062711685
1557,0,1.259910382,1.023036821
1558,0,1.772100513,1.489279307
1559,0,2.257169381,1.662524567
1560,0,1.993299985,2.096445938
1561,0,2.179248474,1.659685719
1562,0,1.986017376,2.212049395
1563,0,2.191156269,1.866675288
1564,0,1.933023282,2.080246538
1565,0,1.517185614,1.574303034
1566,0,1.904993365,2.275272410
1567,0,2.175229272,2.201670112
1568,0,1.820798660,1.073920746
1569,0,0.999744880,1.018805594
1570,0,0.805940270,0.285714286
1571,0,1.081082888,1.014777113
1572,0,0.812636693,1.855760442
1573,0,0.999969062,1.006548926
1574,0,0.805956283,0.285714286
1575,0,1.080820035,1.015854607
1576,0,1.550086127,2.005207771
1577,0,2.134055443,1.390578012
1578,0,1.910886646,1.227415935
1579,0,0.999316296,0.969215823
1580,0,1.749829074,1.000000000
1581,0,1.782713586,1.222111959
1582,0,1.847726339,1.138573935
1583,0,1.278130284,1.027735550
1584,0,0.837517190,1.850552556
1585,0,1.339582352,1.063712816
1586,0,1.706318753,2.000507710
1587,0,2.156728631,1.693819043
1588,0,1.995518789,1.171313092
1589,0,2.184444398,1.399050955
1590,0,1.918980829,1.243742174
1591,0,2.083591424,1.336904262
1592,0,-0.000000000,0.000000000
1593,0,1.000000000,1.000000000
1594,0,1.500000000,1.000000000
1595,0,2.132684566,1.416666667
1596,0,2.153126959,1.991919192
1597,0,0.996849593,1.066062176
1598,0,0.805733464,0.285714286
1599,0,1.324367955,1.061150691
1600,0,-0.000000000,0.000000000
1601,0,1.000000000,1.000000000
1602,0,1.877387064,1.142857143
1603,0,1.480682115,1.222222222
1604,0,2.308430273,1.971955720
1605,0,2.186384981,1.411875425
1606,0,1.149931293,1.786968096
1607,0,1.533709487,1.665395355
1608,0,1.908269435,2.347765880
1609,0,2.219762989,1.660240794
1610,0,1.935953732,1.392771744
1611,0,0.999915473,1.010824834
1612,0,1.499957736,1.000000000
1613,0,1.481533168,1.065671685
1614,0,1.926734018,1.762158378
1615,0,1.420704487,1.036194176
1616,0,0.862197970,0.313408991
1617,0,1.087179186,1.003987877
1618,0,1.885862305,1.143490009
1619,0,0.997735692,0.943987906
1620,0,-0.000000000,0.000000000
1621,0,1.000000000,1.000000000
1622,0,1.750000000,1.000000000
1623,0,1.785954779,1.208333333
1624,0,1.958098587,1.155252002
1625,0,2.184552674,1.412596616
1626,0,1.454646534,1.303925950
1627,0,1.547299048,1.123473777
1628,0,1.464879978,1.236018305
1629,0,0.966973341,0.786846963
1630,0,1.741743335,1.000000000
1631,0,1.804993508,1.278014238
1632,0,1.849474623,2.038873896
1633,0,1.861446498,1.281593986
1634,0,1.968570603,1.160677905
1635,0,2.188282056,1.775100523
1636,0,1.728805033,0.948234945
1637,0,1.241107288,1.043664818
1638,0,0.831613212,0.298132317
1639,0,1.338122166,1.068552343
1640,0,1.781006713,1.039717282
1641,0,0.999481066,0.973180067
1642,0,1.877164664,1.142857143
1643,0,1.408506311,1.130748650
1644,0,1.918372879,2.041458776
1645,0,0.996227764,1.072283264
1646,0,1.749056941,1.500000000
1647,0,1.778143182,1.212601752
1648,0,1.955015462,2.004076807
1649,0,0.997111163,0.936737811
1650,0,1.498555582,1.000000000
1651,0,2.120339092,1.524530316
1652,0,1.911707911,2.028883297
1653,0,2.074070840,1.416073760
1654,0,1.990122803,2.060039680
1655,0,2.120672183,1.459294773
1656,0,-0.000000000,0.000000000
1657,0,1.000000000,1.000000000
1658,0,0.805958493,0.285714286
1659,0,1.080888383,1.006230530
1660,0,-0.000000000,0.000000000
1661,0,1.000000000,1.000000000
1662,0,0.805958493,0.285714286
1663,0,1.938653200,1.333333333
1664,0,2.041324311,2.178277154
1665,0,2.162534211,1.692791017
1666,0,2.361431654,1.573062817
1667,0,1.975276995,2.123723313
1668,0,2.444898688,2.990565251
1669,0,0.972330633,1.195223030
1670,0,-0.000000000,0.000000000
1671,0,1.000000000,1.000000000
1672,0,1.877387064,1.142857143
1673,0,2.059076638,1.821428571
1674,0,1.905165835,2.005273566
1675,0,1.304701718,1.033946961
1676,0,1.908676647,1.984931327
1677,0,1.416185404,1.957782907
1678,0,1.919445513,1.967254483
1679,0,2.066390681,1.387168840
1680,0,1.092156386,0.438291222
1681,0,1.118065006,1.025755455
1682,0,0.816524811,0.290818616
1683,0,1.082076628,1.016268758
1684,0,0.812754400,2.000789646
1685,0,1.081654323,1.016010306
1686,0,1.755322488,1.006621773
1687,0,0.999480367,0.973162011
1688,0,1.499740184,1.000000000
1689,0,1.477008073,1.930200811
1690,0,1.786834394,1.076842089
1691,0,2.144112511,1.825664461
1692,0,1.902903714,1.224259321
1693,0,2.087209647,1.351368625
1694,0,1.909771508,1.255276222
1695,0,1.911359733,1.307234282
1696,0,1.000251856,0.385705158
1697,0,1.105980996,1.020189179
1698,0,1.566288873,1.012285353
1699,0,1.521532184,1.227762074
1700,0,1.897279337,1.901616750
1701,0,2.203072297,1.432798764
1702,0,2.215206744,1.311817114
1703,0,0.999628294,0.977300902
1704,0,-0.000000000,0.000000000
1705,0,1.000000000,1.000000000
1706,0,1.877387064,2.000000000
1707,0,2.182212273,1.589041096
1708,0,2.369475515,1.891724138
1709,0,2.128252056,1.518672430
1710,0,1.913443457,1.262394466
1711,0,1.930078533,1.238323362
1712,0,1.873398659,1.180857866
1713,0,1.292272415,1.047731979
1714,0,1.908102791,1.146974857
1715,0,1.508073881,1.227501340
1716,0,2.395304187,1.472979091
1717,0,0.999484189,1.026739131
1718,0,0.805921649,0.285714286
1719,0,0.999959799,1.007465247
1720,0,1.499979899,2.007465247
1721,0,2.129722660,2.672440029
1722,0,1.418623270,2.746961346
1723,0,2.128074621,1.944051309
1724,0,2.487132633,1.756029483
1725,0,2.053125152,1.864457431
1726,0,1.940723441,1.405760492
1727,0,2.216772859,1.611290344
1728,0,1.915029703,1.714257669
1729,0,1.981922494,2.727043218
1730,0,2.510603576,3.153201755
1731,0,2.083597347,1.943275704
1732,0,1.482422375,1.438933340
1733,0,2.186669890,1.648084275
1734,0,2.002634516,1.216405726
1735,0,1.492102991,1.024406782
1736,0,1.798413643,1.941363959
1737,0,1.265524098,1.047260237
1738,0,1.666309709,1.038618798
1739,0,0.996880451,1.065738084
1740,0,1.498440225,2.065738084
1741,0,1.464156760,1.238573280
1742,0,1.403560456,1.310545159
1743,0,1.546437444,1.112187627
1744,0,1.886128150,1.479964631
1745,0,1.565633158,0.948043900
1746,0,0.888205927,0.327629485
1747,0,1.373889815,1.094156117
1748,0,1.784827580,1.044119577
1749,0,0.999640565,0.977678677
1750,0,1.749910141,1.500000000
1751,0,1.783617220,1.855561749
1752,0,1.847821948,1.446873929
1753,0,2.258783302,1.521096674
1754,0,2.291629442,1.831004407
1755,0,2.272384341,1.871163603
1756,0,2.466746008,1.683788282
1757,0,2.248718433,2.081963628
1758,0,2.002947383,2.532287158
1759,0,1.539044356,1.287540974
1760,0,-0.000000000,0.000000000
1761,0,1.000000000,1.000000000
1762,0,1.877387064,1.142857143
1763,0,1.410965344,1.121951220
1764,0,1.919209408,2.032315570
1765,0,2.178398115,1.427828786
1766,0,1.977814856,1.184336363
1767,0,2.173807979,1.689641276
1768,0,2.481784508,1.650117764
1769,0,2.051248191,1.256926876
1770,0,1.715214735,1.247850664
1771,0,0.986157210,0.861693362
1772,0,0.804969722,0.285714286
1773,0,1.332411055,1.074531982
1774,0,0.845415760,0.304932868
1775,0,0.999972677,0.993845524
1776,0,1.877375354,1.142857143
1777,0,2.181295530,1.970398256
1778,0,1.690771246,1.590031927
1779,0,0.999850521,0.985605022
1780,0,1.749962630,1.000000000
1781,0,1.784454890,1.225867818
1782,0,1.847909221,1.446984146
1783,0,0.999313009,0.969141923
1784,0,-0.000000000,0.000000000
1785,0,1.000000000,1.000000000
1786,0,1.750000000,2.000000000
1787,0,1.785954779,1.895833333
1788,0,1.958098587,2.023834197
1789,0,1.438918735,1.057161876
1790,0,1.793620159,1.056885375
1791,0,1.810397421,1.225511104
1792,0,1.970453162,2.004759945
1793,0,2.200861461,1.466358054
1794,0,1.939907618,1.337873517
1795,0,1.946598274,1.272794244
1796,0,1.878656805,1.980961170
1797,0,2.261052925,1.506053444
1798,0,1.996384760,1.187263793
1799,0,2.000392114,1.381529187
1800,0,1.544097741,1.147914315
1801,0,2.174331771,1.573363132
1802,0,2.005725343,1.906175699
1803,0,1.478884143,1.117941808
1804,0,1.798552119,1.062465541
1805,0,2.263882586,1.797084266
1806,0,-0.000000000,0.000000000
1807,0,1.000000000,1.000000000
1808,0,0.805958493,0.285714286
1809,0,0.999971467,1.006289308
1810,0,1.499985733,2.006289308
1811,0,1.479532692,3.023371015
1812,0,1.799176112,2.026209770
1813,0,1.471449298,1.237300558
1814,0,2.305661238,1.979960500
1815,0,2.182204274,1.417192579
1816,0,1.147510593,0.471283894
1817,0,1.489622583,1.087689114
1818,0,1.931905767,1.153661034
1819,0,2.082525076,1.423357656
1820,0,-0.000000000,0.000000000
1821,0,1.000000000,1.000000000
1822,0,0.805958493,0.285714286
1823,0,0.999971467,1.006289308
1824,0,0.805956455,0.285714286
1825,0,1.080822751,1.015843576
1826,0,-0.000000000,0.000000000
1827,0,1.000000000,1.000000000
1828,0,0.805958493,0.285714286
1829,0,1.080888383,1.006230530
1830,0,1.755261811,1.006543208
1831,0,1.247214765,1.023934325
1832,0,0.833005739,0.298869228
1833,0,0.999958595,1.007576195
1834,0,1.499979298,1.000000000
1835,0,1.479378509,1.154593614
1836,0,0.873779418,0.319218009
1837,0,0.999932941,1.009641672
1838,0,0.805953703,0.285714286
1839,0,1.080787648,1.015986021
1840,0,1.755255707,1.497502785
1841,0,1.788702034,1.229517380
1842,0,1.848606490,1.139703226
1843,0,2.259484448,1.822447352
1844,0,1.480639172,0.707410520
1845,0,0.999918831,1.010607607
1846,0,1.499959416,2.010607607
1847,0,2.130899539,1.419318568
1848,0,-0.000000000,0.000000000
1849,0,1.000000000,1.000000000
1850,0,1.500000000,1.000000000
1851,0,1.480682115,1.222222222
1852,0,2.391713843,1.929629630
1853,0,2.136606835,1.297063207
1854,0,1.984460816,1.697073404
1855,0,2.216856735,2.599146795
1856,0,2.012832672,1.792313131
1857,0,2.159758185,1.356541229
1858,0,1.137656646,0.465403064
1859,0,0.999999999,0.999973129
1860,0,1.877387064,1.142857143
1861,0,2.182216239,1.972612361
1862,0,-0.000000000,0.000000000
1863,0,1.000000000,1.000000000
1864,0,0.805958493,0.285714286
1865,0,1.938653200,1.258215962
1866,0,1.877724679,1.427046263
1867,0,1.880120786,1.245975258
1868,0,2.013861347,1.176824475
1869,0,1.788882273,1.673533209
1870,0,1.946242373,1.243253267
1871,0,2.221750168,1.893290798
1872,0,2.234823045,1.903144082
1873,0,2.172363118,1.874710140
1874,0,1.851968974,2.303368236
1875,0,1.458441434,1.981268833
1876,0,1.928594321,1.155396635
1877,0,2.197896559,1.661408917
1878,0,2.351565937,1.824086880
1879,0,2.288545513,1.570648400
1880,0,2.021714900,1.220601759
1881,0,2.172177345,1.368787600
1882,0,2.007501654,1.192536135
1883,0,1.656229075,1.222278320
1884,0,1.922256128,1.243302474
1885,0,1.562815034,1.076136669
1886,0,-0.000000000,0.000000000
1887,0,1.000000000,1.000000000
1888,0,0.805958493,0.285714286
1889,0,1.080888383,1.006230530
1890,0,1.755261811,1.006543208
1891,0,1.247214765,1.063081018
1892,0,1.651926728,1.033648131
1893,0,1.571852549,1.238173131
1894,0,1.903790752,1.898346718
1895,0,1.548402356,1.128803631
1896,0,1.808406303,1.075797240
1897,0,1.825334710,1.223279802
1898,0,-0.000000000,0.000000000
1899,0,1.000000000,1.000000000
1900,0,1.750000000,1.000000000
1901,0,0.999525689,1.025641026
1902,0,1.749881422,1.000000000
1903,0,0.999340982,0.969776610
1904,0,1.749835246,1.500000000
1905,0,0.999304808,0.968958319
1906,0,1.749826202,1.000000000
1907,0,0.999298247,1.031187786
1908,0,0.805908368,0.285714286
1909,0,0.999957665,1.007660853
1910,0,1.877368921,1.142857143
1911,0,1.410278347,1.045901159
1912,0,1.789923081,1.052208766
1913,0,1.256300287,1.017989916
1914,0,-0.000000000,0.000000000
1915,0,1.000000000,1.000000000
1916,0,-0.000000000,0.000000000
1917,0,1.000000000,1.000000000
1918,0,1.877387064,1.142857143
1919,0,1.410965344,1.048780488
1920,0,1.749424850,1.063888889
1921,0,2.144749850,1.385576471
1922,0,2.356257327,1.806049770
1923,0,2.199309212,1.524893658
1924,0,2.008577045,1.575278973
1925,0,2.067840862,2.018986784
1926,0,2.375092407,1.521949901
1927,0,2.095086779,1.905539108
1928,0,1.944604593,1.353653120
1929,0,2.214030795,1.846547601
1930,0,2.001040134,1.936316766
1931,0,1.498987452,0.995051630
1932,0,1.932562490,1.870491302
1933,0,2.202854467,1.755323214
1934,0,1.711610988,0.929799678
1935,0,0.999996815,1.002101188
1936,0,1.877385699,1.714285714
1937,0,2.182521459,1.973354943
1938,0,1.979671238,1.185673534
1939,0,0.998947121,0.961799935
1940,0,0.805883287,0.285714286
1941,0,1.325537263,1.062974996
1942,0,0.845110343,0.304832050
1943,0,0.999965867,0.993121141
1944,0,-0.000000000,0.000000000
1945,0,1.000000000,1.000000000
1946,0,0.805958493,0.285714286
1947,0,1.080888383,1.006230530
1948,0,1.885356348,1.719310532
1949,0,1.411952052,1.047258658
1950,0,-0.000000000,0.000000000
1951,0,1.000000000,1.000000000
1952,0,0.805958493,0.285714286
1953,0,1.327102466,1.059523810
1954,0,0.845178694,0.304853851
1955,0,1.085695823,1.006729196
1956,0,-0.000000000,0.000000000
1957,0,1.000000000,1.000000000
1958,0,1.500000000,2.000000000
1959,0,2.132684566,1.708333333
1960,0,1.990533792,1.166457399
1961,0,0.997600448,0.942340305
1962,0,-0.000000000,0.000000000
1963,0,1.000000000,1.000000000
1964,0,0.805958493,2.000000000
1965,0,1.327102466,2.982142857
1966,0,2.124450921,3.797877551
1967,0,1.847678944,4.284068263
1968,0,2.274429993,2.853862704
1969,0,2.079650945,3.352296812
1970,0,1.939715379,3.087170915
1971,0,0.005074414,0.000796876
1972,0,-0.000000000,0.000000000
1973,0,0.391243564,0.153846154
1974,0,0.431804994,0.177215190
1975,0,0.953629316,0.747826087
1976,0,1.368501175,0.722433460
1977,0,1.098481765,0.482494118
1978,0,1.471553886,1.230255169
1979,0,1.161194130,1.500451472
1980,0,1.906744603,2.612770606
1981,0,1.262634804,2.300669360
1982,0,1.161671544,0.674926230
1983,0,1.086530405,0.634560916
1984,0,1.045778516,1.503862067
1985,0,1.018284595,0.605732906
1986,0,1.281872263,0.755272800
1987,0,0.949939241,0.398275187
1988,0,0.346355922,0.127566450
1989,0,0.250118428,0.083437758
1990,0,1.562529607,1.000000000
1991,0,1.826804186,1.093763053
1992,0,1.842606393,1.144274241
1993,0,1.290890508,1.091274584
1994,0,-0.000000000,0.000000000
1995,0,1.000000000,1.000000000
1996,0,0.805958493,0.285714286
1997,0,1.327102466,1.065476190
1998,0,1.699615149,2.040112994
1999,0,2.146171409,1.596480588
2000,0,1.442251431,1.298772391
2001,0,1.775818946,2.140492359
2002,0,2.445342373,1.685353969
2003,0,1.801207889,1.027347143
2004,0,-0.000000000,0.000000000
2005,0,1.000000000,1.000000000
2006,0,1.750000000,1.000000000
2007,0,1.245884442,1.061728395
2008,0,0.832799432,0.298766080
2009,0,1.337759981,1.067266461
2010,0,0.847013592,0.305766420
2011,0,1.344637898,1.070236458
2012,0,-0.000000000,0.000000000
2013,0,1.000000000,1.000000000
2014,0,-0.000000000,0.000000000
2015,0,1.000000000,1.000000000
2016,0,1.500000000,1.000000000
2017,0,2.132684566,1.708333333
2018,0,1.990533792,1.166457399
2019,0,2.124042849,1.823735423
2020,0,2.154425438,1.889256666
2021,0,1.864022346,1.765891323
2022,0,1.539429229,1.159960088
2023,0,2.179276460,1.681884907
2024,0,1.492878403,1.475516928
2025,0,1.775291131,2.284787851
2026,0,1.431754640,2.708164497
2027,0,0.949610176,1.262750776
2028,0,1.855791426,1.142857143
2029,0,1.426942534,1.034738669
2030,0,1.768552781,1.935419470
2031,0,1.980253916,1.370185948
2032,0,1.608245894,1.308925042
2033,0,1.542592639,1.138097449
2034,0,1.442970554,1.260305532
2035,0,1.547980529,2.051347167
2036,0,1.475524063,1.223610933
2037,0,0.972339669,0.804808642
2038,0,1.486169834,1.804808642
2039,0,2.157812743,1.367868827
2040,0,2.179688655,1.902589045
2041,0,2.168609862,1.869473125
2042,0,2.409939727,1.805114295
2043,0,2.142497172,1.912867070
2044,0,-0.000000000,0.000000000
2045,0,1.000000000,1.000000000
2046,0,1.877387064,1.142857143
2047,0,1.410965344,1.121951220
2048,0,-0.000000000,0.000000000
2049,0,1.000000000,1.000000000
2050,0,1.500000000,1.000000000
2051,0,2.132684566,1.791666667
2052,0,2.153126959,2.215151515
2053,0,2.160586302,1.718252143
2054,0,2.399355354,1.490732374
2055,0,2.299021424,1.953048461
2056,0,2.313707161,2.596056146
2057,0,2.286496968,1.827060421
2058,0,1.947444554,1.406303339
2059,0,1.999281679,1.247460074
2060,0,1.032106852,0.403508834
2061,0,1.432317131,1.106251016
2062,0,1.924075400,1.150577728
2063,0,0.998380171,1.047378470
2064,0,1.876692852,1.142857143
2065,0,1.406519350,1.137479264
2066,0,0.859731721,0.312197202
2067,0,1.086852939,1.019798766
2068,0,0.813269806,0.289247347
2069,0,1.081683741,1.016160808
2070,0,0.812715290,0.288975727
2071,0,1.081650057,1.016007179
2072,0,-0.000000000,0.000000000
2073,0,1.000000000,1.000000000
2074,0,1.500000000,1.000000000
2075,0,0.996791632,0.933333333
2076,0,-0.000000000,0.000000000
2077,0,1.000000000,1.000000000
2078,0,1.750000000,1.000000000
2079,0,1.785954779,1.229166667
2080,0,-0.000000000,0.000000000
2081,0,1.000000000,1.000000000
2082,0,1.877387064,1.142857143
2083,0,0.998000884,1.052631579
2084,0,0.805815699,0.285714286
2085,0,0.999946604,0.991396426
2086,0,-0.000000000,0.000000000
2087,0,1.000000000,1.000000000
2088,0,1.877387064,1.714285714
2089,0,0.998000884,1.052631579
2090,0,-0.000000000,0.000000000
2091,0,1.000000000,1.000000000
2092,0,-0.000000000,0.000000000
2093,0,1.000000000,1.000000000
2094,0,1.750000000,1.500000000
2095,0,1.785954779,1.208333333
2096,0,-0.000000000,0.000000000
2097,0,1.000000000,1.000000000
2098,0,-0.000000000,0.000000000
2099,0,1.000000000,1.000000000
2100,0,0.805958493,0.285714286
2101,0,1.327102466,1.065476190
2102,0,-0.000000000,0.000000000
2103,0,1.000000000,1.000000000
2104,0,0.805958493,0.285714286
2105,0,0.999971467,0.993710692
2106,0,1.749992867,1.500000000
2107,0,2.259180372,1.761601948
2108,0,1.961686336,1.491447595
2109,0,2.003601235,1.367741116
2110,0,2.085331157,2.209610195
2111,0,2.228422959,1.842632654
2112,0,1.945264549,1.377527234
2113,0,1.336031239,1.063456574
2114,0,-0.000000000,0.000000000
2115,0,1.000000000,1.000000000
2116,0,1.877387064,2.000000000
2117,0,0.998000884,0.947368421
2118,0,0.805815699,0.285714286
2119,0,1.080330099,1.017812261
2120,0,1.885170356,2.006545415
2121,0,0.997764617,1.055653371
2122,0,1.749441154,1.000000000
2123,0,1.780002553,1.216412769
2124,0,1.847430865,1.993610673
2125,0,2.257324048,1.656398500
2126,0,1.423758154,1.264344436
2127,0,1.547349198,1.119404135
2128,0,2.424115879,1.911315892
2129,0,0.896999103,1.253387339
2130,0,1.657004002,1.286017556
2131,0,1.780183237,1.615828403
2132,0,1.641647021,2.044336261
2133,0,2.142449817,3.131371432
2134,0,1.981937477,2.840987875
2135,0,1.849859415,3.434395819
2136,0,1.838740601,2.419084905
2137,0,1.270722761,1.162557943
2138,0,1.353080881,1.042441490
2139,0,1.008005385,0.656199408
2140,0,0.869743323,0.399723840
2141,0,0.661603684,0.343421814
2142,0,0.978694580,0.828565163
2143,0,0.758634890,1.849643290
2144,0,0.924079723,0.678459505
2145,0,0.785726197,0.342562864
2146,0,0.230575330,0.074942497
2147,0,0.934244643,1.299604267
2148,0,0.965572549,0.782409288
2149,0,0.888222482,1.388472976
2150,0,0.899854299,0.631777201
2151,0,0.793236218,0.351609462
2152,0,0.851705964,0.509190838
2153,0,0.595548916,0.214471585
2154,0,0.838755951,0.471814143
2155,0,0.733861475,0.412097093
2156,0,0.564738807,0.201515957
2157,0,0.942847822,0.720396966
2158,0,0.740275644,0.418738803
2159,0,-0.000000000,0.000000000
2160,0,-0.000000000,0.000000000
2161,0,-0.000000000,0.000000000
2162,0,0.391243564,0.153846154
2163,0,-0.000000000,0.000000000
2164,0,0.811278124,0.500000000
2165,0,0.881290899,0.600000000
2166,0,0.999010271,0.962962963
2167,0,0.730990743,0.291814947
2168,0,0.518416072,0.191097923
2169,0,0.457384851,0.181854005
2170,0,0.384775350,0.150256023
2171,0,0.832350758,0.459635795
2172,0,0.088991008,0.022506381
2173,0,0.923234476,0.676707165
2174,0,0.999976904,0.994341567
2175,0,0.721596472,2.093495439
2176,0,0.845826210,0.490319456
2177,0,0.589933668,0.212188916
2178,0,0.476469676,0.183171057
2179,0,0.833955034,0.455629615
2180,0,0.579316334,0.208101450
2181,0,0.473551605,0.182838059
2182,0,0.967660906,0.746013898
2183,0,1.010754508,1.044439658
2184,0,1.247156103,0.577135517
2185,0,1.001595111,0.408558127
2186,0,0.498330245,0.193935754
2187,0,1.740526178,1.029952320
2188,0,1.723143277,1.032942521
2189,0,1.431756664,0.736830433
2190,0,1.887816416,1.772875991
2191,0,0.988252828,1.127439356
2192,0,-0.000000000,0.000000000
2193,0,1.000000000,1.000000000
2194,0,1.500000000,2.000000000
2195,0,2.130863944,1.565217391
2196,0,1.972132024,2.136610169
2197,0,1.519695741,1.106146448
2198,0,1.934780180,1.153749362
2199,0,1.535142842,1.471413194
2200,0,1.899911881,2.191811848
2201,0,2.204248549,1.583841789
2202,0,2.216459721,1.313304142
2203,0,1.905575330,1.873926197
2204,0,2.280599573,3.280780111
2205,0,1.931385254,2.720607847
2206,0,1.808192860,1.750077465
2207,0,2.125355636,1.699585140
2208,0,-0.000000000,0.000000000
2209,0,1.000000000,1.000000000
2210,0,1.750000000,1.500000000
2211,0,1.785954779,1.229166667
2212,0,0.954716255,0.361153263
2213,0,0.999953656,1.008015363
2214,0,0.805955183,0.285714286
2215,0,1.326777658,1.064951375
2216,0,0.845164455,0.304849276
2217,0,1.085686134,1.006692908
2218,0,1.755637630,1.997367351
2219,0,1.788958369,1.229671853
2220,0,1.960357554,1.148524464
2221,0,0.996756244,0.932966955
2222,0,1.498378122,1.000000000
2223,0,0.993129952,1.097512982
2224,0,1.874442758,1.714285714
2225,0,2.165700196,1.937454348
2226,0,2.314595582,2.308922881
2227,0,1.932070075,1.817637325
2228,0,1.535526314,1.164232459
2229,0,1.546839522,1.740939148
2230,0,1.910520939,1.258638511
2231,0,2.223595940,1.389394744
2232,0,2.240665233,1.350136214
2233,0,2.272678708,1.469395276
2234,0,2.021205545,1.777689012
2235,0,2.170193376,1.360252661
2236,0,2.007457891,1.193762887
2237,0,2.147577241,1.872733903
2238,0,1.479334867,1.426965841
2239,0,0.812664256,1.003505658
2240,0,1.592763525,1.614246249
2241,0,1.776288013,1.962147746
2242,0,1.622122077,1.914911535
2243,0,1.478399259,1.215473529
2244,0,1.536062844,1.085466504
2245,0,1.684979705,1.328658513
2246,0,1.788329559,1.062488196
2247,0,2.060706544,1.731188696
2248,0,2.297111133,1.366495172
2249,0,2.105425221,1.888594472
2250,0,1.980744581,1.832697711
2251,0,1.932508849,1.924377173
2252,0,2.366511028,1.472817634
2253,0,2.174936671,1.740054713
2254,0,1.839012725,1.365326092
2255,0,2.210466540,1.327485434
2256,0,1.972204555,1.299451864
2257,0,0.974609623,0.812939694
2258,0,1.487304811,1.812939694
2259,0,2.157057096,1.369901590
2260,0,1.924961488,1.392758694
2261,0,2.261913223,1.917410223
2262,0,1.550327624,2.051090857
2263,0,1.199162129,1.036211354
2264,0,0.825955001,0.295372052
2265,0,1.083371051,1.015961965
2266,0,0.812873134,2.000699069
2267,0,1.943023428,1.801448626
2268,0,1.973096079,1.159317437
2269,0,1.450391103,1.068311463
2270,0,1.776092300,2.036019338
2271,0,2.164104560,1.491220034
2272,0,1.931530754,1.383238377
2273,0,1.321231340,1.039517096
2274,0,1.778964992,1.036924539
2275,0,0.999299452,1.031161008
2276,0,1.877086829,2.026709436
2277,0,0.997042695,1.064006976
2278,0,1.749260674,1.000000000
2279,0,0.999008582,1.037068620
2280,0,-0.000000000,0.000000000
2281,0,1.000000000,1.000000000
2282,0,1.877387064,2.000000000
2283,0,0.998000884,0.947368421
2284,0,1.749500221,1.973684211
2285,0,1.467642445,1.400000000
2286,0,1.888522192,1.189601914
2287,0,2.165184018,1.687221913
2288,0,2.369578331,1.576642813
2289,0,2.116050276,1.805777113
2290,0,1.684106091,1.802277924
2291,0,2.099593189,3.122305846
2292,0,2.310354279,3.612134287
2293,0,1.911542223,2.490622736
2294,0,2.414924650,1.814479065
2295,0,2.045550827,2.425605963
2296,0,1.660272556,2.751641786
2297,0,2.139863744,1.804656655
2298,0,1.129779739,0.467330244
2299,0,1.132038809,1.046610852
2300,0,0.817572408,0.291301692
2301,0,1.082624978,1.014600691
2302,0,-0.000000000,0.000000000
2303,0,1.000000000,1.000000000
2304,0,1.750000000,1.000000000
2305,0,1.245884442,1.061728395
2306,0,-0.000000000,0.000000000
2307,0,1.000000000,1.000000000
2308,0,1.750000000,1.000000000
2309,0,1.785954779,1.229166667
2310,0,-0.000000000,0.000000000
2311,0,1.000000000,1.000000000
2312,0,1.750000000,1.000000000
2313,0,1.245884442,1.024691358
2314,0,0.832799432,0.298766080
2315,0,1.337759981,1.067266461
2316,0,1.911647395,2.005821339
2317,0,0.997892414,0.945960091
2318,0,1.876483813,1.953680078
2319,0,0.996222328,0.927664717
2320,0,1.749055582,1.000000000
2321,0,1.242808465,1.010981914
2322,0,1.770276475,1.026058636
2323,0,1.795380033,1.218346843
2324,0,0.958830007,0.363389277
2325,0,1.392700685,1.076361244
2326,0,1.787706209,1.048660031
2327,0,0.999466832,0.972814769
2328,0,1.749866708,1.000000000
2329,0,0.999328899,0.969500834
2330,0,1.499664450,1.000000000
2331,0,0.995292982,1.080735453
2332,0,1.875369771,2.069201817
2333,0,1.403107754,3.048918904
2334,0,0.859478501,2.010794807
2335,0,1.347030475,1.955900854
2336,0,1.709151156,1.974443211
2337,0,1.883300577,1.882183208
2338,0,1.545404863,1.298822599
2339,0,1.784493527,1.954870254
2340,0,2.444715563,1.862786466
2341,0,2.086720021,1.852920433
2342,0,2.420731411,2.911184223
2343,0,2.089226004,1.817543086
2344,0,1.938336569,1.369162080
2345,0,2.211435791,1.609478428
2346,0,1.997916931,1.243553576
2347,0,0.989086045,0.877151462
2348,0,-0.000000000,0.000000000
2349,0,1.000000000,1.000000000
2350,0,0.805958493,1.857142857
2351,0,1.938653200,1.258215962
2352,0,2.467664353,1.984651163
2353,0,2.042866674,1.346483665
2354,0,1.516206603,1.189907708
2355,0,1.515487577,0.994070889
2356,0,0.877528148,0.321380548
2357,0,0.999999900,0.999627229
2358,0,-0.000000000,0.000000000
2359,0,1.000000000,1.000000000
2360,0,1.500000000,2.000000000
2361,0,2.132684566,1.458333333
2362,0,2.153126959,2.215151515
2363,0,1.606221034,1.119547963
2364,0,0.899607340,1.997504985
2365,0,1.366631276,1.075478780
2366,0,1.784481605,1.483161836
2367,0,1.808167570,1.217956835
2368,0,1.960566641,1.156115021
2369,0,1.440205055,1.130863200
2370,0,1.793788418,2.018777326
2371,0,1.810531796,1.225527434
2372,0,2.444232970,2.003135677
2373,0,2.150499718,2.099089102
2374,0,2.427308187,1.602566879
2375,0,2.102264550,1.403414720
2376,0,2.337776076,1.877660510
2377,0,2.232622964,1.613635493
2378,0,2.033661254,1.740182661
2379,0,1.845477014,2.417275675
2380,0,2.424976946,1.786690058
2381,0,1.794126355,1.615138839
2382,0,1.824964454,1.142568789
2383,0,0.997386172,1.060177624
2384,0,-0.000000000,0.000000000
2385,0,1.000000000,1.000000000
2386,0,0.805958493,0.285714286
2387,0,1.080888383,1.006230530
2388,0,1.885356348,1.143506029
2389,0,2.181940163,1.425074363
2390,0,2.330694486,1.398398969
2391,0,2.280532450,1.533557025
2392,0,1.306752025,0.575350108
2393,0,1.154666350,1.018539650
2394,0,0.820416006,0.292679814
2395,0,1.333619258,1.067709818
2396,0,1.780460447,2.001237958
2397,0,2.261107019,1.674140763
2398,0,1.995188186,2.110521454
2399,0,1.496673566,1.094165881
2400,0,1.931562832,1.152484149
2401,0,1.424222611,1.047649321
2402,0,0.862507799,1.845226383
2403,0,1.087349898,1.004613628
2404,0,1.755777098,1.497229479
2405,0,1.788779053,1.853644842
2406,0,1.958178510,1.997450708
2407,0,2.094349104,1.734119522
2408,0,2.475295875,1.871290247
2409,0,2.069478161,2.073504007
2410,0,2.022664206,1.600130865
2411,0,2.243116702,1.382655021
2412,0,1.220616396,0.520385453
2413,0,0.999862736,0.986205698
2414,0,1.877328237,1.714285714
2415,0,1.412171247,1.117418961
2416,0,0.860147921,0.312319445
2417,0,0.999947404,0.991461134
2418,0,1.877364523,1.142857143
2419,0,2.180935896,1.426427552
2420,0,2.329360344,1.808459995
2421,0,1.944835570,1.308532080
2422,0,2.480237224,1.631018657
2423,0,2.109867552,1.275840399
2424,0,1.701799339,1.264030408
2425,0,1.510884552,1.186702642
2426,0,2.394658523,1.476595468
2427,0,2.051360533,1.285232265
2428,0,1.603112269,1.990280722
2429,0,2.133113415,2.853884580
2430,0,1.302087977,1.381824508
2431,0,2.071805631,2.240667018
2432,0,2.322946594,1.875169649
2433,0,2.120375364,1.610165364
2434,0,1.861024491,2.193489386
2435,0,2.219078324,2.007962931
2436,0,2.172313035,1.402395894
2437,0,2.135887157,1.491140602
2438,0,1.982279640,1.190051325
2439,0,2.144635429,1.761191146
2440,0,2.154866852,2.549420107
2441,0,2.107903165,1.891848341
2442,0,1.069129094,1.073083750
2443,0,1.923371210,1.589064607
2444,0,1.847455725,1.180378647
2445,0,1.919672988,1.617999697
2446,0,1.577816732,1.268428150
2447,0,-0.000000000,0.000000000
2448,0,0.811278124,0.500000000
2449,0,-0.000000000,0.000000000
2450,0,0.811278124,0.500000000
2451,0,0.949452015,1.263157895
2452,0,0.745517843,0.424242424
2453,0,-0.000000000,0.000000000
2454,0,-0.000000000,0.000000000
2455,0,-0.000000000,0.000000000
2456,0,0.811278124,0.500000000
2457,0,0.592201208,0.212765957
2458,0,0.835892259,0.468899522
2459,0,0.583380162,0.209585703
2460,0,0.944132866,1.276483818
2461,0,0.741282723,0.419790768
2462,0,0.604396863,0.295670868
2463,0,-0.000000000,0.000000000
2464,0,-0.000000000,0.000000000
2465,0,1.000000000,1.000000000
2466,0,1.049886625,3.312500000
2467,0,0.905928216,0.642857143
2468,0,1.201670054,0.913043478
2469,0,1.704461439,1.239130435
2470,0,1.629061464,1.575443787
2471,0,1.124494520,0.999286224
2472,0,0.940621595,1.387211368
2473,0,0.920137911,0.605750000
2474,0,1.024403104,0.971375723
2475,0,0.836518167,0.514653412
2476,0,0.822700501,0.387088892
2477,0,0.998224530,1.049601549
2478,0,0.925750160,0.681953159
2479,0,0.861245461,0.568602333
2480,0,0.997882621,1.054165248
2481,0,-0.000000000,0.000000000
2482,0,0.811278124,0.500000000
2483,0,0.592201208,1.957446809
2484,0,0.430551867,1.823529412
2485,0,1.263270318,2.794117647
2486,0,0.974778547,0.813559322
2487,0,0.865252293,0.309181970
2488,0,0.539475039,0.194433511
2489,0,1.280748082,1.057894694
2490,0,1.589649418,1.290064051
2491,0,2.045050833,1.451653684
2492,0,1.452970077,0.818064312
2493,0,2.238263440,1.634893193
2494,0,2.016143799,2.392250478
2495,0,1.969111481,2.464619354
2496,0,1.895546522,3.110577220
2497,0,1.485631481,1.514397793
2498,0,2.003104652,2.045763142
2499,0,1.712424053,1.446097130
2500,0,1.669575205,1.323219365
2501,0,0.839595123,0.556020906
2502,0,1.041917908,2.067776829
2503,0,0.387395477,0.179970154
2504,0,1.201355088,1.373326701
2505,0,0.194366911,0.119980103
2506,0,0.131300698,0.072862264
2507,0,0.222428628,0.144409279
2508,0,0.171385753,0.118185896
2509,0,1.682028594,1.314367583
2510,0,1.071201620,2.065936358
2511,0,1.501382097,2.506938264
2512,0,2.421499102,2.670367074
2513,0,2.240822039,1.773323331
2514,0,1.657551620,1.634191159
2515,0,2.372074634,2.395616835
2516,0,1.476467926,2.144052561
2517,0,0.733635065,0.730701935
2518,0,1.399068295,2.005327846
2519,0,0.846961583,0.531118879
2520,0,1.432724711,1.511655295
2521,0,1.301971947,1.191378702
2522,0,1.136338118,0.765198450
2523,0,1.579837807,1.393155502
2524,0,0.841497893,0.447558898
2525,0,1.498024251,1.895630043
2526,0,0.926409776,0.404421181
2527,0,1.820924114,1.353913348
2528,0,1.764554262,2.045760027
2529,0,2.245102986,2.412925420
2530,0,1.662614072,2.280310566
2531,0,2.392760932,3.220624094
2532,0,1.704968498,5.170771370
2533,0,2.133398828,2.299406077
2534,0,2.706349262,4.038002601
2535,0,1.913394251,1.752212389
2536,0,2.154331400,2.723446894
2537,0,2.722095020,2.247716282
2538,0,1.648469504,1.366824271
2539,0,1.732679375,1.879625722
2540,0,2.403780811,1.716715629
2541,0,2.893102449,1.856964486
2542,0,1.901860444,1.592465540
2543,0,2.203820283,1.601202491
2544,0,2.606515358,1.643218961
2545,0,2.861238263,1.981529144
2546,0,2.850228838,2.446717818
2547,0,2.924641455,2.524648847
2548,0,1.560301560,1.317168973
2549,0,2.452906871,1.580064122
2550,0,2.134927520,1.554986147
2551,0,2.569108964,2.115505723
2552,0,2.649974964,2.138831071
2553,0,2.734801257,2.203463994
2554,0,2.235450912,1.597303613
2555,0,1.867280475,1.617645798
2556,0,2.081997248,1.833855957
2557,0,2.859966638,1.983326823
2558,0,2.907396875,2.615551304
2559,0,2.955255084,2.252899516
2560,0,3.175977547,2.205739706
2561,0,2.943458211,2.334918465
2562,0,2.164864143,1.292818233
2563,0,-0.000000000,0.000000000
2564,0,1.000000000,1.000000000
2565,0,1.750000000,2.000000000
2566,0,1.921887137,1.916666667
2567,0,2.178470241,1.782608696
2568,0,2.416495937,2.257425743
2569,0,2.281745748,2.058898848
2570,0,3.153237769,2.498292787
2571,0,3.147115631,2.409263499
2572,0,2.639238559,2.163222163
2573,0,2.809450744,2.349012371
2574,0,3.214844743,2.898353380
2575,0,2.932736383,2.082172069
2576,0,2.027045010,1.351301978
2577,0,2.065641602,2.029462508
2578,0,2.323050585,3.000000000
2579,0,2.914832819,4.000000000
2580,0,3.170969850,5.000000000
2581,0,3.284842857,6.000000000
2582,0,3.662398649,7.000000000
2583,0,3.596333315,7.892253529
2584,0,2.608413398,6.455302389
2585,0,3.116890895,5.817392301
2586,0,3.885649650,6.130065185
2587,0,3.573569222,5.852925066
2588,0,0.938290930,0.709620793
2589,0,1.827370150,1.070962079
2590,0,1.749868914,1.264672629
2591,0,2.353680599,1.790512755
2592,0,1.666886162,2.165708474
2593,0,2.384423038,2.525623525
2594,0,2.625842300,2.788724996
2595,0,2.644772145,3.084525353
2596,0,1.660081409,1.129973247
2597,0,1.461688320,0.758794957
2598,0,1.304732661,1.008900027
2599,0,1.873767940,1.146183569
2600,0,1.882202592,1.330039344
2601,0,0.622746859,0.310436905
2602,0,1.566789621,1.110279887
2603,0,1.851888388,1.734511405
2604,0,1.486833248,1.776146409
2605,0,1.972018073,1.186881996
2606,0,0.451219394,0.188941670
2607,0,1.612804849,1.000000000
2608,0,2.359361750,1.994544897
2609,0,2.497380222,2.767688447
2610,0,2.404889148,3.683986031
2611,0,2.105479944,2.531267602
2612,0,0.972421392,1.194904657
2613,0,1.865567661,1.142857143
2614,0,2.447485208,1.782263688
2615,0,1.951114075,1.327272727
2616,0,2.278239664,1.443267664
2617,0,1.100164815,0.439857944
2618,0,0.999986139,1.004383528
2619,0,0.805957503,1.857142857
2620,0,1.378009133,1.976033922
2621,0,1.932827054,1.157170923
2622,0,0.999999986,1.000139776
2623,0,1.749999996,2.000069888
2624,0,2.502901399,1.755153387
2625,0,2.178470235,1.782608696
2626,0,2.321586682,1.824833894
2627,0,2.159591862,2.050256631
2628,0,1.707710214,1.161754496
2629,0,0.900028626,1.842904339
2630,0,0.999998341,1.001516343
2631,0,1.499999171,1.000000000
2632,0,2.347072824,1.833712419
2633,0,2.098026076,1.237476809
2634,0,1.576232248,1.138826005
2635,0,1.966478667,1.171197594
2636,0,2.487497594,1.710351278
2637,0,2.614899250,2.401931986
2638,0,1.875276148,1.394742050
2639,0,1.622854307,1.373138358
2640,0,2.270377911,1.132269048
2641,0,-0.000000000,0.000000000
2642,0,1.584962501,1.333333333
2643,0,1.485475297,1.600000000
2644,0,2.308975260,3.159550562
2645,0,2.693987926,3.644391188
2646,0,2.747531781,5.019248130
2647,0,2.923139575,6.221731487
2648,0,2.133614898,2.495574714
2649,0,2.323326049,1.650017741
2650,0,2.739795253,1.678835706
2651,0,1.815484399,1.026146336
2652,0,2.386328370,1.625906061
2653,0,0.964082483,0.814241268
2654,0,1.809264918,1.637438787
2655,0,2.026400966,2.409851171
2656,0,2.440107642,1.908238863
2657,0,2.738667610,1.870715179
2658,0,2.688390682,1.864017069
2659,0,1.690111406,1.472963025
2660,0,2.095859692,2.159594225
2661,0,2.236411339,2.859206411
2662,0,2.552989877,2.264109262
2663,0,2.838604840,2.383747076
2664,0,2.993313029,2.442649578
2665,0,2.836853417,3.054281180
2666,0,3.030499420,3.698202779
2667,0,2.832761170,4.615179333
2668,0,3.202554726,5.755849113
2669,0,2.722788649,3.646107426
2670,0,2.796334963,3.622761441
2671,0,2.722523321,2.809033002
2672,0,2.682705146,2.966459305
2673,0,2.734411141,2.029186368
2674,0,2.294956999,1.657796962
2675,0,2.167153250,1.169924564
2676,0,2.095145413,1.813916895
2677,0,1.976052697,1.247060187
2678,0,2.056381103,1.551043405
2679,0,1.779104169,0.993556010
2680,0,2.006666483,1.487507047
2681,0,1.985781376,1.189811268
2682,0,1.779880458,1.249487570
2683,0,1.742100333,0.990408058
2684,0,1.521720375,0.932754880
2685,0,1.446866398,1.017579377
2686,0,1.860286587,0.896043965
2687,0,2.005662604,1.274556749
2688,0,2.349455997,2.121507557
2689,0,2.390979334,1.988471882
2690,0,2.201690001,1.247212142
2691,0,2.292062196,1.500958903
2692,0,2.359249796,1.808204172
2693,0,2.659173161,2.021585721
2694,0,2.704111516,2.605920393
2695,0,2.611580548,1.915221108
2696,0,1.740891465,1.466186807
2697,0,1.150276111,0.801223355
2698,0,1.733707069,1.795917758
2699,0,1.911027618,1.358231608
2700,0,2.448893169,1.760661683
2701,0,2.324051862,2.396062702
2702,0,2.072825768,2.928224756
2703,0,2.211997744,2.379946118
2704,0,2.465495220,3.668346128
2705,0,2.358735886,4.585167999
2706,0,1.506678342,1.900828807
2707,0,1.610577441,1.139853571
2708,0,1.408827694,1.058642483
2709,0,1.326349219,0.853985063
2710,0,2.299971829,1.345369036
2711,0,2.097633490,1.152486982
2712,0,1.887224308,1.497762609
2713,0,1.765207702,0.874681106
2714,0,0.820272633,0.421666827
2715,0,1.212567338,0.511914072
2716,0,0.537176619,0.239954663
2717,0,1.040538394,0.975124613
2718,0,0.936075081,0.657007172
2719,0,1.683673034,1.084672472
2720,0,1.541602926,0.995422963
2721,0,1.439976582,0.725726797
2722,0,1.337567047,0.605827735
2723,0,1.261332746,0.534756384
2724,0,1.868013005,1.145532494
2725,0,1.437094212,0.658328819
2726,0,0.277339666,0.094863505
2727,0,0.918868145,0.336866961
2728,0,1.651456641,1.471740522
2729,0,2.035685806,1.722059756
2730,0,2.218135259,2.095011667
2731,0,2.438927334,2.232961525
2732,0,2.671002677,1.810846931
2733,0,2.655413545,1.793875106
2734,0,2.209194573,2.562888968
2735,0,2.355762673,2.042230187
2736,0,2.135732680,1.379936464
2737,0,2.069362448,1.305010139
2738,0,2.736220121,2.039927885
2739,0,2.657049712,1.774838356
2740,0,2.715526865,1.753556821
2741,0,2.758755726,2.152916297
2742,0,1.278904480,1.599011606
2743,0,2.219179824,2.459920575
2744,0,2.076956673,2.966753048
2745,0,2.467326731,3.631518764
2746,0,1.750783683,1.846740502
2747,0,2.101461865,1.335311381
2748,0,1.627283881,0.908016073
2749,0,1.800567725,1.086512251
2750,0,2.493175001,1.754978381
2751,0,1.469485536,0.693548939
2752,0,1.212354363,1.059807182
2753,0,1.908372241,2.025187696
2754,0,2.262675682,1.478553179
2755,0,1.922049062,1.258112689
2756,0,1.368892749,1.078919460
2757,0,-0.000000000,0.000000000
2758,0,1.000000000,1.000000000
2759,0,1.500000000,1.000000000
2760,0,2.347073298,1.541666667
2761,0,-0.000000000,0.000000000
2762,0,1.000000000,1.000000000
2763,0,1.877387064,1.714285714
2764,0,1.493369980,1.110169492
2765,0,1.794738373,2.000000000
2766,0,1.957473208,1.288199513
2767,0,0.968371737,0.367054458
2768,0,1.000000000,1.000000000
2769,0,1.500000000,1.000000000
2770,0,2.347073298,1.833333333
2771,0,2.178470241,1.782608696
2772,0,3.086244713,2.293213828
2773,0,2.853949718,2.112605314
2774,0,2.169936140,1.949314252
2775,0,1.716814946,1.408258953
2776,0,2.465421597,1.814333554
2777,0,2.761751238,1.990416898
2778,0,2.595685612,2.568516088
2779,0,2.495042749,2.548351184
2780,0,2.705449906,2.506504432
2781,0,2.849589118,2.708570552
2782,0,2.986717262,3.105703657
2783,0,3.096140242,3.320426255
2784,0,2.568323011,2.763024022
2785,0,3.447444891,2.883236517
2786,0,3.310424413,2.722485196
2787,0,2.765889387,3.414347457
2788,0,3.041211189,3.690468201
2789,0,3.497254841,3.294711796
2790,0,3.306991086,3.585297843
2791,0,2.961089700,2.894451268
2792,0,2.240852344,2.143672518
2793,0,2.853933597,2.283844686
2794,0,3.192411767,2.847250907
2795,0,2.877913255,2.775457775
2796,0,2.460566253,3.016014762
2797,0,1.919119968,2.009523500
2798,0,2.495434018,2.110970629
2799,0,2.752458760,2.356470397
2800,0,2.547118537,1.891807981
2801,0,2.920999808,2.007080634
2802,0,2.318762864,1.958979331
2803,0,2.269135322,2.550760592
2804,0,2.489354275,2.066271414
2805,0,2.891385913,1.950083999
2806,0,1.992867687,1.329395034
2807,0,2.262478045,1.317116897
2808,0,2.452264397,1.655204838
2809,0,2.130993611,1.279891328
2810,0,0.999999600,1.000744935
2811,0,-0.000000000,0.000000000
2812,0,1.000000000,1.000000000
2813,0,1.877387064,1.714285714
2814,0,2.255032708,1.464285714
2815,0,1.920485871,2.000000000
2816,0,1.367877609,1.075615764
2817,0,1.780529852,1.491541077
2818,0,1.000000000,1.000000000
2819,0,1.750000000,1.000000000
2820,0,1.921887137,1.270833333
2821,0,0.958090575,0.361676647
2822,0,1.000000000,1.000000000
2823,0,-0.000000000,0.000000000
2824,0,1.000000000,1.000000000
2825,0,1.877387064,1.714285714
2826,0,2.255032708,1.464285714
2827,0,1.920485871,1.434482759
2828,0,1.367877609,1.075615764
2829,0,0.843601122,0.303713642
2830,0,2.124076753,1.377220614
2831,0,2.057408438,1.211182747
2832,0,1.549578126,1.129103726
2833,0,-0.000000000,0.000000000
2834,0,1.000000000,1.000000000
2835,0,1.500000000,1.000000000
2836,0,2.347073298,1.541666667
2837,0,1.162184574,1.788519637
2838,0,1.149942812,1.024573629
2839,0,1.759982544,1.497337069
2840,0,1.292035393,1.055521201
2841,0,2.256819222,1.237407869
2842,0,1.000000000,1.000000000
2843,0,1.877387064,1.142857143
2844,0,1.000000000,1.000000000
2845,0,1.500000000,2.000000000
2846,0,1.582662942,1.138297872
2847,0,1.965257858,2.010204082
2848,0,1.514249403,1.117070329
2849,0,1.797252431,1.056943556
2850,0,1.959528719,1.289241134
2851,0,0.968963537,0.367363415
2852,0,1.000000000,1.000000000
2853,0,0.805958493,0.285714286
2854,0,2.091425884,1.357798165
2855,0,1.016784192,0.393220339
2856,0,2.254467685,1.464738155
2857,0,2.399935024,2.183678737
2858,0,1.732953327,1.196091135
2859,0,1.826366049,1.093475069
2860,0,1.317884382,1.062229055
2861,0,0.837073804,2.000000000
2862,0,1.097427239,1.014397652
2863,0,-0.000000000,0.000000000
2864,0,1.000000000,1.000000000
2865,0,1.500000000,2.000000000
2866,0,2.347073298,3.000000000
2867,0,2.459905673,2.519607843
2868,0,3.182149112,3.309704641
2869,0,2.961888681,4.000000000
2870,0,3.024290945,3.411146256
2871,0,3.058184498,2.755892015
2872,0,2.611562536,2.119120438
2873,0,2.785474200,2.709481323
2874,0,2.555027458,2.141041409
2875,0,1.574750046,2.000000000
2876,0,2.458755402,1.829815345
2877,0,2.869510389,1.996494472
2878,0,2.579389445,1.973327659
2879,0,2.904415521,2.098841818
2880,0,3.188835039,2.529045959
2881,0,2.877885056,2.692109537
2882,0,2.598951250,3.068832150
2883,0,2.885288035,4.000000000
2884,0,2.523640952,5.000000000
2885,0,2.785585726,4.053071603
2886,0,2.564132746,3.100537358
2887,0,2.916827173,2.694488861
2888,0,2.425071279,2.038884479
2889,0,2.289201914,2.242495993
2890,0,2.499271199,2.139484135
2891,0,2.199305199,2.138790713
2892,0,1.727448183,1.201068794
2893,0,0.903058298,0.332614814
2894,0,1.107496241,1.016300150
2895,0,1.843014219,1.079852197
2896,0,1.000000000,1.000000000
2897,0,1.877387064,2.000000000
2898,0,1.881290899,1.600000000
2899,0,2.768857206,1.683333333
2900,0,1.906568363,1.273408240
2901,0,2.029163869,2.021444136
2902,0,2.487367218,1.723122063
2903,0,2.715462477,1.627599115
2904,0,2.580674940,1.829071221
2905,0,2.179768942,2.093632955
2906,0,2.523204984,3.007758331
2907,0,2.771577381,2.359380141
2908,0,1.000000000,1.000000000
2909,0,0.805958493,0.285714286
2910,0,1.092885007,1.013569937
2911,0,1.890144001,1.145387783
2912,0,1.495433385,1.110844890
2913,0,0.863272774,0.313383765
2914,0,1.101300683,1.015108755
2915,0,1.891405311,2.001138725
2916,0,1.897632758,1.603740847
2917,0,2.770356473,2.534120034
2918,0,2.417683430,3.268374799
2919,0,3.316834796,4.347531998
2920,0,3.130109174,5.000000000
2921,0,2.912042958,4.000000000
2922,0,3.271740200,5.000000000
2923,0,3.334625267,6.000000000
2924,0,3.292723100,5.000000000
2925,0,3.281204286,6.000000000
2926,0,3.752136154,5.245891207
2927,0,3.555973944,6.177230084
2928,0,3.820337648,5.216016981
2929,0,3.427783453,4.588181597
2930,0,3.544175903,4.871264806
2931,0,3.546600455,5.587610116
2932,0,3.264549925,4.695536794
2933,0,2.734561535,5.443427218
2934,0,3.613157131,5.856036222
2935,0,3.305506289,5.320077473
2936,0,3.326730727,6.147265388
2937,0,3.564563906,5.532380179
2938,0,3.404937420,5.252716264
2939,0,3.272022459,5.577162958
2940,0,2.910929702,6.335033415
2941,0,3.667665144,5.627402560
2942,0,3.226906077,4.849494733
2943,0,2.216800427,3.814462586
2944,0,2.516610162,3.517235687
2945,0,2.259752136,3.822423080
2946,0,2.528712521,4.799521707
2947,0,2.279213754,3.831229390
2948,0,1.939044407,2.873632319
2949,0,2.853312642,2.696504101
2950,0,2.623172988,2.948584633
2951,0,2.907837836,2.568976707
2952,0,3.117749138,2.321820799
2953,0,2.382803427,2.144763806
2954,0,2.566896395,2.953943240
2955,0,2.420263926,2.499825982
2956,0,1.998351196,2.935941110
2957,0,2.138467851,2.072636554
2958,0,0.999741130,0.981056703
2959,0,1.877276120,1.142857143
2960,0,2.254974596,1.853083579
2961,0,2.080479150,1.224719101
2962,0,2.338246193,1.529677250
2963,0,-0.000000000,0.000000000
2964,0,1.000000000,1.000000000
2965,0,1.500000000,1.000000000
2966,0,2.414332410,2.054054054
2967,0,2.137316008,1.316326531
2968,0,2.417548162,1.612489057
2969,0,1.201317377,0.500399255
2970,0,1.157460809,1.026201046
2971,0,1.626064962,2.013928207
2972,0,1.592695697,1.141911240
2973,0,0.880211925,0.321761584
2974,0,1.000000000,1.000000000
2975,0,0.805958493,0.285714286
2976,0,1.378009505,1.077380952
2977,0,0.845363157,0.304619970
2978,0,1.000000000,1.000000000
2979,0,1.750000000,1.000000000
2980,0,1.288492994,1.054621849
2981,0,1.772395739,2.000000000
2982,0,1.296582642,1.056673487
2983,0,1.732307005,2.028628053
2984,0,1.604099446,1.146001791
2985,0,1.808634077,1.482130366
2986,0,1.310644341,1.060294674
2987,0,-0.000000000,0.000000000
2988,0,1.000000000,1.000000000
2989,0,1.500000000,2.000000000
2990,0,1.881290899,3.000000000
2991,0,2.795826108,2.702857143
2992,0,2.435821735,1.638119534
2993,0,-0.000000000,0.000000000
2994,0,1.000000000,1.000000000
2995,0,0.805958493,2.000000000
2996,0,1.378009505,3.000000000
2997,0,2.397512965,2.483821263
2998,0,2.540487698,3.014734318
2999,0,2.764779874,2.347004212
3000,0,3.223578475,2.423731483
3001,0,3.408638655,2.709563854
3002,0,3.199360108,2.753133239
3003,0,2.852160326,1.932884200
3004,0,2.571752956,1.889928256
3005,0,2.182734825,1.374547211
3006,0,1.624284640,1.157603072
3007,0,0.884043702,0.323386554
3008,0,1.418826263,1.088983972
3009,0,2.458382216,1.346903842
3010,0,1.000000000,1.000000000
3011,0,1.750000000,2.000000000
3012,0,1.288492994,1.054621849
3013,0,-0.000000000,0.000000000
3014,0,1.000000000,1.000000000
3015,0,-0.000000000,0.000000000
3016,0,1.000000000,1.000000000
3017,0,1.877387064,1.142857143
3018,0,1.493369980,1.966101695
3019,0,1.950956795,2.008157581
3020,0,2.470292998,3.000743116
3021,0,2.700510803,2.303442901
3022,0,2.766932383,1.958116906
3023,0,2.878794763,2.619921408
3024,0,2.562263147,2.037203020
3025,0,2.895249643,1.933484205
3026,0,2.617249897,1.954187409
3027,0,2.843581518,2.431834814
3028,0,1.943813585,1.298697270
3029,0,-0.000000000,0.000000000
3030,0,1.000000000,1.000000000
3031,0,1.750000000,1.500000000
3032,0,1.288492994,1.054621849
3033,0,1.919058450,1.152990264
3034,0,2.265975197,1.472709180
3035,0,2.083223463,2.033606750
3036,0,1.000000000,1.000000000
3037,0,-0.000000000,0.000000000
3038,0,1.000000000,1.000000000
3039,0,-0.000000000,0.000000000
3040,0,1.000000000,1.000000000
3041,0,1.877387064,1.714285714
3042,0,2.255032708,1.464285714
3043,0,2.080511772,2.032905297
3044,0,2.493692699,3.002851242
3045,0,2.854549855,4.000295538
3046,0,2.563769872,3.047185397
3047,0,1.732525056,2.000000000
3048,0,2.463507509,3.000000000
3049,0,2.864895375,2.511169367
3050,0,3.061410957,2.201150025
3051,0,1.583892084,2.000000000
3052,0,2.455273526,3.000000000
3053,0,2.240375001,4.000000000
3054,0,3.126346770,3.263976432
3055,0,2.397720008,2.196057925
3056,0,2.503620629,1.728595320
3057,0,2.154295755,1.318398342
3058,0,1.000000000,1.000000000
3059,0,1.500000000,1.000000000
3060,0,2.414332410,1.675675676
3061,0,2.137316008,2.069727891
3062,0,2.507742697,3.005632928
3063,0,2.755100036,2.343850393
3064,0,2.590069471,3.025889226
3065,0,2.890290883,2.804930436
3066,0,3.174827248,2.653331898
3067,0,2.880929969,2.876777875
3068,0,3.117637299,2.344075226
3069,0,2.379903082,2.044587175
3070,0,2.566593168,1.889084029
3071,0,2.186698105,2.094742347
3072,0,1.674296348,1.176968696
3073,0,2.023822115,2.088616331
3074,0,2.325312262,1.746841802
3075,0,2.828260134,2.393565014
3076,0,2.558595701,1.879096774
3077,0,1.992199477,2.000000000
3078,0,1.000000000,1.000000000
3079,0,1.877387064,1.714285714
3080,0,1.000000000,1.000000000
3081,0,1.877387064,2.000000000
3082,0,1.881290899,1.600000000
3083,0,2.084114886,1.351020408
3084,0,1.678570998,1.176612825
3085,0,1.986326068,1.182456331
3086,0,2.478275628,2.031684049
3087,0,1.743508328,2.000000000
3088,0,1.925071062,1.277343554
3089,0,2.189728766,1.252322258
3090,0,2.519795014,2.160872822
3091,0,2.159053567,2.080088587
3092,0,2.332140837,1.802956863
3093,0,1.584150951,1.301588088
3094,0,1.629962788,1.159455744
3095,0,2.703136329,2.338399245
3096,0,1.848376265,1.245727066
3097,0,2.017210465,1.198950989
3098,0,1.000000000,1.000000000
3099,0,1.750000000,1.500000000
3100,0,1.921887137,1.270833333
3101,0,2.021556659,1.825503356
3102,0,1.000000000,1.000000000
3103,0,1.750000000,2.000000000
3104,0,1.000000000,1.000000000
3105,0,0.805958493,2.000000000
3106,0,1.000000000,1.000000000
3107,0,1.500000000,1.000000000
3108,0,2.347073298,1.541666667
3109,0,1.941861348,1.305785124
3110,0,1.383945287,1.080095637
3111,0,1.782258438,1.037845557
3112,0,1.000000000,1.000000000
3113,0,1.750000000,2.000000000
3114,0,2.502901402,1.755102041
3115,0,2.867401122,2.445876289
3116,0,2.563910210,1.872991245
3117,0,2.185544270,1.450815679
3118,0,2.527891013,1.820267669
3119,0,1.916158174,1.361977635
3120,0,1.945417731,1.726672515
3121,0,1.584053439,2.000000000
3122,0,1.000000000,1.000000000
3123,0,1.750000000,2.000000000
3124,0,1.000000000,1.000000000
3125,0,1.500000000,2.000000000
3126,0,1.582662942,1.138297872
3127,0,1.965257858,1.168242907
3128,0,1.987363429,1.632000000
3129,0,2.275828709,2.414669880
3130,0,3.104045860,3.311197801
3131,0,3.297620799,4.260879621
3132,0,3.278428321,5.065305289
3133,0,2.314425791,4.000027174
3134,0,2.543015262,3.449442055
3135,0,2.321582503,2.784768926
3136,0,2.514889537,2.212255394
3137,0,2.910245198,2.698972626
3138,0,3.138727702,2.425340098
3139,0,2.980605531,2.713405044
3140,0,3.249416930,2.666495814
3141,0,3.457077837,3.259284560
3142,0,3.203360698,2.805837731
3143,0,3.398681064,3.300891718
3144,0,3.255013175,3.606898469
3145,0,3.445168496,4.281830948
3146,0,3.755072353,5.355592328
3147,0,3.372055294,6.078255874
3148,0,3.255085183,5.037414566
3149,0,2.941716174,4.088618412
3150,0,2.930942592,5.076420777
3151,0,3.444311761,6.051629032
3152,0,3.622852260,5.358690846
3153,0,3.446909553,6.096458666
3154,0,3.669255430,5.310956359
3155,0,3.444024076,4.633994173
3156,0,3.141273314,5.495052116
3157,0,3.184714085,6.284836014
3158,0,3.652487735,7.289264990
3159,0,3.296397824,6.634527126
3160,0,3.221497360,7.409612522
3161,0,2.778856881,6.551584936
3162,0,3.602176168,5.963721015
3163,0,3.604704058,5.383787998
3164,0,3.663974080,4.932012453
3165,0,3.327361001,4.795014612
3166,0,2.475551014,4.408537929
3167,0,3.391269388,4.912928914
3168,0,1.883677936,3.329169746
3169,0,2.834039047,4.275923232
3170,0,3.262972041,3.775552774
3171,0,2.938470850,2.966706968
3172,0,3.201854515,3.782105069
3173,0,3.367309029,3.463278078
3174,0,3.350447902,3.194088717
3175,0,3.522669836,3.499836055
3176,0,1.969771482,3.230132030
3177,0,2.139801692,2.277988407
3178,0,0.996657354,1.068046393
3179,0,1.875954502,1.142857143
3180,0,1.492908903,1.087679582
3181,0,1.794612875,1.054014599
3182,0,0.999986050,0.995602372
3183,0,1.877381086,1.996230604
3184,0,1.881284921,2.994722846
3185,0,2.768852748,3.995382490
3186,0,2.809908870,4.994863196
3187,0,2.610873886,4.180527429
3188,0,2.948222422,3.454242012
3189,0,2.310738356,3.993855510
3190,0,1.999618879,2.995501957
3191,0,1.575480769,1.997186661
3192,0,2.433050173,1.632241593
3193,0,2.938455569,2.051689447
3194,0,3.029612427,2.180744524
3195,0,2.337327138,1.562162078
3196,0,2.492640587,1.710266927
3197,0,2.149943886,1.311132422
3198,0,2.512633530,1.769140846
3199,0,2.746308390,2.339124115
3200,0,0.999999898,1.000375627
3201,0,1.877387021,2.000321966
3202,0,2.457265877,1.692481059
3203,0,2.139871710,1.308441558
3204,0,2.507235470,1.764709089
3205,0,2.864638222,2.492390213
3206,0,3.156176771,2.379934027
3207,0,2.651418466,2.987517639
3208,0,2.811814118,2.932109498
3209,0,3.045668513,2.749102417
3210,0,2.553276099,2.652660301
3211,0,3.435668917,2.674107806
3212,0,2.772264244,2.584052700
3213,0,2.930595445,2.710950059
3214,0,2.973624187,3.237968695
3215,0,3.038539857,4.124023747
3216,0,3.133786113,3.573953199
3217,0,2.872916097,2.895228246
3218,0,3.234360033,2.585846831
3219,0,2.468442383,1.751874250
3220,0,2.524928412,1.766983174
3221,0,2.631135101,1.592948878
3222,0,2.524004289,1.888801474
3223,0,2.156852625,1.320527108
3224,0,1.605768161,1.151369393
3225,0,0.881004493,0.321940247
3226,0,1.417154283,1.088386930
3227,0,1.785903629,1.489383795
3228,0,0.999999999,0.999972221
3229,0,0.805958493,0.285714286
3230,0,1.092885007,1.013571068
3231,0,0.812663693,0.288894460
3232,0,1.381463135,1.078336186
3233,0,1.781979578,1.038008321
3234,0,1.000000000,1.000000021
3235,0,-0.000000000,0.000000000
3236,0,1.000000000,1.000000000
3237,0,0.805958493,0.285714286
3238,0,1.000000000,1.000000000
3239,0,0.805958493,2.000000000
3240,0,2.091425884,1.357798165
3241,0,1.886670413,2.000000000
3242,0,1.000000000,1.000000000
3243,0,1.750000000,1.000000000
3244,0,1.000000000,1.000000000
3245,0,-0.000000000,0.000000000
3246,0,1.000000000,1.000000000
3247,0,0.805958493,0.285714286
3248,0,1.000000000,1.000000000
3249,0,1.750000000,1.000000000
3250,0,1.921887137,1.270833333
3251,0,-0.000000000,0.000000000
3252,0,1.000000000,1.000000000
3253,0,1.750000000,1.000000000
3254,0,1.288492994,1.054621849
3255,0,1.919058450,2.004073117
3256,0,1.930779245,1.613114754
3257,0,2.804049392,2.157044752
3258,0,2.462933006,2.175604904
3259,0,1.848852709,1.077465042
3260,0,2.016401260,1.324761144
3261,0,2.255144888,1.292239958
3262,0,2.490801828,1.821272973
3263,0,2.169856153,1.420920996
3264,0,1.000000000,1.000000000
3265,0,1.500000000,2.000000000
3266,0,2.414332410,3.000000000
3267,0,2.829773615,4.000000000
3268,0,2.489493016,3.000000000
3269,0,2.252364800,2.504795968
3270,0,2.481392166,3.066124596
3271,0,2.679929403,2.643989816
3272,0,2.859186070,3.434721325
3273,0,2.964339358,4.302121257
3274,0,3.038458239,3.594604466
3275,0,3.487998120,4.279771505
3276,0,3.251941910,5.015402248
3277,0,3.460444313,5.987809941
3278,0,3.171881976,5.028320124
3279,0,3.083348253,4.447236742
3280,0,3.651410763,4.156358573
3281,0,2.807394333,4.981769580
3282,0,2.943159047,5.404974714
3283,0,3.696836702,4.998275944
3284,0,3.810419338,6.158766999
3285,0,3.531490625,6.220650735
3286,0,3.377078215,5.931165780
3287,0,3.369382349,5.833824417
3288,0,3.217735354,6.139528362
3289,0,3.141964285,6.430661596
3290,0,3.559368641,7.692254785
3291,0,3.251864509,8.346095007
3292,0,2.966407292,8.658462851
3293,0,3.118264016,7.225323527
3294,0,3.177254823,6.840280030
3295,0,3.136534430,7.180071829
3296,0,3.628345963,8.023818863
3297,0,3.350441963,6.964956239
3298,0,3.105945854,8.164189250
3299,0,2.933045864,7.813401327
3300,0,2.854313139,8.267293005
3301,0,3.102326702,6.994701257
3302,0,3.535042380,6.387573775
3303,0,3.614741392,5.782701259
3304,0,3.173489461,5.813616912
3305,0,2.821694180,4.664913757
3306,0,3.636295478,5.916020743
3307,0,3.511699858,5.027244976
3308,0,3.180584917,4.248859682
3309,0,2.529690257,4.422390429
3310,0,3.142444099,3.764681783
3311,0,2.933609475,3.144375033
3312,0,2.556891922,3.224537068
3313,0,2.211705287,2.244429779
3314,0,1.644418223,1.233083758
3315,0,1.813572015,1.076039821
3316,0,1.312617924,1.074500358
3317,0,1.923078807,1.739778767
3318,0,2.267210939,1.468518201
3319,0,2.898066218,2.533537987
3320,0,2.580548373,3.022008416
3321,0,2.184212219,2.092432166
3322,0,1.687609564,2.994586157
3323,0,2.033011995,2.085430087
3324,0,2.499063409,3.001685964
3325,0,2.857085741,2.714329185
3326,0,3.045067331,2.155304291
3327,0,1.584664604,1.352312949
3328,0,1.637755189,1.161452424
3329,0,1.813153215,1.998947789
3330,0,1.312271453,1.060427987
3331,0,0.836366456,0.300239324
3332,0,1.097322491,1.014395905
3333,0,1.755921623,1.006825286
3334,0,1.000000000,0.999996706
3335,0,1.750000000,1.000000000
3336,0,1.921887137,1.270832716
3337,0,1.856128720,1.139622642
3338,0,1.000000000,1.000000196
3339,0,1.877387064,2.000000168
3340,0,1.493369980,1.110169556
3341,0,1.794738373,2.000000040
3342,0,1.957473208,1.914355241
3343,0,2.183916006,2.398039762
3344,0,3.090658230,3.232598300
3345,0,1.584674868,2.000000055
3346,0,1.637727292,1.971357505
3347,0,2.238231950,2.477876653
3348,0,2.474764871,3.063503495
3349,0,2.903417469,4.005269382
3350,0,2.601777493,3.383853680
3351,0,2.784379150,4.050729753
3352,0,3.219501875,3.371517765
3353,0,1.572014844,2.000000032
3354,0,2.435824001,1.636967190
3355,0,1.960539266,1.333513682
3356,0,2.130114106,1.384358205
3357,0,-0.000000000,0.000000000
3358,0,1.000000000,1.000000000
3359,0,1.750000000,2.000000000
3360,0,1.921887137,1.270833333
3361,0,2.021556659,1.191754554
3362,0,1.533959579,1.123720288
3363,0,0.869301167,0.316298760
3364,0,1.102218367,1.015281918
3365,0,1.756281041,1.498188081
3366,0,1.290717844,1.055184649
3367,0,-0.000000000,0.000000000
3368,0,1.000000000,1.000000000
3369,0,0.805958493,0.285714286
3370,0,1.092885007,1.013569937
3371,0,1.800385191,2.040741968
3372,0,1.611050878,1.148352051
3373,0,1.970501437,1.170925192
3374,0,2.474035117,2.025713539
3375,0,1.952436101,2.000000000
3376,0,2.490656908,1.763186248
3377,0,2.722158816,2.322639059
3378,0,2.585630216,3.024322137
3379,0,2.809112142,2.388796566
3380,0,2.600997458,1.886291276
3381,0,2.824392904,1.797507318
3382,0,1.000000000,1.000000000
3383,0,1.500000000,2.000000000
3384,0,1.582662942,1.138297872
3385,0,0.878510130,0.320932815
3386,0,1.000000000,1.000000000
3387,0,1.750000000,2.000000000
3388,0,1.921887137,1.916666667
3389,0,2.178470241,2.391304348
3390,0,3.087300371,2.173913043
3391,0,1.584755238,1.349282297
3392,0,2.418046683,1.614433812
3393,0,2.127528025,2.046283597
3394,0,1.000000000,1.000000000
3395,0,1.877387064,1.142857143
3396,0,1.493369980,1.110169492
3397,0,1.794738373,1.054014599
3398,0,1.957473208,1.288199513
3399,0,1.862120204,1.462658130
3400,0,2.016790743,1.910443022
3401,0,2.039958779,2.023348893
3402,0,1.000000000,1.000000000
3403,0,1.500000000,1.000000000
3404,0,2.347073298,1.833333333
3405,0,2.894789119,1.861751152
3406,0,2.575852731,1.855985416
3407,0,2.836496311,1.800671177
3408,0,2.872968621,2.076028103
3409,0,2.930556408,1.955079698
3410,0,1.000000000,1.000000000
3411,0,1.500000000,1.000000000
3412,0,1.582662942,1.138297872
3413,0,1.805861359,1.068391867
3414,0,2.511918670,1.828803953
3415,0,2.139111391,1.286850118
3416,0,2.390639566,1.583614869
3417,0,1.179295717,0.486892722
3418,0,1.577824362,1.138837214
3419,0,0.876606515,0.319858171
3420,0,1.103331894,1.015491999
3421,0,0.813563541,0.289318881
3422,0,1.000000000,1.000000000
3423,0,1.750000000,2.000000000
3424,0,1.288492994,1.983193277
3425,0,1.919058450,2.004073117
3426,0,2.265975197,3.000000000
3427,0,2.897746777,2.456761134
3428,0,2.554119054,3.000000000
3429,0,2.891542380,4.000000000
3430,0,2.475806112,5.000000000
3431,0,3.360165761,4.250270420
3432,0,3.127301679,3.511550566
3433,0,2.860672568,4.000000000
3434,0,2.600625690,3.073850653
3435,0,3.320133580,4.200990603
3436,0,1.998055477,3.000000000
3437,0,2.850017791,4.000000000
3438,0,3.115652342,5.000000000
3439,0,3.126448028,4.124631592
3440,0,3.238771802,3.765461381
3441,0,2.903612443,2.849789658
3442,0,3.218438906,3.390213842
3443,0,2.453140139,2.245690403
3444,0,1.786876146,1.982171589
3445,0,2.116736416,1.232515434
3446,0,2.426654151,1.854096371
3447,0,1.959619547,1.424414012
3448,0,1.398423889,1.084385246
3449,0,-0.000000000,0.000000000
3450,0,1.000000000,1.000000000
3451,0,1.750000000,1.000000000
3452,0,1.288492994,1.054621849
3453,0,1.919058450,2.004073117
3454,0,1.501655886,1.112890385
3455,0,-0.000000000,0.000000000
3456,0,1.000000000,1.000000000
3457,0,1.500000000,1.000000000
3458,0,2.347073298,1.541666667
3459,0,1.941861348,1.305785124
3460,0,1.000000000,1.000000000
3461,0,1.750000000,1.000000000
3462,0,1.000000000,1.000000000
3463,0,-0.000000000,0.000000000
3464,0,1.000000000,1.000000000
3465,0,0.805958493,2.000000000
3466,0,1.092885007,1.013569937
3467,0,1.890144001,1.720041681
3468,0,1.000000000,1.000000000
3469,0,1.750000000,1.500000000
3470,0,1.288492994,1.054621849
3471,0,0.833473094,0.298860104
3472,0,1.392203952,1.081329879
3473,0,2.419135260,1.322488360
3474,0,1.735355503,1.195755513
3475,0,1.826718239,1.094617408
3476,0,1.984430462,1.301930635
3477,0,1.866749779,1.155315455
3478,0,2.021178595,1.321093208
3479,0,0.988247419,0.377558020
3480,0,1.473438189,1.105128714
3481,0,1.792360661,1.050542475
3482,0,1.304139761,1.058618220
3483,0,1.773944582,1.492926557
3484,0,1.940634007,1.279904806
3485,0,0.963429355,0.364463733
3486,0,1.116659069,1.017996905
3487,0,1.893721929,1.146391447
3488,0,1.000000000,1.000000000
3489,0,-0.000000000,0.000000000
3490,0,1.000000000,1.000000000
3491,0,1.750000000,1.000000000
3492,0,1.921887137,1.270833333
3493,0,1.856128720,1.464150943
3494,0,1.331628619,1.065792923
3495,0,-0.000000000,0.000000000
3496,0,1.000000000,1.000000000
3497,0,0.805958493,0.285714286
3498,0,1.378009505,1.077380952
3499,0,-0.000000000,0.000000000
3500,0,1.000000000,1.000000000
3501,0,0.805958493,0.285714286
3502,0,1.092885007,1.013569937
3503,0,0.812663693,0.288894460
3504,0,2.097325756,1.361240808
3505,0,1.887791482,2.000000000
3506,0,1.902782403,3.000000000
3507,0,2.091895166,2.086649266
3508,0,1.000000000,1.000000000
3509,0,1.877387064,2.000000000
3510,0,2.457265914,3.000000000
3511,0,2.837639341,2.442934783
3512,0,3.129795434,2.295736041
3513,0,3.276165221,2.315258183
3514,0,2.696370956,2.481536684
3515,0,2.929660709,2.632920736
3516,0,2.530242255,3.000000000
3517,0,2.649390583,2.315502200
3518,0,2.530058255,1.775873038
3519,0,2.160894444,2.059304740
3520,0,2.388246239,3.000000000
3521,0,2.924997344,4.000000000
3522,0,2.553662166,3.000000000
3523,0,2.738403938,2.346869384
3524,0,2.545412949,1.811549411
3525,0,1.365593449,0.608867841
3526,0,1.686824636,1.178319150
3527,0,1.819807164,1.084850324
3528,0,1.000000000,1.000000000
3529,0,0.805958493,0.285714286
3530,0,1.092885007,1.013569937
3531,0,1.573581555,1.014118457
3532,0,2.424766207,1.679376212
3533,0,1.932755440,1.314668353
3534,0,1.000000000,1.000000000
3535,0,1.750000000,1.000000000
3536,0,1.288492994,1.054621849
3537,0,0.833473094,0.298860104
3538,0,1.000000000,1.000000000
3539,0,1.750000000,1.500000000
3540,0,1.614779337,1.774914089
3541,0,2.134969049,1.937307331
3542,0,2.147406863,2.322205257
3543,0,1.640547146,0.900155858
3544,0,1.752178136,1.290722575
3545,0,1.675606153,0.875620262
3546,0,2.109402006,2.021466000
3547,0,1.985052215,3.197658636
3548,0,2.310295487,2.057055215
3549,0,2.051073241,1.543116657
3550,0,2.414552055,1.445416805
3551,0,2.627128457,1.702592445
3552,0,2.739383082,1.772849205
3553,0,2.700984598,2.362286025
3554,0,3.025671622,2.564338817
3555,0,3.110770989,3.358334400
3556,0,2.991327714,2.524077791
3557,0,2.745862541,3.943639528
3558,0,1.751822850,1.435019295
3559,0,1.935659651,1.122191164
3560,0,2.256544721,1.849025067
3561,0,1.841343954,2.013873566
3562,0,1.929442673,1.791184566
3563,0,2.466262732,1.412790561
3564,0,2.448479749,1.470126879
3565,0,2.835856606,2.207691721
3566,0,2.299169110,1.266585966
3567,0,1.713943483,1.349513206
3568,0,2.379477356,2.591509704
3569,0,2.981477196,3.778178068
3570,0,3.639988714,5.227729726
3571,0,3.346830395,6.452425865
3572,0,3.575226267,6.404859715
3573,0,2.740024620,3.998143231
3574,0,2.773879473,3.590517709
3575,0,1.472119592,1.319515263
3576,0,2.353006050,1.484445711
3577,0,2.913556364,2.210231371
3578,0,3.190461631,2.968761903
3579,0,2.416817524,2.208728544
3580,0,2.179821168,1.759543652
3581,0,2.700186665,2.906477023
3582,0,2.706106381,3.687431978
3583,0,2.321570970,5.253641087
3584,0,3.129094886,4.234839886
3585,0,3.065688379,4.366579782
3586,0,3.016367768,4.249810515
3587,0,3.276584038,4.728847927
3588,0,3.237442595,5.437382897
3589,0,3.195142448,4.152908246
3590,0,3.303198931,3.284101238
3591,0,3.388368986,4.152334012
3592,0,3.290757854,4.782590237
3593,0,2.841211040,4.457467163
3594,0,3.461463214,4.275336463
3595,0,2.783758040,5.433694978
3596,0,1.464548192,0.851116719
3597,0,0.988059026,1.128483398
3598,0,1.309804635,2.573003512
3599,0,1.273983123,3.032639530
3600,0,1.864644065,2.179804038
3601,0,1.885277026,1.607086460
3602,0,1.583445999,0.936536653
3603,0,1.382419940,0.689302953
3604,0,1.666201677,1.754556293
3605,0,1.443854310,0.822329860
3606,0,0.927786650,0.507334464
3607,0,1.227288779,0.530621083
3608,0,1.620555234,1.154455679
3609,0,1.783805459,1.054198391
3610,0,1.797038766,1.572228198
3611,0,1.703996319,2.796121518
3612,0,1.856397167,1.790964187
3613,0,1.894323533,1.465410877
3614,0,1.593020239,0.947801033
3615,0,1.882534420,2.000253539
3616,0,1.652324554,1.091259197
3617,0,1.773067496,1.073578770
3618,0,1.821909986,1.133129403
3619,0,1.598345383,1.175590599
3620,0,1.766006216,1.453730482
3621,0,1.866162079,1.688367938
3622,0,0.814579742,0.495398400
3623,0,1.000753452,0.889840031
3624,0,0.929122426,1.335237073
3625,0,1.831785376,1.537321729
3626,0,1.627684769,1.070138647
3627,0,1.442110925,0.756473604
3628,0,1.340377255,0.618665557
3629,0,0.607140312,0.277909011
3630,0,1.815303887,1.047857071
3631,0,-0.000000000,0.000000000
3632,0,1.000000000,1.000000000
3633,0,1.750000000,1.500000000
3634,0,2.502901402,1.795918367
3635,0,1.982546495,1.493333333
3636,0,1.444677686,1.097724399
3637,0,-0.000000000,0.000000000
3638,0,1.000000000,1.000000000
3639,0,0.805958493,0.285714286
3640,0,1.092885007,1.013569937
3641,0,1.573581555,2.007059229
3642,0,1.588407424,1.140290386
3643,0,1.966332107,2.010267560
3644,0,2.199891783,3.055739771
3645,0,2.812279181,2.381470852
3646,0,2.554975546,2.974904337
3647,0,2.664259416,2.280700339
3648,0,2.531876888,1.803231473
3649,0,1.872383635,1.961856382
3650,0,1.567080802,1.122220438
3651,0,1.803841913,1.990455481
3652,0,1.964908608,1.288488262
3653,0,0.970445019,1.827992403
3654,0,2.222685189,1.874915919
3655,0,2.077132498,1.225510582
3656,0,2.337146938,1.530828561
3657,0,1.938183898,1.290301024
3658,0,0.999999672,1.000674635
3659,0,1.877386924,1.142857143
3660,0,2.457265797,1.691996322
3661,0,1.956057756,1.327272727
3662,0,0.999999982,1.000158643
3663,0,1.499999991,1.000000000
3664,0,1.582662939,1.138232052
3665,0,1.965257856,1.168242907
3666,0,1.515020390,1.117225421
3667,0,1.797346662,1.999904402
3668,0,0.999999999,0.999969304
3669,0,1.500000000,1.999969304
3670,0,2.347073298,1.541655156
3671,0,1.941861348,1.999987823
3672,0,1.911553273,1.653454405
3673,0,2.095188850,2.087957663
3674,0,1.689159470,1.180479563
3675,0,1.988539667,1.183886552
3676,0,2.291616367,1.861675137
3677,0,2.904363915,1.886357894
3678,0,2.541403416,1.854965508
3679,0,2.884004450,1.972781821
3680,0,2.484990792,1.929419192
3681,0,2.773597609,2.454544591
3682,0,1.954253697,1.335705620
3683,0,2.046106121,1.216727932
3684,0,2.058278290,1.648281063
3685,0,2.819172204,1.734622465
3686,0,2.792366377,1.986684481
3687,0,2.530962927,1.654781447
3688,0,1.750576299,2.046030898
3689,0,2.730292443,1.970703433
3690,0,2.688588612,2.039480952
3691,0,2.111257425,1.747448037
3692,0,2.660125540,1.857321168
3693,0,2.805237504,1.796339383
3694,0,2.617951478,1.849992576
3695,0,2.877524310,1.834765673
3696,0,2.276601425,1.530819602
3697,0,2.591220407,1.680877835
3698,0,2.482180415,1.847710996
3699,0,2.921130459,2.091266696
3700,0,0.998539997,1.044981224
3701,0,1.499269999,1.000000000
3702,0,1.880665236,1.626988735
3703,0,2.083709216,1.351020408
3704,0,2.487089689,1.788132073
3705,0,2.763597926,2.370501588
3706,0,2.635190190,1.903672065
3707,0,1.989754377,1.416077547
3708,0,1.442468745,1.977291905
3709,0,1.847651013,1.099805878
3710,0,0.999997146,0.998010736
3711,0,1.749999286,1.000000000
3712,0,0.999999929,0.999685906
3713,0,1.749999982,1.500000000
3714,0,1.288492991,1.054673318
3715,0,1.919058449,1.152990264
3716,0,2.266309891,1.857512192
3717,0,2.404586300,1.957333884
3718,0,2.467689686,1.862840885
3719,0,2.342253344,1.792363894
3720,0,2.560186169,2.106215257
3721,0,2.604651642,2.704667090
3722,0,2.918474960,3.143272303
3723,0,2.381729233,2.739403864
3724,0,2.537279114,2.383745349
3725,0,2.420081353,2.834932596
3726,0,2.595316327,2.029484728
3727,0,2.079211323,1.523831086
3728,0,1.526590602,1.294647850
3729,0,1.866340516,2.113358198
3730,0,2.619046762,3.183302393
3731,0,3.027757201,4.273018683
3732,0,2.977315543,3.560740323
3733,0,2.374998073,2.897871460
3734,0,1.574566167,3.123262675
3735,0,2.422519436,2.479337305
3736,0,2.918135534,2.955337232
3737,0,2.118625393,1.954642812
3738,0,2.562024504,2.318092591
3739,0,2.699963375,3.521010316
3740,0,1.894186726,1.443504064
3741,0,2.305846850,1.392902142
3742,0,2.254647983,1.861577954
3743,0,2.667979270,1.690058329
3744,0,2.205928125,1.903323539
3745,0,2.471189195,1.575116089
3746,0,1.205730139,1.969813661
3747,0,0.999948352,0.991538399
3748,0,1.877364929,1.142857143
3749,0,2.255021114,1.467005514
3750,0,-0.000000000,0.000000000
3751,0,1.000000000,1.000000000
3752,0,1.500000000,1.000000000
3753,0,2.414332410,2.054054054
3754,0,1.933134571,1.725490196
3755,0,1.522954623,1.122081520
3756,0,1.958658473,2.009425898
3757,0,2.293122493,1.861011763
3758,0,2.922054518,1.907322867
3759,0,2.154567380,1.407932984
3760,0,-0.000000000,0.000000000
3761,0,1.000000000,1.000000000
3762,0,1.750000000,1.500000000
3763,0,2.389551185,1.582022472
3764,0,2.514152794,1.884432499
3765,0,2.784682338,2.959469595
3766,0,2.722987828,1.753358794
3767,0,2.550348623,2.431235023
3768,0,2.823523668,1.822281796
3769,0,3.086335726,2.544124882
3770,0,3.131120638,2.296700534
3771,0,2.729796807,2.520341300
3772,0,1.535329763,1.352219900
3773,0,1.608794816,0.979332272
3774,0,2.054386715,1.850965190
3775,0,1.845951166,1.322729555
3776,0,2.228374728,1.372692185
3777,0,1.831061223,1.435145149
3778,0,1.491753364,0.895604679
3779,0,1.503840955,1.429824775
3780,0,2.150079922,1.477817791
3781,0,1.432194569,1.668519830
3782,0,2.432407313,1.736821054
3783,0,2.644584082,1.875101022
3784,0,2.565996349,1.484236542
3785,0,2.940910111,2.053231397
3786,0,2.596291347,1.685986538
3787,0,2.816351100,2.054103833
3788,0,2.616927957,2.201284034
3789,0,2.890552174,2.775318159
3790,0,2.611439207,2.061872857
3791,0,2.512000892,1.984207789
3792,0,2.202762213,1.739755964
3793,0,2.677335932,1.635621077
3794,0,2.347281710,1.844502004
3795,0,2.405356842,2.647786709
3796,0,2.227384894,3.582700270
3797,0,1.812649911,2.581971012
3798,0,2.458057051,3.215296154
3799,0,2.405087480,2.605623815
3800,0,2.288701397,2.060714496
3801,0,2.802440424,2.258912056
3802,0,3.315266783,3.039769385
3803,0,3.085234237,2.742500577
3804,0,2.617078908,2.574076947
3805,0,3.161730561,2.111257877
3806,0,2.149187718,2.237325523
3807,0,2.838646541,2.442735867
3808,0,3.273651817,2.936860885
3809,0,3.194252963,3.112910933
3810,0,3.121129463,2.824327757
3811,0,2.353067190,2.916566518
3812,0,3.177440701,2.924337141
3813,0,2.973302633,3.150064970
3814,0,3.034467938,4.253762814
3815,0,2.542972002,3.238180404
3816,0,3.299618775,3.913668553
3817,0,2.945364614,3.011404252
3818,0,2.723384206,3.025328596
3819,0,2.848310570,3.459783778
3820,0,2.905813497,2.532199561
3821,0,2.697367773,2.210738695
3822,0,2.971581179,2.426979390
3823,0,0.931839918,0.695053724
3824,0,1.732959980,1.847526862
3825,0,1.914500750,1.878548382
3826,0,2.170276381,1.235632184
3827,0,1.103720699,1.008387687
3828,0,0.239433189,0.162631362
3829,0,1.153995658,1.057703003
3830,0,1.404574319,1.513229530
3831,0,1.840646818,2.420566629
3832,0,0.187833493,0.057401402
3833,0,1.529315704,1.192058345
3834,0,1.399240253,0.798632667
3835,0,1.770137327,1.054014599
3836,0,1.946571169,1.359410429
3837,0,2.023231950,2.131688052
3838,0,2.031783502,3.174504120
3839,0,2.305357345,2.586931916
3840,0,2.347916801,1.923630395
3841,0,2.882385499,2.066936392
3842,0,2.430464241,1.918062842
3843,0,2.802430077,2.397801170
3844,0,2.734107169,2.131608576
3845,0,2.485852854,2.995738585
3846,0,1.347045577,1.000000000
3847,0,0.947267575,0.731285356
3848,0,0.802191891,0.285714286
3849,0,1.246203731,1.045019002
3850,0,1.047580661,0.712808161
3851,0,1.561429842,1.050249650
3852,0,1.663175160,1.063589264
3853,0,1.581433321,0.918068848
3854,0,2.034242673,1.109004765
3855,0,1.884025220,1.934170937
3856,0,1.481767076,0.885295550
3857,0,1.539696809,1.085643875
3858,0,1.862948403,1.210058190
3859,0,2.399940645,1.709109797
3860,0,2.189639086,1.393053844
3861,0,2.518820493,1.529053485
3862,0,2.659332877,1.904448507
3863,0,2.697519952,2.660912100
3864,0,2.781041150,1.948000569
3865,0,2.533466417,2.088484922
3866,0,2.414239974,1.681068171
3867,0,2.084080216,1.525647533
3868,0,1.578555977,0.934760820
3869,0,-0.000000000,0.000000000
3870,0,1.000000000,1.000000000
3871,0,1.750000000,1.000000000
3872,0,1.921887137,1.270833333
3873,0,2.836746531,1.695501730
3874,0,2.701543218,1.951074380
3875,0,2.917505374,2.042086733
3876,0,3.083549725,2.552599766
3877,0,3.163451708,2.966799593
3878,0,3.040648393,2.829715931
3879,0,2.802435038,2.746013971
3880,0,2.692271667,2.847942878
3881,0,3.132521184,3.551969276
3882,0,2.768538509,4.396224966
3883,0,3.066272199,5.104891947
3884,0,2.917515869,6.194609378
3885,0,2.875213153,4.877253739
3886,0,2.956465849,6.378589057
3887,0,2.910611418,7.349811557
3888,0,1.797923806,3.460140454
3889,0,2.370971734,3.229578834
3890,0,2.982366354,4.084159468
3891,0,2.247848124,4.128443557
3892,0,2.625842967,4.992382873
3893,0,2.615163909,4.637259825
3894,0,2.530915932,4.435622188
3895,0,2.735462717,4.778277769
3896,0,3.185844081,4.341229143
3897,0,2.192964771,3.767486858
3898,0,2.952380881,4.714340574
3899,0,2.774248169,3.853386856
3900,0,3.006928897,4.857139256
3901,0,2.956531058,3.898678793
3902,0,3.073413449,4.905419630
3903,0,2.187075831,5.520030868
3904,0,3.108328386,4.825467080
3905,0,2.155368827,4.127967020
3906,0,2.910858954,3.871962186
3907,0,3.059477417,4.355245849
3908,0,1.893470856,3.087279456
3909,0,1.508385905,2.058105586
3910,0,2.459183753,1.693506138
3911,0,2.573035241,1.535304285
3912,0,2.537858103,1.826476819
3913,0,2.880763875,2.519699813
3914,0,2.475523460,1.973522275
3915,0,2.185620543,1.489733005
3916,0,1.707390645,1.171649937
3917,0,0.899695457,1.996189199
3918,0,1.427236462,2.997141900
3919,0,2.470433743,2.478695996
3920,0,2.128708888,3.565789308
3921,0,2.651340885,4.192216793
3922,0,2.472222360,3.244767230
3923,0,2.644554331,4.199503306
3924,0,3.050065978,3.670046720
3925,0,2.986460488,4.306432121
3926,0,3.114369013,3.656666158
3927,0,1.562170081,2.042511868
3928,0,1.659250168,1.192427446
3929,0,1.816166739,1.487633213
3930,0,1.975198163,1.301741655
3931,0,0.973406374,0.369675597
3932,0,1.465506931,1.103214768
3933,0,1.947418054,2.008535217
3934,0,2.139166987,1.668417195
3935,0,1.579400959,1.999738961
3936,0,0.999999990,0.999883987
3937,0,-0.000000000,0.000000000
3938,0,1.000000000,1.000000000
3939,0,1.500000000,2.000000000
3940,0,1.582662942,1.138297872
3941,0,1.965257858,2.010204082
3942,0,2.282903654,1.858869457
3943,0,2.417057358,2.188680944
3944,0,1.751952435,1.204469192
3945,0,1.829134701,2.002097343
3946,0,1.319089863,1.063245791
3947,0,1.750308609,2.032617750
3948,0,1.608513555,1.148036352
3949,0,1.963374565,1.140599597
3950,0,2.464378514,1.703590807
3951,0,2.148184025,1.338431084
3952,0,0.999991924,1.003345958
3953,0,1.499995962,2.003345958
3954,0,1.881287438,1.602007575
3955,0,2.699411915,1.692137191
3956,0,2.730398501,2.139392452
3957,0,2.688293155,1.769380293
3958,0,3.066432463,2.371170573
3959,0,2.928261705,1.833737624
3960,0,3.154924380,2.441493395
3961,0,2.316036921,1.621133998
3962,0,2.239548233,1.246362133
3963,0,2.424643527,1.432583956
3964,0,1.856735041,0.895839289
3965,0,1.962445263,1.277826988
3966,0,0.987273863,0.867371812
3967,0,1.746818466,1.933685906
3968,0,1.243959268,1.124588643
3969,0,1.972998737,1.131548633
3970,0,1.638924695,1.178234616
3971,0,1.634078104,1.492651896
3972,0,1.310354106,0.565683565
3973,0,1.845446653,1.762111112
3974,0,1.879894366,1.297185703
3975,0,2.254031295,1.137291073
3976,0,2.563079393,1.749794829
3977,0,2.307396370,2.051677395
3978,0,1.185504865,1.157897485
3979,0,1.749512688,1.000000000
3980,0,1.288411363,1.046105550
3981,0,1.943812372,1.162409799
3982,0,1.027836988,1.011796827
3983,0,0.816672152,0.290019419
3984,0,1.127535484,1.056880762
3985,0,1.874513083,1.114707432
3986,0,1.815512643,1.259357820
3987,0,2.077351209,1.076204090
3988,0,1.375660207,1.237379084
3989,0,2.184049345,2.029704655
3990,0,2.530355937,1.940055673
3991,0,2.246021823,1.642455250
3992,0,2.303012700,1.485275807
3993,0,2.345040306,2.220074596
3994,0,2.169051315,1.798475670
3995,0,2.315747424,1.683013795
3996,0,1.113983478,1.429771926
3997,0,2.113950070,2.096253795
3998,0,1.830811448,2.504498367
3999,0,2.064928121,1.572601446
4000,0,1.019472044,0.397917063
4001,0,1.126222273,1.038332757
4002,0,-0.000000000,0.000000000
4003,0,1.000000000,1.000000000
4004,0,1.877387064,1.142857143
4005,0,2.255032708,1.464285714
4006,0,2.396139566,1.359649123
4007,0,2.541898227,1.763094455
4008,0,2.167429139,1.372456080
4009,0,1.673131788,1.176102347
4010,0,1.986876264,2.014116245
4011,0,2.296053949,1.863858461
4012,0,2.215087525,1.825485050
4013,0,2.456909442,3.306642337
4014,0,2.677617293,3.076568814
4015,0,2.578661532,2.096219618
4016,0,1.552679242,1.410848402
4017,0,1.902684107,1.517566478
4018,0,1.529213705,1.352368287
4019,0,1.605267660,1.357825963
4020,0,1.964827934,1.181033071
4021,0,0.995664869,0.922516157
4022,0,1.875529151,1.933585278
4023,0,1.879433442,2.907019389
4024,0,2.275931394,2.065157037
4025,0,2.673984681,1.796476341
4026,0,2.474376286,2.062660429
4027,0,2.824267466,2.295217660
4028,0,2.225391059,1.451312508
4029,0,2.949995623,2.174434648
4030,0,2.857836534,2.207976320
4031,0,2.949748838,1.820632912
4032,0,3.038095457,2.323631743
4033,0,1.364107749,1.449219625
4034,0,2.367155136,1.593326550
4035,0,2.390211518,2.075666560
4036,0,3.097825915,2.370248967
4037,0,2.597320066,1.902261197
4038,0,2.227649860,1.427712924
4039,0,0.999997205,1.001968375
4040,0,0.805958293,0.285714286
4041,0,0.999999996,0.999925252
4042,0,-0.000000000,0.000000000
4043,0,1.000000000,1.000000000
4044,0,1.750000000,2.000000000
4045,0,1.000000000,1.000000000
4046,0,0.805958493,0.285714286
4047,0,1.000000000,1.000000000
4048,0,0.805958493,0.285714286
4049,0,1.378009505,1.077380952
4050,0,1.793635683,2.038389513
4051,0,1.000000000,1.000000000
4052,0,-0.000000000,0.000000000
4053,0,1.000000000,1.000000000
4054,0,1.877387064,1.142857143
4055,0,1.493369980,1.110169492
4056,0,0.104419078,0.054794521
4057,0,1.111268393,1.054794521
4058,0,1.848070140,1.049657534
4059,0,1.506943456,1.376067428
4060,0,2.361094000,2.766783445
4061,0,2.837846034,2.342073631
4062,0,1.454192891,1.280603038
4063,0,1.968896655,2.250192185
4064,0,2.858086144,2.035273038
4065,0,2.788870516,1.968737661
4066,0,-0.000000000,0.000000000
4067,0,1.000000000,1.000000000
4068,0,1.877387064,1.714285714
4069,0,1.410869033,1.333333333
4070,0,2.010204150,2.578378378
4071,0,2.680829551,3.613421756
4072,0,2.225944947,2.391080132
4073,0,2.484673709,1.782141676
4074,0,1.955161661,1.341712357
4075,0,1.396951684,1.044398459
4076,0,-0.000000000,0.000000000
4077,0,1.000000000,1.000000000
4078,0,1.750000000,1.000000000
4079,0,1.967775325,1.295833333
4080,0,2.201543719,2.056871335
4081,0,2.443092546,2.954333328
4082,0,2.600502414,2.494166912
4083,0,2.772565175,3.245059155
4084,0,2.723727049,3.257600761
4085,0,2.922824321,2.679472242
4086,0,2.721625710,2.176677859
4087,0,2.428334128,1.781196202
4088,0,2.376693037,1.976042637
4089,0,2.361938539,1.533461039
4090,0,-0.000000000,0.000000000
4091,0,1.000000000,1.000000000
4092,0,0.805958493,0.285714286
4093,0,1.092885007,1.013569937
4094,0,1.890144001,2.001017218
4095,0,1.945973546,3.004366012
4096,0,1.578632178,2.000000000
4097,0,1.939191581,1.711716857
4098,0,2.106148547,1.405805044
4099,0,1.698821161,1.184699457
4100,0,1.819880044,1.083781115
4101,0,1.315059864,1.061397586
4102,0,-0.000000000,0.000000000
4103,0,1.000000000,1.000000000
4104,0,1.750000000,1.500000000
4105,0,1.967775325,1.929166667
4106,0,2.784832842,2.464926707
4107,0,2.619525448,1.837035902
4108,0,2.202710673,1.409185716
4109,0,2.485147120,1.895587700
4110,0,2.587832375,1.513141059
4111,0,2.582467704,1.830817122
4112,0,2.804770381,2.392704879
4113,0,1.955638407,1.304056714
4114,0,2.183216751,2.055457232
4115,0,2.479026946,2.971753002
4116,0,2.378037171,2.495599544
4117,0,2.660060899,3.492601324
4118,0,0.929104739,3.139059375
4119,0,1.719691564,2.760103963
4120,0,2.364403140,3.584253446
4121,0,2.995351671,2.998129940
4122,0,2.749640343,2.761520500
4123,0,2.881431895,2.032409238
4124,0,2.530742928,1.929936536
4125,0,2.972869520,2.187917700
4126,0,2.917679341,1.997409411
4127,0,3.079229935,2.363700710
4128,0,2.884632756,2.153314808
4129,0,2.308590846,1.326179539
4130,0,2.594955403,1.674455247
4131,0,1.818413788,1.073244780
4132,0,2.205913107,1.936363732
4133,0,2.665954042,2.360618760
4134,0,2.514274647,2.472393565
4135,0,1.805155285,1.175225236
4136,0,1.819809078,1.083974168
4137,0,1.315310153,1.080734150
4138,0,0.836747506,0.300430938
4139,0,1.097381607,1.013437906
4140,0,1.577240428,2.006262383
4141,0,1.588206192,1.139800676
4142,0,1.947762077,2.066115454
4143,0,2.266588675,1.710122796
4144,0,2.146238722,2.102942553
4145,0,2.566936534,1.813081847
4146,0,1.915701164,1.349323905
4147,0,1.942788051,1.717353887
4148,0,2.107653406,1.410050931
4149,0,2.555627762,1.828606917
4150,0,2.176289097,2.083364910
4151,0,2.437122710,1.633392818
4152,0,2.541679035,2.240783362
4153,0,2.643764927,3.091463240
4154,0,2.191186070,2.090989456
4155,0,2.478723577,1.661114903
4156,0,1.962107464,1.344694043
4157,0,2.133914712,1.384754112
4158,0,2.351901560,1.348293827
4159,0,1.167868361,1.101557382
4160,0,1.110015727,0.529930866
4161,0,1.347404674,1.049175438
4162,0,1.879212909,1.595954672
4163,0,1.794198207,1.225959325
4164,0,1.673185732,1.351283683
4165,0,1.599370543,1.151501143
4166,0,1.056226209,2.061453251
4167,0,0.886636920,1.391143278
4168,0,2.014205960,1.067413816
4169,0,1.562803323,1.463241764
4170,0,1.488419253,1.000000000
4171,0,1.494149762,1.152830088
4172,0,1.853094920,1.553752114
4173,0,2.325510197,1.312839923
4174,0,2.807844072,2.477656113
4175,0,3.026505792,3.524623468
4176,0,1.553147344,1.827561505
4177,0,2.718841798,2.789067632
4178,0,2.784182412,2.419897630
4179,0,3.174423468,3.031237216
4180,0,3.068565735,4.253645840
4181,0,2.728101994,4.967914375
4182,0,3.123356493,5.521682753
4183,0,2.802219163,4.062192329
4184,0,3.429486965,3.244535005
4185,0,3.041245859,4.241294678
4186,0,2.657375451,2.305058505
4187,0,2.352486827,1.547765499
4188,0,2.243164891,2.110012248
4189,0,2.289296761,2.628101415
4190,0,2.090785735,3.238100957
4191,0,2.845238385,3.173142505
4192,0,2.931898846,3.106089927
4193,0,1.521487013,3.029719151
4194,0,2.496233857,4.086235915
4195,0,0.991527669,1.719443039
4196,0,2.050959273,2.560749147
4197,0,2.102857032,3.150415523
4198,0,2.627164811,4.021990620
4199,0,2.958936211,4.832451386
4200,0,2.488341467,5.218781694
4201,0,2.758491073,4.228473576
4202,0,2.557214542,4.736557494
4203,0,1.970307924,4.946655757
4204,0,2.872938894,4.010957431
4205,0,2.774235462,3.551450796
4206,0,2.566761318,3.555875854
4207,0,2.469486645,3.906528183
4208,0,2.553755326,4.167345997
4209,0,2.664904488,5.066772677
4210,0,2.460614069,5.046961475
4211,0,2.705507623,5.577330925
4212,0,2.715411745,4.726211543
4213,0,1.205993569,4.357479421
4214,0,1.787048269,3.437642648
4215,0,2.517318189,3.420322533
4216,0,2.810873508,4.226345999
4217,0,2.123100760,4.084494056
4218,0,2.581850722,2.028972831
4219,0,2.651429497,1.734473895
4220,0,2.154410836,1.589853801
4221,0,1.661298499,0.973327745
4222,0,1.910847536,1.875696670
4223,0,0.998722261,0.957919127
4224,0,0.805867226,0.285714286
4225,0,1.977262745,1.330080569
4226,0,2.171030476,2.103257241
4227,0,1.589295592,2.609028079
4228,0,2.319776104,1.894910359
4229,0,1.361293369,1.237251899
4230,0,2.137549129,1.390441605
4231,0,1.826855834,1.451000127
4232,0,2.336710047,2.005053175
4233,0,1.814684275,1.682850816
4234,0,1.980248671,2.382994957
4235,0,2.707316345,2.066840162
4236,0,2.237069025,1.628908991
4237,0,2.416477752,2.186053768
4238,0,2.895880826,1.844444773
4239,0,2.676677699,2.285518403
4240,0,2.876597594,2.242895604
4241,0,2.437519417,2.241790821
4242,0,2.802865651,2.219343071
4243,0,2.736752072,2.132655388
4244,0,2.815993908,2.074171554
4245,0,2.155719315,1.597693028
4246,0,1.800865969,1.552897474
4247,0,2.839225521,1.875264510
4248,0,2.984092970,2.026222258
4249,0,2.798658567,2.406510583
4250,0,2.749376594,1.824850479
4251,0,2.803611521,1.962316888
4252,0,1.256629737,0.945435776
4253,0,1.457636464,0.709465810
4254,0,0.877997761,0.327196994
4255,0,1.104670520,0.991577894
4256,0,0.815333725,0.289831505
4257,0,1.383500502,1.080374341
4258,0,0.845924435,0.304890519
4259,0,0.999999991,1.000110858
4260,0,0.805958492,0.285714286
4261,0,1.171409629,1.049422821
4262,0,0.112464095,0.060068509
4263,0,1.014039038,1.002537789
4264,0,0.910364749,1.386303588
4265,0,1.764021391,1.846434331
4266,0,1.676416321,2.841470626
4267,0,1.738579808,1.421153292
4268,0,0.390226985,0.153279474
4269,0,1.616055772,1.274239549
4270,0,1.418787665,1.923048109
4271,0,2.454722370,1.939879760
4272,0,1.812881159,1.918822063
4273,0,2.136511624,2.380459063
4274,0,2.380148627,2.199969575
4275,0,2.544809515,2.923626109
4276,0,1.733207226,3.046197503
4277,0,2.240188988,4.002665697
4278,0,2.846478902,3.245841196
4279,0,2.509013399,2.778779771
4280,0,2.679550125,2.157676891
4281,0,2.757247404,1.950798570
4282,0,2.489981505,1.834922698
4283,0,2.047293413,1.684128849
4284,0,2.712001538,2.080688614
4285,0,2.605994259,1.782024589
4286,0,2.641773535,2.340616350
4287,0,2.323167956,1.762587981
4288,0,2.705545242,2.078554041
4289,0,2.136258979,1.270528573
4290,0,2.323247975,1.668374248
4291,0,2.052404556,2.129975161
4292,0,2.822130597,1.928126113
4293,0,2.262591489,1.635527861
4294,0,0.942056791,1.281504983
4295,0,1.735514198,1.000000000
4296,0,1.286087366,1.100750817
4297,0,0.833318486,0.298860104
4298,0,0.999996675,0.997853165
4299,0,-0.000000000,0.000000000
4300,0,1.000000000,1.000000000
4301,0,1.877387064,1.714285714
4302,0,1.493369980,1.110169492
4303,0,1.794738373,1.054014599
4304,0,1.000000000,1.000000000
4305,0,-0.000000000,0.000000000
4306,0,1.000000000,1.000000000
4307,0,1.877387064,1.142857143
4308,0,1.000000000,1.000000000
4309,0,1.877387064,1.142857143
4310,0,1.493369980,1.110169492
4311,0,1.950956795,2.008157581
4312,0,1.000000000,1.000000000
4313,0,1.500000000,1.000000000
4314,0,2.414332410,1.675675676
4315,0,1.933134571,1.313725490
4316,0,1.000000000,1.000000000
4317,0,1.877387064,2.000000000
4318,0,1.410869033,1.333333333
4319,0,1.811093974,1.638787879
4320,0,0.918507463,0.667090216
4321,0,1.791828860,1.086104634
4322,0,2.172685184,1.711078345
4323,0,2.262312800,1.762157519
4324,0,2.235333146,1.643463417
4325,0,2.258907567,1.918016538
4326,0,2.174449614,1.643387879
4327,0,2.523593192,1.349414644
4328,0,2.761432220,1.957201998
4329,0,2.404097125,1.899582550
4330,0,1.261549786,1.757077416
4331,0,1.644047620,1.083118240
4332,0,1.812983562,1.081161195
4333,0,0.999451042,1.027584792
4334,0,1.749862761,1.000000000
4335,0,1.288469999,1.059142046
4336,0,-0.000000000,0.000000000
4337,0,1.000000000,1.000000000
4338,0,-0.000000000,0.000000000
4339,0,1.000000000,1.000000000
4340,0,1.750000000,1.000000000
4341,0,1.268164657,1.075376884
4342,0,1.111019368,0.501076813
4343,0,1.380436937,1.169104222
4344,0,1.714024580,2.081250702
4345,0,2.527710892,1.960180281
4346,0,2.260367587,1.595446868
4347,0,1.705766315,1.754503979
4348,0,0.285897732,0.099765055
4349,0,1.583374735,1.158173782
4350,0,2.149514225,1.295446478
4351,0,2.169194128,1.381391104
4352,0,2.464528274,1.894184018
4353,0,2.013297442,1.752456847
4354,0,1.929413346,1.414537686
4355,0,2.390217621,1.739428454
4356,0,2.194336129,1.202908338
4357,0,2.512767513,1.467985804
4358,0,2.926751805,2.054633070
4359,0,2.974256497,2.305710626
4360,0,2.678454716,1.702124954
4361,0,2.443454153,1.827332196
4362,0,2.722901854,2.447826324
4363,0,2.316679592,2.577350562
4364,0,0.954847346,1.248875618
4365,0,1.425129576,1.128681501
4366,0,2.237745282,2.059622359
4367,0,2.006477150,1.384611081
4368,0,1.805284585,1.590954862
4369,0,1.655827601,0.806770727
4370,0,2.095156249,1.220131129
4371,0,1.798422266,1.454211364
4372,0,1.708045269,2.207996699
4373,0,2.625403311,3.248756863
4374,0,2.637778256,2.344042590
4375,0,2.692971660,3.416386642
4376,0,2.996393281,2.784058621
4377,0,2.814041872,1.733202370
4378,0,2.283816230,2.450590277
4379,0,2.370072596,2.578831176
4380,0,2.016658912,1.650882126
4381,0,2.070153898,1.210441639
4382,0,2.158743703,1.608284183
4383,0,1.668649008,2.585679455
4384,0,1.764203175,0.886275466
4385,0,2.272070815,1.606000852
4386,0,2.578502358,1.534148177
4387,0,2.383382099,1.677163553
4388,0,2.167602093,1.290504246
4389,0,2.904328901,1.875949574
4390,0,2.383268138,1.723477628
4391,0,1.884588385,2.051134656
4392,0,2.767843139,2.787596158
4393,0,2.529988675,2.043738315
4394,0,2.263081305,2.968662471
4395,0,2.490055254,2.262971021
4396,0,2.642691556,3.074756433
4397,0,2.051791641,2.252126041
4398,0,2.149995817,2.040682607
4399,0,2.472667019,1.807812844
4400,0,2.967854041,1.928452140
4401,0,2.933805694,1.982481094
4402,0,2.778627318,2.161066316
4403,0,2.368968777,1.773824527
4404,0,2.380582988,2.007939399
4405,0,2.097047530,2.575769178
4406,0,1.050762015,3.128627817
4407,0,2.008060497,3.971439748
4408,0,2.351881417,3.332107915
4409,0,3.064585254,2.632248101
4410,0,1.569658385,1.972208883
4411,0,-0.000000000,0.000000000
4412,0,1.000000000,1.000000000
4413,0,1.877387064,2.000000000
4414,0,1.493369980,1.110169492
4415,0,0.968176939,0.365796233
4416,0,1.485036842,1.111273771
4417,0,1.860108494,1.077894896
4418,0,1.360750759,1.094951222
4419,0,1.893316934,1.083600764
4420,0,1.654888961,1.150325025
4421,0,2.032538632,1.869141859
4422,0,2.275067637,1.724468851
4423,0,1.507269795,1.283526084
4424,0,1.788726053,1.927581782
4425,0,2.419642811,1.802305110
4426,0,2.834849441,1.724892931
4427,0,3.034240968,2.156177935
4428,0,2.855420212,2.565387384
4429,0,2.865004676,2.663335949
4430,0,2.899041261,2.725653207
4431,0,2.960492926,2.480983252
4432,0,2.767714586,2.523649132
4433,0,2.718543928,2.394654894
4434,0,2.419454680,1.793635849
4435,0,2.279810169,1.737522271
4436,0,1.943693438,1.464979993
4437,0,2.595883140,2.359452399
4438,0,2.556540497,2.298224913
4439,0,2.570012870,1.346486557
4440,0,2.568560562,1.967005152
4441,0,2.848608412,2.464261950
4442,0,2.519190546,1.585678775
4443,0,2.537656080,1.645825540
4444,0,2.080986243,1.414068997
4445,0,1.577727616,0.894824179
4446,0,1.791129248,1.071475460
4447,0,1.961640996,1.358677593
4448,0,2.203426306,1.255238736
4449,0,0.998423057,1.046747308
4450,0,-0.000000000,0.000000000
4451,0,1.000000000,1.000000000
4452,0,1.750000000,1.500000000
4453,0,1.288492994,1.054621849
4454,0,1.725868583,1.055107527
4455,0,1.603342699,1.145721257
4456,0,1.969213686,1.170397904
4457,0,2.481197335,2.027025981
4458,0,2.146956154,2.097690926
4459,0,1.701064748,1.185874496
4460,0,1.126285842,0.476434882
4461,0,1.578514237,1.357528641
4462,0,1.647398185,1.047967493
4463,0,2.395731339,1.683751238
4464,0,2.217320413,1.319687227
4465,0,1.698828545,1.517669628
4466,0,2.368331669,1.544374302
4467,0,1.709377994,1.481304936
4468,0,2.378095508,2.178505809
4469,0,1.928874023,1.664911500
4470,0,2.440965488,2.818553589
4471,0,2.813291819,2.784554964
4472,0,3.058037690,2.314416106
4473,0,2.783075253,2.690809534
4474,0,2.937508900,3.962427630
4475,0,2.256350501,3.013335395
4476,0,2.789185073,3.981722100
4477,0,2.744143518,5.345498506
4478,0,3.085060671,4.425308550
4479,0,3.003563851,3.562127055
4480,0,2.237002475,2.315691766
4481,0,2.773342136,3.021804770
4482,0,0.985864397,0.642212419
4483,0,1.539623474,1.593451859
4484,0,2.467485849,2.557128346
4485,0,2.627457606,1.998891305
4486,0,2.380913356,1.539432024
4487,0,2.057159080,1.471416143
4488,0,2.340609317,2.529039337
4489,0,1.182726270,1.906557341
4490,0,2.346195816,1.770941651
4491,0,2.099383336,1.252511116
4492,0,1.621218782,1.221187978
4493,0,2.079286245,2.144196916
4494,0,2.405605351,1.608792319
4495,0,0.663624867,0.629711005
4496,0,1.425238367,1.174831295
4497,0,1.499715595,1.069667602
4498,0,1.262916028,0.541006498
4499,0,1.814222694,1.179614027
4500,0,1.929960349,1.135150155
4501,0,1.699892520,0.787026629
4502,0,1.537632652,0.666643980
4503,0,2.078703367,1.687837939
4504,0,1.827086369,1.083792450
4505,0,2.230759637,1.645864974
4506,0,1.865338336,1.438747479
4507,0,2.073886456,1.528918870
4508,0,2.276208555,2.445025940
4509,0,1.720404944,1.310333262
4510,0,2.663228721,2.377067525
4511,0,2.736100515,1.915228743
4512,0,3.132203073,2.011772106
4513,0,2.945026709,2.127718140
4514,0,2.691620311,2.836850453
4515,0,2.996007656,2.344606236
4516,0,3.207987135,3.079008360
4517,0,3.105708172,2.702740047
4518,0,1.993416578,2.016013634
4519,0,2.207091014,1.441054797
4520,0,2.080539819,2.041848282
4521,0,2.532982478,2.083565872
4522,0,1.776661987,0.986193349
4523,0,0.999999943,1.000281744
4524,0,1.877387040,1.142857143
4525,0,0.999999994,0.999906085
4526,0,0.805958492,0.285714286
4527,0,1.000000000,0.999996434
4528,0,0.805958493,0.285714286
4529,0,1.000000000,0.999999865
4530,0,1.750000000,1.999999932
4531,0,1.288492994,1.054621827
4532,0,1.772395739,1.026334520
4533,0,1.296582642,1.056673482
4534,0,1.920389677,2.004237016
4535,0,2.266388251,1.857867739
4536,0,2.404694804,1.366313614
4537,0,1.000000000,0.999999999
4538,0,-0.000000000,0.000000000
4539,0,1.000000000,1.000000000
4540,0,0.805958493,0.285714286
4541,0,1.092885007,1.013569937
4542,0,1.755599515,1.006462882
4543,0,1.000000000,1.000000000
4544,0,1.750000000,1.500000000
4545,0,1.000000000,1.000000000
4546,0,1.877387064,1.142857143
4547,0,1.493369980,1.110169492
4548,0,1.891748832,2.058072917
4549,0,2.539198789,2.932168940
4550,0,2.576021609,3.771932942
4551,0,1.045260655,3.452660165
4552,0,2.008561364,1.378789945
4553,0,1.503419250,1.942241283
4554,0,1.780649758,1.288163054
4555,0,2.190750680,1.262867482
4556,0,2.223156264,1.500622276
4557,0,2.022976808,2.607792318
4558,0,2.269017140,2.846668466
4559,0,2.057974672,2.099897637
4560,0,1.608057235,1.333039486
4561,0,1.554375827,1.092172501
4562,0,1.378634263,1.346674834
4563,0,2.319606173,1.330313734
4564,0,1.037943089,0.641446294
4565,0,0.887731403,0.497266304
4566,0,1.374108834,0.594645852
4567,0,1.274021349,0.523132076
4568,0,2.367326902,1.524082545
4569,0,0.937071807,0.673093265
4570,0,1.754844215,1.016566221
4571,0,0.133634847,0.105900628
4572,0,0.955599497,0.629253315
4573,0,1.445150332,0.581835736
4574,0,0.917569175,0.364552162
4575,0,2.142269070,1.348221430
4576,0,1.527048729,0.775973389
4577,0,2.533356750,1.918314275
4578,0,2.001366058,1.228315467
4579,0,2.245575770,1.289625208
4580,0,2.539617827,1.882085908
4581,0,2.946028151,1.984510206
4582,0,2.602986722,1.961048164
4583,0,2.913564872,2.072951994
4584,0,2.457782161,2.063085275
4585,0,1.656237034,1.579767235
4586,0,1.610661182,1.540192280
4587,0,1.507039783,1.788303843
4588,0,1.478465065,2.206743402
4589,0,1.995433996,2.009125454
4590,0,1.770604180,3.020675774
4591,0,2.689397371,2.151632944
4592,0,1.768080077,1.574913988
4593,0,1.878719252,1.543773467
4594,0,1.822120872,1.509442658
4595,0,2.304546823,2.247052244
4596,0,2.406797646,2.229017714
4597,0,2.402205335,2.477035724
4598,0,3.074915168,3.153327134
4599,0,2.964244519,2.648602260
4600,0,3.152044839,3.363668792
4601,0,3.042416632,2.691985459
4602,0,2.556994127,3.085863265
4603,0,2.180312019,1.972029841
4604,0,0.718681205,0.780755940
4605,0,1.442150971,1.437685951
4606,0,2.088901831,1.296503503
4607,0,1.710021939,1.859601215
4608,0,1.586938869,1.046499336
4609,0,1.753686967,1.366155964
4610,0,1.278752121,1.523692617
4611,0,1.402532595,3.085957988
4612,0,2.370315270,1.808340521
4613,0,2.606054214,1.970780987
4614,0,2.499326549,2.535912539
4615,0,2.749971499,1.963148157
4616,0,2.476850218,1.735424581
4617,0,1.759594164,1.394870305
4618,0,2.167575226,2.243988317
4619,0,1.698800158,1.279246594
4620,0,1.090542651,2.164103232
4621,0,1.235510475,1.103363542
4622,0,0.959561518,0.371200225
4623,0,1.152725177,1.037680134
4624,0,0.950870646,0.358477866
4625,0,2.141416497,1.376634148
4626,0,2.189488920,1.291575091
4627,0,1.718533970,1.241981884
4628,0,1.934553845,1.125756120
4629,0,1.588705065,1.487016464
4630,0,2.201533163,2.810927675
4631,0,1.701006342,1.281123622
4632,0,2.793470102,2.347450696
4633,0,2.821062657,2.604063429
4634,0,3.069573535,2.197746245
4635,0,2.941467275,2.204816481
4636,0,2.676542402,2.569335515
4637,0,3.270722426,3.637165323
4638,0,2.938636408,4.920016237
4639,0,2.622079595,4.602270740
4640,0,2.163001338,3.949215897
4641,0,2.113362978,4.874006343
4642,0,2.375375047,3.791737185
4643,0,2.708054214,3.358878365
4644,0,2.309347132,2.811596735
4645,0,2.319198381,2.222260720
4646,0,2.395456470,4.646795325
4647,0,2.347022742,3.829871389
4648,0,0.624205405,1.027587406
4649,0,0.517251203,0.636008986
4650,0,0.847437250,0.784289932
4651,0,0.656639596,0.698445379
4652,0,0.977873471,1.686925891
4653,0,-0.000000000,0.000000000
4654,0,-0.000000000,0.000000000
4655,0,-0.000000000,0.000000000
4656,0,0.918295834,0.666666667
4657,0,0.143726170,0.040816327
4658,0,0.401728735,0.159744409
4659,0,0.177168324,0.053248136
4660,0,0.929774713,0.690544413
4661,0,0.148218287,0.042433313
4662,0,0.927501224,1.314339756
4663,0,-0.000000000,0.000000000
4664,0,-0.000000000,0.000000000
4665,0,0.391243564,0.153846154
4666,0,0.431804994,0.177215190
4667,0,0.620771505,0.308823529
4668,0,-0.000000000,0.000000000
4669,0,-0.000000000,0.000000000
4670,0,0.391243564,0.153846154
4671,0,0.172036949,0.051282051
4672,0,0.558629373,0.260869565
4673,0,1.522571328,1.048543689
4674,0,-0.000000000,0.000000000
4675,0,0.811278124,0.500000000
4676,0,0.855450811,0.560000000
4677,0,0.870864469,0.583333333
4678,0,0.872696504,0.586206897
4679,0,0.526678612,0.238137869
4680,0,0.963785459,0.776880050
4681,0,0.164360745,0.048380230
4682,0,0.928755079,0.688343782
4683,0,-0.000000000,0.000000000
4684,0,0.918295834,0.666666667
4685,0,0.143726170,0.040816327
4686,0,0.927158740,0.684931507
4687,0,-0.000000000,0.000000000
4688,0,0.918295834,0.666666667
4689,0,0.143726170,0.040816327
4690,0,0.927158740,0.684931507
4691,0,0.512323607,0.228310502
4692,0,-0.000000000,0.000000000
4693,0,-0.000000000,0.000000000
4694,0,0.811278124,1.500000000
4695,0,0.297472249,0.105263158
4696,0,0.830008191,0.471337580
4697,0,0.307226578,0.109979633
4698,0,-0.000000000,0.000000000
4699,0,-0.000000000,0.000000000
4700,0,0.391243564,0.153846154
4701,0,0.172036949,0.051282051
4702,0,0.404448386,0.161290323
4703,0,-0.000000000,0.000000000
4704,0,-0.000000000,0.000000000
4705,0,-0.000000000,0.000000000
4706,0,0.391243564,0.153846154
4707,0,-0.000000000,0.000000000
4708,0,-0.000000000,0.000000000
4709,0,-0.000000000,0.000000000
4710,0,0.918295834,0.666666667
4711,0,0.503258335,0.222222222
4712,0,0.450791388,0.188679245
4713,0,0.048312230,0.010764263
4714,0,0.393990210,0.155381800
4715,0,0.040867158,0.008822724
4716,0,-0.000000000,0.000000000
4717,0,-0.000000000,0.000000000
4718,0,0.391243564,0.153846154
4719,0,0.040518534,0.008733624
4720,0,0.814925586,0.497550354
4721,0,-0.000000000,0.000000000
4722,0,0.811278124,0.500000000
4723,0,0.297472249,0.105263158
4724,0,-0.000000000,0.000000000
4725,0,-0.000000000,0.000000000
4726,0,0.918295834,1.333333333
4727,0,-0.000000000,0.000000000
4728,0,0.918295834,0.666666667
4729,0,0.985228136,0.857142857
4730,0,0.991076060,1.111111111
4731,0,0.691289869,0.370370370
4732,0,-0.000000000,0.000000000
4733,0,-0.000000000,0.000000000
4734,0,0.391243564,0.153846154
4735,0,-0.000000000,0.000000000
4736,0,0.811278124,1.500000000
4737,0,0.811278124,0.500000000
4738,0,0.811710315,0.378378378
4739,0,0.922027310,0.592178771
4740,0,0.871142502,1.435228332
4741,0,0.862527863,0.570532915
4742,0,0.802351269,1.757233123
4743,0,0.344631043,0.128780270
4744,0,0.315597161,0.114087988
4745,0,0.936636842,1.294187486
4746,0,0.735485317,0.413769103
4747,0,0.976632306,0.820502868
4748,0,0.994265374,1.089102975
4749,0,0.221953471,0.071289238
4750,0,0.933500455,1.301268245
4751,0,0.990136378,1.116801935
4752,0,0.785763815,0.468988409
4753,0,-0.000000000,0.000000000
4754,0,0.918295834,0.666666667
4755,0,-0.000000000,0.000000000
4756,0,0.918295834,1.333333333
4757,0,0.143726170,0.040816327
4758,0,0.401728735,0.159744409
4759,0,0.177168324,0.053248136
4760,0,0.824419289,1.527825062
4761,0,-0.000000000,0.000000000
4762,0,-0.000000000,0.000000000
4763,0,0.391243564,0.153846154
4764,0,0.431804994,0.177215190
4765,0,0.192058877,0.059071730
4766,0,0.930986542,0.693181818
4767,0,-0.000000000,0.000000000
4768,0,-0.000000000,0.000000000
4769,0,0.918295834,0.666666667
4770,0,0.591672779,0.285714286
4771,0,0.069054382,0.016528926
4772,0,0.921935119,1.325966851
4773,0,-0.000000000,0.000000000
4774,0,0.391243564,0.153846154
4775,0,0.942683189,0.720000000
4776,0,-0.000000000,0.000000000
4777,0,-0.000000000,0.000000000
4778,0,-0.000000000,0.000000000
4779,0,-0.000000000,0.000000000
4780,0,0.391243564,0.153846154
4781,0,-0.000000000,0.000000000
4782,0,0.811278124,0.500000000
4783,0,0.811278124,0.500000000
4784,0,0.534943699,0.243902439
4785,0,0.060262656,0.014025245
4786,0,0.394824895,0.155849794
4787,0,-0.000000000,0.000000000
4788,0,-0.000000000,0.000000000
4789,0,-0.000000000,0.000000000
4790,0,0.391243564,0.153846154
4791,0,-0.000000000,0.000000000
4792,0,0.391243564,0.153846154
4793,0,-0.000000000,0.000000000
4794,0,0.918295834,0.666666667
4795,0,0.143726170,0.040816327
4796,0,-0.000000000,0.000000000
4797,0,-0.000000000,0.000000000
4798,0,0.391243564,0.153846154
4799,0,0.040518534,0.008733624
4800,0,0.393471058,0.155091032
4801,0,0.040801186,0.008805850
4802,0,0.393489515,0.155101365
4803,0,0.577253401,0.274697735
4804,0,0.465795940,0.197986385
4805,0,0.050357962,0.011310254
4806,0,0.920793413,0.671702940
4807,0,0.505771337,0.223900980
4808,0,0.451265457,0.188969924
4809,0,0.048376338,0.010781293
4810,0,0.920677312,1.328533022
4811,0,0.505653825,0.223822326
4812,0,0.955542775,0.753028158
4813,0,0.999580625,0.975889411
4814,0,0.975265315,0.815356725
4815,0,0.716779558,0.394881092
4816,0,-0.000000000,0.000000000
4817,0,-0.000000000,0.000000000
4818,0,-0.000000000,0.000000000
4819,0,-0.000000000,0.000000000
4820,0,0.391243564,0.153846154
4821,0,0.172036949,0.051282051
4822,0,-0.000000000,0.000000000
4823,0,-0.000000000,0.000000000
4824,0,0.811278124,0.500000000
4825,0,0.297472249,0.105263158
4826,0,0.418684311,0.169491525
4827,0,-0.000000000,0.000000000
4828,0,-0.000000000,0.000000000
4829,0,-0.000000000,0.000000000
4830,0,0.391243564,0.153846154
4831,0,-0.000000000,0.000000000
4832,0,0.811278124,0.500000000
4833,0,0.297472249,0.105263158
4834,0,-0.000000000,0.000000000
4835,0,-0.000000000,0.000000000
4836,0,0.918295834,0.666666667
4837,0,0.985228136,0.857142857
4838,0,0.753010172,0.309859155
4839,0,0.363931003,0.138933764
4840,0,0.331373848,0.121985816
4841,0,0.937853117,0.708607657
4842,0,0.999592089,1.023778802
4843,0,-0.000000000,0.000000000
4844,0,0.918295834,0.666666667
4845,0,-0.000000000,0.000000000
4846,0,0.918295834,0.666666667
4847,0,-0.000000000,0.000000000
4848,0,0.391243564,0.153846154
4849,0,-0.000000000,0.000000000
4850,0,-0.000000000,0.000000000
4851,0,-0.000000000,0.000000000
4852,0,0.918295834,1.333333333
4853,0,-0.000000000,0.000000000
4854,0,0.391243564,0.153846154
4855,0,-0.000000000,0.000000000
4856,0,0.391243564,0.153846154
4857,0,0.172036949,0.051282051
4858,0,-0.000000000,0.000000000
4859,0,-0.000000000,0.000000000
4860,0,0.391243564,0.153846154
4861,0,0.172036949,0.051282051
4862,0,-0.000000000,0.000000000
4863,0,-0.000000000,0.000000000
4864,0,0.391243564,0.153846154
4865,0,-0.000000000,0.000000000
4866,0,-0.000000000,0.000000000
4867,0,0.918295834,0.666666667
4868,0,-0.000000000,0.000000000
4869,0,-0.000000000,0.000000000
4870,0,0.918295834,0.666666667
4871,0,0.503258335,0.222222222
4872,0,0.450791388,0.188679245
4873,0,0.048312230,0.010764263
4874,0,0.920673573,1.328540618
4875,0,-0.000000000,0.000000000
4876,0,0.811278124,0.500000000
4877,0,0.918295834,1.333333333
4878,0,0.863120569,1.428571429
4879,0,0.284290289,0.099009901
4880,0,-0.000000000,0.000000000
4881,0,-0.000000000,0.000000000
4882,0,-0.000000000,0.000000000
4883,0,-0.000000000,0.000000000
4884,0,0.918295834,1.333333333
4885,0,-0.000000000,0.000000000
4886,0,-0.000000000,0.000000000
4887,0,0.391243564,0.153846154
4888,0,0.832461724,0.458715596
4889,0,-0.000000000,0.000000000
4890,0,-0.000000000,0.000000000
4891,0,1.000000000,1.000000000
4892,0,1.554585169,1.833333333
4893,0,-0.000000000,0.000000000
4894,0,-0.000000000,0.000000000
4895,0,-0.000000000,0.000000000
4896,0,-0.000000000,0.000000000
4897,0,-0.000000000,0.000000000
4898,0,0.391243564,0.153846154
4899,0,0.235193382,0.076923077
4900,0,0.235193382,0.153846154
4901,0,0.189927477,0.071661238
4902,0,0.539674749,0.237832413
4903,0,0.003861856,0.001350621
4904,0,1.002715908,1.000970273
4905,0,0.813638975,0.500774108
4906,0,-0.000000000,0.000000000
4907,0,-0.000000000,0.000000000
4908,0,0.918295834,1.333333333
4909,0,0.143726170,0.040816327
4910,0,0.822410796,0.488664987
4911,0,0.955966726,0.665188470
4912,0,1.556363904,1.119733925
4913,0,1.290230656,0.977807260
4914,0,1.311294619,0.960195425
4915,0,0.544104726,0.226715945
4916,0,1.258481515,0.931155611
4917,0,0.133678647,0.065322042
4918,0,0.109046162,0.054732613
4919,0,0.032053465,0.012572902
4920,0,-0.000000000,0.000000000
4921,0,1.000000000,1.000000000
4922,0,1.272259566,1.461538462
4923,0,1.885173674,1.609677419
4924,0,1.000000000,2.000000000
4925,0,1.500000000,2.500000000
4926,0,1.456564762,2.933333333
4927,0,1.329434003,4.125000000
4928,0,1.608705341,5.488372093
4929,0,1.963667670,5.078873239
4930,0,2.445045241,5.540749058
4931,0,1.481789500,3.720250487
4932,0,2.002361979,4.984320748
4933,0,1.683041178,3.663929333
4934,0,2.047201869,3.084533979
4935,0,1.894157104,2.889838343
4936,0,1.981603957,3.097985424
4937,0,2.012452925,3.874224449
4938,0,1.512298202,5.106861309
4939,0,2.377976567,5.493048212
4940,0,2.188629307,4.929165966
4941,0,2.050176275,3.492199111
4942,0,2.140967083,5.009428900
4943,0,1.488859745,2.556110679
4944,0,2.067770683,3.318428396
4945,0,2.606385592,3.381160013
4946,0,2.753059264,3.387479076
4947,0,2.401504147,3.853243495
4948,0,2.483359303,3.598269037
4949,0,2.637908554,3.462125203
4950,0,2.402915265,3.222435742
4951,0,2.662066443,3.266629154
4952,0,1.976863166,2.869444550
4953,0,2.523138506,3.326996356
4954,0,2.287295013,2.557967999
4955,0,2.178054054,2.289535885
4956,0,2.226725932,2.755513147
4957,0,2.215500916,2.298244900
4958,0,2.257800648,2.788672123
4959,0,1.814291966,3.253514171
4960,0,2.623765243,3.034627187
4961,0,2.627544992,3.064507609
4962,0,2.831252580,3.456499649
4963,0,2.716532393,3.316560048
4964,0,2.736722139,3.363826745
4965,0,2.800582471,3.656805755
4966,0,1.936239993,3.059904511
4967,0,1.442218515,3.665451351
4968,0,2.493554509,3.999919479
4969,0,3.153266786,4.711817945
4970,0,2.446112906,4.648080487
4971,0,3.165145241,4.378895343
4972,0,2.903104878,4.271120384
4973,0,2.501084900,4.526268333
4974,0,3.184565153,4.851142545
4975,0,2.919292310,5.285227990
4976,0,2.811150149,6.305625814
4977,0,2.728990255,5.395865168
4978,0,2.758495188,5.253198264
4979,0,2.553759431,6.050465277
4980,0,2.875603993,7.159400966
4981,0,2.464261691,6.581248301
4982,0,2.614987256,6.092288915
4983,0,1.932866852,6.969887432
4984,0,1.936725436,5.993054244
4985,0,2.230971036,5.348917036
4986,0,1.837026313,4.180777292
4987,0,2.244138983,1.702961119
4988,0,2.192128732,1.953361902
4989,0,2.225034637,2.123310850
4990,0,2.063507195,1.298461853
4991,0,2.589806027,1.883285332
4992,0,2.355655694,2.033276318
4993,0,2.055227662,1.452753013
4994,0,2.369923460,1.413801089
4995,0,2.084904267,1.666908327
4996,0,2.456164975,1.562808411
4997,0,2.708200601,1.962352947
4998,0,2.629349060,1.819884280
4999,0,1.570256635,1.319792805
5000,0,2.440024209,1.895886630
5001,0,2.746164953,2.508991350
5002,0,1.900767238,1.342740070
5003,0,2.184354064,1.260326104
5004,0,0.999076235,1.035781787
5005,0,1.749769059,1.000000000
5006,0,1.921786434,1.277542418
5007,0,2.021510088,1.191754554
5008,0,2.307559900,1.861750606
5009,0,2.194009145,2.420245605
5010,0,2.331189848,1.847709949
5011,0,2.861884831,2.026740448
5012,0,2.568507147,1.868027092
5013,0,2.175341063,1.360423007
5014,0,2.407681909,1.624556770
5015,0,-0.000000000,0.000000000
5016,0,1.000000000,1.000000000
5017,0,1.750000000,1.500000000
5018,0,1.288492994,1.054621849
5019,0,1.919058450,2.004073117
5020,0,2.266309861,1.472887521
5021,0,2.083273461,2.033396848
5022,0,1.565988506,1.134477181
5023,0,-0.000000000,0.000000000
5024,0,1.000000000,1.000000000
5025,0,0.805958493,0.285714286
5026,0,1.092885007,1.013569937
5027,0,0.812663693,0.288894460
5028,0,1.000000000,1.000000000
5029,0,-0.000000000,0.000000000
5030,0,1.000000000,1.000000000
5031,0,0.805958493,0.285714286
5032,0,1.092885007,1.013569937
5033,0,0.812663693,0.288894460
5034,0,1.093856303,1.013745904
5035,0,1.755669713,1.006541927
5036,0,1.000000000,1.000000000
5037,0,1.877387064,2.000000000
5038,0,1.000000000,1.000000000
5039,0,1.500000000,2.000000000
5040,0,1.000000000,1.000000000
5041,0,1.750000000,2.000000000
5042,0,1.881290899,1.600000000
5043,0,2.795826108,2.148571429
5044,0,2.458140119,1.653572425
5045,0,1.229866771,1.785150010
5046,0,1.163136614,1.993768425
5047,0,1.630838944,1.997974105
5048,0,2.358889268,1.833145445
5049,0,2.101207609,2.036478594
5050,0,2.354414718,1.546311560
5051,0,2.471743800,2.205958379
5052,0,2.491426617,1.706446781
5053,0,2.139914943,2.037488178
5054,0,2.379761343,1.566393531
5055,0,-0.000000000,0.000000000
5056,0,1.000000000,1.000000000
5057,0,0.805958493,0.285714286
5058,0,2.091425884,1.357798165
5059,0,1.886670413,1.189743590
5060,0,1.347282565,1.069986480
5061,0,1.928795058,2.005298880
5062,0,1.504347685,1.113756306
5063,0,1.953013146,1.164206119
5064,0,2.467617348,1.703109283
5065,0,2.143378191,1.316492939
5066,0,0.999999873,0.999580627
5067,0,1.749999968,1.500000000
5068,0,1.288492988,1.054690570
5069,0,1.772395738,2.000041191
5070,0,2.506826486,1.755426330
5071,0,1.442450268,1.720387797
5072,0,1.727569371,1.192704256
5073,0,0.906063310,0.334570222
5074,0,1.107817912,1.016333532
5075,0,1.756697382,1.007695503
5076,0,1.290865219,1.055222446
5077,0,1.919449572,2.004121318
5078,0,1.502057657,1.113029956
5079,0,1.952571124,1.163966947
5080,0,2.277994244,1.481974222
5081,0,2.413380720,1.373052594
5082,0,2.458182048,1.824170167
5083,0,2.638378558,2.082760594
5084,0,2.414540268,2.020459945
5085,0,2.895163500,2.636262689
5086,0,2.942934065,3.317122726
5087,0,2.971294157,4.056202520
5088,0,3.093823602,4.982981632
5089,0,3.143560843,4.515526182
5090,0,3.028337039,3.782626486
5091,0,2.781986166,3.381074171
5092,0,2.439336339,2.324220793
5093,0,1.922838058,1.732861870
5094,0,0.999087952,0.964445818
5095,0,1.876996187,1.969524987
5096,0,2.254827982,1.452857584
5097,0,2.080396852,2.015527691
5098,0,2.483484901,2.067742555
5099,0,-0.000000000,0.000000000
5100,0,1.000000000,1.000000000
5101,0,1.877387064,1.142857143
5102,0,1.881290899,1.600000000
5103,0,1.578510287,1.243243243
5104,0,1.000000000,1.000000000
5105,0,1.750000000,1.000000000
5106,0,1.288492994,1.054621849
5107,0,1.919058450,1.152990264
5108,0,1.000000000,1.000000000
5109,0,1.750000000,1.500000000
5110,0,1.921887137,1.916666667
5111,0,2.021556659,2.019654842
5112,0,1.535438162,1.124072767
5113,0,1.799852885,1.999843119
5114,0,1.961665921,1.290265822
5115,0,0.969583098,0.367687214
5116,0,1.463427966,1.102073152
5117,0,1.791188395,1.049122556
5118,0,1.303687999,1.058502790
5119,0,0.835322905,0.299743470
5120,0,1.000000000,0.999999903
5121,0,-0.000000000,0.000000000
5122,0,1.000000000,1.000000000
5123,0,1.750000000,1.500000000
5124,0,1.921887137,1.270833333
5125,0,2.021556659,2.019654842
5126,0,1.535438162,1.124072767
5127,0,1.799852885,1.485515115
5128,0,1.307085175,1.059431265
5129,0,1.922135001,1.739203316
5130,0,1.000000000,0.999979429
5131,0,0.805958493,0.285714286
5132,0,1.092885007,1.013570775
5133,0,1.755599515,1.006462882
5134,0,1.290476579,1.055122878
5135,0,1.919384605,1.153110922
5136,0,1.000000000,1.000000064
5137,0,0.805958493,0.285714286
5138,0,1.378009505,1.077380956
5139,0,0.845363157,1.850372578
5140,0,1.098642671,1.014619219
5141,0,0.813157665,0.289127605
5142,0,1.093928464,1.013759089
5143,0,0.812752637,2.000000000
5144,0,1.882219485,3.000000000
5145,0,2.769349037,2.533840849
5146,0,2.510659826,2.992185659
5147,0,2.172631260,2.065392376
5148,0,1.681919353,1.166132026
5149,0,1.819153231,1.082870578
5150,0,0.999994369,0.997206109
5151,0,-0.000000000,0.000000000
5152,0,1.000000000,1.000000000
5153,0,0.805958493,2.000000000
5154,0,2.091425884,1.357798165
5155,0,2.050959600,1.206766917
5156,0,1.548668961,1.965688551
5157,0,1.801500846,2.000207871
5158,0,1.963024518,3.000155903
5159,0,2.029535045,4.000127706
5160,0,2.035753694,3.318027593
5161,0,2.599884200,4.184244363
5162,0,2.963172987,3.353804447
5163,0,3.244871624,2.947982664
5164,0,2.913911661,2.772119733
5165,0,3.187178889,2.969834915
5166,0,2.968314902,3.096873923
5167,0,3.219507115,3.175503052
5168,0,3.019873426,3.215338664
5169,0,3.216197048,3.236526923
5170,0,1.889364474,2.147081107
5171,0,2.828581532,2.287317423
5172,0,2.570212425,1.873363191
5173,0,1.471957984,1.937924781
5174,0,0.999758363,0.981698051
5175,0,0.805941233,0.285714286
5176,0,0.999999652,1.000695011
5177,0,1.749999913,1.000000000
5178,0,0.999999991,1.000109739
5179,0,1.499999996,2.000109739
5180,0,2.347073296,1.833360768
5181,0,2.894789116,2.451697862
5182,0,2.474630662,1.794400707
5183,0,2.828743971,2.562738224
5184,0,3.080364673,3.465588430
5185,0,2.976329304,3.998092724
5186,0,2.559589258,3.053608928
5187,0,2.208207845,2.117410702
5188,0,2.520587273,2.991052141
5189,0,2.881865291,2.785435294
5190,0,2.456838360,1.655384795
5191,0,2.573303541,1.538756153
5192,0,2.515863815,1.773196693
5193,0,2.920800193,2.096770069
5194,0,2.322479031,1.561346781
5195,0,2.471816673,2.287038637
5196,0,0.999585765,1.023962410
5197,0,1.877209535,1.142857143
5198,0,2.254939721,1.456583511
5199,0,1.920452963,1.992067616
5200,0,2.078733603,1.349898919
5201,0,1.883787729,1.456953642
5202,0,2.037906839,1.331305821
5203,0,-0.000000000,0.000000000
5204,0,1.000000000,1.000000000
5205,0,1.500000000,1.000000000
5206,0,2.347073298,1.541666667
5207,0,-0.000000000,0.000000000
5208,0,1.000000000,1.000000000
5209,0,1.750000000,1.000000000
5210,0,1.921887137,1.270833333
5211,0,0.958090575,0.361676647
5212,0,1.115810058,1.017833037
5213,0,1.592184836,2.009369597
5214,0,1.000000000,1.000000000
5215,0,1.750000000,1.500000000
5216,0,1.288492994,1.054621849
5217,0,1.725868583,2.027553763
5218,0,2.424024885,1.764407174
5219,0,2.624910338,2.596293509
5220,0,1.983844929,1.827852361
5221,0,1.584125201,1.964184744
5222,0,2.419304419,1.884044873
5223,0,2.561538759,1.513881255
5224,0,2.595732312,1.799095758
5225,0,-0.000000000,0.000000000
5226,0,1.000000000,1.000000000
5227,0,1.750000000,1.000000000
5228,0,1.921887137,1.270833333
5229,0,1.931058682,1.496451251
5230,0,2.087932683,1.361287511
5231,0,1.098658277,0.445017100
5232,0,1.033196125,1.020363766
5233,0,1.883798241,2.002269405
5234,0,2.458238696,3.000692126
5235,0,0.923185319,2.667128099
5236,0,2.232089205,2.909287210
5237,0,1.506175209,0.820128056
5238,0,1.857481160,1.843798943
5239,0,1.806055024,1.402465936
5240,0,1.814866329,1.082240170
5241,0,1.690551033,1.181415056
5242,0,1.437124945,1.469094223
5243,0,1.323820873,0.625866375
5244,0,0.658518189,0.322253157
5245,0,1.115930962,0.448084192
5246,0,1.801298321,1.119239046
5247,0,1.392787006,0.641829993
5248,0,0.207858175,0.065065683
5249,0,1.621513835,1.013958964
5250,0,1.947422065,1.587475239
5251,0,2.310062616,2.328280410
5252,0,2.783739455,2.123058571
5253,0,2.222090317,1.844728502
5254,0,2.665636382,1.639220794
5255,0,2.004682806,1.445658095
5256,0,1.484786328,0.857782565
5257,0,1.269226182,0.667000517
5258,0,2.012050959,1.599949561
5259,0,1.924279914,1.298012700
5260,0,2.349435478,2.368616965
5261,0,0.027419980,0.016546275
5262,0,1.015108305,1.006903801
5263,0,1.891152569,1.147187994
5264,0,1.506554709,1.114876919
5265,0,1.911387013,1.509996769
5266,0,1.674642175,1.156520137
5267,0,1.698708635,1.059478817
5268,0,1.775172882,1.373018435
5269,0,1.758165318,1.317992860
5270,0,1.864520200,1.023974812
5271,0,2.334706698,1.582084271
5272,0,1.767434103,1.293894518
5273,0,1.503168940,1.055287076
5274,0,2.059849142,1.339415817
5275,0,2.001934588,1.472215050
5276,0,2.134298373,1.487056487
5277,0,1.980828304,2.121575545
5278,0,2.913045088,2.081404939
5279,0,2.802138848,2.209105610
5280,0,2.566394987,2.650411330
5281,0,2.148120263,3.228786859
5282,0,1.975169138,3.324244513
5283,0,2.510073915,3.499617309
5284,0,0.999911080,1.011102543
5285,0,-0.000000000,0.000000000
5286,0,1.000000000,1.000000000
5287,0,1.750000000,2.000000000
5288,0,1.881290899,1.600000000
5289,0,2.084114886,2.083673469
5290,0,2.443720624,1.643184220
5291,0,2.544353834,1.485639062
5292,0,1.779953094,1.216948240
5293,0,1.833313546,2.000000000
5294,0,1.897232996,1.627107225
5295,0,2.279166585,1.555426551
5296,0,2.609130011,1.758031062
5297,0,2.193393730,2.029761562
5298,0,1.638061318,1.155728608
5299,0,1.983864218,1.779208784
5300,0,2.289693041,1.495508029
5301,0,-0.000000000,0.000000000
5302,0,1.000000000,1.000000000
5303,0,1.750000000,1.500000000
5304,0,1.486124837,1.193522267
5305,0,1.539335215,0.880829558
5306,0,1.652129740,1.104041775
5307,0,1.945291140,1.402973099
5308,0,1.635456064,1.406218629
5309,0,2.217697106,1.808565748
5310,0,2.598556199,2.642619695
5311,0,2.080053647,2.625951906
5312,0,2.170531254,1.511993251
5313,0,2.044634724,1.165148096
5314,0,2.413054008,1.391618755
5315,0,2.512320886,2.009052041
5316,0,2.246221660,1.552624093
5317,0,2.550561345,2.491544497
5318,0,2.797135364,2.208661764
5319,0,2.713398383,2.029705486
5320,0,2.704375606,2.556919409
5321,0,2.093576624,2.280454504
5322,0,1.541016701,1.553472648
5323,0,1.901019560,2.092487668
5324,0,2.393201820,1.738166565
5325,0,2.736674934,2.179277391
5326,0,2.821763165,1.771303498
5327,0,2.741126911,1.769454860
5328,0,2.484897452,1.709457783
5329,0,2.470532612,2.305067107
5330,0,3.090983093,2.071320469
5331,0,3.059701776,2.701330079
5332,0,3.009286330,3.482927197
5333,0,2.839375939,4.751190972
5334,0,2.540383237,5.485293296
5335,0,2.387863550,5.879132428
5336,0,1.383153305,3.024403112
5337,0,2.337044565,3.977153733
5338,0,2.684913443,3.073114155
5339,0,2.580797414,2.322805356
5340,0,2.214741590,1.556407886
5341,0,2.538114627,1.569204613
5342,0,0.198400823,0.123210237
5343,0,1.103205202,1.062677693
5344,0,1.831334038,1.041882354
5345,0,1.971666959,1.302091640
5346,0,2.063122835,1.216094635
5347,0,2.350692308,1.521175685
5348,0,1.170369641,0.475541240
5349,0,1.170455863,1.036177793
5350,0,1.915188241,1.155575834
5351,0,2.478823772,2.013181484
5352,0,1.739326511,0.931321987
5353,0,1.921056704,1.275446090
5354,0,0.963737074,0.362156548
5355,0,1.459995701,1.101983163
5356,0,1.796155229,1.490188707
5357,0,1.006616363,1.001086089
5358,0,1.754319770,2.000182944
5359,0,1.291291189,2.999872197
5360,0,1.727435785,2.027796228
5361,0,1.607318451,1.146688714
5362,0,1.812003413,1.072847730
5363,0,1.313222024,1.061216451
5364,0,1.777036099,2.000869363
5365,0,1.942685091,1.280706356
5366,0,1.860833082,1.144757348
5367,0,1.334187212,1.066401491
5368,0,0.840207900,0.301824315
5369,0,1.098320632,1.014547669
5370,0,1.756447615,1.006973471
5371,0,2.504321883,1.799399093
5372,0,1.432679985,0.661620116
5373,0,1.001094110,1.000241990
5374,0,0.806904438,0.285918479
5375,0,2.091663173,1.357868522
5376,0,1.886928875,1.451334510
5377,0,1.902772014,1.636738932
5378,0,2.806430068,1.860781205
5379,0,2.679063174,2.523959046
5380,0,2.575943320,2.596676551
5381,0,2.658245783,3.537817282
5382,0,2.719579766,2.753085617
5383,0,2.746751029,2.661764317
5384,0,3.258437886,3.050764164
5385,0,3.052898835,3.352437792
5386,0,3.197127645,3.057249759
5387,0,2.863034338,3.023195255
5388,0,2.321137955,2.804485526
5389,0,3.241769057,2.823151563
5390,0,3.281060036,2.882349774
5391,0,1.827032995,2.526470058
5392,0,2.516221094,2.713819451
5393,0,2.998913730,3.137568252
5394,0,3.070942105,3.832594363
5395,0,3.463706916,3.536867605
5396,0,3.814487236,4.002285991
5397,0,3.676975712,3.524369840
5398,0,3.629895486,3.934625748
5399,0,3.359709610,3.483087693
5400,0,3.307261657,4.663711513
5401,0,3.534622033,4.533677139
5402,0,3.214924904,5.203740972
5403,0,3.053499517,4.935913842
5404,0,3.279118315,5.548401007
5405,0,3.542411927,4.675811904
5406,0,2.869343842,3.846599027
5407,0,2.992554934,2.969622988
5408,0,2.548212310,2.336267647
5409,0,1.489199553,1.373121395
5410,0,0.744612869,0.657542678
5411,0,1.264772485,1.177310664
5412,0,2.096421764,1.887194493
5413,0,1.695996294,1.214760923
5414,0,2.103935087,1.286989574
5415,0,1.651128419,1.181059496
5416,0,1.031281315,0.415616430
5417,0,1.176191951,1.046154739
5418,0,1.850054603,1.053235730
5419,0,1.127060899,1.067105396
5420,0,1.928294930,1.169957968
5421,0,2.501492587,2.015577783
5422,0,2.726330973,2.306433105
5423,0,2.681745460,2.334283348
5424,0,1.997575680,1.930549996
5425,0,2.497988271,1.665162983
5426,0,2.236989691,1.367171710
5427,0,2.327724363,1.820104404
5428,0,1.738894239,2.075102670
5429,0,2.635922320,3.004411570
5430,0,2.325645563,2.155647535
5431,0,1.845506727,1.274823786
5432,0,0.260815788,0.173996419
5433,0,1.096824335,1.044680874
5434,0,1.849330870,2.009929083
5435,0,1.985220764,1.296064387
5436,0,2.074453479,1.224661806
5437,0,1.583680368,1.153626516
5438,0,1.846752826,1.081754918
5439,0,1.340322483,1.069302695
5440,0,1.760619849,1.071507668
5441,0,1.626667831,1.153138222
5442,0,0.906220709,0.332393131
5443,0,1.075538593,1.031991985
5444,0,1.506578630,2.003712847
5445,0,1.588993818,3.002847246
5446,0,2.182366801,4.003869304
5447,0,2.377279444,3.097205561
5448,0,3.158331146,2.572781711
5449,0,2.846176282,3.101248072
5450,0,3.246002598,3.973832383
5451,0,2.992566967,2.996186188
5452,0,2.815979853,3.857483619
5453,0,3.297618012,3.185569466
5454,0,3.282016361,3.498611531
5455,0,2.381633006,3.337739066
5456,0,2.011818081,2.588512070
5457,0,2.898191175,3.386021805
5458,0,3.500491518,3.666595738
5459,0,3.650453001,3.132253803
5460,0,3.846924372,3.821851768
5461,0,3.561088536,3.693496623
5462,0,3.570249952,3.096881166
5463,0,3.285351493,2.755058879
5464,0,3.298944591,3.458459779
5465,0,3.316572658,2.768336463
5466,0,3.201799227,2.887795640
5467,0,3.175579051,3.502053749
5468,0,3.422748175,3.048954830
5469,0,3.277152239,3.137856360
5470,0,2.513791597,2.621721243
5471,0,2.909763196,2.408249085
5472,0,1.099725113,1.383055490
5473,0,1.827105591,1.756621165
5474,0,1.250338311,1.418068700
5475,0,1.157413134,1.141402100
5476,0,1.009357217,1.937021433
5477,0,1.472153753,1.119518377
5478,0,1.853590052,2.056000017
5479,0,1.099221547,1.051449634
5480,0,1.846708042,2.023581082
5481,0,1.918358847,1.612443948
5482,0,2.808840646,2.440284560
5483,0,3.129392255,3.235808866
5484,0,2.906183509,4.158554043
5485,0,2.398786076,3.019261116
5486,0,3.132009868,3.796780638
5487,0,3.158811771,4.753648451
5488,0,2.172786376,5.388968509
5489,0,2.244566026,5.164702464
5490,0,2.812492862,4.680300426
5491,0,1.947926635,1.316423663
5492,0,-0.000000000,0.000000000
5493,0,1.000000000,1.000000000
5494,0,1.682292189,1.040000000
5495,0,1.000000000,1.000000000
5496,0,1.682292189,2.000000000
5497,0,2.243331971,3.298598949
5498,0,2.630443455,2.539649204
5499,0,1.911233958,1.961371458
5500,0,2.786643100,2.908337920
5501,0,2.267050191,1.812023700
5502,0,2.688537159,2.764459142
5503,0,2.856851767,2.360822160
5504,0,2.820043670,1.975481113
5505,0,2.700158269,2.035014033
5506,0,2.448029483,1.996900904
5507,0,2.247664782,1.535785178
5508,0,1.547523879,1.117664944
5509,0,2.562584908,1.877692291
5510,0,2.117324792,2.354419809
5511,0,2.290203622,1.635201300
5512,0,2.024750853,1.245166598
5513,0,2.334715948,1.800605329
5514,0,1.887944289,1.392561402
5515,0,1.996655860,2.148796559
5516,0,2.227746714,1.501264806
5517,0,2.468047674,1.589625152
5518,0,1.992486169,1.850748117
5519,0,1.938911067,1.397717670
5520,0,1.842639653,1.845010179
5521,0,2.557691510,1.737051825
5522,0,2.169349226,2.186111886
5523,0,1.685975259,1.816739723
5524,0,1.922377685,1.869819598
5525,0,2.397073816,2.549022684
5526,0,2.206421650,1.808303123
5527,0,2.518974298,2.028479025
5528,0,2.520349264,1.569696011
5529,0,2.513077916,1.943581973
5530,0,2.932589844,2.098865267
5531,0,2.918074648,2.592324456
5532,0,1.897344425,1.943715504
5533,0,1.899830863,1.514888869
5534,0,2.040506487,1.522709806
5535,0,2.521353545,2.074358967
5536,0,1.747262545,1.364824555
5537,0,2.867080954,1.786815623
5538,0,2.943288119,2.920324001
5539,0,2.821431597,2.048486777
5540,0,3.291054567,2.334495939
5541,0,3.043825075,2.130777258
5542,0,2.992068839,2.340655855
5543,0,2.919370427,2.314771560
5544,0,3.383470911,2.683119283
5545,0,2.830887966,3.670277759
5546,0,2.497887586,3.171518691
5547,0,2.931678666,2.765836398
5548,0,3.198200927,2.282575378
5549,0,3.271495740,3.037657358
5550,0,3.160381031,3.534688408
5551,0,2.951765150,4.225771319
5552,0,2.955735182,4.805785501
5553,0,2.508510328,3.299289913
5554,0,2.608049440,3.725944142
5555,0,0.950544228,0.739667167
5556,0,1.737636057,1.500000000
5557,0,1.582665258,1.330987093
5558,0,0.899236269,0.630670278
5559,0,1.716381391,1.000000000
5560,0,0.939651313,0.409710615
5561,0,1.777636146,1.491597177
5562,0,1.824661933,2.207358493
5563,0,2.061997498,1.170716080
5564,0,1.347552457,1.871793866
5565,0,2.614761250,3.082045499
5566,0,2.072337526,2.212450471
5567,0,1.920958158,1.947995045
5568,0,2.279794648,2.913138684
5569,0,2.467561668,3.627218099
5570,0,3.080938209,3.179522625
5571,0,3.458021376,3.058464319
5572,0,3.442510778,3.321041977
5573,0,3.371362237,3.419888264
5574,0,3.006269247,3.146061253
5575,0,2.525125399,2.576886397
5576,0,2.486481227,3.082251443
5577,0,2.282543532,3.072935205
5578,0,3.134696322,3.882800579
5579,0,3.594715823,3.639476232
5580,0,2.669192459,3.537895165
5581,0,2.769705919,3.456150249
5582,0,3.550266365,3.643514171
5583,0,3.621970595,3.461106548
5584,0,3.332894350,3.964854328
5585,0,2.616482763,4.108382853
5586,0,2.723726700,3.877034184
5587,0,2.968025384,3.558982339
5588,0,2.307465938,3.671206582
5589,0,2.476676110,4.237161853
5590,0,2.326076649,3.546665224
5591,0,2.684723906,3.093731271
5592,0,2.404122760,2.618216644
5593,0,1.409769778,1.626349621
5594,0,2.270606038,1.706353847
5595,0,1.785220197,1.578059496
5596,0,1.084486626,0.771889103
5597,0,1.249074736,1.161926365
5598,0,1.129331115,0.540929139
5599,0,1.352121222,1.115853919
5600,0,1.951041300,1.135925953
5601,0,2.040821223,1.365902556
5602,0,2.263778225,2.208079463
5603,0,1.775349611,1.245206759
5604,0,2.065171393,2.083237744
5605,0,2.104251311,3.094753007
5606,0,1.675843875,2.098191389
5607,0,2.560243092,3.105109695
5608,0,2.042895430,2.109258208
5609,0,2.429022604,1.603201867
5610,0,0.140192403,0.079112104
5611,0,1.051198943,1.020042291
5612,0,0.073326955,0.035551568
5613,0,1.036632427,1.017863991
5614,0,0.057035065,0.021130197
5615,0,1.023109270,1.009941249
5616,0,0.036850714,0.012159739
5617,0,1.009065832,1.002556475
5618,0,0.012749029,0.004543554
5619,0,1.006165245,1.001262895
5620,0,1.754962574,1.001515602
5621,0,1.291737255,1.055284868
5622,0,0.837156790,0.299940179
5623,0,1.003825788,1.001079072
5624,0,0.019852917,0.004074741
5625,0,1.004665149,1.000544188
5626,0,0.027009325,0.005712746
5627,0,1.006179526,1.000713808
5628,0,0.811479627,0.287202945
5629,0,1.095393728,1.014008987
5630,0,1.757556110,1.498795589
5631,0,1.883630884,1.602056355
5632,0,1.580054695,1.244431535
5633,0,1.940870767,1.712302944
5634,0,2.802682927,2.374943681
5635,0,1.955683394,1.303385252
5636,0,0.002340890,0.000669430
5637,0,1.008163935,1.002285945
5638,0,1.753306011,1.000873881
5639,0,1.290591841,1.055311052
5640,0,1.726912639,2.028019538
5641,0,1.606858983,1.146981366
5642,0,1.811574023,2.001304852
5643,0,1.971843933,3.001134954
5644,0,2.033243083,2.687478306
5645,0,2.082011153,3.018711141
5646,0,2.812454113,2.374775260
5647,0,2.745949436,3.166644453
5648,0,2.323177557,2.227980300
5649,0,1.252421717,1.220273102
5650,0,1.789218335,1.291241277
5651,0,1.281142781,1.314175427
5652,0,1.162356430,0.653860281
5653,0,2.264737402,1.517747830
5654,0,2.075305730,1.597183306
5655,0,2.665780973,1.886019842
5656,0,2.248327031,1.380176428
5657,0,1.781963991,1.258971835
5658,0,1.953270551,1.127519651
5659,0,2.544178846,1.726921685
5660,0,2.858587005,1.899029534
5661,0,3.108223772,2.179253265
5662,0,3.117470290,2.544717536
5663,0,2.732785302,3.843351977
5664,0,1.863036865,4.917946112
5665,0,2.563365887,3.503719933
5666,0,2.214103526,4.557480489
5667,0,2.534988982,3.106194309
5668,0,1.112388280,1.550850217
5669,0,1.754914409,1.518521609
5670,0,1.771258660,1.385690965
5671,0,1.417875260,1.089732893
5672,0,1.900843791,1.518983704
5673,0,2.198556538,1.425343230
5674,0,2.007477852,1.573409342
5675,0,2.190132819,1.245986831
5676,0,2.401522657,1.469217886
5677,0,2.226184780,1.210541066
5678,0,2.051157035,1.172786953
5679,0,1.352934645,1.223001565
5680,0,1.948211893,1.390928892
5681,0,2.516544006,1.256135954
5682,0,1.992686188,1.428818748
5683,0,2.907624305,1.604499895
5684,0,1.989978569,1.596020040
5685,0,1.839130525,1.104737962
5686,0,2.187968309,1.619763868
5687,0,2.781180022,2.054825817
5688,0,2.882594808,2.067384608
5689,0,2.972243320,2.306864340
5690,0,0.649223088,0.665290708
5691,0,1.087105863,1.021924207
5692,0,0.280265005,0.084904629
5693,0,0.897504983,0.323015486
5694,0,1.573188065,1.441595364
5695,0,1.483226472,1.761625567
5696,0,2.458231430,1.955754356
5697,0,2.525466973,1.611067836
5698,0,0.313966639,0.228894341
5699,0,1.692955067,2.119505224
5700,0,2.426745681,2.184119076
5701,0,2.861692429,2.177177363
5702,0,3.216810292,2.601336008
5703,0,2.059530582,1.799763985
5704,0,0.380171200,0.549466012
5705,0,1.479768342,1.601095591
5706,0,0.638322083,0.998283562
5707,0,2.428572708,2.087036681
5708,0,2.067800687,2.599960180
5709,0,2.836089012,2.365297705
5710,0,2.556864425,2.828457725
5711,0,3.091615282,3.452282839
5712,0,2.623684479,2.664482141
5713,0,3.019887585,3.180085015
5714,0,2.731584301,2.822578165
5715,0,1.853350925,2.383996487
5716,0,2.845217311,2.631826175
5717,0,2.460033506,2.861732561
5718,0,2.019413550,3.172676124
5719,0,2.521518657,2.380908497
5720,0,2.946677582,2.708481883
5721,0,2.904421455,2.440246610
5722,0,2.660264660,2.304505740
5723,0,2.841483492,2.568581308
5724,0,2.600122586,2.206466394
5725,0,2.450533855,2.059299999
5726,0,2.413505427,2.090374994
5727,0,2.289560598,2.142049377
5728,0,2.385887577,2.696283074
5729,0,3.013640330,4.082692987
5730,0,2.817640841,3.672750848
5731,0,2.945727248,4.393659634
5732,0,2.698879901,5.448308741
5733,0,2.386069564,5.795019185
5734,0,1.975040267,4.817510620
5735,0,1.264934183,0.876919036
5736,0,2.265462829,1.688376291
5737,0,2.272897339,1.555736294
5738,0,2.293713704,2.560809083
5739,0,2.587303526,3.380137803
5740,0,2.307558609,2.800261973
5741,0,1.861256494,2.818829706
5742,0,1.886093626,3.255149015
5743,0,2.325106700,2.283946754
5744,0,2.106603344,1.383594474
5745,0,2.296259043,1.335762740
5746,0,2.083051710,1.580445995
5747,0,2.322490959,2.157332779
5748,0,2.160967762,1.680429441
5749,0,2.346525025,1.395076286
5750,0,1.603193477,1.762307735
5751,0,2.494591355,1.591375576
5752,0,2.562517345,2.009210584
5753,0,2.241784754,2.065851335
5754,0,2.484253631,1.841942807
5755,0,2.042768925,1.754212471
5756,0,2.194489656,1.335110960
5757,0,1.753017429,2.124081390
5758,0,2.145885331,1.904479397
5759,0,2.056303013,1.325745281
5760,0,1.491961313,1.339788720
5761,0,1.824233685,1.092579582
5762,0,1.753951966,0.920639617
5763,0,2.511824804,1.934861205
5764,0,2.516607842,2.765232114
5765,0,1.376854850,2.830044488
5766,0,1.518190757,1.514922528
5767,0,1.779987815,2.219862030
5768,0,1.957394059,1.377965701
5769,0,0.971256457,0.369193522
5770,0,0.999964914,1.006974163
5771,0,1.749991229,1.000000000
5772,0,0.999999125,1.001101184
5773,0,1.749999781,1.500000000
5774,0,1.288492957,1.054441403
5775,0,-0.000000000,0.000000000
5776,0,1.000000000,1.000000000
5777,0,-0.000000000,0.000000000
5778,0,1.000000000,1.000000000
5779,0,-0.000000000,0.000000000
5780,0,1.000000000,1.000000000
5781,0,1.500000000,2.000000000
5782,0,1.461445867,2.582278481
5783,0,2.208583045,3.563291139
5784,0,2.460444442,2.359899117
5785,0,2.248197872,2.384812412
5786,0,2.638644848,2.618601182
5787,0,2.946469587,2.206539599
5788,0,2.333087162,1.616197386
5789,0,2.353720268,1.751224865
5790,0,1.399665075,1.587938467
5791,0,2.178516237,2.466458896
5792,0,1.868421609,1.483196737
5793,0,2.327096208,1.308864681
5794,0,1.760473976,1.192731628
5795,0,2.000425121,2.000211133
5796,0,2.000227453,2.991058204
5797,0,2.852970579,3.930627436
5798,0,2.649903426,4.837477153
5799,0,2.529270482,4.208340326
5800,0,2.861943970,3.142245229
5801,0,2.548551374,2.169132261
5802,0,2.561759262,2.522002485
5803,0,2.931849032,2.119388230
5804,0,2.971807685,1.890152535
5805,0,2.721844921,2.153120536
5806,0,2.658575187,2.213722066
5807,0,2.881104478,2.608997112
5808,0,2.056743147,1.939476974
5809,0,0.931813826,0.351419128
5810,0,0.999725796,0.980503761
5811,0,0.805938907,0.285714286
5812,0,0.999999605,0.999259637
5813,0,1.499999802,1.999259637
5814,0,2.347073185,2.999444727
5815,0,1.941861305,1.999706302
5816,0,2.519939466,1.757880278
5817,0,2.866485771,2.467461836
5818,0,2.460119612,1.905515156
5819,0,2.844531889,2.637201997
5820,0,3.008458314,3.584400229
5821,0,2.966677274,2.920149338
5822,0,2.299668212,1.579614017
5823,0,1.929533169,1.247241598
5824,0,1.371085974,1.090126142
5825,0,1.780865225,1.035984363
5826,0,1.299709761,1.060074656
5827,0,0.834831779,0.299508536
5828,0,0.999999990,1.000120534
5829,0,1.877387060,2.000103315
5830,0,1.493369979,1.110209329
5831,0,0.862958392,0.313232104
5832,0,1.407482390,1.085644438
5833,0,-0.000000000,0.000000000
5834,0,1.000000000,1.000000000
5835,0,1.877387064,1.714285714
5836,0,1.493369980,1.110169492
5837,0,1.878966031,2.053385417
5838,0,2.650796181,1.901564380
5839,0,2.903271413,2.863188986
5840,0,2.398221304,1.896306504
5841,0,1.884089088,1.391823582
5842,0,0.999979533,1.005326674
5843,0,1.749994883,1.500000000
5844,0,1.881282128,1.596803996
5845,0,2.768850666,1.916666667
5846,0,2.510267837,1.789486776
5847,0,2.806024365,1.991949356
5848,0,2.534410857,1.901788007
5849,0,2.437179109,2.605500633
5850,0,2.969402571,2.377771779
5851,0,2.367249928,2.741696991
5852,0,2.258054067,3.454240998
5853,0,2.635405285,2.979122084
5854,0,1.949975381,2.985547766
5855,0,1.539782436,1.979470240
5856,0,0.999934009,0.990435415
5857,0,1.877358783,1.991801784
5858,0,1.493360872,1.107008315
5859,0,1.794735894,1.486131387
5860,0,0.999999724,1.000618130
5861,0,1.877386946,1.142857143
5862,0,1.493369942,1.109965194
5863,0,1.794738363,1.054014599
5864,0,1.957473203,1.288152815
5865,0,2.114673970,1.246482930
5866,0,2.576298694,1.767585556
5867,0,2.182809969,1.350969648
5868,0,2.460631888,1.648953562
5869,0,2.540861212,2.261121769
5870,0,3.060715477,3.592526910
5871,0,1.584320374,1.990960826
5872,0,2.451131203,2.990850100
5873,0,2.753825734,2.566655678
5874,0,2.678992606,3.414869464
5875,0,2.465961885,3.571019110
5876,0,2.916469904,2.869598844
5877,0,3.204798055,2.790640159
5878,0,2.936944407,2.383524969
5879,0,3.086041504,2.293319515
5880,0,3.068446721,2.590102434
5881,0,2.471659081,2.138965796
5882,0,2.620990514,3.143288573
5883,0,2.922677770,4.085551678
5884,0,2.669328199,3.367161688
5885,0,3.096483854,2.799548435
5886,0,2.902959530,3.317461387
5887,0,2.694183896,2.862489846
5888,0,1.922658602,1.328931842
5889,0,2.050037055,1.985554794
5890,0,1.540068958,1.103060302
5891,0,0.887497769,0.323194853
5892,0,1.439889662,1.099077437
5893,0,0.975462001,0.372436024
5894,0,1.225518617,1.113073020
5895,0,1.938822233,1.104467786
5896,0,1.092132306,1.072453853
5897,0,1.668229473,2.112798004
5898,0,2.031169858,1.680464893
5899,0,2.386855469,1.716383225
5900,0,2.417405638,1.710842093
5901,0,2.847142008,1.666322611
5902,0,2.535763644,2.135673958
5903,0,2.752842901,1.667625565
5904,0,2.720773112,2.428831774
5905,0,2.476693527,3.664654918
5906,0,0.887910885,0.611000637
5907,0,2.013796990,2.229949083
5908,0,1.400219946,2.809304327
5909,0,0.698700353,0.377358491
5910,0,1.284460509,1.000000000
5911,0,1.642859868,0.915951007
5912,0,1.450929142,2.338693728
5913,0,1.748263165,1.667945596
5914,0,2.438730060,2.496507461
5915,0,2.096066390,1.699680486
5916,0,2.368226509,2.721263800
5917,0,2.482602840,1.991622540
5918,0,2.505651872,2.753683985
5919,0,2.771580077,2.424720740
5920,0,2.528526415,1.773998856
5921,0,2.176094264,1.426759864
5922,0,2.503255702,1.757142190
5923,0,2.870039771,2.425072031
5924,0,2.885246786,3.113154804
5925,0,2.901515403,3.898735465
5926,0,2.743910103,4.675740453
5927,0,2.641190826,4.042161720
5928,0,2.082734762,2.296813854
5929,0,2.198492556,1.977027540
5930,0,2.195635272,1.866637777
5931,0,2.187026783,1.820364075
5932,0,2.599907586,2.525903362
5933,0,2.499553826,1.881141760
5934,0,2.514847461,1.465801329
5935,0,2.349583601,1.822938939
5936,0,2.632631881,1.701502883
5937,0,2.093894060,1.151433053
5938,0,2.284458418,1.736396750
5939,0,1.340993324,1.075835068
5940,0,2.256420104,1.386574521
5941,0,2.609265729,1.712872187
5942,0,0.934727987,0.701481767
5943,0,1.849413345,1.142857143
5944,0,2.434177194,1.830085338
5945,0,2.673026127,2.511255834
5946,0,2.523107663,1.911368413
5947,0,2.220880420,2.669836426
5948,0,2.356838358,3.207617673
5949,0,2.869798990,4.122489105
5950,0,2.213993886,5.438247240
5951,0,3.151893183,4.712184349
5952,0,2.971009438,4.103566908
5953,0,2.721059130,4.564161461
5954,0,2.475416699,3.535261408
5955,0,1.541978369,2.275707715
5956,0,0.988102454,1.128250191
5957,0,1.747025614,1.500000000
5958,0,0.999704181,0.979749970
5959,0,1.877260285,1.714285714
5960,0,1.493329155,1.116862298
5961,0,0.862955090,2.001212366
5962,0,2.140014834,3.002967211
5963,0,2.321435484,4.003873593
5964,0,2.971382668,3.439748359
5965,0,2.975853339,4.050227496
5966,0,2.998006017,3.330880562
5967,0,2.932868838,2.524468171
5968,0,2.656545206,1.899994956
5969,0,2.334375921,2.788384194
5970,0,2.136388596,1.716265064
5971,0,2.658207996,1.841330948
5972,0,2.664284768,2.383956043
5973,0,2.771931924,1.802480527
5974,0,3.025650800,2.098352462
5975,0,2.793975151,2.622106077
5976,0,3.006337905,3.673726417
5977,0,3.099094756,4.534107579
5978,0,2.421436592,4.689479844
5979,0,2.545144445,3.662592857
5980,0,1.848758094,2.389513307
5981,0,2.322917251,1.997371386
5982,0,1.928885638,1.445535746
5983,0,2.512988915,1.864144477
5984,0,2.856953453,2.670062856
5985,0,2.691994014,3.485628486
5986,0,2.581149786,2.904421285
5987,0,2.300720541,2.671939849
5988,0,2.290100444,1.792580964
5989,0,2.089083028,1.476898450
5990,0,2.242607784,1.389310245
5991,0,2.150358024,1.680190878
5992,0,2.372301257,1.787036337
5993,0,0.979470726,0.831701554
5994,0,1.868588804,1.142857143
5995,0,2.250433963,1.518381644
5996,0,2.046882346,2.153885980
5997,0,2.165456894,1.448551929
5998,0,1.013583807,0.390985467
5999,0,1.487455529,1.106074739
