0,0,5.222080690,5.422943221
1,0,4.727210122,5.575423650
2,0,4.582362970,6.288088933
3,0,4.326081021,5.838651119
4,0,4.136978755,6.045798242
5,0,4.534452058,6.727615564
6,0,4.652978497,5.836228615
7,0,4.703807233,6.850078269
8,0,4.526848617,6.386182284
9,0,3.470843660,3.537356008
10,0,4.039404164,3.649375496
11,0,4.242168681,3.743150528
12,0,4.263285017,3.950962456
13,0,4.309736255,3.276236383
14,0,4.531297397,4.992726054
15,0,3.651029361,4.376956595
16,0,3.947767182,3.987278530
17,0,3.476211697,4.545353371
18,0,4.067665780,5.284503968
19,0,3.916223266,5.480816225
20,0,3.695791592,4.368023539
21,0,4.198124264,4.910809270
22,0,4.023235584,4.541110677
23,0,3.616172710,3.815557650
24,0,2.386814420,1.198644039
25,0,2.043496852,1.684558029
26,0,2.773961133,1.574850571
27,0,2.830113393,1.795224695
28,0,2.988535037,2.074854843
29,0,3.217040987,2.548345232
30,0,3.111776701,1.943341671
31,0,3.017373560,2.027216414
32,0,2.877132917,1.820159290
33,0,2.755468017,1.869823635
34,0,2.840038309,1.954917422
35,0,2.548231431,2.207757183
36,0,2.370017069,1.509207058
37,0,2.770643438,1.464066400
38,0,3.027903494,1.380162274
39,0,2.784803063,1.619861839
40,0,2.831016203,1.532855324
41,0,2.199188378,1.151485904
42,0,2.716910952,1.358727822
43,0,2.557998564,1.136028568
44,0,1.811538263,1.734682573
45,0,2.428941141,2.617480005
46,0,2.646507501,2.191384163
47,0,2.910138455,3.240119382
48,0,3.000599821,2.316098969
49,0,2.760154876,2.688755964
50,0,3.345580671,2.047127485
51,0,2.544615683,1.271740986
52,0,2.869841440,2.127101752
53,0,1.394992690,1.604089652
54,0,2.794550546,2.577908867
55,0,2.131292049,1.572062517
56,0,2.876543194,2.342051457
57,0,3.092571694,2.118709559
58,0,3.010825144,2.285666511
59,0,2.981150451,2.424817168
60,0,3.136093432,2.272459102
61,0,3.370913528,2.781361331
62,0,3.484751873,2.515095445
63,0,3.302994956,2.777351202
64,0,3.232947857,2.478240673
65,0,3.095052911,2.709244335
66,0,3.487248612,2.638770858
67,0,1.844449040,2.122284897
68,0,2.201764705,2.252163043
69,0,1.912270199,3.172211215
70,0,3.146181528,2.920686487
71,0,2.820687106,3.009959111
72,0,3.126845487,3.880387495
73,0,3.084073210,3.035300424
74,0,2.611424782,2.085276807
75,0,2.616382645,2.653938407
76,0,3.092709657,2.098684076
77,0,2.659046962,1.656358038
78,0,2.553348984,1.944750739
79,0,2.827083636,2.223836192
80,0,2.747507612,3.013991867
81,0,1.803169544,2.227712956
82,0,2.361879220,2.962105368
83,0,2.852388435,2.134878403
84,0,2.815429026,2.785018060
85,0,2.932249988,3.610421442
86,0,3.288927782,2.995524189
87,0,3.175977596,2.421411849
88,0,3.492912691,2.468749331
89,0,3.642964049,2.996095540
90,0,3.465847388,2.713410829
91,0,3.769611978,2.881424057
92,0,3.522442214,2.861232097
93,0,3.873486722,3.339346085
94,0,3.783198754,3.272225899
95,0,2.267740930,2.531789276
96,0,3.425463783,3.150229979
97,0,2.786976791,2.935951288
98,0,2.906426408,3.350960044
99,0,3.541635117,3.280220332
100,0,3.671650432,3.474074648
101,0,3.494470370,3.816779069
102,0,4.001482591,3.520860138
103,0,2.274820690,2.993815916
104,0,2.663016178,2.384445056
105,0,3.334352243,2.603779599
106,0,3.387443284,2.476048861
107,0,3.269283264,2.549115748
108,0,3.319206038,2.261965617
109,0,2.513466620,1.875602063
110,0,3.170530074,2.441899282
111,0,3.372328554,2.414748171
112,0,2.867834444,2.165941789
113,0,3.217114596,2.209040133
114,0,2.934814902,1.809742179
115,0,2.808574568,1.761427714
116,0,2.977835219,2.333505154
117,0,2.967853980,2.870706703
118,0,3.530965206,4.369350357
119,0,3.744331583,4.096604318
120,0,2.671084815,2.141483584
121,0,3.110781643,2.803538981
122,0,3.520914004,3.902100081
123,0,3.890575462,4.413352657
124,0,2.567046280,3.029715144
125,0,3.095672833,3.835342302
126,0,3.146450187,3.523187219
127,0,2.740464478,2.688322798
128,0,3.352030002,2.365382230
129,0,3.429430184,2.666958073
130,0,3.168324753,2.287141424
131,0,3.298758751,2.792129247
132,0,2.938907853,2.460771379
133,0,2.251568576,1.882404727
134,0,2.896978090,1.783725766
135,0,3.313619383,1.792197999
136,0,3.048304172,1.969996243
137,0,2.146636228,0.808863900
138,0,2.535146750,1.702471020
139,0,2.625578937,1.482149381
140,0,3.170958594,1.873871685
141,0,3.170130050,2.400734226
142,0,2.634017430,2.693472024
143,0,2.044834267,1.770308563
144,0,2.697718919,1.887034110
145,0,2.903592590,2.261210126
146,0,2.121839625,2.294887928
147,0,2.774699941,1.966968577
148,0,3.038717458,2.927451972
149,0,3.058003971,2.068544176
150,0,3.489927711,2.673195363
151,0,3.835923642,2.591767359
152,0,4.059729777,3.529523851
153,0,3.976238847,5.417774125
154,0,4.224587982,6.434481833
155,0,3.495498814,6.533516583
156,0,3.849293653,5.569035097
157,0,3.849697039,4.913377473
158,0,3.850142310,4.033583154
159,0,3.808708197,4.471393057
160,0,3.991927475,4.633756893
161,0,3.984441970,4.451908826
162,0,4.036149673,5.120448610
163,0,4.011834431,4.567671967
164,0,3.855610770,4.534138061
165,0,3.408449007,3.892106004
166,0,3.395013655,2.673268250
167,0,3.035574356,1.882677690
168,0,2.848136640,2.309033253
169,0,2.760859560,1.825605396
170,0,2.956574750,2.563630474
171,0,2.191957486,2.374309408
172,0,2.380190408,1.522703043
173,0,2.720770785,1.469765451
174,0,3.113622085,2.148020395
175,0,3.555063987,3.355013530
176,0,3.686019746,3.165539343
177,0,3.948332233,3.684187055
178,0,3.818456568,2.993182447
179,0,3.395070263,2.808931788
180,0,2.926978681,2.382813538
181,0,3.014033976,2.417137579
182,0,3.118033827,2.761167310
183,0,2.053974723,0.940062599
184,0,2.637196402,1.807986501
185,0,2.734427969,2.791732557
186,0,3.216822432,3.907593441
187,0,3.168621007,5.799187705
188,0,3.787900706,4.947221411
189,0,3.920754105,4.327966203
190,0,2.862295648,2.540247456
191,0,3.484618521,3.690299617
192,0,3.817743489,4.917273366
193,0,3.708961171,5.807855420
194,0,3.545644400,6.881436980
195,0,3.268012280,6.282152102
196,0,3.074361903,5.559499788
197,0,3.166222009,6.573720896
198,0,3.356935901,6.494252006
199,0,3.352847974,5.393227805
200,0,3.435411986,5.884721822
201,0,2.925690481,4.972601909
202,0,2.827509070,5.083272773
203,0,2.835717682,4.674117840
204,0,3.326644150,5.345881790
205,0,3.205556011,4.822738572
206,0,3.404338802,5.873085965
207,0,2.187741268,6.262731276
208,0,2.229250969,4.552867773
209,0,2.669279536,3.309830993
210,0,2.695477504,2.022671409
211,0,2.744151477,1.792261801
212,0,1.994572003,1.494483792
213,0,2.005213024,1.998526865
214,0,2.128866695,1.578582999
215,0,1.994675473,1.312606082
216,0,1.967774504,1.351918851
217,0,1.996294615,2.098186527
218,0,1.679335834,0.948345658
219,0,2.198990573,1.715660838
220,0,1.510672442,1.105979363
221,0,1.939386712,2.154905371
222,0,1.825158082,1.578284926
223,0,2.027298756,1.545526172
224,0,1.701992316,1.330738348
225,0,2.017912160,2.332717639
226,0,1.983240717,1.410632280
227,0,2.048991799,2.442466579
228,0,2.489619408,1.912109992
229,0,2.958621195,2.020289880
230,0,3.269143879,2.100889488
231,0,3.214149199,2.643076842
232,0,3.058692799,2.920565764
233,0,2.603997601,3.267032318
234,0,2.193399990,4.222232642
235,0,2.769559190,3.746525247
236,0,3.062741552,3.059467359
237,0,2.083436581,2.410395983
238,0,2.746328713,2.799951340
239,0,2.110497196,2.754753772
240,0,2.768600290,3.569378367
241,0,2.832411531,2.647306808
242,0,2.835365923,2.048712088
243,0,3.090763838,2.279833952
244,0,3.090155025,2.468006894
245,0,3.269631357,3.210449129
246,0,3.195363412,2.565130688
247,0,3.344196144,3.221043279
248,0,3.280045411,2.974207664
249,0,3.360771661,2.615713856
250,0,3.284560274,2.794685885
251,0,3.146690637,2.765795163
252,0,3.092293759,3.203156746
253,0,3.042841714,3.479797968
254,0,3.433394144,3.021922524
255,0,3.256394941,2.945893249
256,0,3.146998028,3.389233105
257,0,3.416551292,3.228078760
258,0,3.185721723,3.622763286
259,0,2.793826307,2.886990977
260,0,3.430837172,3.074641612
261,0,3.078218170,3.480273680
262,0,2.575793136,3.172912368
263,0,3.481902400,3.255305131
264,0,3.414556859,3.203088625
265,0,3.273803401,3.199411941
266,0,3.288069710,4.040718730
267,0,3.146444845,2.749009904
268,0,2.856759824,2.135651750
269,0,2.756257085,1.957222407
270,0,2.855860485,2.816291099
271,0,3.012379358,3.547929790
272,0,3.347318968,2.924865854
273,0,3.069863530,3.253239384
274,0,3.148401733,2.987884763
275,0,2.752282035,2.155429330
276,0,2.609074211,1.817246479
277,0,2.692853082,2.479347786
278,0,2.871153671,2.067174987
279,0,2.814264548,2.136679809
280,0,2.844980632,2.771960754
281,0,2.872410627,2.336213377
282,0,2.997067147,2.735459798
283,0,3.492091311,4.202938472
284,0,3.444703913,3.020502724
285,0,3.671664776,3.763288609
286,0,3.203832553,2.226869816
287,0,3.353880333,2.429504341
288,0,3.001963161,2.475419762
289,0,2.985581939,2.726365693
290,0,3.148730161,2.356994490
291,0,2.938520552,2.086727012
292,0,1.805633218,1.936589012
293,0,2.365164361,2.897661198
294,0,2.160514190,2.096777073
295,0,2.648418360,2.031196234
296,0,2.705377768,1.851766394
297,0,1.605504019,1.309581746
298,0,2.418015962,2.785758775
299,0,2.372256438,2.487523430
300,0,2.058752809,1.930307981
301,0,2.239812915,1.439641901
302,0,2.388274220,1.431142393
303,0,2.411031246,2.161774282
304,0,2.528839865,2.491421342
305,0,2.618159978,2.135575918
306,0,1.953748071,1.560684422
307,0,2.039667881,2.304255649
308,0,2.987554306,2.022669594
309,0,2.732963388,2.043241055
310,0,3.024183020,2.207424437
311,0,2.840752656,2.728803568
312,0,3.091087326,2.827366948
313,0,2.833340520,2.870474825
314,0,3.248947749,2.631984497
315,0,2.847324308,2.109939338
316,0,2.900470703,2.055512761
317,0,3.140654957,2.304162689
318,0,3.357167725,2.353338726
319,0,3.065937901,2.277493452
320,0,3.130756851,2.695598533
321,0,2.898359487,2.048022711
322,0,2.525806588,2.286123268
323,0,2.324770340,1.388284039
324,0,2.460674931,1.998292818
325,0,2.152196276,2.023881209
326,0,2.219102519,1.890799178
327,0,2.063886250,1.919142412
328,0,2.154735631,3.316579952
329,0,2.260826415,4.029893160
330,0,2.595632472,4.997453288
331,0,2.441163220,4.200561161
332,0,2.996121154,4.979553661
333,0,2.603012698,5.639444580
334,0,2.745809700,4.844504505
335,0,2.669132466,5.537730357
336,0,3.047478865,4.551257783
337,0,3.130695815,4.050508915
338,0,3.319443277,4.531872441
339,0,3.895247880,5.512457324
340,0,3.587092247,8.792305043
341,0,3.720064220,8.769049640
342,0,4.174002538,9.395948042
343,0,2.426052670,6.159810247
344,0,2.547715613,6.352159485
345,0,2.499043283,4.883809450
346,0,3.422745067,4.210795998
347,0,3.174888722,2.927870286
348,0,2.987502252,2.510185436
349,0,3.119217407,3.036379509
350,0,3.157929047,3.660174334
351,0,2.513866439,4.477047777
352,0,3.232228853,4.953724516
353,0,3.659918703,4.290232517
354,0,3.441035203,4.793706416
355,0,3.029132706,3.999915061
356,0,3.735475838,3.629163375
357,0,3.392733099,3.227559322
358,0,3.377805101,3.489972824
359,0,3.305284495,2.941012168
360,0,3.041451104,2.712651640
361,0,1.925914559,2.654992893
362,0,2.136848019,2.502546260
363,0,3.313169657,3.008716351
364,0,3.387246427,3.352990499
365,0,3.320521590,3.102698533
366,0,3.294273191,3.319204418
367,0,3.172445977,3.689280858
368,0,3.382201498,3.458912834
369,0,3.878223330,3.414648564
370,0,3.558415132,2.787996225
371,0,3.616261718,3.098203855
372,0,3.439660162,2.874796925
373,0,3.240712403,2.937966137
374,0,3.334221627,3.392725072
375,0,3.397642402,2.915162896
376,0,3.273475611,3.346801962
377,0,2.448102166,3.274230488
378,0,3.029369398,2.915826966
379,0,3.206906937,3.366001482
380,0,2.438437874,3.026194808
381,0,2.450442301,2.965639559
382,0,3.471028744,3.114954221
383,0,3.418761298,3.416300816
384,0,3.376098710,3.409511458
385,0,3.178485050,3.501687580
386,0,3.177938278,3.626102343
387,0,2.937391813,3.397272859
388,0,3.605524530,3.473880395
389,0,4.064552315,3.812370425
390,0,3.778830542,4.015204423
391,0,4.130806205,3.893454805
392,0,3.630512303,3.821919228
393,0,3.791530663,4.336783889
394,0,3.691513460,4.770444468
395,0,3.791360085,5.317539854
396,0,4.086008208,4.806389332
397,0,3.960333490,5.131147248
398,0,3.843995701,4.695168751
399,0,4.162283547,5.141334185
400,0,4.010975751,4.675134652
401,0,3.829505354,5.513178696
402,0,3.178890873,6.375928198
403,0,3.340748705,7.538541903
404,0,3.765759658,8.562628612
405,0,3.872225637,9.713919430
406,0,3.656251031,8.719758479
407,0,3.200626649,7.886106494
408,0,2.991674795,8.842729720
409,0,2.861376369,9.763528206
410,0,3.360259346,10.647858050
411,0,3.707312212,9.736154665
412,0,3.774001593,9.078108332
413,0,3.567677394,8.389497078
414,0,3.561928920,7.604333311
415,0,3.323680998,8.425121889
416,0,3.446665132,9.216847958
417,0,3.969205403,10.436889665
418,0,3.815999016,11.264223522
419,0,3.561478816,10.254939506
420,0,3.559764926,9.548873035
421,0,3.379242006,8.595637882
422,0,3.513302690,9.525572672
423,0,3.079233509,8.782224078
424,0,4.097660848,9.707705526
425,0,3.102464746,9.624295595
426,0,3.913235789,10.696748530
427,0,3.694862710,9.135681713
428,0,3.803098938,8.127171678
429,0,3.759478286,7.817281250
430,0,3.461854426,6.170736185
431,0,2.898119267,5.972430613
432,0,3.596354702,6.788754419
433,0,2.969377365,7.423063428
434,0,2.836247074,7.257295402
435,0,3.016841017,6.049090750
436,0,3.169441789,5.068215763
437,0,4.043764051,5.477187248
438,0,3.831667536,6.074178015
439,0,3.786665434,6.594689778
440,0,3.948582417,6.312667583
441,0,3.219225858,4.565793020
442,0,3.734323656,4.482170662
443,0,3.759677910,4.096508166
444,0,3.829930886,4.069709116
445,0,3.783830730,4.366686737
446,0,3.682859480,5.000558801
447,0,3.824212357,4.359088669
448,0,3.642674161,3.685206044
449,0,3.743941219,4.290135021
450,0,3.753738428,3.736703052
451,0,3.709736933,3.517764844
452,0,3.078091520,3.576300772
453,0,3.194438349,3.965561091
454,0,3.924437303,4.130991460
455,0,2.807239464,3.721248476
456,0,3.039215592,3.778991659
457,0,3.459110894,3.329145711
458,0,3.484430686,3.134314100
459,0,3.881620997,3.671027078
460,0,3.662704528,3.209477934
461,0,3.356605725,4.365478876
462,0,3.204007635,5.391994491
463,0,3.365724637,4.480488712
464,0,3.551677431,3.882378044
465,0,3.949942944,4.738648770
466,0,2.553482855,4.733335469
467,0,3.338688135,5.748085688
468,0,3.297729340,6.992995968
469,0,3.151609195,5.804633887
470,0,3.644919860,4.718101044
471,0,3.652018082,4.020154004
472,0,2.702542753,3.510724852
473,0,3.616740127,4.047237963
474,0,3.203392690,4.596548314
475,0,3.550190249,3.742362027
476,0,3.604634838,4.304222892
477,0,3.219649181,2.762681542
478,0,3.515488939,4.052042361
479,0,3.111500244,3.702187439
480,0,2.072317861,1.273542952
481,0,2.753627718,2.241650703
482,0,2.874805043,1.874269192
483,0,3.286319680,2.467872059
484,0,3.626137589,3.347396417
485,0,3.197991690,2.320165190
486,0,2.776959857,2.296093352
487,0,2.648599782,1.846338271
488,0,2.822550685,1.869272241
489,0,2.018162761,1.508592885
490,0,2.524524835,1.866107345
491,0,2.733213378,2.014150272
492,0,2.964531648,2.655568165
493,0,2.630322538,1.845719025
494,0,2.618514513,1.590636506
495,0,2.833281493,2.165659683
496,0,3.222194230,2.041242418
497,0,3.250621394,2.259739634
498,0,2.969547542,2.673663994
499,0,3.011812540,2.916912988
500,0,3.196916481,2.631644899
501,0,3.376177319,2.975364354
502,0,3.674890763,2.845305454
503,0,3.483576873,3.449112375
504,0,3.240219624,3.426163105
505,0,3.201498880,3.335706628
506,0,1.593891838,1.604311694
507,0,1.668800574,1.842935449
508,0,2.555785271,2.613836324
509,0,2.775984882,3.379559041
510,0,1.900614045,3.186389305
511,0,2.795001826,3.016421289
512,0,2.916125530,2.134332629
513,0,3.340154704,2.210794448
514,0,2.995873508,2.954397275
515,0,3.315261900,2.821452323
516,0,2.951498708,2.661334842
517,0,2.557095200,2.196292271
518,0,3.233604181,2.742709074
519,0,2.997989777,2.226865299
520,0,3.102345372,2.449340187
521,0,3.364194584,2.470591123
522,0,3.185796351,2.277103503
523,0,3.062188466,2.340929988
524,0,3.067057439,2.850251674
525,0,1.511367227,1.327337284
526,0,2.170652494,1.868589665
527,0,2.312392573,2.104241893
528,0,2.997636852,3.313878281
529,0,2.899840359,4.088703500
530,0,3.093673625,4.983800829
531,0,2.910757062,3.693082610
532,0,2.859521454,4.974376785
533,0,3.296896771,3.844385659
534,0,3.012540325,2.982679074
535,0,3.330236373,2.864770637
536,0,3.289163456,3.603058139
537,0,3.276736736,4.388185195
538,0,3.315245742,5.230287278
539,0,3.340289722,4.728049791
540,0,2.850508007,4.395503782
541,0,3.317328025,4.488106771
542,0,3.598271381,4.947805833
543,0,3.788612852,4.295403498
544,0,3.642277394,3.556765397
545,0,3.799017771,3.988273298
546,0,3.233306662,5.414097219
547,0,3.386533631,4.751503727
548,0,2.983606821,4.230429334
549,0,3.654794383,5.150809847
550,0,3.606411274,4.536285156
551,0,3.520926487,4.144181814
552,0,3.754343018,3.839939418
553,0,3.854198418,4.340394218
554,0,3.739455903,3.630441137
555,0,3.630190648,2.917565431
556,0,3.983267117,4.188862865
557,0,3.830161126,3.156559857
558,0,3.197640685,2.797301036
559,0,3.324393955,2.508166537
560,0,2.597803127,2.599995232
561,0,3.286065986,3.151368578
562,0,3.315917229,3.764416997
563,0,3.791181826,3.414087350
564,0,3.675946305,4.076752971
565,0,3.514524227,3.149088223
566,0,3.088113071,4.580756572
567,0,3.213282623,4.957103000
568,0,3.582557320,4.153601798
569,0,3.398273264,5.053450410
570,0,3.519381028,3.941496725
571,0,3.393584580,3.967778594
572,0,2.719014595,3.043977884
573,0,3.251443075,3.151772796
574,0,3.281663591,3.208161369
575,0,3.191868450,3.226714643
576,0,3.286022174,2.822601102
577,0,3.346205205,3.324811923
578,0,2.768033952,4.267634810
579,0,1.939211788,2.606085697
580,0,2.781743192,2.596243122
581,0,2.327252190,2.556791445
582,0,2.948825220,3.019942790
583,0,2.913597930,3.203507309
584,0,3.195473330,3.425841375
585,0,2.581964177,2.161455532
586,0,2.932752297,2.549219687
587,0,3.305701880,2.848079253
588,0,3.227283902,2.626125284
589,0,3.162025916,2.637023867
590,0,3.613677326,2.724309869
591,0,3.422739017,3.028201857
592,0,3.487848752,3.461754263
593,0,3.091511491,4.081442275
594,0,3.493760432,4.468423785
595,0,3.349320047,2.756038412
596,0,3.262580709,2.608293083
597,0,2.898230128,2.363787041
598,0,3.020613815,1.935306660
599,0,2.872177528,2.349326983
600,0,2.947156804,1.936850937
601,0,2.862500161,3.213162412
602,0,3.055109229,2.515675970
603,0,3.247310428,2.451035840
604,0,3.309854123,2.960324517
605,0,2.830556304,2.040039032
606,0,3.053180507,2.774688069
607,0,3.041906454,2.862808548
608,0,2.797571469,3.007903300
609,0,3.263087144,3.450195475
610,0,3.312009297,3.197326214
611,0,3.467529847,2.925867129
612,0,2.889010343,3.034236664
613,0,3.530992508,2.976409292
614,0,3.408369066,2.674183578
615,0,3.617172522,2.665617194
616,0,3.452059692,2.973807689
617,0,3.358246646,2.689397092
618,0,2.923866616,3.229492000
619,0,3.377757419,2.937105513
620,0,2.934554548,2.974179875
621,0,3.342805865,2.651794140
622,0,3.521176453,2.964189372
623,0,3.474498575,3.635414311
624,0,3.087722065,2.095008503
625,0,3.282141479,2.400422109
626,0,3.143148468,2.156621444
627,0,3.194412674,2.801421259
628,0,3.307977934,3.569070004
629,0,3.495347776,3.794844084
630,0,3.134282477,2.106884577
631,0,3.145652370,2.054404467
632,0,3.056740348,3.106323526
633,0,1.934968154,3.255371783
634,0,2.513942173,4.222135092
635,0,1.829977441,1.673888497
636,0,1.613973514,0.874031497
637,0,1.181442768,0.956075133
638,0,1.719351685,1.993480066
639,0,2.217225906,1.607985547
640,0,2.012428829,1.541818829
641,0,2.096980556,2.040114593
642,0,1.244928010,1.806186567
643,0,2.341471037,1.742518631
644,0,2.722645366,2.004944478
645,0,2.618608263,2.711435221
646,0,2.920850885,2.360794661
647,0,3.145054313,2.904006170
648,0,2.857273413,2.241192094
649,0,2.858111312,2.253846544
650,0,3.312362709,3.243954802
651,0,3.137981031,2.045920554
652,0,2.908508059,2.378887453
653,0,2.880421834,2.578914372
654,0,2.570153237,2.275982749
655,0,2.932206552,3.360581265
656,0,2.841612937,3.202960690
657,0,0.901400705,1.365436909
658,0,1.479921980,1.000000000
659,0,1.858986525,1.258466767
660,0,2.585413034,1.760729331
661,0,2.110882373,1.777364072
662,0,0.534161875,0.429748055
663,0,1.082658740,1.026311422
664,0,1.293758537,1.438759164
665,0,1.945292029,1.808509642
666,0,2.230038088,1.697140642
667,0,0.874625006,0.481043524
668,0,2.481059686,1.878185675
669,0,2.702663274,1.537444974
670,0,2.650215922,1.853059933
671,0,2.591096571,1.659019498
672,0,2.688793707,1.736167469
673,0,2.723243266,2.202719972
674,0,2.741761273,1.697517107
675,0,3.166515417,2.077720513
676,0,2.522968701,1.907832931
677,0,2.163320028,1.868909567
678,0,2.931644442,1.789858425
679,0,2.205927260,1.680783621
680,0,1.735410593,2.319445457
681,0,2.451762678,1.823240134
682,0,2.766205592,2.041694233
683,0,3.207922565,2.090569872
684,0,3.084405492,2.006628750
685,0,2.639345061,2.077342791
686,0,2.390217642,2.023856004
687,0,3.061648405,2.436988762
688,0,3.170030837,2.267229120
689,0,2.963501712,1.848051387
690,0,2.466886200,1.310363706
691,0,2.800310428,1.940947811
692,0,2.952492385,2.347931620
693,0,2.939520232,2.043362974
694,0,2.860077403,1.754884081
695,0,2.967930368,2.060303938
696,0,2.928916592,2.564278658
697,0,2.951487501,3.411869571
698,0,3.083957281,2.401134479
699,0,3.058457928,2.628788322
700,0,3.116273112,1.851341436
701,0,2.712133380,2.193300733
702,0,2.073506994,1.744756050
703,0,2.782723180,2.363849995
704,0,2.999297393,2.498076085
705,0,3.361534649,3.849647244
706,0,3.562081126,5.140469131
707,0,3.159464561,5.205222640
708,0,3.628435250,6.526447558
709,0,1.587539959,2.789585938
710,0,2.823815312,2.312536085
711,0,2.649477607,1.525052480
712,0,2.651869282,2.068372267
713,0,2.045626780,0.778544954
714,0,2.321991760,1.601675800
715,0,2.373780173,2.051589618
716,0,-0.000000000,0.000000000
717,0,1.584962501,1.333333333
718,0,2.241541933,2.800000000
719,0,2.154902560,2.115027829
720,0,-0.000000000,0.000000000
721,0,1.061278124,0.500000000
722,0,2.098483862,1.852731591
723,0,2.026590486,0.874910990
724,0,-0.000000000,0.000000000
725,0,1.584962501,1.333333333
726,0,2.053289311,1.571428571
727,0,2.265504357,1.479356193
728,0,2.281316042,1.978261551
729,0,2.235529111,1.676523936
730,0,2.584348634,1.784745872
731,0,2.513221721,1.897062890
732,0,2.655008388,2.159924174
733,0,2.177855378,1.219654967
734,0,2.276999342,1.581412209
735,0,1.883114226,1.663855088
736,0,-0.000000000,0.000000000
737,0,1.000000000,1.000000000
738,0,1.901506403,1.176470588
739,0,2.277287740,1.428571429
740,0,1.689376578,0.627725216
741,0,2.433503404,1.714611384
742,0,2.393432780,2.232492729
743,0,2.685735002,1.932654636
744,0,3.468005980,3.112243150
745,0,1.488704921,1.923214410
746,0,2.215986774,2.537827023
747,0,2.272774894,1.996940783
748,0,2.336359607,1.294080561
749,0,2.180485742,1.336364358
750,0,2.627348428,1.542216766
751,0,2.595109372,1.567376177
752,0,2.342946463,1.443217652
753,0,-0.000000000,0.000000000
754,0,1.446616668,1.777777778
755,0,2.411725132,2.321839080
756,0,2.401661683,1.566068515
757,0,0.918097412,0.666270077
758,0,1.954495628,1.624916351
759,0,2.314481884,2.408422031
760,0,1.436545552,2.636363636
761,0,2.043910564,3.310679612
762,0,2.831379265,4.651807229
763,0,2.745000105,5.795707290
764,0,2.929684021,4.598728972
765,0,2.669074694,5.526367257
766,0,2.212925467,4.045367679
767,0,2.956697203,4.935452266
768,0,2.727260839,3.888415183
769,0,3.069529688,3.148160779
770,0,3.132576262,4.073616520
771,0,1.769842934,4.181735726
772,0,3.002481790,3.431796608
773,0,2.861548774,4.332926366
774,0,3.136098859,3.427447661
775,0,3.212073343,3.267432580
776,0,2.992333104,3.150743507
777,0,2.075229883,2.260044486
778,0,2.289452672,2.129888601
779,0,2.467966093,2.164544159
780,0,2.646147962,2.629708703
781,0,2.794718808,3.344916366
782,0,2.734669333,3.104560976
783,0,3.476237529,3.275284552
784,0,3.243000945,2.867144790
785,0,3.283241900,2.723343546
786,0,3.322590135,3.101621439
787,0,3.674521735,3.487786437
788,0,3.189097596,2.762975926
789,0,3.106740133,3.390834819
790,0,3.029465165,2.830104584
791,0,3.427271365,3.420501934
792,0,2.010396247,1.965708181
793,0,2.772421376,2.843244106
794,0,3.264889588,2.526852134
795,0,2.946879988,1.966143721
796,0,3.055430496,2.139068462
797,0,2.790438130,2.163270354
798,0,2.942360238,2.829452599
799,0,3.076208592,2.637671585
800,0,3.257005223,2.613878106
801,0,2.933948700,2.510384203
802,0,3.233778750,3.028582859
803,0,3.333976236,2.852041097
804,0,3.659828678,2.936079430
805,0,2.881773088,3.198180549
806,0,3.869723321,3.711808998
807,0,3.547058804,3.137801141
808,0,3.411039887,3.085401836
809,0,3.757605231,3.368962521
810,0,3.472774019,3.554385503
811,0,3.787928217,4.092052939
812,0,3.336340519,3.182504049
813,0,2.899674996,3.266178662
814,0,2.870749340,4.078311408
815,0,3.051834445,3.471632690
816,0,3.045990675,2.854950001
817,0,3.102783814,3.500957609
818,0,3.517645396,4.364218014
819,0,3.264804065,5.049007427
820,0,3.043236512,4.110051121
821,0,3.291323166,5.040797747
822,0,2.711427842,6.051931144
823,0,2.714773844,4.912641232
824,0,3.635734330,4.285607863
825,0,3.678512244,5.135676174
826,0,3.862994176,4.385394554
827,0,3.759758757,3.891598153
828,0,3.447734200,3.374063398
829,0,2.946094624,3.563618658
830,0,2.785804562,3.465610069
831,0,3.769258778,3.521750143
832,0,3.454639408,3.482089962
833,0,3.786457196,3.793297465
834,0,3.524627650,3.914687212
835,0,1.812130421,5.275505212
836,0,1.981776104,5.528049288
837,0,2.710532551,6.784337960
838,0,2.533218908,5.560112479
839,0,3.096736572,4.354365453
840,0,3.322437015,3.544040942
841,0,3.455765101,4.375794686
842,0,3.473521514,4.691527473
843,0,3.124686756,2.996629264
844,0,2.904496960,4.145691468
845,0,3.055845413,2.831069794
846,0,3.002092102,3.605916760
847,0,3.218268066,3.042386763
848,0,3.151902065,3.652628056
849,0,2.354025641,2.327193698
850,0,3.127782761,2.098057816
851,0,2.732114186,2.180618860
852,0,2.749369901,2.062330236
853,0,2.478817801,1.865460496
854,0,2.758496809,2.432869444
855,0,2.531920281,3.049550492
856,0,2.941827513,2.518701527
857,0,2.639968217,1.673826131
858,0,2.668429400,1.819515979
859,0,3.050763814,2.139686604
860,0,2.796968287,1.777318325
861,0,2.496756055,1.478252264
862,0,0.918258545,0.587939240
863,0,2.155811557,1.835951986
864,0,2.446021086,1.478371958
865,0,2.118928180,1.840023000
866,0,2.412900530,2.702352703
867,0,2.407952546,1.943881086
868,0,1.106759964,0.963302018
869,0,1.952648258,1.888604912
870,0,2.501308798,2.874577777
871,0,2.737143420,3.814910815
872,0,2.918250932,3.166210562
873,0,2.985014183,4.001478274
874,0,3.360580055,4.876333702
875,0,3.233043157,5.431857321
876,0,3.457103559,5.048452949
877,0,3.344954358,4.286273874
878,0,2.949675600,3.518432511
879,0,2.370322899,2.490871896
880,0,2.291233483,2.141313496
881,0,2.528870469,2.949888899
882,0,3.070470832,4.019227846
883,0,3.121055479,4.769946632
884,0,3.337513024,4.014461141
885,0,3.361780537,4.602349346
886,0,3.346932570,3.726686993
887,0,3.609836395,3.391284290
888,0,3.413197628,4.125044880
889,0,2.930541503,2.728071955
890,0,3.356157052,2.805711106
891,0,3.174354526,2.405022797
892,0,2.444731859,2.689709564
893,0,2.584677880,1.853547001
894,0,2.078543677,1.518772891
895,0,2.412342315,1.583854384
896,0,-0.000000000,0.000000000
897,0,1.000000000,1.000000000
898,0,1.775858948,1.076923077
899,0,1.863120569,1.571428571
900,0,2.139968827,1.695652174
901,0,2.861368591,2.163518887
902,0,2.952246137,2.562231760
903,0,2.661045906,1.899424676
904,0,2.414232706,1.501972307
905,0,1.000000000,1.000000000
906,0,1.775858948,1.076923077
907,0,1.781452184,1.209302326
908,0,2.129287062,2.104838710
909,0,2.380020575,3.009585221
910,0,1.811215083,2.000000000
911,0,1.916702709,3.000000000
912,0,2.635769110,4.000000000
913,0,2.934872290,3.271109615
914,0,2.971799646,4.052867337
915,0,2.102326073,3.000000000
916,0,2.690897760,4.000000000
917,0,2.989296517,5.000000000
918,0,3.121179730,5.778288365
919,0,3.155768673,5.206018417
920,0,3.253428452,4.568424966
921,0,3.065885265,4.587442861
922,0,3.249659826,5.173971963
923,0,3.325982730,4.658637951
924,0,3.316819743,4.020470798
925,0,3.200247151,3.952193425
926,0,3.174026084,3.258966565
927,0,3.113075141,4.282885192
928,0,3.135199141,3.296987446
929,0,3.534115548,2.908699273
930,0,3.361158565,3.896794196
931,0,3.243649082,4.553588245
932,0,3.202263267,5.792370727
933,0,3.084299327,4.976139463
934,0,2.872230751,6.283458265
935,0,3.010530658,4.967811081
936,0,2.851499235,6.189658788
937,0,3.040422821,4.885549547
938,0,3.186513058,5.255407631
939,0,3.218461687,5.063298997
940,0,3.706818925,4.349975245
941,0,3.709051731,3.933884313
942,0,3.089906348,3.360223195
943,0,3.001159614,1.617876902
944,0,2.630634011,1.328121383
945,0,2.851268487,2.246403788
946,0,2.849403460,2.628852745
947,0,2.128235475,1.920432416
948,0,1.938480555,2.294210855
949,0,2.699370988,3.136399947
950,0,3.816158152,4.435462291
951,0,3.893870917,3.753765454
952,0,4.152161400,4.371246640
953,0,4.137265299,4.339422654
954,0,3.647221351,3.394272397
955,0,3.991853193,4.041642338
956,0,4.153936058,4.617886752
957,0,2.991362805,3.878170107
958,0,2.689192507,3.358590252
959,0,2.515249591,3.345436443
960,0,2.766303871,2.456480401
961,0,3.026766783,2.497457296
962,0,3.314693409,2.010546980
963,0,3.099500602,2.491705802
964,0,3.089409625,2.110020308
965,0,3.529262313,2.361678524
966,0,2.974134128,1.901592171
967,0,2.960364502,1.902489223
968,0,2.856575130,1.942005982
969,0,2.641570962,2.375762498
970,0,2.904984030,1.807278668
971,0,2.977919830,1.966786750
972,0,2.263877917,2.061723235
973,0,2.392613052,1.960274822
974,0,3.090616439,2.253110020
975,0,3.179899498,2.658727741
976,0,3.378066442,2.534578041
977,0,3.197072264,2.508580476
978,0,3.120379147,3.270390137
979,0,3.416207509,3.827196675
980,0,3.332253679,3.815774986
981,0,0.901173292,0.634151936
982,0,1.615085139,0.743413882
983,0,1.840209188,1.153423874
984,0,2.109452513,1.224360141
985,0,2.137462639,1.373615745
986,0,2.551240706,1.704880298
987,0,2.346660860,2.053208851
988,0,2.298795890,1.415051550
989,0,2.638070179,1.977643663
990,0,1.616416944,1.531989928
991,0,1.875278821,1.358893161
992,0,2.790945451,1.944689490
993,0,1.695799294,1.477042143
994,0,2.289238473,2.156497243
995,0,2.523064152,2.631806054
996,0,2.599358098,3.011777782
997,0,1.366652953,3.380945540
998,0,2.571736286,2.566384583
999,0,2.712823710,3.536870522
1000,0,3.049796123,3.046265230
1001,0,3.411807587,2.662537315
1002,0,3.357973156,3.003595690
1003,0,3.100148676,2.466700177
1004,0,3.070269181,2.734655896
1005,0,2.891623277,3.277003087
1006,0,2.652765806,4.374328632
1007,0,2.996089244,4.988492213
1008,0,3.085661249,3.557176397
1009,0,2.801071451,3.109892678
1010,0,3.052105324,3.658104257
1011,0,3.032198705,4.526096109
1012,0,3.054589269,5.091621353
1013,0,3.095274241,5.991410216
1014,0,2.088959840,5.195376875
1015,0,2.127216010,5.641961619
1016,0,2.696841109,5.021220235
1017,0,2.878646632,5.675620168
1018,0,3.693785230,4.042715357
1019,0,3.378700419,3.657883366
1020,0,2.950104545,4.861088510
1021,0,3.548096602,5.296324230
1022,0,3.274840105,5.751922233
1023,0,3.088164585,5.367566372
1024,0,1.565209865,5.928449081
1025,0,2.259470969,4.939245268
1026,0,2.649617157,5.595404368
1027,0,2.889065606,7.029663751
1028,0,2.959629013,4.065391639
1029,0,3.312739684,4.583323972
1030,0,3.460449876,4.225243577
1031,0,3.243754140,3.158076332
1032,0,3.325546420,2.629031842
1033,0,3.140234964,2.484266251
1034,0,3.285613486,2.335420048
1035,0,3.455679464,2.662189203
1036,0,3.396824223,2.516087814
1037,0,3.156002413,2.332996013
1038,0,2.869923619,2.224015739
1039,0,2.580532477,1.912320939
1040,0,2.735875911,2.709257250
1041,0,3.007099429,2.325832124
1042,0,2.772733497,2.872116065
1043,0,2.321741302,2.078567651
1044,0,2.144377882,2.181477884
1045,0,3.037155751,2.540419500
1046,0,3.306171849,3.233576569
1047,0,3.279762253,2.806994237
1048,0,3.248614746,3.308129297
1049,0,3.301879430,3.921568451
1050,0,3.502989114,4.537742971
1051,0,3.597461335,5.115004717
1052,0,3.613201892,4.342278213
1053,0,1.894329117,1.947785295
1054,0,2.295160599,1.793924075
1055,0,2.534219165,1.619171195
1056,0,2.566163142,2.207840325
1057,0,2.618742242,3.082079697
1058,0,3.061116221,3.806745752
1059,0,2.982963336,4.722618934
1060,0,2.891102841,4.159729530
1061,0,2.895901787,3.134596592
1062,0,2.958442425,3.966731672
1063,0,2.921552739,4.834163387
1064,0,3.102756888,4.124817166
1065,0,2.731507950,5.140285661
1066,0,3.319149717,5.728040039
1067,0,3.910674658,5.032215740
1068,0,3.657974397,4.610442027
1069,0,3.692585651,5.602627463
1070,0,0.005011733,0.001571570
1071,0,1.004618840,1.001178678
1072,0,1.920752157,1.333988154
1073,0,2.327815961,1.534381047
1074,0,2.218828955,1.774730541
1075,0,2.508415877,1.557304516
1076,0,2.401496802,1.683735719
1077,0,2.820424994,1.900631555
1078,0,2.603027623,1.953081476
1079,0,2.143628745,1.960042291
1080,0,2.248976978,1.121912395
1081,0,2.502433476,1.655541180
1082,0,2.566546176,2.431026607
1083,0,2.486324076,1.537154848
1084,0,2.153719617,2.128613533
1085,0,2.332652443,1.454547172
1086,0,1.092258575,0.837482598
1087,0,2.239774676,2.030036996
1088,0,1.896215902,1.230279964
1089,0,2.161820242,1.204578631
1090,0,2.223046609,1.424994120
1091,0,1.504720890,1.313554806
1092,0,2.184677403,1.429476407
1093,0,2.698479886,1.921859845
1094,0,2.917930478,2.668227501
1095,0,2.294704401,1.852050930
1096,0,2.097681257,1.817218101
1097,0,2.821861962,1.475675034
1098,0,3.156747068,2.226738188
1099,0,3.254027291,3.213446827
1100,0,3.352297112,2.623610185
1101,0,3.444888041,2.337410734
1102,0,3.011465228,3.361860898
1103,0,3.583581857,2.882094945
1104,0,3.545600982,2.880072048
1105,0,3.226526063,2.671661759
1106,0,3.184295308,2.814424933
1107,0,3.412838195,2.841161423
1108,0,2.923976899,2.410566128
1109,0,3.133246768,2.597877466
1110,0,2.948986299,2.749241616
1111,0,2.918996443,2.406710683
1112,0,1.045928552,1.122370796
1113,0,1.497078809,2.089935107
1114,0,2.187232976,1.787472961
1115,0,2.221697458,1.385327746
1116,0,2.399971117,1.868722824
1117,0,2.215266665,1.457748330
1118,0,2.784757824,2.647494374
1119,0,2.703996317,3.008678788
1120,0,2.617729671,4.298430490
1121,0,2.786648784,3.660990568
1122,0,2.680368793,3.333204513
1123,0,2.739143875,3.455300494
1124,0,2.784789001,2.103747153
1125,0,2.784967650,3.525617789
1126,0,2.886413334,2.228532235
1127,0,2.785041860,2.761886518
1128,0,2.833074823,4.074432449
1129,0,3.023322515,5.091676099
1130,0,2.835077864,3.843637624
1131,0,2.956017265,4.541879440
1132,0,3.119077413,3.706871717
1133,0,3.205500125,4.876041378
1134,0,3.526700067,4.139908012
1135,0,3.193060454,3.245521721
1136,0,3.247907047,4.167181176
1137,0,3.446713696,3.678204764
1138,0,3.653628259,4.367192006
1139,0,3.490063663,4.947541122
1140,0,3.456794643,4.491973012
1141,0,3.451873989,3.882821216
1142,0,3.345874609,2.775424508
1143,0,3.213528855,2.862851593
1144,0,3.686707252,4.060434498
1145,0,3.460560261,4.205851446
1146,0,3.080152426,3.331533653
1147,0,0.956613331,1.511978298
1148,0,1.738389059,0.776792162
1149,0,2.532619453,1.716158894
1150,0,-0.000000000,0.000000000
1151,0,1.314320487,1.076923077
1152,0,1.921928095,1.200000000
1153,0,2.814595624,2.255319149
1154,0,1.807501002,1.347826087
1155,0,1.514735096,1.262295082
1156,0,2.613778061,1.722677596
1157,0,2.233745870,1.861224198
1158,0,2.685889951,1.723816114
1159,0,2.411767444,2.092558723
1160,0,3.046829084,2.421399890
1161,0,2.485431775,2.259521181
1162,0,2.152750019,2.105907475
1163,0,2.685411034,2.013803819
1164,0,3.074104834,1.897851541
1165,0,2.330696163,1.816376708
1166,0,1.174557856,1.036243628
1167,0,-0.000000000,0.000000000
1168,0,1.314320487,1.846153846
1169,0,-0.000000000,0.000000000
1170,0,1.314320487,1.076923077
1171,0,2.485393002,2.410256410
1172,0,1.992051750,0.773263434
1173,0,2.842970188,1.839323467
1174,0,2.643341811,2.380903491
1175,0,2.841385686,3.204651426
1176,0,3.115108710,2.933372002
1177,0,2.642817002,2.115452431
1178,0,2.715922886,2.196049563
1179,0,3.679653274,2.716948221
1180,0,3.735848528,3.462784129
1181,0,3.853001445,3.673000560
1182,0,3.600056533,3.154228873
1183,0,3.749647386,2.932375236
1184,0,3.036332681,2.138554607
1185,0,3.424341001,2.477519282
1186,0,3.695187944,3.429766599
1187,0,3.377540738,3.580729743
1188,0,3.520151021,2.933785142
1189,0,3.550385816,3.572153865
1190,0,3.746316292,4.396635419
1191,0,3.894062675,3.626202692
1192,0,3.704825656,2.941537847
1193,0,3.228410993,2.285199359
1194,0,3.233690885,2.136659384
1195,0,3.183734207,2.470637897
1196,0,3.130028964,2.562595033
1197,0,3.101255799,2.768217853
1198,0,2.908181977,2.267354303
1199,0,3.156590170,2.998848244
1200,0,3.377707672,3.363439398
1201,0,3.541762556,2.886590662
1202,0,3.718691274,4.289094350
1203,0,4.065857390,4.295902569
1204,0,3.942704432,4.146080459
1205,0,3.603054520,2.909819970
1206,0,3.756516354,3.082742494
1207,0,3.645271103,2.770525749
1208,0,2.834316226,2.957249303
1209,0,3.052773876,2.113849722
1210,0,3.049600861,2.083186868
1211,0,2.764001997,2.212363351
1212,0,2.957515704,2.774542005
1213,0,3.329118130,3.830618808
1214,0,3.094999760,2.585709691
1215,0,3.749481082,3.527057772
1216,0,3.903651516,4.568049651
1217,0,3.972244656,4.006927528
1218,0,3.801703526,5.396139556
1219,0,3.539670705,4.767559392
1220,0,3.834907565,5.711232118
1221,0,3.786408312,6.810529222
1222,0,1.860146631,1.671347316
1223,0,2.649307387,1.783965224
1224,0,2.914791369,2.558463723
1225,0,3.066052805,3.426839796
1226,0,2.914691288,2.885344559
1227,0,3.588677204,2.737240730
1228,0,3.399833668,2.617832705
1229,0,3.655097449,2.734677497
1230,0,3.552352178,3.072821825
1231,0,3.433925105,3.527193624
1232,0,3.490909759,3.191864600
1233,0,3.021187557,3.560033566
1234,0,3.348663193,3.285122665
1235,0,3.486576869,2.999601072
1236,0,3.414286584,3.312984502
1237,0,3.605394316,4.121608517
1238,0,3.667776051,4.501710660
1239,0,3.709062865,3.921943588
1240,0,3.842320499,3.552079249
1241,0,3.797289716,3.434419933
1242,0,3.708588903,3.826857659
1243,0,3.599325678,3.942173516
1244,0,3.449847360,4.531192646
1245,0,3.616518632,4.123821852
1246,0,3.965258526,3.721362997
1247,0,3.649404710,3.173674203
1248,0,2.325334745,1.923984378
1249,0,2.344905781,2.484953193
1250,0,2.999499324,2.365293830
1251,0,3.321573948,2.541349565
1252,0,3.566096803,2.826167857
1253,0,3.425677744,2.846726850
1254,0,3.169936153,2.713791715
1255,0,2.683540371,2.659363699
1256,0,2.859843243,3.594191450
1257,0,3.034507265,2.903182714
1258,0,2.859702239,2.205156233
1259,0,2.139430685,2.287104186
1260,0,2.365012274,2.416802067
1261,0,3.167414019,2.809528368
1262,0,3.277597559,2.765027453
1263,0,2.746462713,3.141269046
1264,0,3.464641813,3.734469674
1265,0,3.455707732,3.261063395
1266,0,2.926152171,2.244217954
1267,0,2.966737931,2.491569518
1268,0,2.616149507,1.758201910
1269,0,2.475868817,2.352791414
1270,0,2.792579837,3.369548393
1271,0,2.795723039,2.615031770
1272,0,2.915686036,3.479201707
1273,0,2.937481595,4.435781864
1274,0,3.244793524,5.088185862
1275,0,2.987286171,4.155429697
1276,0,3.084449461,3.342943531
1277,0,3.488603186,4.120272692
1278,0,3.619165715,3.946872033
1279,0,3.582826378,3.339990213
1280,0,3.506268268,3.919998627
1281,0,3.962597603,3.767766133
1282,0,3.784950608,3.304003625
1283,0,3.926061193,3.438479772
1284,0,3.535322374,3.469641370
1285,0,3.157179994,3.800365541
1286,0,3.810058739,3.683551212
1287,0,3.959157860,3.604820580
1288,0,3.621986305,3.541400582
1289,0,4.012140979,3.956042754
1290,0,3.621317086,4.295722164
1291,0,3.602105862,4.697753159
1292,0,3.307322247,4.404945198
1293,0,3.531030756,4.834851818
1294,0,2.741686836,4.906597285
1295,0,3.344447287,4.466432565
1296,0,3.368203652,3.639954235
1297,0,3.743546654,3.854562173
1298,0,3.564249451,3.504312424
1299,0,3.357622176,2.751714137
1300,0,3.212282787,2.944755776
1301,0,3.585528293,3.431230728
1302,0,3.517220953,4.333158036
1303,0,3.679124429,3.336559994
1304,0,3.725053787,3.502823482
1305,0,3.338793827,3.084847212
1306,0,3.313060906,2.743361704
1307,0,3.135787763,3.580931182
1308,0,3.175575765,4.253052547
1309,0,3.202350638,3.524275798
1310,0,3.071191952,3.113886559
1311,0,3.263161699,2.634917939
1312,0,3.257946730,2.477322125
1313,0,2.950310545,2.999105443
1314,0,2.910001500,2.189132825
1315,0,2.879607178,2.378320119
1316,0,3.318750811,2.687878566
1317,0,3.407038038,2.790545311
1318,0,3.796295441,3.274751213
1319,0,3.109585476,3.479749360
1320,0,3.579776903,3.596157414
1321,0,3.445831226,3.345998313
1322,0,3.437038243,3.744223077
1323,0,3.564630712,4.529333366
1324,0,3.425493197,5.387978762
1325,0,3.194217823,6.321792766
1326,0,2.982871599,7.087588497
1327,0,2.694593675,5.714567199
1328,0,2.434522604,5.452259860
1329,0,3.088684930,6.232782990
1330,0,3.169586200,6.803565832
1331,0,2.962284887,7.190344064
1332,0,3.407343089,6.331924769
1333,0,3.959850504,5.471670295
1334,0,3.945992051,5.966998525
1335,0,3.609760065,6.972691107
1336,0,3.521383236,7.958941552
1337,0,3.638545268,8.967793493
1338,0,3.921276631,8.086084051
1339,0,3.658744432,9.064632590
1340,0,3.627227711,10.072662863
1341,0,3.703085334,9.118539530
1342,0,3.969906092,8.221073319
1343,0,3.964698771,8.908541677
1344,0,2.748352313,8.838042795
1345,0,2.763644635,4.696078538
1346,0,1.955268949,1.744948719
1347,0,2.148707333,2.027219739
1348,0,1.836655181,1.960080355
1349,0,2.033469176,1.624598164
1350,0,2.519515736,1.873952992
1351,0,2.373855944,1.836111291
1352,0,2.436510313,2.002388567
1353,0,2.395251363,3.003645086
1354,0,2.630076779,2.203492593
1355,0,2.791336681,1.824358710
1356,0,3.326294523,2.100745791
1357,0,3.093386478,1.956953612
1358,0,2.992553298,2.225031449
1359,0,2.980160678,2.501864514
1360,0,2.873115944,2.468170310
1361,0,3.096608269,3.526298785
1362,0,3.051036015,4.311902862
1363,0,3.210373782,3.473623389
1364,0,3.313640093,3.297364919
1365,0,3.383206660,3.681807130
1366,0,3.429050946,2.980045548
1367,0,3.406140954,2.954936600
1368,0,3.516971031,3.298656706
1369,0,3.534200380,4.045678808
1370,0,3.443318675,3.518808982
1371,0,3.382393228,3.284095577
1372,0,3.348601637,3.441069888
1373,0,3.222315457,3.440771085
1374,0,2.802678435,2.515601635
1375,0,2.943996217,2.615154953
1376,0,3.825533258,3.480790779
1377,0,3.600429412,2.786541406
1378,0,2.341053605,1.851648695
1379,0,2.965199406,2.324914368
1380,0,2.619287693,2.706116912
1381,0,2.963867329,3.607513897
1382,0,2.766289143,2.277455158
1383,0,2.399874385,2.561445513
1384,0,2.227517787,2.433787215
1385,0,3.131145932,2.435060472
1386,0,2.043066604,2.341818473
1387,0,2.361520275,2.080615462
1388,0,2.206196088,1.660900334
1389,0,2.580101085,2.234443206
1390,0,2.949642170,2.011775800
1391,0,2.973106192,2.543922164
1392,0,3.268114139,2.870942843
1393,0,2.664001876,1.810355423
1394,0,2.081409838,2.019460148
1395,0,2.537985314,2.977093294
1396,0,2.816742231,3.917135299
1397,0,2.723654305,3.089489760
1398,0,3.056332075,2.631424591
1399,0,2.512078572,1.866631315
1400,0,2.224956625,1.912264414
1401,0,2.753337749,2.433780589
1402,0,3.314271255,3.154259848
1403,0,3.403706665,3.860348335
1404,0,3.311752102,3.496420592
1405,0,3.128437970,3.338648238
1406,0,2.932292221,2.842858268
1407,0,2.584406693,3.103757420
1408,0,3.168484455,3.193057198
1409,0,3.229713135,2.991791526
1410,0,2.986507519,2.688502548
1411,0,2.912957447,2.968047765
1412,0,3.082805558,3.751828164
1413,0,1.975425332,3.193562351
1414,0,1.562834415,2.118018207
1415,0,1.965653831,1.855405641
1416,0,2.229090913,1.933186153
1417,0,2.755723944,2.461229148
1418,0,2.371424576,2.999663231
1419,0,3.250723255,3.322419148
1420,0,2.842447783,3.422132022
1421,0,3.519618029,3.921130928
1422,0,3.644229331,3.767109131
1423,0,3.737134933,4.307796437
1424,0,3.837069142,4.030758679
1425,0,4.004983272,4.577524166
1426,0,3.900108794,4.258108136
1427,0,4.088654483,4.074450808
1428,0,3.759983190,3.789486020
1429,0,3.680126002,3.974451314
1430,0,3.962950616,3.741918076
1431,0,3.951286583,3.674737467
1432,0,3.937768716,3.670943587
1433,0,3.984726736,3.781341844
1434,0,3.932530776,3.731947445
1435,0,3.809727200,3.695394368
1436,0,3.604977746,3.619553052
1437,0,3.813236030,3.820484195
1438,0,2.753220072,3.204486134
1439,0,3.440838955,3.826961849
1440,0,3.535032847,4.234495230
1441,0,3.790031835,3.813167679
1442,0,3.834136628,4.542654596
1443,0,3.334257214,4.352197291
1444,0,3.330048691,5.170864006
1445,0,3.644453236,4.406810616
1446,0,3.363040091,3.564767045
1447,0,2.975398626,3.240034780
1448,0,3.047452606,3.226444137
1449,0,2.505022983,3.430427335
1450,0,1.021211096,0.830562804
1451,0,1.537820059,1.820306421
1452,0,1.853219597,1.383619040
1453,0,2.746921502,1.738960553
1454,0,3.073089125,2.254342854
1455,0,3.329378042,2.364857591
1456,0,2.397912584,1.988832696
1457,0,2.315621120,2.046826056
1458,0,3.259094723,2.794928034
1459,0,3.006929761,3.385581447
1460,0,3.678155614,4.170213364
1461,0,3.559571692,5.455895255
1462,0,2.868567432,6.258745373
1463,0,2.967124422,5.120162656
1464,0,2.444558008,5.455101871
1465,0,2.874354629,6.223424835
1466,0,3.254993364,5.333037771
1467,0,2.992026028,6.746860038
1468,0,2.988776996,5.996911969
1469,0,3.299822259,7.077821161
1470,0,3.145550946,6.485643661
1471,0,3.386103795,7.280752597
1472,0,3.290282635,6.768007157
1473,0,3.197924867,5.459147746
1474,0,2.619800686,4.550241689
1475,0,2.584368800,4.544019551
1476,0,3.273222225,6.112867388
1477,0,3.270683260,5.649491505
1478,0,3.558106939,4.741954069
1479,0,3.129061328,3.361518540
1480,0,3.013797830,2.686146139
1481,0,2.640935987,4.197368962
1482,0,2.727810647,2.745760057
1483,0,2.654140389,2.450633242
1484,0,2.702864935,2.622209138
1485,0,2.953301282,4.485710994
1486,0,2.877527633,5.606138788
1487,0,2.800467609,4.197707829
1488,0,3.077817511,3.856300602
1489,0,3.072263698,2.995579638
1490,0,0.965210178,1.048453296
1491,0,1.603464574,1.502144209
1492,0,2.252093808,2.311939569
1493,0,2.499520572,2.867638975
1494,0,2.704015402,2.435096263
1495,0,2.676456498,1.665506254
1496,0,2.848559654,2.545642327
1497,0,2.876244290,2.400852316
1498,0,2.784595231,1.971102451
1499,0,2.696749955,1.899243425
1500,0,3.140904419,2.242566798
1501,0,3.043839004,2.292212325
1502,0,3.342587432,2.988301062
1503,0,3.428832583,2.791475924
1504,0,3.344608675,2.777252008
1505,0,3.497626661,2.969234460
1506,0,3.064015512,2.974171639
1507,0,2.655690262,2.798868832
1508,0,3.335139956,3.066874874
1509,0,1.932169929,1.718061513
1510,0,1.535793433,1.400046115
1511,0,0.976151708,0.818676592
1512,0,1.183297088,0.500000000
1513,0,1.723748479,1.202610284
1514,0,2.763166462,2.427751470
1515,0,0.999944674,1.008757662
1516,0,-0.000000000,0.000000000
1517,0,1.000000000,1.000000000
1518,0,1.186278124,2.000000000
1519,0,1.206439390,1.035573123
1520,0,1.197846344,2.000000000
1521,0,1.732810612,1.190455120
1522,0,2.091768200,1.172509687
1523,0,2.502108702,1.758111333
1524,0,2.153315898,1.724442601
1525,0,2.044773111,2.171705643
1526,0,2.933508362,2.755422486
1527,0,2.602656386,2.557156066
1528,0,3.173196596,3.083738455
1529,0,2.763707107,3.853549624
1530,0,3.390094401,3.604564011
1531,0,3.293229652,2.752876845
1532,0,3.372101301,3.043095461
1533,0,3.552331515,3.400555103
1534,0,3.715612025,3.191550169
1535,0,3.618897595,3.055654188
1536,0,2.705240785,2.639997733
1537,0,3.250828071,3.580348598
1538,0,3.662990403,3.159415407
1539,0,3.532742841,3.283674746
1540,0,3.703319590,3.790453950
1541,0,3.515041858,4.327568297
1542,0,3.332359143,4.298014886
1543,0,2.874316328,2.964569663
1544,0,3.206487067,2.930698495
1545,0,3.770766232,2.992408579
1546,0,3.677362508,3.121866828
1547,0,3.576645896,3.517413578
1548,0,3.424637769,3.506153668
1549,0,2.066151995,2.416630875
1550,0,2.308761245,3.443040376
1551,0,2.603263972,4.281704778
1552,0,3.577182738,3.727992667
1553,0,3.346066574,3.124910011
1554,0,3.651007064,3.020461118
1555,0,2.228941747,2.292421379
1556,0,3.081207156,2.839243943
1557,0,2.872870997,2.084539922
1558,0,2.889775020,2.271410815
1559,0,2.770018510,1.983060332
1560,0,3.491903713,2.680464263
1561,0,3.573819339,3.046914184
1562,0,3.598198768,3.071163515
1563,0,3.713455215,3.840952570
1564,0,3.432197247,3.932061631
1565,0,3.489941035,3.230029495
1566,0,3.352679582,3.731284307
1567,0,2.594926672,2.824080768
1568,0,2.787113259,3.056592011
1569,0,3.435565824,3.410818705
1570,0,2.605422233,3.687681795
1571,0,3.006599893,4.294805916
1572,0,3.734744212,4.794700640
1573,0,3.592457683,4.299657174
1574,0,3.391330476,4.057866782
1575,0,3.301432659,2.777127553
1576,0,3.523297186,3.205863012
1577,0,3.763459617,3.663672253
1578,0,3.466877617,2.657933763
1579,0,3.782178991,2.817133310
1580,0,3.360233185,2.493828920
1581,0,3.201629084,2.768491466
1582,0,3.137798414,3.323611835
1583,0,2.631408836,2.687806303
1584,0,2.635603080,2.328417799
1585,0,3.567019457,2.985910159
1586,0,3.544818880,3.674064964
1587,0,3.658724272,3.122956787
1588,0,3.404385257,2.744516724
1589,0,3.742693487,2.898735333
1590,0,3.428932402,2.981627897
1591,0,3.755369653,3.485493593
1592,0,2.698115176,2.766537234
1593,0,3.651395207,3.272585831
1594,0,3.707691421,3.684393261
1595,0,2.711038964,3.417969849
1596,0,3.262593713,3.234250998
1597,0,3.271239809,3.546868339
1598,0,3.071461743,3.577159001
1599,0,3.437115769,3.620016405
1600,0,2.792954467,3.078582695
1601,0,3.371307027,2.898092926
1602,0,3.206409953,3.284380601
1603,0,3.493707311,3.308848280
1604,0,2.921485697,3.405808092
1605,0,3.565965816,3.610445453
1606,0,3.981167841,3.744965172
1607,0,3.747286475,3.637176122
1608,0,3.681973642,3.702727360
1609,0,2.965424346,4.261848483
1610,0,3.360387570,3.496490986
1611,0,3.588588164,4.148614155
1612,0,3.069267558,4.177390177
1613,0,3.515470917,4.827023023
1614,0,3.393634690,4.444046310
1615,0,4.087470999,4.404496947
1616,0,3.999650413,4.275745363
1617,0,4.117369674,4.597808102
1618,0,3.772162906,4.324087866
1619,0,3.592456801,4.493292533
1620,0,3.740379793,4.555647160
1621,0,3.612822613,4.597296666
1622,0,3.396411129,5.004824658
1623,0,3.925658598,5.719511768
1624,0,3.759492894,5.097175424
1625,0,3.070932172,4.456115331
1626,0,3.652255921,5.232864480
1627,0,3.898071764,4.821383881
1628,0,3.019021580,5.065913519
1629,0,3.650192163,5.928786988
1630,0,4.080434084,6.780490900
1631,0,3.980226813,7.419772900
1632,0,3.766876751,6.190064367
1633,0,3.673731489,6.751309525
1634,0,3.377632233,6.414836197
1635,0,3.447031849,7.214995172
1636,0,3.253503891,6.097511948
1637,0,3.479305168,7.048229141
1638,0,3.711497674,6.129449926
1639,0,3.518195155,6.664674947
1640,0,3.335030029,6.844361220
1641,0,3.592399763,6.446293462
1642,0,3.799381247,5.728118983
1643,0,3.626138605,6.584449935
1644,0,3.596735475,7.499903392
1645,0,3.308435773,6.373125163
1646,0,3.520676310,7.421806449
1647,0,3.170735994,8.477765261
1648,0,3.622404034,8.320372566
1649,0,3.594235324,7.398004795
1650,0,2.543747675,6.598113683
1651,0,3.342420875,5.916356462
1652,0,2.976004813,6.409067859
1653,0,3.630555708,7.342881415
1654,0,3.727680002,6.558031004
1655,0,3.642802124,7.282549641
1656,0,3.362360108,6.229973341
1657,0,3.642767410,5.452446681
1658,0,2.196573710,3.854781188
1659,0,3.129721021,3.487291486
1660,0,2.908342921,2.770653437
1661,0,3.101554360,3.475886316
1662,0,3.204695413,4.333309769
1663,0,2.843333737,3.887287539
1664,0,3.804445216,4.629264727
1665,0,3.727679982,5.154064076
1666,0,3.222519964,4.148244428
1667,0,2.913752004,4.999580148
1668,0,2.578168518,4.113409510
1669,0,3.340379956,3.932951379
1670,0,3.588227426,4.177362092
1671,0,3.376079229,4.023839372
1672,0,3.595742145,4.049937450
1673,0,3.376554270,3.708391544
1674,0,3.865324573,3.876857541
1675,0,3.688305927,4.003042000
1676,0,3.494336403,4.356223648
1677,0,3.141691803,4.213780078
1678,0,2.954610367,3.657655625
1679,0,3.270473752,4.019210683
1680,0,3.431043492,3.444725757
1681,0,3.447010963,3.326212812
1682,0,2.928759994,3.650908670
1683,0,2.890846384,3.846974725
1684,0,2.705623279,3.565337083
1685,0,2.885269027,3.998478183
1686,0,1.557215894,1.969799867
1687,0,2.322529383,1.808372188
1688,0,2.235498024,1.946751569
1689,0,2.528721109,1.907252834
1690,0,2.434672857,2.004134799
1691,0,3.047426374,2.466309405
1692,0,2.955940287,2.687353007
1693,0,2.197478951,3.464158768
1694,0,2.995507309,4.608435962
1695,0,3.093592528,3.622516409
1696,0,2.388623909,2.846273434
1697,0,2.679869201,2.324559452
1698,0,2.808936643,2.357869245
1699,0,2.642208061,2.095953300
1700,0,2.795817512,2.195305108
1701,0,3.080615716,2.380539113
1702,0,3.054924410,2.362303275
1703,0,3.131924963,2.614186432
1704,0,2.024413774,2.824187614
1705,0,2.603816517,2.644771647
1706,0,2.953312121,2.310548065
1707,0,3.199615560,2.391956922
1708,0,2.908924582,2.216414674
1709,0,2.651031358,2.991219330
1710,0,2.462551652,2.315662413
1711,0,2.229504223,2.129084588
1712,0,1.888569140,1.235723075
1713,0,1.850403603,2.105221139
1714,0,2.616733746,3.021108563
1715,0,1.965025623,1.088770497
1716,0,2.443413447,1.901803749
1717,0,2.424531090,1.588226655
1718,0,1.737490160,0.816807494
1719,0,1.950002330,1.447832155
1720,0,1.733424741,0.948642693
1721,0,2.192765149,1.615348780
1722,0,2.276713286,2.281054676
1723,0,1.941473064,1.017382133
1724,0,1.782635480,1.471573642
1725,0,1.495410392,0.880401464
1726,0,1.279748952,0.954527854
1727,0,1.205025431,1.746346917
1728,0,2.184189423,1.708303848
1729,0,1.460119314,1.952212796
1730,0,1.219577021,1.056098546
1731,0,1.815144045,2.004269531
1732,0,1.545434372,1.230771112
1733,0,1.238700618,2.011200413
1734,0,1.449255712,1.526172662
1735,0,2.739390687,2.491649899
1736,0,2.282589982,2.672843956
1737,0,2.571406075,3.575484769
1738,0,2.131646693,2.343049439
1739,0,2.261809219,1.793087154
1740,0,2.228315850,1.675885549
1741,0,2.838715729,2.359457903
1742,0,2.864424226,2.709585669
1743,0,2.757948221,2.190288167
1744,0,2.718797964,1.814024395
1745,0,2.823361862,3.202077363
1746,0,3.346445124,4.462951451
1747,0,3.326023906,4.886457147
1748,0,3.295492587,4.461487700
1749,0,2.984497458,6.979181756
1750,0,1.234598696,0.755541801
1751,0,2.330329900,1.357251967
1752,0,2.782227546,1.870542978
1753,0,2.685744290,1.616801119
1754,0,3.073990200,2.164899208
1755,0,2.866150046,2.761508014
1756,0,2.924189388,3.797075855
1757,0,3.118273620,4.622218376
1758,0,3.420849026,4.877393798
1759,0,3.817311611,4.996181224
1760,0,3.351578337,3.287174573
1761,0,3.248071501,2.721520460
1762,0,2.391332194,2.579401051
1763,0,2.559961494,2.333236900
1764,0,2.809901037,2.155861632
1765,0,2.974202850,2.502230544
1766,0,2.841733193,2.122290130
1767,0,3.048540772,2.366439834
1768,0,3.016657568,2.768259215
1769,0,3.185427607,3.509906351
1770,0,3.069083534,3.103382153
1771,0,3.052861484,2.950518059
1772,0,2.875064321,3.198891775
1773,0,2.798948607,2.790959226
1774,0,2.215809563,1.745633051
1775,0,2.625521459,1.918747708
1776,0,3.172128477,2.182902917
1777,0,2.622096290,1.853201720
1778,0,2.651834646,2.593649696
1779,0,2.807570897,3.432256809
1780,0,2.151957871,2.574965766
1781,0,3.067676381,2.291805317
1782,0,3.364828181,2.419527104
1783,0,2.941715342,2.458899578
1784,0,3.165066445,2.370967412
1785,0,3.127785854,2.488325953
1786,0,3.104366118,2.557456270
1787,0,3.089766323,2.221885428
1788,0,1.595132581,1.452237178
1789,0,2.543473423,2.558405737
1790,0,2.469417165,1.882767698
1791,0,2.329099180,1.572193105
1792,0,2.136851734,2.260109480
1793,0,3.051193215,2.232334036
1794,0,1.721766704,1.955155743
1795,0,2.268319687,2.042794753
1796,0,2.705389442,1.912554241
1797,0,2.428255032,1.671513646
1798,0,2.561660763,2.281617360
1799,0,2.225202973,1.563211478
1800,0,2.533118559,1.674114428
1801,0,2.734198135,2.482601554
1802,0,2.057071547,1.610292571
1803,0,2.398889082,2.157570919
1804,0,2.653834374,1.812282278
1805,0,2.088307758,2.171963875
1806,0,3.216070507,3.159543008
1807,0,3.191958604,3.601377287
1808,0,3.440942160,4.547362476
1809,0,3.421210183,3.597290617
1810,0,3.546510357,3.183348991
1811,0,3.266996494,3.078242213
1812,0,3.558004468,3.822024629
1813,0,3.283455434,3.161610030
1814,0,2.928248738,2.939971022
1815,0,2.949745067,2.053137999
1816,0,2.942056367,2.165535682
1817,0,3.033293743,2.082690546
1818,0,3.020775483,2.092854799
1819,0,2.944240431,2.483542893
1820,0,3.006107306,2.427230162
1821,0,3.350257627,2.424116686
1822,0,2.657180495,2.481245502
1823,0,2.842932693,2.729388189
1824,0,3.032534080,2.229189313
1825,0,2.931283095,2.911383670
1826,0,1.920582502,2.191485967
1827,0,1.970802345,1.201781054
1828,0,2.299254290,1.613553020
1829,0,2.380783294,1.845671223
1830,0,1.137421773,0.782082412
1831,0,0.783132575,0.465916402
1832,0,1.391566287,1.000000000
1833,0,0.966823135,1.213633439
1834,0,1.182131016,0.500000000
1835,0,1.205996722,1.047394736
1836,0,1.809813285,2.015640003
1837,0,0.999985915,1.004418773
1838,0,1.499992958,2.004418773
1839,0,2.483351530,1.751472924
1840,0,1.958658717,1.285714286
1841,0,1.670919194,1.950821814
1842,0,2.046464580,1.157023888
1843,0,0.999999937,1.000294924
1844,0,1.918295813,1.333333333
1845,0,1.538596440,1.123344232
1846,0,2.627083199,2.278016219
1847,0,2.637149922,1.897911105
1848,0,2.776421007,2.906700364
1849,0,3.008619457,2.350576616
1850,0,2.895964427,2.174692520
1851,0,3.078387678,2.535231894
1852,0,2.920023061,2.800395611
1853,0,2.213786788,2.028870374
1854,0,1.741748147,1.365589571
1855,0,2.532695047,1.764780710
1856,0,2.216839249,2.106590495
1857,0,0.999471123,0.972924364
1858,0,1.775614851,1.975007106
1859,0,1.781368554,1.200487002
1860,0,1.261231588,0.547899160
1861,0,1.225503632,1.039215906
1862,0,1.687026833,1.038295191
1863,0,2.487900752,1.752098908
1864,0,1.958505515,1.285925958
1865,0,0.999999883,0.999596500
1866,0,1.918295795,1.333333333
1867,0,2.420750309,2.018974509
1868,0,1.843711454,2.000128007
1869,0,0.999999999,1.000031593
1870,0,1.775858948,2.000029163
1871,0,2.460484681,1.692317413
1872,0,2.162840114,2.066568752
1873,0,2.359045306,1.680493338
1874,0,2.877545932,2.492275053
1875,0,2.825177980,2.326618603
1876,0,2.832525660,2.566772288
1877,0,2.240751679,3.148930621
1878,0,2.379450282,2.253076989
1879,0,1.993676398,1.350394286
1880,0,1.985242845,2.073226323
1881,0,0.999819383,1.015823321
1882,0,1.918235628,1.333333333
1883,0,2.299705019,1.496483706
1884,0,1.958095574,1.995904552
1885,0,2.400153060,1.670152631
1886,0,1.887842377,1.518590759
1887,0,1.910954971,1.650445993
1888,0,2.903027877,1.880523355
1889,0,2.506767502,1.819547888
1890,0,2.739983945,1.883016981
1891,0,2.983543830,2.402050166
1892,0,2.958396086,2.678052401
1893,0,2.902718616,3.469994016
1894,0,3.318633033,4.432908874
1895,0,2.802422280,3.661543959
1896,0,2.958283824,3.302457661
1897,0,2.949739630,3.634361345
1898,0,3.353222569,4.560476470
1899,0,3.118130409,3.864814961
1900,0,2.957352040,4.365218719
1901,0,2.157250223,3.282123260
1902,0,2.276760616,4.317111807
1903,0,3.073183263,3.697561096
1904,0,1.566683980,2.252495051
1905,0,1.931749661,1.975424689
1906,0,2.879228818,2.640290038
1907,0,2.845651966,3.430354905
1908,0,2.994554860,4.389241450
1909,0,2.945550132,3.899380099
1910,0,2.689515830,4.337964805
1911,0,2.822302345,5.365965789
1912,0,2.921493646,4.526792968
1913,0,3.117820689,3.874805058
1914,0,2.910753693,3.564864037
1915,0,2.875993169,3.110229253
1916,0,2.895787445,2.821336581
1917,0,2.658682739,2.582999100
1918,0,2.774052332,2.375352316
1919,0,2.585861650,2.394042637
1920,0,2.750788172,3.041654101
1921,0,2.551973801,3.882612824
1922,0,2.674139112,3.413568289
1923,0,2.805994176,4.370304500
1924,0,3.752020887,4.131945608
1925,0,3.819340765,4.781483023
1926,0,2.841797478,4.300531191
1927,0,3.118416131,4.390964835
1928,0,4.029622301,4.980572843
1929,0,3.985901019,4.506738529
1930,0,3.704710859,3.944993959
1931,0,3.664336025,3.917535884
1932,0,3.682630550,3.956678018
1933,0,3.496121660,3.977688360
1934,0,3.636304403,3.792458757
1935,0,3.497349907,4.094205545
1936,0,3.108204484,4.305733522
1937,0,3.159669322,4.266722208
1938,0,4.118725728,4.267614342
1939,0,2.794432535,3.630275432
1940,0,3.583664759,3.914763271
1941,0,3.685155989,4.130394419
1942,0,4.096723887,4.701319350
1943,0,3.961326104,4.181074311
1944,0,3.940655623,4.441800430
1945,0,3.602277556,4.104772612
1946,0,3.767076938,4.875225804
1947,0,3.743039193,4.508051294
1948,0,4.101285511,4.167172587
1949,0,3.802484262,4.238948867
1950,0,2.106388698,2.646526413
1951,0,3.252744654,3.009840525
1952,0,3.213323019,2.772862930
1953,0,3.382584982,3.066338988
1954,0,2.977689400,2.704189656
1955,0,2.968203894,2.588744828
1956,0,2.920446034,2.437851859
1957,0,3.249850922,3.502078183
1958,0,2.715887169,3.325080025
1959,0,3.161379878,2.618708977
1960,0,3.212559695,3.177854663
1961,0,3.356788108,3.542510462
1962,0,2.911952036,2.649537728
1963,0,2.862202155,1.875103642
1964,0,2.833267140,2.281355642
1965,0,3.365615741,2.331990487
1966,0,3.274321105,2.245503418
1967,0,2.952193965,2.196610880
1968,0,1.988811943,1.805516688
1969,0,3.018396835,2.278505905
1970,0,2.849232980,2.415029400
1971,0,2.723715883,1.854212053
1972,0,2.575585943,1.879854914
1973,0,3.028698138,2.257328814
1974,0,2.988977263,2.031176439
1975,0,3.094122369,2.404513606
1976,0,2.850677232,1.991304636
1977,0,2.760610206,2.355216750
1978,0,2.130521537,2.021983256
1979,0,2.822796923,2.173149695
1980,0,2.785650841,2.439341859
1981,0,2.478037262,1.723813253
1982,0,3.126601707,2.489170695
1983,0,3.128327267,2.055764767
1984,0,3.085389297,2.067427865
1985,0,3.156283082,2.543246901
1986,0,2.182285773,1.682237997
1987,0,2.409911772,1.974885176
1988,0,3.028851685,3.073577563
1989,0,3.105707929,3.091748165
1990,0,3.396342395,2.544557129
1991,0,3.425764328,2.558245724
1992,0,3.450861992,2.708322568
1993,0,3.446098618,2.644007668
1994,0,2.983958833,2.276718946
1995,0,2.883944241,2.506267403
1996,0,2.806076971,2.996535585
1997,0,2.951836534,2.528244779
1998,0,2.452247540,2.634501883
1999,0,2.363355696,1.934610722
2000,0,2.677506915,1.651105080
2001,0,2.911933948,1.914897380
2002,0,2.764019978,1.820700920
2003,0,2.950155699,1.944758881
2004,0,3.307944612,2.735391333
2005,0,3.339592108,3.105813483
2006,0,3.383466614,3.803513526
2007,0,3.292591679,4.705520471
2008,0,3.600678030,3.764457833
2009,0,3.364196703,3.454169041
2010,0,2.965661493,2.422923974
2011,0,3.247722230,3.379475564
2012,0,3.782038897,3.992147766
2013,0,3.613088227,3.578288013
2014,0,3.455428367,3.596444062
2015,0,3.436360018,3.865450591
2016,0,3.892927900,3.570242398
2017,0,3.284475322,3.227749864
2018,0,3.472816227,2.820701717
2019,0,2.563797522,2.329677274
2020,0,1.540270255,2.116895187
2021,0,2.158603857,3.336932705
2022,0,2.241723718,3.965682846
2023,0,1.053939258,1.752827136
2024,0,1.839685925,2.588045226
2025,0,2.195767580,2.035218090
2026,0,0.936999514,0.616793025
2027,0,1.723358691,1.582758663
2028,0,1.673134362,1.089469731
2029,0,2.202743248,1.525287229
2030,0,1.782634597,1.319624598
2031,0,1.751858636,1.964283858
2032,0,1.672923529,1.349974570
2033,0,1.790417009,1.004484533
2034,0,1.752140446,1.377336102
2035,0,2.251162986,2.113069557
2036,0,2.531819812,1.840015284
2037,0,2.760547724,1.999457248
2038,0,3.193046955,2.734438622
2039,0,3.301036435,2.386926292
2040,0,3.251983432,2.374463425
2041,0,2.866468570,2.458771533
2042,0,2.532465802,1.756028692
2043,0,2.579544867,1.696403850
2044,0,2.988919019,2.122126529
2045,0,2.657122299,2.173134266
2046,0,2.671095808,3.180482333
2047,0,2.860375656,2.459816715
2048,0,2.632219641,2.600849562
2049,0,2.203914097,1.343348693
2050,0,2.660207453,2.092557770
2051,0,2.213908537,1.844845236
2052,0,2.463110273,2.119839564
2053,0,2.968238665,2.193252439
2054,0,2.126368895,1.756982965
2055,0,2.795137500,2.326633327
2056,0,2.826707473,1.972544410
2057,0,3.382107962,2.295275039
2058,0,3.354652760,2.587184444
2059,0,3.504471370,2.462749415
2060,0,2.662685421,2.494950723
2061,0,2.823041315,2.506910733
2062,0,2.660067363,2.683599235
2063,0,1.739405192,1.968202613
2064,0,2.872336049,2.052089774
2065,0,2.947204717,2.363962995
2066,0,2.878359730,2.859083157
2067,0,2.552560687,2.130299331
2068,0,2.722079267,2.241343717
2069,0,2.385278343,1.882460739
2070,0,2.281303804,2.327008854
2071,0,2.830314140,2.149115668
2072,0,3.123778110,2.224758606
2073,0,3.188952405,2.764514188
2074,0,2.736938524,3.035556918
2075,0,2.505329811,2.782936738
2076,0,3.366775301,2.880126763
2077,0,3.463806187,2.658097773
2078,0,3.083550991,2.792577226
2079,0,3.233210594,3.161652652
2080,0,3.461751083,3.839893746
2081,0,3.605430607,4.696758210
2082,0,3.534468372,4.008036336
2083,0,3.624098562,3.561208529
2084,0,3.336978422,3.746617832
2085,0,3.304620653,3.800146386
2086,0,3.308258151,4.537895426
2087,0,3.752171216,3.932269222
2088,0,3.597564255,3.931279462
2089,0,3.770414342,3.340623261
2090,0,3.417025919,3.160157572
2091,0,3.819591673,3.272471305
2092,0,3.491375300,3.399623533
2093,0,3.412975534,3.506266456
2094,0,3.115515608,2.955045846
2095,0,3.418525183,3.083064641
2096,0,2.995135561,3.640360668
2097,0,3.263514786,3.356151573
2098,0,3.426440421,3.172268634
2099,0,2.585029735,3.292518678
2100,0,2.800276083,2.775093120
2101,0,3.625295606,2.806763787
2102,0,3.421587684,3.201202738
2103,0,3.217985142,2.452653588
2104,0,3.635920258,2.630790011
2105,0,3.011347368,1.969484317
2106,0,2.936543475,2.549763799
2107,0,3.068865244,2.684916328
2108,0,1.747844965,1.269314080
2109,0,2.602803418,2.078025187
2110,0,2.431866464,1.489288809
2111,0,2.853853300,2.053028459
2112,0,2.790237482,1.727881854
2113,0,2.571513142,1.748217923
2114,0,2.385160735,1.790651944
2115,0,2.720397520,2.794722086
2116,0,2.846404426,2.094473275
2117,0,2.970389864,2.685965727
2118,0,2.738416445,3.090340977
2119,0,2.824901083,2.629199406
2120,0,3.331829504,2.761213681
2121,0,2.918363586,1.885350923
2122,0,3.136904240,2.105207309
2123,0,3.079630447,2.233850362
2124,0,2.478664443,1.443825211
2125,0,2.939573170,2.004133426
2126,0,2.440060595,1.784616739
2127,0,0.511434359,0.424974365
2128,0,1.488491675,1.417047436
2129,0,2.128520167,2.367908137
2130,0,2.598336277,3.252758485
2131,0,2.692984380,2.558138969
2132,0,2.659686187,2.059983324
2133,0,2.829048359,1.908655477
2134,0,2.747077768,1.847736834
2135,0,2.350794391,1.807353544
2136,0,2.311747897,1.821897053
2137,0,1.980557870,1.328355926
2138,0,2.171525636,1.908975055
2139,0,1.222906312,1.076598069
2140,0,1.456611227,0.725493531
2141,0,1.810292585,1.192964044
2142,0,0.947315049,1.268595162
2143,0,1.473657524,2.268595162
2144,0,2.166401638,3.162878899
2145,0,2.100715606,2.187328060
2146,0,1.599075397,1.322483988
2147,0,1.939139884,1.375561064
2148,0,2.165438462,1.966420649
2149,0,2.698877667,2.513915340
2150,0,1.845219818,1.248432006
2151,0,1.968701132,1.185075029
2152,0,1.734234256,1.621554274
2153,0,1.564487207,1.813874370
2154,0,2.040354151,2.735924654
2155,0,2.749586787,2.472930962
2156,0,1.922331180,2.926814138
2157,0,2.279160350,3.914177143
2158,0,2.379350487,4.667284926
2159,0,2.639536502,5.640059441
2160,0,2.561206497,6.275543026
2161,0,2.754609522,7.316568471
2162,0,2.273398765,6.304379497
2163,0,1.492614068,1.857142857
2164,0,-0.000000000,0.000000000
2165,0,1.061278124,1.750000000
2166,0,1.577050197,1.341463415
2167,0,2.192808526,1.880630631
2168,0,0.785489629,1.531332745
2169,0,2.031840267,1.372388938
2170,0,1.670502943,1.608358070
2171,0,-0.000000000,0.000000000
2172,0,1.000000000,1.000000000
2173,0,1.500000000,1.000000000
2174,0,1.589673944,1.101123596
2175,0,1.895477494,1.975989329
2176,0,1.553891289,1.076933570
2177,0,1.966990763,1.183982714
2178,0,0.992126328,0.895619181
2179,0,1.185293915,1.750000000
2180,0,1.559550353,1.948373002
2181,0,1.938444523,1.339285751
2182,0,2.163341259,1.629019807
2183,0,1.900535666,2.260782856
2184,0,3.057740884,2.432306178
2185,0,2.679145544,2.458091620
2186,0,2.134222685,1.824199886
2187,0,1.384938150,1.728102627
2188,0,0.999999983,0.999847741
2189,0,1.186278122,0.500000000
2190,0,1.563380754,1.145817473
2191,0,1.888849999,1.888933822
2192,0,1.559309469,1.235043792
2193,0,1.972204767,1.183055468
2194,0,2.217876490,1.773248649
2195,0,2.656797026,2.407226600
2196,0,3.010275956,3.161815689
2197,0,2.944353037,3.436460820
2198,0,3.094487431,4.248079806
2199,0,3.466700079,3.688523925
2200,0,3.629704115,4.487346398
2201,0,3.335550796,4.383250820
2202,0,3.128548899,3.942262803
2203,0,3.182765390,3.922750508
2204,0,3.129795277,3.179183584
2205,0,2.957612194,3.256550149
2206,0,2.690973610,2.862266998
2207,0,1.432508860,1.352975275
2208,0,2.345152160,2.246086858
2209,0,3.047497008,1.981265528
2210,0,3.379064081,2.107035545
2211,0,2.815437961,1.887006225
2212,0,3.004221975,2.107967532
2213,0,1.376375427,1.147806685
2214,0,2.144356767,2.126677221
2215,0,2.539999049,1.765202006
2216,0,2.658584314,2.369949094
2217,0,2.936896832,3.350037481
2218,0,2.723786198,2.596398873
2219,0,2.238840836,1.908381405
2220,0,2.478985879,2.754946111
2221,0,2.990107677,2.349275660
2222,0,1.089420833,0.960849081
2223,0,2.289600941,1.462140135
2224,0,1.916143928,1.281272044
2225,0,2.129996355,2.041161831
2226,0,2.401826988,2.950499019
2227,0,2.935198619,2.416547691
2228,0,2.282847088,1.452016697
2229,0,2.297382996,2.151714565
2230,0,1.807957229,1.990609920
2231,0,1.879533906,1.345363309
2232,0,1.915108233,1.140572999
2233,0,2.582601254,1.818523745
2234,0,2.308159488,1.810113528
2235,0,2.683534036,1.828781997
2236,0,2.429312337,2.064732975
2237,0,3.015079387,2.668035204
2238,0,3.533474472,2.705769147
2239,0,3.601193558,3.002958275
2240,0,3.530246030,3.017443901
2241,0,2.833949835,3.259225840
2242,0,2.622313642,2.726791378
2243,0,3.352669922,3.436180811
2244,0,3.135852206,4.025497840
2245,0,3.178382701,3.546227549
2246,0,2.920797731,4.325213271
2247,0,3.460380128,5.255764043
2248,0,3.563692168,5.905579683
2249,0,3.940329558,6.863815944
2250,0,3.770995318,6.075625406
2251,0,3.925431423,5.388872369
2252,0,3.093397656,4.287072743
2253,0,2.597968150,5.477232657
2254,0,3.652137287,5.677614135
2255,0,2.792311190,4.046567385
2256,0,3.472229010,3.564022461
2257,0,3.611201443,3.956261015
2258,0,3.632659432,3.661661411
2259,0,4.005895952,4.213776328
2260,0,3.564718991,3.465066917
2261,0,3.609583282,3.401352700
2262,0,3.600071417,3.873632044
2263,0,3.519759283,3.662361997
2264,0,3.542513533,3.878381264
2265,0,3.665881151,3.787960915
2266,0,3.843707072,4.018436510
2267,0,3.896556657,4.579203933
2268,0,3.922348556,4.171101914
2269,0,3.406541642,3.255574373
2270,0,3.404969160,3.524104466
2271,0,2.777266333,2.253553963
2272,0,1.885471999,2.820932052
2273,0,1.931905289,3.338701983
2274,0,3.051551148,2.856630380
2275,0,2.754900794,2.170601413
2276,0,2.941282074,2.732043945
2277,0,2.812268587,3.693896037
2278,0,3.697360278,4.631206750
2279,0,3.158644236,3.748866962
2280,0,3.071914313,4.310770380
2281,0,2.858183946,3.252442073
2282,0,3.111822387,4.294136000
2283,0,3.231471156,5.422205243
2284,0,3.398243205,4.385735152
2285,0,3.611121494,5.156282260
2286,0,2.396007336,4.193511704
2287,0,3.128973752,3.826763598
2288,0,3.657248993,4.435512602
2289,0,2.922954285,3.495289474
2290,0,2.447720129,1.785088042
2291,0,2.556755158,1.766635633
2292,0,1.932346739,1.609048750
2293,0,1.674943548,1.264221781
2294,0,1.901699551,2.113940022
2295,0,2.316354953,3.111582678
2296,0,2.856845289,2.539886291
2297,0,2.487358499,1.777098527
2298,0,2.720415286,2.300711650
2299,0,0.999988739,0.996048948
2300,0,1.775853751,1.996352875
2301,0,1.781450404,1.208015937
2302,0,1.937588295,1.323404255
2303,0,2.414092100,2.038100701
2304,0,1.898925368,1.999213540
2305,0,2.476414818,1.697026373
2306,0,2.694123807,2.307699868
2307,0,2.453716846,3.063125379
2308,0,1.779999346,2.027478898
2309,0,1.923457222,3.031998194
2310,0,2.639823102,2.817992341
2311,0,0.999943267,1.008868386
2312,0,1.775832764,1.076923077
2313,0,1.863097875,1.576496220
2314,0,2.139948451,2.356308891
2315,0,1.937552883,3.155176685
2316,0,2.647388656,4.165193380
2317,0,2.988239692,3.440107368
2318,0,1.576271335,2.165183362
2319,0,2.300994554,1.820650878
2320,0,2.897605796,1.853521517
2321,0,2.503077836,1.720958276
2322,0,2.922800142,2.404948841
2323,0,2.508032495,1.725121020
2324,0,2.305068459,2.535623015
2325,0,2.389767078,2.866842288
2326,0,2.346474431,2.046726971
2327,0,1.970880625,1.262278711
2328,0,2.284099620,2.102390190
2329,0,2.379665230,2.208767465
2330,0,2.336750765,1.389186107
2331,0,2.532279284,1.772831072
2332,0,2.779965084,2.323384528
2333,0,2.473501137,2.947806909
2334,0,2.369821306,2.088883178
2335,0,2.449875128,3.020884367
2336,0,2.933681287,2.472308311
2337,0,2.529025544,2.929147527
2338,0,1.735318633,1.909622323
2339,0,0.999045626,0.963630353
2340,0,1.917977709,1.333333333
2341,0,2.420441298,1.676846633
2342,0,2.139626071,1.695652174
2343,0,2.693010476,2.199805671
2344,0,2.749368500,2.626229984
2345,0,3.082175204,2.521157299
2346,0,2.638327946,2.370569116
2347,0,2.712462045,3.242134843
2348,0,2.816077916,4.133515238
2349,0,2.848434023,5.036862267
2350,0,3.067588106,4.246092024
2351,0,3.331795053,4.024617710
2352,0,3.049246995,4.190976660
2353,0,3.109802620,3.764193371
2354,0,3.181486212,3.762245969
2355,0,3.441901341,3.491544993
2356,0,3.582968193,3.729491018
2357,0,3.646905459,3.827689685
2358,0,3.886637000,3.826794012
2359,0,3.698528465,3.724774708
2360,0,3.575443181,3.801976093
2361,0,2.558815404,3.472067921
2362,0,3.374292532,3.218084439
2363,0,3.484143181,3.460794910
2364,0,3.565258583,3.747768833
2365,0,3.913114160,3.771963552
2366,0,2.659968770,3.392982214
2367,0,2.378546463,2.851852203
2368,0,2.953742081,2.625855822
2369,0,3.180243470,2.565628043
2370,0,3.068022621,2.760308786
2371,0,3.236480476,2.692095152
2372,0,3.086918716,2.559851067
2373,0,3.108817962,2.541456193
2374,0,2.550070484,2.691744337
2375,0,2.881114584,2.772322517
2376,0,3.701751420,2.944273155
2377,0,3.695712607,3.219479074
2378,0,3.927229285,3.228165395
2379,0,3.797179196,3.218208126
2380,0,3.854838727,3.698094862
2381,0,3.467175696,3.115394908
2382,0,3.465868788,3.600413941
2383,0,3.257487014,4.094561187
2384,0,3.425095836,3.586785515
2385,0,3.431601498,4.358342010
2386,0,3.879709117,4.115608018
2387,0,3.894136299,4.566641735
2388,0,4.070481146,5.230244415
2389,0,4.068656008,4.626089857
2390,0,4.065394092,4.176705226
2391,0,4.103977044,3.917856899
2392,0,4.114078123,3.717096218
2393,0,3.803124226,3.471486610
2394,0,3.800380992,3.490619321
2395,0,3.524160144,3.909191266
2396,0,3.738749263,4.504402367
2397,0,3.627480691,4.393281852
2398,0,3.602273058,4.715253031
2399,0,3.911491389,4.425308688
2400,0,3.719901002,3.930310061
2401,0,3.677565941,4.296461342
2402,0,3.768173009,5.435390590
2403,0,3.812231320,6.066887857
2404,0,3.923400147,5.292576773
2405,0,3.768767684,6.406703336
2406,0,3.697672132,5.859567999
2407,0,3.956219064,6.302170275
2408,0,3.758337196,5.475595168
2409,0,3.710561467,4.545111582
2410,0,3.785988509,5.305478396
2411,0,3.583034405,4.889300953
2412,0,3.496930181,4.238379332
2413,0,3.390530871,3.876551417
2414,0,2.172106003,1.913060306
2415,0,2.263353100,1.740682580
2416,0,2.840281880,1.877292479
2417,0,2.869843481,1.977962322
2418,0,3.425873548,2.316228771
2419,0,3.147210210,2.351022282
2420,0,3.106442944,2.122722915
2421,0,3.059173657,2.224063046
2422,0,3.051997362,3.258029616
2423,0,2.127868610,3.687697800
2424,0,3.398963958,4.640938308
2425,0,3.486198684,5.545507687
2426,0,3.379777921,6.418811360
2427,0,3.249862873,7.362317892
2428,0,3.332860926,6.464606716
2429,0,3.686704223,7.485690263
2430,0,3.516038600,6.487559702
2431,0,3.305036499,5.606742998
2432,0,3.327436355,6.580783985
2433,0,3.026284362,5.898706225
2434,0,3.910418663,5.290040361
2435,0,3.630950489,5.732835010
2436,0,4.040670676,5.269394230
2437,0,3.827829384,4.853099439
2438,0,3.648945823,5.029869717
2439,0,3.617788825,4.504793159
2440,0,3.979207997,4.125968583
2441,0,3.851472131,4.522231859
2442,0,3.769938629,4.638959294
2443,0,3.565832313,4.609895467
2444,0,3.818943095,4.061823894
2445,0,3.663329773,3.672668798
2446,0,3.359871498,3.496036591
2447,0,1.960360886,2.324428817
2448,0,1.825790325,1.935248754
2449,0,2.532383075,5.297876572
2450,0,2.942289783,2.910308936
2451,0,3.125739111,3.959200973
2452,0,2.684626441,2.466475775
2453,0,-0.000000000,0.000000000
2454,0,1.799015671,1.368421053
2455,0,2.895868831,2.044526902
2456,0,3.058345838,1.659453303
2457,0,-0.000000000,0.000000000
2458,0,2.000000000,1.500000000
2459,0,1.822744330,1.103448276
2460,0,2.296737374,1.201773836
2461,0,2.109979832,1.580839058
2462,0,2.790704591,1.544161520
2463,0,2.894106014,2.244639930
2464,0,2.924907139,1.566826589
2465,0,2.795388326,1.621276740
2466,0,2.890826161,2.091517336
2467,0,2.756271994,1.765760547
2468,0,2.983628703,2.559898992
2469,0,3.003244528,2.985042683
2470,0,2.947399811,2.601900743
2471,0,3.062836233,2.622132053
2472,0,3.411995045,2.147083911
2473,0,3.166394039,2.983494930
2474,0,3.342022137,2.348221348
2475,0,2.955876712,2.074268711
2476,0,2.577142187,2.064472931
2477,0,2.778884528,2.215322613
2478,0,2.831953444,2.792051972
2479,0,3.164049601,2.566724583
2480,0,3.226643389,2.217743875
2481,0,2.974254708,2.251370440
2482,0,2.639028825,2.191430561
2483,0,3.326054549,2.822192834
2484,0,2.555260651,2.225765406
2485,0,2.872912675,2.843180415
2486,0,2.916463698,1.997220854
2487,0,3.222018334,2.864462050
2488,0,2.209717623,2.846397467
2489,0,2.963445455,3.582563480
2490,0,3.139603456,4.122536680
2491,0,3.529510884,3.499455822
2492,0,3.521951160,3.265712957
2493,0,3.563373516,3.413965559
2494,0,4.160974143,4.721001779
2495,0,4.124145572,4.829292919
2496,0,4.262255222,4.764783045
2497,0,4.207592485,5.176921654
2498,0,4.043968781,5.355427318
2499,0,4.183731122,4.390356865
2500,0,3.964332338,3.414370963
2501,0,2.946505675,2.225325187
2502,0,2.739699725,1.709247301
2503,0,3.243077155,2.737248426
2504,0,3.550273997,3.662734471
2505,0,3.067337548,3.296915568
2506,0,2.976658779,2.737172015
2507,0,2.397445723,3.659015356
2508,0,2.997783274,3.243260024
2509,0,3.336362509,3.753870106
2510,0,3.123792225,3.551310659
2511,0,3.016744759,3.413025464
2512,0,1.656662454,5.908055083
2513,0,1.918446274,8.125025857
2514,0,2.548045727,2.930779594
2515,0,2.474853552,2.381969770
2516,0,3.462163698,2.927129289
2517,0,3.024260443,4.311578132
2518,0,4.047753712,5.164242484
2519,0,3.423243661,4.100771813
2520,0,3.268561558,4.374924810
2521,0,3.349265353,3.685391277
2522,0,3.083518801,2.776279950
2523,0,3.219332730,2.539412780
2524,0,3.666452163,2.671844665
2525,0,3.515306049,2.688234571
2526,0,3.294076477,2.874661683
2527,0,3.270678561,2.763074327
2528,0,3.316134296,2.525186990
2529,0,3.498811859,3.004258147
2530,0,3.203432900,3.981348090
2531,0,3.702155665,4.941616218
2532,0,3.363704716,4.236927001
2533,0,3.546095868,3.493846552
2534,0,3.744602308,4.136301947
2535,0,3.579606572,4.988952995
2536,0,2.221911482,10.384449268
2537,0,3.612801253,5.730718351
2538,0,3.957034473,6.199934079
2539,0,4.176167186,7.272093628
2540,0,3.846382444,6.408673813
2541,0,3.879924583,6.658378883
2542,0,3.732873337,7.047435823
2543,0,3.493829032,5.562177630
2544,0,3.451081459,6.549148250
2545,0,4.024067210,5.866634385
2546,0,4.134933219,5.600558090
2547,0,4.002696113,5.442303433
2548,0,3.658659240,5.478281789
2549,0,4.050654738,5.186502292
2550,0,3.593702410,5.577511496
2551,0,2.714953356,5.108248947
2552,0,3.309869768,4.325673511
2553,0,3.591821244,5.049871942
2554,0,3.712521054,4.472806291
2555,0,3.788860934,4.072344024
2556,0,3.584451804,3.889722719
2557,0,3.739374366,4.673211523
2558,0,3.573791908,5.317190774
2559,0,2.195653399,3.922913228
2560,0,2.756994547,3.156997712
2561,0,3.350912853,2.757621048
2562,0,3.082219982,3.515666097
2563,0,3.107228866,3.892616146
2564,0,3.395147755,4.224809339
2565,0,2.355647517,3.277043014
2566,0,0.562125229,0.263431720
2567,0,1.411238088,0.606741642
2568,0,1.704250615,1.170083615
2569,0,1.758271059,1.098981010
2570,0,2.001937489,1.446984762
2571,0,2.591868228,2.179858042
2572,0,2.281113178,1.543794676
2573,0,1.749322770,1.630978320
2574,0,1.199082352,0.685506194
2575,0,1.811098540,1.564740660
2576,0,1.734259414,1.203369282
2577,0,2.031891536,1.302606662
2578,0,2.284169595,1.470476831
2579,0,1.589442456,1.969812477
2580,0,2.364421920,1.519421453
2581,0,1.556907051,0.562983434
2582,0,2.481842329,1.682142271
2583,0,2.720438933,2.495924001
2584,0,2.639571192,2.205506186
2585,0,2.393181706,2.049825790
2586,0,2.600386808,2.245249121
2587,0,2.698492297,1.767397602
2588,0,3.174970516,2.211154504
2589,0,3.207242124,2.796247665
2590,0,3.323309724,3.455981980
2591,0,3.561010904,4.300989464
2592,0,3.768761372,3.778414796
2593,0,3.967237294,3.879437148
2594,0,3.842140824,4.096093711
2595,0,3.625969123,2.516672063
2596,0,3.371164309,2.736375815
2597,0,3.385942620,2.739147032
2598,0,3.168288723,2.320452044
2599,0,2.190437602,0.842596265
2600,0,-0.000000000,0.000000000
2601,0,1.799015671,1.368421053
2602,0,2.706254847,1.447368421
2603,0,-0.000000000,0.000000000
2604,0,2.000000000,1.500000000
2605,0,2.556901076,1.411764706
2606,0,2.715458177,1.515775918
2607,0,2.766087748,1.694098626
2608,0,2.674836257,1.413448022
2609,0,2.746343718,1.667417562
2610,0,3.026463050,2.183921465
2611,0,2.952753895,1.813601019
2612,0,2.363121260,1.478938325
2613,0,2.793049001,1.888076565
2614,0,2.517451413,2.301015216
2615,0,2.438014729,1.719366243
2616,0,2.702984042,1.794490058
2617,0,1.397088818,0.947418054
2618,0,2.162530701,1.442058736
2619,0,2.780488410,1.927506588
2620,0,2.874083931,2.038563784
2621,0,3.093098912,1.944841663
2622,0,3.070561277,2.367707450
2623,0,3.224051481,2.563962517
2624,0,2.421180466,2.133311940
2625,0,1.757643119,1.348613852
2626,0,1.487095300,1.811411688
2627,0,1.852811653,2.784470501
2628,0,2.869278602,2.334069975
2629,0,2.651052586,1.836671271
2630,0,2.653481832,2.073074534
2631,0,2.361741800,2.570005956
2632,0,2.654691092,2.875501816
2633,0,2.940697071,3.733589879
2634,0,2.983973086,3.007614163
2635,0,3.078906085,3.752210385
2636,0,2.940630161,2.657444821
2637,0,3.374015688,3.528673400
2638,0,3.209297876,2.700571448
2639,0,2.733575929,1.778136874
2640,0,2.817885807,2.441229197
2641,0,2.912165253,2.457326905
2642,0,2.728143798,1.800963017
2643,0,2.237103113,1.499358204
2644,0,2.643373342,1.948294830
2645,0,2.566713496,1.998883008
2646,0,2.892705189,1.925542415
2647,0,2.768489476,2.220837246
2648,0,2.975974780,1.836971497
2649,0,2.757985450,2.206526980
2650,0,3.268305360,1.996397039
2651,0,3.030847456,2.417662415
2652,0,3.134332895,3.114230351
2653,0,2.830935958,2.673430356
2654,0,2.409248525,1.678358042
2655,0,3.016958581,2.395769683
2656,0,3.139621430,2.122127920
2657,0,3.150864394,2.561317538
2658,0,2.994746486,2.712702717
2659,0,3.087171853,2.049278937
2660,0,3.371947784,2.797782512
2661,0,3.440223579,3.494248124
2662,0,3.228346305,2.000043030
2663,0,2.512974875,2.079198005
2664,0,3.008995335,3.084391177
2665,0,2.456683762,3.353333256
2666,0,3.403901275,3.702653379
2667,0,3.178142845,4.532226095
2668,0,3.166944304,5.475602474
2669,0,2.484505304,2.288960112
2670,0,2.267271047,2.710594110
2671,0,2.844757796,2.060248597
2672,0,3.433502101,2.704507689
2673,0,1.249177746,1.333745245
2674,0,1.932294146,2.276339964
2675,0,2.085124883,1.485563200
2676,0,2.316333956,2.050802379
2677,0,2.304596037,2.712842545
2678,0,2.342705412,3.510568755
2679,0,2.546389044,3.687619654
2680,0,2.523364266,5.034251879
2681,0,2.553213861,5.355523580
2682,0,2.343874887,5.534504793
2683,0,2.795243683,7.052722069
2684,0,2.341695868,8.683629461
2685,0,2.500704340,10.690035426
2686,0,1.812750217,11.453257710
2687,0,2.510094120,8.322260139
2688,0,3.322066008,9.411081271
2689,0,3.184314155,8.552504263
2690,0,3.045664275,9.388169909
2691,0,3.208680144,8.405553949
2692,0,3.038310112,9.095979455
2693,0,2.966319184,9.503770472
2694,0,3.198102784,8.660739740
2695,0,3.505617638,8.154153673
2696,0,3.411892174,7.558527130
2697,0,3.141324705,6.855382136
2698,0,3.824225080,6.303715664
2699,0,3.727567681,6.325546939
2700,0,3.588466402,4.944048184
2701,0,3.693397487,5.223378503
2702,0,3.714172522,5.575909928
2703,0,3.863088693,4.481821327
2704,0,4.151084281,5.417242914
2705,0,3.890175560,6.288755966
2706,0,3.993501378,6.855451587
2707,0,3.591639621,5.046306223
2708,0,3.338503722,5.231910863
2709,0,1.987603234,3.809870466
2710,0,2.269030522,3.467269129
2711,0,2.920969163,2.938838595
2712,0,3.167041841,3.929034959
2713,0,2.486014196,4.543958725
2714,0,1.892395281,2.121560739
2715,0,2.592709785,1.837804238
2716,0,3.037578396,2.026201658
2717,0,2.741727262,1.984194668
2718,0,1.429733987,1.255877481
2719,0,2.436500350,2.379897901
2720,0,2.692240700,3.180545793
2721,0,2.881899886,2.833323806
2722,0,2.952910220,2.187523695
2723,0,2.723920493,2.646574030
2724,0,2.527113612,3.755759892
2725,0,2.578329313,3.274771746
2726,0,2.443682503,3.226619657
2727,0,3.510656354,4.208174969
2728,0,3.403609551,3.596102560
2729,0,3.393180441,4.088096494
2730,0,3.197668646,3.157405239
2731,0,3.095383250,3.622212921
2732,0,3.207071816,2.920483785
2733,0,3.535530697,3.462712697
2734,0,2.981551140,2.385105844
2735,0,3.435531770,2.388916908
2736,0,3.289373125,2.293261214
2737,0,3.155351331,2.678584510
2738,0,3.156903189,2.052939598
2739,0,3.203167549,2.743093585
2740,0,2.112896809,1.491494778
2741,0,1.544113445,2.029452664
2742,0,1.867580570,1.690052389
2743,0,1.807007356,1.382165621
2744,0,1.497408883,1.296361465
2745,0,0.960375036,0.766703892
2746,0,1.905087513,1.844469262
2747,0,0.998701732,0.957582526
2748,0,1.499350866,1.000000000
2749,0,1.490741031,1.158476724
2750,0,1.858415687,1.435027825
2751,0,1.834306457,1.410774705
2752,0,2.109314307,1.805678598
2753,0,2.735813641,2.029612007
2754,0,2.669574998,1.686537113
2755,0,2.850687629,1.820298238
2756,0,2.670877707,1.437960305
2757,0,2.602173598,1.657287153
2758,0,2.071430609,2.319049085
2759,0,2.136210437,1.956459084
2760,0,1.578324255,1.947628926
2761,0,2.481352805,3.323890811
2762,0,2.455208677,1.638320542
2763,0,2.552473795,1.397079467
2764,0,3.061318709,2.095538995
2765,0,2.392897897,1.995315400
2766,0,2.862528263,2.985534188
2767,0,3.378580694,4.181060493
2768,0,2.493515841,5.642327462
2769,0,2.573603960,4.801273895
2770,0,2.457221944,2.360759668
2771,0,2.601275291,1.877231126
2772,0,2.004423399,1.569703303
2773,0,2.408864474,2.853869517
2774,0,2.892506800,8.204989076
2775,0,2.568832811,2.974062893
2776,0,1.965811332,2.463854647
2777,0,2.847865733,3.175743124
2778,0,2.034474935,2.787002878
2779,0,2.855982837,3.375874913
2780,0,2.485294038,2.582628742
2781,0,2.727663907,1.490971243
2782,0,2.895023964,1.947539590
2783,0,2.064252098,1.640708262
2784,0,-0.000000000,0.000000000
2785,0,1.799015671,1.368421053
2786,0,2.372294737,2.190812721
2787,0,3.137172976,3.313935681
2788,0,3.051102086,2.547989434
2789,0,2.574069146,1.567324769
2790,0,2.481279450,1.696228450
2791,0,2.640713608,1.554867981
2792,0,2.715969745,1.981496159
2793,0,2.526390828,2.373596559
2794,0,2.473728108,2.803055542
2795,0,2.696426891,4.773785318
2796,0,2.605788521,5.782978411
2797,0,2.780975691,3.862854516
2798,0,2.891886862,4.897548250
2799,0,2.407023982,5.803984858
2800,0,2.612707284,5.083633173
2801,0,3.046618767,4.021189449
2802,0,2.843042453,4.908241920
2803,0,2.795270532,5.309260236
2804,0,2.791682206,6.426178382
2805,0,3.154942421,7.052806025
2806,0,3.156396866,5.612679685
2807,0,3.255716661,4.989037530
2808,0,2.844565621,5.650894817
2809,0,3.036937715,6.774294799
2810,0,3.102195051,6.738391862
2811,0,2.856880503,7.890532561
2812,0,2.876578141,8.753271618
2813,0,2.626219567,9.914014720
2814,0,2.647879298,10.185674831
2815,0,2.541933670,1.631439362
2816,0,2.077590731,1.740194645
2817,0,1.914466439,1.581368176
2818,0,2.521554407,2.043982669
2819,0,2.322530397,1.524168588
2820,0,2.583569202,2.183426146
2821,0,2.667991927,2.881555599
2822,0,2.696987207,3.487580921
2823,0,2.885127700,4.305242862
2824,0,3.098332112,3.468977767
2825,0,3.303641611,4.376704928
2826,0,3.127207974,5.215996785
2827,0,3.295841697,4.463272942
2828,0,3.660492704,3.654272290
2829,0,3.295615888,3.739681139
2830,0,3.208110008,3.063360450
2831,0,3.342507344,3.181100011
2832,0,3.874240369,3.079449474
2833,0,3.719150566,3.441277954
2834,0,3.545355020,2.434292396
2835,0,3.806109232,2.803000718
2836,0,3.638116625,3.204163121
2837,0,3.641866907,2.833636352
2838,0,2.821588970,2.856666407
2839,0,3.133251882,2.281250798
2840,0,3.501898275,3.073114500
2841,0,3.440874506,2.480345469
2842,0,1.587408329,1.368540730
2843,0,2.409574766,2.428065505
2844,0,3.178422302,2.462562174
2845,0,3.241573316,2.091208229
2846,0,3.082023057,3.027880002
2847,0,3.409652624,3.104990867
2848,0,3.123852467,3.532035540
2849,0,3.111682620,4.268630103
2850,0,2.517285373,3.156220430
2851,0,3.020969909,2.483086229
2852,0,3.312847051,3.008596695
2853,0,3.389575874,3.728788813
2854,0,3.384148921,2.946477902
2855,0,3.144831812,2.540638035
2856,0,2.703470753,1.895737980
2857,0,2.777486782,2.345830939
2858,0,2.829886420,3.080413522
2859,0,3.032512067,2.759319300
2860,0,2.913654221,1.623461615
2861,0,3.306641969,2.107049310
2862,0,3.545855609,2.076821951
2863,0,3.258050125,2.564464573
2864,0,3.284919339,2.409501455
2865,0,3.405676053,2.820798335
2866,0,3.647520084,2.809820140
2867,0,3.561285328,3.354266957
2868,0,3.341356507,3.668714717
2869,0,3.798611451,5.682091697
2870,0,3.553111571,4.496499241
2871,0,3.227629514,5.182704695
2872,0,2.821350710,4.593233065
2873,0,3.040341302,4.625281985
2874,0,3.732445389,5.752670881
2875,0,3.783675479,4.243718051
2876,0,3.414033886,4.022891987
2877,0,3.873211961,3.777338089
2878,0,3.279935584,4.052089902
2879,0,3.377256436,4.840712103
2880,0,2.352567759,4.044542809
2881,0,2.646552951,3.785886913
2882,0,3.284077568,2.646998165
2883,0,3.109708438,2.025578277
2884,0,3.181720556,2.714560238
2885,0,3.661221332,3.447275689
2886,0,3.803478233,3.091901983
2887,0,3.734864425,2.831512403
2888,0,2.255586938,1.423703867
2889,0,2.287084524,1.385814289
2890,0,-0.000000000,0.000000000
2891,0,2.000000000,1.500000000
2892,0,2.801098171,2.291666667
2893,0,2.094084245,0.818380744
2894,0,2.540860405,1.783840674
2895,0,3.208434642,2.768231606
2896,0,2.034228695,3.058045912
2897,0,2.827758415,2.424763476
2898,0,3.006712494,2.316667645
2899,0,3.584385198,3.100676378
2900,0,3.341246673,3.826303594
2901,0,3.427973586,3.304914738
2902,0,2.492650124,3.614295644
2903,0,3.530960302,3.311886874
2904,0,3.368846206,2.779275688
2905,0,3.510927646,3.402789148
2906,0,3.365557361,3.095355043
2907,0,3.289591002,3.248781110
2908,0,3.585941936,4.812069994
2909,0,4.085123540,5.684322776
2910,0,3.262728398,10.410609146
2911,0,3.254683413,9.278135442
2912,0,3.009840013,7.143908374
2913,0,3.288618789,7.112329299
2914,0,3.081069888,7.929042653
2915,0,3.883249926,9.484658913
2916,0,3.719464743,9.650726703
2917,0,3.865535563,8.725672980
2918,0,3.954150940,9.251751927
2919,0,3.764369390,7.370881319
2920,0,2.620161784,6.084919660
2921,0,3.218121971,5.241995821
2922,0,3.686417054,4.426800169
2923,0,3.530904752,3.986805808
2924,0,3.542767748,4.394912455
2925,0,3.829848802,5.348064602
2926,0,3.539234991,4.702914669
2927,0,3.344024627,3.940263139
2928,0,3.683309037,3.694811301
2929,0,3.807113952,3.379277292
2930,0,3.913132180,3.493346564
2931,0,3.512350660,2.824268160
2932,0,1.242416121,2.057419508
2933,0,2.727191790,3.584543179
2934,0,2.985237430,3.166644465
2935,0,3.256844494,2.706611543
2936,0,3.752866749,2.592458631
2937,0,3.657029257,3.328074045
2938,0,3.378257268,3.811118032
2939,0,3.309466975,3.273240624
2940,0,3.064961834,4.209759309
2941,0,3.278675007,5.211872470
2942,0,3.286631381,4.439267710
2943,0,3.426852428,5.516450781
2944,0,3.421358123,4.625030781
2945,0,3.389770328,3.835364563
2946,0,3.469463669,4.773019115
2947,0,3.785389047,3.804335360
2948,0,3.634902307,4.548841162
2949,0,3.760273907,4.058707114
2950,0,3.578996483,4.521699606
2951,0,3.766252571,5.198486256
2952,0,3.611331022,5.916510080
2953,0,3.482537418,6.795766346
2954,0,3.920352937,7.747673050
2955,0,3.858076690,6.821693053
2956,0,3.374645046,6.383480748
2957,0,3.010944687,2.895183819
2958,0,3.681694997,6.734921112
2959,0,3.526324719,5.835560054
2960,0,3.529682522,4.685131756
2961,0,3.195574883,4.087096940
2962,0,3.661797395,4.506182182
2963,0,3.729591680,5.030355898
2964,0,3.707737807,4.054542533
2965,0,2.828009217,2.040943892
2966,0,2.970163821,1.962487748
2967,0,2.645072722,2.148364420
2968,0,3.072361379,1.937201675
2969,0,2.908208932,1.926469000
2970,0,2.818903753,1.631962489
2971,0,2.270061993,1.920589987
2972,0,2.472124544,2.396493320
2973,0,2.802232298,3.323519101
2974,0,2.962249586,2.960241020
2975,0,2.507199871,2.193916277
2976,0,3.339586408,2.374889118
2977,0,3.027367552,2.798034625
2978,0,2.073282194,2.343823615
2979,0,2.982401293,3.235774987
2980,0,3.082376797,3.839814332
2981,0,3.441543621,3.252180411
2982,0,3.914445697,4.210603104
2983,0,3.474664576,3.475023659
2984,0,3.435465651,3.103999568
2985,0,3.004794505,3.426032654
2986,0,3.382116118,3.052981637
2987,0,1.645222958,1.469189947
2988,0,2.361032387,1.473345257
2989,0,2.448287730,1.642445585
2990,0,2.770605606,2.253743467
2991,0,2.764190265,2.071622009
2992,0,1.983311574,1.731939626
2993,0,2.711234692,2.003515456
2994,0,2.947306993,1.894632818
2995,0,2.750924980,2.130337961
2996,0,2.502308076,2.667552071
2997,0,2.679207489,1.970397785
2998,0,2.531501908,2.538845090
2999,0,2.087325646,2.999391571
3000,0,2.118952111,2.472531305
3001,0,2.624785746,3.417090207
3002,0,2.196436548,2.275736403
3003,0,2.885814605,2.945402088
3004,0,3.161312083,2.788396311
3005,0,1.219368009,1.677430263
3006,0,2.300668649,2.025343689
3007,0,2.635099611,2.848977695
3008,0,2.317910661,2.652448532
3009,0,1.734462963,2.841862084
3010,0,2.626243765,3.143181190
3011,0,2.746197963,2.947565852
3012,0,2.747449254,2.173649529
3013,0,2.843206080,2.583788340
3014,0,2.679505991,2.344826024
3015,0,2.761541272,2.624868821
3016,0,2.969702320,2.854403557
3017,0,2.931716016,2.960990487
3018,0,2.766556567,2.845096631
3019,0,3.238366715,3.146022930
3020,0,3.037448373,3.307707086
3021,0,3.571635831,3.829536640
3022,0,2.489101102,5.026009834
3023,0,2.932830699,5.924193193
3024,0,3.205492558,5.099583114
3025,0,3.173897213,6.237133612
3026,0,3.306744947,7.013997086
3027,0,3.301550284,8.155101536
3028,0,3.234116470,6.808093697
3029,0,3.293084780,6.239935816
3030,0,3.739800506,7.071338295
3031,0,3.514623921,7.451812625
3032,0,3.579328337,8.527408663
3033,0,3.586679754,9.424517603
3034,0,3.235649061,10.362398932
3035,0,3.674418944,8.949712454
3036,0,3.742948575,9.652849522
3037,0,4.108493991,8.798828022
3038,0,4.000519164,10.187949983
3039,0,2.947945602,8.055007664
3040,0,3.624372250,9.009341921
3041,0,3.192368154,8.412939435
3042,0,4.168606919,9.447693108
3043,0,3.774982011,6.731571648
3044,0,3.540381451,4.597822805
3045,0,3.503071699,4.772948333
3046,0,3.439970688,4.495331458
3047,0,3.250228937,3.868001242
3048,0,3.173581751,3.877018129
3049,0,2.614997104,3.779356337
3050,0,3.560048192,4.907860530
3051,0,3.173404458,3.665974478
3052,0,3.089307521,4.070331632
3053,0,3.111307355,3.633084197
3054,0,2.418854034,3.156815860
3055,0,3.233110297,3.727143754
3056,0,3.489486222,4.426992771
3057,0,3.432194654,3.502001129
3058,0,3.764989072,4.200360038
3059,0,3.617685093,3.374426328
3060,0,3.530990231,2.906136590
3061,0,3.135975153,2.292391499
3062,0,2.649135917,2.205920762
3063,0,3.190783996,2.209782459
3064,0,3.048101808,2.136314488
3065,0,2.998288096,2.235055289
3066,0,3.393822084,2.656365047
3067,0,3.250606025,2.985273526
3068,0,2.983655616,2.596107250
3069,0,3.399593854,2.556538925
3070,0,3.286519253,2.576613355
3071,0,3.136546334,2.658905006
3072,0,3.569382718,2.760972409
3073,0,3.165437530,3.232868020
3074,0,2.502904779,2.423536660
3075,0,3.025736656,2.593476336
3076,0,3.105824536,3.317227745
3077,0,3.057589839,3.408662396
3078,0,2.659319878,2.752420048
3079,0,3.384518941,2.835203860
3080,0,3.233976125,2.357869877
3081,0,3.134518417,2.449202863
3082,0,2.728430477,2.136132648
3083,0,2.893188763,3.029331361
3084,0,3.331167505,4.556631016
3085,0,3.246639209,3.729684098
3086,0,3.085283981,4.710714118
3087,0,3.106062718,5.434678059
3088,0,2.986890111,6.180297535
3089,0,2.437709433,4.596179279
3090,0,3.308073105,3.919869467
3091,0,3.273214267,3.182246385
3092,0,3.303486420,4.051138420
3093,0,3.142836946,3.283648860
3094,0,3.397474088,4.104382192
3095,0,1.736755636,3.390458182
3096,0,2.850364014,4.410007328
3097,0,2.269524928,3.525399667
3098,0,3.281847758,4.398862340
3099,0,2.556387113,5.970289701
3100,0,3.184642139,5.053375873
3101,0,1.973487049,5.424137529
3102,0,3.211959539,6.312714372
3103,0,1.540534611,1.094213136
3104,0,2.463040025,1.598117069
3105,0,3.077558301,1.669285143
3106,0,3.193572186,2.318035533
3107,0,3.215343602,2.012792255
3108,0,3.422074534,2.250133037
3109,0,3.380153528,2.676357940
3110,0,2.016403389,1.593593809
3111,0,1.913514390,2.038332551
3112,0,2.917831303,1.948968727
3113,0,3.327546819,2.357410430
3114,0,3.219418481,2.396932829
3115,0,3.552924707,3.141510290
3116,0,3.302210649,2.875625959
3117,0,2.809719442,3.277855781
3118,0,3.449140194,3.391341527
3119,0,1.392757691,1.588147281
3120,0,2.453072767,1.746675972
3121,0,2.379123764,2.233968859
3122,0,2.381286238,1.663585259
3123,0,2.504744972,1.494767339
3124,0,2.557750694,1.597333710
3125,0,2.765386313,1.949673577
3126,0,2.963442991,2.698807504
3127,0,2.965254285,2.941202473
3128,0,1.844108739,1.310554644
3129,0,1.924910306,1.486999895
3130,0,2.338229795,2.231237029
3131,0,2.076650272,1.377384126
3132,0,2.528418020,1.895262422
3133,0,2.638787110,2.730197426
3134,0,2.655406851,2.092765565
3135,0,2.297078242,2.444993379
3136,0,1.178165049,0.793863809
3137,0,1.993843121,1.224653657
3138,0,2.587514502,1.750828744
3139,0,2.380588247,2.183775293
3140,0,2.685247183,1.951422851
3141,0,2.423439621,2.714265809
3142,0,3.296071461,3.477147422
3143,0,3.331303670,3.909794465
3144,0,3.267669947,2.814240128
3145,0,3.437960966,3.465587390
3146,0,2.559715602,2.608157695
3147,0,2.721651569,1.888252422
3148,0,2.775095239,1.849282344
3149,0,3.153568642,2.481096076
3150,0,2.965643679,2.540017837
3151,0,3.110473193,3.015747942
3152,0,0.800391672,0.424845940
3153,0,1.873027765,1.630181560
3154,0,2.270799550,1.186456648
3155,0,2.492866234,2.117746027
3156,0,2.362142978,1.773522904
3157,0,2.461595037,1.219233788
3158,0,2.978510413,1.882680786
3159,0,3.467956943,2.234234744
3160,0,3.604518382,2.346877909
3161,0,3.315466027,2.952169101
3162,0,3.294624611,3.684948783
3163,0,3.278145151,3.767099659
3164,0,3.360611306,2.723386426
3165,0,3.143793824,2.184826001
3166,0,3.116150828,2.820459340
3167,0,2.222421064,3.078308875
3168,0,2.525416813,2.601713830
3169,0,2.105733177,1.686671508
3170,0,2.255903549,1.664299706
3171,0,2.449245965,1.568858708
3172,0,1.728615803,1.907318951
3173,0,2.090456708,2.759119763
3174,0,1.371518293,2.904971140
3175,0,2.401078972,2.142235061
3176,0,2.508462179,2.950787310
3177,0,2.494001252,2.131326287
3178,0,2.342307531,1.783585151
3179,0,2.190588176,2.378206291
3180,0,2.294224986,2.077220219
3181,0,2.225642851,2.172826158
3182,0,2.020706521,2.487388825
3183,0,1.660450741,1.991754790
3184,0,2.222938703,1.416969908
3185,0,1.750645647,1.631356494
3186,0,2.624244553,2.531306504
3187,0,2.409146885,2.737453287
3188,0,2.213288701,2.967239731
3189,0,1.406337385,3.921120722
3190,0,2.190065285,3.471051283
3191,0,2.866853035,4.309563553
3192,0,2.705754644,5.147946629
3193,0,2.285831264,4.979984128
3194,0,2.746250958,4.301246159
3195,0,2.702437481,5.413162951
3196,0,3.152520166,4.587093434
3197,0,3.206285858,3.965381229
3198,0,3.065484076,4.533063177
3199,0,3.086199173,3.502267610
3200,0,3.283008526,4.421126678
3201,0,3.226536801,3.737690969
3202,0,3.373305634,3.184185354
3203,0,3.278846996,3.673813092
3204,0,3.540163081,3.139474925
3205,0,3.299381917,2.768872396
3206,0,3.217283250,2.546891136
3207,0,2.378571477,2.030887023
3208,0,3.081460293,3.091644331
3209,0,3.234079363,2.833942816
3210,0,3.427298698,2.458440015
3211,0,3.384394171,2.789831558
3212,0,3.385078449,2.694442777
3213,0,2.757490833,3.332904923
3214,0,3.133314231,4.321634043
3215,0,2.682489581,3.099034976
3216,0,3.066179188,3.747956190
3217,0,3.318219304,3.600404691
3218,0,2.968916426,2.988897912
3219,0,3.300880856,3.490055592
3220,0,2.687642367,1.745512218
3221,0,2.180451075,0.980519021
3222,0,2.853712524,2.169900134
3223,0,-0.000000000,0.000000000
3224,0,2.000000000,1.500000000
3225,0,2.178998675,2.222222222
3226,0,2.545764484,1.571196535
3227,0,2.666319514,2.812195716
3228,0,3.386165671,4.769920801
3229,0,3.131601946,3.596366734
3230,0,2.521458144,2.680769673
3231,0,2.662656411,3.446328927
3232,0,2.474430089,4.020398009
3233,0,2.950477056,2.937787288
3234,0,2.252156637,1.697522962
3235,0,2.458792411,1.915421612
3236,0,3.047399579,1.907459626
3237,0,2.583524543,1.743532258
3238,0,2.780860551,2.594661770
3239,0,3.111423350,2.077098561
3240,0,2.844726150,1.949022695
3241,0,3.391817719,4.387170353
3242,0,3.432694003,4.467503549
3243,0,3.340955993,3.313353434
3244,0,3.013389583,3.769505117
3245,0,3.116381373,2.947600853
3246,0,2.788742228,3.572339931
3247,0,1.915238028,1.365935397
3248,0,1.407971443,2.067778621
3249,0,1.694347305,2.949290796
3250,0,2.071086624,2.049612697
3251,0,2.180638090,2.623626664
3252,0,2.344067644,2.999948725
3253,0,2.751645539,3.144238565
3254,0,2.952766149,2.698568552
3255,0,1.454310543,1.223037550
3256,0,1.867450985,1.334107299
3257,0,2.291316644,1.450403321
3258,0,2.861634791,2.144631181
3259,0,2.640414780,2.412063955
3260,0,2.744706760,1.832904571
3261,0,2.591641818,1.369438648
3262,0,2.621465455,1.773422985
3263,0,3.017519422,2.543035209
3264,0,3.051725769,2.493538399
3265,0,2.879194457,3.695463276
3266,0,3.253223798,2.880982777
3267,0,3.293328911,3.694744872
3268,0,2.924998231,2.262040852
3269,0,2.769087733,1.808237494
3270,0,2.604221790,1.560982437
3271,0,2.543216930,1.904050049
3272,0,2.321639669,1.825774905
3273,0,3.040127052,2.202049467
3274,0,2.930520842,2.448514687
3275,0,3.032982785,3.594619890
3276,0,0.942383304,1.280721567
3277,0,1.749266627,1.076923077
3278,0,1.554148528,1.189015429
3279,0,1.883308060,1.124910919
3280,0,1.954063199,0.999288610
3281,0,2.233294817,2.200128527
3282,0,1.752051175,2.586035661
3283,0,2.099170768,3.116616176
3284,0,2.004750468,4.317456749
3285,0,1.935295131,2.824317688
3286,0,2.440477388,2.089771039
3287,0,1.893514316,1.082958243
3288,0,2.158167430,2.368857740
3289,0,1.268774382,2.052341724
3290,0,1.968084042,2.038312615
3291,0,1.970516838,2.068364747
3292,0,1.945056451,1.292091897
3293,0,2.455287849,1.680026033
3294,0,1.625218446,0.874467637
3295,0,2.236502183,1.683025003
3296,0,1.528133067,0.555826766
3297,0,2.275212045,1.479472574
3298,0,2.492646584,1.389475433
3299,0,-0.000000000,0.000000000
3300,0,1.061278124,0.500000000
3301,0,1.894230619,1.116389549
3302,0,-0.000000000,0.000000000
3303,0,1.799015671,1.368421053
3304,0,2.426751294,1.333333333
3305,0,2.408304439,1.663421419
3306,0,2.163824304,1.334947839
3307,0,1.783915787,1.304738286
3308,0,2.384410729,1.496657069
3309,0,2.562229572,1.339878693
3310,0,2.470497415,1.770976404
3311,0,2.292565111,1.668745203
3312,0,2.431663412,1.549768752
3313,0,2.339011923,1.496596404
3314,0,2.679911862,1.607522320
3315,0,2.648023826,1.515786064
3316,0,2.396604816,2.080400913
3317,0,2.711966797,1.939635380
3318,0,2.642708049,2.245736029
3319,0,2.806246025,1.774460535
3320,0,2.714445854,1.417917663
3321,0,2.256609303,1.436788712
3322,0,2.102482828,0.934570823
3323,0,2.691750544,2.012310053
3324,0,2.546925586,1.760798640
3325,0,2.926268162,2.695803843
3326,0,2.192580129,2.212689437
3327,0,-0.000000000,0.000000000
3328,0,1.061278124,0.500000000
3329,0,2.025373856,1.485714286
3330,0,2.959118193,2.581039755
3331,0,3.102794973,2.190488237
3332,0,3.495541898,2.482259841
3333,0,2.299211051,2.019833246
3334,0,1.892891660,0.787117510
3335,0,2.194276491,1.735656544
3336,0,2.714478239,1.616506821
3337,0,1.731876292,0.665791999
3338,0,2.480629960,1.937780536
3339,0,2.372978832,1.389461493
3340,0,2.223084382,1.313848476
3341,0,1.513789075,1.569413194
3342,0,1.827261182,2.381737323
3343,0,2.021881293,1.482806648
3344,0,2.340193999,1.451288454
3345,0,2.380190704,1.901675345
3346,0,2.500326557,1.557795503
3347,0,1.977050352,1.511636247
3348,0,2.491534279,2.022897109
3349,0,2.582627703,1.609015764
3350,0,1.261353627,1.444061961
3351,0,1.790983979,1.404309930
3352,0,2.451203268,1.629782101
3353,0,2.515394400,1.401462280
3354,0,1.621215170,0.973212555
3355,0,2.461482550,1.932077249
3356,0,3.167858478,3.212329657
3357,0,3.418534988,2.673918112
3358,0,3.647784530,3.517067943
3359,0,4.007177185,4.327194596
3360,0,3.991295840,4.084243260
3361,0,3.891929553,3.472540006
3362,0,3.905609254,4.081532057
3363,0,4.043170736,4.784501285
3364,0,2.405633606,1.728620936
3365,0,2.720723179,1.768954076
3366,0,2.934636236,1.517268409
3367,0,2.746480724,1.761600806
3368,0,2.784169460,2.279676024
3369,0,2.722998234,2.070777175
3370,0,2.932754594,2.703121400
3371,0,2.914852590,2.130334851
3372,0,2.536911046,1.669510308
3373,0,1.749305773,1.240752804
3374,0,2.080370013,1.251208043
3375,0,1.235179163,0.782974514
3376,0,2.033436956,1.753659232
3377,0,1.943986571,1.399926943
3378,0,2.467529141,2.339155159
3379,0,2.908462231,2.619703380
3380,0,2.823531645,2.514882388
3381,0,2.461638168,1.831658628
3382,0,2.757614173,2.324444979
3383,0,2.386917827,2.621725724
3384,0,2.898140408,3.663752942
3385,0,2.970614220,3.444687215
3386,0,2.043168358,1.846862120
3387,0,2.841643597,1.497122481
3388,0,3.124428902,2.113631177
3389,0,3.060772942,3.100183924
3390,0,3.048043328,3.503391899
3391,0,3.251757962,3.280561644
3392,0,1.351809124,1.517158737
3393,0,2.261921067,1.433012902
3394,0,1.508307149,0.777892994
3395,0,2.092657786,1.166138331
3396,0,1.524639318,1.093750000
3397,0,0.876064368,0.591549296
3398,0,1.550750330,1.438202247
3399,0,2.849093902,2.797752809
3400,0,1.436545552,1.181818182
3401,0,2.532930765,1.628787879
3402,0,2.480112702,1.886992021
3403,0,2.294149835,1.448248565
3404,0,2.552043975,1.552270909
3405,0,2.410220118,1.756398233
3406,0,2.354624363,2.400232101
3407,0,2.531522901,1.935240747
3408,0,2.429792716,2.195335005
3409,0,1.866522580,1.354702675
3410,0,2.681736043,1.788506136
3411,0,2.376137318,1.507023245
3412,0,1.754394427,1.597388577
3413,0,2.144592479,1.499608981
3414,0,1.340521184,1.715959954
3415,0,2.481653757,1.818779992
3416,0,2.783892942,2.514092561
3417,0,2.928133647,2.146839100
3418,0,2.997967549,2.043524372
3419,0,3.003708269,2.432852640
3420,0,2.601846053,2.054463337
3421,0,2.574537458,1.831749821
3422,0,1.996322761,1.996948539
3423,0,1.938736279,2.980279883
3424,0,2.521659164,2.136519415
3425,0,2.295585997,2.310227376
3426,0,2.338185655,1.981125569
3427,0,2.493471233,2.232610463
3428,0,2.496290785,2.440631484
3429,0,2.266937535,1.608562108
3430,0,2.276680499,1.181009091
3431,0,2.137231920,1.255991390
3432,0,2.658829273,1.999569502
3433,0,2.547194608,1.594675783
3434,0,2.791251730,1.798590987
3435,0,2.498354533,1.617867780
3436,0,2.493635180,1.781870841
3437,0,2.772141335,2.740012519
3438,0,2.668927451,3.132410287
3439,0,2.733514100,2.178477852
3440,0,2.945310456,2.686310082
3441,0,1.652937974,3.420405447
3442,0,2.535692444,2.759608441
3443,0,2.757220230,3.316124836
3444,0,2.663860381,4.148138950
3445,0,2.616724148,2.916245533
3446,0,2.794378869,2.380705723
3447,0,2.744202285,3.245324946
3448,0,2.669548390,2.529663276
3449,0,2.463431756,1.952657689
3450,0,2.773125810,1.838052866
3451,0,2.261869068,1.769232233
3452,0,2.292112192,2.468968251
3453,0,2.085242740,2.826268972
3454,0,2.374941191,3.535838944
3455,0,2.484167193,1.915416963
3456,0,2.828810291,1.818382576
3457,0,2.627479308,1.902337284
3458,0,2.211502730,0.987163260
3459,0,2.730725985,1.720401198
3460,0,3.026610345,2.483094017
3461,0,3.011002887,2.775299128
3462,0,3.121223520,2.326354456
3463,0,3.300151239,2.819862634
3464,0,2.274574670,0.969465525
3465,0,-0.000000000,0.000000000
3466,0,1.799015671,1.368421053
3467,0,2.436347075,2.478405316
3468,0,2.588978652,3.519078799
3469,0,2.965530203,2.873738017
3470,0,3.321877480,3.991103511
3471,0,3.589861490,5.645289468
3472,0,3.653601565,6.608299717
3473,0,3.648590076,5.060812166
3474,0,3.647744268,4.144363784
3475,0,2.654985499,3.374829078
3476,0,2.587002386,5.106747438
3477,0,3.541503730,4.209992024
3478,0,3.428020055,4.744057261
3479,0,3.436156211,6.046528675
3480,0,3.463337444,4.967064227
3481,0,3.399852281,5.817178488
3482,0,3.520209633,5.477325731
3483,0,3.712866143,5.386982078
3484,0,3.647797657,5.926072344
3485,0,3.671559895,4.202742175
3486,0,3.340098925,3.303420083
3487,0,3.574665006,3.972044188
3488,0,2.209758027,2.604045290
3489,0,2.555072864,1.843806144
3490,0,3.125486884,2.294134063
3491,0,3.589196790,3.355645654
3492,0,3.671473299,2.736604617
3493,0,2.843294516,1.755768828
3494,0,2.232376147,1.005321452
3495,0,2.338550276,1.624235389
3496,0,1.793305357,0.647501937
3497,0,1.737429414,1.820332929
3498,0,2.381375239,1.691318749
3499,0,2.628707837,2.504342446
3500,0,3.049362754,3.591490013
3501,0,1.828590186,1.418211233
3502,0,2.499565435,2.032380470
3503,0,1.453400896,1.362690750
3504,0,2.105898133,1.461639726
3505,0,3.028471551,2.626236111
3506,0,2.460936841,2.162337515
3507,0,3.592448158,3.145831769
3508,0,3.775954770,2.704444311
3509,0,3.438799586,2.550556795
3510,0,3.197854493,2.996335808
3511,0,3.421611348,3.023346068
3512,0,3.347694617,3.686354884
3513,0,2.986692378,2.606653246
3514,0,3.345012247,2.570764118
3515,0,3.443885977,2.902497018
3516,0,3.436725137,3.315273616
3517,0,3.657556511,3.209470550
3518,0,3.103133956,4.032006120
3519,0,3.730455790,4.697408525
3520,0,3.787695894,3.883710771
3521,0,3.784761114,4.698488120
3522,0,3.458074643,4.326457694
3523,0,3.126442019,3.730461104
3524,0,2.622840783,5.931694283
3525,0,2.924134934,6.056942607
3526,0,2.962744721,6.306306765
3527,0,2.774139877,4.235661401
3528,0,3.098854623,4.859942569
3529,0,2.930057852,5.159296874
3530,0,2.840476672,3.814821597
3531,0,3.191633476,3.354135581
3532,0,2.987045987,2.758039686
3533,0,3.140704953,2.694551126
3534,0,2.775071425,2.073109359
3535,0,2.964360572,2.409698326
3536,0,2.655935472,1.828107700
3537,0,2.562040134,1.640898090
3538,0,2.216133998,2.056121753
3539,0,2.443516102,1.587745835
3540,0,2.365577202,2.069193346
3541,0,2.597035595,2.809001928
3542,0,2.402251634,3.087180132
3543,0,2.874977680,3.877845139
3544,0,2.590008309,2.350451320
3545,0,2.490566800,2.436387356
3546,0,2.691190304,1.790498437
3547,0,0.855746038,0.560433585
3548,0,0.980763615,1.162937277
3549,0,1.513045705,1.617599297
3550,0,2.227894568,2.574090055
3551,0,2.118720941,1.858965102
3552,0,2.322257505,1.244632340
3553,0,2.230970126,1.260256592
3554,0,2.501770527,1.505724935
3555,0,2.379697805,1.807738551
3556,0,2.375116263,2.144294423
3557,0,2.291625463,1.640141883
3558,0,2.434070321,1.514508314
3559,0,2.618988901,1.720970572
3560,0,2.487325624,1.789272355
3561,0,2.475109530,1.710094965
3562,0,2.020292521,1.655288194
3563,0,1.836510458,1.012482967
3564,0,2.721797214,1.846966728
3565,0,2.840208370,1.740687922
3566,0,3.023358335,1.963116454
3567,0,3.113348606,2.212395093
3568,0,2.925548724,2.166112741
3569,0,3.290643280,2.036321977
3570,0,3.426767619,2.324018477
3571,0,2.929020299,2.131403071
3572,0,3.388894494,2.253178082
3573,0,-0.000000000,0.000000000
3574,0,1.799015671,1.368421053
3575,0,1.975008098,1.192307692
3576,0,2.092885827,1.304792927
3577,0,1.500686794,0.762184189
3578,0,1.941846455,2.018924731
3579,0,2.274056525,1.063230340
3580,0,2.491055573,1.644686773
3581,0,2.309861462,1.750728396
3582,0,-0.000000000,0.000000000
3583,0,1.314320487,1.076923077
3584,0,2.223148386,1.394736842
3585,0,2.661572200,1.792759051
3586,0,2.073220484,1.512167727
3587,0,2.520795413,2.686165639
3588,0,1.866731154,2.476905985
3589,0,2.043456767,3.307346723
3590,0,3.024808785,2.912910721
3591,0,2.701063420,2.965279109
3592,0,2.719489765,1.711174127
3593,0,3.097618621,2.022347896
3594,0,2.888278521,2.057241241
3595,0,3.347121309,2.222954066
3596,0,3.258283556,2.670150193
3597,0,3.228303369,2.336828914
3598,0,2.626039791,1.893323899
3599,0,-0.000000000,0.000000000
3600,0,1.799015671,1.368421053
3601,0,2.235926351,2.857142857
3602,0,2.796707426,2.430232558
3603,0,2.915719297,4.158273381
3604,0,2.211143936,3.364483173
3605,0,1.981522586,1.977642611
3606,0,2.464572233,2.094246501
3607,0,3.360699730,2.039038379
3608,0,2.979455253,2.987119644
3609,0,3.204678151,2.632317184
3610,0,2.941972709,2.008796772
3611,0,2.137005693,2.303022720
3612,0,2.503659040,3.128567322
3613,0,3.098767611,4.087686231
3614,0,3.010064136,5.250270730
3615,0,2.970056187,6.469243078
3616,0,3.300300508,5.530671191
3617,0,2.909294450,7.709901490
3618,0,3.096842089,8.514529337
3619,0,2.845222155,10.795023612
3620,0,2.680520525,11.637308520
3621,0,2.612542331,11.296655688
3622,0,3.568661406,9.660063176
3623,0,2.813768833,7.830420381
3624,0,3.059606494,7.184878830
3625,0,3.344941685,5.823098606
3626,0,3.615548410,4.571036129
3627,0,3.470710580,3.849128382
3628,0,3.735466448,4.585440746
3629,0,3.297905646,3.705443058
3630,0,3.299666056,3.962766145
3631,0,3.163916357,3.115324125
3632,0,3.076182892,2.829362587
3633,0,2.577737337,3.323904414
3634,0,1.834190560,2.938642390
3635,0,1.550921879,2.968936775
3636,0,1.683726929,2.341368449
3637,0,2.642996663,1.945036238
3638,0,2.550036696,1.569048718
3639,0,2.725583226,1.989173375
3640,0,2.544893700,1.540888519
3641,0,2.092365943,1.870890149
3642,0,2.537743653,1.657205022
3643,0,2.927224608,2.167359629
3644,0,2.681585146,2.114516423
3645,0,2.745508264,2.884069526
3646,0,2.497969213,3.317927978
3647,0,1.739619805,1.389655475
3648,0,0.929579528,0.690121859
3649,0,1.876243814,2.482563429
3650,0,1.946718827,1.617159943
3651,0,2.067449125,1.304163044
3652,0,2.073566228,1.512845299
3653,0,2.285779150,1.978419077
3654,0,2.171357401,3.299508144
3655,0,1.975563365,3.895098352
3656,0,1.812639203,2.444510532
3657,0,2.312875784,1.961766198
3658,0,2.075745843,2.480700415
3659,0,2.105348803,2.027881484
3660,0,2.982261594,2.094557665
3661,0,2.953911354,2.440029764
3662,0,2.471923624,1.479177781
3663,0,2.481288839,1.623228446
3664,0,2.628136432,1.601181778
3665,0,2.352381477,1.740920378
3666,0,2.415663925,1.723638962
3667,0,1.968695977,1.685703363
3668,0,2.474328051,1.606381885
3669,0,2.365402806,1.659157647
3670,0,1.815584940,1.276714469
3671,0,2.089339547,1.704258074
3672,0,1.540970024,2.010331167
3673,0,2.094601178,2.617042080
3674,0,2.161720299,1.996664964
3675,0,2.304727741,2.024271532
3676,0,2.506135807,1.582651366
3677,0,2.482320608,2.208211493
3678,0,2.500724794,2.391576652
3679,0,2.535192767,2.530281442
3680,0,2.600686003,2.025786557
3681,0,2.614438057,1.714593152
3682,0,3.086151706,2.393185308
3683,0,1.753585667,1.639470064
3684,0,2.332308489,2.250535997
3685,0,2.611486970,1.712394553
3686,0,2.751581357,1.872098555
3687,0,3.162387770,2.579880986
3688,0,3.228826868,2.198814659
3689,0,3.253346510,2.218205259
3690,0,2.968613791,2.258990422
3691,0,3.077112808,2.768810487
3692,0,3.163744169,3.530349993
3693,0,3.418443610,4.031783768
3694,0,3.183373690,4.699620524
3695,0,2.916430518,5.820333577
3696,0,3.221356558,6.481975921
3697,0,2.506416573,5.109617484
3698,0,2.945740657,6.185794747
3699,0,3.135328990,5.035843544
3700,0,2.154575641,3.806401669
3701,0,2.330636828,3.259826383
3702,0,2.419543953,3.868499038
3703,0,2.326590132,4.706463957
3704,0,3.300929804,3.965834492
3705,0,3.071584066,4.658200374
3706,0,3.085168174,5.650777448
3707,0,3.245277259,6.773611143
3708,0,3.339993465,7.578779357
3709,0,3.365463424,6.490121150
3710,0,2.167408914,3.708818788
3711,0,2.661547850,2.811497672
3712,0,2.783436300,3.722395232
3713,0,2.956830010,4.631334599
3714,0,3.050057121,5.480376141
3715,0,2.502298629,4.207074337
3716,0,2.880066069,4.378240407
3717,0,3.180115304,5.165507630
3718,0,2.936288162,4.113149046
3719,0,3.174469694,4.978860363
3720,0,2.230730644,3.779364317
3721,0,3.292772194,3.250272417
3722,0,3.279014758,2.644550314
3723,0,3.142744221,3.063818989
3724,0,3.467659976,2.824631433
3725,0,3.126687105,2.721971324
3726,0,3.063217059,2.370542951
3727,0,3.388742804,2.921383524
3728,0,3.504824237,2.418627988
3729,0,2.721661243,2.788351609
3730,0,2.615172184,2.393064613
3731,0,2.700399754,2.529041608
3732,0,3.617715915,3.049242064
3733,0,3.228238557,2.639878381
3734,0,2.984855180,2.360247884
3735,0,3.106968279,3.118658688
3736,0,3.272784557,3.541279992
3737,0,3.651188543,3.555912720
3738,0,3.323711469,2.496432843
3739,0,3.252293772,3.134759398
3740,0,3.172600028,4.070115527
3741,0,3.202028643,4.676364032
3742,0,3.186452219,4.060750555
3743,0,2.896388573,4.438655500
3744,0,-0.000000000,0.000000000
3745,0,1.584962501,1.333333333
3746,0,1.472830152,1.000000000
3747,0,1.710309164,1.885245902
3748,0,1.628689859,0.891459513
3749,0,1.914051934,1.139233360
3750,0,2.422860503,2.003838823
3751,0,2.435606777,1.318287049
3752,0,1.500303250,1.252177837
3753,0,2.243109393,2.102215769
3754,0,2.478356657,1.676114509
3755,0,2.075440210,1.538314691
3756,0,3.156556435,2.103745230
3757,0,1.801816238,1.799465381
3758,0,2.232289707,1.646789228
3759,0,1.793051100,0.917581067
3760,0,0.713146749,0.391304348
3761,0,1.673961784,1.087749783
3762,0,1.960114029,1.101309227
3763,0,1.783862434,0.883263717
3764,0,1.899146121,1.413520088
3765,0,1.576183701,1.036408211
3766,0,1.931757337,1.919233740
3767,0,2.414586059,2.884928161
3768,0,2.555368471,2.071179023
3769,0,2.532087742,1.805425774
3770,0,2.261663564,2.293438570
3771,0,3.221528620,2.282094911
3772,0,3.013392335,2.151873612
3773,0,3.293774643,2.427372550
3774,0,2.690271195,1.732461941
3775,0,2.560572758,1.978968129
3776,0,1.680376955,0.882684080
3777,0,1.364260471,1.081544641
3778,0,1.839782040,2.013770191
3779,0,2.138175328,1.630434126
3780,0,2.661995480,2.773737198
3781,0,2.312842174,3.009315974
3782,0,2.707784401,4.008247360
3783,0,3.211351081,3.358162711
3784,0,2.924684021,2.613177084
3785,0,3.012751587,3.215245029
3786,0,3.083319501,2.504449120
3787,0,3.297310599,3.268394501
3788,0,2.447810946,2.875379132
3789,0,2.975691097,2.619506458
3790,0,2.864276285,1.908368428
3791,0,2.128192756,1.150037714
3792,0,2.206222213,2.041901873
3793,0,2.212183967,2.332730712
3794,0,1.943441698,1.664701981
3795,0,2.055117325,2.513411897
3796,0,2.029681702,3.581738720
3797,0,1.949161279,2.369192473
3798,0,2.801313339,3.770903058
3799,0,3.157815053,4.496722566
3800,0,3.162559796,3.669686394
3801,0,3.225569689,4.683700741
3802,0,3.338779163,4.283681103
3803,0,3.190681050,3.398356552
3804,0,3.372871263,2.798422190
3805,0,3.685718722,2.792276888
3806,0,3.482730314,2.804557609
3807,0,2.987907835,2.628327964
3808,0,3.171042866,2.554313827
3809,0,3.343947803,2.671888563
3810,0,3.137304564,3.236060342
3811,0,3.581403618,3.132681584
3812,0,2.769886368,3.160109951
3813,0,3.876958921,3.664797719
3814,0,3.763381696,4.053615824
3815,0,3.870725456,3.670296764
3816,0,3.692241373,4.015726159
3817,0,3.691279383,3.737130002
3818,0,3.479762524,3.625137011
3819,0,3.530006186,4.066016350
3820,0,3.546346898,3.873906570
3821,0,3.250172438,2.612213223
3822,0,3.632149093,3.256714209
3823,0,3.741471554,3.616843889
3824,0,3.533843323,4.675751217
3825,0,3.767470073,3.953741517
3826,0,3.640993709,3.319304782
3827,0,2.859334296,3.262647164
3828,0,2.952187181,3.947254431
3829,0,3.091069180,3.190773936
3830,0,2.932155645,2.406226650
3831,0,3.030677522,2.214322062
3832,0,3.151120729,3.126729428
3833,0,3.411724268,2.971999944
3834,0,2.717372553,2.363568422
3835,0,2.209852373,1.516922451
3836,0,2.327136789,1.304521441
3837,0,2.525086406,1.836736252
3838,0,2.811306419,2.538819857
3839,0,3.014872256,2.310281022
3840,0,2.204198424,1.945987530
3841,0,3.307121074,2.715952979
3842,0,3.201783686,2.332889089
3843,0,3.532728860,2.539923389
3844,0,3.204169722,2.332072388
3845,0,1.972432860,1.778895144
3846,0,2.243487495,2.231396815
3847,0,3.233626098,3.062072049
3848,0,3.259779487,2.605997353
3849,0,3.354142181,2.831839949
3850,0,3.011552997,2.531383504
3851,0,3.328333404,3.380170978
3852,0,3.095482876,3.066874209
3853,0,2.380243739,2.318557902
3854,0,3.355532262,2.613473180
3855,0,3.613210746,2.855595193
3856,0,2.923760678,2.516381884
3857,0,3.201413570,3.493732024
3858,0,3.041791739,2.690831680
3859,0,2.427766231,2.136919522
3860,0,2.873887150,2.848352267
3861,0,2.675577393,2.178435743
3862,0,3.128781929,2.739098451
3863,0,2.956218373,3.209623572
3864,0,2.850699173,2.571332081
3865,0,2.664624182,2.105614656
3866,0,3.289903931,2.904643953
3867,0,3.141234433,3.726409420
3868,0,3.026088261,4.396111326
3869,0,3.434254599,3.741037941
3870,0,3.393802843,4.477097030
3871,0,3.591750028,3.949813920
3872,0,3.554350946,2.905508418
3873,0,3.302259947,3.670681952
3874,0,1.760845998,1.575690656
3875,0,2.082126160,1.495157817
3876,0,3.096632189,2.155230814
3877,0,2.971498899,1.887011036
3878,0,2.743312782,2.084433153
3879,0,2.574864474,2.188917802
3880,0,2.391539392,2.361153612
3881,0,3.083293079,2.777441737
3882,0,3.161401421,3.099236349
3883,0,3.212167542,3.466014292
3884,0,2.649774029,2.572945097
3885,0,3.273245100,2.584134871
3886,0,2.095499443,2.898468057
3887,0,2.397112293,3.760614158
3888,0,2.936257706,3.338410414
3889,0,3.523392846,3.984753327
3890,0,3.319677525,4.687591149
3891,0,3.686101924,4.049946977
3892,0,3.444379555,3.713151845
3893,0,2.193860370,2.460212338
3894,0,1.969467642,2.595052746
3895,0,2.483564776,2.207744470
3896,0,2.482576680,1.810015239
3897,0,2.386039808,2.244601583
3898,0,2.310788524,2.125573098
3899,0,2.191777492,1.741072737
3900,0,2.810687504,2.352015114
3901,0,2.871114733,2.307603760
3902,0,2.759492770,2.437142698
3903,0,2.690560972,3.244896532
3904,0,3.295773996,2.834059844
3905,0,2.710211955,2.758258984
3906,0,3.094047312,2.191973842
3907,0,2.851602398,2.326217443
3908,0,3.120598004,2.908454551
3909,0,2.977800691,3.653412446
3910,0,3.092592774,4.448063014
3911,0,3.053144902,3.576343651
3912,0,3.680336682,4.516196859
3913,0,2.948723933,3.648902649
3914,0,3.884958000,3.569132763
3915,0,3.811491932,3.500536183
3916,0,3.696644195,3.148670836
3917,0,3.577377911,3.120647499
3918,0,3.393612622,3.396262613
3919,0,4.063526001,3.847497330
3920,0,2.837671680,3.263030019
3921,0,3.379281704,3.147634292
3922,0,3.954167604,3.582508025
3923,0,3.966056585,3.945165763
3924,0,3.444798294,3.416400281
3925,0,3.425863953,2.811810659
3926,0,3.639538323,3.455164664
3927,0,3.523566820,3.598183409
3928,0,3.230626664,4.223102428
3929,0,3.393215113,3.488256977
3930,0,3.247383234,2.900375616
3931,0,3.102059673,2.461773746
3932,0,1.674989942,1.359282500
3933,0,2.292359276,1.320209919
3934,0,2.293029673,1.791310476
3935,0,3.086055043,2.842101196
3936,0,3.121397127,2.236133688
3937,0,2.975783942,2.003699441
3938,0,3.022731901,2.125660685
3939,0,2.795894755,1.840587429
3940,0,3.131913710,2.460732179
3941,0,3.222708109,2.152166101
3942,0,3.189295691,2.536001802
3943,0,3.337770548,2.319069360
3944,0,3.126328782,2.519610815
3945,0,3.470910541,3.121131626
3946,0,3.609240856,3.977956699
3947,0,2.344530567,3.145469840
3948,0,3.341406712,2.925960783
3949,0,3.383152759,2.693015187
3950,0,3.294270506,2.671904302
3951,0,3.338540835,3.072187719
3952,0,3.416275306,3.655813694
3953,0,3.537457310,4.383926024
3954,0,3.474670692,3.680526494
3955,0,3.917077758,3.521134300
3956,0,3.587076694,3.400826346
3957,0,3.329269538,3.839500136
3958,0,3.385552470,4.205865890
3959,0,3.430391005,3.773114460
3960,0,3.766490794,3.494463155
3961,0,3.542342095,3.072980312
3962,0,3.730836540,3.373955342
3963,0,2.422806414,3.906754873
3964,0,3.239690387,3.319145054
3965,0,3.747972304,4.006735291
3966,0,3.461054030,3.327721753
3967,0,3.448532910,3.185983764
3968,0,3.683671024,3.588741426
3969,0,3.441000355,2.983497499
3970,0,3.540931570,2.980503998
3971,0,3.553651993,3.181065591
3972,0,3.394657237,3.363919753
3973,0,3.313408451,4.012979482
3974,0,3.313723422,3.436590145
3975,0,3.596764993,3.111606805
3976,0,3.600196940,2.670018288
3977,0,3.511555763,2.581827540
3978,0,3.654780549,2.964814610
3979,0,3.577770931,3.325177681
3980,0,3.227145661,4.039188014
3981,0,3.231627519,4.725421462
3982,0,2.618079116,2.981512724
3983,0,3.094956272,3.416229361
3984,0,2.706702965,4.003464346
3985,0,3.729171007,3.710068735
3986,0,3.657669047,3.275833946
3987,0,3.725808938,3.562842874
3988,0,1.954726615,2.083952136
3989,0,1.893668972,1.830366594
3990,0,1.659327020,1.449478475
3991,0,1.952940507,2.244632012
3992,0,1.787991725,1.709628591
3993,0,2.489226684,1.668308991
3994,0,2.656151360,1.746859672
3995,0,2.524060905,1.786609878
3996,0,2.688156409,1.860945061
3997,0,0.872491289,0.585883890
3998,0,1.717008774,1.617738975
3999,0,2.426855942,1.564887351
4000,0,2.656444406,1.530303030
4001,0,2.515698654,1.977189650
4002,0,2.241677896,1.301003705
4003,0,2.385527945,1.836816948
4004,0,2.375703268,1.458995672
4005,0,2.598827043,1.918169386
4006,0,2.928111697,1.920554616
4007,0,2.522904283,1.866010395
4008,0,1.799900941,1.593466026
4009,0,2.513859229,1.736557065
4010,0,2.273717165,2.074716431
4011,0,2.411101363,1.699035990
4012,0,2.306186972,1.814812431
4013,0,2.670685833,2.188629377
4014,0,2.840913158,1.893999555
4015,0,2.585746965,2.087296684
4016,0,2.844715945,2.657359073
4017,0,2.841646321,3.160729081
4018,0,2.956547949,4.204881330
4019,0,3.345622437,5.145255593
4020,0,2.904731713,5.909965563
4021,0,2.663283249,6.997694171
4022,0,2.664211003,5.977804435
4023,0,3.322675811,5.069511895
4024,0,3.402520545,4.270689509
4025,0,3.279470253,4.972561763
4026,0,2.884118057,5.723065060
4027,0,3.504986445,4.892103760
4028,0,3.875300154,4.372041504
4029,0,3.895741917,4.054827749
4030,0,3.925514659,3.535145900
4031,0,3.774771908,3.815330594
4032,0,3.597007378,3.666166061
4033,0,3.784958884,3.787821477
4034,0,2.893298203,3.332224308
4035,0,3.890928199,3.986130763
4036,0,3.727683723,4.393545026
4037,0,3.929233252,4.024661199
4038,0,3.609839366,3.426766721
4039,0,3.977176931,4.186065248
4040,0,3.706998880,3.827623068
4041,0,3.960940835,4.258682131
4042,0,3.782103940,4.574021509
4043,0,2.571927071,3.344750835
4044,0,3.050618680,4.131609293
4045,0,3.194040505,4.907536749
4046,0,2.904942465,4.304575490
4047,0,2.860414542,4.016919464
4048,0,3.356331940,4.477438582
4049,0,3.335793772,4.114637437
4050,0,3.005175254,3.977929257
4051,0,3.316992569,4.373598973
4052,0,3.799676431,4.175331838
4053,0,3.586644211,3.886658410
4054,0,3.853389898,3.889561534
4055,0,3.779605201,3.668018479
4056,0,3.864067990,3.811703575
4057,0,3.082721880,4.481176287
4058,0,2.954926395,3.759867431
4059,0,3.084492565,4.380875941
4060,0,3.498929229,3.974654990
4061,0,3.642915440,3.517368943
4062,0,2.784277117,3.199848959
4063,0,3.770866172,3.339502700
4064,0,3.683256830,3.567865114
4065,0,3.719156597,3.876621889
4066,0,3.750226384,4.064738378
4067,0,3.399285920,3.610718605
4068,0,3.325147009,2.999353151
4069,0,3.189235114,2.615854300
4070,0,3.159490872,2.427404115
4071,0,2.896467562,1.795750510
4072,0,2.848225359,2.172687653
4073,0,2.898125384,2.516284974
4074,0,3.155367909,3.101591342
4075,0,3.269096125,3.243813557
4076,0,3.260302113,2.941454247
4077,0,3.749836373,2.717314457
4078,0,3.316576973,2.188317888
4079,0,4.012565333,4.100836600
4080,0,3.986823814,3.722689194
4081,0,3.897825303,3.960773264
4082,0,4.172408371,3.804898928
4083,0,3.608280901,2.994150328
4084,0,3.342756967,2.858725977
4085,0,3.599669771,3.479366232
4086,0,3.579253338,2.864474864
4087,0,2.466527877,1.779149332
4088,0,2.106892662,0.861200296
4089,0,2.268589711,1.775532316
4090,0,2.803387584,2.825658190
4091,0,2.913244605,3.880422457
4092,0,2.364675278,2.283228879
4093,0,2.536613308,2.100169685
4094,0,2.725571515,2.491715312
4095,0,2.731314198,1.985524209
4096,0,2.845473906,2.431451747
4097,0,2.666420610,2.962102611
4098,0,1.212765722,2.652747103
4099,0,1.972816152,3.156483805
4100,0,1.983349609,3.908120293
4101,0,2.378717120,5.093960326
4102,0,2.630727393,6.368034020
4103,0,3.276832396,7.347730656
4104,0,1.794113643,6.810939223
4105,0,2.556414274,6.483101055
4106,0,2.721727910,7.122173201
4107,0,3.034378341,8.067479964
4108,0,2.587481449,8.179012946
4109,0,3.407635612,6.702821672
4110,0,2.679902024,6.781381256
4111,0,1.419646847,4.974307403
4112,0,2.528400022,4.446593657
4113,0,2.704547577,4.999036443
4114,0,2.852403477,4.072659861
4115,0,2.893281121,3.379231726
4116,0,2.656617658,4.497882310
4117,0,3.073219039,3.572448214
4118,0,3.234273992,3.235638370
4119,0,3.282334569,4.099039856
4120,0,3.239950510,5.294720859
4121,0,3.168695730,4.237858089
4122,0,3.460275134,4.401259725
4123,0,3.323653381,5.032690779
4124,0,3.402934779,4.458112614
4125,0,2.980042695,2.042246826
4126,0,2.569784684,2.610654216
4127,0,3.042947207,2.928200813
4128,0,2.714611473,2.279559431
4129,0,2.252905243,1.672869258
4130,0,2.907574873,1.952518011
4131,0,2.530299771,1.914346578
4132,0,1.766569500,1.605256686
4133,0,2.141622935,1.921239742
4134,0,2.412463137,1.340891480
4135,0,2.519592066,1.848930611
4136,0,2.224120780,1.278123829
4137,0,2.513033402,1.776434009
4138,0,1.962324862,1.297297122
4139,0,2.422999745,1.618676188
4140,0,-0.000000000,0.000000000
4141,0,1.000000000,1.000000000
4142,0,1.500000000,1.000000000
4143,0,2.260207823,1.617021277
4144,0,2.510917742,2.140798226
4145,0,2.816925727,2.062139717
4146,0,2.049090200,1.378041107
4147,0,2.091956327,1.745629227
4148,0,2.445227132,1.955222600
4149,0,2.987970406,2.350679176
4150,0,2.831375939,2.279190092
4151,0,2.488075497,1.701074159
4152,0,2.206800389,1.608464407
4153,0,2.296905517,1.778109339
4154,0,2.144841155,1.532621370
4155,0,2.206031989,1.391254303
4156,0,2.186997660,2.001097675
4157,0,2.094588587,1.409795029
4158,0,2.490636262,1.599536167
4159,0,2.360859541,2.179474500
4160,0,1.810186597,1.635225472
4161,0,0.962799550,1.226110524
4162,0,1.758689510,1.076923077
4163,0,2.285289122,2.059051097
4164,0,1.951372809,1.314285714
4165,0,1.548266980,1.100567320
4166,0,1.930391230,1.329279701
4167,0,1.868074321,1.560794549
4168,0,2.606512035,2.214839974
4169,0,3.155181845,2.225297131
4170,0,2.655166218,2.620392800
4171,0,2.824884032,1.996706932
4172,0,2.879903858,2.547383438
4173,0,2.348829187,1.909847215
4174,0,2.791026828,2.055076738
4175,0,2.543653863,2.417462165
4176,0,3.125714032,2.933164805
4177,0,3.604629911,2.858350387
4178,0,3.583497862,2.767044609
4179,0,3.496779202,2.883391915
4180,0,3.627267932,3.167118045
4181,0,3.954055167,3.400956997
4182,0,3.673752022,3.239543597
4183,0,3.541218183,3.648129866
4184,0,3.570590147,3.022773995
4185,0,3.952059762,3.198105133
4186,0,3.807654003,3.476666570
4187,0,3.224701575,3.539938420
4188,0,3.066821433,3.649884758
4189,0,3.594810818,3.955785043
4190,0,3.504667681,4.302717299
4191,0,3.585109090,4.151917082
4192,0,3.777736382,4.813070958
4193,0,3.891910771,4.312233502
4194,0,2.293052001,3.528303129
4195,0,2.536114115,4.471902394
4196,0,3.019492509,3.684681025
4197,0,3.285000238,4.591283290
4198,0,3.369755613,3.903972482
4199,0,3.699873649,3.545922121
4200,0,3.699804781,4.112393176
4201,0,3.575188381,4.805294669
4202,0,3.148057173,5.641354750
4203,0,2.944003201,6.624895872
4204,0,2.949221848,5.596316702
4205,0,3.070801090,6.402387535
4206,0,3.890952004,7.350682498
4207,0,2.955651753,6.783949634
4208,0,3.513716666,7.577566101
4209,0,4.018999561,8.569069678
4210,0,3.857841987,9.634527085
4211,0,3.263370001,8.035939559
4212,0,3.648052629,6.808395682
4213,0,3.900395999,5.891124691
4214,0,3.694772394,6.126661094
4215,0,3.860889874,6.939385355
4216,0,3.781095274,7.383268820
4217,0,2.786474652,6.919006080
4218,0,3.836675194,6.272632245
4219,0,3.750696378,5.478716835
4220,0,3.702153973,6.616727438
4221,0,3.216223666,2.915964705
4222,0,1.685429116,2.388187593
4223,0,2.745227995,3.300451010
4224,0,2.681110921,2.491191652
4225,0,2.869275395,3.591819823
4226,0,3.090975461,4.566287049
4227,0,2.481552756,5.277866088
4228,0,2.855742373,6.600630001
4229,0,3.208024835,8.391485306
4230,0,3.610392476,7.624581983
4231,0,2.715554272,8.156067166
4232,0,3.265977499,8.681518454
4233,0,3.545289331,8.131474986
4234,0,1.535514422,4.458033014
4235,0,2.539546119,5.747170206
4236,0,2.491147078,5.170356925
4237,0,2.749610079,6.334841908
4238,0,2.784806183,5.495439117
4239,0,2.812370909,4.943183633
4240,0,2.891453226,4.202265728
4241,0,2.201698121,4.370839918
4242,0,2.903085714,3.840920273
4243,0,3.073807560,3.008134755
4244,0,2.844530886,3.424774672
4245,0,2.966543445,2.728852783
4246,0,3.154298053,3.512116961
4247,0,2.783510673,2.793658567
4248,0,3.677556436,3.548591297
4249,0,3.327387939,3.122106719
4250,0,3.416874000,3.344521560
4251,0,0.796910000,0.482254697
4252,0,1.551327750,0.689194928
4253,0,1.655880191,0.790768337
4254,0,1.926963879,1.131912480
4255,0,2.062408184,1.973938007
4256,0,2.384121916,2.434694827
4257,0,2.813491437,2.717767961
4258,0,2.835795254,2.862486474
4259,0,2.980831535,3.258467847
4260,0,2.528502252,2.431491990
4261,0,3.068616865,2.525345409
4262,0,2.907482804,2.019968253
4263,0,2.667079028,2.145698873
4264,0,2.796519219,2.440906922
4265,0,1.776109960,2.513662135
4266,0,2.450934315,2.144626802
4267,0,2.989152781,2.927879144
4268,0,2.555056409,3.131677507
4269,0,2.235312389,1.754167783
4270,0,2.084837854,1.111604952
4271,0,2.268928592,1.930619932
4272,0,1.820010147,1.396718652
4273,0,0.971420146,0.801612082
4274,0,1.762668246,1.846153846
4275,0,2.452881834,1.753350129
4276,0,1.528279845,1.660869565
4277,0,2.510281473,1.803062486
4278,0,-0.000000000,0.000000000
4279,0,1.000000000,1.000000000
4280,0,1.500000000,1.000000000
4281,0,2.483355755,1.750000000
4282,0,1.958660334,2.000000000
4283,0,1.893714458,3.000000000
4284,0,2.164835359,2.375136314
4285,0,2.983650574,2.312659033
4286,0,2.950985655,2.055044244
4287,0,2.995429665,2.213847586
4288,0,2.570434882,2.179515722
4289,0,0.998910410,0.961139839
4290,0,1.917932637,1.974093226
4291,0,0.999963989,0.992934516
4292,0,1.775842328,1.846153846
4293,0,2.460475078,1.694481687
4294,0,2.788460095,2.049723757
4295,0,2.391082607,2.126303931
4296,0,-0.000000000,0.000000000
4297,0,1.000000000,1.000000000
4298,0,1.918295834,1.333333333
4299,0,2.299736764,1.500000000
4300,0,2.077805319,2.004728132
4301,0,2.345192076,2.169300049
4302,0,2.872021446,1.792716207
4303,0,1.003047861,0.999865858
4304,0,1.919366462,1.333878505
4305,0,2.300516263,1.499942926
4306,0,1.959157447,2.000005682
4307,0,2.400268099,2.999402583
4308,0,2.155889349,3.999199283
4309,0,2.577421822,3.465729999
4310,0,2.339473959,2.028586123
4311,0,2.499068498,2.710462517
4312,0,2.714774391,3.665103268
4313,0,3.155914237,4.781822183
4314,0,2.919413041,2.905171021
4315,0,2.789981348,2.427843304
4316,0,2.344865341,1.314414053
4317,0,2.281841110,1.533219543
4318,0,2.566224331,2.337957984
4319,0,2.739110639,1.982024158
4320,0,2.017664803,3.495182927
4321,0,2.178957475,4.331054847
4322,0,2.167001184,3.116470576
4323,0,2.441366128,4.149811437
4324,0,2.582219922,5.092132412
4325,0,2.464805584,6.020674254
4326,0,2.314523574,6.719849434
4327,0,2.382546130,8.027194265
4328,0,2.666320376,8.974572605
4329,0,2.025440738,8.017868385
4330,0,2.912638472,8.279266473
4331,0,3.275522228,3.857373794
4332,0,3.624052838,4.995872102
4333,0,3.777019377,3.988510778
4334,0,3.374475603,3.202294491
4335,0,3.496977484,3.512411653
4336,0,3.111464849,2.734997791
4337,0,3.246087934,2.890485643
4338,0,3.097600643,2.661834918
4339,0,3.088576869,3.046225826
4340,0,3.032510216,3.858999554
4341,0,2.414535215,2.843927914
4342,0,2.997476150,2.624503314
4343,0,3.116318378,2.949595038
4344,0,3.078914831,3.637517566
4345,0,2.920887214,3.176852800
4346,0,3.098520635,2.426132580
4347,0,3.154992585,3.046883139
4348,0,2.958951760,3.035465169
4349,0,2.814391215,2.868092549
4350,0,2.681816390,2.785994520
4351,0,2.449894425,2.767559032
4352,0,2.722453305,3.527794269
4353,0,2.832095820,3.707490505
4354,0,2.465181578,1.358851807
4355,0,2.937941762,2.209706257
4356,0,2.404116078,1.441288139
4357,0,2.369506330,1.366572177
4358,0,2.732637014,1.974793722
4359,0,-0.000000000,0.000000000
4360,0,-0.000000000,0.000000000
4361,0,1.799015671,1.368421053
4362,0,2.590034652,2.000000000
4363,0,2.996187453,2.832558140
4364,0,-0.000000000,0.000000000
4365,0,1.799015671,1.368421053
4366,0,1.524089465,0.863636364
4367,0,1.853776557,1.352380952
4368,0,2.126419690,1.131416838
4369,0,1.745080227,0.679685639
4370,0,-0.000000000,0.000000000
4371,0,1.446616668,1.777777778
4372,0,1.965237568,2.500000000
4373,0,1.855320449,1.043701799
4374,0,2.527945408,1.707260181
4375,0,2.871923396,2.367086314
4376,0,2.807113803,3.135102928
4377,0,3.088086818,2.668447730
4378,0,2.872559679,2.099764418
4379,0,2.542366941,2.410514901
4380,0,2.612684103,2.062126887
4381,0,2.797377510,1.819812212
4382,0,1.472295555,1.148851597
4383,0,2.569432361,1.985107223
4384,0,2.429531085,1.497884490
4385,0,2.659879170,1.798257206
4386,0,2.231551632,1.225234507
4387,0,2.413394664,2.080920446
4388,0,2.445930175,2.382267163
4389,0,2.533215025,3.250104589
4390,0,2.927643244,2.471186309
4391,0,3.271303665,3.056634660
4392,0,3.454663700,2.941256293
4393,0,3.395503363,3.223859485
4394,0,3.093750400,2.291652945
4395,0,3.174387399,3.377778567
4396,0,3.669171009,4.332796654
4397,0,3.507296788,5.585580534
4398,0,3.358205983,6.206029512
4399,0,3.374733041,5.140854372
4400,0,3.481331286,5.394361317
4401,0,3.131636363,4.169386194
4402,0,3.152381394,3.897559480
4403,0,2.592387290,2.902915819
4404,0,2.984139272,2.092861838
4405,0,2.716227165,2.008458334
4406,0,3.320462874,3.094904324
4407,0,3.126934653,3.837346433
4408,0,3.109585639,3.239339430
4409,0,2.807496461,2.649014753
4410,0,2.898748172,2.021843468
4411,0,3.087950312,2.856600953
4412,0,3.262767343,2.178190914
4413,0,3.291240772,2.858031342
4414,0,2.610180535,2.087956956
4415,0,2.702030782,2.044644715
4416,0,2.046413023,2.002331104
4417,0,3.069533693,2.497547447
4418,0,1.157233687,0.796083882
4419,0,1.618053348,1.711765890
4420,0,2.668106330,1.767900903
4421,0,2.711945603,1.706059072
4422,0,2.334889406,1.620612085
4423,0,2.380142188,1.565091779
4424,0,2.869203113,2.157537596
4425,0,3.112782432,2.800278068
4426,0,3.119226608,3.859652044
4427,0,2.898495361,2.335415443
4428,0,3.142817174,2.386701863
4429,0,2.331669856,2.565393780
4430,0,2.227907588,3.353378760
4431,0,2.701191253,4.224533521
4432,0,3.170958683,3.477062881
4433,0,3.052467340,4.100491238
4434,0,2.720544384,5.397807910
4435,0,2.645102726,6.734890369
4436,0,2.341331884,7.792163198
4437,0,1.986210477,8.855219085
4438,0,1.470303767,9.326413586
4439,0,1.446984720,8.251344098
4440,0,1.825191068,8.215942342
4441,0,1.294754389,8.373768397
4442,0,1.754107521,6.991882188
4443,0,1.186278124,1.750000000
4444,0,1.563385639,1.187500000
4445,0,1.938029494,1.371534196
4446,0,0.998782127,0.958916479
4447,0,1.917889876,1.333333333
4448,0,1.386439935,1.151594925
4449,0,1.848621153,1.106841654
4450,0,2.172791752,1.789248650
4451,0,2.677031184,2.416450069
4452,0,2.638168484,2.800900103
4453,0,1.731977437,2.893159286
4454,0,1.425407729,0.902607660
4455,0,1.877112433,1.143870671
4456,0,1.706518305,1.167185687
4457,0,2.230043545,1.395669875
4458,0,1.330602239,1.332458026
4459,0,2.366709734,2.141027779
4460,0,2.214613882,2.452110632
4461,0,2.531139557,3.311796241
4462,0,2.695903103,2.676214559
4463,0,2.367613699,2.864995095
4464,0,2.222924787,2.043559703
4465,0,2.400228058,2.086979636
4466,0,3.075886975,2.695450436
4467,0,3.059068268,3.721869802
4468,0,3.284207565,3.179055150
4469,0,3.201208100,3.935248278
4470,0,2.898132845,2.837516281
4471,0,3.199454699,3.969994572
4472,0,2.910005673,4.294410050
4473,0,3.090721005,4.916243048
4474,0,3.038501394,5.819972192
4475,0,3.274962338,4.192222652
4476,0,2.696155611,6.565630167
4477,0,3.203925876,7.040988433
4478,0,3.678814041,6.069013112
4479,0,3.406089779,6.859424265
4480,0,3.214339865,7.442961601
4481,0,3.352265958,6.809577604
4482,0,3.165016014,7.873160256
4483,0,3.151894448,7.252199969
4484,0,2.434336823,6.991137989
4485,0,3.064395082,7.595682151
4486,0,3.276854717,5.951548168
4487,0,3.275017830,6.929824262
4488,0,3.146103665,6.155753232
4489,0,2.742524317,3.658198039
4490,0,2.783776103,4.604520692
4491,0,2.666650066,3.123694513
4492,0,2.640117782,2.287914736
4493,0,2.630392595,2.154511038
4494,0,2.877491614,3.126538580
4495,0,3.081690325,3.935158647
4496,0,3.218949743,3.467119008
4497,0,1.916963757,2.177368482
4498,0,3.053346560,2.184299021
4499,0,2.708614588,2.315955297
4500,0,2.628426762,2.745765267
4501,0,2.423419823,2.145473619
4502,0,2.622002685,2.479746257
4503,0,2.875785793,2.108648613
4504,0,2.199771431,1.970799994
4505,0,2.691896080,1.903961694
4506,0,2.854418500,2.271371162
4507,0,2.750659910,2.680525992
4508,0,3.051281142,3.618583078
4509,0,2.716945858,2.636187781
4510,0,2.803521951,2.160879328
4511,0,2.725432351,2.567316360
4512,0,2.835007687,2.188843696
4513,0,3.067723437,2.794281517
4514,0,3.017871701,3.384700826
4515,0,3.259657589,2.934200973
4516,0,2.950605717,2.279175763
4517,0,3.051866637,2.353811336
4518,0,3.256648989,2.797164200
4519,0,3.321839932,2.643286131
4520,0,3.346904505,2.987160478
4521,0,3.392476805,3.236907294
4522,0,3.625334063,3.823655036
4523,0,3.395347133,3.214871555
4524,0,2.621175702,3.383756288
4525,0,2.659428304,3.068572691
4526,0,3.612656097,3.741754215
4527,0,3.732482134,3.363518355
4528,0,3.344414178,3.829818759
4529,0,3.384685710,3.643267105
4530,0,3.355361646,3.544830696
4531,0,3.534383946,4.412070103
4532,0,3.415866266,3.595994838
4533,0,3.582556403,3.487918845
4534,0,3.124172318,4.765130872
4535,0,3.688072964,3.920261132
4536,0,3.560986209,3.492982578
4537,0,3.437801388,2.620514080
4538,0,3.534484347,3.217749154
4539,0,2.708184495,2.714301831
4540,0,2.651676304,2.852373322
4541,0,2.958142150,3.063024968
4542,0,3.243039333,3.218456306
4543,0,3.186235194,2.589637200
4544,0,3.340485738,3.497860723
4545,0,3.253090673,4.074565833
4546,0,3.420584509,3.185518776
4547,0,3.314333597,4.187727441
4548,0,3.372047448,6.010259991
4549,0,3.648438126,4.544822725
4550,0,3.216123541,4.668749406
4551,0,3.630947067,5.369626082
4552,0,3.349200977,5.889491929
4553,0,3.194389368,3.997915389
4554,0,2.896751670,3.203790415
4555,0,3.395647886,2.712797022
4556,0,2.891743190,1.824135837
4557,0,2.953016219,2.492243626
4558,0,2.915695453,3.081030155
4559,0,2.584352897,2.323850094
4560,0,2.864927311,2.283433891
4561,0,2.418382696,2.414145421
4562,0,2.833627001,3.431166583
4563,0,2.852278497,4.325679530
4564,0,2.931940735,4.897601526
4565,0,2.676699415,5.303570064
4566,0,1.943295230,3.848073074
4567,0,2.421983390,5.368278050
4568,0,3.067307283,2.672945186
4569,0,2.875247980,2.410056646
4570,0,3.355250836,2.723169846
4571,0,3.104763999,2.331979656
4572,0,2.346550530,1.767554582
4573,0,2.926098574,2.495628252
4574,0,2.669339150,3.281190997
4575,0,3.343405386,2.804351854
4576,0,3.232756253,3.349065504
4577,0,2.281074171,4.322463836
4578,0,3.141336466,5.176197685
4579,0,3.621464022,4.305762988
4580,0,3.644383221,3.719891800
4581,0,3.738510741,3.918441374
4582,0,3.286191453,2.303980101
4583,0,3.164553891,2.432203214
4584,0,2.973793488,2.952357282
4585,0,3.320349785,3.606672805
4586,0,2.626306687,4.396375452
4587,0,2.744145960,3.824322517
4588,0,3.378753720,3.431744135
4589,0,2.587229129,3.746832217
4590,0,2.115419402,4.813495465
4591,0,3.474583056,6.041238423
4592,0,3.626499556,5.048099182
4593,0,3.500663178,5.460434207
4594,0,3.296098929,6.014606519
4595,0,3.528479010,4.962356817
4596,0,3.391691067,6.060676137
4597,0,2.983524283,7.033587978
4598,0,2.964716955,5.934691334
4599,0,3.865656410,5.212668842
4600,0,3.695734630,6.303406067
4601,0,3.765030749,5.560652485
4602,0,3.234997980,4.418451824
4603,0,4.032223507,5.296458980
4604,0,3.708494895,5.804183158
4605,0,3.677318693,6.204437742
4606,0,3.160363233,3.607691577
4607,0,3.412215902,3.581801517
4608,0,2.086845942,1.433792946
4609,0,2.927367942,2.373960250
4610,0,1.339854016,1.856304763
4611,0,1.260239305,0.590872536
4612,0,1.236623919,1.082147495
4613,0,1.955963949,2.009322581
4614,0,2.062274099,1.850346638
4615,0,2.782252667,2.390694837
4616,0,2.995659580,2.414646849
4617,0,3.271333734,2.899664739
4618,0,2.808927539,2.603351726
4619,0,2.664217002,3.234543786
4620,0,2.911827070,4.245430666
4621,0,3.343798882,5.249212640
4622,0,2.829769152,6.480539003
4623,0,3.785832413,5.697835801
4624,0,3.819266069,6.368959619
4625,0,3.652865802,5.003221323
4626,0,3.600057880,4.014017067
4627,0,2.041313866,1.502555531
4628,0,2.578261985,2.202659538
4629,0,2.691417096,1.993563986
4630,0,2.717630866,1.711980642
4631,0,2.644386770,2.077670094
4632,0,3.107260896,2.898292876
4633,0,2.839453230,2.180962656
4634,0,2.910268483,3.102918124
4635,0,3.071210607,3.989008865
4636,0,3.518965983,3.483383410
4637,0,3.621821270,4.143677719
4638,0,3.285857510,3.413498899
4639,0,3.311697801,3.009988734
4640,0,2.808363014,3.305957861
4641,0,3.167898625,4.106717870
4642,0,2.952562436,4.895448834
4643,0,3.518548433,5.553740739
4644,0,3.452683414,6.198536524
4645,0,2.480279650,5.556300896
4646,0,2.856733730,5.944966303
4647,0,3.061934353,5.065417559
4648,0,2.845992572,3.959874643
4649,0,2.815795741,2.958372828
4650,0,2.780931344,3.328474681
4651,0,2.566654290,2.693538438
4652,0,2.326115519,2.800988600
4653,0,2.805180327,6.068275671
4654,0,2.745656193,2.637536540
4655,0,3.112374671,2.565105624
4656,0,3.337237261,3.098117484
4657,0,3.710861222,3.856536404
4658,0,3.585832242,3.313608419
4659,0,2.975798338,3.664803539
4660,0,3.190081741,4.810578079
4661,0,3.408840059,5.671521747
4662,0,3.501141070,3.445819551
4663,0,3.410525615,3.135423563
4664,0,3.599592546,4.024590737
4665,0,3.518336054,3.611833400
4666,0,3.586056121,3.955650109
4667,0,3.495102012,3.429286815
4668,0,3.547649840,3.361601559
4669,0,3.308220077,3.464128667
4670,0,3.574656276,4.146363140
4671,0,3.228513347,4.891432761
4672,0,3.468755632,6.161106168
4673,0,3.204673566,3.892457564
4674,0,3.358537476,6.095151633
4675,0,2.912753482,5.069515673
4676,0,2.902070858,4.128791994
4677,0,2.823816409,3.756202444
4678,0,2.081950637,4.538177725
4679,0,2.797605822,3.237833507
4680,0,3.005164689,5.115047442
4681,0,2.073614249,2.612058441
4682,0,1.728860469,1.637757412
4683,0,1.149238792,0.904680119
4684,0,1.999848590,1.244059063
4685,0,2.062939986,1.486204742
4686,0,2.475479476,2.326401268
4687,0,2.095656759,2.717189297
4688,0,1.775551973,2.232080080
4689,0,2.459150784,2.792881351
4690,0,2.765406728,2.870589138
4691,0,2.964871291,2.991297354
4692,0,2.614269044,1.908566950
4693,0,2.524103737,1.989756485
4694,0,2.397304506,1.456410823
4695,0,2.398914952,1.332090082
4696,0,2.306773778,1.992130675
4697,0,2.572603660,1.880455262
4698,0,2.363274947,1.352214997
4699,0,2.342932997,1.611312605
4700,0,2.976943425,2.383028944
4701,0,3.071538623,2.564443700
4702,0,2.740461215,2.167060255
4703,0,2.593747107,1.763399943
4704,0,3.019986111,2.321049872
4705,0,2.744606877,2.087604679
4706,0,2.088816593,1.898705748
4707,0,2.371494961,2.700422050
4708,0,2.886987394,2.208613505
4709,0,1.638227666,2.623460691
4710,0,2.664502921,2.861636752
4711,0,2.889419379,3.861246262
4712,0,2.839376551,3.120572662
4713,0,3.308248953,3.999655207
4714,0,3.030385467,3.065333555
4715,0,2.980173155,2.458774401
4716,0,2.933433609,2.169342775
4717,0,2.977491038,2.597893758
4718,0,3.153099110,2.379708701
4719,0,2.949511633,2.070383437
4720,0,3.253461980,2.655350297
4721,0,3.023472733,3.117560699
4722,0,3.347778067,2.821003027
4723,0,3.233944343,2.499550968
4724,0,2.900325410,2.662751135
4725,0,2.531991966,1.799457979
4726,0,2.786526984,3.019322188
4727,0,2.929152488,2.933558447
4728,0,2.790345491,2.796417386
4729,0,3.242887225,3.845712874
4730,0,2.122690732,2.093396413
4731,0,2.422365937,1.959471641
4732,0,3.167150033,2.383994511
4733,0,3.134227431,2.417277423
4734,0,3.316986907,3.303447837
4735,0,2.397223570,1.588077520
4736,0,2.415640521,1.342068402
4737,0,2.527461927,1.486771265
4738,0,2.792881939,2.190029407
4739,0,3.189897052,2.707291615
4740,0,3.262939091,2.803869907
4741,0,2.896295397,2.012841793
4742,0,2.726538085,2.485001220
4743,0,3.271315475,2.741680260
4744,0,3.160462775,3.222617829
4745,0,3.312763932,2.468397120
4746,0,3.224887471,2.859638470
4747,0,3.326632392,3.083514350
4748,0,3.376321011,2.643793575
4749,0,1.353174296,1.682642828
4750,0,2.230124674,2.199619669
4751,0,2.689823886,2.221550012
4752,0,2.792427407,2.227272705
4753,0,2.739251452,2.036588550
4754,0,2.872819015,2.205933683
4755,0,2.912779901,3.087341439
4756,0,2.059816869,2.056730592
4757,0,2.286168520,3.037210845
4758,0,2.678387651,2.420212557
4759,0,3.181198685,2.967641085
4760,0,2.994790144,2.011071691
4761,0,3.049931909,2.470777504
4762,0,2.589881894,2.129332326
4763,0,2.908900268,2.736376514
4764,0,2.360878641,1.396967277
4765,0,1.639457669,0.849962262
4766,0,2.061189845,1.649455950
4767,0,2.387660705,1.348110991
4768,0,1.957131412,1.743667900
4769,0,1.970455858,1.520465504
4770,0,2.412141490,2.541252998
4771,0,2.170848521,1.780639824
4772,0,2.645538851,1.745015001
4773,0,2.682728713,1.541618466
4774,0,2.359531681,1.765229792
4775,0,1.863651016,1.432276713
4776,0,2.174959784,1.225903959
4777,0,1.848482915,1.022304392
4778,0,1.185485378,0.519647966
4779,0,1.482960031,1.216697412
4780,0,2.198966137,2.173644794
4781,0,1.948882265,1.240902560
4782,0,2.256331811,1.325536382
4783,0,1.683491873,1.442017105
4784,0,2.323870415,2.725672547
4785,0,2.522368947,1.999947409
4786,0,1.730931449,1.897282908
4787,0,2.426963757,2.170553424
4788,0,2.002286498,1.936901439
4789,0,1.495599780,1.089347664
4790,0,2.324005943,2.011823964
4791,0,1.918849891,2.126387864
4792,0,1.962095959,1.037681609
4793,0,1.849026950,1.859900325
4794,0,2.261520083,1.457828324
4795,0,1.934721308,1.667037968
4796,0,2.169709255,2.366298653
4797,0,1.938823216,2.894288658
4798,0,2.488146742,3.698160773
4799,0,2.465162428,4.787866440
4800,0,1.402420333,2.919258267
4801,0,2.029595897,3.467498001
4802,0,1.968662473,3.341212114
4803,0,1.814618224,4.620433814
4804,0,3.145645134,5.486954250
4805,0,2.990741705,4.413691313
4806,0,3.211800469,5.439161278
4807,0,2.942447904,6.401486878
4808,0,3.021683009,7.552946524
4809,0,3.099318674,6.322795753
4810,0,1.850422798,2.191333402
4811,0,2.515484750,1.735139435
4812,0,2.413018132,1.430583687
4813,0,2.785303224,1.813111699
4814,0,2.989306602,2.282435605
4815,0,2.286462023,2.743481405
4816,0,2.373043444,1.621715761
4817,0,2.553667934,2.496037131
4818,0,2.476426275,1.833444906
4819,0,2.998271407,2.673979467
4820,0,3.057664949,2.444293056
4821,0,2.704481819,1.874724955
4822,0,2.112844621,1.645000661
4823,0,1.494147227,1.662051746
4824,0,2.732048289,2.933710792
4825,0,2.287392179,2.032606663
4826,0,3.321007277,2.914175652
4827,0,3.185801685,2.443239737
4828,0,3.184861640,2.853255964
4829,0,2.972702771,3.888067038
4830,0,2.518438310,3.836630185
4831,0,3.285623662,4.591508268
4832,0,2.902824408,3.988160722
4833,0,3.951504059,3.733516265
4834,0,3.619383278,4.265762939
4835,0,3.756345013,4.807381260
4836,0,3.656189209,4.166790673
4837,0,3.696140361,3.777099149
4838,0,3.896897174,3.556658033
4839,0,2.909436173,3.111005829
4840,0,3.955180340,3.420692893
4841,0,3.573187515,3.176726151
4842,0,3.486644808,3.404902599
4843,0,3.464295553,2.919201759
4844,0,3.652798680,2.934506957
4845,0,2.118059357,2.644196593
4846,0,2.014073268,3.119878121
4847,0,3.292707285,3.211428086
4848,0,1.559108889,1.772626905
4849,0,2.266078415,2.638197870
4850,0,2.758498661,3.326109474
4851,0,3.410789209,2.798735700
4852,0,1.996864066,2.263271669
4853,0,3.227081976,3.441523525
4854,0,2.802517574,3.503426166
4855,0,2.642579482,3.073644728
4856,0,3.292812413,3.390884839
4857,0,3.542794868,3.188129214
4858,0,3.581083865,3.407681002
4859,0,3.607742734,4.080704958
4860,0,3.883880738,3.482970001
4861,0,2.759487021,2.748821468
4862,0,3.319588283,2.347466192
4863,0,3.152018828,2.404622890
4864,0,3.507906998,2.408386144
4865,0,3.326434584,2.135917539
4866,0,3.581902087,3.067866562
4867,0,4.028144040,3.679698054
4868,0,4.127025832,4.130602207
4869,0,4.045589776,3.484298745
4870,0,4.335889132,4.532278127
4871,0,4.455740990,5.066946104
4872,0,3.056583725,4.220439455
4873,0,3.093871165,3.975242792
4874,0,3.002710945,3.557192271
4875,0,3.533869211,3.249139519
4876,0,3.600853905,3.344667061
4877,0,3.535475801,3.949101665
4878,0,3.438031632,3.842138629
4879,0,3.412262207,3.138473715
4880,0,3.352687228,2.732699120
4881,0,3.378376967,2.839499567
4882,0,3.311607897,2.493757651
4883,0,3.013455678,2.875302460
4884,0,3.299331579,2.893599696
4885,0,3.413813773,3.471494655
4886,0,2.418700099,2.454487861
4887,0,3.103854722,2.418976791
4888,0,2.250321814,2.024944626
4889,0,3.107902198,2.592245247
4890,0,2.719209218,3.509601507
4891,0,2.401383800,2.370852539
4892,0,1.857144836,1.867636095
4893,0,2.718660498,1.954357650
4894,0,2.899602136,2.475910745
4895,0,3.142756554,2.332593211
4896,0,2.565243515,2.314265183
4897,0,2.685584021,2.505481520
4898,0,3.206068072,2.876698789
4899,0,3.605116446,3.581042654
4900,0,3.320104253,4.181091705
4901,0,3.282295685,3.478543490
4902,0,3.452894468,2.875768337
4903,0,3.272230583,2.290393054
4904,0,3.414839670,2.502749398
4905,0,3.356200325,2.646344133
4906,0,2.575881083,2.724706518
4907,0,2.461777600,2.582562148
4908,0,1.825128744,2.939912402
4909,0,1.730369508,2.121213456
4910,0,2.245970647,2.447462750
4911,0,2.829852602,2.253190731
4912,0,2.636027062,2.984746827
4913,0,1.872575298,2.292276591
4914,0,2.704669616,2.251793590
4915,0,2.788934611,1.744591645
4916,0,2.676465977,1.829887135
4917,0,2.722375656,1.942094657
4918,0,2.708027865,1.881676086
4919,0,2.278790050,1.472422434
4920,0,2.596225617,2.155519136
4921,0,2.952373261,3.088819071
4922,0,3.187403468,2.765578586
4923,0,3.200190712,3.452443575
4924,0,3.542384684,2.939728022
4925,0,3.454390065,3.065973654
4926,0,3.556299600,3.973502350
4927,0,3.358010863,5.278121615
4928,0,3.854437962,4.089555374
4929,0,3.735121536,4.558183130
4930,0,2.880656392,3.506094863
4931,0,3.289170121,2.931802409
4932,0,3.366884658,2.759670838
4933,0,3.153605866,3.377782191
4934,0,3.668879375,3.861376994
4935,0,2.696464340,3.194253719
4936,0,3.421120748,3.048640683
4937,0,3.550872597,3.706950669
4938,0,3.127608949,1.947432112
4939,0,2.627285040,1.655745461
4940,0,2.839400222,2.839653177
4941,0,3.152403912,2.069467389
4942,0,3.430953202,1.942865822
4943,0,3.287581575,2.055742657
4944,0,3.591274562,2.113001531
4945,0,3.745241102,2.764142397
4946,0,3.561857833,2.696314883
4947,0,3.237319702,2.485217497
4948,0,3.363890792,2.446693226
4949,0,2.878452484,1.765862533
4950,0,3.289184723,2.440406024
4951,0,2.797252878,2.676119353
4952,0,2.553772534,1.775531694
4953,0,2.481659767,2.263043033
4954,0,2.639629510,2.656687009
4955,0,1.732688281,1.768296980
4956,0,2.278330901,1.242322712
4957,0,2.111242457,1.101708328
4958,0,2.104659911,1.909910110
4959,0,2.362621303,1.634026486
4960,0,2.158742901,1.659533631
4961,0,2.448738899,1.583896202
4962,0,-0.000000000,0.000000000
4963,0,1.799015671,1.368421053
4964,0,1.880333211,2.256410256
4965,0,2.226734661,2.188340807
4966,0,2.631292605,2.820824092
4967,0,2.930889691,2.566101355
4968,0,3.072559101,2.863492484
4969,0,2.449703802,2.183770414
4970,0,1.908281623,1.571867337
4971,0,1.733540401,1.353027668
4972,0,2.673712968,1.738719743
4973,0,2.880980782,1.758358338
4974,0,2.481293551,2.151979111
4975,0,3.059770990,2.014724979
4976,0,3.163020614,2.147160502
4977,0,3.353009935,2.186681573
4978,0,3.304683779,2.263734062
4979,0,2.395788479,2.100279824
4980,0,3.016895987,2.184353079
4981,0,2.994356675,2.287399643
4982,0,2.460393026,1.811003581
4983,0,2.601061528,1.521898567
4984,0,2.508367779,1.664451590
4985,0,2.267869466,1.467689594
4986,0,2.097052700,2.206207000
4987,0,2.691925370,1.881227345
4988,0,2.500545034,2.098630531
4989,0,2.495873272,1.672919059
4990,0,2.605085949,2.043367106
4991,0,2.171769903,1.179118424
4992,0,2.334407874,1.712688423
4993,0,2.928122253,2.759216112
4994,0,2.114587029,1.862359541
4995,0,2.825816135,1.998253857
4996,0,2.221529540,1.442459124
4997,0,2.971353334,1.982072397
4998,0,2.899660376,1.594149979
4999,0,2.635740322,1.745662270
5000,0,2.728723334,1.634433699
5001,0,3.029478654,2.220791020
5002,0,2.935103854,2.521272442
5003,0,3.011831131,2.238058990
5004,0,3.291573919,2.934532620
5005,0,2.903900125,3.139706155
5006,0,2.902480773,3.802257381
5007,0,2.946623053,2.729979357
5008,0,2.745866870,1.889822365
5009,0,2.700494142,1.900289527
5010,0,2.940901505,3.369975762
5011,0,3.270203353,4.397591106
5012,0,2.863594611,3.159650763
5013,0,3.182192830,2.985435390
5014,0,3.074424377,2.062758024
5015,0,3.284868763,2.094930309
5016,0,3.477861286,2.473713866
5017,0,3.615826153,3.208445431
5018,0,3.750595439,3.533404611
5019,0,3.410309864,2.392851702
5020,0,3.445925423,2.418781595
5021,0,3.380502785,2.872117856
5022,0,3.391328769,2.584095799
5023,0,3.152111098,3.170033447
5024,0,3.188078055,4.040276833
5025,0,3.104237310,3.065489526
5026,0,3.181296757,3.529972087
5027,0,3.372158531,3.706361595
5028,0,2.342366178,1.841393109
5029,0,2.281175147,1.881477103
5030,0,3.035730732,2.295286156
5031,0,2.741714718,1.871261884
5032,0,2.880202572,2.103047262
5033,0,3.020554914,2.749391117
5034,0,2.964180975,2.858602740
5035,0,3.118798111,2.548897503
5036,0,3.414441941,2.726310249
5037,0,2.721629902,2.723837327
5038,0,2.471477239,2.061553052
5039,0,2.852340916,1.956939383
5040,0,3.047067104,2.457662454
5041,0,2.817004218,2.938658278
5042,0,3.245780292,2.600510226
5043,0,3.162396952,2.256716087
5044,0,3.157426451,2.310099270
5045,0,3.039930710,2.929720393
5046,0,3.055352645,2.318732523
5047,0,2.348528890,2.056392504
5048,0,2.423267242,2.815833047
5049,0,2.371826100,3.440941498
5050,0,2.277342424,3.022376593
5051,0,2.828265911,2.394406681
5052,0,3.299936887,2.278058001
5053,0,2.475415014,1.554457397
5054,0,2.255000563,2.018555977
5055,0,2.403947927,2.927520253
5056,0,1.662424897,1.980740954
5057,0,2.395183470,1.740194353
5058,0,1.983622274,1.452787408
5059,0,1.922194291,1.704704899
5060,0,2.909319423,2.538279770
5061,0,2.335349665,1.756617945
5062,0,2.859472828,1.831744244
5063,0,2.739347022,1.850548131
5064,0,2.635843157,1.655143006
5065,0,1.902734628,1.788730849
5066,0,2.318405811,1.467694785
5067,0,2.296562463,1.458535394
5068,0,2.332827157,1.530785354
5069,0,1.215169893,1.396303762
5070,0,2.013960296,1.843835735
5071,0,2.674762711,3.223310753
5072,0,2.516640665,3.233539045
5073,0,2.646055958,1.767359058
5074,0,2.972344430,2.818072141
5075,0,2.949865389,3.208038791
5076,0,3.040737067,2.131391026
5077,0,3.059522455,2.255620757
5078,0,3.590386135,3.540420050
5079,0,3.375046119,4.126491109
5080,0,2.900735008,2.746332274
5081,0,3.465518169,2.453417222
5082,0,3.468255219,3.270870585
5083,0,3.337589407,4.090116799
5084,0,2.108950070,4.416884743
5085,0,2.886672237,3.408644497
5086,0,3.275700418,3.089904823
5087,0,3.210259925,4.251129166
5088,0,3.469756474,3.739048238
5089,0,3.290642871,3.901498760
5090,0,3.047111593,2.815112130
5091,0,3.472198197,3.681254983
5092,0,3.202236093,3.350967416
5093,0,3.369368923,3.006561709
5094,0,3.628035649,3.383483908
5095,0,3.508920262,3.030363700
5096,0,3.790012470,3.186351898
5097,0,3.712754352,3.177970619
5098,0,2.882200851,2.553510880
5099,0,2.531335129,1.685230733
5100,0,2.628979785,1.671500537
5101,0,2.666135826,1.721972288
5102,0,2.743981635,1.956265571
5103,0,2.390480567,2.787530071
5104,0,2.871407225,2.467058755
5105,0,2.939143866,1.882384929
5106,0,3.116898691,2.762624557
5107,0,3.098642939,3.024804876
5108,0,2.804183566,2.396030913
5109,0,2.650131593,3.010245943
5110,0,2.828049515,2.034075198
5111,0,1.900637130,0.977304320
5112,0,1.870060347,1.221592306
5113,0,1.970768116,2.199509585
5114,0,2.790522760,3.131225545
5115,0,2.596453379,2.146801701
5116,0,2.911570914,2.998399421
5117,0,2.504328065,2.086074790
5118,0,2.591331188,2.074309626
5119,0,1.910563002,1.563891992
5120,0,1.916006656,1.889438108
5121,0,2.644949324,1.864192561
5122,0,2.831573491,1.936744488
5123,0,2.747791149,2.241385269
5124,0,2.772717772,2.457980774
5125,0,2.492602569,2.323258726
5126,0,2.545352396,2.266094736
5127,0,3.010004713,2.383077944
5128,0,3.049651669,2.119805883
5129,0,2.851859918,1.823323793
5130,0,2.847696082,2.105568905
5131,0,3.279288509,2.206230726
5132,0,3.193127943,2.460381788
5133,0,2.342678769,2.029880945
5134,0,2.519652044,2.480011763
5135,0,3.011418226,3.281572107
5136,0,2.131412701,4.288577917
5137,0,3.081401340,4.006481117
5138,0,3.499355831,3.812495202
5139,0,3.219781055,4.514692060
5140,0,3.118520648,4.427662838
5141,0,3.286720892,4.034254196
5142,0,3.318082090,3.960089355
5143,0,3.101044689,4.642267241
5144,0,3.441289333,4.060965031
5145,0,3.357300940,3.408814642
5146,0,3.557133916,4.123376092
5147,0,3.420010640,4.833454924
5148,0,3.251728744,5.130754013
5149,0,2.301369187,3.567415872
5150,0,2.969829706,3.299227658
5151,0,3.032126284,4.493996422
5152,0,3.405570745,5.207132381
5153,0,3.474207519,6.014772246
5154,0,3.432894003,7.016111057
5155,0,3.114070864,8.087931446
5156,0,2.547402002,8.457840041
5157,0,2.482823542,6.928503751
5158,0,2.690319147,8.138316759
5159,0,2.536212846,6.818608880
5160,0,2.636359818,8.037365613
5161,0,3.122794004,7.439113376
5162,0,3.236341812,6.381180162
5163,0,3.598872494,7.263589786
5164,0,3.422097427,7.354404652
5165,0,3.187409655,7.563403108
5166,0,3.341502436,6.423534621
5167,0,2.686888886,7.826863475
5168,0,3.278626889,8.474442568
5169,0,2.770939335,6.738671688
5170,0,3.132940330,7.497236770
5171,0,2.091057038,6.215622342
5172,0,2.461712514,7.252151908
5173,0,3.381123106,6.476692427
5174,0,3.064319311,7.089998673
5175,0,2.793593598,5.897707820
5176,0,2.664213156,4.515038559
5177,0,2.722740855,3.244046309
5178,0,3.050321217,2.609743966
5179,0,2.671764138,2.621479862
5180,0,3.164206354,3.318857227
5181,0,2.779555128,3.813160965
5182,0,2.743922019,4.867834930
5183,0,3.011503656,4.478911064
5184,0,2.600555640,5.623996082
5185,0,3.120460218,5.138011647
5186,0,3.571455724,5.746380397
5187,0,3.253141490,5.215365703
5188,0,3.553345005,5.899145690
5189,0,2.760200265,7.034636750
5190,0,3.757235894,6.319773818
5191,0,2.343598273,6.942409790
5192,0,3.035138432,5.844653512
5193,0,2.961385140,5.997325984
5194,0,2.074611523,5.882302566
5195,0,2.963449329,5.068567460
5196,0,2.649202181,4.836410009
5197,0,2.978210915,6.495360338
5198,0,2.851353430,4.688764536
5199,0,2.559174361,5.440957464
5200,0,2.990309907,4.511143031
5201,0,2.685440253,5.082909829
5202,0,2.911644683,6.117125120
5203,0,2.798900324,4.906186705
5204,0,2.984787584,4.239009417
5205,0,3.104729761,3.987923765
5206,0,2.863849997,4.857620323
5207,0,3.708295700,4.424947378
5208,0,3.569808775,4.940001174
5209,0,3.334965835,4.187438575
5210,0,3.269041620,4.546517105
5211,0,2.893774061,3.488327003
5212,0,3.678133998,4.669781117
5213,0,3.579368215,5.569720780
5214,0,3.737111567,6.322637208
5215,0,3.267997911,7.221396527
5216,0,3.429835767,6.400339001
5217,0,3.679067033,7.367775683
5218,0,3.728705455,8.293668700
5219,0,3.689306398,9.279673914
5220,0,3.746963446,10.308288522
5221,0,3.657957377,9.154553064
5222,0,3.981851794,8.196280590
5223,0,3.711375019,6.907112506
5224,0,3.886698589,5.995215730
5225,0,3.513573789,6.099690850
5226,0,3.533517313,6.388228015
5227,0,3.448660574,7.081272537
5228,0,3.544641574,6.462883614
5229,0,3.364840749,5.453559277
5230,0,3.743984356,6.251944940
5231,0,3.306151758,5.406269664
5232,0,3.259082829,6.046807626
5233,0,3.189215250,5.447301655
5234,0,3.716661108,4.745845631
5235,0,3.608188701,5.630822222
5236,0,3.762486412,4.771274428
5237,0,3.469199965,5.230574241
5238,0,3.648736878,4.688293625
5239,0,3.036619289,4.268377328
5240,0,2.859908362,3.493160139
5241,0,3.162003435,4.381670979
5242,0,3.253312843,5.604551252
5243,0,3.677428162,4.937759203
5244,0,3.696780906,5.397734334
5245,0,3.372833820,3.589269190
5246,0,3.932320617,3.380963642
5247,0,3.246985736,3.189744847
5248,0,3.073380772,3.127582624
5249,0,1.883108536,1.865954607
5250,0,2.880993179,1.897823299
5251,0,2.607286980,1.704112265
5252,0,2.612795952,1.977039292
5253,0,2.715183345,2.156575009
5254,0,1.575668275,2.185209806
5255,0,2.303626748,3.190190587
5256,0,2.203404499,2.598590453
5257,0,2.906645568,3.488740375
5258,0,2.979117481,2.796923024
5259,0,3.095547095,2.887329410
5260,0,1.581970035,2.094962160
5261,0,1.948347513,1.790925140
5262,0,2.924692109,1.931268975
5263,0,2.641146763,1.919363098
5264,0,2.934374852,1.826328750
5265,0,1.426880485,1.505201067
5266,0,0.537210298,0.669572216
5267,0,1.392605381,1.304760396
5268,0,2.091430351,1.504883636
5269,0,1.139923175,1.144910800
5270,0,1.668274538,1.138144221
5271,0,2.043193623,1.424990226
5272,0,2.130809192,1.284773691
5273,0,2.367876361,1.908025446
5274,0,2.899450290,2.009546511
5275,0,2.315923915,1.803890575
5276,0,2.707754546,2.496238463
5277,0,2.453882830,2.329373291
5278,0,3.460214231,2.979400124
5279,0,3.200806901,2.548452557
5280,0,2.570365296,2.170800694
5281,0,2.764519803,2.503134922
5282,0,2.898930723,2.592227999
5283,0,3.074347122,2.532667464
5284,0,3.491919353,2.663317775
5285,0,3.226367714,2.665433504
5286,0,3.081391962,2.827810886
5287,0,3.197489196,3.141487788
5288,0,3.832670381,3.598822119
5289,0,3.776734698,4.214251405
5290,0,3.819573331,4.690529612
5291,0,3.731928224,5.417979162
5292,0,2.924227806,4.673911848
5293,0,3.613450651,4.242014166
5294,0,3.510772781,5.119642538
5295,0,3.168373106,5.889603724
5296,0,2.774091069,9.611181943
5297,0,3.091355713,11.779384581
5298,0,2.996659359,10.495362393
5299,0,3.514825761,9.455686088
5300,0,1.155504651,10.669820604
5301,0,2.633855872,11.343768339
5302,0,2.302855632,11.228095310
5303,0,3.410113836,12.209329924
5304,0,2.937588073,13.304053443
5305,0,3.237003095,11.067748903
5306,0,2.882017211,9.909262260
5307,0,2.286018732,10.799344318
5308,0,3.132770668,9.654235026
5309,0,3.291677200,8.773436819
5310,0,2.886103979,7.647298680
5311,0,3.157744462,6.812593419
5312,0,2.999201946,8.004052143
5313,0,3.597494552,6.906643040
5314,0,3.112175683,7.945182459
5315,0,3.249121382,8.473932164
5316,0,3.435155615,7.447517093
5317,0,3.326700714,8.245811113
5318,0,3.194201191,9.231260707
5319,0,3.170358895,10.139101252
5320,0,3.473650926,11.019361518
5321,0,3.462071044,9.505695616
5322,0,3.042662947,7.926043005
5323,0,3.075807614,7.124246163
5324,0,2.524776114,5.852867410
5325,0,2.697448068,6.470397161
5326,0,3.014255800,5.676347774
5327,0,3.221110906,6.571211814
5328,0,3.352806151,5.529263204
5329,0,3.379963963,4.992504437
5330,0,3.601954240,6.192907586
5331,0,3.544073450,7.157185778
5332,0,3.719613661,6.452413170
5333,0,3.602126342,6.651135798
5334,0,3.612157744,5.675279545
5335,0,3.576258791,6.516974799
5336,0,3.562519721,7.448526360
5337,0,2.979878325,7.722849479
5338,0,3.750125090,6.732943570
5339,0,3.553275348,5.869626688
5340,0,3.781815257,6.622778655
5341,0,3.395215372,5.965813775
5342,0,2.821598124,5.346449687
5343,0,2.851554143,4.695451903
5344,0,3.257733828,5.431475170
5345,0,3.899127715,6.308123050
5346,0,3.635113154,5.535922949
5347,0,3.953591566,4.902137386
5348,0,3.731686967,4.435505251
5349,0,3.812704928,5.166905403
5350,0,3.646205886,5.837082933
5351,0,4.117074556,6.676372387
5352,0,3.782143531,5.529153564
5353,0,3.653769129,4.873706675
5354,0,3.261474952,5.037001704
5355,0,2.797410232,5.207312921
5356,0,3.117629267,6.402225201
5357,0,3.418591196,5.541507815
5358,0,3.241678289,4.422599810
5359,0,3.216064683,4.154633554
5360,0,3.016768120,4.955055992
5361,0,2.777874427,5.800010814
5362,0,3.102743576,5.132784086
5363,0,3.795605385,4.242316820
5364,0,3.696668519,4.681180516
5365,0,4.024517685,5.141574720
5366,0,3.770867635,4.937241470
5367,0,3.621915827,4.272544144
5368,0,3.942676500,4.356656605
5369,0,3.983097660,4.118997356
5370,0,3.716344536,3.110550706
5371,0,3.902127278,3.477475620
5372,0,3.328095974,3.018801483
5373,0,3.451726920,2.829211412
5374,0,3.671254451,3.200216833
5375,0,3.562502654,2.945293838
5376,0,3.456779276,3.335252390
5377,0,3.558629659,3.822449738
5378,0,3.881550459,4.867830994
5379,0,3.713185058,4.436745638
5380,0,3.903338515,4.794089643
5381,0,4.018356196,5.462840330
5382,0,3.834403932,6.371492509
5383,0,3.770215309,5.461205313
5384,0,3.853521943,4.551943548
5385,0,3.827225811,5.158251545
5386,0,3.689539337,5.990893021
5387,0,3.782215001,5.140378446
5388,0,3.001595843,5.749564944
5389,0,3.486123868,5.007878769
5390,0,3.327580432,5.840611255
5391,0,3.374612575,5.248933276
5392,0,3.147390136,6.126971776
5393,0,3.933621717,7.008468361
5394,0,3.100902448,8.045589553
5395,0,3.658289100,8.959213398
5396,0,2.453960136,7.021434662
5397,0,3.203391379,8.103806186
5398,0,3.580840968,7.795986870
5399,0,3.615371276,8.144188142
5400,0,3.321542793,7.705643319
5401,0,3.249016443,11.864966388
5402,0,3.663511176,9.693082864
5403,0,3.097625704,10.288078404
5404,0,3.778902656,9.837438466
5405,0,3.861154984,10.327451156
5406,0,4.120650009,7.688139009
5407,0,4.190454868,7.019238564
5408,0,3.852178266,7.852703595
5409,0,3.783714529,6.560739195
5410,0,4.104639086,5.927776095
5411,0,3.320653489,4.411625719
5412,0,3.694478533,3.827375804
5413,0,3.781107182,4.724823407
5414,0,4.124539288,4.867242224
5415,0,4.143878035,4.205507906
5416,0,3.338273333,2.952981751
5417,0,2.328885051,2.176767832
5418,0,2.241527835,1.405692761
5419,0,2.375483245,1.484142985
5420,0,1.437123848,0.864428493
5421,0,1.839040961,2.369142891
5422,0,2.712464745,2.868902745
5423,0,2.592300419,2.192249728
5424,0,2.380987767,2.302635136
5425,0,2.031557445,1.462958164
5426,0,2.476901636,1.815574646
5427,0,2.426193388,2.071447501
5428,0,2.561526469,1.672022870
5429,0,2.929406017,1.927116788
5430,0,3.005252265,2.020401265
5431,0,2.179954874,2.017885330
5432,0,2.823605527,2.781188952
5433,0,2.860129690,3.707386393
5434,0,3.191210901,3.944070927
5435,0,3.273131995,3.343367368
5436,0,2.873668045,3.301837309
5437,0,2.886396226,3.127830503
5438,0,3.387286262,3.746431198
5439,0,3.062924495,3.461581294
5440,0,3.570870604,3.154415566
5441,0,2.445593624,3.021199948
5442,0,3.015763494,3.441300898
5443,0,1.929900502,2.415322196
5444,0,2.766795643,3.373083840
5445,0,3.266681940,4.173925983
5446,0,2.663065253,3.714961759
5447,0,3.253465488,4.510748243
5448,0,3.366640457,3.829771013
5449,0,3.156001725,4.704718154
5450,0,3.740835533,4.168003303
5451,0,3.682614408,3.740287550
5452,0,2.553702713,2.668261222
5453,0,2.703955790,3.026291763
5454,0,3.360110597,3.609891601
5455,0,3.445429758,3.214613351
5456,0,3.499993678,3.719842340
5457,0,3.902560767,4.357128993
5458,0,3.818497907,4.024963918
5459,0,3.935821333,3.731765264
5460,0,2.852872073,3.522994174
5461,0,2.410958837,3.671197927
5462,0,2.595320930,4.092188655
5463,0,3.241046164,3.659493319
5464,0,2.748591620,3.305838825
5465,0,3.701056034,3.662885145
5466,0,3.352968079,3.333739280
5467,0,2.784941619,2.294704341
5468,0,3.452456294,2.666718934
5469,0,3.304821571,2.703755792
5470,0,3.600507308,3.592484240
5471,0,3.596063289,4.425104461
5472,0,3.637414954,4.294385204
5473,0,3.756729124,5.339934993
5474,0,3.839390480,6.199416514
5475,0,3.625092874,4.560885920
5476,0,3.384481617,4.999203526
5477,0,2.573057126,3.455635798
5478,0,2.684846886,1.754365714
5479,0,1.993801356,0.858935169
5480,0,2.711126483,1.997646409
5481,0,3.165792645,2.599578610
5482,0,3.572076504,2.508964446
5483,0,3.784412059,2.978964797
5484,0,3.968681177,3.730438170
5485,0,3.455912628,2.801241789
5486,0,3.391677341,3.186795790
5487,0,3.161053333,2.904126097
5488,0,3.579710434,2.982330477
5489,0,3.420891461,3.131514813
5490,0,3.363036135,2.906102123
5491,0,3.157038357,3.401399920
5492,0,3.203015851,2.390727894
5493,0,3.710716256,3.161092037
5494,0,3.646615607,2.972783797
5495,0,2.366111351,1.750586254
5496,0,3.001358481,1.683263160
5497,0,3.264819561,1.882266078
5498,0,3.103614881,2.129495218
5499,0,3.643207513,3.593986281
5500,0,3.681987535,4.458757056
5501,0,3.330663841,3.145479822
5502,0,3.546833319,2.930081539
5503,0,3.923592056,3.132360846
5504,0,3.938029029,3.125183313
5505,0,3.686894318,3.407987187
5506,0,3.320925042,4.081283370
5507,0,3.630648565,3.661096291
5508,0,3.665663889,4.065188226
5509,0,3.249103934,4.583790930
5510,0,3.378286364,3.704964002
5511,0,3.420060835,4.332175738
5512,0,3.376840239,3.565042312
5513,0,3.379914533,3.047698789
5514,0,3.516754818,3.679701896
5515,0,3.550637096,4.289789362
5516,0,3.592408480,3.783059750
5517,0,3.982240626,3.597199733
5518,0,3.493944345,3.314210550
5519,0,3.611804268,4.047794957
5520,0,3.309215511,3.784473768
5521,0,3.227041657,4.801559133
5522,0,3.662325171,4.211473471
5523,0,3.679094489,4.887169220
5524,0,3.467647253,4.033341818
5525,0,3.361186459,3.200423046
5526,0,3.450487470,3.294524407
5527,0,3.753752426,3.094736580
5528,0,3.271040913,2.911706112
5529,0,3.112661106,2.812505212
5530,0,3.358382875,4.059811997
5531,0,3.586482461,3.632710807
5532,0,3.889506014,3.166442715
5533,0,3.747001302,3.549823524
5534,0,3.798049935,3.614515545
5535,0,3.258902188,2.807008397
5536,0,3.051661404,3.262002237
5537,0,3.088185224,2.461295177
5538,0,3.148656653,2.744703916
5539,0,3.553311749,2.523828411
5540,0,2.252990569,1.946856157
5541,0,3.385170296,2.266062353
5542,0,3.427606194,2.835805098
5543,0,3.143543864,1.969099799
5544,0,2.727175771,1.569104451
5545,0,2.713497634,2.352120694
5546,0,1.830116823,1.986604509
5547,0,2.164700546,1.482047203
5548,0,2.922695026,2.749562925
5549,0,3.060174994,2.511750563
5550,0,3.390435632,2.444770780
5551,0,3.093281350,2.332131083
5552,0,3.083096615,1.874062532
5553,0,3.331866712,2.025084459
5554,0,3.418621230,2.733232120
5555,0,3.627159194,3.328219078
5556,0,3.413903024,2.619390414
5557,0,3.177357600,2.078530569
5558,0,3.495490587,2.191240008
5559,0,3.114496504,1.851774858
5560,0,2.779861497,2.354192774
5561,0,2.664029253,2.876735793
5562,0,2.467311069,1.813526985
5563,0,2.677626503,2.562582682
5564,0,2.656341419,1.857692469
5565,0,2.931552649,1.837350413
5566,0,2.776823912,2.071614232
5567,0,2.847706899,2.857673361
5568,0,2.228718328,3.717611393
5569,0,2.824010447,4.507721628
5570,0,2.859452327,5.198672954
5571,0,3.149439565,4.370910232
5572,0,3.140472267,5.218951879
5573,0,2.853964368,4.847851288
5574,0,2.654179935,5.242475788
5575,0,3.355492388,6.237041883
5576,0,3.018679414,5.552359500
5577,0,3.396751513,6.005720488
5578,0,3.573906802,6.821646498
5579,0,3.806347923,6.401164805
5580,0,3.933904862,7.407632606
5581,0,3.755681092,5.776343617
5582,0,3.931964349,6.369095973
5583,0,3.244956947,7.370587289
5584,0,3.754101060,6.003625530
5585,0,4.074404676,5.579431269
5586,0,3.390706121,2.931914903
5587,0,3.474271599,3.172228160
5588,0,4.043067839,3.575713232
5589,0,3.693529200,3.841084471
5590,0,2.717533613,2.531138265
5591,0,3.471330631,3.051366738
5592,0,3.168592890,2.549675843
5593,0,2.646267526,3.044967064
5594,0,3.648179755,2.933968140
5595,0,3.505570501,3.332919514
5596,0,3.400747717,3.807959524
5597,0,3.272418351,4.468237316
5598,0,3.401841986,3.972830882
5599,0,3.643903191,3.615247247
5600,0,3.498850216,4.111305784
5601,0,3.355766494,3.242180237
5602,0,2.785776726,2.029981767
5603,0,3.146016865,2.039353140
5604,0,3.301638703,2.402413884
5605,0,3.457448745,2.545365985
5606,0,3.587769319,2.908650935
5607,0,3.652664975,2.963026050
5608,0,3.334830125,3.594304619
5609,0,3.310259121,4.305799482
5610,0,3.865594183,4.097739655
5611,0,4.087239219,3.446648794
5612,0,3.833461139,3.196765472
5613,0,4.129185496,3.297093045
5614,0,3.741294736,2.971372092
5615,0,3.745386792,2.970658756
5616,0,3.742348127,3.236007984
5617,0,3.540089090,3.490574195
5618,0,3.301078970,3.201322226
5619,0,3.200648827,3.969939749
5620,0,3.454776075,3.667206500
5621,0,2.969195686,3.731879537
5622,0,2.764896100,3.562416764
5623,0,3.105687676,2.421375603
5624,0,2.095495918,2.401011085
5625,0,2.955325596,3.167380968
5626,0,3.102251865,4.062430780
5627,0,3.278915529,4.665747604
5628,0,3.391140718,3.983879859
5629,0,3.320708978,3.260408109
5630,0,3.486447189,2.947361123
5631,0,2.877075577,2.804337864
5632,0,2.430398317,3.089608760
5633,0,3.208387316,3.770508868
5634,0,2.794646142,4.534434947
5635,0,3.744983695,5.446159549
5636,0,2.465308596,4.385339998
5637,0,2.633747575,3.846939525
5638,0,3.308895927,3.401904478
5639,0,2.891948300,3.148940067
5640,0,2.726056966,3.310102102
5641,0,3.385808158,3.169706046
5642,0,3.574041808,3.296023047
5643,0,3.958721884,3.618289126
5644,0,3.759118308,3.379495412
5645,0,3.410511921,2.969063029
5646,0,3.220536753,3.047904798
5647,0,3.406777646,3.511329265
5648,0,3.197350107,4.025989238
5649,0,3.216351858,3.428516944
5650,0,3.717289317,4.115301394
5651,0,3.731758546,4.840889236
5652,0,3.855605072,5.956510085
5653,0,3.553722234,6.445812235
5654,0,3.818593022,6.412393287
5655,0,2.341972251,5.133226896
5656,0,2.470064785,6.257301821
5657,0,2.545496504,5.250699804
5658,0,2.935310966,5.028015444
5659,0,2.520706591,5.901752261
5660,0,3.171929938,5.340698175
5661,0,3.232200779,6.170583274
5662,0,3.378185598,6.994986384
5663,0,3.444981462,8.059768013
5664,0,3.763791973,8.510523876
5665,0,3.870356153,9.795227661
5666,0,2.780965244,8.945004084
5667,0,2.801837541,8.437508428
5668,0,2.621794042,7.551883671
5669,0,3.245426599,8.044138947
5670,0,2.716566504,8.196783615
5671,0,2.880651855,6.925940180
5672,0,3.834464946,7.940865132
5673,0,3.851298762,8.852099647
5674,0,3.716859662,7.941247182
5675,0,2.281436841,4.643197029
5676,0,3.028362922,4.523020619
5677,0,3.687174077,4.139321886
5678,0,3.224440389,3.183595957
5679,0,3.721257863,3.875674772
5680,0,3.614399172,3.544248064
5681,0,3.547752479,4.274047728
5682,0,3.470999335,3.889799294
5683,0,3.300743562,4.202717774
5684,0,3.371036329,3.730243628
5685,0,3.336456572,3.714398148
5686,0,3.369687043,3.366763172
5687,0,3.749273710,3.609768779
5688,0,2.259136435,3.319174238
5689,0,3.005020347,4.009668116
5690,0,2.884725214,5.129639008
5691,0,3.564670233,4.690131994
5692,0,1.451196641,1.636363636
5693,0,1.382121471,1.209677419
5694,0,2.670475619,1.631720430
5695,0,2.339244668,1.665003493
5696,0,2.337564556,2.702195074
5697,0,2.558868887,2.229722360
5698,0,2.385360969,2.647927243
5699,0,1.429825891,1.282271509
5700,0,2.049621007,1.621286444
5701,0,2.113525286,1.288671413
5702,0,2.483501702,1.605228639
5703,0,2.453563362,2.728758275
5704,0,2.500672977,2.419028175
5705,0,2.971968187,2.099557645
5706,0,3.107002410,2.380366992
5707,0,2.900402063,2.142540228
5708,0,3.300115912,2.869545920
5709,0,3.265265264,2.591723708
5710,0,3.177596891,3.074249418
5711,0,3.462947635,2.854651396
5712,0,3.328857076,3.341789095
5713,0,3.655195698,3.329215158
5714,0,3.007601412,3.108210629
5715,0,3.599156461,3.418171509
5716,0,3.383407339,3.468673385
5717,0,3.536546915,3.265925228
5718,0,3.407720270,3.063939236
5719,0,3.458489928,3.230813586
5720,0,3.822260543,3.311103994
5721,0,3.651946565,3.369983948
5722,0,3.461245025,3.691665739
5723,0,3.459209554,3.349185629
5724,0,3.562812666,3.635556569
5725,0,3.662201077,3.562645345
5726,0,3.649491462,3.877719416
5727,0,3.716216348,3.734365508
5728,0,3.967703048,3.776455678
5729,0,3.719192334,3.731519628
5730,0,3.683761402,3.697591530
5731,0,3.476927153,3.697342890
5732,0,3.025597595,3.667247859
5733,0,3.044095161,3.560501051
5734,0,3.739160569,4.130967692
5735,0,4.181052584,4.005489600
5736,0,2.925506490,3.444811135
5737,0,3.626681896,3.181629979
5738,0,3.945830163,3.411716811
5739,0,3.740399579,3.856670379
5740,0,4.018877572,3.633245715
5741,0,3.814855675,3.966883934
5742,0,3.922190563,4.510622616
5743,0,3.874331343,5.216161201
5744,0,4.029470484,6.055826961
5745,0,3.570143655,6.727150191
5746,0,3.744120650,5.700002986
5747,0,3.626232838,4.959708277
5748,0,3.694135730,5.784234565
5749,0,3.743529484,6.566889661
5750,0,4.113036546,5.842540586
5751,0,3.811966788,6.587674734
5752,0,3.932429693,7.618069733
5753,0,4.196904410,6.981627884
5754,0,2.916507221,5.520553267
5755,0,3.521992251,6.614285514
5756,0,3.517526827,7.753308150
5757,0,4.038948204,8.709095205
5758,0,4.164719318,9.711708790
5759,0,4.165920036,9.171035761
5760,0,4.157574543,9.633998960
5761,0,3.585236255,7.157339466
5762,0,3.968624178,6.220187527
5763,0,4.129854502,5.239016947
5764,0,4.074228485,4.245218534
5765,0,3.782166320,4.554177753
5766,0,3.239019860,4.891174750
5767,0,3.503764118,6.092438132
5768,0,4.147549715,7.490579024
5769,0,4.023614541,6.939630693
5770,0,1.875110515,1.858640219
5771,0,2.434427998,2.799084854
5772,0,2.828242931,3.644089763
5773,0,2.743965353,2.870178052
5774,0,3.399954816,2.662640686
5775,0,3.136551074,2.411813486
5776,0,2.646767807,2.715825752
5777,0,2.554116075,2.234799922
5778,0,2.920245033,2.942379951
5779,0,3.117308097,2.727516750
5780,0,3.301686083,2.486212584
5781,0,3.346152900,3.013906632
5782,0,3.628326833,3.098041388
5783,0,3.609082934,3.553955038
5784,0,3.269287100,4.205455250
5785,0,3.119328426,2.735974861
5786,0,2.870712521,2.070982942
5787,0,2.605777964,1.450463526
5788,0,2.625114640,1.503333317
5789,0,3.136049200,2.210012577
5790,0,2.463007184,1.417652600
5791,0,2.488784906,2.133269768
5792,0,2.292338858,1.398909432
5793,0,2.324232091,2.022036185
5794,0,2.736460008,1.880054446
5795,0,2.676533545,1.529103444
5796,0,2.407338460,1.475315398
5797,0,2.470591814,1.949495144
5798,0,2.403454871,2.453089224
5799,0,2.886299145,3.387671240
5800,0,2.960405416,4.181932142
5801,0,3.033187848,5.094561618
5802,0,2.932340964,4.371954367
5803,0,2.748511998,3.611866588
5804,0,2.639493571,4.675851673
5805,0,3.319067475,5.575412541
5806,0,2.633411312,6.030473477
5807,0,3.388886244,6.776193903
5808,0,3.886111660,5.823782671
5809,0,3.699352946,7.003499831
5810,0,3.758359115,8.116338960
5811,0,3.100178340,6.812840564
5812,0,3.972217178,7.778994490
5813,0,3.836879626,6.766063434
5814,0,3.749833703,7.413642622
5815,0,3.668267498,6.306653284
5816,0,-0.000000000,0.000000000
5817,0,1.000000000,1.000000000
5818,0,1.186278124,0.500000000
5819,0,1.386779925,1.080979284
5820,0,2.023005890,1.337716485
5821,0,1.863014376,1.287505851
5822,0,1.995356913,1.341229921
5823,0,2.311305728,1.577013288
5824,0,2.505133951,1.429656868
5825,0,2.700728150,1.827707993
5826,0,2.512744569,2.337391628
5827,0,2.732372801,1.969311211
5828,0,1.286593927,1.549322756
5829,0,1.905023445,1.588143569
5830,0,2.229112876,1.684569080
5831,0,2.163954666,1.836642845
5832,0,2.222752023,1.384315162
5833,0,2.108172250,1.032834215
5834,0,2.220387431,1.460082599
5835,0,2.292281923,1.359499200
5836,0,2.367013129,1.359526007
5837,0,2.265991444,1.878607752
5838,0,2.499045134,1.519710029
5839,0,2.272425803,1.390964911
5840,0,2.251149723,1.467170524
5841,0,2.121315346,1.371023115
5842,0,2.460752867,2.163951890
5843,0,1.963944320,1.531865862
5844,0,2.246532597,1.473091214
5845,0,2.170975636,1.770516953
5846,0,1.870253260,1.819597215
5847,0,2.291878645,1.860684439
5848,0,2.429651235,2.397727614
5849,0,2.433828462,2.088151274
5850,0,1.959415123,1.774235281
5851,0,1.843390673,1.912261324
5852,0,0.839087317,0.438540280
5853,0,2.262916420,1.485060728
5854,0,1.826221207,1.299602764
5855,0,2.466169288,1.820981520
5856,0,1.969122849,1.720773910
5857,0,2.893433174,2.344517596
5858,0,2.652923530,2.042297645
5859,0,2.856904969,1.892154655
5860,0,2.450845222,1.699141338
5861,0,1.656050905,1.402927111
5862,0,2.060284095,1.347201890
5863,0,2.687235086,1.693313653
5864,0,2.947417826,2.442614405
5865,0,3.010548399,3.149034147
5866,0,2.880729496,2.237340190
5867,0,2.768348368,2.083584514
5868,0,2.676619809,1.798837555
5869,0,2.442188390,2.236229620
5870,0,3.023657844,3.006795470
5871,0,2.435376854,1.763580176
5872,0,3.126475460,2.090832511
5873,0,2.352769149,1.796683280
5874,0,2.796438654,1.701754479
5875,0,2.299471044,1.787252851
5876,0,2.909781551,2.028507931
5877,0,2.756215280,1.981955070
5878,0,3.263220663,2.085121464
5879,0,2.972293105,2.093954302
5880,0,2.947729021,2.986589711
5881,0,2.797370982,4.226702349
5882,0,2.627320678,2.501872591
5883,0,2.793700433,2.007420749
5884,0,2.994611779,2.340422799
5885,0,2.933782734,1.957344812
5886,0,3.083558037,2.151018625
5887,0,2.552814044,2.341636136
5888,0,2.502770277,1.935910006
5889,0,2.590777282,2.646598067
5890,0,2.720536679,2.063726140
5891,0,2.884018235,2.880446559
5892,0,3.175887260,3.802107469
5893,0,2.923692197,4.749886758
5894,0,2.638711111,3.986710901
5895,0,2.929239473,5.169899172
5896,0,3.530395123,3.080667236
5897,0,3.322118329,2.450064729
5898,0,3.710941203,2.724245093
5899,0,3.726698857,2.697137821
5900,0,3.527803936,2.889950867
5901,0,3.485107163,2.736811849
5902,0,3.368276247,3.439635221
5903,0,3.181975012,4.079465377
5904,0,3.324488444,4.960886112
5905,0,3.477057678,5.763030827
5906,0,3.289963819,6.711144853
5907,0,3.195013945,5.550055294
5908,0,3.142067606,6.146096849
5909,0,2.899499454,3.329964687
5910,0,3.453415774,4.581342785
5911,0,3.363640407,3.681797330
5912,0,3.708262266,4.568454390
5913,0,3.789317051,4.460995073
5914,0,3.366435882,2.824734091
5915,0,3.395351746,3.442099006
5916,0,3.244812422,2.445712666
5917,0,3.271512226,2.877173363
5918,0,3.480344543,2.804083803
5919,0,3.901069196,2.912801359
5920,0,3.066188183,2.933277236
5921,0,3.722222055,3.383828097
5922,0,3.572593618,3.659563764
5923,0,3.004564895,3.543117649
5924,0,3.411924017,3.047602396
5925,0,3.543909876,3.247558816
5926,0,3.254313265,3.319543341
5927,0,3.371959869,3.225694958
5928,0,3.643291244,3.779517892
5929,0,3.754209685,3.355304232
5930,0,3.915314301,3.760288414
5931,0,0.859327839,0.634741296
5932,0,1.532451546,1.479172281
5933,0,2.916737195,1.814833110
5934,0,2.976694625,1.960797249
5935,0,3.431462390,2.691624487
5936,0,3.369473218,2.549865080
5937,0,3.146687642,2.699845488
5938,0,2.833508879,3.502424693
5939,0,3.868930903,4.369245867
5940,0,2.716124615,5.552749275
5941,0,3.145627690,5.808620322
5942,0,3.300470195,5.168228016
5943,0,3.642887550,5.923388700
5944,0,3.320827707,5.051419326
5945,0,3.309207602,4.690089438
5946,0,3.439109735,4.103579455
5947,0,3.598670574,3.534628342
5948,0,3.451753200,3.041093535
5949,0,3.297983142,2.598109721
5950,0,3.249799729,2.870223709
5951,0,3.121802239,2.767846428
5952,0,2.520069506,3.142913813
5953,0,3.274535268,3.469792850
5954,0,3.477399335,3.352531158
5955,0,3.528653092,3.846131076
5956,0,3.648285037,3.800733957
5957,0,3.219413598,2.707342624
5958,0,2.995935586,2.092714270
5959,0,3.004350230,2.584758928
5960,0,2.925475446,2.029595351
5961,0,2.786367231,2.333765857
5962,0,3.098031637,3.298479786
5963,0,2.908993924,2.130607521
5964,0,2.759929890,1.995876332
5965,0,3.112082080,2.207895323
5966,0,2.876704040,1.879826926
5967,0,2.316922232,1.777581402
5968,0,1.608395704,2.101897162
5969,0,2.306601393,3.083732834
5970,0,2.198307820,2.483109607
5971,0,2.932032450,3.313405013
5972,0,2.900452970,4.293142408
5973,0,2.889557916,3.678016160
5974,0,2.810805025,3.695041747
5975,0,2.210767890,2.983039545
5976,0,2.481224815,2.562205746
5977,0,3.246390586,3.302891774
5978,0,2.952385706,2.980866715
5979,0,3.397542195,2.379072541
5980,0,3.079934240,2.208621140
5981,0,3.155358703,2.286514730
5982,0,3.432862834,2.695895931
5983,0,3.248699064,2.303121204
5984,0,3.338375244,2.770394291
5985,0,2.389345914,2.226940752
5986,0,3.045135370,2.369088909
5987,0,2.777548183,3.624252503
5988,0,3.245844103,3.129029263
5989,0,2.209826807,2.507467834
5990,0,3.113946885,2.289536553
5991,0,2.741364536,1.927885513
5992,0,3.073011775,2.069070597
5993,0,2.475055998,1.615003910
5994,0,2.531884984,1.699717438
5995,0,2.629061228,2.006234164
5996,0,2.597828209,2.292588990
5997,0,2.224680462,2.351505564
5998,0,2.332096317,2.314421220
5999,0,2.523047913,2.438184525
