0,0,4.995714659,5.003614458
1,0,4.729768155,5.437885894
2,0,3.636810175,5.077664366
3,0,3.585511867,3.729347969
4,0,2.386741699,2.665567239
5,0,2.510480151,2.244606564
6,0,2.319175261,1.889405447
7,0,2.607527052,1.360710772
8,0,1.727350135,0.657210573
9,0,1.953818441,1.097379468
10,0,2.613222803,1.168894228
11,0,2.091931938,1.078301598
12,0,1.430671473,0.376398652
13,0,1.711318104,1.019722294
14,0,1.414851885,0.364189701
15,0,1.702178101,1.011959119
16,0,1.391724030,0.355041001
17,0,1.867920540,1.059311061
18,0,1.830309309,0.549489906
19,0,1.658134431,1.005996308
20,0,2.511726205,2.000946213
21,0,2.036496611,1.050473972
22,0,1.396764330,0.355962998
23,0,1.688979074,1.006918629
24,0,1.384631099,2.000002288
25,0,1.688962762,1.006914403
26,0,2.007743140,1.447694994
27,0,2.625689026,1.315759555
28,0,0.000000209,0.000000051
29,0,1.000000055,1.000000009
30,0,1.021928123,0.400000006
31,0,1.312452301,1.078169936
32,0,0.490432502,0.182680256
33,0,1.115218777,1.056869558
34,0,1.155404429,0.485865335
35,0,1.267895911,1.144125424
36,0,0.374256521,0.112254184
37,0,0.999998005,0.998336862
38,0,0.000000001,0.000000000
39,0,1.000000000,1.000000000
40,0,0.302292189,0.080000000
41,0,1.060184319,1.008222222
42,0,0.309673025,0.082309867
43,0,1.049947920,1.012057576
44,0,1.597938688,2.065468862
45,0,1.539899188,2.296661015
46,0,1.951910252,1.711656947
47,0,1.347551908,0.818056142
48,0,2.080542811,1.427831194
49,0,1.717440452,1.124526940
50,0,2.723400290,2.262258470
51,0,2.560101664,1.701399478
52,0,2.058514573,1.268520478
53,0,1.793460970,1.363275845
54,0,0.406220272,0.114635039
55,0,1.018352323,1.003785599
56,0,0.303908994,0.080517098
57,0,0.999999999,1.000032906
58,0,0.302292189,0.080000000
59,0,1.060184319,1.008222815
60,0,1.884579970,1.213921204
61,0,1.140836257,1.022729214
62,0,0.320079673,0.085752535
63,0,1.000000000,1.000000007
64,0,1.021928095,0.400000000
65,0,1.000000000,0.999999999
66,0,1.021928095,0.400000000
67,0,1.228118215,1.041111111
68,0,1.115356030,0.448837745
69,0,1.342960594,1.085045775
70,0,0.511692288,0.196951455
71,0,1.243261198,1.085650579
72,0,0.362317772,0.108367621
73,0,1.035294360,1.021367514
74,0,0.052963264,0.026482685
75,0,1.020291995,1.005315305
76,0,0.324324961,0.089645102
77,0,1.089640362,1.016057836
78,0,0.316500687,0.084565029
79,0,1.018220236,1.003689761
80,0,0.304892722,0.080816154
81,0,1.001142012,1.000401418
82,0,1.023149737,0.400374511
83,0,1.052872364,1.007087747
84,0,0.307791242,0.081767376
85,0,1.061423665,1.008430352
86,0,0.000000000,0.000000000
87,0,1.000000000,1.000000000
88,0,1.500000000,1.000000000
89,0,2.473808192,1.693750000
90,0,0.000000000,0.000000000
91,0,1.000000000,1.000000000
92,0,0.000000000,0.000000000
93,0,1.000000000,1.000000000
94,0,1.021928095,0.400000000
95,0,1.052690404,1.007034221
96,0,0.307787926,0.081766365
97,0,1.013047487,1.001412456
98,0,0.000000000,0.000000000
99,0,1.000000000,1.000000000
100,0,0.302292189,0.080000000
101,0,1.084886310,1.014810458
102,0,1.061694944,0.418231300
103,0,1.254398000,1.047752251
104,0,2.114719448,2.124633300
105,0,1.795636925,2.683907184
106,0,1.029129263,3.378063499
107,0,1.678097005,2.586457440
108,0,2.078995460,2.086720189
109,0,1.606033804,0.874567093
110,0,1.775118977,2.943804098
111,0,2.098119303,1.825040319
112,0,1.886283373,1.506272972
113,0,1.671746500,1.252386905
114,0,1.615365594,1.124310237
115,0,1.355942761,1.466167619
116,0,1.318165550,0.714027480
117,0,2.062715006,2.212010219
118,0,2.091869714,2.489506231
119,0,0.495838695,0.217305416
120,0,0.000000000,0.000000000
121,0,1.000000000,1.000000000
122,0,0.000000000,0.000000000
123,0,1.000000000,1.000000000
124,0,0.302292189,0.080000000
125,0,1.257422929,1.047844828
126,0,0.000000000,0.000000000
127,0,1.000000000,1.000000000
128,0,0.000000000,0.000000000
129,0,1.000000000,1.000000000
130,0,0.302292189,0.080000000
131,0,1.060184319,1.008222222
132,0,1.050795560,0.412282622
133,0,1.007282425,1.002512889
134,0,0.304281861,0.080651633
135,0,1.000000000,0.999987168
136,0,1.021928095,0.400000000
137,0,1.000000000,1.000001060
138,0,1.870950594,1.400000000
139,0,1.138751800,1.022289438
140,0,1.064163411,0.423273040
141,0,1.000000000,0.999999971
142,0,0.302292189,0.080000000
143,0,1.012773762,1.001377513
144,0,0.303367094,0.080344681
145,0,1.060426407,1.008262715
146,0,1.884642797,1.398848510
147,0,1.538747090,1.966565739
148,0,1.851916117,2.046324479
149,0,1.273725570,1.053165067
150,0,1.943284171,1.397817265
151,0,1.572005686,1.137219524
152,0,2.014955011,1.387075703
153,0,1.168527917,1.028755507
154,0,1.075139943,2.000000000
155,0,1.821942123,1.940464194
156,0,2.058387028,1.377111567
157,0,1.000000000,1.000000000
158,0,0.302292189,0.080000000
159,0,1.000000000,1.000000000
160,0,1.870950594,2.000000000
161,0,1.138751800,1.022289157
162,0,0.000000000,0.000000000
163,0,1.000000000,1.000000000
164,0,0.302292189,0.080000000
165,0,1.012773762,1.001377513
166,0,1.873460820,2.000069790
167,0,1.000129092,1.000036904
168,0,1.022064406,0.400033951
169,0,1.052802884,1.007053119
170,0,1.892542099,2.002047909
171,0,1.011067530,1.003962499
172,0,1.899406835,1.212218211
173,0,1.164765699,1.031139607
174,0,0.061347537,0.029247569
175,0,1.108834977,1.034873992
176,0,0.327559275,0.090982968
177,0,1.057631916,1.011308712
178,0,1.533947783,1.007304563
179,0,1.782758462,1.212724474
180,0,0.474368876,0.139868795
181,0,1.021698024,1.002375644
182,0,0.000000000,0.000000000
183,0,1.000000000,1.000000000
184,0,1.021928095,0.400000000
185,0,1.784319623,1.213461538
186,0,0.000000000,0.000000000
187,0,1.000000000,1.000000000
188,0,1.021928095,0.400000000
189,0,1.312452296,1.074052288
190,0,0.490432496,0.182680255
191,0,1.092050707,1.022487838
192,0,0.318200746,0.085192951
193,0,1.000000000,1.000024890
194,0,0.000000000,0.000000000
195,0,1.000000000,1.000000000
196,0,0.302292189,0.080000000
197,0,1.060184319,1.008222222
198,0,1.884579970,1.213921204
199,0,1.140836257,1.022728858
200,0,1.064915128,0.423685045
201,0,1.000000000,1.000000000
202,0,0.302292189,0.080000000
203,0,1.060184319,1.008222222
204,0,1.037639028,0.408572389
205,0,1.053794829,1.007215404
206,0,0.307921800,0.081809263
207,0,1.013054267,1.001413330
208,0,1.512935491,2.002367725
209,0,1.536349456,1.130421122
210,0,2.040418411,2.342391253
211,0,1.691723043,0.878510528
212,0,1.334000888,0.821956125
213,0,0.000000000,0.000000000
214,0,1.000000000,1.000000000
215,0,0.000000000,0.000000000
216,0,1.000000000,1.000000000
217,0,0.302292189,0.080000000
218,0,1.000000000,1.000000000
219,0,1.021928095,2.000000000
220,0,1.394353252,2.876267748
221,0,0.000000000,0.000000000
222,0,0.921928095,1.800000000
223,0,1.209790158,1.131111111
224,0,1.986122917,1.294766553
225,0,0.998608442,0.956085442
226,0,0.000000000,0.000000000
227,0,1.000000000,1.000000000
228,0,0.302292189,2.000000000
229,0,1.038594890,2.989124153
230,0,1.588587393,1.981409302
231,0,1.843518028,1.228467287
232,0,0.735789102,0.320903273
233,0,1.128442110,1.010955399
234,0,0.931538696,0.579829172
235,0,1.477177741,1.539154471
236,0,2.073807770,3.385793523
237,0,1.740426647,2.320545002
238,0,2.501345597,2.528702098
239,0,2.095363094,4.415844844
240,0,0.000000000,0.000000000
241,0,1.000000000,1.000000000
242,0,0.000000000,0.000000000
243,0,1.000000000,1.000000000
244,0,1.413276880,1.841176471
245,0,2.049703408,1.254431886
246,0,1.948236491,1.158638089
247,0,1.641057404,1.127704452
248,0,1.402865180,2.640364145
249,0,1.827467893,1.714586015
250,0,2.759327076,2.177607100
251,0,2.764585101,2.913033217
252,0,0.000000000,0.000000000
253,0,1.000000000,1.000000000
254,0,1.021928095,0.400000000
255,0,1.228118215,1.041111111
256,0,0.000000000,0.000000000
257,0,1.000000000,1.000000000
258,0,0.302292189,0.080000000
259,0,1.012773762,1.001377513
260,0,0.000000000,0.000000000
261,0,1.000000000,1.000000000
262,0,1.870950594,2.000000000
263,0,1.138751800,1.022289157
264,0,1.064163411,0.423273040
265,0,1.239942264,1.043913668
266,0,1.932381989,1.394519057
267,0,1.149381921,1.024552255
268,0,0.321377824,0.086172177
269,0,1.274114156,1.051951643
270,0,1.941573797,2.002490471
271,0,1.151473863,1.993889827
272,0,1.929708065,2.069795679
273,0,0.999999997,0.999935516
274,0,0.302292189,0.080000000
275,0,1.000000000,1.000001038
276,0,1.021928095,0.400000000
277,0,1.052690404,1.007034308
278,0,0.009991286,0.003437407
279,0,1.002398892,1.000343977
280,0,1.501310635,1.999961779
281,0,1.220506816,1.039358319
282,0,1.142380556,0.458979880
283,0,1.326258511,1.015689320
284,0,1.547711467,1.167454720
285,0,1.140684416,0.605540910
286,0,1.025341031,0.463274265
287,0,0.817867012,0.283855693
288,0,0.625620783,0.203929773
289,0,1.042042119,0.458822944
290,0,1.241183076,1.148305634
291,0,0.339631187,0.092400370
292,0,0.999989824,0.996244015
293,0,0.302291986,0.080000000
294,0,0.999999997,1.000060472
295,0,-0.000000000,0.000000000
296,0,1.000000000,1.000000000
297,0,1.870950594,1.200000000
298,0,1.532052555,1.123333333
299,0,-0.000000000,0.000000000
300,0,1.000000000,1.000000000
301,0,0.302292189,0.080000000
302,0,1.060184319,1.008222222
303,0,-0.000000000,0.000000000
304,0,1.000000000,1.000000000
305,0,0.302292189,0.080000000
306,0,1.257422929,1.047844828
307,0,0.340029904,0.092331027
308,0,1.000000000,1.000000000
309,0,1.021928095,0.400000000
310,0,1.000000000,1.000000000
311,0,-0.000000000,0.000000000
312,0,1.000000000,1.000000000
313,0,1.021928095,0.400000000
314,0,1.304143557,1.016666667
315,0,1.831258211,2.104639175
316,0,2.182578356,1.539021355
317,0,0.703929533,0.258985026
318,0,1.145534297,1.101273839
319,0,0.343267480,0.099325305
320,0,1.093959625,1.018668585
321,0,1.571237301,1.016149992
322,0,1.799799973,1.944114290
323,0,2.058928797,2.008514091
324,0,0.999999947,0.999728826
325,0,0.302292188,0.080000000
326,0,1.000000000,0.999995634
327,0,1.500000000,1.999995634
328,0,1.000000000,0.999997932
329,0,1.021928095,0.400000000
330,0,1.784319623,1.213461288
331,0,0.478971583,0.141605494
332,0,1.100894659,1.015459683
333,0,1.895426615,1.225350760
334,0,1.544457938,1.127564760
335,0,-0.000000000,0.000000000
336,0,1.000000000,1.000000000
337,0,0.302292189,0.080000000
338,0,1.060184319,1.008222222
339,0,1.037639028,0.408572389
340,0,1.232495761,1.042143405
341,0,-0.000000000,0.000000000
342,0,1.000000000,1.000000000
343,0,0.302292189,0.080000000
344,0,1.257422929,1.047844828
345,0,-0.000000000,0.000000000
346,0,1.000000000,1.000000000
347,0,1.870950594,1.200000000
348,0,1.000000000,1.000000000
349,0,1.021928095,2.000000000
350,0,1.905928216,1.642857143
351,0,2.885122632,2.338350515
352,0,2.072924318,1.510442914
353,0,1.757233937,0.994598520
354,0,1.413601087,1.276197493
355,0,-0.000000000,0.000000000
356,0,1.000000000,1.000000000
357,0,1.021928095,0.400000000
358,0,1.052690404,1.007034221
359,0,0.009991295,0.003437410
360,0,1.008001547,1.002120040
361,0,0.011187564,0.004433489
362,0,1.007757274,1.003558882
363,0,1.875232479,1.201352857
364,0,1.700030135,1.222354710
365,0,0.388974555,0.304691546
366,0,1.298068278,1.190260663
367,0,0.475909670,0.391842592
368,0,1.131344102,1.058593932
369,0,1.126904280,0.463353650
370,0,1.131647518,1.038303460
371,0,2.061229020,1.483925733
372,0,1.510943003,1.232642326
373,0,1.479789041,1.843186839
374,0,1.493804450,1.885896590
375,0,2.224821894,1.441437884
376,0,1.659398261,1.274003454
377,0,1.323852874,0.766709637
378,0,1.804574851,1.281609692
379,0,1.099973847,1.607726483
380,0,1.437600098,0.703162303
381,0,2.022314747,1.477544164
382,0,1.183310384,0.587755648
383,0,1.059656558,0.848459287
384,0,1.882732495,1.400509299
385,0,0.997972497,0.946996241
386,0,1.021725345,1.989399248
387,0,0.999986184,0.995623543
388,0,1.870946450,1.200000000
389,0,1.532051067,1.122151690
390,0,0.401553971,0.113415966
391,0,0.999999998,1.000046969
392,0,0.302292189,0.080000000
393,0,1.012773762,1.001376742
394,0,-0.000000000,0.000000000
395,0,1.000000000,1.000000000
396,0,0.302292189,0.080000000
397,0,1.012773762,1.001377513
398,0,1.024571058,0.401435139
399,0,1.228852925,1.041283932
400,0,0.046631985,0.020639529
401,0,1.034539135,1.020660850
402,0,0.312553927,0.084079541
403,0,1.014373885,1.001675001
404,0,0.303400264,0.080354737
405,0,1.012829121,1.001388889
406,0,-0.000000000,0.000000000
407,0,1.000000000,1.000000000
408,0,1.870950594,1.200000000
409,0,1.532052555,1.123333333
410,0,1.242499492,1.759231462
411,0,1.934831694,1.933759154
412,0,2.726933871,1.622662291
413,0,1.000000000,1.000000000
414,0,1.021928095,0.400000000
415,0,1.052690404,1.007034221
416,0,1.540702475,1.012017043
417,0,1.000000000,1.000000000
418,0,-0.000000000,0.000000000
419,0,1.000000000,1.000000000
420,0,1.021928095,1.800000000
421,0,1.228118215,1.041111111
422,0,1.707860069,1.080268801
423,0,2.040729814,1.415004759
424,0,2.274333606,1.469777495
425,0,1.325463041,1.301772862
426,0,0.416147900,0.128427584
427,0,0.999997407,0.998104193
428,0,1.021927836,0.400000000
429,0,1.228118159,1.040940488
430,0,-0.000000000,0.000000000
431,0,1.000000000,1.000000000
432,0,1.021928095,1.800000000
433,0,1.179520228,1.046609604
434,0,-0.000000000,0.000000000
435,0,1.000000000,1.000000000
436,0,-0.000000000,0.000000000
437,0,1.000000000,1.000000000
438,0,1.021928095,0.400000000
439,0,1.000000000,1.000000000
440,0,-0.000000000,0.000000000
441,0,1.000000000,1.000000000
442,0,1.021928095,0.400000000
443,0,1.228118215,1.041111111
444,0,0.334665510,0.090549664
445,0,1.014397000,1.001586340
446,0,0.303522188,0.080394186
447,0,1.012835061,1.001385336
448,0,1.025516776,1.799711927
449,0,1.180413803,1.059605581
450,0,0.344024892,0.094988369
451,0,1.017810084,1.010828316
452,0,1.021927942,0.400000000
453,0,1.228118182,1.040979993
454,0,0.334665509,0.090549664
455,0,1.067506413,1.009456097
456,0,1.039891005,1.999997497
457,0,1.000000000,0.999998966
458,0,0.302292189,0.080000000
459,0,1.000000000,0.999999983
460,0,1.021928095,1.800000000
461,0,1.000000000,0.999999999
462,0,0.302292189,0.080000000
463,0,1.012773762,1.001377513
464,0,-0.000000000,0.000000000
465,0,1.000000000,1.000000000
466,0,1.870950594,1.200000000
467,0,1.138751800,1.022289157
468,0,-0.000000000,0.000000000
469,0,1.000000000,1.000000000
470,0,-0.000000000,0.000000000
471,0,1.000000000,1.000000000
472,0,1.870950594,1.400000000
473,0,1.138751800,1.022289157
474,0,1.064163411,0.423273040
475,0,1.239942264,1.043913668
476,0,1.103828264,0.445772591
477,0,1.000000000,1.000000000
478,0,1.021928095,0.400000000
479,0,1.000000000,1.000000000
480,0,1.870950594,1.400000000
481,0,1.138751800,1.022289157
482,0,0.319766260,0.085651291
483,0,1.000000000,1.000000000
484,0,-0.000000000,0.000000000
485,0,1.000000000,1.000000000
486,0,-0.000000000,0.000000000
487,0,1.000000000,1.000000000
488,0,0.302292189,0.080000000
489,0,1.038594890,1.010875847
490,0,1.022397931,0.579291802
491,0,0.676651579,0.222095811
492,0,1.454435387,1.084857345
493,0,0.972202035,0.427129879
494,0,0.560719956,0.178780608
495,0,1.656342526,1.348796604
496,0,1.485895137,0.810776587
497,0,-0.000000000,0.000000000
498,0,1.000000000,1.000000000
499,0,1.870950594,1.400000000
500,0,1.138751800,1.022289157
501,0,-0.000000000,0.000000000
502,0,1.000000000,1.000000000
503,0,1.021928095,0.400000000
504,0,1.000000000,1.000000000
505,0,0.302292189,0.080000000
506,0,1.012773762,1.001377513
507,0,0.303566849,0.080385332
508,0,1.012862549,1.001397831
509,0,1.512748807,1.003056911
510,0,1.004511294,1.001648230
511,0,1.026813535,0.401759448
512,0,1.003812472,1.000969329
513,0,0.302292189,0.080000000
514,0,1.000000000,0.999999649
515,0,0.302292189,0.080000000
516,0,1.000000000,0.999999994
517,0,1.021928095,0.400000000
518,0,1.228118215,1.041111112
519,0,1.929031819,1.266885862
520,0,1.149032294,1.024482344
521,0,1.067780476,0.425259885
522,0,1.240988132,1.044180511
523,0,0.336954285,0.091304201
524,0,1.014514608,1.001602259
525,0,1.024981964,1.799490176
526,0,1.906319793,1.643584045
527,0,2.901764167,1.961151034
528,0,2.542771779,1.949818857
529,0,2.049289590,2.037823131
530,0,2.547209394,3.016038317
531,0,2.048276601,2.035983794
532,0,1.241506703,1.052418096
533,0,0.336605833,2.000327403
534,0,1.014524271,1.001739567
535,0,0.303534162,0.080397942
536,0,1.000000000,1.000002674
537,0,-0.000000000,0.000000000
538,0,1.000000000,1.000000000
539,0,0.302292189,0.080000000
540,0,1.012773762,1.001377513
541,0,-0.000000000,0.000000000
542,0,1.000000000,1.000000000
543,0,0.302292189,0.080000000
544,0,1.060184319,1.008222222
545,0,1.037639028,1.797315197
546,0,1.232495761,1.042143405
547,0,0.335439500,0.090804672
548,0,1.000000000,1.000000000
549,0,1.500000000,1.000000000
550,0,1.000000000,1.000000000
551,0,1.870950594,1.200000000
552,0,1.138751800,1.022289157
553,0,-0.000000000,0.000000000
554,0,1.000000000,1.000000000
555,0,0.302292189,0.080000000
556,0,1.012773762,1.001377513
557,0,0.303367094,0.080344681
558,0,1.012827240,1.001384331
559,0,-0.000000000,0.000000000
560,0,1.000000000,1.000000000
561,0,1.870950594,1.200000000
562,0,1.000000000,1.000000000
563,0,-0.000000000,0.000000000
564,0,1.000000000,1.000000000
565,0,1.021928095,1.800000000
566,0,1.000000000,1.000000000
567,0,1.021928095,0.400000000
568,0,1.228118215,1.041111111
569,0,0.334665510,0.090549664
570,0,1.000000000,1.000000000
571,0,0.302292189,1.960000000
572,0,1.000000000,1.000000000
573,0,1.021928095,0.400000000
574,0,1.179520228,1.059315251
575,0,1.689125699,1.046392348
576,0,1.939256706,1.630822495
577,0,1.861735999,1.885986960
578,0,2.038092228,2.546415477
579,0,0.410234462,0.164601425
580,0,1.205117231,1.164601425
581,0,0.883894060,0.604284885
582,0,-0.000000000,0.000000000
583,0,1.000000000,1.000000000
584,0,-0.000000000,0.000000000
585,0,1.000000000,1.000000000
586,0,1.870950594,1.400000000
587,0,1.000000000,1.000000000
588,0,-0.000000000,0.000000000
589,0,1.000000000,1.000000000
590,0,-0.000000000,0.000000000
591,0,1.000000000,1.000000000
592,0,0.302292189,0.080000000
593,0,1.000000000,1.000000000
594,0,0.302292189,0.080000000
595,0,1.060184319,1.008222222
596,0,-0.000000000,0.000000000
597,0,1.000000000,1.000000000
598,0,0.302292189,0.080000000
599,0,1.060184319,1.008222222
600,0,-0.000000000,0.000000000
601,0,1.000000000,1.000000000
602,0,0.302292189,0.080000000
603,0,1.012773762,1.001377513
604,0,1.024571058,0.401435139
605,0,1.228852925,1.041283932
606,0,0.334795061,0.090592334
607,0,1.014403650,1.001587211
608,0,-0.000000000,0.000000000
609,0,1.000000000,1.000000000
610,0,-0.000000000,0.000000000
611,0,1.000000000,1.000000000
612,0,-0.000000000,0.000000000
613,0,1.000000000,1.000000000
614,0,-0.000000000,0.000000000
615,0,1.000000000,1.000000000
616,0,1.870950594,1.400000000
617,0,1.000000000,1.000000000
618,0,1.870950594,2.000000000
619,0,1.532052555,1.966666667
620,0,2.085544866,1.422930565
621,0,1.189542991,1.045675934
622,0,0.325193652,0.087389787
623,0,1.013935116,1.001571946
624,0,-0.000000000,0.000000000
625,0,1.000000000,1.000000000
626,0,0.302292189,0.080000000
627,0,1.060184319,1.008222222
628,0,1.037639028,0.408572389
629,0,1.053794829,1.007215404
630,0,1.883013080,1.212214481
631,0,1.140582766,1.022675436
632,0,-0.000000000,0.000000000
633,0,1.000000000,1.000000000
634,0,-0.000000000,0.000000000
635,0,1.000000000,1.000000000
636,0,0.302292189,0.080000000
637,0,1.060184319,1.008222222
638,0,-0.000000000,0.000000000
639,0,1.000000000,1.000000000
640,0,1.021928095,0.400000000
641,0,1.228118215,1.041111111
642,0,1.098973413,0.443011606
643,0,1.058200532,1.007945613
644,0,1.037026519,0.408225387
645,0,1.053753132,1.007208735
646,0,-0.000000000,0.000000000
647,0,1.000000000,1.000000000
648,0,-0.000000000,0.000000000
649,0,1.000000000,1.000000000
650,0,-0.000000000,0.000000000
651,0,1.000000000,1.000000000
652,0,-0.000000000,0.000000000
653,0,1.000000000,1.000000000
654,0,1.870950594,1.400000000
655,0,1.000000000,1.000000000
656,0,0.302292189,0.080000000
657,0,1.060184319,1.008222222
658,0,0.309673025,0.082309867
659,0,1.242485464,1.049108598
660,0,0.380208850,0.110343445
661,0,1.278115723,1.059629707
662,0,0.347787323,0.095015763
663,0,1.076411275,1.012507559
664,0,1.061992183,0.417316387
665,0,1.254144542,1.049092960
666,0,1.167962289,0.472654158
667,0,1.106076905,1.030845665
668,0,1.038042565,0.408756052
669,0,1.053828678,1.007364539
670,0,0.307925794,0.081810522
671,0,1.061454429,1.008431905
672,0,-0.000000000,0.000000000
673,0,1.000000000,1.000000000
674,0,1.021928095,0.400000000
675,0,1.139609612,1.055451380
676,0,1.169460822,0.481971605
677,0,1.287081289,1.090050950
678,0,1.165517733,0.665781359
679,0,1.258766255,1.029137890
680,0,-0.000000000,0.000000000
681,0,1.000000000,1.000000000
682,0,1.021928095,0.400000000
683,0,1.139609612,1.040985802
684,0,1.909452419,2.086234029
685,0,1.787818128,1.673532110
686,0,1.364142374,2.118404791
687,0,1.341735708,2.912352252
688,0,1.603807585,2.890346271
689,0,-0.000000000,0.000000000
690,0,1.000000000,1.000000000
691,0,1.870950594,2.000000000
692,0,1.532052555,1.123333333
693,0,0.401554049,0.113415966
694,0,1.017831718,1.002040046
695,0,1.025785577,0.402088591
696,0,1.229194914,1.041365057
697,0,-0.000000000,0.000000000
698,0,1.000000000,1.000000000
699,0,0.302292189,0.080000000
700,0,1.012773762,1.001377513
701,0,0.303367094,0.080344681
702,0,1.012827240,1.001384331
703,0,0.303372157,0.080346297
704,0,1.012827496,1.001384364
705,0,0.303372181,0.080346304
706,0,1.060427568,1.008262911
707,0,1.037713010,0.408612564
708,0,1.053800112,1.007216280
709,0,-0.000000000,0.000000000
710,0,1.000000000,1.000000000
711,0,1.870950594,2.000000000
712,0,1.000000000,1.000000000
713,0,0.302292189,0.080000000
714,0,1.060184319,1.008222222
715,0,-0.000000000,0.000000000
716,0,1.000000000,1.000000000
717,0,1.021928095,0.400000000
718,0,1.052690404,1.007034221
719,0,-0.000000000,0.000000000
720,0,1.000000000,1.000000000
721,0,1.870950594,1.200000000
722,0,1.532052555,1.123333333
723,0,1.242499492,0.530171120
724,0,1.000000000,1.000000000
725,0,1.021928095,1.800000000
726,0,1.905928216,1.642857143
727,0,1.776700037,1.329491018
728,0,2.558693939,1.879722378
729,0,2.907339755,2.493788781
730,0,0.999999125,1.001101168
731,0,-0.000000000,0.000000000
732,0,1.000000000,1.000000000
733,0,0.302292189,0.080000000
734,0,1.012773762,1.001377513
735,0,-0.000000000,0.000000000
736,0,1.000000000,1.000000000
737,0,0.302292189,0.080000000
738,0,1.012773762,1.001377513
739,0,-0.000000000,0.000000000
740,0,1.000000000,1.000000000
741,0,0.302292189,0.080000000
742,0,1.000000000,1.000000000
743,0,-0.000000000,0.000000000
744,0,1.000000000,1.000000000
745,0,-0.000000000,0.000000000
746,0,1.000000000,1.000000000
747,0,-0.000000000,0.000000000
748,0,1.000000000,1.000000000
749,0,0.302292189,0.080000000
750,0,1.000000000,1.000000000
751,0,1.021928095,0.400000000
752,0,1.228118215,1.041111111
753,0,-0.000000000,0.000000000
754,0,1.000000000,1.000000000
755,0,-0.000000000,0.000000000
756,0,1.000000000,1.000000000
757,0,-0.000000000,0.000000000
758,0,1.000000000,1.000000000
759,0,0.302292189,0.080000000
760,0,1.257422929,1.047844828
761,0,0.052924912,0.024005335
762,0,1.000000000,1.000000000
763,0,1.432977717,1.111450382
764,0,1.191146171,0.651025057
765,0,1.588611664,1.026386922
766,0,1.255617242,0.581236062
767,0,1.112073174,0.657410312
768,0,2.153067072,2.205312917
769,0,2.286137763,1.960410587
770,0,2.235069864,1.972754071
771,0,2.546213484,1.633616053
772,0,1.919719524,1.362037243
773,0,0.896547463,0.625896534
774,0,1.011582841,0.400000000
775,0,1.225935981,1.074780423
776,0,0.334589647,0.090549664
777,0,1.067493952,1.010874699
778,0,0.309640797,0.082362690
779,0,0.999999998,1.000051998
780,0,0.302292189,0.080000000
781,0,1.060184319,1.008221286
782,0,1.037639028,0.408572389
783,0,1.053794829,1.007215225
784,0,0.307921800,1.999999991
785,0,1.013054267,1.001413327
786,0,1.873523159,1.202410217
787,0,1.139113202,1.022365290
788,0,-0.000000000,0.000000000
789,0,1.000000000,1.000000000
790,0,0.302292189,0.080000000
791,0,1.012773762,1.001377513
792,0,-0.000000000,0.000000000
793,0,1.000000000,1.000000000
794,0,0.302292189,0.080000000
795,0,1.012773762,1.001377513
796,0,0.305752795,1.960226686
797,0,1.085769887,1.015824155
798,0,0.044021966,0.019225891
799,0,1.018141874,1.003857519
800,0,-0.000000000,0.000000000
801,0,1.000000000,1.000000000
802,0,1.870950594,1.400000000
803,0,1.000000000,1.000000000
804,0,0.302292189,0.080000000
805,0,1.237449000,1.047715088
806,0,1.118248111,0.450695777
807,0,0.999992297,0.996732289
808,0,1.021927325,0.400000000
809,0,0.999999947,1.000269811
810,0,0.302292188,0.080000000
811,0,1.060184319,1.008217366
812,0,1.037639028,0.408572389
813,0,1.232495761,1.042144399
814,0,0.335439500,0.090804672
815,0,1.000000000,0.999999963
816,0,-0.000000000,0.000000000
817,0,1.000000000,1.000000000
818,0,0.302292189,0.080000000
819,0,1.000000000,1.000000000
820,0,-0.000000000,0.000000000
821,0,1.000000000,1.000000000
822,0,-0.000000000,0.000000000
823,0,1.000000000,1.000000000
824,0,1.021928095,0.400000000
825,0,1.052690404,1.007034221
826,0,0.308622511,0.081974652
827,0,1.062240701,1.008666103
828,0,-0.000000000,0.000000000
829,0,1.000000000,1.000000000
830,0,1.500000000,1.000000000
831,0,1.000000000,1.000000000
832,0,1.021928095,0.400000000
833,0,1.052690404,1.007034221
834,0,1.035378563,2.000000000
835,0,1.053635335,1.007189192
836,0,1.035658901,0.407484620
837,0,1.053655366,1.007192514
838,0,-0.000000000,0.000000000
839,0,1.000000000,1.000000000
840,0,-0.000000000,0.000000000
841,0,1.000000000,1.000000000
842,0,1.870950594,1.200000000
843,0,1.000000000,1.000000000
844,0,1.021928095,2.000000000
845,0,1.052690404,1.007034221
846,0,1.035378563,0.407332871
847,0,1.053635335,1.007189192
848,0,1.882971918,1.212172941
849,0,1.140576270,1.022674042
850,0,1.606965017,2.010793137
851,0,1.232699526,1.042468870
852,0,0.335397940,0.090781770
853,0,1.014438541,1.001592075
854,0,1.024963823,0.401646306
855,0,1.052903387,1.007069141
856,0,1.035441657,0.407367011
857,0,1.231882296,1.041998403
858,0,1.930099086,2.002028677
859,0,1.148947719,1.024457485
860,0,0.321311664,0.086150823
861,0,1.000000000,1.000000000
862,0,0.302292189,0.080000000
863,0,1.000000000,1.000000000
864,0,1.500000000,2.000000000
865,0,1.000000000,1.000000000
866,0,-0.000000000,0.000000000
867,0,1.000000000,1.000000000
868,0,1.870950594,2.000000000
869,0,1.138751800,1.022289157
870,0,0.319766260,0.085651291
871,0,1.064128623,1.008886137
872,0,1.038845782,0.409227992
873,0,1.053881040,1.007229697
874,0,1.541677467,2.003598146
875,0,1.775420833,1.210312358
876,0,1.379378517,0.623177524
877,0,1.080642559,1.011837390
878,0,0.311337585,0.082905792
879,0,1.062236505,1.008567729
880,0,1.038264750,0.408911938
881,0,1.232672969,1.042185678
882,0,0.335470835,0.090814988
883,0,1.000000000,1.000000000
884,0,-0.000000000,0.000000000
885,0,1.000000000,1.000000000
886,0,0.302292189,0.080000000
887,0,1.060184319,1.008222222
888,0,-0.000000000,0.000000000
889,0,1.000000000,1.000000000
890,0,-0.000000000,0.000000000
891,0,1.000000000,1.000000000
892,0,1.870950594,1.400000000
893,0,2.280023028,1.437463977
894,0,1.499814168,1.112576216
895,0,1.286196051,1.113492610
896,0,1.273670003,1.048450527
897,0,1.469969834,1.570796008
898,0,0.597568722,0.283403457
899,0,1.248471257,0.502688862
900,0,1.604529708,0.808239221
901,0,1.757516849,1.712693706
902,0,1.550168456,1.825016127
903,0,1.501291080,0.618715061
904,0,1.265921354,1.002482626
905,0,1.262672533,0.755432211
906,0,2.113399613,1.192339555
907,0,1.600898122,1.234713837
908,0,1.759386450,1.274032114
909,0,2.079503082,1.312596578
910,0,1.168307600,0.796223300
911,0,2.215009516,1.956999783
912,0,2.039867592,1.554001793
913,0,1.850828507,1.293889288
914,0,1.703096840,0.852837805
915,0,1.933221812,1.469053891
916,0,1.175191604,0.829300835
917,0,1.067767555,0.594141525
918,0,1.960746149,1.392515886
919,0,1.708340720,1.460163346
920,0,1.115124692,1.427490247
921,0,1.860126890,1.449075583
922,0,1.251492403,2.163124335
923,0,1.463426698,2.865516905
924,0,1.474480646,2.683773743
925,0,1.399833935,4.424952978
926,0,0.823287726,3.509199164
927,0,-0.000000000,0.000000000
928,0,0.503258335,0.222222222
929,0,0.095970403,0.024691358
930,0,-0.000000000,0.000000000
931,0,-0.000000000,0.000000000
932,0,0.143726170,0.040816327
933,0,0.004850167,0.000757289
934,0,0.144064358,1.959062519
935,0,0.004862963,0.000759541
936,0,-0.000000000,0.000000000
937,0,-0.000000000,0.000000000
938,0,0.503258335,0.222222222
939,0,0.021519932,0.004158004
940,0,0.021216584,0.004089980
941,0,0.145369887,0.041406067
942,0,0.162155320,0.047555276
943,0,0.005555210,0.000882596
944,0,0.144120313,1.959042465
945,0,-0.000000000,0.000000000
946,0,-0.000000000,0.000000000
947,0,-0.000000000,0.000000000
948,0,0.143726170,0.040816327
949,0,0.023187512,0.004535147
950,0,-0.000000000,0.000000000
951,0,-0.000000000,0.000000000
952,0,0.143726170,0.040816327
953,0,-0.000000000,0.000000000
954,0,0.143726170,0.040816327
955,0,0.004850167,0.000757289
956,0,0.504155247,0.222820599
957,0,0.021570303,0.004169317
958,0,0.508181153,0.225517261
959,0,-0.000000000,0.000000000
960,0,0.503258335,0.222222222
961,0,-0.000000000,0.000000000
962,0,-0.000000000,0.000000000
963,0,-0.000000000,0.000000000
964,0,-0.000000000,0.000000000
965,0,-0.000000000,0.000000000
966,0,0.143726170,0.040816327
967,0,0.004850167,0.000757289
968,0,-0.000000000,0.000000000
969,0,-0.000000000,0.000000000
970,0,-0.000000000,0.000000000
971,0,-0.000000000,0.000000000
972,0,0.143726170,0.040816327
973,0,0.004850167,0.000757289
974,0,0.144064358,0.040937481
975,0,-0.000000000,0.000000000
976,0,-0.000000000,0.000000000
977,0,-0.000000000,0.000000000
978,0,-0.000000000,0.000000000
979,0,-0.000000000,0.000000000
980,0,0.143726170,0.040816327
981,0,0.023187512,0.004535147
982,0,0.508611331,0.225806452
983,0,0.021821359,0.004225777
984,0,0.145612678,0.041493366
985,0,0.004921618,0.000769875
986,0,0.144069978,0.040939495
987,0,0.004863176,0.000759578
988,0,0.985958605,0.858714777
989,0,0.276641482,0.095444588
990,0,0.186089230,0.056715988
991,0,-0.000000000,0.000000000
992,0,-0.000000000,0.000000000
993,0,-0.000000000,0.000000000
994,0,0.503258335,0.222222222
995,0,-0.000000000,0.000000000
996,0,0.143726170,0.040816327
997,0,0.004850167,0.000757289
998,0,0.144064358,0.040937481
999,0,0.004862963,0.000759541
1000,0,0.144065364,0.040937841
1001,0,0.004863002,0.000759548
1002,0,-0.000000000,0.000000000
1003,0,-0.000000000,0.000000000
1004,0,0.503258335,0.222222222
1005,0,0.021519932,0.004158004
1006,0,0.508167846,0.225508318
1007,0,0.021796313,0.004220139
1008,0,0.508240931,0.225557435
1009,0,0.097139769,0.025061937
1010,0,0.532302692,0.242051856
1011,0,0.102865154,0.026894651
1012,0,1.003684002,0.911041233
1013,0,0.073452420,0.017812688
1014,0,-0.000000000,0.000000000
1015,0,-0.000000000,0.000000000
1016,0,0.503258335,0.222222222
1017,0,0.021519932,0.004158004
1018,0,0.145582434,0.041482489
1019,0,0.004920471,0.000769672
1020,0,0.504169903,0.222830384
1021,0,0.096183933,0.024758932
1022,0,1.002496805,1.096541192
1023,0,0.073115097,0.017713506
1024,0,-0.000000000,0.000000000
1025,0,-0.000000000,0.000000000
1026,0,0.503258335,0.222222222
1027,0,-0.000000000,0.000000000
1028,0,0.143726170,0.040816327
1029,0,-0.000000000,0.000000000
1030,0,0.143726170,0.040816327
1031,0,0.004850167,0.000757289
1032,0,0.144064358,0.040937481
1033,0,0.023246603,0.004548609
1034,0,0.508627155,0.225817093
1035,0,0.097230640,0.025090788
1036,0,0.154907095,0.044871751
1037,0,0.005276050,0.000832688
1038,0,0.144098027,0.040949548
1039,0,0.004864238,0.000759765
1040,0,0.004851158,0.000757463
1041,0,0.986271726,0.858630257
1042,0,-0.000000000,0.000000000
1043,0,-0.000000000,0.000000000
1044,0,0.503258335,0.222222222
1045,0,-0.000000000,0.000000000
1046,0,0.985228136,0.857142857
1047,0,-0.000000000,0.000000000
1048,0,0.143726170,0.040816327
1049,0,0.023187512,0.004535147
1050,0,0.508611331,0.225806452
1051,0,0.021821359,0.004225777
1052,0,0.145612678,0.041493366
1053,0,-0.000000000,0.000000000
1054,0,0.985228136,0.857142857
1055,0,-0.000000000,0.000000000
1056,0,0.143726170,0.040816327
1057,0,0.004850167,0.000757289
1058,0,-0.000000000,0.000000000
1059,0,-0.000000000,0.000000000
1060,0,-0.000000000,0.000000000
1061,0,-0.000000000,0.000000000
1062,0,0.143726170,0.040816327
1063,0,0.004850167,0.000757289
1064,0,-0.000000000,0.000000000
1065,0,-0.000000000,0.000000000
1066,0,-0.000000000,0.000000000
1067,0,-0.000000000,0.000000000
1068,0,0.503258335,0.222222222
1069,0,-0.000000000,0.000000000
1070,0,0.503258335,0.222222222
1071,0,-0.000000000,0.000000000
1072,0,0.985228136,0.857142857
1073,0,0.069054382,0.016528926
1074,0,-0.000000000,0.000000000
1075,0,-0.000000000,0.000000000
1076,0,0.503258335,0.222222222
1077,0,0.021519932,0.004158004
1078,0,0.988808991,1.134879598
1079,0,-0.000000000,0.000000000
1080,0,-0.000000000,0.000000000
1081,0,-0.000000000,0.000000000
1082,0,0.143726170,0.040816327
1083,0,0.004850167,0.000757289
1084,0,-0.000000000,0.000000000
1085,0,-0.000000000,0.000000000
1086,0,0.985228136,0.857142857
1087,0,0.276195428,0.095238095
1088,0,0.185997890,0.056680162
1089,0,0.030706032,0.006297796
1090,0,0.146537138,0.041826215
1091,0,0.023679194,0.004647357
1092,0,0.508743222,0.225895156
1093,0,0.369096944,0.141704974
1094,0,-0.000000000,0.000000000
1095,0,-0.000000000,0.000000000
1096,0,0.503258335,0.222222222
1097,0,0.021519932,0.004158004
1098,0,0.508167846,0.225508318
1099,0,0.021796313,0.004220139
1100,0,-0.000000000,0.000000000
1101,0,-0.000000000,0.000000000
1102,0,0.985228136,0.857142857
1103,0,0.276195428,0.095238095
1104,0,0.185997890,0.056680162
1105,0,0.030706032,0.006297796
1106,0,0.146537138,0.041826215
1107,0,-0.000000000,0.000000000
1108,0,0.143726170,0.040816327
1109,0,-0.000000000,0.000000000
1110,0,0.503258335,0.222222222
1111,0,0.021519932,0.004158004
1112,0,0.988808991,0.865711331
1113,0,0.069756341,0.016732452
1114,0,0.151187600,0.043511269
1115,0,-0.000000000,0.000000000
1116,0,0.143726170,0.040816327
1117,0,-0.000000000,0.000000000
1118,0,0.143726170,0.040816327
1119,0,0.004850167,0.000757289
1120,0,0.144064358,0.040937481
1121,0,-0.000000000,0.000000000
1122,0,0.503258335,0.222222222
1123,0,0.021519932,0.004158004
1124,0,0.145582434,0.041482489
1125,0,-0.000000000,0.000000000
1126,0,0.503258335,0.222222222
1127,0,0.095970403,0.024691358
1128,0,0.154729451,0.044806517
1129,0,-0.000000000,0.000000000
1130,0,0.143726170,0.040816327
1131,0,-0.000000000,0.000000000
1132,0,0.143726170,0.040816327
1133,0,-0.000000000,0.000000000
1134,0,0.143726170,0.040816327
1135,0,-0.000000000,0.000000000
1136,0,-0.000000000,0.000000000
1137,0,0.985228136,1.142857143
1138,0,0.996791632,1.066666667
1139,0,-0.000000000,0.000000000
1140,0,-0.000000000,0.000000000
1141,0,-0.000000000,0.000000000
1142,0,0.143726170,0.040816327
1143,0,0.004850167,0.000757289
1144,0,0.504155247,0.222820599
1145,0,-0.000000000,0.000000000
1146,0,0.143726170,0.040816327
1147,0,0.004850167,0.000757289
1148,0,0.985956528,0.858710044
1149,0,0.069182853,0.016566135
1150,0,0.151113540,0.043484295
1151,0,0.024482233,0.004831588
1152,0,0.508959707,0.226040799
1153,0,0.021841043,0.004230209
1154,0,0.988866284,0.865859343
1155,0,-0.000000000,0.000000000
1156,0,0.503258335,0.222222222
1157,0,-0.000000000,0.000000000
1158,0,0.143726170,0.040816327
1159,0,0.004850167,0.000757289
1160,0,0.144064358,0.040937481
1161,0,0.004862963,0.000759541
1162,0,0.018125782,0.003407582
1163,0,0.160445839,0.046949549
1164,0,0.190030758,0.061159279
1165,0,0.095944607,0.024585173
1166,0,1.000347101,1.001381427
1167,0,0.991638475,0.890109534
1168,0,0.991425099,1.780121325
1169,0,1.074640897,0.717127261
1170,0,1.204267801,1.125224044
1171,0,0.020559505,0.008878013
1172,0,0.161437993,0.047273327
1173,0,0.574433039,0.262952128
1174,0,0.009375254,0.003196652
1175,0,1.009375254,1.003196652
1176,0,1.419919998,0.859206297
1177,0,0.008884229,0.003030412
1178,0,0.008071635,0.002694240
1179,0,0.511498541,0.224607555
1180,0,0.730060758,0.402070655
1181,0,0.006123579,0.001961658
1182,0,0.150429443,0.042793685
1183,0,0.007236166,0.002088868
1184,0,0.007340814,0.002265187
1185,0,0.993144087,1.145099659
1186,0,0.999483932,0.791938695
1187,0,1.018402778,0.878040390
1188,0,0.033616685,0.017139434
1189,0,0.033436601,0.019217501
1190,0,0.948371513,1.808656233
1191,0,1.575751892,1.049442860
1192,0,1.242852130,1.415845099
1193,0,0.959219581,0.750999497
1194,0,1.018531301,1.800263263
1195,0,1.000809303,1.017585142
1196,0,0.001185181,0.000525183
1197,0,1.000945061,1.000431479
1198,0,0.001006578,0.000525950
1199,0,1.000225331,1.000089885
1200,0,0.302386435,0.080037287
1201,0,1.000057343,1.000913725
1202,0,0.000021641,0.000007619
1203,0,1.000000922,1.000000211
1204,0,1.021929002,0.400000249
1205,0,0.999985863,1.004566440
1206,0,0.302292466,1.960000102
1207,0,1.050617557,1.006354135
1208,0,0.000000001,0.000000000
1209,0,1.000000000,1.000000000
1210,0,1.021928095,0.400000000
1211,0,1.044208200,1.001704545
1212,0,1.525698309,1.006551145
1213,0,1.183492268,1.010700756
1214,0,0.000000001,0.000000000
1215,0,1.000000000,1.000000000
1216,0,0.302292189,0.080000000
1217,0,0.999999424,0.999106345
1218,0,1.870950422,1.200000000
1219,0,1.115113043,1.005107610
1220,0,1.058327107,0.420462776
1221,0,0.999985330,1.004509645
1222,0,0.000000000,0.000000000
1223,0,1.000000000,1.000000000
1224,0,0.000000000,0.000000000
1225,0,1.000000000,1.000000000
1226,0,0.000000000,0.000000000
1227,0,1.000000000,1.000000000
1228,0,1.870950594,1.400000000
1229,0,1.442705945,1.093333333
1230,0,0.000000000,0.000000000
1231,0,1.000000000,1.000000000
1232,0,0.000000000,0.000000000
1233,0,1.000000000,1.000000000
1234,0,1.021928095,0.400000000
1235,0,1.044208200,1.001704545
1236,0,0.307114252,0.081566298
1237,0,1.051532863,1.006328340
1238,0,1.035893888,0.407787975
1239,0,1.194193949,1.031255061
1240,0,0.000000000,0.000000000
1241,0,1.000000000,1.000000000
1242,0,1.500000000,2.000000000
1243,0,2.242595798,1.620000000
1244,0,1.852646566,1.871474218
1245,0,1.113839189,0.971236789
1246,0,1.057673846,0.420123013
1247,0,1.046772097,1.003368685
1248,0,-0.000000000,0.000000000
1249,0,1.000000000,1.000000000
1250,0,1.021928095,1.800000000
1251,0,1.044208200,1.009090909
1252,0,0.307114252,0.081566298
1253,0,1.051532863,1.006604395
1254,0,-0.000000000,0.000000000
1255,0,1.000000000,1.000000000
1256,0,1.870950594,1.200000000
1257,0,1.115135655,1.028571429
1258,0,-0.000000000,0.000000000
1259,0,1.000000000,1.000000000
1260,0,1.021928095,0.400000000
1261,0,0.999984960,0.995433790
1262,0,0.302291888,1.960000000
1263,0,1.050617556,1.995786910
1264,0,1.529363185,1.994244204
1265,0,1.184126027,1.047866948
1266,0,0.329518855,0.088940371
1267,0,1.235347628,1.035484300
1268,0,0.339419829,0.092259327
1269,0,0.999999956,1.000246427
1270,0,0.302292188,0.080000000
1271,0,1.050652954,1.006226165
1272,0,1.035615671,0.407632935
1273,0,1.045017147,1.008773435
1274,0,1.879630274,1.210562608
1275,0,1.116356155,1.006007243
1276,0,-0.000000000,0.000000000
1277,0,1.000000000,1.000000000
1278,0,1.021928095,0.400000000
1279,0,1.044208200,1.009090909
1280,0,1.033603662,1.797429639
1281,0,1.044868282,1.009144184
1282,0,0.307198258,0.081593565
1283,0,1.010983382,1.001799379
1284,0,0.303258075,0.080313107
1285,0,1.010823894,1.000341158
1286,0,1.024237813,0.401282480
1287,0,0.999984997,1.004560583
1288,0,1.870946093,2.002736350
1289,0,1.442366167,1.094427873
1290,0,1.969820776,1.953537228
1291,0,0.999986178,0.995622665
1292,0,0.302291913,0.080000000
1293,0,1.050690775,1.006152185
1294,0,1.529473496,1.007689537
1295,0,2.250029460,1.660595279
1296,0,1.856880905,1.131465008
1297,0,1.114616689,0.967465921
1298,0,1.895825869,1.231964885
1299,0,0.999974798,1.005910710
1300,0,-0.000000000,0.000000000
1301,0,1.000000000,1.000000000
1302,0,-0.000000000,0.000000000
1303,0,1.000000000,1.000000000
1304,0,-0.000000000,0.000000000
1305,0,1.000000000,1.000000000
1306,0,-0.000000000,0.000000000
1307,0,1.000000000,1.000000000
1308,0,0.302292189,2.000000000
1309,0,1.050654972,1.006444444
1310,0,-0.000000000,0.000000000
1311,0,1.000000000,1.000000000
1312,0,-0.000000000,0.000000000
1313,0,1.000000000,1.000000000
1314,0,1.870950594,1.200000000
1315,0,0.999848483,0.985507246
1316,0,0.302289159,0.080000000
1317,0,0.999999063,0.998860281
1318,0,-0.000000000,0.000000000
1319,0,1.000000000,1.000000000
1320,0,-0.000000000,0.000000000
1321,0,1.000000000,1.000000000
1322,0,-0.000000000,0.000000000
1323,0,1.000000000,1.000000000
1324,0,1.021928095,0.400000000
1325,0,0.999984960,0.995433790
1326,0,1.021926591,0.400000000
1327,0,1.044172237,1.009481640
1328,0,0.307110938,0.081565302
1329,0,1.010978744,1.001809284
1330,0,1.024275254,0.401303183
1331,0,1.044340724,1.009099971
1332,0,0.307131091,0.081571763
1333,0,1.219473459,1.042895181
1334,0,-0.000000000,0.000000000
1335,0,1.000000000,1.000000000
1336,0,1.870950594,1.200000000
1337,0,1.115135655,1.005357143
1338,0,1.058332487,0.420465473
1339,0,1.199099530,1.034400430
1340,0,0.332292600,0.089870522
1341,0,1.012048762,1.000953909
1342,0,-0.000000000,0.000000000
1343,0,1.000000000,1.000000000
1344,0,1.021928095,1.800000000
1345,0,1.044208200,1.001704545
1346,0,-0.000000000,0.000000000
1347,0,1.000000000,1.000000000
1348,0,0.302292189,1.960000000
1349,0,1.050654972,1.006222222
1350,0,0.307950877,0.081838984
1351,0,0.999999521,0.999185048
1352,0,1.870950451,1.200000000
1353,0,0.999843758,1.014716987
1354,0,1.021912471,0.400000000
1355,0,1.044091301,1.000397276
1356,0,0.307103551,0.081563086
1357,0,1.010976585,1.001826575
1358,0,1.872788256,1.399480768
1359,0,1.443471512,1.093479317
1360,0,1.970065555,1.359764556
1361,0,1.557459034,1.651348770
1362,0,2.508817127,1.814493267
1363,0,2.262094702,2.139883985
1364,0,1.897910387,2.662326457
1365,0,1.148286129,1.323831477
1366,0,0.330993020,0.089961045
1367,0,0.999977433,1.005593200
1368,0,0.302291738,0.080000000
1369,0,0.999999540,0.999201310
1370,0,0.302292180,0.080000000
1371,0,0.999999406,0.999092784
1372,0,0.302292177,0.080000000
1373,0,1.010783220,1.001800968
1374,0,1.506218188,1.999752463
1375,0,2.243835688,2.751357936
1376,0,1.975666638,3.778019968
1377,0,1.612084818,2.163531154
1378,0,1.496110010,1.485187594
1379,0,0.963642413,0.776443575
1380,0,1.018292336,0.400000000
1381,0,1.197223058,1.054329469
1382,0,0.331653574,0.089650230
1383,0,0.999999979,1.000171923
1384,0,0.302292189,0.080000000
1385,0,1.050656379,1.006447845
1386,0,-0.000000000,0.000000000
1387,0,1.000000000,1.000000000
1388,0,0.302292189,1.960000000
1389,0,1.010784836,1.000334821
1390,0,0.303238394,0.080306742
1391,0,0.999999425,1.000893171
1392,0,-0.000000000,0.000000000
1393,0,1.000000000,1.000000000
1394,0,-0.000000000,0.000000000
1395,0,1.000000000,1.000000000
1396,0,1.870950594,2.000000000
1397,0,1.115135655,1.028571429
1398,0,0.317490439,0.084962493
1399,0,1.053425562,1.006558435
1400,0,1.036495808,0.408123608
1401,0,1.045071120,1.008734745
1402,0,-0.000000000,0.000000000
1403,0,1.000000000,1.000000000
1404,0,1.021928095,0.400000000
1405,0,0.999984960,1.004566210
1406,0,0.302291888,0.080000000
1407,0,1.215909959,1.041839962
1408,0,1.619796940,1.040524877
1409,0,0.999941316,1.009019534
1410,0,0.302291015,2.000360781
1411,0,1.010768740,1.001937369
1412,0,1.506196546,1.001296193
1413,0,2.243808106,1.780972590
1414,0,1.961068086,1.242057858
1415,0,1.274520327,1.147995989
1416,0,1.126201082,0.460562250
1417,0,1.051622305,1.019600906
1418,0,1.035860193,0.407746799
1419,0,1.194676676,1.035062278
1420,0,0.331424908,0.089580306
1421,0,1.012017280,1.001425563
1422,0,-0.000000000,0.000000000
1423,0,1.000000000,1.000000000
1424,0,1.021928095,0.400000000
1425,0,1.044208200,1.009090909
1426,0,1.033603662,0.406505016
1427,0,0.999985129,1.004540402
1428,0,1.870946133,1.200000000
1429,0,0.999821236,0.984258026
1430,0,0.302288614,0.080000000
1431,0,0.999999028,0.998839071
1432,0,0.302292170,0.080000000
1433,0,1.010782768,1.000314565
1434,0,1.024227964,0.401277075
1435,0,1.191442553,1.032355855
1436,0,-0.000000000,0.000000000
1437,0,1.000000000,1.000000000
1438,0,-0.000000000,0.000000000
1439,0,1.000000000,1.000000000
1440,0,-0.000000000,0.000000000
1441,0,1.000000000,1.000000000
1442,0,1.021928095,0.400000000
1443,0,1.190930197,1.031111111
1444,0,-0.000000000,0.000000000
1445,0,1.000000000,1.000000000
1446,0,0.302292189,0.080000000
1447,0,1.010784836,1.000334821
1448,0,-0.000000000,0.000000000
1449,0,1.000000000,1.000000000
1450,0,-0.000000000,0.000000000
1451,0,1.000000000,1.000000000
1452,0,-0.000000000,0.000000000
1453,0,1.000000000,1.000000000
1454,0,1.500000000,2.000000000
1455,0,1.508326883,2.458333333
1456,0,2.020257248,2.310675381
1457,0,2.327703275,2.295077129
1458,0,1.868328986,1.449726000
1459,0,2.273164186,2.274699083
1460,0,1.945215336,2.155859301
1461,0,2.077373213,1.707026623
1462,0,2.419842534,1.726475481
1463,0,0.867647665,0.578341540
1464,0,1.008692861,0.400000000
1465,0,0.999257617,1.032077793
1466,0,1.021853857,2.006415559
1467,0,1.191909135,1.035394360
1468,0,-0.000000000,0.000000000
1469,0,1.000000000,1.000000000
1470,0,-0.000000000,0.000000000
1471,0,1.000000000,1.000000000
1472,0,1.021928095,0.400000000
1473,0,0.999984960,0.995433790
1474,0,-0.000000000,0.000000000
1475,0,1.000000000,1.000000000
1476,0,1.021928095,0.400000000
1477,0,1.190930197,1.032222222
1478,0,1.607093530,1.035360396
1479,0,1.195681322,1.026527180
1480,0,0.331509014,0.089595095
1481,0,0.999999836,1.000476669
1482,0,1.021928078,0.400000000
1483,0,1.044204459,1.001662202
1484,0,-0.000000000,0.000000000
1485,0,1.000000000,1.000000000
1486,0,1.870950594,1.400000000
1487,0,1.115135655,1.028571429
1488,0,1.058332487,0.420465473
1489,0,1.046279906,1.002151346
1490,0,-0.000000000,0.000000000
1491,0,1.000000000,1.000000000
1492,0,0.302292189,0.080000000
1493,0,0.999999424,0.999106345
1494,0,-0.000000000,0.000000000
1495,0,1.000000000,1.000000000
1496,0,-0.000000000,0.000000000
1497,0,1.000000000,1.000000000
1498,0,1.021928095,0.400000000
1499,0,0.999984960,1.004566210
1500,0,-0.000000000,0.000000000
1501,0,1.000000000,1.000000000
1502,0,1.021928095,0.400000000
1503,0,0.999984960,0.995433790
1504,0,-0.000000000,0.000000000
1505,0,1.000000000,1.000000000
1506,0,0.302292189,0.080000000
1507,0,1.050654972,1.006444444
1508,0,1.035616201,0.407633189
1509,0,1.045017245,1.002266287
1510,0,1.033850329,0.406641487
1511,0,1.044887162,1.001904343
1512,0,-0.000000000,0.000000000
1513,0,1.000000000,1.000000000
1514,0,1.500000000,2.000000000
1515,0,0.999525689,0.974358974
1516,0,1.021880664,0.400000000
1517,0,1.044002673,1.011284840
1518,0,1.033554789,0.406481853
1519,0,0.999983618,0.995234497
1520,0,1.021926457,0.400000000
1521,0,1.658623963,1.145354569
1522,0,1.346093387,0.604889640
1523,0,0.999950218,0.991692683
1524,0,0.302291193,0.080000000
1525,0,1.050722865,1.006089305
1526,0,0.307957757,0.081841056
1527,0,0.999999527,1.000810107
1528,0,-0.000000000,0.000000000
1529,0,1.000000000,1.000000000
1530,0,1.021928095,0.400000000
1531,0,1.044208200,1.001704545
1532,0,-0.000000000,0.000000000
1533,0,1.000000000,1.000000000
1534,0,1.021928095,1.800000000
1535,0,0.999984960,1.004566210
1536,0,0.302291888,0.080000000
1537,0,0.999999320,0.999028817
1538,0,0.302292175,0.080000000
1539,0,0.999999402,0.999089856
1540,0,1.021928035,0.400000000
1541,0,0.999984435,1.004645153
1542,0,1.021926538,0.400000000
1543,0,1.190786292,1.031762868
1544,0,-0.000000000,0.000000000
1545,0,1.000000000,1.000000000
1546,0,-0.000000000,0.000000000
1547,0,1.000000000,1.000000000
1548,0,-0.000000000,0.000000000
1549,0,1.000000000,1.000000000
1550,0,-0.000000000,0.000000000
1551,0,1.000000000,1.000000000
1552,0,1.021928095,0.400000000
1553,0,1.044208200,1.001704545
1554,0,1.033603662,0.406505016
1555,0,1.193539062,1.032914572
1556,0,1.090271862,0.438902747
1557,0,1.207052473,1.038637215
1558,0,-0.000000000,0.000000000
1559,0,1.000000000,1.000000000
1560,0,1.021928095,0.400000000
1561,0,1.190930197,1.032222222
1562,0,0.330757837,0.089359612
1563,0,1.236778896,1.048103358
1564,0,1.109418321,0.450144994
1565,0,0.999999234,1.001030214
1566,0,1.499999617,1.000000000
1567,0,1.633759654,1.160601728
1568,0,1.330385628,0.593427685
1569,0,1.064035434,1.001009984
1570,0,1.039894570,1.796197857
1571,0,0.999992794,0.996839297
1572,0,1.499996397,1.000000000
1573,0,1.633519138,1.156819837
1574,0,1.330313818,0.593369525
1575,0,1.267081838,1.063673110
1576,0,1.932295523,2.044820058
1577,0,1.478385524,1.127981912
1578,0,-0.000000000,0.000000000
1579,0,1.000000000,1.000000000
1580,0,1.500000000,2.000000000
1581,0,0.999525689,0.974358974
1582,0,-0.000000000,0.000000000
1583,0,1.000000000,1.000000000
1584,0,1.021928095,0.400000000
1585,0,1.190930197,1.032222222
1586,0,1.089151666,0.438252490
1587,0,1.048237665,1.007493312
1588,0,-0.000000000,0.000000000
1589,0,1.000000000,1.000000000
1590,0,1.870950594,2.000000000
1591,0,1.508326883,1.208333333
1592,0,2.498494282,1.660768957
1593,0,1.639451599,1.038055023
1594,0,1.321655498,1.741739875
1595,0,1.065892995,1.054137080
1596,0,1.006083804,0.560613765
1597,0,0.963103669,0.774807581
1598,0,-0.000000000,0.000000000
1599,0,1.000000000,1.000000000
1600,0,-0.000000000,0.000000000
1601,0,1.000000000,1.000000000
1602,0,1.021928095,0.400000000
1603,0,0.999984960,0.995433790
1604,0,0.302291888,0.080000000
1605,0,1.050617556,1.006295282
1606,0,1.035606365,0.407628479
1607,0,1.045015437,1.002252270
1608,0,-0.000000000,0.000000000
1609,0,1.000000000,1.000000000
1610,0,1.021928095,1.800000000
1611,0,1.044208200,1.009090909
1612,0,-0.000000000,0.000000000
1613,0,1.000000000,1.000000000
1614,0,0.302292189,0.080000000
1615,0,1.050654972,1.006222222
1616,0,1.035616201,0.407633189
1617,0,1.045017245,1.002266287
1618,0,1.033850329,2.000400905
1619,0,1.193613579,1.032990574
1620,0,1.090301794,0.438919779
1621,0,0.999995841,0.997598822
1622,0,1.021927679,0.400000000
1623,0,1.044189323,1.001491245
1624,0,1.879440012,2.001014800
1625,0,1.116308194,1.005758584
1626,0,-0.000000000,0.000000000
1627,0,1.000000000,1.000000000
1628,0,1.500000000,2.000000000
1629,0,2.242595798,1.620000000
1630,0,1.960530610,1.791118274
1631,0,1.859999968,1.145982482
1632,0,-0.000000000,0.000000000
1633,0,1.000000000,1.000000000
1634,0,-0.000000000,0.000000000
1635,0,1.000000000,1.000000000
1636,0,0.302292189,0.080000000
1637,0,1.216063438,1.041991342
1638,0,-0.000000000,0.000000000
1639,0,1.000000000,1.000000000
1640,0,0.302292189,0.080000000
1641,0,0.999999424,0.999106345
1642,0,1.870950422,1.400000000
1643,0,0.999843298,1.014738642
1644,0,-0.000000000,0.000000000
1645,0,1.000000000,1.000000000
1646,0,-0.000000000,0.000000000
1647,0,1.000000000,1.000000000
1648,0,1.021928095,1.800000000
1649,0,0.999984960,1.004566210
1650,0,1.021926591,0.400000000
1651,0,1.044172237,1.001298926
1652,0,1.525648449,2.004356901
1653,0,1.183464470,1.010476177
1654,0,0.329422150,0.088908788
1655,0,0.999999483,1.000846440
1656,0,1.021928043,0.400000000
1657,0,0.999984472,1.004639628
1658,0,1.870945936,2.002783777
1659,0,0.999820615,1.015769272
1660,0,-0.000000000,0.000000000
1661,0,1.000000000,1.000000000
1662,0,0.302292189,0.080000000
1663,0,1.010784836,1.000334821
1664,0,-0.000000000,0.000000000
1665,0,1.000000000,1.000000000
1666,0,-0.000000000,0.000000000
1667,0,1.000000000,1.000000000
1668,0,0.302292189,0.080000000
1669,0,1.010784836,1.001785714
1670,0,1.024228392,0.401277276
1671,0,1.044337928,1.001732399
1672,0,1.033643524,0.406527170
1673,0,0.999985146,0.995462112
1674,0,-0.000000000,0.000000000
1675,0,1.000000000,1.000000000
1676,0,1.500000000,2.000000000
1677,0,0.999525689,1.025641026
1678,0,1.021880664,0.400000000
1679,0,1.190129033,1.033162393
1680,0,-0.000000000,0.000000000
1681,0,1.000000000,1.000000000
1682,0,-0.000000000,0.000000000
1683,0,1.000000000,1.000000000
1684,0,1.500000000,1.000000000
1685,0,0.999525689,1.025641026
1686,0,1.870808301,1.200000000
1687,0,1.114450387,0.998199573
1688,0,1.895307430,1.391903555
1689,0,1.118550294,1.030652965
1690,0,0.318041472,0.085142873
1691,0,0.999999418,0.999101400
1692,0,0.302292177,0.080000000
1693,0,0.999999404,1.000908912
1694,0,1.021928035,1.800000000
1695,0,1.044201063,1.001623805
1696,0,0.307943965,0.081773273
1697,0,1.040232387,1.010518339
1698,0,1.899528110,1.919914318
1699,0,1.559245166,1.024034884
1700,0,2.196604863,1.433544789
1701,0,1.722358675,1.105662087
1702,0,1.453973790,0.952246844
1703,0,0.967587892,0.401129748
1704,0,1.815142686,1.437535513
1705,0,-0.000000000,0.000000000
1706,0,0.282292189,0.080000000
1707,0,-0.000000000,0.000000000
1708,0,-0.000000000,0.000000000
1709,0,0.503258335,0.222222222
1710,0,0.721928095,0.400000000
1711,0,-0.000000000,0.000000000
1712,0,0.503258335,0.222222222
1713,0,1.019386443,1.217391304
1714,0,-0.000000000,0.000000000
1715,0,0.143726170,0.040816327
1716,0,0.161893568,0.047457627
1717,0,0.304746306,0.088260602
1718,0,1.027961507,1.021802222
1719,0,-0.000000000,0.000000000
1720,0,0.143726170,0.040816327
1721,0,-0.000000000,0.000000000
1722,0,0.143726170,0.040816327
1723,0,0.023187512,0.004535147
1724,0,0.145750730,0.041543027
1725,0,0.023541519,0.004615892
1726,0,0.508706240,0.225870282
1727,0,0.021826721,0.004226984
1728,0,0.021514138,0.004156703
1729,0,0.145396698,0.041415705
1730,0,0.162159598,0.047556873
1731,0,0.005555375,0.000882626
1732,0,-0.000000000,0.000000000
1733,0,-0.000000000,0.000000000
1734,0,0.143726170,0.040816327
1735,0,0.023187512,0.004535147
1736,0,0.989107139,1.134160090
1737,0,0.069819599,0.016750819
1738,0,0.997699045,1.111214542
1739,0,-0.000000000,0.000000000
1740,0,0.143726170,0.040816327
1741,0,-0.000000000,0.000000000
1742,0,-0.000000000,0.000000000
1743,0,-0.000000000,0.000000000
1744,0,0.143726170,0.040816327
1745,0,-0.000000000,0.000000000
1746,0,0.143726170,0.040816327
1747,0,0.004850167,0.000757289
1748,0,0.985956528,0.858710044
1749,0,0.276640140,0.095443966
1750,0,1.026359033,0.978406422
1751,0,-0.000000000,0.000000000
1752,0,0.503258335,0.222222222
1753,0,0.095970403,0.024691358
1754,0,-0.000000000,0.000000000
1755,0,-0.000000000,0.000000000
1756,0,0.503258335,0.222222222
1757,0,0.021519932,0.004158004
1758,0,0.145582434,0.041482489
1759,0,0.023512068,0.004609165
1760,0,0.145783759,0.041554910
1761,0,0.023547299,0.004617212
1762,0,-0.000000000,0.000000000
1763,0,-0.000000000,0.000000000
1764,0,-0.000000000,0.000000000
1765,0,-0.000000000,0.000000000
1766,0,0.143726170,0.040816327
1767,0,0.023187512,0.004535147
1768,0,0.145750730,0.041543027
1769,0,0.004926853,0.000770798
1770,0,-0.000000000,0.000000000
1771,0,-0.000000000,0.000000000
1772,0,0.143726170,0.040816327
1773,0,0.004850167,0.000757289
1774,0,0.144064358,0.040937481
1775,0,0.004862963,0.000759541
1776,0,0.144065364,0.040937841
1777,0,0.023246779,0.004548649
1778,0,0.508627202,0.225817125
1779,0,-0.000000000,0.000000000
1780,0,-0.000000000,0.000000000
1781,0,-0.000000000,0.000000000
1782,0,0.143726170,0.040816327
1783,0,0.023187512,0.004535147
1784,0,0.508611331,0.225806452
1785,0,0.097226916,0.025089606
1786,0,-0.000000000,0.000000000
1787,0,-0.000000000,0.000000000
1788,0,0.143726170,0.040816327
1789,0,0.023187512,0.004535147
1790,0,0.989107139,1.134160090
1791,0,0.278841263,0.096465232
1792,0,0.608402429,0.298852339
1793,0,-0.000000000,0.000000000
1794,0,0.503258335,0.222222222
1795,0,0.021519932,0.004158004
1796,0,0.508167846,0.225508318
1797,0,-0.000000000,0.000000000
1798,0,-0.000000000,0.000000000
1799,0,-0.000000000,0.000000000
1800,0,0.143726170,0.040816327
1801,0,0.004850167,0.000757289
1802,0,0.504155247,0.222820599
1803,0,-0.000000000,0.000000000
1804,0,-0.000000000,0.000000000
1805,0,-0.000000000,0.000000000
1806,0,0.143726170,0.040816327
1807,0,0.023187512,0.004535147
1808,0,0.145750730,0.041543027
1809,0,0.023541519,0.004615892
1810,0,-0.000000000,0.000000000
1811,0,-0.000000000,0.000000000
1812,0,0.503258335,0.222222222
1813,0,0.021519932,0.004158004
1814,0,0.145582434,0.041482489
1815,0,-0.000000000,0.000000000
1816,0,0.503258335,0.222222222
1817,0,-0.000000000,0.000000000
1818,0,0.143726170,0.040816327
1819,0,0.023187512,0.004535147
1820,0,-0.000000000,0.000000000
1821,0,-0.000000000,0.000000000
1822,0,0.143726170,0.040816327
1823,0,-0.000000000,0.000000000
1824,0,0.985228136,0.857142857
1825,0,0.069054382,0.016528926
1826,0,0.151096971,0.043478261
1827,0,0.024479319,0.004830918
1828,0,0.145882706,0.041590516
1829,0,0.004931859,0.000771681
1830,0,0.504172280,0.222831971
1831,0,0.021571260,0.004169532
1832,0,-0.000000000,0.000000000
1833,0,1.000000000,1.000000000
1834,0,-0.000000000,0.000000000
1835,0,0.921928095,0.400000000
1836,0,-0.000000000,0.000000000
1837,0,0.503258335,0.222222222
1838,0,0.242292189,0.080000000
1839,0,-0.000000000,0.000000000
1840,0,0.143726170,0.040816327
1841,0,-0.000000000,0.000000000
1842,0,0.143726170,0.040816327
1843,0,0.161893568,0.047457627
1844,0,0.557189567,0.259818731
1845,0,0.751415328,0.430517711
1846,0,-0.000000000,0.000000000
1847,0,1.570950594,1.200000000
1848,0,0.989934585,0.468085106
1849,0,1.049143443,1.149245514
1850,0,0.309147384,0.082324061
1851,0,1.011374544,1.003355272
1852,0,0.303291742,1.959870823
1853,0,1.050865513,1.006189232
1854,0,1.880871218,1.212179563
1855,0,0.999877894,1.013010378
1856,0,1.021915884,1.800000000
1857,0,1.657860431,1.188279798
1858,0,-0.000000000,0.000000000
1859,0,1.000000000,1.000000000
1860,0,0.302292189,0.080000000
1861,0,1.050654972,1.006444444
1862,0,-0.000000000,0.000000000
1863,0,1.000000000,1.000000000
1864,0,0.302292189,0.080000000
1865,0,1.050654972,1.006444444
1866,0,1.035616201,1.796983858
1867,0,0.999987577,1.004149988
1868,0,1.021926853,0.400000000
1869,0,1.044175527,1.001335899
1870,0,0.307111240,0.081565392
1871,0,1.010978832,1.000356399
1872,0,-0.000000000,0.000000000
1873,0,1.000000000,1.000000000
1874,0,1.021928095,0.400000000
1875,0,1.190930197,1.032222222
1876,0,0.330757837,0.089359612
1877,0,1.011981691,1.001497894
1878,0,0.303357090,0.080345054
1879,0,1.010828967,1.001778779
1880,0,1.024239001,0.401283118
1881,0,0.999985004,0.995440485
1882,0,0.302291889,0.080000000
1883,0,1.010776708,1.001862378
1884,0,-0.000000000,0.000000000
1885,0,1.000000000,1.000000000
1886,0,1.021928095,0.400000000
1887,0,0.999984960,0.995433790
1888,0,1.021926591,0.400000000
1889,0,0.999982237,1.004962262
1890,0,1.021926319,0.400000000
1891,0,0.999981991,0.995003387
1892,0,-0.000000000,0.000000000
1893,0,1.000000000,1.000000000
1894,0,0.302292189,0.080000000
1895,0,0.999999424,1.000893655
1896,0,1.021928037,0.400000000
1897,0,1.190902555,1.032133850
1898,0,-0.000000000,0.000000000
1899,0,1.000000000,1.000000000
1900,0,-0.000000000,0.000000000
1901,0,1.000000000,1.000000000
1902,0,-0.000000000,0.000000000
1903,0,1.000000000,1.000000000
1904,0,1.021928095,0.400000000
1905,0,1.190930197,1.032222222
1906,0,0.330757837,2.001234291
1907,0,1.056035831,1.007849597
1908,0,1.882055682,1.213622489
1909,0,1.448159606,1.100650360
1910,0,1.217872767,0.517237765
1911,0,1.056420306,1.010856161
1912,0,-0.000000000,0.000000000
1913,0,1.000000000,1.000000000
1914,0,0.302292189,0.080000000
1915,0,0.999999424,0.999106345
1916,0,0.302292178,0.080000000
1917,0,0.999999404,0.999091172
1918,0,1.870950416,1.999454703
1919,0,1.115112659,1.005103373
1920,0,1.058327016,0.420462730
1921,0,1.199089373,1.034371413
1922,0,0.332291172,0.089870064
1923,0,0.999999851,1.000454208
1924,0,1.870950550,2.000272525
1925,0,0.999845858,1.014617729
1926,0,-0.000000000,0.000000000
1927,0,1.000000000,1.000000000
1928,0,1.500000000,1.000000000
1929,0,1.633875355,1.161111111
1930,0,-0.000000000,0.000000000
1931,0,1.000000000,1.000000000
1932,0,-0.000000000,0.000000000
1933,0,1.000000000,1.000000000
1934,0,0.302292189,0.080000000
1935,0,0.999999424,0.999106345
1936,0,-0.000000000,0.000000000
1937,0,1.000000000,1.000000000
1938,0,1.021928095,0.400000000
1939,0,0.999984960,1.004566210
1940,0,0.302291888,0.080000000
1941,0,1.215909959,1.041839962
1942,0,1.100135266,0.444705150
1943,0,1.048938783,1.006895044
1944,0,1.528797232,1.994569330
1945,0,1.576359247,1.218271885
1946,0,2.043079296,1.729030654
1947,0,0.989524849,0.879640277
1948,0,-0.000000000,0.000000000
1949,0,1.000000000,1.000000000
1950,0,1.021928095,2.000000000
1951,0,1.044208200,1.009090909
1952,0,-0.000000000,0.000000000
1953,0,1.000000000,1.000000000
1954,0,1.021928095,0.400000000
1955,0,1.044208200,1.009090909
1956,0,0.307114252,0.081566298
1957,0,1.051532863,1.006328340
1958,0,1.624435490,1.993993248
1959,0,1.679973755,2.927240536
1960,0,2.010224637,1.898421793
1961,0,1.544243927,1.080192615
1962,0,0.417352637,0.119476924
1963,0,1.302472027,1.071765739
1964,0,1.139763234,0.468184404
1965,0,1.051667155,1.010210700
1966,0,0.308060205,0.081872427
1967,0,1.011035381,1.000536269
1968,0,0.303262892,0.080314630
1969,0,0.999999429,1.000889358
1970,0,0.302292178,2.000035574
1971,0,1.050647690,1.006236452
1972,0,1.035614286,1.796983604
1973,0,0.999987561,1.004152630
1974,0,0.302291940,0.080000000
1975,0,0.999999329,0.999035839
1976,0,0.302292176,0.080000000
1977,0,0.999999403,1.000910025
1978,0,1.021928035,0.400000000
1979,0,1.190902048,1.031183913
1980,0,1.913418230,1.385406573
1981,0,0.999958840,1.007553722
1982,0,-0.000000000,0.000000000
1983,0,1.000000000,1.000000000
1984,0,1.021928095,1.800000000
1985,0,1.659062487,1.888235294
1986,0,2.005473110,1.913541892
1987,0,1.539276972,1.085016908
1988,0,0.415990057,0.118973833
1989,0,1.015851741,0.998853325
1990,0,0.303750508,0.080471749
1991,0,0.999999522,1.000813795
1992,0,-0.000000000,0.000000000
1993,0,1.000000000,1.000000000
1994,0,0.302292189,0.080000000
1995,0,1.050654972,1.006222222
1996,0,1.035616201,0.407633189
1997,0,0.999987577,0.995850012
1998,0,-0.000000000,0.000000000
1999,0,1.000000000,1.000000000
2000,0,1.021928095,0.400000000
2001,0,1.044208200,1.009090909
2002,0,-0.000000000,0.000000000
2003,0,1.000000000,1.000000000
2004,0,-0.000000000,0.000000000
2005,0,1.000000000,1.000000000
2006,0,1.021928095,0.400000000
2007,0,1.190930197,1.031111111
2008,0,1.089151666,1.993946580
2009,0,1.048237665,1.007493312
2010,0,1.034841150,0.407190250
2011,0,1.044963014,1.008884646
2012,0,0.307209479,0.081597152
2013,0,1.051554197,1.006616989
2014,0,1.035900438,2.001249619
2015,0,1.194196035,1.033508779
2016,0,1.090539107,2.006415554
2017,0,1.516677131,1.575260673
2018,0,1.534182605,1.174672486
2019,0,0.988629755,1.125383624
2020,0,1.020791070,0.400000000
2021,0,1.045088013,0.998356530
2022,0,0.307202897,0.081593678
2023,0,0.999999671,0.999325012
2024,0,0.302292183,0.080000000
2025,0,0.999999409,1.000905115
2026,0,-0.000000000,0.000000000
2027,0,1.000000000,1.000000000
2028,0,0.302292189,0.080000000
2029,0,0.999999424,1.000893655
2030,0,-0.000000000,0.000000000
2031,0,1.000000000,1.000000000
2032,0,1.500000000,1.000000000
2033,0,0.999525689,1.025641026
2034,0,0.302282703,0.080000000
2035,0,0.999998726,1.001328995
2036,0,0.302292164,0.080000000
2037,0,0.999999394,1.000916220
2038,0,1.021928034,0.400000000
2039,0,1.190901856,1.032131618
2040,0,-0.000000000,0.000000000
2041,0,1.000000000,1.000000000
2042,0,1.500000000,1.000000000
2043,0,1.633875355,1.161111111
2044,0,-0.000000000,0.000000000
2045,0,1.000000000,1.000000000
2046,0,0.302292189,0.080000000
2047,0,0.999999424,0.999106345
2048,0,1.870950422,1.400000000
2049,0,1.115113043,1.028811558
2050,0,0.317488300,0.084961833
2051,0,0.999999428,0.999109293
2052,0,-0.000000000,0.000000000
2053,0,1.000000000,1.000000000
2054,0,1.021928095,2.000000000
2055,0,0.999984960,1.004566210
2056,0,1.021926591,0.400000000
2057,0,1.044172237,1.001298926
2058,0,-0.000000000,0.000000000
2059,0,1.000000000,1.000000000
2060,0,0.302292189,0.080000000
2061,0,1.010784836,1.000334821
2062,0,-0.000000000,0.000000000
2063,0,1.000000000,1.000000000
2064,0,1.870950594,1.400000000
2065,0,2.101710523,1.461904762
2066,0,1.922828068,2.296834396
2067,0,1.837447426,1.370175697
2068,0,1.454295902,0.691615987
2069,0,1.075181887,1.056725067
2070,0,-0.000000000,0.000000000
2071,0,1.000000000,1.000000000
2072,0,1.021928095,0.400000000
2073,0,1.659062487,1.145098039
2074,0,0.459121683,0.134821453
2075,0,1.017608339,1.004069166
2076,0,0.303938530,0.080532790
2077,0,1.010858780,1.000416010
2078,0,0.303245567,0.080309047
2079,0,1.050829216,1.006477813
2080,0,0.307973678,0.081846394
2081,0,0.999999522,1.000814364
2082,0,-0.000000000,0.000000000
2083,0,1.000000000,1.000000000
2084,0,-0.000000000,0.000000000
2085,0,1.000000000,1.000000000
2086,0,1.870950594,2.000000000
2087,0,1.115135655,1.005357143
2088,0,0.317490439,0.084962493
2089,0,0.999999434,1.000885826
2090,0,-0.000000000,0.000000000
2091,0,1.000000000,1.000000000
2092,0,1.021928095,0.400000000
2093,0,0.999984960,0.995433790
2094,0,0.302291888,0.080000000
2095,0,1.050617556,1.006354135
2096,0,1.880804931,2.003906627
2097,0,0.999876298,0.986904882
2098,0,1.021915725,0.400000000
2099,0,1.657852552,1.188267313
2100,0,1.345812883,1.718879348
2101,0,1.065224405,0.999321029
2102,0,1.040284196,1.995947240
2103,0,0.999993699,1.002955562
2104,0,0.302292063,0.080000000
2105,0,1.010779570,1.000283252
2106,0,0.303237981,0.080306619
2107,0,0.999999423,1.000894169
2108,0,1.021928037,0.400000000
2109,0,0.999984444,1.004643767
2110,0,-0.000000000,0.000000000
2111,0,1.000000000,1.000000000
2112,0,-0.000000000,0.000000000
2113,0,1.000000000,1.000000000
2114,0,0.302292189,1.960000000
2115,0,1.050654972,1.006444444
2116,0,0.307950877,0.081838984
2117,0,1.011021502,1.000446708
2118,0,-0.000000000,0.000000000
2119,0,1.000000000,1.000000000
2120,0,-0.000000000,0.000000000
2121,0,1.000000000,1.000000000
2122,0,-0.000000000,0.000000000
2123,0,1.000000000,1.000000000
2124,0,-0.000000000,0.000000000
2125,0,1.000000000,1.000000000
2126,0,0.302292189,0.080000000
2127,0,0.999999424,0.999106345
2128,0,0.302292178,0.080000000
2129,0,1.010783244,1.000319229
2130,0,0.303437698,0.080347285
2131,0,1.046605289,1.010673430
2132,0,1.591497269,1.045303393
2133,0,1.700384278,1.214741913
2134,0,2.027498949,2.126704884
2135,0,1.564372114,1.194532548
2136,0,0.032359453,0.020416560
2137,0,1.066253786,1.070082708
2138,0,1.087674087,0.472118570
2139,0,1.146732424,1.197914414
2140,0,0.307900758,0.083435976
2141,0,1.021347195,1.019226375
2142,0,0.048378708,0.042855044
2143,0,1.007902097,1.004076371
2144,0,0.307730297,0.083405577
2145,0,1.055015363,1.009520802
2146,0,1.040002415,1.799685593
2147,0,1.198408352,1.037001960
2148,0,1.609665514,1.036571438
2149,0,1.681891713,1.198433416
2150,0,0.000127873,0.000055022
2151,0,1.000124456,1.000060371
2152,0,0.302418197,0.080066841
2153,0,1.216086487,1.042000999
2154,0,0.335608296,0.090983016
2155,0,1.056995427,1.008182779
2156,0,-0.000000000,0.000000000
2157,0,1.000000000,1.000000000
2158,0,0.302292189,0.080000000
2159,0,0.999999424,1.000893655
2160,0,1.499999712,1.000000000
2161,0,1.537979389,1.260007612
2162,0,1.256818974,1.549499148
2163,0,1.486990466,1.043159238
2164,0,0.604298117,0.560995902
2165,0,1.618439022,3.295019730
2166,0,1.019010726,2.903719907
2167,0,1.707879551,1.805783570
2168,0,0.539184822,0.254923612
2169,0,1.352602073,1.136996944
2170,0,0.369465242,0.109092446
2171,0,1.034692890,1.018811892
2172,0,1.530617305,2.006294645
2173,0,1.645130827,1.167248174
2174,0,1.338254380,0.598227932
2175,0,1.271417050,1.066799082
2176,0,2.002827253,2.227770681
2177,0,1.303971354,1.083555168
2178,0,1.149031477,1.786733790
2179,0,1.055994377,1.014706867
2180,0,0.001432276,0.000969378
2181,0,1.000182529,1.000096946
2182,0,1.870962709,1.400003950
2183,0,1.115139617,1.005358496
2184,0,1.058334485,0.420466078
2185,0,0.999985932,1.004485016
2186,0,1.499992761,2.004484935
2187,0,0.999441543,1.027822796
2188,0,1.021872262,0.400000003
2189,0,1.043984787,0.999233246
2190,0,0.307093972,0.081560227
2191,0,1.010973798,1.000314360
2192,0,1.872787355,2.000217136
2193,0,1.443530077,1.097000927
2194,0,1.215494031,0.515692049
2195,0,1.056244643,1.004217302
2196,0,0.322250073,0.086882860
2197,0,1.078799304,1.013404845
2198,0,1.077703599,1.806643648
2199,0,1.078256810,1.020388811
2200,0,1.899928585,2.002580666
2201,0,1.583918420,1.066307784
2202,0,1.603074712,1.115060822
2203,0,1.170551013,0.628924661
2204,0,0.910742230,0.381252197
2205,0,0.030716414,0.006300295
2206,0,0.033573968,0.006994820
2207,0,0.033561505,0.006991763
2208,0,0.150583405,0.041919826
2209,0,0.549869048,0.254515317
2210,0,1.011540059,1.257106928
2211,0,0.945672977,1.272695878
2212,0,0.791839080,0.476167507
2213,0,0.886529474,0.608676504
2214,0,0.949450197,0.736837429
2215,0,-0.000000000,0.000000000
2216,0,0.143726170,0.040816327
2217,0,0.161893568,0.047457627
2218,0,-0.000000000,0.000000000
2219,0,0.282292189,0.080000000
2220,0,-0.000000000,0.000000000
2221,0,-0.000000000,0.000000000
2222,0,0.143726170,0.040816327
2223,0,0.004850167,0.000757289
2224,0,0.504155247,0.222820599
2225,0,0.021570303,0.004169317
2226,0,0.508181153,0.225517261
2227,0,0.021797064,0.004220308
2228,0,0.508241130,0.225557569
2229,0,0.021800451,0.004221070
2230,0,0.145610578,0.041492611
2231,0,0.004921539,0.000769861
2232,0,-0.000000000,0.000000000
2233,0,-0.000000000,0.000000000
2234,0,0.143726170,0.040816327
2235,0,0.023187512,0.004535147
2236,0,0.022832202,0.004454343
2237,0,0.990576118,1.135285737
2238,0,0.460806999,0.194867136
2239,0,-0.000000000,0.000000000
2240,0,-0.000000000,0.000000000
2241,0,-0.000000000,0.000000000
2242,0,0.143726170,0.040816327
2243,0,-0.000000000,0.000000000
2244,0,0.503258335,0.222222222
2245,0,0.095970403,0.024691358
2246,0,0.154729451,0.044806517
2247,0,0.005269238,0.000831475
2248,0,0.025047739,0.004962033
2249,0,0.145720293,0.041532077
2250,0,1.010893628,1.066712617
2251,0,-0.000000000,0.000000000
2252,0,0.143726170,0.040816327
2253,0,-0.000000000,0.000000000
2254,0,-0.000000000,0.000000000
2255,0,-0.000000000,0.000000000
2256,0,-0.000000000,0.000000000
2257,0,-0.000000000,0.000000000
2258,0,0.503258335,0.222222222
2259,0,-0.000000000,0.000000000
2260,0,-0.000000000,0.000000000
2261,0,-0.000000000,0.000000000
2262,0,-0.000000000,0.000000000
2263,0,-0.000000000,0.000000000
2264,0,0.985228136,0.857142857
2265,0,0.276195428,0.095238095
2266,0,0.607171655,0.297872340
2267,0,0.442128997,0.183406114
2268,0,0.225031637,0.072586873
2269,0,-0.000000000,0.000000000
2270,0,0.503258335,0.222222222
2271,0,0.021519932,0.004158004
2272,0,0.508167846,0.225508318
2273,0,0.021796313,0.004220139
2274,0,0.508240931,0.225557435
2275,0,0.097139769,0.025061937
2276,0,0.154894264,0.044867038
2277,0,-0.000000000,0.000000000
2278,0,-0.000000000,0.000000000
2279,0,-0.000000000,0.000000000
2280,0,0.143726170,0.040816327
2281,0,0.023187512,0.004535147
2282,0,0.508611331,0.225806452
2283,0,0.021821359,0.004225777
2284,0,0.145612678,0.041493366
2285,0,0.023517360,0.004610374
2286,0,0.508699755,0.225865920
2287,0,0.097247725,0.025096213
2288,0,0.532341533,0.242079014
2289,0,0.023181404,0.004533756
2290,0,0.145750109,0.041542803
2291,0,-0.000000000,0.000000000
2292,0,-0.000000000,0.000000000
2293,0,-0.000000000,0.000000000
2294,0,0.143726170,0.040816327
2295,0,-0.000000000,0.000000000
2296,0,0.503258335,0.222222222
2297,0,0.095970403,0.024691358
2298,0,0.154729451,0.044806517
2299,0,0.005269238,0.000831475
2300,0,0.144097486,0.040949353
2301,0,0.004864217,0.000759762
2302,0,0.504158174,0.222822553
2303,0,-0.000000000,0.000000000
2304,0,-0.000000000,0.000000000
2305,0,0.143726170,0.040816327
2306,0,0.161893568,0.047457627
2307,0,-0.000000000,0.000000000
2308,0,-0.000000000,0.000000000
2309,0,-0.000000000,0.000000000
2310,0,0.985228136,0.857142857
2311,0,0.276195428,0.095238095
2312,0,0.607171655,0.297872340
2313,0,-0.000000000,0.000000000
2314,0,0.143726170,0.040816327
2315,0,0.004850167,0.000757289
2316,0,0.144064358,0.040937481
2317,0,0.023246603,0.004548609
2318,0,-0.000000000,0.000000000
2319,0,-0.000000000,0.000000000
2320,0,0.503258335,1.777777778
2321,0,0.021519932,0.004158004
2322,0,-0.000000000,0.000000000
2323,0,-0.000000000,0.000000000
2324,0,0.143726170,0.040816327
2325,0,-0.000000000,0.000000000
2326,0,0.143726170,0.040816327
2327,0,0.004850167,0.000757289
2328,0,0.144064358,0.040937481
2329,0,-0.000000000,0.000000000
2330,0,-0.000000000,0.000000000
2331,0,-0.000000000,0.000000000
2332,0,-0.000000000,0.000000000
2333,0,-0.000000000,0.000000000
2334,0,-0.000000000,0.000000000
2335,0,-0.000000000,0.000000000
2336,0,0.503258335,0.222222222
2337,0,0.095970403,0.024691358
2338,0,0.154729451,0.044806517
2339,0,-0.000000000,0.000000000
2340,0,0.503258335,0.222222222
2341,0,0.021519932,0.004158004
2342,0,-0.000000000,0.000000000
2343,0,-0.000000000,0.000000000
2344,0,-0.000000000,0.000000000
2345,0,-0.000000000,0.000000000
2346,0,-0.000000000,0.000000000
2347,0,-0.000000000,0.000000000
2348,0,-0.000000000,0.000000000
2349,0,0.143726170,0.040816327
2350,0,1.010576317,0.937586685
2351,0,0.298607904,0.105808361
2352,0,0.617689847,1.693681773
2353,0,-0.000000000,0.000000000
2354,0,0.503258335,0.222222222
2355,0,-0.000000000,0.000000000
2356,0,-0.000000000,0.000000000
2357,0,-0.000000000,0.000000000
2358,0,0.143726170,0.040816327
2359,0,-0.000000000,0.000000000
2360,0,-0.000000000,0.000000000
2361,0,-0.000000000,0.000000000
2362,0,0.143726170,0.040816327
2363,0,0.102899790,0.026905830
2364,0,-0.000000000,0.000000000
2365,0,-0.000000000,0.000000000
2366,0,0.143726170,0.040816327
2367,0,0.004850167,0.000757289
2368,0,0.504155247,1.777179401
2369,0,0.021570303,0.004169317
2370,0,-0.000000000,0.000000000
2371,0,-0.000000000,0.000000000
2372,0,0.143726170,0.040816327
2373,0,-0.000000000,0.000000000
2374,0,0.503258335,0.222222222
2375,0,0.021519932,0.004158004
2376,0,-0.000000000,0.000000000
2377,0,-0.000000000,0.000000000
2378,0,0.143726170,0.040816327
2379,0,-0.000000000,0.000000000
2380,0,-0.000000000,0.000000000
2381,0,-0.000000000,0.000000000
2382,0,0.143726170,0.040816327
2383,0,-0.000000000,0.000000000
2384,0,0.503258335,0.222222222
2385,0,-0.000000000,0.000000000
2386,0,0.503258335,0.222222222
2387,0,0.021519932,0.004158004
2388,0,-0.000000000,0.000000000
2389,0,-0.000000000,0.000000000
2390,0,0.985228136,1.142857143
2391,0,0.276195428,0.095238095
2392,0,-0.000000000,0.000000000
2393,0,-0.000000000,0.000000000
2394,0,-0.000000000,0.000000000
2395,0,-0.000000000,0.000000000
2396,0,-0.000000000,0.000000000
2397,0,-0.000000000,0.000000000
2398,0,0.143726170,0.040816327
2399,0,-0.000000000,0.000000000
2400,0,-0.000000000,0.000000000
2401,0,-0.000000000,0.000000000
2402,0,-0.000000000,0.000000000
2403,0,-0.000000000,0.000000000
2404,0,-0.000000000,0.000000000
2405,0,0.503258335,0.222222222
2406,0,-0.000000000,0.000000000
2407,0,-0.000000000,0.000000000
2408,0,0.143726170,0.040816327
2409,0,0.023187512,0.004535147
2410,0,0.989107139,0.866484136
2411,0,0.278841263,0.096465232
2412,0,0.217935954,0.069606719
2413,0,-0.000000000,0.000000000
2414,0,-0.000000000,0.000000000
2415,0,-0.000000000,0.000000000
2416,0,-0.000000000,0.000000000
2417,0,-0.000000000,0.000000000
2418,0,0.143726170,0.040816327
2419,0,-0.000000000,0.000000000
2420,0,-0.000000000,0.000000000
2421,0,-0.000000000,0.000000000
2422,0,-0.000000000,0.000000000
2423,0,-0.000000000,0.000000000
2424,0,0.143726170,0.040816327
2425,0,0.023187512,0.004535147
2426,0,0.145750730,0.041543027
2427,0,-0.000000000,0.000000000
2428,0,0.503258335,0.222222222
2429,0,-0.000000000,0.000000000
2430,0,0.985228136,0.857142857
2431,0,-0.000000000,0.000000000
2432,0,0.503258335,0.222222222
2433,0,0.021519932,0.004158004
2434,0,0.508167846,0.225508318
2435,0,-0.000000000,0.000000000
2436,0,0.985228136,1.142857143
2437,0,0.069054382,0.016528926
2438,0,-0.000000000,0.000000000
2439,0,-0.000000000,0.000000000
2440,0,0.503258335,0.222222222
2441,0,0.021519932,0.004158004
2442,0,0.145582434,0.041482489
2443,0,-0.000000000,0.000000000
2444,0,0.503258335,0.222222222
2445,0,0.095970403,0.024691358
2446,0,0.154729451,0.044806517
2447,0,-0.000000000,0.000000000
2448,0,-0.000000000,0.000000000
2449,0,-0.000000000,0.000000000
2450,0,0.503258335,0.222222222
2451,0,-0.000000000,0.000000000
2452,0,0.143726170,0.040816327
2453,0,0.023187512,0.004535147
2454,0,0.508611331,0.225806452
2455,0,0.021821359,0.004225777
2456,0,0.145612678,0.041493366
2457,0,0.004921618,0.000769875
2458,0,-0.000000000,0.000000000
2459,0,-0.000000000,0.000000000
2460,0,0.143726170,0.040816327
2461,0,0.023187512,0.004535147
2462,0,0.508611331,0.225806452
2463,0,0.021821359,0.004225777
2464,0,0.508247563,0.225561892
2465,0,0.021800814,0.004221152
2466,0,-0.000000000,0.000000000
2467,0,-0.000000000,0.000000000
2468,0,0.143726170,0.040816327
2469,0,-0.000000000,0.000000000
2470,0,-0.000000000,0.000000000
2471,0,-0.000000000,0.000000000
2472,0,-0.000000000,0.000000000
2473,0,-0.000000000,0.000000000
2474,0,-0.000000000,0.000000000
2475,0,-0.000000000,0.000000000
2476,0,0.503258335,0.222222222
2477,0,-0.000000000,0.000000000
2478,0,0.503258335,0.222222222
2479,0,-0.000000000,0.000000000
2480,0,-0.000000000,0.000000000
2481,0,-0.000000000,0.000000000
2482,0,-0.000000000,0.000000000
2483,0,-0.000000000,0.000000000
2484,0,0.143726170,0.040816327
2485,0,0.004850167,0.000757289
2486,0,0.144064358,0.040937481
2487,0,-0.000000000,0.000000000
2488,0,-0.000000000,0.000000000
2489,0,-0.000000000,0.000000000
2490,0,0.985228136,0.857142857
2491,0,-0.000000000,0.000000000
2492,0,0.985228136,0.857142857
2493,0,0.069054382,0.016528926
2494,0,0.522559375,0.235294118
2495,0,0.022615977,0.004405286
2496,0,-0.000000000,0.000000000
2497,0,-0.000000000,0.000000000
2498,0,-0.000000000,0.000000000
2499,0,-0.000000000,0.000000000
2500,0,0.143726170,0.040816327
2501,0,-0.000000000,0.000000000
2502,0,-0.000000000,0.000000000
2503,0,-0.000000000,0.000000000
2504,0,0.503258335,0.222222222
2505,0,-0.000000000,0.000000000
2506,0,0.143726170,0.040816327
2507,0,-0.000000000,0.000000000
2508,0,-0.000000000,0.000000000
2509,0,-0.000000000,0.000000000
2510,0,-0.000000000,0.000000000
2511,0,-0.000000000,0.000000000
2512,0,0.503258335,0.222222222
2513,0,0.095970403,0.024691358
2514,0,-0.000000000,0.000000000
2515,0,-0.000000000,0.000000000
2516,0,0.143726170,0.040816327
2517,0,0.023187512,0.004535147
2518,0,0.508611331,0.225806452
2519,0,-0.000000000,0.000000000
2520,0,0.143726170,1.959183673
2521,0,0.023187512,0.004535147
2522,0,-0.000000000,0.000000000
2523,0,-0.000000000,0.000000000
2524,0,0.503258335,0.222222222
2525,0,-0.000000000,0.000000000
2526,0,-0.000000000,0.000000000
2527,0,-0.000000000,0.000000000
2528,0,-0.000000000,0.000000000
2529,0,-0.000000000,0.000000000
2530,0,-0.000000000,0.000000000
2531,0,-0.000000000,0.000000000
2532,0,0.503258335,0.222222222
2533,0,0.095970403,0.024691358
2534,0,1.002458636,0.906757913
2535,0,-0.000000000,0.000000000
2536,0,0.143726170,0.040816327
2537,0,0.004850167,0.000757289
2538,0,0.144064358,0.040937481
2539,0,0.004862963,0.000759541
2540,0,0.504157912,0.222822379
2541,0,0.096181123,0.024758042
2542,0,0.089057995,0.022527131
2543,0,0.152774535,0.044090341
2544,0,0.163346504,0.048000359
2545,0,0.005601317,0.000890875
2546,0,0.504313335,0.222926159
2547,0,0.021579187,0.004171313
2548,0,0.145588373,0.041484625
2549,0,-0.000000000,0.000000000
2550,0,0.985228136,1.142857143
2551,0,-0.000000000,0.000000000
2552,0,-0.000000000,0.000000000
2553,0,-0.000000000,0.000000000
2554,0,0.503258335,0.222222222
2555,0,0.021519932,0.004158004
2556,0,0.988808991,0.865711331
2557,0,0.278622817,0.096363708
2558,0,0.186495788,0.056875532
2559,0,-0.000000000,0.000000000
2560,0,0.143726170,0.040816327
2561,0,0.023187512,0.004535147
2562,0,0.145750730,0.041543027
2563,0,0.004926853,0.000770798
2564,0,0.504171235,0.222831274
2565,0,0.021571201,0.004169519
2566,0,-0.000000000,0.000000000
2567,0,-0.000000000,0.000000000
2568,0,0.143726170,0.040816327
2569,0,-0.000000000,0.000000000
2570,0,0.985228136,1.142857143
2571,0,-0.000000000,0.000000000
2572,0,0.503258335,1.777777778
2573,0,0.593251924,0.211764706
2574,0,-0.000000000,0.000000000
2575,0,0.985228136,1.142857143
2576,0,1.485955573,2.587301587
2577,0,1.618141618,1.269229847
2578,0,0.995478167,0.920866951
2579,0,-0.000000000,0.000000000
2580,0,0.503258335,0.222222222
2581,0,-0.000000000,0.000000000
2582,0,-0.000000000,0.000000000
2583,0,-0.000000000,0.000000000
2584,0,0.143726170,0.040816327
2585,0,0.023187512,0.004535147
2586,0,0.518432243,0.228521038
2587,0,0.323844170,0.116301335
2588,0,0.011018673,0.005766381
2589,0,0.017651263,0.007684406
2590,0,1.001013174,1.000213760
2591,0,-0.000000000,0.000000000
2592,0,0.143726170,0.040816327
2593,0,0.468336219,0.199584200
2594,0,0.267116318,0.074649367
2595,0,0.571911121,0.260657900
2596,0,-0.000000000,0.000000000
2597,0,-0.000000000,0.000000000
2598,0,0.143726170,0.040816327
2599,0,-0.000000000,0.000000000
2600,0,0.143726170,0.040816327
2601,0,0.549910905,1.745454545
2602,0,1.011531924,0.770443350
2603,0,0.945660305,0.727272727
2604,0,0.528168247,0.195488722
2605,0,1.008708057,0.927054478
2606,0,0.704267959,1.745672110
2607,0,0.329002194,1.991892870
2608,0,-0.000000000,0.000000000
2609,0,0.503258335,1.777777778
2610,0,1.109110711,1.620000000
2611,0,1.474961858,0.862472657
2612,0,1.088647439,0.458836292
2613,0,1.383430178,0.584729401
2614,0,0.495508254,0.159520221
2615,0,1.409469239,1.041233785
2616,0,1.965188935,1.347355836
2617,0,0.996687597,1.067738097
2618,0,-0.000000000,0.000000000
2619,0,1.000000000,1.000000000
2620,0,0.302292189,0.080000000
2621,0,0.999999424,0.999106345
2622,0,1.499999712,1.999106345
2623,0,0.999509466,0.973924201
2624,0,-0.000000000,0.000000000
2625,0,1.000000000,1.000000000
2626,0,1.021928095,0.400000000
2627,0,1.190930197,1.032222222
2628,0,-0.000000000,0.000000000
2629,0,1.000000000,1.000000000
2630,0,0.302292189,0.080000000
2631,0,1.050654972,1.006444444
2632,0,1.035616201,0.407633189
2633,0,1.045017245,1.008772716
2634,0,1.033850329,1.999599095
2635,0,1.193613579,1.031498525
2636,0,-0.000000000,0.000000000
2637,0,1.000000000,1.000000000
2638,0,0.302292189,0.080000000
2639,0,1.010784836,1.000334821
2640,0,-0.000000000,0.000000000
2641,0,1.000000000,1.000000000
2642,0,1.021928095,0.400000000
2643,0,1.190930197,1.031111111
2644,0,1.089151666,0.438252490
2645,0,1.699202911,1.156071568
2646,0,-0.000000000,0.000000000
2647,0,1.000000000,1.000000000
2648,0,1.870950594,1.400000000
2649,0,0.999848483,1.014492754
2650,0,0.302289159,0.080000000
2651,0,0.999999063,0.998860281
2652,0,0.302292170,0.080000000
2653,0,1.010782806,1.000314935
2654,0,1.506217569,1.001304382
2655,0,1.181420879,1.009627622
2656,0,1.911430025,2.006433541
2657,0,1.121418032,1.007979793
2658,0,1.897124055,1.391763509
2659,0,1.119098805,1.007787822
2660,0,1.059805165,2.001477242
2661,0,0.999987110,0.995772798
2662,0,1.021926806,0.400000000
2663,0,0.999982447,0.995067142
2664,0,1.021926340,0.400000000
2665,0,1.044169338,1.001266357
2666,0,-0.000000000,0.000000000
2667,0,1.000000000,1.000000000
2668,0,1.870950594,2.000000000
2669,0,1.115135655,1.005357143
2670,0,1.058332487,2.000854079
2671,0,0.999985490,0.995515065
2672,0,0.302291899,0.080000000
2673,0,1.010776841,1.001861124
2674,0,1.506208648,1.999823488
2675,0,1.181416794,1.050015265
2676,0,-0.000000000,0.000000000
2677,0,1.000000000,1.000000000
2678,0,-0.000000000,0.000000000
2679,0,1.000000000,1.000000000
2680,0,1.021928095,2.000000000
2681,0,1.190930197,1.031111111
2682,0,1.089151666,0.438252490
2683,0,1.048237665,1.004524964
2684,0,1.034841150,0.407190250
2685,0,1.193913026,1.033296181
2686,0,1.090422129,0.438988266
2687,0,1.048322227,1.007386759
2688,0,1.034866935,0.407204418
2689,0,1.044965665,1.002150865
2690,0,-0.000000000,0.000000000
2691,0,1.000000000,1.000000000
2692,0,1.870950594,1.200000000
2693,0,1.115135655,1.005357143
2694,0,0.317490439,0.084962493
2695,0,1.011400571,1.001835755
2696,0,-0.000000000,0.000000000
2697,0,1.000000000,1.000000000
2698,0,0.302292189,0.080000000
2699,0,1.010784836,1.001785714
2700,0,-0.000000000,0.000000000
2701,0,1.000000000,1.000000000
2702,0,1.870950594,1.400000000
2703,0,0.999848483,0.985507246
2704,0,0.302289159,0.080000000
2705,0,1.050535975,1.006157810
2706,0,1.880773259,2.003699209
2707,0,0.999874537,0.986812014
2708,0,1.870912956,1.200000000
2709,0,2.100003721,1.457356387
2710,0,0.721501923,0.243534210
2711,0,0.999965344,0.993068664
2712,0,1.021924629,1.998613733
2713,0,1.191143917,1.030556604
2714,0,1.089220217,0.438288580
2715,0,0.999995941,1.002372143
2716,0,0.302292108,0.080000000
2717,0,1.050635543,1.006397529
2718,0,-0.000000000,0.000000000
2719,0,1.000000000,1.000000000
2720,0,1.021928095,0.400000000
2721,0,0.999984960,1.004566210
2722,0,1.021926591,1.800000000
2723,0,1.044172237,1.001298926
2724,0,1.033595028,0.406500890
2725,0,0.999984865,0.995419507
2726,0,0.302291886,0.080000000
2727,0,1.050617439,1.006295510
2728,0,0.307947083,0.081837841
2729,0,1.051719658,1.006277814
2730,0,1.881062849,1.996192788
2731,0,2.107910352,1.354898908
2732,0,1.696687360,0.914239801
2733,0,1.378759896,1.122829921
2734,0,1.957650470,1.332316443
2735,0,0.999614803,1.023107347
2736,0,1.021889575,0.400000000
2737,0,0.999995266,1.002561733
2738,0,1.021927622,2.000512347
2739,0,1.507840854,1.208956243
2740,0,1.674368279,1.716905106
2741,0,1.205393818,0.921938275
2742,0,1.941429987,1.848139009
2743,0,1.274911458,0.989560989
2744,0,0.346914402,0.094783000
2745,0,1.012916104,0.999165748
2746,0,0.303447075,0.080373636
2747,0,1.010837961,1.000404083
2748,0,0.303243523,2.000013843
2749,0,1.216736727,1.985677161
2750,0,1.100485713,1.782259771
2751,0,0.999997852,1.001725611
2752,0,-0.000000000,0.000000000
2753,0,1.000000000,1.000000000
2754,0,1.500000000,1.000000000
2755,0,1.180906651,1.009375000
2756,0,1.085086471,0.435855357
2757,0,1.694986613,1.156507911
2758,0,-0.000000000,0.000000000
2759,0,1.000000000,1.000000000
2760,0,-0.000000000,0.000000000
2761,0,1.000000000,1.000000000
2762,0,-0.000000000,0.000000000
2763,0,1.000000000,1.000000000
2764,0,1.870950594,2.000000000
2765,0,1.115135655,1.028571429
2766,0,0.317490439,0.084962493
2767,0,0.999999434,1.000885826
2768,0,0.302292178,0.080000000
2769,0,0.999999404,0.999091305
2770,0,1.021928035,0.400000000
2771,0,1.044201065,1.001623824
2772,0,0.307113593,0.081566100
2773,0,1.010979522,1.000362156
2774,0,1.506339695,1.001335854
2775,0,1.635310911,1.161994894
2776,0,0.450474916,0.131573190
2777,0,1.017187985,1.003511709
2778,0,0.303894339,0.080518565
2779,0,0.999999498,1.000834115
2780,0,0.302292179,0.080000000
2781,0,1.010783350,1.001799739
2782,0,-0.000000000,0.000000000
2783,0,1.000000000,1.000000000
2784,0,1.500000000,2.000000000
2785,0,0.999525689,0.974358974
2786,0,1.499762845,1.974358974
2787,0,0.998952205,0.961892247
2788,0,1.870636256,1.400000000
2789,0,0.999550106,0.975027599
2790,0,-0.000000000,0.000000000
2791,0,1.000000000,1.000000000
2792,0,1.870950594,1.200000000
2793,0,0.999848483,0.985507246
2794,0,1.870905139,1.200000000
2795,0,1.114757617,1.001311023
2796,0,-0.000000000,0.000000000
2797,0,1.000000000,1.000000000
2798,0,-0.000000000,0.000000000
2799,0,1.000000000,1.000000000
2800,0,0.302292189,0.080000000
2801,0,0.999999424,1.000893655
2802,0,-0.000000000,0.000000000
2803,0,1.000000000,1.000000000
2804,0,0.302292189,0.080000000
2805,0,1.010784836,1.001785714
2806,0,1.024228392,0.401277276
2807,0,1.660383312,1.145508827
2808,0,0.459608831,1.937308675
2809,0,0.999997522,1.001853506
2810,0,0.302292140,0.080000000
2811,0,0.999999464,0.999137815
2812,0,0.302292178,0.080000000
2813,0,1.010783300,1.001800211
2814,0,0.303238273,0.080306706
2815,0,1.010823005,1.001789094
2816,0,0.303242175,0.080307965
2817,0,1.050827883,1.006243005
2818,0,0.307973525,0.081846346
2819,0,1.011022477,1.001728745
2820,0,1.024285535,1.999920854
2821,0,1.044342123,1.009091159
2822,0,1.033644749,0.406527832
2823,0,1.193549556,1.031537016
2824,0,1.914076875,1.982218682
2825,0,1.466937386,1.092492768
2826,0,-0.000000000,0.000000000
2827,0,1.000000000,1.000000000
2828,0,1.021928095,0.400000000
2829,0,0.999984960,1.004566210
2830,0,-0.000000000,0.000000000
2831,0,1.000000000,1.000000000
2832,0,1.021928095,0.400000000
2833,0,1.190930197,1.032222222
2834,0,0.330757837,0.089359612
2835,0,0.999999825,0.999507126
2836,0,0.302292186,0.080000000
2837,0,0.999999413,1.000902023
2838,0,1.021928036,0.400000000
2839,0,1.044201118,1.001624417
2840,0,1.896105240,1.213910403
2841,0,1.618297116,1.196484193
2842,0,0.476566843,0.147785460
2843,0,1.374587083,1.068658252
2844,0,1.719669742,1.048598329
2845,0,1.596502559,1.287759940
2846,0,0.537986954,0.186719327
2847,0,1.193549986,1.032609112
2848,0,0.320328824,0.085745967
2849,0,1.011727627,1.002198576
2850,0,-0.000000000,0.000000000
2851,0,1.000000000,1.000000000
2852,0,1.021928095,0.400000000
2853,0,1.044208200,1.009090909
2854,0,-0.000000000,0.000000000
2855,0,1.000000000,1.000000000
2856,0,-0.000000000,0.000000000
2857,0,1.000000000,1.000000000
2858,0,-0.000000000,0.000000000
2859,0,1.000000000,1.000000000
2860,0,1.021928095,0.400000000
2861,0,1.190930197,1.032222222
2862,0,1.913428813,1.258468394
2863,0,0.999959289,0.992487528
2864,0,0.302291375,0.080000000
2865,0,1.010771435,1.001912029
2866,0,0.303237343,0.080306429
2867,0,1.010822728,1.000337878
2868,0,-0.000000000,0.000000000
2869,0,1.000000000,1.000000000
2870,0,-0.000000000,0.000000000
2871,0,1.000000000,1.000000000
2872,0,0.302292189,0.080000000
2873,0,1.010784836,1.000334821
2874,0,0.303238394,0.080306742
2875,0,1.010823040,1.000340490
2876,0,-0.000000000,0.000000000
2877,0,1.000000000,1.000000000
2878,0,-0.000000000,0.000000000
2879,0,1.000000000,1.000000000
2880,0,1.021928095,2.000000000
2881,0,0.987137774,0.866666667
2882,0,1.591369954,1.849668874
2883,0,1.648726820,1.098024537
2884,0,1.348621185,0.606625230
2885,0,1.064405094,1.005648245
2886,0,1.538015836,2.011419569
2887,0,1.648219507,1.170631842
2888,0,2.005997626,1.453405201
2889,0,1.147291918,1.000591413
2890,0,1.622069764,1.043608427
2891,0,1.715430184,1.170953532
2892,0,0.084176204,0.063078977
2893,0,1.011991801,1.005895742
2894,0,0.307262124,0.081858800
2895,0,1.075473324,1.013908434
2896,0,0.043433732,0.018967538
2897,0,1.041078240,1.022655671
2898,0,0.853603642,0.544388018
2899,0,1.389568551,1.197961252
2900,0,1.222934050,0.722499383
2901,0,1.748329010,1.266212014
2902,0,1.675825065,1.527009161
2903,0,1.177242058,1.333718635
2904,0,-0.000000000,0.000000000
2905,0,-0.000000000,0.000000000
2906,0,0.503258335,0.222222222
2907,0,-0.000000000,0.000000000
2908,0,-0.000000000,0.000000000
2909,0,-0.000000000,0.000000000
2910,0,-0.000000000,0.000000000
2911,0,-0.000000000,0.000000000
2912,0,0.143726170,0.040816327
2913,0,0.161893568,0.047457627
2914,0,0.164840316,0.048560136
2915,0,1.587176139,1.253343772
2916,0,0.941269725,1.283384020
2917,0,0.886252677,0.376632860
2918,0,0.831364948,0.526168465
2919,0,0.996593271,1.510573239
2920,0,0.831182432,0.525922888
2921,0,0.110232848,0.029297084
2922,0,0.537084192,1.754591727
2923,0,0.023458015,0.004596824
2924,0,0.145778252,0.041552929
2925,0,0.004927897,0.000770982
2926,0,0.504171453,1.777168581
2927,0,-0.000000000,0.000000000
2928,0,0.503258335,0.222222222
2929,0,0.021519932,0.004158004
2930,0,0.145582434,0.041482489
2931,0,-0.000000000,0.000000000
2932,0,-0.000000000,0.000000000
2933,0,0.143726170,0.040816327
2934,0,-0.000000000,0.000000000
2935,0,-0.000000000,0.000000000
2936,0,-0.000000000,0.000000000
2937,0,-0.000000000,0.000000000
2938,0,-0.000000000,0.000000000
2939,0,-0.000000000,0.000000000
2940,0,-0.000000000,0.000000000
2941,0,-0.000000000,0.000000000
2942,0,0.143726170,0.040816327
2943,0,0.004850167,0.000757289
2944,0,-0.000000000,0.000000000
2945,0,-0.000000000,0.000000000
2946,0,0.143726170,0.040816327
2947,0,-0.000000000,0.000000000
2948,0,0.985228136,1.142857143
2949,0,-0.000000000,0.000000000
2950,0,-0.000000000,0.000000000
2951,0,-0.000000000,0.000000000
2952,0,-0.000000000,0.000000000
2953,0,-0.000000000,0.000000000
2954,0,0.143726170,0.040816327
2955,0,0.004850167,0.000757289
2956,0,0.144064358,0.040937481
2957,0,0.103144358,0.026984796
2958,0,0.155749308,0.045181375
2959,0,0.005308364,0.000838446
2960,0,0.504251294,0.222884729
2961,0,-0.000000000,0.000000000
2962,0,-0.000000000,0.000000000
2963,0,-0.000000000,0.000000000
2964,0,-0.000000000,0.000000000
2965,0,-0.000000000,0.000000000
2966,0,0.143726170,0.040816327
2967,0,0.004850167,0.000757289
2968,0,0.144064358,0.040937481
2969,0,-0.000000000,0.000000000
2970,0,-0.000000000,0.000000000
2971,0,-0.000000000,0.000000000
2972,0,-0.000000000,0.000000000
2973,0,-0.000000000,0.000000000
2974,0,0.503258335,0.222222222
2975,0,0.095970403,0.024691358
2976,0,1.002458636,1.096663815
2977,0,0.290116657,0.101756788
2978,0,0.188881215,0.057814263
2979,0,0.006605165,0.001073508
2980,0,-0.000000000,0.000000000
2981,0,-0.000000000,0.000000000
2982,0,0.143726170,0.040816327
2983,0,0.023187512,0.004535147
2984,0,0.508611331,0.225806452
2985,0,0.021821359,0.004225777
2986,0,-0.000000000,0.000000000
2987,0,-0.000000000,0.000000000
2988,0,0.143726170,0.040816327
2989,0,0.102899790,0.026905830
2990,0,0.094704082,0.024291498
2991,0,0.153482804,0.044349452
2992,0,0.163461470,0.048043377
2993,0,0.005605771,0.000891675
2994,0,0.144124367,0.040958988
2995,0,-0.000000000,0.000000000
2996,0,0.985228136,0.857142857
2997,0,0.276195428,0.095238095
2998,0,-0.000000000,0.000000000
2999,0,-0.000000000,0.000000000
3000,0,0.503258335,0.222222222
3001,0,0.095970403,0.024691358
3002,0,-0.000000000,0.000000000
3003,0,-0.000000000,0.000000000
3004,0,-0.000000000,0.000000000
3005,0,-0.000000000,0.000000000
3006,0,0.985228136,0.857142857
3007,0,0.069054382,0.016528926
3008,0,-0.000000000,0.000000000
3009,0,-0.000000000,0.000000000
3010,0,0.143726170,0.040816327
3011,0,0.023187512,0.004535147
3012,0,0.145750730,0.041543027
3013,0,0.023541519,0.004615892
3014,0,-0.000000000,0.000000000
3015,0,-0.000000000,0.000000000
3016,0,-0.000000000,0.000000000
3017,0,-0.000000000,0.000000000
3018,0,0.503258335,0.222222222
3019,0,0.021519932,0.004158004
3020,0,-0.000000000,0.000000000
3021,0,-0.000000000,0.000000000
3022,0,0.985228136,1.142857143
3023,0,0.276195428,0.095238095
3024,0,0.607171655,0.297872340
3025,0,0.027750437,0.005593288
3026,0,0.509853998,0.226642984
3027,0,-0.000000000,0.000000000
3028,0,0.503258335,0.222222222
3029,0,0.095970403,0.024691358
3030,0,0.154729451,0.044806517
3031,0,0.005269238,0.000831475
3032,0,0.144097486,0.040949353
3033,0,0.023252393,0.004549928
3034,0,0.989118769,1.134131905
3035,0,0.278849818,0.096469209
3036,0,0.608406414,0.298855516
3037,0,0.121917386,0.033206168
3038,0,-0.000000000,0.000000000
3039,0,-0.000000000,0.000000000
3040,0,0.985228136,0.857142857
3041,0,0.276195428,0.095238095
3042,0,0.185997890,0.056680162
3043,0,0.006490338,0.001052394
3044,0,0.144196132,0.040984714
3045,0,-0.000000000,0.000000000
3046,0,0.503258335,0.222222222
3047,0,-0.000000000,0.000000000
3048,0,-0.000000000,0.000000000
3049,0,-0.000000000,0.000000000
3050,0,0.143726170,0.040816327
3051,0,0.004850167,0.000757289
3052,0,0.985956528,1.141398038
3053,0,-0.000000000,0.000000000
3054,0,-0.000000000,0.000000000
3055,0,0.143726170,0.040816327
3056,0,-0.000000000,0.000000000
3057,0,-0.000000000,0.000000000
3058,0,0.143726170,0.040816327
3059,0,0.004850167,0.000757289
3060,0,-0.000000000,0.000000000
3061,0,-0.000000000,0.000000000
3062,0,0.985228136,1.142857143
3063,0,0.276195428,0.095238095
3064,0,0.185997890,0.056680162
3065,0,-0.000000000,0.000000000
3066,0,0.503258335,0.222222222
3067,0,-0.000000000,0.000000000
3068,0,-0.000000000,0.000000000
3069,0,-0.000000000,0.000000000
3070,0,-0.000000000,0.000000000
3071,0,-0.000000000,0.000000000
3072,0,0.143726170,0.040816327
3073,0,0.004850167,0.000757289
3074,0,0.144064358,0.040937481
3075,0,-0.000000000,0.000000000
3076,0,0.503258335,0.222222222
3077,0,0.021519932,0.004158004
3078,0,0.508167846,0.225508318
3079,0,0.021796313,0.004220139
3080,0,0.145610162,0.041492461
3081,0,0.004921523,0.000769858
3082,0,0.504170123,1.777169469
3083,0,-0.000000000,0.000000000
3084,0,0.143726170,0.040816327
3085,0,0.004850167,0.000757289
3086,0,0.144064358,0.040937481
3087,0,0.103144358,0.026984796
3088,0,0.534478036,0.243575554
3089,0,0.103389341,0.027063950
3090,0,0.155784502,0.045194326
3091,0,-0.000000000,0.000000000
3092,0,-0.000000000,0.000000000
3093,0,-0.000000000,0.000000000
3094,0,-0.000000000,0.000000000
3095,0,-0.000000000,0.000000000
3096,0,0.503258335,0.222222222
3097,0,0.095970403,0.024691358
3098,0,-0.000000000,0.000000000
3099,0,-0.000000000,0.000000000
3100,0,-0.000000000,0.000000000
3101,0,-0.000000000,0.000000000
3102,0,0.143726170,0.040816327
3103,0,0.023187512,0.004535147
3104,0,0.145750730,0.041543027
3105,0,0.004926853,0.000770798
3106,0,0.504171235,0.222831274
3107,0,0.021571201,0.004169519
3108,0,-0.000000000,0.000000000
3109,0,-0.000000000,0.000000000
3110,0,0.143726170,0.040816327
3111,0,0.023187512,0.004535147
3112,0,-0.000000000,0.000000000
3113,0,-0.000000000,0.000000000
3114,0,0.143726170,0.040816327
3115,0,0.004850167,0.000757289
3116,0,0.985956528,0.858710044
3117,0,0.276640140,0.095443966
3118,0,-0.000000000,0.000000000
3119,0,-0.000000000,0.000000000
3120,0,0.503258335,0.222222222
3121,0,0.095970403,0.024691358
3122,0,0.531882603,0.241758242
3123,0,0.023154724,0.004527681
3124,0,0.508602554,0.225800549
3125,0,0.368993258,0.141649130
3126,0,0.206528205,0.064897852
3127,0,-0.000000000,0.000000000
3128,0,0.143726170,0.040816327
3129,0,0.004850167,0.000757289
3130,0,-0.000000000,0.000000000
3131,0,-0.000000000,0.000000000
3132,0,-0.000000000,0.000000000
3133,0,-0.000000000,0.000000000
3134,0,0.143726170,0.040816327
3135,0,-0.000000000,0.000000000
3136,0,0.985228136,0.857142857
3137,0,0.276195428,0.095238095
3138,0,-0.000000000,0.000000000
3139,0,-0.000000000,0.000000000
3140,0,0.143726170,0.040816327
3141,0,0.023187512,0.004535147
3142,0,0.145750730,0.041543027
3143,0,0.004926853,0.000770798
3144,0,0.504171235,0.222831274
3145,0,0.365727738,0.139895020
3146,0,0.650357857,0.333622355
3147,0,-0.000000000,0.000000000
3148,0,0.503258335,0.222222222
3149,0,0.021519932,0.004158004
3150,0,-0.000000000,0.000000000
3151,0,-0.000000000,0.000000000
3152,0,-0.000000000,0.000000000
3153,0,-0.000000000,0.000000000
3154,0,-0.000000000,0.000000000
3155,0,-0.000000000,0.000000000
3156,0,0.143726170,0.040816327
3157,0,0.004850167,0.000757289
3158,0,-0.000000000,0.000000000
3159,0,-0.000000000,0.000000000
3160,0,-0.000000000,0.000000000
3161,0,-0.000000000,0.000000000
3162,0,-0.000000000,0.000000000
3163,0,-0.000000000,0.000000000
3164,0,0.985228136,0.857142857
3165,0,-0.000000000,0.000000000
3166,0,-0.000000000,0.000000000
3167,0,-0.000000000,0.000000000
3168,0,0.503258335,0.222222222
3169,0,0.021519932,0.004158004
3170,0,0.508167846,0.225508318
3171,0,0.021796313,0.004220139
3172,0,-0.000000000,0.000000000
3173,0,-0.000000000,0.000000000
3174,0,0.143726170,0.040816327
3175,0,-0.000000000,0.000000000
3176,0,0.503258335,0.222222222
3177,0,0.021519932,0.004158004
3178,0,-0.000000000,0.000000000
3179,0,-0.000000000,0.000000000
3180,0,0.985228136,0.857142857
3181,0,0.069054382,0.016528926
3182,0,-0.000000000,0.000000000
3183,0,-0.000000000,0.000000000
3184,0,0.143726170,0.040816327
3185,0,0.023187512,0.004535147
3186,0,0.145750730,0.041543027
3187,0,0.004926853,0.000770798
3188,0,-0.000000000,0.000000000
3189,0,-0.000000000,0.000000000
3190,0,0.143726170,0.040816327
3191,0,0.023187512,0.004535147
3192,0,-0.000000000,0.000000000
3193,0,-0.000000000,0.000000000
3194,0,0.143726170,0.040816327
3195,0,0.023187512,0.004535147
3196,0,0.145750730,0.041543027
3197,0,-0.000000000,0.000000000
3198,0,0.143726170,0.040816327
3199,0,0.023187512,0.004535147
3200,0,0.518432243,0.228521038
3201,0,-0.000000000,0.000000000
3202,0,0.985228136,0.857142857
3203,0,0.276195428,0.095238095
3204,0,0.185997890,0.056680162
3205,0,-0.000000000,0.000000000
3206,0,0.143726170,0.040816327
3207,0,0.023187512,0.004535147
3208,0,0.145750730,0.041543027
3209,0,0.004926853,0.000770798
3210,0,-0.000000000,0.000000000
3211,0,-0.000000000,0.000000000
3212,0,0.985228136,0.857142857
3213,0,0.749595257,0.428571429
3214,0,0.999375907,0.970588235
3215,0,0.646161329,0.330019881
3216,0,-0.000000000,0.000000000
3217,0,0.282292189,0.080000000
3218,0,0.591672779,1.714285714
3219,0,1.062754901,0.772093023
3220,0,0.531492929,0.241486068
3221,0,-0.000000000,0.000000000
3222,0,-0.000000000,0.000000000
3223,0,-0.000000000,0.000000000
3224,0,0.143726170,0.040816327
3225,0,-0.000000000,0.000000000
3226,0,0.143726170,0.040816327
3227,0,0.549910905,0.254545455
3228,0,0.339486000,0.126126126
3229,0,-0.000000000,0.000000000
3230,0,0.143726170,0.040816327
3231,0,-0.000000000,0.000000000
3232,0,-0.000000000,0.000000000
3233,0,0.921928095,0.400000000
3234,0,0.473750520,0.157782516
3235,0,1.022459614,0.962545411
3236,0,1.027410464,0.403052258
3237,0,1.666752253,1.199033740
3238,0,1.349949537,2.042262301
3239,0,1.273748436,1.070991673
3240,0,-0.000000000,0.000000000
3241,0,1.000000000,1.000000000
3242,0,1.021928095,1.800000000
3243,0,1.044208200,1.009090909
3244,0,-0.000000000,0.000000000
3245,0,1.000000000,1.000000000
3246,0,-0.000000000,0.000000000
3247,0,1.000000000,1.000000000
3248,0,1.021928095,1.800000000
3249,0,1.044208200,1.001704545
3250,0,1.033603662,0.406505016
3251,0,0.999985129,1.004540402
3252,0,-0.000000000,0.000000000
3253,0,1.000000000,1.000000000
3254,0,1.500000000,1.000000000
3255,0,1.180906651,1.009375000
3256,0,0.328975528,0.088762375
3257,0,1.055526300,1.006815880
3258,0,-0.000000000,0.000000000
3259,0,1.000000000,1.000000000
3260,0,1.021928095,0.400000000
3261,0,1.190930197,1.032222222
3262,0,1.089151666,0.438252490
3263,0,1.048237665,1.004524964
3264,0,1.618060217,1.025106702
3265,0,0.999600240,0.976459952
3266,0,0.302284194,0.080000000
3267,0,0.999998793,1.001293325
3268,0,-0.000000000,0.000000000
3269,0,1.000000000,1.000000000
3270,0,-0.000000000,0.000000000
3271,0,1.000000000,1.000000000
3272,0,0.302292189,0.080000000
3273,0,0.999999424,0.999106345
3274,0,1.021928037,0.400000000
3275,0,1.190902555,1.032133850
3276,0,-0.000000000,0.000000000
3277,0,1.000000000,1.000000000
3278,0,0.302292189,0.080000000
3279,0,1.010784836,1.000334821
3280,0,1.024228392,0.401277276
3281,0,1.191443368,1.032358167
3282,0,0.330853587,0.089391462
3283,0,1.011985874,1.000907607
3284,0,1.506991749,2.001726601
3285,0,2.244101205,1.649284412
3286,0,1.853482690,1.124953992
3287,0,2.114025000,1.535810598
3288,0,2.459245967,1.597532721
3289,0,1.553053339,1.322057225
3290,0,0.420208775,0.121054227
3291,0,0.999944526,1.008769416
3292,0,1.499972263,2.008769416
3293,0,0.999670443,0.978626448
3294,0,-0.000000000,0.000000000
3295,0,1.000000000,1.000000000
3296,0,1.870950594,1.400000000
3297,0,0.999848483,1.014492754
3298,0,1.021912943,0.400000000
3299,0,1.657722502,1.188061399
3300,0,1.345765618,0.604647121
3301,0,0.999955609,1.007844633
3302,0,0.302291301,0.080000000
3303,0,0.999999583,1.000760463
3304,0,1.021928053,0.400000000
3305,0,1.190906676,1.032147021
3306,0,0.330754723,0.089358624
3307,0,0.999999823,1.000495133
3308,0,-0.000000000,0.000000000
3309,0,1.000000000,1.000000000
3310,0,-0.000000000,0.000000000
3311,0,1.000000000,1.000000000
3312,0,0.302292189,0.080000000
3313,0,1.010784836,1.000334821
3314,0,0.303238394,0.080306742
3315,0,0.999999425,1.000893171
3316,0,0.302292178,0.080000000
3317,0,1.010783245,1.000319237
3318,0,0.303238269,0.080306705
3319,0,0.999999424,0.999106527
3320,0,1.021928037,0.400000000
3321,0,0.999984445,0.995356293
3322,0,0.302291878,0.080000000
3323,0,1.010776558,1.001863794
3324,0,1.024226678,0.401276471
3325,0,1.044337102,1.009109249
3326,0,-0.000000000,0.000000000
3327,0,1.000000000,1.000000000
3328,0,0.302292189,0.080000000
3329,0,1.010784836,1.001785714
3330,0,-0.000000000,0.000000000
3331,0,1.000000000,1.000000000
3332,0,0.302292189,0.080000000
3333,0,1.010784836,1.000334821
3334,0,-0.000000000,0.000000000
3335,0,1.000000000,1.000000000
3336,0,1.021928095,2.000000000
3337,0,0.999984960,0.995433790
3338,0,1.021926591,0.400000000
3339,0,1.044172237,1.009481640
3340,0,1.525648449,1.999122388
3341,0,1.183464470,1.050080514
3342,0,-0.000000000,0.000000000
3343,0,1.000000000,1.000000000
3344,0,0.302292189,2.000000000
3345,0,0.999999424,1.000893655
3346,0,1.021928037,0.400000000
3347,0,1.044201183,1.001625160
3348,0,0.307113604,0.081566103
3349,0,1.010979525,1.001803028
3350,0,1.024275420,0.401303263
3351,0,1.044340792,1.001735304
3352,0,1.879476062,1.210381560
3353,0,1.116319950,1.005836494
3354,0,0.317676468,0.085023256
3355,0,0.999999447,1.000875581
3356,0,-0.000000000,0.000000000
3357,0,1.000000000,1.000000000
3358,0,1.021928095,2.000000000
3359,0,1.044208200,1.009090909
3360,0,-0.000000000,0.000000000
3361,0,1.000000000,1.000000000
3362,0,0.302292189,0.080000000
3363,0,0.999999424,0.999106345
3364,0,1.499999712,1.999106345
3365,0,1.633775013,1.160669248
3366,0,0.449990944,2.006743698
3367,0,1.078963195,1.014143300
3368,0,0.311834823,0.083101988
3369,0,1.052510948,1.006211562
3370,0,1.530660521,1.008099180
3371,0,2.250436175,1.788568158
3372,0,1.857066915,2.138117040
3373,0,1.114654845,1.068471291
3374,0,0.317380424,0.084932395
3375,0,0.999999895,1.000382165
3376,0,-0.000000000,0.000000000
3377,0,1.000000000,1.000000000
3378,0,-0.000000000,0.000000000
3379,0,1.000000000,1.000000000
3380,0,1.870950594,1.200000000
3381,0,0.999848483,0.985507246
3382,0,0.302289159,0.080000000
3383,0,0.999999063,0.998860281
3384,0,1.021928001,1.800000000
3385,0,1.044199250,1.001603302
3386,0,1.525685880,2.004708439
3387,0,1.640868368,1.165328804
3388,0,1.334497184,0.596318438
3389,0,1.064384876,1.000183805
3390,0,-0.000000000,0.000000000
3391,0,1.000000000,1.000000000
3392,0,1.021928095,0.400000000
3393,0,1.190930197,1.032222222
3394,0,-0.000000000,0.000000000
3395,0,1.000000000,1.000000000
3396,0,-0.000000000,0.000000000
3397,0,1.000000000,1.000000000
3398,0,0.302292189,0.080000000
3399,0,0.999999424,1.000893655
3400,0,1.021928037,0.400000000
3401,0,0.999984445,1.004643723
3402,0,0.302291878,0.080000000
3403,0,0.999999318,0.999027501
3404,0,1.870950390,1.400000000
3405,0,1.115111044,1.028832743
3406,0,1.058326632,0.420462538
3407,0,1.046277136,1.002123737
3408,0,-0.000000000,0.000000000
3409,0,1.000000000,1.000000000
3410,0,1.021928095,0.400000000
3411,0,0.999984960,1.004566210
3412,0,1.021926591,1.800000000
3413,0,0.999982237,1.004962262
3414,0,1.870945266,2.002977357
3415,0,1.115008936,1.029904747
3416,0,1.895479437,1.998429718
3417,0,1.454234678,1.095930330
3418,0,-0.000000000,0.000000000
3419,0,1.000000000,1.000000000
3420,0,0.302292189,0.080000000
3421,0,1.010784836,1.000334821
3422,0,-0.000000000,0.000000000
3423,0,1.000000000,1.000000000
3424,0,1.870950594,2.000000000
3425,0,1.442705945,1.093333333
3426,0,-0.000000000,0.000000000
3427,0,1.000000000,1.000000000
3428,0,1.021928095,0.400000000
3429,0,0.999984960,0.995433790
3430,0,0.302291888,0.080000000
3431,0,1.010776696,1.001862491
3432,0,1.872749771,1.202043608
3433,0,2.102634884,1.462837641
3434,0,0.722876647,0.244188850
3435,0,1.134431435,1.032435017
3436,0,0.320435843,0.085919249
3437,0,1.011589617,1.001094005
3438,0,1.506775317,1.001462542
3439,0,0.999545173,0.974891077
3440,0,0.302283093,0.080000000
3441,0,1.050448360,1.005947846
3442,0,1.880739312,2.003477377
3443,0,1.447375098,1.099630835
3444,0,-0.000000000,0.000000000
3445,0,1.000000000,1.000000000
3446,0,-0.000000000,0.000000000
3447,0,1.000000000,1.000000000
3448,0,1.021928095,0.400000000
3449,0,1.190930197,1.032222222
3450,0,-0.000000000,0.000000000
3451,0,1.000000000,1.000000000
3452,0,0.302292189,0.080000000
3453,0,1.050654972,1.006444444
3454,0,-0.000000000,0.000000000
3455,0,1.000000000,1.000000000
3456,0,1.870950594,1.200000000
3457,0,1.115135655,1.028571429
3458,0,1.895518114,1.392022543
3459,0,0.999860776,0.986107603
3460,0,1.870908827,1.200000000
3461,0,0.999758031,0.981685491
3462,0,0.302287350,0.080000000
3463,0,0.999998953,0.998795394
3464,0,1.021927990,0.400000000
3465,0,1.190892931,1.031207480
3466,0,1.089139733,0.438246218
3467,0,1.048235348,1.004506391
3468,0,-0.000000000,0.000000000
3469,0,1.000000000,1.000000000
3470,0,0.302292189,0.080000000
3471,0,1.010784836,1.000334821
3472,0,1.024228392,0.401277276
3473,0,1.191443368,1.031195086
3474,0,0.330853587,0.089391462
3475,0,1.011985874,1.000907607
3476,0,0.303357506,0.080345188
3477,0,1.010828991,1.001778723
3478,0,1.872761051,1.399488136
3479,0,1.115370467,1.028562733
3480,0,-0.000000000,0.000000000
3481,0,1.000000000,1.000000000
3482,0,0.302292189,0.080000000
3483,0,1.050654972,1.006222222
3484,0,1.880819478,1.212122538
3485,0,2.107730681,1.354866465
3486,0,1.696568563,0.914099648
3487,0,0.999343064,0.969824378
3488,0,1.021862401,0.400000000
3489,0,1.044438917,1.004385419
3490,0,1.879529031,1.397464926
3491,0,0.999869222,0.986535565
3492,0,1.499934611,1.986535565
3493,0,0.999252436,0.967810491
3494,0,0.302277238,0.080000000
3495,0,0.999998504,0.998559826
3496,0,0.302292159,0.080000000
3497,0,1.010782271,1.000309693
3498,0,-0.000000000,0.000000000
3499,0,1.000000000,1.000000000
3500,0,-0.000000000,0.000000000
3501,0,1.000000000,1.000000000
3502,0,0.302292189,0.080000000
3503,0,1.216063438,1.041991342
3504,0,-0.000000000,0.000000000
3505,0,1.000000000,1.000000000
3506,0,0.302292189,0.080000000
3507,0,1.010784836,1.001785714
3508,0,1.024228392,0.401277276
3509,0,1.191443368,1.031195086
3510,0,0.330853587,0.089391462
3511,0,1.056054593,1.006492727
3512,0,0.308660418,0.082069268
3513,0,1.011053464,1.000481074
3514,0,0.303264815,0.080315265
3515,0,1.010824400,1.000343447
3516,0,1.024237927,1.799493353
3517,0,1.191445775,1.978819182
3518,0,1.089372691,1.993913059
3519,0,1.048251679,1.007482358
3520,0,1.528330321,1.995469178
3521,0,1.183945603,1.048422086
3522,0,0.329490989,0.088931161
3523,0,1.011897837,1.001804602
3524,0,1.024498640,0.401426462
3525,0,1.191511420,1.032398540
3526,0,-0.000000000,0.000000000
3527,0,1.000000000,1.000000000
3528,0,1.870950594,1.400000000
3529,0,0.999848483,1.014492754
3530,0,1.870905139,1.400000000
3531,0,1.114757617,1.032465068
3532,0,0.317455484,0.084951780
3533,0,1.226571756,1.044675766
3534,0,0.337682522,0.091677471
3535,0,0.999999932,0.999692763
3536,0,0.302292188,1.999987711
3537,0,0.999999417,0.999101128
3538,0,1.870950420,1.200000000
3539,0,0.999843267,1.014740077
3540,0,-0.000000000,0.000000000
3541,0,1.000000000,1.000000000
3542,0,1.500000000,2.000000000
3543,0,1.633875355,2.950000000
3544,0,1.795188558,1.901581889
3545,0,0.999619349,0.977029425
3546,0,0.302284576,0.080000000
3547,0,1.050842141,1.006898751
3548,0,0.307969895,0.081844714
3549,0,1.011023755,1.000460611
3550,0,1.024285797,0.401308832
3551,0,1.044342257,1.009089866
3552,0,0.307131253,0.081571814
3553,0,1.051536325,1.006605814
3554,0,1.881016152,1.396925426
3555,0,1.447569505,1.099984683
3556,0,-0.000000000,0.000000000
3557,0,1.000000000,1.000000000
3558,0,1.021928095,0.400000000
3559,0,1.190930197,1.031111111
3560,0,0.330757837,0.089359612
3561,0,1.011981691,1.000904528
3562,0,1.024518120,0.401436693
3563,0,1.191527436,1.032436811
3564,0,-0.000000000,0.000000000
3565,0,1.000000000,1.000000000
3566,0,1.021928095,0.400000000
3567,0,1.044208200,1.001704545
3568,0,1.033603662,0.406505016
3569,0,1.044868282,1.009144184
3570,0,0.307198258,0.081593565
3571,0,1.051549401,1.006327914
3572,0,-0.000000000,0.000000000
3573,0,1.000000000,1.000000000
3574,0,1.021928095,0.400000000
3575,0,0.999984960,0.995433790
3576,0,0.302291888,0.080000000
3577,0,1.050617556,1.006354135
3578,0,1.880804931,2.003906627
3579,0,1.447450045,1.099849824
3580,0,0.390406972,0.109827783
3581,0,1.279661922,1.042777956
3582,0,0.348544141,0.095332072
3583,0,0.999999991,1.000112906
3584,0,0.302292189,0.080000000
3585,0,1.010785037,1.000336791
3586,0,1.872752630,1.399489875
3587,0,1.509222689,1.208417268
3588,0,1.674259888,1.714491723
3589,0,0.990731983,0.886771630
3590,0,1.021001293,0.400000000
3591,0,0.999980042,0.994740025
3592,0,0.302291790,0.080000000
3593,0,1.050697986,1.006138063
3594,0,1.035627528,1.796985356
3595,0,1.045019327,1.008757381
3596,0,1.879630974,1.210563104
3597,0,0.999856150,1.014121320
3598,0,1.021913710,1.800000000
3599,0,1.044096088,1.010299229
3600,0,1.033576864,0.406492258
3601,0,1.044855489,1.009266296
3602,0,0.307197023,0.081593189
3603,0,1.010983069,1.001801822
3604,0,0.303258050,0.080313099
3605,0,1.010823888,1.001788392
3606,0,1.024237812,0.401282480
3607,0,1.191445666,1.032359340
3608,0,1.913556359,1.385377749
3609,0,1.122302959,1.014024376
3610,0,1.571128694,1.022006821
3611,0,1.657708427,1.179990939
3612,0,0.457715626,0.134262889
3613,0,1.080796925,1.007212939
3614,0,-0.000000000,0.000000000
3615,0,1.000000000,1.000000000
3616,0,-0.000000000,0.000000000
3617,0,1.000000000,1.000000000
3618,0,-0.000000000,0.000000000
3619,0,1.000000000,1.000000000
3620,0,1.021928095,1.800000000
3621,0,1.044208200,1.001704545
3622,0,0.307114252,0.081566298
3623,0,0.999999427,1.000891185
3624,0,-0.000000000,0.000000000
3625,0,1.000000000,1.000000000
3626,0,0.302292189,0.080000000
3627,0,1.050654972,1.006222222
3628,0,-0.000000000,0.000000000
3629,0,1.000000000,1.000000000
3630,0,0.302292189,0.080000000
3631,0,1.010784836,1.000334821
3632,0,1.024228392,2.000053304
3633,0,1.191443368,1.987751074
3634,0,1.607381823,2.046332823
3635,0,0.999885493,0.987400926
3636,0,1.021916644,0.400000000
3637,0,1.190538614,1.032119037
3638,0,-0.000000000,0.000000000
3639,0,1.000000000,1.000000000
3640,0,-0.000000000,0.000000000
3641,0,1.000000000,1.000000000
3642,0,1.021928095,0.400000000
3643,0,0.999984960,1.004566210
3644,0,1.021926591,0.400000000
3645,0,0.999982237,0.995037738
3646,0,-0.000000000,0.000000000
3647,0,1.000000000,1.000000000
3648,0,0.302292189,0.080000000
3649,0,1.050654972,1.006444444
3650,0,1.035616201,0.407633189
3651,0,0.999987577,1.004149988
3652,0,1.021926853,0.400000000
3653,0,1.044175527,1.001335899
3654,0,1.879435100,1.397412864
3655,0,1.116303242,1.028664585
3656,0,0.317674555,0.085022651
3657,0,0.999999444,1.000878080
3658,0,-0.000000000,0.000000000
3659,0,1.000000000,1.000000000
3660,0,-0.000000000,0.000000000
3661,0,1.000000000,1.000000000
3662,0,0.302292189,0.080000000
3663,0,1.010784836,1.000334821
3664,0,-0.000000000,0.000000000
3665,0,1.000000000,1.000000000
3666,0,0.302292189,0.080000000
3667,0,0.999999424,1.000893655
3668,0,0.302292178,0.080000000
3669,0,1.050647655,1.006426770
3670,0,1.035614277,2.001201764
3671,0,0.999987561,0.995847357
3672,0,1.021926851,1.999169471
3673,0,1.044175506,1.001335663
3674,0,0.307111238,0.081565392
3675,0,1.051528816,1.006595932
3676,0,1.881013827,1.396924775
3677,0,0.999877905,1.013009784
3678,0,-0.000000000,0.000000000
3679,0,1.000000000,1.000000000
3680,0,1.870950594,2.000000000
3681,0,1.442705945,1.096666667
3682,0,1.215018433,0.515411726
3683,0,1.237520518,1.051154842
3684,0,0.339700503,0.092345711
3685,0,0.999999997,0.999932666
3686,0,1.499999998,1.999932666
3687,0,1.180903321,1.009342092
3688,0,0.328975231,1.956384527
3689,0,0.999999441,0.999119523
3690,0,0.302292178,0.080000000
3691,0,1.050647763,1.006427031
3692,0,1.529408669,1.007657612
3693,0,0.999622523,1.022874617
3694,0,1.870837351,1.200000000
3695,0,0.999688354,0.979215329
3696,0,0.302285956,0.080000000
3697,0,0.999998879,0.998753456
3698,0,-0.000000000,0.000000000
3699,0,1.000000000,1.000000000
3700,0,1.021928095,1.800000000
3701,0,1.044208200,1.001704545
3702,0,1.033603662,0.406505016
3703,0,1.193539062,1.032914572
3704,0,-0.000000000,0.000000000
3705,0,1.000000000,1.000000000
3706,0,1.500000000,1.000000000
3707,0,1.180906651,1.009375000
3708,0,0.328975528,0.088762375
3709,0,0.999999442,1.000879828
3710,0,1.021928039,0.400000000
3711,0,1.190902982,1.032135217
3712,0,0.330754235,0.089358469
3713,0,1.011981257,1.001500466
3714,0,0.303357052,0.080345042
3715,0,1.216835357,1.042210560
3716,0,1.919547328,1.268120288
3717,0,1.469343730,1.091127184
3718,0,0.396174053,0.111863230
3719,0,1.068768914,1.006722338
3720,0,1.041485749,1.795836815
3721,0,1.045404811,1.008222640
3722,0,0.307263677,0.081614604
3723,0,1.051571636,1.006636811
3724,0,-0.000000000,0.000000000
3725,0,1.000000000,1.000000000
3726,0,1.021928095,1.800000000
3727,0,1.190930197,1.978888889
3728,0,1.089151666,1.784885093
3729,0,1.048237665,1.004524964
3730,0,-0.000000000,0.000000000
3731,0,1.000000000,1.000000000
3732,0,0.302292189,0.080000000
3733,0,0.999999424,1.000893655
3734,0,1.021928037,0.400000000
3735,0,1.044201183,1.009167380
3736,0,1.525688565,1.998756545
3737,0,1.183486833,1.049909286
3738,0,0.329424480,0.088909533
3739,0,0.999999488,1.000842823
3740,0,1.870950441,1.200000000
3741,0,1.115114332,1.005121803
3742,0,-0.000000000,0.000000000
3743,0,1.000000000,1.000000000
3744,0,0.302292189,0.080000000
3745,0,0.999999424,1.000893655
3746,0,0.302292178,0.080000000
3747,0,1.050647655,1.006426770
3748,0,1.035614277,0.407632268
3749,0,1.045016891,1.002263544
3750,0,0.307216020,0.081599256
3751,0,0.999999441,1.000880672
3752,0,1.021928039,0.400000000
3753,0,0.999984452,0.995357403
3754,0,1.870945930,1.400000000
3755,0,1.115017184,1.029818860
3756,0,-0.000000000,0.000000000
3757,0,1.000000000,1.000000000
3758,0,0.302292189,0.080000000
3759,0,0.999999424,0.999106345
3760,0,-0.000000000,0.000000000
3761,0,1.000000000,1.000000000
3762,0,-0.000000000,0.000000000
3763,0,1.000000000,1.000000000
3764,0,1.021928095,0.400000000
3765,0,0.999984960,1.004566210
3766,0,0.302291888,0.080000000
3767,0,0.999999320,0.999028817
3768,0,0.302292175,0.080000000
3769,0,0.999999402,1.000910144
3770,0,0.302292177,0.080000000
3771,0,1.010783215,1.000318941
3772,0,1.024228056,0.401277118
3773,0,1.044337766,1.001730788
3774,0,1.033643484,0.406527150
3775,0,1.193548807,1.032919553
3776,0,1.090275961,0.438905112
3777,0,1.048308943,1.004602713
3778,0,0.307634381,0.081734812
3779,0,1.011006599,1.000422752
3780,0,0.303260267,0.080313805
3781,0,1.216749144,1.042174890
3782,0,0.335737987,0.091026034
3783,0,1.012200697,1.001370412
3784,0,1.024571398,1.799428274
3785,0,0.999985462,0.995510692
3786,0,-0.000000000,0.000000000
3787,0,1.000000000,1.000000000
3788,0,0.302292189,0.080000000
3789,0,1.050654972,1.006444444
3790,0,1.035616201,0.407633189
3791,0,1.194126817,1.031257201
3792,0,1.886486332,1.972964372
3793,0,1.818211854,1.203547750
3794,0,0.520250260,0.158345144
3795,0,1.094883552,1.023177620
3796,0,1.050481172,0.415902252
3797,0,0.999996769,1.002116279
3798,0,-0.000000000,0.000000000
3799,0,1.000000000,1.000000000
3800,0,1.500000000,2.000000000
3801,0,0.999525689,1.025641026
3802,0,0.302282703,0.080000000
3803,0,0.999998726,0.998671005
3804,0,1.021927967,0.400000000
3805,0,1.044197761,1.009204633
3806,0,0.307113288,0.081566008
3807,0,1.219455266,1.042886278
3808,0,0.336268466,0.091203529
3809,0,0.999999920,1.000332254
3810,0,0.302292187,0.080000000
3811,0,0.999999417,1.000899296
3812,0,0.302292177,0.080000000
3813,0,1.010783234,1.001800835
3814,0,1.872752012,1.399489571
3815,0,0.999849180,1.014459384
3816,0,-0.000000000,0.000000000
3817,0,1.000000000,1.000000000
3818,0,0.302292189,0.080000000
3819,0,1.050654972,1.006222222
3820,0,0.307950877,0.081838984
3821,0,1.011021502,1.001729189
3822,0,0.303261705,0.080314266
3823,0,1.216751075,1.042176059
3824,0,0.335738313,0.091026141
3825,0,1.012200718,1.001370353
3826,0,1.873029191,1.202348683
3827,0,1.443633346,1.093301869
3828,0,1.215506096,0.515723070
3829,0,1.056232020,1.004167723
3830,0,0.308668054,0.082070278
3831,0,1.051896046,1.006845957
3832,0,1.036004867,0.407848159
3833,0,0.999987858,0.995897268
3834,0,-0.000000000,0.000000000
3835,0,1.000000000,1.000000000
3836,0,-0.000000000,0.000000000
3837,0,1.000000000,1.000000000
3838,0,0.302292189,0.080000000
3839,0,1.010784836,1.001785714
3840,0,0.303238394,0.080306742
3841,0,1.010823040,1.001788807
3842,0,1.024237609,1.999945379
3843,0,1.660389126,1.145510181
3844,0,-0.000000000,0.000000000
3845,0,1.000000000,1.000000000
3846,0,-0.000000000,0.000000000
3847,0,1.000000000,1.000000000
3848,0,1.021928095,0.400000000
3849,0,1.190930197,1.031111111
3850,0,0.330757837,0.089359612
3851,0,0.999999825,1.000492874
3852,0,0.302292186,0.080000000
3853,0,1.216046889,1.032040248
3854,0,1.619983772,1.040653033
3855,0,0.999944034,0.991191772
3856,0,0.302291070,0.080000000
3857,0,0.999999215,0.998956794
3858,0,1.021928016,0.400000000
3859,0,0.999984358,0.995343306
3860,0,0.302291876,0.080000000
3861,0,0.999999317,0.999027281
3862,0,0.302292175,0.080000000
3863,0,0.999999402,0.999089830
3864,0,0.302292177,0.080000000
3865,0,1.010783215,1.001801018
3866,0,-0.000000000,0.000000000
3867,0,1.000000000,1.000000000
3868,0,1.021928095,2.000000000
3869,0,1.044208200,1.009090909
3870,0,1.879446735,1.397419158
3871,0,1.446495066,1.094055045
3872,0,0.390183420,0.109748977
3873,0,1.014533683,1.000842202
3874,0,1.025150783,0.401784978
3875,0,1.191712045,1.032611790
3876,0,1.089480077,0.438441913
3877,0,1.048261093,1.004577363
3878,0,1.034848207,0.407194103
3879,0,1.044963883,1.008879599
3880,0,1.879617310,1.210548734
3881,0,1.446607501,1.093956100
3882,0,-0.000000000,0.000000000
3883,0,1.000000000,1.000000000
3884,0,0.302292189,0.080000000
3885,0,1.050654972,1.006444444
3886,0,1.035616201,0.407633189
3887,0,1.045017245,1.002266287
3888,0,1.879630306,1.397384108
3889,0,1.446623334,1.935922509
3890,0,1.217127209,1.753954947
3891,0,1.056346995,1.010526285
3892,0,1.037395860,0.408609243
3893,0,1.194691812,1.030903137
3894,0,1.090735005,0.439166373
3895,0,1.048350694,1.007277032
3896,0,1.034875205,0.407208844
3897,0,1.044967209,1.002163099
3898,0,0.307209936,0.081597296
3899,0,0.999999438,0.999117409
3900,0,-0.000000000,0.000000000
3901,0,1.000000000,1.000000000
3902,0,-0.000000000,0.000000000
3903,0,1.000000000,1.000000000
3904,0,0.302292189,0.080000000
3905,0,0.999999424,0.999106345
3906,0,1.021928037,0.400000000
3907,0,0.999984445,1.004643723
3908,0,1.499992222,1.000000000
3909,0,1.180673360,1.052181371
3910,0,1.085036404,0.435829231
3911,0,1.205079746,1.035778530
3912,0,0.333434670,0.090251389
3913,0,0.999999866,0.999568648
3914,0,1.021928081,0.400000000
3915,0,1.044204814,1.009127821
3916,0,-0.000000000,0.000000000
3917,0,1.000000000,1.000000000
3918,0,0.302292189,0.080000000
3919,0,1.010784836,1.000334821
3920,0,-0.000000000,0.000000000
3921,0,1.000000000,1.000000000
3922,0,0.302292189,0.080000000
3923,0,1.010784836,1.000334821
3924,0,-0.000000000,0.000000000
3925,0,1.000000000,1.000000000
3926,0,1.021928095,0.400000000
3927,0,1.044208200,1.009090909
3928,0,1.033603662,0.406505016
3929,0,1.193539062,1.031538786
3930,0,-0.000000000,0.000000000
3931,0,1.000000000,1.000000000
3932,0,1.870950594,1.400000000
3933,0,1.115135655,1.028571429
3934,0,1.058332487,0.420465473
3935,0,1.199099530,1.032456621
3936,0,-0.000000000,0.000000000
3937,0,1.000000000,1.000000000
3938,0,0.302292189,0.080000000
3939,0,0.999999424,0.999106345
3940,0,0.302292178,0.080000000
3941,0,1.010783244,1.000319229
3942,0,1.024228062,0.401277121
3943,0,1.044337769,1.001730818
3944,0,-0.000000000,0.000000000
3945,0,1.000000000,1.000000000
3946,0,0.302292189,0.080000000
3947,0,0.999999424,0.999106345
3948,0,0.302292178,1.960000000
3949,0,1.216033429,1.975335025
3950,0,1.919342794,1.383069241
3951,0,1.533892990,1.595507312
3952,0,1.532416203,2.329767884
3953,0,0.987363762,1.132160289
3954,0,1.867159723,1.400000000
3955,0,1.117466395,1.042318471
3956,0,0.317782592,0.085060391
3957,0,0.999999981,0.999837319
3958,0,1.021928093,0.400000000
3959,0,1.190925167,1.032206135
3960,0,0.330757171,0.089359401
3961,0,1.011981611,1.000904027
3962,0,0.303357083,0.080345052
3963,0,0.999999438,1.000882600
3964,0,0.302292178,0.080000000
3965,0,0.999999404,1.000908640
3966,0,-0.000000000,0.000000000
3967,0,1.000000000,1.000000000
3968,0,1.021928095,0.400000000
3969,0,0.999984960,0.995433790
3970,0,1.021926591,1.800000000
3971,0,1.190788742,1.031476408
3972,0,-0.000000000,0.000000000
3973,0,1.000000000,1.000000000
3974,0,-0.000000000,0.000000000
3975,0,1.000000000,1.000000000
3976,0,0.302292189,0.080000000
3977,0,1.010784836,1.000334821
3978,0,-0.000000000,0.000000000
3979,0,1.000000000,1.000000000
3980,0,1.500000000,2.000000000
3981,0,1.508326883,1.541666667
3982,0,1.674237161,1.190764712
3983,0,1.205327552,0.921096093
3984,0,1.916518079,1.389639886
3985,0,2.147642458,1.551385272
3986,0,0.755156237,0.259733665
3987,0,1.143920567,1.042041989
3988,0,-0.000000000,0.000000000
3989,0,1.000000000,1.000000000
3990,0,0.302292189,0.080000000
3991,0,1.010784836,1.001785714
3992,0,1.506220607,1.001305566
3993,0,1.181422270,1.049973662
3994,0,0.329064967,0.088791681
3995,0,0.999999451,1.000872292
3996,0,0.302292178,0.080000000
3997,0,1.010783282,1.000319602
3998,0,0.303238272,0.080306706
3999,0,0.999999424,0.999106534
4000,0,1.021928037,0.400000000
4001,0,1.044201185,1.009167364
4002,0,1.879444237,1.397417803
4003,0,1.512321920,1.208777383
4004,0,1.536852734,1.706229137
4005,0,1.186015974,0.915797149
4006,0,1.611658783,1.045502293
4007,0,1.199613028,0.977955395
4008,0,-0.000000000,0.000000000
4009,0,1.000000000,1.000000000
4010,0,1.021928095,0.400000000
4011,0,1.190930197,1.031111111
4012,0,0.330757837,0.089359612
4013,0,0.999999825,0.999507126
4014,0,0.302292186,0.080000000
4015,0,1.050650937,1.006230108
4016,0,1.529413450,1.994106443
4017,0,1.642538434,1.155549485
4018,0,1.799513606,1.892544936
4019,0,1.233673831,1.007556240
4020,0,-0.000000000,0.000000000
4021,0,1.000000000,1.000000000
4022,0,0.302292189,0.080000000
4023,0,0.999999424,1.000893655
4024,0,-0.000000000,0.000000000
4025,0,1.000000000,1.000000000
4026,0,1.021928095,0.400000000
4027,0,0.999984960,1.004566210
4028,0,1.021926591,0.400000000
4029,0,1.044172237,1.009481640
4030,0,1.879433928,1.397412233
4031,0,1.116302063,1.005697638
4032,0,-0.000000000,0.000000000
4033,0,1.000000000,1.000000000
4034,0,-0.000000000,0.000000000
4035,0,1.000000000,1.000000000
4036,0,-0.000000000,0.000000000
4037,0,1.000000000,1.000000000
4038,0,-0.000000000,0.000000000
4039,0,1.000000000,1.000000000
4040,0,-0.000000000,0.000000000
4041,0,1.000000000,1.000000000
4042,0,1.021928095,1.800000000
4043,0,1.044208200,1.009090909
4044,0,1.033603662,0.406505016
4045,0,0.999985129,0.995459598
4046,0,0.302291892,0.080000000
4047,0,1.050617767,1.006354645
4048,0,1.035606420,0.407628506
4049,0,1.045015447,1.002252349
4050,0,1.033849857,0.406641249
4051,0,1.193612978,1.032988967
4052,0,0.331258343,0.089526097
4053,0,1.012003750,1.001485367
4054,0,-0.000000000,0.000000000
4055,0,1.000000000,1.000000000
4056,0,0.302292189,0.080000000
4057,0,1.050654972,1.006222222
4058,0,1.529419530,1.007662958
4059,0,1.642542220,1.168265540
4060,0,0.452772592,0.132424875
4061,0,0.999998174,0.998409041
4062,0,0.302292153,0.080000000
4063,0,0.999999458,0.999133357
4064,0,0.302292178,0.080000000
4065,0,0.999999405,1.000908369
4066,0,1.870950416,1.200000000
4067,0,0.999843212,1.014742690
4068,0,0.302289053,0.080000000
4069,0,1.010758489,1.002033597
4070,0,-0.000000000,0.000000000
4071,0,1.000000000,1.000000000
4072,0,1.500000000,2.000000000
4073,0,0.999525689,1.025641026
4074,0,0.302282703,0.080000000
4075,0,1.010738885,1.002216838
4076,0,0.303234805,0.080305674
4077,0,1.010821974,1.001797361
4078,0,0.303242091,0.080307940
4079,0,1.010823182,1.000340431
4080,0,1.024237644,0.401282388
4081,0,1.191445605,1.032359255
4082,0,-0.000000000,0.000000000
4083,0,1.000000000,1.000000000
4084,0,0.302292189,0.080000000
4085,0,1.050654972,1.006444444
4086,0,0.307950877,0.081838984
4087,0,1.011021502,1.000446708
4088,0,1.872798374,2.000308491
4089,0,1.443484591,1.097036003
4090,0,1.970068553,2.053513430
4091,0,1.503688148,1.966485122
4092,0,1.982319719,2.090121657
4093,0,1.138429535,1.046422214
4094,0,-0.000000000,0.000000000
4095,0,1.000000000,1.000000000
4096,0,-0.000000000,0.000000000
4097,0,1.000000000,1.000000000
4098,0,1.021928095,0.400000000
4099,0,1.190930197,1.032222222
4100,0,1.089151666,0.438252490
4101,0,0.999995579,0.997524393
4102,0,0.302292101,0.080000000
4103,0,1.050634695,1.006395482
4104,0,0.308901351,0.082081218
4105,0,1.047690878,1.011049828
4106,0,1.064258854,0.417722141
4107,0,1.173288285,1.056930995
4108,0,1.175696231,0.486541457
4109,0,1.414455188,1.124283723
4110,0,1.211942271,1.479838374
4111,0,1.452278283,1.021852698
4112,0,1.782923045,1.714679250
4113,0,0.918504682,0.667084646
4114,0,0.428107589,0.175022446
4115,0,0.292627692,0.102948943
4116,0,0.605054797,0.296191869
4117,0,-0.000000000,0.000000000
4118,0,0.503258335,0.222222222
4119,0,-0.000000000,0.000000000
4120,0,-0.000000000,0.000000000
4121,0,0.143726170,0.040816327
4122,0,0.161893568,0.047457627
4123,0,0.164840316,0.048560136
4124,0,0.143294829,0.040661939
4125,0,-0.000000000,0.000000000
4126,0,0.503258335,0.222222222
4127,0,1.109110711,0.560000000
4128,0,0.924290980,0.678899083
4129,0,-0.000000000,0.000000000
4130,0,0.143726170,0.040816327
4131,0,0.004850167,0.000757289
4132,0,0.144064358,0.040937481
4133,0,0.004862963,0.000759541
4134,0,0.504157912,0.222822379
4135,0,0.021570452,0.004169351
4136,0,0.988818001,1.134857941
4137,0,0.278629393,0.096366764
4138,0,0.217813025,0.069555435
4139,0,0.573706956,0.272030307
4140,0,1.006581051,0.751353377
4141,0,0.385320042,0.150556935
4142,0,0.660196935,0.342184183
4143,0,0.031290292,0.006438746
4144,0,0.146600012,0.041848878
4145,0,0.104978248,0.027578659
4146,0,0.535148387,0.244046205
4147,0,0.023344913,0.004571020
4148,0,0.022984474,0.004488943
4149,0,-0.000000000,0.000000000
4150,0,-0.000000000,0.000000000
4151,0,-0.000000000,0.000000000
4152,0,0.503258335,0.222222222
4153,0,0.095970403,0.024691358
4154,0,0.154729451,0.044806517
4155,0,-0.000000000,0.000000000
4156,0,-0.000000000,0.000000000
4157,0,-0.000000000,0.000000000
4158,0,-0.000000000,0.000000000
4159,0,-0.000000000,0.000000000
4160,0,0.143726170,0.040816327
4161,0,0.004850167,0.000757289
4162,0,0.985956528,0.858710044
4163,0,0.069182853,0.016566135
4164,0,0.522602183,0.235323572
4165,0,-0.000000000,0.000000000
4166,0,0.143726170,0.040816327
4167,0,0.004850167,0.000757289
4168,0,-0.000000000,0.000000000
4169,0,-0.000000000,0.000000000
4170,0,0.143726170,0.040816327
4171,0,-0.000000000,0.000000000
4172,0,0.503258335,0.222222222
4173,0,0.095970403,0.024691358
4174,0,0.531882603,0.241758242
4175,0,-0.000000000,0.000000000
4176,0,0.143726170,0.040816327
4177,0,-0.000000000,0.000000000
4178,0,0.503258335,0.222222222
4179,0,-0.000000000,0.000000000
4180,0,0.985228136,0.857142857
4181,0,0.069054382,0.016528926
4182,0,0.522559375,0.235294118
4183,0,0.022615977,0.004405286
4184,0,0.145692782,0.041522180
4185,0,0.023531378,0.004613576
4186,0,-0.000000000,0.000000000
4187,0,-0.000000000,0.000000000
4188,0,-0.000000000,0.000000000
4189,0,-0.000000000,0.000000000
4190,0,0.985228136,0.857142857
4191,0,0.069054382,0.016528926
4192,0,0.065490821,0.015503876
4193,0,-0.000000000,0.000000000
4194,0,-0.000000000,0.000000000
4195,0,-0.000000000,0.000000000
4196,0,0.985228136,0.857142857
4197,0,-0.000000000,0.000000000
4198,0,0.143726170,0.040816327
4199,0,0.023187512,0.004535147
4200,0,-0.000000000,0.000000000
4201,0,-0.000000000,0.000000000
4202,0,0.503258335,0.222222222
4203,0,0.095970403,0.024691358
4204,0,0.154729451,0.044806517
4205,0,0.025118958,0.004978502
4206,0,0.145948558,0.041614217
4207,0,0.023576143,0.004623802
4208,0,0.508715537,0.225876535
4209,0,0.097251439,0.025097393
4210,0,0.532342870,0.242079949
4211,0,0.023181481,0.004533774
4212,0,0.508609717,0.225805366
4213,0,-0.000000000,0.000000000
4214,0,-0.000000000,0.000000000
4215,0,-0.000000000,0.000000000
4216,0,0.503258335,0.222222222
4217,0,0.021519932,0.004158004
4218,0,0.508167846,0.225508318
4219,0,0.097122578,0.025056480
4220,0,0.532296507,0.242047532
4221,0,0.023178785,0.004533160
4222,0,0.145749843,0.041542708
4223,0,0.004926820,0.000770792
4224,0,-0.000000000,0.000000000
4225,0,-0.000000000,0.000000000
4226,0,0.503258335,0.222222222
4227,0,-0.000000000,0.000000000
4228,0,0.503258335,0.222222222
4229,0,-0.000000000,0.000000000
4230,0,-0.000000000,0.000000000
4231,0,-0.000000000,0.000000000
4232,0,0.503258335,0.222222222
4233,0,-0.000000000,0.000000000
4234,0,0.143726170,0.040816327
4235,0,0.023187512,0.004535147
4236,0,-0.000000000,0.000000000
4237,0,-0.000000000,0.000000000
4238,0,0.143726170,0.040816327
4239,0,-0.000000000,0.000000000
4240,0,0.503258335,0.222222222
4241,0,0.095970403,0.024691358
4242,0,0.154729451,0.044806517
4243,0,-0.000000000,0.000000000
4244,0,0.143726170,0.040816327
4245,0,0.023187512,0.004535147
4246,0,0.508611331,0.225806452
4247,0,-0.000000000,0.000000000
4248,0,0.143726170,0.040816327
4249,0,0.004850167,0.000757289
4250,0,-0.000000000,0.000000000
4251,0,-0.000000000,0.000000000
4252,0,-0.000000000,0.000000000
4253,0,-0.000000000,0.000000000
4254,0,0.143726170,0.040816327
4255,0,0.004850167,0.000757289
4256,0,0.506282141,0.223274012
4257,0,0.023796409,0.004794991
4258,0,0.146003233,0.041633691
4259,0,0.023568343,0.004620506
4260,0,0.145794036,0.041557658
4261,0,0.023548614,0.004617418
4262,0,0.166793215,0.049862375
4263,0,0.025014671,0.008237489
4264,0,0.163688573,0.051803084
4265,0,0.017014007,0.009501343
4266,0,0.520272336,0.234186875
4267,0,0.100370405,0.026640599
4268,0,0.536219490,0.244222047
4269,0,0.104034437,0.027347771
4270,0,0.535590406,1.756845282
4271,0,0.001301954,0.000618221
4272,0,0.503302550,0.222235187
4273,0,0.309543429,0.111111111
4274,0,0.309543429,0.222222222
4275,0,0.360761657,0.211111111
4276,0,0.423679826,0.312964870
4277,0,0.579445061,0.399834346
4278,0,0.469240717,0.342887985
4279,0,0.255605182,0.232328483
4280,0,0.247317334,0.123511192
4281,0,0.031658380,0.007343465
4282,0,0.526377529,0.232404397
4283,0,0.018759102,0.007544315
4284,0,0.152815607,0.046212773
4285,0,0.026570681,0.005960531
4286,0,0.511246695,1.775035494
4287,0,0.022312230,0.004464321
4288,0,0.145705106,0.041541959
4289,0,0.104702692,0.027607886
4290,0,0.155910365,0.045240650
4291,0,0.005314547,0.000839548
4292,0,-0.000000000,0.000000000
4293,0,-0.000000000,0.000000000
4294,0,-0.000000000,0.000000000
4295,0,-0.000000000,0.000000000
4296,0,0.503258335,0.222222222
4297,0,0.095970403,0.024691358
4298,0,0.531882603,0.241758242
4299,0,0.023154724,0.004527681
4300,0,0.022800477,0.004447140
4301,0,0.145513403,0.041457664
4302,0,0.162178220,0.047563822
4303,0,-0.000000000,0.000000000
4304,0,-0.000000000,0.000000000
4305,0,-0.000000000,0.000000000
4306,0,-0.000000000,0.000000000
4307,0,-0.000000000,0.000000000
4308,0,0.985228136,0.857142857
4309,0,0.069054382,0.016528926
4310,0,-0.000000000,0.000000000
4311,0,-0.000000000,0.000000000
4312,0,0.503258335,0.222222222
4313,0,0.095970403,0.024691358
4314,0,1.002458636,1.096663815
4315,0,0.159984976,0.039560440
4316,0,-0.000000000,0.000000000
4317,0,-0.000000000,0.000000000
4318,0,0.143726170,0.040816327
4319,0,0.004850167,0.000757289
4320,0,-0.000000000,0.000000000
4321,0,-0.000000000,0.000000000
4322,0,-0.000000000,0.000000000
4323,0,-0.000000000,0.000000000
4324,0,-0.000000000,0.000000000
4325,0,-0.000000000,0.000000000
4326,0,0.985228136,1.142857143
4327,0,0.276195428,0.095238095
4328,0,1.026327293,1.033434650
4329,0,-0.000000000,0.000000000
4330,0,0.503258335,0.222222222
4331,0,-0.000000000,0.000000000
4332,0,0.503258335,1.777777778
4333,0,-0.000000000,0.000000000
4334,0,-0.000000000,0.000000000
4335,0,-0.000000000,0.000000000
4336,0,0.985228136,1.142857143
4337,0,-0.000000000,0.000000000
4338,0,-0.000000000,0.000000000
4339,0,-0.000000000,0.000000000
4340,0,0.143726170,0.040816327
4341,0,-0.000000000,0.000000000
4342,0,-0.000000000,0.000000000
4343,0,-0.000000000,0.000000000
4344,0,-0.000000000,0.000000000
4345,0,-0.000000000,0.000000000
4346,0,0.503258335,0.222222222
4347,0,0.095970403,0.024691358
4348,0,0.531882603,0.241758242
4349,0,-0.000000000,0.000000000
4350,0,-0.000000000,0.000000000
4351,0,-0.000000000,0.000000000
4352,0,-0.000000000,0.000000000
4353,0,-0.000000000,0.000000000
4354,0,-0.000000000,0.000000000
4355,0,-0.000000000,0.000000000
4356,0,0.143726170,1.959183673
4357,0,-0.000000000,0.000000000
4358,0,0.503258335,0.222222222
4359,0,0.021519932,0.004158004
4360,0,0.145582434,0.041482489
4361,0,0.023512068,0.004609165
4362,0,0.023146140,0.004525726
4363,0,0.041628890,0.008001457
4364,0,0.512673313,0.228547173
4365,0,0.710325086,0.388545938
4366,0,0.838576139,1.464005465
4367,0,-0.000000000,0.000000000
4368,0,0.503258335,0.222222222
4369,0,0.095970403,0.024691358
4370,0,1.002458636,0.906757913
4371,0,0.290116657,0.101756788
4372,0,-0.000000000,0.000000000
4373,0,-0.000000000,0.000000000
4374,0,-0.000000000,0.000000000
4375,0,-0.000000000,0.000000000
4376,0,0.143726170,0.040816327
4377,0,0.004850167,0.000757289
4378,0,0.504155247,0.222820599
4379,0,-0.000000000,0.000000000
4380,0,0.503258335,0.222222222
4381,0,0.365055190,0.139534884
4382,0,0.650022422,0.333333333
4383,0,0.030588853,0.006269592
4384,0,-0.000000000,0.000000000
4385,0,-0.000000000,0.000000000
4386,0,-0.000000000,0.000000000
4387,0,0.143726170,0.040816327
4388,0,0.549910905,1.745454545
4389,0,-0.000000000,0.000000000
4390,0,-0.000000000,0.000000000
4391,0,-0.000000000,0.000000000
4392,0,-0.000000000,0.000000000
4393,0,-0.000000000,0.000000000
4394,0,-0.000000000,0.000000000
4395,0,-0.000000000,0.000000000
4396,0,0.143726170,0.040816327
4397,0,0.004850167,0.000757289
4398,0,0.985956528,1.141398038
4399,0,0.069182853,0.016566135
4400,0,0.522602183,0.235323572
4401,0,0.100541086,0.026147064
4402,0,-0.000000000,0.000000000
4403,0,-0.000000000,0.000000000
4404,0,0.503258335,0.222222222
4405,0,0.021519932,0.004158004
4406,0,0.145582434,0.041482489
4407,0,0.023512068,0.004609165
4408,0,0.508698334,0.225864965
4409,0,-0.000000000,0.000000000
4410,0,0.143726170,0.040816327
4411,0,0.102899790,0.026905830
4412,0,-0.000000000,0.000000000
4413,0,-0.000000000,0.000000000
4414,0,0.503258335,1.777777778
4415,0,-0.000000000,0.000000000
4416,0,0.503258335,0.222222222
4417,0,0.021519932,0.004158004
4418,0,0.145582434,0.041482489
4419,0,-0.000000000,0.000000000
4420,0,0.503258335,0.222222222
4421,0,0.365055190,0.139534884
4422,0,0.205592508,0.064516129
4423,0,0.034280386,0.007168459
4424,0,0.146925492,0.041966251
4425,0,0.023747218,0.004662917
4426,0,0.508761508,0.225907457
4427,0,0.021829843,0.004227687
4428,0,0.508249810,0.225563402
4429,0,0.021800941,0.004221181
4430,0,-0.000000000,0.000000000
4431,0,-0.000000000,0.000000000
4432,0,-0.000000000,0.000000000
4433,0,-0.000000000,0.000000000
4434,0,0.503258335,0.222222222
4435,0,0.095970403,0.024691358
4436,0,-0.000000000,0.000000000
4437,0,-0.000000000,0.000000000
4438,0,-0.000000000,0.000000000
4439,0,-0.000000000,0.000000000
4440,0,-0.000000000,0.000000000
4441,0,-0.000000000,0.000000000
4442,0,-0.000000000,0.000000000
4443,0,-0.000000000,0.000000000
4444,0,0.503258335,0.222222222
4445,0,-0.000000000,0.000000000
4446,0,0.985228136,1.142857143
4447,0,0.276195428,0.095238095
4448,0,0.607171655,0.297872340
4449,0,0.027750437,0.005593288
4450,0,0.146222852,0.041712978
4451,0,0.023624161,0.004634775
4452,0,-0.000000000,0.000000000
4453,0,-0.000000000,0.000000000
4454,0,-0.000000000,0.000000000
4455,0,-0.000000000,0.000000000
4456,0,-0.000000000,0.000000000
4457,0,0.985228136,1.142857143
4458,0,0.996791632,1.066666667
4459,0,0.074307100,0.018064516
4460,0,-0.000000000,0.000000000
4461,0,-0.000000000,0.000000000
4462,0,-0.000000000,0.000000000
4463,0,-0.000000000,0.000000000
4464,0,-0.000000000,0.000000000
4465,0,-0.000000000,0.000000000
4466,0,0.503258335,0.222222222
4467,0,0.021519932,0.004158004
4468,0,-0.000000000,0.000000000
4469,0,-0.000000000,0.000000000
4470,0,0.503258335,0.222222222
4471,0,-0.000000000,0.000000000
4472,0,0.143726170,0.040816327
4473,0,0.004850167,0.000757289
4474,0,0.144064358,0.040937481
4475,0,0.004862963,0.000759541
4476,0,-0.000000000,0.000000000
4477,0,-0.000000000,0.000000000
4478,0,0.143726170,0.040816327
4479,0,0.004850167,0.000757289
4480,0,0.144064358,0.040937481
4481,0,0.103144358,0.026984796
4482,0,-0.000000000,0.000000000
4483,0,-0.000000000,0.000000000
4484,0,0.985228136,1.142857143
4485,0,0.069054382,0.016528926
4486,0,-0.000000000,0.000000000
4487,0,-0.000000000,0.000000000
4488,0,-0.000000000,0.000000000
4489,0,-0.000000000,0.000000000
4490,0,0.503258335,1.777777778
4491,0,0.095970403,0.024691358
4492,0,0.531882603,0.241758242
4493,0,0.023154724,0.004527681
4494,0,0.145747398,0.041541828
4495,0,0.023540936,0.004615759
4496,0,0.989170516,0.866649223
4497,0,0.069833111,0.016754742
4498,0,0.151197525,0.043514885
4499,0,0.024496999,0.004834987
4500,0,-0.000000000,0.000000000
4501,0,-0.000000000,0.000000000
4502,0,0.503258335,0.222222222
4503,0,0.021519932,0.004158004
4504,0,0.508167846,0.225508318
4505,0,0.097122578,0.025056480
4506,0,0.532296507,0.242047532
4507,0,-0.000000000,0.000000000
4508,0,0.143726170,0.040816327
4509,0,-0.000000000,0.000000000
4510,0,0.143726170,0.040816327
4511,0,0.004850167,0.000757289
4512,0,0.504155247,0.222820599
4513,0,0.096180499,0.024757844
4514,0,0.154759021,0.044817374
4515,0,0.005270372,0.000831677
4516,0,0.144097576,0.040949386
4517,0,0.023252408,0.004549932
4518,0,0.508628710,0.225818139
4519,0,-0.000000000,0.000000000
4520,0,0.503258335,0.222222222
4521,0,0.365055190,0.139534884
4522,0,-0.000000000,0.000000000
4523,0,-0.000000000,0.000000000
4524,0,0.503258335,0.222222222
4525,0,-0.000000000,0.000000000
4526,0,0.503258335,0.222222222
4527,0,0.021519932,0.004158004
4528,0,0.021216584,0.004089980
4529,0,0.145369887,0.041406067
4530,0,1.010838014,0.938691792
4531,0,-0.000000000,0.000000000
4532,0,0.143726170,0.040816327
4533,0,-0.000000000,0.000000000
4534,0,0.143726170,0.040816327
4535,0,-0.000000000,0.000000000
4536,0,0.143726170,0.040816327
4537,0,0.102899790,0.026905830
4538,0,1.003690120,0.911062907
4539,0,0.073454181,0.017813206
4540,0,-0.000000000,0.000000000
4541,0,-0.000000000,0.000000000
4542,0,-0.000000000,0.000000000
4543,0,-0.000000000,0.000000000
4544,0,-0.000000000,0.000000000
4545,0,-0.000000000,0.000000000
4546,0,0.143726170,0.040816327
4547,0,0.023187512,0.004535147
4548,0,0.508611331,0.225806452
4549,0,0.097226916,0.025089606
4550,0,0.532334046,1.757926221
4551,0,0.023180968,0.004533657
4552,0,-0.000000000,0.000000000
4553,0,-0.000000000,0.000000000
4554,0,0.143726170,0.040816327
4555,0,0.023187512,0.004535147
4556,0,0.145750730,0.041543027
4557,0,0.104363976,0.027379400
4558,0,0.155924750,0.045245946
4559,0,0.025329869,0.005027327
4560,0,0.145970343,0.041622059
4561,0,0.004935183,0.000772267
4562,0,0.144071047,1.959060122
4563,0,0.023247772,0.004548875
4564,0,0.145756856,0.041545231
4565,0,0.023542591,0.004616137
4566,0,0.989170813,1.134005668
4567,0,0.278888136,0.096487022
4568,0,-0.000000000,0.000000000
4569,0,-0.000000000,0.000000000
4570,0,0.143726170,0.040816327
4571,0,-0.000000000,0.000000000
4572,0,0.143726170,0.040816327
4573,0,0.004850167,0.000757289
4574,0,0.504155247,0.222820599
4575,0,0.096180499,0.024757844
4576,0,0.154759021,0.044817374
4577,0,0.005270372,0.000831677
4578,0,-0.000000000,0.000000000
4579,0,-0.000000000,0.000000000
4580,0,0.143726170,0.040816327
4581,0,0.004850167,0.000757289
4582,0,0.144064358,0.040937481
4583,0,0.004862963,0.000759541
4584,0,0.144065364,0.040937841
4585,0,0.004863002,0.000759548
4586,0,0.504157920,0.222822384
4587,0,0.021570453,0.004169351
4588,0,0.145587498,0.041484310
4589,0,-0.000000000,0.000000000
4590,0,0.143726170,0.040816327
4591,0,0.004850167,0.000757289
4592,0,0.504155247,0.222820599
4593,0,0.021570303,0.004169317
4594,0,0.145587483,0.041484305
4595,0,-0.000000000,0.000000000
4596,0,-0.000000000,0.000000000
4597,0,-0.000000000,0.000000000
4598,0,0.985228136,0.857142857
4599,0,-0.000000000,0.000000000
4600,0,0.143726170,0.040816327
4601,0,0.023187512,0.004535147
4602,0,0.101427826,0.026431718
4603,0,0.530893776,0.241067923
4604,0,0.250701362,0.083695730
4605,0,-0.000000000,0.000000000
4606,0,-0.000000000,0.000000000
4607,0,-0.000000000,0.000000000
4608,0,0.985228136,1.142857143
4609,0,-0.000000000,0.000000000
4610,0,0.503258335,0.222222222
4611,0,-0.000000000,0.000000000
4612,0,0.143726170,0.040816327
4613,0,0.004850167,0.000757289
4614,0,-0.000000000,0.000000000
4615,0,-0.000000000,0.000000000
4616,0,0.143726170,0.040816327
4617,0,-0.000000000,0.000000000
4618,0,-0.000000000,0.000000000
4619,0,-0.000000000,0.000000000
4620,0,0.503258335,0.222222222
4621,0,0.021519932,0.004158004
4622,0,0.508167846,0.225508318
4623,0,0.097122578,0.025056480
4624,0,0.154891837,0.044866147
4625,0,0.005275465,0.000832584
4626,0,-0.000000000,0.000000000
4627,0,-0.000000000,0.000000000
4628,0,-0.000000000,0.000000000
4629,0,-0.000000000,0.000000000
4630,0,0.503258335,0.222222222
4631,0,0.365055190,0.139534884
4632,0,-0.000000000,0.000000000
4633,0,-0.000000000,0.000000000
4634,0,0.503258335,0.222222222
4635,0,-0.000000000,0.000000000
4636,0,0.143726170,0.040816327
4637,0,-0.000000000,0.000000000
4638,0,0.143726170,0.040816327
4639,0,0.023187512,0.004535147
4640,0,0.145750730,0.041543027
4641,0,0.004926853,0.000770798
4642,0,0.144070391,0.040939643
4643,0,0.023247658,0.004548849
4644,0,-0.000000000,0.000000000
4645,0,-0.000000000,0.000000000
4646,0,-0.000000000,0.000000000
4647,0,-0.000000000,0.000000000
4648,0,0.143726170,0.040816327
4649,0,-0.000000000,0.000000000
4650,0,-0.000000000,0.000000000
4651,0,-0.000000000,0.000000000
4652,0,0.143726170,0.040816327
4653,0,0.004850167,0.000757289
4654,0,0.504155247,0.222820599
4655,0,0.021570303,0.004169317
4656,0,0.145587483,1.958515695
4657,0,0.004920663,0.000769706
4658,0,-0.000000000,0.000000000
4659,0,-0.000000000,0.000000000
4660,0,0.503258335,0.222222222
4661,0,0.021519932,0.004158004
4662,0,0.145582434,0.041482489
4663,0,-0.000000000,0.000000000
4664,0,0.985228136,1.142857143
4665,0,0.069054382,0.016528926
4666,0,-0.000000000,0.000000000
4667,0,-0.000000000,0.000000000
4668,0,-0.000000000,0.000000000
4669,0,0.143726170,0.040816327
4670,0,0.549910905,0.254545455
4671,0,0.024214427,0.004770017
4672,0,0.508887364,0.225992124
4673,0,-0.000000000,0.000000000
4674,0,0.503258335,0.222222222
4675,0,-0.000000000,0.000000000
4676,0,-0.000000000,0.000000000
4677,0,-0.000000000,0.000000000
4678,0,0.503258335,0.222222222
4679,0,-0.000000000,0.000000000
4680,0,0.985228136,0.857142857
4681,0,0.069054382,0.016528926
4682,0,-0.000000000,0.000000000
4683,0,-0.000000000,0.000000000
4684,0,-0.000000000,0.000000000
4685,0,0.985228136,0.857142857
4686,0,-0.000000000,0.000000000
4687,0,-0.000000000,0.000000000
4688,0,-0.000000000,0.000000000
4689,0,-0.000000000,0.000000000
4690,0,-0.000000000,0.000000000
4691,0,-0.000000000,0.000000000
4692,0,-0.000000000,0.000000000
4693,0,-0.000000000,0.000000000
4694,0,0.985228136,0.857142857
4695,0,0.069054382,0.016528926
4696,0,0.065490821,0.015503876
4697,0,0.519602000,0.233264320
4698,0,0.730787975,0.408949658
4699,0,0.156448480,0.045438851
4700,0,0.163944797,0.048224342
4701,0,0.005624500,0.000895042
4702,0,-0.000000000,0.000000000
4703,0,-0.000000000,0.000000000
4704,0,0.143726170,0.040816327
4705,0,0.023187512,0.004535147
4706,0,0.508611331,0.225806452
4707,0,0.097226916,0.025089606
4708,0,0.154906569,0.044871558
4709,0,0.025150197,0.004985729
4710,0,0.145951782,0.041615378
4711,0,-0.000000000,0.000000000
4712,0,0.503258335,1.777777778
4713,0,0.021519932,0.004158004
4714,0,0.988808991,0.865711331
4715,0,0.783553195,0.466018493
4716,0,-0.000000000,0.000000000
4717,0,-0.000000000,0.000000000
4718,0,-0.000000000,0.000000000
4719,0,-0.000000000,0.000000000
4720,0,0.143726170,0.040816327
4721,0,-0.000000000,0.000000000
4722,0,0.143726170,0.040816327
4723,0,-0.000000000,0.000000000
4724,0,0.985228136,1.142857143
4725,0,-0.000000000,0.000000000
4726,0,0.143726170,0.040816327
4727,0,0.004850167,0.000757289
4728,0,0.506282141,0.223274012
4729,0,-0.000000000,0.000000000
4730,0,0.143726170,0.040816327
4731,0,0.004850167,0.000757289
4732,0,0.504155247,0.222820599
4733,0,0.096180499,0.024757844
4734,0,0.531957992,0.241810919
4735,0,0.023159105,0.004528678
4736,0,0.518412942,0.228512053
4737,0,0.315736115,0.113360375
4738,0,1.164529942,0.985994211
4739,0,0.949314460,0.550970083
4740,0,1.196594335,1.038052831
4741,0,0.226017998,0.074302301
4742,0,0.198697505,0.053826310
4743,0,0.060223684,0.013130711
4744,0,0.993764055,1.146140196
4745,0,1.379868077,1.425610991
4746,0,1.137064334,0.957244479
4747,0,0.309749542,0.134958991
4748,0,0.670724496,0.302212511
4749,0,1.444059380,1.800424985
4750,0,1.295944374,1.593367013
4751,0,1.523039557,0.983597094
4752,0,1.823573776,2.643256955
4753,0,1.246856507,1.109102355
4754,0,0.989613270,0.587042745
4755,0,1.933576622,1.638231907
4756,0,1.675433546,1.707868522
4757,0,1.241505684,2.960348771
4758,0,1.360660544,1.783402433
4759,0,0.844704518,0.733462248
4760,0,1.239353785,0.989088288
4761,0,0.671250897,0.412641687
4762,0,0.099583609,0.149572393
4763,0,0.003887236,0.002353387
4764,0,0.003522428,0.002114283
4765,0,0.144533554,0.041154214
4766,0,0.301764307,0.087131591
4767,0,0.325091412,0.095825864
4768,0,0.325831020,0.096104176
4769,0,0.999678070,0.978875217
4770,0,0.302285750,0.080000000
4771,0,1.010822247,1.001430513
4772,0,1.024236172,0.401280937
4773,0,1.191458180,1.031161823
4774,0,1.913561150,1.982557950
4775,0,0.999959919,1.007454126
4776,0,1.021924087,0.400000000
4777,0,0.999980399,1.005212738
4778,0,0.302291797,0.080000000
4779,0,1.010775542,1.000243869
4780,0,1.528224672,1.004471471
4781,0,0.999527959,0.974420396
4782,0,1.870808982,1.400000000
4783,0,1.114452119,1.035442767
4784,0,1.058174149,0.420388299
4785,0,1.046206647,1.001425391
4786,0,1.034224650,1.797296539
4787,0,1.666078423,1.193467148
4788,0,0.461725441,0.135795595
4789,0,1.017728184,1.004158391
4790,0,0.303951264,0.080536900
4791,0,1.050992043,1.006191861
4792,0,-0.000000000,0.000000000
4793,0,1.000000000,1.000000000
4794,0,1.021928095,0.400000000
4795,0,1.044208200,1.001704545
4796,0,-0.000000000,0.000000000
4797,0,1.000000000,1.000000000
4798,0,1.500000000,1.000000000
4799,0,1.508326883,1.208333333
4800,0,1.674237161,1.715144877
4801,0,1.713312453,1.867976182
4802,0,2.358445476,1.767802000
4803,0,2.130484847,1.278622486
4804,0,0.726508853,0.250750355
4805,0,1.146656151,0.988332318
4806,0,1.069971846,0.426934352
4807,0,0.999992486,0.996772598
4808,0,0.302292039,0.080000000
4809,0,1.050681376,1.006170584
4810,0,-0.000000000,0.000000000
4811,0,1.000000000,1.000000000
4812,0,1.500000000,1.000000000
4813,0,2.242595798,1.780000000
4814,0,1.852646566,1.514158219
4815,0,1.113839189,1.063955308
4816,0,1.569800984,2.081825628
4817,0,2.267958556,1.711304443
4818,0,0.968834453,0.367171562
4819,0,1.043710226,0.985130122
4820,0,1.033387428,0.406350890
4821,0,1.045079750,1.006701885
4822,0,1.033857783,0.406642279
4823,0,0.999986807,0.995723418
4824,0,-0.000000000,0.000000000
4825,0,1.000000000,1.000000000
4826,0,1.870950594,2.000000000
4827,0,1.115135655,1.005357143
4828,0,0.317490439,0.084962493
4829,0,0.999999434,0.999114174
4830,0,0.302292178,0.080000000
4831,0,1.010783258,1.000319365
4832,0,1.024228065,0.401277123
4833,0,1.191442746,1.031196481
4834,0,1.913555537,1.385377687
4835,0,1.465456539,1.112323348
4836,0,1.974761517,1.370672315
4837,0,0.999915020,1.010853812
4838,0,1.021919597,0.400000000
4839,0,0.999990522,1.003624735
4840,0,1.870947751,2.002174841
4841,0,1.442436136,1.094203270
4842,0,1.723974914,1.932819338
4843,0,1.727499858,1.155937722
4844,0,0.482217350,0.143572416
4845,0,1.018913560,1.007057415
4846,0,1.026272504,0.402399043
4847,0,1.044512464,1.008470623
4848,0,1.033693291,0.406553717
4849,0,1.044879773,1.001919682
4850,0,0.307199499,0.081593953
4851,0,1.010983584,1.000368243
4852,0,-0.000000000,0.000000000
4853,0,1.000000000,1.000000000
4854,0,1.870950594,1.200000000
4855,0,1.442705945,1.096666667
4856,0,1.969897878,1.359798932
4857,0,1.134532388,1.012328131
4858,0,-0.000000000,0.000000000
4859,0,1.000000000,1.000000000
4860,0,0.302292189,0.080000000
4861,0,0.999999424,0.999106345
4862,0,1.021928037,0.400000000
4863,0,1.044201183,1.001625160
4864,0,0.307113604,0.081566103
4865,0,1.051531992,1.006602574
4866,0,-0.000000000,0.000000000
4867,0,1.000000000,1.000000000
4868,0,1.021928095,0.400000000
4869,0,1.190930197,1.031111111
4870,0,0.330757837,0.089359612
4871,0,1.056035831,1.006492827
4872,0,1.037323467,1.796644428
4873,0,1.045127828,1.008634847
4874,0,0.307229690,0.081603662
4875,0,0.999999445,1.000877301
4876,0,-0.000000000,0.000000000
4877,0,1.000000000,1.000000000
4878,0,1.870950594,1.200000000
4879,0,1.115135655,1.028571429
4880,0,-0.000000000,0.000000000
4881,0,1.000000000,1.000000000
4882,0,0.302292189,0.080000000
4883,0,1.010784836,1.001785714
4884,0,1.872752561,1.399489841
4885,0,1.443456332,1.093475993
4886,0,1.724586724,1.089172269
4887,0,1.217485071,1.053486735
4888,0,-0.000000000,0.000000000
4889,0,1.000000000,1.000000000
4890,0,0.302292189,0.080000000
4891,0,1.050654972,1.006444444
4892,0,1.035616201,0.407633189
4893,0,1.045017245,1.002266287
4894,0,0.307216057,0.081599268
4895,0,1.010984965,1.001791430
4896,0,0.303258215,0.080313150
4897,0,1.010823917,1.000341326
4898,0,-0.000000000,0.000000000
4899,0,1.000000000,1.000000000
4900,0,0.302292189,0.080000000
4901,0,1.010784836,1.000334821
4902,0,1.024228392,1.799495303
4903,0,1.044337928,1.001732399
4904,0,-0.000000000,0.000000000
4905,0,1.000000000,1.000000000
4906,0,1.021928095,0.400000000
4907,0,0.999984960,1.004566210
4908,0,0.302291888,0.080000000
4909,0,1.010776696,1.001862491
4910,0,1.872749771,1.999894849
4911,0,0.999848762,1.014479410
4912,0,-0.000000000,0.000000000
4913,0,1.000000000,1.000000000
4914,0,-0.000000000,0.000000000
4915,0,1.000000000,1.000000000
4916,0,0.302292189,0.080000000
4917,0,0.999999424,1.000893655
4918,0,0.302292178,0.080000000
4919,0,0.999999404,1.000908828
4920,0,1.870950416,1.400000000
4921,0,1.115112659,1.005103373
4922,0,-0.000000000,0.000000000
4923,0,1.000000000,1.000000000
4924,0,1.021928095,0.400000000
4925,0,1.190930197,1.031111111
4926,0,1.089151666,0.438252490
4927,0,1.206774753,1.031843218
4928,0,0.333718274,0.090344662
4929,0,1.012118137,1.001370544
4930,0,1.024551115,0.401454659
4931,0,1.191540463,1.031142893
4932,0,1.089410593,0.438402280
4933,0,0.999995673,0.997550728
4934,0,0.302292103,0.080000000
4935,0,0.999999369,1.000935240
4936,0,0.302292176,0.080000000
4937,0,0.999999403,0.999090466
4938,0,-0.000000000,0.000000000
4939,0,1.000000000,1.000000000
4940,0,0.302292189,0.080000000
4941,0,1.010784836,1.000334821
4942,0,1.872752561,1.202045054
4943,0,1.443456332,1.093475993
4944,0,1.970062197,1.361470227
4945,0,1.134576628,1.012223945
4946,0,0.320554535,0.085966036
4947,0,0.999999885,1.000399590
4948,0,1.021928083,0.400000000
4949,0,1.190917840,1.031143078
4950,0,0.330756201,0.089359093
4951,0,1.056034934,1.006493902
4952,0,1.037323208,0.408581495
4953,0,1.045127794,1.008635059
4954,0,-0.000000000,0.000000000
4955,0,1.000000000,1.000000000
4956,0,0.302292189,0.080000000
4957,0,1.050654972,1.006222222
4958,0,0.307950877,0.081838984
4959,0,1.011021502,1.000446708
4960,0,1.024285301,0.401308584
4961,0,1.191459880,1.032373612
4962,0,1.913560358,1.258660798
4963,0,1.465460801,1.112332282
4964,0,0.395158182,0.111503046
4965,0,1.014786576,1.002622723
4966,0,-0.000000000,0.000000000
4967,0,1.000000000,1.000000000
4968,0,1.021928095,0.400000000
4969,0,1.044208200,1.009090909
4970,0,-0.000000000,0.000000000
4971,0,1.000000000,1.000000000
4972,0,-0.000000000,0.000000000
4973,0,1.000000000,1.000000000
4974,0,0.302292189,0.080000000
4975,0,1.050654972,1.006444444
4976,0,-0.000000000,0.000000000
4977,0,1.000000000,1.000000000
4978,0,1.500000000,2.000000000
4979,0,1.180906651,1.009375000
4980,0,1.911283476,1.386288181
4981,0,0.999869337,0.986541478
4982,0,0.302289576,0.080000000
4983,0,1.010760791,1.000099997
4984,0,0.303236511,0.080306182
4985,0,1.050824582,1.006470399
4986,0,-0.000000000,0.000000000
4987,0,1.000000000,1.000000000
4988,0,1.021928095,0.400000000
4989,0,1.044208200,1.001704545
4990,0,-0.000000000,0.000000000
4991,0,1.000000000,1.000000000
4992,0,-0.000000000,0.000000000
4993,0,1.000000000,1.000000000
4994,0,1.500000000,2.000000000
4995,0,1.180906651,1.050000000
4996,0,-0.000000000,0.000000000
4997,0,1.000000000,1.000000000
4998,0,1.021928095,1.800000000
4999,0,0.999984960,1.004566210
5000,0,1.021926591,0.400000000
5001,0,1.190788742,1.031476408
5002,0,0.334504014,0.090585855
5003,0,1.066176628,1.024481414
5004,0,1.024356134,2.511299989
5005,0,1.439138079,1.499500704
5006,0,0.478524274,0.159613629
5007,0,1.116090637,1.015877652
5008,0,0.947960185,0.594045816
5009,0,1.516806079,1.536584795
5010,0,0.497184682,0.167841224
5011,0,1.170788095,1.094755778
5012,0,1.124209626,0.476025251
5013,0,0.999999999,0.999954519
5014,0,0.302292189,0.080000000
5015,0,1.010784917,1.000335615
5016,0,-0.000000000,0.000000000
5017,0,1.000000000,1.000000000
5018,0,0.302292189,0.080000000
5019,0,1.010784836,1.000334821
5020,0,0.303238394,0.080306742
5021,0,1.050827150,1.006475769
5022,0,1.529524869,1.007697221
5023,0,1.184153576,1.047781314
5024,0,1.086367840,1.997467056
5025,0,0.999988542,1.003985460
5026,0,0.302291960,0.080000000
5027,0,0.999999333,0.999038677
5028,0,-0.000000000,0.000000000
5029,0,1.000000000,1.000000000
5030,0,0.302292189,0.080000000
5031,0,1.010784836,1.000334821
5032,0,-0.000000000,0.000000000
5033,0,1.000000000,1.000000000
5034,0,0.302292189,0.080000000
5035,0,1.050654972,1.006444444
5036,0,1.529419530,1.007662958
5037,0,1.642542220,1.940595278
5038,0,2.004298378,1.338546573
5039,0,0.999740076,1.018981828
5040,0,1.499870038,1.000000000
5041,0,0.999805943,0.983598549
5042,0,0.302288308,0.080000000
5043,0,1.050520251,1.006120060
5044,0,1.035580852,0.407616272
5045,0,1.194101094,1.033416292
5046,0,-0.000000000,0.000000000
5047,0,1.000000000,1.000000000
5048,0,0.302292189,0.080000000
5049,0,1.216063438,1.032034632
5050,0,1.919354858,1.977455488
5051,0,1.469221152,1.091165427
5052,0,0.396142188,0.111851935
5053,0,1.014839643,1.000360948
5054,0,1.025226673,0.401826020
5055,0,1.044415201,1.008879923
5056,0,1.879495398,1.210400371
5057,0,0.999854259,1.014213820
5058,0,-0.000000000,0.000000000
5059,0,1.000000000,1.000000000
5060,0,1.870950594,1.200000000
5061,0,2.101710523,1.461904762
5062,0,2.014897675,1.693156138
5063,0,1.171708463,0.969010468
5064,0,0.327116924,0.088157587
5065,0,1.011975881,1.000186168
5066,0,-0.000000000,0.000000000
5067,0,1.000000000,1.000000000
5068,0,1.021928095,0.400000000
5069,0,0.999984960,1.004566210
5070,0,0.302291888,0.080000000
5071,0,1.010776696,1.000255150
5072,0,0.303237755,0.080306552
5073,0,1.010822851,1.000338902
5074,0,1.024237569,0.401282349
5075,0,1.044338475,1.009101093
5076,0,-0.000000000,0.000000000
5077,0,1.000000000,1.000000000
5078,0,0.302292189,0.080000000
5079,0,1.050654972,1.006444444
5080,0,-0.000000000,0.000000000
5081,0,1.000000000,1.000000000
5082,0,1.021928095,0.400000000
5083,0,0.999984960,1.004566210
5084,0,0.302291888,0.080000000
5085,0,1.010776696,1.000255150
5086,0,0.303237755,0.080306552
5087,0,1.010822851,1.001790330
5088,0,1.872759691,1.399488124
5089,0,1.443459648,1.096993894
5090,0,1.215425527,0.515671431
5091,0,1.056223250,1.010302124
5092,0,0.308666976,0.082069933
5093,0,1.011059887,1.000538899
5094,0,1.024294282,2.000100139
5095,0,1.508541730,1.542413780
5096,0,1.537100526,1.167955576
5097,0,1.665395263,1.046610895
5098,0,-0.000000000,0.000000000
5099,0,1.000000000,1.000000000
5100,0,-0.000000000,0.000000000
5101,0,1.000000000,1.000000000
5102,0,-0.000000000,0.000000000
5103,0,1.000000000,1.000000000
5104,0,1.021928095,1.800000000
5105,0,1.508326883,1.541666667
5106,0,2.020257248,1.293491285
5107,0,1.897573865,1.141654870
5108,0,0.559334318,0.174926995
5109,0,1.105737325,1.033193115
5110,0,0.315745878,0.084371095
5111,0,0.999999986,1.000137495
5112,0,-0.000000000,0.000000000
5113,0,1.000000000,1.000000000
5114,0,0.302292189,0.080000000
5115,0,1.010784836,1.001785714
5116,0,1.025153773,0.401472638
5117,0,1.140377030,1.045721157
5118,0,0.165029273,0.096843729
5119,0,1.055470612,1.026356206
5120,0,1.568364283,2.047720644
5121,0,1.195947833,1.022146058
5122,0,-0.000000000,0.000000000
5123,0,1.000000000,1.000000000
5124,0,-0.000000000,0.000000000
5125,0,1.000000000,1.000000000
5126,0,1.500000000,1.000000000
5127,0,2.242595798,1.620000000
5128,0,1.975921004,1.250128379
5129,0,1.182790262,0.955308494
5130,0,1.085613990,0.436406942
5131,0,1.705956139,1.225763147
5132,0,-0.000000000,0.000000000
5133,0,1.000000000,1.000000000
5134,0,1.870950594,2.000000000
5135,0,1.115135655,1.028571429
5136,0,-0.000000000,0.000000000
5137,0,1.000000000,1.000000000
5138,0,0.302292189,0.080000000
5139,0,1.216063438,1.041991342
5140,0,1.100187131,0.444732109
5141,0,0.999997810,0.998257751
5142,0,-0.000000000,0.000000000
5143,0,1.000000000,1.000000000
5144,0,1.021928095,0.400000000
5145,0,1.190930197,1.031111111
5146,0,0.330757837,0.089359612
5147,0,1.056035831,1.007849597
5148,0,0.308657943,0.082068466
5149,0,1.011053349,1.000480916
5150,0,-0.000000000,0.000000000
5151,0,1.000000000,1.000000000
5152,0,0.302292189,0.080000000
5153,0,1.050654972,1.006444444
5154,0,0.307950877,0.081838984
5155,0,0.999999521,1.000814952
5156,0,-0.000000000,0.000000000
5157,0,1.000000000,1.000000000
5158,0,1.870950594,1.200000000
5159,0,1.442705945,1.093333333
5160,0,0.389175081,0.109395083
5161,0,1.014486611,1.000880689
5162,0,-0.000000000,0.000000000
5163,0,1.000000000,1.000000000
5164,0,0.302292189,0.080000000
5165,0,1.010784836,1.001785714
5166,0,1.024228392,0.401277276
5167,0,1.044337928,1.001732399
5168,0,0.307130741,0.081571650
5169,0,0.999999428,1.000890700
5170,0,-0.000000000,0.000000000
5171,0,1.000000000,1.000000000
5172,0,-0.000000000,0.000000000
5173,0,1.000000000,1.000000000
5174,0,1.021928095,0.400000000
5175,0,0.999984960,0.995433790
5176,0,-0.000000000,0.000000000
5177,0,1.000000000,1.000000000
5178,0,0.302292189,0.080000000
5179,0,1.010784836,1.001785714
5180,0,1.024228392,1.999946696
5181,0,0.999984993,1.004561145
5182,0,1.499992497,2.004561145
5183,0,0.999440038,1.027859863
5184,0,1.021872099,0.400000000
5185,0,1.656469744,1.186091442
5186,0,-0.000000000,0.000000000
5187,0,1.000000000,1.000000000
5188,0,1.021928095,0.400000000
5189,0,1.190930197,1.032222222
5190,0,1.089151666,1.784885093
5191,0,0.999995579,1.002475607
5192,0,1.870949268,1.400000000
5193,0,1.115072791,1.029236623
5194,0,1.566199108,1.996713060
5195,0,1.188676412,1.049948458
5196,0,1.088267854,0.437648658
5197,0,1.206094087,1.033096695
5198,0,0.333612783,0.090310195
5199,0,0.999999884,0.999599149
5200,0,0.302292187,0.080000000
5201,0,0.999999415,1.000900461
5202,0,1.870950419,2.000540277
5203,0,0.999843258,1.014740514
5204,0,-0.000000000,0.000000000
5205,0,1.000000000,1.000000000
5206,0,-0.000000000,0.000000000
5207,0,1.000000000,1.000000000
5208,0,0.302292189,0.080000000
5209,0,0.999999424,0.999106345
5210,0,1.021928037,0.400000000
5211,0,1.190902555,1.031182604
5212,0,-0.000000000,0.000000000
5213,0,1.000000000,1.000000000
5214,0,1.500000000,1.000000000
5215,0,0.999525689,1.025641026
5216,0,-0.000000000,0.000000000
5217,0,1.000000000,1.000000000
5218,0,-0.000000000,0.000000000
5219,0,1.000000000,1.000000000
5220,0,-0.000000000,0.000000000
5221,0,1.000000000,1.000000000
5222,0,1.021928095,0.400000000
5223,0,0.999984960,1.004566210
5224,0,-0.000000000,0.000000000
5225,0,1.000000000,1.000000000
5226,0,0.302292189,0.080000000
5227,0,0.999999424,0.999106345
5228,0,0.302292178,0.080000000
5229,0,1.050647655,1.006426770
5230,0,1.035614277,1.796983603
5231,0,0.999987561,1.004152643
5232,0,-0.000000000,0.000000000
5233,0,1.000000000,1.000000000
5234,0,0.302292189,0.080000000
5235,0,1.010784836,1.001785714
5236,0,-0.000000000,0.000000000
5237,0,1.000000000,1.000000000
5238,0,1.021928095,0.400000000
5239,0,1.190930197,1.032222222
5240,0,1.913428813,1.258468394
5241,0,0.999959289,1.007512472
5242,0,1.870938381,1.200000000
5243,0,1.114942710,1.030589906
5244,0,1.566059414,1.998231872
5245,0,1.654568441,1.160915576
5246,0,-0.000000000,0.000000000
5247,0,1.000000000,1.000000000
5248,0,0.302292189,0.080000000
5249,0,1.050654972,1.006222222
5250,0,0.307950877,0.081838984
5251,0,0.999999521,0.999185048
5252,0,1.499999760,1.999185048
5253,0,1.633783862,1.160708163
5254,0,0.449992563,0.131394794
5255,0,0.999998780,0.998699326
5256,0,1.870950228,1.999219595
5257,0,0.999855874,1.014134863
5258,0,0.302289307,0.080000000
5259,0,0.999999073,0.998866357
5260,0,1.870950316,1.999319814
5261,0,1.115106955,1.005040600
5262,0,0.317487725,0.084961655
5263,0,0.999999426,1.000892017
5264,0,-0.000000000,0.000000000
5265,0,1.000000000,1.000000000
5266,0,-0.000000000,0.000000000
5267,0,1.000000000,1.000000000
5268,0,0.302292189,0.080000000
5269,0,1.050654972,1.006444444
5270,0,-0.000000000,0.000000000
5271,0,1.000000000,1.000000000
5272,0,0.302292189,0.080000000
5273,0,1.010784836,1.001785714
5274,0,1.506220607,1.999734453
5275,0,1.635277725,1.155850047
5276,0,-0.000000000,0.000000000
5277,0,1.000000000,1.000000000
5278,0,0.302292189,0.080000000
5279,0,1.010784836,1.000334821
5280,0,0.303238394,0.080306742
5281,0,1.050827150,1.006243004
5282,0,1.880857859,1.212170368
5283,0,1.447486730,1.093118338
5284,0,-0.000000000,0.000000000
5285,0,1.000000000,1.000000000
5286,0,1.021928095,0.400000000
5287,0,0.999984960,0.995433790
5288,0,-0.000000000,0.000000000
5289,0,1.000000000,1.000000000
5290,0,-0.000000000,0.000000000
5291,0,1.000000000,1.000000000
5292,0,-0.000000000,0.000000000
5293,0,1.000000000,1.000000000
5294,0,0.302292189,0.080000000
5295,0,0.999999424,0.999106345
5296,0,-0.000000000,0.000000000
5297,0,1.000000000,1.000000000
5298,0,0.302292189,0.080000000
5299,0,1.050654972,1.006444444
5300,0,1.880819478,2.004002038
5301,0,0.999877104,0.986947601
5302,0,-0.000000000,0.000000000
5303,0,1.000000000,1.000000000
5304,0,1.021928095,0.400000000
5305,0,0.999984960,1.004566210
5306,0,0.302291888,0.080000000
5307,0,0.999999320,0.999028817
5308,0,-0.000000000,0.000000000
5309,0,1.000000000,1.000000000
5310,0,0.302292189,0.080000000
5311,0,1.010784836,1.001785714
5312,0,1.024228392,0.401277276
5313,0,1.191443368,1.031195086
5314,0,0.330853587,0.089391462
5315,0,1.011985874,1.001495827
5316,0,1.024519137,0.401437250
5317,0,1.191527770,1.032437211
5318,0,0.330868270,0.089396305
5319,0,1.011986714,1.001493728
5320,0,1.024519335,1.799438013
5321,0,1.044359307,1.009049197
5322,0,0.307133286,0.081572465
5323,0,0.999999429,1.000889558
5324,0,-0.000000000,0.000000000
5325,0,1.000000000,1.000000000
5326,0,0.302292189,0.080000000
5327,0,1.050654972,1.006444444
5328,0,1.529419530,2.009995904
5329,0,2.249991601,1.660491378
5330,0,0.950654443,0.356764498
5331,0,1.042290040,1.020481393
5332,0,0.306828636,0.081469377
5333,0,1.011008589,1.000748814
5334,0,0.303259773,0.080313575
5335,0,1.050834945,1.006236000
5336,0,1.035672845,1.796972407
5337,0,1.667348412,1.935107485
5338,0,2.006624896,2.098607016
5339,0,1.146663392,1.050418693
5340,0,1.070291267,0.427271830
5341,0,0.999999991,1.000112447
5342,0,1.021928094,0.400000000
5343,0,1.044209082,1.001714534
5344,0,1.879447049,2.001167334
5345,0,1.116315304,1.005829344
5346,0,0.317675770,0.085023029
5347,0,0.999999447,1.000875725
5348,0,0.302292178,2.000035029
5349,0,1.216034032,2.984023187
5350,0,1.619966224,1.964876919
5351,0,0.999943781,1.008828088
5352,0,1.021922473,0.400000000
5353,0,1.190656239,1.031817358
5354,0,0.330721660,0.089348146
5355,0,1.011977332,1.000877306
5356,0,1.024517144,0.401436203
5357,0,1.191526249,1.031158621
5358,0,1.089405220,0.438399282
5359,0,1.699368301,1.211926477
5360,0,2.010776355,1.332802566
5361,0,2.210560580,1.661633183
5362,0,1.778358245,1.828697821
5363,0,1.104953368,0.950008029
5364,0,1.054639733,0.418502126
5365,0,0.999991608,1.003410828
5366,0,0.302292021,0.080000000
5367,0,1.050682875,1.006511903
5368,0,0.307953702,0.081839835
5369,0,1.051723238,1.006273587
5370,0,0.308089959,0.081884106
5371,0,1.011027773,1.000453500
5372,0,1.872799659,1.399480919
5373,0,1.443485681,1.936518722
5374,0,1.970068800,1.951997615
5375,0,1.134579336,1.012205158
5376,0,-0.000000000,0.000000000
5377,0,1.000000000,1.000000000
5378,0,0.302292189,0.080000000
5379,0,0.999999424,1.000893655
5380,0,1.021928037,0.400000000
5381,0,1.658980408,1.190064484
5382,0,1.719469720,1.660800175
5383,0,0.762678483,1.557240955
5384,0,0.297545759,0.080000000
5385,0,1.045514065,1.015138077
5386,0,1.017652065,0.585178598
5387,0,1.154172605,1.264201658
5388,0,1.085929358,2.665033866
5389,0,1.155719364,1.337543934
5390,0,0.949183308,0.736151942
5391,0,0.717780449,0.395871614
5392,0,1.386133921,1.284703215
5393,0,0.905703922,0.501896214
5394,0,0.971834897,0.803047296
5395,0,0.955206365,0.637031218
5396,0,1.426767373,0.862878884
5397,0,1.015981865,1.286485930
5398,0,-0.000000000,0.000000000
5399,0,1.000000000,1.000000000
5400,0,1.870950594,1.200000000
5401,0,1.115135655,1.005357143
5402,0,-0.000000000,0.000000000
5403,0,1.000000000,1.000000000
5404,0,-0.000000000,0.000000000
5405,0,1.000000000,1.000000000
5406,0,1.021928095,0.400000000
5407,0,0.999984960,1.004566210
5408,0,-0.000000000,0.000000000
5409,0,1.000000000,1.000000000
5410,0,1.021928095,0.400000000
5411,0,1.044208200,1.001704545
5412,0,0.307210077,0.081595474
5413,0,1.010985195,1.000377006
5414,0,0.303277580,0.080319019
5415,0,0.999999429,0.999110034
5416,0,-0.000000000,0.000000000
5417,0,1.000000000,1.000000000
5418,0,1.870950594,1.200000000
5419,0,0.999848483,1.014492754
5420,0,-0.000000000,0.000000000
5421,0,1.000000000,1.000000000
5422,0,-0.000000000,0.000000000
5423,0,1.000000000,1.000000000
5424,0,1.021928095,0.400000000
5425,0,1.044208200,1.001704545
5426,0,1.033850526,0.406625784
5427,0,1.193619310,1.033003024
5428,0,0.331823972,0.089703861
5429,0,1.056283435,1.007995048
5430,0,-0.000000000,0.000000000
5431,0,1.000000000,1.000000000
5432,0,0.302292189,0.080000000
5433,0,0.999999424,0.999106345
5434,0,-0.000000000,0.000000000
5435,0,1.000000000,1.000000000
5436,0,1.021928095,0.400000000
5437,0,1.044208200,1.001704545
5438,0,0.307210077,0.081595474
5439,0,1.010985195,1.000377006
5440,0,0.303277580,0.080319019
5441,0,1.050836143,1.006240897
5442,0,1.035963282,0.407807336
5443,0,0.999988035,1.004072695
5444,0,1.021926898,0.400000000
5445,0,0.999982543,0.995080543
5446,0,-0.000000000,0.000000000
5447,0,1.000000000,1.000000000
5448,0,-0.000000000,0.000000000
5449,0,1.000000000,1.000000000
5450,0,-0.000000000,0.000000000
5451,0,1.000000000,1.000000000
5452,0,-0.000000000,0.000000000
5453,0,1.000000000,1.000000000
5454,0,1.021928095,0.400000000
5455,0,0.999984960,1.004566210
5456,0,-0.000000000,0.000000000
5457,0,1.000000000,1.000000000
5458,0,0.302292189,0.080000000
5459,0,1.050654972,1.006222222
5460,0,1.880413486,1.397009600
5461,0,0.999881453,1.012819406
5462,0,-0.000000000,0.000000000
5463,0,1.000000000,1.000000000
5464,0,1.021928095,0.400000000
5465,0,1.044208200,1.009090909
5466,0,1.033850526,0.406625784
5467,0,1.193619310,1.033003024
5468,0,0.331823972,0.089703861
5469,0,0.999999883,1.000402890
5470,0,1.021928083,0.400000000
5471,0,1.190917738,1.032182381
5472,0,1.090497486,0.438945880
5473,0,0.999996777,1.002113614
5474,0,-0.000000000,0.000000000
5475,0,1.000000000,1.000000000
5476,0,1.870950594,2.000000000
5477,0,1.115135655,1.028571429
5478,0,-0.000000000,0.000000000
5479,0,1.000000000,1.000000000
5480,0,-0.000000000,0.000000000
5481,0,1.000000000,1.000000000
5482,0,1.500000000,2.000000000
5483,0,0.999525689,1.025641026
5484,0,0.302282703,0.080000000
5485,0,1.050443959,1.006632479
5486,0,1.035842123,0.407744723
5487,0,0.999987549,1.004154603
5488,0,-0.000000000,0.000000000
5489,0,1.000000000,1.000000000
5490,0,-0.000000000,0.000000000
5491,0,1.000000000,1.000000000
5492,0,-0.000000000,0.000000000
5493,0,1.000000000,1.000000000
5494,0,0.302292189,2.000000000
5495,0,0.999999424,0.999106345
5496,0,1.870950422,1.200000000
5497,0,1.115113043,1.028811558
5498,0,0.317787544,0.085054019
5499,0,0.999999476,0.999148059
5500,0,-0.000000000,0.000000000
5501,0,1.000000000,1.000000000
5502,0,0.302292189,0.080000000
5503,0,1.010784836,1.001785714
5504,0,0.303257257,0.080312460
5505,0,1.010824117,1.001786508
5506,0,1.024287092,1.799496371
5507,0,0.999985079,0.995451962
5508,0,1.021926603,0.400000000
5509,0,1.658644019,1.189526315
5510,0,2.194254498,2.259159288
5511,0,1.334588057,0.819897338
5512,0,1.936134244,1.348866524
5513,0,1.467928251,1.039707602
5514,0,-0.000000000,0.000000000
5515,0,1.000000000,1.000000000
5516,0,1.500000000,2.000000000
5517,0,1.180906651,1.009375000
5518,0,1.911283476,1.254966036
5519,0,1.462641077,1.105397306
5520,0,-0.000000000,0.000000000
5521,0,1.000000000,1.000000000
5522,0,1.021928095,2.000000000
5523,0,0.999984960,1.004566210
5524,0,1.499992480,2.004566210
5525,0,1.633359546,1.157382040
5526,0,0.449915280,0.131364673
5527,0,1.017152031,1.003393670
5528,0,1.545632457,1.008125568
5529,0,1.186185361,1.012720513
5530,0,-0.000000000,0.000000000
5531,0,1.000000000,1.000000000
5532,0,1.500000000,2.000000000
5533,0,1.180906651,1.050000000
5534,0,-0.000000000,0.000000000
5535,0,1.000000000,1.000000000
5536,0,0.302292189,0.080000000
5537,0,1.050654972,1.006444444
5538,0,1.035616201,0.407633189
5539,0,1.045017245,1.008772716
5540,0,0.307216057,0.081599268
5541,0,1.051556606,1.006620098
5542,0,1.035901138,0.407791907
5543,0,1.045034859,1.002285765
5544,0,0.307218253,0.081599977
5545,0,1.219555759,1.042932089
5546,0,0.336286706,0.091209562
5547,0,1.057125251,1.008224634
5548,0,1.037671402,0.408774299
5549,0,1.668694034,1.195446043
5550,0,-0.000000000,0.000000000
5551,0,1.000000000,1.000000000
5552,0,-0.000000000,0.000000000
5553,0,1.000000000,1.000000000
5554,0,0.302292189,0.080000000
5555,0,0.999999424,1.000893655
5556,0,-0.000000000,0.000000000
5557,0,1.000000000,1.000000000
5558,0,-0.000000000,0.000000000
5559,0,1.000000000,1.000000000
5560,0,1.870950594,2.000000000
5561,0,0.999848483,0.985507246
5562,0,0.302289159,0.080000000
5563,0,1.010758937,1.000081952
5564,0,1.024223040,0.401274765
5565,0,1.044335352,1.009125968
5566,0,0.307130493,0.081571575
5567,0,1.219471956,1.042894001
5568,0,-0.000000000,0.000000000
5569,0,1.000000000,1.000000000
5570,0,1.021928095,0.400000000
5571,0,0.999984960,0.995433790
5572,0,1.021926591,0.400000000
5573,0,1.044172237,1.009481640
5574,0,1.033595028,0.406500890
5575,0,1.044864148,1.009183672
5576,0,-0.000000000,0.000000000
5577,0,1.000000000,1.000000000
5578,0,1.021928095,0.400000000
5579,0,1.659062487,1.190196078
5580,0,0.459121683,0.134821453
5581,0,0.999997559,0.998160361
5582,0,1.870949862,1.998896217
5583,0,0.999858883,1.013986559
5584,0,1.499929441,2.013986559
5585,0,1.180181459,1.056568855
5586,0,0.328913020,0.088742798
5587,0,0.999999257,0.998985309
5588,0,0.302292174,0.080000000
5589,0,0.999999401,0.999089117
5590,0,0.302292177,0.080000000
5591,0,0.999999404,0.999090879
5592,0,-0.000000000,0.000000000
5593,0,1.000000000,1.000000000
5594,0,1.021928095,0.400000000
5595,0,1.190930197,1.031111111
5596,0,0.330757837,0.089359612
5597,0,1.056035831,1.006492827
5598,0,-0.000000000,0.000000000
5599,0,1.000000000,1.000000000
5600,0,0.302292189,0.080000000
5601,0,0.999999424,1.000893655
5602,0,1.021928037,0.400000000
5603,0,0.999984445,0.995356277
5604,0,0.302291878,0.080000000
5605,0,1.050616920,1.006296522
5606,0,-0.000000000,0.000000000
5607,0,1.000000000,1.000000000
5608,0,0.302292189,0.080000000
5609,0,1.216063438,1.041991342
5610,0,1.919354858,2.024858070
5611,0,2.133864167,1.502933879
5612,0,-0.000000000,0.000000000
5613,0,1.000000000,1.000000000
5614,0,-0.000000000,0.000000000
5615,0,1.000000000,1.000000000
5616,0,1.870950594,1.200000000
5617,0,0.999848483,1.014492754
5618,0,0.302289159,0.080000000
5619,0,1.010758937,1.002029395
5620,0,1.872743690,2.000013325
5621,0,2.102606764,2.823302250
5622,0,1.692756599,1.909289556
5623,0,0.999399754,0.971155557
5624,0,1.021868070,0.400000000
5625,0,1.044428993,1.004267141
5626,0,0.307135044,0.081572594
5627,0,1.010985846,1.001752361
5628,0,0.303258217,0.080313143
5629,0,0.999999426,0.999108307
5630,0,1.021928038,0.400000000
5631,0,0.999984446,1.004643553
5632,0,1.499992223,1.000000000
5633,0,0.999438425,1.027899947
5634,0,-0.000000000,0.000000000
5635,0,1.000000000,1.000000000
5636,0,1.021928095,0.400000000
5637,0,1.044208200,1.001704545
5638,0,-0.000000000,0.000000000
5639,0,1.000000000,1.000000000
5640,0,1.870950594,2.000000000
5641,0,0.999848483,0.985507246
5642,0,1.499924241,1.985507246
5643,0,0.999229031,0.967310550
5644,0,0.302276770,0.080000000
5645,0,0.999998486,1.001448661
5646,0,0.302292159,0.080000000
5647,0,1.050643109,1.006415793
5648,0,1.035613081,0.407631695
5649,0,1.045016671,1.002261840
5650,0,1.033850178,0.406641411
5651,0,1.193613387,1.032990061
5652,0,0.331258402,0.089526116
5653,0,0.999999835,1.000478214
5654,0,0.302292186,0.080000000
5655,0,0.999999413,1.000901774
5656,0,-0.000000000,0.000000000
5657,0,1.000000000,1.000000000
5658,0,0.302292189,0.080000000
5659,0,1.010784836,1.001785714
5660,0,0.303238394,0.080306742
5661,0,1.050827150,1.006243004
5662,0,1.035670587,0.407663502
5663,0,1.045020575,1.008770369
5664,0,1.879631078,1.998805171
5665,0,1.446623955,1.093923283
5666,0,0.390212937,0.109759366
5667,0,0.999999875,1.000416819
5668,0,-0.000000000,0.000000000
5669,0,1.000000000,1.000000000
5670,0,0.302292189,0.080000000
5671,0,1.050654972,1.006444444
5672,0,-0.000000000,0.000000000
5673,0,1.000000000,1.000000000
5674,0,-0.000000000,0.000000000
5675,0,1.000000000,1.000000000
5676,0,-0.000000000,0.000000000
5677,0,1.000000000,1.000000000
5678,0,1.870950594,1.200000000
5679,0,1.115135655,1.005357143
5680,0,1.058332487,0.420465473
5681,0,1.046279906,1.002151346
5682,0,0.307378777,0.081652165
5683,0,1.051584939,1.006326997
5684,0,1.881027611,1.996284855
5685,0,1.116661295,1.027317134
5686,0,-0.000000000,0.000000000
5687,0,1.000000000,1.000000000
5688,0,0.302292189,2.000000000
5689,0,1.050654972,1.006222222
5690,0,1.035616201,0.407633189
5691,0,1.194126817,1.033474402
5692,0,-0.000000000,0.000000000
5693,0,1.000000000,1.000000000
5694,0,1.021928095,0.400000000
5695,0,0.999984960,0.995433790
5696,0,-0.000000000,0.000000000
5697,0,1.000000000,1.000000000
5698,0,0.302292189,0.080000000
5699,0,1.050654972,1.006222222
5700,0,1.035616201,0.407633189
5701,0,1.045017245,1.008772716
5702,0,1.879630306,1.210562631
5703,0,1.116356180,1.028387946
5704,0,-0.000000000,0.000000000
5705,0,1.000000000,1.000000000
5706,0,-0.000000000,0.000000000
5707,0,1.000000000,1.000000000
5708,0,0.302292189,0.080000000
5709,0,1.010784836,1.001785714
5710,0,-0.000000000,0.000000000
5711,0,1.000000000,1.000000000
5712,0,1.870950594,1.400000000
5713,0,0.999848483,1.014492754
5714,0,1.021912943,0.400000000
5715,0,0.999975539,1.005823187
5716,0,0.302291700,0.080000000
5717,0,1.050607244,1.006315393
5718,0,0.307946053,0.081837531
5719,0,1.011020931,1.000443183
5720,0,0.303261656,2.000015647
5721,0,0.999999427,0.999108838
5722,0,0.302292178,0.080000000
5723,0,0.999999404,1.000908786
5724,0,1.021928035,0.400000000
5725,0,0.999984436,0.995354965
5726,0,1.021926538,1.800000000
5727,0,0.999982188,1.004969099
5728,0,1.021926314,2.000993820
5729,0,1.044169051,1.009516115
5730,0,-0.000000000,0.000000000
5731,0,1.000000000,1.000000000
5732,0,-0.000000000,0.000000000
5733,0,1.000000000,1.000000000
5734,0,0.302292189,0.080000000
5735,0,1.050654972,1.006222222
5736,0,-0.000000000,0.000000000
5737,0,1.000000000,1.000000000
5738,0,1.021928095,0.400000000
5739,0,1.044208200,1.009090909
5740,0,0.307114252,0.081566298
5741,0,1.051532863,1.006328340
5742,0,1.035893888,0.407787975
5743,0,1.045034250,1.008760732
5744,0,1.033855489,1.999595131
5745,0,1.044887606,1.009090878
5746,0,1.879597652,1.397383789
5747,0,0.999853760,1.014238136
5748,0,-0.000000000,0.000000000
5749,0,1.000000000,1.000000000
5750,0,-0.000000000,0.000000000
5751,0,1.000000000,1.000000000
5752,0,0.302292189,0.080000000
5753,0,0.999999424,0.999106345
5754,0,1.499999712,1.000000000
5755,0,2.242479404,1.493517636
5756,0,0.941805891,0.351965404
5757,0,1.041704405,0.991451133
5758,0,-0.000000000,0.000000000
5759,0,1.000000000,1.000000000
5760,0,1.021928095,0.400000000
5761,0,1.044208200,1.009090909
5762,0,-0.000000000,0.000000000
5763,0,1.000000000,1.000000000
5764,0,1.021928095,0.400000000
5765,0,0.999984960,1.004566210
5766,0,1.021926591,1.800000000
5767,0,1.658642343,1.189523639
5768,0,0.459032108,0.134787542
5769,0,0.999997682,1.001792740
5770,0,1.870949899,1.200000000
5771,0,0.999858622,1.013999464
5772,0,0.302289362,0.080000000
5773,0,1.050540037,1.006446214
5774,0,0.844399404,0.544111976
5775,0,0.604808823,0.295997016
5776,0,0.294388366,0.080000000
5777,0,0.999881087,1.012839158
5778,0,0.846379678,0.546911284
5779,0,0.962426799,0.434909944
5780,0,0.378877077,0.111221749
5781,0,1.012020009,1.020959361
5782,0,1.872648287,1.202498196
5783,0,1.441882020,1.090544098
5784,0,1.214935714,0.515356192
5785,0,0.999999509,0.999175169
5786,0,0.302292179,0.080000000
5787,0,1.050661723,1.006460758
5788,0,-0.000000000,0.000000000
5789,0,1.000000000,1.000000000
5790,0,0.302292189,0.080000000
5791,0,0.999999424,0.999106345
5792,0,-0.000000000,0.000000000
5793,0,1.000000000,1.000000000
5794,0,1.870950594,1.200000000
5795,0,1.115135655,1.028571429
5796,0,1.895518114,1.231978923
5797,0,1.118776469,1.006809472
5798,0,0.318064230,0.085149965
5799,0,1.053546164,1.006542335
5800,0,1.036533479,0.408144273
5801,0,0.999987885,0.995901801
5802,0,0.302291947,0.080000000
5803,0,1.010777531,1.001854622
5804,0,0.303237821,0.080306572
5805,0,0.999999423,0.999105446
5806,0,0.302292178,0.080000000
5807,0,0.999999404,0.999091157
5808,0,1.870950416,1.200000000
5809,0,1.442638474,1.093551456
5810,0,0.389164011,0.109391153
5811,0,1.014485234,1.002117384
5812,0,1.025138708,0.401778398
5813,0,1.044404669,1.001915644
5814,0,1.033663016,0.406537709
5815,0,0.999985264,0.995480161
5816,0,0.302291894,0.080000000
5817,0,1.010776779,1.001861711
5818,0,-0.000000000,0.000000000
5819,0,1.000000000,1.000000000
5820,0,1.870950594,2.000000000
5821,0,1.508326883,2.458333333
5822,0,2.020257248,1.740305011
5823,0,1.897573865,1.810000674
5824,0,2.011167255,1.356796517
5825,0,1.155441552,1.167217164
5826,0,1.076491131,0.431836361
5827,0,1.209139619,1.018142479
5828,0,-0.000000000,0.000000000
5829,0,1.000000000,1.000000000
5830,0,1.870950594,1.200000000
5831,0,0.999848483,0.985507246
5832,0,0.302289159,0.080000000
5833,0,1.050535975,1.006454106
5834,0,0.307938869,0.081835369
5835,0,1.011020081,1.000437936
5836,0,-0.000000000,0.000000000
5837,0,1.000000000,1.000000000
5838,0,0.302292189,0.080000000
5839,0,1.050654972,1.006222222
5840,0,1.035616201,0.407633189
5841,0,1.045017245,1.002266287
5842,0,1.526225642,2.005554709
5843,0,1.183582605,1.011028120
5844,0,0.329438152,0.088913974
5845,0,0.999999497,1.000835127
5846,0,1.870950444,1.400000000
5847,0,1.115114527,1.005123952
5848,0,-0.000000000,0.000000000
5849,0,1.000000000,1.000000000
5850,0,-0.000000000,0.000000000
5851,0,1.000000000,1.000000000
5852,0,1.021928095,0.400000000
5853,0,1.190930197,1.031111111
5854,0,-0.000000000,0.000000000
5855,0,1.000000000,1.000000000
5856,0,1.021928095,2.000000000
5857,0,1.190930197,1.032222222
5858,0,1.089151666,0.438252490
5859,0,0.999995579,1.002475607
5860,0,0.302292101,0.080000000
5861,0,1.010780425,1.001827339
5862,0,0.303238048,0.080306639
5863,0,1.050826678,1.006243783
5864,0,1.035670460,0.407663439
5865,0,1.667345301,1.147317392
5866,0,0.462128739,0.135947272
5867,0,1.330539141,1.051789544
5868,0,-0.000000000,0.000000000
5869,0,1.000000000,1.000000000
5870,0,1.021928095,0.400000000
5871,0,0.999984960,0.995433790
5872,0,-0.000000000,0.000000000
5873,0,1.000000000,1.000000000
5874,0,-0.000000000,0.000000000
5875,0,1.000000000,1.000000000
5876,0,0.302292189,0.080000000
5877,0,1.216063438,1.032034632
5878,0,0.335604248,0.090981315
5879,0,0.999999913,0.999652116
5880,0,0.302292187,0.080000000
5881,0,1.216051758,1.032038596
5882,0,-0.000000000,0.000000000
5883,0,1.000000000,1.000000000
5884,0,-0.000000000,0.000000000
5885,0,1.000000000,1.000000000
5886,0,-0.000000000,0.000000000
5887,0,1.000000000,1.000000000
5888,0,1.500000000,2.000000000
5889,0,0.999525689,1.025641026
5890,0,1.870808301,1.200000000
5891,0,1.440756452,1.099487179
5892,0,0.388860822,1.996693694
5893,0,1.014447681,1.001116557
5894,0,0.303608047,0.080426133
5895,0,1.010841019,1.001762039
5896,0,0.303243897,1.999987634
5897,0,1.010823337,1.001788138
5898,0,0.303242206,0.080307975
5899,0,1.216733355,1.032155604
5900,0,0.335735072,0.091025067
5901,0,0.999999914,1.000344742
5902,0,-0.000000000,0.000000000
5903,0,1.000000000,1.000000000
5904,0,1.870950594,1.400000000
5905,0,1.115135655,1.005357143
5906,0,0.317490439,0.084962493
5907,0,0.999999434,1.000885826
5908,0,-0.000000000,0.000000000
5909,0,1.000000000,1.000000000
5910,0,1.021928095,0.400000000
5911,0,0.999984960,1.004566210
5912,0,-0.000000000,0.000000000
5913,0,1.000000000,1.000000000
5914,0,-0.000000000,0.000000000
5915,0,1.000000000,1.000000000
5916,0,0.302292189,0.080000000
5917,0,0.999999424,1.000893655
5918,0,-0.000000000,0.000000000
5919,0,1.000000000,1.000000000
5920,0,0.302292189,0.080000000
5921,0,0.999999424,0.999106345
5922,0,-0.000000000,0.000000000
5923,0,1.000000000,1.000000000
5924,0,-0.000000000,0.000000000
5925,0,1.000000000,1.000000000
5926,0,-0.000000000,0.000000000
5927,0,1.000000000,1.000000000
5928,0,-0.000000000,0.000000000
5929,0,1.000000000,1.000000000
5930,0,-0.000000000,0.000000000
5931,0,1.000000000,1.000000000
5932,0,-0.000000000,0.000000000
5933,0,1.000000000,1.000000000
5934,0,-0.000000000,0.000000000
5935,0,1.000000000,1.000000000
5936,0,1.021928095,0.400000000
5937,0,1.190930197,1.031111111
5938,0,0.330757837,0.089359612
5939,0,1.011981691,1.001497894
5940,0,1.872985182,1.399445106
5941,0,1.443600167,1.097218192
5942,0,1.970094531,2.053681950
5943,0,1.134589791,1.029552166
5944,0,-0.000000000,0.000000000
5945,0,1.000000000,1.000000000
5946,0,0.302292189,0.080000000
5947,0,1.050654972,1.006444444
5948,0,1.529419530,1.007662958
5949,0,1.184139732,1.047795635
5950,0,1.912193176,1.256043215
5951,0,1.121641738,1.009248649
5952,0,0.318511793,0.085296095
5953,0,0.999999533,0.999195305
5954,0,1.870950454,1.200000000
5955,0,1.442646211,1.096427941
5956,0,1.969884394,1.359779337
5957,0,1.134522901,1.012426476
5958,0,1.065561157,0.424542066
5959,0,1.201603794,1.037620698
5960,0,1.613721907,1.038594938
5961,0,1.196968891,1.990170343
5962,0,1.900089201,1.966508422
5963,0,2.332480403,1.920909196
5964,0,1.915771543,2.296936023
5965,0,2.175946873,1.993082026
5966,0,1.977952740,1.325672222
5967,0,1.635375326,0.982884587
5968,0,-0.000000000,0.000000000
5969,0,1.000000000,1.000000000
5970,0,1.021928095,0.400000000
5971,0,1.190930197,1.032222222
5972,0,-0.000000000,0.000000000
5973,0,1.000000000,1.000000000
5974,0,-0.000000000,0.000000000
5975,0,1.000000000,1.000000000
5976,0,1.021928095,0.400000000
5977,0,0.999984960,1.004566210
5978,0,-0.000000000,0.000000000
5979,0,1.000000000,1.000000000
5980,0,0.302292189,0.080000000
5981,0,1.010784836,1.000334821
5982,0,1.528282630,1.004486522
5983,0,1.183824438,1.010345656
5984,0,1.912104529,1.255979132
5985,0,1.121556554,1.008399769
5986,0,1.897162403,1.234050796
5987,0,0.999880807,0.987145732
5988,0,1.870914837,1.992287439
5989,0,1.441740542,1.092853234
5990,0,-0.000000000,0.000000000
5991,0,1.000000000,1.000000000
5992,0,-0.000000000,0.000000000
5993,0,1.000000000,1.000000000
5994,0,-0.000000000,0.000000000
5995,0,1.000000000,1.000000000
5996,0,1.021928095,0.400000000
5997,0,0.999984960,1.004566210
5998,0,0.302291888,0.080000000
5999,0,1.010776696,1.001862491
