0,0,4.969946468,8.885714286
1,0,3.931851456,5.059846547
2,0,4.688966709,7.698089571
3,0,4.758022871,7.143153250
4,0,4.460541191,5.415175414
5,0,4.286712474,4.107425077
6,0,3.003966962,1.648691827
7,0,3.308533448,1.556308035
8,0,3.191504026,1.613759837
9,0,2.113751900,1.010138626
10,0,2.044125685,1.138300378
11,0,2.276663201,2.039044921
12,0,1.992287438,1.098220282
13,0,2.616061112,2.036567485
14,0,3.094551707,1.592551430
15,0,2.760841199,2.050187708
16,0,3.191210680,1.634788777
17,0,3.470653215,1.747919867
18,0,3.541974931,2.260904598
19,0,3.847665840,2.762087012
20,0,3.981893898,3.295837872
21,0,4.091045110,3.101691802
22,0,3.727072663,3.043874959
23,0,2.585105256,1.916153530
24,0,2.644861259,1.275591496
25,0,2.594742943,1.389993508
26,0,2.288248646,1.152786560
27,0,2.587602254,1.125485608
28,0,3.037486490,1.742779104
29,0,3.295678917,1.874688783
30,0,2.684633303,1.869601094
31,0,3.074118875,2.477544139
32,0,3.196286764,3.014765649
33,0,3.523516514,2.432016115
34,0,3.286741364,1.778225208
35,0,3.555560907,1.891752127
36,0,3.305536365,1.919793483
37,0,3.616185612,2.807815794
38,0,3.870587126,2.633414160
39,0,4.028997541,2.919854059
40,0,3.628598736,2.492691201
41,0,3.239238525,2.361479738
42,0,3.540656360,2.163676121
43,0,3.735431868,2.051483556
44,0,3.545985517,1.907220404
45,0,2.715549523,1.314352359
46,0,3.138665419,1.778208858
47,0,3.561877172,2.549574041
48,0,3.354539841,1.893226548
49,0,3.598312657,2.592744607
50,0,3.257495686,3.147931412
51,0,2.950840356,4.196196192
52,0,2.637733146,3.279200885
53,0,3.446666943,2.698359728
54,0,3.467642119,3.463760781
55,0,3.528231115,2.744120316
56,0,2.811125728,3.596898904
57,0,3.691771687,3.356536843
58,0,3.453372750,3.516946325
59,0,2.566538062,2.305447691
60,0,3.212091576,1.952890433
61,0,2.960193250,1.353537072
62,0,3.090551009,1.787144305
63,0,3.302656731,2.529985313
64,0,3.077885248,1.861796709
65,0,2.640207417,2.609787014
66,0,3.102623928,2.446057960
67,0,3.377725550,2.606353553
68,0,3.440283817,2.805088585
69,0,3.177173684,2.792634815
70,0,3.668120288,2.850458871
71,0,3.502311136,2.860894470
72,0,3.703176182,3.148391374
73,0,3.503669913,3.044433055
74,0,3.485048435,3.399477973
75,0,3.136938507,3.137366378
76,0,3.459507144,3.707181943
77,0,3.370915936,3.197785050
78,0,3.360038541,2.981652108
79,0,2.954753634,2.804285489
80,0,2.820020827,2.053177120
81,0,3.431019500,2.102916402
82,0,3.532908167,2.579717719
83,0,3.234177318,2.253580441
84,0,3.101584054,2.848627277
85,0,3.106356310,3.164746391
86,0,3.070296377,4.138471102
87,0,2.785120672,5.082719058
88,0,2.982195955,4.369358763
89,0,2.919878290,3.495077585
90,0,3.240399229,2.727269414
91,0,1.829115199,1.461750324
92,0,2.401719195,2.156062883
93,0,2.686726837,2.123947320
94,0,2.553083843,1.592689363
95,0,2.823010919,1.688525591
96,0,2.670052403,1.791519079
97,0,2.657759809,1.622146227
98,0,2.557127412,2.171796875
99,0,2.428535831,1.132602231
100,0,2.516153771,1.652299670
101,0,2.542788621,1.257494049
102,0,2.517239343,1.042401926
103,0,2.673204226,1.771130110
104,0,2.596106576,1.952572717
105,0,2.564116340,1.616571557
106,0,2.743787314,1.941932035
107,0,3.092432656,1.940311411
108,0,3.216133868,2.314240709
109,0,3.150889922,2.831386031
110,0,3.149082909,3.550881443
111,0,2.332542087,2.300038707
112,0,2.700588167,2.465186754
113,0,3.550924673,2.658525314
114,0,3.283861458,2.638184747
115,0,3.155771818,2.754299114
116,0,3.753040514,2.844933781
117,0,3.478164892,3.239678090
118,0,2.471636687,2.021281290
119,0,3.002288251,2.286655093
120,0,3.194931737,2.833466374
121,0,3.213856430,3.614709642
122,0,3.570115957,3.227690834
123,0,3.403503022,2.787355954
124,0,3.722704073,2.452502964
125,0,3.640853222,2.625798770
126,0,3.416108085,2.147637915
127,0,3.667365417,2.468502666
128,0,3.617475545,2.373616414
129,0,3.439371586,2.708015399
130,0,3.662165152,2.357288516
131,0,3.434751047,2.737579531
132,0,3.357375167,3.314839822
133,0,3.344419379,2.621790747
134,0,3.764880389,2.485567485
135,0,3.493773550,2.246548496
136,0,3.801915734,2.629210060
137,0,3.567672984,2.776047420
138,0,3.571472050,2.558948842
139,0,3.290248312,2.305592961
140,0,3.451556936,2.141173829
141,0,3.689869506,2.209293036
142,0,3.343792393,2.178133964
143,0,3.624866180,2.593895865
144,0,3.360508152,2.820439807
145,0,3.700473952,3.626553265
146,0,3.016504624,2.982587579
147,0,3.063035221,2.997332242
148,0,3.326776969,2.683227228
149,0,1.891008831,1.795507187
150,0,2.669067166,1.663308351
151,0,2.470222838,1.499977230
152,0,1.816670036,1.506774855
153,0,2.431091928,1.479316158
154,0,2.223795870,1.337622294
155,0,1.997933019,1.002508352
156,0,2.194603106,0.916814450
157,0,2.189610795,1.311483423
158,0,2.261971259,1.097025191
159,0,2.389454491,1.828506964
160,0,2.159032770,2.942537854
161,0,2.129620767,2.747294574
162,0,2.314965839,1.735737612
163,0,2.109769432,1.284544729
164,0,2.002142001,0.887564041
165,0,1.617739203,0.904973354
166,0,1.960011975,1.563425513
167,0,2.723124717,2.504851426
168,0,2.849541695,1.675717177
169,0,2.391231915,2.564468589
170,0,2.401475823,1.808205880
171,0,2.346294613,1.467470333
172,0,1.353627827,1.312817796
173,0,1.562928312,1.536216930
174,0,2.671820384,1.462843112
175,0,2.290977574,1.097085388
176,0,2.388572279,1.332500555
177,0,2.658370646,1.375769014
178,0,2.447203498,1.293081362
179,0,2.393725945,1.642905254
180,0,2.556816614,1.276879315
181,0,2.235453001,1.325504514
182,0,2.474252817,1.561987692
183,0,2.550226596,1.589021653
184,0,2.598826549,2.231465738
185,0,2.663694736,2.060816664
186,0,2.758659302,2.150330546
187,0,2.703721843,1.741503793
188,0,2.650060566,1.458280666
189,0,2.614909939,2.064806841
190,0,2.621338375,1.616039046
191,0,2.504308076,2.545169616
192,0,2.219071743,1.405224005
193,0,1.160409580,0.569529448
194,0,1.781305488,1.335055031
195,0,2.166689613,1.304783188
196,0,2.111334073,2.135000716
197,0,0.827681053,0.488510369
198,0,1.039894875,0.901620763
199,0,1.599265470,1.247268997
200,0,1.551240075,1.667259796
201,0,1.545212231,1.025217344
202,0,1.582668873,1.453798965
203,0,1.575853097,0.983952839
204,0,1.353976590,0.919063453
205,0,1.925558520,1.365378702
206,0,1.955944282,1.361049893
207,0,1.645595460,1.153099466
208,0,0.683073017,0.276126985
209,0,1.403021441,1.040233275
210,0,1.683571377,1.476878492
211,0,1.882276883,1.230472744
212,0,1.508014830,0.816624778
213,0,1.823222824,2.435761467
214,0,0.869490196,1.418807532
215,0,1.489276490,0.730559198
216,0,1.525353628,0.733604410
217,0,1.798551818,1.329815114
218,0,1.576517818,0.963597310
219,0,1.483738140,1.080768287
220,0,1.559781859,1.816346034
221,0,1.564677622,1.003016669
222,0,1.569902073,1.400539952
223,0,1.912454341,2.214583491
224,0,1.721491404,2.190546180
225,0,1.669228866,2.745220939
226,0,1.626986171,1.434876524
227,0,1.585089555,0.826973019
228,0,1.866688441,1.613779259
229,0,0.895133938,0.623413752
230,0,1.883340480,1.333333333
231,0,1.610299985,1.069526361
232,0,1.932523027,1.346633131
233,0,1.833702950,1.475408377
234,0,0.914027439,0.658245227
235,0,1.889638314,1.333333333
236,0,1.737222761,1.600758888
237,0,1.624850255,1.051445725
238,0,2.056421645,1.453436323
239,0,2.081663224,1.583388418
240,0,1.232832248,0.903379246
241,0,1.214093390,0.838035026
242,0,1.944198923,2.330320940
243,0,2.325147041,1.609400994
244,0,2.134762412,1.559423252
245,0,1.999140572,1.402066091
246,0,2.346018525,1.585818950
247,0,2.325224323,1.859990671
248,0,2.106069066,1.427639790
249,0,2.559797876,1.646390985
250,0,2.554500597,2.140905174
251,0,2.513050985,2.363924614
252,0,2.036999448,2.835257220
253,0,2.901961209,3.691649588
254,0,2.560930688,4.594593055
255,0,2.177412684,4.990785599
256,0,2.546453229,4.011874452
257,0,1.846959356,3.283437179
258,0,2.215529906,3.389953315
259,0,3.161723988,3.954339668
260,0,3.311192210,3.942236630
261,0,3.444421268,3.743879309
262,0,3.532001901,3.823382993
263,0,3.420284489,3.699700996
264,0,3.732583580,4.087526732
265,0,3.022956264,4.451831777
266,0,4.002157575,4.940349554
267,0,3.667898037,5.159218561
268,0,3.116160556,5.901857531
269,0,3.356704281,5.863687417
270,0,2.434389349,4.962079885
271,0,3.404227391,4.675535851
272,0,3.278410778,4.204804928
273,0,2.961513991,4.406242150
274,0,3.405920904,4.456548561
275,0,3.526707996,5.461363888
276,0,3.873430127,6.125185899
277,0,2.944184683,7.491611972
278,0,3.597382738,6.412886261
279,0,2.993025218,3.469843085
280,0,3.466385827,3.534493224
281,0,1.819912039,1.766388842
282,0,2.770224980,2.670229430
283,0,3.387882714,3.669646914
284,0,3.669660107,3.718101589
285,0,3.820560255,3.932858788
286,0,3.576814782,4.183787176
287,0,3.472292491,3.691857243
288,0,3.751422969,3.870090728
289,0,3.629777418,4.250908870
290,0,3.462167562,5.616622201
291,0,3.744925405,5.431164098
292,0,3.602313728,4.722427195
293,0,2.874123412,3.999192307
294,0,3.452849998,4.201731939
295,0,3.517444171,4.017177163
296,0,3.508584221,5.001643548
297,0,3.648452832,8.455803721
298,0,3.738353346,9.141482524
299,0,3.219069662,3.201572389
300,0,3.080394569,3.243470156
301,0,3.057254795,4.006470073
302,0,2.617222858,3.411768305
303,0,3.189322059,3.564555472
304,0,2.931506183,3.054858647
305,0,3.184781076,4.358567726
306,0,3.055091883,4.654577016
307,0,3.400880743,5.459442030
308,0,3.133628137,4.328524590
309,0,3.398292287,3.510610312
310,0,3.324203109,2.972384296
311,0,3.070984881,2.825772485
312,0,2.638650024,3.269499486
313,0,2.668924738,3.029164584
314,0,2.331300298,2.233291490
315,0,2.387350573,3.076582533
316,0,2.544193094,2.188218573
317,0,2.756193938,2.384830271
318,0,1.979390079,2.115427638
319,0,2.967097474,2.315627709
320,0,1.450521668,1.861980460
321,0,1.634715263,0.970049169
322,0,1.214443322,1.150441610
323,0,2.054336644,2.077294330
324,0,2.018747730,1.350667332
325,0,-0.000000000,0.000000000
326,0,1.000000000,1.000000000
327,0,1.918295834,1.333333333
328,0,1.538596444,1.123287671
329,0,1.245569935,2.000000000
330,0,1.901404261,2.984007996
331,0,2.899752704,2.464476095
332,0,2.779557636,1.997588902
333,0,1.868101355,1.071952203
334,0,1.581691867,1.194183080
335,0,2.092660839,1.280026649
336,0,2.177285914,1.426689698
337,0,2.308226691,1.397207533
338,0,2.813934966,1.924927619
339,0,2.361886832,2.057408238
340,0,2.795215583,1.941820279
341,0,2.664868376,1.601954985
342,0,2.709140491,2.283053553
343,0,1.884764586,1.448545858
344,0,2.166336035,1.889863422
345,0,2.667993839,1.786501431
346,0,1.428016803,1.461452973
347,0,2.098706780,2.246630909
348,0,2.368569301,1.722065639
349,0,2.432488570,1.984378329
350,0,2.837485174,2.095372309
351,0,2.623980839,1.508523471
352,0,2.130430060,1.056030646
353,0,2.263610833,1.257886191
354,0,2.169149393,1.906800434
355,0,2.185111527,1.679481121
356,0,2.309808381,2.851316328
357,0,2.265744745,2.050911622
358,0,2.541805118,2.720869470
359,0,1.730367839,1.339199689
360,0,1.719053366,1.842262101
361,0,1.820979706,0.838409703
362,0,1.709453211,2.175923421
363,0,1.242825283,1.178600943
364,0,2.291318011,2.250280303
365,0,2.404975666,1.730688769
366,0,2.792808878,1.890309688
367,0,0.885592270,0.607108465
368,0,1.723055381,1.076923077
369,0,2.257460744,1.821445768
370,0,1.942004301,2.172123911
371,0,1.546147274,1.178962074
372,0,1.929866384,2.038822252
373,0,1.553755261,1.961376140
374,0,1.951831767,1.119178692
375,0,2.343120755,1.635695943
376,0,2.670070992,2.379950377
377,0,3.067753746,2.215731145
378,0,2.665714811,1.738827141
379,0,2.347067549,2.056213772
380,0,2.758229342,1.878635155
381,0,-0.000000000,0.000000000
382,0,1.000000000,1.000000000
383,0,1.918295834,2.000000000
384,0,2.299736764,1.500000000
385,0,2.070995755,2.000000000
386,0,2.477930402,1.608237548
387,0,2.304782938,2.061480829
388,0,2.294576195,3.346539006
389,0,2.580870627,3.522978377
390,0,2.458552254,3.049066658
391,0,2.895268584,3.084346869
392,0,2.190572139,3.083709853
393,0,2.819048604,2.966651469
394,0,1.904650935,1.341682361
395,0,2.331099294,1.499267197
396,0,2.140096236,1.981345079
397,0,2.452396673,2.438817877
398,0,2.583328826,1.980949010
399,0,2.678362642,1.735450873
400,0,2.623057928,2.349389896
401,0,2.775571845,1.808204503
402,0,2.895364468,1.929650523
403,0,2.969728774,2.031194461
404,0,2.931337268,2.714757610
405,0,3.213330027,2.864400898
406,0,3.134771963,2.076877145
407,0,3.351063881,2.585770487
408,0,3.401962077,3.187074886
409,0,2.856863255,1.962154794
410,0,2.252150287,2.271196761
411,0,2.804809167,2.365698937
412,0,3.044521232,1.971056559
413,0,0.998923049,1.038634173
414,0,-0.000000000,0.000000000
415,0,1.000000000,1.000000000
416,0,1.500000000,1.000000000
417,0,1.863120569,1.571428571
418,0,1.876953520,1.476190476
419,0,2.318755729,2.028326180
420,0,2.544361696,2.198491424
421,0,3.182375841,3.442975478
422,0,1.803448547,1.405391463
423,0,2.965761447,2.198190596
424,0,3.005933873,1.957695158
425,0,2.912666689,2.375084394
426,0,2.762524840,1.896242585
427,0,2.338102535,2.145322754
428,0,2.996976925,2.832303221
429,0,3.190851150,2.417641882
430,0,3.020123826,2.839005064
431,0,2.083173444,1.695909440
432,0,2.187136982,2.156013783
433,0,2.509460923,1.868226472
434,0,1.357314992,1.024103035
435,0,2.130305639,1.959586545
436,0,2.675239042,1.880650233
437,0,2.691222863,1.632771112
438,0,2.492243406,2.030095505
439,0,2.435817354,1.616541660
440,0,2.412993541,2.596862968
441,0,2.361014817,2.138796658
442,0,2.736785609,2.237762514
443,0,1.297755928,1.486539947
444,0,2.360825782,2.211641560
445,0,2.131959714,1.318168574
446,0,2.302773769,1.414491465
447,0,2.401666113,1.854953301
448,0,2.321818275,1.927562157
449,0,2.236556459,2.110392835
450,0,2.915898773,2.754510874
451,0,2.781632497,3.786881886
452,0,3.069932367,4.767429299
453,0,3.073954128,5.504129357
454,0,2.887136955,4.685282362
455,0,2.789819521,2.631638527
456,0,2.781433969,2.179327562
457,0,3.208758394,2.231114793
458,0,2.929941109,2.227821911
459,0,2.655901196,2.331719413
460,0,2.559074968,1.932878529
461,0,1.669877641,0.872110574
462,0,0.999998400,1.001489500
463,0,1.499999200,1.000000000
464,0,0.999999744,1.000595800
465,0,-0.000000000,0.000000000
466,0,1.000000000,1.000000000
467,0,1.775858948,2.000000000
468,0,1.000000000,1.000000000
469,0,1.918295834,1.333333333
470,0,1.538596444,1.123287671
471,0,1.964481294,2.000000000
472,0,2.447932680,2.986674662
473,0,2.851045593,2.398360539
474,0,2.657567805,3.575895373
475,0,2.868506828,3.107821813
476,0,2.869383542,4.010040880
477,0,3.319296321,3.543686799
478,0,2.870584972,4.640554138
479,0,2.759218541,3.254039718
480,0,2.512989978,2.332650448
481,0,0.963769027,1.223170135
482,0,2.240633192,1.435264178
483,0,1.477343471,1.505808942
484,0,2.029062074,2.570032619
485,0,2.600240113,3.049134905
486,0,2.753982923,1.912713793
487,0,2.796802000,1.590261488
488,0,3.081415797,2.272751379
489,0,3.215847177,1.861235589
490,0,2.555623132,1.732033299
491,0,2.357654580,1.723478019
492,0,2.675445623,1.943612542
493,0,1.822266361,1.352257767
494,0,1.956593326,1.952925502
495,0,3.170013516,2.332785046
496,0,3.207232941,2.539510435
497,0,3.355031559,3.435988499
498,0,2.504719543,1.807291674
499,0,2.248679584,1.202406543
500,0,2.597413068,2.155288988
501,0,2.530031339,3.229014707
502,0,2.751181180,2.550097586
503,0,2.882025308,1.991471214
504,0,2.666178519,1.588954112
505,0,2.633143065,1.903554750
506,0,2.629232804,1.722449751
507,0,1.847592678,1.471197080
508,0,2.936005222,2.224617824
509,0,2.715680080,1.915094812
510,0,2.650879555,1.967066068
511,0,2.697543139,2.068187722
512,0,2.922507524,2.043407841
513,0,2.988227194,2.358380070
514,0,2.908122681,2.289248862
515,0,1.686989028,1.991197800
516,0,2.051602468,1.990030563
517,0,2.983907486,2.617690406
518,0,2.957308166,2.890155959
519,0,3.488173797,2.796423115
520,0,3.569888896,2.635008353
521,0,1.293601668,0.864472774
522,0,1.909225170,1.233936588
523,0,2.712303009,2.243826135
524,0,2.626455861,1.995699762
525,0,2.371907195,2.183172951
526,0,1.526783959,1.381792183
527,0,1.577337006,1.396029276
528,0,2.533502247,2.238037404
529,0,1.934395226,2.343234552
530,0,2.286130670,1.126032265
531,0,2.697670652,1.633472186
532,0,2.469993569,1.353429655
533,0,2.702946529,1.953113631
534,0,2.797728411,1.929397228
535,0,1.973032988,1.417599943
536,0,1.927995523,2.119371349
537,0,2.260330683,2.595635503
538,0,2.360097395,1.664837356
539,0,2.705513268,2.183042790
540,0,2.530517313,2.418720551
541,0,2.754183562,3.202914268
542,0,2.471797191,3.045031379
543,0,1.342051432,1.266635471
544,0,1.038463450,0.793589337
545,0,1.020482746,0.773381339
546,0,1.045705282,1.275963303
547,0,1.977827289,2.165170011
548,0,1.497901337,1.459899184
549,0,0.945356248,0.726520603
550,0,2.147167538,1.393876717
551,0,2.288122777,1.283649043
552,0,2.198745689,1.625147205
553,0,2.608891244,1.551800779
554,0,1.278709616,1.216972539
555,0,2.652477407,2.447663362
556,0,2.528271529,1.694601210
557,0,2.641315075,2.375609818
558,0,2.561406981,2.905626139
559,0,1.599554313,1.649815484
560,0,1.545994849,1.117763565
561,0,1.832660113,1.284834691
562,0,2.148897851,1.417319624
563,0,1.916981035,1.351642912
564,0,2.049156219,1.677006821
565,0,2.734879878,1.792661234
566,0,1.928980386,1.253989394
567,0,2.748873741,2.431526967
568,0,2.710586486,2.568073378
569,0,2.460873035,1.348345929
570,0,2.976343654,2.128872614
571,0,2.289755237,1.238058879
572,0,2.412449613,1.959227901
573,0,2.880510955,1.664197204
574,0,1.679949649,0.916188572
575,0,2.273955722,1.872270754
576,0,2.506415219,1.954260424
577,0,2.616193575,2.381223893
578,0,3.048359887,2.311043576
579,0,3.071607107,2.511881452
580,0,2.896321300,2.763149649
581,0,3.061600669,3.701673067
582,0,3.023317800,3.701621631
583,0,2.910652004,3.188251582
584,0,1.720523659,1.182862881
585,0,2.499036357,1.881648275
586,0,2.313815972,1.414998987
587,0,2.345763446,1.283242378
588,0,2.290631331,1.586917226
589,0,2.017764894,1.092381987
590,0,1.994425813,1.393519540
591,0,2.042551840,1.476377602
592,0,2.579941666,1.727926128
593,0,2.828269486,2.351396512
594,0,2.823952272,2.015037948
595,0,2.885366888,2.215803436
596,0,2.870991415,3.102745854
597,0,2.563236692,3.136028793
598,0,1.753053020,0.880476294
599,0,0.843980345,0.478856841
600,0,1.581999292,1.107563674
601,0,2.044995568,1.446658949
602,0,1.810249999,1.717777121
603,0,1.622566449,1.151510476
604,0,1.983204478,1.378305130
605,0,1.782143873,2.073326634
606,0,1.280331164,1.767491709
607,0,1.164704944,0.639389396
608,0,1.690996805,0.800264073
609,0,1.657315019,1.149009212
610,0,1.702345524,1.162760219
611,0,0.816457561,0.506588247
612,0,1.447376463,1.279510709
613,0,1.917344933,1.377916823
614,0,1.766462244,1.341275149
615,0,1.834111827,1.111297669
616,0,1.656687268,1.491324926
617,0,0.849205493,1.449058860
618,0,0.752750755,1.568048724
619,0,1.451473192,0.678396367
620,0,1.796860913,1.408562232
621,0,1.603689944,0.990608216
622,0,1.808418141,1.310225950
623,0,1.660265563,2.668655473
624,0,1.871830035,2.561786571
625,0,1.670706920,1.369945751
626,0,1.946439068,2.151878541
627,0,0.824843879,0.487873728
628,0,2.057880849,1.741272896
629,0,2.018427042,2.045688013
630,0,2.296801112,2.070276972
631,0,2.314913407,1.616553619
632,0,2.285261703,1.974412012
633,0,1.902261263,1.586511625
634,0,2.661014744,2.688614922
635,0,2.510945116,3.481606179
636,0,2.456791110,4.048784171
637,0,1.304966339,2.671308433
638,0,1.674653705,3.520913735
639,0,2.167855423,2.290360422
640,0,2.379595413,3.105120587
641,0,2.896467874,2.803480274
642,0,2.816878986,3.203614253
643,0,2.383428007,2.101706892
644,0,2.273176153,1.531002328
645,0,2.326541980,1.913365265
646,0,2.318036364,1.553484864
647,0,2.326321764,1.348619805
648,0,2.418576342,2.131797605
649,0,1.402201297,0.989427909
650,0,1.979548089,1.630950105
651,0,1.764737323,1.943744269
652,0,2.050545545,1.390603509
653,0,2.160646628,1.442370514
654,0,2.404605206,2.390650602
655,0,2.354177607,2.665203542
656,0,2.344144063,4.977711932
657,0,2.083606184,4.149615531
658,0,2.102322943,1.647450059
659,0,2.316016788,1.827292453
660,0,2.226914769,1.743602956
661,0,2.731901940,2.692644734
662,0,1.925210021,1.668400399
663,0,1.709153956,0.980944053
664,0,2.183033845,1.777257037
665,0,2.847266003,2.912012083
666,0,2.839810804,2.981650188
667,0,1.937581270,2.022283382
668,0,2.696657824,2.267412290
669,0,2.537921264,2.602035138
670,0,2.411310719,1.736813427
671,0,2.542736552,1.605348671
672,0,2.319263878,1.495531009
673,0,2.104627213,1.563996045
674,0,2.255844067,2.219710049
675,0,2.502337135,1.655780272
676,0,2.137274350,1.142148438
677,0,2.320425382,1.720599487
678,0,1.501779577,1.255168004
679,0,1.616069139,0.928172764
680,0,1.944050086,1.604049649
681,0,1.972210136,1.899806916
682,0,2.426539924,1.819850575
683,0,2.457877539,1.339372927
684,0,2.602878146,1.602185904
685,0,2.690255189,2.436312129
686,0,2.760957925,3.611434518
687,0,2.643091105,2.356632635
688,0,2.563707039,2.861300226
689,0,3.045808463,3.618860429
690,0,3.008581080,4.437948212
691,0,2.987678406,4.079171033
692,0,3.028298083,3.326156547
693,0,2.918838956,2.793671119
694,0,3.121889177,3.600796034
695,0,2.924098131,5.030314401
696,0,2.928294124,6.061959890
697,0,2.755642197,7.204859588
698,0,2.234409193,8.697272622
699,0,2.620400911,9.824026441
700,0,2.394879977,9.007521697
701,0,2.586154754,7.553999569
702,0,2.369318636,8.248777843
703,0,2.886855200,6.730627450
704,0,3.377270442,5.303465698
705,0,3.291950676,6.407906075
706,0,2.945228296,6.013445457
707,0,3.010364192,6.678557850
708,0,3.161354950,5.773606398
709,0,3.028844363,6.351313452
710,0,2.309960131,1.451179083
711,0,2.861140927,2.029165739
712,0,1.938880387,1.521582203
713,0,2.170589772,1.342815472
714,0,2.529924005,1.962614238
715,0,2.574346998,2.557497866
716,0,2.334475138,1.916514562
717,0,2.294161307,3.270021357
718,0,2.209870834,2.015270480
719,0,1.478597253,1.445561302
720,0,2.461255626,2.537967751
721,0,2.309985408,1.487065805
722,0,2.524848441,2.123930201
723,0,2.355755457,1.945287165
724,0,2.500496867,1.927637518
725,0,2.333445144,2.027552622
726,0,2.326714185,1.446655348
727,0,2.273679220,1.529736048
728,0,2.269906351,2.083854221
729,0,2.165543136,2.526920284
730,0,2.363522633,1.848652685
731,0,2.181776815,1.409285204
732,0,2.003701788,1.448567423
733,0,2.255239892,1.485587391
734,0,2.257112678,1.372474404
735,0,2.149627076,1.408222790
736,0,2.610421442,2.009330914
737,0,2.616731038,1.739095434
738,0,2.477611740,1.405797431
739,0,2.318962774,2.395510898
740,0,2.791924796,2.746738737
741,0,2.510309677,1.985717931
742,0,2.784920374,3.110349415
743,0,2.566111966,2.297176758
744,0,2.614754890,2.166213853
745,0,2.216248722,2.619428335
746,0,2.536627915,2.431018198
747,0,3.055662322,2.264975487
748,0,3.265912675,2.696547570
749,0,2.019708287,1.998759259
750,0,2.145738617,2.167261254
751,0,3.051759875,2.877754007
752,0,3.162746781,2.463446298
753,0,2.783345355,2.134355996
754,0,2.183115590,1.611145973
755,0,2.835941183,2.353967781
756,0,2.938210158,3.609725722
757,0,2.128724339,2.517208511
758,0,1.687015208,1.728016574
759,0,2.447604233,2.647731930
760,0,3.049029243,3.486617896
761,0,3.131200100,4.043465186
762,0,1.205915795,0.748579211
763,0,1.545070199,1.622658138
764,0,1.321357101,1.077989682
765,0,2.099748775,2.048996408
766,0,2.011788435,2.869884511
767,0,2.145006070,3.635862032
768,0,2.790192079,4.884686707
769,0,3.351715010,5.977115297
770,0,2.353741364,6.704024607
771,0,3.416009431,7.539657233
772,0,3.029393297,5.965874018
773,0,1.541697243,6.390237124
774,0,2.292752446,7.250403494
775,0,2.824185561,6.360032472
776,0,2.933821479,5.541972078
777,0,3.654035055,6.084285770
778,0,3.566951041,6.943608259
779,0,3.280862596,5.372297579
780,0,3.208779126,7.415098774
781,0,3.523459202,8.429294635
782,0,1.848475946,1.429323592
783,0,2.270997912,2.413655187
784,0,1.506452153,2.446660156
785,0,2.072834845,2.944759654
786,0,2.075159324,3.223461237
787,0,2.024380034,3.412314216
788,0,2.504819122,2.476715556
789,0,2.229479177,1.429292618
790,0,2.235469233,1.279617132
791,0,2.512395055,1.764718969
792,0,1.390672549,1.187956185
793,0,2.005546957,2.771899245
794,0,2.504693733,1.756797524
795,0,2.216639456,1.267752419
796,0,1.862668809,1.664738994
797,0,2.135720866,1.414481365
798,0,2.553964983,2.402993582
799,0,2.244195869,1.705600998
800,0,2.194181302,1.324931992
801,0,2.492981732,1.696460584
802,0,2.444723250,1.864239918
803,0,2.198352736,2.230050811
804,0,1.755398198,1.436691560
805,0,2.144996060,2.085675084
806,0,2.644492486,2.379682049
807,0,1.972153118,3.997525295
808,0,2.348245710,3.960606278
809,0,2.536634597,3.057556539
810,0,2.687868033,2.659477816
811,0,2.810935085,3.144058624
812,0,1.692595946,3.817128283
813,0,2.768973313,4.670928480
814,0,2.420961216,3.143534486
815,0,2.240410751,1.736192928
816,0,2.030477366,1.085455096
817,0,2.023847026,1.215994704
818,0,2.480064485,1.901395702
819,0,2.235859520,2.161727320
820,0,1.882418656,1.286573786
821,0,2.293187899,1.575193194
822,0,2.052820223,1.844372516
823,0,2.298568900,1.458027546
824,0,2.201118599,1.542498318
825,0,2.143010089,1.333281277
826,0,2.530958712,1.741879383
827,0,2.194625515,2.575052922
828,0,2.191086517,1.371282711
829,0,2.162240492,1.950272359
830,0,1.591640351,1.530553282
831,0,2.310187814,2.490832496
832,0,2.428722007,3.403189297
833,0,2.138732785,2.337810417
834,0,2.173260391,2.809984800
835,0,1.425491881,1.354320451
836,0,2.402832785,2.130473741
837,0,2.221199792,2.500163145
838,0,2.206978727,1.814306370
839,0,2.118791119,1.561096615
840,0,2.256630676,1.873514443
841,0,1.565200118,1.214368296
842,0,2.420990494,1.623346321
843,0,1.847666016,1.710191619
844,0,3.020415913,2.552817542
845,0,2.742630235,2.216939701
846,0,2.534871905,2.645091873
847,0,3.072436010,2.457716056
848,0,3.085784087,2.478194802
849,0,2.627700771,1.874191685
850,0,3.057471104,2.341567103
851,0,2.624146202,2.363404304
852,0,2.399093516,1.709229540
853,0,2.201186008,2.178815628
854,0,2.369740786,1.721434674
855,0,2.398823129,1.989756779
856,0,2.592828149,3.007670917
857,0,2.217241600,1.590031270
858,0,2.461172210,1.426702990
859,0,2.662044789,1.879037860
860,0,2.429946072,1.648105562
861,0,2.048002228,0.847396236
862,0,1.676791860,1.224529930
863,0,1.510899139,0.871928671
864,0,2.125925018,1.345602483
865,0,2.505742215,1.568335130
866,0,0.987295976,0.541112761
867,0,1.820090972,1.118802477
868,0,2.533608036,1.586514581
869,0,2.707987838,2.102541558
870,0,2.917775288,2.985802134
871,0,2.977043823,2.761406787
872,0,1.948002206,1.458134506
873,0,2.274640889,1.088437815
874,0,2.787056267,1.809110338
875,0,1.667053287,0.986777007
876,0,2.409244033,1.463911700
877,0,2.320185140,1.818071342
878,0,2.170602399,1.193951550
879,0,2.813711988,1.870857432
880,0,2.405106753,1.580304056
881,0,2.440031587,1.397369082
882,0,2.554071472,1.958273430
883,0,2.927831838,2.261076750
884,0,3.002136652,3.091286544
885,0,3.014062046,2.833739744
886,0,2.698863494,2.259772959
887,0,2.742492017,3.054437465
888,0,3.010798555,2.784146492
889,0,2.410176032,1.176697054
890,0,2.446555636,2.002743145
891,0,2.222141862,2.365456485
892,0,1.092312064,0.543066230
893,0,1.809250017,1.162897069
894,0,0.992092032,0.687799743
895,0,0.919318288,0.548935255
896,0,1.668941759,0.836238872
897,0,1.969804087,1.252316206
898,0,2.276263760,1.523286860
899,0,2.251540671,1.414334761
900,0,1.956558564,1.641894195
901,0,1.997438861,1.107646326
902,0,2.234360384,1.778367355
903,0,2.600712926,2.462295161
904,0,2.255808392,1.482631526
905,0,2.669326242,2.115585448
906,0,2.713779814,1.839162682
907,0,2.868837015,2.403465341
908,0,2.684371029,3.405068809
909,0,2.357675278,5.101858307
910,0,2.629224080,2.754058245
911,0,2.949495617,2.113311338
912,0,3.114295946,2.505632134
913,0,3.308478983,3.334943454
914,0,3.057235755,3.352711473
915,0,3.303246342,2.622933891
916,0,3.226473120,2.431314407
917,0,3.048042177,2.475775331
918,0,3.634935751,4.995882230
919,0,3.254711465,3.489396420
920,0,2.934424008,3.137030987
921,0,1.508726399,1.709222935
922,0,2.071662848,2.099413182
923,0,2.241826924,2.079099253
924,0,2.784056264,1.970732578
925,0,2.807059023,2.336338598
926,0,2.897951260,2.109345609
927,0,2.389355686,2.143161451
928,0,2.749146136,2.093745034
929,0,2.830351619,1.676027057
930,0,2.328334080,1.781999324
931,0,0.955569003,1.246899742
932,0,1.755352334,2.227907455
933,0,1.388616233,1.184641083
934,0,2.254262141,1.556371709
935,0,2.000869630,1.311711313
936,0,2.467908620,1.573200331
937,0,1.873504529,1.762191126
938,0,1.717050049,1.644852333
939,0,1.878503357,0.932862546
940,0,2.215211545,1.450000553
941,0,2.393074393,1.892243956
942,0,2.531546396,1.484104128
943,0,1.346231511,0.770163453
944,0,1.726976058,1.547866223
945,0,2.114670619,2.571432649
946,0,2.593860924,1.823447776
947,0,3.074936154,1.786889627
948,0,2.285744902,1.248715525
949,0,1.491269210,1.261927918
950,0,2.083041138,1.266233772
951,0,2.710958041,1.894067604
952,0,2.784208891,1.848691684
953,0,3.147531251,2.312361148
954,0,3.219523416,2.160316762
955,0,2.352207852,1.739012626
956,0,2.656794321,1.931152737
957,0,2.802887928,1.989255616
958,0,2.765385675,1.728308399
959,0,2.699145042,1.845919657
960,0,3.130894904,2.654244149
961,0,2.869728766,3.209481399
962,0,2.191103165,2.464216543
963,0,2.507355609,1.992217469
964,0,2.127374331,1.204003400
965,0,1.573577062,1.330381839
966,0,1.926347093,1.858567973
967,0,1.543014381,1.143376658
968,0,2.232528836,1.864686403
969,0,2.051535953,1.469593301
970,0,1.558163592,1.182398724
971,0,1.955345288,1.234964527
972,0,2.493251786,1.392104871
973,0,2.756462256,1.758215153
974,0,2.387496977,2.589300254
975,0,2.349177252,2.390284904
976,0,2.313346678,1.490104166
977,0,2.435891147,1.657521021
978,0,1.539331776,1.561316501
979,0,2.776194633,2.910399596
980,0,1.801530194,1.102604045
981,0,2.660820279,1.833207215
982,0,2.425227373,1.530541237
983,0,2.862679669,2.385438599
984,0,2.605649239,1.837099376
985,0,3.165556200,3.020728602
986,0,1.535494114,1.380499266
987,0,2.090745569,1.992086265
988,0,2.397395066,2.750090437
989,0,2.433144675,1.958458514
990,0,2.226910765,2.150588602
991,0,2.563037688,1.727703890
992,0,2.077710903,1.394473334
993,0,2.067429067,1.025862466
994,0,2.462966268,1.669712372
995,0,2.334864189,1.403141075
996,0,2.400332389,1.781433679
997,0,2.144316542,2.307867249
998,0,2.086615698,1.308626160
999,0,2.217560423,1.202422550
1000,0,2.296044033,1.815212050
1001,0,1.996107539,1.662502737
1002,0,2.024307127,1.288493652
1003,0,2.431215234,1.870825608
1004,0,2.258722763,1.936304218
1005,0,2.314881263,2.643564794
1006,0,2.332186129,1.869895715
1007,0,2.218306559,2.027059395
1008,0,2.329069595,2.110104111
1009,0,2.789371138,2.557862562
1010,0,3.149384250,3.969261900
1011,0,1.420683501,0.995951871
1012,0,1.914019861,1.004414415
1013,0,2.380643163,1.536729686
1014,0,2.303341783,1.333939979
1015,0,1.404357125,1.632142250
1016,0,1.349525339,1.489250251
1017,0,1.899810127,1.724790610
1018,0,2.249566585,1.859142477
1019,0,2.268558201,1.998080721
1020,0,2.464778536,2.094679032
1021,0,2.454166021,1.470768185
1022,0,2.338654792,1.924064625
1023,0,2.374144493,2.635574078
1024,0,2.829637401,2.304493244
1025,0,1.999222290,2.182691710
1026,0,2.746805155,2.049740560
1027,0,2.945592931,2.660157012
1028,0,2.621222545,2.042447209
1029,0,2.690104291,2.294148010
1030,0,2.832696753,1.918134659
1031,0,2.263519061,1.583301926
1032,0,2.741249311,1.903182003
1033,0,2.961813765,1.845808144
1034,0,2.558267824,1.918818591
1035,0,2.587991504,2.146242528
1036,0,2.722679751,1.961625964
1037,0,2.724345794,1.892649947
1038,0,2.451105958,2.313557231
1039,0,2.890422251,2.017849747
1040,0,2.646638016,1.630729041
1041,0,2.743694339,1.953260852
1042,0,1.952027349,1.744871866
1043,0,2.451756650,1.870836547
1044,0,2.082037560,2.228573617
1045,0,2.065481765,1.827747657
1046,0,2.400198333,2.608102217
1047,0,3.003440286,2.389670977
1048,0,2.995888315,2.087456359
1049,0,2.365549303,2.083685654
1050,0,2.593753707,3.389843624
1051,0,2.187323676,2.635744997
1052,0,3.027746990,3.397919393
1053,0,3.000859910,4.053959264
1054,0,2.904404872,2.936835147
1055,0,2.753445440,4.007940310
1056,0,3.166617741,4.307309738
1057,0,2.717364851,2.885605754
1058,0,2.498190307,1.514131828
1059,0,2.384878385,1.670179950
1060,0,2.503632555,2.237224263
1061,0,2.430036377,1.903984353
1062,0,2.569929770,1.653546344
1063,0,2.328974560,1.688299048
1064,0,3.002495590,2.074569024
1065,0,2.490025377,2.012010089
1066,0,2.842499700,2.764334147
1067,0,2.795073742,2.043401357
1068,0,1.478733687,1.241579844
1069,0,2.461806731,1.618980815
1070,0,2.220972320,1.709705273
1071,0,2.216732789,1.352992803
1072,0,2.219263149,1.504543958
1073,0,1.520073184,1.521649165
1074,0,1.904515011,1.116871277
1075,0,0.867560313,0.363345873
1076,0,2.083828117,1.206949360
1077,0,2.265460917,2.298221813
1078,0,2.961397429,1.986928375
1079,0,1.323979888,0.855078171
1080,0,1.161706037,0.617250545
1081,0,2.207155778,1.509285338
1082,0,2.769236791,1.782012095
1083,0,2.511212974,1.286603628
1084,0,2.639729917,1.581644420
1085,0,1.347707618,0.858851643
1086,0,1.815066177,1.337065079
1087,0,2.124929729,0.992633059
1088,0,1.991626793,1.362582782
1089,0,1.981239334,1.778695004
1090,0,1.882165042,1.172619575
1091,0,1.943331581,1.714381144
1092,0,2.367812513,1.974797738
1093,0,1.567291793,1.208623091
1094,0,1.834715324,1.637969820
1095,0,1.770734218,1.175164475
1096,0,2.240921256,1.368081265
1097,0,2.718684254,1.963315293
1098,0,2.106555731,2.794759346
1099,0,2.397833248,3.752486690
1100,0,1.669768049,1.670727389
1101,0,2.613993104,1.914401419
1102,0,2.964861462,2.521488403
1103,0,1.302776886,1.064777328
1104,0,1.931940731,2.587530508
1105,0,2.190825060,1.705495044
1106,0,2.490087027,1.493442685
1107,0,1.370808921,1.034943509
1108,0,2.082724100,1.366695653
1109,0,3.048587666,2.328447739
1110,0,2.785830911,1.618111812
1111,0,2.553138015,1.714575022
1112,0,2.642092446,1.663643655
1113,0,2.580902553,1.517773567
1114,0,2.310339179,1.802682143
1115,0,1.457582834,1.365270753
1116,0,2.448042556,1.600914874
1117,0,2.125676769,1.815945331
1118,0,2.486881547,1.801311267
1119,0,2.366530957,1.461869845
1120,0,2.494677131,1.705916512
1121,0,2.419492854,2.151348007
1122,0,2.436973507,1.423728773
1123,0,2.504878523,1.808451286
1124,0,0.995108493,1.082300680
1125,0,1.685508851,0.838602074
1126,0,1.398097542,0.604409129
1127,0,1.985315694,1.561255895
1128,0,2.072773947,2.045019530
1129,0,2.537412329,2.519822484
1130,0,2.671180066,1.736277312
1131,0,2.676070687,1.562022145
1132,0,2.387712996,1.836654940
1133,0,2.552092299,1.742691652
1134,0,1.357877984,1.109186422
1135,0,2.386115162,1.541646354
1136,0,2.268985656,1.392510444
1137,0,2.172466958,1.464026098
1138,0,2.434839117,2.364143554
1139,0,2.492118923,1.798161455
1140,0,2.220037301,2.151779390
1141,0,2.574100916,3.073784098
1142,0,0.018373191,0.007993175
1143,0,1.602303234,1.337619982
1144,0,1.710888118,1.403004387
1145,0,1.012307780,0.569924964
1146,0,1.780188614,1.515410615
1147,0,1.763340362,1.626857212
1148,0,0.059184759,0.027907742
1149,0,1.000000000,1.000000000
1150,0,1.916488280,1.106382979
1151,0,1.505162656,1.139534884
1152,0,2.700646231,1.717054264
1153,0,2.561352213,2.159608091
1154,0,2.605005552,2.106353696
1155,0,1.779667757,2.187040376
1156,0,2.418609326,3.048809109
1157,0,2.379784187,2.159993876
1158,0,2.254072653,1.955680198
1159,0,2.546495409,1.536910705
1160,0,2.505522235,1.592838243
1161,0,2.658235600,2.741941337
1162,0,1.478714395,0.798782811
1163,0,0.965018096,0.779638381
1164,0,1.658368082,0.793281986
1165,0,0.000611468,0.000197614
1166,0,0.000745857,0.000251506
1167,0,1.000750514,1.000242524
1168,0,1.000347431,1.000098808
1169,0,1.186804746,0.500138854
1170,0,1.682341275,1.337512861
1171,0,1.922348057,1.488363884
1172,0,2.522874239,1.656531041
1173,0,2.428164431,2.114836559
1174,0,2.828870558,2.220612767
1175,0,1.702620924,1.639645614
1176,0,2.766593488,1.869363392
1177,0,2.626841953,2.912004171
1178,0,2.865414627,2.570977646
1179,0,2.804429663,2.627290167
1180,0,2.847861932,1.784798286
1181,0,2.290817376,1.401355450
1182,0,2.642693269,1.803850120
1183,0,2.406111482,1.503984404
1184,0,2.615667184,2.020153218
1185,0,2.438441214,1.857821448
1186,0,2.342511322,1.323195880
1187,0,2.384795063,1.466926814
1188,0,2.189367656,1.349572149
1189,0,2.228800007,1.326568952
1190,0,2.790644914,1.868404399
1191,0,2.318728041,1.599956065
1192,0,2.188320325,1.035871052
1193,0,2.540477720,1.789432447
1194,0,2.383343304,2.767495853
1195,0,2.610160635,1.867689352
1196,0,2.756777104,2.548910034
1197,0,2.485231987,1.639497365
1198,0,2.482427667,1.429966679
1199,0,2.856518690,1.958492978
1200,0,2.484812029,1.596943766
1201,0,2.451722876,2.297899874
1202,0,2.483978367,1.726413690
1203,0,2.532972753,2.179451669
1204,0,1.821985711,1.475081275
1205,0,2.408840312,1.626689375
1206,0,2.534512377,2.175756677
1207,0,2.497907391,1.884255790
1208,0,2.439010365,3.298045882
1209,0,2.469717666,2.317185596
1210,0,2.396681178,1.979626786
1211,0,2.436284658,1.999047415
1212,0,2.388168368,2.167404776
1213,0,2.520276109,2.436208268
1214,0,2.559290355,1.844145889
1215,0,2.552884484,2.478235304
1216,0,2.642864327,1.653039342
1217,0,2.489524236,1.845422699
1218,0,2.371156946,2.360401090
1219,0,2.461792359,1.830249321
1220,0,2.874756550,1.875902920
1221,0,2.604177209,1.716621461
1222,0,2.255670894,1.879671986
1223,0,2.540855434,2.280040479
1224,0,2.918813249,2.334864596
1225,0,2.876841661,2.074146135
1226,0,2.622337768,1.598893045
1227,0,2.474681625,1.456689956
1228,0,2.911849035,2.074212719
1229,0,2.442927694,1.420963389
1230,0,2.891465476,2.376561842
1231,0,2.028575362,2.231441570
1232,0,2.891787204,2.294175421
1233,0,3.123340346,3.267445547
1234,0,2.259605240,2.760590286
1235,0,3.170517627,2.501350068
1236,0,2.277835458,2.191785912
1237,0,2.729535844,2.631498690
1238,0,2.616743977,3.146772427
1239,0,3.100561835,2.896771612
1240,0,3.184148540,3.265581872
1241,0,2.988115588,3.521694977
1242,0,2.986689630,2.922438640
1243,0,3.403028182,3.722317596
1244,0,3.104032438,2.994814536
1245,0,3.089685861,2.460212500
1246,0,3.019539843,2.495669282
1247,0,3.375793805,2.768398358
1248,0,3.337958632,2.589512844
1249,0,3.158332066,2.428547445
1250,0,3.004338164,2.907650120
1251,0,3.307851879,2.901788076
1252,0,3.017423633,3.199913002
1253,0,3.238632937,2.819969913
1254,0,2.988836240,2.201589413
1255,0,2.953548098,2.313597050
1256,0,2.852977779,2.163226031
1257,0,2.952658207,2.253117394
1258,0,2.988518664,2.342768743
1259,0,3.095081718,2.583983388
1260,0,2.958003251,2.077350045
1261,0,3.292332865,2.501319509
1262,0,2.860690065,3.127460814
1263,0,2.770744860,3.591685025
1264,0,2.988779625,3.228174355
1265,0,2.244559062,2.167656961
1266,0,2.208446029,3.024344121
1267,0,1.865175096,2.205122384
1268,0,2.858633783,3.284513781
1269,0,2.727327476,3.603147866
1270,0,1.873136399,2.160644780
1271,0,2.639340233,1.900233342
1272,0,2.885593411,2.049233971
1273,0,2.705055954,2.192197761
1274,0,1.742134614,1.733011297
1275,0,1.630010252,1.463833449
1276,0,2.287478653,2.263606017
1277,0,2.155735949,1.868883485
1278,0,2.328953651,1.873322234
1279,0,1.826598957,1.550380657
1280,0,1.409005932,0.851881730
1281,0,2.124154178,1.315304633
1282,0,2.217727471,1.457541621
1283,0,2.315437403,1.787647093
1284,0,2.422631600,1.715216034
1285,0,2.371601455,1.453918535
1286,0,2.124196515,1.665850270
1287,0,1.949726367,1.689372201
1288,0,0.844620780,1.589218359
1289,0,2.011886693,1.364210265
1290,0,2.307292609,2.234838716
1291,0,2.129443317,1.350800866
1292,0,1.960641335,1.409046553
1293,0,1.813621099,1.486810904
1294,0,2.051268656,1.076895395
1295,0,1.931254794,0.947664672
1296,0,2.263145073,1.380778901
1297,0,2.580690317,1.704049460
1298,0,2.102069738,2.261931721
1299,0,1.891035343,1.605072841
1300,0,1.590645190,1.027279524
1301,0,1.881303074,1.106925520
1302,0,1.979026394,1.681190484
1303,0,2.326738262,2.248647730
1304,0,2.464625053,3.121291213
1305,0,2.732426667,4.107852661
1306,0,2.979847988,3.382666424
1307,0,3.073434075,4.101149852
1308,0,3.504592867,5.286189574
1309,0,3.236498798,4.641067670
1310,0,3.677129219,5.445652751
1311,0,3.150006031,3.131006823
1312,0,1.262442707,0.970039883
1313,0,2.277452946,1.288652302
1314,0,2.395117612,1.532823977
1315,0,2.374247683,2.182103298
1316,0,2.792848526,1.980359222
1317,0,3.333407616,2.757195533
1318,0,1.849975437,3.041162143
1319,0,2.270379138,3.736734052
1320,0,2.345136292,4.587507263
1321,0,2.699796001,5.499236117
1322,0,2.469131047,4.914541594
1323,0,2.286280125,5.392038620
1324,0,1.274724061,7.555172066
1325,0,2.325561680,5.999382854
1326,0,1.592086066,2.084849322
1327,0,2.341978198,3.182099300
1328,0,2.614681000,2.609916885
1329,0,2.790730424,2.209150672
1330,0,2.906442298,2.046693934
1331,0,2.884127712,2.123590776
1332,0,2.895478122,2.202717606
1333,0,2.899184348,1.781142228
1334,0,3.283669736,2.786486875
1335,0,3.209873458,2.713443326
1336,0,1.206019400,0.847620848
1337,0,1.753724141,0.840483441
1338,0,0.033773210,0.014087434
1339,0,1.020487581,1.005584471
1340,0,1.512578330,1.006618052
1341,0,1.878165157,1.579638806
1342,0,2.334893078,2.151840574
1343,0,2.477336484,3.043016325
1344,0,1.858738964,2.043312182
1345,0,2.391112915,1.757691789
1346,0,2.223447645,1.845710812
1347,0,2.199609409,1.959927289
1348,0,2.294109476,2.069754311
1349,0,2.264340514,2.090805581
1350,0,3.117250720,2.640718997
1351,0,3.340212369,2.395133810
1352,0,2.835982131,2.419275715
1353,0,2.444903642,1.658564036
1354,0,1.789706883,2.049687813
1355,0,2.837617104,1.981935339
1356,0,0.512949089,0.457467810
1357,0,1.269374972,1.181955263
1358,0,1.700699038,2.092378359
1359,0,2.711842515,2.984603607
1360,0,2.378346831,2.153094332
1361,0,2.080347224,2.017663971
1362,0,2.359132628,2.096526658
1363,0,2.591967757,1.793322677
1364,0,3.021362325,2.536223992
1365,0,3.202949476,2.319482944
1366,0,3.344108707,2.473548492
1367,0,2.187390658,2.345038239
1368,0,2.975216846,3.011928293
1369,0,3.034947058,2.736540710
1370,0,2.993045041,2.466397857
1371,0,2.899867944,2.272991205
1372,0,3.245046126,2.361364890
1373,0,3.189805896,2.420814257
1374,0,3.281723332,2.455002370
1375,0,2.988148176,2.873782665
1376,0,2.409422464,2.247926581
1377,0,3.273557967,2.595828485
1378,0,3.235983839,2.610179578
1379,0,2.971889639,2.155663755
1380,0,3.226466576,2.543710646
1381,0,2.896195557,3.037130967
1382,0,3.159630684,3.884220395
1383,0,2.992958189,3.640709978
1384,0,1.743900051,4.949970637
1385,0,2.325939569,3.493152154
1386,0,1.800852424,1.699921689
1387,0,1.802015206,1.753913995
1388,0,2.281448880,2.668487242
1389,0,-0.000000000,0.000000000
1390,0,1.584962501,1.333333333
1391,0,2.184012368,1.312500000
1392,0,2.390234563,1.359832636
1393,0,1.770567929,1.407518797
1394,0,2.893543573,2.427318296
1395,0,2.854471673,3.096592974
1396,0,2.764278164,2.462570891
1397,0,3.080379439,3.030420688
1398,0,2.771799619,2.335366686
1399,0,2.318626735,2.246733684
1400,0,2.335650809,1.793758462
1401,0,1.822909585,1.627071115
1402,0,2.180674064,1.769459899
1403,0,2.395099694,1.961812979
1404,0,2.479029354,2.714082312
1405,0,2.370586175,3.746078602
1406,0,2.319712259,4.469723835
1407,0,2.217671987,3.724072964
1408,0,2.647019318,4.519607945
1409,0,1.530235023,2.871227057
1410,0,2.184507347,3.248264485
1411,0,2.426234605,1.385974554
1412,0,2.508279252,1.639097682
1413,0,1.946620495,2.657698803
1414,0,2.398354251,3.192422862
1415,0,1.692128972,3.208107344
1416,0,2.257808739,2.398940534
1417,0,2.424961324,1.872735687
1418,0,2.496261115,2.372605335
1419,0,2.444540404,3.252832008
1420,0,2.279330115,3.783368944
1421,0,2.555136714,4.716984256
1422,0,2.636330439,5.431394902
1423,0,2.435785932,4.194173662
1424,0,2.623269030,2.841090662
1425,0,2.542064064,2.070236804
1426,0,2.858463278,1.807365823
1427,0,2.668520805,2.015821609
1428,0,1.197448935,0.978824585
1429,0,1.064982679,0.802973034
1430,0,1.832272609,1.490306353
1431,0,1.382523220,1.096459931
1432,0,1.952349531,1.250254817
1433,0,2.101955686,1.537918142
1434,0,1.905688641,1.376506760
1435,0,2.176366140,1.534200653
1436,0,2.571076425,1.709928605
1437,0,1.851383675,1.623175965
1438,0,2.659773948,1.532017132
1439,0,2.076856813,1.348693739
1440,0,1.988330949,2.852841787
1441,0,2.374454147,2.057194350
1442,0,2.991765705,2.250763827
1443,0,2.728360701,2.532734936
1444,0,2.876074586,3.479518074
1445,0,2.922646444,3.107922244
1446,0,2.966759923,2.522808774
1447,0,3.059391253,3.216170822
1448,0,2.328378983,1.755728398
1449,0,2.398382468,1.860700362
1450,0,2.713434572,2.206599990
1451,0,3.168772895,2.602908464
1452,0,3.673196226,2.959807048
1453,0,3.241812279,2.857374858
1454,0,2.159902252,2.285794152
1455,0,2.097563463,2.743366264
1456,0,2.710652631,2.366776335
1457,0,2.551464140,1.867325541
1458,0,2.094268190,2.389140826
1459,0,3.077715568,2.316286453
1460,0,2.861374547,2.425974986
1461,0,3.044222017,3.027459874
1462,0,2.671185656,1.828702160
1463,0,2.569630833,2.558623077
1464,0,2.470761111,2.144463283
1465,0,2.240769009,1.306326385
1466,0,2.771499411,1.665650640
1467,0,2.469428112,1.775577898
1468,0,1.904523450,2.534229401
1469,0,2.892753231,2.254216962
1470,0,2.842550820,2.777500381
1471,0,2.519443732,3.082054397
1472,0,2.576347809,3.615791918
1473,0,2.322357770,2.570093873
1474,0,2.713494679,3.160221065
1475,0,2.729828377,2.726329513
1476,0,1.509194631,1.818801433
1477,0,2.092657126,2.129907837
1478,0,2.438658758,2.993559418
1479,0,2.095058001,1.848323471
1480,0,2.412100787,1.959953943
1481,0,2.684458681,2.187378026
1482,0,2.622746964,1.904813283
1483,0,1.820939905,1.922030153
1484,0,1.726920226,1.668103114
1485,0,2.406724408,1.688778652
1486,0,2.426890112,2.177203635
1487,0,1.069718627,1.326417013
1488,0,1.939989784,1.173533226
1489,0,2.403357105,1.366398529
1490,0,2.631124416,1.886341564
1491,0,2.504653601,1.570863137
1492,0,2.236025842,1.191170954
1493,0,2.309142529,1.628096823
1494,0,2.258664930,1.313083984
1495,0,2.420751609,1.684135476
1496,0,2.236863112,1.887186986
1497,0,2.133614998,1.274335524
1498,0,2.774243870,1.694394612
1499,0,2.531848224,2.087567284
1500,0,1.477787313,1.454156649
1501,0,1.655934306,1.520823188
1502,0,2.371778856,2.026370245
1503,0,2.346394513,2.537091006
1504,0,2.570599132,1.991040317
1505,0,2.473970929,2.313965922
1506,0,2.815268219,2.256394353
1507,0,2.492122733,2.408889815
1508,0,2.857188799,2.164307234
1509,0,2.850186858,2.382036908
1510,0,2.771556203,2.023704636
1511,0,2.561363010,1.693304638
1512,0,2.594654107,1.745514831
1513,0,2.824411088,2.793275346
1514,0,2.990991370,3.286537055
1515,0,2.779242449,2.636483645
1516,0,2.681463585,1.870810732
1517,0,2.949622665,1.927954695
1518,0,2.829785478,1.701877177
1519,0,2.690883530,2.499007923
1520,0,2.776828025,1.935682846
1521,0,2.723027650,2.411722585
1522,0,2.394647526,2.057614472
1523,0,2.877609345,3.109646038
1524,0,1.521227894,1.534706975
1525,0,2.229600773,1.363955858
1526,0,2.774524333,1.897038113
1527,0,2.355886305,1.458286992
1528,0,2.478090747,1.889232577
1529,0,2.357477758,2.751814774
1530,0,2.511240190,3.770099891
1531,0,2.366967871,2.667945662
1532,0,2.627367604,2.939870601
1533,0,2.555333231,3.083987671
1534,0,2.740844826,2.507541271
1535,0,2.627233929,2.808217584
1536,0,2.585509370,2.200043091
1537,0,2.611802447,2.588876930
1538,0,2.245431623,2.543779408
1539,0,2.956379396,2.930503635
1540,0,2.430247432,1.891139868
1541,0,2.373159278,1.313653290
1542,0,1.477442003,1.158296145
1543,0,1.795142433,1.976024673
1544,0,2.040871928,2.996499221
1545,0,2.543188598,4.299110761
1546,0,3.040347356,4.549962195
1547,0,2.851658385,3.424366160
1548,0,2.778623670,2.383099206
1549,0,2.622680775,2.379473556
1550,0,3.147543077,2.264907232
1551,0,2.754701736,1.885917520
1552,0,2.735149354,2.103869279
1553,0,2.733350347,1.934960990
1554,0,2.748163681,2.686183855
1555,0,2.552078200,1.669773837
1556,0,2.163249361,1.699074094
1557,0,1.502024957,1.328770004
1558,0,1.886122041,1.498089212
1559,0,1.981985929,2.178589292
1560,0,2.355494127,3.138145680
1561,0,2.866000563,4.222018729
1562,0,2.798268902,3.266817298
1563,0,3.121923673,2.511873793
1564,0,3.014121289,3.167830742
1565,0,2.781127857,2.601646764
1566,0,2.615677757,3.109730497
1567,0,3.166911754,2.691209442
1568,0,3.474756949,3.200287251
1569,0,3.489302578,2.564668031
1570,0,2.422870241,2.297327546
1571,0,2.717288593,2.393714530
1572,0,2.477779302,2.263273844
1573,0,3.313131225,2.600622224
1574,0,3.543029842,3.339377288
1575,0,3.254787461,3.084787778
1576,0,3.312007002,3.209368957
1577,0,3.254872199,3.192893541
1578,0,3.473215089,4.502514892
1579,0,2.931012594,4.743223726
1580,0,3.415317958,5.571928515
1581,0,3.447357138,4.835106717
1582,0,3.498622744,4.397528605
1583,0,2.766245341,5.345048604
1584,0,3.161228512,4.722963979
1585,0,2.919228888,3.565199470
1586,0,2.516318510,3.719253084
1587,0,2.724845606,3.129798073
1588,0,3.194008588,2.682862058
1589,0,2.705240007,2.765859866
1590,0,2.227182437,1.674640888
1591,0,0.094239507,0.120725897
1592,0,1.094239507,1.108653307
1593,0,1.316040933,0.704624505
1594,0,1.092101355,1.120436818
1595,0,1.796565076,1.868462607
1596,0,1.090578703,1.113153964
1597,0,0.230277210,0.343270440
1598,0,1.062207685,1.093558719
1599,0,1.842646431,2.075893786
1600,0,1.846495721,1.306171119
1601,0,1.969024877,2.060883153
1602,0,2.357603669,3.021952354
1603,0,2.872429421,2.440721196
1604,0,2.186689899,3.001397390
1605,0,2.917680000,2.469920763
1606,0,3.116351501,2.155760259
1607,0,2.603200527,1.613465111
1608,0,2.058600703,1.352089148
1609,0,2.023158518,2.050285168
1610,0,1.845979076,3.010906712
1611,0,2.193652873,2.141379680
1612,0,2.542139148,1.833591887
1613,0,2.249921628,1.304094012
1614,0,2.555008511,1.823241071
1615,0,1.608058596,0.822212219
1616,0,1.347094271,1.081648184
1617,0,-0.000000000,0.000000000
1618,0,1.000000000,1.000000000
1619,0,1.186278124,1.750000000
1620,0,1.000000000,1.000000000
1621,0,1.775858948,1.076923077
1622,0,2.460484681,1.769230769
1623,0,2.788470980,2.395027624
1624,0,3.122136878,3.252422234
1625,0,3.209092076,2.686124832
1626,0,3.319205279,2.406128017
1627,0,3.229100861,2.601255688
1628,0,2.868193667,2.374212031
1629,0,3.265731702,3.277696796
1630,0,3.139543065,4.390398695
1631,0,2.822839941,4.537250110
1632,0,3.098924461,3.577127487
1633,0,3.150800190,2.914785390
1634,0,3.295798162,3.518740165
1635,0,3.445331323,4.176056536
1636,0,3.856008595,5.061903640
1637,0,2.320984772,4.015373547
1638,0,2.994355141,5.009829828
1639,0,3.521718781,6.009891848
1640,0,3.537349652,5.135941271
1641,0,3.649348158,4.387590899
1642,0,3.592300720,3.904055476
1643,0,3.404763342,4.398006364
1644,0,3.515458737,3.742764689
1645,0,3.597902697,3.216235086
1646,0,3.811730794,3.071261317
1647,0,3.511273678,3.229022613
1648,0,3.360342454,3.314538927
1649,0,2.504979615,2.502554832
1650,0,2.988126324,2.517005091
1651,0,3.496817609,2.904492262
1652,0,3.307206982,2.731040384
1653,0,2.838039480,2.580139190
1654,0,2.604166609,1.851600057
1655,0,2.406630083,2.015018256
1656,0,2.548103560,1.794184507
1657,0,2.798968886,1.949952227
1658,0,2.944129250,1.981953603
1659,0,1.581054708,1.271559566
1660,0,2.303749382,1.756111060
1661,0,1.821651866,1.277599378
1662,0,2.331898625,1.697444589
1663,0,2.336885417,1.398358814
1664,0,2.535343098,1.830518826
1665,0,2.778930558,1.643969816
1666,0,0.999973794,0.993972640
1667,0,1.499986897,1.993972640
1668,0,2.483347893,1.747990880
1669,0,2.769361097,1.762711864
1670,0,2.940377702,2.167169307
1671,0,3.119483137,2.785032055
1672,0,3.214477782,2.519750592
1673,0,3.112043498,2.624292282
1674,0,3.396858285,3.286336683
1675,0,3.332727667,3.883271724
1676,0,2.535748649,2.602863322
1677,0,2.309730391,2.720153347
1678,0,1.999699620,1.999906161
1679,0,2.411308020,2.684939325
1680,0,2.489940832,3.381552725
1681,0,3.493108004,3.090363591
1682,0,3.532204624,3.765956006
1683,0,3.300641257,3.536553019
1684,0,3.079939167,2.887819664
1685,0,3.277758173,3.499679374
1686,0,3.407743107,3.514239539
1687,0,3.339402402,3.292240845
1688,0,3.449930386,2.803070569
1689,0,3.394932998,2.339837575
1690,0,1.860574424,2.094568571
1691,0,2.854075416,2.078822294
1692,0,2.616533652,1.741582473
1693,0,2.407552266,1.521193309
1694,0,2.607344326,2.398075621
1695,0,1.888298314,1.460332869
1696,0,2.484939724,1.906176771
1697,0,2.903980012,1.879736579
1698,0,2.734048859,2.271995566
1699,0,2.601287878,1.767977694
1700,0,2.938315874,1.937355846
1701,0,2.846061639,2.206923159
1702,0,2.699167646,2.831216500
1703,0,2.412109914,1.947679093
1704,0,2.293244582,1.682530553
1705,0,2.932171639,2.250992734
1706,0,2.895052164,2.556939523
1707,0,2.786203982,2.949775794
1708,0,1.969233590,2.524946062
1709,0,2.557442928,1.947008747
1710,0,2.855353911,3.092457209
1711,0,1.963515366,1.810331574
1712,0,1.920258698,1.623813128
1713,0,2.501421792,2.366936481
1714,0,1.693710887,1.628705033
1715,0,1.850828328,1.382475007
1716,0,1.905930309,1.563346030
1717,0,2.489818562,2.339111263
1718,0,2.632333764,2.080366970
1719,0,2.936524399,2.124084813
1720,0,2.723065953,2.538431259
1721,0,2.957951114,2.218441644
1722,0,2.786047224,2.610249512
1723,0,3.157818886,2.392736306
1724,0,3.019778289,2.104538976
1725,0,1.927539654,1.785315093
1726,0,2.162930600,1.773582000
1727,0,1.859386024,1.506177761
1728,0,2.435824775,1.883637104
1729,0,1.648786804,1.505674404
1730,0,2.166263493,2.139613087
1731,0,2.702828057,3.205312287
1732,0,2.713510923,2.539108595
1733,0,2.851768705,2.608431460
1734,0,2.616796452,2.481971074
1735,0,2.788434960,2.057796867
1736,0,2.767818828,1.709694899
1737,0,2.682452973,1.819059540
1738,0,2.382611988,1.932408511
1739,0,2.672190023,1.643847870
1740,0,1.658042897,1.219960779
1741,0,2.320473564,2.171178444
1742,0,2.299928887,2.863250950
1743,0,2.723949054,2.397330837
1744,0,2.224555640,1.909198254
1745,0,1.740307762,0.824234439
1746,0,2.238519661,1.400767164
1747,0,2.244594583,1.285101346
1748,0,2.460075915,1.385539998
1749,0,2.720730261,1.841982296
1750,0,2.884030152,1.838252148
1751,0,3.091218956,2.170473462
1752,0,3.299121856,2.237601736
1753,0,1.070754803,1.571732893
1754,0,2.195412071,2.697430741
1755,0,2.797180429,3.536065857
1756,0,2.841821681,4.453163471
1757,0,2.908605310,5.370427793
1758,0,2.926512850,4.538685222
1759,0,3.080377213,3.824811444
1760,0,3.221861255,3.124054354
1761,0,2.927230868,2.720933788
1762,0,3.222563345,2.648932966
1763,0,2.993624361,2.552352147
1764,0,3.288252913,2.849509145
1765,0,3.719282165,2.967895107
1766,0,3.470573035,3.147803905
1767,0,3.439424520,3.369299145
1768,0,3.330619568,3.320152047
1769,0,2.849900457,2.942078490
1770,0,2.234528069,3.255325272
1771,0,2.520725906,3.558157407
1772,0,2.999252723,2.681792900
1773,0,2.808798396,2.163888324
1774,0,3.003596034,2.132012013
1775,0,2.926475607,2.361960263
1776,0,2.442404654,2.701543395
1777,0,2.907308201,3.324680030
1778,0,2.773183435,3.842192519
1779,0,2.848910192,3.403301579
1780,0,2.568140162,3.502023980
1781,0,2.603989940,3.312519746
1782,0,2.961356202,2.618911930
1783,0,2.847417767,2.948038501
1784,0,2.817162411,2.209555306
1785,0,2.419204131,1.624664315
1786,0,2.140445977,1.702912077
1787,0,1.467286837,1.140143579
1788,0,1.695941264,1.209812119
1789,0,1.849456308,1.169012577
1790,0,2.237258151,1.748659293
1791,0,2.241193930,1.345598375
1792,0,2.339369006,1.205127943
1793,0,1.787571019,1.330132074
1794,0,2.212553544,2.211097222
1795,0,2.658390664,3.185169479
1796,0,2.793774716,3.966990186
1797,0,2.731445970,3.257431000
1798,0,2.672864799,2.140077396
1799,0,2.790072934,2.904724494
1800,0,2.861123844,2.584184723
1801,0,2.836219947,1.992532835
1802,0,2.836728027,2.204091659
1803,0,2.944698715,3.177167671
1804,0,3.491892556,5.323618659
1805,0,1.498438239,2.502348104
1806,0,2.225028259,1.599163532
1807,0,2.516501166,1.800869283
1808,0,2.312638460,1.212919661
1809,0,2.193887064,1.268678378
1810,0,2.531023763,1.751637791
1811,0,2.280538701,1.723131283
1812,0,2.498561056,1.756515996
1813,0,2.300784209,1.534486835
1814,0,0.942473860,1.280503884
1815,0,2.144698598,1.393291343
1816,0,1.792418969,0.968213007
1817,0,1.981120210,1.670464681
1818,0,2.561555576,1.692538053
1819,0,2.534521277,1.997442040
1820,0,2.276981381,1.475009396
1821,0,1.980417946,1.970840359
1822,0,2.514688523,3.004767169
1823,0,2.621686519,2.177731169
1824,0,2.563416773,1.586906619
1825,0,2.786321756,2.287619848
1826,0,2.689498134,1.877919716
1827,0,2.728726726,1.791326419
1828,0,2.657102863,2.584473402
1829,0,2.671999320,3.124976038
1830,0,2.168785065,1.092653614
1831,0,2.246322649,1.313360250
1832,0,2.357674490,1.903895527
1833,0,2.759109989,1.791487934
1834,0,2.559761501,2.042048386
1835,0,2.456666590,2.633433454
1836,0,2.610972633,3.696227715
1837,0,2.627292997,2.623673379
1838,0,2.682955187,2.132019131
1839,0,3.109365877,2.086576588
1840,0,3.129005299,2.015518958
1841,0,3.236390528,2.168125922
1842,0,3.070686609,2.408196007
1843,0,2.406679638,2.449254912
1844,0,2.959065108,2.074615507
1845,0,2.165820399,1.137135835
1846,0,1.919687795,1.129260476
1847,0,2.329821118,1.977746764
1848,0,2.759611377,2.667914706
1849,0,2.502089923,2.147289424
1850,0,2.839504667,2.166666276
1851,0,2.689213394,2.541963045
1852,0,2.514429176,1.409633904
1853,0,2.439065269,1.632672742
1854,0,2.508114127,2.038308288
1855,0,2.276392136,1.179205967
1856,0,2.157938386,1.136189613
1857,0,2.472402012,1.559674355
1858,0,2.500582077,2.210021431
1859,0,2.431668540,1.855494202
1860,0,1.661684022,1.118097760
1861,0,2.274622516,1.661985419
1862,0,2.408642983,1.460347263
1863,0,2.355858368,1.691632408
1864,0,1.841181065,1.494154656
1865,0,2.420570410,1.651267301
1866,0,1.576404569,1.484471130
1867,0,1.869517546,2.257078716
1868,0,2.449403058,1.639622545
1869,0,2.545903515,1.624916130
1870,0,2.193632494,1.829142679
1871,0,2.490383176,2.415882845
1872,0,2.814788356,3.257832148
1873,0,3.124314740,3.989493774
1874,0,3.117804114,3.463101035
1875,0,3.181729023,2.592433524
1876,0,2.659737085,2.331529821
1877,0,2.903204532,2.940549086
1878,0,3.396243677,3.388752312
1879,0,2.867763384,1.756483301
1880,0,2.731664915,1.673152357
1881,0,2.573923287,1.611495644
1882,0,2.729433240,2.477334921
1883,0,2.872627787,2.088929600
1884,0,2.607564468,1.665578923
1885,0,2.551602144,1.992730277
1886,0,2.484669348,2.496366181
1887,0,1.746378506,2.655559368
1888,0,2.364796258,2.182323045
1889,0,2.812633071,1.753542333
1890,0,2.980122397,1.744222056
1891,0,2.864594534,1.911798904
1892,0,2.720142668,2.042385034
1893,0,2.634338216,2.255940924
1894,0,2.579475632,1.681451470
1895,0,2.566088938,1.988134394
1896,0,1.769514703,1.636295534
1897,0,-0.000000000,0.000000000
1898,0,1.000000000,1.000000000
1899,0,1.000000000,1.000000000
1900,0,2.500000000,2.250000000
1901,0,2.594446874,3.162162162
1902,0,1.262045986,3.035714286
1903,0,1.637279478,4.196029777
1904,0,2.715184268,5.101943755
1905,0,2.806698708,6.201977520
1906,0,1.720484924,4.413876677
1907,0,1.970691745,3.719302394
1908,0,2.994263389,2.997150038
1909,0,2.867406362,2.411135579
1910,0,3.037232854,2.630082826
1911,0,3.001358431,2.231204117
1912,0,2.851577234,2.412751105
1913,0,2.734390942,2.110037649
1914,0,2.741195474,1.779609787
1915,0,2.408678488,2.062275234
1916,0,2.468586554,1.767905222
1917,0,2.520475502,1.584006880
1918,0,1.950817776,1.313412293
1919,0,2.323629046,1.304997120
1920,0,1.330693047,1.217760288
1921,0,2.016810759,2.107191226
1922,0,1.460794840,1.364634166
1923,0,1.181464549,1.344836336
1924,0,1.352948715,1.237658354
1925,0,1.579272583,0.887339578
1926,0,1.474041717,1.565217391
1927,0,1.628598727,1.309941520
1928,0,1.800532507,1.082926829
1929,0,2.200831070,1.604716981
1930,0,2.819758993,2.685107700
1931,0,2.762769555,3.793396261
1932,0,1.441989938,2.922601027
1933,0,2.537968406,3.758167259
1934,0,2.753014247,2.974723065
1935,0,2.585379562,2.203013560
1936,0,2.577678988,2.164124745
1937,0,2.594319927,1.718348570
1938,0,2.679802247,1.802299831
1939,0,2.799364630,2.243976473
1940,0,3.238299262,2.203414544
1941,0,2.579900472,2.142079328
1942,0,2.904288508,1.852012742
1943,0,2.269704828,1.705403095
1944,0,3.016579356,2.687957291
1945,0,2.956922392,3.155358200
1946,0,2.387812496,2.217061862
1947,0,2.614818336,1.482059184
1948,0,2.991197600,2.414622628
1949,0,3.044914053,2.510192187
1950,0,3.379520456,3.240678627
1951,0,3.132533169,2.572163759
1952,0,2.920409024,2.156371277
1953,0,2.907185739,2.123990707
1954,0,2.939506801,1.728327848
1955,0,2.789238110,2.098174526
1956,0,2.607579312,2.821382286
1957,0,2.807134439,3.506866961
1958,0,3.137556251,2.477711675
1959,0,2.844216312,1.714252562
1960,0,2.453559470,1.863933258
1961,0,2.672017329,2.529706251
1962,0,2.788842431,3.444998996
1963,0,2.718738469,2.327855476
1964,0,2.540311866,2.128245518
1965,0,0.373121506,0.158249532
1966,0,1.177520452,1.030519219
1967,0,1.849030073,1.872695094
1968,0,2.215273783,2.188446091
1969,0,2.381150711,2.146843961
1970,0,3.057635797,2.822936342
1971,0,3.458413150,3.676126590
1972,0,3.451114718,4.315906222
1973,0,3.609468573,4.073236456
1974,0,3.480349092,3.673448687
1975,0,3.497462069,3.351154016
1976,0,3.286579687,3.190409865
1977,0,3.536787941,3.303404310
1978,0,3.581901134,2.789070840
1979,0,3.296998682,3.379436271
1980,0,3.221680565,2.790093403
1981,0,3.334665423,2.804119625
1982,0,3.172655378,3.432167146
1983,0,2.973786668,3.063226885
1984,0,3.093373412,2.520423684
1985,0,3.028319158,2.853240971
1986,0,2.682628543,3.838426611
1987,0,3.150257455,3.210241669
1988,0,3.114223442,3.172250422
1989,0,3.264345441,3.613415974
1990,0,2.967144569,2.109320756
1991,0,3.068202759,2.251891396
1992,0,3.306616723,2.246130140
1993,0,3.151911578,2.630688117
1994,0,3.183907631,2.942850874
1995,0,3.072635494,2.406084893
1996,0,2.254133269,1.821466127
1997,0,2.160864832,1.856342040
1998,0,2.654075935,1.859844123
1999,0,3.010500985,2.176048205
2000,0,2.942588194,2.546230123
2001,0,3.364753811,2.730995260
2002,0,2.198133525,1.390578563
2003,0,1.802771097,1.486521675
2004,0,1.642673006,0.882085092
2005,0,2.790331951,1.982927306
2006,0,2.272481110,1.558488899
2007,0,2.237536662,1.944918578
2008,0,2.858002220,2.699640287
2009,0,2.252772091,2.056800231
2010,0,1.910966148,2.490389766
2011,0,2.433942666,3.688377664
2012,0,2.978825322,3.198235206
2013,0,3.230998265,4.458024393
2014,0,0.645512717,1.735007271
2015,0,2.327069176,1.512129487
2016,0,2.632249539,1.482864531
2017,0,2.763153202,1.966166595
2018,0,2.256259220,1.813161749
2019,0,2.639258763,1.899402308
2020,0,2.555447330,2.403590272
2021,0,2.679920730,1.714665553
2022,0,2.944623593,1.789885633
2023,0,2.679807376,2.434682837
2024,0,2.559766052,3.427847193
2025,0,2.583456176,2.796448968
2026,0,2.682546565,4.123774140
2027,0,3.057485209,5.060527516
2028,0,2.948449332,3.400254671
2029,0,3.032645823,3.168073823
2030,0,3.033088065,4.205017632
2031,0,2.904216450,5.102360180
2032,0,2.471919878,2.611880322
2033,0,3.012130958,2.539993711
2034,0,3.043725623,2.266102546
2035,0,3.261075529,2.852583271
2036,0,2.920477679,1.984997561
2037,0,3.106591490,2.645341417
2038,0,2.892965260,4.138978391
2039,0,0.733019357,0.411232484
2040,0,2.073642072,1.607488323
2041,0,2.225366186,1.852128778
2042,0,1.402368961,1.760600869
2043,0,1.806979733,2.343863698
2044,0,1.942340598,1.738025695
2045,0,2.065713855,1.633708435
2046,0,1.965006586,1.840101380
2047,0,2.054336951,1.640564994
2048,0,1.520201903,2.779396395
2049,0,2.205798764,3.196123142
2050,0,2.308986620,2.247798485
2051,0,2.389120594,1.817075166
2052,0,2.471876835,2.336332718
2053,0,0.974125760,1.565171142
2054,0,2.447180972,2.661215098
2055,0,2.220099810,1.842440966
2056,0,2.794137790,2.834923454
2057,0,2.381313846,2.121415587
2058,0,2.700790328,2.788070804
2059,0,2.018286823,1.443232584
2060,0,1.981558537,2.102010909
2061,0,2.183666424,1.648088262
2062,0,2.754339495,1.799103097
2063,0,2.619663560,1.958860508
2064,0,2.664026016,2.307590303
2065,0,2.419782119,2.136907911
2066,0,2.667498859,3.262667605
2067,0,2.413679036,2.106858736
2068,0,2.688233058,1.602360309
2069,0,2.417936170,1.563999413
2070,0,2.216928149,1.177519025
2071,0,2.151147282,1.961028020
2072,0,2.825052666,2.744123629
2073,0,1.832425187,1.902978024
2074,0,2.297195398,3.114766159
2075,0,2.348781476,3.621376632
2076,0,2.279401323,2.846745623
2077,0,2.629838442,3.379283923
2078,0,2.861312261,4.507290036
2079,0,3.038787029,3.957655917
2080,0,1.848981938,1.663247379
2081,0,2.721942025,1.737386448
2082,0,2.602653786,1.916442689
2083,0,2.501989556,1.912465149
2084,0,2.721357298,1.840091892
2085,0,3.324890745,2.434823385
2086,0,2.830738937,1.862613734
2087,0,3.004518066,2.377454233
2088,0,3.077407331,3.015478712
2089,0,3.259515410,3.367675981
2090,0,3.157016330,3.461435468
2091,0,3.559151962,3.761198819
2092,0,3.511145622,3.183587202
2093,0,3.497212168,2.798071162
2094,0,3.672695768,2.945252631
2095,0,3.120740690,2.272244772
2096,0,3.118963514,2.341624926
2097,0,3.531466969,2.719193166
2098,0,2.527801949,2.124989403
2099,0,2.806217671,2.557977963
2100,0,2.540973337,2.921575983
2101,0,2.263370386,2.417262968
2102,0,2.042805190,1.712242184
2103,0,2.593254951,1.847929840
2104,0,2.938225880,2.238454667
2105,0,3.238295666,2.155164598
2106,0,3.032076469,2.161709367
2107,0,3.221719161,2.230935938
2108,0,3.330082462,2.747511018
2109,0,3.316531907,3.012156672
2110,0,3.364019451,3.621408980
2111,0,3.304754455,3.000747515
2112,0,3.172603690,2.420323115
2113,0,2.883980167,2.531162206
2114,0,2.980958072,3.326508873
2115,0,3.270637042,2.827881001
2116,0,3.192571222,2.576472698
2117,0,2.847243290,2.032318013
2118,0,2.820051472,2.448086795
2119,0,1.641492264,1.718667101
2120,0,2.604369630,2.698346201
2121,0,2.021756895,3.103582059
2122,0,2.098248404,2.132855624
2123,0,2.025394223,2.447754415
2124,0,1.944646149,1.385552280
2125,0,2.794693269,1.696743665
2126,0,1.963885150,1.875915557
2127,0,1.933697834,2.354479640
2128,0,2.404890433,3.106803046
2129,0,2.556187139,2.602881650
2130,0,2.532386690,2.918890263
2131,0,2.653037787,2.631400702
2132,0,2.813265081,2.067868734
2133,0,2.931266589,2.017398130
2134,0,3.064127471,2.577194029
2135,0,2.438515656,2.013134392
2136,0,2.220233816,1.698748015
2137,0,2.523977489,1.750108761
2138,0,3.524873936,2.392514534
2139,0,3.351216540,3.022876638
2140,0,3.143754212,3.786488037
2141,0,2.917636363,4.905227628
2142,0,2.122904633,5.615998997
2143,0,2.382332687,6.459425906
2144,0,2.686634514,7.446386679
2145,0,2.896384845,8.976559391
2146,0,2.103171445,9.947643047
2147,0,1.388335075,9.658832875
2148,0,2.041178013,9.160196181
2149,0,2.600072854,10.888330632
2150,0,2.403074008,9.530245256
2151,0,2.469672435,7.051686642
2152,0,2.611007211,6.145819158
2153,0,2.779966305,5.878454622
2154,0,2.893762236,6.863280467
2155,0,2.733426268,6.865781361
2156,0,3.335890076,6.256209770
2157,0,2.073473154,5.180784961
2158,0,2.779069386,6.253611752
2159,0,2.974632884,5.417427191
2160,0,2.904704385,6.221386722
2161,0,3.473840591,7.279031826
2162,0,3.450937420,6.334151508
2163,0,2.212729727,7.216705003
2164,0,3.143244296,6.534703372
2165,0,3.506401516,7.385354124
2166,0,3.449532410,6.573562685
2167,0,3.140235894,5.899870384
2168,0,1.587260018,3.796051023
2169,0,2.729470647,5.125742870
2170,0,2.788440084,2.957406488
2171,0,2.354855872,3.885149937
2172,0,3.359168934,3.502482503
2173,0,2.952519067,3.658711423
2174,0,3.043351892,3.348940223
2175,0,2.762329915,2.591145956
2176,0,2.532441581,2.260160684
2177,0,2.356406834,1.518493691
2178,0,2.722636319,1.856457356
2179,0,3.064477998,2.529632680
2180,0,2.971655710,2.414102420
2181,0,2.863629987,2.889759720
2182,0,3.401722364,3.229786715
2183,0,1.872969485,2.083386719
2184,0,2.151765674,2.129056759
2185,0,2.804754003,3.889719538
2186,0,2.886061008,2.367938612
2187,0,1.328909874,1.838089682
2188,0,1.884422738,2.051469081
2189,0,2.057333799,2.515390989
2190,0,2.240912667,1.639043632
2191,0,1.797280042,2.109756098
2192,0,2.426938778,1.678527355
2193,0,2.316586416,2.024529237
2194,0,0.949814451,1.475552050
2195,0,2.150372656,2.447261644
2196,0,2.643535927,1.931235838
2197,0,2.477703637,2.225315336
2198,0,2.829323422,3.428400416
2199,0,0.914589196,0.659340659
2200,0,1.889825566,1.333333333
2201,0,1.781875612,1.264121174
2202,0,1.851171978,1.256879275
2203,0,2.109986852,2.080766720
2204,0,1.941079232,1.924544987
2205,0,1.984803470,2.748375422
2206,0,1.917905356,1.477933048
2207,0,2.069707158,1.298650723
2208,0,2.493998557,1.773195598
2209,0,2.564787625,2.228592300
2210,0,2.330990807,1.596384885
2211,0,2.323761329,1.732806352
2212,0,2.259981850,1.590010357
2213,0,1.723198079,1.471572274
2214,0,2.164173803,1.911597485
2215,0,1.579346028,1.457501033
2216,0,1.408537251,1.137285166
2217,0,1.855257818,1.436833249
2218,0,1.604760631,1.428933634
2219,0,2.648110579,2.147684392
2220,0,2.280395602,2.537657758
2221,0,2.511092088,3.495922508
2222,0,2.344911649,2.802093388
2223,0,2.964971334,2.832894455
2224,0,2.969259854,3.237683148
2225,0,2.859427122,3.859001066
2226,0,3.083313573,4.646998082
2227,0,1.911272360,4.158671665
2228,0,2.999783220,5.249545618
2229,0,3.137813167,6.537400927
2230,0,3.005237426,5.812090102
2231,0,3.049387158,7.987576960
2232,0,2.528740109,9.255448918
2233,0,2.652823477,7.679946707
2234,0,3.110301850,8.488552077
2235,0,3.185847206,9.684414501
2236,0,2.709197354,7.966788087
2237,0,2.714177603,7.237933197
2238,0,2.678165736,8.534947852
2239,0,2.383485118,7.141432287
2240,0,2.561884445,8.540154558
2241,0,2.614826100,9.652563324
2242,0,2.105656864,10.383035374
2243,0,2.691348593,8.654375049
2244,0,2.145290952,7.671654091
2245,0,2.218814968,8.152444304
2246,0,1.330825058,8.212856500
2247,0,1.921353524,7.797406836
2248,0,1.910248354,8.408745240
2249,0,2.001779017,8.972184533
2250,0,1.964348514,8.262591352
2251,0,1.743898923,8.637126176
2252,0,1.334498925,8.314515838
2253,0,2.282437545,7.449600336
2254,0,2.215375371,6.195562059
2255,0,1.189997231,5.243260175
2256,0,1.368704787,4.675654295
2257,0,1.875443789,3.402007270
2258,0,1.890362224,3.592722122
2259,0,2.305328309,2.439846231
2260,0,1.989105109,1.384261402
2261,0,2.532939078,2.092249343
2262,0,2.499750956,2.860625474
2263,0,2.693001539,3.499099013
2264,0,2.300772249,3.973206095
2265,0,2.219051378,2.741565208
2266,0,2.456912971,2.051050597
2267,0,-0.000000000,0.000000000
2268,0,1.000000000,1.000000000
2269,0,1.500000000,2.000000000
2270,0,2.483355755,1.750000000
2271,0,2.186216463,1.243445693
2272,0,2.362935604,1.685682918
2273,0,2.332107665,2.138468815
2274,0,0.999994178,1.002840934
2275,0,1.499997089,2.002840934
2276,0,2.260205643,1.618471966
2277,0,2.642441564,2.383971625
2278,0,2.940537822,2.226998501
2279,0,3.050883853,2.291108261
2280,0,1.981967251,1.922298476
2281,0,1.582739546,1.333836244
2282,0,1.931881202,1.247169162
2283,0,1.944546076,1.970002203
2284,0,0.999947966,0.991506870
2285,0,1.918278489,1.333333333
2286,0,2.299727618,1.498112638
2287,0,1.958101037,1.482352941
2288,0,1.613443295,1.149323719
2289,0,1.889364620,2.013649916
2290,0,2.315891976,2.138924012
2291,0,1.839179058,1.242742431
2292,0,2.331740271,1.698580178
2293,0,2.677323094,2.424883362
2294,0,2.768897889,2.268418944
2295,0,3.221756769,2.695699720
2296,0,3.031557584,3.010810605
2297,0,3.011394672,3.097954687
2298,0,2.665465933,3.364165681
2299,0,2.945856252,3.624255530
2300,0,2.764374762,4.300052245
2301,0,2.929730360,3.701600781
2302,0,2.886141300,3.575628733
2303,0,2.864822759,3.607204141
2304,0,2.847469019,3.679693451
2305,0,3.209432252,3.993560056
2306,0,2.995567401,4.158397091
2307,0,2.952644172,3.654750458
2308,0,2.169037294,3.730191971
2309,0,3.146383660,3.663764199
2310,0,2.599560797,4.022809968
2311,0,3.392330520,4.356659647
2312,0,3.327648435,4.527428170
2313,0,2.869075801,4.163931409
2314,0,3.346365462,5.635363907
2315,0,3.338282482,5.347384743
2316,0,3.480291500,6.551640433
2317,0,3.171706855,4.681188320
2318,0,3.392524015,4.083269162
2319,0,3.312916354,4.950129212
2320,0,3.094213839,5.074102406
2321,0,2.887520215,4.338223448
2322,0,2.564251822,4.746438434
2323,0,2.811503600,4.052368387
2324,0,3.361048894,3.762054329
2325,0,3.307904354,4.674649878
2326,0,2.851626712,4.616911336
2327,0,2.555164180,2.133087658
2328,0,2.779204297,2.020635978
2329,0,2.786889109,2.194366579
2330,0,2.133750776,1.923872201
2331,0,1.869396080,1.815760283
2332,0,2.620429912,2.302437089
2333,0,2.597296796,1.842813689
2334,0,3.122989554,2.314923774
2335,0,2.880562020,2.541444095
2336,0,3.217023382,3.369871099
2337,0,3.202509372,4.308018511
2338,0,3.440872185,3.847900255
2339,0,3.216990645,3.565279877
2340,0,3.215588625,3.968155423
2341,0,3.057274872,4.482958995
2342,0,3.667213940,5.031973737
2343,0,2.733338936,3.569419477
2344,0,2.563987241,1.944817285
2345,0,2.949413526,2.217616742
2346,0,3.134648412,2.752021628
2347,0,3.319784885,3.054610594
2348,0,2.701335608,1.514894067
2349,0,2.982373586,1.964892742
2350,0,2.574406183,2.426391709
2351,0,2.122277769,1.362140197
2352,0,2.305024781,1.490042579
2353,0,2.066174761,1.526374385
2354,0,2.750491234,1.831620469
2355,0,2.843411283,2.487966113
2356,0,2.737747515,2.133490638
2357,0,2.521375023,1.941877025
2358,0,2.710233989,2.729350200
2359,0,2.767828025,3.288101906
2360,0,2.819854212,2.561169673
2361,0,2.287858599,1.462170128
2362,0,2.291793650,1.329480838
2363,0,2.159156331,1.459736171
2364,0,2.166941252,1.246804180
2365,0,2.509738167,1.783701067
2366,0,2.267097794,1.655363193
2367,0,2.104120780,1.206337433
2368,0,2.159485207,1.321446812
2369,0,2.470495047,1.595083817
2370,0,1.490357156,1.474707252
2371,0,2.065040306,1.901143646
2372,0,2.066050882,1.279698182
2373,0,2.126419598,1.295667781
2374,0,2.207829423,1.313169930
2375,0,1.979976801,1.241938124
2376,0,2.136143927,1.758784167
2377,0,2.463932111,1.617719055
2378,0,1.535184247,1.701124976
2379,0,2.092722837,2.362544277
2380,0,2.141050407,1.441556223
2381,0,2.508793933,2.687192307
2382,0,2.304970825,1.505578224
2383,0,2.189542703,1.269579519
2384,0,2.516375380,1.806181504
2385,0,2.212941978,1.267942632
2386,0,1.822529752,1.239177403
2387,0,2.102747457,1.277865904
2388,0,2.427638818,1.587327691
2389,0,2.402821830,2.266066935
2390,0,2.231584575,1.537202858
2391,0,1.814725901,1.224240430
2392,0,2.328067456,1.584521487
2393,0,2.468651765,2.188524609
2394,0,2.634423126,3.584997187
2395,0,2.487440332,4.070029888
2396,0,2.483522748,2.269568041
2397,0,2.604193842,2.093227979
2398,0,2.605483185,1.561745503
2399,0,2.549169503,1.891063014
2400,0,2.344907430,2.575278463
2401,0,2.514101233,1.960417786
2402,0,2.411101077,1.541382406
2403,0,2.578175713,1.710375690
2404,0,2.117456944,1.819853399
2405,0,1.541314753,1.107919759
2406,0,1.497663221,1.548305246
2407,0,2.208163250,3.118802804
2408,0,1.732663508,1.895450671
2409,0,2.597359863,2.804089353
2410,0,2.316916869,1.791578733
2411,0,2.334726224,2.368589671
2412,0,2.234184574,2.926991803
2413,0,2.352390631,2.584154078
2414,0,2.203433327,1.517238457
2415,0,2.176370266,2.299061351
2416,0,1.596013953,2.592004369
2417,0,2.632200184,2.134015751
2418,0,2.395156527,1.570026290
2419,0,2.370206373,1.400338492
2420,0,1.970324641,1.741004275
2421,0,2.717424359,1.848762380
2422,0,2.694578799,1.971743691
2423,0,2.623453609,2.654339658
2424,0,2.272004731,2.154326378
2425,0,2.302128069,2.318550533
2426,0,2.496361613,1.653479015
2427,0,2.757308804,2.072187026
2428,0,2.471307985,2.698697024
2429,0,2.436891147,3.604692775
2430,0,3.020002762,4.577091755
2431,0,2.880758408,3.688444640
2432,0,2.849287083,2.971449596
2433,0,2.709872101,2.520031055
2434,0,2.313219098,1.933489114
2435,0,1.805881566,1.886859269
2436,0,1.946926904,1.673619613
2437,0,2.923620204,1.930984770
2438,0,2.513679974,2.044424212
2439,0,2.871063648,1.781773660
2440,0,2.188503638,1.422453176
2441,0,1.956400614,1.443829772
2442,0,1.595601273,1.142301139
2443,0,1.234691576,0.530524987
2444,0,1.218624860,1.038273762
2445,0,1.812120836,1.084313669
2446,0,2.303975994,1.627238392
2447,0,2.651152340,1.741977079
2448,0,2.290624935,1.793874363
2449,0,2.200534873,2.526361479
2450,0,2.736639263,3.315073123
2451,0,3.232058657,3.087150672
2452,0,2.116859905,3.449087997
2453,0,2.265846804,2.952400036
2454,0,2.806050501,3.275949346
2455,0,2.905610726,3.054564138
2456,0,2.674243089,2.844020266
2457,0,2.525701664,2.698851190
2458,0,2.671893192,2.128058348
2459,0,1.597104542,1.468575305
2460,0,2.536705991,1.974683424
2461,0,2.783994323,2.700826657
2462,0,2.120020200,1.941384909
2463,0,2.020515495,1.165507413
2464,0,1.825570015,1.257711901
2465,0,1.939223169,2.023357120
2466,0,2.330444742,1.534575871
2467,0,2.556192962,2.253358788
2468,0,2.421400586,2.270962507
2469,0,1.789186526,1.252879782
2470,0,2.510100593,1.756208023
2471,0,1.965175703,1.579676170
2472,0,1.667197695,1.169969280
2473,0,1.901711456,2.016633975
2474,0,1.976728560,1.605324594
2475,0,2.884892392,1.847539073
2476,0,2.501249905,1.803848433
2477,0,2.199197042,2.486415342
2478,0,2.492810980,3.508405575
2479,0,2.946739972,2.675154194
2480,0,2.537786482,3.270053241
2481,0,2.739137860,4.252006872
2482,0,2.809783770,5.184423036
2483,0,3.236937125,4.479305417
2484,0,3.074783224,3.821485164
2485,0,3.251789151,4.562273896
2486,0,3.017543975,4.217654161
2487,0,2.870735533,2.418007348
2488,0,2.965865558,2.595988336
2489,0,2.741334133,2.450994095
2490,0,2.634106319,2.365518691
2491,0,2.446851156,2.532754241
2492,0,2.424648203,2.002284103
2493,0,2.359705030,2.804385178
2494,0,2.495555855,3.518521500
2495,0,2.934476185,4.414901195
2496,0,2.127199641,3.755570372
2497,0,2.803769533,3.236429936
2498,0,3.175452838,3.971988331
2499,0,2.891245488,3.196140135
2500,0,3.103111833,3.928485060
2501,0,2.924195231,4.455773926
2502,0,2.880893743,3.929326490
2503,0,2.969827320,4.357264572
2504,0,2.497399586,2.428479315
2505,0,2.695325702,2.549418847
2506,0,1.083317930,1.330038378
2507,0,1.794337304,1.591607593
2508,0,2.368382412,1.580180860
2509,0,2.184030509,1.783586347
2510,0,2.148425669,2.493128949
2511,0,2.383154852,2.031022738
2512,0,2.374526194,1.666010645
2513,0,2.316535724,2.254080401
2514,0,2.083707616,1.488902820
2515,0,2.484113499,1.638772778
2516,0,2.538934595,1.836603641
2517,0,2.288252241,1.562965858
2518,0,2.248401974,2.437212326
2519,0,2.281289454,1.717832491
2520,0,2.323536400,2.232202338
2521,0,2.318921052,1.287265568
2522,0,1.880150551,1.476587799
2523,0,2.360202876,1.668980293
2524,0,2.509430525,1.883137760
2525,0,2.430965597,1.352849397
2526,0,1.834979307,1.257120652
2527,0,2.548076314,1.896539467
2528,0,2.376200038,2.262338448
2529,0,1.046174133,1.095640731
2530,0,1.841294450,1.103358523
2531,0,1.835580181,1.216829638
2532,0,-0.000000000,0.000000000
2533,0,1.000000000,1.000000000
2534,0,1.918295834,1.333333333
2535,0,2.256415820,1.416666667
2536,0,2.380652837,1.325510648
2537,0,2.797955102,1.882260479
2538,0,2.518338099,2.179563675
2539,0,1.981035585,1.679719962
2540,0,2.311276518,1.492702511
2541,0,2.335823111,1.403303756
2542,0,2.344422949,1.372236592
2543,0,2.436228389,1.761938470
2544,0,2.511483657,2.494629561
2545,0,2.708531316,3.041079410
2546,0,1.621433601,1.049963367
2547,0,1.920102358,1.577284818
2548,0,1.848750057,1.418196128
2549,0,2.857205006,1.883011445
2550,0,2.250478473,1.357123006
2551,0,2.503814713,1.412743503
2552,0,2.006378427,1.374036377
2553,0,2.307996615,1.280896912
2554,0,2.512393767,1.778482471
2555,0,2.762577450,2.518020886
2556,0,2.730997023,3.389509731
2557,0,3.186385585,4.360681815
2558,0,3.098985889,5.424154470
2559,0,3.007972051,5.919500331
2560,0,3.023905795,5.324339689
2561,0,2.189620284,4.732840446
2562,0,1.931593867,3.567894030
2563,0,2.933249592,3.023502765
2564,0,0.979450312,1.168381702
2565,0,1.183709413,0.500000000
2566,0,0.999951333,0.991786258
2567,0,1.775836487,1.076923077
2568,0,0.999994593,0.997262086
2569,0,1.775856453,1.997472695
2570,0,1.996834980,2.685593273
2571,0,1.992673649,1.449680004
2572,0,2.448295279,1.225756177
2573,0,2.506448229,1.167883250
2574,0,2.380193138,1.537979134
2575,0,2.196284305,1.455793538
2576,0,1.969928682,1.907624643
2577,0,2.384220028,1.418061145
2578,0,1.824715729,1.379117284
2579,0,2.820577405,2.280653329
2580,0,2.770030087,3.212376461
2581,0,2.845124576,2.559623410
2582,0,2.786266258,3.220174336
2583,0,2.998176474,3.461827000
2584,0,2.791091903,3.679354336
2585,0,2.771080864,2.349647606
2586,0,3.003223034,2.480646779
2587,0,3.024108684,2.874808427
2588,0,2.909315892,2.308596160
2589,0,3.015963491,2.874889641
2590,0,2.603695388,2.627376472
2591,0,1.104296411,0.669871648
2592,0,1.496781813,1.339201638
2593,0,1.928630536,1.322075262
2594,0,1.878477162,1.288561759
2595,0,1.932461744,1.300937122
2596,0,1.746563634,1.291140397
2597,0,1.649736558,1.065112566
2598,0,1.577235978,0.952286936
2599,0,1.982176976,1.740780621
2600,0,2.005291069,1.514849212
2601,0,2.371476202,2.298838585
2602,0,2.261295463,1.253878678
2603,0,1.858895830,1.265335706
2604,0,1.839041986,1.577393084
2605,0,1.958622321,2.732050839
2606,0,2.336095543,3.671370812
2607,0,2.422433259,4.909900343
2608,0,2.171183987,4.267466368
2609,0,2.260526241,3.676105061
2610,0,1.867157395,3.639545316
2611,0,2.436902990,2.642612877
2612,0,2.378857474,3.648834628
2613,0,2.649284509,4.834524986
2614,0,2.275375530,5.635705183
2615,0,2.559004861,4.911142505
2616,0,3.201913141,4.438728817
2617,0,3.185230647,3.865904348
2618,0,3.134142087,3.089355624
2619,0,2.348239964,2.033341547
2620,0,2.101022561,2.290587327
2621,0,1.848376447,1.326312179
2622,0,-0.000000000,0.000000000
2623,0,1.000000000,1.000000000
2624,0,1.918295834,1.333333333
2625,0,2.420750347,1.660377358
2626,0,2.139968827,2.347826087
2627,0,2.771702856,2.168210976
2628,0,2.881590121,3.389767408
2629,0,3.039082666,3.632163463
2630,0,2.811114335,2.772174901
2631,0,2.789939333,1.805014908
2632,0,3.074114840,2.621202252
2633,0,2.221780605,2.608422738
2634,0,1.494099137,2.482298409
2635,0,2.184127185,2.428129592
2636,0,1.474702028,2.347278256
2637,0,2.438332469,2.404808796
2638,0,2.829456716,2.544905456
2639,0,2.898819938,2.406436420
2640,0,2.616750501,1.857043746
2641,0,2.811246823,2.458110903
2642,0,2.892968998,2.199079907
2643,0,3.081077361,1.996298652
2644,0,2.678965594,1.711931273
2645,0,2.096526773,1.540595829
2646,0,2.406266806,1.356221986
2647,0,2.524538871,1.896579444
2648,0,2.702349667,2.780772512
2649,0,2.736345196,3.378600215
2650,0,2.858760697,4.384807903
2651,0,3.309298781,5.364468634
2652,0,3.140503709,6.502210201
2653,0,2.810585526,7.241302322
2654,0,2.930902964,6.301223037
2655,0,3.094705218,5.378489483
2656,0,3.325477001,6.301298720
2657,0,3.196649045,5.936089176
2658,0,3.502455372,6.617520058
2659,0,1.911186402,2.414444300
2660,0,2.499279321,1.753510906
2661,0,2.469363918,1.774647162
2662,0,2.284118195,1.998423162
2663,0,2.242327629,1.686606766
2664,0,2.439338736,1.306726700
2665,0,1.578405048,0.949329917
2666,0,2.363264852,1.609847742
2667,0,2.930198719,1.633127127
2668,0,2.832551137,1.922592447
2669,0,2.539437894,1.566061643
2670,0,2.601423016,1.937856690
2671,0,2.777254449,1.824576171
2672,0,2.785260633,1.991384198
2673,0,2.641943635,2.219002721
2674,0,2.553533923,2.086490183
2675,0,2.679752403,2.084991464
2676,0,3.240997405,2.533546695
2677,0,2.922690016,2.161577452
2678,0,2.930348747,2.362552999
2679,0,2.897573405,2.200861774
2680,0,2.826346996,2.213278438
2681,0,2.551027103,2.805046394
2682,0,3.048002900,2.437584776
2683,0,3.107819975,2.791415765
2684,0,3.074395924,3.350955169
2685,0,2.939616217,3.582478605
2686,0,3.075137049,4.155840605
2687,0,3.130801869,3.146744133
2688,0,3.260572270,3.077825587
2689,0,3.125716264,3.213166909
2690,0,2.940104073,2.395637706
2691,0,3.320193207,3.394473628
2692,0,3.132011633,3.485657246
2693,0,2.933521416,3.209108291
2694,0,1.812841393,1.690329791
2695,0,2.822253449,2.795645380
2696,0,2.265264442,1.772474660
2697,0,2.362378943,1.616567616
2698,0,2.450266700,2.304449910
2699,0,2.487404986,3.739719547
2700,0,2.927908574,2.947349712
2701,0,2.779012632,2.008028479
2702,0,2.802707812,1.919391818
2703,0,2.639970860,2.585869622
2704,0,2.486883503,2.951631693
2705,0,2.563155149,2.747334768
2706,0,3.120524051,2.525822365
2707,0,3.580282407,2.947466994
2708,0,3.021387694,2.326540882
2709,0,2.700437414,2.453476962
2710,0,2.166717854,2.310089298
2711,0,1.926306515,1.402480718
2712,0,2.091552300,1.173840252
2713,0,1.890472161,1.232294314
2714,0,1.938589155,1.323870497
2715,0,1.566855325,1.124431927
2716,0,1.962464627,1.123220789
2717,0,2.515432957,1.787833836
2718,0,1.958403049,1.602905494
2719,0,2.423629838,1.621642714
2720,0,2.639986042,2.275792235
2721,0,2.568427083,3.087789576
2722,0,2.783099640,4.104971675
2723,0,3.243100776,3.396550291
2724,0,3.110173803,4.286694879
2725,0,3.261055328,3.582762374
2726,0,2.942672224,2.786867162
2727,0,2.309573352,2.021953584
2728,0,2.824733766,2.160112893
2729,0,3.231692427,2.371316675
2730,0,2.250588710,3.275258254
2731,0,2.442182666,2.496796227
2732,0,1.477356974,1.427523085
2733,0,1.950402482,2.130062643
2734,0,2.640825665,2.392044939
2735,0,2.830336579,2.557226806
2736,0,2.566753384,2.673563801
2737,0,2.324904418,2.686784717
2738,0,1.781708507,1.901591767
2739,0,2.815167024,1.839415575
2740,0,2.596623170,2.271797218
2741,0,2.923645548,2.767725918
2742,0,2.700556384,2.104497572
2743,0,2.698716308,2.110981136
2744,0,3.152671658,2.263850617
2745,0,3.173315944,2.684918849
2746,0,2.924330154,3.332508126
2747,0,2.885745295,2.467968084
2748,0,2.869976336,2.721463332
2749,0,2.864263631,3.238951224
2750,0,2.851345820,2.704105567
2751,0,2.755142747,2.453822505
2752,0,3.027725798,2.954960999
2753,0,2.808805479,2.372657106
2754,0,2.287380995,2.489887060
2755,0,2.963917714,3.289554396
2756,0,2.208350996,2.960893545
2757,0,2.366652066,2.275097770
2758,0,-0.000000000,0.000000000
2759,0,1.000000000,1.000000000
2760,0,1.391243564,1.076923077
2761,0,1.453400121,1.550561798
2762,0,2.060082566,2.379128137
2763,0,2.163398460,3.142228370
2764,0,2.073412857,1.440523898
2765,0,2.221523959,1.750205789
2766,0,2.073573028,1.923232258
2767,0,2.056136695,2.053375544
2768,0,2.250145162,3.190659605
2769,0,2.081889204,2.082007182
2770,0,2.511855274,2.256918998
2771,0,2.491224352,2.288748284
2772,0,2.601395489,2.415835084
2773,0,2.522387483,3.667688422
2774,0,1.335285078,1.358527634
2775,0,1.505925827,2.256437542
2776,0,2.079205308,1.752350262
2777,0,2.151177996,1.277254450
2778,0,2.091783823,1.511568809
2779,0,2.573192747,1.837153018
2780,0,2.473295999,1.466172563
2781,0,2.176737068,1.989995944
2782,0,2.034998646,2.312945530
2783,0,2.283090510,1.905703316
2784,0,1.484564908,1.263671489
2785,0,2.076129107,1.087500311
2786,0,2.218895110,1.698308736
2787,0,2.745273698,1.724313151
2788,0,2.778977888,2.081445432
2789,0,2.954455450,1.816348283
2790,0,2.911251499,2.342035914
2791,0,2.209044165,3.030458181
2792,0,2.044195019,1.893656588
2793,0,2.442790895,2.907654835
2794,0,1.606145755,1.506250220
2795,0,2.353566209,1.724482458
2796,0,2.637153386,1.511165646
2797,0,2.300930755,1.572002161
2798,0,2.594210215,2.532255348
2799,0,2.685954930,2.366363485
2800,0,2.282202034,2.315930641
2801,0,2.157736197,2.764379412
2802,0,2.444952782,2.057047630
2803,0,2.412067930,1.741457767
2804,0,2.491186160,1.760734836
2805,0,1.937388963,1.599379885
2806,0,2.392238455,2.139768009
2807,0,2.342905161,1.832051741
2808,0,1.020931417,0.500542888
2809,0,1.320113194,1.015195235
2810,0,2.083478841,1.443525336
2811,0,2.364743887,1.320344403
2812,0,2.165950712,1.486860043
2813,0,2.472514175,2.089947914
2814,0,2.433952075,2.132737548
2815,0,2.773688582,2.728161426
2816,0,2.744891019,2.166868053
2817,0,2.858318627,1.875327069
2818,0,1.726997722,1.675505790
2819,0,2.716983915,2.120735394
2820,0,3.215660239,2.748247578
2821,0,3.246496536,2.923498483
2822,0,3.165454237,2.563534208
2823,0,3.075374602,2.368977780
2824,0,3.125062644,2.295662451
2825,0,3.199448804,1.951008575
2826,0,2.912306511,2.123481330
2827,0,2.371855345,1.813363511
2828,0,2.770975011,2.090646045
2829,0,1.998040495,1.854803599
2830,0,3.012728449,2.692490674
2831,0,3.193802730,3.516609788
2832,0,2.961803818,2.758613589
2833,0,3.161263564,2.592727941
2834,0,3.029773677,3.229142170
2835,0,2.246322141,3.402577561
2836,0,2.882804542,3.424293340
2837,0,3.572407262,3.415494503
2838,0,3.488858379,3.602436139
2839,0,3.325045810,3.701589187
2840,0,3.164302562,4.159957852
2841,0,2.871645610,3.638403670
2842,0,3.108222260,3.680300164
2843,0,2.833158855,3.638380954
2844,0,2.907891382,3.381527705
2845,0,3.198331959,3.810641679
2846,0,3.438337001,3.936676247
2847,0,3.199141472,3.161483111
2848,0,2.943414887,2.648501944
2849,0,3.099839311,2.688287276
2850,0,3.015026950,2.952160694
2851,0,3.319199722,3.016161710
2852,0,2.764051564,2.915738988
2853,0,3.328914915,3.950996641
2854,0,3.010808385,3.163496575
2855,0,2.956781100,3.756376669
2856,0,2.965968629,4.276837679
2857,0,2.949785736,3.850650585
2858,0,3.405806736,3.157470176
2859,0,3.109792236,2.596610106
2860,0,3.154091900,2.480632286
2861,0,3.370582929,2.826170749
2862,0,3.501936450,3.252292059
2863,0,3.220154022,3.844483698
2864,0,3.242508249,3.498804769
2865,0,3.264199016,4.028848764
2866,0,3.254359911,3.871563207
2867,0,3.273507065,2.999048732
2868,0,3.600992807,3.554953682
2869,0,3.542039024,3.328271267
2870,0,3.594024553,2.908997177
2871,0,2.527696544,3.270742607
2872,0,3.121435111,2.834481554
2873,0,3.307141084,2.821589049
2874,0,3.295797463,2.846706654
2875,0,2.650690428,2.550348106
2876,0,2.768227365,2.843032464
2877,0,3.060084707,3.189937556
2878,0,3.493879480,3.227499085
2879,0,3.548569202,3.269550536
2880,0,2.827825946,2.992393244
2881,0,3.041957468,4.073986906
2882,0,3.680786172,3.709563020
2883,0,3.614795051,3.069917432
2884,0,3.288334865,2.559182516
2885,0,3.159569185,2.826860337
2886,0,2.568087214,3.682106363
2887,0,2.969550475,4.456134554
2888,0,3.099362218,4.920398461
2889,0,3.044170412,4.450256114
2890,0,3.543044173,5.367732848
2891,0,3.421500188,4.241467443
2892,0,3.104460233,4.567891156
2893,0,3.380755234,5.470557174
2894,0,2.256687632,3.562229287
2895,0,3.059848832,4.462796410
2896,0,2.946148780,2.907288310
2897,0,3.042409526,3.797335860
2898,0,3.214473538,3.126351913
2899,0,2.915179255,3.288082367
2900,0,2.936449420,3.069642871
2901,0,2.873225183,2.645956615
2902,0,3.008393271,2.787971399
2903,0,3.238712416,2.753460858
2904,0,2.035803766,2.016331455
2905,0,2.612960513,2.243272225
2906,0,2.330897671,2.051990808
2907,0,2.527469666,2.760562204
2908,0,3.023119844,2.387745688
2909,0,3.226644143,3.627485568
2910,0,2.153163136,1.727193298
2911,0,2.259706616,1.439646250
2912,0,2.512404201,2.111526249
2913,0,2.583651159,2.790126346
2914,0,2.668989130,3.075008494
2915,0,2.226422338,1.661436917
2916,0,2.777904028,2.407248694
2917,0,2.737057328,2.080961928
2918,0,2.687791684,1.976320520
2919,0,3.142394207,2.316679737
2920,0,2.517913407,2.379505213
2921,0,2.107582952,1.221178216
2922,0,1.795169953,1.973229077
2923,0,0.987364928,0.827387271
2924,0,1.766596845,1.836892468
2925,0,1.924247815,1.342297607
2926,0,2.335891226,2.295496285
2927,0,2.126606092,1.632245261
2928,0,2.067828405,2.736080405
2929,0,2.792440788,2.251850950
2930,0,2.909971786,3.006542243
2931,0,2.496055263,3.314745835
2932,0,2.982538453,4.140740709
2933,0,3.144576877,4.878423969
2934,0,3.259525377,5.818935278
2935,0,3.267133001,4.483927610
2936,0,3.416225115,5.576636377
2937,0,1.571274669,2.621826079
2938,0,1.805893342,2.090696285
2939,0,2.389062985,2.050170631
2940,0,0.997079717,0.936394658
2941,0,2.498539859,2.202295993
2942,0,3.203373037,3.061436561
2943,0,2.795297136,1.712940252
2944,0,3.189792398,2.031049354
2945,0,3.070189585,3.136082441
2946,0,2.560540474,1.719758395
2947,0,2.417280498,1.510403201
2948,0,2.464912273,1.200636253
2949,0,2.899007943,2.167233960
2950,0,3.303997666,3.236873028
2951,0,2.970093375,3.155806946
2952,0,3.108528208,2.138629415
2953,0,3.104339100,2.035746268
2954,0,3.152196789,2.592949305
2955,0,2.686070744,3.071148664
2956,0,2.814142928,3.869365406
2957,0,2.307321536,1.998654543
2958,0,1.813404228,1.619571834
2959,0,2.136685981,1.685778499
2960,0,2.396802578,2.076376423
2961,0,2.360690647,2.266475896
2962,0,2.792848202,3.264261705
2963,0,2.597043513,1.766683781
2964,0,2.348042960,1.330782834
2965,0,2.658020498,2.123355937
2966,0,2.506128256,2.310730730
2967,0,1.410975002,1.420992176
2968,0,1.667714914,1.015292849
2969,0,2.055179639,1.667810183
2970,0,2.597150667,2.104106861
2971,0,0.998232272,0.950506668
2972,0,1.925697811,2.420590685
2973,0,2.091434960,1.309650594
2974,0,1.010349781,1.400139803
2975,0,0.976478191,0.819915167
2976,0,1.709516303,0.920342136
2977,0,1.771536164,1.061992386
2978,0,2.302933094,1.436456837
2979,0,2.414866725,1.651491150
2980,0,1.875963086,2.334198621
2981,0,1.942610486,2.957937162
2982,0,2.514237032,3.609419974
2983,0,2.725589494,2.741757011
2984,0,2.720641025,2.340290447
2985,0,2.553942281,1.814309878
2986,0,3.014921590,2.057160957
2987,0,2.817695797,1.896025665
2988,0,2.857754669,2.095927828
2989,0,2.689306759,1.744258296
2990,0,2.502064370,2.170674905
2991,0,2.558074560,1.691352593
2992,0,2.358715296,1.633276457
2993,0,2.189322329,1.988359634
2994,0,2.596244606,1.806084256
2995,0,2.531827536,2.221385772
2996,0,3.027848376,2.081813956
2997,0,3.245689872,2.251189298
2998,0,2.795867508,1.541762639
2999,0,1.956353148,1.666682558
3000,0,2.168061950,1.783514027
3001,0,1.426632206,1.026012506
3002,0,2.150970810,2.013777146
3003,0,2.799700852,2.045342233
3004,0,2.910067907,3.353606535
3005,0,3.133536399,4.503800789
3006,0,3.531329963,5.101407003
3007,0,3.335937962,3.737975027
3008,0,2.286837607,2.302834350
3009,0,2.575004563,2.391045331
3010,0,2.613573323,1.674659673
3011,0,2.869296892,1.964898549
3012,0,2.860218929,2.026102040
3013,0,2.844467706,2.052579917
3014,0,3.062327517,2.660622243
3015,0,2.564265228,2.708757578
3016,0,2.828209191,2.377738525
3017,0,2.619677601,2.429259920
3018,0,2.743924639,2.047377129
3019,0,3.000951852,1.962875780
3020,0,2.428675025,1.303662495
3021,0,1.469362591,1.047359184
3022,0,2.388449002,2.261198207
3023,0,-0.000000000,0.000000000
3024,0,1.314320487,1.076923077
3025,0,1.336298314,0.758620690
3026,0,1.826484152,1.583063805
3027,0,2.595535693,1.525138945
3028,0,2.308673948,1.420778158
3029,0,2.009022270,1.341396867
3030,0,2.142189444,1.399338895
3031,0,2.448826740,2.163189102
3032,0,2.531872413,1.970021927
3033,0,1.005487940,0.630063610
3034,0,2.149403045,1.382542785
3035,0,2.764424576,2.024218086
3036,0,2.813841053,2.476186398
3037,0,2.190336655,2.524570806
3038,0,2.812041691,3.738399230
3039,0,3.192271070,2.481474808
3040,0,3.327083438,2.248038255
3041,0,3.368937965,3.007944480
3042,0,3.301544858,2.804070354
3043,0,3.158814842,3.531516484
3044,0,3.206548077,3.507954337
3045,0,3.380552906,5.173683155
3046,0,2.690189205,2.547489844
3047,0,2.613364758,1.796048996
3048,0,2.708245154,2.172655529
3049,0,2.390232407,1.769928110
3050,0,2.908050252,1.812500954
3051,0,3.206339339,2.730795752
3052,0,2.948222632,2.472441836
3053,0,0.758067545,0.437705965
3054,0,1.433828149,0.992082395
3055,0,1.919287014,1.318141610
3056,0,2.072205180,1.420339424
3057,0,1.777919113,0.935584166
3058,0,1.803614411,1.417077140
3059,0,1.582657611,0.835670857
3060,0,1.873283244,1.390334548
3061,0,1.618858861,1.039749740
3062,0,1.404001318,0.883079387
3063,0,1.512951740,0.931985022
3064,0,1.566297039,0.998656958
3065,0,1.648089074,0.840495334
3066,0,2.055311628,1.780048217
3067,0,2.115999419,1.224064709
3068,0,2.450464123,1.596820102
3069,0,2.092852418,1.608471158
3070,0,2.474112554,1.579118558
3071,0,0.825386562,0.518201770
3072,0,0.733343352,0.411564932
3073,0,0.990490291,0.885307962
3074,0,1.915125931,1.333333333
3075,0,1.788089132,1.385737849
3076,0,0.923271716,0.676784155
3077,0,0.969872014,1.203653385
3078,0,1.908253172,1.333333333
3079,0,1.615767996,1.188987462
3080,0,1.234728512,0.812759094
3081,0,1.914351731,1.355122815
3082,0,1.844559561,1.509124562
3083,0,1.657888365,1.161936816
3084,0,1.939089521,1.315188288
3085,0,0.827318480,0.520758969
3086,0,1.930633609,1.122842486
3087,0,1.980456735,1.805499929
3088,0,1.800004127,2.854280147
3089,0,2.026548403,3.821594090
3090,0,1.959795353,2.591238276
3091,0,2.464139242,1.888730262
3092,0,2.380159304,1.693813528
3093,0,2.546352654,1.991798248
3094,0,2.172661975,1.748912114
3095,0,2.421046082,2.086445209
3096,0,2.337021273,1.656752340
3097,0,2.274332127,1.725965488
3098,0,2.259836958,1.449769379
3099,0,2.416855188,2.990018858
3100,0,2.152639833,3.291380888
3101,0,2.365437016,2.970911623
3102,0,1.470693539,1.324594165
3103,0,1.823479847,1.655174373
3104,0,1.766090702,1.876401591
3105,0,1.964513303,1.403397740
3106,0,2.254001883,1.307822769
3107,0,2.284851770,1.321207134
3108,0,2.810037845,2.026993921
3109,0,2.466656808,1.650460336
3110,0,2.665585835,2.486253904
3111,0,1.595891800,2.812303413
3112,0,2.228215154,3.476023551
3113,0,2.627278219,2.990980894
3114,0,1.725667536,1.597273547
3115,0,1.466047401,1.672403391
3116,0,1.620409606,1.346537634
3117,0,2.045305411,1.189514918
3118,0,2.119862631,1.423033488
3119,0,2.636202651,2.021676885
3120,0,2.459598669,1.625804707
3121,0,2.941896806,2.152604465
3122,0,2.954136835,1.861996982
3123,0,2.893857655,1.877917046
3124,0,2.855733481,2.248243864
3125,0,2.985814594,2.233852148
3126,0,2.957450111,2.132218989
3127,0,3.363398781,2.694885436
3128,0,3.287491699,2.372659125
3129,0,3.161581624,2.157326132
3130,0,1.942980228,1.743535925
3131,0,2.660746134,2.727889800
3132,0,2.464612801,1.721127904
3133,0,2.108959489,1.240825199
3134,0,2.021411746,1.858718103
3135,0,1.982514806,1.971244022
3136,0,1.532227758,1.578147225
3137,0,1.920118220,1.536799647
3138,0,2.532713569,2.620712776
3139,0,1.998420466,1.521665249
3140,0,2.621909943,2.642159503
3141,0,2.638789453,3.068288612
3142,0,2.914970971,2.432612372
3143,0,2.746634502,1.971683002
3144,0,2.645606714,2.053975101
3145,0,2.918648204,2.834135926
3146,0,3.165735443,2.264425717
3147,0,3.105812262,2.187846042
3148,0,3.127089953,2.264152449
3149,0,2.882870598,3.105080150
3150,0,3.202420620,3.628902191
3151,0,2.483290879,4.011791079
3152,0,2.638232555,4.495191428
3153,0,3.118583073,3.849700302
3154,0,2.863667608,3.126046048
3155,0,3.104293179,3.535247232
3156,0,2.923835793,4.585456078
3157,0,3.045492334,5.823891045
3158,0,3.052293737,2.813152869
3159,0,3.412607961,2.482382342
3160,0,2.219032992,2.261756335
3161,0,2.769408275,3.475179970
3162,0,2.982389242,2.121655808
3163,0,2.329870602,2.371279501
3164,0,1.952757548,1.655462987
3165,0,1.919497955,1.628927423
3166,0,1.838022062,1.576283771
3167,0,2.837600443,2.060044044
3168,0,2.607070263,1.707558311
3169,0,2.447970224,2.283114725
3170,0,2.181623345,2.765570309
3171,0,2.518927355,2.308990504
3172,0,2.567386507,2.950319359
3173,0,2.573092393,2.438321325
3174,0,2.906325374,2.242436212
3175,0,2.627349621,1.876508263
3176,0,2.954977732,1.911184983
3177,0,2.521068709,1.894514436
3178,0,2.635304281,2.642250404
3179,0,2.641157905,3.393305686
3180,0,2.783946060,3.985912836
3181,0,2.109533869,2.635428359
3182,0,2.688128623,2.289991486
3183,0,2.590644912,1.953005412
3184,0,2.290751341,2.393302159
3185,0,2.646826856,2.254256224
3186,0,2.593887755,2.362564138
3187,0,2.707503950,1.894416603
3188,0,2.282250610,2.582288996
3189,0,2.412154218,1.904837968
3190,0,2.685386637,1.943331273
3191,0,2.567555477,2.105306260
3192,0,2.988992131,2.058915840
3193,0,2.766593265,1.960153167
3194,0,2.819136573,2.186124147
3195,0,2.058038319,1.927845906
3196,0,2.048597878,2.712919464
3197,0,2.406000544,2.092666557
3198,0,2.727491403,2.977184242
3199,0,2.188299265,1.894470629
3200,0,2.223161256,1.668157002
3201,0,2.683743633,1.793566503
3202,0,2.610985271,1.880408903
3203,0,2.679707872,1.716060997
3204,0,2.598745560,1.734397577
3205,0,2.767936085,1.899946988
3206,0,2.601153318,2.015016852
3207,0,2.763293904,1.901620893
3208,0,2.032678074,2.077659527
3209,0,2.540458985,2.791691659
3210,0,3.026115724,2.359101862
3211,0,2.992393843,1.937864114
3212,0,3.100346529,2.022905171
3213,0,2.841245848,1.881245435
3214,0,2.631039393,2.081736229
3215,0,2.540437563,1.780409950
3216,0,2.653968182,1.767032732
3217,0,2.560604027,1.936850982
3218,0,2.496672451,1.851390592
3219,0,2.879294874,1.980058286
3220,0,3.067897132,2.474076726
3221,0,2.868018585,1.949433614
3222,0,2.832746238,2.208102860
3223,0,2.778423048,1.844345518
3224,0,2.475890354,1.909586039
3225,0,2.646754193,2.170951133
3226,0,2.959229939,1.985265757
3227,0,2.982086282,2.033504013
3228,0,2.803978116,2.100078828
3229,0,2.711301142,2.323879313
3230,0,2.753597832,3.163449510
3231,0,3.115283573,2.690059076
3232,0,2.833874760,3.253394840
3233,0,2.842776696,2.797764526
3234,0,3.036711561,3.689665530
3235,0,1.931000937,3.489432208
3236,0,2.911993459,2.832272927
3237,0,2.640079184,2.208345384
3238,0,2.559607642,2.131259988
3239,0,2.041699423,2.061465019
3240,0,0.965395816,1.792923489
3241,0,0.876741953,0.602603549
3242,0,1.710598155,2.018782768
3243,0,1.844255266,1.183270697
3244,0,1.876053391,1.212093390
3245,0,2.238804833,1.968721249
3246,0,2.004448531,1.934143987
3247,0,1.954723140,1.436338852
3248,0,1.908220832,2.696680689
3249,0,2.139321787,1.621677625
3250,0,2.008520451,1.138506570
3251,0,1.851160902,0.894721864
3252,0,0.564379034,0.265091668
3253,0,1.574803118,1.076923077
3254,0,2.348949418,1.995356410
3255,0,2.598466809,2.844726893
3256,0,2.392055061,3.553974420
3257,0,2.879857591,2.818972457
3258,0,2.816330349,3.662532809
3259,0,2.825577049,2.569183868
3260,0,2.520411660,1.977934881
3261,0,1.968439234,1.355155978
3262,0,1.161156158,1.025402912
3263,0,1.279480150,0.556562592
3264,0,0.999964673,1.006998098
3265,0,1.499982336,1.000000000
3266,0,1.863058046,1.245891172
3267,0,2.001975078,1.156203871
3268,0,2.546066360,1.745684587
3269,0,2.108900668,1.282931782
3270,0,1.936123080,1.360555719
3271,0,2.118700186,1.435265178
3272,0,1.999982129,1.296821062
3273,0,1.729469682,1.362513920
3274,0,2.009554983,1.302814268
3275,0,2.012361843,1.220503821
3276,0,2.239855132,1.550832929
3277,0,2.270888799,1.377360918
3278,0,2.324239995,1.794554493
3279,0,1.321164975,0.956426600
3280,0,1.718307715,1.821285080
3281,0,2.425198078,2.689693016
3282,0,2.504206227,1.943762803
3283,0,2.223287405,1.638413969
3284,0,2.162394272,1.767690896
3285,0,2.499135795,1.718900934
3286,0,2.746737974,1.965346547
3287,0,2.410476748,2.615196324
3288,0,2.558470077,2.655734489
3289,0,2.585671534,3.563870119
3290,0,1.619237605,4.735951582
3291,0,1.731648000,5.942721736
3292,0,2.014001255,7.007948459
3293,0,1.790653962,6.253225104
3294,0,1.947580776,7.143667670
3295,0,2.690560018,5.934974754
3296,0,2.462397333,6.788637376
3297,0,2.413068209,7.437067775
3298,0,2.496990689,6.643156986
3299,0,2.369097875,7.799020481
3300,0,2.314359858,8.449878429
3301,0,2.562921662,6.982609484
3302,0,2.870374894,7.971235209
3303,0,3.129447305,8.551574994
3304,0,2.830955715,7.252438163
3305,0,3.325873920,8.163500415
3306,0,2.561100061,4.946340681
3307,0,2.880182276,5.057122726
3308,0,2.471625547,4.582501649
3309,0,3.138357025,5.054087436
3310,0,2.810608718,4.846008284
3311,0,2.703692889,2.306299571
3312,0,2.886689592,2.050963413
3313,0,2.806712615,3.093580561
3314,0,2.945893020,2.843674590
3315,0,2.299434729,1.719794644
3316,0,2.761173810,2.695552584
3317,0,2.560457830,2.102295005
3318,0,2.515587276,1.964551104
3319,0,2.643097052,1.589724065
3320,0,2.654567546,2.199315457
3321,0,2.962440919,1.743714862
3322,0,2.858031356,1.492048313
3323,0,2.465012353,1.521320381
3324,0,3.081733054,1.795117874
3325,0,2.801231463,1.811516365
3326,0,2.987844266,1.911294553
3327,0,2.645672718,2.453155189
3328,0,2.245894060,2.539271667
3329,0,2.611845278,2.148586851
3330,0,2.681004266,3.914018591
3331,0,3.051750372,3.069670626
3332,0,2.800065087,2.270760781
3333,0,2.766333973,1.871792076
3334,0,2.644125462,1.618824442
3335,0,2.527365340,1.978811979
3336,0,2.113714349,1.720998444
3337,0,2.587571591,1.675338866
3338,0,2.732507356,1.827154266
3339,0,2.284644161,1.464538263
3340,0,2.450476633,1.751910351
3341,0,2.211149450,1.297815126
3342,0,2.413128988,1.772991727
3343,0,2.420334925,1.474822824
3344,0,2.338594908,1.724593792
3345,0,2.421617303,1.388436987
3346,0,1.739799063,1.210883898
3347,0,2.466950811,1.979992902
3348,0,2.012994385,1.850442138
3349,0,2.460637368,1.485098727
3350,0,2.754939000,1.666428237
3351,0,2.971959074,2.088226290
3352,0,2.680631216,1.793233555
3353,0,2.417734392,1.563568133
3354,0,2.108730205,1.811390003
3355,0,2.381468923,2.716837899
3356,0,1.979659058,3.103854351
3357,0,3.012708252,4.143129054
3358,0,2.835828641,3.251050568
3359,0,2.446127510,1.605014978
3360,0,2.325311812,1.446667412
3361,0,2.061563379,1.263820564
3362,0,2.167919876,1.722701685
3363,0,2.172942706,2.007143102
3364,0,2.158878857,1.517764449
3365,0,2.051128292,1.243066635
3366,0,2.783832043,1.932776886
3367,0,2.555194940,1.518327234
3368,0,2.587766919,1.743012286
3369,0,2.427518158,1.742455680
3370,0,2.531248839,2.569331984
3371,0,2.413162483,1.877500019
3372,0,3.147366777,2.695080883
3373,0,2.836050249,3.088725598
3374,0,2.857526926,2.232249031
3375,0,2.696616762,2.758311773
3376,0,2.751441190,3.751029233
3377,0,2.716889528,4.154405880
3378,0,3.080397181,3.258623788
3379,0,2.716836633,2.939149703
3380,0,2.787796855,3.441160236
3381,0,3.064650236,2.728139168
3382,0,2.796391666,2.349630940
3383,0,2.580333517,1.887695229
3384,0,2.527976045,1.876807291
3385,0,2.782221009,2.479504676
3386,0,2.426999969,2.675161156
3387,0,2.761804298,3.540089116
3388,0,2.351561809,2.359379411
3389,0,2.349380952,1.571380504
3390,0,2.460214868,1.755322079
3391,0,2.678326962,1.877384142
3392,0,2.522660619,1.573394800
3393,0,2.704817326,1.834770548
3394,0,2.573557017,1.607213844
3395,0,2.354151336,2.386571743
3396,0,1.965116839,1.299825628
3397,0,2.236406159,2.308221978
3398,0,1.503364246,1.327904869
3399,0,2.505205115,2.108176054
3400,0,2.317852827,1.372890086
3401,0,2.341217148,1.586849986
3402,0,2.634914453,1.728511499
3403,0,2.733291089,1.771994379
3404,0,2.819880794,1.972313771
3405,0,2.570906253,2.615849162
3406,0,2.420992979,1.866602740
3407,0,2.172626381,2.404857870
3408,0,2.792914350,3.234369608
3409,0,2.831881875,3.527223463
3410,0,3.105457980,2.910067787
3411,0,2.874562592,2.619146409
3412,0,2.888029460,2.931815714
3413,0,2.826510516,4.395996475
3414,0,2.870019989,3.507361611
3415,0,2.677874855,4.010111899
3416,0,3.342013932,5.051763084
3417,0,2.187217155,4.004261756
3418,0,3.009429139,5.289311998
3419,0,3.087998787,4.774969394
3420,0,3.207396461,5.251102743
3421,0,3.102526045,5.961665303
3422,0,3.410676044,5.135123724
3423,0,2.435340703,4.471371424
3424,0,2.607119635,3.844725021
3425,0,2.480875193,3.617522001
3426,0,3.396485191,4.244614320
3427,0,3.418128897,4.109706986
3428,0,3.105435747,4.455303192
3429,0,2.068335776,1.696684918
3430,0,1.863027744,1.741425243
3431,0,3.203643035,2.830851918
3432,0,2.868325136,3.507913037
3433,0,2.980568166,3.380644421
3434,0,2.726639506,2.579203166
3435,0,2.710078894,2.602875310
3436,0,2.975706317,2.781028348
3437,0,3.210023333,2.952234426
3438,0,2.843464121,2.726341308
3439,0,3.085037556,2.245745747
3440,0,3.124897988,2.452714431
3441,0,2.531296013,1.914843306
3442,0,2.006849095,1.516858598
3443,0,2.187698985,2.146920875
3444,0,3.022927786,2.070873660
3445,0,2.724455439,1.702923819
3446,0,3.058240565,2.187793461
3447,0,2.808276186,1.830052911
3448,0,3.139547676,2.213140469
3449,0,3.501405626,2.541344705
3450,0,3.080700772,2.851771188
3451,0,3.028903042,2.810393556
3452,0,2.962508725,2.281367208
3453,0,3.292627398,2.467989338
3454,0,2.550277807,2.781098754
3455,0,3.086924986,3.597348588
3456,0,2.284609935,2.108334106
3457,0,1.867389094,1.242317914
3458,0,1.962696889,1.518299591
3459,0,1.528354082,1.170329127
3460,0,2.344278967,1.398909462
3461,0,2.786079064,2.372314880
3462,0,2.684745579,2.002227120
3463,0,2.801733424,2.561744125
3464,0,3.163861178,3.653502737
3465,0,2.539373999,2.095003961
3466,0,2.359330634,2.600237901
3467,0,2.916796904,2.067126826
3468,0,2.959917265,2.412534321
3469,0,3.065218710,1.861099406
3470,0,2.439016157,1.903835331
3471,0,1.906480028,1.363563980
3472,0,2.267070215,1.361512957
3473,0,1.988796685,1.831922252
3474,0,2.196218107,1.768295463
3475,0,2.982914929,2.060113016
3476,0,3.109863795,3.108006735
3477,0,1.579148795,1.322970080
3478,0,1.909268498,1.871865726
3479,0,2.211718031,2.426318785
3480,0,2.378784000,2.006135904
3481,0,2.433606112,1.612457314
3482,0,2.087590148,1.551764139
3483,0,2.667886105,2.475334438
3484,0,2.214379794,2.888179860
3485,0,2.645680376,2.171447761
3486,0,2.807797279,2.916218800
3487,0,2.162991306,1.505066621
3488,0,1.951017085,2.039674856
3489,0,2.166277605,1.441005455
3490,0,2.046278588,1.479349932
3491,0,-0.000000000,0.000000000
3492,0,1.584962501,1.333333333
3493,0,1.948580865,1.571428571
3494,0,2.069126306,2.662318113
3495,0,2.637124737,2.628920739
3496,0,2.645687194,3.218569115
3497,0,2.645830312,2.177108854
3498,0,2.699362255,1.616282272
3499,0,2.718112205,2.009452622
3500,0,2.676155044,1.591366506
3501,0,2.059363483,1.495645936
3502,0,1.448682136,0.660665514
3503,0,1.910525810,1.333150854
3504,0,1.182603425,0.425028121
3505,0,1.790614170,1.797890814
3506,0,1.997922309,1.148818268
3507,0,2.526062965,1.594418906
3508,0,1.814413366,0.949618826
3509,0,2.048182408,1.339485691
3510,0,1.550714058,2.110595271
3511,0,2.241386689,1.558936236
3512,0,1.810755254,1.127204375
3513,0,2.150549788,1.642280196
3514,0,0.743733322,0.844722317
3515,0,2.000000000,1.500000000
3516,0,1.000000000,2.000000000
3517,0,2.314320487,3.076923077
3518,0,2.446158676,2.596026490
3519,0,2.736856366,3.446842957
3520,0,2.632692894,2.930672963
3521,0,2.820187047,3.084874608
3522,0,2.481066983,3.012930746
3523,0,2.670293561,2.724019142
3524,0,2.514889839,3.490815821
3525,0,2.532738546,3.316981972
3526,0,2.555059635,2.927961678
3527,0,2.495621416,2.714574729
3528,0,2.235587972,2.054026625
3529,0,2.017696856,1.773898782
3530,0,1.802682306,0.957094798
3531,0,1.481250728,0.785882714
3532,0,1.320759941,0.719218494
3533,0,0.584397725,0.373655728
3534,0,1.398822422,1.284576566
3535,0,1.459683621,1.910537860
3536,0,2.090667747,2.923581573
3537,0,2.429021805,3.039248088
3538,0,2.606479482,2.765119445
3539,0,2.362368215,2.534733431
3540,0,1.735708510,1.282637114
3541,0,1.643987384,0.971256434
3542,0,1.832881635,1.441977811
3543,0,1.866260929,1.361415918
3544,0,1.714981022,1.094698121
3545,0,1.673439083,1.439996082
3546,0,1.504392133,0.945654619
3547,0,1.636110940,1.527264954
3548,0,1.505988018,1.160817125
3549,0,1.546765195,1.666075737
3550,0,0.722085481,0.733566184
3551,0,1.258761504,2.316210133
3552,0,1.352515662,2.147065021
3553,0,1.434078488,2.738120803
3554,0,1.069922686,2.717779809
3555,0,1.305514307,4.866197968
3556,0,2.301111599,6.670106802
3557,0,2.742052703,7.003975727
3558,0,2.611593957,5.294749174
3559,0,2.808919633,4.727733735
3560,0,2.694135917,6.267006429
3561,0,2.551660173,5.359690498
3562,0,2.754606112,2.692477366
3563,0,2.915654944,3.538457466
3564,0,1.594195848,1.360939291
3565,0,1.699309437,1.144974389
3566,0,2.194901465,2.025703628
3567,0,1.749620552,1.594340683
3568,0,0.772094784,1.291274270
3569,0,0.405967694,0.230517517
3570,0,0.081385461,0.040357746
3571,0,1.081385461,1.020178873
3572,0,0.976667357,0.693662622
3573,0,0.982298844,0.686163746
3574,0,-0.000000000,0.000000000
3575,0,-0.000000000,0.000000000
3576,0,0.591672779,0.285714286
3577,0,0.684038436,0.363636364
3578,0,-0.000000000,0.000000000
3579,0,1.314320487,1.076923077
3580,0,1.000000000,2.000000000
3581,0,2.270185785,1.757575758
3582,0,2.157788814,1.896995708
3583,0,2.486148092,2.342825546
3584,0,2.207943573,1.906111843
3585,0,2.286983073,1.436870427
3586,0,1.649899067,2.398361724
3587,0,1.906530652,2.074039199
3588,0,1.942082030,1.547090067
3589,0,2.099802086,1.342788250
3590,0,1.987121413,1.914788011
3591,0,2.876201486,2.388749597
3592,0,2.637340046,2.601413155
3593,0,2.591862636,2.969484846
3594,0,2.067473950,3.516491019
3595,0,2.260036867,3.290208978
3596,0,2.611254308,4.531842389
3597,0,3.007807467,4.399091989
3598,0,2.584239817,4.785507382
3599,0,2.205589972,4.543999406
3600,0,0.990088871,1.765835532
3601,0,2.248325763,2.030070727
3602,0,2.622133099,2.495851621
3603,0,2.519547595,2.948832508
3604,0,2.746734953,2.496346672
3605,0,2.403842682,2.974899860
3606,0,2.318521356,2.603985184
3607,0,2.292128511,2.740615575
3608,0,2.658058959,2.758351168
3609,0,2.457858898,2.610173074
3610,0,1.019885723,1.415934403
3611,0,1.702067409,2.011595847
3612,0,1.560432098,1.332654617
3613,0,1.746803400,1.180472548
3614,0,2.008228891,1.426852049
3615,0,2.232913191,1.835426904
3616,0,0.400766130,0.318397662
3617,0,1.400766130,1.159198831
3618,0,1.197020518,0.619273741
3619,0,1.457284642,1.402494399
3620,0,1.101884426,0.520028510
3621,0,1.195356600,0.738700875
3622,0,1.076370256,0.605930479
3623,0,0.068629602,0.057168219
3624,0,0.659684438,0.345007089
3625,0,0.425221295,0.183700795
3626,0,-0.000000000,0.000000000
3627,0,-0.000000000,0.000000000
3628,0,0.591672779,1.714285714
3629,0,0.985228136,0.857142857
3630,0,-0.000000000,0.000000000
3631,0,-0.000000000,0.000000000
3632,0,-0.000000000,0.000000000
3633,0,-0.000000000,0.000000000
3634,0,1.000000000,1.000000000
3635,0,-0.000000000,0.000000000
3636,0,1.000000000,1.000000000
3637,0,-0.000000000,0.000000000
3638,0,0.591672779,0.285714286
3639,0,0.650022422,0.333333333
3640,0,0.650022422,1.666666667
3641,0,0.981152234,0.838709677
3642,0,-0.000000000,0.000000000
3643,0,-0.000000000,0.000000000
3644,0,1.000000000,1.000000000
3645,0,0.811278124,0.500000000
3646,0,0.684038436,1.636363636
3647,0,-0.000000000,0.000000000
3648,0,0.591672779,0.285714286
3649,0,0.503258335,0.222222222
3650,0,-0.000000000,0.000000000
3651,0,-0.000000000,0.000000000
3652,0,0.591672779,1.714285714
3653,0,0.503258335,0.222222222
3654,0,-0.000000000,0.000000000
3655,0,-0.000000000,0.000000000
3656,0,-0.000000000,0.000000000
3657,0,0.591672779,1.714285714
3658,0,0.995727452,1.076923077
3659,0,0.974646344,0.370370370
3660,0,0.999966618,0.993197279
3661,0,1.438167170,1.553544495
3662,0,0.939578098,0.712621359
3663,0,1.055343081,0.409828010
3664,0,0.695155182,0.326200208
3665,0,0.856070595,0.357491083
3666,0,0.654732456,0.337408853
3667,0,0.997102126,1.063360996
3668,0,0.734115939,0.285714286
3669,0,0.570512484,0.200728047
3670,0,0.673174562,0.285714286
3671,0,0.622528471,0.310258247
3672,0,0.645589631,0.329531351
3673,0,1.000000000,1.000000000
3674,0,-0.000000000,0.000000000
3675,0,1.000000000,1.000000000
3676,0,1.448815636,2.000000000
3677,0,2.153913054,2.653846154
3678,0,2.057451060,2.480000000
3679,0,2.769775743,2.398975110
3680,0,2.360120468,2.149528217
3681,0,2.924898281,2.361329057
3682,0,1.190736008,1.410448253
3683,0,1.149003504,1.450002859
3684,0,1.947370564,2.239057254
3685,0,2.866630902,3.426908156
3686,0,2.143426225,4.011347912
3687,0,2.354369661,3.275944851
3688,0,2.400366327,2.577032947
3689,0,2.827213094,2.525311555
3690,0,2.772673033,2.545831112
3691,0,3.134919466,3.485555290
3692,0,3.024905733,3.147003889
3693,0,2.992730967,3.803662914
3694,0,2.862543936,4.724742541
3695,0,2.541449209,5.550529483
3696,0,2.333043037,4.880432060
3697,0,3.065718714,4.067058571
3698,0,2.633654585,3.203272630
3699,0,2.603546078,2.954772424
3700,0,2.457794863,3.029445039
3701,0,-0.000000000,0.000000000
3702,0,0.591672779,1.714285714
3703,0,0.985228136,0.857142857
3704,0,0.770629069,0.451612903
3705,0,-0.000000000,0.000000000
3706,0,0.591672779,0.285714286
3707,0,-0.000000000,0.000000000
3708,0,1.000000000,1.000000000
3709,0,0.918295834,1.333333333
3710,0,0.811278124,0.500000000
3711,0,-0.000000000,0.000000000
3712,0,0.591672779,0.285714286
3713,0,1.356451766,1.094339623
3714,0,0.423680572,0.172413793
3715,0,1.000000000,1.000000000
3716,0,1.448815636,2.000000000
3717,0,2.153913054,2.415384615
3718,0,1.895662470,2.130434783
3719,0,1.762497192,3.313167260
3720,0,1.684270210,2.232988568
3721,0,1.932827931,2.342406097
3722,0,1.246449634,2.804048664
3723,0,2.196194061,2.977350340
3724,0,2.293229080,4.119058935
3725,0,2.815752671,5.228772423
3726,0,1.478139019,4.278728520
3727,0,1.355315383,2.681131716
3728,0,2.336482124,3.520358143
3729,0,1.931202476,3.641843103
3730,0,1.839811238,4.610600503
3731,0,1.899142968,4.377288774
3732,0,2.160074184,3.551498765
3733,0,3.168172015,3.087593902
3734,0,2.407144726,3.384556327
3735,0,2.245081536,2.837818627
3736,0,2.619569386,2.188439638
3737,0,3.054630235,2.340930839
3738,0,2.891172408,2.753006458
3739,0,3.103453815,3.375753133
3740,0,2.910176961,2.772655566
3741,0,3.082757237,3.185595511
3742,0,2.989547947,2.920786208
3743,0,3.195880081,3.401329341
3744,0,3.109283345,3.654358513
3745,0,2.753742572,4.603204996
3746,0,3.062336360,4.324731134
3747,0,3.391523854,3.864498580
3748,0,2.857237359,2.760355265
3749,0,3.414740378,3.680360445
3750,0,2.917754091,2.701865657
3751,0,2.709824656,3.297804505
3752,0,3.105647220,4.115335185
3753,0,2.487604456,5.086909691
3754,0,2.769168212,5.152775756
3755,0,3.532571903,5.089373213
3756,0,3.708672536,5.021764939
3757,0,2.999580541,5.716351573
3758,0,2.237925446,3.129752324
3759,0,2.173518039,3.281886333
3760,0,2.838214825,3.026641041
3761,0,2.914005760,2.752410592
3762,0,2.784588525,3.064903808
3763,0,1.719193191,3.235133289
3764,0,1.642338341,3.504704694
3765,0,2.291505683,4.346262776
3766,0,2.904225931,3.355364597
3767,0,2.705602553,3.113652565
3768,0,2.609554689,2.687863219
3769,0,2.589586385,2.434280808
3770,0,2.452887291,2.722353239
3771,0,2.592687925,2.668101477
3772,0,2.445388843,2.552679637
3773,0,2.942347297,2.685657745
3774,0,2.651280975,2.590379595
3775,0,2.601376370,2.350945024
3776,0,2.472272493,2.536286452
3777,0,2.942565949,2.648784006
3778,0,2.845050090,2.792975671
3779,0,2.677475258,2.696939357
3780,0,2.937424852,3.064114322
3781,0,1.915948371,2.045569601
3782,0,2.903881340,2.637028780
3783,0,2.747841849,2.393481465
3784,0,2.618502064,2.861249694
3785,0,1.789395694,2.611461708
3786,0,2.770824507,3.426220080
3787,0,2.460519276,2.387851029
3788,0,3.097230386,2.694890294
3789,0,2.726599360,2.217251802
3790,0,2.849318449,2.691350664
3791,0,2.965974817,3.284595008
3792,0,1.810235051,1.814242438
3793,0,2.396778695,2.675848174
3794,0,2.529678256,2.102810376
3795,0,2.606530957,2.490704158
3796,0,3.167073289,3.421313332
3797,0,3.026385796,2.709815268
3798,0,3.066633078,2.493389922
3799,0,3.265967823,2.827582646
3800,0,3.405902269,2.871105018
3801,0,2.299683615,2.722558322
3802,0,2.650704000,2.787313582
3803,0,3.493163641,3.274378321
3804,0,3.339243486,2.839524117
3805,0,3.310170374,3.041480493
3806,0,3.344279663,3.074834109
3807,0,2.897576105,3.579001968
3808,0,3.692453371,4.100407282
3809,0,3.076535302,3.459531803
3810,0,3.071902518,3.058327210
3811,0,3.134769895,3.116916057
3812,0,2.118808336,2.450491696
3813,0,2.743042465,2.589745251
3814,0,3.114179181,2.767605430
3815,0,2.920848862,2.886382119
3816,0,3.240042310,2.830242222
3817,0,3.157207885,2.777804283
3818,0,3.114886065,3.157709325
3819,0,3.320666197,2.879334945
3820,0,3.053111282,2.558603086
3821,0,3.031219121,2.876129098
3822,0,2.505094942,3.123467023
3823,0,2.899678232,4.542904913
3824,0,3.279516488,4.474458148
3825,0,3.549084980,4.197180477
3826,0,3.487081226,4.363057447
3827,0,3.167757922,3.504558449
3828,0,3.345600435,4.172497681
3829,0,2.929226738,3.981868505
3830,0,2.763682221,4.438370731
3831,0,2.806485890,2.497589674
3832,0,3.120891605,3.616094251
3833,0,3.146490279,3.089848550
3834,0,3.101478134,2.731658367
3835,0,3.384758327,3.226426870
3836,0,3.120047431,4.087106097
3837,0,2.982001782,3.248660741
3838,0,3.056691376,3.928692580
3839,0,3.381782910,3.835968881
3840,0,3.393554164,3.184426376
3841,0,3.601297815,3.638377487
3842,0,3.409505677,3.315952552
3843,0,3.188720398,3.532782133
3844,0,3.765921300,3.671721851
3845,0,3.665051001,3.903392352
3846,0,3.635473265,4.438668941
3847,0,3.514324263,4.751314946
3848,0,2.852931181,5.143227030
3849,0,2.223733064,5.992011170
3850,0,2.420919863,5.535569313
3851,0,2.327331146,5.930711012
3852,0,2.960515412,6.995359996
3853,0,3.440115271,8.005955096
3854,0,3.143798051,6.497975538
3855,0,3.267306233,7.160531438
3856,0,3.179712702,8.552178747
3857,0,3.398792683,9.706308840
3858,0,2.749850848,6.996281868
3859,0,2.927016706,6.155919520
3860,0,2.665674885,5.581631095
3861,0,3.540393577,5.115139093
3862,0,3.496617580,4.761138403
3863,0,3.539588635,4.938426950
3864,0,3.516844965,5.162826201
3865,0,3.366042183,5.397187001
3866,0,3.042943262,6.206045671
3867,0,3.154001760,5.524278923
3868,0,2.417013857,5.595411673
3869,0,3.430788558,6.342443558
3870,0,3.167825489,7.136160374
3871,0,3.116091069,7.421956426
3872,0,3.061260531,6.122644164
3873,0,2.906979932,6.580995940
3874,0,2.226042706,6.900864315
3875,0,2.569016265,6.885650448
3876,0,1.500000000,2.000000000
3877,0,2.325291833,2.910112360
3878,0,2.932529813,2.420948617
3879,0,2.757528152,3.103222403
3880,0,3.086991256,3.810752584
3881,0,3.106524804,3.747211577
3882,0,3.124836193,4.335563573
3883,0,2.565605192,3.405445521
3884,0,3.066274046,2.791903273
3885,0,2.875850446,2.716015553
3886,0,3.557544235,2.936712074
3887,0,3.252616567,2.843466012
3888,0,3.378221309,3.038236982
3889,0,3.013464577,3.074312665
3890,0,3.164718560,3.263806450
3891,0,3.386341705,2.891454429
3892,0,3.412951100,2.711947566
3893,0,3.164257063,2.537675610
3894,0,3.177246433,2.795133090
3895,0,3.607459165,3.071941039
3896,0,3.603590471,3.553909981
3897,0,3.402516839,3.655222193
3898,0,3.556591250,4.172350275
3899,0,3.313469605,4.617605540
3900,0,2.834309096,5.948367713
3901,0,3.099485506,4.573970419
3902,0,3.076422744,5.100334705
3903,0,2.925013302,3.826175006
3904,0,2.956350697,4.719087530
3905,0,2.613666445,3.528833175
3906,0,2.547879183,2.331408562
3907,0,2.905790613,2.988993522
3908,0,2.548171137,2.080675319
3909,0,2.749448629,1.968739575
3910,0,2.810497028,2.433155065
3911,0,2.919413482,2.150239219
3912,0,2.971296338,2.273696917
3913,0,3.081417241,2.363308156
3914,0,3.200356220,2.870249424
3915,0,2.622110164,2.681842523
3916,0,2.966024775,2.422790323
3917,0,3.150349479,2.466716563
3918,0,3.176156924,2.901092014
3919,0,3.437680395,3.583418459
3920,0,2.290595954,5.415902645
3921,0,3.096998652,4.749663795
3922,0,2.761378397,4.580130706
3923,0,2.576844074,4.831595275
3924,0,3.148277736,4.148520113
3925,0,3.190428705,2.872167105
3926,0,3.120310366,2.035593540
3927,0,2.689519678,2.734922061
3928,0,3.240218440,3.867699109
3929,0,2.599165483,1.852828797
3930,0,2.819435058,1.750412611
3931,0,3.185706537,2.193890828
3932,0,3.044220680,2.483363364
3933,0,2.783662508,2.350957913
3934,0,2.585042033,2.429936631
3935,0,2.945136698,2.500312504
3936,0,3.639296380,3.231107840
3937,0,3.311722815,3.378890777
3938,0,3.231786494,3.337463606
3939,0,3.110915042,2.853639031
3940,0,2.869388435,3.717546453
3941,0,3.025993723,3.378240172
3942,0,3.274537860,4.128531790
3943,0,3.667234903,3.758735351
3944,0,3.122935672,2.560709935
3945,0,3.064784179,3.174071197
3946,0,3.163525038,2.728858728
3947,0,3.446010952,3.624997846
3948,0,3.501482124,2.657246834
3949,0,3.633342521,3.440722234
3950,0,3.258657676,2.832979771
3951,0,2.872186342,2.566096652
3952,0,2.351607941,1.661293434
3953,0,2.645548732,1.578948580
3954,0,2.942810151,1.923321839
3955,0,2.715714684,2.269603460
3956,0,2.300714743,2.299614191
3957,0,2.404357992,2.900601263
3958,0,2.311756631,2.253837121
3959,0,2.534226722,3.109285818
3960,0,3.492449425,4.020867658
3961,0,3.246743639,5.204090797
3962,0,3.506151583,5.945620683
3963,0,3.474667059,4.778007739
3964,0,3.481032048,4.909939104
3965,0,2.848008922,2.604761421
3966,0,2.279455164,2.147378457
3967,0,2.779138315,2.669689818
3968,0,2.699625116,1.843385085
3969,0,1.400411080,1.252420267
3970,0,0.587924183,0.446734476
3971,0,1.255509143,1.280246816
3972,0,1.690291592,2.255806584
3973,0,2.489119000,1.866177896
3974,0,2.666770719,2.675033127
3975,0,2.989383671,2.182135017
3976,0,2.587966689,2.832710896
3977,0,3.441571951,3.821440986
3978,0,2.975755908,2.805678964
3979,0,3.508483464,3.646713257
3980,0,2.807384085,3.290218785
3981,0,3.304980313,3.175716792
3982,0,3.198935328,1.764491327
3983,0,3.097908234,2.245953324
3984,0,3.356492676,3.317505228
3985,0,2.924894826,3.056522185
3986,0,2.537190707,1.974095334
3987,0,2.243103028,1.315014713
3988,0,1.894354867,1.343963044
3989,0,2.856826029,1.737525353
3990,0,2.525505589,1.835176155
3991,0,2.752427860,2.562237891
3992,0,2.410209731,3.433233013
3993,0,2.877469893,3.675996655
3994,0,2.879100469,2.730893430
3995,0,2.659583082,2.894666757
3996,0,2.595247892,3.401334638
3997,0,1.504133352,0.829851106
3998,0,2.133948379,1.860973573
3999,0,2.174672229,2.243442977
4000,0,1.820240329,1.811748453
4001,0,2.453936229,2.766549947
4002,0,2.078462283,2.594873690
4003,0,2.470148854,2.283004293
4004,0,2.498523821,1.519327919
4005,0,2.051274033,2.029335401
4006,0,2.217670737,1.351210336
4007,0,1.479470071,1.187775724
4008,0,1.414798414,1.255869648
4009,0,1.354558827,1.313147994
4010,0,1.303078768,1.023393940
4011,0,1.955567844,2.024838437
4012,0,2.506617164,1.581490298
4013,0,2.840837606,1.894836554
4014,0,2.589397698,2.251160626
4015,0,2.272294167,2.368209837
4016,0,2.417527833,1.721401464
4017,0,2.571829264,1.426335194
4018,0,1.595066580,1.532991978
4019,0,2.169413734,1.542884198
4020,0,2.146218278,1.764303161
4021,0,2.468135686,1.452968950
4022,0,2.615225014,1.794365901
4023,0,2.394714072,2.064104242
4024,0,2.467064364,3.281004071
4025,0,2.623259389,2.509513050
4026,0,1.617569958,1.522027820
4027,0,1.690186157,1.263488861
4028,0,2.026095753,1.438425165
4029,0,1.833121373,1.469136923
4030,0,-0.000000000,0.000000000
4031,0,1.584962501,1.333333333
4032,0,1.472830152,1.363636364
4033,0,1.933653710,2.000000000
4034,0,0.811278124,1.500000000
4035,0,1.376726496,1.076923077
4036,0,0.235193382,0.076923077
4037,0,1.080262627,1.742574257
4038,0,1.534869186,0.707889126
4039,0,1.537861458,1.171782445
4040,0,1.561738596,0.896324490
4041,0,1.893209155,1.322791912
4042,0,1.721611115,1.307453740
4043,0,2.011125776,1.886849041
4044,0,1.701409939,1.144080981
4045,0,1.357037833,0.875120009
4046,0,1.733484872,1.539129109
4047,0,1.665962964,1.839941636
4048,0,1.660491644,1.131812707
4049,0,1.816530491,1.668670348
4050,0,1.656922519,1.071458496
4051,0,1.638044992,0.963784648
4052,0,1.721848037,0.837196775
4053,0,1.729185462,0.851489725
4054,0,1.197780685,0.595728954
4055,0,0.319764921,0.266622427
4056,0,1.841471430,1.556267341
4057,0,1.854108740,2.476125903
4058,0,1.527255897,1.386332830
4059,0,1.553220681,1.555477600
4060,0,1.631558548,1.374545179
4061,0,1.746154101,1.044965309
4062,0,1.628231712,1.300666579
4063,0,1.590157184,1.233415869
4064,0,1.585490732,1.198805499
4065,0,2.016784489,2.074745797
4066,0,2.177327694,1.629908476
4067,0,2.241340871,1.315020579
4068,0,2.781998003,1.844345797
4069,0,2.640360126,1.746675849
4070,0,2.575485793,1.643282249
4071,0,2.417662115,2.091245402
4072,0,2.596499077,1.715613555
4073,0,2.682193502,2.134613734
4074,0,2.814994084,2.058352231
4075,0,2.606282529,2.652674839
4076,0,2.679106909,2.234356974
4077,0,2.647576297,1.822469888
4078,0,1.827805626,1.808046308
4079,0,2.010809181,2.554159024
4080,0,2.585668626,2.879917457
4081,0,2.606386122,2.309105550
4082,0,2.274946231,1.924864263
4083,0,2.485946751,1.631213249
4084,0,3.052740900,2.044889201
4085,0,1.521715366,1.503591932
4086,0,2.727387943,2.094483763
4087,0,2.646213543,2.561112740
4088,0,3.079566272,3.079582666
4089,0,3.022174226,2.169878222
4090,0,2.996373391,2.568316105
4091,0,2.659897052,3.519109959
4092,0,2.536839118,2.566043756
4093,0,2.446613282,1.840038832
4094,0,1.839380812,1.622383636
4095,0,1.750803464,1.570710764
4096,0,2.371520731,1.582273579
4097,0,1.929552914,1.766537978
4098,0,2.915919270,1.910067817
4099,0,2.784386438,1.915631155
4100,0,1.936322262,1.644652629
4101,0,2.325374947,2.441282526
4102,0,2.257699079,1.818587191
4103,0,1.796167161,2.575865736
4104,0,1.989653068,3.086716018
4105,0,2.763182905,2.724477345
4106,0,2.668184760,3.606184624
4107,0,1.934413283,3.549751636
4108,0,1.859367748,3.907219921
4109,0,2.854966707,3.114914568
4110,0,2.686327626,3.487217166
4111,0,2.486116190,2.281130282
4112,0,2.503662473,1.544682763
4113,0,2.322877946,1.622171909
4114,0,2.459290481,1.461994036
4115,0,2.445450091,1.628992860
4116,0,1.554687695,1.271583094
4117,0,2.288907023,2.177921881
4118,0,2.085344969,1.698570713
4119,0,2.382984077,1.500550551
4120,0,1.553243754,1.131574060
4121,0,2.578101384,1.688336149
4122,0,2.427959986,1.750542360
4123,0,2.425410222,2.351330756
4124,0,2.648972458,1.846228897
4125,0,2.613072764,2.062530124
4126,0,2.780870694,1.853299926
4127,0,2.047542878,1.871151116
4128,0,2.644523467,1.810886868
4129,0,1.535095085,1.269491517
4130,0,2.603565687,1.715191625
4131,0,2.743381315,1.744328350
4132,0,1.626876322,1.443013073
4133,0,2.179447877,1.451751565
4134,0,2.494779313,1.783022746
4135,0,2.908246087,2.530375746
4136,0,2.738235962,2.144356803
4137,0,2.812120738,2.069087549
4138,0,2.642725546,2.034961140
4139,0,2.758287242,2.075466791
4140,0,2.594229212,1.588599632
4141,0,2.669094802,1.814473967
4142,0,2.876563362,2.314886735
4143,0,1.159678090,1.529861249
4144,0,1.634802221,2.453191703
4145,0,2.679678498,1.974069326
4146,0,2.856252206,2.838247987
4147,0,3.203134824,2.526215337
4148,0,3.141187862,2.169025041
4149,0,3.260857211,2.566086966
4150,0,3.226015574,2.442535239
4151,0,2.387238574,2.558196000
4152,0,2.959555848,2.334435713
4153,0,2.800185014,2.123911868
4154,0,2.962383735,2.931156135
4155,0,2.103838243,2.953713156
4156,0,2.218850874,4.108534074
4157,0,2.396955583,4.441023519
4158,0,3.008905127,3.234323666
4159,0,2.769273936,1.749081924
4160,0,2.762539340,1.680001702
4161,0,3.128751120,2.232471699
4162,0,2.920249051,2.395498752
4163,0,3.084373888,2.028929694
4164,0,3.274659231,2.619673407
4165,0,2.961365273,2.021897213
4166,0,2.891659062,1.823403073
4167,0,2.772437904,2.227735702
4168,0,3.388512473,3.076678267
4169,0,2.994702286,3.633357593
4170,0,2.067844212,2.678785403
4171,0,2.367082522,2.151152438
4172,0,3.154712283,2.790533414
4173,0,3.113112527,4.026422255
4174,0,3.269249708,4.739350294
4175,0,2.825388168,7.046590688
4176,0,3.185100239,5.527515601
4177,0,3.138719456,5.208874420
4178,0,3.660681830,4.654914409
4179,0,3.335278674,4.531688029
4180,0,3.345715195,3.804540270
4181,0,3.019207232,1.987973218
4182,0,3.117878718,2.806005202
4183,0,3.019434619,2.887008730
4184,0,2.640779639,1.725298702
4185,0,0.662487957,0.603907471
4186,0,2.185167293,2.371239432
4187,0,2.283182709,2.315105177
4188,0,2.333542479,1.920469749
4189,0,2.716547966,2.211635802
4190,0,1.307489805,1.136546126
4191,0,2.085717623,2.035651559
4192,0,2.086072342,1.392528005
4193,0,2.292657660,1.666317248
4194,0,2.622625906,1.762100108
4195,0,2.791589975,1.589857468
4196,0,2.902788314,2.041917178
4197,0,2.691301731,2.297655280
4198,0,3.110178850,2.287256480
4199,0,2.908726068,2.264535562
4200,0,2.766417602,2.241590070
4201,0,3.126074350,2.501182033
4202,0,3.163849419,2.261183280
4203,0,2.970807932,2.289777297
4204,0,2.930242009,1.833866042
4205,0,3.028540432,2.005187209
4206,0,3.204879181,2.413329622
4207,0,1.678763037,2.292079536
4208,0,2.565898694,1.937383281
4209,0,2.807197364,1.963253594
4210,0,2.950284221,1.923476135
4211,0,2.934841763,1.995772512
4212,0,2.947648433,2.205540543
4213,0,1.643086485,1.326242852
4214,0,1.916954030,1.320998371
4215,0,1.280996751,2.014996070
4216,0,1.788451101,1.217914406
4217,0,2.135951496,1.192409142
4218,0,2.593225029,1.773182159
4219,0,2.201273735,1.446711936
4220,0,1.918231850,1.301018462
4221,0,2.209946509,2.057721339
4222,0,1.667563856,1.187174704
4223,0,1.978284570,2.023653131
4224,0,2.173984116,3.347783420
4225,0,2.449190515,3.642471237
4226,0,2.244048475,3.165196493
4227,0,2.230083819,1.689156019
4228,0,2.158943068,2.477200400
4229,0,2.177227856,3.438836480
4230,0,2.086121672,4.620016844
4231,0,2.517668248,3.418906329
4232,0,2.653222347,4.739895976
4233,0,2.985238867,4.883348066
4234,0,2.219261495,5.428359367
4235,0,2.764463916,3.986310152
4236,0,3.123635736,5.066242643
4237,0,3.276446928,5.788586483
4238,0,3.068010899,4.982792693
4239,0,3.038992681,6.107470513
4240,0,3.025258820,5.468120949
4241,0,3.109912420,6.261009054
4242,0,3.295728547,4.444108444
4243,0,3.227215521,3.503531937
4244,0,2.976877459,3.354014167
4245,0,3.389025672,4.788849914
4246,0,3.057896548,3.413080201
4247,0,2.949056894,5.799129543
4248,0,3.076195368,4.701773337
4249,0,3.046092727,3.920457257
4250,0,2.769971077,4.965344106
4251,0,3.097170522,5.517357318
4252,0,2.975211470,6.809766915
4253,0,3.061286769,7.374751309
4254,0,3.313459033,8.024366875
4255,0,3.626134252,7.227462063
4256,0,3.322879603,6.463826027
4257,0,3.481704491,5.083402059
4258,0,3.353294365,5.649304352
4259,0,3.248099201,6.677390847
4260,0,3.577967184,7.597714011
4261,0,3.627910277,6.641573671
4262,0,3.133287694,6.192225457
4263,0,2.838421639,3.837107452
4264,0,3.338090907,4.939054186
4265,0,3.099377796,4.306967601
4266,0,2.837353906,4.520892774
4267,0,2.062241651,2.371272840
4268,0,2.580248233,2.394029597
4269,0,3.037451848,2.519547321
4270,0,3.162377693,2.911170908
4271,0,2.897810278,2.409184084
4272,0,3.216182705,2.849104318
4273,0,2.926091314,2.536728350
4274,0,2.968425263,3.277233402
4275,0,2.642456148,2.663044550
4276,0,2.617152164,2.678332585
4277,0,2.379250546,2.144159383
4278,0,2.969359204,2.495722382
4279,0,2.663164554,2.602124553
4280,0,2.330788636,2.859350260
4281,0,2.242321055,2.245162686
4282,0,2.584491370,2.510892380
4283,0,2.550124226,2.033935823
4284,0,2.883897150,2.981683033
4285,0,2.469918896,2.142698625
4286,0,2.372828603,1.995187074
4287,0,2.032592741,1.965660564
4288,0,2.832002143,2.398381496
4289,0,1.997573725,2.303108075
4290,0,2.821696579,2.658064204
4291,0,2.790902919,3.109553653
4292,0,2.785481096,3.158047956
4293,0,2.135082890,3.622021006
4294,0,3.011570848,4.409055765
4295,0,2.555866867,4.447671579
4296,0,2.598762093,1.969422692
4297,0,2.745966643,2.190560221
4298,0,2.967531105,2.775786398
4299,0,2.722841765,2.323824381
4300,0,2.597398012,2.813927857
4301,0,2.698699759,2.495204371
4302,0,3.052170364,3.414851705
4303,0,2.481484929,1.961938146
4304,0,2.377080751,1.500359162
4305,0,2.299829608,1.773437713
4306,0,2.143458417,2.152085007
4307,0,1.652480761,1.572448981
4308,0,1.649752752,2.100687520
4309,0,2.362260409,1.778239048
4310,0,2.447642875,1.484339885
4311,0,2.353104328,1.882255423
4312,0,2.028442339,2.065630334
4313,0,1.816293948,1.195852407
4314,0,2.031204201,1.379188860
4315,0,1.601308023,1.180580136
4316,0,1.983783908,1.450961531
4317,0,1.749599950,1.168784871
4318,0,1.386467234,0.596796217
4319,0,1.738596377,1.503739302
4320,0,1.130652144,1.439939346
4321,0,1.991450862,1.529476553
4322,0,1.748093086,1.904155847
4323,0,2.325936168,1.514037198
4324,0,2.349012261,2.433324908
4325,0,1.480850421,1.517261251
4326,0,1.866935061,1.175080868
4327,0,2.078543703,2.358807554
4328,0,2.557453932,1.842701291
4329,0,2.490133908,1.919625447
4330,0,1.683283275,1.493933702
4331,0,2.719286391,1.879097616
4332,0,2.576601364,2.207418996
4333,0,2.805367571,2.068725376
4334,0,2.533176783,2.790302781
4335,0,2.186441192,2.916641543
4336,0,2.794383873,2.101848229
4337,0,2.519934738,2.279866066
4338,0,2.406736801,3.600162108
4339,0,2.226049210,2.569565205
4340,0,2.134670197,1.462191063
4341,0,1.914979544,1.218251810
4342,0,1.169165612,0.684289734
4343,0,1.718286337,1.346909018
4344,0,2.182471527,2.247393723
4345,0,2.344171415,1.698420698
4346,0,2.148017641,1.303691542
4347,0,1.932603297,1.320754420
4348,0,1.531413415,0.741158405
4349,0,1.727377594,1.284942563
4350,0,2.124739211,1.499840277
4351,0,1.751828662,1.329597115
4352,0,1.648092230,1.149877790
4353,0,2.078800662,1.597997081
4354,0,2.569729517,1.771715133
4355,0,2.365952697,1.874415029
4356,0,2.288212071,1.532991040
4357,0,1.671596465,1.519747935
4358,0,2.536016134,2.234567529
4359,0,2.290378038,1.438715917
4360,0,2.285326284,1.531567980
4361,0,2.253537528,2.094777857
4362,0,2.084820881,1.734684974
4363,0,2.299407284,1.528946265
4364,0,2.448608881,2.082952993
4365,0,2.654866849,1.931384472
4366,0,2.526555892,2.204024307
4367,0,2.617586976,1.789665552
4368,0,2.370570152,1.701596816
4369,0,2.328422036,2.566199085
4370,0,2.659383056,2.466317165
4371,0,2.538743116,1.924025762
4372,0,1.585586100,1.272268528
4373,0,2.143609736,2.000233383
4374,0,2.531032476,1.641577198
4375,0,2.410399390,1.449126423
4376,0,2.194647075,1.479902163
4377,0,2.157114378,1.286248439
4378,0,2.271962550,1.442195683
4379,0,2.125173689,1.575270821
4380,0,2.122547538,1.647171129
4381,0,1.853089618,1.614304885
4382,0,1.918429982,1.624508775
4383,0,2.374098221,1.846512337
4384,0,2.496037402,1.676773810
4385,0,2.995875522,2.414158614
4386,0,3.050049942,3.130036667
4387,0,3.105223640,2.475305996
4388,0,3.243207854,2.951483840
4389,0,1.987479141,2.122001120
4390,0,2.617051472,2.894287126
4391,0,2.456445118,2.388165997
4392,0,3.035251312,2.339177963
4393,0,2.141595447,2.174110858
4394,0,3.184001012,2.328274058
4395,0,2.837580887,2.145118531
4396,0,2.481319741,2.612997336
4397,0,2.496327329,3.131699574
4398,0,2.841707917,2.889912979
4399,0,3.135684596,2.905109224
4400,0,3.045723502,3.305492130
4401,0,3.056457910,3.458697914
4402,0,2.067798842,2.375686552
4403,0,2.119256927,3.003659519
4404,0,3.012431742,2.722737496
4405,0,2.952713289,3.343071292
4406,0,3.048181123,2.790630999
4407,0,3.196212391,2.851806929
4408,0,2.216459819,1.841520431
4409,0,2.345219943,1.685717493
4410,0,2.882807856,1.877000997
4411,0,3.052075883,2.172519556
4412,0,2.910443153,2.546587871
4413,0,2.809653914,1.882433997
4414,0,2.968763897,2.134292733
4415,0,2.928505648,2.033916417
4416,0,3.190362295,2.269695369
4417,0,2.836806865,2.291619682
4418,0,2.898536787,3.398640666
4419,0,2.863734802,3.732738586
4420,0,2.907316371,4.329629333
4421,0,1.917203012,2.781111393
4422,0,3.063431559,3.522183404
4423,0,2.771933526,3.937578091
4424,0,2.707712600,4.008052075
4425,0,2.720940174,3.072578174
4426,0,2.962355733,3.882459062
4427,0,2.599854606,3.466420938
4428,0,2.358780275,5.770608732
4429,0,2.617985158,5.728035531
4430,0,2.951026004,4.663434691
4431,0,3.100852011,5.254000344
4432,0,3.439518963,4.482079731
4433,0,1.106024574,0.744389420
4434,0,1.931745491,1.169708129
4435,0,2.824083272,2.073802504
4436,0,2.687475065,2.869348506
4437,0,2.628243423,2.323409624
4438,0,2.203096740,2.345429076
4439,0,2.772398192,2.151652763
4440,0,2.854246697,2.239844544
4441,0,2.979807086,2.627350827
4442,0,2.112166519,1.833740156
4443,0,2.943447196,2.245345629
4444,0,2.237755284,2.749998954
4445,0,2.994653970,2.681043169
4446,0,3.168010793,2.560354214
4447,0,3.440660610,2.810295699
4448,0,3.455863277,2.613127479
4449,0,2.121099230,1.932747227
4450,0,2.708544965,2.335334130
4451,0,2.516141955,2.647332205
4452,0,3.082908386,3.658402770
4453,0,2.194695970,2.416254829
4454,0,2.685498515,3.175587386
4455,0,2.810347064,3.888203920
4456,0,2.909287046,3.204449246
4457,0,3.231687366,2.854047180
4458,0,2.911416524,3.335780976
4459,0,3.008833167,4.419769165
4460,0,2.975681103,3.452088577
4461,0,2.658353662,2.622487727
4462,0,2.911673396,3.366229886
4463,0,3.023680701,2.565493992
4464,0,3.188689816,2.452221447
4465,0,3.488275272,2.383962435
4466,0,3.311164007,2.573062380
4467,0,2.929815899,2.864140568
4468,0,3.038456241,2.447060057
4469,0,3.304875102,2.519814143
4470,0,3.239595589,2.611471830
4471,0,3.566968694,2.759896277
4472,0,3.513817011,3.660299606
4473,0,3.295395606,3.289628639
4474,0,2.957936664,3.646114437
4475,0,2.632180425,2.923386958
4476,0,2.776627223,3.372293716
4477,0,3.340813475,3.303063140
4478,0,2.225314002,2.148374634
4479,0,2.717996582,2.424023754
4480,0,2.653321590,2.028841726
4481,0,3.368340509,2.562803809
4482,0,3.078897359,2.518049279
4483,0,3.511939312,2.455669308
4484,0,1.649955328,1.463899735
4485,0,2.264995164,2.195103470
4486,0,3.028449766,2.776880562
4487,0,2.706869717,3.568409485
4488,0,2.503373947,3.397905847
4489,0,2.612445501,5.452124425
4490,0,3.266650409,6.640134663
4491,0,2.940609800,8.853223678
4492,0,2.797352558,9.579316077
4493,0,2.781542331,4.810517252
4494,0,3.550614044,4.213401003
4495,0,2.843331377,3.326582935
4496,0,3.181166606,2.789127299
4497,0,2.418816156,2.105513435
4498,0,2.926508436,1.896348496
4499,0,1.884026125,1.163454081
4500,0,2.295366419,1.211692072
4501,0,2.403811040,1.497535736
4502,0,3.021949890,2.417485129
4503,0,3.582847007,3.830945619
4504,0,2.895084237,1.933173180
4505,0,1.825770838,1.107026244
4506,0,2.749507884,2.571525608
4507,0,2.838396397,3.108278400
4508,0,2.397795269,1.803026401
4509,0,2.280972124,1.315681624
4510,0,2.445646693,1.853414646
4511,0,2.945602960,2.015641357
4512,0,2.567376232,1.763559476
4513,0,2.714911710,1.694877003
4514,0,2.862756525,1.599644901
4515,0,2.847030750,2.068875421
4516,0,3.091242438,1.877661444
4517,0,3.043137487,1.888978023
4518,0,3.238074745,1.879196271
4519,0,2.820502076,1.544510781
4520,0,3.178501192,1.976426771
4521,0,3.018670926,2.087769122
4522,0,2.890591619,1.725125371
4523,0,1.783320622,1.159535561
4524,0,1.928039388,1.693997548
4525,0,2.793242386,1.439995331
4526,0,3.084390675,1.935621194
4527,0,3.071733435,1.952212081
4528,0,3.013728452,1.771529466
4529,0,2.396276654,1.033288205
4530,0,2.577314366,2.060161870
4531,0,2.322001696,1.139859165
4532,0,2.174606150,1.002260689
4533,0,2.193348126,1.010001001
4534,0,2.846996358,1.668871304
4535,0,2.499035086,1.914592499
4536,0,1.721771300,1.623141192
4537,0,2.530207374,1.660805417
4538,0,3.358574895,2.812709511
4539,0,3.345873478,3.368297870
4540,0,2.360066269,3.618999263
4541,0,2.295665083,2.862807813
4542,0,2.433086470,3.561584451
4543,0,2.670540160,2.638016189
4544,0,3.171755914,2.502869879
4545,0,1.470718575,1.482003151
4546,0,2.567889556,2.620836147
4547,0,2.625549298,1.823107538
4548,0,2.881106605,1.919199470
4549,0,2.763990466,2.257627460
4550,0,2.729265064,3.817767528
4551,0,3.009112335,2.943662864
4552,0,2.929577979,1.828097856
4553,0,2.467627418,1.326005976
4554,0,2.467374084,1.819171938
4555,0,3.001837698,2.201619461
4556,0,3.112551211,3.051402512
4557,0,2.713887416,2.175694985
4558,0,2.517977184,2.494820770
4559,0,3.126210733,2.756622019
4560,0,3.030751857,1.900200682
4561,0,3.074729735,2.059001857
4562,0,2.995957122,2.333117355
4563,0,3.156058207,3.105519067
4564,0,3.033345136,3.367053030
4565,0,3.115045708,2.752524468
4566,0,3.008443289,2.158313567
4567,0,2.157623954,1.530673797
4568,0,2.376431356,1.997823275
4569,0,2.698026284,2.940342688
4570,0,2.702979423,2.046666032
4571,0,2.634721814,1.746347361
4572,0,2.413832820,1.920699930
4573,0,2.565255182,2.733648181
4574,0,2.580062573,2.344831628
4575,0,2.543604117,3.746897796
4576,0,2.537710973,2.654956904
4577,0,2.915198828,3.631361266
4578,0,2.758404510,3.860925687
4579,0,2.668421919,3.271784360
4580,0,1.935303528,3.524790668
4581,0,2.509663154,2.943454110
4582,0,2.596568288,3.561368325
4583,0,2.920653335,2.850491474
4584,0,2.715589087,2.798364852
4585,0,2.394328085,1.684035423
4586,0,2.385984430,2.139470455
4587,0,2.276254379,1.619829638
4588,0,3.010543443,2.177451537
4589,0,2.889050086,2.024392814
4590,0,2.726046077,2.325677986
4591,0,3.122642987,2.213199655
4592,0,2.196202935,2.417431579
4593,0,2.412758297,4.057696816
4594,0,2.473458267,2.499911437
4595,0,1.002963037,1.409011260
4596,0,1.000000000,1.000000000
4597,0,1.918295834,1.333333333
4598,0,2.107263531,1.705882353
4599,0,2.623558235,2.323529412
4600,0,2.815787078,3.001233553
4601,0,2.787461067,2.689577193
4602,0,2.335005867,2.358774205
4603,0,2.064628343,2.841663797
4604,0,2.588090863,2.109756197
4605,0,2.658960251,1.840862961
4606,0,2.377814249,1.433097672
4607,0,2.384305534,2.369340666
4608,0,2.394913495,1.407626406
4609,0,2.771247179,2.289701464
4610,0,2.886190820,2.723626649
4611,0,3.080834353,3.955412452
4612,0,2.687744061,2.314071836
4613,0,2.789362891,2.624259198
4614,0,2.819316914,3.711590773
4615,0,2.806190532,3.476248033
4616,0,2.908161135,3.879528617
4617,0,2.622322586,4.324811008
4618,0,3.247708405,4.103569808
4619,0,2.476748559,2.245520551
4620,0,2.574057557,2.599486252
4621,0,2.434345769,2.319341115
4622,0,2.724551012,2.124469261
4623,0,2.080838742,1.775104616
4624,0,2.660429466,2.770421413
4625,0,2.361058935,1.963078523
4626,0,2.515380961,1.631551782
4627,0,2.765759989,2.286571803
4628,0,2.305142428,1.319816981
4629,0,2.797009466,1.982646074
4630,0,2.973208616,2.869933278
4631,0,2.844838021,2.277280392
4632,0,2.725586893,2.353755386
4633,0,3.159649965,1.963117719
4634,0,1.958624249,1.532371404
4635,0,2.298002473,2.445137798
4636,0,1.961608383,1.484879594
4637,0,1.833883506,1.786076784
4638,0,2.376888214,1.067576739
4639,0,2.932029859,1.834215150
4640,0,3.283093750,2.396567192
4641,0,3.126172018,3.428661176
4642,0,3.442835535,4.245401874
4643,0,2.781016696,4.880706489
4644,0,3.565706621,4.639342562
4645,0,3.569329200,4.889492085
4646,0,3.771544563,5.565308897
4647,0,3.111946462,3.104590699
4648,0,3.318812274,3.268381803
4649,0,3.928994163,6.175730299
4650,0,3.747485604,5.947491621
4651,0,3.622117776,4.460581042
4652,0,3.264866421,3.904224116
4653,0,3.342514867,5.760248112
4654,0,2.137763807,2.101101380
4655,0,2.694508801,1.805428938
4656,0,2.362129033,1.696793064
4657,0,2.571851675,2.596740772
4658,0,3.016932614,2.138483153
4659,0,3.188024511,2.277798701
4660,0,2.674799586,2.665559571
4661,0,3.069247776,3.935239640
4662,0,2.979843055,3.373787862
4663,0,1.768747291,1.868533598
4664,0,2.721828181,1.461689723
4665,0,3.225973284,2.153784898
4666,0,1.975951555,1.495170360
4667,0,1.786162062,1.050587119
4668,0,1.950175801,1.536492080
4669,0,2.840119762,1.472243644
4670,0,2.767079131,1.781206399
4671,0,2.573825378,2.507169936
4672,0,2.885714173,3.474209133
4673,0,2.802986740,2.422009299
4674,0,1.838860252,1.472751113
4675,0,2.810280844,2.074885576
4676,0,2.855630492,2.902836649
4677,0,2.887854390,2.407612102
4678,0,2.873028715,3.293896825
4679,0,2.677108256,2.249412316
4680,0,3.250321183,2.337216449
4681,0,3.295403039,2.458492013
4682,0,3.470860075,2.542499290
4683,0,3.611014746,2.648744054
4684,0,3.263851882,2.547617211
4685,0,3.199701054,3.599872365
4686,0,3.299044169,4.057588648
4687,0,3.150351223,3.978863692
4688,0,2.308577604,3.338079842
4689,0,2.873054107,6.048657205
4690,0,3.231113228,7.262629119
4691,0,2.701695438,4.436845107
4692,0,3.167969974,4.333430306
4693,0,3.409409634,3.469791922
4694,0,3.179183139,4.362026410
4695,0,3.140792238,3.541206591
4696,0,3.196891245,2.805004840
4697,0,3.070388673,2.274350968
4698,0,3.008353698,2.660064166
4699,0,3.384590824,2.876303986
4700,0,3.352678141,3.490975749
4701,0,3.384905811,2.950654681
4702,0,2.960260019,3.040255333
4703,0,2.723110675,3.148198908
4704,0,2.624546605,2.411758388
4705,0,1.315987001,1.266551574
4706,0,2.027585019,2.148109116
4707,0,2.716737783,3.019383127
4708,0,2.299752348,2.491373428
4709,0,2.957792696,2.244244293
4710,0,2.998721042,2.618826171
4711,0,3.180372397,2.983185051
4712,0,3.064140770,3.403857866
4713,0,3.319216553,3.423921360
4714,0,3.343773598,3.413552150
4715,0,3.641632953,3.851203701
4716,0,2.935792948,3.743516385
4717,0,2.886171180,2.444247269
4718,0,2.971589441,2.577685603
4719,0,3.369336097,3.228640023
4720,0,3.232812623,4.031712528
4721,0,3.634044159,3.539951641
4722,0,3.257294306,3.346337502
4723,0,3.368015656,3.339438101
4724,0,3.188147561,2.668612681
4725,0,2.752544638,3.177376343
4726,0,3.035169642,6.403722867
4727,0,2.646500600,2.620181618
4728,0,2.620744991,2.219502312
4729,0,3.283945602,2.793693287
4730,0,2.915653014,3.257417482
4731,0,2.970441201,3.858381528
4732,0,3.227512042,3.240866124
4733,0,3.032568283,3.443728599
4734,0,2.890231290,3.245516582
4735,0,3.072424879,3.021335268
4736,0,2.505335679,1.586987390
4737,0,3.064040976,2.211852149
4738,0,2.593247603,1.919658611
4739,0,2.302703830,1.683565960
4740,0,2.373981517,1.846157867
4741,0,2.194722218,1.470205305
4742,0,2.254543370,1.136514083
4743,0,2.652325448,1.804257921
4744,0,2.759219411,2.375233189
4745,0,2.424493022,1.793234998
4746,0,2.298116767,2.436477564
4747,0,2.430090535,2.543370280
4748,0,2.106348436,2.273138720
4749,0,2.208532828,1.477413066
4750,0,1.686922846,1.915606251
4751,0,2.344377943,1.607331004
4752,0,1.316975049,1.324923800
4753,0,2.201207325,1.880443659
4754,0,2.196215934,2.439656528
4755,0,2.311479425,1.602002365
4756,0,2.166938555,1.464743329
4757,0,2.630638244,2.253554581
4758,0,3.159567858,3.110592231
4759,0,3.261610989,2.515535238
4760,0,3.330961522,3.167151444
4761,0,3.317817496,2.604428649
4762,0,3.011994486,2.509545556
4763,0,3.419537618,3.171841888
4764,0,3.333004085,3.202378817
4765,0,3.375944140,2.466159307
4766,0,1.464293943,1.381368020
4767,0,2.249947721,1.371896898
4768,0,2.854924319,2.700149104
4769,0,2.800182312,2.120286786
4770,0,2.593905818,2.362873522
4771,0,2.542145947,2.067325973
4772,0,0.745806784,1.757239492
4773,0,1.638775974,2.032258087
4774,0,1.725804754,1.139857626
4775,0,2.563941358,1.526893686
4776,0,2.225195531,1.120087965
4777,0,2.185585792,1.708334799
4778,0,2.721849205,2.271555547
4779,0,2.826237062,2.034119255
4780,0,2.967822618,2.339932201
4781,0,2.818006702,1.805261214
4782,0,2.957524439,2.293116822
4783,0,1.512138705,1.029394421
4784,0,2.263403855,1.363497467
4785,0,2.716917189,1.430049045
4786,0,2.541174600,1.188296833
4787,0,2.127276436,1.461431572
4788,0,1.916435151,1.485845234
4789,0,1.792107168,1.407401202
4790,0,2.360647256,1.813949460
4791,0,2.626328993,1.671054743
4792,0,2.624769126,2.049735174
4793,0,2.936126060,1.747921536
4794,0,2.918328475,1.677950090
4795,0,2.577380861,1.526838413
4796,0,1.945393158,1.379878294
4797,0,2.741697771,2.680461092
4798,0,2.937385684,2.239229067
4799,0,2.953326067,1.859227159
4800,0,2.486140122,2.297325537
4801,0,2.788389662,3.245350349
4802,0,2.452221437,3.804661498
4803,0,2.510464293,3.240947499
4804,0,2.709048758,4.285777310
4805,0,2.932245597,3.493925382
4806,0,2.700377363,4.455481250
4807,0,2.736376345,3.863136399
4808,0,2.920467311,2.635387435
4809,0,2.921395892,3.301832362
4810,0,2.875788171,3.085531184
4811,0,3.539262264,3.902777898
4812,0,2.972100273,2.229047296
4813,0,2.799346604,2.901776912
4814,0,3.526582865,3.105594520
4815,0,3.550119061,2.610251158
4816,0,3.779765791,2.862382727
4817,0,0.992134492,0.895673211
4818,0,1.878832428,1.588921899
4819,0,1.772854795,1.788687707
4820,0,1.594349153,1.882670941
4821,0,2.797175237,2.523519872
4822,0,2.591291993,2.190032184
4823,0,3.117771710,1.768991271
4824,0,3.393636985,2.056343514
4825,0,3.412198564,2.013180066
4826,0,3.516669515,2.121722214
4827,0,3.577195643,2.809330779
4828,0,3.220811036,2.540255498
4829,0,1.951784072,1.154230149
4830,0,1.855824036,1.386491216
4831,0,1.950087566,1.161653941
4832,0,2.554706104,1.767389820
4833,0,2.300757719,1.201976629
4834,0,2.496098641,1.511361775
4835,0,1.716742829,1.180348907
4836,0,2.633429084,1.439036134
4837,0,1.963142705,1.555039165
4838,0,2.270728693,1.158555309
4839,0,1.499676128,1.266046085
4840,0,1.499311132,1.956304007
4841,0,2.641376152,3.043278673
4842,0,2.415683230,2.147651261
4843,0,2.482841927,2.861900065
4844,0,2.496483428,2.622200858
4845,0,2.593819557,2.728577310
4846,0,2.550443480,2.002110295
4847,0,2.877288663,2.035821327
4848,0,2.873450192,1.763139366
4849,0,2.809697533,1.941786620
4850,0,2.631798049,2.339279674
4851,0,2.716137211,2.124424641
4852,0,2.585930317,1.757492395
4853,0,2.546992982,2.080702166
4854,0,3.101312826,2.327408361
4855,0,2.952307801,1.997878029
4856,0,2.944939925,2.407204355
4857,0,3.306226112,2.403331647
4858,0,3.348875912,2.609379154
4859,0,3.197726497,2.501769337
4860,0,3.286758634,2.710943586
4861,0,3.134311261,3.181024349
4862,0,3.512391126,2.743875182
4863,0,3.218741943,2.352098907
4864,0,3.327546737,2.708783375
4865,0,3.148174806,2.447424852
4866,0,3.573038865,2.767336725
4867,0,3.136812322,2.183739074
4868,0,2.672070623,1.398902784
4869,0,2.816108302,1.834500644
4870,0,3.237197798,2.411902002
4871,0,1.756041312,1.754300051
4872,0,2.897421311,2.914128261
4873,0,2.584059990,1.521981580
4874,0,1.555217253,1.178135930
4875,0,2.250068355,1.821339072
4876,0,2.945224982,1.914853136
4877,0,2.361222060,1.350958832
4878,0,3.039296585,1.670891295
4879,0,3.038514717,2.161712682
4880,0,3.252003760,2.880698788
4881,0,3.410489528,2.427340437
4882,0,3.103254161,2.511514511
4883,0,2.604596174,2.648924700
4884,0,3.249767876,2.608941664
4885,0,2.189264124,2.340818800
4886,0,2.759797605,2.760382364
4887,0,3.012385511,2.579793188
4888,0,2.872972239,2.962832890
4889,0,2.326314056,3.043226040
4890,0,1.944211459,2.547241776
4891,0,1.874428078,2.161304894
4892,0,2.087674414,1.251887555
4893,0,1.864731504,1.337321178
4894,0,2.028696399,1.192145191
4895,0,2.573200668,1.485333452
4896,0,3.266477213,3.173553631
4897,0,2.815974857,3.576664008
4898,0,3.223730390,3.797268821
4899,0,3.108572535,2.081784312
4900,0,2.288625029,1.441509862
4901,0,3.006895434,2.228560958
4902,0,2.799334160,1.621737507
4903,0,2.763315348,2.020192365
4904,0,3.118395941,1.966936324
4905,0,1.205949685,1.018198154
4906,0,2.372739203,2.075151215
4907,0,2.642647527,1.539338586
4908,0,3.338747641,2.305539232
4909,0,3.372043460,2.173847407
4910,0,3.128949846,2.672463721
4911,0,2.691261467,3.746326079
4912,0,2.170091996,2.598078531
4913,0,2.702007664,3.281947802
4914,0,2.922067615,2.816282795
4915,0,2.646317914,1.546981790
4916,0,2.982712018,2.347555489
4917,0,3.339328508,2.019471155
4918,0,3.399244912,2.350000842
4919,0,2.731243421,1.491773422
4920,0,3.060185364,2.404009284
4921,0,2.334205479,1.423129709
4922,0,1.941680781,1.422788390
4923,0,2.129155263,1.265750635
4924,0,2.382382646,1.984658153
4925,0,2.167265844,1.228642342
4926,0,2.016697600,1.482338173
4927,0,2.075230710,1.770699466
4928,0,2.028903319,1.425199224
4929,0,2.249473472,1.736018884
4930,0,2.261721064,1.056071911
4931,0,2.573753239,1.788152343
4932,0,1.633010052,1.144718280
4933,0,2.412195946,1.802582378
4934,0,2.528362206,2.258623086
4935,0,2.831137436,3.048796713
4936,0,2.656070198,2.831291712
4937,0,2.265191102,2.585941055
4938,0,2.816542482,2.802180433
4939,0,2.929397216,2.929598781
4940,0,2.713879858,2.724813745
4941,0,2.587561592,2.196358930
4942,0,2.851326052,1.850739371
4943,0,2.607346486,1.577036122
4944,0,2.057595282,1.917125716
4945,0,1.917477997,2.600843495
4946,0,2.789967176,2.237578845
4947,0,2.675430682,2.292933991
4948,0,2.559140804,1.988517173
4949,0,2.447485091,2.004965086
4950,0,2.288958374,1.356032084
4951,0,2.423308716,1.211651053
4952,0,2.490962551,1.532911539
4953,0,2.856127092,1.782838858
4954,0,2.619132140,1.692570080
4955,0,2.534307032,3.016454749
4956,0,2.214270302,2.237110649
4957,0,2.765791636,3.040765250
4958,0,2.636069327,2.401105245
4959,0,2.491774919,1.464674357
4960,0,2.121769131,1.370911485
4961,0,2.759765496,1.963271605
4962,0,2.812262143,2.494468031
4963,0,2.796451879,2.270984315
4964,0,2.558089516,1.755985926
4965,0,1.938597807,1.999351383
4966,0,1.850379126,1.544191604
4967,0,1.877130142,2.002045622
4968,0,2.937373060,2.956379349
4969,0,2.836519713,3.600504750
4970,0,2.958310012,2.881817179
4971,0,2.796064060,3.752780471
4972,0,2.713885698,2.884420368
4973,0,2.874257409,2.465049652
4974,0,2.560574553,2.053813876
4975,0,2.629640350,2.363485750
4976,0,2.821650387,2.158274584
4977,0,2.770130829,2.017756042
4978,0,2.490869279,1.662084445
4979,0,2.119077201,1.776698439
4980,0,2.510669531,2.319638297
4981,0,2.982318822,3.045358236
4982,0,2.815544151,3.193651347
4983,0,2.896180049,2.760054164
4984,0,2.934035438,2.359133442
4985,0,2.973643326,2.169092290
4986,0,2.967681137,2.408443128
4987,0,3.002635160,2.952902600
4988,0,2.236587240,2.464193909
4989,0,3.166812019,3.116771224
4990,0,2.883158675,3.361846824
4991,0,2.992955972,3.045332305
4992,0,3.013697104,2.301257357
4993,0,3.218282101,2.213208135
4994,0,2.947103988,2.306211407
4995,0,3.093367173,2.387478273
4996,0,2.957890426,2.578728140
4997,0,3.060249318,2.372395262
4998,0,3.115042111,2.556185199
4999,0,3.651831430,2.980473716
5000,0,2.603619788,2.652959898
5001,0,2.979148110,2.293132073
5002,0,3.358280339,2.997883112
5003,0,3.081670229,3.132836589
5004,0,3.343201609,2.709138597
5005,0,3.057645941,2.281330073
5006,0,3.092503970,2.386267071
5007,0,3.074622936,3.162645771
5008,0,3.203367723,3.543246740
5009,0,3.020786940,2.238493206
5010,0,3.375120310,2.623415989
5011,0,3.015141677,2.373071665
5012,0,3.210866532,2.089825521
5013,0,3.131770977,2.400524161
5014,0,3.186513314,2.474159268
5015,0,2.976661693,2.903136689
5016,0,2.493458091,2.211015045
5017,0,3.206212828,3.286201726
5018,0,2.392973875,2.945602994
5019,0,2.242892341,1.775373873
5020,0,1.832035820,1.680450873
5021,0,2.333941863,1.716136335
5022,0,1.685463327,1.322104917
5023,0,1.946444240,1.242686283
5024,0,2.412436965,1.891165287
5025,0,2.654250316,2.215725614
5026,0,2.727597492,1.420512493
5027,0,2.512187550,1.673643799
5028,0,2.898789724,2.099526555
5029,0,2.750494411,1.866476833
5030,0,2.631404060,2.348463168
5031,0,2.829454958,3.189517364
5032,0,2.629334344,3.771950807
5033,0,2.564752411,2.595292640
5034,0,2.983387899,3.398831123
5035,0,2.702555099,2.667736088
5036,0,2.587255722,1.713084457
5037,0,1.942650648,1.392275202
5038,0,2.387675741,1.781742038
5039,0,2.414432533,2.206639896
5040,0,2.307285290,2.860470724
5041,0,1.911018238,2.282577065
5042,0,2.500307806,3.011989417
5043,0,1.960453101,3.400325916
5044,0,1.962740226,2.533429799
5045,0,1.990692742,3.087007073
5046,0,2.577853280,2.288110505
5047,0,2.704875032,2.693989022
5048,0,2.545524198,2.208234961
5049,0,1.094975809,0.706070023
5050,0,1.933812034,1.253159560
5051,0,2.204365118,1.342079661
5052,0,2.523066545,1.669149537
5053,0,1.208756013,0.810749736
5054,0,1.109603626,0.705700197
5055,0,2.031404792,1.741761158
5056,0,2.695339122,2.804765083
5057,0,2.473990983,2.175614432
5058,0,2.795447311,2.031711590
5059,0,2.660405624,2.972910787
5060,0,2.754322623,3.708445861
5061,0,2.395817463,2.274019305
5062,0,2.847544555,1.992281484
5063,0,2.998179292,2.200867879
5064,0,2.822296164,1.677259239
5065,0,2.617494809,1.924434397
5066,0,2.601207382,2.151036019
5067,0,2.716793592,1.993699696
5068,0,2.666522110,2.365983479
5069,0,2.250322888,1.107581594
5070,0,2.469543380,1.859292739
5071,0,2.411655193,1.272250817
5072,0,2.626359917,1.667764346
5073,0,2.567070924,1.418030511
5074,0,2.749426431,2.157798958
5075,0,3.048430604,2.983018310
5076,0,3.401786989,3.949056708
5077,0,2.928042133,3.756824808
5078,0,3.224635239,3.694834090
5079,0,3.493558532,4.234055713
5080,0,3.628385404,3.821534416
5081,0,2.537393920,2.013935354
5082,0,2.556436808,2.662060728
5083,0,2.591408884,1.969116412
5084,0,2.653550612,2.160484514
5085,0,2.658338211,1.936290667
5086,0,2.896779633,1.691257130
5087,0,3.124503423,2.305490722
5088,0,2.542815720,1.772896545
5089,0,2.372491211,1.220099121
5090,0,2.378278398,1.084556759
5091,0,2.149379093,1.405430883
5092,0,2.501309161,1.594735063
5093,0,2.396329314,1.223636365
5094,0,2.833013857,1.832495391
5095,0,3.029968764,2.474884738
5096,0,3.480550424,3.870306490
5097,0,3.524768099,3.829174461
5098,0,3.110871885,1.781542845
5099,0,3.190533051,2.468001169
5100,0,3.041815430,3.213582005
5101,0,3.153225112,2.786520541
5102,0,3.073836495,3.885924870
5103,0,1.194823713,1.397250065
5104,0,2.413915304,1.547223958
5105,0,2.676428138,1.893796119
5106,0,2.848772049,1.700186069
5107,0,2.535303771,2.570887763
5108,0,2.628193983,2.338837689
5109,0,2.941350498,2.361721002
5110,0,2.898508536,3.456328622
5111,0,3.368069800,3.770786090
5112,0,3.157617174,4.488889686
5113,0,2.923430448,2.936178234
5114,0,2.265660791,2.516358838
5115,0,2.449036159,3.096026406
5116,0,2.522188111,4.099452462
5117,0,3.414598955,3.440515647
5118,0,3.495931189,4.125965403
5119,0,3.550425026,3.565001088
5120,0,3.350952853,3.021512019
5121,0,3.076231109,3.421159587
5122,0,2.235600575,2.606677823
5123,0,2.393329088,3.600706266
5124,0,3.022853633,4.502687059
5125,0,3.036002501,3.606633407
5126,0,3.271573020,3.082840893
5127,0,3.346093408,2.829954190
5128,0,3.302051351,3.510520345
5129,0,3.083960317,2.372680161
5130,0,2.743709095,1.810052220
5131,0,2.495615180,2.041959338
5132,0,2.552364907,1.883542144
5133,0,2.800876542,1.903446861
5134,0,2.812204408,1.623464757
5135,0,2.772839543,2.001329329
5136,0,2.760630275,1.760280880
5137,0,2.641389846,1.982899986
5138,0,2.806991064,2.006887589
5139,0,2.867483799,2.143521147
5140,0,2.684446619,2.721404403
5141,0,2.682653215,2.725008657
5142,0,1.907742245,1.551990168
5143,0,2.101956886,1.197761406
5144,0,2.597237445,1.893417491
5145,0,2.507362445,2.161873638
5146,0,2.013551865,2.255509126
5147,0,2.692236979,2.005637029
5148,0,2.210479360,2.339541298
5149,0,2.844363819,2.003531869
5150,0,2.679438957,2.481942806
5151,0,2.897756567,1.987936387
5152,0,2.443713254,1.525327712
5153,0,2.899811026,1.728067099
5154,0,2.741564510,1.704658948
5155,0,2.717332199,1.732733967
5156,0,1.590732726,1.268194379
5157,0,2.249880066,1.321083669
5158,0,2.411263937,1.454622362
5159,0,1.852845554,1.401555281
5160,0,1.764487242,2.164925052
5161,0,1.520244846,1.717084072
5162,0,2.146378324,1.577666279
5163,0,1.815045034,0.930645636
5164,0,2.372679531,1.277916270
5165,0,2.476131309,1.552373112
5166,0,2.850007689,1.945971029
5167,0,2.864842653,2.418436418
5168,0,2.457891733,3.839908022
5169,0,2.758595295,2.443376891
5170,0,2.209935861,1.637060074
5171,0,1.947900253,0.994177415
5172,0,1.475066419,1.119225922
5173,0,1.499575848,1.965710522
5174,0,2.101810016,2.874435272
5175,0,2.475231608,3.789168735
5176,0,2.985160034,3.149122088
5177,0,2.319451648,1.451628522
5178,0,2.523418328,2.301382313
5179,0,3.036238069,1.817493203
5180,0,2.038289945,1.872629887
5181,0,2.692454414,1.760456157
5182,0,2.660074828,2.326582320
5183,0,2.444139757,3.136810210
5184,0,2.768103731,2.728928465
5185,0,1.945206019,1.739089733
5186,0,2.563514399,2.172221913
5187,0,2.886897271,2.034577434
5188,0,1.853631787,1.538899766
5189,0,1.157027285,0.791689495
5190,0,2.263332928,1.474410884
5191,0,2.203022065,1.514305806
5192,0,2.369959237,1.461928844
5193,0,3.132367519,2.146703551
5194,0,3.022813360,2.061570313
5195,0,3.108197729,2.405637767
5196,0,2.721954330,2.885628147
5197,0,3.025190046,3.532706038
5198,0,3.041230849,3.223839707
5199,0,2.941159720,3.129391007
5200,0,2.428069373,2.270976403
5201,0,2.428358655,1.748833954
5202,0,2.852164568,2.417071576
5203,0,2.935612237,2.242432538
5204,0,2.829809204,2.065912153
5205,0,2.377549662,1.439378330
5206,0,2.498579860,1.780666849
5207,0,2.719865762,1.830981123
5208,0,2.930052458,1.893878654
5209,0,2.178956958,1.307788455
5210,0,1.981554097,1.236113389
5211,0,1.577347227,1.432863535
5212,0,2.189920816,1.988708483
5213,0,2.306646337,1.533812960
5214,0,2.588352116,1.724413058
5215,0,2.604599218,1.479670734
5216,0,0.999604695,0.976591462
5217,0,1.874281300,1.294355525
5218,0,1.889844325,1.255628258
5219,0,2.815091314,1.837494660
5220,0,3.055095180,2.268918641
5221,0,3.129365893,2.403557350
5222,0,0.959458689,0.764047172
5223,0,1.795981291,1.240566627
5224,0,2.366325282,2.325476907
5225,0,2.171442355,3.253303614
5226,0,1.750326279,2.112788637
5227,0,2.678764547,1.960316375
5228,0,1.622528109,1.704183251
5229,0,1.045631908,1.024357517
5230,0,1.781906288,1.078629410
5231,0,2.000292714,1.294717990
5232,0,2.184330086,1.247919050
5233,0,2.177965117,1.557774994
5234,0,2.337844200,1.826640468
5235,0,2.152943218,1.729480013
5236,0,1.919970637,1.251392071
5237,0,1.755448537,1.220905636
5238,0,0.657091834,0.312883768
5239,0,1.457911682,1.771962672
5240,0,1.648751478,1.105749603
5241,0,2.477917269,1.815266167
5242,0,2.684324371,2.295843432
5243,0,0.873654375,0.587718379
5244,0,1.717545583,1.076923077
5245,0,1.803088564,1.314871338
5246,0,1.911038913,2.140074774
5247,0,1.369466330,1.040748263
5248,0,1.903812893,1.284153527
5249,0,2.171707483,1.510689950
5250,0,2.342404852,2.152839432
5251,0,2.482611330,1.473467655
5252,0,2.306217119,1.747415325
5253,0,2.244131171,2.866305643
5254,0,1.986432787,1.477118021
5255,0,1.427123026,0.798628079
5256,0,2.713763927,1.965504651
5257,0,2.971024516,2.288282082
5258,0,2.822771903,2.724819172
5259,0,2.462909992,1.867243983
5260,0,3.046098756,2.022600843
5261,0,3.002361174,3.095752636
5262,0,3.350753916,2.502950343
5263,0,3.356671102,2.546208176
5264,0,3.339780439,2.636936905
5265,0,3.430886231,3.067724212
5266,0,3.289424820,2.823024895
5267,0,3.299143863,2.168528667
5268,0,2.811195283,1.573821920
5269,0,2.896862027,2.046880341
5270,0,2.855896920,2.433024817
5271,0,2.806872545,3.790938758
5272,0,2.508895311,2.663256272
5273,0,3.238543306,2.836540846
5274,0,1.769317102,1.785892633
5275,0,2.119734019,1.094230349
5276,0,2.249729847,1.471216197
5277,0,2.622030301,2.106638492
5278,0,0.849254995,0.483162577
5279,0,1.327663864,0.634087642
5280,0,1.181661777,1.154429921
5281,0,1.566318195,2.060215442
5282,0,1.975388142,1.570506530
5283,0,1.674037177,1.424809708
5284,0,2.310636640,1.416931642
5285,0,2.665648367,1.648062118
5286,0,2.365877706,2.202129101
5287,0,2.353598071,1.481341847
5288,0,2.366702705,1.952512378
5289,0,2.146534883,1.856667116
5290,0,2.018484209,1.093942622
5291,0,2.369481766,1.439991937
5292,0,2.149414731,1.366790377
5293,0,1.526599649,1.122402202
5294,0,1.894548107,1.398580718
5295,0,2.632223097,1.510684257
5296,0,2.486634549,1.355976360
5297,0,2.120582064,1.884260923
5298,0,2.937473802,2.799942807
5299,0,2.571864437,1.389861671
5300,0,0.839541078,0.537328079
5301,0,2.419770539,1.902996059
5302,0,1.906995507,1.233148157
5303,0,2.228382218,1.644893572
5304,0,2.124326579,1.903591391
5305,0,2.979746045,2.900000392
5306,0,2.908175005,2.890846413
5307,0,3.138020636,2.236229384
5308,0,3.126453674,2.445463362
5309,0,3.071588827,2.230144563
5310,0,1.700464614,1.490548163
5311,0,2.027615674,1.870519747
5312,0,1.994157713,2.098287590
5313,0,1.927148023,2.233097878
5314,0,1.912660341,1.372266726
5315,0,2.537124264,2.547757581
5316,0,2.649722422,2.166866394
5317,0,0.501408042,0.627242998
5318,0,1.000000000,1.000000000
5319,0,1.509968613,0.857142857
5320,0,1.620374514,1.080181543
5321,0,2.273754394,1.600710299
5322,0,2.049179185,1.614712488
5323,0,2.495820153,1.462891714
5324,0,2.783184878,1.933093350
5325,0,2.598574725,2.503666206
5326,0,2.405014890,1.522000120
5327,0,1.892921361,1.668621267
5328,0,1.874319197,1.176207042
5329,0,2.659096098,1.659923432
5330,0,2.151196693,2.579369429
5331,0,2.982937759,3.413615564
5332,0,2.901587245,3.510486047
5333,0,2.877508255,4.511591302
5334,0,1.001679241,1.430702560
5335,0,2.201229291,1.328448843
5336,0,2.236675770,2.503081816
5337,0,3.182884859,2.512352678
5338,0,3.073563503,1.884751412
5339,0,2.763682060,1.680349392
5340,0,2.663150080,1.286296973
5341,0,2.412083652,1.432448884
5342,0,2.742170546,2.578484592
5343,0,2.783433297,2.141729185
5344,0,3.011935280,1.992412285
5345,0,3.187554569,1.867449254
5346,0,1.752298390,1.230428232
5347,0,2.678178534,2.152805510
5348,0,0.831147996,1.474123428
5349,0,1.174240826,0.593686289
5350,0,1.266370913,0.936034825
5351,0,1.654248077,1.473221991
5352,0,2.450693642,1.681988572
5353,0,2.810111966,1.678088410
5354,0,2.420584975,1.668484033
5355,0,1.513229643,0.720307593
5356,0,1.920719012,1.292498418
5357,0,2.236556143,2.160586020
5358,0,0.870713123,0.583096952
5359,0,2.235213474,1.840139889
5360,0,2.319376606,2.275525810
5361,0,2.753499071,3.132455257
5362,0,2.763724194,3.788340074
5363,0,2.802896332,2.286005401
5364,0,2.632832950,1.750791343
5365,0,2.870857815,2.165836685
5366,0,2.643154209,2.779351302
5367,0,2.861499141,3.627685701
5368,0,2.553586660,2.921083072
5369,0,2.594145204,2.514464909
5370,0,2.445648881,3.123989644
5371,0,2.276881706,1.808682015
5372,0,2.507106277,1.662700268
5373,0,2.506817045,1.892025473
5374,0,2.636946444,1.978395195
5375,0,2.813127654,2.285104662
5376,0,2.720323153,1.542262591
5377,0,2.142755634,1.523997782
5378,0,2.489095483,1.776508575
5379,0,2.315645594,1.052458087
5380,0,2.706926703,1.647742505
5381,0,2.792093959,1.863008238
5382,0,2.923312919,2.107481985
5383,0,2.643779057,2.740472064
5384,0,2.434873104,1.644840871
5385,0,2.843648095,2.479027048
5386,0,2.615792527,2.322569583
5387,0,2.946165372,2.666547267
5388,0,3.299833562,2.964863396
5389,0,3.077678816,4.924804495
5390,0,2.821330344,2.587340410
5391,0,2.309294381,1.656255167
5392,0,2.796626697,2.123792013
5393,0,2.866170477,2.055714142
5394,0,3.051649730,2.432566732
5395,0,2.941314760,3.125841272
5396,0,3.226860486,2.315633784
5397,0,3.014535544,1.880994273
5398,0,3.126261452,2.305268418
5399,0,3.055562357,2.050248962
5400,0,2.262783628,1.482984999
5401,0,2.352168332,1.626946962
5402,0,2.495656442,1.570660007
5403,0,1.607094962,0.909493172
5404,0,2.681137644,1.842911539
5405,0,2.540430678,1.991233462
5406,0,2.392343191,2.741693145
5407,0,2.306259214,2.031819879
5408,0,2.684062448,2.451657978
5409,0,2.365076475,3.427079931
5410,0,1.211097679,0.601282798
5411,0,2.079219061,1.491674582
5412,0,2.347511251,2.432157459
5413,0,0.808140575,0.459074228
5414,0,2.406375042,1.500000000
5415,0,2.863119137,2.576510340
5416,0,3.418780366,2.560117609
5417,0,3.266021210,2.104535122
5418,0,3.519348225,2.405793633
5419,0,3.252800512,2.953562862
5420,0,3.141928239,2.379871005
5421,0,2.958270706,2.227858144
5422,0,1.886596532,1.723020174
5423,0,2.324299493,1.122475898
5424,0,2.347080219,1.725100135
5425,0,2.870287606,2.073939589
5426,0,3.291135534,3.025864761
5427,0,3.177157535,2.648872103
5428,0,2.709069505,1.498754926
5429,0,2.834534986,1.866778354
5430,0,2.909746876,1.976896772
5431,0,3.188533095,2.180600875
5432,0,3.029600521,1.943073822
5433,0,2.885153666,1.761190898
5434,0,3.056268504,2.169737934
5435,0,2.963360824,2.039456314
5436,0,2.721826697,2.283499077
5437,0,2.527243985,1.735568049
5438,0,2.620222931,1.647534039
5439,0,2.532172455,1.591910542
5440,0,2.948108998,1.953457770
5441,0,2.771190092,2.073819920
5442,0,2.585369222,2.245560500
5443,0,1.918804259,1.525856182
5444,0,2.728137710,2.548154034
5445,0,2.665636060,2.069812637
5446,0,2.707795359,2.746974743
5447,0,3.164025236,3.554763954
5448,0,3.109229183,4.478435687
5449,0,2.983803404,3.202544911
5450,0,2.824395136,2.537613669
5451,0,2.559092610,2.413408474
5452,0,2.728379184,1.660474758
5453,0,2.416965666,1.637819007
5454,0,2.300605300,1.324732583
5455,0,2.219305839,1.786643016
5456,0,2.080840321,1.421322112
5457,0,2.577287629,1.877339508
5458,0,2.447263627,1.905719206
5459,0,2.547267819,1.527365719
5460,0,2.367338311,1.437995848
5461,0,2.421119329,2.132657796
5462,0,2.867478169,2.172631079
5463,0,2.497005942,2.524721843
5464,0,1.174351189,0.677014199
5465,0,1.193203043,0.654039339
5466,0,1.563553284,1.144395381
5467,0,1.864760996,1.849207589
5468,0,2.173493057,1.351489267
5469,0,2.310087973,1.628216096
5470,0,0.577311810,0.516142385
5471,0,0.837634217,0.819287183
5472,0,0.901217931,0.902064613
5473,0,1.100078181,1.261692892
5474,0,2.190247324,2.131272404
5475,0,2.389921404,2.775627190
5476,0,2.113748051,1.890696774
5477,0,2.721249356,3.114119020
5478,0,3.183640964,3.345945214
5479,0,2.868941124,4.046897753
5480,0,2.599004430,3.469202246
5481,0,2.857691554,2.940591987
5482,0,2.805354663,2.547544780
5483,0,2.761804899,3.181440258
5484,0,2.877094781,2.451316517
5485,0,2.671948165,2.781157459
5486,0,2.822737681,3.773130986
5487,0,3.012586332,2.618659495
5488,0,2.859244858,3.158161409
5489,0,2.839941269,4.159940602
5490,0,3.229575364,3.514535033
5491,0,1.816659379,3.327552535
5492,0,3.039258671,3.239467594
5493,0,2.278827938,2.169078354
5494,0,2.854402776,2.585873169
5495,0,2.795437281,2.155406820
5496,0,2.898177539,2.543838087
5497,0,3.076959372,3.292151375
5498,0,3.204225297,2.606303650
5499,0,2.865333137,2.161630814
5500,0,2.478440399,2.226878836
5501,0,2.839365460,2.557095370
5502,0,2.919186150,2.304700378
5503,0,3.068734036,2.364633466
5504,0,3.026794149,2.361319283
5505,0,2.926131151,2.219823563
5506,0,2.854330187,2.647717946
5507,0,1.548895016,2.223398498
5508,0,2.309092801,2.734020608
5509,0,3.004233791,2.582938578
5510,0,3.064589376,2.081722765
5511,0,3.027063947,2.148866667
5512,0,2.298473453,2.089957544
5513,0,2.610392475,2.022387381
5514,0,2.223706979,2.536767973
5515,0,2.813140415,3.413643134
5516,0,2.898254647,4.146553617
5517,0,3.246114001,3.453140503
5518,0,3.134772458,4.022204176
5519,0,2.985068629,4.061877070
5520,0,2.671296008,3.403322062
5521,0,2.661214995,2.728915058
5522,0,2.536776393,2.547374826
5523,0,3.045615710,2.349018588
5524,0,3.110823140,2.398187416
5525,0,2.218955487,1.958065519
5526,0,2.822156003,2.470204248
5527,0,2.878785944,2.155176035
5528,0,2.883911002,2.199972035
5529,0,2.641766954,2.448133407
5530,0,2.911769601,2.623720782
5531,0,2.806824504,3.101072040
5532,0,3.185372288,2.791668941
5533,0,3.057675920,2.493461380
5534,0,3.257325191,2.400867110
5535,0,3.190542995,2.539483003
5536,0,3.234682583,2.368367787
5537,0,3.202044629,2.292314685
5538,0,2.994474203,2.312967084
5539,0,3.245751057,2.553799924
5540,0,3.021108850,2.426506211
5541,0,3.275763281,2.395990337
5542,0,3.145958649,2.496975383
5543,0,2.906930730,2.184656595
5544,0,3.342980903,2.437008192
5545,0,3.017516410,2.259642416
5546,0,3.410825677,2.522723628
5547,0,2.096882861,1.976420868
5548,0,2.710653450,1.855933626
5549,0,2.872752796,2.053600736
5550,0,2.877718985,2.393098363
5551,0,2.857635019,3.048299882
5552,0,2.428249429,2.606455434
5553,0,2.485394757,3.587503566
5554,0,3.259416097,4.431419819
5555,0,2.889968523,3.541303659
5556,0,2.937691576,4.204032820
5557,0,2.331720345,4.611023088
5558,0,2.279118828,4.005881295
5559,0,2.853317973,4.671289268
5560,0,2.207800953,4.970339873
5561,0,1.724740687,5.221861565
5562,0,3.009054732,5.986629162
5563,0,2.637871014,4.452060027
5564,0,2.576620197,2.944693820
5565,0,2.612201478,2.534919315
5566,0,2.562957432,2.432386183
5567,0,2.674609444,2.135840832
5568,0,2.985223211,2.589706179
5569,0,3.105831438,2.780104313
5570,0,1.791466469,1.746376842
5571,0,1.869396535,1.672929157
5572,0,2.240699571,1.581075790
5573,0,2.548082445,1.941677647
5574,0,2.630921658,1.904771352
5575,0,2.828690524,2.187981480
5576,0,2.399445055,2.549797545
5577,0,3.300444541,3.094460600
5578,0,2.615109456,1.963246147
5579,0,2.608225157,1.959235128
5580,0,2.391200414,1.708940172
5581,0,2.859713335,2.804550906
5582,0,2.778296453,2.568636768
5583,0,2.815999252,2.745737091
5584,0,2.553537233,3.086506905
5585,0,2.582795290,4.132904236
5586,0,3.156078448,3.328645909
5587,0,3.211537978,2.880422516
5588,0,3.005189738,3.081115398
5589,0,3.003018159,3.033472404
5590,0,2.558718668,2.120688345
5591,0,3.058941692,2.650672442
5592,0,2.544453212,3.123510468
5593,0,2.716509972,3.072724909
5594,0,2.654016022,2.105419171
5595,0,2.951926235,2.134725440
5596,0,2.798144920,2.280708594
5597,0,2.817853337,2.157143526
5598,0,3.132765103,2.338414380
5599,0,2.869481144,2.331365642
5600,0,2.868860926,2.139846589
5601,0,3.144032935,2.431434530
5602,0,2.907331219,2.289751023
5603,0,2.604730490,2.059341775
5604,0,3.299602645,2.583809711
5605,0,3.169122778,2.444280317
5606,0,2.440896551,2.705108297
5607,0,2.621455412,3.214846285
5608,0,2.204444092,2.146590829
5609,0,3.025257167,3.004116350
5610,0,3.309015637,2.824595202
5611,0,3.204216387,3.312325944
5612,0,2.877722852,2.548295327
5613,0,2.665972441,2.289466889
5614,0,2.717497090,3.624867188
5615,0,2.496763224,2.440927314
5616,0,3.133770899,3.549714022
5617,0,2.961793223,4.524256950
5618,0,0.636797729,0.643830766
5619,0,1.420163968,1.628885282
5620,0,2.557220382,1.675202622
5621,0,2.843774301,2.430986819
5622,0,3.031201982,2.255419488
5623,0,2.981628836,2.594955692
5624,0,3.038831933,2.041321205
5625,0,3.251902867,2.694800289
5626,0,2.992813315,2.120380829
5627,0,3.212114805,2.343436991
5628,0,3.154522517,2.566063306
5629,0,3.187184580,2.308344185
5630,0,2.907901597,2.820354978
5631,0,3.099734738,2.658821265
5632,0,2.894067113,2.142156909
5633,0,2.787536835,2.520712518
5634,0,2.854910292,2.252585309
5635,0,2.770632367,2.999897490
5636,0,2.832805841,2.619396788
5637,0,3.118690739,3.608926879
5638,0,2.252266705,2.318773643
5639,0,1.890477623,1.955366960
5640,0,2.570170391,2.712937936
5641,0,2.240374156,2.127428678
5642,0,2.805697864,2.110445537
5643,0,3.148398370,2.328172947
5644,0,2.968691083,2.468908108
5645,0,2.820942302,2.455586566
5646,0,2.847499684,3.137043363
5647,0,2.369685704,4.211988958
5648,0,3.276176670,3.568297946
5649,0,2.611599970,4.255593132
5650,0,2.491318216,2.536835421
5651,0,2.610801787,2.247954959
5652,0,1.320909820,1.228852350
5653,0,2.104294184,2.162214819
5654,0,1.854998130,1.528784465
5655,0,1.836188774,1.377929255
5656,0,2.551322746,1.864058356
5657,0,2.185784629,2.589584531
5658,0,2.795675322,3.541551841
5659,0,3.052380500,3.087427225
5660,0,3.165231028,2.379319736
5661,0,2.784530109,3.059211894
5662,0,2.835970523,4.078340505
5663,0,2.855780776,3.818689818
5664,0,2.761059899,2.813939776
5665,0,2.837415549,2.787887634
5666,0,3.014312081,2.561120239
5667,0,2.844135751,2.045954904
5668,0,3.093989052,2.856847370
5669,0,3.312964492,3.472737399
5670,0,2.870453302,4.985095849
5671,0,3.259442568,5.016360050
5672,0,3.291482740,4.745185831
5673,0,3.362381498,6.056332653
5674,0,3.332069038,4.373880290
5675,0,3.075033935,3.843058308
5676,0,2.052120437,2.441696576
5677,0,1.433494417,1.238943839
5678,0,2.022500400,1.209289943
5679,0,2.189119293,2.015374538
5680,0,2.313563950,1.500122331
5681,0,0.969953738,0.399764325
5682,0,2.110118278,1.270950355
5683,0,2.527992037,2.264543814
5684,0,2.438922365,1.442890285
5685,0,2.976017412,1.861171164
5686,0,2.395939534,1.829487611
5687,0,2.704974369,1.646597778
5688,0,2.542422346,2.296611453
5689,0,2.908618491,3.320082810
5690,0,2.990590019,2.311579660
5691,0,2.979387376,2.071313042
5692,0,3.081282962,2.682175850
5693,0,2.872767093,2.452159945
5694,0,2.816461277,1.903549493
5695,0,3.128898532,2.152023692
5696,0,2.843876140,1.885914062
5697,0,2.512414070,2.054200302
5698,0,2.683060403,2.817796700
5699,0,2.922077765,2.231543005
5700,0,3.293590396,3.057408143
5701,0,3.254353371,3.793035761
5702,0,3.578585639,4.829937482
5703,0,3.805467833,5.035829882
5704,0,3.759770279,4.203302199
5705,0,3.740435491,7.527560678
5706,0,3.484406987,7.637567054
5707,0,1.949516922,2.895164260
5708,0,2.847147553,3.136291137
5709,0,2.909346982,3.344109023
5710,0,2.533788400,1.405837705
5711,0,1.997263381,1.340473352
5712,0,2.165573062,1.284507268
5713,0,1.594374149,0.854121670
5714,0,2.648177326,1.458115509
5715,0,1.932772750,1.700857143
5716,0,1.857557837,3.491427882
5717,0,2.591695731,3.086760454
5718,0,2.463376225,1.845009854
5719,0,2.332815812,2.565951744
5720,0,2.569835007,2.019314418
5721,0,2.769516690,1.680404807
5722,0,2.272124918,1.827808970
5723,0,2.370254139,1.352249420
5724,0,2.497647941,1.617959348
5725,0,2.342939088,1.567836554
5726,0,2.175279955,2.056722986
5727,0,2.375914591,2.172206986
5728,0,1.535082752,1.742398802
5729,0,2.271389892,1.541992366
5730,0,2.788763753,2.053352918
5731,0,2.731142248,2.839827530
5732,0,2.863862084,2.387387437
5733,0,1.369514383,1.335778435
5734,0,1.535309888,1.082908845
5735,0,2.092215542,1.643496589
5736,0,2.180106383,1.267610276
5737,0,2.163393543,1.322938155
5738,0,2.508824151,1.651414019
5739,0,2.315537237,1.994584350
5740,0,2.668848844,2.966854944
5741,0,2.652418760,3.764593833
5742,0,2.487191424,3.028690958
5743,0,1.788034976,1.299272879
5744,0,2.148620447,1.475209803
5745,0,2.213541254,1.965684007
5746,0,2.918827318,2.404102279
5747,0,2.658827559,2.919065085
5748,0,2.718122989,3.628948782
5749,0,2.819354059,2.975508215
5750,0,2.518295372,3.119277398
5751,0,2.451716994,2.404243001
5752,0,2.550143541,1.787472008
5753,0,2.411685224,1.654972391
5754,0,2.727310910,1.894115415
5755,0,2.754601372,1.860655896
5756,0,2.499106720,1.784921099
5757,0,1.224216688,1.106839952
5758,0,1.691926623,1.216169161
5759,0,2.176938659,1.491231931
5760,0,2.268432433,1.402406634
5761,0,2.223085980,2.356157482
5762,0,2.652317434,1.757176356
5763,0,2.454897481,2.632160569
5764,0,1.708555668,1.286763969
5765,0,2.447355126,1.738201233
5766,0,2.195063521,1.323727643
5767,0,1.930452787,2.049170020
5768,0,1.723010641,1.824467252
5769,0,2.329208032,1.608962676
5770,0,2.596169920,1.910218998
5771,0,1.433966003,1.228164817
5772,0,2.448031675,1.835634125
5773,0,1.820039386,1.489069179
5774,0,1.761712791,1.571021652
5775,0,2.746224111,2.260881086
5776,0,2.717912674,2.902370909
5777,0,2.487710635,2.190167455
5778,0,2.423505111,2.633092353
5779,0,2.289015504,2.196028902
5780,0,2.787405013,2.034824388
5781,0,2.686721462,2.193534946
5782,0,2.514094701,2.443185993
5783,0,2.490845714,2.107446224
5784,0,2.482073883,1.857330546
5785,0,2.732054883,1.967093901
5786,0,2.632063718,1.588630464
5787,0,2.468341757,1.653093514
5788,0,2.137519881,1.949922697
5789,0,1.904000778,1.504237724
5790,0,2.420252013,1.527841740
5791,0,2.443067811,1.775691593
5792,0,2.841465443,1.836387496
5793,0,2.529040540,1.839425640
5794,0,2.460755565,1.373709867
5795,0,1.456608061,1.106547578
5796,0,0.991131051,1.116109630
5797,0,1.915889346,1.333582253
5798,0,1.708651796,0.974677835
5799,0,0.857582331,0.456425174
5800,0,1.734039833,1.456265546
5801,0,1.812794004,1.512651412
5802,0,1.834942092,1.461582905
5803,0,1.840128580,1.415620265
5804,0,2.840907799,2.076880757
5805,0,2.487266835,2.669652466
5806,0,2.596642582,1.923008475
5807,0,1.908932174,1.579336818
5808,0,2.894564000,1.965721000
5809,0,2.615718065,2.343187103
5810,0,2.801937488,2.164190322
5811,0,2.560521831,1.715890341
5812,0,2.554032032,1.688658934
5813,0,2.453249159,1.721454003
5814,0,2.586025909,1.730779154
5815,0,2.556570346,1.945670104
5816,0,2.575373442,1.720325025
5817,0,1.364587672,2.007129274
5818,0,1.975718090,1.892251079
5819,0,2.745953444,2.486546345
5820,0,2.893826911,2.745684329
5821,0,2.532485573,2.000942893
5822,0,2.940601216,1.982498703
5823,0,2.531267363,1.766955222
5824,0,2.575756356,1.801413876
5825,0,2.341212587,2.427230865
5826,0,2.607243189,2.959271573
5827,0,2.440371324,1.988936857
5828,0,1.966740244,1.790374608
5829,0,2.341351916,2.117105079
5830,0,2.552459288,2.931266723
5831,0,1.570152790,2.663447915
5832,0,2.307891412,2.803005167
5833,0,2.322694129,3.271082017
5834,0,2.304517092,3.402840904
5835,0,2.476858586,3.064069568
5836,0,2.429500318,2.880194916
5837,0,2.508745771,4.147391795
5838,0,2.531440522,4.760958337
5839,0,2.473492442,4.349339178
5840,0,2.813062842,5.608597414
5841,0,2.333847051,7.506786849
5842,0,2.661262569,6.579169049
5843,0,2.713263985,6.010076897
5844,0,1.561176507,8.756351933
5845,0,2.160184153,7.264519894
5846,0,2.365515899,7.978639037
5847,0,2.366312754,9.114254756
5848,0,2.655951774,6.128254831
5849,0,2.691411990,6.759335591
5850,0,2.681228565,4.387178822
5851,0,2.739801946,3.839792127
5852,0,2.893553419,5.185809884
5853,0,3.462540282,5.208998425
5854,0,3.128288254,7.453651182
5855,0,1.769283378,1.471149390
5856,0,2.290406840,1.701543877
5857,0,2.056275481,2.018570758
5858,0,2.675065311,1.941655693
5859,0,2.552584798,1.746602948
5860,0,2.835093188,1.871984997
5861,0,2.676911631,1.643468065
5862,0,2.677902174,1.798471138
5863,0,2.643865914,2.509660700
5864,0,2.822027863,3.267295704
5865,0,2.768990312,4.080642643
5866,0,3.446773129,3.444131843
5867,0,2.569779383,2.467918106
5868,0,3.543957273,2.995299608
5869,0,3.571804181,2.777456326
5870,0,3.416747739,3.204472859
5871,0,3.264024183,2.855658660
5872,0,3.425354655,3.376230707
5873,0,2.789314684,3.077444972
5874,0,2.547398404,2.676715231
5875,0,2.749050872,3.050327736
5876,0,3.051510531,3.202034605
5877,0,2.994328309,3.853455701
5878,0,2.946726094,4.324598004
5879,0,1.543110522,1.349582217
5880,0,1.989824316,2.496182847
5881,0,2.283079177,2.033767396
5882,0,2.330601553,1.999006971
5883,0,2.213694555,2.550797958
5884,0,1.730386918,5.236480386
5885,0,2.395718630,3.768196061
5886,0,2.716055434,2.878905767
5887,0,3.252865159,3.765379326
5888,0,2.927137068,3.881001152
5889,0,3.324398118,4.798352413
5890,0,2.924135681,6.031175953
5891,0,2.652971963,5.003382991
5892,0,1.933441773,6.078648856
5893,0,2.832862221,6.523567909
5894,0,2.936141721,5.408593328
5895,0,3.259617919,5.933051520
5896,0,3.189608994,4.766881070
5897,0,3.603974533,5.538643403
5898,0,2.516447732,2.908435037
5899,0,3.061821195,2.338822572
5900,0,3.235693900,2.909142082
5901,0,3.317497051,3.607870079
5902,0,1.745899958,1.507092565
5903,0,2.525283092,1.740859492
5904,0,2.421728718,2.493306786
5905,0,2.312415506,2.547921994
5906,0,2.662581257,2.462968776
5907,0,2.063995317,2.700336507
5908,0,2.092618860,2.080297017
5909,0,2.937038653,2.149814192
5910,0,2.496767791,2.519988442
5911,0,1.586590434,1.933526344
5912,0,2.743316258,2.786028884
5913,0,2.535636588,2.137696907
5914,0,2.699640819,3.004766615
5915,0,3.151787589,2.544248543
5916,0,2.721992855,2.660404161
5917,0,2.209749467,1.067154651
5918,0,2.324409936,1.325396377
5919,0,1.101106691,0.777737835
5920,0,1.886277726,1.302768303
5921,0,2.232051488,2.052654754
5922,0,2.504922897,2.183025735
5923,0,1.231024575,0.917704017
5924,0,1.657644146,1.825284091
5925,0,2.701776187,1.819209278
5926,0,2.632364410,1.685478281
5927,0,2.211336845,2.198283712
5928,0,2.460027360,1.979868887
5929,0,2.535848289,2.059126937
5930,0,1.237297073,0.854888533
5931,0,2.388197214,1.547312130
5932,0,2.246779492,1.416913107
5933,0,2.669340842,2.136056276
5934,0,2.266074837,1.963106945
5935,0,2.213995074,2.605516428
5936,0,2.663816340,3.427251447
5937,0,2.384579787,3.937968556
5938,0,2.238602916,2.730536599
5939,0,2.514111562,3.519747675
5940,0,2.756693226,4.506670934
5941,0,2.929629920,3.782091310
5942,0,2.969314617,3.276926477
5943,0,2.978004748,2.528231073
5944,0,3.333717876,3.268774377
5945,0,3.007111454,2.517275752
5946,0,2.680282538,2.412315920
5947,0,2.514823466,2.400664180
5948,0,2.524831573,2.590874243
5949,0,2.849695119,2.598291705
5950,0,3.127423137,2.729051893
5951,0,3.366909427,4.141080659
5952,0,2.860053610,4.442059109
5953,0,1.180519980,6.788853709
5954,0,2.150167968,5.253029400
5955,0,2.653967810,5.913567332
5956,0,2.568059999,6.824800398
5957,0,2.771371225,7.657409860
5958,0,3.416950656,3.993239213
5959,0,3.613207325,4.557138974
5960,0,3.438521846,4.255490426
5961,0,3.262410926,3.312530084
5962,0,3.350284621,2.797557395
5963,0,3.427962273,3.153851195
5964,0,3.607961426,3.857617308
5965,0,3.555643724,4.778098128
5966,0,3.204682113,5.146831213
5967,0,3.429693501,3.835848286
5968,0,3.390186206,3.636010191
5969,0,3.775499507,3.026749555
5970,0,1.637369412,2.090951887
5971,0,2.318242005,2.708297656
5972,0,2.654209764,1.964673686
5973,0,2.491283320,1.707780180
5974,0,3.321680474,2.683667558
5975,0,3.119283939,3.699428524
5976,0,2.613961758,2.430576488
5977,0,3.121804330,3.689879454
5978,0,3.319883613,3.298311446
5979,0,3.012934626,2.259851695
5980,0,3.402906483,3.474000414
5981,0,3.399579567,4.162543833
5982,0,3.686086346,3.628798030
5983,0,3.398560199,3.169545220
5984,0,3.183270327,4.584247363
5985,0,3.507558609,3.474497186
5986,0,2.911128735,3.294511980
5987,0,3.165302204,2.901521122
5988,0,3.091026234,3.423256389
5989,0,2.710268769,4.804575414
5990,0,3.400263033,5.559599737
5991,0,3.168616904,6.755188032
5992,0,1.981297403,4.559479508
5993,0,2.810013941,5.606271251
5994,0,2.192619073,4.091392145
5995,0,2.651624480,2.519986955
5996,0,1.528016488,1.169814878
5997,0,2.582305187,1.697329117
5998,0,1.851049230,1.882624244
5999,0,1.910157012,1.610917996
