0,0,5.053854024,5.229813665
1,0,4.849140670,4.693007726
2,0,4.345619680,4.331106041
3,0,4.446951860,4.548997633
4,0,4.396803346,4.056909577
5,0,4.440862584,3.966340640
6,0,4.517838994,4.661887920
7,0,4.505347446,3.770905310
8,0,4.482606020,4.374742451
9,0,4.246600415,4.095492383
10,0,4.115182518,3.866200865
11,0,4.331495830,3.624364818
12,0,4.350557211,4.196290537
13,0,4.176416965,3.143726013
14,0,4.177597033,3.383646703
15,0,4.465067713,3.854674579
16,0,4.137634324,4.082449092
17,0,4.264246496,3.587120116
18,0,4.415807312,3.331478184
19,0,4.428414324,3.703476343
20,0,4.144017441,3.915019409
21,0,4.263615691,4.636630461
22,0,3.460829380,3.263384359
23,0,3.932199664,3.296978018
24,0,4.044699120,3.274339125
25,0,4.225303457,3.452830347
26,0,3.909874587,3.274780268
27,0,2.807568263,2.683901296
28,0,3.342412434,2.847251568
29,0,2.701468157,3.164087432
30,0,3.231458448,2.863322984
31,0,3.488754454,2.767459373
32,0,3.673467018,3.035771258
33,0,3.940945318,2.979925613
34,0,3.887254596,3.459574013
35,0,4.322544784,4.021756666
36,0,3.567460607,4.122254012
37,0,3.824917039,3.764896075
38,0,3.235402828,3.832446788
39,0,3.748674992,4.018520589
40,0,3.671707807,4.019532824
41,0,3.377757559,4.241623932
42,0,2.305440401,5.787227700
43,0,3.324580877,6.786203198
44,0,2.886169762,7.372821139
45,0,2.534791311,5.386917936
46,0,2.166698583,7.704036193
47,0,3.001796314,7.927836564
48,0,2.261098649,7.494190143
49,0,2.657953558,5.635996661
50,0,3.065881432,3.995696229
51,0,1.895604779,2.592083814
52,0,3.094950732,2.400715716
53,0,3.333801663,2.880822994
54,0,3.890886432,3.337725238
55,0,3.906088247,3.916999652
56,0,2.198060237,2.299743910
57,0,3.150340716,3.380461710
58,0,3.484902766,4.147663709
59,0,0.682693938,0.362398866
60,0,1.483261191,0.644693763
61,0,1.822763226,1.208097006
62,0,1.776961394,0.907309768
63,0,1.867699600,1.150868938
64,0,2.306485404,1.508116264
65,0,1.916638229,1.145487164
66,0,1.891125099,1.581749027
67,0,1.643931312,1.760504252
68,0,1.687355014,1.100320907
69,0,2.008474528,1.922285620
70,0,0.924453803,1.488761548
71,0,1.489078034,0.983051484
72,0,1.595411381,1.397506083
73,0,1.618629585,0.850204979
74,0,1.579469971,0.782347903
75,0,1.844812465,1.334115516
76,0,1.658892577,1.328121056
77,0,1.632323761,0.955208295
78,0,1.921396816,1.409614147
79,0,1.772930214,0.972446445
80,0,1.810481516,1.417109412
81,0,1.624010792,0.979752643
82,0,1.578621918,0.956279044
83,0,1.574646011,1.869271834
84,0,1.372364434,0.937499404
85,0,1.930014813,1.368535853
86,0,1.628476938,1.172666463
87,0,1.228109540,0.802297103
88,0,0.968065338,0.784431760
89,0,1.909114209,1.334031189
90,0,1.617611194,1.192215394
91,0,1.716541273,1.158921650
92,0,1.740572495,2.576022862
93,0,1.437142236,1.859186970
94,0,1.307029374,0.804357687
95,0,0.974004269,1.199302301
96,0,0.956533431,0.750374164
97,0,1.488786435,1.394004052
98,0,1.561720394,0.966653554
99,0,1.570160817,0.954921867
100,0,1.916732528,1.327243065
101,0,1.724636306,0.942448446
102,0,1.601424071,1.204864418
103,0,1.933947353,1.336372314
104,0,1.737147772,0.943093024
105,0,1.702158082,1.300684407
106,0,0.927661516,1.318446787
107,0,1.478782511,1.823446456
108,0,1.561005421,0.957645328
109,0,1.924876041,1.812882795
110,0,1.726925784,1.726411257
111,0,1.589485212,1.762732640
112,0,1.625058049,1.235500559
113,0,1.579666599,0.901728550
114,0,0.819310385,0.509508609
115,0,0.728459973,0.406118669
116,0,1.408460436,1.000017999
117,0,2.429323162,1.914380169
118,0,1.744624039,1.351833549
119,0,2.358413318,1.705463698
120,0,2.631785857,1.547968790
121,0,2.578190049,1.778734355
122,0,2.575651135,1.674529215
123,0,2.532533908,1.954630089
124,0,2.918524718,2.529279700
125,0,2.507767765,2.236029424
126,0,2.644148546,1.933258370
127,0,2.564588513,2.630767707
128,0,1.344380137,0.957899046
129,0,2.093556502,1.549868630
130,0,1.600461860,1.003522691
131,0,2.104950044,1.606372367
132,0,2.192716076,1.308199495
133,0,2.362383219,2.085387583
134,0,2.162403357,1.222303791
135,0,1.994357590,1.308509701
136,0,2.598193764,2.066190491
137,0,3.060645102,1.765757007
138,0,1.966462261,1.323126548
139,0,1.866221505,2.426591389
140,0,0.754390259,1.566282275
141,0,1.433011543,0.992925781
142,0,1.753467294,1.486630988
143,0,1.641412093,0.975397905
144,0,1.680360254,1.034752636
145,0,2.525329728,1.739944269
146,0,2.635763302,1.804273548
147,0,2.442234791,1.857278354
148,0,2.518217370,1.541675364
149,0,2.378962606,1.637950584
150,0,2.528288420,2.163932884
151,0,3.150469880,1.914591090
152,0,3.394772503,2.259657599
153,0,1.556230787,1.419344274
154,0,1.574139785,2.175494739
155,0,2.517447947,3.656407503
156,0,3.508046295,4.044608370
157,0,3.197478145,4.264757776
158,0,1.770541507,2.448384102
159,0,2.508755312,3.337382843
160,0,3.204646568,2.830396300
161,0,3.277033865,2.942548043
162,0,3.198933031,2.170240607
163,0,3.003326257,2.495467759
164,0,3.296409236,4.106702778
165,0,3.373371316,4.010026501
166,0,2.938108296,3.379224117
167,0,2.725171881,2.695418526
168,0,0.582695415,0.637445101
169,0,1.481203863,1.787710339
170,0,2.420011350,2.007593547
171,0,2.470522596,2.047630790
172,0,1.460010656,1.683142324
173,0,2.639679148,3.009817418
174,0,2.886684011,3.806722809
175,0,3.494713088,4.375948116
176,0,3.353041436,3.749763812
177,0,3.648366612,4.212165104
178,0,3.439702222,4.469155753
179,0,3.281468594,2.880457996
180,0,2.511747499,1.941974041
181,0,2.678344462,1.892973606
182,0,2.791662550,2.259259073
183,0,2.630310775,1.841593234
184,0,2.589260263,2.113756950
185,0,2.048148122,1.433611998
186,0,2.629532067,2.225002845
187,0,2.443265408,1.426909370
188,0,2.622032599,1.554036523
189,0,2.367575919,1.445415336
190,0,-0.000000000,0.000000000
191,0,1.000000000,1.000000000
192,0,1.186278124,0.500000000
193,0,1.000000000,1.000000000
194,0,-0.000000000,0.000000000
195,0,1.000000000,1.000000000
196,0,1.500000000,2.000000000
197,0,1.863120569,1.571428571
198,0,2.251300284,2.000000000
199,0,2.571780453,2.225820963
200,0,2.437015059,2.453339260
201,0,2.504635379,1.469209351
202,0,2.215089380,1.461551316
203,0,1.962175028,1.735639978
204,0,2.360647765,2.737795902
205,0,1.993388981,1.790098193
206,0,2.729662189,2.818808184
207,0,2.280173286,1.780207661
208,0,2.897054398,1.697011290
209,0,2.298816480,1.694753214
210,0,2.721243274,1.465674803
211,0,2.099317012,1.621373425
212,0,2.614645104,1.623312745
213,0,2.211654042,1.700934838
214,0,2.591427700,2.112871575
215,0,2.821008870,1.854500145
216,0,3.004843338,1.658302082
217,0,2.253956143,1.395117081
218,0,1.995058858,1.343305822
219,0,2.392606666,1.780932128
220,0,1.959628643,0.948305439
221,0,2.361682331,1.712744676
222,0,2.201888339,2.082194629
223,0,2.275467928,1.446577071
224,0,2.286311935,1.675921443
225,0,2.344802547,2.061932391
226,0,2.964059431,2.491797886
227,0,2.497078433,1.513259574
228,0,1.956834985,1.347869715
229,0,2.792912833,2.528096561
230,0,1.636011675,1.579574065
231,0,2.590448258,1.440617396
232,0,3.267621992,2.178912012
233,0,2.959027767,2.238037642
234,0,1.962349322,1.570689494
235,0,2.611551063,2.183086893
236,0,2.481569465,1.559678585
237,0,2.713104354,1.916280217
238,0,2.943314386,2.420061703
239,0,2.804574792,2.115221031
240,0,1.614037680,1.569500790
241,0,2.426847915,1.387433317
242,0,0.919598734,0.409647426
243,0,1.477920946,1.859133234
244,0,2.228069184,1.395536653
245,0,2.364854297,1.952798871
246,0,2.017391341,1.495239386
247,0,3.085088452,2.314557306
248,0,2.904943802,2.744461310
249,0,3.200954119,2.374262824
250,0,1.750276596,2.275682121
251,0,2.731763543,2.002457965
252,0,2.924482926,2.901655703
253,0,1.166695328,1.140066076
254,0,0.268180793,0.183109102
255,0,1.169150636,1.073890055
256,0,1.892123184,1.166341426
257,0,2.419342190,1.689039226
258,0,2.412256971,1.442718983
259,0,2.560044038,1.796623973
260,0,2.775602910,1.927308721
261,0,3.323979093,2.401452943
262,0,3.224427243,2.495350107
263,0,3.044841212,2.514888409
264,0,2.992800924,2.991098473
265,0,3.348909354,2.960850804
266,0,3.297634531,3.864754577
267,0,3.198681675,3.873647227
268,0,3.086855514,2.907326125
269,0,3.158014464,3.872548724
270,0,2.977267740,3.154199130
271,0,2.764796771,2.762649852
272,0,0.496097830,0.434952289
273,0,1.496097830,1.217476145
274,0,1.702976084,0.983099486
275,0,2.710173155,1.825680311
276,0,2.310760294,1.858491188
277,0,2.595397650,1.701574487
278,0,2.344408751,2.056242172
279,0,2.460986850,1.829657753
280,0,2.663458518,1.507696851
281,0,2.534858489,1.989677394
282,0,2.571004620,2.014008063
283,0,2.451948752,1.655074893
284,0,2.647945624,1.513929894
285,0,2.430469278,1.757196725
286,0,2.300806969,2.156019934
287,0,2.609470798,1.870359797
288,0,2.467618579,2.832834355
289,0,1.589397067,1.720121548
290,0,1.424659675,0.662268045
291,0,1.252595683,1.030241429
292,0,1.939249215,1.337038569
293,0,1.560918134,1.129150466
294,0,0.027206259,0.014700958
295,0,1.000000000,1.000000000
296,0,1.918295834,1.333333333
297,0,1.538596444,1.123287671
298,0,1.245569935,0.532961931
299,0,1.759695460,1.200975836
300,0,2.049724059,1.151206308
301,0,2.120641431,1.405994614
302,0,1.930209232,1.309657394
303,0,2.433464650,1.723607619
304,0,2.456146004,1.704355975
305,0,2.596243083,1.972759608
306,0,2.359821838,2.065614401
307,0,1.569243618,1.198833188
308,0,2.230931795,2.047164975
309,0,2.981846276,3.171019826
310,0,2.720878910,2.253595746
311,0,3.009362664,2.620769524
312,0,3.247222024,3.599311043
313,0,3.359860610,3.998050269
314,0,3.342605757,3.416029918
315,0,3.135901717,2.747958993
316,0,3.077266032,2.141407773
317,0,3.141109891,2.293294250
318,0,2.823512058,2.439730181
319,0,2.716606321,1.790476297
320,0,3.041315676,2.314981608
321,0,3.054650410,2.015692928
322,0,2.995048106,2.381563899
323,0,3.191580096,2.522735613
324,0,2.944746776,2.942516928
325,0,2.897976901,2.532772869
326,0,0.234957269,0.153642821
327,0,1.139083849,1.039162841
328,0,1.593717397,0.859238087
329,0,0.398320404,0.132581877
330,0,0.451824700,0.146773868
331,0,2.143519964,1.525075721
332,0,1.741557006,0.917936480
333,0,2.082674130,1.397955522
334,0,1.933630173,1.171278405
335,0,1.993256712,1.353885259
336,0,2.106837193,1.152487999
337,0,2.335908030,1.313702039
338,0,2.744665636,2.100215040
339,0,2.802932858,2.021442290
340,0,2.742946939,1.639200536
341,0,2.419712430,1.961357968
342,0,2.777706602,2.817349578
343,0,1.803085440,1.311894105
344,0,2.462451153,3.000504644
345,0,2.438043421,1.765196430
346,0,2.405975529,1.936360008
347,0,1.855027722,1.034107679
348,0,1.940042867,1.663907953
349,0,2.490929629,1.321110592
350,0,2.934268242,1.985645497
351,0,2.420766482,1.801776703
352,0,2.449323074,2.094574944
353,0,2.130631882,1.842148317
354,0,3.010059542,2.899019721
355,0,1.840378188,1.249905883
356,0,2.570879935,1.734124066
357,0,2.626926073,1.740731232
358,0,3.165248158,2.300742321
359,0,2.876188786,2.625751900
360,0,2.843620233,2.200400287
361,0,3.134458675,2.195975045
362,0,2.537281501,2.307433553
363,0,3.052057190,2.594772060
364,0,3.103338668,2.719487225
365,0,3.456606533,2.467260880
366,0,3.503680257,2.700581783
367,0,3.395609967,2.670500966
368,0,3.573197376,3.269864348
369,0,2.947289981,1.999794572
370,0,3.044586908,2.745322756
371,0,3.158672336,2.488383277
372,0,3.138518164,3.426712891
373,0,2.588311084,1.658309840
374,0,3.218497481,2.103727218
375,0,2.866940114,2.354275710
376,0,2.295695302,2.766360216
377,0,2.965628461,2.343028341
378,0,2.750076349,2.801893877
379,0,2.675039256,2.752493993
380,0,2.792982738,2.586038578
381,0,3.131070257,2.566950575
382,0,2.924536983,3.021107597
383,0,2.914523512,2.188616648
384,0,3.029263881,2.919765761
385,0,2.963720843,2.625842119
386,0,2.576522298,1.849600262
387,0,2.889170605,2.357680320
388,0,1.740396623,1.608566279
389,0,2.294487252,2.793475142
390,0,2.186289488,1.583678266
391,0,1.964084233,1.364357289
392,0,2.457483629,1.782574215
393,0,2.415634290,1.630803663
394,0,2.647512237,2.038476176
395,0,2.735720775,2.334319499
396,0,1.522037294,1.233186776
397,0,2.167079186,1.165794057
398,0,2.559927652,1.429744579
399,0,2.535840290,1.881493661
400,0,2.426790475,1.326976196
401,0,1.524034916,1.100771130
402,0,2.433310842,1.408269073
403,0,2.388533800,2.114636781
404,0,-0.000000000,0.000000000
405,0,1.314320487,1.076923077
406,0,1.956092937,1.726962457
407,0,2.205141266,2.583869164
408,0,2.796584772,3.139894872
409,0,2.793643026,3.768376157
410,0,2.647059744,4.364500248
411,0,2.945093371,3.377159194
412,0,3.068010030,2.787787649
413,0,3.042717697,2.019690301
414,0,2.876854718,1.794526096
415,0,2.038888754,1.785171031
416,0,1.966005853,1.412595857
417,0,2.178137189,1.545727107
418,0,1.694993819,1.223921818
419,0,2.727019846,1.851144559
420,0,2.719875333,2.380807223
421,0,2.325302821,1.614938439
422,0,2.668360887,2.169691290
423,0,2.517283941,1.437373326
424,0,2.370985629,1.355285027
425,0,2.723195532,1.963962800
426,0,2.823633571,2.647666325
427,0,2.967006281,2.335676358
428,0,2.864684119,2.835349842
429,0,2.431389156,3.075500265
430,0,2.444425403,1.922150497
431,0,2.385169799,1.662873273
432,0,2.159427929,1.468296522
433,0,1.768333643,1.245358221
434,0,2.412301597,1.647318289
435,0,2.849061481,1.716334500
436,0,2.628155215,1.584082357
437,0,2.491785611,1.996834566
438,0,2.778131760,2.719151275
439,0,2.601962395,2.062738075
440,0,1.860729595,1.447005755
441,0,1.835749086,2.127290854
442,0,2.390505938,2.628310371
443,0,2.718687863,3.515134639
444,0,2.809627282,2.842559456
445,0,2.716232431,3.606448643
446,0,1.436656460,2.702541165
447,0,2.214406678,3.147577473
448,0,1.316093065,1.349638764
449,0,0.921615346,0.673369281
450,0,2.240278807,2.430633097
451,0,1.254591475,0.725161678
452,0,1.874785872,1.393832006
453,0,2.290483901,1.867752609
454,0,0.967568221,0.788760638
455,0,2.240186106,1.434269947
456,0,2.229204975,2.032153748
457,0,2.471792720,1.704439633
458,0,2.337542107,1.710634030
459,0,2.415849726,2.181525996
460,0,2.536049790,1.760426991
461,0,2.130435149,1.620276015
462,0,2.395229998,1.675267413
463,0,2.686299913,2.488927708
464,0,2.193361123,1.534963640
465,0,1.558403824,1.244800018
466,0,1.937613357,1.509763753
467,0,2.527643032,2.373767974
468,0,2.955575465,2.391668715
469,0,3.087308499,2.400005796
470,0,3.147623974,2.442827729
471,0,2.905346002,1.881583245
472,0,2.646003981,1.843330490
473,0,2.507551749,2.152772061
474,0,2.397043087,2.014946916
475,0,2.266332798,2.075801846
476,0,2.352733935,2.314793180
477,0,1.811661795,2.357093058
478,0,2.461065315,2.355299780
479,0,0.878171663,0.594932642
480,0,1.491705519,1.789192569
481,0,1.834233381,1.325722655
482,0,1.610563946,1.296789331
483,0,1.928258500,2.116644067
484,0,1.627635467,3.052617405
485,0,1.584687443,2.281094395
486,0,1.571598573,1.748267102
487,0,1.851621918,1.327074118
488,0,1.696576361,0.945911311
489,0,1.595746342,1.059808178
490,0,1.583360584,0.869451969
491,0,1.889651047,1.395475609
492,0,1.759358040,0.964486180
493,0,1.844786726,1.761988386
494,0,1.659290684,2.122573488
495,0,1.168908529,0.806616451
496,0,1.503108753,0.929420892
497,0,1.671258024,1.022299925
498,0,1.731186439,1.517063204
499,0,1.697774857,0.972194306
500,0,1.611759001,2.353234491
501,0,1.573430083,1.791580879
502,0,1.776004073,2.570917740
503,0,1.801753169,2.287882744
504,0,1.618126406,1.240177146
505,0,1.580235070,0.870744725
506,0,1.916694940,1.391978359
507,0,1.517026942,1.274377344
508,0,1.787056865,1.502278335
509,0,1.500694788,1.638584823
510,0,2.136156428,1.333333333
511,0,1.528970303,1.241918978
512,0,1.776764285,1.144140229
513,0,1.810957484,1.217545865
514,0,2.217268361,1.370318805
515,0,1.937313626,1.537216989
516,0,2.300629430,1.396680490
517,0,1.953879440,1.460332321
518,0,1.451066939,0.909458076
519,0,1.542102940,1.835681212
520,0,1.565766678,1.224224791
521,0,1.787481611,1.108097504
522,0,1.543023955,1.274060561
523,0,1.781563557,1.578199704
524,0,2.384249262,2.517625642
525,0,2.611581922,3.090359905
526,0,2.025974328,2.196526084
527,0,-0.000000000,0.000000000
528,0,1.314320487,1.846153846
529,0,1.896913390,1.890909091
530,0,1.643790779,1.064489796
531,0,2.236438188,1.417840040
532,0,1.777043891,1.617887223
533,0,2.270402745,2.347886846
534,0,2.608149280,1.833653925
535,0,2.857277501,1.856825635
536,0,2.969477285,2.404562374
537,0,1.669518165,0.874191477
538,0,1.359776705,1.061274126
539,0,1.209758887,0.514610871
540,0,1.212297257,1.036086929
541,0,1.676002481,1.035399371
542,0,2.510974854,1.765678197
543,0,2.325401757,1.355812453
544,0,2.514343133,1.806616005
545,0,1.823629958,2.020415503
546,0,2.505525830,1.823121508
547,0,1.965551980,1.304063578
548,0,1.897283067,1.620786698
549,0,2.895391172,2.477402331
550,0,2.660130713,1.970719512
551,0,2.720774682,2.191751878
552,0,2.659517084,3.297595454
553,0,2.348114253,2.326521929
554,0,2.238102130,2.136514177
555,0,1.405649545,1.685455834
556,0,2.010251315,1.429660519
557,0,2.320039154,1.462410167
558,0,1.554104172,1.499758107
559,0,1.845005211,1.051104338
560,0,2.106575411,1.330396105
561,0,0.924905442,1.319818663
562,0,2.130232082,2.269894220
563,0,2.676450739,2.560504434
564,0,2.533329700,1.701216425
565,0,2.264815841,1.303717255
566,0,2.296197530,1.929685891
567,0,2.995239661,2.842995141
568,0,2.765913119,2.319872852
569,0,2.528767376,1.817990397
570,0,3.130857053,1.779032451
571,0,3.456625359,2.310467491
572,0,3.267713252,4.231546313
573,0,1.513726014,1.178125711
574,0,2.401508193,1.658155618
575,0,2.408972971,1.200794506
576,0,2.647523310,1.448383146
577,0,2.479897714,1.421181716
578,0,2.224651021,2.262239134
579,0,3.088552791,2.697706967
580,0,3.315334291,2.681262027
581,0,1.848989653,1.328854580
582,0,1.857275680,1.647697401
583,0,2.817181331,1.478390214
584,0,2.825000804,1.787179793
585,0,2.051132462,2.088713898
586,0,2.662331109,3.484449483
587,0,3.000187162,4.392493835
588,0,2.697388724,5.429016405
589,0,3.076449206,4.411970785
590,0,2.096647075,5.338623204
591,0,1.103824938,1.698374668
592,0,1.991062197,2.675665929
593,0,2.390791967,1.932289438
594,0,2.320663666,2.482711468
595,0,2.547541497,3.324660505
596,0,2.599773150,2.491846580
597,0,2.296995759,2.725445080
598,0,1.889683638,3.330922105
599,0,1.579588043,2.012781005
600,0,1.909034004,2.824443389
601,0,1.838438017,4.147821410
602,0,2.605590543,3.490690326
603,0,2.602742296,4.247142890
604,0,2.694702321,4.834226203
605,0,2.703384010,4.704268648
606,0,2.929972680,4.043728926
607,0,3.306698518,4.780736173
608,0,1.862611448,1.523008989
609,0,2.465380334,2.334585167
610,0,2.628225273,1.995192237
611,0,1.883406592,1.266750281
612,0,1.667631840,1.860686499
613,0,2.146573248,1.502602158
614,0,2.466090896,2.130590020
615,0,2.814383418,2.090768210
616,0,2.615421985,2.589293679
617,0,2.868084348,2.247054780
618,0,2.805740358,1.764140485
619,0,2.915231039,2.114644329
620,0,1.882394335,2.049218364
621,0,2.849480779,3.075176382
622,0,2.675010983,2.611182254
623,0,2.548831939,1.603655678
624,0,2.563497118,2.531735086
625,0,2.418079902,1.945337046
626,0,1.759200584,1.556100188
627,0,2.331849557,2.508353624
628,0,2.519675031,3.207900874
629,0,2.914657336,2.561247069
630,0,2.634490152,3.112347605
631,0,2.594394383,4.436457667
632,0,1.853219691,3.915735786
633,0,2.848626515,3.115183241
634,0,2.182961710,3.221795416
635,0,2.111700737,2.981381121
636,0,2.370083766,3.861230933
637,0,1.879445950,2.531299302
638,0,1.877441856,2.093028062
639,0,2.871534656,1.944729724
640,0,2.672886720,2.752407625
641,0,2.878292874,3.616203027
642,0,1.740253744,1.555933382
643,0,1.521683760,1.079789635
644,0,1.491059633,1.533157013
645,0,2.588326757,2.668559054
646,0,2.767822189,2.091515297
647,0,2.493369767,2.226947725
648,0,2.881526246,1.955077624
649,0,2.872381047,1.852816849
650,0,2.722795161,1.940106126
651,0,2.663611586,3.300979249
652,0,2.593642863,3.857146473
653,0,2.471414887,2.587790647
654,0,1.986293150,2.616524009
655,0,2.407466868,1.912496846
656,0,2.815252911,2.005550120
657,0,2.900724027,1.908043109
658,0,3.012972789,2.468423657
659,0,3.224237405,2.254900274
660,0,3.193104636,2.737560771
661,0,3.747558677,2.717684394
662,0,3.466156412,3.313408236
663,0,3.019435984,3.162816527
664,0,3.321312988,2.711643914
665,0,3.319829330,2.424031643
666,0,1.455344858,1.476127845
667,0,2.169956806,1.605028798
668,0,2.785167731,2.248750561
669,0,2.208970436,2.164131912
670,0,3.161277000,2.888703856
671,0,3.290025676,3.188963444
672,0,2.894937037,4.251587958
673,0,3.631401790,4.806712229
674,0,3.204973400,2.644669249
675,0,3.172183879,2.407841133
676,0,2.749982165,1.936531768
677,0,1.533574919,1.500527806
678,0,0.817188658,0.875931741
679,0,1.428880679,1.511807901
680,0,1.551909712,0.809916543
681,0,1.959875374,1.414933986
682,0,0.368074569,0.280435994
683,0,1.346803795,1.256271363
684,0,1.500000000,1.000000000
685,0,2.075028534,1.333333333
686,0,2.742704784,1.749279539
687,0,2.847797677,2.013527441
688,0,2.673795896,2.444872337
689,0,2.788508246,2.074436664
690,0,2.439318438,1.618564627
691,0,2.243332204,1.607252816
692,0,1.961812949,1.687265767
693,0,2.772188094,1.556764995
694,0,2.758617181,1.679105719
695,0,2.605848637,1.846751295
696,0,2.691579810,2.547963498
697,0,2.029731543,1.545116507
698,0,2.901780619,1.733135453
699,0,3.019886582,2.439388692
700,0,1.311796015,0.782498432
701,0,2.653297127,2.128473284
702,0,3.385867934,3.641074945
703,0,2.414417649,4.104550829
704,0,2.881410753,3.711552069
705,0,3.071930672,4.315710196
706,0,3.475767938,3.625599012
707,0,3.183118115,3.801390217
708,0,2.806032648,3.273813216
709,0,2.827961503,2.449575053
710,0,2.578084114,2.673249262
711,0,2.667718001,3.441220892
712,0,2.009140222,2.366633690
713,0,2.576177961,2.051218120
714,0,2.628006362,1.809992626
715,0,2.815251131,2.215334976
716,0,2.767998796,2.141057381
717,0,1.766756234,2.266490674
718,0,2.100409508,2.383817120
719,0,2.609320235,1.992796081
720,0,2.998653589,2.694011440
721,0,2.778846389,1.944429648
722,0,1.852284409,1.534118489
723,0,2.244221624,1.303067353
724,0,2.707813162,1.853970026
725,0,2.569317551,1.525593429
726,0,1.897649530,1.471347982
727,0,2.181903414,1.397955457
728,0,1.092506366,1.100566606
729,0,1.567604966,1.229698415
730,0,1.691274144,2.020028335
731,0,1.715415159,2.790405508
732,0,2.096800900,1.979786014
733,0,1.637440669,1.460834459
734,0,2.387444231,1.535643382
735,0,2.436772007,2.131409615
736,0,2.646694843,2.586218539
737,0,1.439155690,1.583056267
738,0,1.842324228,1.111471498
739,0,2.225202534,1.705189433
740,0,1.995753483,1.213239234
741,0,2.289377887,1.956212258
742,0,2.324620579,1.485853260
743,0,2.337054903,1.266650239
744,0,1.505345044,1.186613444
745,0,1.043696142,1.174421702
746,0,1.768089410,1.077732013
747,0,1.990484390,1.295167866
748,0,2.431078099,2.052953437
749,0,2.738764915,1.733171225
750,0,2.685219760,1.768439273
751,0,2.763315275,2.320285829
752,0,3.361270643,2.762416938
753,0,2.920751198,1.831735302
754,0,3.198503828,2.296979040
755,0,3.105643006,2.512065899
756,0,2.901412068,1.983826023
757,0,1.448314003,1.071355702
758,0,2.624060809,1.482744024
759,0,3.094553423,2.362085089
760,0,2.583430402,1.821990182
761,0,2.364268167,1.763923787
762,0,2.584362801,2.076401604
763,0,3.001771117,2.156346291
764,0,3.174057499,2.282695082
765,0,1.690088742,1.605689291
766,0,2.477810418,1.725724482
767,0,2.731718589,2.626148814
768,0,1.456375005,1.871528951
769,0,2.329233644,2.282296635
770,0,3.051288399,2.399128034
771,0,3.209900475,2.502120201
772,0,2.957384054,2.805673850
773,0,2.480657445,2.237817797
774,0,2.959808484,2.457526567
775,0,2.500139072,1.909637358
776,0,2.491410706,1.850101131
777,0,1.333687436,1.149692208
778,0,1.499764560,1.974451884
779,0,1.487899541,2.480920155
780,0,-0.000000000,0.000000000
781,0,1.799015671,1.368421053
782,0,2.082780503,2.541176471
783,0,2.797676783,2.029015544
784,0,1.837882334,1.371189280
785,0,2.510837127,1.476824584
786,0,2.336092490,2.143037621
787,0,1.411228578,1.388507923
788,0,2.454113465,1.999791452
789,0,2.927073698,2.182239924
790,0,2.946612927,2.665635070
791,0,2.318150812,1.955428371
792,0,1.918544090,2.044869202
793,0,2.305007573,1.652689798
794,0,2.787304322,1.694342715
795,0,2.716381065,2.142619786
796,0,3.068498394,2.007171056
797,0,1.648560219,0.933620746
798,0,2.824399574,1.822067677
799,0,2.223501049,1.808884579
800,0,1.821583406,1.705010240
801,0,2.187127842,1.956702644
802,0,2.606102997,1.809185548
803,0,2.727881874,1.345161510
804,0,1.988648884,1.578070152
805,0,2.834757030,2.249258848
806,0,1.999398400,1.482071282
807,0,1.895905485,1.369283783
808,0,2.118326685,1.659273900
809,0,2.469619027,2.006715862
810,0,2.145199622,2.101736039
811,0,-0.000000000,0.000000000
812,0,1.061278124,0.500000000
813,0,1.677152183,1.104972376
814,0,2.051334899,1.672091910
815,0,1.816777784,1.847369126
816,0,2.637576082,2.455078471
817,0,2.452515743,1.913134672
818,0,2.476264255,1.398305637
819,0,1.761897235,1.465321879
820,0,2.262964212,1.301751645
821,0,2.416391886,2.085906452
822,0,2.189127839,2.818984617
823,0,2.619637979,3.655422538
824,0,2.767922238,2.643651843
825,0,2.784147055,3.649604800
826,0,2.801732143,3.319213255
827,0,3.157339434,4.175084441
828,0,2.957039539,3.721398420
829,0,2.998913341,3.038186127
830,0,2.195038136,1.450375089
831,0,3.015323127,2.256477076
832,0,3.053350423,1.924404756
833,0,1.798875595,1.355879054
834,0,2.316594025,1.312553830
835,0,2.593850199,1.679774297
836,0,3.091755063,1.939060837
837,0,2.996861559,2.305621644
838,0,2.711186416,3.264047979
839,0,2.849092515,2.500103109
840,0,2.908432788,1.913203333
841,0,1.526748759,1.165073946
842,0,2.485336216,2.311789849
843,0,2.609332444,1.781749625
844,0,1.652609660,1.396743330
845,0,1.955120439,1.634154747
846,0,2.383470681,1.593676341
847,0,1.234978735,1.493509296
848,0,1.885873764,1.569699305
849,0,1.521928095,1.200000000
850,0,2.075303902,1.933333333
851,0,0.650022422,1.666666667
852,0,1.636885835,2.675496689
853,0,2.418419943,2.006829824
854,0,2.218393629,2.392569499
855,0,2.375584994,1.986637676
856,0,1.209925028,1.395479063
857,0,2.288364145,2.611719153
858,0,2.705732720,3.019107787
859,0,1.125362919,0.571240368
860,0,2.487672471,1.570241988
861,0,1.889753351,1.575386876
862,0,2.373178920,1.380418296
863,0,1.758906572,1.867680788
864,0,2.803190986,2.836589245
865,0,2.549602521,2.030400322
866,0,2.833833977,1.738844671
867,0,2.620942852,1.820922610
868,0,2.909537414,1.868192926
869,0,2.725708680,1.945618601
870,0,2.229454419,1.693143643
871,0,2.531776984,1.825413932
872,0,1.917233527,1.613376564
873,0,2.901025007,2.234434377
874,0,2.861989919,3.123272552
875,0,2.736743000,3.991095337
876,0,2.496007234,4.697606168
877,0,3.029667030,3.619339894
878,0,2.900085194,2.084028127
879,0,2.398563549,1.619871943
880,0,3.037711889,2.754830537
881,0,1.314234673,0.846570122
882,0,2.813118471,2.068104911
883,0,2.568450270,1.864417061
884,0,1.775286049,1.800171375
885,0,2.794643495,2.343125753
886,0,3.310176405,3.089399840
887,0,3.242413671,2.084973734
888,0,1.956773361,1.542690437
889,0,2.226146867,1.820106769
890,0,3.178341097,2.641270611
891,0,3.181909016,2.264270776
892,0,2.962966176,4.188075794
893,0,2.885596857,4.506631585
894,0,3.068720793,4.943194349
895,0,3.251279188,3.607916950
896,0,2.903786305,3.839230392
897,0,2.603355561,1.704546832
898,0,2.668498947,1.703655064
899,0,2.465937730,1.926865872
900,0,2.627324204,1.744164255
901,0,2.926839156,2.125007319
902,0,3.179305290,2.260715672
903,0,3.006914707,2.226734238
904,0,2.694173558,2.368419285
905,0,2.211933951,1.942563744
906,0,2.163908436,2.972726265
907,0,2.896881142,3.632139464
908,0,3.173669864,3.366229910
909,0,2.718640765,2.561345827
910,0,2.754249554,2.971231607
911,0,2.863340201,2.838662686
912,0,2.454017271,2.120335541
913,0,2.146889484,1.322004245
914,0,1.885634692,1.454884938
915,0,2.200188722,1.427728016
916,0,2.163050159,2.157082393
917,0,2.700087162,1.862467314
918,0,2.350295170,2.005687967
919,0,2.536435577,1.776035921
920,0,2.527396190,2.010148015
921,0,2.294628831,1.539827341
922,0,2.150646774,1.619325977
923,0,1.950769268,2.129164777
924,0,2.021858517,1.646329968
925,0,1.933189320,1.049485004
926,0,1.908478474,1.577157497
927,0,2.516219160,1.647866933
928,0,2.094983821,2.849190967
929,0,2.785022668,2.203476406
930,0,2.349811232,2.201603518
931,0,2.503181307,2.379918899
932,0,2.663345046,2.287829143
933,0,2.461780474,1.535968986
934,0,1.830676662,1.155494699
935,0,1.710468790,1.668302352
936,0,2.185405075,1.215575311
937,0,2.211650946,1.629859891
938,0,1.989133710,1.773786126
939,0,2.328105012,1.442739513
940,0,2.051782258,1.627692044
941,0,2.591824572,1.530177618
942,0,1.793639411,1.395148501
943,0,2.488036857,1.676875112
944,0,2.524795533,1.971888417
945,0,2.369290872,2.266329042
946,0,2.607364977,3.085507058
947,0,2.397075538,1.679188114
948,0,1.841810007,2.049611376
949,0,1.543061052,1.194282849
950,0,2.106781972,1.400707213
951,0,2.128219337,1.538763572
952,0,2.010331054,1.123161470
953,0,2.011575161,1.400247415
954,0,1.974200386,1.016019959
955,0,2.166073938,1.498238560
956,0,2.433697557,1.712067012
957,0,2.376120212,1.435007276
958,0,1.487813596,1.232804236
959,0,1.563544342,2.022238655
960,0,1.519871150,1.193241665
961,0,2.088039180,1.926801366
962,0,2.546968771,1.715332922
963,0,2.348007286,1.925939968
964,0,1.563184032,1.192173597
965,0,1.556465001,1.861656008
966,0,2.516821648,1.739008691
967,0,2.190541243,1.194702166
968,0,2.365682990,1.905564654
969,0,2.143036274,1.215092775
970,0,2.070419572,1.379977203
971,0,2.121983460,1.321886692
972,0,2.104949825,1.139232693
973,0,2.373102200,2.037202354
974,0,2.129019052,1.593348068
975,0,2.607725523,2.655845311
976,0,2.024298816,2.965891127
977,0,2.482075898,2.013249573
978,0,2.873044841,1.939408889
979,0,2.873281160,2.186914431
980,0,1.938207287,2.011497962
981,0,2.959049480,2.125115366
982,0,3.027438612,2.433339071
983,0,1.909893696,1.924284409
984,0,2.068024994,2.602512452
985,0,3.079668724,3.668808616
986,0,2.991520531,4.113989237
987,0,3.012813596,3.296369527
988,0,1.746521060,1.595372981
989,0,2.386921628,2.053306690
990,0,2.187529662,2.955670715
991,0,2.168029378,2.708697893
992,0,2.757375317,2.466271117
993,0,3.067517580,2.892021868
994,0,2.864036238,3.381113210
995,0,2.680989638,2.329796078
996,0,3.015108319,2.931457373
997,0,2.692957931,3.015635126
998,0,2.560811003,1.916835388
999,0,2.823174982,2.009591630
1000,0,2.527630975,1.805967535
1001,0,2.416424370,1.776417992
1002,0,2.214580941,2.370026016
1003,0,2.332380584,2.199618513
1004,0,3.183337770,2.689737553
1005,0,3.202996261,2.957885950
1006,0,1.874407259,1.641475173
1007,0,2.406996189,2.325710406
1008,0,2.877854351,2.116337518
1009,0,2.543371011,1.609016229
1010,0,2.860064251,2.073048496
1011,0,2.691170795,2.333794505
1012,0,2.530048944,1.866564153
1013,0,2.761080115,2.187258033
1014,0,2.366900953,2.906909588
1015,0,2.810655146,3.287258362
1016,0,2.364427614,2.893617230
1017,0,2.432510199,2.911582419
1018,0,2.724123453,3.713184521
1019,0,1.718320706,3.447973066
1020,0,2.376974155,2.816018329
1021,0,2.746321205,2.101262308
1022,0,2.485344024,1.954541050
1023,0,2.946356148,2.420602844
1024,0,2.737761289,2.584689670
1025,0,2.681729722,1.986383446
1026,0,1.860779422,2.010218461
1027,0,2.460211747,2.419538747
1028,0,2.804583234,2.574144287
1029,0,2.905703129,2.649315689
1030,0,3.306285699,2.491239036
1031,0,2.947179717,2.089824233
1032,0,2.921181624,2.524322186
1033,0,2.617123211,3.226769621
1034,0,2.916639503,4.302594781
1035,0,1.991459782,3.621349360
1036,0,3.009519919,4.870331576
1037,0,2.768949800,4.404884536
1038,0,3.119102414,5.675760682
1039,0,3.377375677,4.851873775
1040,0,3.148343724,4.387006653
1041,0,2.984348463,5.029080741
1042,0,2.891748539,3.679502013
1043,0,2.858769795,4.643783605
1044,0,2.879458490,5.228148255
1045,0,2.206848582,5.433614655
1046,0,2.718081352,5.915912625
1047,0,2.699025942,6.928652602
1048,0,2.330424569,7.315293707
1049,0,1.852277629,7.588355007
1050,0,1.397977129,3.089044886
1051,0,1.656514897,4.215021172
1052,0,2.405901434,5.283791865
1053,0,2.992435437,4.356053021
1054,0,1.971290861,5.828709657
1055,0,-0.000000000,0.000000000
1056,0,0.591672779,1.714285714
1057,0,1.581290899,1.300000000
1058,0,1.845272805,1.583333333
1059,0,1.964313344,1.191489362
1060,0,1.842302042,1.368227356
1061,0,1.215713133,1.457219494
1062,0,1.533112303,2.472804611
1063,0,1.834068321,3.605705714
1064,0,2.223525187,2.453232902
1065,0,2.795048392,2.049626895
1066,0,2.527622707,1.640917664
1067,0,2.121425193,2.023717784
1068,0,2.002934478,2.310437926
1069,0,2.527558037,2.721593592
1070,0,1.423779519,2.760910823
1071,0,2.188070946,2.156940452
1072,0,1.741577380,1.461778552
1073,0,2.375619949,1.313496950
1074,0,2.300979245,1.414583226
1075,0,2.842984978,2.123214283
1076,0,1.428736215,1.435227174
1077,0,2.069927885,1.757529320
1078,0,2.367049726,2.368951969
1079,0,0.349595718,0.248250181
1080,0,1.331933444,1.124262112
1081,0,2.011953836,2.000430481
1082,0,2.332573174,2.709226404
1083,0,2.459832862,1.989328613
1084,0,2.283818791,2.003755568
1085,0,2.425805427,2.126243012
1086,0,2.956787669,2.809021870
1087,0,3.101431440,3.699006706
1088,0,2.175849237,3.189652415
1089,0,2.609214874,3.947942161
1090,0,3.201908855,3.240686745
1091,0,2.829188388,2.446338950
1092,0,2.891069644,2.487928502
1093,0,1.887508236,3.010538473
1094,0,2.643164055,2.602604119
1095,0,2.476380672,2.567824992
1096,0,3.444410148,2.647695133
1097,0,3.115411612,2.714176906
1098,0,3.299418223,3.182792774
1099,0,2.997094181,2.545382049
1100,0,3.283870234,3.177673842
1101,0,3.162297757,2.366811208
1102,0,2.918883173,2.396606960
1103,0,1.664446793,2.445336113
1104,0,2.544794324,2.435430825
1105,0,2.727995557,2.980564221
1106,0,3.134098431,2.891817780
1107,0,2.859280310,2.944625369
1108,0,3.219138896,2.770388634
1109,0,2.866361185,2.648438600
1110,0,2.860868341,3.389389764
1111,0,2.471240848,3.445243048
1112,0,3.130152397,2.880575807
1113,0,2.584347314,1.831084791
1114,0,2.208326309,1.839467755
1115,0,2.400995966,1.814069544
1116,0,2.605491342,1.980244328
1117,0,2.227548990,1.845878097
1118,0,2.704158812,2.378070897
1119,0,2.960635852,3.170751791
1120,0,2.980630835,3.081842658
1121,0,3.163597364,2.939600501
1122,0,2.935681641,2.408143501
1123,0,2.879948679,2.045789051
1124,0,3.002530471,2.124763502
1125,0,2.577915736,1.858177346
1126,0,1.935533293,1.326127443
1127,0,2.198033206,1.953214576
1128,0,2.229409775,1.482486201
1129,0,2.106889458,1.999420454
1130,0,1.487207097,1.482299633
1131,0,2.062073261,1.245064317
1132,0,2.143553898,1.593634764
1133,0,2.087830126,2.190463964
1134,0,1.756858469,1.707278746
1135,0,2.012546434,1.870779228
1136,0,2.189596439,1.564894835
1137,0,2.139390687,1.905321897
1138,0,1.902719477,2.303683161
1139,0,2.886165496,2.109281516
1140,0,2.883941908,2.313721156
1141,0,2.897326937,2.958115901
1142,0,2.843753972,2.616152678
1143,0,2.675752517,2.095624276
1144,0,2.674004478,1.932230294
1145,0,2.540813085,1.854254751
1146,0,2.560201802,2.498082789
1147,0,2.752445624,2.276872041
1148,0,2.782595474,3.169658436
1149,0,2.921135553,2.341305066
1150,0,2.722765835,1.768718830
1151,0,2.995329693,2.201307299
1152,0,2.699237621,2.265407904
1153,0,1.900320298,1.582667524
1154,0,2.118081690,1.656912938
1155,0,2.089185957,2.138217609
1156,0,2.224402822,2.761668880
1157,0,3.098098398,3.728060989
1158,0,3.031800022,4.323764292
1159,0,3.153920767,3.582507536
1160,0,1.795300131,3.015940050
1161,0,1.787671726,2.429783562
1162,0,1.691382481,1.405124888
1163,0,2.094255820,1.241571787
1164,0,2.279230924,1.390386658
1165,0,2.328372507,1.597839529
1166,0,2.402462915,1.743015190
1167,0,1.278518629,1.182698617
1168,0,1.885671661,2.065908178
1169,0,1.594265752,1.235164229
1170,0,1.947925937,1.262471809
1171,0,2.153549251,1.738646007
1172,0,2.022532238,1.302514401
1173,0,2.598344255,1.746864977
1174,0,2.350305990,1.442137633
1175,0,1.619022699,1.174799160
1176,0,1.938562849,1.605160504
1177,0,2.177552560,2.296951247
1178,0,2.415821174,2.026012141
1179,0,2.564677672,1.832002405
1180,0,2.439476383,2.176600972
1181,0,2.563358974,1.742790565
1182,0,1.456247422,1.223950185
1183,0,2.468942745,1.588715740
1184,0,2.283918016,1.712577790
1185,0,2.609722529,2.687205158
1186,0,2.631951496,1.965073289
1187,0,2.424564142,1.485984072
1188,0,2.099809642,1.424132693
1189,0,1.770272118,1.396827598
1190,0,2.065897256,2.017076376
1191,0,2.669336908,1.867318769
1192,0,2.216750488,1.354420915
1193,0,2.677354421,1.941338653
1194,0,2.671235069,1.999226499
1195,0,2.852218825,1.909857891
1196,0,2.373488951,2.306122458
1197,0,3.376899500,2.801079616
1198,0,2.624994030,2.634629095
1199,0,2.529343445,1.953774938
1200,0,2.478372108,2.559405398
1201,0,2.727698740,3.034522759
1202,0,3.291757858,3.292393096
1203,0,3.300280741,2.906015347
1204,0,2.949374156,2.935476064
1205,0,2.402960806,2.334359200
1206,0,3.111397159,2.247444631
1207,0,2.926471911,2.222082985
1208,0,2.713453702,1.859922875
1209,0,2.715779705,1.866601741
1210,0,2.691663996,1.823189758
1211,0,2.794013163,1.938455423
1212,0,2.833908430,2.466200426
1213,0,2.146026135,2.654240996
1214,0,2.744680159,2.032054279
1215,0,2.721857886,2.392532481
1216,0,2.484612370,2.152599881
1217,0,3.342258822,2.345953118
1218,0,3.215641796,2.332602750
1219,0,3.348203467,2.809737264
1220,0,3.245316379,3.538829874
1221,0,3.340439943,4.017324398
1222,0,3.192000994,3.049634991
1223,0,3.024587813,2.437266133
1224,0,2.393001932,2.142001143
1225,0,2.813476025,2.260768473
1226,0,2.422029414,2.157517696
1227,0,2.318478325,2.379828520
1228,0,2.916714953,2.838055039
1229,0,2.973072616,2.501042896
1230,0,2.833428091,2.750609401
1231,0,2.682174092,2.248768839
1232,0,2.479483045,2.240972662
1233,0,2.742701102,2.126962200
1234,0,2.927653175,2.421126206
1235,0,2.806842445,2.096938106
1236,0,2.428800985,2.040728833
1237,0,2.910816835,2.229527380
1238,0,2.955242723,2.257627676
1239,0,3.122650469,2.901230546
1240,0,3.083736724,2.496317997
1241,0,3.309915453,2.532855052
1242,0,3.288629968,2.499092271
1243,0,3.022048095,2.267908433
1244,0,3.370250964,2.633255599
1245,0,3.023528774,2.262133593
1246,0,2.642912804,2.523763307
1247,0,2.845397892,3.167380065
1248,0,3.023464019,3.045169214
1249,0,3.244648958,2.647152473
1250,0,3.209170043,2.719667271
1251,0,2.858538063,3.405731955
1252,0,2.866381665,3.246879992
1253,0,1.823504162,2.117954564
1254,0,2.567594308,1.980942351
1255,0,2.822311798,2.314522446
1256,0,2.269551726,1.355618371
1257,0,2.422068584,1.628138821
1258,0,2.641896593,1.864339557
1259,0,2.179344979,1.715780673
1260,0,2.229936115,1.308142477
1261,0,2.486247944,1.700113840
1262,0,2.509464724,2.165851427
1263,0,2.200797061,1.347207107
1264,0,2.370880061,1.663987051
1265,0,1.905124481,1.726237994
1266,0,2.567824896,1.604359637
1267,0,2.547179360,1.567313505
1268,0,2.134170126,1.652532380
1269,0,2.594947559,1.897557105
1270,0,2.444123320,1.378646156
1271,0,2.243474128,1.705726704
1272,0,1.567594752,1.172346949
1273,0,1.716328271,0.902049105
1274,0,2.314302026,1.468943871
1275,0,0.782005096,0.719806353
1276,0,2.294410016,1.733908331
1277,0,1.893037424,2.022128772
1278,0,2.582955308,1.784060091
1279,0,3.090988424,2.466995806
1280,0,2.854579802,1.996414075
1281,0,3.182644194,2.162209026
1282,0,2.932329579,2.404648153
1283,0,2.678219490,1.972665040
1284,0,2.724125315,2.872581362
1285,0,2.163784122,1.932933095
1286,0,2.776304471,2.478161415
1287,0,2.934302626,3.669907857
1288,0,3.205634017,4.572294822
1289,0,3.050274541,3.424622112
1290,0,2.910605466,2.975334264
1291,0,2.630220502,2.693894530
1292,0,2.910944061,3.225688170
1293,0,1.797643038,3.008890291
1294,0,2.613425133,3.163055229
1295,0,2.575248020,3.848047539
1296,0,2.819738681,3.129141055
1297,0,2.464543833,2.330187844
1298,0,2.872222781,2.699179516
1299,0,3.108472145,2.496837917
1300,0,3.407506884,2.649211771
1301,0,2.166599544,2.833607901
1302,0,3.166647669,2.646147575
1303,0,3.172200611,2.228592804
1304,0,3.202379501,2.704186195
1305,0,2.892108142,2.413169704
1306,0,2.984148699,2.190702470
1307,0,2.289049436,2.409390809
1308,0,2.874176701,2.199735352
1309,0,3.261828509,2.434955226
1310,0,3.132646658,2.264539382
1311,0,3.013442721,2.506060669
1312,0,2.970696664,2.832917419
1313,0,2.439882100,3.016163437
1314,0,2.880079455,3.481460559
1315,0,3.062879356,4.240701246
1316,0,2.775935874,3.752652838
1317,0,2.414618108,4.394003771
1318,0,2.237919484,3.879589335
1319,0,2.832147497,4.600953179
1320,0,2.877205754,3.412273002
1321,0,2.824361787,3.172567664
1322,0,2.893859594,2.792526756
1323,0,1.898829033,2.509284380
1324,0,2.466255634,2.563527516
1325,0,2.389263211,3.068219202
1326,0,2.890082996,2.489131073
1327,0,2.724673231,3.001294787
1328,0,2.197687031,2.228341654
1329,0,3.031095900,2.210369325
1330,0,2.785717020,2.214061763
1331,0,2.845116777,2.953952274
1332,0,3.364771426,2.450800447
1333,0,2.937434128,2.889087641
1334,0,2.849103214,2.771590938
1335,0,2.946814028,2.420840452
1336,0,2.387186384,2.725007969
1337,0,3.014254623,2.389664654
1338,0,3.042354355,2.552686517
1339,0,3.013495384,2.357798673
1340,0,2.429378886,2.405924327
1341,0,2.821238885,3.133341963
1342,0,2.754865990,5.552158610
1343,0,2.076749184,6.161562594
1344,0,2.592591642,3.956857882
1345,0,2.197016001,5.000274645
1346,0,2.978333064,5.515300249
1347,0,3.545658290,4.829176328
1348,0,3.572958057,5.281252734
1349,0,3.551770193,5.042726822
1350,0,3.299995715,4.075401747
1351,0,2.989137927,2.592988248
1352,0,3.270781673,3.101958582
1353,0,2.394553798,4.264946017
1354,0,2.964809075,3.714821241
1355,0,2.962445250,2.976674209
1356,0,3.015581917,2.955966815
1357,0,3.001764994,2.327453556
1358,0,3.115244364,2.480214676
1359,0,3.413560146,2.824060514
1360,0,2.255101056,2.278209251
1361,0,2.837540128,2.674161963
1362,0,3.260478418,3.404460793
1363,0,2.216517435,3.057678957
1364,0,2.796479808,4.519130967
1365,0,2.713606886,5.408991556
1366,0,2.234087724,2.946201739
1367,0,3.086376743,2.709233326
1368,0,2.800364189,3.096209190
1369,0,1.967781663,2.353549619
1370,0,2.577765839,2.809590665
1371,0,2.836376788,2.640141655
1372,0,2.248717338,2.529886509
1373,0,3.244608932,2.408982065
1374,0,3.425786090,2.828939595
1375,0,3.016607954,2.429189501
1376,0,3.024016556,2.189015906
1377,0,3.361399982,2.430577937
1378,0,2.084690151,1.994708454
1379,0,2.748322834,2.651349720
1380,0,3.011948088,3.080005410
1381,0,2.989607466,3.813854951
1382,0,2.973669221,3.292484794
1383,0,3.115213503,3.773770783
1384,0,2.846668846,2.628057857
1385,0,2.866206190,2.393408077
1386,0,2.973358852,2.708456376
1387,0,2.419965953,2.658576789
1388,0,2.830890654,2.671145730
1389,0,3.034351041,2.879783578
1390,0,2.653352981,2.264360874
1391,0,2.762314532,2.212289530
1392,0,2.412105160,1.744206770
1393,0,2.247699250,1.348925987
1394,0,2.696185593,2.000026227
1395,0,2.292806571,1.693302290
1396,0,2.029269868,1.869157681
1397,0,2.160198333,2.618576648
1398,0,2.080391818,2.986322093
1399,0,2.051361114,2.358981276
1400,0,2.314326325,1.849403410
1401,0,2.438685637,1.585983002
1402,0,2.089393145,1.972026776
1403,0,1.450668516,1.173155038
1404,0,1.953849792,1.291750846
1405,0,1.469406794,0.886708849
1406,0,0.838978786,0.480232904
1407,0,2.048859825,1.575630090
1408,0,1.870528596,2.277376467
1409,0,2.460391837,3.135842765
1410,0,2.577935471,2.680431485
1411,0,2.740180771,2.099933754
1412,0,2.320639248,2.645538486
1413,0,2.740541988,3.348347820
1414,0,2.896988618,3.022684024
1415,0,2.993654654,2.479180547
1416,0,2.181389053,2.797811948
1417,0,2.356440480,2.285351227
1418,0,2.981024921,2.882881996
1419,0,3.052872138,2.527546218
1420,0,2.883310515,2.613254586
1421,0,3.467261401,3.151547781
1422,0,3.141170365,3.871582746
1423,0,3.220013461,3.183284774
1424,0,3.084956262,2.950655626
1425,0,2.917526237,4.020889721
1426,0,3.269218620,5.131323047
1427,0,3.548173587,4.255664716
1428,0,1.525542446,3.064227440
1429,0,1.508424794,3.456798960
1430,0,1.851321043,4.520770365
1431,0,2.358251896,3.135214178
1432,0,2.720497577,2.959832385
1433,0,2.402841916,1.884104500
1434,0,2.387093824,2.177352437
1435,0,2.911754392,2.245768021
1436,0,2.654521213,2.161504726
1437,0,2.109656690,1.546328780
1438,0,1.944377207,1.521319263
1439,0,1.089504731,0.694668445
1440,0,2.386136177,2.904661441
1441,0,2.151509237,1.643165004
1442,0,2.686657955,1.576349220
1443,0,2.800639136,2.045661937
1444,0,2.319670249,2.925605625
1445,0,2.197420585,2.664406887
1446,0,1.579862030,1.391599738
1447,0,1.959632794,1.203841826
1448,0,2.099380688,1.500983514
1449,0,2.140672106,1.309324326
1450,0,2.048578288,1.168140598
1451,0,2.029867604,1.271819346
1452,0,1.556958315,1.503949769
1453,0,1.418118669,0.941516422
1454,0,2.197176417,2.161002838
1455,0,2.278742182,2.461132326
1456,0,2.061845094,1.343901712
1457,0,1.886938545,1.336151740
1458,0,0.972992271,0.807110294
1459,0,1.447077298,1.000000000
1460,0,2.171427865,1.740956596
1461,0,2.083808956,1.309454573
1462,0,2.440384577,1.969363023
1463,0,0.999022639,0.963195058
1464,0,1.677189835,2.307786163
1465,0,-0.000000000,0.000000000
1466,0,0.591672779,0.285714286
1467,0,1.000000000,1.000000000
1468,0,1.775858948,1.076923077
1469,0,1.972048085,1.335793358
1470,0,2.435980385,1.640463918
1471,0,2.268936909,1.829133540
1472,0,2.278290331,1.928213066
1473,0,2.171688347,1.480753895
1474,0,2.114986516,1.371890527
1475,0,2.509961395,1.441618142
1476,0,2.579855979,1.650632764
1477,0,2.206772311,1.819935068
1478,0,2.577078138,1.708771673
1479,0,2.224172773,1.270175104
1480,0,2.202109134,1.755733339
1481,0,2.050565735,2.165349205
1482,0,1.529425019,1.688259500
1483,0,2.086459459,3.158666619
1484,0,1.470594558,2.589209129
1485,0,2.215845203,2.006128272
1486,0,2.239124278,1.384582404
1487,0,2.199471796,1.551917087
1488,0,2.557975394,2.496335903
1489,0,2.138286782,1.190784198
1490,0,2.552787563,1.643593808
1491,0,2.123751270,1.206057338
1492,0,2.626400261,1.850190522
1493,0,2.914403787,1.873970054
1494,0,2.667813745,1.948722529
1495,0,2.614754014,1.621465901
1496,0,2.509349897,2.380662745
1497,0,3.440946748,2.523339206
1498,0,2.222831496,2.351646366
1499,0,2.197884064,2.643977304
1500,0,2.900408031,3.563756070
1501,0,2.778859192,2.333035120
1502,0,3.256214344,3.107469192
1503,0,3.184491316,3.261982256
1504,0,3.044153222,3.891818583
1505,0,3.288062328,3.862290609
1506,0,3.402598626,4.534856531
1507,0,3.173975017,6.084365178
1508,0,3.180578985,5.666870387
1509,0,3.291403269,7.236540229
1510,0,3.580021746,7.428256043
1511,0,3.453359143,6.727774499
1512,0,3.208860105,7.202882929
1513,0,3.214062150,6.703874795
1514,0,3.251794901,7.089985536
1515,0,3.229293719,4.742437993
1516,0,3.343768922,3.265335508
1517,0,3.043427385,2.835373599
1518,0,2.364185123,2.976605048
1519,0,1.927606363,3.078208056
1520,0,2.578537273,3.356589536
1521,0,2.823630520,3.177493852
1522,0,3.305366435,2.402598651
1523,0,3.089531668,2.974207825
1524,0,3.036874247,3.578661432
1525,0,3.059914132,2.859169494
1526,0,2.768503093,2.260120110
1527,0,2.942895574,2.198378592
1528,0,3.266273008,2.733943197
1529,0,2.944342378,2.429879465
1530,0,3.277516037,2.306527867
1531,0,2.953693412,2.324898150
1532,0,3.057113875,2.679191898
1533,0,3.145661000,3.330967726
1534,0,2.444312700,3.097744222
1535,0,1.995718565,2.767752328
1536,0,2.617688633,3.156078982
1537,0,2.173683958,3.009968512
1538,0,2.934833242,3.969351257
1539,0,2.936339137,3.678272832
1540,0,3.019030294,3.696315224
1541,0,3.015405139,2.849890437
1542,0,3.251926271,2.946071471
1543,0,3.434206957,3.586504248
1544,0,2.987600156,4.300409631
1545,0,2.614318716,4.423914257
1546,0,2.702766926,3.301609776
1547,0,3.201962444,3.673989787
1548,0,2.718739037,3.143133409
1549,0,3.172185716,2.969484043
1550,0,3.509536754,3.159980601
1551,0,3.175451278,2.635558540
1552,0,3.422325220,3.148634808
1553,0,3.335374290,3.670388498
1554,0,3.170949658,2.699211524
1555,0,2.847090842,2.208022511
1556,0,3.275613549,2.648180135
1557,0,3.236736102,2.340196884
1558,0,3.299432483,2.438713570
1559,0,1.788884182,2.741011867
1560,0,2.274477892,2.988257366
1561,0,2.793417534,2.457246509
1562,0,3.373033570,3.181776521
1563,0,3.295188882,2.530673104
1564,0,3.415762600,3.268335382
1565,0,3.301668233,2.694865460
1566,0,3.452838005,3.453685940
1567,0,3.575150417,4.030460450
1568,0,3.030290641,2.454636118
1569,0,1.995749325,2.170929004
1570,0,2.143069360,2.306216981
1571,0,2.417210708,3.243893732
1572,0,2.381713171,2.493307854
1573,0,2.373103740,1.665402274
1574,0,2.520126543,1.665717289
1575,0,2.532178845,1.861484878
1576,0,2.251449569,2.048741968
1577,0,2.175923003,1.361479364
1578,0,2.140513590,1.410595400
1579,0,2.108356147,1.867716681
1580,0,1.474272289,1.432578383
1581,0,2.054187818,2.150874228
1582,0,1.501542915,1.185721647
1583,0,2.070561151,1.918737244
1584,0,2.140391221,1.570470863
1585,0,2.460667880,1.664398085
1586,0,2.288935785,1.926080619
1587,0,2.463158986,1.983724774
1588,0,2.484431645,1.827510835
1589,0,1.407357137,1.228782037
1590,0,2.013483135,1.206010877
1591,0,2.133155616,1.358517033
1592,0,2.112460177,1.533097703
1593,0,2.072593672,2.172109628
1594,0,2.118300033,1.364876027
1595,0,2.297726326,1.969288519
1596,0,1.930512423,1.622428066
1597,0,1.551314851,1.125556206
1598,0,1.085295230,0.391813115
1599,0,1.694901708,1.362055916
1600,0,0.236594701,0.077527357
1601,0,2.118297351,1.500000000
1602,0,1.923753078,2.225153667
1603,0,2.176546215,1.401594095
1604,0,1.990878303,1.479893181
1605,0,1.838261851,1.274991357
1606,0,2.107620861,1.499511933
1607,0,2.643390181,2.128164525
1608,0,2.493090389,1.878076745
1609,0,2.813096439,2.324754834
1610,0,2.601238309,2.178552905
1611,0,2.959158787,2.447515473
1612,0,2.774207887,2.722550209
1613,0,3.112617045,2.432413707
1614,0,3.152322031,2.568581958
1615,0,3.464550104,2.705025892
1616,0,3.001184176,2.501176356
1617,0,3.549376281,2.819190505
1618,0,3.021353246,2.813037550
1619,0,2.854503522,2.844127885
1620,0,3.467746152,3.024781521
1621,0,3.174306028,2.743032112
1622,0,3.467471588,3.234935273
1623,0,3.454050484,2.629957594
1624,0,2.564647996,3.029553447
1625,0,2.411629978,2.132055820
1626,0,2.343430907,2.430206294
1627,0,3.471788568,2.521967111
1628,0,3.005560558,2.621246223
1629,0,3.189215294,3.235011042
1630,0,3.423131697,2.916410194
1631,0,2.512707699,3.165889964
1632,0,1.955470905,2.421752758
1633,0,2.485990700,3.179872915
1634,0,1.977171476,3.808546912
1635,0,3.101903007,3.171316050
1636,0,2.342115207,1.950103586
1637,0,2.641798857,2.409881977
1638,0,3.176671291,2.698806278
1639,0,1.582983886,1.811746380
1640,0,0.873774699,0.944462809
1641,0,1.880722056,1.524477093
1642,0,1.802640179,1.453193773
1643,0,2.199361963,1.481866502
1644,0,2.427596215,1.649331577
1645,0,1.936761621,1.342797444
1646,0,1.645328339,0.849131515
1647,0,2.032188203,1.360147119
1648,0,1.612123792,2.062747074
1649,0,2.721114405,1.913387843
1650,0,2.057768188,1.675509145
1651,0,3.260003231,2.190101401
1652,0,3.166221324,2.384376191
1653,0,3.466809007,3.158907959
1654,0,3.150881922,3.355221846
1655,0,2.927828981,4.044682629
1656,0,2.792703248,4.341416870
1657,0,2.922230437,5.374828709
1658,0,3.165569096,6.591237722
1659,0,3.518517120,6.096459711
1660,0,3.841731580,5.221160414
1661,0,3.872014354,6.075947021
1662,0,3.707069476,6.479273413
1663,0,1.878967153,3.372840116
1664,0,3.229143994,2.805794677
1665,0,2.588590009,2.100164228
1666,0,2.745161204,2.583625655
1667,0,2.889371089,2.683023684
1668,0,2.289599915,1.696586083
1669,0,3.056190966,2.571166608
1670,0,3.088174002,3.054575295
1671,0,2.999673341,4.332266875
1672,0,3.036073535,3.161877039
1673,0,2.705934291,3.880407472
1674,0,3.045744076,3.779601215
1675,0,2.315602321,2.226566434
1676,0,2.689081635,2.408676666
1677,0,2.813217888,1.949301931
1678,0,2.595983447,1.984746899
1679,0,2.980149612,2.326731197
1680,0,2.856368587,2.896126272
1681,0,3.002040890,2.731472705
1682,0,2.186190779,2.892433042
1683,0,2.543510197,2.151038548
1684,0,2.412680493,1.523755289
1685,0,1.453183226,0.908150628
1686,0,1.880354573,1.039588966
1687,0,2.400434292,1.387269142
1688,0,2.197064134,1.248632016
1689,0,1.704079449,0.919432596
1690,0,2.053760112,1.285057713
1691,0,2.622785484,2.039216261
1692,0,2.434500800,1.530920655
1693,0,2.210167896,1.494334028
1694,0,2.125225380,1.545263286
1695,0,1.587058224,1.008110325
1696,0,1.845337218,1.384720208
1697,0,2.076852969,1.344904320
1698,0,2.646181462,1.619870944
1699,0,2.433838087,1.419203194
1700,0,2.492747245,1.986555780
1701,0,2.653499825,1.560955882
1702,0,1.750671316,1.760400861
1703,0,2.271949891,1.598089451
1704,0,2.316380555,2.575482836
1705,0,2.213299252,2.971074268
1706,0,2.631426449,2.166307246
1707,0,2.531504376,1.553650765
1708,0,2.500171998,1.627344354
1709,0,2.061527209,1.584392080
1710,0,3.073557591,2.343860716
1711,0,2.270896753,2.802811113
1712,0,2.484411824,2.960766663
1713,0,2.615601775,3.025473960
1714,0,2.630359590,2.339475017
1715,0,2.575938927,1.734597220
1716,0,2.912430727,2.634027414
1717,0,2.612847544,3.056479998
1718,0,2.628678789,2.219074266
1719,0,2.613562056,1.935477632
1720,0,2.982945298,1.934685353
1721,0,2.119715318,1.965495919
1722,0,2.778829182,1.842123563
1723,0,2.634883584,1.829930776
1724,0,1.529044556,1.273925154
1725,0,2.177686077,1.258190103
1726,0,2.074075396,1.099701781
1727,0,2.266854028,1.477351619
1728,0,2.617291531,1.691143030
1729,0,2.799741495,1.658861921
1730,0,2.820592639,2.075848871
1731,0,2.632722389,2.292706038
1732,0,2.916255362,3.036059738
1733,0,3.052059736,2.688546854
1734,0,2.361515441,3.624468362
1735,0,2.886090368,4.211933886
1736,0,3.126703934,5.577521218
1737,0,2.190561872,8.160238247
1738,0,2.600464892,5.780436113
1739,0,1.263194092,4.757446918
1740,0,2.187832956,5.739421116
1741,0,2.525794015,6.784600062
1742,0,2.266177841,5.789383453
1743,0,2.032117799,4.853771351
1744,0,1.498577913,3.847991524
1745,0,1.262359493,2.914296495
1746,0,-0.000000000,0.000000000
1747,0,-0.000000000,0.000000000
1748,0,0.591672779,1.714285714
1749,0,0.097940583,0.025316456
1750,0,0.368115005,0.141176471
1751,0,-0.000000000,0.000000000
1752,0,-0.000000000,0.000000000
1753,0,-0.000000000,0.000000000
1754,0,0.591672779,0.285714286
1755,0,0.097940583,0.025316456
1756,0,0.605664290,0.285714286
1757,0,0.985689605,1.140615570
1758,0,0.945292964,0.726364335
1759,0,0.831172850,0.525910001
1760,0,0.710411757,0.285714286
1761,0,0.749824877,0.323252311
1762,0,0.996959102,0.935095328
1763,0,0.977800733,0.371610657
1764,0,0.999953157,0.991941582
1765,0,0.757410712,1.563009095
1766,0,0.699874309,0.285714286
1767,0,0.717047974,0.351201954
1768,0,0.687927086,0.287318325
1769,0,0.602360299,0.294062050
1770,0,0.677724250,1.798303443
1771,0,0.519280093,0.233043973
1772,0,0.997237409,1.061865329
1773,0,0.834883616,0.530932664
1774,0,0.983036864,1.153047668
1775,0,0.866465453,0.576523834
1776,0,0.715453558,0.285714286
1777,0,0.535236637,0.244108204
1778,0,0.668135155,1.784030915
1779,0,0.989410117,0.878984550
1780,0,0.887686004,0.610621234
1781,0,-0.000000000,0.000000000
1782,0,-0.000000000,0.000000000
1783,0,1.000000000,1.000000000
1784,0,0.918295834,1.333333333
1785,0,1.251629167,1.666666667
1786,0,0.970950594,0.800000000
1787,0,1.448815636,1.142857143
1788,0,1.478153487,2.000000000
1789,0,2.481897509,3.000000000
1790,0,2.324167994,3.116822430
1791,0,2.593082169,2.766896552
1792,0,1.741364782,2.794360385
1793,0,1.947610894,2.254470426
1794,0,2.346078143,2.648499314
1795,0,3.077838852,2.709046849
1796,0,1.810462038,2.325460537
1797,0,2.748191145,4.276711294
1798,0,2.726264731,4.873947137
1799,0,3.171771151,4.055413414
1800,0,2.364946455,4.661967774
1801,0,3.325195365,5.169111742
1802,0,3.024688193,4.371533820
1803,0,2.925637498,3.542067655
1804,0,2.045063877,2.794380759
1805,0,2.977706221,3.661022348
1806,0,3.029707907,4.728138727
1807,0,1.378442863,4.347487155
1808,0,2.469808259,5.547925458
1809,0,2.488471247,3.967472703
1810,0,2.672549853,4.241104035
1811,0,2.529906556,2.898193071
1812,0,2.258417603,2.245209881
1813,0,1.411517973,1.734506876
1814,0,2.206045358,1.936225138
1815,0,2.247157856,2.022352863
1816,0,2.065013618,2.154452347
1817,0,2.335681401,2.857027889
1818,0,1.922785993,1.971358451
1819,0,2.251099767,2.805982010
1820,0,2.249383665,3.279344456
1821,0,0.867718115,1.382672173
1822,0,0.818338851,0.589217072
1823,0,1.264202866,1.184738933
1824,0,1.413746407,1.043659582
1825,0,1.168967827,0.739311611
1826,0,1.437551906,1.305851074
1827,0,1.208635111,1.420955252
1828,0,0.159271834,0.072602736
1829,0,1.031594172,1.018554116
1830,0,1.193104414,0.750465187
1831,0,1.624600379,1.114779845
1832,0,1.050469435,0.904687687
1833,0,1.100488695,1.364115493
1834,0,0.870076209,0.359928077
1835,0,1.210344727,1.039872806
1836,0,1.512287423,1.968930320
1837,0,1.079580602,2.930355745
1838,0,0.083336342,0.041540955
1839,0,0.685394359,0.313902791
1840,0,1.360566897,1.031298698
1841,0,1.451171162,0.865729736
1842,0,0.706299072,0.365153045
1843,0,1.039350268,1.017859189
1844,0,1.031642329,2.017671329
1845,0,2.522616474,3.017671329
1846,0,2.228047671,2.691382447
1847,0,2.467504935,3.492432109
1848,0,2.476999464,3.365864863
1849,0,2.104042376,2.531291168
1850,0,2.384277033,3.498367873
1851,0,3.142593888,3.117077493
1852,0,2.870632911,3.841878176
1853,0,2.813761197,3.515168217
1854,0,2.921643206,3.628309528
1855,0,3.195926443,3.753203754
1856,0,3.174271536,4.126907764
1857,0,2.253532599,3.115567638
1858,0,2.921234137,2.892567777
1859,0,3.252592004,2.815293007
1860,0,2.673866304,2.814220857
1861,0,2.723508962,2.732893276
1862,0,2.591075252,3.357512832
1863,0,2.041602875,3.118844512
1864,0,2.179847107,2.401609425
1865,0,1.909789406,1.531170342
1866,0,1.944346977,2.030106070
1867,0,1.053563277,1.235143323
1868,0,0.464468943,0.394308565
1869,0,1.464468943,1.197154282
1870,0,0.641847119,0.521461075
1871,0,1.620539048,1.554736384
1872,0,1.392896701,0.834186391
1873,0,2.060352327,1.637033486
1874,0,1.834248544,2.301144477
1875,0,0.955688157,1.349682109
1876,0,1.525425490,1.633175180
1877,0,0.827897579,1.014077646
1878,0,1.217509047,1.558854792
1879,0,1.397049343,1.620080821
1880,0,0.613816233,0.598757307
1881,0,1.175265362,0.783760577
1882,0,0.732149889,0.719834677
1883,0,1.364670220,1.050277438
1884,0,1.277526991,1.174383273
1885,0,0.382479743,0.300508955
1886,0,0.345060460,0.277996499
1887,0,1.240440981,1.166948231
1888,0,1.039413792,0.488863476
1889,0,1.480250333,1.226589775
1890,0,1.326012377,0.845187147
1891,0,1.708264911,1.160408018
1892,0,1.059353847,0.701488912
1893,0,1.262994184,0.666904925
1894,0,1.426913128,0.967429730
1895,0,1.758902967,1.659678497
1896,0,0.082821564,0.046405351
1897,0,1.075502343,1.044639469
1898,0,1.224913904,1.511420336
1899,0,1.204018519,1.739275550
1900,0,1.343696381,1.051925244
1901,0,1.918952062,1.177846338
1902,0,1.546850357,1.635945771
1903,0,1.724716785,3.360741849
1904,0,1.668911770,2.551100498
1905,0,2.324249715,1.904832915
1906,0,2.132049559,2.123318551
1907,0,1.508186149,3.963572176
1908,0,2.142314417,4.717951855
1909,0,1.940047158,3.808842561
1910,0,1.694102594,2.841974339
1911,0,2.195968300,2.764022831
1912,0,2.317469321,2.977295701
1913,0,1.604902016,4.356395823
1914,0,2.078644141,4.222538701
1915,0,2.193722218,3.551480549
1916,0,2.273190427,4.152505289
1917,0,2.090929488,4.265868798
1918,0,1.751677536,5.626983630
1919,0,1.684835373,3.898436498
1920,0,1.881318345,1.134998969
1921,0,1.914083301,1.447031373
1922,0,1.847418588,1.570013245
1923,0,2.072199271,1.407597169
1924,0,1.942444842,2.031106772
1925,0,1.809132224,1.573481164
1926,0,2.109709229,2.578827895
1927,0,1.850233571,2.313720785
1928,0,2.182036696,1.734783931
1929,0,2.118312726,1.382271592
1930,0,1.665785158,1.254412639
1931,0,1.855699797,1.214442428
1932,0,2.313018915,1.651567587
1933,0,1.386342767,0.902204317
1934,0,0.000004689,0.000000878
1935,0,1.584966079,1.333333925
1936,0,1.481391581,1.315068999
1937,0,1.920798986,1.329749513
1938,0,2.313055656,1.465651193
1939,0,1.715120153,0.913684655
1940,0,1.708462575,1.444040931
1941,0,2.103656176,1.302798025
1942,0,2.248083785,1.698781237
1943,0,2.157771835,1.319542320
1944,0,2.517582720,1.786091037
1945,0,1.679276933,0.881791931
1946,0,1.899687895,1.015864950
1947,0,2.116070044,1.821394200
1948,0,0.977445342,0.823636053
1949,0,1.910777664,1.333333350
1950,0,1.537061730,1.089464448
1951,0,1.748519099,2.324041467
1952,0,1.206332385,1.966437192
1953,0,2.064410217,1.359607495
1954,0,0.000000003,0.000000001
1955,0,1.584962502,1.333333334
1956,0,1.200814751,0.455445545
1957,0,2.063584822,1.371287129
1958,0,2.265606162,1.744940978
1959,0,1.943559019,1.527430601
1960,0,2.383677264,1.671560029
1961,0,2.321988578,2.294508605
1962,0,1.525629735,2.418924780
1963,0,2.110565425,3.239907753
1964,0,2.689543928,2.541845142
1965,0,2.457822727,1.940745657
1966,0,1.460861227,1.380972541
1967,0,0.719044460,1.890653608
1968,0,1.000000000,1.000000000
1969,0,0.000000000,0.000000000
1970,0,1.000000000,1.000000000
1971,0,1.500000000,1.000000000
1972,0,1.942441483,1.325842697
1973,0,2.288950572,2.011718750
1974,0,1.642467647,0.868840752
1975,0,1.884249969,1.071465588
1976,0,2.155050712,1.471261981
1977,0,0.726278806,0.404372198
1978,0,1.827055436,1.333333333
1979,0,1.567049324,1.008971604
1980,0,1.789828295,1.568219761
1981,0,2.002295177,1.297490771
1982,0,2.370157508,1.884551697
1983,0,2.173334068,1.635080823
1984,0,2.254280953,1.606205819
1985,0,1.522163633,1.659757169
1986,0,1.603231055,1.038198718
1987,0,1.916505188,1.350105708
1988,0,0.998902246,1.039005431
1989,0,2.210621762,1.413416214
1990,0,0.978973227,0.829684393
1991,0,1.911286910,1.886456262
1992,0,1.849712046,1.148420257
1993,0,2.134459914,1.198154265
1994,0,1.472773332,0.622814819
1995,0,1.256304868,0.576049510
1996,0,0.906055747,0.355829201
1997,0,1.674798801,1.335963614
1998,0,0.000000000,0.000000000
1999,0,1.584962501,1.333333333
2000,0,1.481388462,1.904109589
2001,0,1.756647282,1.573814295
2002,0,0.990752946,0.886899486
2003,0,1.495376473,1.886899486
2004,0,1.859423647,1.506799706
2005,0,2.510479274,2.261759144
2006,0,2.119810705,1.499098611
2007,0,1.804114602,1.455004702
2008,0,1.971113620,1.162775797
2009,0,2.327732211,1.779778084
2010,0,2.352421443,1.399867718
2011,0,2.145523081,1.375219404
2012,0,2.581045831,1.990221310
2013,0,2.147441141,1.348227168
2014,0,2.194017168,1.475290548
2015,0,1.912704366,1.312731294
2016,0,1.874400334,2.024551417
2017,0,1.955583587,1.283841091
2018,0,2.085481981,1.765277014
2019,0,1.873423913,1.402536899
2020,0,1.863014522,1.528588177
2021,0,2.199116706,1.945795320
2022,0,1.845389005,2.129739796
2023,0,1.494328702,1.775640906
2024,0,1.857250444,1.186546269
2025,0,2.263156363,2.028778987
2026,0,2.242281375,2.798376064
2027,0,2.551447434,3.828425131
2028,0,1.326066794,2.812904939
2029,0,0.683164071,0.362831194
2030,0,0.655783321,0.338323239
2031,0,0.596381333,0.289372516
2032,0,0.000000000,0.000000000
2033,0,0.000000000,0.000000000
2034,0,0.000000000,0.000000000
2035,0,0.000000000,0.000000000
2036,0,1.000000000,1.000000000
2037,0,0.734529921,0.285714286
2038,0,0.371232327,0.142857143
2039,0,0.353359335,0.133333333
2040,0,0.681939311,0.296774194
2041,0,0.168644764,0.039215686
2042,0,1.074756193,0.507314037
2043,0,0.000000000,0.000000000
2044,0,0.000000000,0.000000000
2045,0,0.591672779,0.285714286
2046,0,0.543564443,0.250000000
2047,0,0.634309555,0.320000000
2048,0,0.682288429,0.285714286
2049,0,0.657508979,0.318471338
2050,0,0.654731973,0.330413893
2051,0,0.994236489,0.910673202
2052,0,1.510237048,1.622250106
2053,0,1.868311522,1.194285363
2054,0,2.234083360,2.293409876
2055,0,2.036366783,3.076227905
2056,0,2.047811583,1.760104536
2057,0,2.156857654,1.662628535
2058,0,2.256979311,1.780869953
2059,0,2.493285263,1.477485511
2060,0,1.814282727,0.860023745
2061,0,1.835495867,1.257285252
2062,0,2.238068200,1.589442019
2063,0,2.468708994,2.201771060
2064,0,2.350936867,1.899452904
2065,0,2.016778015,2.239696058
2066,0,2.631453764,1.963313186
2067,0,2.135353575,2.717720477
2068,0,1.629782659,1.270473831
2069,0,2.297599431,1.851238824
2070,0,1.973120385,1.277460328
2071,0,1.831363381,1.352672569
2072,0,1.790605760,1.668582921
2073,0,1.792731308,1.292363113
2074,0,1.847817747,2.046473204
2075,0,2.462970057,2.016493919
2076,0,2.323121202,1.570563154
2077,0,2.055269307,2.242699775
2078,0,1.691882245,1.769383673
2079,0,1.525300470,1.153488380
2080,0,2.083628417,1.426559305
2081,0,1.849316668,1.050705814
2082,0,-0.000000000,0.000000000
2083,0,1.000000000,1.000000000
2084,0,1.918295834,1.333333333
2085,0,2.109016299,1.444444444
2086,0,1.958526573,2.010101010
2087,0,2.239400016,1.681525038
2088,0,1.941179534,1.243437248
2089,0,2.177054578,1.721418327
2090,0,2.264134958,2.206141325
2091,0,2.020724654,1.569347580
2092,0,2.094215738,1.925284450
2093,0,1.810310159,1.911983971
2094,0,2.478726838,1.910168248
2095,0,2.246115123,1.396140552
2096,0,2.473193446,1.906443168
2097,0,2.281545862,1.690049343
2098,0,-0.000000000,0.000000000
2099,0,1.000000000,1.000000000
2100,0,1.186278124,0.500000000
2101,0,1.182595284,1.037181996
2102,0,1.198870323,0.508051429
2103,0,0.999877158,0.986950491
2104,0,1.775802252,1.987954300
2105,0,0.995160800,0.918140053
2106,0,1.773625472,1.076923077
2107,0,1.968904724,1.359367340
2108,0,2.419966431,1.526067016
2109,0,2.049799579,1.400789375
2110,0,2.192150876,1.869810553
2111,0,2.039292767,1.691444982
2112,0,1.968350211,1.349642760
2113,0,1.507969861,1.223822926
2114,0,2.480714207,1.648501299
2115,0,2.117671847,1.434110473
2116,0,1.613265463,1.295524017
2117,0,1.024137033,1.183510887
2118,0,1.435925584,1.134959895
2119,0,1.530029565,1.104754330
2120,0,2.089531235,1.300887245
2121,0,1.831722577,2.227362744
2122,0,1.779063978,1.665625817
2123,0,1.918703964,2.362187487
2124,0,2.485285985,1.851679066
2125,0,2.110260278,1.700726887
2126,0,1.985478659,1.715919543
2127,0,2.284225407,2.602044699
2128,0,1.944742567,1.904126534
2129,0,2.084535837,1.827550371
2130,0,1.844438794,1.810184074
2131,0,1.650971981,1.197465048
2132,0,1.932902935,2.039685482
2133,0,2.105404743,2.745381229
2134,0,1.340916249,2.915040523
2135,0,2.151257849,2.053773222
2136,0,2.295702682,1.700993474
2137,0,2.295044868,1.612606675
2138,0,1.926508664,1.253613517
2139,0,2.079702738,1.662539758
2140,0,2.471543805,2.586488070
2141,0,2.060234663,1.811864351
2142,0,1.726510135,1.172356291
2143,0,1.524271284,1.602567076
2144,0,2.491134045,2.668805897
2145,0,2.129785325,2.025187385
2146,0,2.467161716,1.827644545
2147,0,0.999671361,0.978656250
2148,0,1.186237045,0.500000000
2149,0,1.183022452,1.035978221
2150,0,1.622803312,1.022915787
2151,0,0.993355037,0.904095243
2152,0,1.772792042,1.076923077
2153,0,1.433380652,1.305720595
2154,0,2.029903415,2.051678806
2155,0,1.992306069,1.497594576
2156,0,2.076669448,1.927772215
2157,0,2.008659147,1.329842096
2158,0,1.413439834,1.205678581
2159,0,1.887157850,2.064655052
2160,0,1.503325698,2.452794951
2161,0,1.549100001,1.799321300
2162,0,2.507007817,1.723315120
2163,0,2.057320048,1.978786024
2164,0,2.483942056,2.951918303
2165,0,2.216756756,1.982163006
2166,0,2.119674879,2.397531375
2167,0,2.051748807,1.764589343
2168,0,2.498255007,1.724139188
2169,0,2.134859008,1.440631615
2170,0,2.474337566,1.872674692
2171,0,2.048046034,1.254658254
2172,0,2.102619102,1.629988138
2173,0,2.220997095,1.675682907
2174,0,2.287769374,1.901191161
2175,0,1.904202472,1.796638064
2176,0,2.135728555,2.209870889
2177,0,0.836329050,1.065812843
2178,0,1.465328579,1.461112234
2179,0,2.192129127,2.461112234
2180,0,2.294471600,1.524679827
2181,0,0.974832323,1.186242982
2182,0,1.764243097,2.171916598
2183,0,1.673939676,1.194501395
2184,0,1.263217920,1.728608759
2185,0,2.237777766,1.606209843
2186,0,2.006085564,2.013902486
2187,0,1.674096447,2.551871869
2188,0,2.462073393,1.968445261
2189,0,2.102675404,2.227140123
2190,0,2.219175439,2.225313355
2191,0,1.854689258,1.829351280
2192,0,1.462411407,1.372997217
2193,0,0.758643029,0.876666864
2194,0,1.528607540,1.180894198
2195,0,1.901658377,1.831131859
2196,0,2.483119668,1.663416368
2197,0,2.203237189,2.063462413
2198,0,1.531869990,2.302595552
2199,0,2.225585144,3.321376417
2200,0,-0.000000000,0.000000000
2201,0,0.591672779,0.285714286
2202,0,0.782868334,0.409090909
2203,0,0.648526107,1.667953668
2204,0,1.388959036,1.000000000
2205,0,0.816463846,0.506596306
2206,0,1.739291184,1.490505654
2207,0,1.800725606,2.206064941
2208,0,1.895907027,1.964995308
2209,0,1.993043325,2.394648403
2210,0,1.938512432,2.110591137
2211,0,1.999902250,1.580235504
2212,0,2.608211025,2.547393383
2213,0,1.231428856,2.422542793
2214,0,1.815053324,2.257249086
2215,0,1.623522900,1.485440058
2216,0,2.087491016,1.545772964
2217,0,1.855499890,1.540454710
2218,0,0.918787784,0.667652142
2219,0,1.140302446,2.308400599
2220,0,1.404341942,1.440595822
2221,0,1.750307740,1.240276632
2222,0,1.685784070,1.244542956
2223,0,1.424825729,1.105162986
2224,0,1.479953212,1.859793812
2225,0,0.863864252,0.368603133
2226,0,0.827294555,0.564745160
2227,0,0.736025798,0.335353081
2228,0,1.101341302,1.112135251
2229,0,1.098942951,2.214457880
2230,0,1.646481696,2.165754442
2231,0,1.950504576,2.617161917
2232,0,1.987087445,1.885633611
2233,0,1.948759295,1.681098206
2234,0,1.848902064,2.119736380
2235,0,1.465729781,1.050560644
2236,0,1.217848179,0.858649947
2237,0,1.522544845,1.564058305
2238,0,1.471088602,1.235220857
2239,0,1.555216155,1.853323307
2240,0,1.288891867,1.278894129
2241,0,0.775504623,0.495691612
2242,0,0.750940078,0.498962114
2243,0,0.684334090,1.703442375
2244,0,1.434618963,1.061207707
2245,0,1.618936543,1.813374103
2246,0,0.654160046,0.336911568
2247,0,0.519294783,0.233054026
2248,0,1.126189972,0.500000000
2249,0,1.667403585,1.246556872
2250,0,1.933804931,1.320705363
2251,0,2.138966235,1.703120587
2252,0,1.970297199,1.133696353
2253,0,2.002629891,1.500370628
2254,0,2.070974927,1.214399814
2255,0,2.263065627,1.614356081
2256,0,1.601030388,0.819175194
2257,0,0.999473162,1.027023397
2258,0,-0.000000000,0.000000000
2259,0,1.000000000,1.000000000
2260,0,1.775858948,2.000000000
2261,0,0.995727452,1.076923077
2262,0,1.916871651,1.333333333
2263,0,1.455919551,1.140243902
2264,0,1.230166989,0.528660468
2265,0,1.654251393,1.169808590
2266,0,1.867098426,1.095149857
2267,0,2.231335503,1.684775443
2268,0,1.942212035,1.952702077
2269,0,2.056186867,2.050046010
2270,0,1.840294190,1.160905032
2271,0,1.994038922,1.456126659
2272,0,2.111935431,1.287909020
2273,0,2.156419283,2.091199521
2274,0,1.903870980,2.187290681
2275,0,2.179591956,1.539000411
2276,0,2.288121730,1.589289293
2277,0,2.289961390,2.310268381
2278,0,2.277351367,1.931605498
2279,0,2.012112452,1.268509822
2280,0,1.622526620,1.736982576
2281,0,1.798809517,1.377377492
2282,0,1.799369095,3.672243792
2283,0,2.174878957,2.372328524
2284,0,1.484985767,4.677638815
2285,0,1.338646889,4.465541281
2286,0,1.095235151,1.736599456
2287,0,0.706676373,3.229991678
2288,0,1.230312280,3.031437763
2289,0,1.977653265,2.461909868
2290,0,2.200074069,2.484958073
2291,0,1.869712505,2.277996149
2292,0,1.986913664,2.007912309
2293,0,1.497065383,3.361245030
2294,0,1.843821396,1.739513835
2295,0,1.784270534,2.491077358
2296,0,1.351850186,3.254160302
2297,0,1.593314554,3.127865721
2298,0,1.045010176,5.342412421
2299,0,1.751069260,4.269367535
2300,0,1.843173479,5.005827505
2301,0,0.763298369,1.556557119
2302,0,1.381649185,1.000000000
2303,0,0.978875596,0.829291392
2304,0,1.766109223,1.076923077
2305,0,2.251745019,1.512198676
2306,0,2.016354030,2.034214570
2307,0,2.257831648,1.574030679
2308,0,1.569386426,0.789555325
2309,0,2.245711659,1.807537395
2310,0,2.031137024,2.053328837
2311,0,2.002948394,1.506374867
2312,0,2.107961141,1.318249907
2313,0,1.736676449,1.040567437
2314,0,1.647487578,1.185168674
2315,0,0.771641037,0.767958452
2316,0,1.350264000,1.274898743
2317,0,1.580974591,0.875814794
2318,0,1.581638383,1.247534301
2319,0,1.882850993,1.185007541
2320,0,2.480790515,1.670411916
2321,0,2.175767231,1.480264777
2322,0,1.485394516,1.220264905
2323,0,1.991503626,1.242156990
2324,0,1.491491239,1.480316569
2325,0,1.736374415,1.197079173
2326,0,1.715729910,1.553741961
2327,0,1.631444861,1.129142553
2328,0,1.691571618,1.273703949
2329,0,2.018900848,1.941333196
2330,0,2.115048681,2.485225435
2331,0,2.049694548,1.819988092
2332,0,2.142785103,1.520498712
2333,0,2.210055767,1.567807828
2334,0,2.419068796,1.949219153
2335,0,2.149834682,2.347897909
2336,0,2.191260721,2.199259116
2337,0,1.988508691,1.283796604
2338,0,2.143410277,1.449092722
2339,0,2.293057550,2.020314560
2340,0,2.075823725,1.243931502
2341,0,0.998314920,1.048322949
2342,0,-0.000000000,0.000000000
2343,0,1.000000000,1.000000000
2344,0,1.918295834,1.333333333
2345,0,0.998635964,0.956521739
2346,0,1.499317982,1.956521739
2347,0,1.933719334,1.429970617
2348,0,2.091650334,1.265944915
2349,0,1.714033617,0.998072629
2350,0,2.446782902,1.647908967
2351,0,2.098535673,1.681327401
2352,0,1.581510738,1.230605828
2353,0,2.202254462,1.601343111
2354,0,2.300041308,1.880657180
2355,0,0.787276137,0.941528336
2356,0,1.433272223,1.133389830
2357,0,1.876578778,1.810443917
2358,0,2.050352258,2.475698822
2359,0,2.218799873,1.787857828
2360,0,1.961921821,1.259331873
2361,0,1.938690177,1.693437936
2362,0,2.483513076,1.698128150
2363,0,2.035473270,1.797326158
2364,0,2.501887454,1.717033449
2365,0,2.187569320,1.511371954
2366,0,2.464012366,1.964580450
2367,0,2.035637942,1.267713982
2368,0,1.818289699,1.392175849
2369,0,2.258302143,1.790311929
2370,0,1.990144355,1.294891554
2371,0,1.746287517,1.635318098
2372,0,1.581057026,1.314600343
2373,0,1.994554595,2.081026617
2374,0,2.150298529,1.378608715
2375,0,1.985220709,1.815610481
2376,0,1.840004675,2.273459755
2377,0,1.880674217,2.699413332
2378,0,1.948048967,3.533226721
2379,0,1.969229343,3.441942123
2380,0,2.085898941,2.254277151
2381,0,2.237346834,1.696660881
2382,0,2.403544126,2.534982196
2383,0,0.900386499,2.734533310
2384,0,1.509165597,2.436278671
2385,0,1.751582997,3.134760542
2386,0,1.814642376,4.002274636
2387,0,-0.000000000,0.000000000
2388,0,0.591672779,0.285714286
2389,0,-0.000000000,0.000000000
2390,0,-0.000000000,0.000000000
2391,0,0.591672779,0.285714286
2392,0,1.386951221,0.983050847
2393,0,1.385651875,0.712711242
2394,0,1.652370247,0.752048336
2395,0,1.601387340,0.730866499
2396,0,1.767225709,1.261888856
2397,0,1.684819080,1.104377060
2398,0,2.088119878,1.642586780
2399,0,2.217844836,1.605520147
2400,0,1.460313943,1.244478276
2401,0,1.553037846,1.944046771
2402,0,1.518073175,1.178028162
2403,0,1.770075898,1.116588302
2404,0,1.896865274,1.111653493
2405,0,1.686346111,1.168409489
2406,0,1.934549923,1.313402370
2407,0,2.109593117,1.405299383
2408,0,2.140439505,1.976456670
2409,0,2.151357983,1.487130495
2410,0,2.408850166,1.588795785
2411,0,1.850162478,1.121811866
2412,0,1.690265064,1.193282665
2413,0,1.667069596,1.111815680
2414,0,2.099549606,1.312845423
2415,0,1.966922587,1.278277506
2416,0,2.489561582,1.706112765
2417,0,2.039617385,1.814468125
2418,0,2.503807479,2.811671923
2419,0,2.051364458,1.867875472
2420,0,1.649828910,1.479873930
2421,0,1.744466847,1.060905172
2422,0,2.486604965,1.910084489
2423,0,2.271448010,2.405525431
2424,0,2.250070791,1.487441706
2425,0,2.011236538,1.932685167
2426,0,2.507025981,1.727764420
2427,0,2.010541194,1.391594347
2428,0,1.815785015,1.989743725
2429,0,1.873220714,1.575149601
2430,0,1.753822156,3.980521180
2431,0,2.099923169,3.852339975
2432,0,2.031873639,2.550390938
2433,0,1.832090955,2.282879352
2434,0,1.437218361,4.779071772
2435,0,1.321384808,4.515134285
2436,0,1.552310122,2.175751578
2437,0,1.781642157,2.735173822
2438,0,2.032973433,2.324899189
2439,0,2.065847044,2.420789151
2440,0,1.989896567,2.541285467
2441,0,1.833021915,2.229763956
2442,0,1.917510473,2.367571898
2443,0,1.856978467,2.072141178
2444,0,2.057045855,1.408419967
2445,0,1.872967624,1.789441681
2446,0,1.644708547,2.840386770
2447,0,1.507172989,1.526540887
2448,0,2.076234527,1.359844642
2449,0,0.953055052,0.746286575
2450,0,1.180410006,0.500000000
2451,0,1.187183142,1.022840088
2452,0,1.198837540,0.507981189
2453,0,1.641677729,1.170060005
2454,0,1.866350498,2.004512997
2455,0,2.232860204,1.688698168
2456,0,2.003609055,1.149404551
2457,0,1.705961518,1.121279841
2458,0,1.933076908,1.397192764
2459,0,0.996467320,0.930047614
2460,0,1.917118274,1.333333333
2461,0,2.098869237,1.425013226
2462,0,1.952983446,1.123549419
2463,0,1.685816210,1.245582265
2464,0,1.932315464,1.311235629
2465,0,1.435371525,1.257922251
2466,0,2.433595666,1.583945726
2467,0,1.986996355,1.375406504
2468,0,2.158595786,2.057536824
2469,0,1.883207407,2.464932864
2470,0,2.027215118,1.463393878
2471,0,2.176748529,1.584311974
2472,0,1.911278113,1.502173070
2473,0,1.807143388,2.173621722
2474,0,2.503815758,1.809767262
2475,0,2.067941696,1.627367828
2476,0,1.940018971,1.312760068
2477,0,1.526020888,1.149338155
2478,0,1.851897642,1.093745244
2479,0,0.996328352,1.071313850
2480,0,1.774164342,2.065828169
2481,0,1.971252723,2.735924419
2482,0,2.422024553,3.616369749
2483,0,1.963370404,3.802834288
2484,0,1.708754135,2.789427070
2485,0,2.146138022,1.941850468
2486,0,2.286566565,1.605908404
2487,0,2.048598868,1.234630660
2488,0,2.127497513,1.604098393
2489,0,1.950217194,1.228699852
2490,0,2.510271277,1.735193547
2491,0,0.987455464,0.868318732
2492,0,1.493727732,1.868318732
2493,0,1.490123873,1.198371872
2494,0,2.062279793,1.324710218
2495,0,1.732127881,1.046952727
2496,0,1.651219635,1.404652773
2497,0,0.784164995,0.788053301
2498,0,1.679907409,1.369557569
2499,0,1.905502144,1.205042830
2500,0,2.055340426,1.668932048
2501,0,1.811774209,1.287856182
2502,0,2.463810166,1.739763797
2503,0,2.208626015,1.342166992
2504,0,2.215593188,1.385175150
2505,0,1.993208252,1.772111763
2506,0,1.640793690,1.197937310
2507,0,2.233857246,1.730840147
2508,0,2.291939648,1.451431203
2509,0,1.909431864,1.060618634
2510,0,1.924999073,1.720071812
2511,0,2.041112753,1.276370558
2512,0,2.484442157,1.709814159
2513,0,2.268302035,1.871167254
2514,0,2.470392682,2.652407168
2515,0,1.970008336,1.373037361
2516,0,2.161991164,1.253264917
2517,0,0.995950086,0.925105962
2518,0,1.185771885,0.500000000
2519,0,0.999802533,0.983455047
2520,0,1.499901266,1.983455047
2521,0,1.939228680,1.449008114
2522,0,2.059191868,2.075092132
2523,0,1.759572420,1.147334468
2524,0,1.935084762,1.308775546
2525,0,2.093309196,1.417714966
2526,0,1.329277089,1.062612252
2527,0,1.868971366,1.957913960
2528,0,2.039873235,1.514116405
2529,0,1.906380425,2.143609731
2530,0,2.117532614,2.656949318
2531,0,1.901887298,2.016747024
2532,0,2.508394095,1.743587030
2533,0,2.060666914,2.069650993
2534,0,2.148286342,2.580341649
2535,0,1.838993853,1.374517874
2536,0,1.292330970,0.570270695
2537,0,1.208774509,1.034632026
2538,0,1.641947873,2.019837498
2539,0,1.725674524,1.142915764
2540,0,1.972285840,2.044037382
2541,0,0.988032316,0.871373382
2542,0,-0.000000000,0.000000000
2543,0,1.000000000,1.000000000
2544,0,1.918295834,1.333333333
2545,0,2.109016299,1.444444444
2546,0,1.946783210,1.491712707
2547,0,2.155728209,1.441528545
2548,0,1.445597578,0.684694979
2549,0,0.999619731,0.977040943
2550,0,1.775683440,1.076923077
2551,0,2.224161629,1.683477286
2552,0,1.942472167,1.247179189
2553,0,2.056850582,1.392617283
2554,0,1.346170207,1.356867827
2555,0,1.874000467,1.189376594
2556,0,2.487743845,1.742861473
2557,0,2.161082546,1.730884434
2558,0,1.988230927,1.298485752
2559,0,2.210950695,1.596557962
2560,0,2.289931292,1.546809524
2561,0,2.286074086,1.590267222
2562,0,-0.000000000,0.000000000
2563,0,1.000000000,1.000000000
2564,0,1.775858948,1.076923077
2565,0,1.985763570,1.472527473
2566,0,1.808211313,1.970238095
2567,0,1.989373416,1.473058973
2568,0,1.808413365,1.151546510
2569,0,0.992730160,0.899694472
2570,0,1.185369394,1.974923618
2571,0,0.999764479,0.981931142
2572,0,1.775750246,1.076923077
2573,0,1.982309669,1.460077908
2574,0,2.104717567,1.281121147
2575,0,1.720718225,1.007503741
2576,0,1.632680871,1.608626484
2577,0,2.195933820,1.586857349
2578,0,2.302320010,2.009297566
2579,0,2.286828581,2.289306696
2580,0,2.462223418,1.949400495
2581,0,2.117356544,1.443305126
2582,0,1.844043152,1.271542322
2583,0,2.211670282,1.858324365
2584,0,1.937206552,2.496547022
2585,0,2.214988425,3.452017998
2586,0,-0.000000000,0.000000000
2587,0,0.591672779,0.285714286
2588,0,1.081063890,1.113924051
2589,0,1.546134814,1.025316456
2590,0,-0.000000000,0.000000000
2591,0,-0.000000000,0.000000000
2592,0,0.591672779,0.285714286
2593,0,1.081063890,0.936708861
2594,0,0.899743759,0.631578947
2595,0,1.140868692,1.272727273
2596,0,0.961236605,0.769230769
2597,0,1.480618302,1.769230769
2598,0,1.798382865,2.769230769
2599,0,1.943842492,3.353846154
2600,0,1.929452614,4.829268293
2601,0,2.048383322,3.227460711
2602,0,2.395846584,3.303204724
2603,0,1.987466790,3.325435413
2604,0,1.940805754,3.043149834
2605,0,2.713689842,3.140598840
2606,0,2.482707838,3.094686383
2607,0,2.379679760,3.132901613
2608,0,2.561547984,2.756896520
2609,0,2.172416100,1.934345339
2610,0,2.099579492,1.526387281
2611,0,2.051738703,2.138924566
2612,0,1.533030710,1.212322297
2613,0,1.755546217,1.243688129
2614,0,2.000402135,1.285270406
2615,0,2.196613404,1.626957361
2616,0,1.937178538,1.250020336
2617,0,2.192110574,1.977526889
2618,0,1.537426897,2.230048022
2619,0,1.888219642,3.003388965
2620,0,2.306233549,4.140890258
2621,0,2.494367641,3.198851819
2622,0,2.175611341,3.651842864
2623,0,0.704431038,0.333053984
2624,0,0.772808524,0.315068600
2625,0,0.678559845,0.290962923
2626,0,0.146037141,0.041646105
2627,0,0.999920151,0.989478933
2628,0,0.734518514,0.285714286
2629,0,0.671619009,0.304556800
2630,0,0.706131620,0.337004157
2631,0,0.728199395,0.304785177
2632,0,1.067392214,0.621713206
2633,0,1.142465660,0.762442248
2634,0,1.705671088,1.240053720
2635,0,1.021434059,1.235429364
2636,0,1.075808575,2.438572384
2637,0,1.601497723,2.278160413
2638,0,1.557127544,2.824473490
2639,0,1.582841511,1.764922815
2640,0,2.133224264,3.092018245
2641,0,1.820759672,6.322639813
2642,0,2.267550988,6.763503538
2643,0,2.122289187,7.439340796
2644,0,2.197009239,10.208511367
2645,0,2.909741180,8.352385094
2646,0,2.411488961,8.764747587
2647,0,2.759025374,8.004247398
2648,0,2.760455871,7.980050637
2649,0,3.053010832,8.127188638
2650,0,2.704262268,6.321113529
2651,0,2.477185557,2.909259995
2652,0,2.084121671,1.426485753
2653,0,2.281815484,1.556855848
2654,0,2.038685001,1.179861476
2655,0,1.733812968,1.206061154
2656,0,1.885969040,2.026996488
2657,0,2.232333474,2.849720324
2658,0,1.942097021,2.049038562
2659,0,2.174749260,2.895576531
2660,0,2.341714860,3.313890669
2661,0,2.013449032,2.277822513
2662,0,2.493591915,3.214280785
2663,0,2.142700429,3.895850753
2664,0,1.646204385,4.381544521
2665,0,2.222277474,3.479153260
2666,0,1.929992115,3.062626131
2667,0,1.899275018,2.135330207
2668,0,1.920810776,1.966825087
2669,0,1.580708628,2.041720204
2670,0,1.943911507,2.520894240
2671,0,1.522633030,2.307397777
2672,0,2.149537446,1.916406316
2673,0,1.399923265,1.645197825
2674,0,0.901538264,1.365187958
2675,0,1.450769132,2.365187958
2676,0,1.206922122,1.961390106
2677,0,1.344998480,1.078993767
2678,0,1.257135622,1.387395190
2679,0,1.486581029,1.029863323
2680,0,1.157231998,1.578400242
2681,0,1.494270296,1.715359366
2682,0,1.345097846,1.000236428
2683,0,1.299525938,1.012831630
2684,0,1.580570171,1.499037761
2685,0,0.621043030,0.310683963
2686,0,1.121366465,1.131837110
2687,0,1.394231449,1.593097041
2688,0,1.267356338,2.100257044
2689,0,1.291982197,3.487882502
2690,0,1.855661370,1.492633252
2691,0,2.092165707,1.798001734
2692,0,1.315179551,1.127628728
2693,0,1.777921363,1.201579474
2694,0,2.038951889,2.328661614
2695,0,2.134423039,1.898801876
2696,0,0.970634156,0.698550873
2697,0,1.160523919,1.238479966
2698,0,1.033137715,0.837262906
2699,0,-0.000000000,0.000000000
2700,0,0.591672779,0.285714286
2701,0,0.995727452,1.076923077
2702,0,-0.000000000,0.000000000
2703,0,1.000000000,1.000000000
2704,0,-0.000000000,0.000000000
2705,0,1.000000000,1.000000000
2706,0,1.916488280,1.106382979
2707,0,2.177127767,1.521256932
2708,0,2.354906057,1.454290429
2709,0,1.976411050,1.596604912
2710,0,2.112857502,1.365373971
2711,0,1.944961923,1.870114773
2712,0,2.078741456,2.473557357
2713,0,2.228701879,3.403898744
2714,0,1.969859709,2.409102551
2715,0,1.820280981,3.032715646
2716,0,1.809829222,2.240889510
2717,0,1.527315272,1.700515807
2718,0,1.538496901,2.219078919
2719,0,1.784623317,2.937637972
2720,0,1.879115248,2.345962910
2721,0,1.949088458,1.706996021
2722,0,1.710723980,2.198978812
2723,0,1.896297439,3.444821025
2724,0,1.921886239,3.515899946
2725,0,-0.000000000,0.000000000
2726,0,-0.000000000,0.000000000
2727,0,-0.000000000,0.000000000
2728,0,1.000000000,1.000000000
2729,0,0.734529921,0.285714286
2730,0,1.000000000,1.000000000
2731,0,-0.000000000,0.000000000
2732,0,-0.000000000,0.000000000
2733,0,1.000000000,1.000000000
2734,0,-0.000000000,0.000000000
2735,0,-0.000000000,0.000000000
2736,0,1.000000000,1.000000000
2737,0,1.435520504,1.555555556
2738,0,1.198183948,0.615384615
2739,0,-0.000000000,0.000000000
2740,0,0.591672779,0.285714286
2741,0,1.000000000,1.000000000
2742,0,1.448815636,2.000000000
2743,0,2.486180132,3.225000000
2744,0,2.171078205,3.673267327
2745,0,2.713061828,2.480796586
2746,0,2.058142889,3.417210094
2747,0,2.416734994,4.077094780
2748,0,2.293306956,3.911014934
2749,0,2.237123796,3.541016853
2750,0,2.220656556,4.294642583
2751,0,0.459325675,3.612108556
2752,0,1.198178436,5.170081375
2753,0,1.063372381,5.327090579
2754,0,1.584183396,6.459070833
2755,0,0.367805227,3.776905325
2756,0,0.485683443,3.790048100
2757,0,1.496205478,4.734579280
2758,0,1.478930441,4.429539504
2759,0,1.222643612,4.222099921
2760,0,0.675015720,5.580563910
2761,0,1.212691169,5.390087184
2762,0,1.611186633,4.734485614
2763,0,1.931691790,3.703037251
2764,0,2.426917212,2.822148444
2765,0,2.451159876,1.690539397
2766,0,2.229665502,1.241704691
2767,0,1.916519767,1.428054676
2768,0,2.218330306,2.266785289
2769,0,2.368578893,1.717400201
2770,0,2.093939175,1.705127818
2771,0,2.683755634,2.733115064
2772,0,1.669627263,2.528479851
2773,0,1.176248017,1.322896215
2774,0,2.093835928,1.448724993
2775,0,2.446577859,1.540251967
2776,0,1.750093748,1.555895565
2777,0,2.314503551,2.605616088
2778,0,2.366346850,1.862603863
2779,0,2.235678780,1.361677566
2780,0,2.235921940,1.381987307
2781,0,1.998423410,1.202895169
2782,0,2.192018198,1.984226480
2783,0,2.415376541,1.648836982
2784,0,2.784204679,2.326010248
2785,0,2.569961164,2.699352355
2786,0,2.521234034,2.219566019
2787,0,2.499210693,1.791001057
2788,0,2.158648956,1.358793999
2789,0,1.870716390,1.853098146
2790,0,1.698538638,0.800029009
2791,0,1.635779973,1.361361688
2792,0,2.141687237,2.148273094
2793,0,2.443066477,1.927806952
2794,0,2.510848720,2.581648766
2795,0,2.468279645,1.579240054
2796,0,2.713014029,1.821413176
2797,0,2.562733663,1.913434680
2798,0,2.837140271,1.891244767
2799,0,1.040882336,1.028076650
2800,0,1.531160695,2.021711879
2801,0,0.166506440,0.113212211
2802,0,0.777980884,0.385339051
2803,0,1.877082266,1.267161081
2804,0,1.826114975,1.822302490
2805,0,2.431919018,2.731036498
2806,0,0.847777211,0.401321304
2807,0,1.427535557,1.307346359
2808,0,2.167010885,1.252972810
2809,0,2.498092606,1.603667105
2810,0,2.827664456,2.318454830
2811,0,3.097474482,2.227150293
2812,0,1.830996892,2.195152378
2813,0,2.705004164,3.058698765
2814,0,2.415958425,4.111255189
2815,0,2.722121513,4.299860280
2816,0,2.360533645,3.441451830
2817,0,2.843493495,2.900955495
2818,0,3.224707919,3.789516637
2819,0,3.098533263,4.554191348
2820,0,3.279636188,3.880979079
2821,0,3.137888578,4.613011827
2822,0,3.265186888,3.917609920
2823,0,3.082336678,3.238890207
2824,0,2.434121131,3.495094684
2825,0,2.928516274,3.071075819
2826,0,3.238887007,3.910157944
2827,0,2.773444749,2.639373503
2828,0,0.888449590,1.223822373
2829,0,1.888449590,1.611911186
2830,0,1.968666929,2.104720868
2831,0,2.939459684,2.298865213
2832,0,3.005810389,2.737284586
2833,0,3.097691078,2.979742672
2834,0,2.979026827,2.758681657
2835,0,2.980275810,2.117819211
2836,0,2.079992794,2.095215488
2837,0,1.805341889,1.419383442
2838,0,2.079802582,1.527212814
2839,0,2.245497731,2.129304987
2840,0,2.245658046,2.159942755
2841,0,1.567559187,1.370218179
2842,0,2.041320141,1.329251089
2843,0,2.550225707,1.897769068
2844,0,2.080674791,1.494515498
2845,0,2.033808118,2.041742021
2846,0,2.993005464,2.086497723
2847,0,3.190822775,2.414595285
2848,0,2.944058261,2.144373748
2849,0,2.646302140,2.366427359
2850,0,3.013618915,2.156133520
2851,0,2.398969812,1.816168763
2852,0,2.657265005,2.542963035
2853,0,3.003053823,2.654315400
2854,0,2.629754812,2.143595822
2855,0,2.894168221,2.079244863
2856,0,2.560826857,2.431630294
2857,0,2.638621798,2.992215328
2858,0,3.074868171,2.705801766
2859,0,3.511268295,3.063764779
2860,0,3.039426623,2.500586480
2861,0,3.143314741,2.430969826
2862,0,2.101590969,1.856218455
2863,0,2.720622247,2.166931683
2864,0,3.248734381,2.489482350
2865,0,3.232601702,2.900685812
2866,0,3.074573748,2.567739281
2867,0,3.405987897,2.218124203
2868,0,3.126237823,2.451471150
2869,0,1.365158931,1.037782677
2870,0,2.903746927,2.106965982
2871,0,3.245912309,2.840045552
2872,0,3.284497014,3.671099349
2873,0,3.293070060,3.011398575
2874,0,3.245509332,3.217103595
2875,0,3.138320468,3.995181819
2876,0,3.125850640,4.652743991
2877,0,2.282978898,3.407517833
2878,0,2.409927821,3.031998503
2879,0,3.411035276,3.788697468
2880,0,3.203269568,4.461869507
2881,0,3.192348412,3.623355346
2882,0,2.925960672,2.689224885
2883,0,1.702065715,1.354040729
2884,0,2.299114444,1.583075032
2885,0,2.184109462,1.864908695
2886,0,3.192904779,2.475550270
2887,0,3.293480209,2.316876248
2888,0,2.885058400,2.025469741
2889,0,3.026664237,2.258201642
2890,0,3.108221018,2.460904200
2891,0,3.516242357,2.688649428
2892,0,3.228307593,2.764859849
2893,0,3.045471000,3.413586976
2894,0,3.370225707,3.050340152
2895,0,3.276788846,3.337860129
2896,0,3.267567732,2.838029647
2897,0,3.530315111,3.321995531
2898,0,1.997059405,2.065815641
2899,0,2.276749103,2.151443570
2900,0,2.491158549,2.564081247
2901,0,2.663871830,2.644350860
2902,0,3.338347899,3.020509495
2903,0,2.591299163,3.617075029
2904,0,3.368052242,3.504692324
2905,0,2.969985608,4.059452599
2906,0,3.422784153,3.776050887
2907,0,3.273619989,2.839468777
2908,0,3.554634317,2.928743891
2909,0,1.573820038,1.985322664
2910,0,1.964042677,2.984235620
2911,0,2.227052299,3.982555896
2912,0,2.925208927,4.981569456
2913,0,2.452336490,4.265796744
2914,0,3.542797645,5.321332626
2915,0,3.315737059,6.576476290
2916,0,3.397616631,5.560420327
2917,0,3.320878610,4.829653690
2918,0,3.345984844,4.475798100
2919,0,3.717003522,3.924965516
2920,0,3.705291383,4.230167301
2921,0,3.422414825,4.617309851
2922,0,3.390851735,5.160880423
2923,0,3.691831406,5.933235286
2924,0,3.514947844,5.993614034
2925,0,3.739052613,5.682718580
2926,0,3.426899044,4.884246493
2927,0,3.667083185,4.246272605
2928,0,3.741006894,3.778289392
2929,0,3.693985137,3.853960651
2930,0,3.538170027,3.814255789
2931,0,2.316069398,2.789400464
2932,0,2.776832104,3.073762630
2933,0,2.979459659,3.914374310
2934,0,3.127986754,4.891217474
2935,0,3.265375161,5.876452393
2936,0,3.267657069,5.134888934
2937,0,3.587853090,4.586691888
2938,0,3.494195916,5.501653994
2939,0,3.603091647,4.197696697
2940,0,-0.000000000,0.000000000
2941,0,1.000000000,1.000000000
2942,0,1.775858948,2.000000000
2943,0,1.863120569,1.571428571
2944,0,1.876953520,2.000000000
2945,0,2.101950882,2.809523810
2946,0,2.690004444,3.675618747
2947,0,3.221856839,4.570666289
2948,0,3.090731411,5.564141383
2949,0,2.827574200,4.030612194
2950,0,2.898175761,3.250218973
2951,0,3.014500891,2.786264793
2952,0,2.582487366,1.851318756
2953,0,2.940032605,2.198614321
2954,0,3.101025844,3.226108714
2955,0,3.548116413,3.649951287
2956,0,3.424701754,3.179838434
2957,0,3.252917899,2.810910380
2958,0,3.273473376,2.406592251
2959,0,2.514092759,2.947523691
2960,0,2.974827189,3.312019130
2961,0,2.716448849,1.511628020
2962,0,2.660433552,1.663409237
2963,0,2.568326539,2.171500611
2964,0,2.323183694,2.872902441
2965,0,2.958826291,3.033499155
2966,0,2.796803880,3.126811671
2967,0,2.738228881,2.604344476
2968,0,2.279496394,1.659444545
2969,0,2.533022186,2.244657574
2970,0,2.874464248,2.464882656
2971,0,2.961609046,3.043456682
2972,0,2.779704478,2.439418076
2973,0,2.889536034,1.884037259
2974,0,2.971602772,2.415389314
2975,0,3.055655662,1.957569378
2976,0,3.174761270,2.011199361
2977,0,2.977480915,2.258927238
2978,0,2.321487083,1.676193444
2979,0,2.778145108,1.996639182
2980,0,2.905110032,2.428224284
2981,0,2.981269131,3.249276317
2982,0,2.938815981,2.189460511
2983,0,3.280203518,1.993869179
2984,0,2.943467464,1.964518471
2985,0,1.798232651,2.001812123
2986,0,2.532316802,1.772274195
2987,0,2.702352644,2.064443102
2988,0,2.243805249,1.679982350
2989,0,2.687537338,1.736220868
2990,0,2.520088232,2.017112454
2991,0,2.930179918,2.974385258
2992,0,2.930137994,2.383278009
2993,0,2.192030386,1.340952389
2994,0,2.257201759,1.192982481
2995,0,2.460822731,1.561441397
2996,0,2.320045732,2.143111669
2997,0,2.009636106,1.536665620
2998,0,2.637920399,2.651310158
2999,0,2.428634462,1.463185276
3000,0,1.974150483,1.711578794
3001,0,1.234753070,0.542854552
3002,0,1.749102730,1.407728629
3003,0,2.443974681,1.857839485
3004,0,2.247232078,2.798054195
3005,0,2.427195722,3.490943295
3006,0,3.035511671,3.059132152
3007,0,3.263060224,2.646967310
3008,0,3.259124200,2.705861022
3009,0,3.064890285,2.933822795
3010,0,3.102535783,3.640578886
3011,0,3.295261619,2.946385218
3012,0,3.399940433,3.572093879
3013,0,3.100333686,3.026773974
3014,0,2.975398629,2.469296779
3015,0,2.583064478,2.107279562
3016,0,2.963834288,2.498371695
3017,0,3.151312497,2.933392491
3018,0,3.380095356,2.807080019
3019,0,3.003621078,2.171220454
3020,0,3.348720865,2.734396445
3021,0,3.353805348,2.247438054
3022,0,3.073671819,2.088445593
3023,0,3.420311061,2.842840908
3024,0,3.258830509,3.212389465
3025,0,2.926207490,2.526857329
3026,0,3.247605452,2.203431915
3027,0,3.002758130,2.545982709
3028,0,2.161996983,1.704065010
3029,0,2.825706011,2.063987018
3030,0,2.617980208,2.498608378
3031,0,1.864654068,1.795840889
3032,0,2.907657825,2.066124545
3033,0,2.598666630,1.774454765
3034,0,2.958135541,2.179364335
3035,0,3.074792397,2.785533647
3036,0,3.156210846,3.464741845
3037,0,3.100403344,3.034620176
3038,0,3.236744795,3.830377474
3039,0,2.926619600,4.262196904
3040,0,3.236406355,3.807639464
3041,0,3.142798653,4.323836812
3042,0,2.526994594,4.666137234
3043,0,2.930072555,3.609692243
3044,0,3.237389565,4.383640952
3045,0,2.816088228,3.015527811
3046,0,3.034039963,2.576421296
3047,0,3.088246264,3.219364569
3048,0,2.493280713,2.243098567
3049,0,2.870602337,2.733102612
3050,0,2.531321221,1.946763616
3051,0,2.754533035,1.926816600
3052,0,2.418659103,2.452455896
3053,0,2.271786890,2.821883247
3054,0,3.252218696,2.578689461
3055,0,2.930951207,2.101066459
3056,0,3.062763122,2.849061372
3057,0,1.580182552,2.130786940
3058,0,2.308451846,2.274238086
3059,0,1.986647291,2.063158801
3060,0,2.379016228,1.886778614
3061,0,2.602925171,2.539462579
3062,0,2.502919738,1.759233237
3063,0,2.908442429,1.859124555
3064,0,3.053541124,2.117736991
3065,0,2.557239820,2.275479215
3066,0,2.551472270,1.906926355
3067,0,1.655389345,0.858613176
3068,0,2.053042729,1.340877272
3069,0,1.998829700,1.150669747
3070,0,2.481665500,1.723498842
3071,0,-0.000000000,0.000000000
3072,0,1.000000000,1.000000000
3073,0,1.918295834,1.333333333
3074,0,1.538596444,1.123287671
3075,0,1.929885380,1.363855422
3076,0,1.553633373,1.128238537
3077,0,1.930358586,1.365023277
3078,0,2.316610728,1.514419042
3079,0,1.958938067,1.487140863
3080,0,1.616031842,1.149575346
3081,0,2.002297928,2.077636823
3082,0,2.376772216,1.656977156
3083,0,2.692968578,2.218332140
3084,0,2.518831375,2.007956389
3085,0,3.092730972,2.755311879
3086,0,2.872497179,3.434387521
3087,0,2.754165444,2.660577651
3088,0,2.789825747,3.019769148
3089,0,2.900212080,3.993714267
3090,0,3.086205247,4.941058653
3091,0,3.154747923,3.924586240
3092,0,3.190256379,4.832534624
3093,0,3.327651107,4.481262725
3094,0,3.079395446,2.519069269
3095,0,2.758716488,1.833333936
3096,0,2.260415263,1.990493520
3097,0,2.210950281,1.876111494
3098,0,2.827335405,2.024028942
3099,0,2.947697404,2.062620428
3100,0,2.640968824,1.892745833
3101,0,2.871814256,2.488169051
3102,0,2.951518861,3.642931346
3103,0,3.249375687,2.935892158
3104,0,3.145520276,2.485834082
3105,0,2.518468594,2.169052358
3106,0,1.902066281,2.380267462
3107,0,2.888137854,2.196277676
3108,0,2.855850012,2.863106165
3109,0,2.097742277,3.006512745
3110,0,1.998490072,3.581253679
3111,0,2.690988376,3.253234643
3112,0,2.818972486,2.858438843
3113,0,2.051107971,2.245520927
3114,0,2.048032594,1.726823503
3115,0,2.024717735,1.585042357
3116,0,2.728447563,2.046183534
3117,0,2.811468352,2.157456183
3118,0,2.950068562,3.020609267
3119,0,3.315860164,2.724408488
3120,0,2.659173728,2.632860081
3121,0,3.100624852,2.842745578
3122,0,3.318113787,2.763218395
3123,0,3.592152205,2.938165081
3124,0,3.497730394,3.063353590
3125,0,3.683698831,3.140281163
3126,0,2.670756078,3.064962319
3127,0,3.270443985,3.608074015
3128,0,2.909339885,4.418822622
3129,0,3.156540343,4.098493780
3130,0,3.641041158,3.835957110
3131,0,2.789216650,3.500761623
3132,0,3.649471753,3.477629365
3133,0,3.368998427,3.700339039
3134,0,3.685751738,3.562482514
3135,0,3.433580920,3.720262419
3136,0,3.144190176,2.529087978
3137,0,3.171167373,2.638252815
3138,0,2.726554906,2.741052127
3139,0,2.506031379,2.525606651
3140,0,2.325324063,2.233103651
3141,0,3.279962669,2.398543648
3142,0,2.135560288,2.457296770
3143,0,3.153177896,2.451150339
3144,0,3.262301108,2.238287462
3145,0,3.216416263,2.552455671
3146,0,3.181973207,2.419886955
3147,0,2.917808381,2.705097360
3148,0,3.206590737,2.938883813
3149,0,3.400739535,2.561535999
3150,0,3.269687964,2.790495478
3151,0,3.147391815,3.804067109
3152,0,3.598060401,2.978314771
3153,0,2.456622208,2.465494389
3154,0,2.098891889,2.588984013
3155,0,2.518608956,2.506203685
3156,0,1.919137598,1.685191923
3157,0,2.899576821,2.197261491
3158,0,2.620960699,2.518417325
3159,0,1.952542935,1.714486300
3160,0,2.374227973,2.659542186
3161,0,2.180690931,3.574006032
3162,0,3.190692167,3.013283345
3163,0,2.910497686,3.659947658
3164,0,2.455461256,2.966396579
3165,0,2.285135520,3.633982087
3166,0,2.497475266,4.591823194
3167,0,3.080272011,3.974991846
3168,0,3.209892863,4.922885305
3169,0,3.007059318,3.711275830
3170,0,3.645874694,3.415424211
3171,0,3.307224985,2.972222630
3172,0,3.166538079,2.613392127
3173,0,2.626797003,2.300914241
3174,0,3.277779711,2.657121540
3175,0,2.694835880,2.078151450
3176,0,2.885749655,2.165183529
3177,0,2.961089047,2.668554281
3178,0,2.470710633,2.482192556
3179,0,3.477030130,2.592782797
3180,0,2.666936836,2.657640857
3181,0,3.149790873,3.015228488
3182,0,3.320775549,2.665191919
3183,0,3.015331407,3.144269931
3184,0,2.828639961,4.387947042
3185,0,3.294043534,4.756793185
3186,0,3.191173748,6.030151146
3187,0,3.681334560,6.889914731
3188,0,3.359458877,7.644349167
3189,0,3.473425479,6.588606824
3190,0,3.070424684,4.782713792
3191,0,2.936602997,3.738385854
3192,0,3.219205158,3.147122209
3193,0,2.837318817,3.323884060
3194,0,3.158288766,4.133221863
3195,0,3.008780713,3.380169529
3196,0,2.540098483,2.253128833
3197,0,2.983124310,2.942458933
3198,0,2.523664416,3.346040150
3199,0,2.746739122,2.793719814
3200,0,3.179425159,2.514392137
3201,0,2.920972564,2.870982231
3202,0,2.781458285,2.209471208
3203,0,2.901533306,2.207201491
3204,0,3.089098237,2.641916962
3205,0,3.514149329,3.276179108
3206,0,3.495318103,2.893792611
3207,0,3.174501054,2.957495734
3208,0,2.905338208,3.452907508
3209,0,1.575788820,2.136325038
3210,0,2.547646734,1.897003035
3211,0,1.965022855,1.315368913
3212,0,2.431934976,1.611948631
3213,0,2.648353853,2.245046382
3214,0,2.514276968,1.718848209
3215,0,2.715335872,2.399343635
3216,0,3.185315802,2.248645753
3217,0,1.584278217,1.308720711
3218,0,1.940949658,1.730832409
3219,0,2.205336604,2.450458908
3220,0,2.416850912,3.295911829
3221,0,3.110415709,2.902075825
3222,0,2.726543565,2.723505323
3223,0,2.626908063,2.419146303
3224,0,2.501820368,2.437697134
3225,0,2.678931082,3.025362911
3226,0,3.686160932,3.733287048
3227,0,3.555379326,3.368458749
3228,0,3.715315639,3.808079831
3229,0,3.421415387,4.798560054
3230,0,3.702607151,4.445547630
3231,0,3.384492084,5.094209745
3232,0,3.484179268,5.798354388
3233,0,3.345117530,6.148609962
3234,0,3.037526985,3.427550400
3235,0,2.298120553,1.414875834
3236,0,1.820380250,1.875437615
3237,0,1.878849660,1.513159647
3238,0,2.500265888,2.328297239
3239,0,1.492614068,2.142857143
3240,0,1.472935040,1.520000000
3241,0,2.387994934,2.598518519
3242,0,3.156484857,3.516103485
3243,0,3.033962393,2.850138160
3244,0,1.968201506,2.793378735
3245,0,2.073341835,3.576114329
3246,0,2.975461444,2.942102724
3247,0,3.423648947,2.739358491
3248,0,3.398219492,2.557862143
3249,0,3.089096453,2.752586341
3250,0,3.185513297,3.353199447
3251,0,3.007600267,2.918569505
3252,0,2.261201023,2.465210910
3253,0,2.746416591,2.794423997
3254,0,3.091020489,2.831882529
3255,0,3.237852524,2.636500842
3256,0,3.110566657,2.647476708
3257,0,2.905651049,3.220798722
3258,0,3.000083195,2.970594866
3259,0,2.401280730,2.578854952
3260,0,2.533220752,3.199216967
3261,0,3.104465506,2.916870078
3262,0,2.914077461,2.663691247
3263,0,2.746490712,2.539080787
3264,0,2.853390209,2.162831429
3265,0,3.042373419,2.257755535
3266,0,2.755383305,2.676989737
3267,0,1.571342835,1.160739497
3268,0,2.487450623,1.776528792
3269,0,2.403206545,1.493959494
3270,0,2.790388180,2.011122778
3271,0,2.767309569,1.922370793
3272,0,2.856586175,2.040814425
3273,0,2.567516072,1.850152730
3274,0,2.983554295,2.804395460
3275,0,1.901087022,2.046514699
3276,0,2.708410689,2.360291865
3277,0,2.334396286,2.266724670
3278,0,1.510007000,0.942546197
3279,0,2.352165260,1.928369931
3280,0,2.786788052,2.323674978
3281,0,2.245554084,2.251922361
3282,0,2.313877892,1.496697689
3283,0,2.164808869,1.311502264
3284,0,3.047841243,2.044073911
3285,0,2.811507120,2.377759668
3286,0,2.940350055,2.035715839
3287,0,2.780616869,1.883296363
3288,0,3.254758755,2.570843100
3289,0,2.854782175,2.282459859
3290,0,2.385740461,2.562092881
3291,0,2.363836288,2.487007622
3292,0,3.517922427,2.906673565
3293,0,2.967303899,2.939450393
3294,0,2.968450831,2.128398836
3295,0,3.460923244,2.380712127
3296,0,3.152209866,2.280762180
3297,0,2.686096518,2.298826483
3298,0,3.275529508,2.542779162
3299,0,3.172903847,2.613892607
3300,0,3.537167769,2.644468180
3301,0,3.306617774,2.467114406
3302,0,3.199158392,2.380991004
3303,0,3.219999214,2.673068469
3304,0,2.871461861,2.047193791
3305,0,2.546355388,1.961879414
3306,0,3.340377839,3.039724260
3307,0,3.177546290,2.993430158
3308,0,3.456915436,3.587183339
3309,0,3.094548173,2.908800602
3310,0,3.044689494,3.784422438
3311,0,2.930249369,3.060379564
3312,0,3.302110082,2.406134167
3313,0,3.544253163,2.971719256
3314,0,3.456145281,3.351386497
3315,0,3.470433936,3.482623297
3316,0,2.540473553,2.299675346
3317,0,1.909357524,1.786186901
3318,0,2.873674335,2.001652474
3319,0,2.741706088,2.266167484
3320,0,2.550392576,2.781433080
3321,0,2.185138755,3.935057702
3322,0,2.817827745,3.317582731
3323,0,3.174949830,3.832716441
3324,0,3.002560246,4.494354952
3325,0,2.934158282,5.189509270
3326,0,3.074302210,4.209490029
3327,0,3.194529339,3.607248481
3328,0,2.013835408,2.110889390
3329,0,2.887285589,2.903582685
3330,0,2.357594010,3.283828108
3331,0,2.079626763,4.185780663
3332,0,0.014362291,0.003787172
3333,0,1.006060979,1.001204047
3334,0,1.923264430,1.334820402
3335,0,2.260521427,1.813499303
3336,0,2.383880277,1.326865519
3337,0,2.362407650,1.709296168
3338,0,2.411487170,1.340937898
3339,0,2.479068384,2.057938192
3340,0,2.906655435,3.279423788
3341,0,0.994587722,1.124157182
3342,0,0.008522552,0.002867585
3343,0,1.008522552,1.002867585
3344,0,1.924374250,2.002509586
3345,0,1.866884925,3.001844203
3346,0,2.470930513,2.406481697
3347,0,2.868114688,2.121498801
3348,0,2.792300806,1.778275983
3349,0,2.822347711,1.661395489
3350,0,2.817180554,2.316894094
3351,0,2.972981447,2.629040541
3352,0,2.942549215,3.297793331
3353,0,2.670835741,2.472082709
3354,0,2.206014437,2.010447835
3355,0,2.508023113,1.744114371
3356,0,2.628773808,1.674875537
3357,0,3.131233961,2.166619148
3358,0,1.786009933,1.667332130
3359,0,2.896364432,2.016017609
3360,0,2.969573660,2.622958940
3361,0,3.224648823,3.050399432
3362,0,3.243589739,3.914598278
3363,0,2.810974893,3.292664035
3364,0,3.018195002,3.244937872
3365,0,3.069001103,2.783059402
3366,0,3.356452253,3.316460006
3367,0,3.276407012,4.197528824
3368,0,3.320635236,3.907599041
3369,0,3.559427516,3.240867983
3370,0,3.397724197,2.955891225
3371,0,3.300862576,3.355702710
3372,0,2.742463279,3.292506510
3373,0,2.969917908,2.250661013
3374,0,2.352225533,2.189774054
3375,0,2.597813349,2.041862288
3376,0,3.430395733,2.624263012
3377,0,3.436604081,2.702339932
3378,0,2.821275038,2.067323393
3379,0,1.506677783,1.397478773
3380,0,2.484219559,2.196086769
3381,0,2.880984175,3.033355155
3382,0,3.157940484,4.169537794
3383,0,2.805361058,4.351487151
3384,0,2.631884501,4.480889402
3385,0,3.570695394,3.599741487
3386,0,3.515437154,3.067897591
3387,0,3.423742422,2.408239252
3388,0,3.597478083,2.669323658
3389,0,3.710169566,3.156230323
3390,0,3.313437223,3.144728645
3391,0,3.488099875,3.356278163
3392,0,3.568750199,3.897976686
3393,0,3.324539245,3.241503865
3394,0,3.237290849,2.915175113
3395,0,2.990108958,3.361653038
3396,0,2.758850113,3.745304909
3397,0,1.730849224,2.344621732
3398,0,2.517299494,1.927872750
3399,0,2.754729296,2.569087141
3400,0,0.995194692,1.081573111
3401,0,1.773641114,1.076923077
3402,0,0.999466604,0.972808963
3403,0,1.186211450,0.500000000
3404,0,0.999998731,0.998673608
3405,0,1.775858363,1.998775638
3406,0,0.999999859,0.999557869
3407,0,1.499999929,1.999557869
3408,0,1.863120512,2.999494708
3409,0,2.876953478,2.463980434
3410,0,2.946175234,2.245511946
3411,0,2.905410721,2.570626461
3412,0,2.289331733,2.449102203
3413,0,3.303843870,3.168219305
3414,0,3.182580408,2.770609443
3415,0,2.892508866,3.221797515
3416,0,3.114774720,3.087864007
3417,0,3.388146580,3.449057771
3418,0,2.971795902,3.461663232
3419,0,3.280913238,3.213042634
3420,0,3.677836956,3.642109236
3421,0,3.622191611,3.376774447
3422,0,3.593984605,3.397738341
3423,0,3.721857489,3.383803308
3424,0,2.667632033,3.359687962
3425,0,2.716134024,3.515087255
3426,0,3.324915148,3.807419576
3427,0,2.455025871,3.859413632
3428,0,2.708201427,3.757103747
3429,0,2.936042780,4.242911557
3430,0,3.486483826,4.850948897
3431,0,3.420568222,5.499096672
3432,0,3.766510692,4.774566500
3433,0,3.387247189,3.217783373
3434,0,3.174387110,2.683153145
3435,0,3.320863891,2.904681888
3436,0,3.437769880,3.482504070
3437,0,3.603146207,3.244458923
3438,0,3.313502969,3.234982734
3439,0,3.535251189,3.184832848
3440,0,3.536474538,3.156342079
3441,0,3.307519509,3.202465713
3442,0,3.121454878,2.780683617
3443,0,2.821876032,2.809220637
3444,0,3.159979192,2.981173880
3445,0,3.593521085,3.366937840
3446,0,3.334045256,3.590643909
3447,0,2.448962696,2.756547006
3448,0,2.834020523,3.177206636
3449,0,2.937314316,3.660845445
3450,0,3.293038730,3.007571981
3451,0,1.919205923,2.418215434
3452,0,2.901808428,3.479030574
3453,0,2.843217308,2.773422299
3454,0,1.861056967,1.546235494
3455,0,2.442138412,1.668775692
3456,0,1.773384878,1.578180292
3457,0,2.482048656,1.856288856
3458,0,2.268200399,2.078259503
3459,0,2.281562969,1.378710441
3460,0,2.219972159,1.513536544
3461,0,2.288080147,1.854413037
3462,0,2.688650337,2.302298793
3463,0,2.388952275,3.654207747
3464,0,2.964423988,3.163028542
3465,0,2.760317537,3.527521826
3466,0,2.451251910,2.125889544
3467,0,2.617812578,2.310966209
3468,0,2.688368996,2.859061349
3469,0,2.454973370,1.832687312
3470,0,2.555827238,3.097272198
3471,0,2.743285913,1.540155082
3472,0,2.532896786,1.852774736
3473,0,2.185448973,2.746096136
3474,0,2.517170207,2.002258439
3475,0,2.909366481,1.969098591
3476,0,1.376648425,1.169241871
3477,0,1.947838652,2.122151190
3478,0,2.384939431,1.419955456
3479,0,2.491796125,2.042525400
3480,0,2.496804836,1.371771766
3481,0,1.674376066,1.196396187
3482,0,2.228658833,1.550061085
3483,0,2.416326059,1.437997322
3484,0,2.792475476,1.946187294
3485,0,2.606145125,1.692390433
3486,0,1.931393797,1.804518901
3487,0,2.508500315,2.595327241
3488,0,2.448615038,3.113826625
3489,0,2.930097262,2.583654619
3490,0,2.642551295,3.141335458
3491,0,2.580120531,2.635620389
3492,0,2.903414295,1.983598524
3493,0,2.726450821,1.834607835
3494,0,1.890746888,2.244221740
3495,0,2.208381234,1.969214973
3496,0,2.725310140,1.848981728
3497,0,2.407997353,1.746209381
3498,0,2.567065418,2.170074743
3499,0,2.531961179,2.697600312
3500,0,2.550509996,2.713351972
3501,0,2.931885181,2.323263056
3502,0,1.959365644,1.775835071
3503,0,2.725081449,2.214312339
3504,0,2.850908577,2.618481565
3505,0,2.971060532,3.190886159
3506,0,2.975160055,3.714778562
3507,0,2.990406137,3.063792418
3508,0,3.442182962,3.873289944
3509,0,3.402447666,4.695939347
3510,0,3.253752922,3.887003365
3511,0,3.260951309,3.219557334
3512,0,3.465415875,3.860831323
3513,0,2.665447802,2.025697353
3514,0,2.283505720,2.040208992
3515,0,2.321169869,1.357119506
3516,0,2.326207662,1.504132837
3517,0,2.423903793,1.453922221
3518,0,2.462562439,2.050196566
3519,0,2.560987628,2.625044755
3520,0,2.726305419,1.999218560
3521,0,3.108142939,2.754483256
3522,0,3.121540576,3.675093884
3523,0,3.194887260,3.032887155
3524,0,2.915704927,2.172472026
3525,0,2.709824734,2.254803516
3526,0,2.659951994,2.063437986
3527,0,2.071192634,2.110684567
3528,0,2.156692235,1.960102689
3529,0,2.728180241,2.684617565
3530,0,2.882077305,2.194811511
3531,0,3.147916586,2.152023884
3532,0,2.853195983,2.146630899
3533,0,2.371411128,2.143886662
3534,0,1.995716610,1.707133835
3535,0,1.916562966,1.654464528
3536,0,1.784874086,1.637266085
3537,0,2.494907476,1.678126238
3538,0,3.081048469,2.140438456
3539,0,1.907382679,2.716984065
3540,0,2.692834035,3.458176127
3541,0,2.884902325,2.684188267
3542,0,2.037277494,2.451435465
3543,0,2.896065804,2.224067808
3544,0,2.865427057,1.961096878
3545,0,2.693452684,2.338306450
3546,0,3.018932621,3.281353042
3547,0,2.797989502,2.764530568
3548,0,2.779738761,1.991714318
3549,0,2.791057026,2.243474022
3550,0,3.170569444,2.894125501
3551,0,3.179531016,2.620194847
3552,0,2.931393739,2.124160489
3553,0,2.578416094,1.794533286
3554,0,2.572022230,1.658286946
3555,0,1.907056559,1.870175232
3556,0,2.797730210,1.966532076
3557,0,2.721399864,2.351330939
3558,0,1.787833196,1.848366256
3559,0,2.265972782,2.714887575
3560,0,1.930131689,1.785460545
3561,0,1.944455378,1.660663204
3562,0,2.921149956,1.958301373
3563,0,2.534825961,2.495224359
3564,0,2.264816060,2.270906402
3565,0,1.723125195,1.677577246
3566,0,2.333568758,1.524099338
3567,0,2.666322026,1.801880775
3568,0,2.548599560,1.644287944
3569,0,2.569901326,1.788674694
3570,0,2.621980705,3.259268928
3571,0,2.692785751,2.445006214
3572,0,2.884282808,1.962922523
3573,0,2.292304545,2.167319737
3574,0,2.211236471,2.609602048
3575,0,2.235705745,2.017656748
3576,0,1.631663034,1.179298203
3577,0,2.097193015,2.100383759
3578,0,2.315909744,1.605208723
3579,0,2.809854354,2.053793955
3580,0,2.290027678,2.740809835
3581,0,2.430231761,1.905721799
3582,0,2.570893698,1.601103193
3583,0,2.455584422,2.133467852
3584,0,2.424810665,3.189441093
3585,0,2.900607263,2.591673837
3586,0,2.727544838,2.900603941
3587,0,2.021573901,2.618544136
3588,0,2.611196782,1.991817564
3589,0,2.932744827,1.992067299
3590,0,2.935846349,1.960358484
3591,0,2.668704962,1.789323135
3592,0,2.971132088,2.001877915
3593,0,2.793285805,2.190293084
3594,0,2.759717330,1.948912402
3595,0,2.206650465,2.303437417
3596,0,2.609695037,2.100625267
3597,0,2.231177358,3.369471590
3598,0,2.579918102,2.293940154
3599,0,2.480591770,2.782756596
3600,0,2.915780376,2.396286630
3601,0,2.584250523,2.241038884
3602,0,2.576733436,2.510671274
3603,0,2.343337353,1.791865499
3604,0,2.569137108,1.696072676
3605,0,2.556440462,2.120672255
3606,0,2.834163747,3.090054367
3607,0,2.647202859,2.586076052
3608,0,2.887801183,2.259438816
3609,0,2.789497210,1.811385284
3610,0,2.609288834,1.695786949
3611,0,2.260857379,1.891228642
3612,0,2.461688263,2.392727304
3613,0,2.314825229,2.262990369
3614,0,2.497023209,2.015476352
3615,0,2.445530851,2.003830654
3616,0,2.578959357,1.733910593
3617,0,2.557578325,1.695961462
3618,0,2.826466441,2.090915379
3619,0,2.636859229,1.760108820
3620,0,1.939560588,1.625186639
3621,0,1.912744582,2.344372519
3622,0,2.490348169,1.829718120
3623,0,2.572067229,1.748129294
3624,0,2.562654020,1.688416530
3625,0,2.254711990,2.628459651
3626,0,2.483709478,3.667962744
3627,0,1.788586646,2.909682350
3628,0,1.738515757,1.014162246
3629,0,2.219413558,1.711696443
3630,0,1.081968277,1.477306942
3631,0,1.965339829,1.916126376
3632,0,2.453049771,2.670433721
3633,0,2.487628100,3.239626832
3634,0,2.585744889,1.900654807
3635,0,2.637539984,2.340659391
3636,0,2.721829296,1.737136901
3637,0,2.210305534,1.699794560
3638,0,1.863179244,1.783071672
3639,0,1.886079075,1.419450117
3640,0,2.312153151,1.667051193
3641,0,0.009365219,0.005041136
3642,0,1.006287203,1.002651914
3643,0,1.193529552,0.503625681
3644,0,2.293930880,1.500164261
3645,0,2.167531232,1.535167475
3646,0,1.718397898,1.806925698
3647,0,1.926462141,2.549324091
3648,0,2.385607973,2.081164992
3649,0,2.330335459,1.709274659
3650,0,2.718744244,2.380386344
3651,0,2.662730772,2.626275069
3652,0,3.136253735,2.282302307
3653,0,2.782219042,1.737290386
3654,0,2.731839973,1.812316765
3655,0,2.768023376,2.120179693
3656,0,3.053743528,1.986748708
3657,0,2.696956120,2.167106595
3658,0,3.085428305,2.766456860
3659,0,2.775890605,3.365853731
3660,0,2.997182648,2.739173803
3661,0,3.042181633,2.320781552
3662,0,3.218920608,2.502626846
3663,0,2.607218958,1.989873177
3664,0,2.899244588,3.537353691
3665,0,2.947245837,4.223258881
3666,0,2.807623099,3.040674716
3667,0,1.486529530,1.442776571
3668,0,2.203022141,2.168390839
3669,0,2.115957179,1.914927892
3670,0,2.617854604,1.719662284
3671,0,1.538432345,1.344807429
3672,0,1.913486497,1.470555461
3673,0,1.963999126,1.149208259
3674,0,1.822015858,1.162141459
3675,0,2.014339391,1.359964133
3676,0,2.475833730,1.745124983
3677,0,2.225349738,2.514685088
3678,0,2.800218415,2.088335496
3679,0,3.327522146,2.773866110
3680,0,2.022700719,1.923347860
3681,0,2.987733952,2.023841155
3682,0,3.134382515,2.192472830
3683,0,1.584492194,1.970300540
3684,0,2.539514995,1.819228552
3685,0,1.600943991,1.993067669
3686,0,2.012188886,1.910730055
3687,0,2.876314249,1.869390552
3688,0,2.620104374,1.796774171
3689,0,2.932462352,2.511993132
3690,0,2.660720019,1.887207719
3691,0,2.043010770,1.398161977
3692,0,1.087059244,1.092208549
3693,0,1.803217611,2.019329830
3694,0,1.020311824,1.015744859
3695,0,1.530158375,2.020102233
3696,0,2.293091373,1.633696759
3697,0,1.821364254,1.236111111
3698,0,0.999999993,0.999899608
3699,0,1.499999996,1.000000000
3700,0,0.999999999,0.999959843
3701,0,1.775858948,1.076923077
3702,0,2.460484681,1.692320048
3703,0,2.162840114,1.228668942
3704,0,1.044617870,1.016918446
3705,0,1.966675021,1.352139914
3706,0,1.393248654,1.108048161
3707,0,2.077440248,1.374540258
3708,0,1.597885205,1.229063284
3709,0,2.248665019,1.614550023
3710,0,1.551399152,1.027037634
3711,0,2.341619772,1.590407114
3712,0,2.796411076,1.788449659
3713,0,2.557199802,2.122574978
3714,0,2.979660311,2.421951117
3715,0,2.534350985,2.302891715
3716,0,2.197964830,1.126784585
3717,0,2.480736583,1.702564569
3718,0,2.270485075,2.147618973
3719,0,2.339726093,1.502052268
3720,0,2.183213066,1.327004989
3721,0,2.355901673,1.118288697
3722,0,2.513217288,1.618761059
3723,0,2.715111622,2.217383542
3724,0,2.847641741,1.929563543
3725,0,2.788523156,2.584950656
3726,0,3.029004616,2.013000095
3727,0,3.166455963,2.121336015
3728,0,2.938793044,1.927195898
3729,0,1.791288933,1.596210564
3730,0,2.045865352,1.621572101
3731,0,2.619930236,2.682153418
3732,0,2.676478287,2.892098354
3733,0,2.747707828,2.364787998
3734,0,2.750075478,3.160385038
3735,0,2.962080221,3.977895950
3736,0,3.047544113,3.234652983
3737,0,2.974815065,2.807153655
3738,0,2.661101933,2.256303744
3739,0,2.843446271,2.085293541
3740,0,2.508311771,1.662742643
3741,0,2.191017013,1.535634687
3742,0,2.193529636,2.211470409
3743,0,2.724310158,1.955314583
3744,0,2.305067640,1.953533948
3745,0,2.289136046,2.148107126
3746,0,2.638278034,2.629659071
3747,0,2.922997078,2.333380665
3748,0,2.962768068,2.932640914
3749,0,2.965538824,2.414838050
3750,0,3.108838748,3.109292827
3751,0,3.311043123,3.966853175
3752,0,2.566093377,3.099729794
3753,0,3.427341342,3.037767209
3754,0,3.509736289,3.178978613
3755,0,3.172401983,2.865502330
3756,0,3.307529377,3.122919559
3757,0,3.254733719,3.348123241
3758,0,3.291288461,4.396998619
3759,0,3.247140456,5.559029611
3760,0,3.667619389,4.999308073
3761,0,2.789465433,6.304959835
3762,0,3.513251410,7.454945744
3763,0,3.817930775,7.897939983
3764,0,2.687128711,6.262862636
3765,0,3.353109692,5.698628349
3766,0,3.557206175,6.286122874
3767,0,3.475980637,5.554316462
3768,0,3.085218238,4.859970931
3769,0,3.530728942,4.291186120
3770,0,3.489228076,4.805845075
3771,0,3.569082489,3.860570981
3772,0,3.373777015,3.237002577
3773,0,3.280014870,3.234703710
3774,0,3.484161589,3.372772689
3775,0,3.457655120,3.833380915
3776,0,3.171088855,4.438885755
3777,0,3.158949447,5.023072229
3778,0,2.379134011,4.067605488
3779,0,2.969073223,3.737565671
3780,0,3.058429048,4.018956420
3781,0,2.588557096,3.897559073
3782,0,2.119840583,2.769452313
3783,0,2.746348194,2.523596228
3784,0,2.954102025,3.115589057
3785,0,3.096652348,2.950043479
3786,0,3.516245455,3.465058974
3787,0,3.532473870,3.060182784
3788,0,3.173805752,2.647012940
3789,0,3.275978003,2.913306514
3790,0,3.307021269,3.252585650
3791,0,3.261604106,3.202288122
3792,0,3.436998106,3.213509326
3793,0,3.663113590,3.446377601
3794,0,3.579882789,3.944783218
3795,0,3.532960086,3.638290796
3796,0,3.561449915,4.116425076
3797,0,3.272497004,3.186806246
3798,0,3.185342390,2.826244957
3799,0,3.490788111,3.254537934
3800,0,3.102978244,3.860022745
3801,0,3.464717226,3.480044026
3802,0,3.424380599,3.782412818
3803,0,3.367427511,4.668584762
3804,0,3.343378266,3.692609158
3805,0,3.222973260,4.604174386
3806,0,3.308145031,3.609997082
3807,0,3.205030452,4.414406125
3808,0,3.193491151,4.160025679
3809,0,3.208325647,4.976179898
3810,0,3.508433465,4.287846720
3811,0,2.419231236,2.892215558
3812,0,2.610434757,3.094026404
3813,0,3.059723759,2.924392521
3814,0,3.227104439,3.566447887
3815,0,3.465744269,3.522117085
3816,0,3.299374667,3.890577282
3817,0,2.322757324,3.794044367
3818,0,2.425292902,4.516027965
3819,0,3.018668094,3.552563219
3820,0,2.933269024,4.729286997
3821,0,3.076730408,3.906783301
3822,0,2.764457960,3.150389604
3823,0,2.631371959,2.621975317
3824,0,2.512827871,1.991253251
3825,0,2.521190029,2.493572828
3826,0,2.805101427,3.060601064
3827,0,2.656141779,4.138171389
3828,0,2.436605669,4.975531389
3829,0,1.800230678,3.484334586
3830,0,2.433435675,2.140118112
3831,0,2.002498254,1.598351101
3832,0,2.021159956,1.467018419
3833,0,2.036546207,1.781199495
3834,0,2.412647765,2.483358414
3835,0,2.359725072,3.455759011
3836,0,1.949804134,1.819119421
3837,0,1.883674599,3.123826298
3838,0,2.323506065,1.853908394
3839,0,2.471865887,1.448480334
3840,0,2.509391532,1.578738143
3841,0,2.508535575,1.423127978
3842,0,2.508267785,1.532765461
3843,0,2.510749285,2.483350433
3844,0,2.510752104,1.662228348
3845,0,2.492761461,2.242354834
3846,0,1.138615667,0.784631203
3847,0,2.351295504,1.685587946
3848,0,2.886238330,1.868629490
3849,0,2.400900345,2.347033043
3850,0,3.500822687,3.359501133
3851,0,3.157495514,2.663387616
3852,0,3.353793243,2.375962588
3853,0,3.310696316,2.329309192
3854,0,2.933910507,2.140726063
3855,0,3.329479406,2.605536010
3856,0,3.256496442,3.187882737
3857,0,3.113586072,4.086600868
3858,0,2.362789023,2.781150188
3859,0,2.967226001,3.240944544
3860,0,2.907821551,2.728191187
3861,0,3.447873843,3.439978014
3862,0,1.926272956,2.301833060
3863,0,2.741980185,2.608593833
3864,0,2.203562021,2.296547320
3865,0,2.288462606,1.618476655
3866,0,3.055925313,2.516566322
3867,0,2.950246563,2.122626372
3868,0,2.620750230,1.870375307
3869,0,2.838528990,2.115715630
3870,0,2.964105708,2.335298358
3871,0,3.513757459,2.607926746
3872,0,3.431633754,2.771646068
3873,0,3.406231170,2.722615545
3874,0,1.869593715,2.458335390
3875,0,2.757957703,2.107460212
3876,0,2.996330585,2.847211936
3877,0,2.808094486,2.907586462
3878,0,2.039043034,1.669216676
3879,0,1.858304120,2.178677162
3880,0,1.412655031,1.564190697
3881,0,1.800554276,2.270638956
3882,0,2.279104874,1.991304483
3883,0,2.332251504,1.723060148
3884,0,2.517373917,1.894414158
3885,0,2.368222878,2.467019362
3886,0,2.438707459,2.367060200
3887,0,3.531018975,3.002820019
3888,0,3.400488798,3.482991785
3889,0,3.213790642,4.104933682
3890,0,3.242003877,3.440100092
3891,0,3.411461679,4.075517701
3892,0,3.523034242,3.410074198
3893,0,3.317681956,3.987641588
3894,0,3.512685311,3.583037452
3895,0,3.416903986,3.931717070
3896,0,3.198553197,3.150873350
3897,0,3.564252262,2.997387136
3898,0,3.158143805,3.205784642
3899,0,3.575176339,3.030517766
3900,0,3.143680582,3.693193656
3901,0,1.475241496,1.785018057
3902,0,1.790759370,1.261233160
3903,0,1.725472702,1.417424209
3904,0,2.433120908,1.653081883
3905,0,1.318866216,1.392939254
3906,0,2.243591819,1.621877739
3907,0,2.575964388,2.110824524
3908,0,2.737895560,1.659188671
3909,0,2.785898200,2.052234767
3910,0,2.454603792,2.414675709
3911,0,2.669091853,3.373471636
3912,0,2.078030629,2.388649758
3913,0,2.229865348,2.059380208
3914,0,2.822747012,2.807170579
3915,0,3.120609121,3.598647725
3916,0,3.046785898,4.492322798
3917,0,2.922727318,3.642861185
3918,0,2.918059651,3.014668228
3919,0,2.937825119,2.949399012
3920,0,3.462188221,3.102092196
3921,0,3.171523738,2.750200509
3922,0,3.251354262,2.939315934
3923,0,2.894053331,3.115576211
3924,0,2.460378580,3.354780556
3925,0,3.215329328,3.669189212
3926,0,2.696695638,2.725313744
3927,0,2.226168706,3.179839794
3928,0,1.247232740,1.370739658
3929,0,2.373384967,1.514851125
3930,0,2.512686884,1.881892117
3931,0,2.669197088,2.154742785
3932,0,2.495588720,1.579285746
3933,0,2.841643593,2.030984017
3934,0,1.995109229,1.662705349
3935,0,1.437871386,1.332348681
3936,0,1.835097068,1.356871111
3937,0,2.662871029,1.694202040
3938,0,1.964098539,1.643089236
3939,0,2.645164928,1.454806928
3940,0,2.534578339,1.492271351
3941,0,1.770688684,1.956964849
3942,0,2.552141475,3.042946726
3943,0,2.357027702,2.592733427
3944,0,2.821171987,3.689295521
3945,0,2.751875836,3.884899057
3946,0,3.130876222,3.108683272
3947,0,2.814833845,2.112867995
3948,0,2.976591744,1.956700087
3949,0,1.808487327,1.545196813
3950,0,2.812359837,2.069388879
3951,0,2.554192690,2.310930186
3952,0,2.304068429,3.327857691
3953,0,2.530022171,3.889294800
3954,0,2.167643589,3.682631343
3955,0,2.576598560,2.391658438
3956,0,2.820764766,3.231558434
3957,0,2.683180918,1.782173887
3958,0,1.919678525,1.461402920
3959,0,2.588493652,2.426934330
3960,0,2.632363924,2.041819359
3961,0,2.452787910,1.976149241
3962,0,2.131595326,1.244052944
3963,0,1.991268573,1.634809023
3964,0,1.784812197,1.776513005
3965,0,1.614383774,0.990434932
3966,0,1.853741548,1.253997238
3967,0,1.525529030,1.574837495
3968,0,1.839443855,1.263553844
3969,0,2.121722404,2.116634719
3970,0,1.854255192,1.382878941
3971,0,2.862279739,2.197225690
3972,0,2.705912203,2.802876528
3973,0,2.586718884,3.069530404
3974,0,2.885583130,2.527161574
3975,0,2.694773616,1.968044663
3976,0,2.624069867,2.416995928
3977,0,2.864539944,2.172568952
3978,0,2.670932530,1.805956386
3979,0,2.502259889,1.738617155
3980,0,2.943840701,2.332495402
3981,0,2.569738426,2.112324416
3982,0,2.692956465,2.929075685
3983,0,1.843072325,2.338487469
3984,0,2.920251973,3.391756219
3985,0,2.640827663,4.420030663
3986,0,2.039459929,2.782837965
3987,0,1.544853592,1.922091518
3988,0,2.442909703,2.964576844
3989,0,2.866071228,2.402938853
3990,0,2.720308789,3.092797454
3991,0,2.817950738,4.011769100
3992,0,2.751856622,3.491246716
3993,0,2.916713008,2.978374832
3994,0,2.072146983,1.886995978
3995,0,2.664020662,2.161360028
3996,0,2.905433494,3.111660402
3997,0,3.013468322,2.417176156
3998,0,3.006816588,2.843548106
3999,0,3.237766689,3.599349885
4000,0,3.088594075,4.132973755
4001,0,2.483052482,4.117853611
4002,0,2.841617569,2.976642286
4003,0,2.899393377,3.413853140
4004,0,2.791587947,2.555983126
4005,0,3.018091951,2.436354554
4006,0,2.853381795,2.345930499
4007,0,2.725491515,2.029813282
4008,0,3.106843193,2.467195059
4009,0,2.932408770,2.615657252
4010,0,2.839372514,3.030005346
4011,0,2.814395794,2.593985716
4012,0,3.122616279,3.588042684
4013,0,2.899702650,3.552643195
4014,0,3.162333555,3.917350100
4015,0,3.147117048,3.800274326
4016,0,3.235140351,2.769336279
4017,0,3.226795002,2.471068403
4018,0,3.142491538,2.483607884
4019,0,2.495206680,2.070006877
4020,0,3.022488328,2.795581435
4021,0,2.884364716,2.392690230
4022,0,2.874016319,2.533564922
4023,0,2.783163442,1.819389060
4024,0,2.577598036,2.097657857
4025,0,2.665289518,1.795257320
4026,0,2.798934532,1.989653921
4027,0,3.121545133,2.223270336
4028,0,3.134917409,2.189589505
4029,0,3.130522017,2.664326892
4030,0,3.058137911,2.287552261
4031,0,2.792169290,2.919488716
4032,0,2.692189510,2.688593673
4033,0,3.043355078,3.019260838
4034,0,2.842890979,3.129785010
4035,0,2.929391877,2.246301672
4036,0,2.223427129,3.116744339
4037,0,2.485631598,2.649831385
4038,0,3.213466551,2.409535189
4039,0,2.008066612,1.834754469
4040,0,2.958826283,2.214782220
4041,0,3.174836317,2.121514929
4042,0,2.906182753,2.247344907
4043,0,2.454695995,1.979334378
4044,0,2.001475573,1.687057422
4045,0,2.808029823,2.066997417
4046,0,2.365983259,2.516154134
4047,0,2.318936636,3.235366434
4048,0,2.859054584,2.726833157
4049,0,3.160516496,2.903699009
4050,0,3.081051012,2.921804764
4051,0,2.978997692,3.447405305
4052,0,3.538986301,4.263496325
4053,0,3.407440473,4.400879901
4054,0,3.610473835,3.702141747
4055,0,3.304077048,3.972255478
4056,0,2.886716696,4.328691632
4057,0,3.473761290,3.782046966
4058,0,3.271950012,3.078216675
4059,0,2.797317108,3.532644952
4060,0,3.149179520,3.998444687
4061,0,2.269334278,2.657680853
4062,0,2.785458735,2.514443765
4063,0,2.304447761,2.591946138
4064,0,3.204942741,2.649767995
4065,0,2.204414119,2.697532406
4066,0,2.859824114,2.611253369
4067,0,3.328566587,3.259469633
4068,0,3.078236863,3.693392283
4069,0,3.080798530,3.041101367
4070,0,3.366959999,3.834194834
4071,0,3.145305321,2.920518590
4072,0,3.315681922,2.456016709
4073,0,3.459663660,3.436009726
4074,0,3.430974616,2.688335564
4075,0,3.140658030,2.042684463
4076,0,3.152238549,2.197687709
4077,0,3.077799206,2.657219305
4078,0,3.074742278,3.151670789
4079,0,2.860957381,2.753499052
4080,0,2.744459443,2.041957723
4081,0,3.191670597,2.158783342
4082,0,1.363586513,1.474597925
4083,0,2.007100046,1.673128403
4084,0,2.794523381,2.281801548
4085,0,2.664834863,2.248787900
4086,0,2.794636135,1.897227788
4087,0,2.844091523,2.489254040
4088,0,3.042208336,2.156922256
4089,0,3.016277996,2.518482190
4090,0,2.831568591,3.026383186
4091,0,3.030957120,2.607476572
4092,0,2.733092535,1.945212895
4093,0,1.884689379,1.435800525
4094,0,1.118322225,1.122068675
4095,0,2.038333276,1.442161150
4096,0,2.429267148,1.599309679
4097,0,-0.000000000,0.000000000
4098,0,1.000000000,1.000000000
4099,0,-0.000000000,0.000000000
4100,0,1.000000000,1.000000000
4101,0,1.918295834,1.333333333
4102,0,1.000000000,1.000000000
4103,0,1.500000000,1.000000000
4104,0,2.260207823,1.617021277
4105,0,2.642443525,1.738045738
4106,0,2.493218317,1.966240876
4107,0,3.065570777,2.068651085
4108,0,3.183489318,2.518253450
4109,0,3.284204765,3.186591397
4110,0,3.207000327,2.651905077
4111,0,3.318405891,3.328087200
4112,0,3.689232843,3.126485464
4113,0,3.339980269,3.731561436
4114,0,3.001567864,4.119560823
4115,0,3.129262931,4.427762031
4116,0,3.724865958,4.158504900
4117,0,3.278974973,3.135170789
4118,0,2.877762037,2.344274459
4119,0,2.860288871,2.238846815
4120,0,2.724304609,2.552270094
4121,0,3.232995544,2.742951201
4122,0,3.337500210,2.997550741
4123,0,3.322749905,3.721578004
4124,0,2.952938791,3.725466411
4125,0,2.747665241,4.590790915
4126,0,3.741532834,4.127684231
4127,0,3.276769738,2.875101951
4128,0,3.357615136,2.871716411
4129,0,3.641926903,3.172399088
4130,0,3.512622591,3.157710259
4131,0,3.164409272,2.510686559
4132,0,3.284469692,3.029025185
4133,0,3.567549233,3.531386769
4134,0,3.111682381,2.559055506
4135,0,3.072561790,2.243078107
4136,0,2.795361566,2.199286274
4137,0,3.052391183,2.800792321
4138,0,2.681651384,3.266862329
4139,0,2.417209214,2.305731491
4140,0,2.460307803,1.854966872
4141,0,2.913485538,1.886381084
4142,0,0.998952465,1.038103022
4143,0,1.775375471,1.076923077
4144,0,2.460205363,1.780954776
4145,0,2.162700152,1.228668942
4146,0,2.379852497,2.200096343
4147,0,1.827353208,1.859186578
4148,0,0.999983338,1.004806087
4149,0,1.775851258,2.004436388
4150,0,2.460480238,1.770709565
4151,0,2.162837888,2.591887152
4152,0,2.292461889,3.309415050
4153,0,2.529507833,2.438359185
4154,0,1.973071109,1.808565277
4155,0,2.671038876,1.954614180
4156,0,2.320829951,1.872779282
4157,0,2.938951423,2.002678904
4158,0,2.645417310,1.898271451
4159,0,2.942460582,1.961253394
4160,0,0.999999863,1.000435743
4161,0,1.186278107,0.500000000
4162,0,1.725185979,1.187536312
4163,0,1.935677196,1.381132075
4164,0,2.324878481,1.521710171
4165,0,2.551382074,2.236157926
4166,0,2.482893377,1.713791675
4167,0,2.426623378,2.423809407
4168,0,1.974949682,1.814200626
4169,0,2.381409417,1.523113933
4170,0,3.200023861,2.281961660
4171,0,3.298828772,2.789452435
4172,0,3.252695809,3.453170190
4173,0,3.402228708,2.908802807
4174,0,3.264560446,3.503168040
4175,0,2.903586180,3.999982247
4176,0,2.743109790,3.097308704
4177,0,2.993489296,2.638595851
4178,0,2.553035161,1.891156919
4179,0,2.909902507,1.832914943
4180,0,2.508628682,1.653630891
4181,0,2.286646699,2.126763192
4182,0,1.761915610,1.922392255
4183,0,1.842553966,1.216110844
4184,0,2.799925593,1.955029532
4185,0,2.066591768,2.109135730
4186,0,2.520031286,3.121205458
4187,0,2.996054068,2.593084779
4188,0,3.110394547,3.354344503
4189,0,3.228368742,3.126209703
4190,0,2.757856631,2.287454919
4191,0,3.049840200,2.255047320
4192,0,3.225630956,2.330391819
4193,0,1.584245106,1.959118479
4194,0,1.936485094,1.269064060
4195,0,-0.000000000,0.000000000
4196,0,1.000000000,1.000000000
4197,0,1.500000000,2.000000000
4198,0,2.483355755,1.750000000
4199,0,2.303252750,2.566787004
4200,0,2.467377949,3.193634597
4201,0,2.640331498,3.991409168
4202,0,2.262659485,2.876806345
4203,0,2.956300534,2.453361504
4204,0,2.996679371,2.263971571
4205,0,3.125017300,2.367101219
4206,0,3.551978116,2.847608323
4207,0,3.261774604,2.267521640
4208,0,2.623326989,1.600183936
4209,0,2.097484994,1.417377708
4210,0,2.379826061,2.277382856
4211,0,2.551245678,1.814061711
4212,0,2.461254703,2.297363683
4213,0,2.101587590,2.036017125
4214,0,2.381852435,1.362562716
4215,0,2.062550869,1.334004543
4216,0,0.159972317,0.093485155
4217,0,1.080831051,1.035471440
4218,0,1.842464868,2.016408744
4219,0,2.525992984,1.794544890
4220,0,2.178934565,2.363153743
4221,0,2.362268489,3.283658923
4222,0,2.927695908,2.843801550
4223,0,3.129681947,3.752160894
4224,0,3.318250822,3.038967974
4225,0,3.030528100,2.378340754
4226,0,2.964141652,2.207636336
4227,0,3.400059522,2.510972250
4228,0,2.938847582,2.374419659
4229,0,2.899727499,2.896332568
4230,0,3.175210546,3.659779457
4231,0,3.383385143,4.546367082
4232,0,3.042735596,3.628181902
4233,0,3.523488705,3.219824490
4234,0,2.979761821,2.459825776
4235,0,3.039259044,2.273350085
4236,0,3.056184195,2.610950528
4237,0,3.136109649,2.408722776
4238,0,2.790986120,2.364340355
4239,0,1.491645582,1.467209408
4240,0,1.804179365,2.051281653
4241,0,2.338794418,2.055374318
4242,0,2.412636010,2.536515849
4243,0,3.140576145,3.265214780
4244,0,2.995559438,2.699687102
4245,0,3.126091201,2.287096544
4246,0,3.126288679,2.560673330
4247,0,2.677297924,2.424677860
4248,0,3.103356209,2.499305816
4249,0,3.288246839,2.194188790
4250,0,3.323000519,2.630368817
4251,0,3.779471503,2.781869568
4252,0,3.562774632,2.738787344
4253,0,3.174159779,2.476866590
4254,0,2.965536817,2.731781414
4255,0,3.039215697,2.289980056
4256,0,2.130441423,1.846976454
4257,0,2.299695124,2.334251796
4258,0,3.254336160,2.186209286
4259,0,2.917388105,3.517550779
4260,0,3.356480094,3.016894227
4261,0,3.295624286,2.543129347
4262,0,3.013619142,2.133046152
4263,0,2.716075742,1.770501773
4264,0,2.974312752,2.119862864
4265,0,3.540940460,2.823517046
4266,0,3.045362694,2.118202202
4267,0,2.537521085,2.229725247
4268,0,3.123975420,2.220798481
4269,0,2.953491831,2.117470042
4270,0,3.020242539,2.157261586
4271,0,2.953777747,2.642440391
4272,0,2.787360895,1.874227555
4273,0,3.039196746,2.108877727
4274,0,2.857140150,2.498058866
4275,0,3.468205523,3.114199777
4276,0,3.371641957,3.410846091
4277,0,3.287172860,3.204471107
4278,0,3.479664410,3.657025046
4279,0,3.544365918,3.078052344
4280,0,3.058190164,2.596356599
4281,0,3.460354181,3.062696788
4282,0,3.622644991,2.998648384
4283,0,3.017048514,2.488544052
4284,0,2.687311733,2.144726188
4285,0,3.039758354,3.179569570
4286,0,0.730351026,0.817008027
4287,0,1.397358836,1.341226064
4288,0,1.797389650,2.175606491
4289,0,2.833568430,2.006092800
4290,0,2.475649143,2.225582388
4291,0,2.857251007,2.982928166
4292,0,3.022323811,3.851779070
4293,0,3.021737697,4.626209448
4294,0,2.087946090,5.370736585
4295,0,2.993100605,6.408260592
4296,0,2.560484355,5.386510607
4297,0,2.831437963,6.340084379
4298,0,2.562243185,7.402678604
4299,0,3.079111110,6.299268736
4300,0,3.263202151,5.376602532
4301,0,2.978246499,6.127166067
4302,0,3.006888099,7.153529451
4303,0,3.124446652,6.059507709
4304,0,2.073276248,4.891450125
4305,0,1.583307286,4.161858807
4306,0,0.956519441,3.019265582
4307,0,1.823790926,2.452088789
4308,0,1.415783606,1.678678133
4309,0,1.269172531,0.767677070
4310,0,-0.000000000,0.000000000
4311,0,-0.000000000,0.000000000
4312,0,-0.000000000,0.000000000
4313,0,-0.000000000,0.000000000
4314,0,0.591672779,0.285714286
4315,0,0.985228136,1.142857143
4316,0,0.732419655,0.285714286
4317,0,0.734540638,0.339622642
4318,0,0.999624939,0.977198697
4319,0,-0.000000000,0.000000000
4320,0,0.591672779,1.714285714
4321,0,0.816689088,0.333333333
4322,0,-0.000000000,0.000000000
4323,0,0.591672779,0.285714286
4324,0,0.543564443,0.250000000
4325,0,0.672294817,0.352941176
4326,0,0.993233820,1.096774194
4327,0,0.969365321,2.079173838
4328,0,0.706493210,0.308960383
4329,0,1.112421075,0.465999710
4330,0,0.199523147,0.062056738
4331,0,0.999305404,0.968971631
4332,0,0.924969763,0.680315882
4333,0,-0.000000000,0.000000000
4334,0,1.000000000,1.000000000
4335,0,-0.000000000,0.000000000
4336,0,-0.000000000,0.000000000
4337,0,-0.000000000,0.000000000
4338,0,-0.000000000,0.000000000
4339,0,0.591672779,0.285714286
4340,0,0.543564443,0.250000000
4341,0,0.998509099,1.045454545
4342,0,0.734316936,0.285714286
4343,0,0.563038214,0.264103372
4344,0,0.996392012,0.929306563
4345,0,0.896808694,1.373642628
4346,0,0.792518515,0.476978022
4347,0,-0.000000000,0.000000000
4348,0,-0.000000000,0.000000000
4349,0,1.000000000,1.000000000
4350,0,0.734529921,0.285714286
4351,0,0.738994656,0.335766423
4352,0,0.709411978,0.338902148
4353,0,1.118345895,1.861470935
4354,0,0.750624585,0.297875900
4355,0,1.242301253,1.069827428
4356,0,0.800733787,0.313813889
4357,0,1.606092533,1.167542022
4358,0,1.292291473,2.103434653
4359,0,1.705266791,2.600840889
4360,0,2.512288004,2.666981253
4361,0,2.775751758,2.662413793
4362,0,2.682552518,3.069137578
4363,0,2.803496063,3.694217557
4364,0,2.431861247,3.155094203
4365,0,2.487676156,2.157773514
4366,0,2.388430936,3.015094279
4367,0,2.545641966,2.552338274
4368,0,2.393880957,3.288308102
4369,0,2.394099495,2.808805487
4370,0,2.487588021,2.117416168
4371,0,2.673359667,2.243061242
4372,0,2.646533724,2.290566330
4373,0,3.068218923,2.363428758
4374,0,2.367566893,2.152421653
4375,0,2.912600764,2.478984989
4376,0,2.810203486,2.575285619
4377,0,1.396327367,2.045668743
4378,0,0.921719172,1.347182056
4379,0,-0.000000000,0.000000000
4380,0,-0.000000000,0.000000000
4381,0,1.000000000,1.000000000
4382,0,0.918295834,0.666666667
4383,0,0.918295834,0.666666667
4384,0,0.811278124,0.500000000
4385,0,0.842270155,0.329113924
4386,0,0.491237342,0.214285714
4387,0,0.991703308,0.892857143
4388,0,0.939587619,0.712643678
4389,0,-0.000000000,0.000000000
4390,0,1.000000000,1.000000000
4391,0,0.994274842,0.378378378
4392,0,0.711064541,0.307053942
4393,0,1.597312323,1.384269663
4394,0,1.022040399,2.002412545
4395,0,2.511622811,2.252714113
4396,0,1.772536877,1.180805035
4397,0,1.895990770,1.170406392
4398,0,1.381319125,0.868304128
4399,0,0.928778996,0.445967125
4400,0,1.104589905,1.103970440
4401,0,0.360899691,0.128310217
4402,0,0.382283108,0.138882048
4403,0,-0.000000000,0.000000000
4404,0,0.591672779,1.714285714
4405,0,-0.000000000,0.000000000
4406,0,0.591672779,0.285714286
4407,0,-0.000000000,0.000000000
4408,0,0.591672779,1.714285714
4409,0,0.684038436,1.636363636
4410,0,0.998635964,0.956521739
4411,0,-0.000000000,0.000000000
4412,0,-0.000000000,0.000000000
4413,0,0.591672779,0.285714286
4414,0,0.676197461,0.285714286
4415,0,-0.000000000,0.000000000
4416,0,0.591672779,0.285714286
4417,0,-0.000000000,0.000000000
4418,0,0.591672779,0.285714286
4419,0,-0.000000000,0.000000000
4420,0,0.591672779,0.285714286
4421,0,0.756187109,1.802816901
4422,0,0.681030428,0.292783505
4423,0,0.999501145,1.026296018
4424,0,-0.000000000,0.000000000
4425,0,-0.000000000,0.000000000
4426,0,1.000000000,1.000000000
4427,0,-0.000000000,0.000000000
4428,0,-0.000000000,0.000000000
4429,0,-0.000000000,0.000000000
4430,0,0.591672779,1.714285714
4431,0,-0.000000000,0.000000000
4432,0,0.591672779,0.285714286
4433,0,-0.000000000,0.000000000
4434,0,-0.000000000,0.000000000
4435,0,-0.000000000,0.000000000
4436,0,0.591672779,1.714285714
4437,0,0.985228136,0.857142857
4438,0,-0.000000000,0.000000000
4439,0,-0.000000000,0.000000000
4440,0,0.591672779,0.285714286
4441,0,0.371232327,0.142857143
4442,0,0.881290899,0.600000000
4443,0,-0.000000000,0.000000000
4444,0,0.591672779,1.714285714
4445,0,0.503258335,0.222222222
4446,0,-0.000000000,0.000000000
4447,0,-0.000000000,0.000000000
4448,0,0.591672779,1.714285714
4449,0,-0.000000000,0.000000000
4450,0,-0.000000000,0.000000000
4451,0,-0.000000000,0.000000000
4452,0,-0.000000000,0.000000000
4453,0,-0.000000000,0.000000000
4454,0,0.591672779,0.285714286
4455,0,0.684038436,0.363636364
4456,0,-0.000000000,0.000000000
4457,0,1.314320487,1.846153846
4458,0,1.478845536,0.960000000
4459,0,1.901513070,1.318644068
4460,0,0.609122272,0.348754448
4461,0,1.428375523,0.692392019
4462,0,0.991728225,0.518329817
4463,0,1.193035138,0.648552306
4464,0,0.748163192,0.393169897
4465,0,1.252388247,1.284990014
4466,0,1.402601652,1.084598118
4467,0,2.160342088,1.558802194
4468,0,1.359935609,0.872475776
4469,0,1.847206308,1.190582557
4470,0,1.706265504,1.566128625
4471,0,1.804370621,1.214963319
4472,0,1.723655775,1.539750082
4473,0,2.567248832,2.106494917
4474,0,1.937158401,1.672507288
4475,0,2.650845457,2.238206568
4476,0,1.855072547,1.433474936
4477,0,-0.000000000,0.000000000
4478,0,1.000000000,1.000000000
4479,0,0.811278124,0.500000000
4480,0,0.985228136,0.857142857
4481,0,0.863120569,1.428571429
4482,0,0.714975717,2.122448980
4483,0,0.377308401,1.942028986
4484,0,0.361219250,0.109589041
4485,0,-0.000000000,0.000000000
4486,0,-0.000000000,0.000000000
4487,0,1.000000000,1.000000000
4488,0,0.918295834,0.666666667
4489,0,0.811278124,0.500000000
4490,0,0.684038436,0.363636364
4491,0,1.368995594,1.100000000
4492,0,1.471685094,2.000000000
4493,0,2.331782736,2.705240175
4494,0,2.383230133,2.514939606
4495,0,2.725445566,2.490406754
4496,0,2.320036549,2.868881197
4497,0,2.926927779,2.566316167
4498,0,1.191892831,1.409963773
4499,0,2.646819101,2.101450760
4500,0,2.519342394,2.082165080
4501,0,2.759544331,2.226000460
4502,0,2.181101565,2.003668850
4503,0,2.618259654,2.179724482
4504,0,2.119615816,1.910411665
4505,0,2.715003120,2.763292718
4506,0,2.809696944,3.640001437
4507,0,3.252766110,3.086188672
4508,0,2.759482153,3.124897633
4509,0,3.293851072,3.774107635
4510,0,2.882287409,4.872300736
4511,0,3.262481909,5.386167912
4512,0,3.061695153,6.111155789
4513,0,3.293180163,5.813925799
4514,0,2.950854084,4.919135736
4515,0,2.936504650,5.944517058
4516,0,3.043490719,5.967207427
4517,0,2.698152264,6.514098892
4518,0,0.003295637,0.001242805
4519,0,1.001461393,1.000596658
4520,0,1.500626231,2.000273196
4521,0,1.000593979,1.000241786
4522,0,-0.000000000,0.000000000
4523,0,1.000000000,1.000000000
4524,0,0.918295834,0.666666667
4525,0,-0.000000000,0.000000000
4526,0,0.591672779,0.285714286
4527,0,1.098820875,0.775510204
4528,0,0.591672779,0.857142857
4529,0,0.721928095,1.600000000
4530,0,1.313600873,2.171428571
4531,0,1.379699773,1.905882353
4532,0,0.956524957,0.689230769
4533,0,1.652106925,1.497345133
4534,0,1.543843588,2.000000000
4535,0,0.853477320,1.114228457
4536,0,1.445150099,1.240767249
4537,0,1.570716574,1.222145488
4538,0,1.333311805,1.064157677
4539,0,0.821895782,0.513621849
4540,0,-0.000000000,0.000000000
4541,0,1.000000000,1.000000000
4542,0,0.918295834,1.333333333
4543,0,0.918295834,0.666666667
4544,0,0.970950594,1.200000000
4545,0,0.873981048,0.588235294
4546,0,0.944087018,1.276595745
4547,0,0.835116495,1.468750000
4548,0,0.710975135,0.285714286
4549,0,0.675475222,0.295319710
4550,0,0.458578828,0.193481990
4551,0,0.909864270,0.396516159
4552,0,0.844078427,0.492228403
4553,0,0.751865393,0.358696398
4554,0,0.670791499,0.323644262
4555,0,0.668551675,0.331505248
4556,0,1.100732555,0.933305223
4557,0,0.947575138,1.286406191
4558,0,1.153417477,0.636855127
4559,0,1.420062846,1.470806658
4560,0,1.516336468,2.231153401
4561,0,1.358349115,3.182290519
4562,0,1.776935076,4.091422017
4563,0,1.600123625,2.720221412
4564,0,1.352804903,4.205188361
4565,0,1.545173098,3.791722038
4566,0,1.355341295,5.118714409
4567,0,1.264029919,5.158103600
4568,0,0.642095197,3.526533866
4569,0,1.704260788,2.834283405
4570,0,1.064557582,3.458557858
4571,0,1.447485940,2.281331296
4572,0,1.897699909,3.035828588
4573,0,2.078505710,1.879580704
4574,0,2.092573206,1.391269338
4575,0,2.324272447,2.014165503
4576,0,1.679274010,0.966190402
4577,0,0.776233557,0.623733949
4578,0,1.357515681,1.044745366
4579,0,2.076886928,1.850224675
4580,0,1.653671332,1.398953408
4581,0,1.647192053,1.690936429
4582,0,1.359519095,1.827257273
4583,0,1.718178969,2.418290968
4584,0,1.508568394,2.757439327
4585,0,1.381729692,1.657142857
4586,0,0.928347310,0.713286713
4587,0,0.941661650,2.225269344
4588,0,0.937040830,2.565445026
4589,0,1.121019742,1.346405229
4590,0,1.263508457,1.712277801
4591,0,-0.000000000,0.000000000
4592,0,1.000000000,1.000000000
4593,0,0.918295834,1.333333333
4594,0,0.970950594,0.800000000
4595,0,0.954434003,0.750000000
4596,0,0.742487570,1.578947368
4597,0,0.697742431,0.285714286
4598,0,1.200726339,1.142857143
4599,0,-0.000000000,0.000000000
4600,0,0.591672779,0.285714286
4601,0,0.543564443,0.250000000
4602,0,0.669324842,0.285714286
4603,0,0.676243054,0.290155440
4604,0,0.513300484,0.228971963
4605,0,0.630470923,0.316802369
4606,0,1.087687733,1.127195879
4607,0,-0.000000000,0.000000000
4608,0,1.000000000,1.000000000
4609,0,1.224394445,0.888888889
4610,0,0.886552331,0.379310345
4611,0,0.715794832,1.736986301
4612,0,0.682524650,0.288431062
4613,0,0.997844207,0.945345858
4614,0,0.734221951,0.285714286
4615,0,0.999987250,1.004204165
4616,0,0.812529068,0.501581549
4617,0,0.684378958,0.363950330
4618,0,0.619658519,0.307917070
4619,0,0.994976878,0.916600717
4620,0,0.836661276,1.466638527
4621,0,0.982856594,0.846144480
4622,0,0.877959132,0.594589970
4623,0,1.380082017,1.439996201
4624,0,-0.000000000,0.000000000
4625,0,-0.000000000,0.000000000
4626,0,0.591672779,0.285714286
4627,0,0.676197461,1.795918367
4628,0,0.503258335,1.777777778
4629,0,0.468995594,0.200000000
4630,0,0.730318489,0.369230769
4631,0,0.994813175,1.084745763
4632,0,0.897684493,1.372093023
4633,0,0.931154095,0.693548387
4634,0,0.724694792,1.912442396
4635,0,0.674570857,0.298384325
4636,0,0.996896902,0.934435364
4637,0,0.931898774,1.304816722
4638,0,0.823614911,0.515870875
4639,0,0.984127840,0.851936924
4640,0,-0.000000000,0.000000000
4641,0,1.000000000,1.000000000
4642,0,0.918295834,0.666666667
4643,0,0.811278124,0.500000000
4644,0,-0.000000000,0.000000000
4645,0,-0.000000000,0.000000000
4646,0,1.000000000,1.000000000
4647,0,0.918295834,0.666666667
4648,0,0.970950594,1.200000000
4649,0,0.873981048,0.588235294
4650,0,0.773226674,0.454545455
4651,0,0.988110837,1.128205128
4652,0,0.943226155,0.721311475
4653,0,0.964799549,0.780000000
4654,0,-0.000000000,0.000000000
4655,0,0.591672779,0.285714286
4656,0,-0.000000000,0.000000000
4657,0,1.000000000,1.000000000
4658,0,1.363500439,0.723404255
4659,0,1.556237398,1.471798275
4660,0,1.937071074,2.255468697
4661,0,2.198157009,3.285596601
4662,0,2.197028649,4.631893946
4663,0,1.438690681,2.825602157
4664,0,1.980981309,2.183478977
4665,0,2.254400527,3.279348906
4666,0,2.094064414,3.501584486
4667,0,-0.000000000,0.000000000
4668,0,-0.000000000,0.000000000
4669,0,1.000000000,1.000000000
4670,0,0.811278124,0.500000000
4671,0,0.985228136,1.142857143
4672,0,0.945660305,0.727272727
4673,0,0.736768010,0.415094340
4674,0,-0.000000000,0.000000000
4675,0,0.591672779,0.285714286
4676,0,0.676197461,0.285714286
4677,0,0.503258335,0.222222222
4678,0,0.997502546,0.941176471
4679,0,0.930586129,0.692307692
4680,0,-0.000000000,0.000000000
4681,0,-0.000000000,0.000000000
4682,0,0.591672779,1.714285714
4683,0,0.995727452,0.923076923
4684,0,0.934068055,0.700000000
4685,0,0.730016630,0.408163265
4686,0,0.992641039,1.100917431
4687,0,0.938479867,0.710059172
4688,0,0.966132741,1.215827338
4689,0,0.857694382,1.436692506
4690,0,0.759725490,1.560483871
4691,0,1.072171583,0.518297237
4692,0,1.397605197,1.088888385
4693,0,1.747469449,1.955619217
4694,0,1.910605762,1.447177316
4695,0,1.672836993,1.021833311
4696,0,2.019785615,1.247842069
4697,0,1.689213012,1.256852559
4698,0,2.067492584,1.979849925
4699,0,1.925589012,1.395315205
4700,0,1.732848713,1.222061229
4701,0,1.921617357,1.438206669
4702,0,2.484348400,1.655279117
4703,0,2.189556478,1.275459560
4704,0,2.060974633,1.638839516
4705,0,2.124726529,2.277618553
4706,0,1.561411395,2.549331124
4707,0,2.259739792,1.885898256
4708,0,1.754876701,2.404494132
4709,0,2.244747853,1.807632872
4710,0,2.013024568,2.146802392
4711,0,1.158347371,0.614959178
4712,0,1.170832093,0.633613509
4713,0,-0.000000000,0.000000000
4714,0,0.591672779,0.285714286
4715,0,-0.000000000,0.000000000
4716,0,1.000000000,1.000000000
4717,0,0.811278124,0.500000000
4718,0,0.684038436,0.363636364
4719,0,0.992774454,0.900000000
4720,0,0.938315352,0.709677419
4721,0,0.829607103,0.523809524
4722,0,-0.000000000,0.000000000
4723,0,0.591672779,0.285714286
4724,0,-0.000000000,0.000000000
4725,0,-0.000000000,0.000000000
4726,0,1.000000000,1.000000000
4727,0,0.918295834,0.666666667
4728,0,0.722857898,0.285714286
4729,0,0.439496987,0.181818182
4730,0,0.654458062,1.766233766
4731,0,0.997140800,0.937062937
4732,0,-0.000000000,0.000000000
4733,0,1.000000000,1.000000000
4734,0,0.918295834,0.666666667
4735,0,-0.000000000,0.000000000
4736,0,0.591672779,0.285714286
4737,0,0.995727452,0.923076923
4738,0,-0.000000000,0.000000000
4739,0,0.591672779,0.285714286
4740,0,0.995727452,0.923076923
4741,0,0.899743759,0.631578947
4742,0,0.713603607,0.391752577
4743,0,0.991480147,1.108571429
4744,0,0.844549526,0.544323484
4745,0,0.712322711,0.285714286
4746,0,0.663874079,0.313669466
4747,0,0.681451899,0.287215464
4748,0,0.997892646,0.945963066
4749,0,0.734228871,1.984560876
4750,0,0.672363192,0.303279026
4751,0,0.995324382,0.919533998
4752,0,0.934733938,0.701495164
4753,0,-0.000000000,0.000000000
4754,0,1.000000000,1.000000000
4755,0,0.734529921,0.285714286
4756,0,0.889842075,0.391752577
4757,0,0.897572750,0.402535658
4758,0,1.237774710,1.027583250
4759,0,1.563574216,1.970847967
4760,0,2.317580646,3.100921595
4761,0,1.309951553,2.148270890
4762,0,1.497549669,2.583621366
4763,0,1.557661787,1.456646578
4764,0,0.957616351,1.364517838
4765,0,1.591388400,1.462362766
4766,0,2.038269203,2.200964737
4767,0,1.984630197,1.928298257
4768,0,1.139745357,1.043593376
4769,0,1.716504385,1.408980955
4770,0,1.380254216,1.089594067
4771,0,1.722866129,1.177110330
4772,0,1.539949915,0.770687231
4773,0,1.769950055,1.360534988
4774,0,1.911119265,2.262765428
4775,0,1.780316925,2.683964438
4776,0,2.078662155,3.886719554
4777,0,1.904174080,4.171020179
4778,0,2.493951018,3.334902721
4779,0,1.577721552,3.801261791
4780,0,2.089267310,1.815796773
4781,0,1.922721066,1.506512936
4782,0,2.266278312,1.525895517
4783,0,1.527526554,1.267095431
4784,0,2.202037488,2.389246193
4785,0,2.060871034,1.355404254
4786,0,1.946849788,1.969572730
4787,0,1.508818662,1.072662806
4788,0,1.833223825,1.084869726
4789,0,2.335226529,1.580974574
4790,0,1.981865434,2.430910034
4791,0,2.194541952,1.589111097
4792,0,2.182253923,1.757515838
4793,0,1.809103165,1.718960749
4794,0,1.821975766,1.137170199
4795,0,2.278010984,1.504495205
4796,0,0.998700403,0.957560834
4797,0,1.917862635,1.971707222
4798,0,-0.000000000,0.000000000
4799,0,1.314320487,1.076923077
4800,0,1.492614068,1.000000000
4801,0,1.418320371,1.266666667
4802,0,2.260745745,2.220930233
4803,0,2.490413583,2.155523256
4804,0,2.404062287,2.576973431
4805,0,2.512555680,1.972618829
4806,0,2.283965548,2.485686001
4807,0,2.029093342,1.584751192
4808,0,2.293829436,1.638202288
4809,0,1.676978260,1.645421219
4810,0,2.343533071,2.434347186
4811,0,2.366977066,1.795631967
4812,0,2.035912749,2.157921415
4813,0,2.424807710,1.602404343
4814,0,1.512448625,1.778994032
4815,0,2.199268349,1.392700556
4816,0,2.132225616,1.294923427
4817,0,0.092575489,0.023622767
4818,0,1.072988436,1.758274338
4819,0,0.865552265,2.179355657
4820,0,1.744550629,1.803962624
4821,0,1.826245040,1.963008405
4822,0,1.535996848,1.105112430
4823,0,1.755206879,1.212594875
4824,0,0.994401667,0.911960842
4825,0,1.679782197,1.236645975
4826,0,1.455605177,1.002507135
4827,0,1.784069339,1.069696308
4828,0,2.310334810,1.620740659
4829,0,1.892624542,2.232687145
4830,0,1.897478157,3.294874038
4831,0,2.534595186,2.576617676
4832,0,0.987684908,1.130474938
4833,0,1.770175060,1.076923077
4834,0,1.455355057,1.192600751
4835,0,1.986325300,1.224536414
4836,0,2.291850775,2.246883235
4837,0,1.994869293,1.512563877
4838,0,2.418168176,1.620997944
4839,0,2.150375282,1.980339779
4840,0,2.536793995,1.878486089
4841,0,2.199564350,1.933479146
4842,0,1.985400531,1.290179604
4843,0,1.959458223,1.384770756
4844,0,0.997828973,1.054846805
4845,0,1.498914487,2.054846805
4846,0,0.999652782,1.021938722
4847,0,1.518346139,1.607051331
4848,0,1.163166836,2.237306519
4849,0,1.713073111,1.395309235
4850,0,2.134476972,2.801342308
4851,0,2.072445195,1.463689006
4852,0,2.216958608,1.620395293
4853,0,1.741975357,1.287686760
4854,0,1.968599527,1.127259614
4855,0,-0.000000000,0.000000000
4856,0,1.584962501,1.333333333
4857,0,2.140996854,1.277777778
4858,0,2.149398473,1.222281735
4859,0,2.177709825,1.777164554
4860,0,2.222149556,1.554862008
4861,0,1.893674097,1.458130405
4862,0,2.262628093,1.836904655
4863,0,2.209839637,2.534581543
4864,0,1.907485094,1.379954429
4865,0,2.070214120,2.249062273
4866,0,2.038074213,1.674069763
4867,0,0.997087672,0.936481290
4868,0,1.917325058,1.957654194
4869,0,2.117309613,2.860658351
4870,0,2.326643836,2.618391432
4871,0,2.169080999,1.625147416
4872,0,2.482886266,1.482391674
4873,0,-0.000000000,0.000000000
4874,0,1.314320487,1.076923077
4875,0,1.964388732,2.125000000
4876,0,1.700944646,1.280701754
4877,0,2.179517015,1.890960660
4878,0,1.580294440,2.102415788
4879,0,2.122592293,1.656559536
4880,0,1.872218551,1.912082215
4881,0,0.989904344,0.881835392
4882,0,1.914930615,1.333333333
4883,0,1.452585761,1.045281361
4884,0,1.518898773,1.169967335
4885,0,1.429459503,0.986970413
4886,0,2.113381870,1.350111529
4887,0,1.364155552,1.805925178
4888,0,1.744220575,1.284713376
4889,0,1.235428410,0.473474385
4890,0,1.724549813,1.307308649
4891,0,2.151815375,1.440240578
4892,0,1.961653446,1.300469964
4893,0,1.574774022,1.163694217
4894,0,1.848992950,1.095001642
4895,0,2.228188171,1.614273414
4896,0,2.207504889,1.304747613
4897,0,2.026087903,1.957074288
4898,0,-0.000000000,0.000000000
4899,0,1.000000000,1.000000000
4900,0,1.775858948,1.076923077
4901,0,1.883383098,1.500000000
4902,0,2.124458595,1.503614458
4903,0,1.892993454,1.914208022
4904,0,2.210287933,1.658634453
4905,0,1.475721499,1.056493617
4906,0,2.215947469,1.524828535
4907,0,2.477235437,2.325131288
4908,0,1.525856397,1.230977324
4909,0,1.569469066,1.425616966
4910,0,1.567752358,1.293672468
4911,0,1.376233766,0.859711471
4912,0,1.780321852,1.190391046
4913,0,2.192419692,2.276289973
4914,0,0.969709728,0.795802735
4915,0,1.484854864,1.000000000
4916,0,1.677706882,1.311439809
4917,0,2.051368086,1.328006602
4918,0,2.227659054,1.519663504
4919,0,1.959570911,1.137137590
4920,0,2.320864567,1.691233925
4921,0,1.515308040,1.038166852
4922,0,2.155885914,1.917819524
4923,0,2.179356317,1.334771985
4924,0,1.942898193,1.326293339
4925,0,2.044735894,2.434222551
4926,0,1.914690999,1.300710089
4927,0,1.423679134,1.209380650
4928,0,1.344665600,0.590634771
4929,0,1.275804049,1.069592610
4930,0,0.117895040,0.095540899
4931,0,1.072639395,1.049425333
4932,0,1.266169523,1.777699819
4933,0,1.651620612,1.926104853
4934,0,2.189426758,2.037464433
4935,0,2.061350814,1.900802959
4936,0,2.232782244,1.382757889
4937,0,1.954311966,1.243221716
4938,0,2.440240808,1.986402472
4939,0,0.994410002,1.087973684
4940,0,1.185579375,0.500000000
4941,0,0.999783362,0.982670556
4942,0,1.186251045,0.500000000
4943,0,1.182242799,1.038158997
4944,0,1.932991914,1.346237448
4945,0,2.118345213,1.448635807
4946,0,1.950923824,1.971560139
4947,0,1.000902114,0.937778173
4948,0,1.919260874,1.334415568
4949,0,2.100746213,1.760525805
4950,0,2.375690585,1.441996417
4951,0,2.121690356,1.641920650
4952,0,1.925979375,1.322542812
4953,0,1.950504139,1.213622059
4954,0,1.803462073,1.927125060
4955,0,1.546057260,3.138152249
4956,0,1.965810901,3.367472956
4957,0,1.549735193,2.329696656
4958,0,2.107285057,2.860739684
4959,0,1.024456644,1.264981478
4960,0,1.225451528,0.554367352
4961,0,1.216368979,1.071715026
4962,0,1.948496435,2.035331151
4963,0,1.489182776,1.102144071
4964,0,1.856673163,1.994799132
4965,0,2.235957588,1.620428916
4966,0,0.061494730,0.069012200
4967,0,1.003451677,1.001975003
4968,0,1.778675229,1.078565941
4969,0,1.656337570,1.209814552
4970,0,1.915865869,1.120983797
4971,0,2.260470671,1.572420209
4972,0,2.322377607,1.369910534
4973,0,2.348216970,1.772846026
4974,0,2.229529856,1.357378998
4975,0,1.704815086,1.302880961
4976,0,1.547002953,0.646844989
4977,0,1.580951892,1.325349476
4978,0,2.159778563,2.437791230
4979,0,1.571778332,2.023626161
4980,0,2.076055956,1.788523102
4981,0,2.062525265,1.418393837
4982,0,2.193689357,1.685920985
4983,0,1.401458266,0.947045828
4984,0,2.022169305,1.147169867
4985,0,1.770278794,1.540873376
4986,0,1.542478483,2.073180060
4987,0,2.263725290,1.714513329
4988,0,1.579013916,0.798151085
4989,0,1.855014254,1.235789465
4990,0,1.970481200,2.022459856
4991,0,1.945557525,2.670874636
4992,0,2.225374870,1.961296673
4993,0,1.793129156,1.474886090
4994,0,1.900903892,1.792238446
4995,0,2.099945283,1.870020529
4996,0,1.290843629,1.804321391
4997,0,1.727474646,1.451235352
4998,0,1.428136783,1.653821102
4999,0,1.762004229,2.034213631
5000,0,1.563568520,1.242478897
5001,0,2.181626377,1.564005386
5002,0,2.458548336,2.347831237
5003,0,2.145843472,2.710249878
5004,0,2.148624317,2.013999046
5005,0,1.536816907,2.412344454
5006,0,1.798340521,2.615166574
5007,0,1.743690734,1.594497853
5008,0,2.391694615,2.532883953
5009,0,2.416836823,1.613393689
5010,0,2.021568866,1.911000823
5011,0,1.920349095,1.295262713
5012,0,1.507594260,1.373693926
5013,0,2.131334065,1.308316588
5014,0,1.945518813,1.807211952
5015,0,2.148258157,1.456497154
5016,0,1.959790099,1.196168306
5017,0,1.944659004,1.325540797
5018,0,2.093843230,1.334528414
5019,0,1.862734601,1.962602666
5020,0,2.000745247,1.873637968
5021,0,2.008174821,1.265174875
5022,0,2.295992907,1.496689222
5023,0,0.999944302,1.008787122
5024,0,1.918277268,1.333333333
5025,0,1.461059749,1.127478316
5026,0,1.832149807,2.034403255
5027,0,1.988726791,1.515593384
5028,0,2.490968831,1.892361049
5029,0,2.059096129,1.487724109
5030,0,2.470902861,1.927729035
5031,0,1.620221314,0.775573544
5032,0,1.572670268,1.159713073
5033,0,1.269601596,1.793678525
5034,0,1.618359621,1.132259219
5035,0,1.944537276,1.131156879
5036,0,2.010440945,1.323119024
5037,0,1.838147819,1.977513578
5038,0,2.266545640,1.561512306
5039,0,1.946423363,1.849144798
5040,0,2.241293219,1.478124415
5041,0,2.169755600,1.930273873
5042,0,1.827555179,2.920448671
5043,0,2.278871229,1.874734309
5044,0,-0.000000000,0.000000000
5045,0,1.000000000,1.000000000
5046,0,1.775858948,2.000000000
5047,0,2.228106067,1.615384615
5048,0,1.949226963,1.577235772
5049,0,2.185057728,1.530487805
5050,0,1.953009433,1.534864473
5051,0,2.043168773,1.372051594
5052,0,1.473194607,0.963370049
5053,0,2.097865992,1.449697018
5054,0,1.944046686,2.110357723
5055,0,0.992196761,1.103913756
5056,0,-0.000000000,0.000000000
5057,0,1.000000000,1.000000000
5058,0,1.918295834,1.333333333
5059,0,0.998635964,1.043478261
5060,0,1.676921053,1.694915254
5061,0,2.083482863,1.290960452
5062,0,-0.000000000,0.000000000
5063,0,1.061278124,0.500000000
5064,0,0.998282846,1.048780488
5065,0,-0.000000000,0.000000000
5066,0,1.000000000,1.000000000
5067,0,1.500000000,2.000000000
5068,0,1.483355755,2.500000000
5069,0,0.987956501,1.129032258
5070,0,1.493978251,2.129032258
5071,0,2.261094932,1.720430108
5072,0,2.024573911,1.163273319
5073,0,1.733117661,1.157398511
5074,0,-0.000000000,0.000000000
5075,0,1.000000000,1.000000000
5076,0,1.775858948,1.076923077
5077,0,1.460484681,1.384615385
5078,0,1.828932346,2.319148936
5079,0,2.289461273,1.775925926
5080,0,2.235490196,2.274521458
5081,0,2.464016870,1.808607817
5082,0,2.274762186,1.308603812
5083,0,2.497710858,1.548703733
5084,0,2.319596732,1.472926171
5085,0,1.810522517,1.371926482
5086,0,1.704166655,3.099091450
5087,0,1.772320446,4.037886023
5088,0,0.840138832,0.538156445
5089,0,0.947122974,1.269078223
5090,0,1.813049082,2.344696795
5091,0,1.327140781,1.216035278
5092,0,0.975899804,1.182273172
5093,0,-0.000000000,0.000000000
5094,0,1.314320487,1.076923077
5095,0,1.531195347,0.870588235
5096,0,1.850482044,1.127601810
5097,0,2.373815107,1.374829623
5098,0,2.181947837,1.479942543
5099,0,2.198752142,2.345502310
5100,0,1.570940925,0.677108020
5101,0,1.751943380,1.377177438
5102,0,0.959030238,0.762815589
5103,0,1.756949828,1.781060544
5104,0,1.515059316,2.328876336
5105,0,0.998232380,1.049491819
5106,0,1.186057172,1.750000000
5107,0,2.228861292,1.490237132
5108,0,-0.000000000,0.000000000
5109,0,1.000000000,1.000000000
5110,0,1.775858948,1.076923077
5111,0,1.653794121,1.208791209
5112,0,1.262029278,0.549961270
5113,0,0.999757350,1.018340280
5114,0,1.918214951,1.333333333
5115,0,1.460366648,1.068554991
5116,0,1.837301424,1.967142521
5117,0,2.224350299,1.607162628
5118,0,1.941563066,1.245662785
5119,0,2.054020375,1.461009069
5120,0,1.343265368,1.088183610
5121,0,1.630190107,0.955963780
5122,0,1.835322810,2.740120202
5123,0,2.010351028,1.314958880
5124,0,1.470257827,1.425776118
5125,0,1.773463250,1.841788683
5126,0,2.491703682,1.766551151
5127,0,2.073592232,1.270735888
5128,0,1.562547167,1.540056307
5129,0,2.256536614,2.551454403
5130,0,2.577681775,1.945501387
5131,0,2.278035054,1.470592836
5132,0,2.677779906,1.852614248
5133,0,2.368227972,2.016881500
5134,0,2.728746266,1.988170269
5135,0,2.416927870,2.194616943
5136,0,1.755835821,1.317455765
5137,0,1.997236946,2.030792434
5138,0,2.567766022,1.775318086
5139,0,2.329770469,1.651088480
5140,0,1.734703351,1.676867989
5141,0,2.021681266,1.891397933
5142,0,1.800398520,1.233399060
5143,0,2.060187002,1.776871115
5144,0,1.829508459,2.194942816
5145,0,2.025876307,1.631254258
5146,0,2.147150069,1.406562230
5147,0,2.193249116,1.532137346
5148,0,2.284852574,1.441351473
5149,0,2.056912294,1.913488943
5150,0,2.509365980,1.757058569
5151,0,2.156096821,1.455563967
5152,0,2.009276182,1.321328194
5153,0,1.958527541,1.253468855
5154,0,2.071851766,1.730912102
5155,0,0.895813241,1.157667448
5156,0,1.626650250,1.622826495
5157,0,1.930737768,2.349793956
5158,0,2.087659817,3.616292344
5159,0,1.958839327,2.423533057
5160,0,2.074890820,1.832829282
5161,0,1.952099601,2.486327696
5162,0,2.069424391,1.872217618
5163,0,2.229823073,1.758537643
5164,0,1.983956530,1.834254670
5165,0,1.950622619,1.314407362
5166,0,2.173101001,1.527995606
5167,0,2.414840786,2.195043323
5168,0,1.550272467,1.744368129
5169,0,2.237968210,1.725195898
5170,0,2.575887550,1.903035732
5171,0,2.205442303,1.846482153
5172,0,2.130023168,1.941355127
5173,0,2.006887760,1.340345022
5174,0,2.507815157,1.927645346
5175,0,0.970298048,1.327906082
5176,0,1.941396745,1.672629046
5177,0,1.518705602,2.475379912
5178,0,1.569220579,1.265047677
5179,0,2.254440758,1.734952323
5180,0,1.849877837,1.430304725
5181,0,1.924424376,1.349794269
5182,0,2.474200276,1.991264250
5183,0,2.166745403,2.415190707
5184,0,2.493087915,3.114553882
5185,0,2.166573767,2.403235823
5186,0,2.223880278,2.769342023
5187,0,2.054324524,2.008771538
5188,0,2.512667088,1.745959046
5189,0,2.255080423,2.172613710
5190,0,2.491353918,1.636158454
5191,0,2.281075719,1.678308222
5192,0,1.914532677,1.786012537
5193,0,2.244754847,2.700403596
5194,0,1.438373741,1.278556465
5195,0,1.894846783,1.918530847
5196,0,1.599183942,2.411425185
5197,0,2.223289638,1.799236722
5198,0,1.948938725,1.257620315
5199,0,1.763368510,1.714094906
5200,0,2.099911565,1.442988004
5201,0,2.290762030,2.274309428
5202,0,1.918337664,1.717169784
5203,0,2.093386710,1.307118808
5204,0,2.100806355,1.960558290
5205,0,2.037263520,1.299597042
5206,0,2.486883209,1.960790745
5207,0,2.265886504,2.457474221
5208,0,2.245094947,2.846863612
5209,0,2.010831597,1.967449782
5210,0,2.086698685,2.553835108
5211,0,1.970229928,1.775734946
5212,0,2.142852695,1.490636888
5213,0,1.856913156,1.813951159
5214,0,2.103756030,1.808022401
5215,0,0.999946712,0.991405086
5216,0,-0.000000000,0.000000000
5217,0,1.000000000,1.000000000
5218,0,1.500000000,1.000000000
5219,0,0.994030211,1.090909091
5220,0,1.497015106,2.090909091
5221,0,2.224036145,1.598484848
5222,0,2.000144860,2.094702297
5223,0,1.985235006,1.352140204
5224,0,2.434730245,2.069474245
5225,0,2.064728837,1.731268256
5226,0,2.456185882,1.767966875
5227,0,2.143148285,1.446239272
5228,0,2.446870296,1.640476812
5229,0,1.894475899,2.558682020
5230,0,2.099359804,1.493551567
5231,0,2.291977304,2.082394037
5232,0,2.310626127,1.737875013
5233,0,2.064611596,2.189584510
5234,0,2.512183914,1.878547347
5235,0,0.881948028,1.202153560
5236,0,1.881948028,1.601076780
5237,0,1.957577894,1.751763207
5238,0,2.143256852,3.156527227
5239,0,2.290099379,2.265581250
5240,0,2.076463626,1.692380451
5241,0,2.052391703,1.273396130
5242,0,1.491656063,1.250491914
5243,0,1.542629142,1.125748339
5244,0,2.095732404,1.725310013
5245,0,1.966960501,2.384042367
5246,0,1.517483747,2.654351338
5247,0,1.552045175,1.974180379
5248,0,2.509196399,1.773480490
5249,0,2.062259832,1.263355970
5250,0,2.114865188,1.354545338
5251,0,0.861366061,1.081140424
5252,0,1.598972975,1.576983969
5253,0,1.530899607,2.240394910
5254,0,1.457993009,1.236230149
5255,0,0.974789230,0.813598577
5256,0,1.909892244,1.333333333
5257,0,2.130915285,1.496222618
5258,0,1.948923197,2.019912482
5259,0,1.473821641,1.418837582
5260,0,1.542360395,1.997008003
5261,0,1.953513173,1.488068796
5262,0,1.957071222,1.981628502
5263,0,0.997644022,0.942865939
5264,0,-0.000000000,0.000000000
5265,0,1.000000000,1.000000000
5266,0,-0.000000000,0.000000000
5267,0,1.000000000,1.000000000
5268,0,1.775858948,1.076923077
5269,0,1.985763570,1.472527473
5270,0,2.061146778,1.936068702
5271,0,2.003715859,2.210701060
5272,0,2.107784208,1.331528096
5273,0,2.004954548,1.225216266
5274,0,2.118803924,1.742749080
5275,0,2.048289340,1.916270247
5276,0,2.117433170,1.278642089
5277,0,2.292999899,1.589662235
5278,0,2.054046024,1.923851304
5279,0,2.027183071,2.534567000
5280,0,1.959403332,1.961155814
5281,0,2.132486218,2.642421037
5282,0,2.163269562,3.058320272
5283,0,1.759090190,3.501115559
5284,0,-0.000000000,0.000000000
5285,0,0.591672779,0.285714286
5286,0,-0.000000000,0.000000000
5287,0,0.591672779,1.714285714
5288,0,-0.000000000,0.000000000
5289,0,-0.000000000,0.000000000
5290,0,-0.000000000,0.000000000
5291,0,1.000000000,1.000000000
5292,0,0.918295834,1.333333333
5293,0,0.918295834,0.666666667
5294,0,1.000000000,1.000000000
5295,0,1.775858948,2.000000000
5296,0,1.972048085,2.678966790
5297,0,2.288143215,1.972938144
5298,0,1.958705139,2.900137382
5299,0,1.914726343,2.002115710
5300,0,1.985558634,1.331849031
5301,0,2.291334350,1.461200797
5302,0,1.965357952,1.319097863
5303,0,-0.000000000,0.000000000
5304,0,1.000000000,1.000000000
5305,0,1.918295834,1.333333333
5306,0,1.431201825,0.883720930
5307,0,1.011026187,0.366336634
5308,0,1.429981472,1.090562440
5309,0,1.903751825,1.994919630
5310,0,1.663527407,1.110727069
5311,0,2.016854824,1.359932487
5312,0,1.936418820,1.235025158
5313,0,1.822643927,1.081706974
5314,0,1.629773188,1.256556281
5315,0,0.979012485,0.829842684
5316,0,-0.000000000,0.000000000
5317,0,1.000000000,1.000000000
5318,0,1.918295834,1.333333333
5319,0,1.461689326,1.072847682
5320,0,1.773253789,1.061904762
5321,0,1.737937121,1.262152996
5322,0,-0.000000000,0.000000000
5323,0,1.000000000,1.000000000
5324,0,1.775858948,1.076923077
5325,0,1.985763570,1.472527473
5326,0,2.010276739,2.114100186
5327,0,1.934315810,1.623818526
5328,0,2.096863014,1.290866993
5329,0,2.284970999,1.618778076
5330,0,2.258719908,1.908025863
5331,0,1.915163886,1.269369856
5332,0,2.260852590,1.513041782
5333,0,2.040499860,1.360530129
5334,0,2.099912075,1.971537476
5335,0,2.269950315,1.633510188
5336,0,2.001256850,1.932336368
5337,0,2.009138838,1.899537704
5338,0,2.020223256,1.881368625
5339,0,2.280261929,1.595185638
5340,0,2.248589309,1.930644479
5341,0,2.008273372,1.241345622
5342,0,1.384036351,1.163781993
5343,0,0.567113307,0.267114085
5344,0,1.353528090,1.093053888
5345,0,0.522654312,0.235359442
5346,0,1.348597959,1.090913425
5347,0,1.899198672,1.365080951
5348,0,2.098586530,2.028512579
5349,0,2.009930054,2.104984563
5350,0,1.996095354,1.551271549
5351,0,1.971473154,2.085518602
5352,0,2.212285444,1.587110436
5353,0,1.487584219,0.715254693
5354,0,1.569504698,1.281304655
5355,0,1.840724851,1.113997822
5356,0,1.455048902,1.367714047
5357,0,2.290383509,1.497611767
5358,0,1.988983912,1.334954291
5359,0,2.069561495,1.194457715
5360,0,2.264745743,1.519578868
5361,0,2.250411087,1.667701993
5362,0,1.887054854,1.710711141
5363,0,0.997513780,1.058691164
5364,0,1.917467094,2.039127442
5365,0,1.465699033,1.086619933
5366,0,2.187112789,1.259474569
5367,0,2.255933108,1.663098735
5368,0,1.678717723,0.893828424
5369,0,1.316697002,1.069430693
5370,0,1.814182840,1.084696348
5371,0,1.986480524,1.342383752
5372,0,1.844949089,1.068329838
5373,0,1.302233672,0.578981164
5374,0,1.523555003,1.118160995
5375,0,1.229984301,0.496068265
5376,0,1.747644117,1.186647755
5377,0,1.873549818,2.001055511
5378,0,1.980593157,2.661889996
5379,0,1.838314713,1.988613212
5380,0,1.886031799,1.124707830
5381,0,0.999905764,0.988570389
5382,0,1.918264422,1.333333333
5383,0,0.998786249,1.041013944
5384,0,1.775298756,1.076923077
5385,0,1.977706932,2.096586689
5386,0,2.007268259,1.199363767
5387,0,1.994760469,1.539578392
5388,0,1.785176848,2.101369109
5389,0,1.690807910,1.168231444
5390,0,1.937909699,1.317584931
5391,0,2.129044989,1.764172535
5392,0,1.952081692,1.989099554
5393,0,2.084692777,1.507681892
5394,0,2.284117349,2.323861579
5395,0,1.570933572,1.772555252
5396,0,1.829097984,1.723416180
5397,0,1.751410723,1.662989359
5398,0,0.990786554,1.112895240
5399,0,1.495393277,1.556447620
5400,0,2.123768121,2.370965080
5401,0,2.006266223,1.532100231
5402,0,2.390886022,1.940128649
5403,0,2.181643386,1.540735679
5404,0,1.535537870,1.462486370
5405,0,1.888906968,1.229889840
5406,0,0.999999181,1.001065534
5407,0,1.499999591,1.000000000
5408,0,1.322866028,0.615233334
5409,0,1.372938166,1.054796320
5410,0,1.805009065,1.877751953
5411,0,1.640566641,1.064707535
5412,0,1.931367836,1.392608216
5413,0,0.995893303,1.075416752
5414,0,1.773963550,2.069615463
5415,0,1.439577366,2.677326870
5416,0,2.287073560,1.990489733
5417,0,-0.000000000,0.000000000
5418,0,1.584962501,1.333333333
5419,0,2.056522857,1.275862069
5420,0,2.542320784,1.890804598
5421,0,2.577745213,1.700229583
5422,0,2.187107288,2.212551535
5423,0,2.031004408,1.647208360
5424,0,2.084039012,1.937868705
5425,0,1.874290537,1.319049244
5426,0,2.010182439,1.777182171
5427,0,1.688005153,1.555088380
5428,0,1.474272065,0.778472790
5429,0,2.092728137,1.425164928
5430,0,2.189152825,1.332112603
5431,0,1.979141541,1.483543051
5432,0,2.373681799,1.769688258
5433,0,2.090153860,1.424965138
5434,0,1.907900470,1.148598582
5435,0,1.324409433,1.331637795
5436,0,1.711288355,0.840972048
5437,0,1.986590948,1.396302214
5438,0,2.467469569,2.451637520
5439,0,1.472001145,1.683251920
5440,0,1.898413178,1.607049275
5441,0,2.111951263,2.436369300
5442,0,2.554979446,1.764348097
5443,0,2.103931024,2.263930894
5444,0,1.945489386,3.268567227
5445,0,1.881895400,4.597252605
5446,0,1.641955108,2.911113854
5447,0,0.996903608,1.065493805
5448,0,0.902692669,0.636908654
5449,0,0.714855716,0.392983358
5450,0,-0.000000000,0.000000000
5451,0,0.591672779,1.714285714
5452,0,1.386951221,0.983050847
5453,0,1.510891999,0.749464668
5454,0,1.965732572,1.259737194
5455,0,2.258644667,2.023927893
5456,0,2.561433297,1.873327675
5457,0,1.494304990,0.999333299
5458,0,1.988225019,1.577837403
5459,0,2.408463353,1.918360145
5460,0,2.374120483,1.487076026
5461,0,2.625162282,1.632328414
5462,0,0.999439903,0.972136778
5463,0,1.668966716,1.640911528
5464,0,1.838677305,1.416470441
5465,0,2.412686863,1.381960797
5466,0,2.183669808,1.446913654
5467,0,1.250285077,1.063797854
5468,0,1.677582537,1.076884924
5469,0,2.026356936,2.213064248
5470,0,1.271906150,1.786631747
5471,0,1.598861814,2.059827956
5472,0,2.484523129,1.785403855
5473,0,2.120636434,1.665612744
5474,0,1.458930570,1.241206210
5475,0,0.939125596,0.711562743
5476,0,1.481300689,0.930585474
5477,0,1.585692075,1.467529028
5478,0,1.825817808,1.404109186
5479,0,2.235981054,1.616954746
5480,0,2.128346250,1.258365281
5481,0,2.222414930,2.211395979
5482,0,1.958487310,3.220399411
5483,0,2.522779066,2.308714197
5484,0,2.672329596,3.141655176
5485,0,2.705739707,4.058007727
5486,0,-0.000000000,0.000000000
5487,0,0.591672779,0.285714286
5488,0,0.543564443,0.250000000
5489,0,0.669324842,0.285714286
5490,0,0.141440543,0.040000000
5491,0,0.611878570,0.285714286
5492,0,0.644460823,1.677179963
5493,0,0.582604894,0.278753994
5494,0,0.639639650,0.324478424
5495,0,0.994370838,1.088280919
5496,0,0.733725755,0.285714286
5497,0,0.672726252,0.302605589
5498,0,0.679560200,0.288623968
5499,0,0.656742242,0.319746605
5500,0,0.682404717,1.803259292
5501,0,0.499890319,1.780017000
5502,0,0.466111314,1.801815599
5503,0,0.650177938,1.879789035
5504,0,0.834268588,1.469904195
5505,0,0.906464466,0.643853562
5506,0,0.800858896,0.487056901
5507,0,0.653928122,0.336710240
5508,0,0.685091082,0.285714286
5509,0,0.711559207,0.354019467
5510,0,0.660583883,1.668264879
5511,0,1.100622025,0.455764208
5512,0,0.695941030,0.344198387
5513,0,0.781510452,0.316896174
5514,0,1.063182339,0.977396489
5515,0,0.141098181,0.084701691
5516,0,0.699131684,0.333804292
5517,0,0.608820513,0.277629223
5518,0,0.144215139,0.094585131
5519,0,0.150016065,0.074853752
5520,0,0.090687480,0.049341131
5521,0,0.053571848,0.025173195
5522,0,0.049709549,0.027519581
5523,0,0.035241988,0.015448107
5524,0,0.597189029,0.287441194
5525,0,0.987797458,1.143408880
5526,0,0.735399163,0.286534420
5527,0,0.998726281,0.936536474
5528,0,0.932651853,0.694660060
5529,0,0.384283371,0.149698851
5530,0,0.999441541,1.038963076
5531,0,0.000403542,0.000101728
5532,0,0.000813523,0.000249615
5533,0,0.000584513,0.000149698
5534,0,0.000111291,0.000027247
5535,0,0.000120243,0.000035115
5536,0,1.000119838,1.000023377
5537,0,0.000081462,0.000015588
5538,0,0.591748299,0.285733850
5539,0,0.816798178,0.333359247
5540,0,-0.000000000,0.000000000
5541,0,-0.000000000,0.000000000
5542,0,1.000000000,1.000000000
5543,0,1.490783047,1.172413793
5544,0,1.261456848,0.938053097
5545,0,-0.000000000,0.000000000
5546,0,-0.000000000,0.000000000
5547,0,0.591672779,0.285714286
5548,0,0.676197461,0.285714286
5549,0,0.997502546,1.058823529
5550,0,0.930586129,0.692307692
5551,0,0.724613654,1.912087912
5552,0,0.951367560,1.258181818
5553,0,-0.000000000,0.000000000
5554,0,0.591672779,0.285714286
5555,0,-0.000000000,0.000000000
5556,0,1.000000000,1.000000000
5557,0,0.297472249,1.894736842
5558,0,0.999473020,0.972972973
5559,0,-0.000000000,0.000000000
5560,0,0.591672779,0.285714286
5561,0,0.899743759,0.631578947
5562,0,0.795040279,0.480000000
5563,0,-0.000000000,0.000000000
5564,0,0.591672779,0.285714286
5565,0,-0.000000000,0.000000000
5566,0,1.000000000,1.000000000
5567,0,0.297472249,0.105263158
5568,0,0.608854191,0.299212598
5569,0,0.101926210,0.026592022
5570,0,0.999967691,1.006692497
5571,0,0.813919210,0.503346249
5572,0,0.707946951,0.285714286
5573,0,-0.000000000,0.000000000
5574,0,0.591672779,0.285714286
5575,0,-0.000000000,0.000000000
5576,0,-0.000000000,0.000000000
5577,0,-0.000000000,0.000000000
5578,0,0.591672779,0.285714286
5579,0,0.097940583,0.025316456
5580,0,0.595708965,0.288848263
5581,0,0.902561032,0.636668905
5582,0,0.973995036,0.810702875
5583,0,0.858945843,0.565165020
5584,0,0.714379328,0.285714286
5585,0,0.682407084,0.257317521
5586,0,0.996587600,1.068752164
5587,0,1.476042180,1.677499134
5588,0,0.802535947,2.193571181
5589,0,0.729156675,0.333333333
5590,0,0.686364299,0.365785242
5591,0,0.975734784,0.817107379
5592,0,0.731063462,0.285714286
5593,0,0.733175175,0.340710602
5594,0,1.023841392,1.082990919
5595,0,1.362730990,1.663684361
5596,0,0.781769281,0.308452805
5597,0,1.508800517,1.192687669
5598,0,1.544517715,2.065803296
5599,0,1.503873163,1.040815695
5600,0,-0.000000000,0.000000000
5601,0,1.314320487,1.076923077
5602,0,-0.000000000,0.000000000
5603,0,-0.000000000,0.000000000
5604,0,-0.000000000,0.000000000
5605,0,0.591672779,0.285714286
5606,0,0.676197461,0.285714286
5607,0,0.656313634,0.319218241
5608,0,0.995002586,0.916814159
5609,0,0.733816005,1.976232617
5610,0,0.389587627,1.847076462
5611,0,0.998859892,0.960249415
5612,0,0.926768128,1.315897436
5613,0,0.818909120,1.490256018
5614,0,-0.000000000,0.000000000
5615,0,1.314320487,1.076923077
5616,0,1.141153528,0.700000000
5617,0,2.129082061,2.478873239
5618,0,1.346846817,2.918367347
5619,0,2.264805630,2.583617747
5620,0,2.046406027,2.567510549
5621,0,2.877053770,2.898360656
5622,0,2.525792880,3.803864938
5623,0,2.574540386,2.832183815
5624,0,1.868229571,3.291168184
5625,0,2.138926849,1.636191151
5626,0,1.046097093,0.489411350
5627,0,1.969756597,1.368139114
5628,0,1.903790694,1.297168682
5629,0,1.023661281,0.811179177
5630,0,1.701588383,1.136733845
5631,0,2.124727686,1.844060426
5632,0,2.087326991,1.463510599
5633,0,2.177346585,1.961244164
5634,0,2.530366858,2.166605685
5635,0,2.485104857,2.178734190
5636,0,2.851833110,2.355817151
5637,0,2.893241547,2.816362580
5638,0,2.941954148,2.494889989
5639,0,3.006280460,2.955064084
5640,0,3.040306439,3.575056204
5641,0,1.870533389,1.488283293
5642,0,1.494477395,0.972409870
5643,0,1.403402193,1.051840583
5644,0,1.621086659,1.462829962
5645,0,0.879735035,0.678816418
5646,0,1.407712061,1.150183255
5647,0,0.961291070,0.756135784
5648,0,1.042271618,0.574777938
5649,0,0.603514301,0.444811356
5650,0,1.199221064,0.858437326
5651,0,1.223960089,0.856012758
5652,0,1.300522708,0.987247406
5653,0,0.415533870,0.277695740
5654,0,0.187495046,0.121039594
5655,0,0.512608646,0.314118333
5656,0,1.103076193,0.586582263
5657,0,1.465325410,1.410379000
5658,0,0.480971127,0.294313528
5659,0,2.013282099,1.479155282
5660,0,1.676804303,2.000392495
5661,0,2.516937428,3.169750492
5662,0,2.500507326,4.182586655
5663,0,2.314364954,2.057214701
5664,0,2.005515009,1.895787076
5665,0,2.329080329,1.634371991
5666,0,2.327783005,2.246196634
5667,0,1.684473277,1.354710323
5668,0,2.469696495,1.519453173
5669,0,2.817162670,1.893925473
5670,0,2.762467704,1.793191098
5671,0,2.952832187,2.343526910
5672,0,2.849092920,2.995511882
5673,0,3.022612892,3.769146275
5674,0,2.952148660,4.202298608
5675,0,2.869236186,3.589185643
5676,0,2.856402114,4.645693043
5677,0,2.714952122,5.640119646
5678,0,2.893469464,6.733446799
5679,0,2.831454169,7.421672791
5680,0,3.256991172,6.372269730
5681,0,2.915761892,7.150050309
5682,0,2.749592794,6.502067413
5683,0,2.883304834,7.148876801
5684,0,3.346327612,6.152535467
5685,0,3.087488164,6.689987244
5686,0,2.981580995,7.358023236
5687,0,2.860918146,8.583045974
5688,0,3.141428084,7.742198791
5689,0,2.864845038,6.494232892
5690,0,3.048171697,7.129571497
5691,0,3.061008508,8.186740103
5692,0,3.077313156,6.979063150
5693,0,3.009873637,8.143840970
5694,0,3.102013703,6.910799524
5695,0,3.364456589,5.893389790
5696,0,3.068254476,6.471411609
5697,0,3.154521593,7.691003232
5698,0,3.567772324,6.793404735
5699,0,3.162014827,5.429895303
5700,0,3.177542697,4.440971400
5701,0,2.612668259,4.109694445
5702,0,3.619883899,3.655087963
5703,0,3.389568334,4.095770126
5704,0,3.607633140,4.800844540
5705,0,3.434169387,4.011006889
5706,0,3.097856644,2.780870417
5707,0,2.920100640,2.200046266
5708,0,3.051225384,2.358520774
5709,0,2.639872597,2.791130779
5710,0,2.511183483,2.996670271
5711,0,2.991711399,2.504180099
5712,0,3.076909918,2.955244816
5713,0,2.626548611,2.326210784
5714,0,2.753546907,2.019674467
5715,0,2.804593766,2.200848073
5716,0,2.647754950,2.401137138
5717,0,2.990812017,2.394802346
5718,0,2.803944971,2.352911394
5719,0,1.569430636,1.407868367
5720,0,1.941491707,1.925596305
5721,0,1.943673829,1.328797847
5722,0,1.574238466,1.155969605
5723,0,1.968749113,1.125992339
5724,0,0.999935959,0.990577757
5725,0,1.775829391,1.076923077
5726,0,2.298771637,1.629711121
5727,0,2.649485682,1.739130435
5728,0,2.911615202,2.531070073
5729,0,1.583313642,1.994369975
5730,0,1.937137408,1.703886777
5731,0,2.201915691,1.843273232
5732,0,3.209174802,2.333903781
5733,0,3.298284788,2.893251313
5734,0,3.203837566,3.435184172
5735,0,3.491791396,4.277860064
5736,0,3.234594637,3.439564852
5737,0,2.858754484,4.003987678
5738,0,2.516027559,3.394099350
5739,0,2.314587719,4.005534118
5740,0,2.530848107,3.423970750
5741,0,3.521866579,4.315211200
5742,0,3.256004106,3.491706771
5743,0,2.728461574,4.298916890
5744,0,3.394707113,5.203969223
5745,0,2.663966408,4.521084934
5746,0,3.769203747,4.208620186
5747,0,3.548732626,3.909396884
5748,0,3.772096743,4.147158167
5749,0,3.695824774,3.959685926
5750,0,3.644329181,4.514252736
5751,0,3.756509875,4.902295568
5752,0,3.571459123,5.223833212
5753,0,3.359359560,6.005600915
5754,0,3.391271720,5.075573295
5755,0,3.325602980,4.736678194
5756,0,3.029573263,4.284798390
5757,0,2.743766130,4.705896752
5758,0,3.365020800,4.370092014
5759,0,3.307172685,4.783036622
5760,0,3.825849349,4.577085758
5761,0,3.533979578,4.418436726
5762,0,3.573757840,4.612700161
5763,0,3.768353127,4.415525406
5764,0,3.775680547,4.344523656
5765,0,2.779660362,4.157795820
5766,0,3.766613267,4.604830179
5767,0,2.277915373,4.244602622
5768,0,2.773588115,3.360251189
5769,0,2.836249661,2.865696748
5770,0,3.277018632,3.610977466
5771,0,3.397882302,3.301103607
5772,0,3.125177036,2.774486327
5773,0,3.061561627,2.450836423
5774,0,2.822953329,2.192248861
5775,0,2.978076667,2.626942271
5776,0,2.531422692,2.926969228
5777,0,2.257903609,2.451670211
5778,0,2.720746339,3.380671516
5779,0,2.815920550,3.090481127
5780,0,3.018925723,2.433623684
5781,0,2.686530877,2.597466258
5782,0,2.539771553,2.637957108
5783,0,3.208503496,2.769032856
5784,0,3.423455532,3.132964925
5785,0,3.371904840,3.677126871
5786,0,3.495153070,3.525358358
5787,0,3.478597401,3.996676180
5788,0,3.575326011,4.303171266
5789,0,3.753538869,4.081896468
5790,0,3.695903939,3.783184774
5791,0,3.426337348,3.852009899
5792,0,3.345682540,3.316460154
5793,0,3.563207314,3.596554635
5794,0,3.236267254,2.943900897
5795,0,3.331963621,3.146200893
5796,0,3.740237089,3.326929976
5797,0,3.626487662,3.388482462
5798,0,3.548140313,3.636988045
5799,0,3.751341600,3.577946068
5800,0,3.513474283,3.291202611
5801,0,3.175602443,2.933037336
5802,0,3.298876043,3.203541856
5803,0,3.553324336,2.961390135
5804,0,2.904742496,3.428829054
5805,0,3.724024330,3.890639437
5806,0,2.611302233,4.119521881
5807,0,3.026691039,4.524747304
5808,0,2.790100927,4.686246095
5809,0,3.185830157,5.261766104
5810,0,2.820856260,5.291990942
5811,0,3.331369939,4.945854873
5812,0,2.770114774,4.469584565
5813,0,3.629177299,4.565394787
5814,0,2.214114980,4.096408534
5815,0,2.966266430,4.608533851
5816,0,2.989095563,4.311273993
5817,0,3.401857362,4.544470195
5818,0,3.079530971,4.490179876
5819,0,3.038577993,4.752947843
5820,0,3.419346383,5.100354303
5821,0,3.391630884,4.533877857
5822,0,3.298590400,4.037733007
5823,0,3.215310460,4.201604074
5824,0,3.552796319,4.089633845
5825,0,3.160594712,3.917612679
5826,0,3.121220418,3.471408893
5827,0,3.036265469,3.261733137
5828,0,2.997624875,2.966494748
5829,0,3.201599185,3.067188246
5830,0,3.176041383,2.917118929
5831,0,2.934188185,2.877190014
5832,0,3.091535131,4.116337322
5833,0,2.864942334,2.942110281
5834,0,3.107311914,3.045973638
5835,0,2.885242977,3.063140995
5836,0,3.518534831,3.569213218
5837,0,3.316560575,3.750039584
5838,0,3.414877637,3.428893201
5839,0,1.081265103,2.074430001
5840,0,2.394985780,3.336150491
5841,0,2.071846350,2.212849383
5842,0,1.875898319,2.286427199
5843,0,2.831705415,2.553354222
5844,0,2.802581992,2.428723933
5845,0,2.957983724,2.753961474
5846,0,2.815579138,2.662246353
5847,0,2.678388602,3.178570698
5848,0,3.075133250,3.806478668
5849,0,2.956023184,4.169209998
5850,0,3.036631618,3.211973137
5851,0,2.788014553,3.703873848
5852,0,2.944448499,3.198613979
5853,0,2.904815071,3.123271177
5854,0,2.410938006,2.106807973
5855,0,2.599802282,2.399729197
5856,0,2.275223386,2.446195919
5857,0,2.670407169,2.251735437
5858,0,2.808526821,2.701478123
5859,0,2.642822282,1.746426231
5860,0,2.082728779,1.288248035
5861,0,1.592006309,1.074748750
5862,0,2.145720258,1.914950632
5863,0,1.859983176,2.095676476
5864,0,2.032066948,2.010789834
5865,0,1.901637169,1.824232762
5866,0,1.205240805,1.044892023
5867,0,2.007434212,1.901375566
5868,0,1.893523268,1.926059345
5869,0,1.879420248,1.521848954
5870,0,1.829944191,1.268742753
5871,0,1.603462906,1.325164712
5872,0,1.514219203,0.968581645
5873,0,1.064442385,0.874047558
5874,0,1.605534523,1.879912816
5875,0,1.920395716,1.359666002
5876,0,2.072595889,1.889720808
5877,0,2.258247848,1.363242911
5878,0,1.932703116,1.098904864
5879,0,2.160083985,1.171876876
5880,0,2.332987746,1.681582310
5881,0,2.464656771,1.440107116
5882,0,2.546653163,1.929014179
5883,0,2.541580936,1.960178084
5884,0,2.703899628,2.292115088
5885,0,2.524103877,2.001425733
5886,0,2.749630200,1.533356086
5887,0,2.929238195,1.839691070
5888,0,2.703026979,1.899922305
5889,0,2.843432948,2.934401237
5890,0,1.228324902,0.855653407
5891,0,2.103036501,2.434448570
5892,0,2.535031661,1.542067331
5893,0,3.073395505,2.237610628
5894,0,3.321305829,2.590501051
5895,0,3.326713251,2.681531303
5896,0,3.217841127,2.460585710
5897,0,2.809400124,1.931369429
5898,0,3.197172346,2.229024661
5899,0,3.002672518,2.331864792
5900,0,2.928061842,2.225802857
5901,0,3.126434826,2.270966177
5902,0,3.176784680,2.900611764
5903,0,3.242778305,2.427192715
5904,0,2.816913761,2.095308176
5905,0,3.334183648,2.706072886
5906,0,3.073451728,2.637653953
5907,0,3.493174347,3.323445095
5908,0,3.281154753,3.742236936
5909,0,2.619888753,2.865824622
5910,0,2.868927110,2.033993412
5911,0,2.597376306,1.670863122
5912,0,2.544286017,2.059683203
5913,0,1.807771162,1.722104249
5914,0,2.765724158,1.913535985
5915,0,2.504398529,1.684189081
5916,0,1.927170648,1.910930524
5917,0,2.507363001,2.179033667
5918,0,1.801257409,1.882181757
5919,0,2.678034981,2.952915475
5920,0,1.947288070,3.212138796
5921,0,1.898607929,3.664896450
5922,0,2.167754034,3.007721904
5923,0,2.704776933,2.213897281
5924,0,3.051128157,2.072427150
5925,0,2.853844478,2.723348150
5926,0,2.676134324,2.808098660
5927,0,2.917770611,2.746047222
5928,0,3.083841285,2.801316557
5929,0,3.058506482,3.045894556
5930,0,3.013235158,4.197268685
5931,0,3.321659980,5.108281512
5932,0,2.428429086,3.261370630
5933,0,2.996281713,2.748538646
5934,0,2.848756791,1.985950904
5935,0,3.276183726,2.533602416
5936,0,3.097059161,2.374316537
5937,0,2.729500324,1.863760098
5938,0,3.184535857,2.714058940
5939,0,3.121826658,2.646235133
5940,0,2.972400026,2.424999538
5941,0,2.904081050,2.318397996
5942,0,2.800630785,2.888872832
5943,0,2.831231380,2.308288558
5944,0,2.913217970,2.776027135
5945,0,2.712654673,1.930636989
5946,0,2.891456185,2.538542400
5947,0,2.649120190,2.164459558
5948,0,2.570334530,2.213450578
5949,0,1.869469641,1.601028888
5950,0,3.063366116,2.158979332
5951,0,2.841105027,1.934207952
5952,0,2.974700442,1.915215205
5953,0,3.434748694,2.472343148
5954,0,3.363692773,2.990039800
5955,0,2.675898494,3.312168463
5956,0,2.868514595,3.164298957
5957,0,2.942605818,2.239775742
5958,0,3.096437398,2.898290689
5959,0,3.513709272,2.828132355
5960,0,3.474503226,3.330185139
5961,0,3.555634718,3.581717296
5962,0,3.451012278,3.557440049
5963,0,3.184387539,3.242842292
5964,0,3.124598137,3.589653234
5965,0,2.988245903,4.045198056
5966,0,2.571975714,3.085966374
5967,0,3.017473677,3.399756271
5968,0,2.812886766,2.203205828
5969,0,2.379739830,1.800384847
5970,0,1.440833807,1.574836216
5971,0,1.864311576,2.070831962
5972,0,2.552060421,3.066189355
5973,0,2.707356641,2.488926278
5974,0,2.787945094,3.244614082
5975,0,2.776086761,2.931878964
5976,0,2.751041286,1.730002778
5977,0,1.470810493,0.935512010
5978,0,2.748334874,1.725998388
5979,0,3.131275422,2.053817861
5980,0,2.924498432,2.785473267
5981,0,3.198220103,2.160386749
5982,0,3.494444929,2.834741157
5983,0,3.430609459,2.542094143
5984,0,2.271940797,1.902497398
5985,0,3.170032592,2.295826579
5986,0,2.958273015,2.398778687
5987,0,2.985184341,2.538838874
5988,0,2.144891196,1.953202011
5989,0,2.771574808,2.707646389
5990,0,2.201484914,2.225470120
5991,0,2.175648459,1.513838949
5992,0,2.166801238,1.572949750
5993,0,1.009882961,1.006592153
5994,0,0.748245794,0.295962177
5995,0,1.013805147,1.010460451
5996,0,0.930889806,1.343841741
5997,0,2.236880880,1.337204507
5998,0,1.880291598,0.947404794
5999,0,2.263551734,1.527131449
