0,0,5.015584413,6.756519748
1,0,4.787859334,7.576249669
2,0,4.456895143,8.532283888
3,0,4.393665019,9.617532324
4,0,3.904373034,7.312630535
5,0,2.785206766,2.278968269
6,0,2.228132126,1.616428533
7,0,2.683043688,2.576713098
8,0,1.841445496,2.521179177
9,0,0.150683373,1.956672291
10,0,0.098171072,0.025389821
11,0,0.973036937,0.409027492
12,0,1.284924679,0.688586333
13,0,0.623199500,0.233012443
14,0,1.146833551,1.101762280
15,0,1.907238936,1.244094660
16,0,1.552145380,1.086867866
17,0,1.253293980,0.537314457
18,0,1.070025621,1.000950494
19,0,1.887258398,1.399052968
20,0,1.141274598,1.025755589
21,0,1.065074475,0.423772339
22,0,0.999999934,0.999697752
23,0,1.870950575,1.200000000
24,0,0.999999995,1.000080007
25,0,-0.000000000,0.000000000
26,0,1.000000000,1.000000000
27,0,1.870950594,2.000000000
28,0,1.138751800,1.022289157
29,0,0.319766260,0.085651291
30,0,1.013646706,1.001489339
31,0,-0.000000000,0.000000000
32,0,1.000000000,1.000000000
33,0,1.021928095,0.400000000
34,0,1.228118215,1.041111111
35,0,-0.000000000,0.000000000
36,0,1.000000000,1.000000000
37,0,0.302292189,0.080000000
38,0,1.012773762,1.001377513
39,0,1.025497140,0.401630653
40,0,1.141114191,1.041416644
41,0,0.165750419,0.097356320
42,0,1.120018410,1.097849737
43,0,0.139658806,0.117509676
44,0,1.061021968,1.038230085
45,0,0.321530936,0.089238220
46,0,1.049362986,1.011587699
47,0,1.063674426,0.417328782
48,0,1.084346526,1.024314819
49,0,-0.000000000,0.000000000
50,0,1.000000000,1.000000000
51,0,1.500000000,1.000000000
52,0,1.220308818,1.039361702
53,0,0.336929535,0.091277827
54,0,0.999999951,0.999739393
55,0,1.499999976,1.000000000
56,0,1.220308807,1.039239439
57,0,1.095770151,0.441173678
58,0,1.835994511,1.235574813
59,0,1.482179484,0.683695019
60,0,1.102674370,1.012810600
61,0,0.312675964,0.083319326
62,0,1.013302352,1.001465202
63,0,-0.000000000,0.000000000
64,0,1.000000000,1.000000000
65,0,0.302292189,0.080000000
66,0,1.000000000,1.000000000
67,0,0.302292189,0.080000000
68,0,1.060184319,1.008222222
69,0,0.309673025,0.082309867
70,0,1.062578832,1.008682579
71,0,1.038704465,0.409050770
72,0,1.000000000,1.000018260
73,0,-0.000000000,0.000000000
74,0,1.000000000,1.000000000
75,0,-0.000000000,0.000000000
76,0,1.000000000,1.000000000
77,0,0.302292189,0.080000000
78,0,1.000000000,1.000000000
79,0,0.302292189,0.080000000
80,0,1.012773762,1.001377513
81,0,0.303367094,1.959881317
82,0,1.000000000,1.000000000
83,0,1.021928095,0.400000000
84,0,1.000000000,1.000000000
85,0,-0.000000000,0.000000000
86,0,1.000000000,1.000000000
87,0,-0.000000000,0.000000000
88,0,1.000000000,1.000000000
89,0,-0.000000000,0.000000000
90,0,1.000000000,1.000000000
91,0,-0.000000000,0.000000000
92,0,1.000000000,1.000000000
93,0,0.302292189,0.080000000
94,0,1.012773762,1.001377513
95,0,-0.000000000,0.000000000
96,0,1.000000000,1.000000000
97,0,1.500000000,2.000000000
98,0,2.473808192,1.812500000
99,0,1.013899932,1.854363208
100,0,1.000000000,1.000000000
101,0,0.302292189,0.080000000
102,0,1.060184319,1.008222222
103,0,1.037639028,1.797315197
104,0,1.000000000,1.000000000
105,0,1.021928095,2.000000000
106,0,1.228118215,1.041111111
107,0,1.929031819,1.266885862
108,0,1.563882091,1.134260690
109,0,-0.000000000,0.000000000
110,0,1.000000000,1.000000000
111,0,1.021928095,2.000000000
112,0,1.052690404,1.007034221
113,0,1.035378563,0.407332871
114,0,1.053635335,1.007189192
115,0,0.307902432,0.081803056
116,0,1.262329836,1.049041854
117,0,1.938273815,2.002349365
118,0,1.150631954,1.024820600
119,0,-0.000000000,0.000000000
120,0,1.000000000,1.000000000
121,0,1.021928095,0.400000000
122,0,1.052690404,1.007034221
123,0,0.307787926,0.081766365
124,0,1.013047487,1.001412456
125,0,-0.000000000,0.000000000
126,0,1.000000000,1.000000000
127,0,0.302292189,0.080000000
128,0,1.257422929,1.047844828
129,0,0.340029904,0.092331027
130,0,1.014668473,1.001621632
131,0,-0.000000000,0.000000000
132,0,1.000000000,1.000000000
133,0,1.870950594,2.000000000
134,0,1.000000000,1.000000000
135,0,1.021928095,0.400000000
136,0,1.052690404,1.007034221
137,0,1.035378563,1.797703404
138,0,1.000000000,1.000000000
139,0,-0.000000000,0.000000000
140,0,1.000000000,1.000000000
141,0,1.870950594,1.400000000
142,0,1.000000000,1.000000000
143,0,0.302292189,0.080000000
144,0,1.000000000,1.000000000
145,0,1.870950594,1.400000000
146,0,1.138751800,1.022289157
147,0,-0.000000000,0.000000000
148,0,1.000000000,1.000000000
149,0,-0.000000000,0.000000000
150,0,1.000000000,1.000000000
151,0,1.021928095,0.400000000
152,0,1.228118215,1.041111111
153,0,0.334665510,0.090549664
154,0,1.014397000,1.001586340
155,0,1.024953970,0.401641094
156,0,1.000000000,1.000000000
157,0,1.021928095,1.800000000
158,0,1.905928216,1.642857143
159,0,1.776700037,1.329491018
160,0,1.000000000,1.000000000
161,0,1.021928095,0.400000000
162,0,1.052690404,1.007034221
163,0,-0.000000000,0.000000000
164,0,1.000000000,1.000000000
165,0,-0.000000000,0.000000000
166,0,1.000000000,1.000000000
167,0,0.302292189,0.080000000
168,0,1.048419662,1.009171844
169,0,1.906252875,2.081618365
170,0,1.768508998,2.666826578
171,0,1.570354713,2.943898796
172,0,1.147265746,0.689961215
173,0,0.003270876,0.000486450
174,0,0.001931702,0.000270243
175,0,1.571417597,1.400004769
176,0,1.503347302,1.617645409
177,0,0.877411143,0.593707929
178,0,1.834173937,1.400000000
179,0,1.094153315,1.114925498
180,0,0.314943479,0.084126382
181,0,1.045182525,1.008542232
182,0,1.034153914,0.406485379
183,0,1.162959780,1.028834522
184,0,0.325545594,0.087444442
185,0,0.999999901,1.000371069
186,0,0.302292187,0.080000000
187,0,0.999999417,0.999100990
188,0,-0.000000000,0.000000000
189,0,1.000000000,1.000000000
190,0,-0.000000000,0.000000000
191,0,1.000000000,1.000000000
192,0,-0.000000000,0.000000000
193,0,1.000000000,1.000000000
194,0,0.302292189,0.080000000
195,0,1.008877014,1.000159612
196,0,-0.000000000,0.000000000
197,0,1.000000000,1.000000000
198,0,0.302292189,0.080000000
199,0,1.042002482,1.007398693
200,0,-0.000000000,0.000000000
201,0,1.000000000,1.000000000
202,0,1.500000000,1.000000000
203,0,1.148484269,1.054186603
204,0,1.072775482,0.427319996
205,0,1.039347841,1.001818523
206,0,1.531160158,2.006991261
207,0,1.552611398,1.140647359
208,0,1.283531363,2.036753295
209,0,1.052926560,1.017262142
210,0,0.308212104,0.081873608
211,0,1.009139894,1.001688314
212,0,1.872890394,1.201678584
213,0,1.376591909,1.081471872
214,0,-0.000000000,0.000000000
215,0,1.000000000,1.000000000
216,0,-0.000000000,0.000000000
217,0,1.000000000,1.000000000
218,0,1.021928095,0.400000000
219,0,0.999985120,0.995458189
220,0,-0.000000000,0.000000000
221,0,1.000000000,1.000000000
222,0,1.021928095,0.400000000
223,0,1.036488422,1.010048802
224,0,-0.000000000,0.000000000
225,0,1.000000000,1.000000000
226,0,1.021928095,0.400000000
227,0,1.036488422,1.000809672
228,0,-0.000000000,0.000000000
229,0,1.000000000,1.000000000
230,0,0.302292189,0.080000000
231,0,1.008877014,1.000159612
232,0,-0.000000000,0.000000000
233,0,1.000000000,1.000000000
234,0,0.302292189,0.080000000
235,0,1.008877014,1.000159612
236,0,1.023819627,0.400996265
237,0,1.036593315,1.010050569
238,0,1.031529048,0.405072367
239,0,1.037022267,1.010055093
240,0,0.306201646,0.081236867
241,0,0.999999448,1.000874576
242,0,0.302292178,0.080000000
243,0,0.999999406,0.999092450
244,0,-0.000000000,0.000000000
245,0,1.000000000,1.000000000
246,0,-0.000000000,0.000000000
247,0,1.000000000,1.000000000
248,0,0.302292189,0.080000000
249,0,0.999999425,0.999107284
250,0,-0.000000000,0.000000000
251,0,1.000000000,1.000000000
252,0,1.021928095,0.400000000
253,0,1.036488422,1.000809672
254,0,0.306136756,0.081216458
255,0,1.184764471,1.039829314
256,0,1.923836980,1.407512642
257,0,1.106166495,1.016205739
258,0,1.905376603,1.230455977
259,0,1.005584316,0.993941407
260,0,0.006144284,0.003956420
261,0,1.002404252,1.001055393
262,0,0.003119003,0.001780903
263,0,1.000055745,1.000015653
264,0,1.870954249,1.200000812
265,0,1.302721247,1.139344987
266,0,0.379860721,0.295088461
267,0,1.187962251,1.062069146
268,0,2.110082676,2.013327184
269,0,1.548731086,1.261659588
270,0,1.720412327,1.086857807
271,0,1.577397724,1.409282545
272,0,0.730658463,0.716071245
273,0,1.058827090,1.013948132
274,0,1.917122621,1.410551155
275,0,1.753405024,1.968572268
276,0,1.907824363,1.859053089
277,0,1.419108200,0.775872390
278,0,0.333663797,0.122713502
279,0,0.214148585,0.067863577
280,0,0.135012592,0.037658174
281,0,1.042333837,1.021098198
282,0,2.181002448,1.480285783
283,0,2.534738268,1.581278352
284,0,1.740897023,0.890318624
285,0,1.177675559,0.528346578
286,0,2.033570647,1.388325690
287,0,1.119227180,0.521764990
288,0,1.278988333,1.208883844
289,0,0.348333790,1.955347245
290,0,1.015145593,1.007317149
291,0,-0.000000000,0.000000000
292,0,1.000000000,1.000000000
293,0,1.870950594,2.000000000
294,0,1.138751800,1.022289157
295,0,0.319766260,0.085651291
296,0,1.000000000,1.000000000
297,0,1.870950594,1.400000000
298,0,1.138751800,1.022289157
299,0,-0.000000000,0.000000000
300,0,1.000000000,1.000000000
301,0,0.302292189,0.080000000
302,0,1.000000000,1.000000000
303,0,0.302292189,0.080000000
304,0,1.000000000,1.000000000
305,0,0.302292189,2.000000000
306,0,1.060184319,1.008222222
307,0,-0.000000000,0.000000000
308,0,1.000000000,1.000000000
309,0,1.021928095,0.400000000
310,0,1.052690404,1.007034221
311,0,1.039167888,0.408331041
312,0,1.236236184,1.043503765
313,0,0.343533413,0.094020038
314,0,1.020886964,1.004038634
315,0,0.009732685,0.005077056
316,0,1.001442966,1.000488069
317,0,0.303860570,0.080653886
318,0,1.041560099,1.012065300
319,0,0.003487990,0.001660998
320,0,1.000799557,1.000234525
321,0,1.500329921,1.000072253
322,0,1.582828213,1.253837845
323,0,1.272690882,0.708718963
324,0,1.286784078,1.441530654
325,0,1.786665224,2.958015030
326,0,2.268324083,1.935703664
327,0,0.769300535,1.299909232
328,0,1.074717492,1.045353846
329,0,0.860361901,0.549001887
330,0,1.430182173,1.524394645
331,0,0.853709712,0.585663100
332,0,1.171996424,1.038946832
333,0,1.503573662,1.648054428
334,0,1.138814388,1.566443961
335,0,1.158221851,0.788387521
336,0,1.344365376,1.847427386
337,0,1.903408662,1.496919846
338,0,1.402645077,0.702506920
339,0,0.756962424,0.264699358
340,0,0.489806286,0.145991550
341,0,1.083045866,0.488018001
342,0,-0.000000000,0.000000000
343,0,1.000000000,1.000000000
344,0,1.021928095,0.400000000
345,0,1.159955911,1.036993464
346,0,1.077335582,0.429862764
347,0,0.999996818,1.002100182
348,0,0.302292125,0.080000000
349,0,1.041987702,1.005357156
350,0,-0.000000000,0.000000000
351,0,1.000000000,1.000000000
352,0,1.500000000,2.000000000
353,0,1.543635402,1.184967320
354,0,1.278412948,0.551026121
355,0,1.052534494,1.000412544
356,0,-0.000000000,0.000000000
357,0,1.000000000,1.000000000
358,0,1.870950594,2.000000000
359,0,1.094879386,1.002520718
360,0,-0.000000000,0.000000000
361,0,1.000000000,1.000000000
362,0,1.870950594,2.000000000
363,0,0.999853521,0.985750210
364,0,-0.000000000,0.000000000
365,0,1.000000000,1.000000000
366,0,1.500000000,2.000000000
367,0,1.491226097,2.570121951
368,0,1.700297798,1.612989978
369,0,1.718253945,2.189720392
370,0,1.653686153,1.375834156
371,0,1.687950193,0.985357149
372,0,0.483175673,0.145021209
373,0,1.328838135,1.105988801
374,0,1.154916319,2.043441978
375,0,1.489277436,3.677025081
376,0,2.112847493,2.723654655
377,0,1.271611168,1.325044876
378,0,1.941180331,1.305556523
379,0,0.994409626,0.912023362
380,0,1.497204813,1.000000000
381,0,1.549525686,1.178466880
382,0,1.280316020,0.553593486
383,0,0.999825524,0.984447961
384,0,1.021910647,0.400000000
385,0,1.160343949,1.035576501
386,0,1.077463120,0.429950694
387,0,1.039782519,1.007892629
388,0,1.880737749,1.209052688
389,0,1.096188754,1.030194236
390,0,-0.000000000,0.000000000
391,0,1.000000000,1.000000000
392,0,-0.000000000,0.000000000
393,0,1.000000000,1.000000000
394,0,1.500000000,2.000000000
395,0,0.999553063,0.975109810
396,0,0.302283250,0.080000000
397,0,1.008837251,0.999725715
398,0,1.506792558,1.002335846
399,0,2.191960604,1.652840696
400,0,1.970184892,1.779174676
401,0,1.607239255,1.209269941
402,0,2.378786353,2.064003670
403,0,1.913069613,1.376999733
404,0,1.579326881,0.806074714
405,0,2.350555606,1.766751408
406,0,1.828522308,1.100554062
407,0,1.258066227,1.212026075
408,0,0.348148065,0.114837223
409,0,1.074008368,1.032410569
410,0,0.010239619,0.010605104
411,0,1.007713489,1.009192702
412,0,1.023938564,0.401782982
413,0,1.162025291,1.038791649
414,0,1.918646374,1.249053580
415,0,1.002155005,0.995334726
416,0,1.871452306,1.200359909
417,0,1.095010444,1.000925801
418,0,0.314354349,0.083856855
419,0,1.009360956,1.002043387
420,0,0.303104634,0.080258544
421,0,1.008909470,1.000168599
422,0,0.000000411,0.000000160
423,0,1.000000001,1.000000000
424,0,0.000000000,0.000000000
425,0,1.000000000,1.000000000
426,0,0.000000000,0.000000000
427,0,1.000000000,1.000000000
428,0,0.302292189,0.080000000
429,0,1.042002482,1.007398693
430,0,0.318622350,0.085758008
431,0,1.074117095,1.015749097
432,0,0.355323402,0.103473270
433,0,1.048829892,1.014441662
434,0,0.060101287,0.034614530
435,0,1.025994895,1.008732955
436,0,0.327523936,0.094400113
437,0,1.048526202,1.009280314
438,0,1.062176407,0.417827789
439,0,1.227165655,1.082535918
440,0,0.473676493,0.200652325
441,0,0.347979945,0.094333651
442,0,0.280417621,0.084384232
443,0,0.226293469,0.067370816
444,0,0.208443377,0.059598050
445,0,0.034835234,0.008327687
446,0,1.586979706,1.201275405
447,0,1.514306563,1.294495016
448,0,1.030620804,0.527420943
449,0,0.531652628,0.187094325
450,0,0.370395534,0.112693319
451,0,1.029650389,0.475765109
452,0,1.290909135,0.732023854
453,0,1.498452382,1.557682273
454,0,1.465924675,0.640441818
455,0,0.866550394,0.311911115
456,0,0.359193349,0.104714843
457,0,1.029983026,0.471157198
458,0,0.340622892,0.125722266
459,0,0.627311910,0.312752367
460,0,1.163159344,0.626328507
461,0,0.057934369,0.011978790
462,0,1.596182831,1.213555221
463,0,1.234892342,0.629385538
464,0,1.613016425,0.855578036
465,0,-0.000000000,0.000000000
466,0,0.282292189,0.080000000
467,0,0.045570069,0.008888889
468,0,0.939392434,0.406324111
469,0,0.186816095,0.047891963
470,0,-0.000000000,0.000000000
471,0,-0.000000000,0.000000000
472,0,-0.000000000,0.000000000
473,0,-0.000000000,0.000000000
474,0,-0.000000000,0.000000000
475,0,-0.000000000,0.000000000
476,0,-0.000000000,0.000000000
477,0,-0.000000000,0.000000000
478,0,1.570950594,1.200000000
479,0,-0.000000000,0.000000000
480,0,1.000000000,1.000000000
481,0,1.000000000,2.000000000
482,0,1.500000000,2.500000000
483,0,1.477334467,1.916666667
484,0,1.574799895,1.205614035
485,0,1.697309952,1.397966856
486,0,1.759218549,1.602882124
487,0,0.665279958,0.355674685
488,0,0.431524048,0.123818291
489,0,0.039522297,0.010006171
490,0,1.617189892,1.415759883
491,0,1.288351294,2.080358955
492,0,1.998345414,3.535983661
493,0,1.924230448,3.241990676
494,0,1.267161254,2.144739409
495,0,-0.000000000,0.000000000
496,0,0.282292189,0.080000000
497,0,0.009543159,0.001486989
498,0,1.014233274,1.002470966
499,0,0.166215882,0.041403262
500,0,0.307650440,0.087155886
501,0,-0.000000000,0.000000000
502,0,-0.000000000,0.000000000
503,0,-0.000000000,0.000000000
504,0,0.282292189,0.080000000
505,0,0.009543159,0.001486989
506,0,0.925278881,0.401057502
507,0,0.177995377,0.045020930
508,0,0.998214399,1.794258005
509,0,0.224960792,2.014079180
510,0,0.318090450,1.959211940
511,0,1.416371953,2.748093097
512,0,1.560670201,1.969760238
513,0,1.791615268,4.019315508
514,0,1.959533397,3.142355032
515,0,-0.000000000,0.000000000
516,0,0.282292189,0.080000000
517,0,-0.000000000,0.000000000
518,0,0.282292189,0.080000000
519,0,-0.000000000,0.000000000
520,0,-0.000000000,0.000000000
521,0,-0.000000000,0.000000000
522,0,0.921928095,0.400000000
523,0,0.175964403,0.044444444
524,0,1.675578081,1.407015458
525,0,0.522751482,0.180141132
526,0,1.596446321,1.289132866
527,0,0.330433174,0.110307189
528,0,1.500176491,1.279787732
529,0,-0.000000000,0.000000000
530,0,-0.000000000,0.000000000
531,0,-0.000000000,0.000000000
532,0,0.282292189,0.080000000
533,0,-0.000000000,0.000000000
534,0,0.921928095,0.400000000
535,0,-0.000000000,0.000000000
536,0,0.282292189,0.080000000
537,0,-0.000000000,0.000000000
538,0,0.921928095,0.400000000
539,0,0.175964403,0.044444444
540,0,1.227980502,1.062358277
541,0,0.211065129,0.057425837
542,0,0.315462674,0.089104250
543,0,0.064162673,0.014190876
544,0,0.949409411,0.408889968
545,0,-0.000000000,0.000000000
546,0,0.921928095,0.400000000
547,0,-0.000000000,0.000000000
548,0,0.282292189,0.080000000
549,0,-0.000000000,0.000000000
550,0,0.282292189,0.080000000
551,0,0.200458409,0.052173913
552,0,0.314005028,0.089099526
553,0,0.012832079,0.002209579
554,0,0.926981336,0.401416183
555,0,-0.000000000,0.000000000
556,0,0.921928095,0.400000000
557,0,0.039584219,0.007547170
558,0,-0.000000000,0.000000000
559,0,-0.000000000,0.000000000
560,0,-0.000000000,0.000000000
561,0,-0.000000000,0.000000000
562,0,1.570950594,1.400000000
563,0,0.622634316,1.689655172
564,0,2.037548825,2.646428571
565,0,1.571556996,1.178536653
566,0,1.780320941,1.150206810
567,0,1.268073101,1.473140769
568,0,2.112283144,1.440131015
569,0,1.190688311,0.831123955
570,0,2.145164535,1.225169906
571,0,1.676894946,1.411802652
572,0,1.152395825,0.752525859
573,0,1.661595879,0.762727919
574,0,0.665559781,0.318497714
575,0,1.326517891,0.545117678
576,0,0.750957707,0.250251129
577,0,-0.000000000,0.000000000
578,0,1.000000000,1.000000000
579,0,-0.000000000,0.000000000
580,0,1.000000000,1.000000000
581,0,1.500000000,2.000000000
582,0,2.473808192,1.693750000
583,0,1.908049904,1.555755396
584,0,1.000000000,1.000000000
585,0,-0.000000000,0.000000000
586,0,1.000000000,1.000000000
587,0,0.302292189,0.080000000
588,0,1.012773762,1.001377513
589,0,0.303367094,0.080344681
590,0,1.258363482,1.048073651
591,0,1.937162566,1.277554107
592,0,1.568646155,1.135919553
593,0,2.014000103,1.386513815
594,0,1.168294634,1.028699675
595,0,1.075052955,0.429260786
596,0,1.000000000,1.000000000
597,0,1.870950594,2.000000000
598,0,1.532052555,1.123333333
599,0,1.242499492,0.530171120
600,0,1.292026721,1.056786417
601,0,0.346458836,0.094456765
602,0,1.015004167,1.001666125
603,0,-0.000000000,0.000000000
604,0,1.000000000,1.000000000
605,0,1.870950594,2.000000000
606,0,1.532052555,1.123333333
607,0,2.005036854,1.382798460
608,0,1.619002908,1.153694674
609,0,-0.000000000,0.000000000
610,0,1.000000000,1.000000000
611,0,0.302292189,0.080000000
612,0,1.000000000,1.000000000
613,0,1.021928095,1.800000000
614,0,1.052690404,1.007034221
615,0,1.892317675,1.401502595
616,0,1.548944103,1.129630795
617,0,0.424776821,0.124114605
618,0,1.106707214,1.023596347
619,0,-0.000000000,0.000000000
620,0,1.000000000,1.000000000
621,0,1.870950594,2.000000000
622,0,1.138751800,1.993975904
623,0,1.605473788,2.010596940
624,0,1.000000000,1.000000000
625,0,0.302292189,0.080000000
626,0,1.000000000,1.000000000
627,0,-0.000000000,0.000000000
628,0,1.000000000,1.000000000
629,0,0.302292189,0.080000000
630,0,1.000000000,1.000000000
631,0,1.021928095,0.400000000
632,0,1.000000000,1.000000000
633,0,-0.000000000,0.000000000
634,0,1.000000000,1.000000000
635,0,0.302292189,0.080000000
636,0,1.012773762,1.001377513
637,0,1.024571058,0.401435139
638,0,1.000000000,1.000000000
639,0,1.021928095,0.400000000
640,0,1.052690404,1.007034221
641,0,0.307787926,0.081766365
642,0,1.000000000,1.000000000
643,0,-0.000000000,0.000000000
644,0,1.000000000,1.000000000
645,0,0.302292189,0.080000000
646,0,1.012773762,1.001377513
647,0,0.303367094,0.080344681
648,0,1.000000000,1.000000000
649,0,0.302292189,0.080000000
650,0,1.060184319,1.008222222
651,0,0.308717777,0.082066230
652,0,1.000000000,1.000000000
653,0,-0.000000000,0.000000000
654,0,1.000000000,1.000000000
655,0,0.302292189,0.080000000
656,0,1.012773762,1.001377513
657,0,0.303367094,0.080344681
658,0,1.012827240,1.001384331
659,0,0.303372157,2.000000000
660,0,1.012827496,1.001384364
661,0,-0.000000000,0.000000000
662,0,1.000000000,1.000000000
663,0,1.021928095,0.400000000
664,0,1.052690404,1.007034221
665,0,-0.000000000,0.000000000
666,0,1.000000000,1.000000000
667,0,1.870950594,1.400000000
668,0,1.138751800,1.022289157
669,0,-0.000000000,0.000000000
670,0,1.000000000,1.000000000
671,0,-0.000000000,0.000000000
672,0,1.000000000,1.000000000
673,0,1.021928095,0.400000000
674,0,1.052690404,1.007034221
675,0,1.035378563,0.407332871
676,0,1.000000000,1.000000000
677,0,-0.000000000,0.000000000
678,0,1.000000000,1.000000000
679,0,1.500000000,1.000000000
680,0,1.000000000,1.000000000
681,0,0.302292189,0.080000000
682,0,1.257422929,1.047844828
683,0,0.340029904,0.092331027
684,0,1.000000000,1.000000000
685,0,0.302292189,0.080000000
686,0,1.257422929,1.047844828
687,0,0.340029904,0.092331027
688,0,1.014668473,1.001621632
689,0,0.303548401,0.080402554
690,0,1.258524378,1.048113090
691,0,-0.000000000,0.000000000
692,0,1.000000000,1.000000000
693,0,1.021928095,0.400000000
694,0,1.052690404,1.007034221
695,0,1.035378563,2.000000000
696,0,1.907581837,3.000000000
697,0,2.258011708,2.134503734
698,0,1.379148837,1.083304361
699,0,1.164515907,0.480432059
700,0,1.063284902,1.008825588
701,0,1.038570256,0.409056396
702,0,1.232772348,1.042211291
703,0,0.335487856,0.090820527
704,0,1.067696409,1.009494448
705,0,0.309665141,0.082370456
706,0,1.000000000,1.000000000
707,0,0.302292189,0.080000000
708,0,1.000000000,1.000000000
709,0,1.500000000,2.000000000
710,0,1.000000000,1.000000000
711,0,-0.000000000,0.000000000
712,0,1.000000000,1.000000000
713,0,0.302292189,0.080000000
714,0,1.000000000,1.000000000
715,0,1.870950594,2.000000000
716,0,1.138751800,1.022289157
717,0,1.064163411,0.423273040
718,0,1.000000000,1.000000000
719,0,0.302292189,0.080000000
720,0,1.060184319,1.008222222
721,0,-0.000000000,0.000000000
722,0,1.000000000,1.000000000
723,0,0.302292189,0.080000000
724,0,1.012773762,1.001377513
725,0,1.024571058,0.401435139
726,0,1.052875527,1.007064537
727,0,1.035433409,1.797695462
728,0,1.000000000,1.000000000
729,0,-0.000000000,0.000000000
730,0,1.000000000,1.000000000
731,0,0.302292189,0.080000000
732,0,1.084886310,1.014810458
733,0,1.076779938,2.002107668
734,0,1.199979017,2.944114190
735,0,1.195368666,2.001598480
736,0,1.111168598,1.053125094
737,0,0.430054906,2.034544712
738,0,2.578573983,2.543578985
739,0,2.251221841,2.908823233
740,0,3.275160830,3.036770371
741,0,2.849437866,3.554733933
742,0,3.421199553,3.730193598
743,0,2.612148248,3.440385592
744,0,2.151998722,3.747927791
745,0,1.962067293,4.919119408
746,0,2.050785418,3.625873081
747,0,0.618578907,1.535197786
748,0,1.218891416,1.280022887
749,0,0.284201310,0.433740224
750,0,1.029387995,1.021419406
751,0,0.319873904,0.092970585
752,0,1.013888983,1.008723619
753,0,1.029246781,1.802762898
754,0,1.059035681,1.010029679
755,0,1.041751734,0.411111477
756,0,1.058284559,1.009669269
757,0,0.310741912,0.083629958
758,0,1.013386465,1.001532927
759,0,0.002684993,0.000794708
760,0,1.002453049,1.000812692
761,0,1.509402753,1.003553132
762,0,0.999999997,1.000065536
763,0,0.302292189,0.080000000
764,0,1.012773762,1.001376437
765,0,-0.000000000,0.000000000
766,0,1.000000000,1.000000000
767,0,0.302292189,0.080000000
768,0,1.012773762,1.001377513
769,0,0.303367094,0.080344681
770,0,1.000000000,1.000000000
771,0,-0.000000000,0.000000000
772,0,1.000000000,1.000000000
773,0,1.500000000,2.000000000
774,0,1.000000000,1.000000000
775,0,-0.000000000,0.000000000
776,0,1.000000000,1.000000000
777,0,0.302292189,0.080000000
778,0,1.000000000,1.000000000
779,0,0.302292189,0.080000000
780,0,1.000000000,1.000000000
781,0,0.302292189,0.080000000
782,0,1.012773762,1.001377513
783,0,1.027451304,0.402056884
784,0,1.314556927,1.078667032
785,0,-0.000000000,0.000000000
786,0,1.000000000,1.000000000
787,0,1.870950594,1.400000000
788,0,1.532052555,1.123333333
789,0,-0.000000000,0.000000000
790,0,1.000000000,1.000000000
791,0,1.021928095,0.400000000
792,0,1.000000000,1.000000000
793,0,-0.000000000,0.000000000
794,0,1.000000000,1.000000000
795,0,0.302292189,0.080000000
796,0,1.060184319,1.008222222
797,0,1.037639028,2.000000000
798,0,1.232495761,1.042143405
799,0,-0.000000000,0.000000000
800,0,1.000000000,1.000000000
801,0,1.500000000,2.000000000
802,0,1.764492375,1.205555556
803,0,1.953118795,1.221080670
804,0,1.944972529,1.291371632
805,0,0.537263484,0.163768050
806,0,1.115473828,1.018309886
807,0,0.316179133,0.084468454
808,0,1.013472757,1.001467410
809,0,1.024735044,0.401523219
810,0,1.786310320,1.214294125
811,0,-0.000000000,0.000000000
812,0,1.000000000,1.000000000
813,0,-0.000000000,0.000000000
814,0,1.000000000,1.000000000
815,0,-0.000000000,0.000000000
816,0,1.000000000,1.000000000
817,0,1.021928095,0.400000000
818,0,1.052690404,1.007034221
819,0,0.307787926,0.081766365
820,0,1.000000000,1.000000000
821,0,1.021928095,0.400000000
822,0,1.052690404,1.007034221
823,0,0.317750852,0.085114389
824,0,1.071437767,1.011038855
825,0,0.318264240,0.086441310
826,0,1.065323078,1.009764031
827,0,0.322344588,0.086836102
828,0,1.090002176,1.016849140
829,0,1.036706166,0.585060192
830,0,1.415581317,1.060192889
831,0,1.525904565,1.792034344
832,0,1.276160187,1.797856319
833,0,0.980298763,0.394106983
834,0,0.749364236,0.257648924
835,0,1.239424342,1.860631450
836,0,2.219342037,1.664697565
837,0,2.211763214,1.600356388
838,0,1.206649151,0.839810690
839,0,2.253544072,1.366218934
840,0,2.347176533,1.579095826
841,0,1.877457726,1.984199130
842,0,0.281541752,0.097030292
843,0,1.000589082,0.994571706
844,0,1.046172458,1.505709469
845,0,-0.000000000,0.000000000
846,0,1.570950594,1.200000000
847,0,0.104041954,0.023529412
848,0,0.964387511,0.416753927
849,0,0.202775797,0.053577661
850,0,1.010986873,1.793291584
851,0,0.236898566,0.066974096
852,0,0.320399868,0.090438560
853,0,0.014251603,0.002567515
854,0,0.927845589,1.800213500
855,0,-0.000000000,0.000000000
856,0,1.000000000,1.000000000
857,0,1.413799565,2.000000000
858,0,2.435144304,3.182926829
859,0,0.837126830,1.990717300
860,0,1.993523443,1.468822890
861,0,-0.000000000,0.000000000
862,0,0.282292189,0.080000000
863,0,0.009543159,0.001486989
864,0,0.925278881,0.401057502
865,0,-0.000000000,0.000000000
866,0,-0.000000000,0.000000000
867,0,-0.000000000,0.000000000
868,0,0.282292189,0.080000000
869,0,0.200458409,0.052173913
870,0,0.314005028,0.089099526
871,0,0.012832079,0.002209579
872,0,0.929239083,0.401904428
873,0,0.182002959,0.046179339
874,0,1.050138972,0.454194465
875,0,0.348984494,0.119233957
876,0,1.463613647,1.036049521
877,0,1.655132899,1.038818868
878,0,1.456546715,1.413779357
879,0,1.438656998,1.273565074
880,0,2.705736602,2.437665534
881,0,1.017233087,0.736769055
882,0,2.264774163,1.947462886
883,0,-0.000000000,0.000000000
884,0,0.282292189,0.080000000
885,0,0.034400259,0.006779661
886,0,0.924321785,0.400402854
887,0,0.332427932,0.122333791
888,0,1.378117093,1.272362115
889,0,1.051665331,0.666959648
890,0,1.791276386,1.151992645
891,0,2.372186088,1.848222953
892,0,2.048907166,1.474890262
893,0,2.088371390,1.373996983
894,0,1.360081208,1.531017064
895,0,0.653241965,0.301705480
896,0,1.401264113,2.035792542
897,0,1.948436071,1.252657466
898,0,2.325962487,1.393632042
899,0,1.461945858,0.624842336
900,0,0.445538643,0.184837471
901,0,0.252635038,0.083615048
902,0,0.436256295,2.008062883
903,0,1.476671025,1.734940342
904,0,1.508427278,3.083743012
905,0,2.348581540,2.097622833
906,0,1.938249176,1.240301173
907,0,1.480075014,0.794779985
908,0,1.084265748,0.545412573
909,0,1.303719124,1.033169914
910,0,1.376905143,0.793539662
911,0,1.758650785,1.904885625
912,0,2.225479619,1.617302750
913,0,2.715526005,1.798663115
914,0,2.286823441,1.621368717
915,0,2.256213918,1.299045434
916,0,1.131841711,0.847778511
917,0,1.283655819,1.020468440
918,0,1.414361414,0.882385466
919,0,0.533308326,0.226751058
920,0,1.032517969,0.460387035
921,0,1.137542095,1.159834825
922,0,1.910672222,2.122465744
923,0,1.094793089,1.088494565
924,0,1.052705068,2.012095493
925,0,1.591025156,1.196980505
926,0,-0.000000000,0.000000000
927,0,1.000000000,1.000000000
928,0,1.021928095,0.400000000
929,0,1.159955911,1.036993464
930,0,0.325026163,0.087275700
931,0,1.009811919,1.001630194
932,0,0.303139418,0.080267465
933,0,0.999999444,1.000878283
934,0,1.870950428,2.000526970
935,0,0.999848595,1.014487401
936,0,0.302289161,0.080000000
937,0,1.008853947,1.002229694
938,0,0.303047657,0.080238567
939,0,0.999999422,0.999105177
940,0,0.302292178,0.080000000
941,0,1.041996187,1.005380995
942,0,1.033194506,0.405958035
943,0,1.037144815,1.009675054
944,0,0.306215988,0.081241457
945,0,1.009032577,1.000208948
946,0,0.303064501,0.080243897
947,0,1.042141436,1.007420479
948,0,0.306840683,0.081439924
949,0,1.042850525,1.007450384
950,0,1.033459519,0.406097730
951,0,1.037162164,1.009645608
952,0,-0.000000000,0.000000000
953,0,1.000000000,1.000000000
954,0,1.021928095,0.400000000
955,0,1.036488422,1.010048802
956,0,0.306136756,0.081216458
957,0,1.009028355,1.000196819
958,0,-0.000000000,0.000000000
959,0,1.000000000,1.000000000
960,0,1.021928095,0.400000000
961,0,1.159955911,1.036993464
962,0,0.325026163,0.087275700
963,0,1.009811919,1.001630194
964,0,1.024044819,0.401113818
965,0,1.036610498,1.000908712
966,0,-0.000000000,0.000000000
967,0,1.000000000,1.000000000
968,0,1.870950594,1.200000000
969,0,1.375791478,1.110980392
970,0,1.181696492,0.490099053
971,0,1.046198558,1.010129655
972,0,-0.000000000,0.000000000
973,0,1.000000000,1.000000000
974,0,1.021928095,0.400000000
975,0,1.159955911,1.026993464
976,0,1.077335582,0.429862764
977,0,1.173131488,1.033116425
978,0,-0.000000000,0.000000000
979,0,1.000000000,1.000000000
980,0,1.500000000,2.000000000
981,0,2.186282674,2.834468085
982,0,1.791155900,1.841880855
983,0,0.997812643,0.944947403
984,0,0.302248442,0.080000000
985,0,1.008962689,1.001119371
986,0,0.303056979,0.080241715
987,0,1.182589089,1.036254454
988,0,1.923131119,1.255024417
989,0,1.102861667,1.014888371
990,0,1.899014762,1.227646507
991,0,1.389295728,1.091045365
992,0,1.984134395,1.337245194
993,0,2.106105973,1.501194859
994,0,1.686224839,0.894401666
995,0,1.350928573,1.148482472
996,0,1.758062857,1.165636153
997,0,0.997564393,0.941908971
998,0,0.302243477,1.997676359
999,0,1.042404065,1.006340145
1000,0,-0.000000000,0.000000000
1001,0,1.000000000,1.000000000
1002,0,0.302292189,0.080000000
1003,0,1.073320233,1.017577906
1004,0,0.961637429,0.398150197
1005,0,1.509109090,1.774975063
1006,0,1.701825302,0.957847770
1007,0,2.269548213,1.484708245
1008,0,2.376948144,2.203027547
1009,0,2.118171230,2.623758463
1010,0,0.643807897,1.755449213
1011,0,1.295859404,0.525253009
1012,0,1.481275162,0.723941618
1013,0,0.210061713,0.066331685
1014,0,0.130525898,0.036161992
1015,0,0.284902707,0.080000000
1016,0,0.999826287,0.984482036
1017,0,1.021910724,0.400000000
1018,0,1.228114507,1.042507728
1019,0,0.334665379,0.090549664
1020,0,1.014396994,1.001639846
1021,0,1.024953970,0.401641094
1022,0,1.052902676,1.007063487
1023,0,0.307813605,0.081774592
1024,0,1.013048788,1.001412511
1025,0,1.024635442,0.401469764
1026,0,1.228871051,1.041288218
1027,0,-0.000000000,0.000000000
1028,0,1.000000000,1.000000000
1029,0,-0.000000000,0.000000000
1030,0,1.000000000,1.000000000
1031,0,0.302292189,0.080000000
1032,0,1.060184319,1.008222222
1033,0,1.037639028,0.408572389
1034,0,1.232495761,1.042143405
1035,0,0.335439500,0.090804672
1036,0,1.000000000,1.000000000
1037,0,0.302292189,0.080000000
1038,0,1.012773762,1.001377513
1039,0,0.002344960,0.000670728
1040,0,1.009170591,1.002480031
1041,0,1.024611347,0.400874606
1042,0,1.685614409,1.609830550
1043,0,1.062510939,0.902377200
1044,0,1.391073081,1.124676370
1045,0,0.695287820,0.362792035
1046,0,1.423696963,1.202533310
1047,0,1.213949204,0.515662595
1048,0,1.255732971,1.095235454
1049,0,0.388271184,0.120458817
1050,0,1.210481211,1.089574650
1051,0,0.472772149,0.213612930
1052,0,1.341979099,1.205243297
1053,0,0.577079418,0.324515632
1054,0,1.296654565,1.186067026
1055,0,1.267775418,0.657286233
1056,0,1.252177081,1.052001021
1057,0,1.985402812,1.415024602
1058,0,1.389246924,1.167487897
1059,0,1.709459589,1.979378116
1060,0,1.741525517,1.332344531
1061,0,1.542288533,1.594656459
1062,0,1.395954157,0.924211298
1063,0,1.134865109,0.445166157
1064,0,0.790723724,0.263721667
1065,0,1.800518996,1.423667141
1066,0,1.459747457,0.762090996
1067,0,1.510514648,0.663789843
1068,0,1.606997155,1.809328453
1069,0,1.641075187,0.975629450
1070,0,1.278774619,0.686293574
1071,0,0.895470450,0.431186092
1072,0,1.048825730,0.436398768
1073,0,1.185353266,0.972252463
1074,0,1.088347012,0.437557823
1075,0,0.999913174,0.989028964
1076,0,-0.000000000,0.000000000
1077,0,1.000000000,1.000000000
1078,0,0.302292189,0.080000000
1079,0,1.182011943,1.039109291
1080,0,1.922950642,1.254818611
1081,0,1.402272636,1.101703205
1082,0,0.377628660,0.104839831
1083,0,1.012059158,1.000395472
1084,0,0.303360512,0.080337087
1085,0,1.182854380,1.039244170
1086,0,-0.000000000,0.000000000
1087,0,1.000000000,1.000000000
1088,0,1.870950594,2.000000000
1089,0,2.014604098,1.453412463
1090,0,1.620117238,0.821825364
1091,0,0.999081672,1.035676360
1092,0,-0.000000000,0.000000000
1093,0,1.000000000,1.000000000
1094,0,1.021928095,0.400000000
1095,0,1.036488422,1.010048802
1096,0,1.879816967,1.208201663
1097,0,1.095991435,1.003143991
1098,0,1.576103110,1.035964636
1099,0,0.999643517,0.977770521
1100,0,0.302285059,0.080000000
1101,0,1.008841532,1.002362630
1102,0,0.303046615,0.080238216
1103,0,1.182540494,1.036199843
1104,0,1.923123026,1.407319270
1105,0,1.102856086,1.014824824
1106,0,1.054373207,0.417292576
1107,0,1.167671575,1.030606446
1108,0,-0.000000000,0.000000000
1109,0,1.000000000,1.000000000
1110,0,-0.000000000,0.000000000
1111,0,1.000000000,1.000000000
1112,0,0.302292189,0.080000000
1113,0,0.999999425,1.000892716
1114,0,1.021928037,0.400000000
1115,0,1.036482338,1.000730725
1116,0,-0.000000000,0.000000000
1117,0,1.000000000,1.000000000
1118,0,0.302292189,0.080000000
1119,0,0.999999425,0.999107284
1120,0,0.302292178,0.080000000
1121,0,1.008875599,1.000144049
1122,0,1.023819348,0.400996097
1123,0,1.036593178,1.000844770
1124,0,1.031529015,0.405072347
1125,0,1.162124838,1.037460918
1126,0,1.916944345,1.406421418
1127,0,1.398738925,1.097983724
1128,0,-0.000000000,0.000000000
1129,0,1.000000000,1.000000000
1130,0,-0.000000000,0.000000000
1131,0,1.000000000,1.000000000
1132,0,-0.000000000,0.000000000
1133,0,1.000000000,1.000000000
1134,0,1.870950594,2.000000000
1135,0,1.544533481,1.209803922
1136,0,0.454007249,0.138995807
1137,0,1.115223203,1.020475623
1138,0,1.096568582,0.438460474
1139,0,1.182401770,1.053192857
1140,0,2.072060072,1.337883267
1141,0,1.152354365,1.055718521
1142,0,0.034400223,0.020991981
1143,0,1.031763490,1.015804259
1144,0,0.026566568,0.021117275
1145,0,1.026173262,1.017916266
1146,0,1.887162978,1.211466760
1147,0,2.015033214,1.418242394
1148,0,0.686382612,0.229956890
1149,0,1.501604945,1.170712631
1150,0,2.197749248,1.474384727
1151,0,1.018919561,1.000467433
1152,0,1.873529954,1.201173936
1153,0,1.546114421,1.208118909
1154,0,2.245707667,1.586870187
1155,0,1.750463401,1.690104395
1156,0,1.277776346,0.727922624
1157,0,1.619720562,1.642865744
1158,0,2.310259835,1.534852708
1159,0,1.825227987,1.291607490
1160,0,1.038584785,0.730407407
1161,0,1.460084197,1.387561987
1162,0,2.612031374,2.862177257
1163,0,1.634941371,2.726276952
1164,0,1.621362645,2.622114533
1165,0,1.280065087,1.474743763
1166,0,0.306119669,0.081210680
1167,0,1.009023757,1.002031674
1168,0,0.303063711,1.999984077
1169,0,1.008907345,1.001982587
1170,0,-0.000000000,0.000000000
1171,0,1.000000000,1.000000000
1172,0,0.302292189,0.080000000
1173,0,1.008877014,1.001980934
1174,0,1.023819627,1.999917587
1175,0,1.160382413,1.037085781
1176,0,1.625068744,1.979476334
1177,0,1.164509392,1.043694855
1178,0,-0.000000000,0.000000000
1179,0,1.000000000,1.000000000
1180,0,0.302292189,0.080000000
1181,0,0.999999425,1.000892716
1182,0,0.302292178,0.080000000
1183,0,0.999999405,0.999092142
1184,0,0.302292177,0.080000000
1185,0,1.041996095,1.005380737
1186,0,1.033194482,0.405958020
1187,0,0.999988118,1.004058529
1188,0,1.499994059,2.004058529
1189,0,1.543292423,1.186816206
1190,0,1.278308176,0.550907735
1191,0,1.223408072,1.041078695
1192,0,-0.000000000,0.000000000
1193,0,1.000000000,1.000000000
1194,0,0.302292189,0.080000000
1195,0,1.008877014,1.001980934
1196,0,0.303049604,0.080239223
1197,0,1.042138368,1.007420853
1198,0,1.033238535,0.405981241
1199,0,1.037147698,1.009670158
1200,0,-0.000000000,0.000000000
1201,0,1.000000000,1.000000000
1202,0,0.302292189,0.080000000
1203,0,0.999999425,0.999107284
1204,0,1.021928037,0.400000000
1205,0,1.159933424,1.037074800
1206,0,0.325022677,0.087274451
1207,0,1.009811539,1.000773664
1208,0,-0.000000000,0.000000000
1209,0,1.000000000,1.000000000
1210,0,1.021928095,1.800000000
1211,0,1.036488422,1.000809672
1212,0,-0.000000000,0.000000000
1213,0,1.000000000,1.000000000
1214,0,1.870950594,1.400000000
1215,0,0.999853521,1.014249790
1216,0,1.870906651,2.008549874
1217,0,1.492517062,1.515650471
1218,0,2.027433182,1.805508137
1219,0,2.017638791,2.489929489
1220,0,0.730698941,3.843534359
1221,0,1.886250526,2.669162384
1222,0,2.426077975,2.002606326
1223,0,1.788321806,1.752614418
1224,0,1.797115351,1.769644928
1225,0,1.623422345,1.464850318
1226,0,1.543084985,1.060869011
1227,0,1.317715733,1.314412748
1228,0,0.296989126,0.375153178
1229,0,1.258079543,1.375770612
1230,0,0.302292189,0.080000000
1231,0,0.999999425,0.999107284
1232,0,-0.000000000,0.000000000
1233,0,1.000000000,1.000000000
1234,0,1.500000000,1.000000000
1235,0,1.543635402,1.134967320
1236,0,-0.000000000,0.000000000
1237,0,1.000000000,1.000000000
1238,0,0.302292189,0.080000000
1239,0,1.042002482,1.007398693
1240,0,1.881299887,1.209655755
1241,0,0.999884833,1.012635310
1242,0,0.302289886,0.080000000
1243,0,0.999999116,0.998892981
1244,0,-0.000000000,0.000000000
1245,0,1.000000000,1.000000000
1246,0,1.870950594,1.400000000
1247,0,0.999853521,1.014249790
1248,0,0.302289259,0.080000000
1249,0,1.181623851,1.035588258
1250,0,0.328953013,0.088551607
1251,0,1.009978956,1.000926978
1252,0,0.303390792,0.080321448
1253,0,1.067018924,1.014046644
1254,0,0.348884981,0.099675429
1255,0,1.042522754,1.018934768
1256,0,1.060378602,0.421563803
1257,0,1.196181933,1.050116690
1258,0,0.045594511,0.031512146
1259,0,1.008676613,1.004060231
1260,0,1.884040715,1.206911819
1261,0,1.099855556,1.004670676
1262,0,0.047724704,0.022784653
1263,0,1.011534418,1.002368387
1264,0,1.503649681,1.000572896
1265,0,1.506564344,1.259573487
1266,0,1.536209707,1.689471833
1267,0,1.282867593,0.806359149
1268,0,0.771153798,0.289738028
1269,0,0.486231975,0.146864518
1270,0,1.086383094,0.491104774
1271,0,1.321024850,0.739237730
1272,0,0.669147251,0.252513583
1273,0,1.133539903,0.567699933
1274,0,1.859778401,1.115073500
1275,0,1.461275021,0.725547258
1276,0,0.992079766,0.895311563
1277,0,1.021136071,0.400000000
1278,0,1.052616830,1.015811331
1279,0,0.307786268,0.081766365
1280,0,1.061422542,1.008233985
1281,0,0.308872310,0.082115836
1282,0,1.013101689,1.001426737
1283,0,1.024647849,0.401476435
1284,0,1.228874545,1.041288244
1285,0,1.669097540,2.018631512
1286,0,1.000000000,0.999999203
1287,0,1.021928095,0.400000000
1288,0,1.000000000,0.999999934
1289,0,-0.000000000,0.000000000
1290,0,1.000000000,1.000000000
1291,0,-0.000000000,0.000000000
1292,0,1.000000000,1.000000000
1293,0,1.870950594,1.400000000
1294,0,1.000000000,1.000000000
1295,0,0.302292189,0.080000000
1296,0,1.012773762,1.001377513
1297,0,1.024571058,1.799550526
1298,0,1.000000000,1.000000000
1299,0,-0.000000000,0.000000000
1300,0,1.000000000,1.000000000
1301,0,1.413276880,0.729411765
1302,0,1.444370919,1.048428978
1303,0,1.526890464,0.824723710
1304,0,1.544166418,1.134121072
1305,0,1.494897118,0.706685050
1306,0,1.432047905,1.128105507
1307,0,0.454056345,0.330284966
1308,0,1.389076906,1.330062079
1309,0,0.543363956,0.484790073
1310,0,1.100445814,1.035225203
1311,0,1.912133233,2.003376361
1312,0,1.350024948,1.143126974
1313,0,0.433992948,0.333081035
1314,0,1.200734898,1.105754736
1315,0,0.249670182,0.160045821
1316,0,1.035678285,1.008608019
1317,0,1.057804416,0.415507248
1318,0,1.173533748,1.071694170
1319,0,1.167417456,1.839002721
1320,0,1.353040321,1.105040156
1321,0,1.279019085,2.103031195
1322,0,1.285974431,1.109867599
1323,0,0.558644556,0.239308274
1324,0,1.269709663,1.117209358
1325,0,1.281073151,0.600940062
1326,0,1.233769638,1.088112592
1327,0,0.506823037,0.199999718
1328,0,1.248823050,1.138995507
1329,0,0.478949803,0.221478659
1330,0,1.091237961,1.017585084
1331,0,1.082121650,2.017061688
1332,0,2.049999894,1.752325674
1333,0,2.121436880,2.380475408
1334,0,2.168240461,1.496539879
1335,0,0.716439178,0.262618582
1336,0,1.151425567,1.098190979
1337,0,0.188495537,0.135610190
1338,0,1.011079941,1.002426217
1339,0,-0.000000000,0.000000000
1340,0,1.000000000,1.000000000
1341,0,0.302292189,0.080000000
1342,0,1.012773762,1.001377513
1343,0,-0.000000000,0.000000000
1344,0,1.000000000,1.000000000
1345,0,0.302292189,0.080000000
1346,0,1.060184319,1.008222222
1347,0,1.037639028,0.408572389
1348,0,1.232495761,1.042143405
1349,0,1.671731724,1.065408315
1350,0,2.303045085,1.787853208
1351,0,1.846560136,1.369885858
1352,0,1.278778991,1.054845210
1353,0,1.119616350,0.454226136
1354,0,1.000000000,0.999976175
1355,0,-0.000000000,0.000000000
1356,0,1.000000000,1.000000000
1357,0,-0.000000000,0.000000000
1358,0,1.000000000,1.000000000
1359,0,1.021928095,0.400000000
1360,0,1.000000000,1.000000000
1361,0,1.870950594,1.200000000
1362,0,1.000000000,1.000000000
1363,0,1.500000000,1.000000000
1364,0,1.220308818,1.039361702
1365,0,0.333274852,0.090089391
1366,0,1.000000000,1.000000000
1367,0,-0.000000000,0.000000000
1368,0,1.000000000,1.000000000
1369,0,1.870950594,1.400000000
1370,0,1.532052555,1.123333333
1371,0,0.401554049,0.113415966
1372,0,1.017831718,1.002040046
1373,0,1.513915678,2.001051245
1374,0,1.221667668,1.039693059
1375,0,1.664882328,2.018169713
1376,0,2.536906764,1.834408727
1377,0,2.070216152,2.036510531
1378,0,1.838711702,1.251712678
1379,0,1.428545153,2.015133345
1380,0,1.356098603,1.078076700
1381,0,-0.000000000,0.000000000
1382,0,1.000000000,1.000000000
1383,0,-0.000000000,0.000000000
1384,0,1.000000000,1.000000000
1385,0,1.870950594,2.000000000
1386,0,1.138751800,1.022289157
1387,0,0.319766260,0.085651291
1388,0,1.064128623,1.008886137
1389,0,-0.000000000,0.000000000
1390,0,1.000000000,1.000000000
1391,0,0.302292189,0.080000000
1392,0,1.012773762,1.001377513
1393,0,1.024571058,0.401435139
1394,0,1.000000000,1.000000000
1395,0,1.021928095,0.400000000
1396,0,1.052690404,1.007034221
1397,0,1.882728310,1.399013736
1398,0,1.537800301,1.125276771
1399,0,2.006465626,2.005494857
1400,0,1.166507181,1.028270119
1401,0,0.324046119,0.087036866
1402,0,1.013867510,1.001516659
1403,0,1.024828259,0.401573358
1404,0,1.000000000,1.000000161
1405,0,1.021928095,0.400000000
1406,0,1.052690404,1.007034207
1407,0,0.307787926,0.081766365
1408,0,1.061422809,1.008429735
1409,0,-0.000000000,0.000000000
1410,0,1.000000000,1.000000000
1411,0,0.302292189,0.080000000
1412,0,1.012773762,1.001377513
1413,0,1.024571058,0.401435139
1414,0,1.228852925,1.041283932
1415,0,1.669081586,2.018631016
1416,0,1.242311733,1.044919039
1417,0,-0.000000000,0.000000000
1418,0,1.000000000,1.000000000
1419,0,0.302292189,0.080000000
1420,0,1.000000000,1.000000000
1421,0,0.302292189,0.080000000
1422,0,1.000000000,1.000000000
1423,0,0.302292189,0.080000000
1424,0,1.060184319,1.008222222
1425,0,1.037639028,0.408572389
1426,0,1.000000000,1.000000000
1427,0,1.021928095,0.400000000
1428,0,1.000000000,1.000000000
1429,0,-0.000000000,0.000000000
1430,0,1.000000000,1.000000000
1431,0,1.500000000,2.000000000
1432,0,1.220308818,1.039361702
1433,0,-0.000000000,0.000000000
1434,0,1.000000000,1.000000000
1435,0,-0.000000000,0.000000000
1436,0,1.000000000,1.000000000
1437,0,-0.000000000,0.000000000
1438,0,1.000000000,1.000000000
1439,0,1.021928095,2.000000000
1440,0,1.784319623,3.000000000
1441,0,1.961036637,2.065809969
1442,0,1.298595182,1.059745388
1443,0,0.347402147,1.955385886
1444,0,1.070538530,1.010017103
1445,0,1.887308281,2.000537071
1446,0,1.141290096,1.022839209
1447,0,1.065078822,0.423774506
1448,0,1.000000000,0.999998039
1449,0,1.870950594,1.400000000
1450,0,1.138751800,1.022288636
1451,0,1.064163411,0.423273040
1452,0,1.000000000,0.999999947
1453,0,0.302292189,0.080000000
1454,0,1.012773762,1.001377514
1455,0,1.024571058,2.000000000
1456,0,1.000000000,1.000000000
1457,0,1.021928095,0.400000000
1458,0,1.052690404,1.007034221
1459,0,0.307787926,0.081766365
1460,0,1.000000000,1.000000000
1461,0,0.302292189,2.000000000
1462,0,1.060184319,1.008222222
1463,0,0.308717777,0.082066230
1464,0,1.000000000,1.000000000
1465,0,0.302292189,0.080000000
1466,0,1.012773762,1.001377513
1467,0,-0.000000000,0.000000000
1468,0,1.000000000,1.000000000
1469,0,-0.000000000,0.000000000
1470,0,1.000000000,1.000000000
1471,0,-0.000000000,0.000000000
1472,0,1.000000000,1.000000000
1473,0,1.021928095,0.400000000
1474,0,1.052690404,1.007034221
1475,0,1.882728310,2.000353882
1476,0,1.140549722,1.022667574
1477,0,0.320036584,0.085738624
1478,0,1.013660635,1.001491251
1479,0,0.303451473,0.080371612
1480,0,1.000000000,1.000000002
1481,0,-0.000000000,0.000000000
1482,0,1.000000000,1.000000000
1483,0,-0.000000000,0.000000000
1484,0,1.000000000,1.000000000
1485,0,1.021928095,0.400000000
1486,0,1.000000000,1.000000000
1487,0,1.870950594,1.200000000
1488,0,1.532052555,1.123333333
1489,0,1.242499492,0.530171120
1490,0,1.292026721,1.056786417
1491,0,-0.000000000,0.000000000
1492,0,1.000000000,1.000000000
1493,0,1.021928095,0.400000000
1494,0,1.000000000,1.000000000
1495,0,1.021928095,0.400000000
1496,0,1.052690404,1.007034221
1497,0,1.035378563,2.000000000
1498,0,1.053635335,1.007189192
1499,0,0.307902432,0.081803056
1500,0,1.061449039,1.008434177
1501,0,0.308875586,0.082116886
1502,0,1.013101855,1.001419418
1503,0,0.303398208,0.080354611
1504,0,1.012828809,1.001384533
1505,0,1.509845999,1.002406801
1506,0,1.766683948,1.944495041
1507,0,2.049628181,1.377084913
1508,0,1.659709817,1.169259420
1509,0,-0.000000000,0.000000000
1510,0,1.000000000,1.000000000
1511,0,0.302292189,0.080000000
1512,0,1.012773762,1.001377513
1513,0,1.024571058,0.401435139
1514,0,1.228852925,1.041283932
1515,0,-0.000000000,0.000000000
1516,0,1.000000000,1.000000000
1517,0,1.021928095,0.400000000
1518,0,1.052690404,1.007034221
1519,0,0.307787926,0.081766365
1520,0,1.061422809,1.008429735
1521,0,1.038016311,1.797259147
1522,0,1.232602490,1.042168847
1523,0,1.100807102,0.444053166
1524,0,1.058336520,1.007968562
1525,0,-0.000000000,0.000000000
1526,0,1.000000000,1.000000000
1527,0,0.302292189,0.080000000
1528,0,1.060184319,1.008222222
1529,0,1.037639028,0.408572389
1530,0,1.232495761,1.042143405
1531,0,1.100763432,0.444028398
1532,0,1.058333272,1.007968012
1533,0,1.037066562,0.408247030
1534,0,1.232342570,1.042108187
1535,0,0.335412034,0.090795585
1536,0,1.286256550,1.054986198
1537,0,1.944948533,1.287462307
1538,0,1.003479718,1.000854230
1539,0,0.304093328,0.080606037
1540,0,1.115126066,1.022491600
1541,0,1.240889180,1.049067393
1542,0,0.679909935,0.343524654
1543,0,1.156914531,1.182249430
1544,0,1.220002001,1.674983613
1545,0,1.529231547,2.002010295
1546,0,1.636154607,1.984728408
1547,0,2.381054490,1.747045580
1548,0,2.547824004,2.475698552
1549,0,1.907025708,2.021861935
1550,0,2.618894260,3.079634659
1551,0,2.817119701,3.780023942
1552,0,2.861945607,2.938913278
1553,0,2.058302154,2.023990021
1554,0,1.302226470,1.015652230
1555,0,0.347960977,0.094845607
1556,0,1.298450260,1.060432860
1557,0,-0.000000000,0.000000000
1558,0,1.000000000,1.000000000
1559,0,-0.000000000,0.000000000
1560,0,1.000000000,1.000000000
1561,0,0.302292189,0.080000000
1562,0,1.012773762,1.001377513
1563,0,1.024571058,0.401435139
1564,0,1.052875527,1.007064537
1565,0,0.307810326,0.081773543
1566,0,1.000000000,1.000000000
1567,0,1.021928095,0.400000000
1568,0,1.000000000,1.000000000
1569,0,0.302292189,2.000000000
1570,0,1.060184319,3.000000000
1571,0,1.546468512,2.004071504
1572,0,1.000000000,1.000000000
1573,0,-0.000000000,0.000000000
1574,0,1.000000000,1.000000000
1575,0,0.302292189,0.080000000
1576,0,1.012773762,1.001377513
1577,0,1.024571058,0.401435139
1578,0,1.786192236,1.214244355
1579,0,-0.000000000,0.000000000
1580,0,1.000000000,1.000000000
1581,0,-0.000000000,0.000000000
1582,0,1.000000000,1.000000000
1583,0,1.021928095,1.800000000
1584,0,1.784319623,1.213461538
1585,0,-0.000000000,0.000000000
1586,0,1.000000000,1.000000000
1587,0,1.870950594,1.200000000
1588,0,1.000000000,1.000000000
1589,0,-0.000000000,0.000000000
1590,0,1.000000000,1.000000000
1591,0,1.021928095,2.000000000
1592,0,1.784319623,3.000000000
1593,0,2.052217958,2.008552632
1594,0,1.181830950,2.999956619
1595,0,1.640031868,3.999841298
1596,0,2.250613431,3.064612608
1597,0,3.005400074,2.665552128
1598,0,2.515988808,2.152790629
1599,0,2.528359692,1.783530887
1600,0,1.493694952,1.116200311
1601,0,0.389074070,0.108689192
1602,0,0.999999879,1.000409039
1603,0,0.302292187,0.080000000
1604,0,1.012773762,1.001370797
1605,0,-0.000000000,0.000000000
1606,0,1.000000000,1.000000000
1607,0,0.302292189,0.080000000
1608,0,1.012773762,1.001377513
1609,0,1.024571058,1.799550526
1610,0,1.000000000,1.000000000
1611,0,0.302292189,0.080000000
1612,0,1.257422929,1.047844828
1613,0,-0.000000000,0.000000000
1614,0,1.000000000,1.000000000
1615,0,1.021928095,2.000000000
1616,0,1.905928216,1.642857143
1617,0,1.584007906,1.298892989
1618,0,1.817342747,1.233784338
1619,0,0.487042342,0.144433069
1620,0,1.103392644,1.015985627
1621,0,1.051580105,0.416168266
1622,0,1.236458373,1.043091849
1623,0,1.102387741,1.786022242
1624,0,1.058454214,1.007988474
1625,0,1.884221604,1.213437554
1626,0,1.140787457,1.022719476
1627,0,1.064897359,0.423675181
1628,0,1.240154707,1.043964687
1629,0,-0.000000000,0.000000000
1630,0,1.000000000,1.000000000
1631,0,1.870950594,2.000000000
1632,0,1.138751800,1.022289157
1633,0,1.904985459,1.237092993
1634,0,1.000000000,1.000000000
1635,0,-0.000000000,0.000000000
1636,0,1.000000000,1.000000000
1637,0,0.302292189,0.080000000
1638,0,1.012773762,1.001377513
1639,0,0.303367094,0.080344681
1640,0,1.000000000,1.000000000
1641,0,1.021928095,0.400000000
1642,0,1.000000000,1.000000000
1643,0,0.302292189,2.000000000
1644,0,1.000000000,1.000000000
1645,0,1.870950594,1.400000000
1646,0,1.138751800,1.022289157
1647,0,0.319766260,0.085651291
1648,0,1.013646706,1.001489339
1649,0,1.024776119,0.401545426
1650,0,1.228910656,1.041297624
1651,0,1.929256699,2.001993802
1652,0,1.149076010,1.024479665
1653,0,1.908577146,1.240432180
1654,0,1.145636428,1.023843857
1655,0,0.321392702,0.086291587
1656,0,1.000705276,1.000372625
1657,0,1.022245915,0.400146610
1658,0,1.784417990,1.213494079
1659,0,1.385211780,0.627516244
1660,0,1.081180737,1.011941300
1661,0,0.311457898,0.082954175
1662,0,1.013252144,1.001444242
1663,0,0.303416384,0.080360868
1664,0,1.060436665,1.008264472
1665,0,1.546672940,1.014074718
1666,0,1.005372001,1.001400500
1667,0,1.505605153,2.000466817
1668,0,1.005759888,1.001646136
1669,0,0.007921624,0.003568256
1670,0,1.000052683,1.000007635
1671,0,0.841911595,0.540554195
1672,0,1.678875948,1.702704656
1673,0,1.560940021,1.136310095
1674,0,1.855660822,1.482866553
1675,0,2.280570847,1.545334846
1676,0,1.762147129,1.171671482
1677,0,1.796738355,1.548207461
1678,0,1.155186538,0.871112228
1679,0,0.195218883,0.060330091
1680,0,0.999940727,0.990934906
1681,0,1.499862690,1.000000001
1682,0,0.686366496,0.365787272
1683,0,1.239116138,0.520494631
1684,0,0.316380157,0.114475181
1685,0,0.202342074,0.063195417
1686,0,0.127122275,0.034985735
1687,0,0.988290886,0.412439373
1688,0,1.632611995,1.082206587
1689,0,2.125746814,1.298122535
1690,0,1.775583649,1.278158030
1691,0,1.627605908,1.309054888
1692,0,1.172235588,0.557064961
1693,0,0.646489694,0.215997582
1694,0,0.092705078,0.023652022
1695,0,0.057058198,0.013129478
1696,0,0.315610640,0.086722163
1697,0,1.017017685,0.456708740
1698,0,1.289151944,0.717858406
1699,0,0.639283213,0.243166978
1700,0,1.551847513,1.052433546
1701,0,-0.000000000,0.000000000
1702,0,1.000000000,1.000000000
1703,0,1.021928095,0.400000000
1704,0,1.000000000,1.000000000
1705,0,1.021928095,0.400000000
1706,0,1.000000000,1.000000000
1707,0,0.302292189,0.080000000
1708,0,1.012773762,1.001377513
1709,0,-0.000000000,0.000000000
1710,0,1.000000000,1.000000000
1711,0,-0.000000000,0.000000000
1712,0,1.000000000,1.000000000
1713,0,1.870950594,1.200000000
1714,0,1.532052555,1.123333333
1715,0,0.401554049,0.113415966
1716,0,1.342829059,1.069731435
1717,0,0.356701652,0.097900548
1718,0,1.304814348,1.059741548
1719,0,-0.000000000,0.000000000
1720,0,1.000000000,1.000000000
1721,0,-0.000000000,0.000000000
1722,0,1.000000000,1.000000000
1723,0,0.302292189,0.080000000
1724,0,1.000000000,1.000000000
1725,0,1.500000000,1.000000000
1726,0,1.220308818,1.039361702
1727,0,0.333274852,0.090089391
1728,0,1.014326738,1.001577222
1729,0,1.024937254,2.000000000
1730,0,1.052901491,1.007068826
1731,0,0.307813462,0.081774546
1732,0,1.061428661,1.008430726
1733,0,-0.000000000,0.000000000
1734,0,1.000000000,1.000000000
1735,0,0.302292189,0.080000000
1736,0,1.060184319,1.008222222
1737,0,0.308717777,0.082066230
1738,0,1.000000000,1.000000000
1739,0,0.302292189,2.000000000
1740,0,1.060184319,1.008222222
1741,0,1.884579970,1.213921204
1742,0,1.140836257,1.022728858
1743,0,1.905591325,1.237735664
1744,0,2.327358150,1.522474371
1745,0,-0.000000000,0.000000000
1746,0,1.000000000,1.000000000
1747,0,1.021928095,0.400000000
1748,0,1.052690404,1.007034221
1749,0,0.307787926,0.081766365
1750,0,1.061422809,1.008429735
1751,0,1.038016311,0.408777294
1752,0,1.795695929,1.218239814
1753,0,0.482930841,1.938335042
1754,0,1.101844364,1.015639460
1755,0,0.314248149,1.958734432
1756,0,1.062898223,1.008679676
1757,0,1.038467383,2.000000000
1758,0,1.000000000,1.000000000
1759,0,0.302292189,0.080000000
1760,0,1.000000000,1.000000000
1761,0,1.021928095,0.400000000
1762,0,1.228118215,1.041111111
1763,0,1.098973413,0.443011606
1764,0,1.058200532,1.007945613
1765,0,-0.000000000,0.000000000
1766,0,1.000000000,1.000000000
1767,0,1.500000000,2.000000000
1768,0,1.000000000,1.000000000
1769,0,1.021928095,0.400000000
1770,0,1.052690404,1.007034221
1771,0,1.035378563,0.407332871
1772,0,1.053635335,1.007189192
1773,0,-0.000000000,0.000000000
1774,0,1.000000000,1.000000000
1775,0,0.302292189,0.080000000
1776,0,1.000000000,1.000000000
1777,0,0.302292189,0.080000000
1778,0,1.012773762,1.001377513
1779,0,-0.000000000,0.000000000
1780,0,1.000000000,1.000000000
1781,0,0.302292189,0.080000000
1782,0,1.012773762,1.001377513
1783,0,-0.000000000,0.000000000
1784,0,1.000000000,1.000000000
1785,0,1.870950594,1.200000000
1786,0,2.305215896,1.504545455
1787,0,-0.000000000,0.000000000
1788,0,1.000000000,1.000000000
1789,0,1.021928095,0.400000000
1790,0,1.000000000,1.000000000
1791,0,0.302292189,0.080000000
1792,0,1.012773762,1.001377513
1793,0,0.303367094,0.080344681
1794,0,1.012827240,1.001384331
1795,0,0.303372157,0.080346297
1796,0,1.000000000,1.000000000
1797,0,1.021928095,0.400000000
1798,0,1.052690404,1.007034221
1799,0,0.307787926,0.081766365
1800,0,1.013047487,1.001412456
1801,0,-0.000000000,0.000000000
1802,0,1.000000000,1.000000000
1803,0,1.021928095,0.400000000
1804,0,1.228118215,1.041111111
1805,0,1.707860069,1.080268801
1806,0,1.644032103,1.283406882
1807,0,0.922725149,0.643314242
1808,0,1.610821525,1.648840208
1809,0,0.878892184,0.932190613
1810,0,1.507707826,1.364364188
1811,0,1.412016243,0.896703872
1812,0,1.407295232,1.382508135
1813,0,0.324304459,0.097445692
1814,0,1.078190040,1.022335382
1815,0,0.328016174,0.100667201
1816,0,1.028787420,1.015418516
1817,0,0.307384359,0.083447061
1818,0,1.016123342,1.003724227
1819,0,0.304172362,0.080862732
1820,0,1.000816417,1.000377168
1821,0,0.302473673,0.080101626
1822,0,1.000142923,1.000057729
1823,0,0.302292189,0.080000000
1824,0,1.012773762,1.001377513
1825,0,1.024571058,0.401435139
1826,0,1.000000000,1.000000000
1827,0,-0.000000000,0.000000000
1828,0,1.000000000,1.000000000
1829,0,0.302292189,0.080000000
1830,0,1.257422929,1.047844828
1831,0,1.111242665,1.784311460
1832,0,1.000000000,1.000000000
1833,0,-0.000000000,0.000000000
1834,0,1.000000000,1.000000000
1835,0,0.302292189,0.080000000
1836,0,1.000000000,1.000000000
1837,0,1.021928095,0.400000000
1838,0,1.228118215,1.041111111
1839,0,-0.000000000,0.000000000
1840,0,1.000000000,1.000000000
1841,0,0.302292189,0.080000000
1842,0,1.000000000,1.000000000
1843,0,1.021928095,0.400000000
1844,0,1.000000000,1.000000000
1845,0,1.021928095,0.400000000
1846,0,1.052690404,1.007034221
1847,0,1.882728310,1.211927297
1848,0,1.140537854,1.022665803
1849,0,1.064807350,0.423625958
1850,0,1.000000000,1.000000000
1851,0,0.302292189,0.080000000
1852,0,1.060184319,1.008222222
1853,0,-0.000000000,0.000000000
1854,0,1.000000000,1.000000000
1855,0,1.500000000,1.000000000
1856,0,1.764492375,1.205555556
1857,0,2.049186634,2.008300589
1858,0,1.658520402,1.168762115
1859,0,0.435916414,1.945128905
1860,0,1.019691301,1.002295784
1861,0,-0.000000000,0.000000000
1862,0,1.000000000,1.000000000
1863,0,1.870950594,2.000000000
1864,0,1.532052555,1.123333333
1865,0,0.401554049,0.113415966
1866,0,1.082832521,1.012147939
1867,0,1.890552901,1.398814949
1868,0,1.000000000,1.000000000
1869,0,1.021928095,0.400000000
1870,0,1.228118215,1.041111111
1871,0,1.098973413,2.000000000
1872,0,1.249825024,1.046290602
1873,0,1.935176299,2.002241137
1874,0,1.149918098,1.024669393
1875,0,0.321459600,0.086198575
1876,0,1.000000000,1.000000000
1877,0,1.021928095,0.400000000
1878,0,1.228118215,1.041111111
1879,0,2.079212381,1.186824189
1880,0,1.335746334,1.070394969
1881,0,0.355192303,0.097635333
1882,0,1.072336552,1.010269354
1883,0,1.057013182,2.003505981
1884,0,1.158125000,1.062522706
1885,0,2.068077501,1.331639177
1886,0,1.324628941,1.094800074
1887,0,0.367050804,0.117085118
1888,0,1.051352252,1.022638419
1889,0,0.314563382,0.086621151
1890,0,1.009009633,1.005398960
1891,0,1.888872457,1.408492504
1892,0,1.143383809,1.024344570
1893,0,1.912498174,1.241096607
1894,0,1.151521236,1.027527045
1895,0,-0.000000000,0.000000000
1896,0,1.000000000,1.000000000
1897,0,0.302292189,0.080000000
1898,0,1.012773762,1.001377513
1899,0,-0.000000000,0.000000000
1900,0,1.000000000,1.000000000
1901,0,-0.000000000,0.000000000
1902,0,1.000000000,1.000000000
1903,0,0.302292189,0.080000000
1904,0,1.060184319,1.008222222
1905,0,-0.000000000,0.000000000
1906,0,1.000000000,1.000000000
1907,0,0.302292189,0.080000000
1908,0,1.060184319,1.008222222
1909,0,0.308717777,0.082066230
1910,0,1.061632540,1.008464963
1911,0,1.038080351,0.408812080
1912,0,1.000000000,1.000000000
1913,0,1.870950594,1.400000000
1914,0,1.000000000,1.000000000
1915,0,0.302292189,0.080000000
1916,0,1.000000000,1.000000000
1917,0,1.021928095,0.400000000
1918,0,1.228118215,1.041111111
1919,0,-0.000000000,0.000000000
1920,0,1.000000000,1.000000000
1921,0,1.021928095,2.000000000
1922,0,1.682249226,2.391231029
1923,0,2.085186777,2.045952377
1924,0,1.912219632,2.581204173
1925,0,1.705236090,2.833410431
1926,0,1.207183502,0.631119580
1927,0,0.100268819,0.026059808
1928,0,1.613643567,1.202323154
1929,0,0.975982090,0.748878214
1930,0,0.746547289,0.400837323
1931,0,1.183545766,1.009296360
1932,0,1.132912835,0.610364026
1933,0,1.063935659,0.975770645
1934,0,1.066931386,1.492501654
1935,0,1.285694032,1.040148555
1936,0,-0.000000000,0.000000000
1937,0,-0.000000000,0.000000000
1938,0,0.921928095,0.400000000
1939,0,0.039584219,0.007547170
1940,0,1.596273766,1.401333056
1941,0,-0.000000000,0.000000000
1942,0,0.282292189,0.080000000
1943,0,-0.000000000,0.000000000
1944,0,0.282292189,0.080000000
1945,0,0.009543159,0.001486989
1946,0,0.925278881,0.401057502
1947,0,0.040025393,0.007646399
1948,0,1.596703602,1.401371535
1949,0,1.238535345,0.630918738
1950,0,1.880909686,1.469759651
1951,0,-0.000000000,0.000000000
1952,0,0.282292189,0.080000000
1953,0,0.045570069,0.008888889
1954,0,-0.000000000,0.000000000
1955,0,-0.000000000,0.000000000
1956,0,-0.000000000,0.000000000
1957,0,-0.000000000,0.000000000
1958,0,0.282292189,0.080000000
1959,0,-0.000000000,0.000000000
1960,0,0.921928095,0.400000000
1961,0,-0.000000000,0.000000000
1962,0,-0.000000000,0.000000000
1963,0,-0.000000000,0.000000000
1964,0,-0.000000000,0.000000000
1965,0,-0.000000000,0.000000000
1966,0,1.570950594,1.200000000
1967,0,0.104041954,0.023529412
1968,0,0.964387511,1.796858639
1969,0,-0.000000000,0.000000000
1970,0,-0.000000000,0.000000000
1971,0,-0.000000000,0.000000000
1972,0,-0.000000000,0.000000000
1973,0,-0.000000000,0.000000000
1974,0,0.282292189,1.960000000
1975,0,0.009543159,0.001486989
1976,0,1.577225042,1.400264016
1977,0,0.105192960,0.023827694
1978,0,1.636084059,1.404144609
1979,0,0.480206939,0.159047004
1980,0,0.372425497,0.107341605
1981,0,0.019917485,0.003971406
1982,0,0.284924601,0.080545558
1983,0,0.047245783,0.009301978
1984,0,0.288383077,0.081569639
1985,0,0.048637897,0.009659873
1986,0,0.288587811,0.081614572
1987,0,-0.000000000,0.000000000
1988,0,0.282292189,0.080000000
1989,0,0.009543159,0.001486989
1990,0,-0.000000000,0.000000000
1991,0,-0.000000000,0.000000000
1992,0,-0.000000000,0.000000000
1993,0,-0.000000000,0.000000000
1994,0,-0.000000000,0.000000000
1995,0,-0.000000000,0.000000000
1996,0,1.570950594,1.400000000
1997,0,0.104041954,0.023529412
1998,0,1.635079264,1.403779628
1999,0,0.479173131,0.158548913
2000,0,0.372207190,0.107281242
2001,0,-0.000000000,0.000000000
2002,0,-0.000000000,0.000000000
2003,0,-0.000000000,0.000000000
2004,0,0.282292189,0.080000000
2005,0,0.200458409,0.052173913
2006,0,0.314005028,0.089099526
2007,0,0.266338369,0.076840491
2008,0,0.325921760,0.092169043
2009,0,0.014846879,0.002710526
2010,0,0.928163027,1.800260619
2011,0,0.040529714,0.007769950
2012,0,0.287429153,0.081317483
2013,0,0.211826895,0.055856933
2014,0,1.014435738,1.792707086
2015,0,1.379275527,1.826606911
2016,0,2.123037681,2.287549866
2017,0,2.404215336,2.437619875
2018,0,2.505462687,1.806844909
2019,0,2.694646209,1.928594299
2020,0,2.407212357,1.658869953
2021,0,1.863940373,1.856300003
2022,0,1.749980699,1.734542059
2023,0,0.749856666,0.286322689
2024,0,1.170533542,0.470238011
2025,0,1.401143405,0.701965411
2026,0,0.126568097,0.034795153
2027,0,1.608921023,1.200000000
2028,0,1.085413571,1.278708035
2029,0,0.318387297,0.085651291
2030,0,1.013593297,0.996220381
2031,0,-0.000000000,0.000000000
2032,0,1.000000000,1.000000000
2033,0,1.021928095,0.400000000
2034,0,1.000000000,1.000000000
2035,0,-0.000000000,0.000000000
2036,0,1.000000000,1.000000000
2037,0,1.870950594,1.200000000
2038,0,1.138751800,1.022289157
2039,0,-0.000000000,0.000000000
2040,0,1.000000000,1.000000000
2041,0,1.021928095,1.800000000
2042,0,1.000000000,1.000000000
2043,0,0.302292189,0.080000000
2044,0,1.012773762,1.001377513
2045,0,0.303367094,0.080344681
2046,0,1.012827240,1.001384331
2047,0,1.024583561,0.401441863
2048,0,1.052876414,1.007064684
2049,0,0.307810433,0.081773577
2050,0,1.000000000,1.000000000
2051,0,1.021928095,0.400000000
2052,0,1.000000000,1.000000000
2053,0,0.302292189,0.080000000
2054,0,1.000000000,1.000000000
2055,0,0.302292189,0.080000000
2056,0,1.012773762,1.001377513
2057,0,0.303367094,0.080344681
2058,0,1.000000000,1.000000000
2059,0,1.870950594,1.200000000
2060,0,1.138751800,1.022289157
2061,0,0.319766260,0.085651291
2062,0,1.000000000,1.000000000
2063,0,1.500000000,2.000000000
2064,0,1.220308818,1.039361702
2065,0,1.095770152,0.441173678
2066,0,1.057966617,1.007906550
2067,0,1.036955922,2.000000000
2068,0,1.053748084,1.007207897
2069,0,0.307916089,0.081807427
2070,0,1.013053980,1.001413294
2071,0,0.303393660,0.080353160
2072,0,1.060432473,1.008263738
2073,0,-0.000000000,0.000000000
2074,0,1.000000000,1.000000000
2075,0,1.021928095,2.000000000
2076,0,1.052690404,1.007034221
2077,0,0.307787926,0.081766365
2078,0,1.013047487,1.001412456
2079,0,-0.000000000,0.000000000
2080,0,1.000000000,1.000000000
2081,0,-0.000000000,0.000000000
2082,0,1.000000000,1.000000000
2083,0,1.870950594,2.000000000
2084,0,1.532052555,3.000000000
2085,0,1.847974610,2.045577131
2086,0,1.895488378,1.266219590
2087,0,-0.000000000,0.000000000
2088,0,1.000000000,1.000000000
2089,0,0.302292189,0.080000000
2090,0,1.000000000,1.000000000
2091,0,1.870950594,1.200000000
2092,0,1.138751800,1.022289157
2093,0,-0.000000000,0.000000000
2094,0,1.000000000,1.000000000
2095,0,1.021928095,1.800000000
2096,0,1.000000000,1.000000000
2097,0,-0.000000000,0.000000000
2098,0,1.000000000,1.000000000
2099,0,-0.000000000,0.000000000
2100,0,1.000000000,1.000000000
2101,0,1.021928095,0.400000000
2102,0,1.052690404,1.007034221
2103,0,0.307787926,0.081766365
2104,0,1.013047487,1.001412456
2105,0,1.873521637,1.202408815
2106,0,1.000000000,1.000000000
2107,0,0.302292189,0.080000000
2108,0,1.012773762,1.001377513
2109,0,1.873460820,2.000069790
2110,0,1.139115243,1.022365420
2111,0,0.319821438,0.085668902
2112,0,1.013649811,1.001489836
2113,0,0.303450402,0.080371271
2114,0,1.012831441,1.001384869
2115,0,0.303372554,0.080346423
2116,0,1.012827516,1.001384366
2117,0,-0.000000000,0.000000000
2118,0,1.000000000,1.000000000
2119,0,1.500000000,2.000000000
2120,0,2.473808192,1.693750000
2121,0,2.042035234,2.018861607
2122,0,1.232798602,1.043757961
2123,0,0.335133780,0.090655515
2124,0,1.000000000,1.000000000
2125,0,0.302292189,0.080000000
2126,0,1.000000000,1.000000000
2127,0,-0.000000000,0.000000000
2128,0,1.000000000,1.000000000
2129,0,-0.000000000,0.000000000
2130,0,1.000000000,1.000000000
2131,0,0.302292189,0.080000000
2132,0,1.000000000,1.000000000
2133,0,1.021928095,1.800000000
2134,0,1.052690404,1.007034221
2135,0,1.035378563,1.797703404
2136,0,1.231864424,1.988761300
2137,0,1.930093964,1.394484966
2138,0,1.564311051,1.966182213
2139,0,1.259114937,1.756860959
2140,0,1.297230772,1.058141597
2141,0,1.948502950,1.291208803
2142,0,1.152546564,1.025245754
2143,0,1.069183163,0.426025119
2144,0,1.241398303,1.044267703
2145,0,1.104428087,0.446112798
2146,0,1.000000000,1.000000000
2147,0,0.302292189,0.080000000
2148,0,1.012773762,1.001377513
2149,0,-0.000000000,0.000000000
2150,0,1.000000000,1.000000000
2151,0,-0.000000000,0.000000000
2152,0,1.000000000,1.000000000
2153,0,1.870950594,2.000000000
2154,0,1.138751800,1.022289157
2155,0,1.605473788,2.010596940
2156,0,1.801181025,1.221288218
2157,0,0.483591303,0.143365287
2158,0,1.103312856,1.016283553
2159,0,-0.000000000,0.000000000
2160,0,1.000000000,1.000000000
2161,0,0.302292189,0.080000000
2162,0,1.000000000,1.000000000
2163,0,0.302292189,0.080000000
2164,0,1.000000000,1.000000000
2165,0,-0.000000000,0.000000000
2166,0,1.000000000,1.000000000
2167,0,1.021928095,0.400000000
2168,0,1.304143557,1.016666667
2169,0,-0.000000000,0.000000000
2170,0,1.000000000,1.000000000
2171,0,1.009051350,1.491208791
2172,0,-0.000000000,0.000000000
2173,0,1.000000000,1.000000000
2174,0,1.043822281,1.970212766
2175,0,2.025784602,1.428692234
2176,0,2.413312330,1.955550210
2177,0,2.630336333,2.240549241
2178,0,2.555159762,2.636940288
2179,0,2.523930202,2.456033966
2180,0,2.328197591,2.347533468
2181,0,2.409582903,2.913352620
2182,0,1.335570901,1.804337244
2183,0,1.397159130,1.363535152
2184,0,2.668408015,2.330346038
2185,0,1.783610552,1.955569391
2186,0,0.971732599,0.545620832
2187,0,1.559485068,1.216086690
2188,0,1.596058650,1.000273898
2189,0,1.633239781,2.394049050
2190,0,1.820673022,1.139707438
2191,0,1.177077451,1.016540539
2192,0,1.178395640,1.496218211
2193,0,0.004383796,0.002703219
2194,0,1.575334391,1.202094995
2195,0,0.627054502,0.313005674
2196,0,0.896908437,0.726967066
2197,0,0.097046412,0.028297824
2198,0,0.098284002,0.049981865
2199,0,0.024843433,0.006895042
2200,0,0.308486910,0.091001410
2201,0,0.035423198,0.007042513
2202,0,0.924397677,0.400416593
2203,0,0.332520409,0.122347069
2204,0,0.622978105,0.310300406
2205,0,0.427050965,0.140706145
2206,0,1.595968209,1.212996457
2207,0,1.456424020,1.028011462
2208,0,1.615865738,1.008655775
2209,0,0.955087357,0.565648517
2210,0,1.388559498,1.352721901
2211,0,1.170342059,0.810529273
2212,0,0.891211812,0.495861248
2213,0,1.461086440,0.617184483
2214,0,1.941261798,1.451677548
2215,0,1.631013842,1.632137730
2216,0,1.532370708,1.870594165
2217,0,2.011658548,1.393653847
2218,0,1.755505967,0.883401200
2219,0,0.764622156,0.394713902
2220,0,0.798989880,0.303732392
2221,0,0.679068332,0.228315009
2222,0,1.226456868,0.518942621
2223,0,0.179837191,0.055105364
2224,0,0.312671770,1.972836181
2225,0,1.519124768,1.758216301
2226,0,2.005552462,1.255350335
2227,0,1.434069480,0.774970818
2228,0,0.663214383,0.312838518
2229,0,0.641620997,0.309774172
2230,0,0.964279812,0.440527032
2231,0,1.392829174,0.968881195
2232,0,1.078685022,0.458890880
2233,0,0.646996965,0.256874388
2234,0,-0.000000000,0.000000000
2235,0,1.000000000,1.000000000
2236,0,-0.000000000,0.000000000
2237,0,1.000000000,1.000000000
2238,0,1.870950594,1.200000000
2239,0,1.375791478,1.110980392
2240,0,1.221108297,1.796667251
2241,0,1.045951353,1.018789393
2242,0,0.051801839,0.035096213
2243,0,1.021549388,1.008612660
2244,0,0.009217909,0.006271118
2245,0,1.007385483,1.005827675
2246,0,1.529824056,1.022665387
2247,0,1.175136346,1.074770261
2248,0,0.359937833,0.118681815
2249,0,1.037091514,1.023052148
2250,0,0.310825996,0.085609650
2251,0,1.010036724,1.002540873
2252,0,1.023827624,1.799800303
2253,0,1.160384526,1.027125805
2254,0,-0.000000000,0.000000000
2255,0,1.000000000,1.000000000
2256,0,1.021928095,0.400000000
2257,0,1.036488422,1.000809672
2258,0,0.306136756,0.081216458
2259,0,0.999999444,0.999122405
2260,0,1.021928039,1.800000000
2261,0,0.999984620,0.995382475
2262,0,0.302291881,0.080000000
2263,0,1.008869685,1.002060221
2264,0,0.303048983,1.959940359
2265,0,1.042137616,1.005425645
2266,0,0.306840217,0.081439775
2267,0,1.009063187,1.000281736
2268,0,0.303067374,0.080244810
2269,0,1.008907723,1.000169361
2270,0,-0.000000000,0.000000000
2271,0,1.000000000,1.000000000
2272,0,1.870950594,1.200000000
2273,0,1.375791478,1.110980392
2274,0,-0.000000000,0.000000000
2275,0,1.000000000,1.000000000
2276,0,0.302292189,0.080000000
2277,0,1.008877014,1.000159612
2278,0,-0.000000000,0.000000000
2279,0,1.000000000,1.000000000
2280,0,0.302292189,2.000000000
2281,0,1.042002482,1.005398693
2282,0,0.306823294,0.081434444
2283,0,1.009062471,1.000281248
2284,0,0.303067306,0.080244789
2285,0,0.999999432,0.999112516
2286,0,-0.000000000,0.000000000
2287,0,1.000000000,1.000000000
2288,0,1.500000000,2.000000000
2289,0,0.999553063,0.975109810
2290,0,0.302283250,0.080000000
2291,0,0.999998753,0.998685135
2292,0,-0.000000000,0.000000000
2293,0,1.000000000,1.000000000
2294,0,0.302292189,0.080000000
2295,0,1.008877014,1.000159612
2296,0,1.023819627,0.400996265
2297,0,1.160382413,1.027124214
2298,0,-0.000000000,0.000000000
2299,0,1.000000000,1.000000000
2300,0,0.302292189,0.080000000
2301,0,1.008877014,1.000159612
2302,0,0.303049604,0.080239223
2303,0,1.182554477,1.036215551
2304,0,-0.000000000,0.000000000
2305,0,1.000000000,1.000000000
2306,0,1.021928095,0.400000000
2307,0,1.159955911,1.036993464
2308,0,-0.000000000,0.000000000
2309,0,1.000000000,1.000000000
2310,0,-0.000000000,0.000000000
2311,0,1.000000000,1.000000000
2312,0,1.021928095,0.400000000
2313,0,0.999985120,0.995458189
2314,0,1.021926607,0.400000000
2315,0,0.999982442,0.995066357
2316,0,1.021926339,0.400000000
2317,0,0.999982200,1.004967446
2318,0,0.302291833,0.080000000
2319,0,1.041967496,1.007489211
2320,0,1.881292803,1.209646221
2321,0,1.380480983,1.110956606
2322,0,-0.000000000,0.000000000
2323,0,1.000000000,1.000000000
2324,0,1.021928095,0.400000000
2325,0,0.999985120,1.004541811
2326,0,1.499992560,1.000000000
2327,0,1.148289445,1.056314858
2328,0,1.616617483,2.002454808
2329,0,1.583784882,1.944813165
2330,0,2.031536315,1.902725637
2331,0,1.126180533,0.996514889
2332,0,1.906071056,1.963674867
2333,0,0.999998000,0.998335034
2334,0,-0.000000000,0.000000000
2335,0,1.000000000,1.000000000
2336,0,0.302292189,0.080000000
2337,0,1.008877014,1.001980934
2338,0,0.303049604,0.080239223
2339,0,1.008906805,1.001982179
2340,0,-0.000000000,0.000000000
2341,0,1.000000000,1.000000000
2342,0,1.500000000,1.000000000
2343,0,2.186282674,1.650212766
2344,0,1.791155900,1.015613740
2345,0,1.096547197,0.962643255
2346,0,0.314626303,0.083939830
2347,0,1.193071312,1.041255098
2348,0,1.091415362,0.437761340
2349,0,1.040701579,1.006098343
2350,0,0.306649545,0.081378730
2351,0,1.009058100,1.000303292
2352,0,-0.000000000,0.000000000
2353,0,1.000000000,1.000000000
2354,0,1.870950594,1.400000000
2355,0,1.375791478,1.080980392
2356,0,1.980480822,2.061840216
2357,0,1.113466868,1.029453012
2358,0,1.058329963,0.419432547
2359,0,0.999997973,1.001676171
2360,0,-0.000000000,0.000000000
2361,0,1.000000000,1.000000000
2362,0,1.870950594,1.400000000
2363,0,1.094879386,1.031284530
2364,0,-0.000000000,0.000000000
2365,0,1.000000000,1.000000000
2366,0,-0.000000000,0.000000000
2367,0,1.000000000,1.000000000
2368,0,0.302292189,0.080000000
2369,0,1.042002482,1.005398693
2370,0,0.306823294,0.081434444
2371,0,1.042847139,1.005659921
2372,0,1.033458467,0.406097176
2373,0,1.037162095,1.001455088
2374,0,0.306218047,2.000113315
2375,0,0.999999460,0.999134445
2376,0,1.021928041,0.400000000
2377,0,1.036482523,1.000733127
2378,0,1.031495845,0.405054921
2379,0,1.037019552,1.010065667
2380,0,-0.000000000,0.000000000
2381,0,1.000000000,1.000000000
2382,0,1.870950594,1.200000000
2383,0,1.094879386,1.002520718
2384,0,-0.000000000,0.000000000
2385,0,1.000000000,1.000000000
2386,0,1.021928095,0.400000000
2387,0,0.999985120,1.004541811
2388,0,0.302291891,0.080000000
2389,0,1.041970498,1.007481455
2390,0,1.033187859,1.998653303
2391,0,1.493039197,1.504463284
2392,0,1.522051032,1.576551402
2393,0,1.169414655,0.872372966
2394,0,1.086076369,0.436394712
2395,0,0.999823295,0.984348977
2396,0,0.302288655,0.080000000
2397,0,1.042112046,1.005708235
2398,0,0.306835746,0.081438690
2399,0,1.009063802,1.000291998
2400,0,-0.000000000,0.000000000
2401,0,1.000000000,1.000000000
2402,0,1.021928095,0.400000000
2403,0,0.999985120,0.995458189
2404,0,0.302291891,0.080000000
2405,0,1.041970498,1.007481455
2406,0,-0.000000000,0.000000000
2407,0,1.000000000,1.000000000
2408,0,1.870950594,1.400000000
2409,0,0.999853521,0.985750210
2410,0,-0.000000000,0.000000000
2411,0,1.000000000,1.000000000
2412,0,1.021928095,1.800000000
2413,0,1.036488422,1.000809672
2414,0,1.879816967,1.401087312
2415,0,2.020809894,1.423721681
2416,0,0.648833822,0.209939820
2417,0,1.425946662,1.130297068
2418,0,-0.000000000,0.000000000
2419,0,1.000000000,1.000000000
2420,0,1.021928095,0.400000000
2421,0,1.575319280,1.180401417
2422,0,1.873616721,1.258974152
2423,0,1.210407424,1.089444569
2424,0,1.098742558,0.441905773
2425,0,1.180195263,1.042271033
2426,0,-0.000000000,0.000000000
2427,0,1.000000000,1.000000000
2428,0,0.302292189,0.080000000
2429,0,1.042002482,1.005398693
2430,0,-0.000000000,0.000000000
2431,0,1.000000000,1.000000000
2432,0,0.302292189,0.080000000
2433,0,1.042002482,1.007398693
2434,0,1.881299887,1.209655755
2435,0,1.096281861,1.004470838
2436,0,0.314485570,0.083876334
2437,0,1.009361693,1.000315519
2438,0,-0.000000000,0.000000000
2439,0,1.000000000,1.000000000
2440,0,1.021928095,0.400000000
2441,0,0.999985120,1.004541811
2442,0,-0.000000000,0.000000000
2443,0,1.000000000,1.000000000
2444,0,0.302292189,1.960000000
2445,0,0.999999425,1.000892716
2446,0,1.499999713,2.000892716
2447,0,2.186260874,1.650616428
2448,0,0.830173050,0.293411963
2449,0,0.999836002,0.984922181
2450,0,-0.000000000,0.000000000
2451,0,1.000000000,1.000000000
2452,0,0.302292189,0.080000000
2453,0,0.999999425,1.000892716
2454,0,1.499999713,2.000892716
2455,0,1.148446515,1.054604953
2456,0,1.913014737,1.405716983
2457,0,1.395446027,1.116156009
2458,0,0.375992699,0.104260170
2459,0,1.055937748,1.008219911
2460,0,1.037647282,0.408308222
2461,0,1.163774002,1.036884863
2462,0,-0.000000000,0.000000000
2463,0,1.000000000,1.000000000
2464,0,1.021928095,0.400000000
2465,0,1.162599162,1.052701213
2466,0,0.464816686,0.173645196
2467,0,1.191850631,1.074387043
2468,0,0.449958220,0.162107736
2469,0,1.091406467,1.020458794
2470,0,0.319240419,0.085759670
2471,0,1.008009543,1.002829834
2472,0,1.030391843,2.001479594
2473,0,1.168182555,2.995700750
2474,0,1.085226172,1.995241164
2475,0,1.004590738,1.003933898
2476,0,1.876092321,1.202507014
2477,0,1.096945258,1.032823803
2478,0,0.314763199,0.084057005
2479,0,0.999999470,0.999143002
2480,0,0.302292178,0.080000000
2481,0,1.008875655,1.000144672
2482,0,1.023819359,0.400996104
2483,0,1.036593184,1.000844835
2484,0,1.031529016,0.405072348
2485,0,0.999985703,1.004452012
2486,0,0.302291903,0.080000000
2487,0,1.041971131,1.005310642
2488,0,-0.000000000,0.000000000
2489,0,1.000000000,1.000000000
2490,0,1.021928095,0.400000000
2491,0,1.036488422,1.000809672
2492,0,0.306136756,0.081216458
2493,0,1.042692534,1.005545415
2494,0,-0.000000000,0.000000000
2495,0,1.000000000,1.000000000
2496,0,0.302292189,0.080000000
2497,0,1.042002482,1.007398693
2498,0,-0.000000000,0.000000000
2499,0,1.000000000,1.000000000
2500,0,-0.000000000,0.000000000
2501,0,1.000000000,1.000000000
2502,0,0.302292189,0.080000000
2503,0,1.008877014,1.000159612
2504,0,1.023819627,0.400996265
2505,0,0.999985232,0.995475322
2506,0,1.021926618,1.800000000
2507,0,1.159841696,1.989441926
2508,0,1.077298247,1.993250593
2509,0,1.173103512,1.988416625
2510,0,1.635140734,1.973017456
2511,0,1.166201604,1.040655707
2512,0,-0.000000000,0.000000000
2513,0,1.000000000,1.000000000
2514,0,1.870950594,1.200000000
2515,0,1.094879386,1.002520718
2516,0,-0.000000000,0.000000000
2517,0,1.000000000,1.000000000
2518,0,0.302292189,0.080000000
2519,0,1.182011943,1.039109291
2520,0,0.329017551,0.088574631
2521,0,1.047030739,1.007048114
2522,0,1.034771280,0.406789825
2523,0,0.999989205,0.996131476
2524,0,-0.000000000,0.000000000
2525,0,1.000000000,1.000000000
2526,0,-0.000000000,0.000000000
2527,0,1.000000000,1.000000000
2528,0,-0.000000000,0.000000000
2529,0,1.000000000,1.000000000
2530,0,0.302292189,0.080000000
2531,0,1.008877014,1.001980934
2532,0,-0.000000000,0.000000000
2533,0,1.000000000,1.000000000
2534,0,1.021928095,0.400000000
2535,0,0.999985120,0.995458189
2536,0,0.302291891,0.080000000
2537,0,1.008869806,1.000080436
2538,0,0.303048994,0.080239017
2539,0,1.042137628,1.007422550
2540,0,-0.000000000,0.000000000
2541,0,1.000000000,1.000000000
2542,0,1.870950594,1.400000000
2543,0,1.375791478,1.110980392
2544,0,1.181696492,0.490099053
2545,0,1.198743656,1.039216249
2546,0,-0.000000000,0.000000000
2547,0,1.000000000,1.000000000
2548,0,0.302292189,0.080000000
2549,0,0.999999425,0.999107284
2550,0,1.021928037,0.400000000
2551,0,1.036482338,1.010126534
2552,0,-0.000000000,0.000000000
2553,0,1.000000000,1.000000000
2554,0,-0.000000000,0.000000000
2555,0,1.000000000,1.000000000
2556,0,0.302292189,0.080000000
2557,0,1.042002482,1.005398693
2558,0,1.033196137,0.405959040
2559,0,1.037145118,1.009672014
2560,0,-0.000000000,0.000000000
2561,0,1.000000000,1.000000000
2562,0,-0.000000000,0.000000000
2563,0,1.000000000,1.000000000
2564,0,1.021928095,2.000000000
2565,0,0.999985120,1.004541811
2566,0,1.021926607,0.400000000
2567,0,1.137977917,1.049759973
2568,0,1.134739098,0.458234635
2569,0,1.282699768,1.088941497
2570,0,0.203152284,0.124705634
2571,0,1.055182856,1.018882776
2572,0,1.077630209,0.425196394
2573,0,1.266778807,1.021829462
2574,0,1.495827951,1.137025998
2575,0,1.238079192,0.679124215
2576,0,0.970346956,0.393409344
2577,0,0.541542225,0.203418364
2578,0,0.400170194,0.129908848
2579,0,1.094590571,1.000491910
2580,0,1.112462598,1.494243370
2581,0,0.912640177,1.746014151
2582,0,0.730982156,0.256405517
2583,0,0.290163056,0.100310865
2584,0,1.701659338,1.464013720
2585,0,1.552336837,1.126360662
2586,0,0.885425874,0.606830797
2587,0,1.442712937,1.000000000
2588,0,1.194286452,1.223816616
2589,0,0.332596532,0.090089391
2590,0,1.014299628,0.997744221
2591,0,0.303515096,0.080392024
2592,0,0.999999996,0.999923797
2593,0,-0.000000000,0.000000000
2594,0,1.000000000,1.000000000
2595,0,-0.000000000,0.000000000
2596,0,1.000000000,1.000000000
2597,0,1.021928095,0.400000000
2598,0,1.052690404,1.007034221
2599,0,0.307787926,0.081766365
2600,0,1.061422809,1.008429735
2601,0,0.308872313,0.082115836
2602,0,1.013101689,1.001419396
2603,0,0.303398192,0.080354606
2604,0,1.000000000,1.000000000
2605,0,1.870950594,2.000000000
2606,0,2.305215896,3.000000000
2607,0,2.129487735,2.592925659
2608,0,2.041697094,1.954599411
2609,0,2.790777064,2.399594594
2610,0,0.999996148,1.002310721
2611,0,1.021927710,0.400000000
2612,0,1.228118132,1.041319076
2613,0,0.334665507,0.090549664
2614,0,1.014397000,1.001594307
2615,0,1.024953970,0.401641094
2616,0,1.228960731,1.041308616
2617,0,0.334814025,0.090598574
2618,0,1.285729975,1.054852472
2619,0,-0.000000000,0.000000000
2620,0,1.000000000,1.000000000
2621,0,0.302292189,0.080000000
2622,0,1.060184319,1.008222222
2623,0,1.884579970,1.213921204
2624,0,1.140850104,1.022730927
2625,0,1.064920241,0.423687946
2626,0,1.055736920,1.007535459
2627,0,0.308158561,0.081885140
2628,0,1.013066259,1.001414867
2629,0,0.303394824,0.080353531
2630,0,1.060432739,1.008263783
2631,0,1.037714582,0.408613416
2632,0,1.053800225,1.007216298
2633,0,0.308778826,0.082024080
2634,0,1.062294597,1.008678496
2635,0,1.038581193,0.408992629
2636,0,1.000406756,1.000113649
2637,0,1.022259728,0.400157755
2638,0,1.000000000,1.000001328
2639,0,1.870950594,1.200000000
2640,0,1.138751800,1.022288804
2641,0,1.064163411,0.423273040
2642,0,1.239942264,1.043913708
2643,0,-0.000000000,0.000000000
2644,0,1.000000000,1.000000000
2645,0,1.021928095,0.400000000
2646,0,1.228118215,1.041111111
2647,0,1.098973413,0.443011606
2648,0,1.249825024,1.046290602
2649,0,1.107933826,0.448115543
2650,0,1.058866413,1.008058086
2651,0,-0.000000000,0.000000000
2652,0,1.000000000,1.000000000
2653,0,1.021928095,0.400000000
2654,0,1.000000000,1.000000000
2655,0,1.021928095,0.400000000
2656,0,1.228118215,1.041111111
2657,0,0.334665510,0.090549664
2658,0,1.000000000,1.000000000
2659,0,1.021928095,0.400000000
2660,0,1.000000000,1.000000000
2661,0,1.870950594,1.400000000
2662,0,1.532052555,1.123333333
2663,0,-0.000000000,0.000000000
2664,0,1.000000000,1.000000000
2665,0,1.021928095,0.400000000
2666,0,1.228118215,1.041111111
2667,0,-0.000000000,0.000000000
2668,0,1.000000000,1.000000000
2669,0,-0.000000000,0.000000000
2670,0,1.000000000,1.000000000
2671,0,1.021928095,2.000000000
2672,0,1.000000000,1.000000000
2673,0,1.021928095,0.400000000
2674,0,1.052690404,1.007034221
2675,0,1.540702475,1.012017043
2676,0,1.775394135,1.944791063
2677,0,2.051366848,2.008642186
2678,0,1.181318844,1.031684025
2679,0,-0.000000000,0.000000000
2680,0,1.000000000,1.000000000
2681,0,0.302292189,0.080000000
2682,0,1.012773762,1.001377513
2683,0,-0.000000000,0.000000000
2684,0,1.000000000,1.000000000
2685,0,0.302292189,0.080000000
2686,0,1.000000000,1.000000000
2687,0,0.302292189,0.080000000
2688,0,1.000000000,1.000000000
2689,0,1.500000000,2.000000000
2690,0,1.764492375,1.205555556
2691,0,1.373220565,1.731448763
2692,0,1.000000000,1.000000000
2693,0,1.021928095,2.000000000
2694,0,1.228118215,1.041111111
2695,0,1.098973413,2.000000000
2696,0,1.058200532,1.007945613
2697,0,-0.000000000,0.000000000
2698,0,1.000000000,1.000000000
2699,0,-0.000000000,0.000000000
2700,0,1.000000000,1.000000000
2701,0,1.021928095,0.400000000
2702,0,1.052690404,1.007034221
2703,0,-0.000000000,0.000000000
2704,0,1.000000000,1.000000000
2705,0,1.021928095,0.400000000
2706,0,1.228118215,1.041111111
2707,0,0.379313034,0.110432776
2708,0,1.114730082,1.032548487
2709,0,1.090490185,0.437133497
2710,0,1.280292424,1.062783439
2711,0,1.990483003,1.430757065
2712,0,1.168753868,1.033999032
2713,0,0.343727910,0.103276336
2714,0,1.073499757,1.088602588
2715,0,1.102468645,0.485202484
2716,0,1.803073791,1.225559163
2717,0,0.504451850,0.154567008
2718,0,1.008204639,1.005914603
2719,0,1.022683937,0.400357768
2720,0,1.743216346,1.218278664
2721,0,0.612617775,0.227053911
2722,0,1.149063640,1.049501852
2723,0,1.573701892,1.018221902
2724,0,1.233939696,1.044511447
2725,0,0.334357445,0.090442319
2726,0,1.067446993,1.009498675
2727,0,-0.000000000,0.000000000
2728,0,1.000000000,1.000000000
2729,0,0.302292189,0.080000000
2730,0,1.048419662,1.009171844
2731,0,0.345736289,0.098657856
2732,0,1.094560062,1.016960729
2733,0,1.085622090,0.428223678
2734,0,1.332020811,1.084535770
2735,0,0.507241404,0.193246165
2736,0,1.239758667,1.127150248
2737,0,0.465356962,0.207872829
2738,0,1.150720169,1.100255733
2739,0,0.333466952,0.096242313
2740,0,1.027676750,1.015329513
2741,0,0.089182340,0.076154059
2742,0,1.032399545,1.021724497
2743,0,1.876664219,1.202514749
2744,0,1.699451334,1.234581208
2745,0,-0.000000000,0.000000000
2746,0,1.000000000,1.000000000
2747,0,0.302292189,0.080000000
2748,0,1.012773762,1.001377513
2749,0,1.512665689,2.002303925
2750,0,1.430534046,1.229053305
2751,0,0.570901610,0.537256103
2752,0,1.046489327,1.015418129
2753,0,1.419827022,0.731808317
2754,0,1.102965728,0.458446221
2755,0,1.185781087,1.109886923
2756,0,1.762021246,2.067147699
2757,0,1.182494131,3.024022965
2758,0,1.633485015,1.980392072
2759,0,2.042280637,2.598841336
2760,0,0.055216341,0.012627471
2761,0,0.314990172,0.086696990
2762,0,0.319318074,0.093343857
2763,0,0.999711910,1.019983779
2764,0,1.870864167,1.200000000
2765,0,1.095288856,1.008024350
2766,0,0.314325440,0.083826845
2767,0,0.999999612,0.999266386
2768,0,1.870950478,1.200000000
2769,0,1.375749559,1.111180913
2770,0,1.181682202,0.490086414
2771,0,0.999994261,1.002820553
2772,0,-0.000000000,0.000000000
2773,0,1.000000000,1.000000000
2774,0,0.302292189,0.080000000
2775,0,0.999999425,1.000892716
2776,0,-0.000000000,0.000000000
2777,0,1.000000000,1.000000000
2778,0,1.500000000,1.000000000
2779,0,2.186282674,1.791914894
2780,0,2.043266410,1.474088140
2781,0,1.165292334,0.937712022
2782,0,1.080542721,0.432234176
2783,0,1.040757299,0.997476260
2784,0,1.032763896,1.996283724
2785,0,1.037198992,1.008646437
2786,0,1.529348474,1.998119199
2787,0,2.203283016,1.792754199
2788,0,2.091281640,1.522268184
2789,0,1.001964584,0.886687732
2790,0,0.315555021,0.089553478
2791,0,1.019595752,1.006743285
2792,0,1.034974966,0.409369184
2793,0,1.045656494,1.008449062
2794,0,1.902477394,1.227294467
2795,0,1.019408038,1.028430989
2796,0,0.329335369,0.102385797
2797,0,1.010156964,1.000549978
2798,0,0.303802844,0.080545684
2799,0,1.009221332,1.000253207
2800,0,0.303543510,0.080385013
2801,0,1.066965977,1.012864042
2802,0,0.348831870,0.099648819
2803,0,1.031233143,1.011948845
2804,0,1.533057494,1.010976940
2805,0,0.999536383,1.025350356
2806,0,0.302282917,0.080000000
2807,0,0.999998738,1.001322669
2808,0,1.021927969,0.400000000
2809,0,1.159922585,1.026862667
2810,0,1.916238187,1.246931481
2811,0,1.398335620,1.097588497
2812,0,0.376664926,0.104505047
2813,0,0.999999284,1.000996050
2814,0,1.021928023,0.400000000
2815,0,0.999985678,1.004455878
2816,0,1.499992839,2.004455878
2817,0,1.543258506,1.186997220
2818,0,0.418624602,0.119170406
2819,0,0.999998181,0.998412127
2820,0,0.302292153,0.080000000
2821,0,1.008879529,1.001953669
2822,0,1.506837076,1.999967567
2823,0,1.545263139,1.185438656
2824,0,0.419188926,0.119377779
2825,0,0.999997930,0.998306066
2826,0,1.021927888,0.400000000
2827,0,1.159998518,1.027160975
2828,0,-0.000000000,0.000000000
2829,0,1.000000000,1.000000000
2830,0,-0.000000000,0.000000000
2831,0,1.000000000,1.000000000
2832,0,0.302292189,0.080000000
2833,0,1.008877014,1.000159612
2834,0,1.024744329,0.401191463
2835,0,1.163350161,1.049523449
2836,0,0.465455618,0.174055745
2837,0,1.112890568,1.041951379
2838,0,1.111899417,2.046872447
2839,0,1.093714059,1.036057949
2840,0,0.344427707,0.098521608
2841,0,1.070386911,1.016365160
2842,0,-0.000000000,0.000000000
2843,0,1.000000000,1.000000000
2844,0,0.302292189,0.080000000
2845,0,0.999999425,1.000892716
2846,0,1.021928037,0.400000000
2847,0,1.575262361,1.180504989
2848,0,0.428756847,0.122835242
2849,0,1.066098384,1.013626182
2850,0,1.041038726,0.410110179
2851,0,1.164672889,1.036632162
2852,0,-0.000000000,0.000000000
2853,0,1.000000000,1.000000000
2854,0,1.021928095,0.400000000
2855,0,0.999985120,0.995458189
2856,0,-0.000000000,0.000000000
2857,0,1.000000000,1.000000000
2858,0,-0.000000000,0.000000000
2859,0,1.000000000,1.000000000
2860,0,0.302292189,0.080000000
2861,0,1.008877014,1.001980934
2862,0,1.872828063,1.201624684
2863,0,0.999854966,1.014179320
2864,0,1.021913591,0.400000000
2865,0,0.999976025,0.994234964
2866,0,0.302291710,0.080000000
2867,0,1.041961869,1.005284673
2868,0,0.306818704,0.081432880
2869,0,1.009061980,1.000277288
2870,0,0.303067263,0.080244774
2871,0,1.008907711,1.000169270
2872,0,0.303252863,0.080280929
2873,0,1.008942279,1.000167443
2874,0,1.023829180,2.000083762
2875,0,1.160384840,3.004823373
2876,0,1.625070721,4.039978928
2877,0,1.653387647,4.008349059
2878,0,2.493241219,5.026690312
2879,0,3.173748856,5.479010017
2880,0,2.720597303,4.512234631
2881,0,2.102953580,3.730954423
2882,0,1.748351799,2.605090828
2883,0,0.958876618,1.237624379
2884,0,-0.000000000,0.000000000
2885,0,1.000000000,1.000000000
2886,0,0.302292189,2.000000000
2887,0,0.999999425,0.999107284
2888,0,0.302292178,0.080000000
2889,0,1.008875599,1.000144049
2890,0,1.506832928,2.001093934
2891,0,1.149037676,1.004670118
2892,0,0.323190667,0.086676991
2893,0,0.999999534,1.000803976
2894,0,0.302292180,0.080000000
2895,0,1.041996826,1.007413343
2896,0,0.306822654,0.081434226
2897,0,1.009062402,1.000280695
2898,0,-0.000000000,0.000000000
2899,0,1.000000000,1.000000000
2900,0,1.870950594,1.200000000
2901,0,1.094879386,1.031284530
2902,0,1.051507921,0.415755879
2903,0,0.999986844,1.004270557
2904,0,-0.000000000,0.000000000
2905,0,1.000000000,1.000000000
2906,0,0.302292189,0.080000000
2907,0,0.999999425,1.000892716
2908,0,1.021928037,0.400000000
2909,0,1.036482338,1.000730725
2910,0,-0.000000000,0.000000000
2911,0,1.000000000,1.000000000
2912,0,1.021928095,0.400000000
2913,0,1.159955911,1.036993464
2914,0,1.916242722,1.981185016
2915,0,1.101636862,1.024805497
2916,0,-0.000000000,0.000000000
2917,0,1.000000000,1.000000000
2918,0,0.302292189,0.080000000
2919,0,1.008877014,1.001980934
2920,0,-0.000000000,0.000000000
2921,0,1.000000000,1.000000000
2922,0,1.021928095,0.400000000
2923,0,1.159955911,1.036993464
2924,0,1.916242722,1.246943512
2925,0,1.398351899,1.097664530
2926,0,1.193273558,0.497150390
2927,0,0.999982945,0.995137573
2928,0,0.302291848,0.080000000
2929,0,1.042036629,1.005494861
2930,0,1.881306799,2.004648378
2931,0,1.000524472,0.987629956
2932,0,1.022072599,0.400039285
2933,0,1.374990663,1.181660835
2934,0,2.107998709,2.123340366
2935,0,1.723156378,1.351235556
2936,0,1.648416595,1.979190687
2937,0,1.683991439,1.442542517
2938,0,0.755287227,0.527389032
2939,0,1.699520151,2.340564901
2940,0,1.056483466,0.417787204
2941,0,1.067827721,1.016626144
2942,0,0.330615425,0.091488933
2943,0,1.069676354,1.019367947
2944,0,0.956427371,0.397436882
2945,0,0.518885504,0.168328969
2946,0,1.088607382,0.510939620
2947,0,0.016130898,0.002977472
2948,0,0.291593007,0.081526245
2949,0,1.004313437,1.757745222
2950,0,1.606070687,1.026536782
2951,0,1.333310356,0.757892434
2952,0,2.010949870,1.210259506
2953,0,0.888561710,0.359072519
2954,0,0.994844453,1.084490169
2955,0,1.869403930,1.200000000
2956,0,2.304060667,1.528740367
2957,0,2.128164128,2.165142454
2958,0,1.341075149,1.101866348
2959,0,-0.000000000,0.000000000
2960,0,1.000000000,1.000000000
2961,0,1.021928095,0.400000000
2962,0,1.000000000,1.000000000
2963,0,0.302292189,0.080000000
2964,0,1.012773762,1.001377513
2965,0,-0.000000000,0.000000000
2966,0,1.000000000,1.000000000
2967,0,1.021928095,0.400000000
2968,0,1.000000000,1.000000000
2969,0,-0.000000000,0.000000000
2970,0,1.000000000,1.000000000
2971,0,-0.000000000,0.000000000
2972,0,1.000000000,1.000000000
2973,0,1.021928095,0.400000000
2974,0,1.052690404,1.007034221
2975,0,0.307787926,0.081766365
2976,0,1.013047487,1.001412456
2977,0,0.303597944,0.080394798
2978,0,1.012864832,1.001384848
2979,0,-0.000000000,0.000000000
2980,0,1.000000000,1.000000000
2981,0,1.021928095,0.400000000
2982,0,1.052690404,1.007034221
2983,0,0.308622511,0.081974652
2984,0,1.040462892,1.008499660
2985,0,1.022749076,1.492815931
2986,0,1.536727549,1.029747563
2987,0,0.493424387,0.164873664
2988,0,1.038772990,0.992141182
2989,0,0.307321156,0.081858587
2990,0,1.063193528,1.009932201
2991,0,1.043275559,0.410280529
2992,0,1.184775787,1.048363108
2993,0,1.452818155,0.742803004
2994,0,1.108880122,0.575643931
2995,0,1.147305983,1.000846926
2996,0,1.576025220,1.648942375
2997,0,1.342738690,1.397009694
2998,0,1.361701335,1.985852304
2999,0,1.739972181,0.979255132
3000,0,1.420883682,0.775110527
3001,0,1.978333133,1.459456566
3002,0,1.661382297,1.455261724
3003,0,1.243194276,1.648450833
3004,0,1.022570573,0.451281261
3005,0,1.261144015,0.846643115
3006,0,1.270105290,0.521179343
3007,0,0.332858639,0.122739577
3008,0,1.670808186,1.473643746
3009,0,1.362064873,0.871195877
3010,0,0.378143741,0.106663523
3011,0,1.248542801,1.072323647
3012,0,1.940303096,1.280987114
3013,0,1.419718312,1.136640479
3014,0,2.093269925,1.471836787
3015,0,1.247892725,1.146420261
3016,0,0.471258307,0.213949200
3017,0,1.397689397,1.673820477
3018,0,1.876279717,1.401269849
3019,0,1.308447642,1.157783880
3020,0,0.006049365,0.002947600
3021,0,1.005841195,1.002318629
3022,0,1.877908750,1.402939369
3023,0,1.376894390,1.111307903
3024,0,1.222218140,0.507987703
3025,0,1.817521617,1.281521926
3026,0,1.380650736,0.623184457
3027,0,1.061437034,1.038477240
3028,0,0.309445199,0.082289865
3029,0,1.009267182,1.000967253
3030,0,0.303312150,0.080299316
3031,0,1.044738664,1.010523442
3032,0,1.063057121,0.417040424
3033,0,1.255665074,1.072934973
3034,0,-0.000000000,0.000000000
3035,0,1.000000000,1.000000000
3036,0,-0.000000000,0.000000000
3037,0,1.000000000,1.000000000
3038,0,0.302292189,0.080000000
3039,0,1.044481043,1.009761957
3040,0,-0.000000000,0.000000000
3041,0,1.000000000,1.000000000
3042,0,0.302292189,0.080000000
3043,0,0.999999425,1.000892716
3044,0,1.021928037,0.400000000
3045,0,0.999984611,0.995381171
3046,0,1.021926556,0.400000000
3047,0,1.159839313,1.037414291
3048,0,0.325008118,0.087269241
3049,0,1.046242392,1.007676738
3050,0,0.320356616,0.086170354
3051,0,1.071576026,1.014160843
3052,0,0.353065002,0.101667185
3053,0,1.175307095,1.042307635
3054,0,0.055225780,0.024900246
3055,0,1.013364135,1.002449241
3056,0,0.316944304,1.962492797
3057,0,1.205212077,1.045215232
3058,0,0.080412516,0.038378181
3059,0,1.068126923,1.036567742
3060,0,0.346390609,0.100660572
3061,0,1.069075528,1.000908276
3062,0,1.564931220,1.242977807
3063,0,1.115156080,1.517438716
3064,0,0.585200065,1.721419120
3065,0,1.240201271,2.048099821
3066,0,0.252830256,1.915790709
3067,0,1.055439121,2.154083807
3068,0,0.564027602,0.178976636
3069,0,1.114604524,1.787085876
3070,0,1.332465668,1.744893360
3071,0,1.398054683,1.325406712
3072,0,1.052932145,0.725070169
3073,0,-0.000000000,0.000000000
3074,0,1.000000000,1.000000000
3075,0,-0.000000000,0.000000000
3076,0,1.000000000,1.000000000
3077,0,-0.000000000,0.000000000
3078,0,1.000000000,1.000000000
3079,0,1.500000000,2.000000000
3080,0,1.000000000,1.000000000
3081,0,-0.000000000,0.000000000
3082,0,1.000000000,1.000000000
3083,0,1.870950594,1.200000000
3084,0,1.532052555,1.123333333
3085,0,2.005036854,2.005423620
3086,0,2.397662030,1.586793978
3087,0,1.817379763,1.036367118
3088,0,1.506474933,1.118846000
3089,0,1.227444440,0.519671217
3090,0,0.999999999,0.999967613
3091,0,0.302292189,0.080000000
3092,0,1.012773762,1.001376981
3093,0,0.303367094,0.080344681
3094,0,1.012827240,1.001384342
3095,0,-0.000000000,0.000000000
3096,0,1.000000000,1.000000000
3097,0,1.500000000,1.000000000
3098,0,1.220308818,1.039361702
3099,0,1.926928570,1.394693556
3100,0,1.562609794,1.133791473
3101,0,1.258237519,0.540141665
3102,0,1.000000000,0.999986319
3103,0,0.302292189,0.080000000
3104,0,1.060184319,1.008221976
3105,0,0.308717777,0.082066230
3106,0,1.263040278,1.049215581
3107,0,1.982077328,1.295800372
3108,0,1.204580500,1.050978226
3109,0,-0.000000000,0.000000000
3110,0,1.000000000,1.000000000
3111,0,0.302292189,0.080000000
3112,0,1.000000000,1.000000000
3113,0,-0.000000000,0.000000000
3114,0,1.000000000,1.000000000
3115,0,1.870950594,2.000000000
3116,0,1.138751800,1.022289157
3117,0,-0.000000000,0.000000000
3118,0,1.000000000,1.000000000
3119,0,0.302292189,0.080000000
3120,0,1.012773762,1.001377513
3121,0,1.024571058,1.799550526
3122,0,1.000000000,1.000000000
3123,0,0.302292189,0.080000000
3124,0,1.000000000,1.000000000
3125,0,1.870950594,1.200000000
3126,0,1.138751800,1.022289157
3127,0,0.319766260,0.085651291
3128,0,1.013646706,1.001489339
3129,0,1.873655188,1.399804320
3130,0,1.533279647,1.966647337
3131,0,2.005343045,2.005438867
3132,0,1.166219263,1.028209992
3133,0,-0.000000000,0.000000000
3134,0,1.000000000,1.000000000
3135,0,1.870950594,1.200000000
3136,0,1.138751800,1.022289157
3137,0,0.319766260,0.085651291
3138,0,1.013646706,1.001489339
3139,0,0.303450145,0.080371189
3140,0,1.000000000,1.000000000
3141,0,0.302292189,0.080000000
3142,0,1.000000000,1.000000000
3143,0,-0.000000000,0.000000000
3144,0,1.000000000,1.000000000
3145,0,-0.000000000,0.000000000
3146,0,1.000000000,1.000000000
3147,0,-0.000000000,0.000000000
3148,0,1.000000000,1.000000000
3149,0,-0.000000000,0.000000000
3150,0,1.000000000,1.000000000
3151,0,1.021928095,0.400000000
3152,0,1.228118215,1.041111111
3153,0,1.929031819,1.394469234
3154,0,1.000000000,1.000000000
3155,0,0.302292189,0.080000000
3156,0,1.000000000,1.000000000
3157,0,0.302292189,0.080000000
3158,0,1.012773762,1.001377513
3159,0,0.303367094,0.080344681
3160,0,1.012827240,1.001384331
3161,0,-0.000000000,0.000000000
3162,0,1.000000000,1.000000000
3163,0,1.500000000,1.000000000
3164,0,2.473808192,1.812500000
3165,0,2.180161288,1.990591398
3166,0,1.357010999,1.990645467
3167,0,1.967986331,2.005048586
3168,0,2.370257516,1.561318120
3169,0,2.075381902,2.019055723
3170,0,1.775745988,3.001520609
3171,0,2.057916803,2.010922236
3172,0,1.182206779,1.032660432
3173,0,-0.000000000,0.000000000
3174,0,1.000000000,1.000000000
3175,0,1.021928095,0.400000000
3176,0,1.228118215,1.041111111
3177,0,-0.000000000,0.000000000
3178,0,1.000000000,1.000000000
3179,0,-0.000000000,0.000000000
3180,0,1.000000000,1.000000000
3181,0,1.021928095,0.400000000
3182,0,1.000000000,1.000000000
3183,0,1.870950594,1.400000000
3184,0,1.532052555,1.966666667
3185,0,1.242499492,1.759231462
3186,0,1.000000000,1.000000000
3187,0,0.302292189,0.080000000
3188,0,1.012773762,1.001377513
3189,0,-0.000000000,0.000000000
3190,0,1.000000000,1.000000000
3191,0,-0.000000000,0.000000000
3192,0,1.000000000,1.000000000
3193,0,1.021928095,0.400000000
3194,0,1.000000000,1.000000000
3195,0,0.302292189,0.080000000
3196,0,1.012773762,1.001377513
3197,0,1.509801233,1.002393429
3198,0,1.001112649,1.000237258
3199,0,0.302512510,0.080074915
3200,0,1.012857924,1.001396164
3201,0,1.025554475,0.401648154
3202,0,1.229642222,1.041532010
3203,0,1.099849857,0.443400734
3204,0,1.250351195,1.046435188
3205,0,1.108325392,1.785296609
3206,0,1.252524191,1.046964554
3207,0,0.000097133,0.000041754
3208,0,1.000000000,1.000000000
3209,0,1.500000000,1.000000000
3210,0,1.220308818,1.039361702
3211,0,0.376331043,0.109110665
3212,0,1.084004748,1.019460412
3213,0,0.333637415,0.091160634
3214,0,1.079451867,1.017451059
3215,0,0.105250958,0.024438809
3216,0,0.334959298,0.090988922
3217,0,1.628764997,1.325858574
3218,0,1.495531024,1.023426914
3219,0,1.338461527,1.352428568
3220,0,1.334582761,0.833084601
3221,0,1.117698287,0.535644528
3222,0,0.617026908,0.284975417
3223,0,0.653956117,0.223253427
3224,0,1.203787663,0.504004838
3225,0,0.639286702,0.208632984
3226,0,1.668934914,1.361509442
3227,0,1.049855871,1.360924956
3228,0,0.318264155,0.085958588
3229,0,0.999969798,1.006470595
3230,0,-0.000000000,0.000000000
3231,0,1.000000000,1.000000000
3232,0,0.302292189,0.080000000
3233,0,1.042002482,1.005398693
3234,0,1.033196137,0.405959040
3235,0,0.999988136,1.004055463
3236,0,1.021926908,0.400000000
3237,0,1.159853568,1.026592424
3238,0,1.927041862,1.169907579
3239,0,1.220395417,1.057804787
3240,0,-0.000000000,0.000000000
3241,0,1.000000000,1.000000000
3242,0,1.021928095,0.400000000
3243,0,1.159955911,1.036993464
3244,0,0.325026163,0.087275700
3245,0,1.046251143,1.006723679
3246,0,0.307358636,0.081603674
3247,0,0.999999572,1.000770715
3248,0,1.021928052,2.000154143
3249,0,0.999984681,1.004608304
3250,0,1.021926563,0.400000000
3251,0,0.999982401,1.004939379
3252,0,-0.000000000,0.000000000
3253,0,1.000000000,1.000000000
3254,0,0.302292189,0.080000000
3255,0,1.042002482,1.007398693
3256,0,-0.000000000,0.000000000
3257,0,1.000000000,1.000000000
3258,0,1.021928095,2.000000000
3259,0,1.036488422,1.000809672
3260,0,-0.000000000,0.000000000
3261,0,1.000000000,1.000000000
3262,0,1.021928095,0.400000000
3263,0,0.999985120,0.995458189
3264,0,1.021926607,1.800000000
3265,0,0.999982442,0.995066357
3266,0,1.870945327,1.200000000
3267,0,1.094771298,1.032620653
3268,0,1.896571220,1.225186194
3269,0,1.098255930,1.031370108
3270,0,-0.000000000,0.000000000
3271,0,1.000000000,1.000000000
3272,0,-0.000000000,0.000000000
3273,0,1.000000000,1.000000000
3274,0,1.870950594,2.000000000
3275,0,1.094879386,1.031284530
3276,0,-0.000000000,0.000000000
3277,0,1.000000000,1.000000000
3278,0,-0.000000000,0.000000000
3279,0,1.000000000,1.000000000
3280,0,-0.000000000,0.000000000
3281,0,1.000000000,1.000000000
3282,0,1.870950594,2.000000000
3283,0,2.014604098,3.115430267
3284,0,2.069839029,2.229333156
3285,0,1.152854527,1.106337112
3286,0,-0.000000000,0.000000000
3287,0,1.000000000,1.000000000
3288,0,1.500000000,1.000000000
3289,0,0.999553063,0.975109810
3290,0,-0.000000000,0.000000000
3291,0,1.000000000,1.000000000
3292,0,1.870950594,1.200000000
3293,0,0.999853521,1.014249790
3294,0,-0.000000000,0.000000000
3295,0,1.000000000,1.000000000
3296,0,-0.000000000,0.000000000
3297,0,1.000000000,1.000000000
3298,0,1.021928095,0.400000000
3299,0,1.036488422,1.010048802
3300,0,1.879816967,1.208201663
3301,0,1.095991435,1.003143991
3302,0,-0.000000000,0.000000000
3303,0,1.000000000,1.000000000
3304,0,0.302292189,0.080000000
3305,0,1.008877014,1.000159612
3306,0,0.303049604,0.080239223
3307,0,1.008906805,1.001982179
3308,0,1.872835270,1.201630775
3309,0,2.015860952,1.419223922
3310,0,1.620988558,0.822672570
3311,0,1.324128713,1.118891233
3312,0,-0.000000000,0.000000000
3313,0,1.000000000,1.000000000
3314,0,-0.000000000,0.000000000
3315,0,1.000000000,1.000000000
3316,0,1.870950594,1.400000000
3317,0,1.094879386,1.002520718
3318,0,-0.000000000,0.000000000
3319,0,1.000000000,1.000000000
3320,0,-0.000000000,0.000000000
3321,0,1.000000000,1.000000000
3322,0,1.500000000,1.000000000
3323,0,2.186282674,1.599574468
3324,0,-0.000000000,0.000000000
3325,0,1.000000000,1.000000000
3326,0,0.302292189,0.080000000
3327,0,1.044481043,1.009761957
3328,0,1.062851585,0.416944530
3329,0,1.065977842,1.019734137
3330,0,1.901749870,1.213697241
3331,0,1.792934671,1.365630569
3332,0,1.264236972,0.681430097
3333,0,1.912461303,1.225543591
3334,0,1.752772534,1.609098602
3335,0,1.583381040,1.705341543
3336,0,1.129167233,1.908803884
3337,0,2.041736770,2.108980284
3338,0,0.620713506,0.298253290
3339,0,0.418626394,0.166154375
3340,0,1.144442248,0.459664891
3341,0,2.183417790,1.260909626
3342,0,1.354220726,0.624726113
3343,0,1.893245998,1.415779693
3344,0,1.126487267,1.276552129
3345,0,-0.000000000,0.000000000
3346,0,1.000000000,1.000000000
3347,0,0.302292189,0.080000000
3348,0,1.060184319,1.008222222
3349,0,1.884579970,1.213921204
3350,0,1.140850104,1.022731944
3351,0,-0.000000000,0.000000000
3352,0,1.000000000,1.000000000
3353,0,1.021928095,2.000000000
3354,0,1.052690404,1.007034221
3355,0,-0.000000000,0.000000000
3356,0,1.000000000,1.000000000
3357,0,1.021928095,0.400000000
3358,0,1.052690404,1.007034221
3359,0,-0.000000000,0.000000000
3360,0,1.000000000,1.000000000
3361,0,1.500000000,2.000000000
3362,0,1.000000000,1.000000000
3363,0,0.302292189,0.080000000
3364,0,1.000000000,1.000000000
3365,0,1.021928095,0.400000000
3366,0,1.000000000,1.000000000
3367,0,0.302292189,0.080000000
3368,0,1.060184319,1.008222222
3369,0,0.308717777,0.082066230
3370,0,1.013093875,1.001418389
3371,0,1.873531956,1.202418427
3372,0,1.533221892,1.123727955
3373,0,-0.000000000,0.000000000
3374,0,1.000000000,1.000000000
3375,0,1.021928095,0.400000000
3376,0,1.000000000,1.000000000
3377,0,0.302292189,0.080000000
3378,0,1.000000000,1.000000000
3379,0,-0.000000000,0.000000000
3380,0,1.000000000,1.000000000
3381,0,0.302292189,0.080000000
3382,0,1.012773762,1.001377513
3383,0,0.303367094,2.000000000
3384,0,1.258363482,1.048073651
3385,0,1.111639096,0.450319941
3386,0,1.059130049,1.008101202
3387,0,1.884396923,1.213616691
3388,0,1.140815541,1.022725498
3389,0,1.905586098,2.001128102
3390,0,1.144440773,1.993904875
3391,0,1.907756868,1.995706038
3392,0,2.574369321,1.843757465
3393,0,1.968738840,1.537926199
3394,0,2.396735579,1.594511758
3395,0,1.810090740,1.024586715
3396,0,1.505055749,1.119468270
3397,0,0.393234185,0.110381619
3398,0,0.999999999,1.000035532
3399,0,0.302292189,0.080000000
3400,0,1.012773762,1.001378096
3401,0,0.303367094,0.080344681
3402,0,1.000000000,1.000000012
3403,0,1.870950594,2.000000007
3404,0,1.138751800,1.022289160
3405,0,0.319766260,0.085651291
3406,0,1.013646706,1.001489340
3407,0,0.303450145,0.080371189
3408,0,1.258437185,1.048091716
3409,0,0.340216846,0.092392968
3410,0,1.068768966,1.009678348
3411,0,-0.000000000,0.000000000
3412,0,1.000000000,1.000000000
3413,0,1.021928095,0.400000000
3414,0,1.052690404,1.007034221
3415,0,1.035378563,1.797703404
3416,0,1.231864424,1.041994141
3417,0,1.671273073,2.018942226
3418,0,1.242654343,1.044959018
3419,0,1.933752624,2.002031784
3420,0,1.149666481,1.024537800
3421,0,1.908176873,2.001149234
3422,0,1.144888966,1.023554809
3423,0,1.066383580,0.424489950
3424,0,1.000000000,1.000005154
3425,0,-0.000000000,0.000000000
3426,0,1.000000000,1.000000000
3427,0,0.302292189,0.080000000
3428,0,1.012773762,1.001377513
3429,0,0.303367094,0.080344681
3430,0,1.012827240,1.001384331
3431,0,1.024583561,0.401441863
3432,0,1.000000000,1.000000000
3433,0,1.500000000,2.000000000
3434,0,1.764492375,1.205555556
3435,0,0.471983100,0.138986509
3436,0,1.021563656,1.002549160
3437,0,0.308536985,2.001240791
3438,0,1.116487580,1.024847997
3439,0,1.063385020,0.599661062
3440,0,1.714605047,1.699808951
3441,0,1.756073377,1.471336938
3442,0,1.416424014,1.481354356
3443,0,1.945958291,1.400238059
3444,0,1.409232748,1.749997533
3445,0,1.464578675,0.615073329
3446,0,1.240341655,0.727973194
3447,0,1.584968575,1.313462606
3448,0,1.303790372,1.673025855
3449,0,0.279347281,0.263566861
3450,0,1.312696221,1.089012854
3451,0,1.683110249,2.035448120
3452,0,1.971303944,3.052637461
3453,0,2.198971638,2.324334560
3454,0,1.795131026,3.068581235
3455,0,2.064706647,2.265271235
3456,0,2.842196050,3.011909177
3457,0,2.401849952,3.495483107
3458,0,2.998091598,2.886021116
3459,0,2.931314412,2.654798951
3460,0,3.382304737,2.758731719
3461,0,2.882813181,2.856896547
3462,0,3.669457997,3.024972249
3463,0,3.231473125,2.970533833
3464,0,2.885748099,2.712799011
3465,0,2.735996873,2.530902473
3466,0,2.888866010,2.792838088
3467,0,2.344808708,2.276471257
3468,0,1.163441446,1.331760007
3469,0,1.044959767,1.177939139
3470,0,1.016738253,0.807686963
3471,0,1.977796912,1.774849966
3472,0,1.316374456,0.582734289
3473,0,0.215891070,0.078006688
3474,0,1.040896712,1.831482955
3475,0,0.066482514,0.015708806
3476,0,1.629818113,1.402005221
3477,0,0.117864973,0.027817002
3478,0,0.971725781,0.418733695
3479,0,-0.000000000,0.000000000
3480,0,-0.000000000,0.000000000
3481,0,-0.000000000,0.000000000
3482,0,-0.000000000,0.000000000
3483,0,-0.000000000,0.000000000
3484,0,-0.000000000,0.000000000
3485,0,-0.000000000,0.000000000
3486,0,1.570950594,1.400000000
3487,0,0.420026002,0.133333333
3488,0,1.121220527,1.782089552
3489,0,0.306534564,0.096517413
3490,0,1.449076274,1.120156512
3491,0,0.278900254,0.087266131
3492,0,-0.000000000,0.000000000
3493,0,-0.000000000,0.000000000
3494,0,0.282292189,0.080000000
3495,0,0.045570069,0.008888889
3496,0,0.288142907,0.081522601
3497,0,0.048449749,0.009608776
3498,0,-0.000000000,0.000000000
3499,0,-0.000000000,0.000000000
3500,0,0.282292189,0.080000000
3501,0,0.045570069,0.008888889
3502,0,1.599986441,1.401568243
3503,0,0.110204994,0.025305598
3504,0,0.298026949,0.084262744
3505,0,0.011219913,0.001844400
3506,0,-0.000000000,0.000000000
3507,0,-0.000000000,0.000000000
3508,0,0.282292189,0.080000000
3509,0,0.009543159,0.001486989
3510,0,1.014233274,1.002265052
3511,0,0.622327328,0.225203870
3512,0,1.866994750,1.415119456
3513,0,0.213889349,0.064320569
3514,0,1.740664070,1.410040936
3515,0,0.601547617,1.970739800
3516,0,1.702564526,1.233715905
3517,0,0.381254028,0.137280284
3518,0,1.857253187,1.418355197
3519,0,0.000451058,0.000262680
3520,0,1.570953375,1.200000829
3521,0,0.420026002,0.133333333
3522,0,1.918732985,1.408163265
3523,0,1.247403187,0.632867133
3524,0,1.663496452,0.845142481
3525,0,0.810279476,0.411295373
3526,0,0.136288776,0.114527922
3527,0,0.040515690,0.023260786
3528,0,0.041749370,0.026701077
3529,0,0.034528792,0.026969391
3530,0,1.126119020,1.110451027
3531,0,1.465983253,2.018655819
3532,0,1.818218943,1.709730220
3533,0,0.827155997,0.395532183
3534,0,0.491603286,0.151783996
3535,0,0.048989232,0.015434564
3536,0,0.952152373,0.409306152
3537,0,0.049049658,0.011754423
3538,0,0.942399738,0.407916578
3539,0,-0.000000000,0.000000000
3540,0,1.570950594,1.200000000
3541,0,0.104041954,0.023529412
3542,0,-0.000000000,0.000000000
3543,0,-0.000000000,0.000000000
3544,0,0.282292189,0.080000000
3545,0,-0.000000000,0.000000000
3546,0,-0.000000000,0.000000000
3547,0,-0.000000000,0.000000000
3548,0,-0.000000000,0.000000000
3549,0,-0.000000000,0.000000000
3550,0,-0.000000000,0.000000000
3551,0,-0.000000000,0.000000000
3552,0,0.921928095,0.400000000
3553,0,0.175964403,0.044444444
3554,0,0.997329770,0.431683168
3555,0,0.224142085,0.061716172
3556,0,1.022610766,0.440150121
3557,0,0.056382632,0.012268389
3558,0,0.289976259,0.081838731
3559,0,0.010484249,0.001685063
3560,0,0.283487929,0.080276728
3561,0,-0.000000000,0.000000000
3562,0,-0.000000000,0.000000000
3563,0,-0.000000000,0.000000000
3564,0,0.282292189,0.080000000
3565,0,-0.000000000,0.000000000
3566,0,0.282292189,0.080000000
3567,0,0.009543159,0.001486989
3568,0,-0.000000000,0.000000000
3569,0,-0.000000000,0.000000000
3570,0,0.282292189,0.080000000
3571,0,0.009543159,0.001486989
3572,0,0.925278881,1.799801718
3573,0,0.177995377,0.045020930
3574,0,1.677160121,1.249419548
3575,0,0.524544853,0.181076351
3576,0,0.386943664,0.112117115
3577,0,0.000032345,0.000012481
3578,0,0.921935313,1.800001311
3579,0,0.175965715,0.044444751
3580,0,0.309486739,0.087726418
3581,0,0.012358589,0.002100425
3582,0,1.021205687,1.003250011
3583,0,0.627218891,1.998821683
3584,0,0.414523512,1.949854310
3585,0,0.110639042,0.029302884
3586,0,1.667060454,1.226295166
3587,0,0.515033322,0.176767705
3588,0,0.380051933,0.109428478
3589,0,0.420813048,0.150034591
3590,0,0.358518512,0.101226119
3591,0,0.020986488,0.004381754
3592,0,1.592384925,1.400697292
3593,0,0.108555195,0.024836900
3594,0,0.297913867,0.084270265
3595,0,0.011247816,0.001863514
3596,0,0.000072703,0.000031603
3597,0,0.000072791,0.000034296
3598,0,0.000090478,0.000039769
3599,0,0.000035139,0.000014042
3600,0,0.282328764,0.080015188
3601,0,0.045570207,0.008888925
3602,0,0.288142933,0.081522608
3603,0,0.213181769,0.056327490
3604,0,0.316059436,0.089613165
3605,0,0.062712188,0.013689288
3606,0,-0.000000000,0.000000000
3607,0,-0.000000000,0.000000000
3608,0,0.282292189,0.080000000
3609,0,0.045570069,0.008888889
3610,0,-0.000000000,0.000000000
3611,0,-0.000000000,0.000000000
3612,0,1.570950594,1.400000000
3613,0,1.181290899,0.600000000
3614,0,1.962074176,1.470329670
3615,0,-0.000000000,0.000000000
3616,0,0.282292189,0.080000000
3617,0,0.200458409,0.052173913
3618,0,0.314005028,0.089099526
3619,0,0.061111108,0.013191153
3620,0,0.290568127,0.082038943
3621,0,0.010517556,0.001691627
3622,0,0.283491979,0.080277659
3623,0,0.009670316,0.001511234
3624,0,0.283370697,0.080256791
3625,0,0.202890620,0.052883801
3626,0,0.314357779,0.089187075
3627,0,0.012891018,0.002223909
3628,0,0.283837452,0.080341718
3629,0,-0.000000000,0.000000000
3630,0,-0.000000000,0.000000000
3631,0,-0.000000000,0.000000000
3632,0,0.921928095,0.400000000
3633,0,0.039584219,0.007547170
3634,0,-0.000000000,0.000000000
3635,0,-0.000000000,0.000000000
3636,0,0.282292189,0.080000000
3637,0,0.009543159,0.001486989
3638,0,0.283354340,0.080253935
3639,0,-0.000000000,0.000000000
3640,0,1.570950594,1.400000000
3641,0,-0.000000000,0.000000000
3642,0,-0.000000000,0.000000000
3643,0,-0.000000000,0.000000000
3644,0,0.921928095,0.400000000
3645,0,0.039584219,0.007547170
3646,0,-0.000000000,0.000000000
3647,0,-0.000000000,0.000000000
3648,0,0.282292189,0.080000000
3649,0,0.009543159,0.001486989
3650,0,-0.000000000,0.000000000
3651,0,-0.000000000,0.000000000
3652,0,-0.000000000,0.000000000
3653,0,-0.000000000,0.000000000
3654,0,1.000000000,1.000000000
3655,0,0.614369446,0.222222222
3656,0,-0.000000000,0.000000000
3657,0,-0.000000000,0.000000000
3658,0,0.921928095,0.400000000
3659,0,0.039584219,0.007547170
3660,0,0.287297754,0.081292059
3661,0,0.010052757,0.001589476
3662,0,-0.000000000,0.000000000
3663,0,-0.000000000,0.000000000
3664,0,0.282292189,0.080000000
3665,0,0.045570069,0.008888889
3666,0,0.939392434,1.798814229
3667,0,-0.000000000,0.000000000
3668,0,0.282292189,0.080000000
3669,0,-0.000000000,0.000000000
3670,0,1.000000000,1.000000000
3671,0,1.413799565,0.857142857
3672,0,1.949340537,1.764383562
3673,0,1.220203942,0.681527178
3674,0,1.687604585,0.834423563
3675,0,0.411652792,0.187819433
3676,0,1.229467503,0.583368646
3677,0,0.190508909,0.082083582
3678,0,0.355001390,0.113784994
3679,0,0.037389268,0.007518884
3680,0,0.147791311,0.042091124
3681,0,0.196915409,0.051430687
3682,0,1.199311976,1.138134743
3683,0,1.253769881,1.120485908
3684,0,0.885177234,0.392698818
3685,0,1.310727823,1.624738096
3686,0,1.709444280,0.991404706
3687,0,1.861981290,1.673235083
3688,0,1.519309898,1.709505026
3689,0,1.163395492,1.767946438
3690,0,0.743726325,1.819999284
3691,0,1.253970928,0.506626765
3692,0,1.561361972,0.960414792
3693,0,1.149652119,0.554582276
3694,0,0.886982360,0.350081515
3695,0,1.903779061,1.239614401
3696,0,2.346744368,1.859425672
3697,0,1.813693607,3.071185464
3698,0,2.391182128,2.090977197
3699,0,1.978814629,1.280065629
3700,0,2.476530679,1.649129273
3701,0,2.233256894,1.690483969
3702,0,1.772442548,1.018169088
3703,0,1.785767576,0.863109971
3704,0,1.163563501,0.501043225
3705,0,0.570417229,0.260356858
3706,0,0.685782704,0.245428730
3707,0,0.313314515,0.119759385
3708,0,1.714623114,1.227368687
3709,0,1.094292782,0.507103920
3710,0,0.971137735,0.599327758
3711,0,0.998705222,0.667295599
3712,0,0.600169350,0.232631898
3713,0,0.994633096,1.086202541
3714,0,-0.000000000,0.000000000
3715,0,1.000000000,1.000000000
3716,0,-0.000000000,0.000000000
3717,0,1.000000000,1.000000000
3718,0,1.021928095,0.400000000
3719,0,1.159955911,1.026993464
3720,0,1.916242722,1.246943512
3721,0,0.999970774,1.006365237
3722,0,-0.000000000,0.000000000
3723,0,1.000000000,1.000000000
3724,0,-0.000000000,0.000000000
3725,0,1.000000000,1.000000000
3726,0,-0.000000000,0.000000000
3727,0,1.000000000,1.000000000
3728,0,1.021928095,1.800000000
3729,0,1.036488422,1.010048802
3730,0,-0.000000000,0.000000000
3731,0,1.000000000,1.000000000
3732,0,1.021928095,0.400000000
3733,0,1.036488422,1.010048802
3734,0,0.306136756,0.081216458
3735,0,1.009028355,1.001987266
3736,0,0.303064108,0.080243772
3737,0,0.999999430,1.000889154
3738,0,-0.000000000,0.000000000
3739,0,1.000000000,1.000000000
3740,0,1.021928095,0.400000000
3741,0,1.159955911,1.026993464
3742,0,1.916242722,1.406223402
3743,0,1.101636862,1.012037150
3744,0,-0.000000000,0.000000000
3745,0,1.000000000,1.000000000
3746,0,1.021928095,0.400000000
3747,0,1.159955911,1.026993464
3748,0,1.077335582,1.794032225
3749,0,1.173131488,1.033116425
3750,0,0.327337126,0.088024025
3751,0,1.009917771,1.000930697
3752,0,0.303149595,0.080270679
3753,0,0.999999447,0.999124701
3754,0,-0.000000000,0.000000000
3755,0,1.000000000,1.000000000
3756,0,-0.000000000,0.000000000
3757,0,1.000000000,1.000000000
3758,0,0.302292189,0.080000000
3759,0,0.999999425,0.999107284
3760,0,1.021928037,0.400000000
3761,0,1.159933424,1.037074800
3762,0,1.916239664,1.246935392
3763,0,0.999970350,1.006411157
3764,0,0.302291596,0.080000000
3765,0,1.008866833,1.000047848
3766,0,0.303048742,0.080238933
3767,0,1.042137323,1.005424906
3768,0,0.306840183,0.081439763
3769,0,0.999999540,1.000798875
3770,0,-0.000000000,0.000000000
3771,0,1.000000000,1.000000000
3772,0,-0.000000000,0.000000000
3773,0,1.000000000,1.000000000
3774,0,1.870950594,2.000000000
3775,0,0.999853521,1.014249790
3776,0,1.021913447,0.400000000
3777,0,1.159594191,1.025584318
3778,0,0.324970421,0.087255774
3779,0,1.009805847,1.000727089
3780,0,1.024043521,2.000211484
3781,0,1.160448945,1.027198951
3782,0,1.077539616,0.429974325
3783,0,1.173185338,1.037720448
3784,0,1.082851807,0.432896217
3785,0,1.040128977,1.007521101
3786,0,0.306579650,0.081356379
3787,0,0.999999532,1.000805327
3788,0,0.302292180,0.080000000
3789,0,1.181990132,1.039129051
3790,0,1.640886882,1.972478573
3791,0,1.709039915,2.510976926
3792,0,1.996738178,1.768885590
3793,0,1.645251676,1.345788449
3794,0,0.782315356,0.442776397
3795,0,1.183375561,1.081864720
3796,0,0.981535864,0.612691369
3797,0,1.399557051,1.201335246
3798,0,1.227228797,0.724682612
3799,0,1.149151613,0.647980320
3800,0,1.545707822,1.064734018
3801,0,1.712215001,1.120079717
3802,0,1.874827066,1.929609665
3803,0,1.777440115,2.656745302
3804,0,2.398594380,2.693685952
3805,0,2.167297307,3.300869073
3806,0,1.696727830,4.901563540
3807,0,1.796860014,3.477925601
3808,0,1.822651525,4.873778956
3809,0,0.426558403,1.863685299
3810,0,1.130928809,2.913983902
3811,0,1.644513958,3.533139554
3812,0,0.675262361,1.692378966
3813,0,1.898089043,1.237988555
3814,0,2.101408495,1.465101519
3815,0,1.889206750,1.440959399
3816,0,0.879087139,0.596412452
3817,0,1.834676736,1.200000000
3818,0,0.991751474,0.893168002
3819,0,1.021103242,0.400000000
3820,0,1.052613785,0.998077393
3821,0,0.307786199,0.081766365
3822,0,0.999999977,1.000178702
3823,0,-0.000000000,0.000000000
3824,0,1.000000000,1.000000000
3825,0,0.302292189,0.080000000
3826,0,1.012773762,1.001377513
3827,0,-0.000000000,0.000000000
3828,0,1.000000000,1.000000000
3829,0,1.870950594,1.200000000
3830,0,1.000000000,1.000000000
3831,0,-0.000000000,0.000000000
3832,0,1.000000000,1.000000000
3833,0,0.302292189,0.080000000
3834,0,1.060184319,1.008222222
3835,0,1.037639028,0.408572389
3836,0,1.232495761,1.042143405
3837,0,0.335439500,0.090804672
3838,0,1.014436738,1.001591546
3839,0,-0.000000000,0.000000000
3840,0,1.000000000,1.000000000
3841,0,-0.000000000,0.000000000
3842,0,1.000000000,1.000000000
3843,0,0.302292189,0.080000000
3844,0,1.012773762,1.001377513
3845,0,-0.000000000,0.000000000
3846,0,1.000000000,1.000000000
3847,0,0.302292189,0.080000000
3848,0,1.060184319,1.008222222
3849,0,1.037639028,0.408572389
3850,0,1.000000000,1.000000000
3851,0,-0.000000000,0.000000000
3852,0,1.000000000,1.000000000
3853,0,1.870950594,1.400000000
3854,0,1.532052555,1.123333333
3855,0,1.242499492,0.530171120
3856,0,1.292026721,1.056786417
3857,0,1.125932494,0.458475344
3858,0,1.000000000,1.000000000
3859,0,1.021928095,0.400000000
3860,0,1.000000000,1.000000000
3861,0,1.500000000,2.000000000
3862,0,1.764492375,1.205555556
3863,0,-0.000000000,0.000000000
3864,0,1.000000000,1.000000000
3865,0,0.302292189,0.080000000
3866,0,1.000000000,1.000000000
3867,0,0.302292189,0.080000000
3868,0,1.000000000,1.000000000
3869,0,1.870950594,1.200000000
3870,0,1.000000000,1.000000000
3871,0,0.302292189,0.080000000
3872,0,1.060184319,1.008222222
3873,0,1.037639028,0.408572389
3874,0,1.053794829,1.007215404
3875,0,0.307921800,1.959378649
3876,0,1.061453476,1.008434929
3877,0,-0.000000000,0.000000000
3878,0,1.000000000,1.000000000
3879,0,0.302292189,0.080000000
3880,0,1.012773762,1.001377513
3881,0,0.303566849,0.080385332
3882,0,1.048684589,1.011736365
3883,0,0.000043101,0.000012747
3884,0,1.000035112,1.000012252
3885,0,1.021964228,0.400012944
3886,0,1.052708646,1.007039139
3887,0,0.000020170,0.000007711
3888,0,1.000019409,1.000007802
3889,0,0.302296516,0.080001565
3890,0,1.012775315,1.001377990
3891,0,0.000001811,0.000000622
3892,0,1.000000637,1.000000161
3893,0,0.302292318,0.080000038
3894,0,1.012773808,1.001377525
3895,0,1.024571103,2.000000011
3896,0,1.786192248,1.942208930
3897,0,1.386258286,2.000000003
3898,0,1.337115780,1.068605379
3899,0,1.959466101,1.305778470
3900,0,1.154913788,1.025759546
3901,0,-0.000000000,0.000000000
3902,0,1.000000000,1.000000000
3903,0,1.870950594,1.400000000
3904,0,1.532052555,1.123333333
3905,0,-0.000000000,0.000000000
3906,0,1.000000000,1.000000000
3907,0,1.021928095,0.400000000
3908,0,1.784319623,1.213461538
3909,0,-0.000000000,0.000000000
3910,0,1.000000000,1.000000000
3911,0,0.302292189,0.080000000
3912,0,1.012773762,1.001377513
3913,0,-0.000000000,0.000000000
3914,0,1.000000000,1.000000000
3915,0,-0.000000000,0.000000000
3916,0,1.000000000,1.000000000
3917,0,-0.000000000,0.000000000
3918,0,1.000000000,1.000000000
3919,0,-0.000000000,0.000000000
3920,0,1.000000000,1.000000000
3921,0,1.021928095,0.400000000
3922,0,1.000000000,1.000000000
3923,0,1.870950594,1.400000000
3924,0,1.905928216,1.642857143
3925,0,2.257345289,1.461111111
3926,0,1.392359446,1.087745122
3927,0,0.018638428,0.010558133
3928,0,1.014869338,1.007275514
3929,0,0.015368988,0.011265973
3930,0,1.006140462,1.003007083
3931,0,1.022646157,1.800199931
3932,0,1.228249613,1.041149272
3933,0,1.929325123,2.002048631
3934,0,1.149527922,1.024621270
3935,0,0.324266885,0.087071191
3936,0,1.014670489,1.001872503
3937,0,1.025512541,0.401844938
3938,0,1.000629169,1.000286289
3939,0,0.302647569,0.080182053
3940,0,1.257610990,1.047913584
3941,0,0.000000055,0.000000012
3942,0,1.000000017,1.000000003
3943,0,0.302292202,0.080000003
3944,0,1.012773766,1.001377514
3945,0,1.873460826,1.202352204
3946,0,1.533188617,1.123717541
3947,0,1.243079352,0.530536120
3948,0,1.935226397,1.281413026
3949,0,1.477568547,2.000000842
3950,0,1.089768062,1.013507327
3951,0,1.047010326,0.413651960
3952,0,1.235167856,1.042784014
3953,0,-0.000000000,0.000000000
3954,0,1.000000000,1.000000000
3955,0,1.870950594,1.400000000
3956,0,1.000000000,1.000000000
3957,0,1.021928095,0.400000000
3958,0,1.000000000,1.000000000
3959,0,0.302292189,0.080000000
3960,0,1.060184319,1.008222222
3961,0,1.037639028,0.408572389
3962,0,1.232495761,1.042143405
3963,0,-0.000000000,0.000000000
3964,0,1.000000000,1.000000000
3965,0,1.021928095,2.000000000
3966,0,1.228118215,1.041111111
3967,0,1.929031819,1.266885862
3968,0,1.148811807,1.024423437
3969,0,-0.000000000,0.000000000
3970,0,1.000000000,1.000000000
3971,0,1.021928095,0.400000000
3972,0,1.052690404,1.007034221
3973,0,0.307787926,0.081766365
3974,0,1.061422809,1.008429735
3975,0,-0.000000000,0.000000000
3976,0,1.000000000,1.000000000
3977,0,-0.000000000,0.000000000
3978,0,1.000000000,1.000000000
3979,0,1.021928095,0.400000000
3980,0,1.228118215,1.041111111
3981,0,0.334665510,0.090549664
3982,0,1.067506413,1.009461600
3983,0,0.309640942,0.082362690
3984,0,1.061843661,1.008500713
3985,0,1.038144801,0.408847020
3986,0,1.795788003,1.218278973
3987,0,1.391936698,0.632373553
3988,0,1.000000000,1.000000000
3989,0,1.500000000,2.000000000
3990,0,1.764492375,1.205555556
3991,0,-0.000000000,0.000000000
3992,0,1.000000000,1.000000000
3993,0,-0.000000000,0.000000000
3994,0,1.000000000,1.000000000
3995,0,1.870950594,1.400000000
3996,0,1.532052555,1.123333333
3997,0,0.401554049,0.113415966
3998,0,1.017831718,1.002040046
3999,0,0.303859198,0.080501786
4000,0,1.060538767,1.008281660
4001,0,-0.000000000,0.000000000
4002,0,1.000000000,1.000000000
4003,0,-0.000000000,0.000000000
4004,0,1.000000000,1.000000000
4005,0,0.302292189,0.080000000
4006,0,1.000000000,1.000000000
4007,0,-0.000000000,0.000000000
4008,0,1.000000000,1.000000000
4009,0,-0.000000000,0.000000000
4010,0,1.000000000,1.000000000
4011,0,1.870950594,1.400000000
4012,0,1.000000000,1.000000000
4013,0,0.302292189,0.080000000
4014,0,1.257422929,1.047844828
4015,0,0.340029904,0.092331027
4016,0,1.290237975,1.055990924
4017,0,-0.000000000,0.000000000
4018,0,1.000000000,1.000000000
4019,0,1.021928095,2.000000000
4020,0,1.052690404,1.007034221
4021,0,1.882728310,1.399013736
4022,0,1.140549722,1.022668446
4023,0,0.320036584,0.085738624
4024,0,1.064191483,1.008896847
4025,0,1.038865102,0.409238450
4026,0,1.232842682,1.042226142
4027,0,-0.000000000,0.000000000
4028,0,1.000000000,1.000000000
4029,0,1.870950594,1.200000000
4030,0,1.532052555,1.123333333
4031,0,1.242499492,0.530171120
4032,0,1.069156653,1.009810351
4033,0,1.040392846,0.410052035
4034,0,1.053994104,1.007248742
4035,0,0.307945911,2.000000000
4036,0,1.000000000,1.000000000
4037,0,-0.000000000,0.000000000
4038,0,1.000000000,1.000000000
4039,0,1.021928095,0.400000000
4040,0,1.052690404,1.007034221
4041,0,1.035378563,0.407332871
4042,0,1.053635335,1.007189192
4043,0,0.318079706,0.085235435
4044,0,1.053493981,1.013150779
4045,0,0.349795927,0.100552062
4046,0,1.065922395,1.018366058
4047,0,1.914145610,1.216080329
4048,0,1.615599927,1.086452083
4049,0,1.621017064,1.120284282
4050,0,1.119442695,0.606306619
4051,0,0.894886155,0.366905748
4052,0,0.545019143,0.204138848
4053,0,1.121235279,0.458334366
4054,0,1.543027990,0.802043310
4055,0,1.625469500,1.046980864
4056,0,0.072435511,0.017514049
4057,0,0.044344889,0.009720570
4058,0,1.581850677,1.400171835
4059,0,1.388263895,1.485874079
4060,0,0.980190488,0.422912531
4061,0,0.553171678,0.215855797
4062,0,0.589495824,0.183765640
4063,0,0.505865837,0.148557204
4064,0,1.695412844,1.343714041
4065,0,1.534277883,1.036488502
4066,0,2.053668881,1.247179417
4067,0,0.493274374,0.211603971
4068,0,1.798837676,1.220671255
4069,0,1.154870893,0.498663829
4070,0,1.670193201,1.526380558
4071,0,1.353615790,0.761128753
4072,0,0.743228851,0.421830797
4073,0,0.996250980,0.400000000
4074,0,1.222800172,1.093146339
4075,0,0.334484123,0.090549664
4076,0,0.999997243,0.998044829
4077,0,1.021927819,0.400000000
4078,0,0.999999981,0.999838564
4079,0,0.302292189,0.080000000
4080,0,1.257422928,1.047849211
4081,0,0.340029904,0.092331027
4082,0,1.014668473,1.001621194
4083,0,-0.000000000,0.000000000
4084,0,1.000000000,1.000000000
4085,0,1.870950594,1.400000000
4086,0,1.138751800,1.022289157
4087,0,-0.000000000,0.000000000
4088,0,1.000000000,1.000000000
4089,0,1.021928095,0.400000000
4090,0,1.052690404,1.007034221
4091,0,0.307787926,0.081766365
4092,0,1.013047487,1.001412456
4093,0,1.024635137,0.401469601
4094,0,1.052880070,1.007065288
4095,0,1.035434754,2.000000000
4096,0,1.000000000,1.000000000
4097,0,1.021928095,0.400000000
4098,0,1.052690404,1.007034221
4099,0,1.035378563,0.407332871
4100,0,1.231864424,1.041994141
4101,0,1.671273073,1.065174851
4102,0,1.000000000,1.000000000
4103,0,0.302292189,0.080000000
4104,0,1.257422929,1.047844828
4105,0,1.111242665,0.450092421
4106,0,1.059100504,1.008096207
4107,0,1.545940755,1.013997546
4108,0,1.776719792,1.210891348
4109,0,-0.000000000,0.000000000
4110,0,1.000000000,1.000000000
4111,0,1.021928095,0.400000000
4112,0,1.052690404,1.007034221
4113,0,1.035378563,0.407332871
4114,0,1.793831720,1.217452590
4115,0,-0.000000000,0.000000000
4116,0,1.000000000,1.000000000
4117,0,0.302292189,0.080000000
4118,0,1.000000000,1.000000000
4119,0,0.302292189,0.080000000
4120,0,1.012773762,1.001377513
4121,0,0.303367094,0.080344681
4122,0,1.000000000,1.000000000
4123,0,0.302292189,0.080000000
4124,0,1.000000000,1.000000000
4125,0,1.500000000,2.000000000
4126,0,1.764492375,3.000000000
4127,0,1.373220565,2.000000000
4128,0,1.080076728,1.011733206
4129,0,0.311263100,0.082881926
4130,0,1.013223617,1.001435200
4131,0,-0.000000000,0.000000000
4132,0,1.000000000,1.000000000
4133,0,-0.000000000,0.000000000
4134,0,1.000000000,1.000000000
4135,0,1.870950594,1.200000000
4136,0,1.532052555,1.123333333
4137,0,1.847974610,2.045577131
4138,0,1.276554533,1.054126909
4139,0,0.343473396,0.093527454
4140,0,1.015829952,1.002042098
4141,0,1.547729072,2.005750177
4142,0,1.783455802,1.213082572
4143,0,2.235757648,1.577974432
4144,0,1.646217870,1.293975941
4145,0,0.930121554,0.619468696
4146,0,2.080973314,1.973010162
4147,0,1.504840082,1.141687838
4148,0,1.253757390,0.680072728
4149,0,1.748170408,1.096645240
4150,0,1.365327147,0.616090629
4151,0,1.968605680,1.896295577
4152,0,2.221455912,2.326056166
4153,0,1.376219080,2.068786118
4154,0,0.902470685,1.960385245
4155,0,0.291179960,1.897880718
4156,0,0.458298675,1.983553536
4157,0,1.057719196,1.022017872
4158,0,2.172367661,1.471357817
4159,0,1.529007691,1.986366079
4160,0,1.858568338,2.378281813
4161,0,1.908106689,1.427823798
4162,0,1.911242672,0.937149300
4163,0,1.503898608,1.522617707
4164,0,1.875438680,1.561194785
4165,0,1.648092986,2.030252133
4166,0,-0.000000000,0.000000000
4167,0,-0.000000000,0.000000000
4168,0,1.570950594,1.400000000
4169,0,0.104041954,0.023529412
4170,0,1.635079264,1.226393338
4171,0,0.119219223,0.028195474
4172,0,1.650085884,1.410617297
4173,0,0.123441337,0.029645022
4174,0,0.300257234,0.084762545
4175,0,-0.000000000,0.000000000
4176,0,1.000000000,1.000000000
4177,0,1.413799565,2.000000000
4178,0,2.435144304,1.975609756
4179,0,-0.000000000,0.000000000
4180,0,0.282292189,0.080000000
4181,0,-0.000000000,0.000000000
4182,0,1.000000000,1.000000000
4183,0,0.614369446,0.222222222
4184,0,1.230222672,1.770000000
4185,0,1.199314896,2.328947368
4186,0,2.013963705,1.924229203
4187,0,1.686792427,4.201897127
4188,0,2.089567647,4.988102163
4189,0,1.509654402,4.741663270
4190,0,1.325140318,3.321994112
4191,0,1.243193629,0.943103505
4192,0,1.615513973,1.704236735
4193,0,0.330659955,0.136725184
4194,0,0.345579756,0.096045133
4195,0,0.099434469,0.026718828
4196,0,1.664992663,1.402953586
4197,0,-0.000000000,0.000000000
4198,0,0.921928095,0.400000000
4199,0,-0.000000000,0.000000000
4200,0,-0.000000000,0.000000000
4201,0,-0.000000000,0.000000000
4202,0,0.282292189,0.080000000
4203,0,0.009543159,0.001486989
4204,0,0.283354340,0.080253935
4205,0,-0.000000000,0.000000000
4206,0,0.282292189,0.080000000
4207,0,0.009543159,0.001486989
4208,0,-0.000000000,0.000000000
4209,0,-0.000000000,0.000000000
4210,0,1.000000000,1.000000000
4211,0,0.614369446,0.222222222
4212,0,-0.000000000,0.000000000
4213,0,-0.000000000,0.000000000
4214,0,0.921928095,0.400000000
4215,0,0.039584219,0.007547170
4216,0,0.287297754,0.081292059
4217,0,0.010052757,0.001589476
4218,0,-0.000000000,0.000000000
4219,0,-0.000000000,0.000000000
4220,0,0.282292189,0.080000000
4221,0,0.009543159,0.001486989
4222,0,-0.000000000,0.000000000
4223,0,-0.000000000,0.000000000
4224,0,0.921928095,0.400000000
4225,0,0.175964403,0.044444444
4226,0,0.309486490,0.087726358
4227,0,0.012358551,0.002100416
4228,0,-0.000000000,0.000000000
4229,0,-0.000000000,0.000000000
4230,0,0.282292189,0.080000000
4231,0,0.009543159,0.001486989
4232,0,-0.000000000,0.000000000
4233,0,-0.000000000,0.000000000
4234,0,1.570950594,1.400000000
4235,0,-0.000000000,0.000000000
4236,0,0.921928095,0.400000000
4237,0,-0.000000000,0.000000000
4238,0,-0.000000000,0.000000000
4239,0,-0.000000000,0.000000000
4240,0,-0.000000000,0.000000000
4241,0,-0.000000000,0.000000000
4242,0,1.570950594,1.400000000
4243,0,1.181290899,0.600000000
4244,0,1.594452198,0.841379310
4245,0,0.170287269,0.052210526
4246,0,1.007485628,1.795221117
4247,0,0.249435535,0.072934954
4248,0,0.323047305,0.091016964
4249,0,-0.000000000,0.000000000
4250,0,0.282292189,0.080000000
4251,0,-0.000000000,0.000000000
4252,0,0.921928095,0.400000000
4253,0,-0.000000000,0.000000000
4254,0,0.921928095,0.400000000
4255,0,-0.000000000,0.000000000
4256,0,0.921928095,0.400000000
4257,0,0.175964403,0.044444444
4258,0,0.309486490,0.087726358
4259,0,0.257265847,0.073142112
4260,0,-0.000000000,0.000000000
4261,0,-0.000000000,0.000000000
4262,0,0.282292189,0.080000000
4263,0,0.045570069,0.008888889
4264,0,-0.000000000,0.000000000
4265,0,-0.000000000,0.000000000
4266,0,-0.000000000,0.000000000
4267,0,-0.000000000,0.000000000
4268,0,0.282292189,0.080000000
4269,0,0.045570069,0.008888889
4270,0,1.065179155,1.013343037
4271,0,0.654262993,0.239792891
4272,0,1.248479271,0.568535614
4273,0,0.095473417,0.024828349
4274,0,1.378953908,1.148934808
4275,0,0.236336307,0.067921150
4276,0,1.030607967,1.804224343
4277,0,0.257724104,0.076008805
4278,0,-0.000000000,0.000000000
4279,0,-0.000000000,0.000000000
4280,0,1.570950594,1.400000000
4281,0,-0.000000000,0.000000000
4282,0,1.570950594,1.200000000
4283,0,-0.000000000,0.000000000
4284,0,0.921928095,0.400000000
4285,0,0.175964403,0.044444444
4286,0,0.997329770,0.431683168
4287,0,-0.000000000,0.000000000
4288,0,0.282292189,0.080000000
4289,0,0.045570069,0.008888889
4290,0,1.599986441,1.401568243
4291,0,0.110204994,0.025305598
4292,0,0.298026949,0.084262744
4293,0,-0.000000000,0.000000000
4294,0,-0.000000000,0.000000000
4295,0,-0.000000000,0.000000000
4296,0,0.921928095,0.400000000
4297,0,0.039584219,0.007547170
4298,0,-0.000000000,0.000000000
4299,0,-0.000000000,0.000000000
4300,0,0.921928095,0.400000000
4301,0,0.039584219,0.007547170
4302,0,0.936957107,0.405369128
4303,0,-0.000000000,0.000000000
4304,0,0.282292189,0.080000000
4305,0,0.045570069,0.008888889
4306,0,1.599986441,1.401445724
4307,0,0.444815129,0.142977722
4308,0,0.365219789,0.105295662
4309,0,0.087500676,0.021525322
4310,0,-0.000000000,0.000000000
4311,0,-0.000000000,0.000000000
4312,0,-0.000000000,0.000000000
4313,0,-0.000000000,0.000000000
4314,0,0.282292189,0.080000000
4315,0,0.009543159,0.001486989
4316,0,0.283354340,0.080253935
4317,0,-0.000000000,0.000000000
4318,0,1.570950594,1.400000000
4319,0,0.104041954,0.023529412
4320,0,0.964387511,0.416753927
4321,0,0.740703376,0.285139319
4322,0,0.443101031,0.131834023
4323,0,-0.000000000,0.000000000
4324,0,0.282292189,0.080000000
4325,0,-0.000000000,0.000000000
4326,0,0.282292189,0.080000000
4327,0,0.009543159,0.001486989
4328,0,-0.000000000,0.000000000
4329,0,-0.000000000,0.000000000
4330,0,1.570950594,1.200000000
4331,0,-0.000000000,0.000000000
4332,0,0.282292189,0.080000000
4333,0,0.200458409,0.052173913
4334,0,0.314005028,1.957819905
4335,0,0.012832079,0.002209579
4336,0,-0.000000000,0.000000000
4337,0,-0.000000000,0.000000000
4338,0,-0.000000000,0.000000000
4339,0,-0.000000000,0.000000000
4340,0,0.921928095,0.400000000
4341,0,0.039584219,0.007547170
4342,0,0.287297754,0.081292059
4343,0,0.048034308,0.009499776
4344,0,-0.000000000,0.000000000
4345,0,-0.000000000,0.000000000
4346,0,1.000000000,1.000000000
4347,0,0.164134333,0.040816327
4348,0,1.214421711,1.057651992
4349,0,0.760643938,2.061143524
4350,0,1.305325650,1.796583720
4351,0,0.112512851,0.031134623
4352,0,-0.000000000,0.000000000
4353,0,-0.000000000,0.000000000
4354,0,0.282292189,0.080000000
4355,0,0.009543159,0.001486989
4356,0,0.925278881,1.799801718
4357,0,0.040025393,0.007646399
4358,0,0.287355980,0.081303801
4359,0,0.010061743,0.001591421
4360,0,-0.000000000,0.000000000
4361,0,-0.000000000,0.000000000
4362,0,-0.000000000,0.000000000
4363,0,-0.000000000,0.000000000
4364,0,0.921928095,1.800000000
4365,0,0.175964403,0.044444444
4366,0,-0.000000000,0.000000000
4367,0,-0.000000000,0.000000000
4368,0,0.921928095,0.400000000
4369,0,0.175964403,0.044444444
4370,0,0.309486490,0.087726358
4371,0,0.012358551,0.002100416
4372,0,0.926730838,0.401361994
4373,0,0.040272306,0.007706076
4374,0,0.937281864,0.405445277
4375,0,0.041717716,0.008067467
4376,0,-0.000000000,0.000000000
4377,0,-0.000000000,0.000000000
4378,0,0.282292189,0.080000000
4379,0,0.009543159,0.001486989
4380,0,0.926231794,0.401337704
4381,0,0.042802728,0.008432543
4382,0,0.308086499,0.086972655
4383,0,0.104046337,0.028053150
4384,0,0.125748798,0.043765901
4385,0,0.102559908,0.045637043
4386,0,1.767547256,1.271405424
4387,0,0.001359789,0.000723532
4388,0,0.001758897,0.000884924
4389,0,0.000195028,0.000071560
4390,0,0.000227442,0.000090268
4391,0,0.000018329,0.000005099
4392,0,0.282311305,0.080005915
4393,0,0.000003970,0.000001003
4394,0,1.570954074,1.400000578
4395,0,0.000001534,0.000000471
4396,0,1.570954051,1.400000960
4397,0,0.420026919,0.133333603
4398,0,1.792420180,1.336877640
4399,0,0.671283873,0.264165597
4400,0,1.259462280,1.832113850
4401,0,0.455056539,0.174627782
4402,0,0.367302727,0.103497607
4403,0,0.108185096,0.029650057
4404,0,-0.000000000,0.000000000
4405,0,-0.000000000,0.000000000
4406,0,-0.000000000,0.000000000
4407,0,-0.000000000,0.000000000
4408,0,0.921928095,1.800000000
4409,0,0.039584219,0.007547170
4410,0,-0.000000000,0.000000000
4411,0,-0.000000000,0.000000000
4412,0,0.282292189,0.080000000
4413,0,0.009543159,0.001486989
4414,0,1.011637835,1.003506311
4415,0,0.630021337,0.316126367
4416,0,-0.000000000,0.000000000
4417,0,-0.000000000,0.000000000
4418,0,0.282292189,0.080000000
4419,0,-0.000000000,0.000000000
4420,0,0.282292189,0.080000000
4421,0,-0.000000000,0.000000000
4422,0,1.570950594,1.400000000
4423,0,1.384420312,0.738983051
4424,0,2.058447227,1.756134269
4425,0,2.414071374,1.438133953
4426,0,2.182741045,1.308136731
4427,0,1.464920137,0.632169313
4428,0,0.462994752,0.189043353
4429,0,0.317932325,0.113593077
4430,0,0.340604724,0.101258678
4431,0,1.058693446,0.473971772
4432,0,0.400394312,0.147218722
4433,0,0.068391487,0.028698698
4434,0,0.062998349,0.033804230
4435,0,1.011364195,1.003431788
4436,0,0.012730038,0.005300194
4437,0,1.000000000,1.000000000
4438,0,1.413276880,0.729411765
4439,0,0.974001085,0.448031665
4440,0,0.281286533,0.097604259
4441,0,0.452012159,0.129757534
4442,0,0.424203757,0.120405282
4443,0,0.069191018,0.016568501
4444,0,0.322787564,0.088476830
4445,0,1.020830950,0.457313057
4446,0,0.015461762,0.002836097
4447,0,1.575589123,1.400000000
4448,0,1.081495835,0.757379951
4449,0,0.318292957,0.085651291
4450,0,0.999979443,1.005338325
4451,0,1.870944427,1.200000000
4452,0,1.532050340,1.121891985
4453,0,-0.000000000,0.000000000
4454,0,1.000000000,1.000000000
4455,0,1.021928095,0.400000000
4456,0,1.000000000,1.000000000
4457,0,0.302292189,0.080000000
4458,0,1.000000000,1.000000000
4459,0,0.302292189,0.080000000
4460,0,1.000000000,1.000000000
4461,0,0.302292189,2.000000000
4462,0,1.012773762,1.001377513
4463,0,1.509801233,1.002393429
4464,0,1.221130363,1.039565886
4465,0,1.096097594,0.441355685
4466,0,1.057991357,1.007909826
4467,0,0.308435603,0.081973957
4468,0,1.013080290,1.001416669
4469,0,0.303396155,0.080353955
4470,0,1.060433044,1.008263834
4471,0,1.558293193,1.998150317
4472,0,1.604604227,1.328108413
4473,0,0.898391886,0.619074944
4474,0,1.132978612,1.032147553
4475,0,1.069520330,0.601837381
4476,0,1.720973592,1.700224577
4477,0,1.477178353,0.941594355
4478,0,1.299634808,1.096553822
4479,0,1.056074510,0.700376543
4480,0,1.662064113,1.080578713
4481,0,0.702141605,0.685924472
4482,0,1.379323974,1.152986739
4483,0,1.634598187,1.993099894
4484,0,2.035008665,2.309980640
4485,0,1.220312156,0.560156627
4486,0,0.674507841,0.226978827
4487,0,1.172955972,0.538603063
4488,0,0.594359705,0.199516669
4489,0,0.043403277,0.009475873
4490,0,0.283160255,0.080000000
4491,0,0.999817118,1.015922250
4492,0,1.499908559,1.000000000
4493,0,1.544920350,1.177713851
4494,0,0.419007696,0.119337367
4495,0,1.013808573,0.999794141
4496,0,-0.000000000,0.000000000
4497,0,1.000000000,1.000000000
4498,0,1.021928095,0.400000000
4499,0,1.036488422,1.000809672
4500,0,1.031497217,0.405055762
4501,0,1.037020225,1.000996120
4502,0,-0.000000000,0.000000000
4503,0,1.000000000,1.000000000
4504,0,0.302292189,0.080000000
4505,0,0.999999425,1.000892716
4506,0,-0.000000000,0.000000000
4507,0,1.000000000,1.000000000
4508,0,1.021928095,0.400000000
4509,0,1.159955911,1.026993464
4510,0,1.077335582,0.429862764
4511,0,1.039757332,1.008157780
4512,0,1.531521599,1.996742743
4513,0,2.197765786,1.790714230
4514,0,2.078435048,2.038643919
4515,0,1.841929403,1.905974030
4516,0,1.467094971,1.752780270
4517,0,1.068057207,0.959333471
4518,0,1.888429797,1.217509486
4519,0,1.098514173,1.023272982
4520,0,-0.000000000,0.000000000
4521,0,1.000000000,1.000000000
4522,0,0.302292189,0.080000000
4523,0,1.042002482,1.007398693
4524,0,-0.000000000,0.000000000
4525,0,1.000000000,1.000000000
4526,0,1.021928095,0.400000000
4527,0,1.575319280,1.166351830
4528,0,-0.000000000,0.000000000
4529,0,1.000000000,1.000000000
4530,0,0.302292189,0.080000000
4531,0,1.042002482,1.007398693
4532,0,0.306823294,0.081434444
4533,0,1.009062471,1.000281248
4534,0,0.303067306,0.080244789
4535,0,1.042142516,1.007419034
4536,0,1.881339941,1.209692716
4537,0,0.999884997,1.012626340
4538,0,-0.000000000,0.000000000
4539,0,1.000000000,1.000000000
4540,0,1.870950594,1.200000000
4541,0,1.094879386,1.002520718
4542,0,1.896586502,1.225212090
4543,0,1.387370602,1.086521347
4544,0,-0.000000000,0.000000000
4545,0,1.000000000,1.000000000
4546,0,-0.000000000,0.000000000
4547,0,1.000000000,1.000000000
4548,0,0.302292189,0.080000000
4549,0,1.008877014,1.001980934
4550,0,0.002340874,0.000669425
4551,0,1.001887368,1.000412824
4552,0,1.022457521,0.400145508
4553,0,1.138976286,1.050549758
4554,0,1.984892449,1.433438186
4555,0,1.597141662,1.220933888
4556,0,-0.000000000,0.000000000
4557,0,1.000000000,1.000000000
4558,0,1.500000000,2.000000000
4559,0,1.503982014,2.742757822
4560,0,1.551267526,3.456682199
4561,0,1.677671512,3.721219866
4562,0,2.455704893,3.539564969
4563,0,2.590796111,4.286817951
4564,0,0.527330211,0.238589478
4565,0,0.610446960,0.200876046
4566,0,0.528274001,0.158700723
4567,0,-0.000000000,0.000000000
4568,0,1.000000000,1.000000000
4569,0,0.302292189,0.080000000
4570,0,1.060184319,1.008222222
4571,0,1.037639028,0.408572389
4572,0,1.232495761,1.042143405
4573,0,1.100763432,0.444028398
4574,0,1.058333272,1.007968012
4575,0,0.308477797,0.081987483
4576,0,1.013082429,1.001416964
4577,0,1.024643327,0.401473995
4578,0,1.000000000,1.000000000
4579,0,-0.000000000,0.000000000
4580,0,1.000000000,1.000000000
4581,0,0.302292189,0.080000000
4582,0,1.000000000,1.000000000
4583,0,1.021928095,0.400000000
4584,0,1.228118215,1.041111111
4585,0,0.334665510,0.090549664
4586,0,1.014397000,1.001586340
4587,0,0.303522188,0.080394186
4588,0,1.060461817,1.008268685
4589,0,0.308752336,0.082077321
4590,0,1.013095623,1.001418614
4591,0,0.303397617,0.080354423
4592,0,1.012828779,1.001384529
4593,0,-0.000000000,0.000000000
4594,0,1.000000000,1.000000000
4595,0,-0.000000000,0.000000000
4596,0,1.000000000,1.000000000
4597,0,1.500000000,2.000000000
4598,0,1.220308818,1.039361702
4599,0,0.336929535,0.091277827
4600,0,1.055577463,1.013555532
4601,0,0.000959948,0.000373678
4602,0,1.000220922,1.000062283
4603,0,1.021968531,0.400010298
4604,0,1.179532159,1.046611661
4605,0,0.343816203,0.094907740
4606,0,1.087200826,1.021291867
4607,0,1.627685499,1.060429124
4608,0,1.052086678,1.050318891
4609,0,0.058915502,0.054596149
4610,0,1.024647319,1.017824828
4611,0,1.888006286,2.011633246
4612,0,1.548384344,1.135482422
4613,0,1.257731104,2.011475220
4614,0,1.303409604,3.010330662
4615,0,1.125932494,2.000000000
4616,0,1.060214781,1.008286647
4617,0,-0.000000000,0.000000000
4618,0,1.000000000,1.000000000
4619,0,0.302292189,0.080000000
4620,0,1.257422929,1.047844828
4621,0,0.340029904,0.092331027
4622,0,1.068725833,1.009670875
4623,0,1.886811085,2.000489836
4624,0,1.141210418,1.022807990
4625,0,0.320135924,0.085770690
4626,0,1.013665768,1.001491957
4627,0,1.873659515,1.202537323
4628,0,1.533281669,1.123748332
4629,0,1.243126603,0.530565759
4630,0,1.069208113,1.009819985
4631,0,1.554166262,1.017186952
4632,0,1.000000000,1.000000318
4633,0,0.302292189,0.080000000
4634,0,1.012773762,1.001377518
4635,0,1.024571058,0.401435139
4636,0,1.052875527,1.007064537
4637,0,1.035433409,0.407362557
4638,0,1.000000000,1.000000000
4639,0,1.500000000,1.000000000
4640,0,1.220308818,1.039361702
4641,0,1.663221696,2.017849599
4642,0,1.000000000,1.000000000
4643,0,1.021928095,0.400000000
4644,0,1.228118215,1.041111111
4645,0,0.334665510,0.090549664
4646,0,1.014397000,1.001586340
4647,0,0.306262079,0.081159451
4648,0,1.049659894,1.009435157
4649,0,1.064401505,0.417733110
4650,0,1.196274291,1.051114526
4651,0,1.076406701,0.600004567
4652,0,0.796942775,0.313105635
4653,0,0.569995551,0.173336764
4654,0,0.112338879,0.029899394
4655,0,1.619189728,1.202792640
4656,0,1.411059613,1.483274666
4657,0,1.015105599,1.711191626
4658,0,1.928666554,1.311259152
4659,0,1.719682214,1.348991094
4660,0,1.359795201,0.631867301
4661,0,2.035215602,1.672896156
4662,0,1.654739849,0.941823685
4663,0,1.121486326,0.567790323
4664,0,1.951691664,1.695530753
4665,0,1.509171563,0.875238106
4666,0,1.076470113,0.479777745
4667,0,0.785363120,0.309162893
4668,0,-0.000000000,0.000000000
4669,0,1.000000000,1.000000000
4670,0,0.302292189,0.080000000
4671,0,1.042002482,1.007398693
4672,0,-0.000000000,0.000000000
4673,0,1.000000000,1.000000000
4674,0,0.302292189,0.080000000
4675,0,1.008877014,1.000159612
4676,0,0.303049604,0.080239223
4677,0,0.999999429,1.000889743
4678,0,1.870950423,1.200000000
4679,0,1.375740627,1.080716435
4680,0,-0.000000000,0.000000000
4681,0,1.000000000,1.000000000
4682,0,-0.000000000,0.000000000
4683,0,1.000000000,1.000000000
4684,0,1.021928095,0.400000000
4685,0,0.999985120,1.004541811
4686,0,1.870946130,2.002725087
4687,0,0.999827171,1.015478466
4688,0,1.499913585,1.000000000
4689,0,2.185843001,1.798071187
4690,0,0.829299179,1.907065354
4691,0,1.033193332,1.019411983
4692,0,0.305713246,0.081080353
4693,0,1.009046283,1.000552010
4694,0,-0.000000000,0.000000000
4695,0,1.000000000,1.000000000
4696,0,1.021928095,0.400000000
4697,0,1.036488422,1.010048802
4698,0,0.306136756,0.081216458
4699,0,1.184764471,1.036836534
4700,0,1.923836980,1.255797239
4701,0,1.102977053,1.022420295
4702,0,0.315474094,0.084192196
4703,0,1.044475020,1.007537051
4704,0,1.882002817,1.401416393
4705,0,1.096394204,1.004773835
4706,0,1.052045821,0.416042830
4707,0,1.038189670,1.001620382
4708,0,-0.000000000,0.000000000
4709,0,1.000000000,1.000000000
4710,0,1.870950594,2.000000000
4711,0,0.999853521,0.985750210
4712,0,-0.000000000,0.000000000
4713,0,1.000000000,1.000000000
4714,0,1.500000000,1.000000000
4715,0,1.148484269,1.004366029
4716,0,0.323098826,0.086647605
4717,0,0.999999527,1.000810053
4718,0,1.021928048,0.400000000
4719,0,0.999984659,0.995388303
4720,0,0.302291882,0.080000000
4721,0,1.008869695,1.000079217
4722,0,0.303247578,0.080279402
4723,0,1.044696596,1.010493184
4724,0,0.345543554,0.098607379
4725,0,1.171864106,1.030068527
4726,0,0.377169508,0.110654022
4727,0,1.071177636,1.020003088
4728,0,1.918493165,1.410428038
4729,0,1.565353688,1.201523977
4730,0,1.597798849,0.827902599
4731,0,1.513339709,1.145517207
4732,0,1.272383044,0.833621880
4733,0,1.149446613,0.872716810
4734,0,1.161746080,1.400928566
4735,0,1.112075791,0.635457161
4736,0,1.695722268,1.138793258
4737,0,0.080650503,0.020162674
4738,0,0.052014535,0.011932425
4739,0,0.314053902,0.086484588
4740,0,1.016626972,0.456707162
4741,0,0.501114599,0.170337139
4742,0,1.024032049,0.958363444
4743,0,1.027843473,0.403303496
4744,0,1.053104407,1.011759689
4745,0,0.307839973,0.081783174
4746,0,1.013050136,1.001318115
4747,0,0.303393297,0.080353044
4748,0,1.060432390,1.008265828
4749,0,1.037714475,0.408613358
4750,0,1.232517104,1.042148062
4751,0,1.100772164,1.999999804
4752,0,1.914818317,2.999998874
4753,0,1.584404783,1.999999185
4754,0,1.818702120,1.234552817
4755,0,1.400996696,0.637184593
4756,0,1.000000000,0.999999928
4757,0,-0.000000000,0.000000000
4758,0,1.000000000,1.000000000
4759,0,-0.000000000,0.000000000
4760,0,1.000000000,1.000000000
4761,0,-0.000000000,0.000000000
4762,0,1.000000000,1.000000000
4763,0,-0.000000000,0.000000000
4764,0,1.000000000,1.000000000
4765,0,0.302292189,0.080000000
4766,0,1.060184319,1.008222222
4767,0,0.308717777,0.082066230
4768,0,1.013093875,1.001418389
4769,0,1.027601838,0.402116092
4770,0,1.142709072,1.041835813
4771,0,0.167367286,0.098145094
4772,0,1.163765478,1.068310300
4773,0,0.228085078,0.163831175
4774,0,1.018811611,1.004268173
4775,0,1.015637011,0.577994528
4776,0,1.441656372,1.011935021
4777,0,0.477632793,0.159177204
4778,0,1.638802210,1.183754699
4779,0,2.320705701,1.612098964
4780,0,1.869644068,1.261243328
4781,0,1.727183404,0.945780776
4782,0,1.398081953,1.142047286
4783,0,1.605420028,0.842146506
4784,0,1.312998234,1.450391565
4785,0,1.991905323,2.100037306
4786,0,1.573643827,1.100495720
4787,0,1.323874261,0.566146279
4788,0,0.512871252,0.217843316
4789,0,0.622030964,0.204283473
4790,0,1.200040200,0.505441759
4791,0,1.400005962,0.733298605
4792,0,1.578125260,1.707430429
4793,0,0.061187401,0.014284556
4794,0,0.283515937,0.080000000
4795,0,1.009851883,1.017355969
4796,0,-0.000000000,0.000000000
4797,0,1.000000000,1.000000000
4798,0,1.021928095,0.400000000
4799,0,1.036488422,1.010048802
4800,0,1.879816967,1.998961747
4801,0,1.379577278,1.111940108
4802,0,1.981597055,1.333261641
4803,0,0.999947422,1.008537451
4804,0,0.302291138,0.080000000
4805,0,1.042062373,1.005567545
4806,0,1.533168831,2.011288091
4807,0,1.151947077,1.008466117
4808,0,0.323661681,0.086828528
4809,0,1.045884758,1.007945336
4810,0,1.034416052,0.406598926
4811,0,0.999988607,0.996025806
4812,0,-0.000000000,0.000000000
4813,0,1.000000000,1.000000000
4814,0,1.500000000,2.000000000
4815,0,1.148484269,1.004366029
4816,0,0.323098826,0.086647605
4817,0,1.196869144,1.043036997
4818,0,1.652370063,1.969893965
4819,0,0.999983378,1.004800343
4820,0,-0.000000000,0.000000000
4821,0,1.000000000,1.000000000
4822,0,0.302292189,0.080000000
4823,0,1.042002482,1.005398693
4824,0,0.306823294,0.081434444
4825,0,1.009062471,1.000281248
4826,0,1.023864018,0.401019433
4827,0,0.999985307,0.995486852
4828,0,1.021926626,0.400000000
4829,0,1.036457550,1.010441773
4830,0,0.306133639,0.081215399
4831,0,1.009027513,1.001995401
4832,0,1.872864536,1.400223029
4833,0,0.999855112,0.985827836
4834,0,-0.000000000,0.000000000
4835,0,1.000000000,1.000000000
4836,0,1.021928095,0.400000000
4837,0,0.999985120,1.004541811
4838,0,1.021926607,0.400000000
4839,0,0.999982442,0.995066357
4840,0,1.499991221,1.995066357
4841,0,1.148272317,1.002013199
4842,0,1.072732831,0.427291742
4843,0,1.171451401,1.030300473
4844,0,1.082171897,0.432493339
4845,0,1.615106743,1.194486537
4846,0,0.441749075,0.127558330
4847,0,1.014851602,1.004944087
4848,0,1.025309970,2.001180436
4849,0,1.036712455,1.001332051
4850,0,0.306163270,0.081224887
4851,0,1.009030341,1.000207489
4852,0,1.530436543,1.006681462
4853,0,1.151295790,1.005350131
4854,0,1.073916720,2.002565856
4855,0,1.039423623,1.001953990
4856,0,-0.000000000,0.000000000
4857,0,1.000000000,1.000000000
4858,0,-0.000000000,0.000000000
4859,0,1.000000000,1.000000000
4860,0,1.870950594,1.200000000
4861,0,1.094879386,1.002520718
4862,0,1.896586502,1.403342421
4863,0,2.033204099,1.435267349
4864,0,0.656708060,1.927095712
4865,0,1.111566165,1.010891878
4866,0,0.316717419,0.084586114
4867,0,0.999999964,0.999776496
4868,0,0.302292188,0.080000000
4869,0,0.999999420,1.000896507
4870,0,1.021928037,1.800000000
4871,0,0.999984609,0.995380844
4872,0,1.021926556,1.800000000
4873,0,1.036456822,1.010451003
4874,0,1.031489881,0.405051271
4875,0,1.037016632,1.000953211
4876,0,0.306201030,0.081236664
4877,0,0.999999447,0.999124493
4878,0,0.302292178,0.080000000
4879,0,1.008875626,1.001995967
4880,0,-0.000000000,0.000000000
4881,0,1.000000000,1.000000000
4882,0,-0.000000000,0.000000000
4883,0,1.000000000,1.000000000
4884,0,0.302292189,0.080000000
4885,0,1.008877014,1.000159612
4886,0,-0.000000000,0.000000000
4887,0,1.000000000,1.000000000
4888,0,1.870950594,2.000000000
4889,0,2.014604098,1.854896142
4890,0,1.750390342,1.784518232
4891,0,1.119134790,1.051634776
4892,0,1.910849459,1.229755533
4893,0,1.393468844,1.103251250
4894,0,0.375319292,0.104066574
4895,0,0.999998796,1.001291945
4896,0,1.021927974,0.400000000
4897,0,1.159988414,1.027121223
4898,0,1.077346223,0.429870068
4899,0,1.039759430,1.003909667
4900,0,1.032487768,0.405576452
4901,0,1.162428676,1.037211489
4902,0,0.325455524,0.087414407
4903,0,1.009831362,1.000802469
4904,0,0.303141288,0.080268055
4905,0,1.008911566,1.001970604
4906,0,0.303052900,0.080240259
4907,0,0.999999429,0.999110626
4908,0,0.302292178,0.080000000
4909,0,0.999999406,1.000907801
4910,0,1.021928035,0.400000000
4911,0,0.999984602,0.995379870
4912,0,1.021926555,1.800000000
4913,0,1.159839280,1.037414409
4914,0,-0.000000000,0.000000000
4915,0,1.000000000,1.000000000
4916,0,1.870950594,1.200000000
4917,0,0.999853521,0.985750210
4918,0,0.302289259,0.080000000
4919,0,1.008854328,0.999911201
4920,0,1.506810510,1.002335433
4921,0,1.545229691,1.185588622
4922,0,-0.000000000,0.000000000
4923,0,1.000000000,1.000000000
4924,0,0.302292189,0.080000000
4925,0,1.042002482,1.007398693
4926,0,0.306823294,0.081434444
4927,0,1.009062471,1.001911807
4928,0,-0.000000000,0.000000000
4929,0,1.000000000,1.000000000
4930,0,0.302292189,0.080000000
4931,0,1.008877014,1.001980934
4932,0,0.303049604,0.080239223
4933,0,1.182554477,1.036215551
4934,0,1.086999532,0.435228969
4935,0,0.999998816,0.998718922
4936,0,0.302292165,0.080000000
4937,0,1.008874983,1.002002931
4938,0,-0.000000000,0.000000000
4939,0,1.000000000,1.000000000
4940,0,1.021928095,2.000000000
4941,0,1.575319280,3.045926800
4942,0,1.873616721,2.219356225
4943,0,1.272525523,1.130004730
4944,0,-0.000000000,0.000000000
4945,0,1.000000000,1.000000000
4946,0,-0.000000000,0.000000000
4947,0,1.000000000,1.000000000
4948,0,-0.000000000,0.000000000
4949,0,1.000000000,1.000000000
4950,0,0.302292189,0.080000000
4951,0,1.042002482,1.005398693
4952,0,0.306823294,0.081434444
4953,0,0.999999539,1.000799228
4954,0,-0.000000000,0.000000000
4955,0,1.000000000,1.000000000
4956,0,0.302292189,0.080000000
4957,0,1.038528433,1.008914525
4958,0,1.418452333,0.730175932
4959,0,1.544831473,1.080727270
4960,0,1.400099174,1.461738873
4961,0,1.847280383,2.150619205
4962,0,0.254945967,0.085461777
4963,0,1.082328037,1.000043137
4964,0,1.510853977,1.017445126
4965,0,1.351819617,1.302536332
4966,0,2.373260451,1.429153824
4967,0,1.628545931,1.923319098
4968,0,1.698615944,1.795041542
4969,0,2.297735044,1.330388501
4970,0,1.998319459,1.325004765
4971,0,1.598665802,0.926982899
4972,0,1.594896973,0.728787235
4973,0,0.628270952,0.292681711
4974,0,1.264610998,0.510546241
4975,0,1.767233674,1.428644913
4976,0,1.551666133,1.548649456
4977,0,-0.000000000,0.000000000
4978,0,1.000000000,1.000000000
4979,0,1.021928095,0.400000000
4980,0,1.000000000,1.000000000
4981,0,1.870950594,1.400000000
4982,0,1.138751800,1.022289157
4983,0,1.904985459,1.237092993
4984,0,1.000000000,1.000000000
4985,0,0.302292189,0.080000000
4986,0,1.257422929,1.047844828
4987,0,0.344348108,0.093783081
4988,0,0.999999927,0.999681413
4989,0,1.870950572,1.200000000
4990,0,1.532052547,1.123419352
4991,0,-0.000000000,0.000000000
4992,0,1.000000000,1.000000000
4993,0,0.302292189,0.080000000
4994,0,1.075248292,1.016683485
4995,0,1.450743013,1.630023609
4996,0,1.413682538,1.048261364
4997,0,1.507358206,0.814576877
4998,0,1.524098701,1.511976065
4999,0,1.542320219,0.844749345
5000,0,1.404824457,1.072436369
5001,0,1.713868637,0.920426314
5002,0,1.609077562,1.210358085
5003,0,2.307076015,1.465741658
5004,0,1.161596141,1.024984182
5005,0,1.103585737,2.021911128
5006,0,1.370055677,1.105497125
5007,0,2.097506363,2.181966317
5008,0,1.844095195,1.347913470
5009,0,1.332601998,1.576980300
5010,0,1.787186457,1.193011923
5011,0,0.518764124,0.177877006
5012,0,0.427027220,0.135928082
5013,0,0.479438725,0.132687931
5014,0,0.425365041,0.119235065
5015,0,1.063284283,0.471602544
5016,0,1.307282682,1.544055134
5017,0,1.512952573,0.831398024
5018,0,1.052684213,0.450073439
5019,0,0.785373165,0.279986731
5020,0,0.618448368,0.196032472
5021,0,0.510826156,0.150925846
5022,0,0.442015512,0.126437705
5023,0,0.076952946,0.018766332
5024,0,0.327307733,0.089602900
5025,0,1.023233237,0.457708081
5026,0,0.516644027,0.173098783
5027,0,0.359584367,0.109240311
5028,0,1.016374517,0.975772909
5029,0,0.000000020,0.000000006
5030,0,1.000000007,1.000000002
5031,0,1.021928102,2.000000001
5032,0,1.000000007,1.000000002
5033,0,0.302292197,0.080000002
5034,0,1.000000017,1.000000004
5035,0,0.000000019,0.000000006
5036,0,1.000000016,1.000000003
5037,0,0.000000020,0.000000006
5038,0,1.000000019,1.000000005
5039,0,1.021928095,2.000000000
5040,0,1.000000000,1.000000000
5041,0,0.302292189,0.080000000
5042,0,1.012773762,1.001377513
5043,0,0.303367094,0.080344681
5044,0,1.000000000,1.000000000
5045,0,1.021928095,0.400000000
5046,0,1.228118215,1.041111111
5047,0,1.929031819,1.394469234
5048,0,1.151492049,1.025081445
5049,0,1.100275988,2.005884720
5050,0,1.343597597,1.085342772
5051,0,0.371831874,0.104694839
5052,0,1.105758272,1.022149904
5053,0,0.910030743,0.569260403
5054,0,1.183445341,1.069594936
5055,0,1.664480956,1.482968021
5056,0,1.567558566,1.140048818
5057,0,1.281802979,0.578620160
5058,0,0.890284132,0.376806189
5059,0,1.231969730,1.963138381
5060,0,1.594146600,1.749199768
5061,0,1.925785664,1.184383723
5062,0,2.647081323,2.110155151
5063,0,2.214995737,1.871738861
5064,0,1.657767858,0.963748395
5065,0,0.643120902,0.321256172
5066,0,1.268706643,0.513356354
5067,0,1.126545286,0.982867967
5068,0,1.061458347,0.553449286
5069,0,1.540306032,1.678593980
5070,0,1.392740818,1.474960465
5071,0,1.167712090,3.152204741
5072,0,1.977704173,1.517016568
5073,0,1.601714296,1.171368079
5074,0,1.479559272,0.878548046
5075,0,1.056542965,0.980930590
5076,0,1.519802146,2.255880745
5077,0,1.798458397,1.332495517
5078,0,2.305938158,2.230168484
5079,0,2.496004699,3.233515830
5080,0,2.461457774,2.488661042
5081,0,2.334369463,2.109623760
5082,0,2.180825326,2.784675928
5083,0,2.456307141,2.097985687
5084,0,2.636223119,1.930134432
5085,0,2.711895848,2.358301369
5086,0,2.109501840,2.477071128
5087,0,2.259033370,3.206169532
5088,0,2.291903649,2.596836354
5089,0,1.407031813,3.005735183
5090,0,1.021504030,1.067941272
5091,0,0.266568832,0.095381542
5092,0,1.302826275,1.093438320
5093,0,0.264616234,0.152542373
5094,0,-0.000000000,0.000000000
5095,0,-0.000000000,0.000000000
5096,0,-0.000000000,0.000000000
5097,0,-0.000000000,0.000000000
5098,0,0.921928095,0.400000000
5099,0,0.039584219,0.007547170
5100,0,0.936957107,1.798993289
5101,0,0.041656256,1.999889100
5102,0,0.287592453,2.040280405
5103,0,0.048253892,1.999849767
5104,0,0.940704763,2.200960349
5105,0,0.187918227,1.999103152
5106,0,1.003161625,2.204575108
5107,0,0.229589950,1.995397023
5108,0,1.025775369,2.198944005
5109,0,0.886276383,1.960236322
5110,0,1.847091032,2.588475267
5111,0,2.028622830,1.643187593
5112,0,2.169379933,1.667681248
5113,0,1.733287065,1.298305225
5114,0,1.514191717,1.533597124
5115,0,1.159846038,0.818424192
5116,0,1.580655719,2.199308501
5117,0,0.296127599,0.119355065
5118,0,1.851697485,1.286835438
5119,0,0.758677633,0.329964588
5120,0,2.017599945,1.447144679
5121,0,0.323377502,0.120130432
5122,0,1.092618121,0.463277145
5123,0,0.009918143,0.007490172
5124,0,0.293492556,0.088052227
5125,0,0.056966013,0.017687917
5126,0,1.624884749,1.418915486
5127,0,0.122692492,0.033837869
5128,0,1.649532631,1.233014676
5129,0,0.486667471,0.161932900
5130,0,0.377577292,0.109245684
5131,0,0.008767429,0.004504932
5132,0,1.571534005,1.200143705
5133,0,0.000705067,0.000230428
5134,0,0.000853319,0.000293332
5135,0,0.000047437,0.000009811
5136,0,1.570954267,1.200000502
5137,0,0.266764988,0.090909091
5138,0,1.110130260,1.017597055
5139,0,0.808996947,0.492655928
5140,0,1.102028826,0.798441607
5141,0,0.267891374,0.096839646
5142,0,1.156613561,1.037363403
5143,0,0.533870139,0.237143927
5144,0,0.684535707,0.386493324
5145,0,0.613045337,0.463536296
5146,0,0.470877706,0.160827515
5147,0,0.101376816,0.073444922
5148,0,0.946462895,0.411126339
5149,0,0.203443163,0.057968949
5150,0,1.022625579,0.444614301
5151,0,0.054310950,0.023886169
5152,0,0.059399523,0.023218764
5153,0,0.006604492,0.001656050
5154,0,0.286249308,0.080950087
5155,0,0.466807015,0.197387994
5156,0,1.489126531,1.207786765
5157,0,0.556576500,0.251137261
5158,0,1.283211260,1.032916501
5159,0,1.039468721,1.111036325
5160,0,1.785464068,1.818856365
5161,0,2.094520064,1.411390592
5162,0,2.295967711,2.185450793
5163,0,1.951051584,2.427936581
5164,0,2.452011541,3.488335810
5165,0,1.824834435,2.315639100
5166,0,1.844052930,2.997459850
5167,0,1.701740422,1.803514352
5168,0,2.099478000,1.461147039
5169,0,1.829262497,0.945806615
5170,0,1.220155221,0.551686804
5171,0,0.909001044,0.357282491
5172,0,1.340834230,0.564304799
5173,0,0.512602336,0.168598687
5174,0,0.998909739,0.961127872
5175,0,0.302270384,0.080000000
5176,0,0.999999717,1.000625848
5177,0,1.021928067,0.400000000
5178,0,1.052690401,1.007086692
5179,0,0.307787926,0.081766365
5180,0,1.061422809,1.008428565
5181,0,-0.000000000,0.000000000
5182,0,1.000000000,1.000000000
5183,0,-0.000000000,0.000000000
5184,0,1.000000000,1.000000000
5185,0,-0.000000000,0.000000000
5186,0,1.000000000,1.000000000
5187,0,0.302292189,0.080000000
5188,0,1.060184319,1.008222222
5189,0,1.037639028,1.797315197
5190,0,1.053794829,1.007215404
5191,0,0.307921800,0.081809263
5192,0,1.013054267,1.001413330
5193,0,-0.000000000,0.000000000
5194,0,1.000000000,1.000000000
5195,0,0.302292189,0.080000000
5196,0,1.012773762,1.001377513
5197,0,0.303367094,0.080344681
5198,0,1.000000000,1.000000000
5199,0,-0.000000000,0.000000000
5200,0,1.000000000,1.000000000
5201,0,-0.000000000,0.000000000
5202,0,1.000000000,1.000000000
5203,0,0.302292189,0.080000000
5204,0,1.257422929,1.047844828
5205,0,1.111242665,0.450092421
5206,0,1.000000000,1.000000000
5207,0,1.021928095,0.400000000
5208,0,1.052690404,1.007034221
5209,0,-0.000000000,0.000000000
5210,0,1.000000000,1.000000000
5211,0,1.021928095,0.400000000
5212,0,1.228118215,1.041111111
5213,0,-0.000000000,0.000000000
5214,0,1.000000000,1.000000000
5215,0,-0.000000000,0.000000000
5216,0,1.000000000,1.000000000
5217,0,1.021928095,0.400000000
5218,0,1.394353252,1.123732252
5219,0,1.501221315,1.139970637
5220,0,1.822656089,1.431054258
5221,0,1.848049628,1.855003987
5222,0,1.750042373,1.840315797
5223,0,1.497322249,1.482460506
5224,0,1.772329671,1.046497806
5225,0,1.460488023,1.256882413
5226,0,0.341058171,0.113290711
5227,0,1.090533632,0.441924077
5228,0,1.347446405,0.692122134
5229,0,1.434877697,0.881287010
5230,0,1.437195211,1.602454266
5231,0,1.439471421,0.618987954
5232,0,0.828157343,0.299104379
5233,0,1.388678735,1.211948570
5234,0,1.094571398,0.578294012
5235,0,0.624990415,0.296634919
5236,0,0.682288365,0.235992205
5237,0,0.571036324,0.177035707
5238,0,1.149532865,0.492054598
5239,0,1.347241169,0.729375240
5240,0,0.072290481,0.017468731
5241,0,0.044261921,0.009697124
5242,0,0.944824350,0.403448335
5243,0,0.474209530,0.157592246
5244,0,1.022459155,1.043311211
5245,0,0.304531980,0.080726973
5246,0,0.999999537,1.000801462
5247,0,1.499999768,1.000000000
5248,0,1.220308711,1.038985697
5249,0,0.336926950,0.091276874
5250,0,1.018826318,1.002979210
5251,0,0.004772952,0.002231153
5252,0,1.004743920,1.001784923
5253,0,0.003914406,0.002380074
5254,0,1.000179191,1.000069439
5255,0,1.871100660,2.000057652
5256,0,1.138853756,1.022327001
5257,0,0.319875736,0.085698268
5258,0,1.272698582,1.051596543
5259,0,1.117737485,0.453824657
5260,0,1.255241161,1.047611776
5261,0,0.339537562,0.092158060
5262,0,1.068631970,1.009656418
5263,0,0.309784528,0.082408774
5264,0,1.013147847,1.001425351
5265,0,-0.000000000,0.000000000
5266,0,1.000000000,1.000000000
5267,0,0.302292189,1.960000000
5268,0,1.012773762,1.001377513
5269,0,-0.000000000,0.000000000
5270,0,1.000000000,1.000000000
5271,0,-0.000000000,0.000000000
5272,0,1.000000000,1.000000000
5273,0,1.870950594,1.200000000
5274,0,1.138751800,1.022289157
5275,0,-0.000000000,0.000000000
5276,0,1.000000000,1.000000000
5277,0,1.870950594,1.200000000
5278,0,1.000000000,1.000000000
5279,0,1.870950594,2.000000000
5280,0,1.138751800,1.022289157
5281,0,-0.000000000,0.000000000
5282,0,1.000000000,1.000000000
5283,0,-0.000000000,0.000000000
5284,0,1.000000000,1.000000000
5285,0,0.302292189,0.080000000
5286,0,1.012773762,1.001377513
5287,0,-0.000000000,0.000000000
5288,0,1.000000000,1.000000000
5289,0,-0.000000000,0.000000000
5290,0,1.000000000,1.000000000
5291,0,1.021928095,0.400000000
5292,0,1.228118215,1.041111111
5293,0,-0.000000000,0.000000000
5294,0,1.000000000,1.000000000
5295,0,1.021928095,2.000000000
5296,0,1.052690404,1.007034221
5297,0,-0.000000000,0.000000000
5298,0,1.000000000,1.000000000
5299,0,0.302292189,0.080000000
5300,0,1.038594890,1.010875847
5301,0,0.310594254,0.082609092
5302,0,1.045108938,1.009315429
5303,0,1.899772285,1.229545932
5304,0,1.407628942,1.176813254
5305,0,2.047819831,1.539570527
5306,0,1.413318327,1.701570040
5307,0,0.449207866,0.211408957
5308,0,1.133059010,1.092431191
5309,0,1.118552461,0.510824314
5310,0,1.100670509,1.045980610
5311,0,0.063096010,0.053827119
5312,0,1.018716252,1.011826617
5313,0,0.024525016,0.017513826
5314,0,1.000147483,1.000044876
5315,0,1.870964302,2.000002873
5316,0,2.280024517,1.437464326
5317,0,1.683504761,1.054936176
5318,0,2.422178695,1.883071373
5319,0,1.390609456,1.051310977
5320,0,1.932821635,1.985547613
5321,0,2.289704772,1.546109232
5322,0,1.980056663,1.780468351
5323,0,1.607978858,1.503360442
5324,0,1.748202280,1.041283822
5325,0,0.547719549,0.206880830
5326,0,0.403417161,0.132612366
5327,0,1.090059123,0.440964981
5328,0,1.345878212,0.690729123
5329,0,0.081476826,0.020206495
5330,0,0.930075777,1.804041299
5331,0,0.995335947,0.919633469
5332,0,1.021461690,0.400000000
5333,0,1.036991062,1.007919019
5334,0,-0.000000000,0.000000000
5335,0,1.000000000,1.000000000
5336,0,1.870950594,2.000000000
5337,0,1.491226097,3.429878049
5338,0,1.700297798,2.445338069
5339,0,1.707883650,3.280150219
5340,0,1.951716554,2.505952401
5341,0,1.008852559,1.174050703
5342,0,0.307685936,0.083726273
5343,0,0.999997868,0.998280915
5344,0,1.870949955,1.200000000
5345,0,1.094916398,1.030818934
5346,0,-0.000000000,0.000000000
5347,0,1.000000000,1.000000000
5348,0,-0.000000000,0.000000000
5349,0,1.000000000,1.000000000
5350,0,0.302292189,0.080000000
5351,0,0.999999425,0.999107284
5352,0,1.870950422,1.999464370
5353,0,1.375740457,1.080715553
5354,0,1.181679100,1.782004760
5355,0,0.999994295,1.002812369
5356,0,0.302292075,0.080000000
5357,0,0.999999485,1.000845016
5358,0,0.302292179,0.080000000
5359,0,0.999999407,0.999092951
5360,0,0.302292177,0.080000000
5361,0,0.999999405,1.000908101
5362,0,1.021928035,0.400000000
5363,0,1.036482233,1.000729364
5364,0,1.879815814,1.208200153
5365,0,1.095989265,1.003117857
5366,0,1.896941292,1.225550096
5367,0,1.098353567,1.004614432
5368,0,0.314798036,0.083975048
5369,0,1.044268186,1.005918776
5370,0,1.033905793,1.798755456
5371,0,1.037188759,1.001476101
5372,0,1.880012636,1.401126266
5373,0,1.096032233,1.030979451
5374,0,-0.000000000,0.000000000
5375,0,1.000000000,1.000000000
5376,0,0.302292189,0.080000000
5377,0,1.008877014,1.001980934
5378,0,1.023819627,1.799800906
5379,0,1.160382413,1.037085781
5380,0,-0.000000000,0.000000000
5381,0,1.000000000,1.000000000
5382,0,0.302292189,0.080000000
5383,0,1.008877014,1.000159612
5384,0,-0.000000000,0.000000000
5385,0,1.000000000,1.000000000
5386,0,0.302292189,0.080000000
5387,0,1.008877014,1.001980934
5388,0,1.023819627,1.999917587
5389,0,1.576528542,2.953886674
5390,0,1.298162839,1.957779535
5391,0,0.999915520,0.989178157
5392,0,0.302290499,0.080000000
5393,0,0.999999637,1.000709167
5394,0,-0.000000000,0.000000000
5395,0,1.000000000,1.000000000
5396,0,-0.000000000,0.000000000
5397,0,1.000000000,1.000000000
5398,0,0.302292189,0.080000000
5399,0,1.044481043,1.009761957
5400,0,-0.000000000,0.000000000
5401,0,1.000000000,1.000000000
5402,0,1.870950594,1.200000000
5403,0,1.375791478,1.080980392
5404,0,0.371227795,0.102643868
5405,0,0.999999753,0.999414723
5406,0,-0.000000000,0.000000000
5407,0,1.000000000,1.000000000
5408,0,0.302292189,0.080000000
5409,0,1.182011943,1.036063476
5410,0,-0.000000000,0.000000000
5411,0,1.000000000,1.000000000
5412,0,1.021928095,0.400000000
5413,0,0.999985120,1.004541811
5414,0,-0.000000000,0.000000000
5415,0,1.000000000,1.000000000
5416,0,1.870950594,2.000000000
5417,0,1.094879386,1.002520718
5418,0,1.051507921,0.415755879
5419,0,0.999986844,1.004270557
5420,0,0.302291926,0.080000000
5421,0,0.999999328,0.999034852
5422,0,-0.000000000,0.000000000
5423,0,1.000000000,1.000000000
5424,0,0.302292189,0.080000000
5425,0,1.008877014,1.001980934
5426,0,1.023819627,1.799800906
5427,0,1.036593315,1.000846404
5428,0,1.031529048,0.405072367
5429,0,1.037022267,1.000999520
5430,0,0.306201646,0.081236867
5431,0,0.999999448,1.000874576
5432,0,-0.000000000,0.000000000
5433,0,1.000000000,1.000000000
5434,0,1.021928095,0.400000000
5435,0,1.036488422,1.010048802
5436,0,0.306136756,0.081216458
5437,0,1.184764471,1.039829314
5438,0,0.329518853,0.088736953
5439,0,1.202275197,1.043496344
5440,0,-0.000000000,0.000000000
5441,0,1.000000000,1.000000000
5442,0,1.500000000,2.000000000
5443,0,1.148484269,1.004366029
5444,0,1.616713844,1.059391329
5445,0,1.162534795,1.012419384
5446,0,0.325464485,0.087406049
5447,0,1.009812478,1.001866621
5448,0,1.024045873,0.401113943
5449,0,1.160444205,1.027177393
5450,0,0.325110902,0.087303028
5451,0,1.046268202,1.006730824
5452,0,1.882515043,1.210793465
5453,0,0.999893191,1.012168187
5454,0,1.499946596,1.000000000
5455,0,0.999322889,1.030635413
5456,0,-0.000000000,0.000000000
5457,0,1.000000000,1.000000000
5458,0,-0.000000000,0.000000000
5459,0,1.000000000,1.000000000
5460,0,0.302292189,0.080000000
5461,0,0.999999425,0.999107284
5462,0,1.021928037,0.400000000
5463,0,1.575262361,1.166216843
5464,0,-0.000000000,0.000000000
5465,0,1.000000000,1.000000000
5466,0,1.021928095,0.400000000
5467,0,1.036488422,1.000809672
5468,0,1.031497217,0.405055762
5469,0,1.162116671,1.027656984
5470,0,1.078236893,1.793967025
5471,0,1.039813935,1.003950585
5472,0,1.531570311,2.009573728
5473,0,0.999635708,0.977528386
5474,0,1.499817854,1.000000000
5475,0,0.999090860,0.964502532
5476,0,1.870677853,1.200000000
5477,0,1.094040012,0.992750904
5478,0,-0.000000000,0.000000000
5479,0,1.000000000,1.000000000
5480,0,1.021928095,0.400000000
5481,0,0.999985120,1.004541811
5482,0,0.302291891,0.080000000
5483,0,0.999999322,0.999030251
5484,0,0.302292176,0.080000000
5485,0,1.008875477,1.001997586
5486,0,0.303049473,0.080239179
5487,0,0.999999429,0.999109917
5488,0,0.302292178,0.080000000
5489,0,1.008875603,1.000144095
5490,0,1.023819349,1.799801018
5491,0,1.036593179,1.010052169
5492,0,1.889428588,1.210736701
5493,0,1.370775030,1.165408130
5494,0,0.689299638,0.374155681
5495,0,1.073634576,1.000675687
5496,0,0.879261081,0.556829973
5497,0,0.638872406,0.208285161
5498,0,1.271627592,1.110427767
5499,0,1.631820084,1.055189984
5500,0,0.882214314,1.059101277
5501,0,1.350697787,1.131949604
5502,0,0.780027866,0.358964294
5503,0,1.086493901,0.444708049
5504,0,0.150893573,0.045011593
5505,0,0.103791260,0.028227165
5506,0,0.350074769,0.096516205
5507,0,0.363870122,0.103434420
5508,0,1.036530820,0.467008832
5509,0,-0.000000000,0.000000000
5510,0,1.000000000,1.000000000
5511,0,-0.000000000,0.000000000
5512,0,1.000000000,1.000000000
5513,0,0.302292189,0.080000000
5514,0,1.000000000,1.000000000
5515,0,0.302292189,0.080000000
5516,0,1.060184319,1.008222222
5517,0,-0.000000000,0.000000000
5518,0,1.000000000,1.000000000
5519,0,-0.000000000,0.000000000
5520,0,1.000000000,1.000000000
5521,0,1.870950594,1.400000000
5522,0,1.138751800,1.022289157
5523,0,-0.000000000,0.000000000
5524,0,1.000000000,1.000000000
5525,0,0.302292189,0.080000000
5526,0,1.060184319,1.008222222
5527,0,0.308717777,0.082066230
5528,0,1.000000000,1.000000000
5529,0,1.021928095,0.400000000
5530,0,1.228118215,1.041111111
5531,0,-0.000000000,0.000000000
5532,0,1.000000000,1.000000000
5533,0,0.302292189,0.080000000
5534,0,1.060184319,1.008222222
5535,0,0.309673025,0.082309867
5536,0,0.999999998,1.000053323
5537,0,1.021928095,2.000010665
5538,0,1.052690404,1.007038691
5539,0,0.307787926,0.081766365
5540,0,1.000000000,0.999999911
5541,0,1.021928095,1.999999982
5542,0,1.228118215,1.041111103
5543,0,1.115356028,0.448837744
5544,0,1.077026243,1.015245908
5545,0,0.020433477,0.011745658
5546,0,1.071907395,1.067207033
5547,0,1.884897234,1.405626895
5548,0,1.057473963,1.035222826
5549,0,0.361081395,0.131439553
5550,0,1.075538568,1.016416221
5551,0,1.053510752,0.419506920
5552,0,1.015928892,1.011619857
5553,0,1.022945832,0.400468023
5554,0,1.000872599,1.000327939
5555,0,0.303235372,0.080485648
5556,0,1.060388227,1.008290370
5557,0,0.308934704,0.082164619
5558,0,1.263090422,1.049232193
5559,0,0.000272426,0.000123948
5560,0,1.000075166,1.000021981
5561,0,1.009051943,1.491208878
5562,0,1.420260984,1.125283820
5563,0,0.760530992,0.403817001
5564,0,0.346762711,0.104349590
5565,0,0.330735868,0.097992457
5566,0,0.326790189,0.096472983
5567,0,0.326120873,0.096215271
5568,0,1.013707176,0.465186708
5569,0,1.284626505,0.724812081
5570,0,0.000000063,0.000000006
5571,0,0.000000047,0.000000004
5572,0,0.000000035,0.000000003
5573,0,1.570950612,1.400000001
5574,0,1.384420321,1.486440678
5575,0,0.997027499,1.715417015
5576,0,1.353194464,0.566807230
5577,0,0.289219934,0.101332266
5578,0,0.456966341,0.131649509
5579,0,1.017648166,0.452988510
5580,0,0.993428151,0.904623495
5581,0,0.000000000,0.000000000
5582,0,1.000000000,1.000000000
5583,0,0.000000000,0.000000000
5584,0,1.000000000,1.000000000
5585,0,1.432977717,1.111450382
5586,0,1.075351258,0.568429535
5587,0,1.525431163,1.495542594
5588,0,1.806053879,2.299182673
5589,0,1.895005545,1.384594266
5590,0,1.658120272,2.026676119
5591,0,2.357116145,4.081849568
5592,0,1.625562739,3.150657451
5593,0,-0.000000000,0.000000000
5594,0,1.000000000,1.000000000
5595,0,0.302292189,0.080000000
5596,0,1.060184319,1.008222222
5597,0,-0.000000000,0.000000000
5598,0,1.000000000,1.000000000
5599,0,0.302292189,0.080000000
5600,0,1.060184319,1.008222222
5601,0,1.037639028,0.408572389
5602,0,1.232495761,1.042143405
5603,0,1.930272903,1.268389059
5604,0,1.148980662,1.024464672
5605,0,1.067877372,0.425310753
5606,0,1.241017670,1.044174853
5607,0,1.104271286,0.446023914
5608,0,1.000000000,1.000000000
5609,0,0.302292189,0.080000000
5610,0,1.000000000,1.000000000
5611,0,0.302292189,0.080000000
5612,0,1.257422929,1.047844828
5613,0,-0.000000000,0.000000000
5614,0,1.000000000,1.000000000
5615,0,1.021928095,0.400000000
5616,0,1.000000000,1.000000000
5617,0,1.021928095,0.400000000
5618,0,1.000000000,1.000000000
5619,0,0.302292189,0.080000000
5620,0,1.060184319,1.008222222
5621,0,1.895478206,1.401753699
5622,0,1.551477224,1.130047815
5623,0,1.935704103,1.204650821
5624,0,1.304470136,1.051678570
5625,0,1.120646555,0.454982038
5626,0,1.059887123,1.007183721
5627,0,1.037535293,0.408498341
5628,0,1.232477090,1.042023254
5629,0,-0.000000000,0.000000000
5630,0,1.000000000,1.000000000
5631,0,-0.000000000,0.000000000
5632,0,1.000000000,1.000000000
5633,0,1.870950594,1.200000000
5634,0,1.532052555,1.123333333
5635,0,0.401554049,0.113415966
5636,0,1.017831718,1.002040046
5637,0,1.027145093,0.402391909
5638,0,1.745858173,1.219338057
5639,0,1.504879439,0.690447586
5640,0,1.347220935,1.117067081
5641,0,1.702831131,1.064599191
5642,0,1.922495882,1.615616710
5643,0,2.127171131,2.924764775
5644,0,0.703711929,1.643053349
5645,0,1.911886892,1.237235124
5646,0,1.236320126,0.521727553
5647,0,1.416184080,0.731691333
5648,0,1.590633048,1.702543762
5649,0,1.505048491,0.704831806
5650,0,0.933520559,0.361649936
5651,0,1.378268983,1.115978089
5652,0,2.209535664,1.493632626
5653,0,1.278543044,1.038771730
5654,0,1.106742254,0.568887523
5655,0,1.239102651,1.167467023
5656,0,1.158075595,1.997080953
5657,0,1.566004948,1.222866860
5658,0,1.730273532,0.908397879
5659,0,1.258674395,1.039269857
5660,0,1.665397811,2.047610023
5661,0,1.272278350,1.045225954
5662,0,1.152442962,0.611918268
5663,0,1.562796140,1.218333152
5664,0,1.594243635,1.551231402
5665,0,-0.000000000,0.000000000
5666,0,1.000000000,1.000000000
5667,0,1.413799565,0.857142857
5668,0,1.911129416,1.482456140
5669,0,-0.000000000,0.000000000
5670,0,0.282292189,0.080000000
5671,0,-0.000000000,0.000000000
5672,0,-0.000000000,0.000000000
5673,0,-0.000000000,0.000000000
5674,0,1.570950594,1.200000000
5675,0,0.104041954,0.023529412
5676,0,0.964387511,0.416753927
5677,0,-0.000000000,0.000000000
5678,0,0.282292189,0.080000000
5679,0,0.009543159,0.001486989
5680,0,0.925278881,0.401057502
5681,0,-0.000000000,0.000000000
5682,0,0.282292189,0.080000000
5683,0,0.009543159,0.001486989
5684,0,0.925278881,0.401057502
5685,0,-0.000000000,0.000000000
5686,0,1.570950594,1.200000000
5687,0,0.420026002,0.133333333
5688,0,1.918732985,1.331632653
5689,0,2.006236443,2.479532164
5690,0,2.139891828,1.978820035
5691,0,1.696149292,1.295750403
5692,0,-0.000000000,0.000000000
5693,0,-0.000000000,0.000000000
5694,0,0.282292189,0.080000000
5695,0,-0.000000000,0.000000000
5696,0,1.570950594,1.400000000
5697,0,0.420026002,0.133333333
5698,0,1.121220527,0.495522388
5699,0,-0.000000000,0.000000000
5700,0,1.000000000,1.000000000
5701,0,-0.000000000,0.000000000
5702,0,1.000000000,1.000000000
5703,0,1.413799565,2.000000000
5704,0,1.911129416,2.736842105
5705,0,2.023739967,2.848858616
5706,0,1.893753459,1.681984119
5707,0,0.798923569,3.609504643
5708,0,2.059133537,2.043143582
5709,0,1.829790786,2.333998987
5710,0,1.990846075,1.278718885
5711,0,1.699345093,2.126481100
5712,0,2.414303631,2.404797384
5713,0,1.715270292,2.954124102
5714,0,2.568110611,3.462602308
5715,0,2.082460823,4.239436366
5716,0,1.606351067,5.689749534
5717,0,1.943053329,6.692602881
5718,0,2.562875218,5.409176254
5719,0,1.654809975,4.537639375
5720,0,1.581633476,3.558474276
5721,0,0.302292171,0.080000000
5722,0,1.000000000,1.000018065
5723,0,1.500000000,2.000018065
5724,0,1.000000000,1.000008557
5725,0,-0.000000000,0.000000000
5726,0,1.000000000,1.000000000
5727,0,1.021928095,0.400000000
5728,0,1.000000000,1.000000000
5729,0,1.870950594,1.200000000
5730,0,1.138751800,1.022289157
5731,0,1.904985459,1.237092993
5732,0,1.549710964,1.129350639
5733,0,-0.000000000,0.000000000
5734,0,1.000000000,1.000000000
5735,0,1.021928095,1.800000000
5736,0,1.052690404,1.007034221
5737,0,1.892317675,1.401502595
5738,0,1.010921911,1.004547948
5739,0,0.011979969,0.006345974
5740,0,1.000000000,1.000000000
5741,0,0.302292189,0.080000000
5742,0,1.084886310,1.014810458
5743,0,0.350564491,0.100210388
5744,0,1.065705546,1.018019859
5745,0,0.007428081,0.003679210
5746,0,1.002917829,1.000899730
5747,0,0.003352516,0.001560853
5748,0,1.000639830,1.000203382
5749,0,0.000847824,0.000324461
5750,0,1.000069521,1.000016565
5751,0,1.413279780,0.729412438
5752,0,1.602211863,1.082664853
5753,0,1.567965166,1.968306002
5754,0,2.181033374,2.013203897
5755,0,1.606907357,0.986631636
5756,0,0.500757742,0.176261740
5757,0,1.751912600,1.209964929
5758,0,1.122520112,0.488668565
5759,0,1.375704601,1.212440992
5760,0,1.276233060,0.682536583
5761,0,1.018049238,0.971711655
5762,0,0.863953131,1.457715832
5763,0,-0.000000000,0.000000000
5764,0,0.282292189,0.080000000
5765,0,0.045570069,0.008888889
5766,0,0.288142907,0.081522601
5767,0,0.010139645,0.001607767
5768,0,0.283435175,0.080268338
5769,0,-0.000000000,0.000000000
5770,0,-0.000000000,0.000000000
5771,0,-0.000000000,0.000000000
5772,0,-0.000000000,0.000000000
5773,0,-0.000000000,0.000000000
5774,0,0.282292189,0.080000000
5775,0,-0.000000000,0.000000000
5776,0,0.921928095,0.400000000
5777,0,0.039584219,0.007547170
5778,0,0.287297754,0.081292059
5779,0,0.010052757,0.001589476
5780,0,1.577800827,1.201783209
5781,0,-0.000000000,0.000000000
5782,0,0.921928095,0.400000000
5783,0,-0.000000000,0.000000000
5784,0,0.282292189,0.080000000
5785,0,0.009543159,0.001486989
5786,0,-0.000000000,0.000000000
5787,0,-0.000000000,0.000000000
5788,0,1.570950594,1.200000000
5789,0,0.104041954,0.023529412
5790,0,-0.000000000,0.000000000
5791,0,-0.000000000,0.000000000
5792,0,-0.000000000,0.000000000
5793,0,-0.000000000,0.000000000
5794,0,1.000000000,1.000000000
5795,0,-0.000000000,0.000000000
5796,0,0.921928095,0.400000000
5797,0,0.039584219,0.007547170
5798,0,0.936957107,0.405369128
5799,0,0.185279412,0.047371365
5800,0,-0.000000000,0.000000000
5801,0,-0.000000000,0.000000000
5802,0,-0.000000000,0.000000000
5803,0,-0.000000000,0.000000000
5804,0,-0.000000000,0.000000000
5805,0,-0.000000000,0.000000000
5806,0,1.072527274,1.010309278
5807,0,0.819540231,0.497136312
5808,0,1.332357726,0.850857599
5809,0,1.038214635,0.961531058
5810,0,1.805062873,1.095925180
5811,0,0.811398411,0.528046131
5812,0,0.901902559,0.582391148
5813,0,0.547030173,0.598278537
5814,0,1.428740588,2.173792364
5815,0,0.400519301,0.318756516
5816,0,1.806619968,2.131335189
5817,0,0.877538964,1.146109664
5818,0,1.434405310,1.282995193
5819,0,0.618507304,1.089555151
5820,0,1.465094837,2.722414126
5821,0,0.443113945,0.920010254
5822,0,1.921194786,4.026340445
5823,0,0.896792640,3.131645161
5824,0,1.843170085,3.093214838
5825,0,0.701248028,0.751073305
5826,0,1.476875528,1.149359415
5827,0,0.326500475,0.597622647
5828,0,1.253094324,0.913955476
5829,0,0.064916148,0.025840074
5830,0,0.289313874,0.082186716
5831,0,0.012851704,0.002391869
5832,0,1.004093276,0.998743104
5833,0,0.663829031,0.285385064
5834,0,1.541420359,2.025526171
5835,0,0.575980460,0.237165882
5836,0,1.434336996,1.179585359
5837,0,0.960026822,0.573949526
5838,0,1.479318104,1.063088449
5839,0,0.044463972,0.013158971
5840,0,1.097500062,1.015225983
5841,0,0.698516747,0.356239931
5842,0,1.355282932,1.063841733
5843,0,1.881813128,1.241335452
5844,0,1.923680342,2.122713612
5845,0,1.994732412,2.100732782
5846,0,2.614281096,1.709489934
5847,0,2.290167976,1.785865777
5848,0,2.678003757,2.316663442
5849,0,2.482959387,1.886643697
5850,0,2.300106039,1.410870779
5851,0,1.877315688,1.486902095
5852,0,2.159703662,1.236002568
5853,0,1.516479988,0.806016137
5854,0,2.267858336,1.763774609
5855,0,1.948775387,1.091863122
5856,0,0.994267155,0.587711027
5857,0,0.972817235,0.428108112
5858,0,0.756429314,0.274312204
5859,0,0.333002197,0.094629662
5860,0,1.014570521,0.984492626
5861,0,1.873876795,1.202842499
5862,0,1.533395289,1.118059450
5863,0,0.401899512,1.999425649
5864,0,1.017850302,1.001806284
5865,0,1.025790161,1.799371031
5866,0,1.000000000,0.999975921
5867,0,-0.000000000,0.000000000
5868,0,1.000000000,1.000000000
5869,0,0.302292189,0.080000000
5870,0,1.012773762,1.001377513
5871,0,-0.000000000,0.000000000
5872,0,1.000000000,1.000000000
5873,0,1.021928095,0.400000000
5874,0,1.000000000,1.000000000
5875,0,1.500000000,1.000000000
5876,0,1.000000000,1.000000000
5877,0,-0.000000000,0.000000000
5878,0,1.000000000,1.000000000
5879,0,0.302292189,0.080000000
5880,0,1.060184319,1.008222222
5881,0,0.308717777,0.082066230
5882,0,1.061632540,1.008464963
5883,0,1.038080351,0.408812080
5884,0,1.000000000,1.000000000
5885,0,1.021928095,0.400000000
5886,0,1.000000000,1.000000000
5887,0,0.302292189,0.080000000
5888,0,1.000000000,1.000000000
5889,0,1.021928095,0.400000000
5890,0,1.000000000,1.000000000
5891,0,1.870950594,1.200000000
5892,0,1.138751800,1.022289157
5893,0,0.319766260,1.958054110
5894,0,1.064128623,1.008886137
5895,0,-0.000000000,0.000000000
5896,0,1.000000000,1.000000000
5897,0,-0.000000000,0.000000000
5898,0,1.000000000,1.000000000
5899,0,1.021928095,0.400000000
5900,0,1.052690404,1.007034221
5901,0,1.035378563,0.407332871
5902,0,1.053635335,1.007189192
5903,0,1.882971918,1.399015222
5904,0,1.537886350,1.125310343
5905,0,1.245480107,0.532048628
5906,0,1.069401447,1.009853544
5907,0,1.887096294,1.216380902
5908,0,1.141234382,1.022815310
5909,0,1.065058294,0.423762908
5910,0,1.240201595,1.043976669
5911,0,-0.000000000,0.000000000
5912,0,1.000000000,1.000000000
5913,0,0.302292189,0.080000000
5914,0,1.060184319,1.008222222
5915,0,1.884579970,1.398848861
5916,0,1.538715035,1.125591448
5917,0,2.006694264,2.005524895
5918,0,1.617624444,1.153484972
5919,0,1.896310166,1.191653082
5920,0,1.000000000,1.000000000
5921,0,1.870950594,2.000000000
5922,0,1.000000000,1.000000000
5923,0,1.021928095,0.400000000
5924,0,1.052690404,1.007034221
5925,0,1.035378563,2.000000000
5926,0,1.793831720,1.217452590
5927,0,0.482278648,0.142844448
5928,0,1.000000000,1.000000000
5929,0,0.302292189,0.080000000
5930,0,1.060184319,1.008222222
5931,0,0.308717777,0.082066230
5932,0,1.000000000,1.000000000
5933,0,-0.000000000,0.000000000
5934,0,1.000000000,1.000000000
5935,0,1.870950594,1.200000000
5936,0,1.138751800,1.022289157
5937,0,1.064163411,0.423273040
5938,0,1.239942264,1.043913668
5939,0,1.103828264,0.445772591
5940,0,1.058560873,1.008006445
5941,0,-0.000000000,0.000000000
5942,0,1.000000000,1.000000000
5943,0,1.021928095,0.400000000
5944,0,1.052690404,1.007034221
5945,0,0.307787926,0.081766365
5946,0,1.000000000,1.000000000
5947,0,1.021928095,1.800000000
5948,0,1.000000000,1.000000000
5949,0,1.500000000,2.000000000
5950,0,1.000000000,1.000000000
5951,0,0.302292189,0.080000000
5952,0,1.060184319,1.008222222
5953,0,-0.000000000,0.000000000
5954,0,1.000000000,1.000000000
5955,0,1.021928095,0.400000000
5956,0,1.000000000,1.000000000
5957,0,1.021928095,0.400000000
5958,0,1.228118215,1.041111111
5959,0,0.334665510,0.090549664
5960,0,1.014397000,1.001586340
5961,0,0.303522188,0.080394186
5962,0,1.012835061,1.001385336
5963,0,1.024585390,2.000000000
5964,0,1.052876544,1.007064705
5965,0,0.307810449,0.081773582
5966,0,1.013048628,1.001412603
5967,0,1.873521893,2.000071683
5968,0,1.139113019,1.022365249
5969,0,-0.000000000,0.000000000
5970,0,1.000000000,1.000000000
5971,0,0.302292189,0.080000000
5972,0,1.000000000,1.000000000
5973,0,0.302292189,0.080000000
5974,0,1.012773762,1.001377513
5975,0,0.303367094,0.080344681
5976,0,1.060426407,1.008262715
5977,0,-0.000000000,0.000000000
5978,0,1.000000000,1.000000000
5979,0,0.302292189,0.080000000
5980,0,1.012773762,1.001377513
5981,0,0.303367094,0.080344681
5982,0,1.000000000,1.000000000
5983,0,-0.000000000,0.000000000
5984,0,1.000000000,1.000000000
5985,0,-0.000000000,0.000000000
5986,0,1.000000000,1.000000000
5987,0,-0.000000000,0.000000000
5988,0,1.000000000,1.000000000
5989,0,1.500000000,2.000000000
5990,0,1.000000000,1.000000000
5991,0,-0.000000000,0.000000000
5992,0,1.000000000,1.000000000
5993,0,0.302292189,2.000000000
5994,0,1.257422929,1.047844828
5995,0,-0.000000000,0.000000000
5996,0,1.000000000,1.000000000
5997,0,0.302292189,0.080000000
5998,0,1.012773762,1.001377513
5999,0,-0.000000000,0.000000000
