0,0,4.864815473,7.191428571
1,0,4.674684699,7.515559007
2,0,4.562797352,7.623564926
3,0,4.062372232,5.332309675
4,0,4.267819859,5.355810678
5,0,4.232615486,5.048253903
6,0,4.349376463,3.731512272
7,0,3.937893622,3.892052988
8,0,3.941053172,3.348652381
9,0,4.043438456,2.863994133
10,0,4.049982811,3.181686259
11,0,4.000089287,2.911289358
12,0,4.127469544,2.635390400
13,0,4.226994982,2.976640213
14,0,4.082505918,3.085965918
15,0,3.800442785,1.975815400
16,0,3.920688844,2.114039999
17,0,3.905712146,2.892977013
18,0,4.101305020,3.122954077
19,0,3.604118068,2.876867588
20,0,3.901114521,2.131100251
21,0,3.874140375,2.086941759
22,0,4.030634306,3.194359140
23,0,2.911387622,1.997654666
24,0,3.439513964,1.916265803
25,0,3.323374885,1.510408854
26,0,3.154968128,1.427773734
27,0,3.418095893,1.968451799
28,0,3.431613764,1.735156554
29,0,3.614301872,2.176254501
30,0,3.189213750,2.273221793
31,0,3.483339895,2.982824277
32,0,3.480023505,2.582436521
33,0,3.570712398,3.524977543
34,0,3.539509053,4.087280395
35,0,2.999069885,4.214703747
36,0,2.761970920,2.613294212
37,0,3.150445675,2.430533836
38,0,1.406503988,1.077576405
39,0,2.171473367,1.990491490
40,0,2.002104112,1.565091727
41,0,1.768508873,2.105477619
42,0,1.877537281,2.760633572
43,0,2.882268641,2.331971383
44,0,2.813883844,3.116677241
45,0,1.939105421,3.324454930
46,0,2.515170690,2.758225369
47,0,2.431061749,1.928387635
48,0,2.930982931,1.988564927
49,0,2.642669864,1.813103863
50,0,2.237102341,2.464827921
51,0,2.523520332,1.867484515
52,0,2.578374717,2.122486189
53,0,1.866062143,2.199713435
54,0,2.453108378,2.678047529
55,0,1.555892506,2.778353820
56,0,2.638414817,2.163752524
57,0,2.300595874,1.976884625
58,0,1.872205564,0.913035852
59,0,1.905880979,1.961284624
60,0,2.428949404,1.931784633
61,0,2.666338047,1.568308389
62,0,1.111549371,1.191598340
63,0,1.901888685,2.143392240
64,0,2.572333801,1.836243925
65,0,2.206522554,2.079298713
66,0,2.545702531,1.891381454
67,0,1.899639085,1.537615436
68,0,2.699397416,2.302154230
69,0,2.763954937,2.802093723
70,0,3.272670958,2.311250576
71,0,3.328089442,2.958765121
72,0,3.218769378,3.650327281
73,0,3.598257420,2.943585427
74,0,3.583414846,3.800715921
75,0,3.067820585,2.827166904
76,0,3.263858317,3.004702632
77,0,3.291863236,3.192783717
78,0,3.564908886,3.937617168
79,0,1.579689865,1.923539400
80,0,1.955712238,2.917349379
81,0,2.929443728,3.924236931
82,0,2.532705559,2.944037495
83,0,2.872517127,3.945987512
84,0,2.804857583,3.236832624
85,0,2.647049651,2.582144847
86,0,2.420058780,1.864652232
87,0,2.339939162,1.501301230
88,0,2.804975377,2.084657572
89,0,3.051126645,2.727881675
90,0,2.406572312,1.797866098
91,0,1.975660695,1.591559925
92,0,2.027943404,2.821935455
93,0,1.499999963,1.000000000
94,0,2.075020328,1.571229836
95,0,2.012698576,2.107404769
96,0,2.358293599,3.075432741
97,0,1.944860536,1.461065250
98,0,2.146097473,1.237626538
99,0,2.416845206,1.713208284
100,0,2.283108392,2.317360641
101,0,0.664208871,0.885161208
102,0,1.697076520,1.815150967
103,0,-0.000000000,0.000000000
104,0,1.000000000,1.000000000
105,0,-0.000000000,0.000000000
106,0,1.000000000,1.000000000
107,0,1.918295834,1.333333333
108,0,2.299736764,1.500000000
109,0,2.277917590,1.407008086
110,0,1.770533851,1.246275634
111,0,0.481719684,0.356157487
112,0,1.000000000,1.000000000
113,0,0.918295834,1.333333333
114,0,-0.000000000,0.000000000
115,0,1.314320487,1.076923077
116,0,2.223148386,1.394736842
117,0,2.142487788,1.391304348
118,0,2.587594750,2.135309455
119,0,2.401886363,1.676372411
120,0,2.656451373,2.651972265
121,0,2.319662536,1.977637721
122,0,2.721299246,1.795118144
123,0,1.472764709,1.139886943
124,0,1.854491635,1.294503771
125,0,1.433262572,1.295819735
126,0,2.433483784,1.585622905
127,0,1.920321515,1.307057296
128,0,2.403165584,1.716427515
129,0,2.625003213,2.076324364
130,0,2.178072474,1.365976956
131,0,2.282315660,1.265694494
132,0,2.325815587,1.682516869
133,0,2.331515904,2.484987358
134,0,2.374477940,1.932832518
135,0,2.437220694,2.581700269
136,0,2.476114547,2.184455280
137,0,2.320580703,2.040697981
138,0,1.369184762,1.732972412
139,0,2.578910917,1.787521350
140,0,1.541160134,1.052297403
141,0,1.622140873,1.110381697
142,0,2.679591929,1.794807444
143,0,2.663092991,1.702842552
144,0,2.883611064,2.321361061
145,0,2.615722183,1.817091914
146,0,2.895704774,2.423489402
147,0,2.611589325,2.814646908
148,0,2.584381422,2.341252029
149,0,2.463586555,1.560844902
150,0,2.449180560,1.382867816
151,0,1.854027174,1.498858382
152,0,2.050104117,1.256008718
153,0,2.413801691,2.135828961
154,0,1.886881565,1.459170742
155,0,2.363436376,2.147437834
156,0,2.482048539,1.469672222
157,0,2.574049704,1.581920335
158,0,2.349427042,1.629749402
159,0,2.430129128,2.508919468
160,0,1.953217189,2.421954580
161,0,2.401005128,2.116788159
162,0,2.202964208,1.432745080
163,0,2.358630299,1.232318629
164,0,2.364429212,1.737301582
165,0,2.252839621,2.762226431
166,0,2.914217571,3.789311999
167,0,3.107955597,3.595041180
168,0,2.860303556,2.039317700
169,0,3.264736921,2.849172080
170,0,3.305639181,2.461575178
171,0,3.100684995,2.418609870
172,0,3.236943258,3.009481277
173,0,3.166798148,2.577458801
174,0,3.490869463,2.743143460
175,0,2.637602128,2.198381037
176,0,2.668413286,2.487661616
177,0,2.582060238,2.733343269
178,0,2.282514229,2.283400157
179,0,2.505128933,1.956211523
180,0,2.825047922,2.942608068
181,0,2.725910173,1.975241104
182,0,2.639760680,2.625070489
183,0,2.618720824,3.244511081
184,0,2.618090685,3.749428883
185,0,2.588652893,2.516139890
186,0,1.909308749,2.566602145
187,0,2.917325494,3.420490659
188,0,2.966305486,2.750518010
189,0,1.641786251,2.682212727
190,0,1.811180639,2.163737380
191,0,2.878021306,3.043077448
192,0,1.849530906,2.848483722
193,0,2.770254913,3.592329661
194,0,3.029792528,4.509343987
195,0,2.872251274,5.300659328
196,0,2.997973272,6.278519901
197,0,2.153716334,4.844877606
198,0,2.948710908,4.406799302
199,0,1.415299913,1.523783142
200,0,2.300470322,2.402270609
201,0,2.875989159,3.017835426
202,0,2.998402259,2.477484758
203,0,3.061604511,2.271055688
204,0,3.262579410,2.201696332
205,0,2.916567487,2.438807791
206,0,2.912598486,2.004108299
207,0,1.929745114,1.396990309
208,0,2.686254880,2.386544647
209,0,2.115615908,2.147049234
210,0,2.543957402,1.904248863
211,0,2.951123646,2.037563959
212,0,3.058824739,2.345060663
213,0,3.217113488,2.876933617
214,0,3.150227016,3.431393564
215,0,3.140312717,2.767262935
216,0,3.482962763,2.640026011
217,0,3.161084616,2.169499836
218,0,3.171509323,2.034591089
219,0,1.678868976,1.322568283
220,0,2.567323485,1.662042467
221,0,1.842550431,1.378350429
222,0,2.549919331,2.138932538
223,0,2.787055374,2.944488224
224,0,2.550902640,3.959287130
225,0,2.759982627,4.686659311
226,0,2.568077652,5.714478541
227,0,3.273469668,4.871411636
228,0,3.083179688,4.246882575
229,0,3.160318888,5.171627688
230,0,2.562367822,4.593613624
231,0,3.158781384,3.928837744
232,0,3.095426609,4.534111498
233,0,3.242924523,5.131015727
234,0,3.175855686,4.781966038
235,0,3.300597310,5.317244492
236,0,2.963459822,5.043721120
237,0,3.305388667,5.383821367
238,0,3.464729142,4.593530084
239,0,3.332800327,4.724660111
240,0,3.263155126,4.086036526
241,0,3.488275017,5.277133113
242,0,3.489419504,6.257783451
243,0,3.666675011,7.153775834
244,0,3.383419066,7.325843380
245,0,3.262987349,7.594758124
246,0,3.374248698,7.364143536
247,0,3.164873537,6.543796722
248,0,3.539404296,6.007160856
249,0,3.390764976,5.011283552
250,0,3.226002014,5.969510427
251,0,2.532275121,4.857339683
252,0,2.722210790,3.995229802
253,0,3.142003320,3.674063775
254,0,2.331758522,2.779951047
255,0,2.076382707,3.710896665
256,0,2.512078119,4.687294554
257,0,1.845716542,3.801116853
258,0,1.889523856,5.068207124
259,0,2.329075321,4.383007048
260,0,2.323934182,5.322420254
261,0,1.650817483,4.326848972
262,0,1.764686421,5.569300604
263,0,2.150609115,4.717948372
264,0,2.214268795,5.685025170
265,0,2.138689324,4.770782984
266,0,3.071414994,5.713564281
267,0,1.246831073,4.733623919
268,0,2.169478579,5.733647137
269,0,2.640648981,4.831000043
270,0,2.466672400,5.746661269
271,0,2.747781288,6.740460615
272,0,2.929657446,7.727214557
273,0,2.701281590,6.617245171
274,0,2.868867702,7.642538361
275,0,3.423185123,8.611260386
276,0,3.247235683,9.782272491
277,0,1.355815368,9.562238150
278,0,2.783450695,7.355914794
279,0,2.844067621,8.681824881
280,0,2.728483920,9.295094778
281,0,3.296985889,7.876829659
282,0,3.256310174,7.002198383
283,0,3.371982835,8.052023857
284,0,3.332349562,8.368939957
285,0,3.492069392,9.443237941
286,0,3.540361667,8.439225755
287,0,2.852546193,8.375344394
288,0,3.035960166,6.854189852
289,0,2.995584052,6.970455452
290,0,3.371965302,8.067915155
291,0,2.820283988,5.857454790
292,0,2.505761890,6.975428395
293,0,2.697301810,8.082289497
294,0,3.247763577,9.276100996
295,0,3.165701175,8.337865478
296,0,3.564176429,7.507091340
297,0,2.456862330,5.775750209
298,0,2.734103523,4.766248401
299,0,1.478856578,4.084880247
300,0,2.414391289,5.111063256
301,0,2.875643541,4.381736282
302,0,2.313175827,5.126455667
303,0,2.390107205,4.321881941
304,0,3.220860437,5.169626096
305,0,3.073041765,5.957117912
306,0,2.167118053,4.855895749
307,0,3.039407045,5.929555476
308,0,2.486138917,6.847066656
309,0,2.496656486,5.741126912
310,0,2.955662027,6.814655752
311,0,2.831669737,5.700580442
312,0,3.255077729,6.708870962
313,0,3.454324286,7.795260652
314,0,2.633801030,9.098235731
315,0,2.583674279,10.351651759
316,0,3.205540463,9.738089865
317,0,3.189810210,10.984079288
318,0,3.553519896,10.002817318
319,0,3.433530910,11.179721521
320,0,3.525552347,10.087221962
321,0,3.326744290,9.146770584
322,0,3.302663572,10.323859705
323,0,3.586145361,11.396341077
324,0,3.643779023,11.912696757
325,0,3.692129727,10.312052643
326,0,3.576296728,11.541778781
327,0,3.959584872,10.286832332
328,0,2.914792806,10.165787700
329,0,3.323434303,8.774114759
330,0,3.937837600,8.669537192
331,0,3.776511962,8.028076318
332,0,3.985836615,8.632676682
333,0,3.810437380,7.783264357
334,0,3.543321521,9.382499325
335,0,3.735782041,10.529502703
336,0,3.756698442,10.036296525
337,0,3.978444995,8.821022389
338,0,3.914270321,10.010300858
339,0,3.652469891,9.353526417
340,0,3.572333629,8.634835785
341,0,3.468049253,5.840460932
342,0,2.584552029,4.481415064
343,0,2.970720247,3.814107098
344,0,2.483097506,3.638997364
345,0,2.847099241,3.909205071
346,0,2.969378924,3.722101791
347,0,3.131566903,4.190954344
348,0,2.621161815,3.806513078
349,0,3.134914692,3.637410020
350,0,2.443631538,2.775581738
351,0,1.710906289,2.761529723
352,0,1.462320950,1.382785169
353,0,1.496683773,2.003158602
354,0,1.706196728,2.833661908
355,0,2.368351575,3.635011054
356,0,2.349820137,4.770103331
357,0,3.168411917,5.644334506
358,0,2.446030535,6.167985964
359,0,2.177401559,5.590515176
360,0,3.225679822,6.734120432
361,0,2.457147929,3.647273931
362,0,2.963074897,3.504664205
363,0,2.861570333,3.445599066
364,0,2.195755762,2.390975226
365,0,1.542549379,1.585432502
366,0,1.926931001,2.269546184
367,0,1.578726113,1.737845576
368,0,1.754041297,1.973472431
369,0,1.037227232,1.666334694
370,0,1.532586601,2.011919150
371,0,1.942451904,2.164582646
372,0,2.155239160,2.220238233
373,0,1.445876224,1.523407443
374,0,1.111524975,0.981068409
375,0,1.563024876,1.436869295
376,0,2.044534551,1.797899598
377,0,2.206693752,2.323867221
378,0,2.204284601,2.155414598
379,0,2.198409901,2.517401124
380,0,2.195716661,2.103337487
381,0,2.471862454,1.971462020
382,0,2.233203567,2.127380017
383,0,1.955777852,1.399303556
384,0,1.818464171,1.350993907
385,0,1.419872870,1.263651424
386,0,2.022217531,2.092646492
387,0,1.769229693,1.277001650
388,0,2.069466443,2.039438606
389,0,2.215970534,1.746727152
390,0,1.992748723,1.937011918
391,0,2.237881536,1.746418829
392,0,1.988679356,1.276962580
393,0,1.934563385,1.605027090
394,0,2.066162939,1.265371527
395,0,0.962390359,1.355278724
396,0,1.679009951,1.741368874
397,0,2.242752405,1.704078182
398,0,1.966184272,1.751189466
399,0,1.762249551,1.198703752
400,0,2.494446498,1.694500169
401,0,2.184060405,1.516225033
402,0,1.959021896,1.950752777
403,0,2.003024763,2.017417873
404,0,1.788115908,2.136148089
405,0,1.485109409,1.212825693
406,0,1.543676568,1.103594148
407,0,2.219080371,1.779235356
408,0,1.977206531,1.912468223
409,0,1.926991585,1.325979372
410,0,1.443077353,1.225320725
411,0,1.544936369,1.930323907
412,0,2.096398343,2.179211863
413,0,2.239706514,1.667127893
414,0,2.425599527,1.663125493
415,0,2.193446272,1.700330735
416,0,2.443109041,1.706823196
417,0,1.918828270,1.279020617
418,0,2.110220066,1.549899199
419,0,1.967980067,2.231832493
420,0,2.493983155,1.859227693
421,0,2.212399360,2.125826761
422,0,2.110463115,2.556213704
423,0,2.227845956,2.236660306
424,0,1.532253472,2.310992357
425,0,1.538526403,1.685869546
426,0,2.500260410,2.738224622
427,0,2.063319824,1.909429002
428,0,1.707588165,1.185737970
429,0,1.535160509,1.193070172
430,0,1.545163403,1.135510256
431,0,1.980525725,1.618941056
432,0,2.092319118,2.207440315
433,0,1.811870262,1.638121251
434,0,1.502624224,1.328999334
435,0,0.849002659,0.914647623
436,0,1.398948188,1.114554508
437,0,1.528158339,1.088448937
438,0,2.088992320,1.716392329
439,0,1.964263606,1.278177128
440,0,2.073632881,1.807228847
441,0,2.228558802,2.687497898
442,0,2.277491139,1.580098096
443,0,2.039965212,2.573203164
444,0,1.927485333,1.520034651
445,0,0.995997286,1.074456738
446,0,1.497998643,2.074456738
447,0,2.253680788,1.697690307
448,0,1.941013725,1.985471154
449,0,1.559035671,1.089529107
450,0,1.866615266,1.097525382
451,0,2.244454013,1.614051865
452,0,2.016348999,1.157544567
453,0,0.990159235,1.116666832
454,0,1.185048029,0.500000000
455,0,0.999738218,1.019049539
456,0,-0.000000000,0.000000000
457,0,1.000000000,1.000000000
458,0,1.918295834,1.333333333
459,0,2.109016299,1.388888889
460,0,1.946783210,1.491712707
461,0,2.155728209,1.441528545
462,0,1.946553067,2.042183623
463,0,1.452099371,1.251702689
464,0,2.444467946,2.029310859
465,0,2.080474515,2.281772936
466,0,1.812860343,2.600067065
467,0,1.952649577,1.902897433
468,0,2.147840872,1.557464931
469,0,1.946813081,2.041448286
470,0,2.073162189,2.610529064
471,0,2.220131136,1.859453557
472,0,1.747865040,2.384265497
473,0,2.244553667,1.797848133
474,0,2.306390175,1.501333108
475,0,2.046059283,1.342324066
476,0,2.179918270,1.424519528
477,0,2.051880571,1.970355817
478,0,1.746028938,2.335155826
479,0,2.284314939,1.794740989
480,0,-0.000000000,0.000000000
481,0,1.000000000,1.000000000
482,0,1.775858948,2.000000000
483,0,1.653794121,1.208791209
484,0,-0.000000000,0.000000000
485,0,1.000000000,1.000000000
486,0,1.775858948,1.846153846
487,0,1.653794121,1.120879121
488,0,1.932348988,1.313111546
489,0,0.997125693,1.063102999
490,0,1.917337732,1.333333333
491,0,1.443194055,1.246528128
492,0,1.335810644,1.358850698
493,0,1.534131723,2.089684217
494,0,2.499138253,1.800833618
495,0,2.067068386,1.734785625
496,0,1.971864345,1.153412956
497,0,0.999761674,0.981823871
498,0,1.775748952,1.076923077
499,0,0.994928831,0.916203266
500,0,1.185644228,0.500000000
501,0,1.180843423,1.041903226
502,0,1.921115433,1.329798813
503,0,2.123739596,1.512697732
504,0,1.869313416,1.966641495
505,0,2.008680454,1.472889358
506,0,1.817607781,1.956676842
507,0,0.992742902,0.899782271
508,0,1.496371451,1.000000000
509,0,1.432047421,1.302145020
510,0,1.534321939,1.916536467
511,0,1.708567409,1.101207437
512,0,1.873301693,1.903313668
513,0,0.988127872,0.871886501
514,0,-0.000000000,0.000000000
515,0,1.000000000,1.000000000
516,0,-0.000000000,0.000000000
517,0,1.000000000,1.000000000
518,0,1.500000000,1.000000000
519,0,0.994030211,0.909090909
520,0,-0.000000000,0.000000000
521,0,1.000000000,1.000000000
522,0,1.918295834,2.000000000
523,0,2.129331624,1.782178218
524,0,2.054791281,1.190152801
525,0,2.256997449,1.703330412
526,0,2.023711760,2.033086925
527,0,0.991709681,0.892898222
528,0,1.185241835,0.500000000
529,0,1.626639488,1.150295907
530,0,1.902932332,2.024224075
531,0,1.981867475,1.319232754
532,0,2.096778911,2.021214073
533,0,2.005028747,1.888575396
534,0,2.149406091,1.554097988
535,0,2.300691224,1.500279365
536,0,1.584147624,1.641731366
537,0,1.293607581,1.071163934
538,0,1.923805753,1.349945410
539,0,0.998732285,0.958084477
540,0,1.499366143,1.958084477
541,0,0.991326486,0.890455817
542,0,1.915404663,1.333333333
543,0,1.453296485,1.146335301
544,0,1.834501929,1.875239608
545,0,0.992121589,0.895587828
546,0,1.772222758,1.903619534
547,0,2.208678416,1.575226088
548,0,1.529267412,1.636015766
549,0,0.999321170,1.030674260
550,0,1.499660585,2.030674260
551,0,0.992099168,1.104560363
552,0,1.496049584,2.104560363
553,0,0.986391886,1.137133012
554,0,1.769578280,2.126584319
555,0,2.201796593,1.636482002
556,0,2.288268506,1.746234913
557,0,2.013472138,2.143935398
558,0,1.418513593,1.203738086
559,0,1.540878339,2.000629564
560,0,2.502961309,3.000524637
561,0,2.058873155,2.096823847
562,0,2.145534323,2.606204736
563,0,1.839590065,1.387208880
564,0,1.937636292,1.314364229
565,0,2.154204560,1.691955121
566,0,1.397377813,1.309087797
567,0,1.542539663,1.987742379
568,0,2.095439598,1.606483573
569,0,0.991677417,0.892690417
570,0,1.495838709,1.892690417
571,0,1.960183047,2.591016393
572,0,1.384910204,2.822613468
573,0,1.655292527,2.001900019
574,0,1.944461871,1.265847134
575,0,1.676704314,0.970492483
576,0,1.953926776,1.403512993
577,0,2.273749134,2.084026063
578,0,1.906660537,1.272960832
579,0,2.088826308,2.220932177
580,0,1.917280725,1.442857481
581,0,2.185773349,1.677669338
582,0,2.191474808,2.030548359
583,0,2.285778832,1.553786022
584,0,2.058353350,1.870535537
585,0,2.278182398,2.691749224
586,0,2.379451851,2.143703770
587,0,2.053599176,1.291894670
588,0,2.113926712,1.468249561
589,0,0.749385233,0.833519075
590,0,1.510801161,1.170477552
591,0,0.848911619,0.880105072
592,0,1.373982383,1.306953545
593,0,1.860991315,1.178824261
594,0,1.572958684,1.643123744
595,0,1.767988044,1.274133810
596,0,1.741325174,1.611447722
597,0,1.995971818,1.319718618
598,0,2.184073934,1.876521940
599,0,2.189117683,2.863442902
600,0,2.315332395,1.658231720
601,0,2.171531323,2.683806857
602,0,2.158384026,1.390085779
603,0,2.331141670,1.511036426
604,0,2.465464403,1.850508461
605,0,2.441488942,1.544246053
606,0,2.062852167,1.385354662
607,0,1.761351305,1.341875608
608,0,0.485111393,0.559326023
609,0,1.032922497,1.019498544
610,0,1.802859107,1.087037600
611,0,1.664500783,1.126854177
612,0,1.263302220,0.550650320
613,0,1.672317204,1.164378071
614,0,1.267175333,0.553145900
615,0,1.677292584,1.162797448
616,0,1.939256735,2.016461131
617,0,1.989570981,2.619041409
618,0,2.100322738,2.001180336
619,0,1.978347469,2.127069286
620,0,2.112268578,1.384989994
621,0,2.247813336,1.603887519
622,0,1.481691857,1.220196209
623,0,0.983675362,1.150150810
624,0,1.768324500,1.076923077
625,0,2.249425240,1.750058004
626,0,1.534340071,2.007680057
627,0,1.832257606,1.258939820
628,0,1.939332135,1.304138410
629,0,1.491082806,1.141716397
630,0,-0.000000000,0.000000000
631,0,1.000000000,1.000000000
632,0,1.918295834,1.333333333
633,0,2.129331624,2.000000000
634,0,1.871042854,1.767676768
635,0,2.219984422,1.588804714
636,0,1.513023080,0.740518835
637,0,1.812477586,1.221143972
638,0,1.894354843,2.028667694
639,0,0.993818156,1.092507338
640,0,1.916235220,1.333333333
641,0,0.997104613,0.936666181
642,0,-0.000000000,0.000000000
643,0,1.000000000,1.000000000
644,0,1.500000000,1.000000000
645,0,1.460484681,1.230769231
646,0,2.449605276,2.012820513
647,0,2.039787245,1.272088625
648,0,2.093018384,1.432640672
649,0,1.980144517,2.088720123
650,0,1.587068127,1.617554008
651,0,1.773325631,2.230171830
652,0,1.756164150,1.241207644
653,0,2.221106887,1.834588676
654,0,2.394145786,1.798129949
655,0,2.017093282,1.253821907
656,0,2.503075400,1.731464253
657,0,0.984880944,0.839942671
658,0,1.770446815,1.849302383
659,0,1.673035883,1.158701487
660,0,1.945983171,2.002909454
661,0,1.995990039,2.599914011
662,0,1.402622569,1.324669553
663,0,0.698833001,0.721312887
664,0,1.675420649,1.357011667
665,0,1.796940192,1.273896196
666,0,1.717737272,1.555823537
667,0,1.629024080,2.227159682
668,0,2.094256557,2.776555664
669,0,1.846043629,1.475560683
670,0,-0.000000000,0.000000000
671,0,1.000000000,1.000000000
672,0,1.775858948,1.076923077
673,0,1.460484681,1.384615385
674,0,2.044393513,1.264822134
675,0,1.978964394,1.876629423
676,0,2.500799285,2.809228539
677,0,0.999543123,1.025165434
678,0,1.186221015,0.500000000
679,0,0.999919933,0.989464603
680,0,1.918269145,1.333333333
681,0,2.127469774,1.996869041
682,0,2.053421383,2.068311657
683,0,0.991624491,0.892350408
684,0,1.495812245,1.892350408
685,0,1.697311225,1.885885141
686,0,1.320905310,1.047796314
687,0,1.866357015,1.946531775
688,0,1.515722775,1.158469166
689,0,2.292881654,1.850595852
690,0,2.050052597,2.228133402
691,0,2.034389379,1.639232390
692,0,1.794391800,2.084929560
693,0,0.998069905,0.948284568
694,0,1.774968135,1.846153846
695,0,0.993281937,0.903569981
696,0,-0.000000000,0.000000000
697,0,1.000000000,1.000000000
698,0,1.918295834,1.333333333
699,0,0.998635964,0.956521739
700,0,1.775229393,1.076923077
701,0,1.448792834,1.348993289
702,0,2.038905052,1.222601216
703,0,1.777373777,1.286083782
704,0,1.935505708,2.070653717
705,0,1.435602542,1.259448684
706,0,2.433780844,2.045507161
707,0,2.031350973,1.275705281
708,0,2.115657661,1.473672330
709,0,1.987374972,2.016381751
710,0,1.591096604,2.459662651
711,0,1.839308598,3.112024212
712,0,1.885346697,2.457683694
713,0,1.528697262,1.735284442
714,0,2.088131147,1.291335743
715,0,2.226494384,1.656676275
716,0,2.276927997,1.924141254
717,0,0.867053988,1.154855237
718,0,1.486037345,1.506134761
719,0,1.890259853,2.321911825
720,0,2.058443686,1.749769190
721,0,1.953650066,2.419349196
722,0,1.656403058,1.303293652
723,0,1.728942665,1.009570340
724,0,1.926364406,1.395298502
725,0,1.499670963,1.090069447
726,0,1.837799609,1.088468478
727,0,1.751339470,1.163987912
728,0,-0.000000000,0.000000000
729,0,1.000000000,1.000000000
730,0,-0.000000000,0.000000000
731,0,1.000000000,1.000000000
732,0,1.186278124,0.500000000
733,0,1.634375215,1.145833333
734,0,1.913209562,2.012195122
735,0,2.254414158,1.610016764
736,0,-0.000000000,0.000000000
737,0,1.000000000,1.000000000
738,0,1.918295834,1.333333333
739,0,2.109016299,1.388888889
740,0,1.410553599,2.012165450
741,0,1.233480125,1.054310311
742,0,2.021877278,1.153912081
743,0,0.992706752,0.899533389
744,0,1.772492834,1.907261590
745,0,1.639516245,1.081786643
746,0,1.260932410,1.969505896
747,0,1.667584025,1.896119319
748,0,1.868225703,1.095035102
749,0,1.988387388,1.344306556
750,0,1.356480174,1.346413951
751,0,1.877919015,1.191520494
752,0,1.513611513,1.591305695
753,0,1.996060360,1.263173798
754,0,2.150368137,1.454529135
755,0,2.209796518,1.561864686
756,0,1.707119782,1.758029950
757,0,1.956846968,1.295735444
758,0,2.213781508,1.507779174
759,0,2.314818182,1.577733262
760,0,1.936876734,1.658873754
761,0,1.609974771,1.216235008
762,0,1.934143766,1.321733021
763,0,2.134582244,1.707711764
764,0,1.967841366,2.550913404
765,0,2.263445543,2.824256721
766,0,2.352896938,2.209731500
767,0,2.275204363,2.692627369
768,0,1.416662511,2.751339625
769,0,1.890754410,3.893564925
770,0,2.221935806,5.264846728
771,0,1.995918028,6.570794616
772,0,0.834506508,6.566612649
773,0,1.491153049,6.198386484
774,0,0.769818843,6.591086974
775,0,1.664136088,5.971614738
776,0,1.758627042,5.586142857
777,0,2.518122995,6.430972222
778,0,1.081596916,4.577604415
779,0,1.620562999,5.824838867
780,0,1.323083313,4.133138304
781,0,1.898871392,4.041877555
782,0,1.042489789,0.871350939
783,0,0.962978071,1.117600624
784,0,1.756502105,2.085750108
785,0,1.365213489,1.146828557
786,0,1.616988982,1.419470115
787,0,1.793811548,1.681427745
788,0,1.102816365,0.718771533
789,0,0.778935346,0.425295554
790,0,0.654074705,0.325806879
791,0,0.581876933,0.278200001
792,0,0.674798055,0.285714286
793,0,0.997775077,0.944476923
794,0,0.905208407,0.641524419
795,0,0.720988265,0.285714286
796,0,0.674901113,0.297395074
797,0,0.678586228,0.289292096
798,0,0.509621336,0.226486232
799,0,0.474435639,0.203447234
800,0,0.625877330,0.313005783
801,0,0.646114093,0.329979496
802,0,0.683974792,0.285714286
803,0,0.676119318,1.777964063
804,0,0.677438411,2.215550307
805,0,-0.000000000,0.000000000
806,0,0.591672779,0.285714286
807,0,0.640944185,0.325581395
808,0,0.648526107,0.332046332
809,0,0.590448677,0.284768212
810,0,0.995757891,1.076648841
811,0,0.899815342,0.631707317
812,0,0.720217827,0.285714286
813,0,0.665822011,0.311837888
814,0,0.681154782,0.287447686
815,0,0.676534077,0.291052552
816,0,0.677323899,0.290141414
817,0,0.145758069,0.041545667
818,0,0.598327804,0.290893732
819,0,0.549092465,0.253956548
820,0,0.507921636,0.225342896
821,0,0.629813437,0.316256969
822,0,0.646735857,0.330511367
823,0,0.649476871,0.332863668
824,0,0.591226530,0.285369156
825,0,0.543193365,0.249735720
826,0,0.985120442,0.856624850
827,0,0.732404270,0.285714286
828,0,0.673266467,0.301528369
829,0,0.537762895,0.245886860
830,0,0.996903212,0.934502011
831,0,0.792191999,0.476588318
832,0,0.679038218,0.359051276
833,0,1.403330594,1.000000000
834,0,1.506074057,1.736621933
835,0,2.160166691,2.194809873
836,0,2.259297241,2.153688373
837,0,2.306507942,2.296757199
838,0,2.154263682,2.694326986
839,0,2.233888153,2.453663872
840,0,2.227949473,2.688985561
841,0,2.073090354,2.323114907
842,0,1.668376873,2.222604389
843,0,1.329486531,1.819330666
844,0,2.336050696,2.264048235
845,0,2.114164225,2.221479300
846,0,2.274838112,2.887315780
847,0,2.372107220,2.915681791
848,0,2.573170720,3.678478889
849,0,2.457628521,4.078089147
850,0,2.237202518,2.644328146
851,0,1.698513436,2.529881873
852,0,2.219963701,2.357791328
853,0,2.324428881,2.782848750
854,0,2.186964281,2.842323003
855,0,2.695171331,3.674560801
856,0,1.438960013,2.409775318
857,0,1.968710178,2.507648490
858,0,2.534175078,2.653300756
859,0,2.616058082,2.784723293
860,0,2.474738660,2.447260447
861,0,2.410817215,2.966490066
862,0,2.399676123,3.059021006
863,0,2.428108810,2.766912402
864,0,2.777597850,3.663159922
865,0,2.726088321,4.215423622
866,0,1.966234595,3.183522540
867,0,2.385692361,3.570092672
868,0,3.494130364,4.340116512
869,0,3.233207574,3.823309862
870,0,3.076333112,4.525090624
871,0,3.172434032,3.121766272
872,0,2.656961197,2.714149129
873,0,2.141990838,2.069203371
874,0,2.473470182,1.724092607
875,0,2.156261920,2.265474963
876,0,2.237565256,2.706976482
877,0,2.297696828,1.959281646
878,0,2.453910811,1.552618951
879,0,2.288541841,1.665471666
880,0,2.091991814,1.238489901
881,0,2.167486831,1.993067093
882,0,1.545631389,2.160599581
883,0,2.277077266,1.755838751
884,0,1.943771439,1.599958399
885,0,2.067567059,2.087303896
886,0,2.441413410,1.541305600
887,0,2.262208102,1.764281933
888,0,1.722836932,2.031633279
889,0,1.491002537,1.467685053
890,0,2.469679238,1.630491970
891,0,0.994212110,0.910484727
892,0,1.916366537,1.940323151
893,0,1.454919460,1.051945139
894,0,1.926707852,1.366254157
895,0,2.111470992,1.406094129
896,0,1.945719523,1.496463418
897,0,0.996507189,1.069556845
898,0,1.774246882,1.076923077
899,0,0.992315141,1.103123942
900,0,1.772312090,1.076923077
901,0,0.990327296,1.115668578
902,0,-0.000000000,0.000000000
903,0,1.000000000,1.000000000
904,0,1.775858948,1.076923077
905,0,1.985763570,1.340659341
906,0,2.061146778,1.204198473
907,0,0.991299474,0.890285714
908,0,1.915395659,1.333333333
909,0,1.453282531,1.047245579
910,0,1.834496397,1.946030983
911,0,1.493482161,1.344402425
912,0,2.040206142,1.222274553
913,0,1.790333196,1.526133021
914,0,1.544204249,1.104130287
915,0,1.726033321,1.248292917
916,0,2.431664977,2.049621690
917,0,2.042587479,2.417683309
918,0,2.486955355,1.923960728
919,0,0.712756947,0.781844531
920,0,1.386500309,1.108316388
921,0,1.527393697,1.083498351
922,0,1.467451807,1.414111122
923,0,2.292433635,2.407010296
924,0,2.422489806,2.013465225
925,0,2.131765206,1.433879453
926,0,1.841674553,1.529622283
927,0,2.203645875,1.589660413
928,0,2.393380774,1.524162161
929,0,0.788910308,0.945382796
930,0,1.554675337,1.196622103
931,0,2.191018722,1.583666034
932,0,2.379389428,1.508616117
933,0,2.185696214,1.867618715
934,0,1.474541598,1.424511281
935,0,1.553264342,1.141458959
936,0,2.101583103,1.385538414
937,0,2.296521396,1.469727753
938,0,2.091038378,2.344927380
939,0,2.192909259,1.785572375
940,0,2.015697481,1.367363015
941,0,0.891545564,1.030955021
942,0,1.803311817,1.497495489
943,0,1.530106936,1.105688101
944,0,1.461924195,1.390452614
945,0,1.986659492,1.228432291
946,0,1.946422027,1.400438725
947,0,2.183503584,1.886120947
948,0,1.950816396,1.284152354
949,0,2.178955555,1.783960969
950,0,1.949097649,1.995182651
951,0,2.168169757,1.750022000
952,0,1.976233692,1.135598690
953,0,0.992403253,0.897467910
954,0,1.772352757,1.905354994
955,0,1.639198083,1.080987448
956,0,1.861182523,1.094176700
957,0,2.214409881,1.649914739
958,0,2.282447662,1.353239388
959,0,1.766241640,1.021855958
960,0,1.634180281,1.184008314
961,0,1.666374892,1.908877484
962,0,2.099232823,1.323694839
963,0,1.916536928,1.817085393
964,0,2.131154065,1.311659310
965,0,1.966740670,1.663946907
966,0,1.657761522,2.179336442
967,0,1.493349965,1.509549632
968,0,1.395367902,1.202262203
969,0,2.274764243,2.250707688
970,0,2.306236649,2.677434771
971,0,2.013108028,1.837612248
972,0,2.089239421,2.446560092
973,0,0.902408844,2.835450167
974,0,1.629645680,2.476884114
975,0,1.530966345,1.733987874
976,0,1.454308151,1.360823498
977,0,2.290274165,1.497136162
978,0,1.928246717,1.270451271
979,0,2.096967217,1.317666525
980,0,2.476967971,1.717447612
981,0,2.063271378,1.842526982
982,0,1.678701243,1.636202799
983,0,1.540962308,1.126856262
984,0,2.502121972,1.720545864
985,0,2.052078785,1.889700848
986,0,2.111843708,2.472049978
987,0,1.969635995,1.719396633
988,0,2.490552933,2.726203727
989,0,2.039881389,1.812156326
990,0,2.105703968,2.412248353
991,0,1.007104754,2.777855636
992,0,1.737854497,2.089466892
993,0,1.499749334,1.964850335
994,0,0.902267639,1.363864824
995,0,0.928437621,0.687662013
996,0,0.727002004,0.405103169
997,0,-0.000000000,0.000000000
998,0,0.591672779,0.285714286
999,0,-0.000000000,0.000000000
1000,0,-0.000000000,0.000000000
1001,0,-0.000000000,0.000000000
1002,0,0.591672779,0.285714286
1003,0,0.995727452,1.076923077
1004,0,0.834648285,0.530612245
1005,0,1.417324143,1.000000000
1006,0,-0.000000000,0.000000000
1007,0,1.000000000,1.000000000
1008,0,1.448815636,2.000000000
1009,0,1.936260028,2.000000000
1010,0,1.419556299,1.230769231
1011,0,1.325365560,2.197802198
1012,0,0.965636133,1.217391304
1013,0,1.301721872,2.090909091
1014,0,1.068446083,0.558441558
1015,0,1.812016365,1.191715348
1016,0,1.543566866,1.627386754
1017,0,2.348275931,1.718670930
1018,0,1.358572469,1.855271115
1019,0,2.373985840,2.500033595
1020,0,1.783978338,3.118869399
1021,0,1.657285999,3.389119944
1022,0,1.624244316,1.728476772
1023,0,2.215206845,2.560531197
1024,0,0.406623446,0.298497769
1025,0,0.522885094,0.443806126
1026,0,1.168790712,0.825439805
1027,0,1.632035538,1.254550102
1028,0,0.995465556,0.620464345
1029,0,0.880767367,0.510770628
1030,0,0.765088323,0.414724933
1031,0,0.491912990,0.417504173
1032,0,0.551832763,0.524997820
1033,0,1.126019842,2.183686719
1034,0,1.590423556,1.699298472
1035,0,1.547292514,1.319564246
1036,0,1.612645590,1.323922254
1037,0,1.373837262,0.939396805
1038,0,0.538142128,0.460291936
1039,0,0.378366896,0.305890777
1040,0,0.816865755,0.439851993
1041,0,0.869086274,0.491967642
1042,0,1.261752948,1.233535865
1043,0,0.978645880,0.639668533
1044,0,1.096553063,0.963295105
1045,0,1.092416553,0.862467442
1046,0,1.012164228,0.714580568
1047,0,1.149707260,1.301050964
1048,0,1.020413169,0.752295211
1049,0,0.896503900,0.617063868
1050,0,1.196156142,1.358045841
1051,0,1.119173424,0.881582118
1052,0,1.031117370,0.786293440
1053,0,0.888022627,0.614781591
1054,0,0.843008133,0.466233465
1055,0,0.842890432,0.474847734
1056,0,1.166556662,1.128403573
1057,0,1.100198743,0.863571638
1058,0,1.150788961,1.363335327
1059,0,0.927517657,2.188227881
1060,0,1.035954214,1.591409771
1061,0,0.096522990,0.094158597
1062,0,0.130165951,0.139558177
1063,0,0.706290678,0.394530129
1064,0,0.807709100,0.429417873
1065,0,0.815208864,0.506642333
1066,0,0.836008060,0.451808078
1067,0,0.683587735,0.436124797
1068,0,0.863506833,0.543518789
1069,0,0.872590522,0.621573906
1070,0,1.205598708,1.226920369
1071,0,1.101239934,0.880186041
1072,0,1.184340767,1.455290841
1073,0,1.096700026,0.842873385
1074,0,1.214815892,1.404194784
1075,0,1.115933217,1.637802922
1076,0,1.246249577,1.124108160
1077,0,0.520578614,0.842603715
1078,0,1.112363424,1.191927720
1079,0,1.533155948,1.874125571
1080,0,0.868839375,1.506205787
1081,0,0.270954511,0.358530337
1082,0,1.269694720,1.354472007
1083,0,1.209431969,1.933950244
1084,0,1.383033254,1.295987878
1085,0,1.146895391,0.873435345
1086,0,1.207011225,0.790683317
1087,0,1.353290303,1.048405662
1088,0,0.562873126,0.882287875
1089,0,1.153077403,1.086075430
1090,0,1.212234571,0.963600255
1091,0,1.338358781,1.164892886
1092,0,1.124697584,0.801040821
1093,0,1.457609987,1.347425794
1094,0,1.736282023,1.185279943
1095,0,1.951796804,1.686757344
1096,0,2.002678883,1.649783634
1097,0,1.888867322,1.326295291
1098,0,1.639187058,1.431719995
1099,0,1.725154028,1.541092811
1100,0,1.821512445,1.070147877
1101,0,1.985507853,1.534836082
1102,0,2.306344360,2.436737808
1103,0,0.668727252,0.674617940
1104,0,1.644610204,1.656103931
1105,0,0.519126651,0.463775509
1106,0,1.517748402,1.231781976
1107,0,1.187399580,0.623249697
1108,0,1.679282861,1.243711761
1109,0,1.933972105,1.969144138
1110,0,2.094953474,1.405212726
1111,0,1.879303677,1.337569988
1112,0,2.123646201,2.193976911
1113,0,2.268166861,1.813375457
1114,0,2.437754697,1.524558284
1115,0,2.026844112,1.320116344
1116,0,2.137234906,1.399050317
1117,0,2.047376438,1.241538221
1118,0,2.151519576,1.352412758
1119,0,2.300324892,1.492592132
1120,0,2.097489590,1.285938463
1121,0,2.123317745,1.306358210
1122,0,1.784045553,1.193994826
1123,0,1.530426497,1.197075177
1124,0,2.263840336,1.516924576
1125,0,2.452080371,1.568244322
1126,0,2.535183499,1.934244027
1127,0,2.098297051,2.701891558
1128,0,1.678934505,1.405942862
1129,0,1.262664089,0.552367748
1130,0,1.000574299,0.986049265
1131,0,1.679205901,1.227656546
1132,0,2.284773614,1.333783836
1133,0,2.020795205,1.285484048
1134,0,2.085809793,1.169665160
1135,0,1.534778062,0.693950920
1136,0,1.861017135,1.291565142
1137,0,1.532279980,1.105140344
1138,0,0.999881994,1.012794447
1139,0,1.913848609,2.453541198
1140,0,1.284281723,1.861761308
1141,0,1.544615145,1.182577721
1142,0,2.189568949,2.318814767
1143,0,2.460957769,2.311274783
1144,0,2.099758572,2.257926619
1145,0,2.260554902,1.672689001
1146,0,2.371327303,2.340682929
1147,0,1.688362331,0.815429477
1148,0,0.000000002,0.000000000
1149,0,1.584962503,1.333333334
1150,0,1.428412470,1.416666667
1151,0,1.540039281,1.342342344
1152,0,1.910324401,1.304297994
1153,0,1.935315993,1.836951895
1154,0,1.539757857,1.161903991
1155,0,1.989576138,1.691255234
1156,0,1.791380981,1.173615644
1157,0,0.999155034,0.965778040
1158,0,1.499577517,1.965778040
1159,0,2.235424776,1.652407517
1160,0,2.271415196,2.748625770
1161,0,2.118348152,1.813927613
1162,0,2.173588952,1.505054218
1163,0,1.796306705,1.167563378
1164,0,1.708544682,1.210191483
1165,0,1.727705260,1.118698916
1166,0,1.678335552,1.193678161
1167,0,1.899941513,1.813248530
1168,0,2.053858481,1.284834405
1169,0,1.955985054,1.952849140
1170,0,2.487170323,1.867685898
1171,0,2.038279431,2.286789421
1172,0,2.138387397,1.420071413
1173,0,2.047178550,1.921658133
1174,0,2.127695315,1.331985132
1175,0,1.825289262,1.137941710
1176,0,1.289592244,0.568299821
1177,0,1.207867184,1.033639341
1178,0,1.641131787,2.018698388
1179,0,0.993677877,0.906450471
1180,0,1.772941045,1.076923077
1181,0,0.990916657,1.112097002
1182,0,1.915268053,1.333333333
1183,0,1.453086779,1.046691622
1184,0,1.926477666,1.320929640
1185,0,1.468333086,1.058671860
1186,0,2.291027497,2.239020927
1187,0,1.857646362,1.202918021
1188,0,2.065126975,2.090984657
1189,0,2.253928844,1.669906655
1190,0,1.935290239,1.233013228
1191,0,1.564212582,1.186922667
1192,0,1.246396188,0.539536514
1193,0,0.999755654,0.981595767
1194,0,-0.000000000,0.000000000
1195,0,1.000000000,1.000000000
1196,0,1.918295834,1.333333333
1197,0,2.109016299,1.444444444
1198,0,1.410553599,0.656934307
1199,0,1.233480125,1.054310311
1200,0,2.021877278,1.153912081
1201,0,1.778203316,1.268364141
1202,0,1.890283654,1.103925184
1203,0,1.013859027,0.901431709
1204,0,1.938326728,1.342546581
1205,0,2.132661491,1.472722806
1206,0,2.162391135,1.286186121
1207,0,1.999189579,1.232202490
1208,0,1.534721885,1.440714872
1209,0,1.954998926,2.280353546
1210,0,2.270585676,2.895036054
1211,0,1.818874651,1.981731492
1212,0,1.813158477,1.218573700
1213,0,1.540156315,1.267022677
1214,0,2.104795265,1.576062914
1215,0,2.130780975,1.860681423
1216,0,1.983055092,1.149297782
1217,0,-0.000000000,0.000000000
1218,0,1.584962501,1.333333333
1219,0,1.200814750,0.455445545
1220,0,1.719201907,1.394760614
1221,0,2.151737798,1.835900907
1222,0,1.707614791,2.136699088
1223,0,1.559415045,1.697337076
1224,0,1.909435002,1.267557088
1225,0,1.570734483,1.791561803
1226,0,1.748390825,0.936785456
1227,0,2.026929581,1.602274636
1228,0,1.934948242,1.247057892
1229,0,1.790342397,1.586175814
1230,0,1.875640974,2.385940542
1231,0,0.970440723,1.201735524
1232,0,1.482956834,1.166365252
1233,0,-0.000000000,0.000000000
1234,0,1.061278124,0.500000000
1235,0,1.664497779,1.142857143
1236,0,1.303057534,0.846153846
1237,0,1.901175398,1.717948718
1238,0,1.284461975,0.889285714
1239,0,1.458674859,1.664780212
1240,0,1.343280908,1.103640356
1241,0,0.923168601,0.676571024
1242,0,1.892685368,1.333333333
1243,0,2.069780946,1.570487812
1244,0,2.004540451,1.706721907
1245,0,2.188175289,1.603301142
1246,0,2.377676822,2.377759899
1247,0,1.974731295,2.275978685
1248,0,2.355300226,1.801770857
1249,0,1.392855164,0.995234171
1250,0,1.936585720,1.831971622
1251,0,-0.000000000,0.000000000
1252,0,1.000000000,1.000000000
1253,0,1.391243564,1.076923077
1254,0,0.982191481,0.564102564
1255,0,1.181634623,0.492845787
1256,0,1.652382412,1.449083809
1257,0,0.886494816,0.608618392
1258,0,-0.000000000,0.000000000
1259,0,0.591672779,0.285714286
1260,0,0.676197461,1.795918367
1261,0,0.985228136,1.142857143
1262,0,0.721928095,1.600000000
1263,0,0.694805364,0.285714286
1264,0,0.998082508,0.948453608
1265,0,-0.000000000,0.000000000
1266,0,0.591672779,0.285714286
1267,0,0.640944185,0.325581395
1268,0,0.584238812,0.280000000
1269,0,0.639872770,0.324675325
1270,0,0.683083174,0.285714286
1271,0,0.172175084,0.051334702
1272,0,0.599919462,0.292141572
1273,0,-0.000000000,0.000000000
1274,0,0.591672779,0.285714286
1275,0,0.676197461,0.285714286
1276,0,0.673920318,0.289108911
1277,0,0.655626006,0.320533164
1278,0,0.032600367,0.006756757
1279,0,-0.000000000,0.000000000
1280,0,-0.000000000,0.000000000
1281,0,0.591672779,0.285714286
1282,0,0.995727452,0.923076923
1283,0,0.899743759,0.631578947
1284,0,0.713603607,0.391752577
1285,0,0.693616151,1.826215022
1286,0,0.675973907,2.225479629
1287,0,-0.000000000,0.000000000
1288,0,1.000000000,1.000000000
1289,0,-0.000000000,0.000000000
1290,0,1.000000000,1.000000000
1291,0,1.887918503,2.166666667
1292,0,1.905928216,1.642857143
1293,0,2.395426619,2.488095238
1294,0,2.166293632,2.066834805
1295,0,2.323632040,2.385303360
1296,0,2.155628700,2.546265405
1297,0,2.293854984,2.093242392
1298,0,2.083983594,2.230131196
1299,0,2.338079759,1.932503197
1300,0,2.054861536,2.056284991
1301,0,1.913503393,3.373466773
1302,0,2.125411813,1.845636988
1303,0,2.016920889,2.506569947
1304,0,1.759031327,2.009654841
1305,0,1.981838281,2.670422187
1306,0,2.136295757,3.023236480
1307,0,2.043000990,2.200986802
1308,0,2.137879273,1.739399029
1309,0,1.924823963,2.292724154
1310,0,1.544558899,1.807316308
1311,0,2.228807095,2.773584407
1312,0,1.400782366,1.304545595
1313,0,1.543805695,2.079446040
1314,0,2.095663458,1.943377011
1315,0,2.045949112,1.945127815
1316,0,2.509943165,1.719543026
1317,0,2.068677639,1.267863716
1318,0,1.697034468,1.638313038
1319,0,2.289126374,1.552981601
1320,0,1.944404383,1.887466646
1321,0,2.208563476,1.449212372
1322,0,1.996039810,1.987042375
1323,0,0.995392434,1.079878904
1324,0,1.497696217,2.079878904
1325,0,1.925716066,2.736699341
1326,0,2.085399214,3.160102041
1327,0,1.707073490,3.607121012
1328,0,1.617955130,4.700623416
1329,0,2.141098093,3.710980412
1330,0,-0.000000000,0.000000000
1331,0,-0.000000000,0.000000000
1332,0,0.591672779,0.285714286
1333,0,-0.000000000,0.000000000
1334,0,0.591672779,0.285714286
1335,0,0.543564443,0.250000000
1336,0,0.669324842,1.785714286
1337,0,0.676243054,0.290155440
1338,0,0.655997165,0.320598007
1339,0,0.994907459,1.083972912
1340,0,0.836839905,1.466393640
1341,0,0.961154427,1.231011486
1342,0,-0.000000000,0.000000000
1343,0,1.000000000,1.000000000
1344,0,0.734529921,0.285714286
1345,0,0.671745767,0.304347826
1346,0,0.995727452,0.923076923
1347,0,0.788940657,0.472727273
1348,0,1.117138148,0.890756303
1349,0,1.157871563,1.608261618
1350,0,0.795155146,0.480138169
1351,0,0.986535798,0.863591757
1352,0,0.944598578,0.724655820
1353,0,-0.000000000,0.000000000
1354,0,0.591672779,0.285714286
1355,0,-0.000000000,0.000000000
1356,0,0.591672779,0.285714286
1357,0,0.640944185,0.325581395
1358,0,0.584238812,0.280000000
1359,0,0.675135466,0.285714286
1360,0,0.154128386,0.044585987
1361,0,0.151468741,0.043613707
1362,0,1.075734370,1.043613707
1363,0,1.182133231,2.546974914
1364,0,1.600879904,3.544418013
1365,0,0.892576882,1.381032078
1366,0,1.139222802,0.851958103
1367,0,0.868730326,0.580014058
1368,0,0.960941069,0.569378041
1369,0,0.659232114,0.341337327
1370,0,0.685848795,0.285714286
1371,0,0.676095908,0.291812646
1372,0,0.677480693,0.290011355
1373,0,0.656243084,0.320416815
1374,0,0.994924620,0.916168529
1375,0,0.786985921,0.470422822
1376,0,0.702353390,0.380843974
1377,0,0.634218046,0.319923504
1378,0,0.682275357,0.285714286
1379,0,0.706004843,0.303730061
1380,0,0.551565826,0.247385900
1381,0,0.675129600,0.288314571
1382,0,1.069194105,1.068381766
1383,0,1.184240161,1.503846845
1384,0,1.464870624,2.399782333
1385,0,0.977476761,1.176241339
1386,0,-0.000000000,0.000000000
1387,0,-0.000000000,0.000000000
1388,0,1.000000000,1.000000000
1389,0,1.349182643,1.461538462
1390,0,1.229025677,0.894941634
1391,0,0.981069157,0.838356164
1392,0,1.490534579,1.000000000
1393,0,0.774539995,0.456035768
1394,0,0.674710481,0.355120402
1395,0,0.993141667,0.902570060
1396,0,1.165838951,0.703603194
1397,0,1.537655460,0.751863841
1398,0,1.238757611,0.934991854
1399,0,1.979416114,2.080866949
1400,0,2.307384139,3.311292219
1401,0,2.722541361,4.371925540
1402,0,2.188207764,1.400639285
1403,0,2.909770642,2.237923099
1404,0,1.306100312,1.744480874
1405,0,2.327946692,1.538994584
1406,0,2.398430350,2.676650899
1407,0,2.684877240,1.871726691
1408,0,1.520005797,1.069609354
1409,0,1.801639654,1.133338466
1410,0,1.482769591,0.589013555
1411,0,2.224201077,1.459254197
1412,0,2.510049329,1.801850330
1413,0,2.879229782,2.001251955
1414,0,2.601696983,1.700094618
1415,0,2.820055523,1.879268440
1416,0,2.964245833,1.741766644
1417,0,2.756764320,2.083835093
1418,0,2.694438435,2.567927335
1419,0,1.283206587,1.072529975
1420,0,2.050890421,1.442408168
1421,0,2.274066279,1.341279476
1422,0,1.856978045,1.095221417
1423,0,1.908719986,1.665700886
1424,0,1.763844580,1.004889965
1425,0,2.438743357,1.376171691
1426,0,1.381714766,0.663602651
1427,0,0.992600712,1.101193097
1428,0,1.908470904,1.323804572
1429,0,2.444284665,1.303967429
1430,0,2.494451650,1.677996123
1431,0,2.147424139,1.726113171
1432,0,2.834260589,1.765276823
1433,0,2.867345442,2.050584306
1434,0,2.923459004,1.841354066
1435,0,2.885107292,1.903353725
1436,0,2.114334651,1.589858897
1437,0,2.218355532,2.185771782
1438,0,2.709671973,2.950168009
1439,0,3.303531894,3.917272117
1440,0,3.258936145,4.768431971
1441,0,2.858382256,3.767503252
1442,0,2.883072165,2.712719141
1443,0,2.517770554,3.286748849
1444,0,2.109117919,4.849766989
1445,0,2.870178669,5.796769551
1446,0,3.186977544,4.836389921
1447,0,2.718442350,3.935900468
1448,0,2.981370038,4.783017589
1449,0,2.625239685,5.831668981
1450,0,3.016617050,6.500595965
1451,0,3.042830036,3.887205090
1452,0,3.291618025,4.338170599
1453,0,2.494915086,5.562456480
1454,0,3.019232960,6.070347913
1455,0,3.324680332,5.251742235
1456,0,3.307206366,5.248905684
1457,0,3.390075126,5.802660453
1458,0,3.326836754,5.148338334
1459,0,2.530001534,5.981936793
1460,0,2.767875656,4.696231811
1461,0,3.100945186,4.387590202
1462,0,3.052509488,5.665924930
1463,0,3.162117456,4.748919207
1464,0,3.412883602,4.126478272
1465,0,3.194351435,3.449109970
1466,0,2.978698245,3.033439015
1467,0,3.104700438,2.726672809
1468,0,2.959178319,3.073165566
1469,0,2.378964771,2.590102878
1470,0,2.701447123,3.428826193
1471,0,2.902822335,2.614321198
1472,0,2.204247086,2.043556485
1473,0,2.816982506,2.232097205
1474,0,2.465384425,2.171337118
1475,0,1.642475945,1.766899511
1476,0,2.387245088,2.730828470
1477,0,1.999116717,1.702988957
1478,0,2.236424996,1.549795507
1479,0,2.615155224,1.994597904
1480,0,3.155056948,2.265149417
1481,0,3.357130944,2.604774905
1482,0,1.936796102,2.803682663
1483,0,2.751746597,3.843643035
1484,0,2.696643949,3.006090321
1485,0,2.961958527,2.647144657
1486,0,2.759541055,3.192877873
1487,0,2.502443849,3.870155963
1488,0,3.214839992,3.389173201
1489,0,2.989645292,2.593912558
1490,0,3.031346261,3.342733814
1491,0,3.545410609,4.282543159
1492,0,3.121076362,5.221651058
1493,0,3.270809074,5.930413637
1494,0,2.922999371,6.595504312
1495,0,2.537329630,5.727548742
1496,0,2.493052642,4.600284152
1497,0,2.776437681,5.640944022
1498,0,2.811482070,4.445868052
1499,0,2.676803581,3.238584744
1500,0,3.122186149,2.914912237
1501,0,3.136649879,3.071537865
1502,0,2.907678403,2.851458387
1503,0,2.433599702,3.157550226
1504,0,2.590415581,3.739852701
1505,0,3.053116438,3.932293973
1506,0,3.082997010,3.405204101
1507,0,3.024208150,3.322385920
1508,0,3.136528149,3.423131893
1509,0,3.119683852,3.826205337
1510,0,3.405708625,3.641251035
1511,0,2.371561118,3.152344755
1512,0,2.348447604,2.557058067
1513,0,2.738570106,2.800289765
1514,0,1.108294800,0.695803165
1515,0,1.464606145,1.205287605
1516,0,1.696568921,1.336707520
1517,0,2.071898086,1.416689098
1518,0,2.249054439,1.470222454
1519,0,2.014566526,1.225673914
1520,0,2.012564596,1.403923627
1521,0,1.624768100,1.401557446
1522,0,1.770682249,1.237861668
1523,0,1.858954517,1.542786034
1524,0,1.236266368,0.873344691
1525,0,1.596099698,1.121004269
1526,0,2.369531614,1.730986187
1527,0,2.375318998,1.431308897
1528,0,1.459753173,1.427655490
1529,0,2.164343005,2.525809922
1530,0,2.149786464,1.738587013
1531,0,2.379053396,1.367072974
1532,0,2.448176455,1.500448104
1533,0,2.634487313,2.053775292
1534,0,2.772588641,1.956867401
1535,0,2.511512387,1.568326668
1536,0,2.855044517,1.935231736
1537,0,1.906188352,1.477800880
1538,0,2.422271669,2.359932132
1539,0,2.341487367,2.508730216
1540,0,2.608691409,2.848265740
1541,0,2.870233582,2.288654599
1542,0,2.649914117,2.172690462
1543,0,2.563874069,2.990812864
1544,0,2.753413406,2.059849128
1545,0,2.655999071,2.257285772
1546,0,2.553125679,2.475851732
1547,0,2.742589731,2.215898230
1548,0,2.541166008,1.819622877
1549,0,2.902367601,1.670077020
1550,0,2.768193669,2.121367873
1551,0,2.539730354,2.666896235
1552,0,2.892223994,2.264768309
1553,0,2.924700040,1.759374907
1554,0,2.677729395,1.615071681
1555,0,2.664537537,1.743339836
1556,0,2.904495302,1.666514173
1557,0,2.782549245,2.131773243
1558,0,2.544090355,1.577528718
1559,0,2.522867805,1.425465030
1560,0,1.712981685,1.151791228
1561,0,2.760260993,2.297853673
1562,0,2.583883726,1.800619439
1563,0,2.598206262,2.478029688
1564,0,2.537653453,2.065783529
1565,0,2.813018980,2.817911999
1566,0,2.773392938,2.129809951
1567,0,2.595391542,1.918923409
1568,0,2.658752197,1.929795828
1569,0,2.889556787,1.667703970
1570,0,2.765171975,1.831838092
1571,0,2.484123770,2.359080975
1572,0,2.446756972,1.644847804
1573,0,2.493209666,2.353597563
1574,0,2.686806388,1.451455925
1575,0,2.558527032,1.548628977
1576,0,2.867337245,1.876159800
1577,0,1.869604906,1.497781886
1578,0,1.548138626,1.804823219
1579,0,1.893872538,2.376905200
1580,0,1.799519476,2.491716744
1581,0,2.358922871,2.418226148
1582,0,2.371433088,2.406254162
1583,0,2.443324930,2.351710037
1584,0,2.463544236,3.039713799
1585,0,2.448154743,2.833658054
1586,0,2.507347793,2.023616594
1587,0,2.581394102,2.185257668
1588,0,2.520043282,3.236122564
1589,0,2.033235681,1.705413343
1590,0,1.824379094,1.799224605
1591,0,2.065538051,1.429866915
1592,0,1.949409385,2.628463519
1593,0,1.516027963,1.046281921
1594,0,2.416951898,1.689646474
1595,0,2.933888627,2.558446111
1596,0,1.758233000,1.869701631
1597,0,2.004100205,2.659028371
1598,0,1.910764826,2.079086168
1599,0,2.595511199,2.944293010
1600,0,2.719070666,2.392673728
1601,0,3.058692375,2.274850908
1602,0,2.291743127,2.307539788
1603,0,1.733232123,1.456852177
1604,0,2.528908742,2.009007154
1605,0,2.531669077,1.842723802
1606,0,2.074182944,1.702868884
1607,0,2.732390108,2.699199819
1608,0,2.336151826,2.588617784
1609,0,2.629091398,2.816715513
1610,0,3.043864476,2.429588391
1611,0,2.137971448,1.818899508
1612,0,2.727103171,2.271469339
1613,0,1.750504936,1.579164472
1614,0,3.064127441,2.708437118
1615,0,3.049405725,3.566456892
1616,0,2.976614079,2.879586345
1617,0,2.891797116,2.521178675
1618,0,2.260195418,3.160363323
1619,0,2.225515514,2.805661909
1620,0,3.228193294,2.619297479
1621,0,2.943947203,2.851664809
1622,0,2.992745675,2.595689365
1623,0,2.595415975,3.187166990
1624,0,2.747633517,1.917271737
1625,0,2.791281496,2.508462493
1626,0,2.757617019,1.933236327
1627,0,2.717357816,1.942102758
1628,0,2.807319257,2.510959755
1629,0,3.205359758,2.275912036
1630,0,2.874317328,2.641550939
1631,0,2.978875509,2.257675600
1632,0,3.139437345,2.780276413
1633,0,3.377951987,3.226123934
1634,0,2.944355156,2.330294856
1635,0,2.451805669,2.947723564
1636,0,2.524200627,3.575383294
1637,0,2.815903832,3.515947901
1638,0,3.540227445,4.082280542
1639,0,3.407377905,3.718354300
1640,0,3.177591056,3.861770835
1641,0,2.858316469,3.357226526
1642,0,2.175020879,1.759898450
1643,0,2.112333077,1.873424929
1644,0,2.473434139,1.754060355
1645,0,2.527360407,1.964414394
1646,0,2.767302811,2.252943518
1647,0,1.437543566,1.362259963
1648,0,1.575049206,0.792013620
1649,0,1.511328108,1.197330037
1650,0,1.929877405,2.151716554
1651,0,2.164860788,1.429154573
1652,0,0.420274792,0.335717847
1653,0,1.229565769,1.143213207
1654,0,1.603891742,2.036057620
1655,0,2.174652389,1.971600257
1656,0,0.773803294,0.735190113
1657,0,1.588416525,1.277627821
1658,0,1.851768590,1.447339862
1659,0,2.325044531,1.510663583
1660,0,2.472780323,1.476042788
1661,0,2.538324634,2.232530137
1662,0,2.413829920,2.002069241
1663,0,2.106710102,1.687099034
1664,0,2.492666880,1.681290877
1665,0,2.103232122,1.456007567
1666,0,2.213716403,1.289566015
1667,0,2.558640388,1.808204361
1668,0,2.810135459,2.349489998
1669,0,3.014039525,1.949723516
1670,0,3.043966414,1.877061876
1671,0,3.194599819,2.527220463
1672,0,2.855873131,2.336601235
1673,0,2.560569370,2.239309809
1674,0,2.775467795,1.683164878
1675,0,3.131086241,2.247495966
1676,0,2.286588518,1.730241147
1677,0,3.424267387,2.314119436
1678,0,3.431198309,3.124962026
1679,0,2.297904433,2.187651407
1680,0,3.113580911,2.125475230
1681,0,3.174500247,2.264279051
1682,0,2.776762326,1.968888976
1683,0,2.917784340,2.434839082
1684,0,2.935871699,3.101992658
1685,0,3.204167420,2.711652474
1686,0,3.081252170,3.474595507
1687,0,2.873650889,4.840530161
1688,0,3.173832817,3.784973742
1689,0,3.202814004,2.810322158
1690,0,3.026645808,3.301235713
1691,0,3.557146354,3.028110475
1692,0,3.346051776,2.739409160
1693,0,2.477376046,2.361483689
1694,0,1.959596097,2.299476095
1695,0,2.475129788,2.975728270
1696,0,2.466336089,3.716239266
1697,0,2.650909785,4.583123757
1698,0,2.474330855,5.449970851
1699,0,2.674142483,6.375816588
1700,0,3.038622781,5.471614801
1701,0,3.592147605,6.450842205
1702,0,3.418924526,7.322807188
1703,0,3.516010206,6.224358582
1704,0,3.625532977,4.841551352
1705,0,3.668251021,5.330986895
1706,0,3.054694272,3.643511103
1707,0,3.286190785,3.593164400
1708,0,3.489555594,2.906607043
1709,0,3.303130731,3.119958888
1710,0,3.370173711,3.126168422
1711,0,3.543024840,4.251699519
1712,0,3.677272325,3.223833382
1713,0,3.482480323,3.840412742
1714,0,3.564051010,3.260369708
1715,0,3.194162986,2.540863260
1716,0,2.514850415,2.477640823
1717,0,2.553117881,2.490272531
1718,0,3.112216723,2.598969741
1719,0,3.165332814,2.959407533
1720,0,3.067530259,2.361883639
1721,0,2.654298266,1.552252974
1722,0,1.210853046,1.202794579
1723,0,1.703699041,2.137009756
1724,0,2.422025140,3.076894646
1725,0,2.571197269,2.465525053
1726,0,2.651944464,1.857221107
1727,0,2.454367532,2.163885048
1728,0,2.675857045,2.352109278
1729,0,2.507531905,1.672224348
1730,0,2.467311849,1.423620817
1731,0,2.136568757,1.510805462
1732,0,2.034997165,1.150423975
1733,0,2.171526482,1.214964918
1734,0,2.204363850,1.555056998
1735,0,2.292647832,1.371208906
1736,0,2.039868317,1.432342799
1737,0,2.541014550,1.997196878
1738,0,2.357836322,1.509042275
1739,0,1.347775045,1.353788635
1740,0,1.747743897,1.224014593
1741,0,2.777321228,1.895345481
1742,0,2.662850466,1.586803792
1743,0,2.729548565,2.095406280
1744,0,3.194740551,2.455488951
1745,0,2.851839677,2.061915489
1746,0,2.915430458,2.534628876
1747,0,2.947685850,3.572250406
1748,0,3.276204453,3.894485196
1749,0,2.934879020,3.745251723
1750,0,3.284643526,3.915174827
1751,0,2.992658413,3.822743340
1752,0,3.090096059,2.934027177
1753,0,3.377392001,4.022896819
1754,0,1.586600552,5.188300247
1755,0,2.124215632,3.873683634
1756,0,1.595396924,5.419707392
1757,0,2.115460113,4.043384536
1758,0,2.108193309,2.669600677
1759,0,2.287365512,2.495276069
1760,0,2.996208299,3.011550647
1761,0,2.270821772,2.905210421
1762,0,2.507989774,2.307171666
1763,0,1.482886824,1.647858262
1764,0,2.107173770,2.542884599
1765,0,2.406041995,1.991898662
1766,0,2.524189565,2.053342958
1767,0,1.949490879,1.384935809
1768,0,0.036633730,0.014995471
1769,0,1.035991727,1.007497735
1770,0,1.513122055,1.006956905
1771,0,1.011415489,1.003340244
1772,0,1.929802294,1.337415854
1773,0,2.430445890,1.665100305
1774,0,2.833982258,1.861824712
1775,0,2.326060981,2.106012749
1776,0,2.759216133,3.030947169
1777,0,3.116508713,3.930442244
1778,0,3.081139422,3.459288837
1779,0,3.065987486,2.392903849
1780,0,2.549018940,1.974985002
1781,0,2.561718488,1.929130059
1782,0,2.249686881,1.684948178
1783,0,2.355564096,2.119187076
1784,0,2.339730435,3.176571544
1785,0,2.743390389,2.652357325
1786,0,2.247298908,1.968338566
1787,0,2.446206273,1.638883964
1788,0,2.511028140,1.790439985
1789,0,2.263562303,2.370013025
1790,0,2.878288748,3.194094781
1791,0,2.989250756,2.615686085
1792,0,2.015925145,2.919173943
1793,0,1.596747752,1.663530141
1794,0,2.575186282,1.661782351
1795,0,1.884262002,1.853638922
1796,0,3.015164425,1.949112505
1797,0,2.913045323,2.040050152
1798,0,2.901833726,1.939953868
1799,0,2.842965099,2.500459436
1800,0,3.260360082,2.721926774
1801,0,2.634414454,2.423536946
1802,0,3.197106757,4.611914416
1803,0,3.189740960,3.563330769
1804,0,3.566920111,3.451016256
1805,0,2.851817463,3.505190263
1806,0,3.141235384,2.834763561
1807,0,2.119572116,1.496401369
1808,0,2.105198393,2.018643033
1809,0,2.699366138,2.843798393
1810,0,2.689244749,1.994749701
1811,0,2.177673440,1.844250012
1812,0,2.363061940,2.396344390
1813,0,2.222697127,2.122119506
1814,0,1.555879461,1.238065110
1815,0,2.142670217,2.037317540
1816,0,1.414835262,1.077843773
1817,0,2.373035736,1.402502290
1818,0,1.567312123,1.243428962
1819,0,1.499416779,1.959793093
1820,0,2.191579326,2.692663515
1821,0,2.467070964,2.034535220
1822,0,2.033886644,1.559522127
1823,0,2.374587504,1.752323534
1824,0,2.732739221,1.502085189
1825,0,1.823390911,1.555889022
1826,0,1.772509461,2.763584996
1827,0,1.912014230,1.676462268
1828,0,0.986347653,0.862645002
1829,0,0.944755392,1.274959322
1830,0,2.472377696,1.500000000
1831,0,2.471390574,1.319119196
1832,0,2.911550922,1.725245284
1833,0,3.272818664,2.034376206
1834,0,3.254540292,2.610262546
1835,0,2.991106584,3.014388612
1836,0,3.115449362,4.219635186
1837,0,3.116639447,3.599542699
1838,0,2.981811460,3.879354908
1839,0,2.118480323,2.366026538
1840,0,2.650671150,3.014807670
1841,0,3.088399653,2.771495928
1842,0,3.222796621,3.038167378
1843,0,1.363810551,3.838396413
1844,0,2.507738008,3.422810694
1845,0,2.539247431,4.097139006
1846,0,2.461560558,4.226994444
1847,0,2.711218786,4.107123035
1848,0,2.624073251,1.826160452
1849,0,2.232834458,1.519199882
1850,0,1.534104345,0.851897346
1851,0,1.995747380,1.371112182
1852,0,2.837327820,2.048345372
1853,0,1.423370405,0.872718232
1854,0,2.053122894,1.531117192
1855,0,1.999478045,1.027037234
1856,0,1.574167881,1.239316938
1857,0,0.964925563,0.780390899
1858,0,1.815282153,1.596039347
1859,0,1.669093986,2.037666830
1860,0,1.794479646,1.191611415
1861,0,2.223832610,1.362092184
1862,0,1.553771771,1.152315686
1863,0,1.495602584,1.889693922
1864,0,2.022370167,0.960829733
1865,0,1.884658267,1.171763719
1866,0,1.522942150,1.259821368
1867,0,1.736364886,0.924087780
1868,0,1.958099220,1.653666081
1869,0,2.227950140,1.509346046
1870,0,2.218024572,1.505569483
1871,0,2.058079470,1.341604120
1872,0,2.369641448,1.882007225
1873,0,2.321564336,1.253084405
1874,0,1.869658913,1.396485855
1875,0,2.793230127,2.607005876
1876,0,2.804360062,2.710391816
1877,0,2.647327556,3.223991194
1878,0,2.144569433,2.620715251
1879,0,2.418007990,2.207294893
1880,0,2.777975745,2.242248493
1881,0,3.459866914,2.348092611
1882,0,0.999965046,0.993038981
1883,0,1.854531828,1.681125642
1884,0,2.702626843,1.972835832
1885,0,0.848607032,0.550084173
1886,0,1.806712546,1.972296767
1887,0,2.632065195,2.885707938
1888,0,2.667030743,2.493435288
1889,0,2.505860333,1.668528351
1890,0,3.009092400,1.619552606
1891,0,2.658596262,1.720175987
1892,0,2.712590306,2.122060009
1893,0,2.514414661,2.287197866
1894,0,2.916039937,1.773538252
1895,0,1.304016499,0.843761192
1896,0,1.529242315,1.064488656
1897,0,2.197471722,1.178733576
1898,0,2.426501111,1.749886225
1899,0,2.169655368,1.726726245
1900,0,1.309536778,1.004212398
1901,0,1.566760543,1.266852629
1902,0,1.914797572,1.047751878
1903,0,2.547952128,1.972447496
1904,0,2.787380799,2.463362521
1905,0,1.983716435,1.615644967
1906,0,2.604896025,2.134941408
1907,0,2.298617252,2.421101936
1908,0,2.687419285,2.038590755
1909,0,3.077635109,1.668451258
1910,0,3.211103700,2.162748873
1911,0,3.016114253,2.409441757
1912,0,1.991383641,1.814891001
1913,0,2.648049675,1.761716284
1914,0,2.266502963,1.519331154
1915,0,2.227782766,1.792062999
1916,0,2.093427188,1.214894818
1917,0,2.309238799,1.228088983
1918,0,2.366814103,1.388457694
1919,0,2.767173593,2.551377234
1920,0,3.351292019,3.704949002
1921,0,3.595665258,3.571550046
1922,0,3.637737317,4.091338708
1923,0,2.683756792,3.461849812
1924,0,3.152570571,3.137721694
1925,0,2.449967809,1.604764828
1926,0,2.784763062,2.476780075
1927,0,2.707811775,1.924776851
1928,0,2.116779012,1.432888310
1929,0,2.558963957,2.221846646
1930,0,2.348799647,2.165068826
1931,0,2.408803171,1.634019849
1932,0,2.268076578,2.484980594
1933,0,2.545991936,1.725283131
1934,0,2.528762205,1.496697085
1935,0,2.513615497,1.617138372
1936,0,2.362024910,1.688562766
1937,0,2.096501665,1.405823351
1938,0,2.085674981,1.976058921
1939,0,2.094654005,2.724958179
1940,0,1.993155129,1.744600584
1941,0,2.115187565,1.487211221
1942,0,1.774832995,1.331521427
1943,0,2.260656909,2.040903734
1944,0,2.537285359,2.923411289
1945,0,2.656728477,3.940651787
1946,0,1.669485577,2.581528758
1947,0,2.270418088,1.667906523
1948,0,2.584260823,2.217186112
1949,0,2.106224776,1.980637300
1950,0,2.558516375,2.444728611
1951,0,2.912668574,2.056898512
1952,0,3.172012558,2.774393150
1953,0,2.849701637,2.030642691
1954,0,3.076420029,3.073111936
1955,0,3.359170207,3.686495803
1956,0,3.224708414,2.262329887
1957,0,3.013944031,2.371192651
1958,0,2.895582116,2.053705956
1959,0,2.917671697,2.497231550
1960,0,3.402775746,2.597318089
1961,0,3.268048569,3.108006066
1962,0,2.819040071,3.966724688
1963,0,2.793383338,3.298750488
1964,0,2.814545686,2.601180064
1965,0,2.278562896,1.656198927
1966,0,2.494976417,2.348000252
1967,0,2.565610150,1.920424973
1968,0,2.824392913,2.671961269
1969,0,2.720943124,3.735521393
1970,0,2.537966830,3.776289473
1971,0,2.928900482,4.784123857
1972,0,2.729915902,5.688529514
1973,0,3.010104000,4.666462721
1974,0,3.654801163,4.535226180
1975,0,3.368108979,3.203630041
1976,0,3.427051905,3.152797379
1977,0,3.641405062,3.449871662
1978,0,3.468863211,4.066916883
1979,0,3.499499692,4.261358396
1980,0,3.192228180,4.532542739
1981,0,3.659468236,4.630901735
1982,0,3.820858297,3.797574383
1983,0,1.797782700,1.946851983
1984,0,2.972615487,3.074005003
1985,0,2.679574863,3.202421697
1986,0,3.300558722,3.134491712
1987,0,3.091171982,2.427133913
1988,0,2.967089265,2.772499704
1989,0,2.369871417,1.631080459
1990,0,2.574868943,1.790561757
1991,0,1.536921073,0.900702423
1992,0,1.986089532,1.342399410
1993,0,2.509852546,1.660649214
1994,0,2.510124348,1.488178413
1995,0,2.815757330,1.944389425
1996,0,3.287302630,2.744084627
1997,0,3.028458799,3.200133044
1998,0,3.413693639,2.789179776
1999,0,2.973592058,2.400702029
2000,0,2.686328625,2.530815265
2001,0,2.659035043,3.550263164
2002,0,3.011938103,4.425657276
2003,0,2.921267271,4.685845812
2004,0,2.541752023,4.658804574
2005,0,2.468865142,3.639544989
2006,0,2.924738845,4.567561723
2007,0,2.605107827,3.461453326
2008,0,2.970042898,2.816117175
2009,0,2.790512974,4.106807449
2010,0,2.026440469,2.161675171
2011,0,1.652817357,1.687776987
2012,0,2.390289260,1.813339715
2013,0,2.438418982,2.465914371
2014,0,2.833514322,3.366626942
2015,0,3.138936673,4.287090788
2016,0,2.231043793,2.702710951
2017,0,2.248349281,2.183267070
2018,0,3.252698874,2.788955485
2019,0,3.389844014,3.535764465
2020,0,3.351336312,3.226301942
2021,0,1.920932584,2.440658099
2022,0,2.545250537,2.157235233
2023,0,2.739976542,2.427529491
2024,0,3.032862137,2.412865545
2025,0,1.770157753,2.195093171
2026,0,1.653693994,1.596782876
2027,0,2.199856167,1.621132867
2028,0,2.541828310,2.046260136
2029,0,2.461084859,2.790758893
2030,0,1.857112476,1.132734869
2031,0,2.054925676,1.387582810
2032,0,2.236257525,1.475774977
2033,0,1.973562651,2.073510986
2034,0,2.464044806,1.934936201
2035,0,0.985845209,0.670075274
2036,0,2.003145582,1.410310660
2037,0,1.830800850,1.353299737
2038,0,2.061473131,2.227464909
2039,0,1.924741798,1.395140757
2040,0,1.865697028,1.074265447
2041,0,1.717985324,1.434509504
2042,0,1.108045489,0.724464773
2043,0,2.007237644,1.417666632
2044,0,1.980924994,1.352752148
2045,0,1.705728889,1.055183391
2046,0,1.625602375,1.417910722
2047,0,1.609807725,1.691508288
2048,0,1.895910610,2.396305745
2049,0,1.748019329,1.676550662
2050,0,1.771895403,1.345389498
2051,0,1.654618132,1.358402828
2052,0,1.047745395,0.798412511
2053,0,1.586473322,0.820578743
2054,0,1.600713328,0.786719025
2055,0,1.599867389,1.114077886
2056,0,1.283713666,0.830796400
2057,0,1.546149443,0.955436677
2058,0,1.605471560,1.369983462
2059,0,1.959682382,2.204718044
2060,0,1.799523204,0.978985428
2061,0,1.626153046,0.803930435
2062,0,1.836629175,2.028435914
2063,0,2.344996060,2.548431941
2064,0,2.628570817,1.989286387
2065,0,2.436762711,1.561648054
2066,0,2.896309167,2.240586502
2067,0,2.511366980,2.599166788
2068,0,2.558993967,2.173389196
2069,0,2.374879861,1.678204779
2070,0,2.955217219,1.953954408
2071,0,2.683329587,2.070312396
2072,0,2.689207085,1.904607232
2073,0,2.494296074,2.584903504
2074,0,2.428544223,1.983725929
2075,0,2.620199477,2.101017080
2076,0,2.269761552,2.366654439
2077,0,2.795035882,2.216636511
2078,0,3.012317220,2.837101398
2079,0,2.890316745,2.759406797
2080,0,2.432283275,2.251109654
2081,0,3.269084760,2.648393072
2082,0,3.076102611,2.276461691
2083,0,2.917439615,2.845601887
2084,0,2.675792405,3.046263344
2085,0,3.028995648,4.266325767
2086,0,3.192822822,2.711491461
2087,0,1.887822191,2.242743451
2088,0,2.615719939,2.044988109
2089,0,2.767514327,2.880395592
2090,0,2.349723889,3.194195547
2091,0,2.557232086,2.312057982
2092,0,2.550672204,1.904112471
2093,0,1.722098864,0.989193024
2094,0,1.765845048,0.800525098
2095,0,1.918904585,1.181277606
2096,0,2.187406910,1.214895285
2097,0,2.309216528,1.668414422
2098,0,2.474295102,1.554036743
2099,0,1.849799334,2.106063628
2100,0,2.605574502,1.906753082
2101,0,2.835353933,2.985386733
2102,0,3.293252912,3.649372157
2103,0,2.784748778,1.790411781
2104,0,1.881073891,1.185133322
2105,0,1.920362272,1.242885285
2106,0,2.097404957,1.146951884
2107,0,1.954786094,1.448367151
2108,0,2.246190828,1.203422891
2109,0,2.203948945,1.511763247
2110,0,1.716353579,1.935463078
2111,0,2.222670010,1.142591715
2112,0,1.670179728,1.276330664
2113,0,2.606615769,1.439694222
2114,0,1.410613652,0.967660483
2115,0,1.844334924,1.337233786
2116,0,1.994395946,1.476610061
2117,0,1.933022477,1.468865184
2118,0,2.739698856,2.268995098
2119,0,2.429981699,1.656644367
2120,0,2.663544877,1.513923840
2121,0,2.450873713,1.581441370
2122,0,2.595001546,1.973325826
2123,0,2.278663646,2.538342152
2124,0,3.039429664,3.249557306
2125,0,1.443196256,2.494800382
2126,0,-0.000000000,0.000000000
2127,0,0.591672779,0.285714286
2128,0,1.979411020,1.619047619
2129,0,2.443089494,1.412698413
2130,0,2.188417622,1.140897098
2131,0,2.114814475,2.002966185
2132,0,2.337317335,2.057582928
2133,0,2.258335688,1.597783343
2134,0,2.511484394,1.769007415
2135,0,2.199085613,1.964368943
2136,0,2.435576135,3.514286503
2137,0,1.741507030,1.277982518
2138,0,2.379081553,1.612240737
2139,0,2.496329439,2.247803426
2140,0,2.573817826,3.000002230
2141,0,3.100315375,2.589871440
2142,0,3.128370666,3.115455613
2143,0,2.110253016,2.569175959
2144,0,2.710369268,2.101913633
2145,0,3.190332931,2.813953631
2146,0,2.928586579,2.436174089
2147,0,2.847999104,3.331130235
2148,0,2.775540337,2.677897608
2149,0,2.919214102,3.645459723
2150,0,2.815741792,2.901050898
2151,0,2.972241647,3.865984763
2152,0,2.853974493,3.558504617
2153,0,2.597412096,2.757291845
2154,0,3.231588438,2.298608003
2155,0,2.218442317,2.044163925
2156,0,2.817726274,2.122582441
2157,0,2.895857974,2.323706099
2158,0,3.252399714,2.363080646
2159,0,1.667138229,2.573629494
2160,0,2.226740779,2.103631261
2161,0,2.592833049,2.548545774
2162,0,2.560760128,2.182813066
2163,0,2.653699695,3.320828784
2164,0,2.809107511,2.833509158
2165,0,2.855936589,2.289458744
2166,0,3.383131109,3.101327182
2167,0,3.067455891,2.503406068
2168,0,2.722594358,2.581466320
2169,0,2.567825034,2.577298883
2170,0,2.660925118,3.639910999
2171,0,3.013007077,5.054146807
2172,0,3.647511423,3.903729138
2173,0,3.592537905,3.324138519
2174,0,3.380813148,3.188304315
2175,0,3.036307692,2.255896315
2176,0,3.052776119,2.675110937
2177,0,2.554578792,3.617772047
2178,0,2.999231617,3.541272241
2179,0,3.596238146,4.058172220
2180,0,3.309162045,3.482040447
2181,0,3.236265754,2.737633004
2182,0,3.201503260,2.358551562
2183,0,3.148579968,2.463166207
2184,0,2.912756101,2.455799187
2185,0,2.770248796,2.064508138
2186,0,2.877329107,2.109715315
2187,0,2.677176689,2.365627986
2188,0,2.761145945,2.803967901
2189,0,1.370079226,0.950054089
2190,0,2.377317558,1.992540198
2191,0,2.184942302,1.572945515
2192,0,2.741663449,1.872002187
2193,0,3.046208123,2.108658452
2194,0,2.579088058,2.486531866
2195,0,2.172013645,2.007037932
2196,0,3.281058151,2.975107932
2197,0,3.316725487,2.935520061
2198,0,3.289219569,3.188068356
2199,0,3.447278917,3.730734398
2200,0,3.468735740,3.036913215
2201,0,3.098897056,2.434778217
2202,0,3.165465297,2.753958863
2203,0,3.161659354,3.744173261
2204,0,3.563953588,2.992526579
2205,0,3.172801860,2.614619740
2206,0,3.488682936,2.940177354
2207,0,3.235452303,3.062110037
2208,0,3.209407888,2.863686658
2209,0,3.112009172,3.256035816
2210,0,3.096936893,3.539650919
2211,0,2.856269411,3.940972234
2212,0,3.071327954,4.630117765
2213,0,3.019811281,5.687423117
2214,0,2.936780776,4.610175859
2215,0,2.464018585,5.723421846
2216,0,3.032958199,4.775538100
2217,0,3.230237195,5.489366961
2218,0,3.406345560,6.439857007
2219,0,3.246336100,7.170915780
2220,0,3.170469822,7.904606759
2221,0,2.791053119,9.243001253
2222,0,3.104566180,8.620020931
2223,0,3.410850938,7.903808333
2224,0,3.257497675,6.554479576
2225,0,3.088743546,6.040833560
2226,0,3.111169082,5.597468611
2227,0,3.323437926,6.587422214
2228,0,3.123125251,6.190933110
2229,0,2.843107782,5.725813054
2230,0,3.073286306,6.845844971
2231,0,2.957734818,6.672927402
2232,0,3.039981398,7.987081647
2233,0,2.948158864,6.653182607
2234,0,3.110815881,6.297921498
2235,0,3.300684684,7.192475567
2236,0,3.134217149,4.043339404
2237,0,3.597677267,4.029241255
2238,0,3.398572916,3.590716985
2239,0,3.389309277,4.052691901
2240,0,3.717909114,4.884445850
2241,0,2.657818526,5.026701000
2242,0,3.695204367,4.741857616
2243,0,3.582602012,3.788246541
2244,0,3.711291102,4.714182163
2245,0,3.347297803,4.948800802
2246,0,3.406171105,3.888203845
2247,0,3.686755972,4.221659254
2248,0,3.512292457,4.146620016
2249,0,2.710275519,2.244005474
2250,0,2.693847522,1.940340908
2251,0,2.863277530,2.014952636
2252,0,3.213980354,2.305388175
2253,0,2.546839609,1.773040018
2254,0,2.343756825,1.572799351
2255,0,2.065060790,1.346227145
2256,0,2.003007440,1.798502297
2257,0,2.595038500,1.895400484
2258,0,2.840351828,2.196391064
2259,0,2.556307370,2.147065724
2260,0,2.770573690,1.960710582
2261,0,2.767658685,1.895953370
2262,0,2.317364625,2.671384856
2263,0,2.621411333,3.515836396
2264,0,2.796403599,2.961002122
2265,0,2.911351546,2.612477421
2266,0,1.921095978,1.606699732
2267,0,3.064042469,2.050913902
2268,0,3.099648335,2.095255223
2269,0,3.158163009,2.542336477
2270,0,3.049412563,2.569768964
2271,0,2.887672179,3.159175417
2272,0,0.957043145,0.567026449
2273,0,1.487481024,1.489076680
2274,0,2.043851945,1.190032039
2275,0,2.329609939,1.357801367
2276,0,1.412730456,1.245861446
2277,0,2.170294926,2.003032425
2278,0,0.000000000,0.000000000
2279,0,1.000000000,1.000000000
2280,0,0.000000000,0.000000000
2281,0,1.000000000,1.000000000
2282,0,1.918295834,2.000000000
2283,0,2.107263531,2.823529412
2284,0,2.385966228,2.043750000
2285,0,2.708276976,2.976888388
2286,0,0.853746859,1.442492918
2287,0,1.494923904,0.989992302
2288,0,1.923334294,1.239018671
2289,0,2.085980073,1.860108247
2290,0,2.463067467,2.802873490
2291,0,2.341512063,2.195461177
2292,0,2.256118959,1.655846487
2293,0,2.510810705,2.613058438
2294,0,1.492872237,2.503697723
2295,0,2.064972835,1.948950533
2296,0,2.155755527,2.504487713
2297,0,2.485468739,1.954693618
2298,0,2.442138918,2.645356433
2299,0,2.234893745,1.504467898
2300,0,1.358658125,1.342392548
2301,0,2.139820011,1.241981840
2302,0,1.506260399,1.554456061
2303,0,2.274635797,2.452216695
2304,0,2.089134787,2.001727651
2305,0,1.694591683,1.420238662
2306,0,2.245437929,1.434194083
2307,0,2.117600735,1.836883299
2308,0,2.961257375,2.101336378
2309,0,2.044141061,2.513284856
2310,0,1.934034299,1.906638058
2311,0,2.512356562,2.123514437
2312,0,2.575137553,1.966351609
2313,0,2.620158407,2.996372600
2314,0,2.619547629,2.032556895
2315,0,2.395431231,2.661613423
2316,0,2.040691859,1.956530131
2317,0,2.036375415,1.975687342
2318,0,2.485010416,2.152215647
2319,0,2.943283839,2.788418646
2320,0,2.956952926,3.628529090
2321,0,2.371277898,1.942577008
2322,0,2.599686793,1.564843832
2323,0,2.318726753,1.799991661
2324,0,2.512934935,1.979902692
2325,0,2.938243269,2.457985931
2326,0,2.979863148,2.757396510
2327,0,2.420360547,2.128783555
2328,0,3.184975274,2.124897303
2329,0,2.913177619,1.785143387
2330,0,3.018557353,2.151524007
2331,0,2.951957819,2.099700904
2332,0,2.581112815,2.361985572
2333,0,2.416497210,2.648675666
2334,0,2.403272386,1.652130058
2335,0,2.286464620,2.231226594
2336,0,2.202699026,1.757812245
2337,0,2.185169271,2.556390974
2338,0,2.021600563,1.861657873
2339,0,3.085185300,2.010111121
2340,0,2.843128389,2.268353450
2341,0,2.724045208,2.186515754
2342,0,1.287906635,1.685551048
2343,0,1.867261189,1.575714792
2344,0,2.461840979,2.515326524
2345,0,1.009245363,1.398003313
2346,0,2.326872613,2.485021686
2347,0,2.197165360,1.773617865
2348,0,0.972929906,0.605727116
2349,0,2.056460296,1.303803311
2350,0,2.832553825,2.237712410
2351,0,2.728464254,2.325074056
2352,0,2.695308909,2.442245824
2353,0,2.992285198,2.374336414
2354,0,3.345527153,1.981361645
2355,0,1.572761771,1.341866325
2356,0,2.621975718,1.858917491
2357,0,3.168394379,2.054746782
2358,0,2.389354812,1.442996982
2359,0,1.913910229,1.279848569
2360,0,2.248079584,1.048314022
2361,0,2.332737596,1.247557408
2362,0,2.334307736,1.073544748
2363,0,2.712528483,1.681523088
2364,0,2.890517923,1.930307284
2365,0,2.797502973,2.369073472
2366,0,2.939438443,2.309902018
2367,0,3.003697125,2.314381245
2368,0,2.586472962,1.315344870
2369,0,1.988250949,1.463857578
2370,0,2.633337011,2.635884273
2371,0,2.897507541,2.070823315
2372,0,2.521696106,1.617119302
2373,0,2.690869288,2.075364640
2374,0,2.769703344,1.584853603
2375,0,2.935029986,1.940777725
2376,0,2.897999853,2.004170018
2377,0,2.755774710,1.800308409
2378,0,3.043375083,2.410656557
2379,0,2.959335155,1.926768536
2380,0,2.446944219,1.913113866
2381,0,1.836106993,1.313626961
2382,0,2.382959078,1.214335107
2383,0,2.321887545,1.812537205
2384,0,2.288474691,2.163519735
2385,0,2.636321835,2.795866759
2386,0,2.713302772,2.253719093
2387,0,2.318859126,1.996222609
2388,0,2.197218148,1.314206093
2389,0,2.617471873,1.999110182
2390,0,1.305256349,0.907425891
2391,0,2.032411127,1.242220318
2392,0,2.343592321,1.916350870
2393,0,2.482504685,2.418794375
2394,0,2.488658646,1.913158543
2395,0,2.559192457,2.611156271
2396,0,2.591704775,3.132115848
2397,0,2.367388202,2.107485114
2398,0,2.583436538,2.529837828
2399,0,2.889866399,3.270542690
2400,0,3.041486946,2.672223811
2401,0,2.716888866,2.157046869
2402,0,2.833210191,2.183636018
2403,0,3.028005802,1.944141779
2404,0,2.830950829,2.238847663
2405,0,3.183452784,2.923202952
2406,0,2.565420649,2.719343330
2407,0,3.451596745,2.693123961
2408,0,3.212555588,2.366374969
2409,0,3.052854436,2.556299831
2410,0,2.662354688,2.031300474
2411,0,2.466055813,1.745179632
2412,0,2.901673094,2.325322374
2413,0,2.630606754,2.736529921
2414,0,2.918636316,2.347308756
2415,0,1.797081827,1.879857137
2416,0,2.803792508,1.973942734
2417,0,3.001827933,2.499882201
2418,0,2.799327011,1.990747652
2419,0,2.312580416,1.505971725
2420,0,1.155963349,0.762062629
2421,0,0.458424525,0.386772497
2422,0,1.458424525,1.483465621
2423,0,2.410803188,1.769336402
2424,0,2.468712239,1.814623293
2425,0,2.620604781,1.691525197
2426,0,2.709474338,1.852557034
2427,0,3.070142577,2.386822756
2428,0,2.482152621,1.541116298
2429,0,2.296754463,2.452259334
2430,0,2.580737934,1.884038449
2431,0,2.278624889,1.323148482
2432,0,2.554460696,1.804016420
2433,0,2.881865390,1.821135359
2434,0,3.045139890,2.244108463
2435,0,3.279531874,4.155407289
2436,0,3.068103539,3.316328207
2437,0,2.558196918,3.798270136
2438,0,2.712831138,3.559395924
2439,0,3.173977366,2.497312436
2440,0,3.354697242,3.394581274
2441,0,2.840668566,4.191744318
2442,0,3.101732713,3.354121790
2443,0,3.212877214,2.934607825
2444,0,2.465617404,2.842185622
2445,0,1.402926919,1.220528129
2446,0,2.274505366,2.002969811
2447,0,2.375456578,1.933712461
2448,0,1.720694555,1.820371621
2449,0,1.972986770,1.890544606
2450,0,1.996701646,1.469429961
2451,0,1.738718088,1.192329636
2452,0,2.555462509,1.481266054
2453,0,1.576188176,1.313576611
2454,0,2.303553113,2.159993619
2455,0,2.668839649,2.013533526
2456,0,2.285485985,1.375172398
2457,0,1.876220166,1.132599598
2458,0,1.970616164,1.002228118
2459,0,1.578097671,1.303447691
2460,0,2.264189343,1.309047236
2461,0,2.044066544,1.539436534
2462,0,1.751870219,1.112712316
2463,0,2.082799712,1.305545941
2464,0,2.324385023,1.578953318
2465,0,1.856458715,1.043373807
2466,0,2.771024272,1.872837494
2467,0,2.668512871,2.054499661
2468,0,1.872620905,1.077866074
2469,0,2.622867600,1.683932531
2470,0,2.601727935,2.548629912
2471,0,2.759796071,2.105695542
2472,0,3.077012674,2.757622871
2473,0,2.607467667,2.097204432
2474,0,2.609630354,2.756311310
2475,0,2.531988927,2.002227930
2476,0,2.517392020,2.745713883
2477,0,2.300944828,2.325943756
2478,0,2.240560293,1.654350710
2479,0,2.148552850,1.514253754
2480,0,2.007525619,1.019494240
2481,0,2.199425552,1.079922574
2482,0,2.433366571,1.716162310
2483,0,2.131450025,1.226029012
2484,0,1.979927011,1.007810346
2485,0,1.757852652,2.199999010
2486,0,1.784955464,1.264871430
2487,0,2.813402418,1.855779151
2488,0,1.597199474,1.416844213
2489,0,1.152906197,0.925414467
2490,0,1.859776419,0.971808413
2491,0,1.878517471,1.491031993
2492,0,2.521450679,1.680399958
2493,0,2.583051582,1.822085453
2494,0,2.546460925,2.605356465
2495,0,2.223377969,2.061739590
2496,0,2.300451126,1.375270999
2497,0,1.959378362,1.449480012
2498,0,2.610792934,1.730006323
2499,0,2.170553603,1.627463703
2500,0,2.133301251,1.181845939
2501,0,1.938228966,1.479396394
2502,0,2.523972526,1.508115712
2503,0,2.244404476,1.766640737
2504,0,2.253140545,2.512762856
2505,0,2.167517849,1.798711894
2506,0,2.409296175,1.449766261
2507,0,2.419484300,1.287402724
2508,0,2.401362229,1.206872334
2509,0,2.679506559,2.086042983
2510,0,2.619571914,1.556512552
2511,0,2.619408419,2.291023503
2512,0,2.562254470,1.433491115
2513,0,2.038094066,1.668615296
2514,0,2.715754846,2.734991075
2515,0,2.749548276,3.181576209
2516,0,2.973564089,2.500037597
2517,0,2.846862648,2.906974111
2518,0,2.992213163,2.428948593
2519,0,2.961993202,2.132284571
2520,0,2.596634917,1.911826848
2521,0,2.653852887,2.277136804
2522,0,2.421081316,2.314507630
2523,0,2.272026555,2.238057965
2524,0,2.118952528,1.108190357
2525,0,2.000815115,1.340052800
2526,0,1.502719945,1.082049334
2527,0,2.403919362,1.391521579
2528,0,2.239201584,1.410371358
2529,0,2.244875665,1.522194872
2530,0,2.271064563,2.654172600
2531,0,2.196371188,2.349263324
2532,0,2.402729112,1.886804691
2533,0,2.644128888,2.658829946
2534,0,2.406506166,1.931814409
2535,0,2.278229739,2.032931467
2536,0,1.546110965,1.900765990
2537,0,2.819370678,1.902706038
2538,0,2.756467442,1.498192445
2539,0,3.273217780,2.807093639
2540,0,3.313761306,3.735911942
2541,0,3.254155010,3.117686347
2542,0,3.499240301,2.748652406
2543,0,3.273256240,3.033387040
2544,0,3.283990100,2.799491654
2545,0,3.011562772,2.832837625
2546,0,2.689578255,2.646079446
2547,0,2.804307104,2.163962388
2548,0,2.473779801,1.826886393
2549,0,2.923916979,2.876796084
2550,0,2.994661780,1.858873649
2551,0,1.901087294,1.498668520
2552,0,2.343696018,2.677547231
2553,0,1.829841150,1.447537647
2554,0,1.930631776,1.507599344
2555,0,2.291931925,1.816003444
2556,0,2.419189292,2.725453246
2557,0,1.407971388,1.760974820
2558,0,2.633876259,1.480081235
2559,0,2.696894713,1.942021823
2560,0,2.705509384,1.472197262
2561,0,2.315429902,1.537476056
2562,0,2.952425321,2.366333952
2563,0,1.546392388,1.571248684
2564,0,1.178802311,1.014897235
2565,0,2.672521339,1.944648446
2566,0,1.544992282,0.919901489
2567,0,2.514295482,1.942936330
2568,0,2.049715160,1.082777907
2569,0,2.703126411,2.204263126
2570,0,2.522148148,1.607983089
2571,0,2.274789641,1.880255025
2572,0,2.677123860,2.607843325
2573,0,2.788408498,3.247763951
2574,0,2.847163574,2.638117498
2575,0,2.480264218,3.318213728
2576,0,2.544265247,3.681239992
2577,0,1.440372865,1.782972134
2578,0,1.495941970,1.363709218
2579,0,2.687533919,1.489929231
2580,0,2.576536999,1.856112404
2581,0,2.652199521,1.829395910
2582,0,1.892707209,1.191803626
2583,0,1.478103606,1.000299039
2584,0,2.522788530,1.830897096
2585,0,2.250648998,1.397235871
2586,0,2.163194672,2.123724277
2587,0,2.897567336,2.129234640
2588,0,3.471085674,2.207013875
2589,0,2.928070979,1.742593268
2590,0,3.305227643,2.419105223
2591,0,2.582074902,1.428746200
2592,0,3.020276048,1.904790509
2593,0,1.978209864,1.440638553
2594,0,2.837714324,2.255303819
2595,0,3.266649963,2.199988904
2596,0,1.929291195,1.252085812
2597,0,2.200601710,2.095028746
2598,0,2.700204351,2.488306023
2599,0,2.463378756,1.558311383
2600,0,2.810898437,1.646550994
2601,0,2.860224510,2.190553582
2602,0,3.029443149,3.126015389
2603,0,2.637636835,2.161400343
2604,0,3.241035704,2.519078658
2605,0,2.788507187,2.234796574
2606,0,3.051539651,2.657063150
2607,0,3.116397341,2.202031500
2608,0,2.643464053,2.972735871
2609,0,3.018614994,4.519083252
2610,0,3.177653234,3.138752490
2611,0,3.547356408,3.860633770
2612,0,3.579066511,4.559855711
2613,0,3.657683382,4.662622635
2614,0,3.206278964,5.725670322
2615,0,-0.000000000,0.000000000
2616,0,1.061278124,0.500000000
2617,0,1.997393259,1.326086957
2618,0,1.778866274,1.812972543
2619,0,1.996629293,1.172879147
2620,0,1.714852195,1.157749782
2621,0,2.013573008,1.064304158
2622,0,1.112854513,0.648876332
2623,0,1.190138416,0.594709920
2624,0,1.418612926,1.052871568
2625,0,2.526412976,2.006523604
2626,0,2.169478294,1.938265030
2627,0,2.449706001,1.499460364
2628,0,2.435762823,1.431744212
2629,0,2.426090862,2.002849981
2630,0,2.884286686,2.981493038
2631,0,2.429968612,2.079365411
2632,0,2.502198578,1.954378548
2633,0,2.157173490,2.321154890
2634,0,2.952622508,3.363249634
2635,0,2.758849616,2.356446084
2636,0,2.947799523,2.108215489
2637,0,1.621962282,1.447398599
2638,0,2.665152411,1.770684691
2639,0,2.884780268,2.061101429
2640,0,3.047665803,2.603597120
2641,0,2.607108670,2.040619078
2642,0,2.902209327,3.115491433
2643,0,2.947076521,3.387503397
2644,0,3.248141802,4.647801425
2645,0,2.968839844,4.217492353
2646,0,2.502149369,2.324185803
2647,0,1.057341820,0.710481029
2648,0,1.813472684,1.862797105
2649,0,2.129739761,1.409220590
2650,0,1.902367709,1.337085660
2651,0,2.453008634,1.504536201
2652,0,2.274055740,1.332838696
2653,0,2.239392010,2.136352949
2654,0,2.170156920,1.828608063
2655,0,2.371568705,1.488391904
2656,0,2.883288516,2.157508827
2657,0,2.600384049,2.505895692
2658,0,2.540910455,1.936269210
2659,0,2.030923791,2.198415434
2660,0,2.484213666,1.642493237
2661,0,2.804995568,1.894540542
2662,0,2.248627049,1.801032776
2663,0,2.607149169,2.062396599
2664,0,3.177401731,3.094839047
2665,0,3.624593608,3.433920523
2666,0,3.224308867,2.867510363
2667,0,3.571540197,3.052238395
2668,0,3.463135105,3.671094231
2669,0,3.580897212,4.465815161
2670,0,3.466762909,5.651692828
2671,0,3.527176738,6.192996750
2672,0,3.366430314,4.939443980
2673,0,3.753295766,6.058470979
2674,0,2.664585492,5.686629375
2675,0,3.315287239,6.198212572
2676,0,3.213509784,6.239407589
2677,0,2.837491697,5.608080956
2678,0,3.058009959,6.144222417
2679,0,2.665291861,6.784478297
2680,0,1.681934225,1.740608374
2681,0,2.581103757,1.625257823
2682,0,2.810115725,2.006810777
2683,0,2.728082024,2.008083906
2684,0,2.649761257,1.657012333
2685,0,2.482112068,2.108994800
2686,0,2.576720958,1.874667404
2687,0,2.876400763,2.386180482
2688,0,3.080353211,3.314794700
2689,0,2.623340577,3.362673425
2690,0,2.810502986,3.401360495
2691,0,2.508486517,1.336942408
2692,0,2.819381781,1.746637602
2693,0,2.718370341,1.497870891
2694,0,3.121400101,2.409730485
2695,0,1.626693918,1.870021519
2696,0,1.929686455,2.450134719
2697,0,3.145228080,2.859928081
2698,0,3.038467814,3.653953268
2699,0,3.124562071,4.999602762
2700,0,3.152861998,5.458184736
2701,0,3.243448446,5.018471951
2702,0,3.194667894,2.529495524
2703,0,3.183928126,2.327942048
2704,0,3.379751869,2.302843539
2705,0,3.324320357,2.329212235
2706,0,2.172633086,1.744375402
2707,0,2.507490162,1.887188816
2708,0,2.250340460,1.876642390
2709,0,2.472618083,2.566589910
2710,0,2.461943848,2.331328851
2711,0,1.536595554,2.281458893
2712,0,2.498890355,1.883837343
2713,0,2.625417115,2.521684293
2714,0,2.867934135,3.193687707
2715,0,2.295397919,2.007480416
2716,0,2.477477670,1.298384208
2717,0,2.606608184,1.925717665
2718,0,1.655458147,2.385125565
2719,0,2.514214052,3.658743006
2720,0,3.210500510,2.774053977
2721,0,3.021077158,4.219007169
2722,0,2.741396196,2.789285111
2723,0,2.190201405,1.711670676
2724,0,1.874526002,1.026915336
2725,0,2.229584615,1.655847646
2726,0,2.582279014,1.894558321
2727,0,2.598965907,1.620320842
2728,0,2.368369647,1.380003992
2729,0,2.449073923,1.576638343
2730,0,2.518137685,2.000653674
2731,0,2.719005012,1.973054874
2732,0,2.696021226,2.064799233
2733,0,2.657532363,1.863856179
2734,0,2.455479110,1.731063627
2735,0,2.676213379,1.949393090
2736,0,2.401247371,1.802876051
2737,0,1.939295566,1.599479714
2738,0,2.408418571,2.386823448
2739,0,2.595785463,3.874260581
2740,0,2.732862046,3.156663691
2741,0,2.851094092,3.710877044
2742,0,2.757306619,2.402533769
2743,0,2.314509151,1.698331537
2744,0,2.492415579,1.895821733
2745,0,2.531227139,1.706681669
2746,0,2.639849606,3.247853743
2747,0,2.140669958,1.372590051
2748,0,0.975091626,1.185286677
2749,0,1.678870067,1.248271809
2750,0,1.857282582,1.223435243
2751,0,1.356351148,1.231392568
2752,0,2.032701738,1.300344890
2753,0,2.229863943,1.768890834
2754,0,2.054808072,2.690213505
2755,0,2.126697914,3.818179297
2756,0,2.172587191,2.597034509
2757,0,1.311488403,1.296965587
2758,0,2.228525942,1.314879697
2759,0,1.924299000,1.605411471
2760,0,1.451340337,1.587377986
2761,0,1.917660092,1.126629045
2762,0,1.909064125,1.674476229
2763,0,2.550990617,2.856995962
2764,0,2.297639409,2.177677079
2765,0,2.792030443,3.264641894
2766,0,2.770387450,2.136031561
2767,0,3.169431142,2.153592449
2768,0,2.922243366,1.723048320
2769,0,3.190179189,1.860932838
2770,0,2.988675467,2.234148197
2771,0,3.361562460,2.539040594
2772,0,3.316784559,3.612770886
2773,0,3.250101451,3.161061448
2774,0,3.351708345,3.432026336
2775,0,3.115653804,2.837663394
2776,0,0.978803614,0.460949171
2777,0,2.112331375,1.739671909
2778,0,1.527090291,1.116535016
2779,0,2.086785568,1.459167228
2780,0,2.231935455,2.305537756
2781,0,2.472302681,1.851837151
2782,0,3.102348213,2.102114763
2783,0,3.386796413,2.651841069
2784,0,3.134380750,2.031476476
2785,0,3.010489291,1.875651307
2786,0,3.008187532,2.097729724
2787,0,3.324993468,2.863869411
2788,0,3.432080699,3.784664734
2789,0,1.020441554,0.633638455
2790,0,1.385245534,1.018697276
2791,0,1.751519451,0.937720892
2792,0,2.082729935,1.801796371
2793,0,2.261233038,2.513273712
2794,0,2.471177609,1.982747461
2795,0,3.069547577,2.193368817
2796,0,3.002205552,1.971858336
2797,0,3.289638026,2.537450771
2798,0,3.323875686,3.135417642
2799,0,2.702214464,1.727258068
2800,0,3.064072041,1.670662959
2801,0,1.912361688,1.380354185
2802,0,2.664543982,2.695093555
2803,0,2.783749789,2.977496486
2804,0,2.555269430,1.924343359
2805,0,1.877237696,1.614391769
2806,0,2.788403596,1.467865981
2807,0,2.708708614,2.227040994
2808,0,3.247833838,3.245727109
2809,0,3.343594146,3.777199620
2810,0,3.195407185,2.691484761
2811,0,1.812007195,2.339567036
2812,0,2.460834508,2.749253130
2813,0,2.484911904,3.153696062
2814,0,2.430613668,2.509491846
2815,0,2.223407812,1.549064724
2816,0,2.728897314,2.375415644
2817,0,2.488057593,1.516709031
2818,0,2.799214579,1.674066454
2819,0,2.908821474,2.133411958
2820,0,3.140675645,2.801480900
2821,0,1.000420627,0.990352409
2822,0,0.921312767,1.329226548
2823,0,2.241434525,2.440936199
2824,0,1.365125119,1.333731818
2825,0,1.868466961,2.239108332
2826,0,2.472492909,2.038447376
2827,0,2.466035082,1.520269919
2828,0,2.190133916,1.459396046
2829,0,2.317656014,1.374890545
2830,0,2.722620331,2.358070209
2831,0,2.830278291,3.191745197
2832,0,2.968915064,3.800589998
2833,0,2.484933507,3.056222977
2834,0,3.004313489,2.296464858
2835,0,2.874083872,3.183447224
2836,0,2.523681233,1.529323060
2837,0,2.419330688,1.484356268
2838,0,1.891770564,1.581141326
2839,0,1.667980736,0.932028730
2840,0,2.834167018,1.500000000
2841,0,1.955629774,1.668707237
2842,0,2.239367017,1.814509408
2843,0,0.887238406,0.609867304
2844,0,2.237425171,1.855755927
2845,0,2.904805214,2.200548184
2846,0,2.933963255,1.739809133
2847,0,2.938845712,2.168067064
2848,0,3.240961177,3.381659520
2849,0,2.968969475,2.118478500
2850,0,2.572647581,1.320525176
2851,0,1.978140978,1.531520906
2852,0,1.539097183,1.468919271
2853,0,2.441690071,1.409118121
2854,0,1.575092419,1.221812116
2855,0,1.499743865,2.026647219
2856,0,2.643798100,3.062762382
2857,0,2.934068654,4.534045874
2858,0,2.793585598,3.500468281
2859,0,3.053000880,4.163829458
2860,0,3.026745902,4.646392522
2861,0,1.530271511,1.147949298
2862,0,2.654562502,1.464505168
2863,0,1.876893240,1.224354999
2864,0,2.711242326,2.440851029
2865,0,1.699476891,1.585323343
2866,0,2.118293680,1.525562299
2867,0,2.515825282,2.015482470
2868,0,2.310483218,1.830329996
2869,0,2.241249755,3.213621172
2870,0,2.239634060,2.056595833
2871,0,2.470924436,2.788447880
2872,0,2.524397781,2.703429187
2873,0,2.492209379,3.604976073
2874,0,2.808683303,2.862656031
2875,0,2.015303135,3.089589727
2876,0,2.638130840,2.597067391
2877,0,2.684755654,3.227047223
2878,0,3.066921947,4.148380699
2879,0,3.061353603,3.452601228
2880,0,2.815880037,2.999206196
2881,0,2.719843296,2.099632875
2882,0,3.061146545,2.794391379
2883,0,2.851562079,2.754776056
2884,0,2.801628680,3.536951287
2885,0,3.121425713,4.447715305
2886,0,2.041651314,3.959106528
2887,0,1.577529505,2.689026302
2888,0,2.344096116,3.440573318
2889,0,1.848692063,2.480749016
2890,0,2.157018226,2.243552818
2891,0,2.784073960,2.066315469
2892,0,2.695471421,2.276023925
2893,0,2.695994288,3.047013035
2894,0,3.077046514,3.940266050
2895,0,1.929371769,2.640459276
2896,0,1.470632847,2.595036708
2897,0,1.923366836,3.713879937
2898,0,3.041835089,3.219963497
2899,0,2.800463679,2.666335748
2900,0,3.072690851,2.997456288
2901,0,2.480674744,2.952460947
2902,0,2.907684502,3.185465218
2903,0,2.980724832,2.949745625
2904,0,3.282000504,2.863792086
2905,0,2.982793295,2.699114299
2906,0,3.274310483,2.609929315
2907,0,3.337074229,3.773136346
2908,0,3.554978561,3.605471777
2909,0,2.904377808,3.184151188
2910,0,3.000427214,2.936879476
2911,0,3.045606286,3.136666951
2912,0,3.402794934,2.956604190
2913,0,2.747037520,2.735336742
2914,0,2.596571464,1.721688672
2915,0,2.605700584,1.804768465
2916,0,2.921450045,1.857061774
2917,0,2.690437737,1.706586246
2918,0,2.383901051,2.274730582
2919,0,2.091453816,3.432150997
2920,0,2.558579561,4.366380528
2921,0,2.605935165,5.127491123
2922,0,2.848231271,6.895942308
2923,0,1.703639128,9.129999159
2924,0,2.098645943,9.793322115
2925,0,3.018268987,8.996830669
2926,0,2.194877683,7.348571218
2927,0,2.245566188,8.466812041
2928,0,2.409420699,7.807487152
2929,0,2.969644452,7.379362431
2930,0,2.648012150,7.996274332
2931,0,2.696108392,7.924002682
2932,0,1.329869620,1.752766097
2933,0,1.988253095,2.235280914
2934,0,1.363878039,2.389190211
2935,0,2.171112791,1.724966962
2936,0,2.746915276,2.474583114
2937,0,2.449725908,2.329514822
2938,0,2.976503250,2.831149464
2939,0,2.978282264,2.288230735
2940,0,2.183576337,1.717440121
2941,0,2.002582473,1.524908961
2942,0,2.501925821,1.735266474
2943,0,2.507102941,1.683369326
2944,0,3.003157951,2.987209065
2945,0,3.000721958,3.604442027
2946,0,2.760086803,2.351960829
2947,0,2.883293886,2.170705514
2948,0,2.673791529,1.752561194
2949,0,2.275040020,1.605622359
2950,0,2.449180971,2.188303727
2951,0,2.434480513,1.580255848
2952,0,2.658036689,1.517654999
2953,0,2.258122007,1.507791469
2954,0,2.393089811,1.396421684
2955,0,2.482829061,1.789219914
2956,0,2.985207290,2.538719165
2957,0,2.638429851,1.947466472
2958,0,2.676062376,2.286212736
2959,0,2.655105595,1.789422631
2960,0,2.599602750,1.811655559
2961,0,2.492729422,1.798989366
2962,0,2.569065405,1.601515069
2963,0,2.616676458,1.991089871
2964,0,2.662353940,2.764609048
2965,0,2.507353378,2.053426147
2966,0,2.987556241,1.976364471
2967,0,2.711387245,2.030971273
2968,0,3.003375523,2.726329087
2969,0,2.882115359,2.016260453
2970,0,2.696799758,2.242743510
2971,0,2.525191409,2.276480940
2972,0,2.585834376,2.641859016
2973,0,2.562231730,2.135411087
2974,0,2.629604577,2.509953268
2975,0,2.654283153,3.543907084
2976,0,2.497626763,2.573149424
2977,0,2.819797613,2.847239349
2978,0,2.575099156,3.555030608
2979,0,2.517803672,2.642068825
2980,0,2.823093997,3.041010135
2981,0,2.461911532,1.357080016
2982,0,1.981403475,1.600721347
2983,0,1.524820417,1.599493153
2984,0,1.851257167,1.595719517
2985,0,1.441566616,1.240294411
2986,0,1.608237696,0.849644252
2987,0,1.959712409,1.260683439
2988,0,1.179113467,0.521493512
2989,0,2.271807521,1.646361909
2990,0,2.534547599,1.593487105
2991,0,2.934833321,1.618499193
2992,0,2.561775422,1.868533967
2993,0,2.676213439,1.775531588
2994,0,2.708470859,1.903785564
2995,0,-0.000000000,0.000000000
2996,0,1.061278124,0.500000000
2997,0,0.997502546,1.058823529
2998,0,1.833764907,1.264705882
2999,0,1.880547316,1.180865359
3000,0,1.351040408,1.390748489
3001,0,1.801972963,1.303469666
3002,0,2.142953924,2.236587143
3003,0,2.647297110,1.901733187
3004,0,2.613985609,2.171307342
3005,0,2.292175928,1.434683951
3006,0,2.281585773,1.317835125
3007,0,2.375895895,1.497204759
3008,0,2.827683083,2.188517269
3009,0,2.890807286,2.912726618
3010,0,2.864044788,1.728584476
3011,0,3.017073493,2.495936683
3012,0,1.598435864,1.411246411
3013,0,2.720377541,2.408678610
3014,0,2.874497840,1.599352778
3015,0,3.074477307,1.741574473
3016,0,3.517790136,3.042349947
3017,0,1.911773086,1.751528301
3018,0,2.794838875,2.267621206
3019,0,2.635548287,2.779196998
3020,0,2.577830737,3.662698887
3021,0,1.443286637,1.397387812
3022,0,2.167118396,2.692184171
3023,0,3.295360687,4.133406270
3024,0,3.350967138,2.917231372
3025,0,1.903479422,1.711457673
3026,0,2.306717678,1.763281542
3027,0,2.727424646,2.821383679
3028,0,2.766256331,3.731237210
3029,0,3.169238400,4.776524312
3030,0,2.954739788,3.812210539
3031,0,2.555216970,3.817708171
3032,0,2.861019566,4.914718083
3033,0,3.371303941,3.981951544
3034,0,3.426228584,4.441074095
3035,0,3.560465519,4.956280061
3036,0,3.763570023,6.565152582
3037,0,3.395157552,5.195791960
3038,0,3.673175869,5.812311974
3039,0,2.382239917,3.036432406
3040,0,2.932930835,2.813678336
3041,0,2.940124686,2.928502331
3042,0,2.801338595,3.350860926
3043,0,2.380497039,1.870133206
3044,0,2.625166373,1.916836198
3045,0,2.354510879,1.624679797
3046,0,2.256575903,1.730132310
3047,0,2.038498017,2.165379232
3048,0,2.296870942,2.019066459
3049,0,1.846703646,2.591273584
3050,0,2.034190103,1.580103989
3051,0,1.579744807,1.341854376
3052,0,2.304818847,2.223324599
3053,0,2.695698049,2.421155813
3054,0,2.578163495,1.565099205
3055,0,2.073399900,1.708499304
3056,0,2.737098985,2.653941653
3057,0,1.891594046,2.953753529
3058,0,2.365020640,2.867968137
3059,0,3.085675247,2.842672018
3060,0,2.892581385,2.454236541
3061,0,2.707860525,1.760981760
3062,0,2.923703589,2.436185382
3063,0,2.893081232,2.642258131
3064,0,2.615689683,2.153936277
3065,0,2.677559918,1.792052929
3066,0,3.101749616,2.022748779
3067,0,2.588843791,2.594969767
3068,0,2.865151096,1.889105762
3069,0,2.974109463,1.766685093
3070,0,2.773817710,3.688873492
3071,0,2.787771137,3.805873858
3072,0,2.774523959,3.744160489
3073,0,1.851941051,1.418323707
3074,0,1.708886598,1.624463786
3075,0,2.348929792,1.860853957
3076,0,1.771442078,2.053679355
3077,0,1.499999619,1.000000000
3078,0,1.483166728,1.499228684
3079,0,2.214351903,1.613765359
3080,0,2.674699571,1.447786583
3081,0,2.590235226,1.900013162
3082,0,2.533084552,3.165627891
3083,0,2.035419891,3.341359217
3084,0,2.417177760,4.449889249
3085,0,2.241910121,4.613276975
3086,0,2.156569669,4.831387497
3087,0,2.742424132,4.130257294
3088,0,2.919292656,3.433953332
3089,0,2.605995849,1.979208971
3090,0,1.332950923,1.532297926
3091,0,0.886063907,0.607896685
3092,0,2.100662093,1.383991390
3093,0,2.189072972,1.444485466
3094,0,2.206182688,1.113690045
3095,0,2.690410354,1.874160507
3096,0,2.753977975,2.182292326
3097,0,2.308184656,1.646537015
3098,0,2.514961816,1.511837742
3099,0,1.520866303,0.949557556
3100,0,1.936201228,1.322660758
3101,0,0.892796765,0.618544882
3102,0,-0.000000000,0.000000000
3103,0,1.000000000,1.000000000
3104,0,1.918295834,2.000000000
3105,0,2.299736764,1.833333333
3106,0,2.427143616,2.232142857
3107,0,2.419751776,1.546498087
3108,0,-0.000000000,0.000000000
3109,0,1.000000000,1.000000000
3110,0,1.775858948,2.000000000
3111,0,2.298794941,3.000000000
3112,0,2.447086187,2.112716763
3113,0,2.506513080,1.780441400
3114,0,2.419318673,2.141239696
3115,0,2.065637509,2.991248289
3116,0,2.025851942,2.022814668
3117,0,2.393651256,1.659214588
3118,0,2.901494528,1.804893186
3119,0,2.868703943,2.236307609
3120,0,2.074614136,3.572417652
3121,0,1.000000000,1.000000000
3122,0,1.370950594,0.800000000
3123,0,1.740080060,1.866666667
3124,0,1.936626974,2.533505155
3125,0,1.752575968,3.241802094
3126,0,2.036353851,1.778078314
3127,0,2.335044198,1.256753358
3128,0,1.936294187,1.739054189
3129,0,2.519166021,1.707634201
3130,0,2.916626066,2.353332434
3131,0,2.616363374,1.820018794
3132,0,2.237642395,1.959353742
3133,0,2.417888179,2.178252920
3134,0,2.466979436,2.296393412
3135,0,3.469412085,2.785133328
3136,0,3.355622711,2.735469844
3137,0,3.205604114,2.900327566
3138,0,2.911489426,3.626757341
3139,0,3.062171486,2.650528249
3140,0,3.051198713,2.824639839
3141,0,3.497653476,3.515814702
3142,0,2.915635360,2.513179786
3143,0,2.454447104,1.681675414
3144,0,1.784706803,2.067175403
3145,0,1.627023149,2.166029413
3146,0,2.088655699,2.115611944
3147,0,2.594642601,2.996037530
3148,0,3.064807606,2.529973565
3149,0,2.888566175,2.601657320
3150,0,2.077529131,2.288457905
3151,0,2.222150967,1.659124671
3152,0,2.237810166,1.459178560
3153,0,2.385759430,1.891541972
3154,0,3.133421989,2.610794844
3155,0,2.576896636,1.698579446
3156,0,1.774742507,2.078067647
3157,0,1.463872619,1.214560357
3158,0,2.244520692,1.601439599
3159,0,2.668032239,1.817165374
3160,0,2.764271301,1.835376929
3161,0,2.611299149,2.041483595
3162,0,2.578785089,2.488543167
3163,0,2.805653471,3.469778342
3164,0,2.721995377,2.640488305
3165,0,2.988231411,2.332201973
3166,0,3.057042459,3.323475701
3167,0,1.371288139,1.483512976
3168,0,2.058980471,1.396768364
3169,0,2.602429943,1.856927739
3170,0,2.327761150,2.464527265
3171,0,2.509029357,3.307598641
3172,0,2.030699635,2.331508061
3173,0,2.931505832,2.241926388
3174,0,3.437058674,2.318965019
3175,0,2.932088899,3.126293567
3176,0,3.374456483,3.147812923
3177,0,3.095881177,2.400010379
3178,0,3.579478463,2.282940029
3179,0,3.206989696,2.692991953
3180,0,3.470917173,2.255158128
3181,0,3.282388725,2.547835426
3182,0,3.084096998,2.555256482
3183,0,3.027616301,2.700150942
3184,0,3.025003026,3.453519083
3185,0,2.304792001,1.517278156
3186,0,2.858362275,2.539531894
3187,0,3.005162095,2.092644134
3188,0,2.559956448,2.210294646
3189,0,2.903166248,1.970502207
3190,0,2.629807121,2.204727332
3191,0,3.566564493,2.862330927
3192,0,3.329578121,2.519511163
3193,0,3.297535943,2.533636611
3194,0,3.557719210,2.820415710
3195,0,3.619022848,3.316593895
3196,0,3.373772335,2.858921438
3197,0,2.377215131,2.478554091
3198,0,3.015798153,2.611225066
3199,0,2.571039900,2.206240587
3200,0,3.284913017,2.978746133
3201,0,3.287618204,2.680288442
3202,0,3.190225182,2.523808281
3203,0,2.984086021,2.760724663
3204,0,3.143346177,2.507705836
3205,0,3.095275486,3.036583226
3206,0,3.287848281,2.431801600
3207,0,3.529496692,2.594484895
3208,0,3.237443262,2.187156984
3209,0,3.107928101,2.724612682
3210,0,3.029043474,3.074943648
3211,0,3.459462427,3.412293604
3212,0,3.525863164,3.162968998
3213,0,3.671180026,3.512509609
3214,0,2.134058675,2.111730084
3215,0,3.126944483,2.674338614
3216,0,3.445735441,2.831655775
3217,0,3.505083137,2.776468809
3218,0,3.442882179,2.644810729
3219,0,3.127851439,2.463578843
3220,0,3.214203945,2.544387973
3221,0,3.166436384,2.929575730
3222,0,3.276950943,2.965112327
3223,0,3.493407376,2.815941768
3224,0,3.380018766,3.110137604
3225,0,2.666127613,2.702624241
3226,0,3.485278152,2.692801052
3227,0,3.736065465,3.393117346
3228,0,3.994096364,3.790905571
3229,0,4.011297988,3.642727254
3230,0,3.394579396,4.766397959
3231,0,3.562263814,4.327299028
3232,0,3.122982072,4.761576298
3233,0,3.287168519,3.015122550
3234,0,3.505333986,3.463115634
3235,0,3.087747995,3.806065348
3236,0,3.303406499,4.213021666
3237,0,3.186942228,5.434321176
3238,0,3.551533719,6.349231041
3239,0,3.499549558,5.443783704
3240,0,3.456824546,6.290909115
3241,0,3.198617738,5.631413991
3242,0,3.088140416,4.506362091
3243,0,3.177516361,4.012014527
3244,0,2.771685095,3.927158519
3245,0,2.327069173,2.506704926
3246,0,2.604373243,1.853875830
3247,0,2.824241281,2.205291598
3248,0,2.422507995,1.892200078
3249,0,1.789192491,1.045735313
3250,0,1.431412948,1.030230370
3251,0,1.852508953,1.937120496
3252,0,0.999542074,0.974805703
3253,0,1.918143192,1.333333333
3254,0,0.999984864,0.995419219
3255,0,1.775851962,1.076923077
3256,0,1.781449791,1.210793743
3257,0,1.937588105,1.387234043
3258,0,1.565249456,1.131757381
3259,0,1.878766166,2.010965326
3260,0,1.795061794,1.215019977
3261,0,-0.000000000,0.000000000
3262,0,1.000000000,1.000000000
3263,0,1.918295834,2.000000000
3264,0,2.420750347,3.000000000
3265,0,2.681802559,4.000000000
3266,0,2.362790513,3.000000000
3267,0,2.353333861,4.000000000
3268,0,2.429007413,5.000000000
3269,0,2.599587010,6.000000000
3270,0,2.922766688,4.343931414
3271,0,2.586320274,3.135745709
3272,0,2.653208044,3.425490744
3273,0,3.102205636,3.859435285
3274,0,2.972891030,5.031209332
3275,0,2.769180598,6.513621957
3276,0,3.248055255,4.003277785
3277,0,3.236176669,3.533466316
3278,0,3.284045818,3.431948478
3279,0,3.024335643,4.475519005
3280,0,2.637883181,1.902611382
3281,0,2.810172679,2.249098279
3282,0,2.511977338,2.468226312
3283,0,2.832748782,3.231434993
3284,0,2.744013826,2.648450171
3285,0,2.525637273,2.007622519
3286,0,2.844300373,1.839170913
3287,0,1.108514185,0.734181883
3288,0,2.521187588,1.494499734
3289,0,2.618590629,1.467029611
3290,0,2.778305743,2.299177696
3291,0,2.927260779,2.615986424
3292,0,3.039546102,2.579531800
3293,0,3.543545387,3.242385872
3294,0,3.620377034,4.087443327
3295,0,3.815401040,3.452074974
3296,0,3.512561202,2.990165437
3297,0,3.528724043,3.125340595
3298,0,3.559261857,4.295713530
3299,0,3.390009412,4.841428932
3300,0,3.416834326,4.220963216
3301,0,3.380417258,4.640097617
3302,0,3.218732618,4.820648553
3303,0,1.238294171,1.014310010
3304,0,2.630744644,2.260732508
3305,0,1.923454847,0.960495705
3306,0,2.497011877,1.394758856
3307,0,2.536736581,1.942281571
3308,0,2.607173650,2.666845169
3309,0,2.756354952,3.379840546
3310,0,2.852818467,2.994579803
3311,0,2.680411646,3.135458086
3312,0,2.469141073,2.057305362
3313,0,1.839736218,1.206997456
3314,0,0.014748509,0.002685919
3315,0,1.584962501,1.333333333
3316,0,0.970950594,1.600000000
3317,0,1.556656707,2.285714286
3318,0,1.461838199,2.105263158
3319,0,2.202703754,3.534246575
3320,0,2.489101803,3.464512406
3321,0,1.674410680,3.159821870
3322,0,2.349380851,4.795275319
3323,0,1.058796629,0.807602430
3324,0,1.361545849,1.560605327
3325,0,0.886195354,0.493559403
3326,0,0.387341260,0.165191206
3327,0,1.013400529,1.046350355
3328,0,0.919270497,1.354730251
3329,0,0.818167654,0.500836476
3330,0,0.051136709,0.042258736
3331,0,0.073816263,0.059024261
3332,0,1.047549878,1.033392815
3333,0,0.975983629,0.710660253
3334,0,0.033965019,0.026546959
3335,0,1.013208680,1.009521578
3336,0,0.926133497,0.672490664
3337,0,0.723607189,0.401017314
3338,0,0.696835474,0.286954900
3339,0,0.999856696,0.954581633
3340,0,0.928478191,0.687058431
3341,0,0.724702203,1.910735238
3342,0,0.674986345,0.298413689
3343,0,0.655594887,0.323320443
3344,0,0.578631629,0.275589394
3345,0,0.639242291,0.324031784
3346,0,0.582958438,0.278888916
3347,0,0.675201649,1.794037123
3348,0,0.985718204,1.141168041
3349,0,0.732606457,0.285749814
3350,0,0.670003578,0.307220028
3351,0,0.679482237,0.287310607
3352,0,0.158804389,0.046294804
3353,0,1.000011654,0.988314124
3354,0,0.807919147,0.495669773
3355,0,0.707148349,0.285728716
3356,0,0.675708396,0.294670432
3357,0,0.655691120,1.688204940
3358,0,0.994875135,0.915236010
3359,0,0.935598335,1.296702536
3360,0,0.725401183,0.285732790
3361,0,0.674584406,0.298587611
3362,0,0.116935382,0.031511171
3363,0,0.000104276,0.000020575
3364,0,1.000103281,1.000020445
3365,0,0.000085033,0.000016720
3366,0,0.000068144,0.000013236
3367,0,0.000053352,0.000010215
3368,0,0.591706923,1.714292112
3369,0,0.995759198,0.923083309
3370,0,0.733952775,0.285720129
3371,0,0.388289501,0.152185043
3372,0,0.998920826,0.960463794
3373,0,0.799726664,0.485615378
3374,0,0.705977187,0.285731922
3375,0,0.999760897,0.979464413
3376,0,0.805279275,0.492431869
3377,0,1.557683445,1.146170410
3378,0,1.200868619,2.374465195
3379,0,1.698746289,1.412243762
3380,0,1.273465833,1.754523763
3381,0,1.757249807,1.251535474
3382,0,1.452342115,0.859664540
3383,0,1.813193863,1.118773408
3384,0,1.387651760,1.086763767
3385,0,1.088288275,1.047451717
3386,0,1.497255869,2.038377273
3387,0,2.314771666,2.917690105
3388,0,2.119122202,2.052393401
3389,0,0.996503743,1.129155070
3390,0,1.978052409,2.129155070
3391,0,1.711321014,1.924043770
3392,0,1.005215774,0.809184194
3393,0,1.868687713,1.362099493
3394,0,1.578894777,1.034472621
3395,0,0.376355101,0.291274341
3396,0,0.547051860,0.473953037
3397,0,1.790942792,2.026865444
3398,0,1.920813029,2.123698252
3399,0,2.186980499,3.017570022
3400,0,2.190192860,2.433089891
3401,0,1.952964471,3.572301307
3402,0,0.438968956,0.321543647
3403,0,0.370674946,0.256050019
3404,0,1.029947498,0.634457596
3405,0,0.914704537,0.523892576
3406,0,1.041271098,0.522306975
3407,0,1.098947626,0.625181310
3408,0,0.997674720,0.581820336
3409,0,0.995537369,0.461207658
3410,0,1.031863084,0.510521411
3411,0,1.054906775,0.495850022
3412,0,1.099104796,0.906854141
3413,0,0.229723534,0.152716450
3414,0,0.804599526,0.430193596
3415,0,0.871638370,1.754348852
3416,0,0.932591392,0.447615419
3417,0,0.946142581,1.868715579
3418,0,0.974431862,0.497044629
3419,0,0.797355182,0.448502538
3420,0,0.871026886,0.426410220
3421,0,1.243816671,1.051387426
3422,0,0.981804227,1.638086292
3423,0,0.901947162,0.414707534
3424,0,0.870202553,0.465577911
3425,0,0.896730353,0.426380625
3426,0,1.218463620,1.101417508
3427,0,0.231991827,0.192633197
3428,0,0.208382574,0.177055229
3429,0,1.129312633,1.103873773
3430,0,1.621085247,1.078968195
3431,0,2.366620158,1.784703541
3432,0,1.423159459,0.651692277
3433,0,2.504885092,1.551837803
3434,0,1.884556824,1.865730613
3435,0,2.729114294,1.591948410
3436,0,2.118375310,1.779872988
3437,0,2.699290727,2.497774764
3438,0,2.600678028,1.985838775
3439,0,1.403352162,1.542855951
3440,0,2.467658435,2.486858077
3441,0,2.362643812,2.816440689
3442,0,2.528903653,3.907574453
3443,0,3.067353806,3.068970067
3444,0,2.346397960,3.490724092
3445,0,2.661214784,3.014161016
3446,0,2.582344367,3.442170841
3447,0,3.008000131,4.679665327
3448,0,3.261208697,5.528663789
3449,0,3.480171433,4.852326089
3450,0,3.182951153,5.554476690
3451,0,3.351197529,4.750020550
3452,0,3.055342198,5.238595279
3453,0,3.754833777,5.929459624
3454,0,3.590664199,6.684223620
3455,0,3.470863926,7.938213072
3456,0,3.267258235,6.827300526
3457,0,3.154342883,5.582848310
3458,0,3.290312143,4.607516376
3459,0,3.033774609,4.244132545
3460,0,2.756879595,2.779781658
3461,0,2.798604774,3.545552922
3462,0,3.120346938,2.965877332
3463,0,2.827312479,2.210989743
3464,0,2.729120239,2.031519881
3465,0,3.032536368,2.182659782
3466,0,2.740916615,2.528830359
3467,0,1.641267339,1.399523227
3468,0,2.223323880,2.925091218
3469,0,3.020221484,2.212856691
3470,0,2.805263682,2.858234211
3471,0,3.112926289,2.540628469
3472,0,2.843402878,1.985350685
3473,0,2.945605586,2.427031295
3474,0,2.470161944,2.168443671
3475,0,2.795812902,2.271297140
3476,0,3.270914940,2.318757809
3477,0,3.306503987,2.692333132
3478,0,3.151458921,3.489188183
3479,0,2.753752052,2.865390145
3480,0,2.583546243,3.831337906
3481,0,2.789182989,2.966128909
3482,0,2.916747654,2.659117328
3483,0,3.189729634,3.372561915
3484,0,2.863916030,4.298559218
3485,0,2.306006561,3.978327584
3486,0,3.068970195,3.269508569
3487,0,2.929699758,2.173903105
3488,0,2.803077730,2.067956291
3489,0,2.501028698,2.218629980
3490,0,2.899329266,2.079319923
3491,0,3.081107549,1.980890303
3492,0,3.080714156,2.361949785
3493,0,3.007472839,3.012554145
3494,0,2.988892057,3.302987324
3495,0,2.959539777,2.981517153
3496,0,2.346235731,3.047592887
3497,0,2.259466724,3.344965162
3498,0,2.790077330,4.199163957
3499,0,3.104863617,3.716819174
3500,0,3.421644651,3.331229404
3501,0,3.266577042,2.938909707
3502,0,3.307654543,2.834855378
3503,0,3.165849077,2.701970603
3504,0,3.107741679,2.496943590
3505,0,3.402619617,2.803038463
3506,0,3.129064827,2.709527227
3507,0,3.315401063,2.682297102
3508,0,2.481955694,2.892550342
3509,0,2.418391212,2.615757818
3510,0,2.959170199,3.019952271
3511,0,2.888576670,3.497429003
3512,0,3.342141080,3.213352887
3513,0,3.355628061,2.850685446
3514,0,3.317981471,3.542250620
3515,0,3.409732276,3.210945369
3516,0,3.314392309,3.081615528
3517,0,3.406947411,3.498155789
3518,0,3.027250216,2.766453123
3519,0,2.784779249,2.972726023
3520,0,2.627003771,3.485963294
3521,0,2.650462984,3.419394280
3522,0,3.135030697,3.950354551
3523,0,2.891866156,4.789077063
3524,0,2.652911495,5.631678661
3525,0,2.868536720,4.431746572
3526,0,2.989133078,5.526705024
3527,0,2.407702719,4.232609945
3528,0,3.218204591,4.453005278
3529,0,3.060140910,3.982805489
3530,0,3.261540347,4.174279107
3531,0,3.246189945,5.216939680
3532,0,3.412486648,4.550334637
3533,0,3.203470487,5.366641521
3534,0,3.552644527,4.680547121
3535,0,3.535503528,4.319874416
3536,0,3.137564563,2.227509875
3537,0,3.103076151,2.017838732
3538,0,3.319586375,2.223750173
3539,0,2.550569697,1.240140128
3540,0,1.333292502,0.670140965
3541,0,1.457347403,1.047298698
3542,0,2.139110294,1.732211455
3543,0,2.625124874,1.611337844
3544,0,1.865475792,1.138417141
3545,0,2.391831724,1.091053203
3546,0,2.840518917,1.618900017
3547,0,2.703438330,1.558270200
3548,0,2.865161026,2.037299855
3549,0,2.548334527,1.542034379
3550,0,2.346051803,1.662901551
3551,0,2.617346398,1.717184159
3552,0,2.964509314,1.979239627
3553,0,3.115657443,1.978008913
3554,0,3.176417652,2.077688525
3555,0,3.298558809,2.067126011
3556,0,2.934328173,2.121353912
3557,0,2.642948653,2.434472357
3558,0,3.286352367,3.067885311
3559,0,2.990749303,3.866742666
3560,0,2.894092136,3.291443521
3561,0,2.998269004,2.464574090
3562,0,2.678046930,1.630873385
3563,0,2.680129718,2.032985811
3564,0,2.870141545,1.787126398
3565,0,3.274096891,2.023168732
3566,0,2.941267589,1.772058131
3567,0,1.848216794,1.320569080
3568,0,2.924108472,2.563896050
3569,0,3.200682763,3.618411065
3570,0,2.692896154,1.778300825
3571,0,2.555266350,1.506343255
3572,0,2.716116862,2.357572457
3573,0,2.978548941,1.821091028
3574,0,3.506341316,2.236326084
3575,0,3.461018332,2.821420694
3576,0,3.252309349,3.121659313
3577,0,2.800498721,1.938489452
3578,0,2.953123207,2.610502869
3579,0,2.706592556,3.391122347
3580,0,3.103967376,3.422169719
3581,0,2.736417389,3.228311576
3582,0,2.761662520,2.536467936
3583,0,2.591757053,2.063012691
3584,0,1.931425827,1.552122405
3585,0,2.475766868,2.260440347
3586,0,1.834660054,1.891908872
3587,0,2.123046294,2.261046923
3588,0,2.475853665,2.253831386
3589,0,2.717598042,1.943606024
3590,0,2.637549878,2.292716728
3591,0,2.867603020,1.964647608
3592,0,2.772416423,2.371548604
3593,0,2.459010275,2.348732898
3594,0,2.482826836,1.928858022
3595,0,2.530449648,1.510691315
3596,0,2.674589570,1.778562973
3597,0,2.523943721,1.734959095
3598,0,3.068641032,2.453176243
3599,0,3.166444921,3.456748455
3600,0,3.144827952,4.156583477
3601,0,3.155440821,5.484287447
3602,0,2.637239517,2.464654819
3603,0,3.094322689,2.355534478
3604,0,0.996153702,0.926937062
3605,0,1.498072792,1.926934305
3606,0,2.482199815,2.939111921
3607,0,2.298010241,2.165913143
3608,0,2.337360711,1.402707225
3609,0,2.322370802,1.557960136
3610,0,2.759617574,2.044573217
3611,0,2.259597428,1.842686082
3612,0,2.704666932,1.702733138
3613,0,2.182814759,1.307910506
3614,0,2.629732283,2.104458790
3615,0,3.113691359,1.771175215
3616,0,2.924289064,1.760089056
3617,0,2.766121250,2.242685816
3618,0,3.089327929,2.656694406
3619,0,2.994431488,2.145256422
3620,0,2.923113998,2.444598002
3621,0,2.821296778,2.307678846
3622,0,2.879164609,3.050674115
3623,0,3.232987782,2.760963151
3624,0,2.923244397,3.344358948
3625,0,2.368800101,2.762642880
3626,0,2.744196770,2.373970358
3627,0,3.341114787,2.407773545
3628,0,3.163171372,2.665899459
3629,0,3.353721408,2.463818470
3630,0,3.553970747,2.936278571
3631,0,3.248558933,3.847170093
3632,0,3.037979195,4.164556978
3633,0,3.219121930,4.969634030
3634,0,3.114693778,4.261067810
3635,0,3.124630707,3.329616840
3636,0,2.973489236,4.177718950
3637,0,2.790529321,4.678702346
3638,0,3.405517709,4.166513623
3639,0,2.863009701,4.749417508
3640,0,2.483741412,5.205038223
3641,0,3.317100570,4.720244288
3642,0,3.781025771,4.224376778
3643,0,3.586555409,3.694509016
3644,0,3.626098314,2.631671675
3645,0,3.479483528,3.032573653
3646,0,3.701457125,3.773950504
3647,0,3.791371649,4.073752042
3648,0,3.535014070,3.469719389
3649,0,3.354525443,3.779219561
3650,0,2.296505863,1.640217080
3651,0,2.003085519,1.397962377
3652,0,0.998944616,0.961754520
3653,0,-0.000000000,0.000000000
3654,0,1.000000000,1.000000000
3655,0,1.775858948,2.000000000
3656,0,2.460484681,1.692307692
3657,0,2.788470980,2.049723757
3658,0,2.662204803,1.847966302
3659,0,2.411844236,2.172770257
3660,0,2.545983757,3.000000000
3661,0,2.797564204,4.000000000
3662,0,2.569611156,3.037256008
3663,0,2.736561794,4.003706241
3664,0,2.711971147,3.088765952
3665,0,2.792322507,2.524850333
3666,0,2.305731229,3.000000000
3667,0,2.253985049,4.000000000
3668,0,3.244496888,3.379081171
3669,0,1.584358229,2.000000000
3670,0,1.938554885,1.286429858
3671,0,1.971201678,2.026928279
3672,0,1.815832719,1.223734319
3673,0,1.934749761,1.122505649
3674,0,2.330020035,1.641440137
3675,0,2.659861122,1.756192904
3676,0,2.918829063,2.546619927
3677,0,3.383057973,2.832379130
3678,0,1.989538796,3.000052348
3679,0,2.255552677,2.511527192
3680,0,2.466272616,2.403362315
3681,0,3.474852396,3.017163854
3682,0,3.295686329,2.729507705
3683,0,3.636610767,3.287086429
3684,0,3.350157924,2.897963468
3685,0,3.544805210,2.830860958
3686,0,3.622553832,3.085726620
3687,0,3.505117434,3.104001047
3688,0,3.746056730,3.240521652
3689,0,3.654018304,3.268096904
3690,0,3.835169768,3.568904229
3691,0,3.508921565,3.353885819
3692,0,3.797447223,3.242650586
3693,0,3.513047487,3.336860380
3694,0,3.842736250,3.337365540
3695,0,3.774552887,3.309876089
3696,0,3.560175158,3.219323505
3697,0,3.805011765,3.207841300
3698,0,3.456280609,3.268144278
3699,0,3.631564540,3.195000014
3700,0,3.582514715,3.352717016
3701,0,3.209117997,2.784363691
3702,0,2.754899300,1.984226770
3703,0,2.951547220,2.043959707
3704,0,2.470554570,2.569187456
3705,0,2.295201922,2.185198844
3706,0,1.992761418,1.892508386
3707,0,2.405523253,2.069423557
3708,0,2.470950916,1.763739300
3709,0,2.413478238,1.959924353
3710,0,2.711393967,2.089949262
3711,0,2.878452095,2.734592140
3712,0,1.993578120,3.114723482
3713,0,1.582898503,2.071017067
3714,0,1.949728917,3.077159019
3715,0,2.213417327,2.502414661
3716,0,2.693962741,3.171155990
3717,0,2.862136028,4.135047736
3718,0,3.064063533,3.434037305
3719,0,3.215035999,4.318225520
3720,0,2.684324675,3.528061423
3721,0,2.781200061,4.495281417
3722,0,2.435325509,4.336655201
3723,0,2.831069971,4.341786122
3724,0,3.087853480,4.353714518
3725,0,1.711911936,1.584099478
3726,0,2.344358108,1.574985570
3727,0,2.394634986,2.188488022
3728,0,2.822773332,2.006259945
3729,0,2.570707829,1.671445493
3730,0,2.650220679,1.747568444
3731,0,2.604229386,1.737528193
3732,0,2.465465351,2.451974278
3733,0,2.548167100,3.031141956
3734,0,2.574221543,3.542239495
3735,0,2.561060735,3.999811385
3736,0,2.666354107,5.052153338
3737,0,2.684414412,3.747308429
3738,0,2.659395584,4.226625759
3739,0,2.694925038,5.223949250
3740,0,3.149965168,6.174771968
3741,0,3.050553804,5.794409593
3742,0,3.253797385,5.115510543
3743,0,2.273168951,5.077683228
3744,0,2.924970347,6.185847548
3745,0,3.332251020,5.374896893
3746,0,3.276378720,4.887419285
3747,0,2.007317758,7.179199215
3748,0,2.524443422,5.972119814
3749,0,2.353947164,6.610314158
3750,0,3.008238964,7.203023016
3751,0,2.978798745,5.843256451
3752,0,3.295393071,4.740308771
3753,0,2.323830270,6.293127434
3754,0,2.726815517,7.351503132
3755,0,3.161620438,8.253494537
3756,0,3.706935646,8.503204309
3757,0,2.605012226,8.407925199
3758,0,3.162727610,6.894126607
3759,0,2.620378381,5.863959558
3760,0,1.653637015,5.603045622
3761,0,2.143006459,5.993330611
3762,0,3.259168288,7.202798065
3763,0,2.727729727,5.572425925
3764,0,0.866361585,3.839615113
3765,0,1.798974225,1.324916469
3766,0,1.340433397,0.800719321
3767,0,1.389880725,1.000000000
3768,0,2.015228102,1.240936241
3769,0,2.127841557,1.981060511
3770,0,2.126663020,2.129644803
3771,0,1.054474294,0.734880750
3772,0,1.165553847,1.232219552
3773,0,2.092092780,1.206615385
3774,0,2.007801506,0.911724728
3775,0,2.060402986,1.184332385
3776,0,1.538102281,1.188182959
3777,0,2.431164245,1.692372352
3778,0,2.228376829,1.300279796
3779,0,1.753246945,1.491890682
3780,0,1.795330756,1.805718613
3781,0,1.539994195,1.378481459
3782,0,1.797570263,2.290457686
3783,0,1.399824860,1.313827992
3784,0,2.383641956,2.119741135
3785,0,1.891456090,1.114265690
3786,0,2.088350823,2.645482018
3787,0,2.069172087,2.930168594
3788,0,2.352034512,3.729801936
3789,0,1.481996096,1.657138943
3790,0,1.846813692,1.927619953
3791,0,2.221048845,1.619984040
3792,0,-0.000000000,0.000000000
3793,0,1.314320487,1.076923077
3794,0,0.468995594,0.200000000
3795,0,1.717800767,1.315789474
3796,0,1.103517481,1.378787879
3797,0,2.080478953,1.476190476
3798,0,2.217477518,2.554922813
3799,0,2.694966104,2.282240174
3800,0,2.925447127,3.143477874
3801,0,2.838220164,3.977429613
3802,0,2.469534294,4.236316722
3803,0,2.439550780,4.413439623
3804,0,0.983784847,2.299296717
3805,0,0.998055712,1.896189709
3806,0,1.589728491,1.911019751
3807,0,1.472103140,1.422142282
3808,0,2.077947468,1.553055332
3809,0,2.272866913,1.850081616
3810,0,1.500704859,1.197598702
3811,0,1.782699517,1.473847165
3812,0,1.681672439,2.060926354
3813,0,3.011626143,3.001478712
3814,0,1.245817663,2.919301697
3815,0,2.406103263,2.525290854
3816,0,2.603225687,3.269408125
3817,0,2.487573690,2.322580784
3818,0,2.462169533,3.162310064
3819,0,2.916326545,2.603866253
3820,0,2.276938117,3.191439214
3821,0,2.665644232,3.531770115
3822,0,2.311735216,4.099656483
3823,0,3.177060358,3.412606633
3824,0,1.711706021,2.599686856
3825,0,3.014595377,3.124213207
3826,0,2.484300215,2.752480196
3827,0,1.697389545,2.198479134
3828,0,1.902149229,2.447811613
3829,0,1.995626216,2.088798522
3830,0,2.451376666,2.899690046
3831,0,1.989762189,2.128962610
3832,0,1.495927525,2.394107563
3833,0,1.830690576,3.604429075
3834,0,1.637008678,3.085202380
3835,0,1.821612535,2.775309473
3836,0,1.226122318,2.871761123
3837,0,1.739319447,3.968631105
3838,0,1.715504058,3.610304084
3839,0,2.472987094,2.703876002
3840,0,2.397077115,3.197340464
3841,0,2.896869809,4.039491451
3842,0,2.579967877,4.828467847
3843,0,2.987458007,4.303813075
3844,0,1.777261281,5.068489249
3845,0,3.050537537,5.895884747
3846,0,2.375912789,4.813470872
3847,0,2.878365542,4.344582794
3848,0,3.062037261,3.923378733
3849,0,3.076318286,3.692487181
3850,0,1.990157007,3.986048083
3851,0,1.683962347,2.366688775
3852,0,2.268900033,3.015260337
3853,0,3.076918299,3.673115632
3854,0,3.053717557,3.268491820
3855,0,3.171280088,2.901860327
3856,0,2.574024847,3.416387254
3857,0,3.307867012,4.125112404
3858,0,2.292605597,3.955926255
3859,0,2.805437445,3.843802792
3860,0,3.439052737,3.987791040
3861,0,3.136923978,4.032853396
3862,0,3.404801804,4.324400624
3863,0,3.115678510,3.436846899
3864,0,3.516193652,3.667660473
3865,0,3.371404331,3.163293550
3866,0,3.477089587,3.549147914
3867,0,3.334204754,3.551710905
3868,0,2.507843790,2.755568897
3869,0,2.673931706,3.068684289
3870,0,3.569857388,3.481418832
3871,0,3.448868307,4.306806718
3872,0,3.479956914,3.305002746
3873,0,3.309593638,2.956648190
3874,0,3.268311102,3.293454018
3875,0,3.545682962,4.012546775
3876,0,1.984428710,4.119385231
3877,0,2.884489338,5.059928881
3878,0,2.494155233,6.116346687
3879,0,3.244461232,7.100875840
3880,0,3.541173352,8.161459732
3881,0,3.560533335,9.075466363
3882,0,3.470897100,7.866903271
3883,0,2.890560107,8.253641243
3884,0,3.430822743,9.531259595
3885,0,3.395202654,8.760082915
3886,0,2.941808154,6.787648968
3887,0,3.116404966,5.617292164
3888,0,3.233421860,6.611247112
3889,0,3.126853465,5.554024099
3890,0,3.064242470,6.581977053
3891,0,2.766286131,7.651442768
3892,0,3.114548250,6.681782749
3893,0,3.303036256,7.685938749
3894,0,3.153205658,6.681472609
3895,0,2.607611131,5.414108555
3896,0,2.947959449,4.836766356
3897,0,3.605101090,5.652691172
3898,0,3.397522533,6.710024584
3899,0,3.288045164,5.497446782
3900,0,3.028114201,6.507431842
3901,0,2.789818714,5.366034333
3902,0,2.928588066,6.450191638
3903,0,2.660934279,7.541510894
3904,0,2.433960883,6.474302503
3905,0,3.571753614,5.585524662
3906,0,2.990330709,4.373626317
3907,0,3.288474414,5.300640229
3908,0,3.036403483,4.671502039
3909,0,3.180474514,5.271316619
3910,0,3.231601060,6.243109600
3911,0,2.660205570,7.355415974
3912,0,3.210469103,6.822711055
3913,0,3.555692637,7.537453098
3914,0,3.120854831,6.365339543
3915,0,2.628600787,7.517499585
3916,0,2.568519683,8.749267250
3917,0,3.450060666,8.003202473
3918,0,2.369540518,6.676388978
3919,0,2.573204028,7.759050301
3920,0,2.508600663,9.041958237
3921,0,2.809730016,8.059859407
3922,0,2.920373596,6.915658894
3923,0,3.060741235,5.738513777
3924,0,2.748568863,6.692498436
3925,0,3.490001227,7.711111135
3926,0,3.308669605,6.859179125
3927,0,3.212413146,5.652260489
3928,0,2.803773049,4.575979965
3929,0,3.069422640,3.986113718
3930,0,2.662345340,4.677072861
3931,0,2.896963513,5.542251719
3932,0,3.003783499,6.569983279
3933,0,2.905508996,7.629761853
3934,0,3.071565763,6.651386272
3935,0,3.269339125,7.674836252
3936,0,3.537856280,6.902402905
3937,0,3.357592265,7.519975678
3938,0,3.223427568,6.488778040
3939,0,3.521032247,7.462839778
3940,0,2.599356221,8.888868836
3941,0,2.612799110,8.103457166
3942,0,2.602824222,9.530066240
3943,0,2.787345388,8.262659582
3944,0,3.097225763,9.529989405
3945,0,2.806676191,8.336168995
3946,0,3.040036290,7.773284525
3947,0,2.786105991,6.355983651
3948,0,3.092410050,6.951822037
3949,0,3.010261704,5.861240271
3950,0,2.919387118,6.877846264
3951,0,3.173071413,7.928105861
3952,0,3.170376789,9.171539111
3953,0,3.345770997,8.386914428
3954,0,3.046102473,9.068539556
3955,0,3.139803598,8.124082673
3956,0,3.157858404,9.407845625
3957,0,3.013450995,8.338887094
3958,0,3.355074328,7.401512706
3959,0,3.236441838,5.996558235
3960,0,3.055555189,7.135169223
3961,0,3.450136196,8.019046946
3962,0,3.299920884,9.148542314
3963,0,3.121404938,10.360787726
3964,0,3.230100753,9.646718752
3965,0,3.322296341,11.217634703
3966,0,3.392120466,12.084232301
3967,0,3.258881054,11.824777811
3968,0,3.459804409,12.874761476
3969,0,3.445329175,11.367343581
3970,0,3.804309954,10.332698022
3971,0,3.699010707,11.154234424
3972,0,3.583170020,12.063171560
3973,0,3.518856039,10.614719393
3974,0,3.563096655,11.058711035
3975,0,3.777365544,10.216759072
3976,0,3.871062789,10.897724633
3977,0,3.645627290,14.401692948
3978,0,3.354790496,11.026922214
3979,0,2.814154740,4.904677080
3980,0,2.182383919,3.091117862
3981,0,1.796452245,2.062670773
3982,0,-0.000000000,0.000000000
3983,0,1.584962501,1.333333333
3984,0,2.140996854,1.611111111
3985,0,2.441275060,2.254629630
3986,0,2.479615594,2.112996109
3987,0,2.035756079,1.430088496
3988,0,2.059717865,1.311448346
3989,0,2.210524771,1.694136549
3990,0,2.494641799,1.526826781
3991,0,-0.000000000,0.000000000
3992,0,1.584962501,1.333333333
3993,0,1.772184159,1.000000000
3994,0,2.153877606,1.278396437
3995,0,2.235996365,1.521332232
3996,0,1.978338379,1.789805779
3997,0,2.027103600,2.446503419
3998,0,1.832892298,1.344754638
3999,0,1.980940246,2.226398112
4000,0,1.529422953,1.594526042
4001,0,2.235968193,1.472503648
4002,0,-0.000000000,0.000000000
4003,0,1.584962501,1.333333333
4004,0,-0.000000000,0.000000000
4005,0,1.584962501,1.333333333
4006,0,1.481388462,0.931506849
4007,0,1.231520242,0.531293463
4008,0,1.307200638,1.074394954
4009,0,1.339436430,0.593481282
4010,0,1.280120039,1.178508477
4011,0,2.095177309,1.443732097
4012,0,2.355781990,1.576073146
4013,0,0.893513042,0.885269001
4014,0,1.577016502,1.510135890
4015,0,2.306666088,1.676267156
4016,0,1.965242576,1.310187528
4017,0,2.268605899,1.904395061
4018,0,1.533842748,1.464979389
4019,0,2.053122849,2.210028543
4020,0,1.513315636,1.211566264
4021,0,2.230926776,1.640429511
4022,0,1.768015086,1.336038274
4023,0,1.527199744,1.672259213
4024,0,1.544920983,2.198554659
4025,0,0.903481686,2.749145293
4026,0,1.660431108,2.431655844
4027,0,2.238709902,1.819364249
4028,0,2.398563860,2.671258930
4029,0,1.916201238,3.162912530
4030,0,1.786749450,4.413838342
4031,0,0.979015117,2.951028629
4032,0,1.914470395,3.896050139
4033,0,1.896274990,2.801262596
4034,0,1.930710105,3.614686438
4035,0,-0.000000000,0.000000000
4036,0,-0.000000000,0.000000000
4037,0,0.591672779,0.285714286
4038,0,0.995727452,1.076923077
4039,0,-0.000000000,0.000000000
4040,0,0.591672779,0.285714286
4041,0,0.986426729,0.444444444
4042,0,1.204893007,1.102040816
4043,0,1.152371121,0.801801802
4044,0,0.911727348,0.532623169
4045,0,1.845490427,1.368005058
4046,0,0.620313572,0.287222013
4047,0,0.472575424,0.202265086
4048,0,1.532432221,1.263629310
4049,0,1.520592438,1.043977889
4050,0,2.084413316,1.589257888
4051,0,1.971139411,2.265489963
4052,0,2.208249002,1.576425080
4053,0,1.999703517,1.197051627
4054,0,2.503358329,1.846050393
4055,0,2.380939237,2.068647184
4056,0,0.995181058,0.918311378
4057,0,1.675108769,1.215469808
4058,0,1.650325112,1.138753125
4059,0,2.380578634,1.910252363
4060,0,2.204449504,1.522093097
4061,0,1.825597411,1.274406070
4062,0,2.384860681,1.892288047
4063,0,1.708142319,2.441366100
4064,0,2.324032292,3.485365030
4065,0,2.402831611,2.618934164
4066,0,2.226173695,1.933919790
4067,0,1.856355298,1.264755729
4068,0,-0.000000000,0.000000000
4069,0,1.000000000,1.000000000
4070,0,1.186278124,0.500000000
4071,0,0.999895287,1.012048193
4072,0,1.499947644,2.012048193
4073,0,2.239529553,2.841365462
4074,0,2.009958376,2.057520744
4075,0,2.024989192,1.356566547
4076,0,1.791277021,2.035191958
4077,0,1.466286552,1.257542528
4078,0,2.454011451,1.608680944
4079,0,2.041717481,2.074054359
4080,0,1.492302371,1.356892445
4081,0,-0.000000000,0.000000000
4082,0,1.000000000,1.000000000
4083,0,1.521928095,1.200000000
4084,0,2.052963558,1.328000000
4085,0,2.497021186,2.106666667
4086,0,1.789013381,1.183283495
4087,0,1.798544469,1.211406730
4088,0,2.111101391,1.877322237
4089,0,1.992636370,1.897144862
4090,0,2.494097985,2.902529505
4091,0,0.823875260,2.967574871
4092,0,1.768838444,2.294048210
4093,0,2.275871425,2.607149399
4094,0,2.674174006,2.480342499
4095,0,2.695247547,2.280857397
4096,0,2.672985403,2.382421844
4097,0,2.758223180,2.532675042
4098,0,1.930305330,2.416308296
4099,0,2.284326501,3.243196267
4100,0,2.536198397,3.878418621
4101,0,2.542421593,2.510440357
4102,0,2.384537688,3.091476771
4103,0,2.012646950,2.097123264
4104,0,2.424030319,1.462699557
4105,0,2.251857537,1.359822558
4106,0,2.238487104,1.603280503
4107,0,1.992040734,1.148480367
4108,0,2.211229124,1.714224300
4109,0,1.941241301,1.290334636
4110,0,2.197343573,1.534791123
4111,0,2.228196836,1.616484514
4112,0,2.530094197,2.271663295
4113,0,2.473903037,2.161095370
4114,0,2.207415372,1.579285897
4115,0,0.996738111,1.067220004
4116,0,1.426565339,1.763644081
4117,0,1.762156781,1.312034336
4118,0,1.991855040,1.379768095
4119,0,2.084664811,2.386670233
4120,0,2.510049957,2.298628778
4121,0,2.018757558,1.698742701
4122,0,2.098660973,1.193791920
4123,0,2.320838024,1.580725580
4124,0,2.169473736,1.725745221
4125,0,2.225164176,1.601146996
4126,0,2.217828487,1.695604671
4127,0,1.913428103,1.486053046
4128,0,2.186064270,1.332228186
4129,0,1.931854708,1.564241184
4130,0,2.195339546,1.733453022
4131,0,1.565432594,1.182928331
4132,0,1.517673871,0.945202419
4133,0,2.156593826,1.359910671
4134,0,2.172107626,1.652052748
4135,0,1.556954768,1.145373038
4136,0,1.783866934,1.006860899
4137,0,-0.000000000,0.000000000
4138,0,1.584962501,1.333333333
4139,0,1.200814750,0.455445545
4140,0,-0.000000000,0.000000000
4141,0,1.584962501,1.333333333
4142,0,2.136121804,1.443708609
4143,0,2.261422878,2.383892617
4144,0,1.847303295,2.653363740
4145,0,1.940970584,2.527707681
4146,0,-0.000000000,0.000000000
4147,0,1.000000000,1.000000000
4148,0,1.521928095,1.600000000
4149,0,-0.000000000,0.000000000
4150,0,1.584962501,1.333333333
4151,0,1.874183827,1.391304348
4152,0,2.257652314,1.989924433
4153,0,2.077798728,1.219616205
4154,0,2.247646235,1.413934426
4155,0,2.239264297,2.163146412
4156,0,1.478696655,0.610770417
4157,0,1.767010065,1.307350977
4158,0,2.170947960,1.754299099
4159,0,2.454502391,1.993034273
4160,0,0.994711567,0.914429194
4161,0,1.773418133,1.076923077
4162,0,1.991054763,2.121962308
4163,0,2.175164083,1.523369948
4164,0,2.039964325,1.343744269
4165,0,2.326251792,1.721485316
4166,0,2.463012899,2.074921305
4167,0,2.171092563,2.237205972
4168,0,2.558311009,1.806525100
4169,0,0.988319108,1.127080305
4170,0,1.770467767,2.117304897
4171,0,1.489230278,1.487380530
4172,0,1.543746863,1.105468071
4173,0,1.491961450,1.465087822
4174,0,1.545367757,1.107854242
4175,0,0.993888823,0.908022167
4176,0,-0.000000000,0.000000000
4177,0,1.000000000,1.000000000
4178,0,-0.000000000,0.000000000
4179,0,1.000000000,1.000000000
4180,0,1.918295834,1.333333333
4181,0,2.109016299,1.444444444
4182,0,1.946783210,1.972375691
4183,0,2.155728209,1.743554328
4184,0,1.970911848,1.998064679
4185,0,1.993226368,1.468046340
4186,0,2.439398515,2.435440881
4187,0,1.968487227,1.288717243
4188,0,-0.000000000,0.000000000
4189,0,1.000000000,1.000000000
4190,0,1.186278124,2.000000000
4191,0,2.222342146,1.701863354
4192,0,1.944892305,1.251322751
4193,0,1.545152623,1.086820737
4194,0,1.850211998,1.091714157
4195,0,2.223097071,1.618696902
4196,0,1.997475106,1.145612096
4197,0,1.990776372,1.347906481
4198,0,1.791674803,1.143720108
4199,0,0.992215333,1.103790249
4200,0,1.496107666,2.103790249
4201,0,2.221267656,1.600631708
4202,0,-0.000000000,0.000000000
4203,0,1.000000000,1.000000000
4204,0,1.500000000,2.000000000
4205,0,1.460484681,2.615384615
4206,0,2.449605276,3.512820513
4207,0,1.941896569,3.728660652
4208,0,1.626038375,4.424613823
4209,0,-0.000000000,0.000000000
4210,0,0.591672779,0.285714286
4211,0,0.640944185,1.674418605
4212,0,-0.000000000,0.000000000
4213,0,-0.000000000,0.000000000
4214,0,0.591672779,0.285714286
4215,0,0.543564443,0.250000000
4216,0,0.669324842,1.785714286
4217,0,0.654986959,1.691428571
4218,0,0.574036160,1.727722772
4219,0,-0.000000000,0.000000000
4220,0,1.314320487,1.076923077
4221,0,1.682721355,2.318584071
4222,0,1.887585871,2.519211493
4223,0,1.870831702,1.531087153
4224,0,1.327981733,1.405895372
4225,0,1.930586982,1.182047863
4226,0,2.491469159,1.738765054
4227,0,2.234636647,2.099050186
4228,0,2.491723390,1.750313742
4229,0,2.273171421,2.241609805
4230,0,1.521632493,2.385703096
4231,0,2.224600746,1.790365537
4232,0,1.441952506,1.320772740
4233,0,1.773462181,1.015355318
4234,0,2.496366720,1.870401286
4235,0,2.263995777,1.401514232
4236,0,2.485148309,1.608425146
4237,0,2.077340363,2.503471888
4238,0,2.514686734,1.741403692
4239,0,2.068328345,2.029574742
4240,0,2.514935827,1.813547218
4241,0,2.065711996,2.027388065
4242,0,2.116244471,2.577817100
4243,0,2.224951830,1.838406218
4244,0,2.415293041,1.796501539
4245,0,2.200947626,1.537138274
4246,0,1.740864479,1.311986064
4247,0,1.208085641,1.610231335
4248,0,1.703087048,1.398175957
4249,0,2.075114802,1.873096689
4250,0,2.023131945,2.684641783
4251,0,1.930126243,3.801534357
4252,0,2.311194657,2.858419817
4253,0,2.487534102,2.753049491
4254,0,2.205933244,2.767632555
4255,0,2.518522128,2.473997684
4256,0,2.193138074,2.022798155
4257,0,2.326667464,1.900577269
4258,0,1.765243047,2.688211936
4259,0,2.327120592,1.758571723
4260,0,1.349776565,1.101192660
4261,0,1.634141295,0.962842793
4262,0,2.148765974,1.669200356
4263,0,2.016950854,1.969456690
4264,0,2.518753570,1.715831965
4265,0,2.047172055,1.402832521
4266,0,1.829677786,1.467274780
4267,0,1.903346749,1.567209643
4268,0,1.775154735,3.925741497
4269,0,1.716143594,3.012271172
4270,0,2.062645057,2.571086382
4271,0,1.802119315,3.344863997
4272,0,1.909318235,1.825151669
4273,0,1.945694196,1.886320164
4274,0,1.461651670,0.977777041
4275,0,1.749412351,0.939501558
4276,0,2.074100453,1.658553213
4277,0,2.320439524,2.455913049
4278,0,2.448423869,2.030828673
4279,0,2.100966176,1.406150125
4280,0,2.501381939,1.828035173
4281,0,2.065540576,1.267156645
4282,0,1.964769230,1.371834940
4283,0,1.093536635,1.172340848
4284,0,1.255250887,1.834931968
4285,0,2.331943110,1.909171242
4286,0,2.032221535,1.190209565
4287,0,1.726706230,1.163631997
4288,0,1.886729535,1.111762416
4289,0,1.535263057,1.264342155
4290,0,1.537703537,2.056116936
4291,0,1.462707834,1.263573152
4292,0,2.045378751,2.041083241
4293,0,2.260855903,1.631281683
4294,0,1.612637668,0.830625819
4295,0,1.290576279,1.073753748
4296,0,1.923395739,1.350713706
4297,0,2.111157125,1.397486086
4298,0,1.957973255,1.976486065
4299,0,0.992415126,1.102452080
4300,0,1.772358237,2.094571150
4301,0,1.639210426,1.240089254
4302,0,1.912126040,2.101974229
4303,0,1.706812307,1.298271773
4304,0,0.957667865,1.241057111
4305,0,1.904185122,2.160704740
4306,0,2.292320274,1.886901580
4307,0,0.998318671,0.951730842
4308,0,1.917735391,1.333333333
4309,0,1.465011847,1.084170429
4310,0,1.927800308,1.979344903
4311,0,1.471475389,1.068086117
4312,0,1.809328042,2.014259231
4313,0,2.329310501,1.662843888
4314,0,2.221415433,1.648383517
4315,0,1.982475892,1.877259608
4316,0,2.221830765,1.925841655
4317,0,2.049824295,1.232480824
4318,0,2.182534125,1.834540635
4319,0,2.148341024,2.086206347
4320,0,1.518129373,1.322802175
4321,0,1.510415859,0.724726859
4322,0,2.029615914,1.295275560
4323,0,2.109358497,1.926908129
4324,0,2.135161275,1.540360637
4325,0,1.980294086,1.141960487
4326,0,2.287180940,1.723634559
4327,0,2.090551099,1.575633357
4328,0,1.575416986,1.941977266
4329,0,1.887310054,1.379908040
4330,0,2.150542120,2.062094967
4331,0,2.164389572,3.100355026
4332,0,2.304256277,4.540204786
4333,0,0.982138635,1.324900669
4334,0,1.781944956,2.297914610
4335,0,2.052807712,1.697144136
4336,0,2.120913407,2.285220457
4337,0,2.055660338,1.677767238
4338,0,2.125008992,1.274692748
4339,0,1.797157435,1.240178542
4340,0,1.945923103,1.412933642
4341,0,1.006596591,1.062158861
4342,0,1.514142766,1.011510490
4343,0,1.944721060,2.127363995
4344,0,2.440702880,2.411780409
4345,0,2.042015312,1.678880956
4346,0,2.122301267,2.265985140
4347,0,1.806493758,1.233915122
4348,0,2.039008374,2.141792105
4349,0,1.784245464,1.906674199
4350,0,2.016179018,2.070790601
4351,0,2.254598701,1.667768231
4352,0,2.026766022,1.165944835
4353,0,1.688799812,1.455619197
4354,0,2.077697273,2.133156140
4355,0,2.012034372,1.557614577
4356,0,1.779294640,1.153917082
4357,0,1.682119257,1.221849763
4358,0,1.271483549,0.558747985
4359,0,1.203366919,1.023729390
4360,0,1.631575827,2.000965810
4361,0,2.241778674,1.661966151
4362,0,1.938270104,1.237298110
4363,0,2.049365201,1.389714837
4364,0,2.122213569,2.012603850
4365,0,2.128631018,1.363528653
4366,0,2.223149675,1.385327025
4367,0,2.170153323,1.359206290
4368,0,2.598420570,1.915721714
4369,0,2.244683899,1.550044390
4370,0,1.611235169,1.711505708
4371,0,2.072301340,2.399470806
4372,0,2.232947463,2.026563390
4373,0,2.294836929,2.006157144
4374,0,2.604778869,1.699509376
4375,0,2.188307549,2.094749961
4376,0,2.542713348,1.868354861
4377,0,2.090706875,1.458610198
4378,0,2.234584826,1.419983178
4379,0,2.209729702,1.563265514
4380,0,1.476440274,1.228343656
4381,0,2.294111813,1.507073296
4382,0,2.423087701,1.834272282
4383,0,2.132044140,1.434490364
4384,0,1.758955023,1.413436711
4385,0,1.925557172,1.258408342
4386,0,2.068456462,1.739224106
4387,0,2.254939132,2.232686033
4388,0,2.480731725,1.927739316
4389,0,2.272338009,2.071713592
4390,0,2.486781648,1.865076042
4391,0,2.078657564,1.276692407
4392,0,2.129078610,1.376264387
4393,0,2.225261097,1.684807948
4394,0,2.417297540,1.739492924
4395,0,2.022180813,1.257790616
4396,0,2.142667515,1.414252006
4397,0,2.297578727,2.024654912
4398,0,2.074425301,2.387567559
4399,0,2.049839079,1.756832022
4400,0,2.143522985,1.480205230
4401,0,0.761714768,0.872330822
4402,0,1.412969955,1.365817094
4403,0,1.649337194,2.052834278
4404,0,2.418250564,1.729680915
4405,0,2.200430635,1.319043431
4406,0,2.209911845,1.396055956
4407,0,0.834050787,1.059599737
4408,0,1.463813716,1.152671272
4409,0,2.191200560,1.587785454
4410,0,2.381249667,1.506613735
4411,0,2.187413871,1.512172993
4412,0,1.970174527,1.653021422
4413,0,1.953003146,2.355488340
4414,0,2.552122179,1.901025775
4415,0,2.459662983,1.586214017
4416,0,1.896105272,1.317205777
4417,0,1.665500744,1.291586228
4418,0,1.884107460,2.130841868
4419,0,2.259869675,1.745134072
4420,0,2.022968607,2.080639752
4421,0,2.059459262,1.712729224
4422,0,2.175455126,2.220820268
4423,0,1.820198701,1.202732500
4424,0,1.902961536,1.110454383
4425,0,2.229242365,1.614935495
4426,0,2.318403543,1.366187687
4427,0,2.027053061,1.590457004
4428,0,2.096430809,1.359998951
4429,0,1.981079627,2.002506064
4430,0,1.566649964,1.549203385
4431,0,2.216170857,1.631104451
4432,0,1.937715739,1.255443358
4433,0,1.798284850,2.206533217
4434,0,1.746294849,1.232132121
4435,0,0.970268842,1.133005606
4436,0,1.447183400,1.141813136
4437,0,1.880391802,1.798468122
4438,0,1.461222210,1.385940094
4439,0,1.552385240,2.067588518
4440,0,2.509337276,3.056323765
4441,0,2.248103765,2.238709878
4442,0,2.492077957,1.812924278
4443,0,1.997458112,1.242425416
4444,0,1.945889050,1.916579108
4445,0,1.510482757,2.972365542
4446,0,1.847489521,2.015423218
4447,0,1.662323379,1.218574690
4448,0,2.403577049,1.470316330
4449,0,2.035176383,1.651039629
4450,0,1.736766826,2.094720807
4451,0,1.995060838,1.567262177
4452,0,2.082579114,2.157843183
4453,0,2.271658369,1.722867214
4454,0,2.380423478,1.762991768
4455,0,2.026410697,1.385438157
4456,0,2.474048663,1.749749589
4457,0,2.098463954,1.956354616
4458,0,1.979580632,2.112937369
4459,0,0.997362984,0.939556200
4460,0,1.185948497,0.500000000
4461,0,0.999822686,1.015677968
4462,0,1.499911343,2.015677968
4463,0,2.238871017,2.843785312
4464,0,2.334736510,2.046907027
4465,0,2.029358250,1.298838954
4466,0,2.102364744,1.246144292
4467,0,2.024052813,1.609757559
4468,0,2.121448748,1.388110480
4469,0,1.986277519,2.017133958
4470,0,1.600153823,2.387557759
4471,0,2.001493998,1.780496113
4472,0,1.956213048,1.391012439
4473,0,1.504123075,1.097786034
4474,0,1.929425349,1.368840140
4475,0,0.998590416,1.044197986
4476,0,1.186101926,0.500000000
4477,0,1.181686211,1.018491163
4478,0,1.931330947,2.086715267
4479,0,2.082711775,1.745262206
4480,0,2.214366447,1.312355892
4481,0,2.276769445,1.521816913
4482,0,2.049635975,1.184271554
4483,0,1.723594283,1.283645430
4484,0,2.472177859,1.984637413
4485,0,2.248260646,1.405401137
4486,0,1.465297334,1.385460295
4487,0,1.897939200,1.236593723
4488,0,2.122541843,1.739833947
4489,0,2.278190808,1.675834160
4490,0,2.286912293,1.548186072
4491,0,1.905486628,1.086721590
4492,0,1.930672868,1.423235170
4493,0,2.171003315,1.386961032
4494,0,1.986143412,1.950073557
4495,0,1.662323705,1.254442612
4496,0,1.544744980,1.960585482
4497,0,1.489102210,2.545967541
4498,0,2.066194798,3.011568542
4499,0,1.975661417,2.101522520
4500,0,1.558320087,1.226199878
4501,0,2.253566137,1.650256685
4502,0,1.786128002,1.899563528
4503,0,1.523125590,1.140064437
4504,0,1.440662632,1.320957334
4505,0,1.772888777,1.835814033
4506,0,1.894340685,1.120463841
4507,0,2.269252683,1.568903410
4508,0,2.366019951,2.138990454
4509,0,2.282307239,1.478227607
4510,0,1.931059765,1.236482569
4511,0,1.491995452,1.472652706
4512,0,2.470273032,1.631449804
4513,0,2.014498793,1.920435981
4514,0,2.184294528,1.263065197
4515,0,2.274135394,1.784778390
4516,0,2.396213490,2.395116587
4517,0,0.992992543,0.901518230
4518,0,1.496496272,1.000000000
4519,0,0.986916938,1.134469640
4520,0,1.493458469,2.134469640
4521,0,1.692142300,1.287422426
4522,0,1.929715087,2.100498937
4523,0,2.083657394,2.806238876
4524,0,2.119657029,3.219676746
4525,0,2.133644145,3.983683334
4526,0,1.831289048,2.564266472
4527,0,1.533499698,1.860726732
4528,0,2.091534107,1.315796292
4529,0,2.222069749,1.623627581
4530,0,2.410476899,1.764177048
4531,0,2.123121944,2.200070891
4532,0,2.112975174,1.348454420
4533,0,2.300305405,1.955125372
4534,0,2.067201485,1.221537011
4535,0,2.288953344,1.551124218
4536,0,2.396669442,1.931305071
4537,0,2.285238013,2.560320028
4538,0,1.459703510,2.634885357
4539,0,1.712233779,1.968794053
4540,0,1.483350193,1.457796299
4541,0,1.991203625,2.205480802
4542,0,2.150070978,1.418118968
4543,0,1.810665518,1.226917820
4544,0,2.039359020,1.305796931
4545,0,1.909712276,1.895079147
4546,0,1.922325792,1.598482157
4547,0,1.551667812,2.132226435
4548,0,2.100568469,1.713504437
4549,0,0.998391736,0.952790897
4550,0,1.775116672,1.956422367
4551,0,2.235642967,2.817102091
4552,0,1.944358928,2.023448240
4553,0,1.461285255,2.624057815
4554,0,2.046960727,1.555489225
4555,0,1.714281886,1.012144818
4556,0,1.632728166,1.373408170
4557,0,1.890552292,2.179149791
4558,0,2.483070318,3.124405120
4559,0,0.982136563,1.157040132
4560,0,1.767614285,1.076923077
4561,0,0.999798210,1.016725065
4562,0,1.499899105,2.016725065
4563,0,1.939192989,2.687205866
4564,0,2.434884888,2.064148718
4565,0,2.254766098,1.439118759
4566,0,2.235376693,1.559754567
4567,0,1.797029957,1.131341481
4568,0,1.715859215,1.370220366
4569,0,1.819606007,1.348379439
4570,0,1.992115624,1.288099883
4571,0,1.951648826,1.801344623
4572,0,1.524338958,1.401649047
4573,0,1.552842023,1.136067522
4574,0,1.520748848,1.622867465
4575,0,1.993761547,1.270308490
4576,0,2.147388388,1.494935903
4577,0,2.205690450,1.641488419
4578,0,1.945267511,1.275002580
4579,0,2.208596550,1.844365466
4580,0,1.940919493,1.254440212
4581,0,1.778102614,1.181710708
4582,0,2.497730796,1.690142957
4583,0,2.071552387,1.199010235
4584,0,2.263502923,1.362836262
4585,0,1.871325074,1.353132207
4586,0,1.300761287,0.575569108
4587,0,0.999943921,1.008817093
4588,0,1.499971960,2.008817093
4589,0,1.458192123,1.232961948
4590,0,2.042987648,1.552034594
4591,0,1.979074490,2.249319470
4592,0,2.142826437,2.749501304
4593,0,1.799883807,3.287165085
4594,0,1.767602685,4.121504507
4595,0,1.849532895,2.970084668
4596,0,0.338612771,0.125677836
4597,0,0.640046032,1.750193667
4598,0,0.676298846,0.287929779
4599,0,0.508303809,0.225599696
4600,0,0.997421397,0.940228996
4601,0,0.734161550,0.285714286
4602,0,0.384518245,0.150114076
4603,0,0.616505908,0.305359466
4604,0,0.995066917,1.082649303
4605,0,-0.000000000,0.000000000
4606,0,1.000000000,1.000000000
4607,0,0.811278124,0.500000000
4608,0,1.556656707,1.142857143
4609,0,1.436429383,0.778443114
4610,0,1.683015476,0.780679785
4611,0,1.633383846,0.748549469
4612,0,1.251346085,0.582974567
4613,0,1.741042731,1.290888334
4614,0,2.024861497,2.262969212
4615,0,1.793389453,1.221198579
4616,0,1.898274684,1.108305405
4617,0,1.671832698,1.119252555
4618,0,1.938084009,2.030945342
4619,0,1.768259434,1.139142620
4620,0,2.009118296,1.438036034
4621,0,1.699508272,1.219697728
4622,0,2.047737366,2.001447227
4623,0,2.036341138,1.488558726
4624,0,2.463557697,1.450115959
4625,0,2.469092422,1.914607016
4626,0,2.256329577,2.398576233
4627,0,2.269387546,1.787098266
4628,0,2.258667841,2.350394980
4629,0,1.918873211,1.297650204
4630,0,2.072045059,2.124921500
4631,0,1.990054418,2.186453237
4632,0,2.180366375,2.118287479
4633,0,1.310510039,1.059305417
4634,0,1.654515265,1.528301844
4635,0,1.898054713,2.460472656
4636,0,2.455512421,1.935291129
4637,0,2.161059387,2.252008621
4638,0,2.606206873,1.914873861
4639,0,2.191111917,2.049285222
4640,0,1.525260455,1.632795702
4641,0,1.769514514,1.126268793
4642,0,2.023428640,1.172973890
4643,0,0.997865474,1.054384018
4644,0,1.774873782,1.076923077
4645,0,1.646357418,1.225448709
4646,0,1.931224328,2.064202322
4647,0,2.114837209,1.721867273
4648,0,1.945132828,2.053421562
4649,0,2.152305610,2.907091346
4650,0,2.243215376,2.283073130
4651,0,2.332421273,2.739345364
4652,0,2.401390039,2.018603372
4653,0,1.359998268,1.088103318
4654,0,1.977803284,2.116857108
4655,0,1.882821455,1.471777331
4656,0,1.536247320,1.084243145
4657,0,1.943527899,1.452542258
4658,0,2.061818399,1.210388998
4659,0,1.758437709,1.278167407
4660,0,1.997249796,2.089373320
4661,0,2.246281449,1.563338325
4662,0,1.363305192,1.341286300
4663,0,1.642746946,0.978249906
4664,0,1.649966673,1.645330107
4665,0,2.201800682,2.445257149
4666,0,2.303509522,2.827049815
4667,0,2.286270880,2.006705258
4668,0,2.462737888,1.581703622
4669,0,1.973641855,1.782076909
4670,0,1.947041228,1.137247953
4671,0,2.261058612,1.541597620
4672,0,-0.000000000,0.000000000
4673,0,1.000000000,1.000000000
4674,0,1.186278124,0.500000000
4675,0,0.999895287,0.987951807
4676,0,1.918260930,1.333333333
4677,0,0.998468218,1.046073298
4678,0,1.499234109,1.000000000
4679,0,0.991031924,0.888615035
4680,0,1.495515962,1.000000000
4681,0,0.985790674,1.140119781
4682,0,1.492895337,1.000000000
4683,0,2.213095845,1.606686630
4684,0,1.933088109,1.233559178
4685,0,2.166385784,1.493682320
4686,0,1.943346550,1.925159008
4687,0,2.059791323,1.447190405
4688,0,2.047023197,1.188521835
4689,0,1.993571250,1.484164882
4690,0,1.385623376,1.151243034
4691,0,1.880890675,1.890024142
4692,0,2.489947908,1.723708480
4693,0,2.226618846,2.031901991
4694,0,2.110620680,2.466781432
4695,0,1.844156435,1.858198143
4696,0,1.539003198,1.152668164
4697,0,1.988304241,1.680791852
4698,0,2.100490123,1.944945850
4699,0,1.826113001,1.683915533
4700,0,2.490133407,1.703423078
4701,0,2.247742041,2.074857797
4702,0,2.479309544,2.676194189
4703,0,1.979350931,1.957203639
4704,0,2.493944949,1.705466620
4705,0,1.966611826,1.305153782
4706,0,1.771122291,1.428111951
4707,0,1.927364933,1.258382928
4708,0,1.662796199,1.224189997
4709,0,1.076898033,1.401137368
4710,0,1.663112915,1.696096776
4711,0,2.234406815,2.607391705
4712,0,2.394778448,2.034872109
4713,0,2.111789786,1.788210092
4714,0,1.809234518,1.270012350
4715,0,1.682000086,1.057411640
4716,0,1.260178908,0.548814803
4717,0,0.999983366,0.995197974
4718,0,1.775851271,1.076923077
4719,0,1.459241006,1.380692754
4720,0,2.043631255,1.262583951
4721,0,1.966387565,1.917150047
4722,0,2.060887310,1.510811006
4723,0,2.201428297,1.628170876
4724,0,1.925011647,2.666025283
4725,0,2.280607215,1.961137443
4726,0,2.032113619,1.981293156
4727,0,1.949707438,1.971954140
4728,0,2.073471319,1.922163730
4729,0,1.822678517,1.252015755
4730,0,2.099764745,1.939574619
4731,0,0.929362212,1.379304238
4732,0,1.690537283,1.771808090
4733,0,1.454626504,2.269495280
4734,0,1.508337761,1.561494242
4735,0,2.218428276,1.645274579
4736,0,1.449963652,1.252703510
4737,0,0.970859464,0.799688673
4738,0,1.182635557,0.500000000
4739,0,2.245202038,1.488886113
4740,0,2.335616957,1.379505926
4741,0,1.881451192,1.283256508
4742,0,1.941772819,2.025282028
4743,0,1.455780643,1.244684204
4744,0,2.042488511,2.036924305
4745,0,1.795260126,1.312602023
4746,0,2.116325504,1.986732041
4747,0,2.032007570,1.324514900
4748,0,2.109713235,1.250705716
4749,0,2.287914098,1.558482999
4750,0,1.415419744,1.304871379
4751,0,2.185316753,1.561490586
4752,0,2.034666872,1.363454896
4753,0,2.195043548,2.049692928
4754,0,1.530666651,2.291545833
4755,0,2.223714006,1.741427501
4756,0,1.797931337,1.359300301
4757,0,2.253638754,1.756807173
4758,0,1.984817037,2.310073815
4759,0,1.939336466,3.523077462
4760,0,1.902075103,3.619782690
4761,0,1.440571660,3.641768636
4762,0,1.515841285,1.277163663
4763,0,0.624752785,0.624162534
4764,0,1.624752785,1.624162534
4765,0,0.499115468,0.438939136
4766,0,1.499115468,1.219469568
4767,0,1.789698858,1.682385616
4768,0,2.327575591,1.686685183
4769,0,2.397132764,2.182723416
4770,0,2.255613607,2.671067857
4771,0,2.066519718,3.969124548
4772,0,1.962228268,5.153694366
4773,0,2.277475695,5.159391528
4774,0,2.186811237,5.382603756
4775,0,2.191480499,3.811497836
4776,0,2.454402188,5.121966380
4777,0,1.781698341,1.895960558
4778,0,1.230925268,1.585283420
4779,0,1.377571953,1.704419977
4780,0,0.444262838,0.184698357
4781,0,0.900661286,1.866733678
4782,0,0.771947478,1.957785652
4783,0,1.161881665,1.327317400
4784,0,0.845772091,0.348921032
4785,0,1.121922424,1.079040633
4786,0,0.979208372,0.615818452
4787,0,1.162873844,0.942348650
4788,0,0.981205849,1.481907105
4789,0,1.694004542,1.503686418
4790,0,0.371328937,0.205657232
4791,0,0.342721780,0.191911472
4792,0,1.332775593,1.177618889
4793,0,1.335174758,0.859651706
4794,0,1.057509190,0.575826028
4795,0,1.065304395,1.124434151
4796,0,0.885747938,0.554666795
4797,0,1.581027379,1.443580522
4798,0,0.976879357,0.750912929
4799,0,1.009130520,0.845037574
4800,0,0.756372040,1.962357588
4801,0,0.778509637,0.347330230
4802,0,1.034552521,1.089783762
4803,0,1.551385482,1.210674545
4804,0,0.860693586,0.315850052
4805,0,1.631867313,1.201181027
4806,0,0.164042057,0.095469939
4807,0,1.738277346,1.422558988
4808,0,0.984883843,2.198773336
4809,0,2.235868042,2.948075616
4810,0,1.995788602,2.317419480
4811,0,2.283216471,1.766979898
4812,0,2.214585422,2.753892203
4813,0,1.538102549,3.182332412
4814,0,2.053162983,4.854890008
4815,0,2.661518740,4.481918101
4816,0,2.534445351,3.398822762
4817,0,2.808779809,3.262675322
4818,0,2.451871873,4.107549878
4819,0,3.333842987,3.681510266
4820,0,3.262625863,3.469782603
4821,0,3.263196560,3.751430400
4822,0,3.038083478,4.684347264
4823,0,3.270741686,5.461941096
4824,0,3.015981360,5.008871507
4825,0,3.377512355,6.020426201
4826,0,3.510342263,5.419757663
4827,0,3.313201973,4.235684036
4828,0,3.138580970,5.074377118
4829,0,3.111452896,4.150750217
4830,0,3.140551758,3.575718270
4831,0,3.060291619,3.227674696
4832,0,2.363888932,2.794733242
4833,0,2.458292638,3.157634934
4834,0,2.435772134,3.992934783
4835,0,2.648242593,4.790581659
4836,0,2.949089577,5.882421081
4837,0,3.604914305,6.852400384
4838,0,3.400885442,7.839845515
4839,0,3.269504088,6.833051298
4840,0,3.396765002,6.354491027
4841,0,3.374801964,6.088765604
4842,0,3.489772525,6.645890079
4843,0,3.711761072,6.063321704
4844,0,3.518801470,6.895485838
4845,0,3.460244268,7.259364915
4846,0,3.322200023,6.310513828
4847,0,3.517687634,6.887556018
4848,0,3.661716190,6.096060794
4849,0,3.565454561,5.901780151
4850,0,2.282037375,4.478699246
4851,0,3.449028841,5.576834616
4852,0,2.949941820,6.141928373
4853,0,3.275070863,5.050523912
4854,0,3.041614535,4.593823167
4855,0,2.686763773,5.499243279
4856,0,2.508791349,4.503665726
4857,0,1.689020740,3.861656724
4858,0,1.902041667,4.974776429
4859,0,2.987216218,4.371268802
4860,0,3.091956610,3.645520373
4861,0,3.266314483,4.607545836
4862,0,3.511207908,3.979241609
4863,0,3.267131105,3.716339136
4864,0,2.768258378,2.547677488
4865,0,2.661341383,3.201990010
4866,0,2.473558520,2.537649510
4867,0,3.580148346,2.788577897
4868,0,3.400873982,2.897474520
4869,0,3.561054119,2.849939930
4870,0,1.980027787,2.416533862
4871,0,2.489993324,2.389673618
4872,0,2.668176686,3.306384448
4873,0,2.925338805,2.756413550
4874,0,2.992476651,2.576629003
4875,0,3.555665754,3.238448279
4876,0,3.312038914,3.904088500
4877,0,2.695720310,3.462650494
4878,0,2.516803575,2.930775837
4879,0,2.711791438,3.518355760
4880,0,2.660924989,4.090988041
4881,0,3.017670666,3.572238771
4882,0,3.270138976,3.066444782
4883,0,3.216022889,2.977675678
4884,0,3.369496286,3.286999938
4885,0,3.820593153,3.625376992
4886,0,3.251010448,4.357332281
4887,0,3.174913060,3.283461492
4888,0,3.319761789,2.946481076
4889,0,3.168093929,3.218114789
4890,0,2.879420421,3.981182129
4891,0,3.259557095,4.794800077
4892,0,2.105030929,3.870185768
4893,0,2.517415919,4.259083190
4894,0,3.243002524,3.708607958
4895,0,3.127573147,4.689477250
4896,0,2.834932922,3.704992625
4897,0,3.293692650,3.170080149
4898,0,3.100159382,2.898388061
4899,0,3.237389622,2.625487911
4900,0,3.361187232,2.910641326
4901,0,1.613449502,2.156004121
4902,0,2.551931858,2.165626477
4903,0,2.870819121,2.363653194
4904,0,2.548098014,2.613876363
4905,0,1.736906919,1.436583291
4906,0,1.212921280,1.139097861
4907,0,1.460005387,1.450329752
4908,0,2.390565827,1.883736364
4909,0,1.852518677,1.511471239
4910,0,2.419960560,2.095824665
4911,0,2.847156720,2.250753327
4912,0,2.619575294,2.798850236
4913,0,2.962451025,2.383335404
4914,0,2.475079249,3.055170334
4915,0,3.523672671,4.007844785
4916,0,2.397805475,3.901955348
4917,0,2.954063940,2.846541344
4918,0,3.292374552,3.463031974
4919,0,3.055401476,4.702954962
4920,0,3.359074925,2.562997292
4921,0,3.560745836,2.270128863
4922,0,3.294365789,2.076959677
4923,0,3.313226627,2.339223416
4924,0,3.644687570,2.425430548
4925,0,3.704069434,3.419371484
4926,0,3.138353560,3.067993595
4927,0,3.471144199,2.550879525
4928,0,2.807664128,1.666916464
4929,0,2.619299178,1.431809713
4930,0,2.886706035,1.636056891
4931,0,3.150061937,2.004136771
4932,0,3.093325960,2.535429646
4933,0,2.894434553,2.369772334
4934,0,2.816546405,1.639342951
4935,0,2.904489215,2.059006914
4936,0,1.834409731,1.125714151
4937,0,2.243115140,1.855131690
4938,0,2.274848660,1.211999916
4939,0,2.633283337,2.036667466
4940,0,2.609923682,1.999845411
4941,0,2.742516989,1.739987071
4942,0,2.861959601,1.665069238
4943,0,2.732510993,1.666316471
4944,0,1.694157283,1.113653733
4945,0,1.290252334,0.733443909
4946,0,1.754988806,1.165710520
4947,0,2.271731572,1.287558638
4948,0,2.847830554,2.393206868
4949,0,2.306201105,1.938875269
4950,0,2.864811256,2.034006971
4951,0,2.756794902,2.030436196
4952,0,3.151193331,1.958619748
4953,0,3.186844890,2.115035595
4954,0,2.810850890,2.426713240
4955,0,1.974603400,2.374548941
4956,0,2.542066530,1.864077913
4957,0,1.824315824,1.960796960
4958,0,1.953769238,2.344072121
4959,0,2.224854712,2.875180348
4960,0,2.492818031,2.063826532
4961,0,2.580265021,1.800854825
4962,0,1.905975313,2.566021321
4963,0,2.496893529,1.927013940
4964,0,1.903031167,1.575495138
4965,0,2.474897354,1.659099329
4966,0,2.816236440,2.042723058
4967,0,2.535378224,2.164626318
4968,0,2.587914388,3.069352127
4969,0,2.404237181,3.492936035
4970,0,2.582241507,4.067706175
4971,0,2.753697008,3.106968814
4972,0,2.630582010,2.236384627
4973,0,2.834970542,2.946209342
4974,0,2.800169801,3.491851195
4975,0,2.511789620,4.212089429
4976,0,3.160064543,5.541305079
4977,0,3.018451914,4.500757799
4978,0,3.241246764,5.478250939
4979,0,1.892544891,5.559610106
4980,0,2.575160910,6.077323648
4981,0,2.788804574,6.801313899
4982,0,2.609185813,6.719431411
4983,0,1.428227547,6.401157286
4984,0,2.606748035,7.166446448
4985,0,2.403349384,6.217797832
4986,0,2.394075891,5.530260931
4987,0,2.745691673,4.971504213
4988,0,1.715171993,5.199747756
4989,0,1.887553067,4.429150140
4990,0,1.819106386,4.237243876
4991,0,1.845966846,4.507765712
4992,0,2.791739465,5.192552296
4993,0,2.661444273,4.145039367
4994,0,2.803929993,3.680115455
4995,0,2.644009160,4.641764546
4996,0,2.475867985,4.741377250
4997,0,2.441355727,5.624047853
4998,0,2.781883095,6.599166419
4999,0,2.577694430,6.643958276
5000,0,2.443033948,5.062084186
5001,0,2.402907925,4.331967703
5002,0,2.086964093,4.476284989
5003,0,2.411264762,4.740393132
5004,0,2.368276623,5.738223994
5005,0,2.389119130,6.300354908
5006,0,2.371240488,7.466631341
5007,0,2.381529927,6.259575306
5008,0,2.675849859,5.324195656
5009,0,2.473841626,4.300351757
5010,0,2.615046551,5.983581179
5011,0,2.662623618,8.069386111
5012,0,2.731545564,6.995464770
5013,0,2.530996438,5.902353593
5014,0,2.182328117,7.374648401
5015,0,2.427262606,6.951054311
5016,0,2.410030165,7.718042090
5017,0,2.449880520,6.257056008
5018,0,2.426037234,7.351001939
5019,0,2.427428841,6.278459668
5020,0,2.410094778,5.795525160
5021,0,1.833436408,5.522730737
5022,0,2.728625625,6.492366598
5023,0,2.442803239,7.470849176
5024,0,2.413496024,6.199491875
5025,0,1.799148889,6.128335124
5026,0,2.377677631,4.813322980
5027,0,2.494370834,3.487884693
5028,0,1.629649452,1.930476564
5029,0,2.733607130,1.989992984
5030,0,2.397867724,2.022706748
5031,0,2.309694765,1.532458311
5032,0,2.318778079,2.260082177
5033,0,2.255201487,1.841126500
5034,0,2.405394077,2.345732669
5035,0,2.583157150,3.171039472
5036,0,3.022887559,4.116584261
5037,0,2.948840917,3.358437846
5038,0,2.623055655,3.160860760
5039,0,3.211137555,3.651030977
5040,0,3.035329533,4.204414831
5041,0,2.168866888,3.324454520
5042,0,2.069158065,3.389746657
5043,0,1.978326832,3.483065653
5044,0,2.658324811,4.322601929
5045,0,2.507071849,3.398262333
5046,0,2.787531744,3.437295980
5047,0,1.938093767,2.973560117
5048,0,2.136082796,2.716485403
5049,0,2.709141884,3.064143337
5050,0,2.050867542,3.139525711
5051,0,1.977776231,3.336106600
5052,0,3.402739146,4.405936041
5053,0,2.984826073,2.972834663
5054,0,3.436180661,3.157917381
5055,0,3.363951173,3.488088044
5056,0,3.486090587,3.688580709
5057,0,2.623577778,3.675833328
5058,0,3.557196165,3.307259852
5059,0,3.497633325,4.073200207
5060,0,3.449664629,3.951528483
5061,0,3.240459505,4.142916266
5062,0,3.131560971,5.095600881
5063,0,2.886942955,4.837092320
5064,0,3.133778577,4.230971673
5065,0,2.880127549,3.502864056
5066,0,3.128139611,2.959247033
5067,0,3.339665984,3.001398948
5068,0,1.991290161,3.438044497
5069,0,2.631902666,3.246819490
5070,0,2.634725664,3.079030061
5071,0,2.682739611,2.895521306
5072,0,2.714330768,3.284596204
5073,0,2.213852197,2.955746605
5074,0,2.617427164,2.825855472
5075,0,2.657147677,2.550639646
5076,0,2.626935750,2.598917800
5077,0,2.984680009,2.821857503
5078,0,2.669800193,2.469537699
5079,0,2.980082140,2.732293593
5080,0,2.801515381,2.851568391
5081,0,2.972331059,3.417698661
5082,0,2.626873598,3.108070074
5083,0,2.801525282,3.509994164
5084,0,2.286507504,2.182879148
5085,0,2.569402812,2.790695931
5086,0,2.486096930,2.002619047
5087,0,2.768582413,1.935322994
5088,0,2.911674860,2.595225499
5089,0,2.157509448,2.960661749
5090,0,2.798976651,3.118147788
5091,0,3.179116754,3.389556409
5092,0,2.931449043,3.269209288
5093,0,2.439345775,3.359505739
5094,0,3.204345351,3.572434729
5095,0,3.043324808,3.706602041
5096,0,3.080525295,3.470292456
5097,0,2.880261325,3.315556547
5098,0,3.237465083,3.504124244
5099,0,3.031946806,3.664036616
5100,0,2.230902541,3.017864332
5101,0,3.209638022,3.240777777
5102,0,2.213439141,3.303130355
5103,0,2.113159043,3.214885277
5104,0,2.961915300,3.434136056
5105,0,2.877973357,3.588540912
5106,0,3.196863713,3.315075203
5107,0,3.190698281,3.725863323
5108,0,3.027274745,3.721063759
5109,0,2.633117556,2.961112565
5110,0,2.872763739,2.923794982
5111,0,3.180563422,3.262728753
5112,0,3.191462415,3.753814835
5113,0,3.036280041,4.725674103
5114,0,3.245727883,4.022984727
5115,0,2.158735659,3.752939166
5116,0,3.462870672,3.622617162
5117,0,3.396631327,3.698021258
5118,0,3.554600769,4.542271896
5119,0,3.126641336,3.724367846
5120,0,3.205257452,4.420975071
5121,0,3.178271652,3.765006979
5122,0,3.258216157,4.193784425
5123,0,2.942679023,2.250331796
5124,0,3.071074784,3.094787285
5125,0,0.720591688,0.398665602
5126,0,1.896660307,1.261929181
5127,0,0.722418062,0.302737225
5128,0,1.973072036,1.353525297
5129,0,2.010237442,1.185394384
5130,0,2.178799766,1.430112232
5131,0,2.504258737,2.301825912
5132,0,0.946233919,1.271302383
5133,0,1.944135553,1.361761371
5134,0,2.760503431,1.989455503
5135,0,2.206115696,1.927564566
5136,0,1.668358873,1.430671554
5137,0,1.810374054,1.349929017
5138,0,2.275783568,1.346775495
5139,0,2.679082890,1.510074227
5140,0,2.355080336,1.985133368
5141,0,2.240051150,2.468913978
5142,0,2.191304900,1.830386016
5143,0,2.130683875,1.936059843
5144,0,2.258691093,2.199865359
5145,0,2.886122308,2.544737673
5146,0,3.252116652,3.457246907
5147,0,3.018534542,2.495223404
5148,0,2.696712659,3.131398834
5149,0,2.980067944,4.777513080
5150,0,3.417096765,5.035509921
5151,0,3.135715133,4.222761444
5152,0,3.284841400,5.403705656
5153,0,3.279901901,5.155033772
5154,0,3.385551920,7.117055170
5155,0,3.369992195,7.003436417
5156,0,3.485403327,5.778377211
5157,0,3.240152350,3.817061039
5158,0,3.336733031,4.037502657
5159,0,3.351879218,5.006046836
5160,0,2.658833955,2.850665606
5161,0,2.450717623,1.973790998
5162,0,0.990253725,0.883893355
5163,0,1.915047076,1.922595570
5164,0,2.298025032,1.807531857
5165,0,2.077116793,1.182033097
5166,0,1.842732508,1.249847906
5167,0,1.270502399,1.731172660
5168,0,1.227958181,1.041412356
5169,0,-0.000000000,0.000000000
5170,0,1.000000000,1.000000000
5171,0,1.775858948,2.000000000
5172,0,1.863120569,3.000000000
5173,0,2.139968827,4.000000000
5174,0,2.692118893,3.097882084
5175,0,2.875558247,3.912961005
5176,0,2.801001663,3.244151881
5177,0,2.841405550,3.965821114
5178,0,3.201770865,3.452123515
5179,0,2.939779594,2.904534256
5180,0,2.872694550,3.099233243
5181,0,3.203915155,2.921287881
5182,0,2.898141045,2.975099300
5183,0,2.513621492,2.959894104
5184,0,2.786929427,3.023273758
5185,0,2.785734820,2.625393849
5186,0,2.683034610,3.053809701
5187,0,2.107127614,2.798673622
5188,0,2.717097730,2.934269594
5189,0,3.045150248,3.199868889
5190,0,2.844045024,3.456686715
5191,0,2.620420835,2.847412317
5192,0,2.215644380,3.702393188
5193,0,2.774844947,3.109930261
5194,0,3.206474442,3.779971292
5195,0,3.058845734,3.871211576
5196,0,3.192907373,3.693334952
5197,0,2.949067167,3.551041960
5198,0,2.935180888,4.036885225
5199,0,3.225391668,3.730931458
5200,0,2.933417925,3.147254965
5201,0,2.603474184,2.903988386
5202,0,2.267204765,3.045410546
5203,0,2.813638274,3.391186821
5204,0,2.882549528,3.170614381
5205,0,2.718506323,2.997860228
5206,0,2.891503994,2.930793022
5207,0,3.246463640,3.129064183
5208,0,2.940869467,2.374209642
5209,0,1.549613110,1.463908222
5210,0,1.945981298,1.182212598
5211,0,1.285497694,0.564176784
5212,0,0.999954764,0.992081019
5213,0,1.186272470,0.500000000
5214,0,1.206438784,1.036011327
5215,0,-0.000000000,0.000000000
5216,0,1.000000000,1.000000000
5217,0,1.918295834,1.333333333
5218,0,1.538596444,1.123287671
5219,0,-0.000000000,0.000000000
5220,0,1.000000000,1.000000000
5221,0,1.775858948,1.846153846
5222,0,1.000000000,1.000000000
5223,0,1.775858948,2.000000000
5224,0,1.781452184,1.209302326
5225,0,1.926118808,2.018173346
5226,0,2.321209491,1.637428789
5227,0,2.173070375,2.357596082
5228,0,2.463525608,2.985765208
5229,0,1.579499008,1.900960293
5230,0,1.919702654,1.236915420
5231,0,1.964319204,1.138968784
5232,0,2.329016264,2.136487661
5233,0,2.661109123,2.709228740
5234,0,2.288857372,2.843125303
5235,0,2.902552960,2.422226272
5236,0,2.850740089,1.990951493
5237,0,2.957344313,2.262232101
5238,0,1.973581386,1.979997876
5239,0,2.940731880,2.001160022
5240,0,2.930004088,2.570869724
5241,0,3.221747948,2.737585747
5242,0,2.800375971,2.181098123
5243,0,2.976075384,2.202766517
5244,0,2.586191098,1.862862750
5245,0,2.952674026,2.426482839
5246,0,2.924606507,3.067380717
5247,0,2.848574985,2.442113380
5248,0,3.067142139,2.319542470
5249,0,2.889374405,2.348433053
5250,0,2.202256793,2.109262209
5251,0,2.689021730,2.087969102
5252,0,2.806238850,3.077333743
5253,0,2.744562564,2.447364817
5254,0,2.641102319,2.698506818
5255,0,2.717825747,2.362539176
5256,0,1.966107123,1.746980442
5257,0,2.936579934,2.341070884
5258,0,2.294722248,2.764697678
5259,0,2.212742313,2.145073212
5260,0,2.740050905,3.034064374
5261,0,3.221546946,2.857062882
5262,0,3.095964619,3.267096269
5263,0,3.005104142,3.754496392
5264,0,2.897696480,3.510831733
5265,0,2.871295403,3.098378116
5266,0,2.844982636,3.490732687
5267,0,2.546267362,3.740537302
5268,0,2.783980239,3.456458190
5269,0,2.600477543,2.873016438
5270,0,2.790870549,3.431449238
5271,0,2.608014291,3.700723746
5272,0,2.248243800,4.686579098
5273,0,3.158971009,5.499224390
5274,0,2.040361473,3.941953526
5275,0,2.705868939,4.815255678
5276,0,2.841824477,5.232516440
5277,0,3.175776253,4.554248302
5278,0,2.996057589,3.709204462
5279,0,2.799288074,3.698326538
5280,0,2.310005160,4.401285095
5281,0,2.348904950,4.689305768
5282,0,3.194548928,4.249102938
5283,0,3.018340658,4.012393808
5284,0,2.880041305,4.517250355
5285,0,2.868391740,4.045810160
5286,0,3.179651044,3.881614410
5287,0,3.147817043,4.120960275
5288,0,2.163538249,3.757077523
5289,0,2.799950291,3.410484169
5290,0,2.754385129,4.123790921
5291,0,2.843652977,3.971876009
5292,0,2.819700847,3.356812081
5293,0,2.574768681,3.387047741
5294,0,3.155472821,3.484802779
5295,0,2.111963412,3.002812201
5296,0,1.872991708,2.605661093
5297,0,2.643055937,2.484551781
5298,0,2.606768113,2.012984165
5299,0,2.957478060,2.170891848
5300,0,0.988221222,0.872389789
5301,0,-0.000000000,0.000000000
5302,0,1.000000000,1.000000000
5303,0,1.775858948,2.000000000
5304,0,2.298794941,1.625000000
5305,0,2.649507130,2.381987578
5306,0,2.496716877,2.988727858
5307,0,2.734782050,2.410560345
5308,0,2.802180139,3.387571593
5309,0,2.905478139,2.816438671
5310,0,2.878264464,3.535265362
5311,0,3.254905707,4.270623399
5312,0,3.100344147,5.089162066
5313,0,2.936619248,5.551802346
5314,0,2.893647437,5.995659608
5315,0,2.875216234,7.120544697
5316,0,3.068942517,5.376554329
5317,0,2.886674613,5.549464616
5318,0,2.868436634,6.907246991
5319,0,3.233965677,6.049875971
5320,0,2.942521704,5.541964647
5321,0,2.912887178,5.158856917
5322,0,2.785132589,5.416208979
5323,0,2.659381205,5.695147654
5324,0,3.015850375,6.194331377
5325,0,2.343095341,4.924996780
5326,0,3.102570273,4.905445800
5327,0,3.355643034,4.367339011
5328,0,3.329429204,3.310607487
5329,0,3.200090006,4.052313974
5330,0,3.871554183,4.554607032
5331,0,3.292434180,3.615276962
5332,0,3.399429142,3.270189460
5333,0,3.148314230,3.441546247
5334,0,3.576328460,3.746540255
5335,0,2.799892991,3.616267875
5336,0,3.117856426,3.841116651
5337,0,2.730467055,2.939072019
5338,0,3.074274577,3.011134470
5339,0,2.117755952,2.198582403
5340,0,3.185535077,2.252208108
5341,0,2.957769913,2.297477023
5342,0,3.224759338,2.807453492
5343,0,3.056209838,3.454054021
5344,0,2.491295775,2.495551669
5345,0,3.201998399,2.496535213
5346,0,3.037815698,2.460288687
5347,0,2.923497567,2.367539827
5348,0,3.372241495,2.768230742
5349,0,2.984485859,2.178872479
5350,0,3.285411901,2.484607343
5351,0,2.678560675,1.820956780
5352,0,3.164562784,2.223523356
5353,0,3.369788841,2.624648386
5354,0,2.993147843,1.927615624
5355,0,2.550981279,1.989130642
5356,0,3.209795557,2.068420683
5357,0,3.350116599,2.981669919
5358,0,3.380365664,3.179568586
5359,0,3.417442849,4.166372266
5360,0,3.439489779,4.205206769
5361,0,2.921659225,4.152423450
5362,0,2.506510920,4.355358167
5363,0,1.544948761,4.219003276
5364,0,2.715540774,5.059549896
5365,0,2.593978829,3.952638573
5366,0,2.492870118,3.295431476
5367,0,2.823775191,4.587657005
5368,0,2.600612322,4.892980915
5369,0,2.535042576,4.621630813
5370,0,2.625614827,5.106967345
5371,0,2.765236845,6.813171064
5372,0,2.930825814,7.449699948
5373,0,2.957261374,8.503522237
5374,0,3.049360916,9.054829101
5375,0,2.877366321,8.460039456
5376,0,2.410042806,8.709572876
5377,0,2.579185268,7.825550173
5378,0,1.745089727,6.135569823
5379,0,2.366961548,6.470102950
5380,0,2.376173279,7.523996926
5381,0,2.408845423,7.048391196
5382,0,2.403213500,6.819149134
5383,0,2.383421853,6.671751793
5384,0,2.362367439,6.560697637
5385,0,1.447038946,6.632527720
5386,0,2.553973318,8.164686406
5387,0,2.796513115,7.536850989
5388,0,3.329128431,8.443298000
5389,0,2.954068952,8.695344668
5390,0,2.753226886,7.811462509
5391,0,1.990402385,6.163800216
5392,0,2.794875606,5.223118389
5393,0,2.636215397,5.223331983
5394,0,3.097132695,4.615464188
5395,0,2.853906105,4.225649458
5396,0,2.925544464,3.891239895
5397,0,2.957529155,2.978797263
5398,0,3.132743575,2.559088615
5399,0,2.980347188,2.096767147
5400,0,3.049495882,2.661510938
5401,0,3.176646329,2.690027722
5402,0,2.836194635,1.998180563
5403,0,2.681475418,1.844947893
5404,0,2.962677913,2.238930309
5405,0,3.055991404,2.614468147
5406,0,2.984576051,1.947309165
5407,0,2.824597942,2.567912817
5408,0,2.752239670,3.087748784
5409,0,3.014598191,2.551712066
5410,0,2.870191621,2.793411008
5411,0,2.158167380,2.669949710
5412,0,2.230401767,3.161801519
5413,0,2.788614066,3.665877641
5414,0,2.348640926,2.383239369
5415,0,2.573758797,2.709328652
5416,0,2.971451952,3.478430763
5417,0,2.871716543,4.609092814
5418,0,2.887501893,4.683263767
5419,0,1.011402849,1.046476246
5420,0,2.200604852,1.767031701
5421,0,2.327634024,2.158066812
5422,0,2.411744691,1.616995416
5423,0,2.539692907,2.004964126
5424,0,2.840088978,2.792114030
5425,0,3.243930926,3.193639732
5426,0,3.157022819,3.168558484
5427,0,2.733455631,2.345745608
5428,0,2.554279938,1.901557129
5429,0,2.337383385,1.795257623
5430,0,2.684373730,1.687860478
5431,0,2.318622913,1.584840029
5432,0,2.440124439,1.489976799
5433,0,2.773715495,2.012813189
5434,0,2.789103806,2.206996434
5435,0,2.825582292,3.092228717
5436,0,2.719371015,2.906334641
5437,0,2.644284978,2.534182269
5438,0,2.969040339,2.789956896
5439,0,2.056921178,3.490448382
5440,0,3.200916934,3.964623982
5441,0,2.983639616,4.121411938
5442,0,3.415815858,4.211313376
5443,0,2.997182747,3.485817306
5444,0,2.985159914,2.910347432
5445,0,2.683543351,2.968746493
5446,0,2.621993921,2.067124786
5447,0,2.805541107,2.688542493
5448,0,2.981475558,3.569546427
5449,0,3.145764904,4.589726948
5450,0,3.025774154,3.665346264
5451,0,3.001996562,3.073609741
5452,0,2.240801290,2.070159234
5453,0,2.697971879,2.798112367
5454,0,2.159573895,3.633537572
5455,0,2.761729990,3.505620896
5456,0,2.930250618,3.285447712
5457,0,2.997576454,3.460962692
5458,0,2.757981619,3.391924448
5459,0,2.928535737,4.463419414
5460,0,2.927064006,5.298795591
5461,0,2.963310314,4.747682585
5462,0,3.253517625,4.472861773
5463,0,2.942427198,4.947786116
5464,0,1.341182831,1.055772178
5465,0,2.108699810,2.033070691
5466,0,2.204453456,2.485616798
5467,0,1.500557349,2.698360515
5468,0,2.046111832,2.046099625
5469,0,2.509684962,1.747282676
5470,0,2.545540865,1.571276045
5471,0,2.592925044,1.875180892
5472,0,2.628196244,1.891587618
5473,0,2.459462203,1.432185355
5474,0,2.470176951,1.954229787
5475,0,1.302800768,1.022660113
5476,0,2.349428811,1.514129688
5477,0,1.880643369,1.311837155
5478,0,1.818159871,1.957762036
5479,0,2.834036314,2.873742741
5480,0,2.480917504,3.483491612
5481,0,2.898362212,2.783561722
5482,0,2.521554705,1.943534824
5483,0,1.970197120,2.123291085
5484,0,2.460061342,3.102742571
5485,0,2.841367570,2.559875652
5486,0,2.420894001,3.011998116
5487,0,2.211583788,2.441982494
5488,0,1.964124159,2.855272147
5489,0,2.934670173,2.458777115
5490,0,2.528125807,2.886951096
5491,0,1.737734007,1.882840673
5492,0,2.318535726,2.875732179
5493,0,2.196267183,3.850723705
5494,0,2.733824989,4.972110917
5495,0,2.896975454,4.266048620
5496,0,2.670158499,3.534944247
5497,0,2.871211568,3.056211855
5498,0,3.137491705,2.838369550
5499,0,1.565001663,1.483149275
5500,0,1.962511869,1.327227078
5501,0,1.979909617,1.150043956
5502,0,2.490861125,1.717767417
5503,0,-0.000000000,0.000000000
5504,0,1.000000000,1.000000000
5505,0,1.509968613,1.809523810
5506,0,1.301374239,0.569767442
5507,0,1.651752729,1.084956772
5508,0,2.086015007,1.346040999
5509,0,2.149145207,2.057642422
5510,0,2.251993942,2.374541495
5511,0,-0.000000000,0.000000000
5512,0,1.584962501,1.333333333
5513,0,2.071637949,2.019607843
5514,0,1.418320371,1.266666667
5515,0,2.183751556,1.327659574
5516,0,2.170994839,1.455781029
5517,0,2.292548380,2.133231489
5518,0,2.313929079,2.058785146
5519,0,2.967374290,2.040710779
5520,0,2.512547231,2.336010072
5521,0,2.513308857,2.751743071
5522,0,2.510647839,2.288190042
5523,0,2.559367558,2.081180383
5524,0,2.779887089,2.206756010
5525,0,2.748328178,1.888545492
5526,0,2.646293374,1.723946397
5527,0,2.806260348,2.002395584
5528,0,2.855091897,2.190780499
5529,0,2.718737916,2.168892860
5530,0,-0.000000000,0.000000000
5531,0,1.000000000,1.000000000
5532,0,1.500000000,1.000000000
5533,0,1.884553360,0.947368421
5534,0,2.098098190,1.165867689
5535,0,2.643282757,2.089798261
5536,0,-0.000000000,0.000000000
5537,0,1.000000000,1.000000000
5538,0,1.186278124,0.500000000
5539,0,1.000000000,1.000000000
5540,0,1.918295834,2.000000000
5541,0,1.733486484,1.179487179
5542,0,1.861094393,1.156585290
5543,0,2.285297262,1.544239367
5544,0,2.194136112,1.943954166
5545,0,2.090398772,1.301562320
5546,0,1.923703556,1.135021186
5547,0,1.462474795,0.968975113
5548,0,2.322178200,2.122436481
5549,0,2.128237243,1.590446228
5550,0,1.586393340,1.106578447
5551,0,2.054478964,1.931533320
5552,0,2.140477722,1.247886106
5553,0,1.838501727,1.389710148
5554,0,1.611156309,1.931142837
5555,0,2.458998828,1.765757694
5556,0,2.191209309,1.259193579
5557,0,2.466052010,1.702003697
5558,0,2.382611179,2.171629313
5559,0,2.459609491,2.882253987
5560,0,1.398304867,1.432251565
5561,0,1.587090174,2.321613297
5562,0,2.159542955,2.308696975
5563,0,2.244664224,2.525298715
5564,0,2.566902359,2.031164656
5565,0,2.273050803,2.465661912
5566,0,1.960433589,1.934597254
5567,0,1.553720480,1.325502355
5568,0,1.632530796,1.173186612
5569,0,1.510296443,1.345989473
5570,0,2.517130882,1.656374701
5571,0,1.468097020,1.248448240
5572,0,2.086355935,1.263156766
5573,0,2.094046403,1.484354276
5574,0,1.334557997,1.485312961
5575,0,2.010651599,2.362781685
5576,0,2.556016055,1.881075166
5577,0,2.425836109,1.529212876
5578,0,2.306350569,2.265389711
5579,0,2.177955454,2.412793734
5580,0,2.256750328,1.513028547
5581,0,2.541247988,2.137784895
5582,0,2.345567263,1.933241923
5583,0,2.197988905,1.335110373
5584,0,2.568040292,1.981459981
5585,0,2.347070697,1.391205693
5586,0,1.408767685,1.078240946
5587,0,0.862604887,0.840252945
5588,0,2.255077949,2.050009625
5589,0,3.118414782,1.941235457
5590,0,2.787371941,2.428326141
5591,0,3.339840864,3.035083532
5592,0,2.630382621,2.180748638
5593,0,2.825196201,2.144423104
5594,0,1.471470643,1.265623532
5595,0,1.542209202,1.099517601
5596,0,2.345241017,1.753212601
5597,0,2.610759605,2.678916853
5598,0,2.739373339,2.238571044
5599,0,2.772005577,1.777635385
5600,0,2.588229712,2.055852446
5601,0,3.188910759,3.365483967
5602,0,2.874949146,2.144172445
5603,0,2.748534002,2.418987475
5604,0,2.923504340,2.510990595
5605,0,2.745248947,2.692287651
5606,0,3.192545733,2.656149941
5607,0,2.808906369,2.815542836
5608,0,2.833956000,2.226848583
5609,0,3.120646130,2.765733458
5610,0,3.210312506,2.950503729
5611,0,2.417597562,1.679094384
5612,0,2.824142915,2.010018993
5613,0,2.416505245,1.584413228
5614,0,2.780814132,1.487908020
5615,0,2.649022267,1.826705487
5616,0,3.045384419,2.264281088
5617,0,2.709090074,2.051203767
5618,0,2.449243880,1.894917458
5619,0,1.471578201,0.963540931
5620,0,1.295706047,1.533225835
5621,0,2.078238218,1.851797309
5622,0,1.787225716,1.174102835
5623,0,2.011765721,1.538797572
5624,0,2.080274607,1.193325064
5625,0,2.586207501,2.262294840
5626,0,2.102541547,1.301254379
5627,0,2.368277562,1.517436565
5628,0,2.922938265,2.131942301
5629,0,2.510441956,1.905842224
5630,0,2.125686270,1.331772137
5631,0,2.265903229,1.387321321
5632,0,1.619084563,2.256328360
5633,0,2.383349528,1.776227519
5634,0,2.553794717,2.729035344
5635,0,1.378684593,1.386165213
5636,0,2.042943423,2.002409537
5637,0,1.946189292,1.828990293
5638,0,2.813993663,2.045600506
5639,0,2.422006205,1.653865666
5640,0,2.853752426,1.971898182
5641,0,3.105495157,2.910790850
5642,0,3.014923760,2.234515561
5643,0,3.147944441,2.800615513
5644,0,2.415026133,2.634021547
5645,0,1.937820723,1.983344575
5646,0,2.092252195,2.770685242
5647,0,3.125863229,2.479239786
5648,0,3.217966719,3.172109553
5649,0,3.093097644,2.745373036
5650,0,3.029082382,2.116543018
5651,0,2.286609447,1.478794392
5652,0,2.751054427,2.076592054
5653,0,2.746164251,1.991837303
5654,0,2.964655399,2.160700001
5655,0,3.186361417,4.054767217
5656,0,3.496233336,3.614651070
5657,0,2.979204206,4.277872437
5658,0,3.000619806,4.874090513
5659,0,2.893291441,4.113091721
5660,0,3.158489135,4.793624500
5661,0,1.106943267,1.016937328
5662,0,0.840683726,0.343785126
5663,0,2.193651324,1.509975405
5664,0,2.210134390,1.188874944
5665,0,2.693340236,1.884765082
5666,0,2.395635914,2.388157578
5667,0,3.123156592,3.214339872
5668,0,2.658489437,2.523833753
5669,0,2.590980136,2.938269981
5670,0,2.607648210,2.812126424
5671,0,2.840343976,3.578946539
5672,0,2.915657324,3.065640983
5673,0,1.961280256,1.583804151
5674,0,1.002656031,0.588196247
5675,0,0.345569935,0.187804202
5676,0,1.150498653,1.095955683
5677,0,0.204238836,0.123588199
5678,0,0.781184646,0.416766360
5679,0,0.564242628,0.262033535
5680,0,0.838576752,0.412386151
5681,0,0.920442030,1.751360474
5682,0,1.120581194,0.961730838
5683,0,1.473670385,0.862580519
5684,0,0.031267099,0.012866281
5685,0,0.062348577,0.032062570
5686,0,1.061824647,1.032062570
5687,0,1.081966796,0.425315731
5688,0,0.807974459,1.779266772
5689,0,1.247432319,0.540991988
5690,0,0.979191458,0.430242672
5691,0,0.154252138,0.090257101
5692,0,0.098787066,0.051172275
5693,0,-0.000000000,0.000000000
5694,0,1.000000000,1.000000000
5695,0,0.811278124,0.500000000
5696,0,0.707569654,0.285714286
5697,0,1.075242276,1.108433735
5698,0,0.814439884,2.024096386
5699,0,0.944811104,2.201775350
5700,0,0.739588768,0.336898396
5701,0,1.676487887,1.239677231
5702,0,1.217306483,0.598100582
5703,0,1.761891509,1.491476991
5704,0,0.771437507,1.547476555
5705,0,2.574552166,1.911841340
5706,0,1.750785652,1.084853107
5707,0,2.541159759,1.788999730
5708,0,2.334390881,2.288793004
5709,0,2.157431254,1.422822266
5710,0,2.332396416,1.387962825
5711,0,2.160270721,1.418056018
5712,0,2.448101909,2.159551222
5713,0,1.566013247,2.233371861
5714,0,2.405914408,3.126978451
5715,0,1.906197390,2.366539788
5716,0,1.949308213,2.895891205
5717,0,2.401006872,2.292444048
5718,0,2.629180384,2.570597349
5719,0,2.715140714,2.043425663
5720,0,2.810811092,2.190972377
5721,0,2.798086991,3.110570232
5722,0,2.741406827,2.534646892
5723,0,2.887706190,2.638737981
5724,0,3.208005050,3.480737249
5725,0,2.272738812,2.227497647
5726,0,2.536516520,1.989628920
5727,0,2.549140140,2.865655976
5728,0,2.573879427,2.660038528
5729,0,3.104150238,3.203525828
5730,0,3.142550531,2.336300202
5731,0,2.890553612,2.167015035
5732,0,2.841295560,2.594223628
5733,0,2.242283960,1.379179005
5734,0,3.210977192,2.483397705
5735,0,2.576396438,2.456377774
5736,0,2.810372096,1.767784476
5737,0,2.860716439,2.041368119
5738,0,2.651608963,1.608636099
5739,0,2.571725020,1.574124125
5740,0,2.695908469,1.518636991
5741,0,2.730416085,2.406062618
5742,0,2.399385336,1.670212264
5743,0,2.492336807,2.693425917
5744,0,2.707923590,3.196452649
5745,0,3.237432571,2.566263950
5746,0,2.580954038,1.717185360
5747,0,2.777380256,1.799075759
5748,0,2.589236663,1.563350274
5749,0,2.487803553,1.771533187
5750,0,2.633121172,2.589092994
5751,0,3.285141938,2.458216361
5752,0,3.159443261,3.112116088
5753,0,2.205530592,3.152292908
5754,0,3.185100561,4.056704206
5755,0,2.064568735,3.993652338
5756,0,3.064850283,3.255555954
5757,0,1.832306459,1.787272287
5758,0,2.509711364,1.771843639
5759,0,2.532270558,1.733943297
5760,0,2.664824926,2.466882766
5761,0,3.076327986,2.791910054
5762,0,2.243088077,2.093031086
5763,0,2.613342398,1.951086185
5764,0,2.807518659,2.203265536
5765,0,2.185264935,1.795277503
5766,0,2.685845629,2.234503425
5767,0,2.904048731,2.102040422
5768,0,2.708949598,2.070599064
5769,0,2.480054248,1.692833830
5770,0,2.947527678,2.054355930
5771,0,2.778611313,2.070725827
5772,0,2.769218397,2.298679846
5773,0,2.349582826,1.711937082
5774,0,2.722386591,1.628114289
5775,0,2.642369620,1.858157215
5776,0,3.211380624,2.024273211
5777,0,2.861682550,2.153481895
5778,0,2.552189739,2.084226755
5779,0,2.279112148,2.375080319
5780,0,3.011723709,3.179704491
5781,0,3.191471785,2.158096043
5782,0,1.818710892,1.056082185
5783,0,2.779241099,2.027870687
5784,0,3.443182425,2.961626119
5785,0,3.272100089,2.424326452
5786,0,3.157727447,2.129647958
5787,0,2.545840504,1.766367415
5788,0,2.980064656,2.117787880
5789,0,2.855126869,1.986292748
5790,0,2.777745600,2.135975658
5791,0,2.789375193,2.221793747
5792,0,1.687134724,1.402473381
5793,0,2.380931160,2.106046567
5794,0,2.576516415,2.250731887
5795,0,2.728875430,1.728285205
5796,0,2.845226951,2.282254833
5797,0,2.341018546,2.428443199
5798,0,2.482810986,3.361702191
5799,0,1.529785164,1.272288545
5800,0,2.675581139,2.469380741
5801,0,2.332476891,1.544174028
5802,0,2.397642889,2.193530753
5803,0,0.933389774,0.637568372
5804,0,1.805271870,1.167735652
5805,0,1.500487721,1.083543051
5806,0,1.883727936,1.164265312
5807,0,1.899178621,1.272638708
5808,0,2.056104722,2.059566486
5809,0,1.952819364,1.246881164
5810,0,2.100927779,1.242201944
5811,0,2.227184657,1.494934582
5812,0,2.869683781,1.829263488
5813,0,2.396195656,1.810314023
5814,0,1.860265997,1.292652584
5815,0,1.934226295,1.362300755
5816,0,2.048619947,2.141333919
5817,0,2.150142471,1.628058674
5818,0,2.924461914,1.782446781
5819,0,2.572315786,1.534710120
5820,0,2.633781318,1.566117109
5821,0,2.935021836,1.860108740
5822,0,2.157108105,2.127438476
5823,0,2.443184067,2.741669312
5824,0,2.544289763,3.557573414
5825,0,2.817696658,2.660971990
5826,0,2.774775548,2.784102348
5827,0,1.798105679,1.919547961
5828,0,1.332594430,0.552260917
5829,0,1.874439749,1.248991412
5830,0,1.954204935,2.061260726
5831,0,1.609882299,1.461905993
5832,0,2.804360224,2.605198231
5833,0,2.677071440,2.231224390
5834,0,1.424526079,1.214425009
5835,0,0.999998913,0.998772614
5836,0,1.916239628,1.935003543
5837,0,2.617087823,1.753663257
5838,0,2.932450810,2.152298410
5839,0,3.137606108,2.290228653
5840,0,3.093129925,2.851716867
5841,0,2.966295449,2.416857615
5842,0,3.253522226,2.091674765
5843,0,3.102933381,2.378069355
5844,0,3.088794450,2.971747348
5845,0,2.867918002,2.416394437
5846,0,2.567217474,1.617338004
5847,0,2.694953009,2.470372435
5848,0,2.883965722,2.082323015
5849,0,2.678373875,1.797714468
5850,0,2.560419409,1.789243614
5851,0,2.467735923,1.954977184
5852,0,2.623118640,2.656200208
5853,0,2.613033231,3.548188928
5854,0,2.790160259,2.844083755
5855,0,3.341401830,2.359758244
5856,0,3.322988857,2.225849631
5857,0,3.076568357,2.114353097
5858,0,3.168042047,2.268943380
5859,0,3.218848926,2.395946190
5860,0,2.921851187,1.919637739
5861,0,2.681880999,1.622849996
5862,0,2.505009654,1.548558799
5863,0,2.487503205,2.434314816
5864,0,2.915236377,2.565992968
5865,0,3.202798352,3.298772190
5866,0,3.510419806,2.827298915
5867,0,3.335896552,2.491697109
5868,0,2.893246933,2.110303941
5869,0,2.265010611,1.916033862
5870,0,2.590455382,2.296771314
5871,0,2.861134626,2.145550273
5872,0,1.843707374,1.414348419
5873,0,1.884415999,2.292263854
5874,0,0.873830544,1.412002950
5875,0,2.122546342,1.291616857
5876,0,2.515762425,1.387686141
5877,0,3.082481596,1.998442747
5878,0,3.348701822,1.885387462
5879,0,3.176785959,2.100479459
5880,0,3.336114599,2.263088680
5881,0,3.311497332,2.681839602
5882,0,3.372929028,2.586085024
5883,0,3.338158176,2.949626637
5884,0,3.377819791,2.790861833
5885,0,3.600184934,2.965167654
5886,0,3.501983577,3.765689338
5887,0,2.966969140,1.838865892
5888,0,2.623193660,1.261149402
5889,0,1.990968507,1.467957618
5890,0,2.831947789,2.184127339
5891,0,2.875973205,1.772881270
5892,0,3.302250291,2.233265989
5893,0,3.366478299,2.626186375
5894,0,3.344446297,2.806429544
5895,0,1.976984290,1.616667545
5896,0,1.810290930,1.083587206
5897,0,2.173386545,2.050908343
5898,0,2.974737107,2.572199279
5899,0,1.432350452,1.042808918
5900,0,2.046237399,1.067149447
5901,0,2.464793333,1.905423394
5902,0,2.894590675,2.584909529
5903,0,1.756107133,1.254073549
5904,0,2.260089019,1.260525127
5905,0,2.300698440,1.429333117
5906,0,1.980079186,1.194471558
5907,0,2.159750088,1.728098284
5908,0,2.245445196,3.155876418
5909,0,2.059179877,3.219679637
5910,0,2.360074276,2.722094288
5911,0,2.616714015,3.870490706
5912,0,2.418486430,4.224997012
5913,0,2.416999413,2.652243755
5914,0,2.184551701,3.988006138
5915,0,2.695832101,3.487363798
5916,0,2.687159061,3.019048646
5917,0,2.785250799,3.001002924
5918,0,2.909116728,3.996032981
5919,0,3.293327241,3.773209783
5920,0,3.335107428,3.266921703
5921,0,1.516659232,2.203173342
5922,0,2.202581427,1.788699583
5923,0,0.747696454,0.293104261
5924,0,0.997884573,1.054140294
5925,0,1.584962501,1.333333333
5926,0,2.206422716,1.835616438
5927,0,2.635644521,1.777777778
5928,0,2.787163292,2.458888325
5929,0,3.162336587,2.480379591
5930,0,1.973644753,1.674242263
5931,0,2.636205261,2.753884666
5932,0,2.469229855,1.757375319
5933,0,2.273280020,1.321368500
5934,0,2.906888851,2.116562418
5935,0,3.117137407,3.076695109
5936,0,3.264615628,2.630292216
5937,0,3.313723840,2.478459198
5938,0,2.606537594,2.342145584
5939,0,2.789156090,1.744057492
5940,0,2.868092003,2.164901481
5941,0,2.588516661,2.657919991
5942,0,0.825939989,0.398307151
5943,0,1.797970921,1.169855125
5944,0,1.241907370,1.363427710
5945,0,1.437676155,1.048239579
5946,0,1.533104111,1.240413000
5947,0,0.824981772,0.517668016
5948,0,1.859956425,1.678445344
5949,0,1.614926178,0.985896139
5950,0,1.293718469,0.705692853
5951,0,1.979823227,1.861358279
5952,0,1.929619233,1.028483003
5953,0,2.053196407,1.432760226
5954,0,2.237922972,2.151807081
5955,0,1.815022793,1.259319374
5956,0,2.000672688,1.065002727
5957,0,2.098217660,1.263155583
5958,0,1.773932856,1.026635120
5959,0,2.038025430,1.229419572
5960,0,2.120877211,2.290531021
5961,0,2.155164216,2.465114519
5962,0,2.175471737,1.472121656
5963,0,1.965314601,1.589775123
5964,0,2.513846685,1.485898667
5965,0,2.603218469,1.824487707
5966,0,2.632104601,1.735538937
5967,0,2.356812232,1.694565223
5968,0,2.656108661,2.547704901
5969,0,2.731200154,3.421850484
5970,0,2.611454801,3.562100548
5971,0,2.624289954,3.740770181
5972,0,2.942292582,3.619678732
5973,0,2.551037824,3.719191879
5974,0,2.701172604,2.383703023
5975,0,2.559310594,1.752563379
5976,0,2.888529538,2.203259030
5977,0,2.667754415,1.990221840
5978,0,2.115497757,2.464586866
5979,0,2.795103865,3.752249433
5980,0,3.095035315,3.762219947
5981,0,3.479847367,4.301049881
5982,0,3.756324449,5.077039522
5983,0,3.980172265,5.526416138
5984,0,3.753147150,3.736445581
5985,0,3.573536193,3.582131169
5986,0,3.613363576,3.586513929
5987,0,3.513608507,3.427738939
5988,0,3.505912121,2.891742130
5989,0,3.507435257,2.908596117
5990,0,1.852320090,1.545038405
5991,0,1.754103148,1.519898804
5992,0,2.816649995,1.938954037
5993,0,2.659812175,1.995669058
5994,0,2.432497309,1.636716015
5995,0,2.058014647,1.563590971
5996,0,2.754377413,1.982526020
5997,0,3.197271503,2.175697050
5998,0,3.126013637,2.294517136
5999,0,2.834510323,2.878552827
