0,0,5.113955360,5.731299059
1,0,4.772332301,6.395484081
2,0,4.358635836,5.582524912
3,0,4.170795469,5.184676098
4,0,3.968452843,4.816316482
5,0,4.501384056,5.569255236
6,0,4.395801829,6.305197697
7,0,4.400110484,6.012128392
8,0,3.984766779,4.831997449
9,0,3.106057105,3.550709227
10,0,2.558014959,3.030039074
11,0,1.720756630,1.857388950
12,0,2.031134186,1.007323309
13,0,1.864558450,1.897063233
14,0,1.651086907,2.944243739
15,0,1.573388181,1.985585666
16,0,2.011962498,3.029894909
17,0,2.509854133,2.098626744
18,0,1.907546701,1.185094047
19,0,2.477743691,2.119783143
20,0,1.582111103,1.023255285
21,0,1.314029346,0.320704523
22,0,1.778069759,1.050917689
23,0,0.910276397,0.189339956
24,0,1.418517048,1.008340336
25,0,1.755124758,1.042527955
26,0,1.079492582,1.029370966
27,0,1.118076694,0.407893489
28,0,1.105412480,0.999774298
29,0,1.987948415,1.205599363
30,0,1.185950848,1.032711679
31,0,-0.000000000,0.000000000
32,0,1.000000000,1.000000000
33,0,1.021928095,0.400000000
34,0,1.159955911,1.036993464
35,0,1.916242722,1.406223402
36,0,1.104364025,1.013026375
37,0,-0.000000000,0.000000000
38,0,1.000000000,1.000000000
39,0,1.021928095,0.400000000
40,0,1.244520669,1.069934641
41,0,0.354690557,1.996712559
42,0,1.185612491,1.991379294
43,0,1.997538619,2.016603535
44,0,1.439219878,2.828064125
45,0,1.452866744,2.007468454
46,0,1.454562648,1.162124619
47,0,1.269342632,1.231451886
48,0,2.348158605,1.396383199
49,0,2.391503313,1.492842403
50,0,1.914993778,1.919937356
51,0,0.382287411,0.145089789
52,0,0.257575206,0.085948289
53,0,0.435755863,0.123600639
54,0,-0.000000000,0.000000000
55,0,1.000000000,1.000000000
56,0,1.021928095,0.400000000
57,0,1.228118215,1.041111111
58,0,0.334665510,0.090549664
59,0,1.014397000,1.001586340
60,0,1.873823187,1.399803300
61,0,1.000000000,1.000000000
62,0,0.302292189,0.080000000
63,0,1.012773762,1.001377513
64,0,1.873460820,1.202352203
65,0,1.533188612,1.123717540
66,0,0.401841006,0.113516206
67,0,1.082900797,1.012160469
68,0,-0.000000000,0.000000000
69,0,1.000000000,1.000000000
70,0,1.500000000,1.000000000
71,0,1.220308818,1.039361702
72,0,-0.000000000,0.000000000
73,0,1.000000000,1.000000000
74,0,0.302292189,0.080000000
75,0,1.012773762,1.001377513
76,0,-0.000000000,0.000000000
77,0,1.000000000,1.000000000
78,0,-0.000000000,0.000000000
79,0,1.000000000,1.000000000
80,0,1.021928095,0.400000000
81,0,1.000000000,1.000000000
82,0,1.021928095,0.400000000
83,0,1.052690404,1.007034221
84,0,0.307787926,0.081766365
85,0,1.061422809,1.008429735
86,0,0.309851382,0.082366557
87,0,1.062901920,1.008784176
88,0,0.311080110,0.082845964
89,0,1.014695532,1.001842739
90,0,0.306513331,0.081254005
91,0,1.015123563,1.001933354
92,0,0.305862330,0.081345315
93,0,1.014652435,1.002283076
94,0,0.305194907,0.081336956
95,0,1.062219270,1.009102998
96,0,-0.000000000,0.000000000
97,0,1.000000000,1.000000000
98,0,1.870950594,1.200000000
99,0,1.138751800,1.022289157
100,0,1.064163411,0.423273040
101,0,1.055681397,1.007526645
102,0,1.883500884,2.000380324
103,0,1.538193102,1.125416943
104,0,0.403108747,0.113959309
105,0,1.017915198,1.002050865
106,0,0.303867503,0.080504432
107,0,1.258807572,1.048182513
108,0,1.937288084,2.002307633
109,0,1.003063515,1.001232405
110,0,1.024438180,0.401104315
111,0,1.054918292,1.007869844
112,0,1.885152060,1.213013201
113,0,1.000825673,1.000510813
114,0,0.302292189,2.000000000
115,0,1.000000000,1.000000000
116,0,0.302292189,0.080000000
117,0,1.060184319,1.008222222
118,0,-0.000000000,0.000000000
119,0,1.000000000,1.000000000
120,0,0.302292189,0.080000000
121,0,1.000000000,1.000000000
122,0,0.302292189,0.080000000
123,0,1.060184319,1.008222222
124,0,1.690110158,2.023921865
125,0,1.248145735,1.046449514
126,0,0.345330708,0.094500628
127,0,1.008514416,1.003629280
128,0,1.028679212,0.403008948
129,0,1.180164643,1.046774635
130,0,1.181922530,2.000621126
131,0,1.362621319,1.089852467
132,0,1.284609274,0.550217255
133,0,1.476198310,1.148002067
134,0,1.449731009,0.678185769
135,0,1.491226506,1.336603515
136,0,1.839917514,1.753381639
137,0,1.251666288,0.747085790
138,0,1.898023730,1.313634044
139,0,1.464492930,0.615418185
140,0,2.175496373,1.765699427
141,0,1.615572174,1.423559643
142,0,1.443959745,1.458662037
143,0,1.185782587,0.668670506
144,0,0.643941976,0.233191405
145,0,-0.000000000,0.000000000
146,0,1.000000000,1.000000000
147,0,1.021928095,0.400000000
148,0,1.036488422,1.010048802
149,0,1.031497217,0.405055762
150,0,0.999985684,0.995545162
151,0,-0.000000000,0.000000000
152,0,1.000000000,1.000000000
153,0,1.500000000,2.000000000
154,0,1.543635402,2.976143791
155,0,1.859987547,1.922334045
156,0,1.207253203,1.012900285
157,0,0.333508861,0.090043360
158,0,1.010266696,1.001973497
159,0,1.508017093,2.003396181
160,0,2.188944381,1.603700272
161,0,-0.000000000,0.000000000
162,0,1.000000000,1.000000000
163,0,1.870950594,1.200000000
164,0,1.375791478,1.080980392
165,0,0.371227795,0.102643868
166,0,0.999999753,0.999414723
167,0,-0.000000000,0.000000000
168,0,1.000000000,1.000000000
169,0,-0.000000000,0.000000000
170,0,1.000000000,1.000000000
171,0,1.021928095,1.800000000
172,0,1.036488422,1.010048802
173,0,-0.000000000,0.000000000
174,0,1.000000000,1.000000000
175,0,0.302292189,0.080000000
176,0,0.999999425,0.999107284
177,0,0.302292178,0.080000000
178,0,1.041996202,1.005381037
179,0,-0.000000000,0.000000000
180,0,1.000000000,1.000000000
181,0,-0.000000000,0.000000000
182,0,1.000000000,1.000000000
183,0,1.870950594,1.200000000
184,0,0.999853521,1.014249790
185,0,-0.000000000,0.000000000
186,0,1.000000000,1.000000000
187,0,-0.000000000,0.000000000
188,0,1.000000000,1.000000000
189,0,1.021928095,1.800000000
190,0,0.999985120,1.004541811
191,0,-0.000000000,0.000000000
192,0,1.000000000,1.000000000
193,0,0.302292189,0.080000000
194,0,1.008877014,1.000159612
195,0,1.506834421,1.002334881
196,0,1.545826498,1.185591507
197,0,2.023137260,1.406924561
198,0,0.999815443,1.021465176
199,0,1.022049138,0.400062707
200,0,1.160639885,1.035109623
201,0,1.077590031,0.430025529
202,0,1.173282272,1.033546595
203,0,0.327379877,0.088041518
204,0,1.000020298,1.000277424
205,0,0.302303742,0.080005371
206,0,1.008879575,1.000155999
207,0,1.023822280,0.400997411
208,0,1.036595073,1.000846599
209,0,0.306150200,0.081220755
210,0,1.042695182,1.005546549
211,0,0.306910123,0.081461808
212,0,1.042864011,1.007450887
213,0,-0.000000000,0.000000000
214,0,1.000000000,1.000000000
215,0,0.302292189,0.080000000
216,0,1.008877014,1.000159612
217,0,1.872828063,1.400215388
218,0,1.376542893,1.111170498
219,0,0.371407491,0.102704674
220,0,1.055001282,1.009536798
221,0,-0.000000000,0.000000000
222,0,1.000000000,1.000000000
223,0,-0.000000000,0.000000000
224,0,1.000000000,1.000000000
225,0,1.021928095,2.000000000
226,0,1.575319280,3.045926800
227,0,1.297432463,2.042092979
228,0,0.999916242,1.010775454
229,0,1.870925467,2.006465272
230,0,1.376397592,1.084177110
231,0,2.275929091,1.401269498
232,0,1.321061610,1.100713566
233,0,-0.000000000,0.000000000
234,0,1.000000000,1.000000000
235,0,0.302292189,0.080000000
236,0,1.008877014,1.001980934
237,0,0.303049604,0.080239223
238,0,1.008906805,1.000166928
239,0,1.506859025,1.002345020
240,0,1.149041074,1.054157688
241,0,0.323191154,0.086677150
242,0,1.009704085,1.002009688
243,0,-0.000000000,0.000000000
244,0,1.000000000,1.000000000
245,0,-0.000000000,0.000000000
246,0,1.000000000,1.000000000
247,0,-0.000000000,0.000000000
248,0,1.000000000,1.000000000
249,0,1.870950594,2.000000000
250,0,1.094879386,1.002520718
251,0,-0.000000000,0.000000000
252,0,1.000000000,1.000000000
253,0,0.302292189,0.080000000
254,0,1.008877014,1.001980934
255,0,1.026729455,1.800171029
256,0,1.141408433,1.045873637
257,0,0.463627627,0.173647805
258,0,1.133722549,1.095978970
259,0,0.438400090,0.190732012
260,0,1.302084078,1.179011840
261,0,1.921006589,2.003193150
262,0,1.817552172,1.633569991
263,0,2.542851544,2.665197687
264,0,1.447773908,1.493920567
265,0,0.024166873,0.004947748
266,0,0.935384721,0.402005900
267,0,0.482646792,0.159145455
268,0,0.353884067,0.107006155
269,0,0.999551280,1.024939803
270,0,1.499775640,2.024939803
271,0,1.220204812,1.051062184
272,0,0.333272141,0.090089391
273,0,1.014326630,1.001334085
274,0,-0.000000000,0.000000000
275,0,1.000000000,1.000000000
276,0,-0.000000000,0.000000000
277,0,1.000000000,1.000000000
278,0,1.870950594,2.000000000
279,0,1.138751800,1.022289157
280,0,0.319766260,0.085651291
281,0,1.000000000,1.000000000
282,0,-0.000000000,0.000000000
283,0,1.000000000,1.000000000
284,0,0.302292189,0.080000000
285,0,1.083711990,1.019354839
286,0,0.069264170,0.016589696
287,0,0.044436271,0.009744381
288,0,0.028316372,0.005727065
289,0,0.017077115,0.003180691
290,0,0.930717270,1.801908414
291,0,1.472379117,1.715729589
292,0,1.326881626,1.089412891
293,0,1.782695921,0.898241180
294,0,0.794067596,0.417515448
295,0,1.356363200,0.558586553
296,0,0.331241098,0.121918513
297,0,0.221154164,0.070953489
298,0,1.038292067,0.425227907
299,0,0.557313267,0.177819893
300,0,1.109847640,1.720519545
301,0,1.606957726,0.986270395
302,0,1.515063701,0.684419506
303,0,0.918566999,0.344415827
304,0,0.334144974,0.122680487
305,0,0.215476862,0.068156035
306,0,0.134917477,0.037611953
307,0,0.992554490,0.413437412
308,0,1.877649664,1.504762346
309,0,1.767011284,1.837490374
310,0,2.162844402,1.358897606
311,0,2.196426843,1.236768295
312,0,-0.000000000,0.000000000
313,0,1.000000000,1.000000000
314,0,0.302292189,0.080000000
315,0,1.000000000,1.000000000
316,0,1.021928095,0.400000000
317,0,1.000000000,1.000000000
318,0,0.302292189,0.080000000
319,0,1.060184319,1.008222222
320,0,1.546468512,1.013997302
321,0,1.224989277,1.040527721
322,0,0.334072008,0.090349197
323,0,1.000000000,1.000000000
324,0,1.021928095,0.400000000
325,0,1.228118215,1.041111111
326,0,1.929031819,1.266885862
327,0,1.148745910,1.024413463
328,0,0.321280934,0.086140904
329,0,1.000000000,1.000000000
330,0,0.302292189,0.080000000
331,0,1.000000000,1.000000000
332,0,0.302292189,0.080000000
333,0,1.012773762,1.001377513
334,0,0.303367094,0.080344681
335,0,1.000000000,1.000000000
336,0,0.302292189,0.080000000
337,0,1.060184319,1.008222222
338,0,-0.000000000,0.000000000
339,0,1.000000000,1.000000000
340,0,0.302292189,0.080000000
341,0,1.012773762,1.001377513
342,0,1.024571058,0.401435139
343,0,1.000000000,1.000000000
344,0,1.500000000,1.000000000
345,0,1.000000000,1.000000000
346,0,0.302292189,0.080000000
347,0,1.000000000,1.000000000
348,0,1.870950594,1.400000000
349,0,1.138751800,1.022289157
350,0,1.904985459,2.001100547
351,0,1.144300576,1.023463573
352,0,-0.000000000,0.000000000
353,0,1.000000000,1.000000000
354,0,1.870950594,1.200000000
355,0,1.138751800,1.022289157
356,0,1.064163411,2.000000000
357,0,1.814038860,3.000000000
358,0,1.466541480,2.018685215
359,0,1.296098247,2.899160500
360,0,1.953834983,1.879693777
361,0,2.118531428,1.338634388
362,0,-0.000000000,0.000000000
363,0,1.000000000,1.000000000
364,0,0.302292189,0.080000000
365,0,1.012773762,1.001377513
366,0,0.303367094,0.080344681
367,0,1.060426407,1.008262715
368,0,1.546664596,2.004092426
369,0,1.776929128,1.210970810
370,0,1.380233550,0.623777148
371,0,2.023568782,1.326467730
372,0,1.534880260,0.743267966
373,0,1.095504388,1.014579653
374,0,0.313344367,0.083551100
375,0,1.062698353,1.008646356
376,0,1.038406021,0.408988477
377,0,1.053849691,1.007224508
378,0,-0.000000000,0.000000000
379,0,1.000000000,1.000000000
380,0,0.302292189,0.080000000
381,0,1.000000000,1.000000000
382,0,1.021928095,0.400000000
383,0,1.000000000,1.000000000
384,0,1.021928095,0.400000000
385,0,1.000000000,1.000000000
386,0,-0.000000000,0.000000000
387,0,1.000000000,1.000000000
388,0,1.021928095,0.400000000
389,0,1.000000000,1.000000000
390,0,0.302292189,0.080000000
391,0,1.000000000,1.000000000
392,0,-0.000000000,0.000000000
393,0,1.000000000,1.000000000
394,0,0.302292189,0.080000000
395,0,1.000000000,1.000000000
396,0,1.021928095,1.800000000
397,0,1.784319623,1.213461538
398,0,1.385153104,0.627492130
399,0,1.081126596,1.011921259
400,0,1.044194780,0.412120686
401,0,1.054266815,1.007294063
402,0,1.035846573,0.407585960
403,0,1.231997114,1.042025805
404,0,1.100558966,0.443912097
405,0,1.000000000,1.000000000
406,0,0.302292189,0.080000000
407,0,1.000000000,1.000000000
408,0,-0.000000000,0.000000000
409,0,1.000000000,1.000000000
410,0,-0.000000000,0.000000000
411,0,1.000000000,1.000000000
412,0,1.021928095,2.000000000
413,0,1.784319623,1.213461538
414,0,2.052217958,2.008552632
415,0,1.662137989,1.170143150
416,0,1.311444515,2.000000000
417,0,1.981250792,1.932112172
418,0,2.079110348,2.011607073
419,0,1.194750536,1.034764770
420,0,0.328610604,0.088519077
421,0,1.000000000,1.000000000
422,0,-0.000000000,0.000000000
423,0,1.000000000,1.000000000
424,0,0.302292189,0.080000000
425,0,1.012773762,1.001377513
426,0,0.303367094,0.080344681
427,0,1.000000000,1.000000000
428,0,1.021928095,0.400000000
429,0,1.000000000,1.000000000
430,0,-0.000000000,0.000000000
431,0,1.000000000,1.000000000
432,0,1.021928095,0.400000000
433,0,1.052690404,1.007034221
434,0,0.307787926,0.081766365
435,0,1.262228148,1.049016779
436,0,1.113271968,0.451257811
437,0,1.059251819,1.008121792
438,0,-0.000000000,0.000000000
439,0,1.000000000,1.000000000
440,0,1.500000000,1.000000000
441,0,1.764492375,1.205555556
442,0,-0.000000000,0.000000000
443,0,1.000000000,1.000000000
444,0,1.021928095,0.400000000
445,0,1.228118215,1.041111111
446,0,1.668546004,1.063790075
447,0,1.241665610,1.044750026
448,0,-0.000000000,0.000000000
449,0,1.000000000,1.000000000
450,0,-0.000000000,0.000000000
451,0,1.000000000,1.000000000
452,0,-0.000000000,0.000000000
453,0,1.000000000,1.000000000
454,0,-0.000000000,0.000000000
455,0,1.000000000,1.000000000
456,0,-0.000000000,0.000000000
457,0,1.000000000,1.000000000
458,0,1.021928095,0.400000000
459,0,1.000000000,1.000000000
460,0,1.021928095,0.400000000
461,0,1.000000000,1.000000000
462,0,-0.000000000,0.000000000
463,0,1.000000000,1.000000000
464,0,1.021928095,0.400000000
465,0,1.052690404,1.007034221
466,0,-0.000000000,0.000000000
467,0,1.000000000,1.000000000
468,0,0.302292189,0.080000000
469,0,1.060184319,1.008222222
470,0,-0.000000000,0.000000000
471,0,1.000000000,1.000000000
472,0,-0.000000000,0.000000000
473,0,1.000000000,1.000000000
474,0,1.021928095,0.400000000
475,0,1.228118215,1.041111111
476,0,1.147018238,0.461540937
477,0,1.297656402,1.026370029
478,0,2.041171337,1.309971641
479,0,1.819596989,1.301959436
480,0,1.760844685,0.920078919
481,0,1.610877445,1.171389433
482,0,1.334752905,1.056671839
483,0,1.514261655,0.765754400
484,0,1.024640785,1.943357968
485,0,1.221671713,1.387887742
486,0,1.752259144,2.279839872
487,0,2.038366390,1.563019352
488,0,1.789766144,2.631443030
489,0,2.361464915,2.820858840
490,0,0.885868227,0.485190655
491,0,2.027832478,1.716452943
492,0,1.701049571,0.970993509
493,0,1.249359306,0.586602704
494,0,1.553304550,1.137527299
495,0,1.888912435,0.984364843
496,0,1.235023549,0.561199270
497,0,0.856306418,0.331089024
498,0,0.668238630,0.222759199
499,0,0.549328929,0.169780547
500,0,1.141728245,0.492257539
501,0,1.646634401,1.048932726
502,0,1.483214191,1.044775971
503,0,1.444558698,1.013790468
504,0,1.889885300,1.293951148
505,0,1.246391167,1.086059319
506,0,1.541790009,0.802338121
507,0,1.656118008,0.945889263
508,0,2.307208866,1.878548138
509,0,2.537624994,2.327090093
510,0,2.418692387,2.291089866
511,0,2.569435459,1.769191096
512,0,3.066099499,3.023065143
513,0,0.804004981,0.490922724
514,0,1.085296101,0.424641819
515,0,1.354569340,1.118456053
516,0,1.672597916,1.028577741
517,0,1.561019750,1.264376872
518,0,2.452775656,2.137635069
519,0,1.901572110,1.415011329
520,0,1.233487139,1.534527130
521,0,1.552169902,2.586435671
522,0,1.527716941,1.472273227
523,0,1.891053199,0.925980214
524,0,0.800995908,0.418074281
525,0,1.341571981,1.268804093
526,0,1.330135274,0.789439795
527,0,1.672270558,0.759875827
528,0,0.536426140,0.242782308
529,0,1.220116970,1.815092264
530,0,1.705310722,1.145560538
531,0,1.407698725,0.837262799
532,0,1.012089721,0.922423510
533,0,1.085629211,0.615420128
534,0,0.635813903,0.321259427
535,0,0.985509485,0.400000000
536,0,1.037859868,0.950796548
537,0,0.306533828,0.081376130
538,0,0.999999918,1.000336497
539,0,0.302292187,0.080000000
540,0,1.008877547,1.001975156
541,0,-0.000000000,0.000000000
542,0,1.000000000,1.000000000
543,0,1.870950594,1.400000000
544,0,1.094879386,1.002520718
545,0,1.051507921,0.415755879
546,0,1.038141718,1.010076765
547,0,0.306338352,0.081279869
548,0,1.009037349,1.000207476
549,0,1.023858227,2.000092773
550,0,0.999985259,0.995479395
551,0,1.021926621,1.999095879
552,0,1.159841799,1.026546426
553,0,0.325008502,0.087269378
554,0,1.198803527,1.041397729
555,0,1.094040146,0.439135469
556,0,1.040823233,1.005552817
557,0,-0.000000000,0.000000000
558,0,1.000000000,1.000000000
559,0,-0.000000000,0.000000000
560,0,1.000000000,1.000000000
561,0,1.870950594,2.000000000
562,0,0.999853521,0.985750210
563,0,0.302289259,0.080000000
564,0,1.008854328,1.002225615
565,0,0.002310912,0.000659879
566,0,1.001863302,1.000676395
567,0,1.871242112,1.400042813
568,0,1.000096027,0.985820903
569,0,0.302546618,0.080087730
570,0,1.008952087,1.002247648
571,0,0.305432822,0.080891142
572,0,1.045502474,1.009979116
573,0,1.024163432,0.579706894
574,0,1.436185363,2.874545214
575,0,1.253612645,2.511462307
576,0,1.441626379,2.657505640
577,0,1.529815296,3.540184854
578,0,2.120842190,3.759715401
579,0,2.188904071,2.928695401
580,0,1.864772578,1.879774469
581,0,1.184930747,1.358696514
582,0,1.100467268,1.041009616
583,0,0.325453266,0.089904762
584,0,1.026119815,1.007489203
585,0,1.510264963,2.001293086
586,0,0.999537720,1.025313794
587,0,-0.000000000,0.000000000
588,0,1.000000000,1.000000000
589,0,0.302292189,0.080000000
590,0,1.044481043,1.009761957
591,0,0.043260642,0.018877819
592,0,1.042892185,1.021709491
593,0,0.330699049,0.092421535
594,0,1.051739557,1.011551017
595,0,0.889680700,0.558759890
596,0,1.729623902,1.091977729
597,0,1.480050420,1.378079987
598,0,1.707680365,2.257338517
599,0,1.904390873,1.675469206
600,0,1.813935991,2.271680557
601,0,1.036136522,2.932908534
602,0,0.412214518,0.160749425
603,0,0.545918456,0.168139878
604,0,1.846766706,1.343238022
605,0,2.129364300,1.799902912
606,0,0.338057268,0.501571943
607,0,1.260275012,1.367479606
608,0,0.683540890,0.635891565
609,0,1.339982133,1.439348225
610,0,0.411046675,0.195484814
611,0,1.087541865,1.026517315
612,0,0.314922257,0.086274556
613,0,1.004473848,1.002652082
614,0,1.026772504,0.403258272
615,0,1.004999226,1.003401958
616,0,1.500669839,2.000273305
617,0,1.220563703,1.039456469
618,0,0.376386928,0.109131914
619,0,1.112692253,1.031501831
620,0,1.068143337,0.427549178
621,0,1.030156066,1.014533483
622,0,0.307062611,0.082026409
623,0,1.280672406,1.140281187
624,0,1.240889362,1.051841982
625,0,0.816647600,0.502295541
626,0,1.400041823,1.481092428
627,0,1.478886100,1.054270809
628,0,1.459377267,0.707323130
629,0,1.427423415,1.275995841
630,0,-0.000000000,0.000000000
631,0,1.000000000,1.000000000
632,0,-0.000000000,0.000000000
633,0,1.000000000,1.000000000
634,0,-0.000000000,0.000000000
635,0,1.000000000,1.000000000
636,0,1.021928095,0.400000000
637,0,1.000000000,1.000000000
638,0,-0.000000000,0.000000000
639,0,1.000000000,1.000000000
640,0,-0.000000000,0.000000000
641,0,1.000000000,1.000000000
642,0,0.302292189,0.080000000
643,0,1.012773762,1.001377513
644,0,1.025497140,0.401630653
645,0,1.000934339,1.000279990
646,0,0.302476506,0.080061679
647,0,1.000000000,0.999999266
648,0,0.302292189,0.080000000
649,0,1.000000000,0.999999988
650,0,1.870950594,1.400000000
651,0,1.000000000,0.999999997
652,0,0.302292189,0.080000000
653,0,1.048419662,1.009171844
654,0,1.904800689,2.000418062
655,0,1.560137905,1.131550518
656,0,0.531860186,0.186585646
657,0,1.108404847,1.028555618
658,0,1.471986912,1.636706364
659,0,1.762331187,2.390665026
660,0,1.485675807,0.597736877
661,0,2.140085085,1.512449604
662,0,1.319690626,1.631831452
663,0,1.609462980,0.892290212
664,0,2.080519904,1.764460598
665,0,1.712520093,0.995534362
666,0,1.255822543,0.597196756
667,0,0.765120797,0.339472281
668,0,0.706344740,0.244090724
669,0,1.221086823,1.864631407
670,0,1.462628785,0.875487189
671,0,2.350578150,1.457316095
672,0,1.419134642,1.419914150
673,0,0.695915760,1.625383307
674,0,1.763081648,1.209446623
675,0,1.553201826,1.226145419
676,0,0.903158517,0.637758500
677,0,1.012243947,0.400000000
678,0,0.999483320,1.026761637
679,0,1.021876427,0.400000000
680,0,1.036665707,1.003176569
681,0,1.616774127,2.026115484
682,0,1.583334236,3.037547039
683,0,1.301647948,2.042984170
684,0,0.999911203,1.011094860
685,0,0.302290413,0.080000000
686,0,1.008894532,1.001790423
687,0,-0.000000000,0.000000000
688,0,1.000000000,1.000000000
689,0,1.021928095,2.000000000
690,0,1.159955911,1.026993464
691,0,-0.000000000,0.000000000
692,0,1.000000000,1.000000000
693,0,-0.000000000,0.000000000
694,0,1.000000000,1.000000000
695,0,1.021928095,0.400000000
696,0,1.036488422,1.010048802
697,0,-0.000000000,0.000000000
698,0,1.000000000,1.000000000
699,0,-0.000000000,0.000000000
700,0,1.000000000,1.000000000
701,0,-0.000000000,0.000000000
702,0,1.000000000,1.000000000
703,0,0.302292189,0.080000000
704,0,1.042002482,1.005398693
705,0,-0.000000000,0.000000000
706,0,1.000000000,1.000000000
707,0,-0.000000000,0.000000000
708,0,1.000000000,1.000000000
709,0,1.500000000,2.000000000
710,0,1.148484269,1.054186603
711,0,-0.000000000,0.000000000
712,0,1.000000000,1.000000000
713,0,0.302292189,0.080000000
714,0,1.008877014,1.000159612
715,0,1.023819627,0.400996265
716,0,1.036593315,1.000846404
717,0,0.306149491,0.081220463
718,0,1.009028923,1.000197492
719,0,1.023856225,0.401015270
720,0,0.999985252,1.004521580
721,0,0.302291894,0.080000000
722,0,1.041970640,1.005309266
723,0,1.533074285,2.010739540
724,0,0.999651292,0.978014262
725,0,0.302285215,0.080000000
726,0,1.041846865,1.007799322
727,0,-0.000000000,0.000000000
728,0,1.000000000,1.000000000
729,0,-0.000000000,0.000000000
730,0,1.000000000,1.000000000
731,0,1.021928095,1.800000000
732,0,1.159955911,1.026993464
733,0,0.325026163,0.087275700
734,0,1.009811919,1.000776777
735,0,1.873053435,1.201817373
736,0,1.095141339,1.002839155
737,0,1.896667642,1.225290871
738,0,1.098310496,1.030849246
739,0,1.052763003,1.796779919
740,0,1.167007157,1.038348796
741,0,0.326259590,0.087673282
742,0,1.046495449,1.007661974
743,0,1.882580278,1.210854586
744,0,1.381165989,1.085179134
745,0,0.372503590,0.103080011
746,0,1.011807402,1.002200581
747,0,0.303335555,2.000109868
748,0,1.008921718,1.000207657
749,0,0.303053846,0.080240560
750,0,0.999999430,1.000888821
751,0,1.021928038,0.400000000
752,0,1.036482364,1.010126195
753,0,0.306136142,0.081216250
754,0,1.184761633,1.036833339
755,0,0.329518370,0.088736782
756,0,1.010005654,1.000979768
757,0,0.303158139,0.080273366
758,0,1.008912547,1.000183329
759,0,1.023828120,0.401000697
760,0,0.999985247,1.004522428
761,0,-0.000000000,0.000000000
762,0,1.000000000,1.000000000
763,0,0.302292189,2.000000000
764,0,0.999999425,0.999107284
765,0,-0.000000000,0.000000000
766,0,1.000000000,1.000000000
767,0,-0.000000000,0.000000000
768,0,1.000000000,1.000000000
769,0,1.021928095,0.400000000
770,0,1.036488422,1.000809672
771,0,-0.000000000,0.000000000
772,0,1.000000000,1.000000000
773,0,0.302292189,0.080000000
774,0,1.008877014,1.000159612
775,0,0.303049604,0.080239223
776,0,1.008906805,1.000166928
777,0,1.023826797,0.400999989
778,0,0.999985236,1.004524081
779,0,0.302291894,0.080000000
780,0,1.041970623,1.007481132
781,0,0.306819692,0.081433216
782,0,0.999999536,1.000802238
783,0,0.302292180,0.080000000
784,0,1.041996838,1.005382826
785,0,0.306822655,0.081434226
786,0,1.042846834,1.005659284
787,0,0.306928802,0.081467785
788,0,1.009067196,1.000287614
789,0,1.023865138,2.000111660
790,0,1.036596813,1.000859338
791,0,0.306149897,0.081220593
792,0,0.999999445,1.000876757
793,0,-0.000000000,0.000000000
794,0,1.000000000,1.000000000
795,0,0.302292189,0.080000000
796,0,1.008877014,1.001980934
797,0,-0.000000000,0.000000000
798,0,1.000000000,1.000000000
799,0,-0.000000000,0.000000000
800,0,1.000000000,1.000000000
801,0,-0.000000000,0.000000000
802,0,1.000000000,1.000000000
803,0,0.302292189,0.080000000
804,0,1.042002482,1.005398693
805,0,0.306823294,0.081434444
806,0,1.009062471,1.001911807
807,0,-0.000000000,0.000000000
808,0,1.000000000,1.000000000
809,0,1.021928095,0.400000000
810,0,0.999985120,1.004541811
811,0,1.870946130,1.200000000
812,0,1.094779984,1.032514543
813,0,1.776507054,2.031672826
814,0,0.999611738,1.023199081
815,0,-0.000000000,0.000000000
816,0,1.000000000,1.000000000
817,0,0.302292189,0.080000000
818,0,1.042002482,1.005398693
819,0,0.306823294,0.081434444
820,0,0.999999539,1.000799228
821,0,1.870950456,2.000479537
822,0,1.375745806,1.111198848
823,0,-0.000000000,0.000000000
824,0,1.000000000,1.000000000
825,0,0.302292189,0.080000000
826,0,0.999999425,0.999107284
827,0,0.302292178,0.080000000
828,0,0.999999405,0.999092142
829,0,1.021928035,1.999818428
830,0,0.999984602,0.995379865
831,0,1.870945975,1.400000000
832,0,1.094778249,1.001248677
833,0,0.316452125,0.084451007
834,0,1.070301640,1.014962896
835,0,0.351448281,0.100932722
836,0,1.264562258,1.064215413
837,0,1.702729549,1.071695877
838,0,1.189030365,1.012177508
839,0,0.396435763,0.121173151
840,0,1.091182753,1.020158428
841,0,1.040837216,0.586712844
842,0,0.675695057,0.224219655
843,0,1.714273010,1.254163256
844,0,1.577803179,1.357631067
845,0,1.129743436,0.580486120
846,0,0.590653654,0.206067708
847,0,1.116551141,1.681971827
848,0,1.326337908,1.483126386
849,0,1.401135814,1.306197673
850,0,1.375465363,0.666197979
851,0,0.906122441,0.407200505
852,0,0.328560484,0.091482951
853,0,1.014248029,1.015404945
854,0,0.303537807,0.080400382
855,0,1.012835946,1.001105945
856,0,1.509851893,2.000347004
857,0,1.913109390,2.999898619
858,0,1.584054598,1.999705676
859,0,1.817485964,1.233732799
860,0,1.992544959,1.267167272
861,0,1.305247867,1.062132992
862,0,1.131186550,1.999779001
863,0,0.999999994,0.999908252
864,0,1.499999997,1.000000000
865,0,1.764492374,1.205596842
866,0,1.953118793,2.064370299
867,0,1.948928095,1.950872710
868,0,1.482396597,2.001148694
869,0,2.090613968,1.365200014
870,0,1.579343105,0.781204770
871,0,0.999999922,1.000328056
872,0,1.870950571,1.200000000
873,0,1.138751794,1.022202004
874,0,-0.000000000,0.000000000
875,0,1.000000000,1.000000000
876,0,1.500000000,1.000000000
877,0,1.764492375,1.205555556
878,0,2.157870405,1.536376417
879,0,1.801866648,1.270337027
880,0,0.770493266,0.920006088
881,0,1.534849744,1.279325346
882,0,1.321679211,0.702158907
883,0,1.289376059,1.208169267
884,0,1.290310783,0.714721272
885,0,1.152805474,1.188941357
886,0,1.021927982,0.400000000
887,0,0.999999992,0.999896605
888,0,-0.000000000,0.000000000
889,0,1.000000000,1.000000000
890,0,1.500000000,2.000000000
891,0,1.905928216,1.642857143
892,0,1.776700037,2.025299401
893,0,1.265706608,1.992183703
894,0,2.168303268,2.132786543
895,0,1.355035903,1.076203178
896,0,1.967315258,1.311495949
897,0,1.156331423,1.026789508
898,0,0.322436406,0.086512882
899,0,1.064753915,1.009010631
900,0,1.039038052,0.409331984
901,0,1.232891914,1.042234528
902,0,0.335509566,0.090827740
903,0,1.000000000,0.999999873
904,0,1.870950594,1.400000000
905,0,1.000000000,0.999999966
906,0,-0.000000000,0.000000000
907,0,1.000000000,1.000000000
908,0,0.302292189,0.080000000
909,0,1.000000000,1.000000000
910,0,0.302292189,0.080000000
911,0,1.000000000,1.000000000
912,0,1.021928095,0.400000000
913,0,1.000000000,1.000000000
914,0,-0.000000000,0.000000000
915,0,1.000000000,1.000000000
916,0,-0.000000000,0.000000000
917,0,1.000000000,1.000000000
918,0,1.021928095,0.400000000
919,0,1.228118215,1.041111111
920,0,0.334665510,0.090549664
921,0,1.014397000,1.001586340
922,0,1.026019680,1.799684832
923,0,1.313681459,1.074474318
924,0,0.364971989,0.101933906
925,0,1.019159143,1.003891216
926,0,0.303750896,0.080464091
927,0,1.012847826,1.001426879
928,0,-0.000000000,0.000000000
929,0,1.000000000,1.000000000
930,0,-0.000000000,0.000000000
931,0,1.000000000,1.000000000
932,0,1.021928095,0.400000000
933,0,1.000000000,1.000000000
934,0,1.021928095,0.400000000
935,0,1.000000000,1.000000000
936,0,0.302292189,0.080000000
937,0,1.000000000,1.000000000
938,0,1.021928095,1.800000000
939,0,1.052690404,1.007034221
940,0,1.540702475,1.012017043
941,0,1.224434079,1.040389596
942,0,-0.000000000,0.000000000
943,0,1.000000000,1.000000000
944,0,0.302292189,0.080000000
945,0,1.012773762,1.001377513
946,0,0.303367094,0.080344681
947,0,1.012827240,1.001384331
948,0,1.024583561,2.000000000
949,0,1.906260228,3.000000000
950,0,2.257478942,2.134202341
951,0,1.000000000,1.000000000
952,0,0.302292189,0.080000000
953,0,1.060184319,1.008222222
954,0,0.308717777,0.082066230
955,0,1.013093875,1.001418389
956,0,0.303397451,0.080354370
957,0,1.012828771,1.001384528
958,0,-0.000000000,0.000000000
959,0,1.000000000,1.000000000
960,0,-0.000000000,0.000000000
961,0,1.000000000,1.000000000
962,0,-0.000000000,0.000000000
963,0,1.000000000,1.000000000
964,0,1.870950594,1.200000000
965,0,1.532052555,1.123333333
966,0,1.847974610,1.156688242
967,0,1.000000000,1.000000000
968,0,0.302292189,0.080000000
969,0,1.000000000,1.000000000
970,0,1.870950594,1.400000000
971,0,1.138751800,1.022289157
972,0,1.904985459,1.237092993
973,0,1.001578605,1.000350666
974,0,1.023219061,2.000187026
975,0,1.053832991,1.007430472
976,0,1.542013193,2.003758376
977,0,1.941964089,3.009432323
978,0,2.273187562,2.144245316
979,0,2.625686064,3.016119839
980,0,2.961581804,2.640112020
981,0,2.527340344,2.036926911
982,0,1.931233240,1.708949511
983,0,1.612476756,1.176962000
984,0,-0.000000000,0.000000000
985,0,1.000000000,1.000000000
986,0,1.870950594,2.000000000
987,0,1.138751800,1.022289157
988,0,0.322015486,0.086317345
989,0,1.283510391,1.054331533
990,0,1.118921007,1.999154301
991,0,0.999999911,0.999649153
992,0,0.302292187,0.080000000
993,0,1.060184319,1.008228537
994,0,-0.000000000,0.000000000
995,0,1.000000000,1.000000000
996,0,1.870950594,1.200000000
997,0,1.000000000,1.000000000
998,0,1.021928095,0.400000000
999,0,1.228118215,1.041111111
1000,0,1.929031819,2.001984500
1001,0,1.000000000,1.000000000
1002,0,1.500000000,2.000000000
1003,0,1.905928216,1.642857143
1004,0,1.776700037,1.329491018
1005,0,1.265706608,1.051933014
1006,0,-0.000000000,0.000000000
1007,0,1.000000000,1.000000000
1008,0,-0.000000000,0.000000000
1009,0,1.000000000,1.000000000
1010,0,0.302292189,0.080000000
1011,0,1.060184319,1.008222222
1012,0,0.308717777,0.082066230
1013,0,1.000000000,1.000000000
1014,0,0.302292189,0.080000000
1015,0,1.038594890,1.010875847
1016,0,-0.000000000,0.000000000
1017,0,1.000000000,1.000000000
1018,0,-0.000000000,0.000000000
1019,0,1.000000000,1.000000000
1020,0,1.021928095,0.400000000
1021,0,1.304143557,1.100000000
1022,0,1.715936774,1.474609425
1023,0,1.120975654,1.711987811
1024,0,1.587775141,3.336154693
1025,0,0.879444485,3.732905069
1026,0,1.977380054,4.689167222
1027,0,1.779103469,1.403132375
1028,0,1.513583249,1.146574291
1029,0,1.626570498,1.190659283
1030,0,1.466172865,1.415169566
1031,0,1.660397938,1.888263734
1032,0,1.597446241,2.845989349
1033,0,1.895767718,2.533322581
1034,0,1.878104670,1.968992887
1035,0,2.235292226,2.656162100
1036,0,2.664249665,2.036469123
1037,0,2.091878905,2.607661539
1038,0,1.712085763,2.971119714
1039,0,0.782951342,2.049846941
1040,0,1.211932213,1.793907961
1041,0,1.646047385,1.029263055
1042,0,1.424097185,0.739712084
1043,0,1.251018001,0.575728000
1044,0,0.993541989,1.094548073
1045,0,1.869013191,2.056728844
1046,0,1.096414457,1.028582549
1047,0,0.314478633,0.083884411
1048,0,0.999999928,0.999683786
1049,0,1.499999964,1.999683786
1050,0,0.999547683,0.974960465
1051,0,-0.000000000,0.000000000
1052,0,1.000000000,1.000000000
1053,0,1.021928095,0.400000000
1054,0,0.999985120,1.004541811
1055,0,0.302291891,0.080000000
1056,0,1.008869806,1.000080436
1057,0,0.303048994,0.080239017
1058,0,0.999999427,0.999108664
1059,0,1.499999713,1.999108664
1060,0,1.148446573,1.003940920
1061,0,0.323095270,0.086646346
1062,0,0.999999516,0.999181257
1063,0,0.302292179,0.080000000
1064,0,1.008875716,1.001994993
1065,0,1.023819371,0.400996111
1066,0,0.999985222,1.004526138
1067,0,0.302291894,0.080000000
1068,0,1.041970608,1.007481169
1069,0,0.306819691,0.081433216
1070,0,0.999999536,0.999197760
1071,0,0.302292180,0.080000000
1072,0,1.008875742,1.000145626
1073,0,1.506833079,1.002334912
1074,0,1.545258094,1.185461287
1075,0,-0.000000000,0.000000000
1076,0,1.000000000,1.000000000
1077,0,1.021928095,0.400000000
1078,0,1.159955911,1.026993464
1079,0,-0.000000000,0.000000000
1080,0,1.000000000,1.000000000
1081,0,1.021928095,0.400000000
1082,0,1.036488422,1.000809672
1083,0,0.306136756,0.081216458
1084,0,0.999999444,1.000877595
1085,0,0.302292178,0.080000000
1086,0,1.008875623,1.001996003
1087,0,1.872827799,1.201624398
1088,0,1.095099410,1.002639107
1089,0,0.314314262,0.083821759
1090,0,1.009351507,1.001998970
1091,0,-0.000000000,0.000000000
1092,0,1.000000000,1.000000000
1093,0,1.021928095,1.800000000
1094,0,0.999985120,0.995458189
1095,0,1.499992560,1.995458189
1096,0,1.148289445,1.002200044
1097,0,0.323080638,0.086641189
1098,0,1.045725323,1.008061575
1099,0,1.034368211,0.406572627
1100,0,0.999988453,1.004000876
1101,0,1.021926940,2.000800175
1102,0,1.036461068,1.010397169
1103,0,1.031490865,0.405051872
1104,0,0.999985451,1.004491054
1105,0,1.021926640,0.400000000
1106,0,1.036457702,1.000412513
1107,0,0.306133655,0.081215405
1108,0,1.042688811,1.005536006
1109,0,-0.000000000,0.000000000
1110,0,1.000000000,1.000000000
1111,0,1.021928095,0.400000000
1112,0,1.159955911,1.036993464
1113,0,0.325026163,1.958182045
1114,0,0.999999874,0.999581664
1115,0,0.302292187,0.080000000
1116,0,1.182000615,1.039119556
1117,0,0.329015658,0.088573955
1118,0,0.999999952,0.999740757
1119,0,1.499999976,1.999740757
1120,0,0.999548655,0.974987372
1121,0,1.021882960,0.400000000
1122,0,1.036313785,1.012226544
1123,0,1.879783749,2.000531999
1124,0,0.999846233,1.014599939
1125,0,0.302289114,0.080000000
1126,0,1.008853767,1.002231627
1127,0,-0.000000000,0.000000000
1128,0,1.000000000,1.000000000
1129,0,1.021928095,1.800000000
1130,0,1.575319280,1.166351830
1131,0,0.428773819,0.122842456
1132,0,1.014243251,0.999529078
1133,0,-0.000000000,0.000000000
1134,0,1.000000000,1.000000000
1135,0,1.870950594,1.400000000
1136,0,0.999853521,0.985750210
1137,0,1.499926760,1.985750210
1138,0,1.147850119,0.997571662
1139,0,-0.000000000,0.000000000
1140,0,1.000000000,1.000000000
1141,0,-0.000000000,0.000000000
1142,0,1.000000000,1.000000000
1143,0,-0.000000000,0.000000000
1144,0,1.000000000,1.000000000
1145,0,0.302292189,0.080000000
1146,0,1.042002482,1.005398693
1147,0,0.306823294,0.081434444
1148,0,0.999999539,0.999200772
1149,0,1.870950456,1.400000000
1150,0,0.999849042,1.014466014
1151,0,-0.000000000,0.000000000
1152,0,1.000000000,1.000000000
1153,0,0.302292189,0.080000000
1154,0,1.042002482,1.005398693
1155,0,1.033196137,0.405959040
1156,0,1.037145118,1.009672014
1157,0,0.306216020,0.081241468
1158,0,0.999999459,1.000866180
1159,0,1.870950432,1.400000000
1160,0,1.094860610,1.031519119
1161,0,0.314279739,0.083810769
1162,0,1.009349476,1.002005669
1163,0,1.872942665,1.400239058
1164,0,1.095115809,1.002677112
1165,0,-0.000000000,0.000000000
1166,0,1.000000000,1.000000000
1167,0,1.021928095,0.400000000
1168,0,1.036488422,1.000809672
1169,0,1.031497217,0.405055762
1170,0,0.999985684,1.004454838
1171,0,0.302291903,0.080000000
1172,0,1.181891105,1.039218600
1173,0,-0.000000000,0.000000000
1174,0,1.000000000,1.000000000
1175,0,0.302292189,0.080000000
1176,0,1.008877014,1.000159612
1177,0,0.303049604,0.080239223
1178,0,1.182554477,1.039250933
1179,0,1.086999532,0.435228969
1180,0,1.040367093,1.007434843
1181,0,1.880901449,1.996249313
1182,0,1.096225686,1.029996382
1183,0,1.051986994,0.416011111
1184,0,1.038183508,1.009898435
1185,0,0.306343191,0.081281427
1186,0,1.009037886,1.000211422
1187,0,0.303065009,0.080244056
1188,0,0.999999430,1.000888871
1189,0,-0.000000000,0.000000000
1190,0,1.000000000,1.000000000
1191,0,-0.000000000,0.000000000
1192,0,1.000000000,1.000000000
1193,0,0.302292189,2.000000000
1194,0,0.999999425,0.999107284
1195,0,1.499999713,1.000000000
1196,0,1.543560498,1.134525922
1197,0,0.418692156,0.119199590
1198,0,1.013772132,1.000103776
1199,0,1.025033670,0.401630679
1200,0,1.036685841,1.001181057
1201,0,1.031555464,0.405086646
1202,0,1.037026335,1.010021344
1203,0,0.306202089,0.081237014
1204,0,1.009031335,1.000201026
1205,0,0.303064390,1.959939287
1206,0,1.008907461,1.001981587
1207,0,1.024755751,2.000026619
1208,0,1.139896487,2.949350112
1209,0,0.462621791,3.906832021
1210,0,1.133097082,4.905204640
1211,0,2.011492293,5.902236475
1212,0,1.287700468,4.845121658
1213,0,1.310845942,5.786609937
1214,0,1.817275991,6.749650048
1215,0,2.270940325,7.555958395
1216,0,1.182042763,8.662999273
1217,0,0.298499537,9.613628300
1218,0,1.198657551,8.678585868
1219,0,2.254964269,7.297604369
1220,0,1.458514141,8.211215504
1221,0,2.465370905,7.281398522
1222,0,1.663907766,7.202377897
1223,0,1.263215787,6.361575892
1224,0,1.546076872,3.601119618
1225,0,1.334906114,1.724595895
1226,0,1.426124375,1.092594131
1227,0,1.365008308,1.628627900
1228,0,2.407380525,2.596304744
1229,0,1.651374949,2.187342568
1230,0,0.929041620,1.821597356
1231,0,1.546202982,2.560362714
1232,0,1.541609792,1.027239522
1233,0,1.045056763,1.034927983
1234,0,0.351329196,0.122943763
1235,0,1.271124697,1.056185996
1236,0,0.072107187,0.065700030
1237,0,1.063502592,1.063605419
1238,0,0.318976922,0.092838186
1239,0,1.071879866,1.016285140
1240,0,-0.000000000,0.000000000
1241,0,1.000000000,1.000000000
1242,0,-0.000000000,0.000000000
1243,0,1.000000000,1.000000000
1244,0,0.302292189,0.080000000
1245,0,1.257422929,1.047844828
1246,0,1.936898942,1.393614425
1247,0,1.150362151,1.024761650
1248,0,1.068384639,0.425590334
1249,0,1.055991395,1.007581830
1250,0,-0.000000000,0.000000000
1251,0,1.000000000,1.000000000
1252,0,1.021928095,0.400000000
1253,0,1.000000000,1.000000000
1254,0,0.302292189,0.080000000
1255,0,1.012773762,1.001377513
1256,0,0.303367094,0.080344681
1257,0,1.060426407,1.008262715
1258,0,-0.000000000,0.000000000
1259,0,1.000000000,1.000000000
1260,0,-0.000000000,0.000000000
1261,0,1.000000000,1.000000000
1262,0,1.021928095,0.400000000
1263,0,1.784319623,1.213461538
1264,0,1.385153104,0.627492130
1265,0,1.336749569,1.068505888
1266,0,0.355334332,0.097427384
1267,0,1.072290753,1.010294332
1268,0,1.887761934,1.217198891
1269,0,1.000000000,1.000000000
1270,0,0.302292189,0.080000000
1271,0,1.060184319,1.008222222
1272,0,0.309673025,0.082309867
1273,0,1.014193325,1.001750605
1274,0,1.878042542,1.203169986
1275,0,1.536532526,1.124320460
1276,0,0.123794103,0.067015216
1277,0,1.096277567,1.068445022
1278,0,1.053724663,0.414641602
1279,0,1.190597396,1.063464984
1280,0,0.176417861,0.102915056
1281,0,1.000000000,1.000000000
1282,0,0.897880003,0.384158416
1283,0,1.471225776,0.860454021
1284,0,0.571454638,0.205893325
1285,0,-0.000000000,0.000000000
1286,0,1.570950594,1.400000000
1287,0,1.384420312,1.486440678
1288,0,1.481039037,2.124201504
1289,0,1.666449379,3.095245666
1290,0,1.900187713,4.418248775
1291,0,2.132568038,3.173217747
1292,0,1.264002317,2.040957367
1293,0,2.296093740,3.003690656
1294,0,0.920867038,1.351236239
1295,0,1.379094202,2.577783923
1296,0,2.393339530,3.518517289
1297,0,2.062787833,2.494986624
1298,0,1.337475568,1.309462211
1299,0,2.158342368,1.350045147
1300,0,1.368080773,0.612436678
1301,0,-0.000000000,0.000000000
1302,0,1.000000000,1.000000000
1303,0,0.302292189,0.080000000
1304,0,1.008877014,1.001980934
1305,0,0.303049604,1.959940226
1306,0,1.042138368,1.007420853
1307,0,0.306840303,0.081439804
1308,0,1.009063196,1.001911459
1309,0,1.023864192,0.401019524
1310,0,1.036596716,1.010039340
1311,0,1.528826922,1.011754057
1312,0,1.551782593,1.139794245
1313,0,1.283078492,0.554084565
1314,0,0.999948086,1.008483317
1315,0,0.302291151,0.080000000
1316,0,0.999999596,1.000748831
1317,0,1.021928054,0.400000000
1318,0,0.999984694,1.004606416
1319,0,0.302291883,0.080000000
1320,0,0.999999320,1.000970845
1321,0,1.021928027,2.000194169
1322,0,1.575257375,1.942376770
1323,0,2.028435150,1.429287332
1324,0,1.476352239,1.164301641
1325,0,-0.000000000,0.000000000
1326,0,1.000000000,1.000000000
1327,0,-0.000000000,0.000000000
1328,0,1.000000000,1.000000000
1329,0,1.500000000,1.000000000
1330,0,1.148484269,1.054186603
1331,0,0.323098826,1.958338985
1332,0,1.009699681,1.002015546
1333,0,0.303128889,0.080264089
1334,0,1.008910287,1.001979383
1335,0,0.303052786,0.080240221
1336,0,1.042139028,1.007420761
1337,0,-0.000000000,0.000000000
1338,0,1.000000000,1.000000000
1339,0,-0.000000000,0.000000000
1340,0,1.000000000,1.000000000
1341,0,-0.000000000,0.000000000
1342,0,1.000000000,1.000000000
1343,0,1.021928095,0.400000000
1344,0,1.575319280,1.180401417
1345,0,0.428773819,0.122842456
1346,0,1.014243251,1.004189422
1347,0,-0.000000000,0.000000000
1348,0,1.000000000,1.000000000
1349,0,1.870950594,1.200000000
1350,0,1.094879386,1.002520718
1351,0,1.051507921,0.415755879
1352,0,1.166660541,1.038453443
1353,0,0.326199594,0.087653704
1354,0,0.999999892,0.999613775
1355,0,-0.000000000,0.000000000
1356,0,1.000000000,1.000000000
1357,0,1.021928095,1.800000000
1358,0,1.159955911,1.036993464
1359,0,0.325026163,0.087275700
1360,0,1.009811919,1.000776777
1361,0,0.303139418,0.080267465
1362,0,1.008911446,1.001971095
1363,0,1.872836343,1.201631725
1364,0,0.999855085,0.985826496
1365,0,-0.000000000,0.000000000
1366,0,1.000000000,1.000000000
1367,0,-0.000000000,0.000000000
1368,0,1.000000000,1.000000000
1369,0,1.021928095,0.400000000
1370,0,1.036488422,1.000809672
1371,0,1.879816967,1.208201663
1372,0,1.379577278,1.082782755
1373,0,1.981597055,1.417985446
1374,0,1.113709083,1.029951028
1375,0,0.317125267,0.084721823
1376,0,0.999999925,1.000322703
1377,0,1.870950572,2.000193622
1378,0,1.094872401,1.031371929
1379,0,0.314280946,0.083811188
1380,0,1.009349794,1.002002599
1381,0,0.303308206,0.080297221
1382,0,1.066980857,1.014049887
1383,0,0.313714719,0.083606744
1384,0,1.047716964,1.008198740
1385,0,1.036304501,0.407370732
1386,0,1.001821237,0.997109810
1387,0,-0.000000000,0.000000000
1388,0,1.000000000,1.000000000
1389,0,-0.000000000,0.000000000
1390,0,1.000000000,1.000000000
1391,0,1.870950594,1.400000000
1392,0,1.094879386,1.031284530
1393,0,-0.000000000,0.000000000
1394,0,1.000000000,1.000000000
1395,0,1.021928095,0.400000000
1396,0,0.999985120,0.995458189
1397,0,0.302291891,0.080000000
1398,0,1.041970498,1.005308866
1399,0,1.033187859,2.001346697
1400,0,1.037143581,1.001407078
1401,0,-0.000000000,0.000000000
1402,0,1.000000000,1.000000000
1403,0,0.302292189,0.080000000
1404,0,1.008877014,1.001980934
1405,0,1.023819627,0.400996265
1406,0,1.160382413,1.037085781
1407,0,0.325100347,0.087299580
1408,0,0.999999875,0.999583693
1409,0,1.870950557,1.999750216
1410,0,1.375767700,1.080856888
1411,0,0.371223047,0.102641981
1412,0,1.232610637,1.052669164
1413,0,-0.000000000,0.000000000
1414,0,1.000000000,1.000000000
1415,0,1.870950594,1.200000000
1416,0,1.094879386,1.031284530
1417,0,-0.000000000,0.000000000
1418,0,1.000000000,1.000000000
1419,0,-0.000000000,0.000000000
1420,0,1.000000000,1.000000000
1421,0,1.021928095,0.400000000
1422,0,1.036488422,1.000809672
1423,0,0.306136756,0.081216458
1424,0,1.042692534,1.007511377
1425,0,1.033411720,0.406071934
1426,0,1.162665837,1.037141403
1427,0,1.078456242,0.430477454
1428,0,0.999997228,1.001960255
1429,0,1.870949763,1.200000000
1430,0,1.094836772,1.001980993
1431,0,-0.000000000,0.000000000
1432,0,1.000000000,1.000000000
1433,0,1.500000000,1.000000000
1434,0,1.148484269,1.004366029
1435,0,0.323098826,0.086647605
1436,0,0.999999527,1.000810053
1437,0,-0.000000000,0.000000000
1438,0,1.000000000,1.000000000
1439,0,1.021928095,1.800000000
1440,0,1.575319280,1.180401417
1441,0,0.428773819,0.122842456
1442,0,1.066104933,1.008535274
1443,0,-0.000000000,0.000000000
1444,0,1.000000000,1.000000000
1445,0,0.302292189,0.080000000
1446,0,0.999999425,1.000892716
1447,0,0.302292178,0.080000000
1448,0,1.041996202,1.005381037
1449,0,0.318232092,0.085350912
1450,0,1.079898506,1.023554313
1451,0,1.418931919,1.841178169
1452,0,1.093631241,1.860842418
1453,0,1.560259595,2.686501764
1454,0,1.057031395,0.442248063
1455,0,1.464094031,1.519050320
1456,0,1.046534231,0.459364978
1457,0,0.797653462,0.292633487
1458,0,1.843892588,1.316534087
1459,0,1.226904720,0.557711579
1460,0,0.651317877,0.216370901
1461,0,0.445991137,0.130865880
1462,0,0.334141977,0.098535768
1463,0,0.999661229,1.021670238
1464,0,-0.000000000,0.000000000
1465,0,1.000000000,1.000000000
1466,0,0.302292189,0.080000000
1467,0,1.012773762,1.001377513
1468,0,-0.000000000,0.000000000
1469,0,1.000000000,1.000000000
1470,0,1.021928095,1.800000000
1471,0,1.000000000,1.000000000
1472,0,1.870950594,1.400000000
1473,0,2.305215896,1.504545455
1474,0,1.750420183,0.955185659
1475,0,1.000000000,1.000000000
1476,0,1.870950594,2.000000000
1477,0,1.138751800,1.022289157
1478,0,-0.000000000,0.000000000
1479,0,1.000000000,1.000000000
1480,0,-0.000000000,0.000000000
1481,0,1.000000000,1.000000000
1482,0,0.302292189,0.080000000
1483,0,1.012773762,1.001377513
1484,0,1.024571058,1.799550526
1485,0,1.228852925,1.041283932
1486,0,1.099273232,0.443181816
1487,0,1.249911989,1.046311849
1488,0,1.107970066,0.448136204
1489,0,1.058869121,1.008058545
1490,0,1.545758969,1.013932098
1491,0,1.000000000,1.000000000
1492,0,-0.000000000,0.000000000
1493,0,1.000000000,1.000000000
1494,0,0.302292189,0.080000000
1495,0,1.012773762,1.001377513
1496,0,-0.000000000,0.000000000
1497,0,1.000000000,1.000000000
1498,0,1.021928095,0.400000000
1499,0,1.228118215,1.041111111
1500,0,1.098973413,2.000000000
1501,0,1.000000000,1.000000000
1502,0,1.021928095,2.000000000
1503,0,1.000000000,1.000000000
1504,0,0.302292189,0.080000000
1505,0,1.000000000,1.000000000
1506,0,0.302292189,0.080000000
1507,0,1.012773762,1.001377513
1508,0,1.873460820,2.000069790
1509,0,1.533188612,1.123716590
1510,0,0.401841006,0.113516206
1511,0,1.017847116,1.002042251
1512,0,-0.000000000,0.000000000
1513,0,1.000000000,1.000000000
1514,0,0.302292189,0.080000000
1515,0,1.012773762,1.001377513
1516,0,-0.000000000,0.000000000
1517,0,1.000000000,1.000000000
1518,0,-0.000000000,0.000000000
1519,0,1.000000000,1.000000000
1520,0,1.021928095,0.400000000
1521,0,1.228118215,1.041111111
1522,0,-0.000000000,0.000000000
1523,0,1.000000000,1.000000000
1524,0,-0.000000000,0.000000000
1525,0,1.000000000,1.000000000
1526,0,-0.000000000,0.000000000
1527,0,1.000000000,1.000000000
1528,0,1.021928095,0.400000000
1529,0,1.000000000,1.000000000
1530,0,0.302292189,0.080000000
1531,0,1.012773762,1.001377513
1532,0,-0.000000000,0.000000000
1533,0,1.000000000,1.000000000
1534,0,1.870950594,1.200000000
1535,0,1.532052555,1.123333333
1536,0,1.242499492,0.530171120
1537,0,1.292026721,1.056786417
1538,0,-0.000000000,0.000000000
1539,0,1.000000000,1.000000000
1540,0,1.021928095,0.400000000
1541,0,1.000000000,1.000000000
1542,0,0.302292189,0.080000000
1543,0,1.012773762,1.001377513
1544,0,1.873460820,2.000069790
1545,0,1.533188612,1.966649618
1546,0,1.848644380,2.045708647
1547,0,1.000000000,1.000002150
1548,0,1.021928095,1.800000000
1549,0,1.052690404,1.007034040
1550,0,1.882728310,1.211927297
1551,0,1.140549722,1.022668505
1552,0,0.320036584,0.085738624
1553,0,1.013660635,1.001491252
1554,0,-0.000000000,0.000000000
1555,0,1.000000000,1.000000000
1556,0,1.021928095,1.800000000
1557,0,1.228118215,1.041111111
1558,0,-0.000000000,0.000000000
1559,0,1.000000000,1.000000000
1560,0,1.021928095,0.400000000
1561,0,1.052690404,1.007034221
1562,0,-0.000000000,0.000000000
1563,0,1.000000000,1.000000000
1564,0,0.302292189,0.080000000
1565,0,1.012773762,1.001377513
1566,0,1.024571058,0.401435139
1567,0,1.000000000,1.000000000
1568,0,0.302292189,0.080000000
1569,0,1.000000000,1.000000000
1570,0,-0.000000000,0.000000000
1571,0,1.000000000,1.000000000
1572,0,1.021928095,0.400000000
1573,0,1.052690404,1.007034221
1574,0,1.035378563,0.407332871
1575,0,1.793831720,1.217452590
1576,0,0.482278648,0.142844448
1577,0,1.022122183,1.002626908
1578,0,-0.000000000,0.000000000
1579,0,1.000000000,1.000000000
1580,0,0.302292189,0.080000000
1581,0,1.000000000,1.000000000
1582,0,-0.000000000,0.000000000
1583,0,1.000000000,1.000000000
1584,0,0.302292189,0.080000000
1585,0,1.000000000,1.000000000
1586,0,-0.000000000,0.000000000
1587,0,1.000000000,1.000000000
1588,0,-0.000000000,0.000000000
1589,0,1.000000000,1.000000000
1590,0,-0.000000000,0.000000000
1591,0,1.000000000,1.000000000
1592,0,0.302292189,0.080000000
1593,0,1.012773762,1.001377513
1594,0,0.303367094,0.080344681
1595,0,1.060426407,1.008262715
1596,0,1.037712657,0.408612372
1597,0,1.000000000,1.000000000
1598,0,-0.000000000,0.000000000
1599,0,1.000000000,1.000000000
1600,0,0.302292189,0.080000000
1601,0,1.012773762,1.001377513
1602,0,1.024571058,0.401435139
1603,0,1.000000000,1.000000000
1604,0,1.021928095,0.400000000
1605,0,1.000000000,1.000000000
1606,0,0.302292189,0.080000000
1607,0,1.012773762,1.001377513
1608,0,-0.000000000,0.000000000
1609,0,1.000000000,1.000000000
1610,0,1.870950594,1.400000000
1611,0,1.532052555,1.123333333
1612,0,0.401554049,0.113415966
1613,0,1.082832521,1.012147939
1614,0,0.311643502,0.083006785
1615,0,1.013241914,1.001437491
1616,0,-0.000000000,0.000000000
1617,0,1.000000000,1.000000000
1618,0,1.021928095,0.400000000
1619,0,1.228118215,1.041111111
1620,0,0.334665510,0.090549664
1621,0,1.285599185,1.054819201
1622,0,-0.000000000,0.000000000
1623,0,1.000000000,1.000000000
1624,0,0.302292189,0.080000000
1625,0,1.000000000,1.000000000
1626,0,-0.000000000,0.000000000
1627,0,1.000000000,1.000000000
1628,0,0.302292189,0.080000000
1629,0,1.048419662,1.009171844
1630,0,0.043331460,0.018914517
1631,0,1.000000000,1.000000000
1632,0,1.009051350,0.575824176
1633,0,1.230007190,1.020974930
1634,0,0.995162046,0.651525588
1635,0,1.775407785,1.268667447
1636,0,0.855123459,1.029748570
1637,0,1.000000000,1.000000000
1638,0,1.009051350,0.575824176
1639,0,1.036612143,1.322147651
1640,0,0.603108675,1.804405136
1641,0,1.612429935,1.109042581
1642,0,1.123518174,1.520294673
1643,0,1.316314239,1.383509276
1644,0,1.420224074,0.714937359
1645,0,0.991066134,0.386350928
1646,0,1.283935996,0.552179350
1647,0,-0.000000000,0.000000000
1648,0,1.000000000,1.000000000
1649,0,0.302292189,0.080000000
1650,0,1.042002482,1.005398693
1651,0,0.306823294,0.081434444
1652,0,1.009062471,1.000281248
1653,0,-0.000000000,0.000000000
1654,0,1.000000000,1.000000000
1655,0,0.302292189,0.080000000
1656,0,1.008877014,1.001980934
1657,0,-0.000000000,0.000000000
1658,0,1.000000000,1.000000000
1659,0,1.870950594,1.200000000
1660,0,1.302717333,1.155737705
1661,0,1.307549958,0.581307506
1662,0,0.999728783,0.980610244
1663,0,1.499864392,1.980610244
1664,0,1.489220860,1.486020708
1665,0,2.711668642,2.301470306
1666,0,2.580449197,1.764090152
1667,0,2.707592022,2.834729436
1668,0,0.970404783,1.453675641
1669,0,0.942192239,1.724349858
1670,0,0.487928605,1.817903335
1671,0,1.192089351,2.094654647
1672,0,0.218377988,1.937774134
1673,0,1.037851689,0.425267894
1674,0,0.475840470,0.156563814
1675,0,1.104956680,0.975351965
1676,0,-0.000000000,0.000000000
1677,0,1.000000000,1.000000000
1678,0,0.302292189,0.080000000
1679,0,1.000000000,1.000000000
1680,0,0.302292189,0.080000000
1681,0,1.012773762,1.001377513
1682,0,1.873460820,1.202352203
1683,0,1.000000000,1.000000000
1684,0,0.302292189,0.080000000
1685,0,1.000000000,1.000000000
1686,0,1.500000000,2.000000000
1687,0,1.764492375,1.205555556
1688,0,1.373220565,1.731448763
1689,0,1.000000000,1.000000000
1690,0,-0.000000000,0.000000000
1691,0,1.000000000,1.000000000
1692,0,0.302292189,0.080000000
1693,0,1.257422929,1.047844828
1694,0,1.936898942,1.393614425
1695,0,1.150362151,1.024755967
1696,0,1.908363370,2.001213808
1697,0,1.144922537,1.023587596
1698,0,0.320697373,0.085952100
1699,0,1.064345372,1.008923990
1700,0,-0.000000000,0.000000000
1701,0,1.000000000,1.000000000
1702,0,-0.000000000,0.000000000
1703,0,1.000000000,1.000000000
1704,0,0.302292189,0.080000000
1705,0,1.000000000,1.000000000
1706,0,1.870950594,1.200000000
1707,0,1.138751800,1.022289157
1708,0,0.319766260,0.085651291
1709,0,1.000000000,1.000000000
1710,0,1.021928095,0.400000000
1711,0,1.784319623,1.213461538
1712,0,0.478971583,0.141605494
1713,0,1.100894659,1.015459652
1714,0,0.314115324,0.083803699
1715,0,1.013367160,1.001453678
1716,0,1.024710199,0.401509901
1717,0,1.000000000,1.000000000
1718,0,1.870950594,1.400000000
1719,0,1.905928216,1.642857143
1720,0,1.776700037,2.025299401
1721,0,1.265706608,1.051933014
1722,0,1.703593538,1.087642176
1723,0,2.529797603,1.762196412
1724,0,1.083895298,0.425640689
1725,0,1.000632332,1.000056354
1726,0,1.871028396,1.999881775
1727,0,1.532066950,1.123272167
1728,0,2.085540266,2.049683778
1729,0,2.557501798,2.049540653
1730,0,2.383200735,1.623790138
1731,0,1.762889716,1.430224593
1732,0,1.014301785,0.732833107
1733,0,1.517464256,1.405245266
1734,0,1.221570933,2.881015569
1735,0,1.723340725,1.697431876
1736,0,1.422009965,0.732848460
1737,0,1.386771037,1.109417931
1738,0,1.654995326,0.885349450
1739,0,1.470187459,1.145705561
1740,0,0.429679608,0.129451525
1741,0,0.999998305,1.001532829
1742,0,1.021927925,0.400000000
1743,0,1.312544842,1.073964826
1744,0,1.032094720,1.473000622
1745,0,1.018353148,0.677337633
1746,0,0.897489324,0.311357654
1747,0,0.587949388,0.211027516
1748,0,1.083919061,1.049688920
1749,0,1.104679763,0.607471557
1750,0,1.479811360,2.112498700
1751,0,1.912981082,1.289304452
1752,0,2.306302654,1.543001969
1753,0,2.060403064,1.619127090
1754,0,1.726086986,1.240327367
1755,0,1.502556447,1.007421399
1756,0,1.123946184,1.001371057
1757,0,1.271126185,1.010966093
1758,0,1.457153233,1.504130500
1759,0,0.336644257,0.112806603
1760,0,1.163787249,1.043335092
1761,0,1.480107129,0.766336238
1762,0,1.144061692,0.601184248
1763,0,1.821429852,1.430715736
1764,0,1.674086166,1.616803088
1765,0,1.514457687,1.719147823
1766,0,2.014142596,2.396509422
1767,0,1.699375705,1.442107190
1768,0,1.233842072,0.577162754
1769,0,1.530589381,1.274827708
1770,0,1.114408024,0.744611550
1771,0,1.600281552,0.718661648
1772,0,1.003070018,0.388856947
1773,0,0.419958807,0.165426058
1774,0,0.288196813,0.099971647
1775,0,1.077543561,0.437212565
1776,0,-0.000000000,0.000000000
1777,0,1.000000000,1.000000000
1778,0,1.021928095,0.400000000
1779,0,1.228118215,1.041111111
1780,0,1.098973413,0.443011606
1781,0,1.058200532,1.007945613
1782,0,1.037026519,0.408225387
1783,0,1.232331190,1.042105467
1784,0,1.930227693,2.002034085
1785,0,1.000000000,1.000000000
1786,0,1.021928095,0.400000000
1787,0,1.052690404,1.007034221
1788,0,0.307787926,0.081766365
1789,0,1.013047487,1.001412456
1790,0,0.303393045,0.080352964
1791,0,1.012828549,1.001384499
1792,0,1.024583867,0.401442027
1793,0,1.228856531,1.041284787
1794,0,1.099274702,0.443182648
1795,0,1.249912417,1.046311954
1796,0,0.338568540,0.091837623
1797,0,1.289032859,1.055692811
1798,0,0.345979973,0.094308090
1799,0,1.070099953,1.009909469
1800,0,-0.000000000,0.000000000
1801,0,1.000000000,1.000000000
1802,0,-0.000000000,0.000000000
1803,0,1.000000000,1.000000000
1804,0,1.870950594,2.000000000
1805,0,1.138751800,1.022289157
1806,0,0.319766260,0.085651291
1807,0,1.000000000,1.000000000
1808,0,-0.000000000,0.000000000
1809,0,1.000000000,1.000000000
1810,0,-0.000000000,0.000000000
1811,0,1.000000000,1.000000000
1812,0,-0.000000000,0.000000000
1813,0,0.282292189,0.080000000
1814,0,1.053377936,0.477649528
1815,0,1.633787550,1.579038101
1816,0,1.193158662,1.979899776
1817,0,1.158804468,1.584832910
1818,0,1.070962834,1.609275837
1819,0,0.837358383,1.999103903
1820,0,0.345615643,1.870709302
1821,0,0.956489659,0.400000000
1822,0,1.583107379,1.295747550
1823,0,0.441664448,0.129880229
1824,0,1.015515578,0.988359340
1825,0,1.874388893,1.203108886
1826,0,1.095666323,1.026387645
1827,0,0.314382908,0.083844904
1828,0,1.009363402,1.000384225
1829,0,-0.000000000,0.000000000
1830,0,1.000000000,1.000000000
1831,0,0.302292189,0.080000000
1832,0,0.999999425,1.000892716
1833,0,-0.000000000,0.000000000
1834,0,1.000000000,1.000000000
1835,0,-0.000000000,0.000000000
1836,0,1.000000000,1.000000000
1837,0,0.302292189,0.080000000
1838,0,0.999999425,0.999107284
1839,0,1.021928037,0.400000000
1840,0,1.159933424,1.026905184
1841,0,-0.000000000,0.000000000
1842,0,1.000000000,1.000000000
1843,0,-0.000000000,0.000000000
1844,0,1.000000000,1.000000000
1845,0,0.302292189,0.080000000
1846,0,1.042002482,1.007398693
1847,0,-0.000000000,0.000000000
1848,0,1.000000000,1.000000000
1849,0,0.302292189,0.080000000
1850,0,1.008877014,1.000159612
1851,0,1.023819627,1.799800906
1852,0,0.999985232,0.995475322
1853,0,0.302291894,0.080000000
1854,0,0.999999322,1.000969458
1855,0,1.870950391,2.000581675
1856,0,1.094858366,1.031547090
1857,0,0.314279509,0.083810690
1858,0,1.009349416,1.000270629
1859,0,1.023933771,0.401055530
1860,0,1.160411210,1.037083270
1861,0,-0.000000000,0.000000000
1862,0,1.000000000,1.000000000
1863,0,1.870950594,1.200000000
1864,0,1.375791478,1.080980392
1865,0,-0.000000000,0.000000000
1866,0,1.000000000,1.000000000
1867,0,-0.000000000,0.000000000
1868,0,1.000000000,1.000000000
1869,0,1.021928095,0.400000000
1870,0,1.159955911,1.026993464
1871,0,1.916242722,1.406223402
1872,0,1.398351899,1.110609095
1873,0,-0.000000000,0.000000000
1874,0,1.000000000,1.000000000
1875,0,-0.000000000,0.000000000
1876,0,1.000000000,1.000000000
1877,0,1.021928095,0.400000000
1878,0,0.999985120,0.995458189
1879,0,0.302291891,0.080000000
1880,0,1.008869806,1.000080436
1881,0,-0.000000000,0.000000000
1882,0,1.000000000,1.000000000
1883,0,-0.000000000,0.000000000
1884,0,1.000000000,1.000000000
1885,0,0.302292189,0.080000000
1886,0,1.073320233,1.003993282
1887,0,0.961637429,1.824198431
1888,0,1.587580460,1.063892024
1889,0,1.250626311,1.431552878
1890,0,1.454008833,0.746790614
1891,0,1.016536813,0.399092422
1892,0,1.324822661,1.801933314
1893,0,1.787532779,1.447857676
1894,0,1.315274543,1.595218717
1895,0,1.480586780,1.087388000
1896,0,1.087662726,0.735105409
1897,0,1.379837886,1.013914315
1898,0,1.376703678,1.405941981
1899,0,0.912011290,0.524255148
1900,0,0.909602904,0.378344193
1901,0,0.715246948,0.250631770
1902,0,-0.000000000,0.000000000
1903,0,1.000000000,1.000000000
1904,0,-0.000000000,0.000000000
1905,0,1.000000000,1.000000000
1906,0,0.302292189,0.080000000
1907,0,1.000000000,1.000000000
1908,0,0.302292189,0.080000000
1909,0,1.257422929,1.047844828
1910,0,-0.000000000,0.000000000
1911,0,1.000000000,1.000000000
1912,0,1.021928095,0.400000000
1913,0,1.228118215,1.041111111
1914,0,2.079212381,2.101521826
1915,0,1.331494613,2.999419011
1916,0,1.143018249,1.999635883
1917,0,1.061561344,1.008368604
1918,0,-0.000000000,0.000000000
1919,0,1.000000000,1.000000000
1920,0,1.021928095,0.400000000
1921,0,1.000000000,1.000000000
1922,0,1.870950594,1.200000000
1923,0,1.000000000,1.000000000
1924,0,1.870950594,2.000000000
1925,0,1.138751800,1.022289157
1926,0,1.064163411,2.000000000
1927,0,1.000000000,1.000000000
1928,0,-0.000000000,0.000000000
1929,0,1.000000000,1.000000000
1930,0,-0.000000000,0.000000000
1931,0,1.000000000,1.000000000
1932,0,-0.000000000,0.000000000
1933,0,1.000000000,1.000000000
1934,0,1.021928095,0.400000000
1935,0,1.000000000,1.000000000
1936,0,1.021928095,0.400000000
1937,0,1.784319623,1.213461538
1938,0,-0.000000000,0.000000000
1939,0,1.000000000,1.000000000
1940,0,-0.000000000,0.000000000
1941,0,1.000000000,1.000000000
1942,0,1.870950594,1.200000000
1943,0,1.138751800,1.022289157
1944,0,-0.000000000,0.000000000
1945,0,1.000000000,1.000000000
1946,0,1.021928095,0.400000000
1947,0,1.394353252,1.113590264
1948,0,0.597493247,0.261544769
1949,0,1.295047791,1.126939200
1950,0,1.989781691,1.255373723
1951,0,1.074860063,1.029354961
1952,0,1.083511856,0.445447730
1953,0,1.107908127,1.054313097
1954,0,0.080031527,0.066254108
1955,0,1.070916845,1.053730005
1956,0,0.320165904,0.093651249
1957,0,1.012681274,1.008810146
1958,0,1.035840362,0.410823893
1959,0,1.241798571,1.049869515
1960,0,-0.000000000,0.000000000
1961,0,1.000000000,1.000000000
1962,0,1.870950594,2.000000000
1963,0,1.000000000,1.000000000
1964,0,1.870950594,1.400000000
1965,0,2.305215896,1.504545455
1966,0,0.771659036,0.264445232
1967,0,1.038804322,1.005074184
1968,0,0.306114491,0.081222860
1969,0,1.000000000,1.000000000
1970,0,0.302292189,0.080000000
1971,0,1.012773762,1.001377513
1972,0,1.873460820,1.202352203
1973,0,1.000000000,1.000000000
1974,0,0.302292189,0.080000000
1975,0,1.012773762,1.001377513
1976,0,-0.000000000,0.000000000
1977,0,1.000000000,1.000000000
1978,0,0.302292189,0.080000000
1979,0,1.012773762,1.001377513
1980,0,-0.000000000,0.000000000
1981,0,1.000000000,1.000000000
1982,0,1.870950594,1.200000000
1983,0,1.000000000,1.000000000
1984,0,1.870950594,1.200000000
1985,0,1.532052555,1.123333333
1986,0,1.242499492,0.530171120
1987,0,1.000000000,1.000000000
1988,0,1.021928095,0.400000000
1989,0,1.052690404,1.007034221
1990,0,-0.000000000,0.000000000
1991,0,1.000000000,1.000000000
1992,0,1.021928095,0.400000000
1993,0,1.052690404,1.007034221
1994,0,0.307787926,0.081766365
1995,0,1.013047487,1.001412456
1996,0,0.303393045,0.080352964
1997,0,1.258386512,1.048079295
1998,0,-0.000000000,0.000000000
1999,0,1.000000000,1.000000000
2000,0,1.021928095,0.400000000
2001,0,1.000000000,1.000000000
2002,0,-0.000000000,0.000000000
2003,0,1.000000000,1.000000000
2004,0,-0.000000000,0.000000000
2005,0,1.000000000,1.000000000
2006,0,1.500000000,1.000000000
2007,0,1.905928216,1.642857143
2008,0,1.776700037,1.329491018
2009,0,1.880712606,1.262649461
2010,0,-0.000000000,0.000000000
2011,0,1.000000000,1.000000000
2012,0,1.021928095,0.400000000
2013,0,1.228118215,1.041111111
2014,0,1.098973413,1.786529114
2015,0,1.249825024,1.046290602
2016,0,1.107933826,0.448115543
2017,0,1.058866413,1.008058086
2018,0,-0.000000000,0.000000000
2019,0,1.000000000,1.000000000
2020,0,-0.000000000,0.000000000
2021,0,1.000000000,1.000000000
2022,0,-0.000000000,0.000000000
2023,0,1.000000000,1.000000000
2024,0,0.302292189,0.080000000
2025,0,1.060184319,1.008222222
2026,0,-0.000000000,0.000000000
2027,0,1.000000000,1.000000000
2028,0,0.302292189,0.080000000
2029,0,1.012773762,1.001377513
2030,0,0.303367094,0.080344681
2031,0,1.000000000,1.000000000
2032,0,-0.000000000,0.000000000
2033,0,1.000000000,1.000000000
2034,0,0.302292189,0.080000000
2035,0,1.000000000,1.000000000
2036,0,-0.000000000,0.000000000
2037,0,1.000000000,1.000000000
2038,0,1.870950594,2.000000000
2039,0,2.305215896,3.000000000
2040,0,2.076761654,2.015706320
2041,0,2.505903001,1.873168222
2042,0,1.904133556,1.585455807
2043,0,0.999999863,1.000435372
2044,0,0.302292186,0.080000000
2045,0,1.012773762,1.001370365
2046,0,-0.000000000,0.000000000
2047,0,1.000000000,1.000000000
2048,0,0.302292189,0.080000000
2049,0,1.000000000,1.000000000
2050,0,1.870950594,1.400000000
2051,0,1.532052555,1.123333333
2052,0,-0.000000000,0.000000000
2053,0,1.000000000,1.000000000
2054,0,-0.000000000,0.000000000
2055,0,1.000000000,1.000000000
2056,0,1.021928095,0.400000000
2057,0,1.000000000,1.000000000
2058,0,1.870950594,2.000000000
2059,0,1.905928216,1.642857143
2060,0,2.391070809,2.253244631
2061,0,1.682002763,1.414592389
2062,0,0.771955071,0.583490890
2063,0,1.291750504,1.065905157
2064,0,2.056374277,2.154236913
2065,0,1.828505399,1.331000577
2066,0,0.794212641,0.405233599
2067,0,1.120550573,1.034762376
2068,0,1.478569848,0.756630912
2069,0,1.502982354,1.158867766
2070,0,1.259084549,1.848276462
2071,0,1.732844690,1.446158366
2072,0,2.005006520,1.259142986
2073,0,1.644056244,1.681091392
2074,0,1.916513983,1.307552524
2075,0,2.371039612,1.761508646
2076,0,1.973472438,1.469889964
2077,0,1.395895493,1.866370307
2078,0,0.487920372,0.203701897
2079,0,1.812388426,1.533731068
2080,0,2.312781773,1.795073521
2081,0,2.550695362,3.059329565
2082,0,2.532413347,2.791103871
2083,0,2.467658275,2.079093967
2084,0,2.577630330,1.565823277
2085,0,2.340897942,1.934345682
2086,0,1.481505802,1.399312144
2087,0,1.717410783,1.513658542
2088,0,1.785286489,1.109023022
2089,0,1.929696619,1.123313734
2090,0,1.860519723,1.442337646
2091,0,1.844086754,1.331838618
2092,0,1.842731692,1.045495697
2093,0,1.879589489,1.502519953
2094,0,0.744038316,0.675507515
2095,0,1.677762484,1.468606317
2096,0,2.554041778,2.205268729
2097,0,1.761247946,1.514724255
2098,0,1.694310199,1.184489023
2099,0,1.547347096,1.238237137
2100,0,-0.000000000,0.000000000
2101,0,1.000000000,1.000000000
2102,0,1.500000000,1.000000000
2103,0,2.473808192,1.693750000
2104,0,2.232578003,2.171143780
2105,0,1.495532810,1.296289238
2106,0,1.243075460,0.526188106
2107,0,1.297829741,1.023270894
2108,0,1.044370696,0.653556475
2109,0,1.441493402,1.219944771
2110,0,1.251286616,0.741264075
2111,0,1.272250359,1.029373746
2112,0,1.095430605,0.432033429
2113,0,0.638173807,0.203434309
2114,0,0.130117196,0.035992514
2115,0,1.628602468,1.403214171
2116,0,1.417062881,2.170960721
2117,0,1.508803094,2.671065621
2118,0,1.402246279,1.452671895
2119,0,1.128287748,0.545714452
2120,0,0.845101397,0.334147744
2121,0,1.407962284,1.118783931
2122,0,1.107467238,1.478141547
2123,0,2.056099360,1.328860397
2124,0,0.427576674,0.174708637
2125,0,0.290843723,0.080000000
2126,0,1.046235393,0.992360050
2127,0,1.034625257,1.798190668
2128,0,1.163651442,1.034256205
2129,0,1.917249884,1.248245300
2130,0,0.999986911,1.004259718
2131,0,0.302291927,0.080000000
2132,0,0.999999328,0.999035036
2133,0,-0.000000000,0.000000000
2134,0,1.000000000,1.000000000
2135,0,0.302292189,0.080000000
2136,0,1.042002482,1.005398693
2137,0,-0.000000000,0.000000000
2138,0,1.000000000,1.000000000
2139,0,1.870950594,1.200000000
2140,0,1.094879386,1.002520718
2141,0,0.314281662,0.083811437
2142,0,0.999999485,1.000845330
2143,0,1.499999742,2.000845330
2144,0,0.999538609,1.025289426
2145,0,-0.000000000,0.000000000
2146,0,1.000000000,1.000000000
2147,0,-0.000000000,0.000000000
2148,0,1.000000000,1.000000000
2149,0,0.302292189,0.080000000
2150,0,1.008877014,1.001980934
2151,0,1.023819627,0.400996265
2152,0,0.999985232,1.004524678
2153,0,-0.000000000,0.000000000
2154,0,1.000000000,1.000000000
2155,0,1.021928095,0.400000000
2156,0,1.036488422,1.000809672
2157,0,1.031497217,0.405055762
2158,0,1.037020225,1.010057769
2159,0,1.879967942,1.401122669
2160,0,1.379653849,1.111914895
2161,0,0.372153038,0.102957185
2162,0,0.999999723,0.999380082
2163,0,0.302292184,0.080000000
2164,0,1.042006841,1.005410953
2165,0,0.306823787,0.081434612
2166,0,1.009062523,1.000281673
2167,0,1.872872606,2.000402840
2168,0,0.999855715,0.985857317
2169,0,0.302289303,0.080000000
2170,0,1.041902608,1.005118982
2171,0,0.306812033,2.000255030
2172,0,1.009061267,1.000271533
2173,0,-0.000000000,0.000000000
2174,0,1.000000000,1.000000000
2175,0,0.302292189,0.080000000
2176,0,1.042002482,1.005398693
2177,0,-0.000000000,0.000000000
2178,0,1.000000000,1.000000000
2179,0,0.302292189,0.080000000
2180,0,1.042002482,1.005398693
2181,0,1.033196137,0.405959040
2182,0,0.999988136,1.004055463
2183,0,1.499994068,2.004055463
2184,0,1.543292684,1.186814809
2185,0,0.418632206,0.119173686
2186,0,1.013765250,1.000161990
2187,0,1.874028108,1.202662293
2188,0,1.095321021,1.030319004
2189,0,1.051658902,0.415837431
2190,0,0.999987542,1.004155841
2191,0,0.302291940,0.080000000
2192,0,0.999999331,0.999036797
2193,0,1.499999665,1.999036797
2194,0,1.148443522,1.003906645
2195,0,0.323094983,0.086646244
2196,0,0.999999516,1.000819444
2197,0,1.021928046,0.400000000
2198,0,1.036482838,1.010120154
2199,0,0.306136190,0.081216266
2200,0,1.009028202,1.001988743
2201,0,1.023856059,0.401015181
2202,0,0.999985251,0.995478200
2203,0,1.021926620,1.800000000
2204,0,1.575030055,1.180926072
2205,0,0.428687772,0.122805914
2206,0,1.066071750,1.008594617
2207,0,1.041030395,0.410105182
2208,0,1.164668604,1.036641748
2209,0,1.079273247,1.992224972
2210,0,1.173678652,1.037487527
2211,0,-0.000000000,0.000000000
2212,0,1.000000000,1.000000000
2213,0,-0.000000000,0.000000000
2214,0,1.000000000,1.000000000
2215,0,-0.000000000,0.000000000
2216,0,1.000000000,1.000000000
2217,0,1.021928095,0.400000000
2218,0,1.159955911,1.026993464
2219,0,-0.000000000,0.000000000
2220,0,1.000000000,1.000000000
2221,0,1.021928095,0.400000000
2222,0,1.036488422,1.000809672
2223,0,0.306136756,0.081216458
2224,0,1.009028355,1.000196819
2225,0,1.023856090,0.401015199
2226,0,1.036595608,1.010047890
2227,0,0.306149765,0.081220550
2228,0,0.999999445,1.000876947
2229,0,1.021928039,0.400000000
2230,0,0.999984620,1.004617469
2231,0,0.302291881,0.080000000
2232,0,1.041969964,1.005307370
2233,0,0.306819618,0.081433191
2234,0,0.999999536,1.000802300
2235,0,1.499999768,1.000000000
2236,0,0.999539351,1.025269104
2237,0,0.302282976,0.080000000
2238,0,1.041823454,1.004898926
2239,0,1.033150026,0.405930645
2240,0,1.037136563,1.001335064
2241,0,-0.000000000,0.000000000
2242,0,1.000000000,1.000000000
2243,0,0.302292189,0.080000000
2244,0,1.008877014,1.001980934
2245,0,-0.000000000,0.000000000
2246,0,1.000000000,1.000000000
2247,0,0.302292189,0.080000000
2248,0,0.999999425,0.999107284
2249,0,1.021928037,0.400000000
2250,0,1.036482338,1.000730725
2251,0,1.035254391,0.406043997
2252,0,1.144845659,1.053030421
2253,0,1.171498961,0.483165973
2254,0,1.280138357,1.148660441
2255,0,1.273930762,1.897079087
2256,0,1.307611142,1.172236967
2257,0,0.572186322,0.249028047
2258,0,1.197247455,1.165440950
2259,0,0.512113846,0.265845922
2260,0,1.104008122,1.050036633
2261,0,2.014229110,2.058077193
2262,0,1.136784619,1.056612466
2263,0,0.323765815,0.090280474
2264,0,1.006853565,1.005159778
2265,0,1.874727032,2.002047163
2266,0,1.375743502,1.968092384
2267,0,1.221065055,1.796664455
2268,0,1.093110663,1.035463916
2269,0,0.347446334,0.099655366
2270,0,1.069529551,1.024464943
2271,0,0.174477705,0.117856859
2272,0,1.027422066,1.010126167
2273,0,1.882435567,1.402175020
2274,0,1.526388997,1.776479346
2275,0,1.356916807,1.505815059
2276,0,1.283941473,1.480991986
2277,0,1.254717011,0.696967029
2278,0,1.425966666,0.852320965
2279,0,0.133712812,0.037252788
2280,0,1.041860011,1.000009499
2281,0,1.073404795,1.503027258
2282,0,1.473868484,1.938154367
2283,0,1.581631041,0.765370891
2284,0,1.454746612,0.865122069
2285,0,0.960897160,0.768231807
2286,0,1.480448580,1.000000000
2287,0,0.991288242,1.109784934
2288,0,-0.000000000,0.000000000
2289,0,1.000000000,1.000000000
2290,0,0.302292189,0.080000000
2291,0,1.000000000,1.000000000
2292,0,-0.000000000,0.000000000
2293,0,1.000000000,1.000000000
2294,0,1.021928095,0.400000000
2295,0,1.052690404,1.007034221
2296,0,1.035378563,0.407332871
2297,0,1.000000000,1.000000000
2298,0,1.021928095,0.400000000
2299,0,1.228118215,1.041111111
2300,0,-0.000000000,0.000000000
2301,0,1.000000000,1.000000000
2302,0,0.302292189,0.080000000
2303,0,1.060184319,1.008222222
2304,0,0.309673025,0.082309867
2305,0,1.040760256,1.008577926
2306,0,1.022797010,1.492825915
2307,0,0.995998106,1.536612282
2308,0,1.710588075,2.333336085
2309,0,2.081740674,3.182142927
2310,0,1.300816707,1.335198846
2311,0,1.256899016,1.391759000
2312,0,1.030348008,0.599604493
2313,0,1.283822760,0.811827536
2314,0,1.410319096,1.653900888
2315,0,1.600469960,1.157503642
2316,0,1.160306818,1.526738526
2317,0,1.855115896,2.462832066
2318,0,1.302940571,2.187107615
2319,0,1.458301871,2.416091267
2320,0,1.493249995,2.613166756
2321,0,0.105970601,1.972100529
2322,0,0.344737278,2.024531660
2323,0,1.032571642,0.459314869
2324,0,0.522655445,0.174256827
2325,0,0.014575020,0.002649580
2326,0,1.575323101,1.200000000
2327,0,0.949122288,0.735995477
2328,0,0.301274635,0.080000000
2329,0,0.999986967,1.004250520
2330,0,1.499993484,1.000000000
2331,0,2.473803562,1.811065449
2332,0,2.180157204,1.390456989
2333,0,2.629211632,1.891759663
2334,0,2.007928634,2.029777513
2335,0,0.999998426,1.001477188
2336,0,0.302292158,1.960000000
2337,0,1.000000000,0.999976217
2338,0,0.302292189,1.960000000
2339,0,1.060184319,1.997777873
2340,0,2.227829068,2.460255245
2341,0,2.623783898,2.064028665
2342,0,2.572935422,2.282506962
2343,0,1.507986326,1.128277994
2344,0,1.226908371,0.517514735
2345,0,1.068448931,1.009747979
2346,0,-0.000000000,0.000000000
2347,0,1.000000000,1.000000000
2348,0,-0.000000000,0.000000000
2349,0,1.000000000,1.000000000
2350,0,1.500000000,1.000000000
2351,0,1.000000000,1.000000000
2352,0,1.021928095,0.400000000
2353,0,1.052690404,1.007034221
2354,0,1.035378563,0.407332871
2355,0,1.053635335,1.007189192
2356,0,1.035658901,0.407484620
2357,0,1.231943807,1.042013069
2358,0,0.335341583,0.090772394
2359,0,1.067662488,1.009488571
2360,0,-0.000000000,0.000000000
2361,0,1.000000000,1.000000000
2362,0,1.021928095,0.400000000
2363,0,1.052690404,1.007034221
2364,0,0.307787926,0.081766365
2365,0,1.061422809,1.008429735
2366,0,1.038016311,0.408777294
2367,0,1.000000000,1.000000000
2368,0,0.302292189,2.000000000
2369,0,1.012773762,1.001377513
2370,0,1.544083508,2.004162083
2371,0,1.000000000,1.000000000
2372,0,0.302292189,0.080000000
2373,0,1.060184319,1.008222222
2374,0,-0.000000000,0.000000000
2375,0,1.000000000,1.000000000
2376,0,1.021928095,0.400000000
2377,0,1.000000000,1.000000000
2378,0,0.302292189,0.080000000
2379,0,1.000000000,1.000000000
2380,0,0.302292189,0.080000000
2381,0,1.114974079,1.022462896
2382,0,1.062920510,1.490979067
2383,0,0.122272936,0.029011014
2384,0,1.606992972,1.401617328
2385,0,1.526055161,1.616842766
2386,0,1.408091019,1.727542915
2387,0,1.309385839,0.797134733
2388,0,0.944329129,0.483830910
2389,0,0.800515784,0.310665682
2390,0,1.064436221,1.010495302
2391,0,1.050326640,1.510002829
2392,0,-0.000000000,0.000000000
2393,0,0.921928095,1.800000000
2394,0,-0.000000000,0.000000000
2395,0,0.282292189,0.080000000
2396,0,-0.000000000,0.000000000
2397,0,-0.000000000,0.000000000
2398,0,-0.000000000,0.000000000
2399,0,0.282292189,0.080000000
2400,0,0.009543159,0.001486989
2401,0,0.925278881,0.401057502
2402,0,0.040025393,0.007646399
2403,0,1.596703602,1.208660724
2404,0,0.109432004,0.025069207
2405,0,0.966998128,1.796735296
2406,0,0.205126861,0.054471214
2407,0,1.012317291,0.436568303
2408,0,0.054049922,0.011547915
2409,0,0.289577355,0.081758473
2410,0,0.219008470,0.058457005
2411,0,1.018307775,0.440224719
2412,0,0.240725717,0.068476145
2413,0,-0.000000000,0.000000000
2414,0,-0.000000000,0.000000000
2415,0,-0.000000000,0.000000000
2416,0,-0.000000000,0.000000000
2417,0,-0.000000000,0.000000000
2418,0,-0.000000000,0.000000000
2419,0,0.921928095,0.400000000
2420,0,0.039584219,0.007547170
2421,0,0.287297754,0.081292059
2422,0,0.010052757,0.001589476
2423,0,0.925527641,0.401108373
2424,0,0.178187418,0.045078879
2425,0,1.231679429,1.064502236
2426,0,0.211992232,0.057800443
2427,0,1.711516559,1.409869276
2428,0,-0.000000000,0.000000000
2429,0,-0.000000000,0.000000000
2430,0,-0.000000000,0.000000000
2431,0,0.921928095,0.400000000
2432,0,0.039584219,0.007547170
2433,0,1.596273766,1.401333056
2434,0,0.441403071,0.141531312
2435,0,-0.000000000,0.000000000
2436,0,-0.000000000,0.000000000
2437,0,-0.000000000,0.000000000
2438,0,-0.000000000,0.000000000
2439,0,0.921928095,0.400000000
2440,0,0.175964403,0.044444444
2441,0,1.227980502,1.068027211
2442,0,-0.000000000,0.000000000
2443,0,0.282292189,0.080000000
2444,0,0.200458409,0.052173913
2445,0,1.008985203,0.437209302
2446,0,0.231766653,0.064728682
2447,0,0.319370553,1.959365124
2448,0,0.066712722,0.014992150
2449,0,0.291550527,0.082234964
2450,0,-0.000000000,0.000000000
2451,0,-0.000000000,0.000000000
2452,0,-0.000000000,0.000000000
2453,0,-0.000000000,0.000000000
2454,0,-0.000000000,0.000000000
2455,0,0.282292189,0.080000000
2456,0,0.009543159,0.001486989
2457,0,1.577225042,1.400264016
2458,0,0.105192960,0.023827694
2459,0,0.964896390,0.416896855
2460,0,0.045782531,0.009153207
2461,0,-0.000000000,0.000000000
2462,0,-0.000000000,0.000000000
2463,0,1.570950594,1.400000000
2464,0,0.104041954,0.023529412
2465,0,0.297097590,0.084054910
2466,0,0.052844045,0.010806054
2467,0,0.289239577,0.081752527
2468,0,0.216746039,0.057610673
2469,0,0.316681032,0.089761098
2470,0,0.063243938,0.013857057
2471,0,0.290933823,0.082113319
2472,0,-0.000000000,0.000000000
2473,0,1.570950594,1.400000000
2474,0,0.420026002,0.133333333
2475,0,-0.000000000,0.000000000
2476,0,-0.000000000,0.000000000
2477,0,0.282292189,0.080000000
2478,0,0.200458409,0.052173913
2479,0,1.008985203,0.437209302
2480,0,0.052519511,0.011059603
2481,0,0.289303002,0.081708099
2482,0,-0.000000000,0.000000000
2483,0,0.282292189,0.080000000
2484,0,0.045570069,0.008888889
2485,0,0.939392434,1.798814229
2486,0,0.042004739,0.008141097
2487,0,0.938144597,0.405660382
2488,0,0.041878404,0.008109762
2489,0,-0.000000000,0.000000000
2490,0,-0.000000000,0.000000000
2491,0,-0.000000000,0.000000000
2492,0,-0.000000000,0.000000000
2493,0,-0.000000000,0.000000000
2494,0,-0.000000000,0.000000000
2495,0,0.921928095,0.400000000
2496,0,0.175964403,0.044444444
2497,0,1.227980502,1.062358277
2498,0,0.211065129,0.057425837
2499,0,-0.000000000,0.000000000
2500,0,-0.000000000,0.000000000
2501,0,0.282292189,0.080000000
2502,0,0.009543159,0.001486989
2503,0,0.925278881,1.799801718
2504,0,0.040025393,0.007646399
2505,0,0.287355980,0.081303801
2506,0,0.010061743,0.001591421
2507,0,0.925532598,1.799792758
2508,0,0.178191393,0.045080083
2509,0,1.677335923,1.407928581
2510,0,0.524713368,0.181174820
2511,0,1.176120777,0.518359240
2512,0,0.085727649,0.021747411
2513,0,-0.000000000,0.000000000
2514,0,-0.000000000,0.000000000
2515,0,1.000000000,1.000000000
2516,0,0.164134333,0.040816327
2517,0,0.307356812,0.087084871
2518,0,-0.000000000,0.000000000
2519,0,1.000000000,1.000000000
2520,0,0.164134333,0.040816327
2521,0,-0.000000000,0.000000000
2522,0,-0.000000000,0.000000000
2523,0,1.570950594,1.200000000
2524,0,-0.000000000,0.000000000
2525,0,0.921928095,0.400000000
2526,0,0.039584219,0.007547170
2527,0,0.940929057,0.406791035
2528,0,0.013272921,0.004393727
2529,0,0.013325746,0.004820748
2530,0,0.003153152,0.000866631
2531,0,0.283575780,0.080310654
2532,0,0.103606339,0.024457905
2533,0,1.008358737,1.801287859
2534,0,0.626604093,2.031488325
2535,0,0.427673158,2.057469026
2536,0,0.126459373,3.979119448
2537,0,1.147853537,2.987454545
2538,0,0.134180803,3.946881515
2539,0,0.170843705,3.933962979
2540,0,0.482182808,5.542862215
2541,0,0.361012656,0.134105334
2542,0,0.511973010,0.153459977
2543,0,0.150285492,0.043183010
2544,0,1.616036242,1.425909806
2545,0,1.086393487,0.768098619
2546,0,1.569980106,1.708216853
2547,0,1.217384614,0.902505263
2548,0,-0.000000000,0.000000000
2549,0,1.000000000,1.000000000
2550,0,1.021928095,0.400000000
2551,0,1.052690404,1.007034221
2552,0,0.307787926,0.081766365
2553,0,1.262228148,1.049016779
2554,0,1.113271968,1.783993916
2555,0,1.253929582,1.047288097
2556,0,0.339301192,0.092079924
2557,0,1.014635253,1.001617587
2558,0,1.025010717,2.000000000
2559,0,1.000000000,1.000000000
2560,0,1.870950594,1.400000000
2561,0,1.000000000,1.000000000
2562,0,0.302292189,0.080000000
2563,0,1.060184319,1.008222222
2564,0,1.037639028,0.408572389
2565,0,1.000000000,1.000000000
2566,0,0.302292189,0.080000000
2567,0,1.000000000,1.000000000
2568,0,-0.000000000,0.000000000
2569,0,1.000000000,1.000000000
2570,0,-0.000000000,0.000000000
2571,0,1.000000000,1.000000000
2572,0,0.302292189,0.080000000
2573,0,1.000000000,1.000000000
2574,0,1.021928095,0.400000000
2575,0,1.052690404,1.007034221
2576,0,1.035378563,0.407332871
2577,0,1.793831720,1.217452590
2578,0,1.965237797,1.229468384
2579,0,1.000000000,1.000000000
2580,0,1.500000000,1.000000000
2581,0,2.473808192,1.812500000
2582,0,2.180161288,2.113575269
2583,0,2.097562783,1.376288416
2584,0,2.160105706,1.456327745
2585,0,1.802288929,1.260208101
2586,0,-0.000000000,0.000000000
2587,0,1.000000000,1.000000000
2588,0,1.021928095,2.000000000
2589,0,1.784319623,1.213461538
2590,0,-0.000000000,0.000000000
2591,0,1.000000000,1.000000000
2592,0,0.302292189,0.080000000
2593,0,1.060184319,1.008222222
2594,0,1.895478206,2.003806256
2595,0,1.012474324,1.005309290
2596,0,1.035514152,0.406667481
2597,0,1.062388477,1.012978835
2598,0,1.887837164,1.214409031
2599,0,1.141521987,1.023118084
2600,0,0.320529603,0.085987355
2601,0,1.000462001,1.000178125
2602,0,-0.000000000,0.000000000
2603,0,1.000000000,1.000000000
2604,0,0.302292189,0.080000000
2605,0,1.060184319,1.008222222
2606,0,-0.000000000,0.000000000
2607,0,1.000000000,1.000000000
2608,0,-0.000000000,0.000000000
2609,0,1.000000000,1.000000000
2610,0,1.500000000,1.000000000
2611,0,1.000000000,1.000000000
2612,0,0.302292189,0.080000000
2613,0,1.000000000,1.000000000
2614,0,1.021928095,0.400000000
2615,0,1.052690404,1.007034221
2616,0,0.307787926,0.081766365
2617,0,1.013047487,1.001412456
2618,0,0.303393045,0.080352964
2619,0,1.012828549,1.001384499
2620,0,0.303372281,0.080346336
2621,0,1.060427591,1.008262915
2622,0,1.037713017,0.408612568
2623,0,1.000000000,1.000000000
2624,0,1.021928095,0.400000000
2625,0,1.052690404,1.007034221
2626,0,0.307787926,0.081766365
2627,0,1.000000000,1.000000000
2628,0,1.870950594,1.200000000
2629,0,1.000000000,1.000000000
2630,0,0.302292189,0.080000000
2631,0,1.012773762,1.001377513
2632,0,1.024571058,0.401435139
2633,0,1.000000000,1.000000000
2634,0,1.021928095,1.800000000
2635,0,1.000000000,1.000000000
2636,0,1.021928095,0.400000000
2637,0,1.228118215,1.041111111
2638,0,1.929031819,1.266885862
2639,0,1.563681373,1.134185017
2640,0,1.258789588,0.540491560
2641,0,1.070500549,1.010047867
2642,0,0.310012077,0.082479727
2643,0,1.013160228,1.001427013
2644,0,-0.000000000,0.000000000
2645,0,1.000000000,1.000000000
2646,0,0.302292189,0.080000000
2647,0,1.012773762,1.001377513
2648,0,1.024571058,2.000000000
2649,0,1.000000000,1.000000000
2650,0,1.870950594,2.000000000
2651,0,2.305215896,1.863636364
2652,0,2.076761654,2.015706320
2653,0,2.508200472,1.716852352
2654,0,1.903490581,2.000000000
2655,0,1.146235349,1.024666169
2656,0,-0.000000000,0.000000000
2657,0,1.000000000,1.000000000
2658,0,-0.000000000,0.000000000
2659,0,1.000000000,1.000000000
2660,0,1.021928095,1.800000000
2661,0,1.052690404,1.007034221
2662,0,-0.000000000,0.000000000
2663,0,1.000000000,1.000000000
2664,0,1.500000000,2.000000000
2665,0,1.000000000,1.000000000
2666,0,0.302292189,0.080000000
2667,0,1.012773762,1.001377513
2668,0,-0.000000000,0.000000000
2669,0,1.000000000,1.000000000
2670,0,1.870950594,1.200000000
2671,0,1.532052555,1.123333333
2672,0,2.005036854,2.005423620
2673,0,1.165964409,1.028166179
2674,0,1.074179945,0.428782998
2675,0,1.000000000,1.000000000
2676,0,1.021928095,0.400000000
2677,0,1.228118215,1.041111111
2678,0,1.993785121,2.002280871
2679,0,1.016420806,0.996187153
2680,0,1.039994371,0.409272944
2681,0,1.065600090,1.014363751
2682,0,1.048769476,0.415238366
2683,0,0.999999993,1.000097047
2684,0,1.021928094,0.400000000
2685,0,1.000000000,1.000008013
2686,0,1.870950594,1.400000000
2687,0,1.138751800,1.022287028
2688,0,0.319766260,0.085651291
2689,0,1.013646706,1.001489383
2690,0,0.303450145,0.080371189
2691,0,1.258437185,1.048091714
2692,0,-0.000000000,0.000000000
2693,0,1.000000000,1.000000000
2694,0,0.302292189,0.080000000
2695,0,1.060184319,1.008222222
2696,0,1.884579970,1.398848861
2697,0,1.000000000,1.000000000
2698,0,0.302292189,0.080000000
2699,0,1.012773762,1.001377513
2700,0,-0.000000000,0.000000000
2701,0,1.000000000,1.000000000
2702,0,1.870950594,1.200000000
2703,0,1.138751800,1.022289157
2704,0,0.319766260,0.085651291
2705,0,1.000000000,1.000000000
2706,0,1.870950594,1.200000000
2707,0,1.138751800,1.022289157
2708,0,1.064163411,1.792711073
2709,0,1.814038860,1.226053765
2710,0,1.402815036,0.640267798
2711,0,1.342629488,1.070108266
2712,0,1.148442059,0.471632983
2713,0,1.061922585,1.008577757
2714,0,0.308922988,0.082130076
2715,0,1.013105058,1.001419891
2716,0,-0.000000000,0.000000000
2717,0,1.000000000,1.000000000
2718,0,-0.000000000,0.000000000
2719,0,1.000000000,1.000000000
2720,0,1.021928095,0.400000000
2721,0,1.052690404,1.007034221
2722,0,-0.000000000,0.000000000
2723,0,1.000000000,1.000000000
2724,0,1.021928095,0.400000000
2725,0,1.228118215,1.041111111
2726,0,-0.000000000,0.000000000
2727,0,1.000000000,1.000000000
2728,0,1.021928095,0.400000000
2729,0,1.000000000,1.000000000
2730,0,0.302292189,0.080000000
2731,0,1.012773762,1.001377513
2732,0,1.024571058,0.401435139
2733,0,1.786192236,1.214244355
2734,0,0.479619527,0.141847976
2735,0,1.000000000,1.000000000
2736,0,1.870950594,2.000000000
2737,0,1.138751800,1.022289157
2738,0,-0.000000000,0.000000000
2739,0,1.000000000,1.000000000
2740,0,1.021928095,0.400000000
2741,0,1.000000000,1.000000000
2742,0,0.302292189,0.080000000
2743,0,1.257422929,1.047844828
2744,0,1.111242665,0.450092421
2745,0,1.000000000,1.000000000
2746,0,1.021928095,2.000000000
2747,0,1.052690404,1.007034221
2748,0,1.899445864,2.000404943
2749,0,2.339737852,1.521454632
2750,0,1.158230161,0.610216277
2751,0,1.386502095,1.367251479
2752,0,1.181206406,0.497107858
2753,0,1.426162405,1.125657669
2754,0,1.220324026,0.480980859
2755,0,1.390650645,0.704032594
2756,0,0.727484955,0.256566025
2757,0,0.082199577,0.020386013
2758,0,1.026327890,1.000309876
2759,0,1.061539993,1.505705612
2760,0,0.864532486,1.757036275
2761,0,0.692131567,0.238024340
2762,0,1.289097172,1.074734593
2763,0,1.183038484,1.509402320
2764,0,-0.000000000,0.000000000
2765,0,-0.000000000,0.000000000
2766,0,-0.000000000,0.000000000
2767,0,0.921928095,0.400000000
2768,0,-0.000000000,0.000000000
2769,0,-0.000000000,0.000000000
2770,0,-0.000000000,0.000000000
2771,0,0.921928095,1.800000000
2772,0,0.039584219,0.007547170
2773,0,0.287297754,0.081292059
2774,0,0.010052757,0.001589476
2775,0,0.925527641,0.401108373
2776,0,0.178187418,0.045078879
2777,0,0.309804421,0.087802937
2778,0,-0.000000000,0.000000000
2779,0,1.570950594,1.200000000
2780,0,0.420026002,0.133333333
2781,0,1.121220527,0.495522388
2782,0,-0.000000000,0.000000000
2783,0,1.570950594,1.400000000
2784,0,1.181290899,0.600000000
2785,0,0.650981982,0.215929204
2786,0,0.050526710,0.012481127
2787,0,-0.000000000,0.000000000
2788,0,-0.000000000,0.000000000
2789,0,0.282292189,0.080000000
2790,0,-0.000000000,0.000000000
2791,0,0.921928095,0.400000000
2792,0,-0.000000000,0.000000000
2793,0,0.921928095,0.400000000
2794,0,0.039584219,0.007547170
2795,0,0.936957107,0.405369128
2796,0,0.185279412,0.047371365
2797,0,0.310948232,0.088081885
2798,0,0.012603611,0.002159533
2799,0,0.926873951,0.401389303
2800,0,0.040297918,0.007712369
2801,0,-0.000000000,0.000000000
2802,0,-0.000000000,0.000000000
2803,0,1.000000000,1.000000000
2804,0,0.164134333,0.040816327
2805,0,1.214421711,1.062893082
2806,0,-0.000000000,0.000000000
2807,0,0.282292189,0.080000000
2808,0,0.009543159,0.001486989
2809,0,-0.000000000,0.000000000
2810,0,-0.000000000,0.000000000
2811,0,1.570950594,1.200000000
2812,0,0.104041954,0.023529412
2813,0,0.964387511,0.416753927
2814,0,0.202775797,0.053577661
2815,0,1.010986873,0.436158544
2816,0,0.845205026,0.349194919
2817,0,1.809947152,1.495434912
2818,0,1.302578816,0.749674064
2819,0,1.618659875,0.812770349
2820,0,-0.000000000,0.000000000
2821,0,0.282292189,0.080000000
2822,0,-0.000000000,0.000000000
2823,0,-0.000000000,0.000000000
2824,0,-0.000000000,0.000000000
2825,0,1.570950594,1.400000000
2826,0,0.420026002,0.133333333
2827,0,0.360837311,0.104075235
2828,0,-0.000000000,0.000000000
2829,0,-0.000000000,0.000000000
2830,0,-0.000000000,0.000000000
2831,0,0.921928095,0.400000000
2832,0,-0.000000000,0.000000000
2833,0,1.570950594,1.200000000
2834,0,0.104041954,0.023529412
2835,0,-0.000000000,0.000000000
2836,0,-0.000000000,0.000000000
2837,0,-0.000000000,0.000000000
2838,0,-0.000000000,0.000000000
2839,0,1.570950594,1.200000000
2840,0,-0.000000000,0.000000000
2841,0,1.570950594,1.200000000
2842,0,-0.000000000,0.000000000
2843,0,0.282292189,0.080000000
2844,0,0.009543159,0.001486989
2845,0,-0.000000000,0.000000000
2846,0,-0.000000000,0.000000000
2847,0,0.282292189,0.080000000
2848,0,0.009543159,0.001486989
2849,0,0.283354340,0.080253935
2850,0,0.009649889,0.001507128
2851,0,-0.000000000,0.000000000
2852,0,-0.000000000,0.000000000
2853,0,1.570950594,1.400000000
2854,0,-0.000000000,0.000000000
2855,0,0.282292189,0.080000000
2856,0,0.009543159,0.001486989
2857,0,0.925278881,0.401057502
2858,0,0.177995377,0.045020930
2859,0,-0.000000000,0.000000000
2860,0,-0.000000000,0.000000000
2861,0,0.282292189,0.080000000
2862,0,-0.000000000,0.000000000
2863,0,-0.000000000,0.000000000
2864,0,-0.000000000,0.000000000
2865,0,0.282292189,0.080000000
2866,0,0.009543159,0.001486989
2867,0,0.925278881,0.401057502
2868,0,-0.000000000,0.000000000
2869,0,0.282292189,0.080000000
2870,0,0.045570069,0.008888889
2871,0,-0.000000000,0.000000000
2872,0,-0.000000000,0.000000000
2873,0,0.921928095,0.400000000
2874,0,-0.000000000,0.000000000
2875,0,1.570950594,1.200000000
2876,0,-0.000000000,0.000000000
2877,0,1.570950594,1.200000000
2878,0,0.420026002,0.133333333
2879,0,0.360837311,0.104075235
2880,0,0.083874746,0.020271682
2881,0,-0.000000000,0.000000000
2882,0,-0.000000000,0.000000000
2883,0,0.282292189,0.080000000
2884,0,-0.000000000,0.000000000
2885,0,0.921928095,0.400000000
2886,0,0.039584219,0.007547170
2887,0,-0.000000000,0.000000000
2888,0,-0.000000000,0.000000000
2889,0,-0.000000000,0.000000000
2890,0,-0.000000000,0.000000000
2891,0,1.000000000,1.000000000
2892,0,0.614369446,2.000000000
2893,0,1.863366603,1.433160622
2894,0,0.784763947,0.337443817
2895,0,-0.000000000,0.000000000
2896,0,-0.000000000,0.000000000
2897,0,0.282292189,0.080000000
2898,0,0.045570069,0.008888889
2899,0,1.154722256,1.031160115
2900,0,0.187851057,0.048386134
2901,0,0.311249265,0.088134823
2902,0,0.060397785,0.013002294
2903,0,-0.000000000,0.000000000
2904,0,-0.000000000,0.000000000
2905,0,0.921928095,0.400000000
2906,0,0.175964403,0.044444444
2907,0,1.227980502,1.062358277
2908,0,0.211065129,0.057425837
2909,0,1.016101501,1.799770720
2910,0,-0.000000000,0.000000000
2911,0,-0.000000000,0.000000000
2912,0,-0.000000000,0.000000000
2913,0,-0.000000000,0.000000000
2914,0,-0.000000000,0.000000000
2915,0,-0.000000000,0.000000000
2916,0,-0.000000000,0.000000000
2917,0,-0.000000000,0.000000000
2918,0,-0.000000000,0.000000000
2919,0,0.282292189,0.080000000
2920,0,-0.000000000,0.000000000
2921,0,0.282292189,0.080000000
2922,0,-0.000000000,0.000000000
2923,0,-0.000000000,0.000000000
2924,0,-0.000000000,0.000000000
2925,0,1.000000000,1.000000000
2926,0,-0.000000000,0.000000000
2927,0,-0.000000000,0.000000000
2928,0,-0.000000000,0.000000000
2929,0,1.000000000,1.000000000
2930,0,0.164134333,0.040816327
2931,0,0.307356812,0.087084871
2932,0,0.012135728,0.002049434
2933,0,1.580279639,1.400349000
2934,0,-0.000000000,0.000000000
2935,0,0.282292189,0.080000000
2936,0,0.045570069,0.008888889
2937,0,0.939392434,0.406324111
2938,0,0.688035329,0.257193396
2939,0,0.430567255,0.127856028
2940,0,0.120255971,0.032786135
2941,0,1.676891483,1.228940838
2942,0,-0.000000000,0.000000000
2943,0,0.921928095,1.800000000
2944,0,-0.000000000,0.000000000
2945,0,0.282292189,0.080000000
2946,0,0.009543159,0.001486989
2947,0,0.283354340,0.080253935
2948,0,0.046093769,0.009008949
2949,0,0.939628343,0.406383693
2950,0,-0.000000000,0.000000000
2951,0,0.282292189,0.080000000
2952,0,0.045570069,0.008888889
2953,0,1.599986441,1.401445724
2954,0,0.450223349,0.145412428
2955,0,1.189832826,0.530968127
2956,0,0.181330211,0.093541071
2957,0,1.079536085,0.478598833
2958,0,0.355944707,0.128908482
2959,0,1.225631004,0.537572799
2960,0,0.048029364,0.029595963
2961,0,1.576573300,1.402123069
2962,0,1.189356244,0.602817963
2963,0,1.597785441,1.718997757
2964,0,0.661040783,0.286854050
2965,0,1.991176207,1.706782557
2966,0,0.297200823,0.105533262
2967,0,1.514743676,1.113952843
2968,0,0.317467696,0.107783028
2969,0,1.084511004,0.462888607
2970,0,0.078810311,0.022134044
2971,0,0.962558387,0.414673083
2972,0,0.051270451,0.013639858
2973,0,0.295407186,0.086415962
2974,0,0.056093357,0.015085634
2975,0,0.290265297,0.082583748
2976,0,0.050089761,0.010570601
2977,0,0.288925933,0.081774908
2978,0,0.001333261,0.000870506
2979,0,0.283901831,0.080932538
2980,0,0.001257439,0.000839232
2981,0,-0.000000000,0.000000000
2982,0,-0.000000000,0.000000000
2983,0,-0.000000000,0.000000000
2984,0,-0.000000000,0.000000000
2985,0,0.282292189,0.080000000
2986,0,0.009543159,0.001486989
2987,0,0.283354340,0.080253935
2988,0,0.046093769,0.009008949
2989,0,-0.000000000,0.000000000
2990,0,-0.000000000,0.000000000
2991,0,1.570950594,1.400000000
2992,0,0.104041954,0.023529412
2993,0,-0.000000000,0.000000000
2994,0,-0.000000000,0.000000000
2995,0,0.921928095,0.400000000
2996,0,0.175964403,0.044444444
2997,0,0.997329770,0.431683168
2998,0,0.224142085,0.061716172
2999,0,0.317933835,0.089833436
3000,0,0.065571620,0.014626350
3001,0,0.950198638,0.409100194
3002,0,-0.000000000,0.000000000
3003,0,-0.000000000,0.000000000
3004,0,-0.000000000,0.000000000
3005,0,0.282292189,0.080000000
3006,0,0.045570069,0.008888889
3007,0,1.599986441,1.210095565
3008,0,0.110204994,0.025305598
3009,0,1.640950424,1.227740437
3010,0,-0.000000000,0.000000000
3011,0,0.921928095,0.400000000
3012,0,0.175964403,0.044444444
3013,0,0.309486490,0.087726358
3014,0,0.012358551,0.002100416
3015,0,0.283757856,0.080327101
3016,0,-0.000000000,0.000000000
3017,0,0.282292189,0.080000000
3018,0,0.200458409,0.052173913
3019,0,0.314005028,0.089099526
3020,0,0.266338369,0.076840491
3021,0,1.043711786,0.449450662
3022,0,-0.000000000,0.000000000
3023,0,0.921928095,0.400000000
3024,0,-0.000000000,0.000000000
3025,0,-0.000000000,0.000000000
3026,0,-0.000000000,0.000000000
3027,0,0.282292189,0.080000000
3028,0,-0.000000000,0.000000000
3029,0,-0.000000000,0.000000000
3030,0,-0.000000000,0.000000000
3031,0,0.921928095,0.400000000
3032,0,0.175964403,0.044444444
3033,0,1.675578081,1.407015458
3034,0,-0.000000000,0.000000000
3035,0,1.000000000,1.000000000
3036,0,-0.000000000,0.000000000
3037,0,0.921928095,0.400000000
3038,0,0.039584219,0.007547170
3039,0,0.936957107,1.798993289
3040,0,0.041656256,0.008051331
3041,0,0.287592453,0.081351722
3042,0,0.010098318,0.001599361
3043,0,-0.000000000,0.000000000
3044,0,-0.000000000,0.000000000
3045,0,0.282292189,0.080000000
3046,0,0.045570069,0.008888889
3047,0,0.288142907,0.081522601
3048,0,0.048449749,0.009608776
3049,0,0.288647825,1.959699442
3050,0,0.012452529,0.002311000
3051,0,0.928862062,0.402035683
3052,0,0.005913800,0.001929216
3053,0,0.006373868,0.002215755
3054,0,0.005067063,0.002019646
3055,0,0.285050719,0.080921227
3056,0,0.010308628,0.001702421
3057,0,0.000357170,0.000127632
3058,0,0.001575873,0.000811363
3059,0,0.004027957,0.001980186
3060,0,0.000002603,0.000000484
3061,0,1.570952724,1.400000215
3062,0,0.000002276,0.000000462
3063,0,0.921929439,1.800000206
3064,0,0.307873993,2.097196271
3065,0,1.596307984,1.445425756
3066,0,0.931048748,0.669918974
3067,0,1.684977126,1.262153876
3068,0,0.187558656,0.057037082
3069,0,1.597496056,1.111447665
3070,0,1.126025819,1.506861423
3071,0,0.627081883,0.300783370
3072,0,0.424324772,0.168711780
3073,0,0.546443800,0.168176177
3074,0,0.487938733,0.142370485
3075,0,0.111588674,0.029744500
3076,0,1.604427197,1.200000000
3077,0,1.451749650,0.861364348
3078,0,-0.000000000,0.000000000
3079,0,1.000000000,1.000000000
3080,0,0.302292189,0.080000000
3081,0,1.060184319,1.008222222
3082,0,0.308717777,0.082066230
3083,0,1.013093875,1.001418389
3084,0,1.024646017,1.799539492
3085,0,1.000000000,1.000000000
3086,0,1.021928095,0.400000000
3087,0,1.052690404,1.007034221
3088,0,1.882728310,1.211927297
3089,0,1.140537854,1.022665803
3090,0,0.320034725,0.085738013
3091,0,1.013660543,1.001491149
3092,0,0.303451464,0.080371609
3093,0,1.000000000,1.000000000
3094,0,1.021928095,0.400000000
3095,0,1.052690404,1.007034221
3096,0,0.307787926,0.081766365
3097,0,1.013047487,1.001412456
3098,0,-0.000000000,0.000000000
3099,0,1.000000000,1.000000000
3100,0,0.302292189,0.080000000
3101,0,1.060184319,1.008222222
3102,0,0.308717777,0.082066230
3103,0,1.061632540,1.008464963
3104,0,-0.000000000,0.000000000
3105,0,1.000000000,1.000000000
3106,0,1.021928095,0.400000000
3107,0,1.000000000,1.000000000
3108,0,1.021928095,0.400000000
3109,0,1.052690404,1.007034221
3110,0,0.307787926,0.081766365
3111,0,1.013047487,1.001412456
3112,0,1.024635137,0.401469601
3113,0,1.228870965,1.041288210
3114,0,1.929245338,2.001993326
3115,0,1.148786221,1.024422255
3116,0,1.907906847,2.001216770
3117,0,1.000000000,1.000000000
3118,0,1.870950594,1.400000000
3119,0,1.532052555,1.123333333
3120,0,-0.000000000,0.000000000
3121,0,1.000000000,1.000000000
3122,0,1.021928095,0.400000000
3123,0,1.052690404,1.007034221
3124,0,1.035378563,0.407332871
3125,0,1.231864424,1.041994141
3126,0,1.100504734,0.443881362
3127,0,1.000000000,1.000000000
3128,0,-0.000000000,0.000000000
3129,0,1.000000000,1.000000000
3130,0,0.302292189,0.080000000
3131,0,1.000000000,1.000000000
3132,0,0.302292189,0.080000000
3133,0,1.012773762,1.001377513
3134,0,1.024571058,0.401435139
3135,0,1.000000000,1.000000000
3136,0,1.021928095,0.400000000
3137,0,1.784319623,1.213461538
3138,0,1.385153104,0.627492130
3139,0,2.026382904,1.327918333
3140,0,2.082798983,2.012267208
3141,0,1.197792682,3.000000000
3142,0,2.034048961,2.517604861
3143,0,2.293153683,3.041687727
3144,0,1.839456704,2.040066428
3145,0,2.624089771,1.919161650
3146,0,1.962398344,2.011046516
3147,0,1.965495205,1.791821573
3148,0,2.282976378,1.537072741
3149,0,2.241362059,1.454263693
3150,0,2.355719922,1.765262845
3151,0,2.026778704,1.447227787
3152,0,2.427827673,1.794538849
3153,0,1.931865534,1.329269704
3154,0,1.447945060,1.018595568
3155,0,1.906162536,1.367456135
3156,0,1.735498093,1.094160378
3157,0,1.853105516,1.876718162
3158,0,1.438236323,1.034332801
3159,0,1.197072284,1.074456797
3160,0,1.515356141,1.124791966
3161,0,1.259738183,1.536758707
3162,0,1.414486789,1.895458606
3163,0,0.844511498,1.925739317
3164,0,0.272577195,1.908226817
3165,0,1.691478634,1.406558256
3166,0,1.455296977,1.476426667
3167,0,1.047437006,1.702136333
3168,0,0.860022634,1.821736468
3169,0,1.213445521,2.074330709
3170,0,1.418148482,1.747184016
3171,0,1.538956279,2.442116620
3172,0,1.490168858,3.034390591
3173,0,1.702379372,1.725567358
3174,0,1.756839866,2.132152579
3175,0,0.402258956,1.840805010
3176,0,1.137010105,2.113255148
3177,0,0.165631683,0.048774846
3178,0,1.642613302,1.430560576
3179,0,1.567472094,0.802078535
3180,0,2.108516133,1.595716116
3181,0,1.735546041,1.168671147
3182,0,1.683786936,1.400083941
3183,0,2.002641638,1.757317438
3184,0,0.775197726,1.618488284
3185,0,0.550150550,0.255977706
3186,0,0.405446173,0.161236867
3187,0,1.704633563,1.417542350
3188,0,1.425875345,0.782166680
3189,0,1.073736671,0.509732625
3190,0,1.337862871,0.547923192
3191,0,0.773216026,0.261284730
3192,0,0.357439434,0.105124728
3193,0,1.016001037,0.979768586
3194,0,1.025494643,0.401956859
3195,0,1.052940362,1.009368595
3196,0,1.035453513,0.407373701
3197,0,1.053640683,1.007427485
3198,0,0.307903085,0.081803266
3199,0,1.061449189,1.008428908
3200,0,1.042456298,0.409982527
3201,0,1.004697803,1.001721435
3202,0,0.304747200,0.080852608
3203,0,1.002147283,1.000829773
3204,0,0.304108507,0.080753709
3205,0,1.084895152,1.015635602
3206,0,1.076787214,0.423994579
3207,0,1.329745283,1.079660762
3208,0,1.253489052,0.528794750
3209,0,1.272033212,1.100358232
3210,0,1.247875462,1.863113051
3211,0,1.344018056,1.134949559
3212,0,1.915666137,2.086542179
3213,0,1.289844977,1.693619830
3214,0,1.314961448,0.992828337
3215,0,1.362851499,1.109398273
3216,0,0.866925102,0.405050166
3217,0,0.473260679,0.157421632
3218,0,0.358785985,0.107483092
3219,0,-0.000000000,0.000000000
3220,0,1.000000000,1.000000000
3221,0,1.021928095,0.400000000
3222,0,1.036488422,1.010048802
3223,0,1.031497217,0.405055762
3224,0,1.037020225,1.000996120
3225,0,0.306201402,0.081236790
3226,0,1.009031239,1.000200236
3227,0,-0.000000000,0.000000000
3228,0,1.000000000,1.000000000
3229,0,-0.000000000,0.000000000
3230,0,1.000000000,1.000000000
3231,0,1.021928095,0.400000000
3232,0,1.159955911,1.026993464
3233,0,-0.000000000,0.000000000
3234,0,1.000000000,1.000000000
3235,0,1.870950594,1.200000000
3236,0,1.094879386,1.002520718
3237,0,-0.000000000,0.000000000
3238,0,1.000000000,1.000000000
3239,0,1.021928095,1.800000000
3240,0,0.999985120,1.004541811
3241,0,-0.000000000,0.000000000
3242,0,1.000000000,1.000000000
3243,0,1.870950594,2.000000000
3244,0,0.999853521,1.014249790
3245,0,1.021913447,0.400000000
3246,0,0.999975975,0.994228885
3247,0,-0.000000000,0.000000000
3248,0,1.000000000,1.000000000
3249,0,1.021928095,0.400000000
3250,0,1.036488422,1.000809672
3251,0,-0.000000000,0.000000000
3252,0,1.000000000,1.000000000
3253,0,0.302292189,0.080000000
3254,0,0.999999425,1.000892716
3255,0,-0.000000000,0.000000000
3256,0,1.000000000,1.000000000
3257,0,1.021928095,0.400000000
3258,0,1.159955911,1.026993464
3259,0,0.325026163,0.087275700
3260,0,1.046251143,1.006723679
3261,0,0.307358636,0.081603674
3262,0,0.999999572,0.999229285
3263,0,1.870950466,1.999537571
3264,0,1.094862684,1.002308511
3265,0,1.896584185,2.004773993
3266,0,1.098286258,1.004371457
3267,0,1.052755797,0.416414395
3268,0,1.167000717,1.029321524
3269,0,1.080281406,0.431467467
3270,0,1.173881056,1.033531759
3271,0,1.920630256,1.251796582
3272,0,1.401037629,1.101018063
3273,0,-0.000000000,0.000000000
3274,0,1.000000000,1.000000000
3275,0,1.500000000,2.000000000
3276,0,1.543635402,1.946732026
3277,0,1.278412948,1.769818937
3278,0,1.223516606,1.057959356
3279,0,1.104809009,0.445160205
3280,0,1.180555814,1.038862485
3281,0,1.085923061,2.010537925
3282,0,1.040362833,1.005488720
3283,0,-0.000000000,0.000000000
3284,0,1.000000000,1.000000000
3285,0,1.500000000,1.000000000
3286,0,0.999553063,1.024890190
3287,0,1.870816514,2.014934114
3288,0,1.094305836,1.038023680
3289,0,0.314225531,0.083792258
3290,0,1.009335382,1.002141327
3291,0,1.023930916,0.401053835
3292,0,1.036599218,1.000842309
3293,0,-0.000000000,0.000000000
3294,0,1.000000000,1.000000000
3295,0,-0.000000000,0.000000000
3296,0,1.000000000,1.000000000
3297,0,0.302292189,0.080000000
3298,0,1.042002482,1.007398693
3299,0,1.892234136,1.404193036
3300,0,1.389695962,1.114041609
3301,0,0.391050701,0.111327287
3302,0,1.069670628,1.023622754
3303,0,0.016037213,0.008784745
3304,0,1.015795800,1.007011363
3305,0,1.871316245,1.400065689
3306,0,1.751082996,1.100346021
3307,0,1.424403213,0.864567182
3308,0,1.654478617,1.651910571
3309,0,1.062133918,0.836623719
3310,0,1.760502317,1.529689462
3311,0,0.991522133,1.002216596
3312,0,1.490932000,1.876865928
3313,0,0.850457511,1.044258185
3314,0,1.927497348,2.459300512
3315,0,0.874317925,0.769000145
3316,0,1.233296617,1.066569353
3317,0,1.158401435,2.047275122
3318,0,1.086837800,1.035599085
3319,0,1.077733466,0.440854105
3320,0,1.182497040,1.047836027
3321,0,0.329209171,0.089713685
3322,0,1.002721908,1.001902312
3323,0,1.878171731,1.404268347
3324,0,1.006079558,1.018219002
3325,0,1.887158561,2.016884971
3326,0,1.392066801,1.126313834
3327,0,0.375679360,0.105599705
3328,0,1.015284073,1.003030778
3329,0,0.303327598,0.080326631
3330,0,1.042202359,1.005475096
3331,0,1.033257821,0.405991639
3332,0,1.037149293,1.009663197
3333,0,-0.000000000,0.000000000
3334,0,1.000000000,1.000000000
3335,0,1.021928095,0.400000000
3336,0,1.159955911,1.026993464
3337,0,0.325026163,0.087275700
3338,0,1.009811919,1.001630194
3339,0,-0.000000000,0.000000000
3340,0,1.000000000,1.000000000
3341,0,1.870950594,1.400000000
3342,0,1.375791478,1.110980392
3343,0,1.181696492,0.490099053
3344,0,0.999994107,1.002858288
3345,0,0.302292071,0.080000000
3346,0,0.999999486,0.999155763
3347,0,0.302292179,0.080000000
3348,0,0.999999407,1.000907035
3349,0,0.302292177,0.080000000
3350,0,1.041996101,1.005380754
3351,0,1.033194484,0.405958021
3352,0,1.037144811,1.001419707
3353,0,-0.000000000,0.000000000
3354,0,1.000000000,1.000000000
3355,0,1.021928095,0.400000000
3356,0,1.036488422,1.010048802
3357,0,0.306136756,0.081216458
3358,0,1.042692534,1.005545415
3359,0,0.306909789,0.081461702
3360,0,1.042863929,1.007450901
3361,0,1.033463683,0.406099920
3362,0,1.162682409,1.028265229
3363,0,1.917102250,1.406430422
3364,0,0.999974669,1.005925847
3365,0,0.302291682,0.080000000
3366,0,1.008867605,1.000056308
3367,0,0.303048808,0.080238955
3368,0,0.999999426,1.000891821
3369,0,-0.000000000,0.000000000
3370,0,1.000000000,1.000000000
3371,0,0.302292189,0.080000000
3372,0,0.999999425,1.000892716
3373,0,-0.000000000,0.000000000
3374,0,1.000000000,1.000000000
3375,0,0.302292189,0.080000000
3376,0,1.042002482,1.007398693
3377,0,0.306823294,0.081434444
3378,0,1.185375743,1.037123643
3379,0,1.088208971,0.435899049
3380,0,1.175884171,1.034861536
3381,0,1.083980919,2.009198276
3382,0,1.040210374,1.004894392
3383,0,-0.000000000,0.000000000
3384,0,1.000000000,1.000000000
3385,0,1.500000000,2.000000000
3386,0,2.186282674,1.791914894
3387,0,2.684611921,2.148174059
3388,0,2.255857325,1.680612975
3389,0,2.579800716,2.137864797
3390,0,1.480743469,1.768627028
3391,0,1.531044979,1.142347204
3392,0,1.645080126,0.885544422
3393,0,0.486129466,0.147765657
3394,0,1.083890373,0.992714044
3395,0,0.312606794,0.083298610
3396,0,0.999999993,1.000099649
3397,0,-0.000000000,0.000000000
3398,0,1.000000000,1.000000000
3399,0,0.302292189,0.080000000
3400,0,1.042002482,1.007398693
3401,0,1.037521360,0.407125753
3402,0,1.041776512,1.003097879
3403,0,1.894217162,2.006766346
3404,0,1.394035441,1.088749775
3405,0,0.374922151,0.104183307
3406,0,1.012889028,1.001184815
3407,0,0.307076047,0.081423071
3408,0,1.045741399,1.008207366
3409,0,0.310803933,0.082966515
3410,0,1.188107195,1.037961020
3411,0,0.336183728,0.091145708
3412,0,1.016349180,1.003370290
3413,0,1.882045165,1.402685579
3414,0,1.384081675,1.113221649
3415,0,1.228815479,0.511253599
3416,0,1.069779473,1.031229568
3417,0,0.331378158,0.093686670
3418,0,1.069331949,1.013540615
3419,0,1.430609678,0.735564265
3420,0,0.839431779,0.306258700
3421,0,0.652817581,0.202602828
3422,0,0.260801519,0.076152689
3423,0,0.192208304,0.050525067
3424,0,1.629148965,1.203104161
3425,0,1.540687380,1.293095929
3426,0,0.032613271,0.006756417
3427,0,0.938770071,1.800301638
3428,0,1.623437576,1.075102871
3429,0,1.047305380,0.607962253
3430,0,-0.000000000,0.000000000
3431,0,1.000000000,1.000000000
3432,0,-0.000000000,0.000000000
3433,0,1.000000000,1.000000000
3434,0,0.302292189,0.080000000
3435,0,1.257422929,1.047844828
3436,0,0.340029904,0.092331027
3437,0,1.000000000,1.000000000
3438,0,0.302292189,0.080000000
3439,0,1.012773762,1.001377513
3440,0,1.873460820,1.399805497
3441,0,1.000129092,1.000036904
3442,0,0.302428514,0.080043399
3443,0,1.038878213,1.008106621
3444,0,0.310832443,0.082692896
3445,0,1.017486887,1.003576140
3446,0,0.308277663,0.082537481
3447,0,1.004869039,1.001773413
3448,0,1.871094122,2.000013801
3449,0,1.699217312,1.222160702
3450,0,2.256870590,1.475981791
3451,0,2.180052906,1.651721027
3452,0,2.239614339,1.361028949
3453,0,1.301981607,1.066742892
3454,0,1.053120507,0.515429032
3455,0,1.853182916,1.382414213
3456,0,1.419558744,1.578686378
3457,0,0.587765558,0.269716876
3458,0,0.690711963,0.242399404
3459,0,1.250525872,1.873581576
3460,0,1.555111403,1.946515463
3461,0,2.214612041,1.453234820
3462,0,1.742380170,1.459791850
3463,0,2.317329784,1.428664098
3464,0,1.908521798,1.207153780
3465,0,1.409610161,2.669864395
3466,0,1.592268329,2.180604106
3467,0,1.764579832,2.071117518
3468,0,2.011364192,1.773916085
3469,0,2.191132207,1.336357486
3470,0,2.072108149,1.077497618
3471,0,1.205785757,0.491997649
3472,0,2.154257322,1.569196988
3473,0,0.837071024,0.495710903
3474,0,1.305328094,1.821845379
3475,0,1.781250421,1.243470118
3476,0,0.916033500,0.662174784
3477,0,1.013531445,0.400000000
3478,0,1.590421009,1.217089222
3479,0,0.434653161,0.125572686
3480,0,1.014778147,1.008648491
3481,0,0.303638404,0.080425788
3482,0,1.042311704,1.005640209
3483,0,0.306861229,0.081446596
3484,0,1.009064580,1.001904742
3485,0,-0.000000000,0.000000000
3486,0,1.000000000,1.000000000
3487,0,0.302292189,0.080000000
3488,0,0.999999425,0.999107284
3489,0,0.302292178,0.080000000
3490,0,0.999999405,1.000907858
3491,0,1.021928035,0.400000000
3492,0,1.036482235,1.010127853
3493,0,0.306136129,1.999919965
3494,0,1.184761572,1.039831573
3495,0,0.329518360,0.088736779
3496,0,1.010005653,1.000979762
3497,0,-0.000000000,0.000000000
3498,0,1.000000000,1.000000000
3499,0,-0.000000000,0.000000000
3500,0,1.000000000,1.000000000
3501,0,0.302292189,0.080000000
3502,0,1.008877014,1.001980934
3503,0,1.023819627,0.400996265
3504,0,1.160382413,1.037085781
3505,0,1.916380703,1.981110122
3506,0,1.101878684,1.024824775
3507,0,0.315327963,0.084144334
3508,0,1.000049453,0.999352906
3509,0,0.302315857,0.080007677
3510,0,1.042000263,1.005386056
3511,0,0.000002771,0.000000758
3512,0,1.000000477,1.000000081
3513,0,0.302292711,0.080000130
3514,0,1.042002589,1.005398713
3515,0,1.046498770,0.409718296
3516,0,1.007199571,0.998422824
3517,0,1.023802904,1.800288327
3518,0,1.162690592,1.052183609
3519,0,1.145469232,0.462838158
3520,0,1.414444310,1.333948147
3521,0,0.308463598,0.325471020
3522,0,1.021806828,1.008332221
3523,0,0.312673754,0.084557047
3524,0,1.044430799,1.012163535
3525,0,0.316128493,0.085236621
3526,0,1.049263162,1.008376777
3527,0,0.314931649,0.084762607
3528,0,1.051443897,1.013667874
3529,0,1.058675259,0.415442712
3530,0,1.043744702,1.014275699
3531,0,1.038066892,0.407244424
3532,0,1.039279320,1.001373611
3533,0,1.625023018,1.035937875
3534,0,1.587657551,1.158145139
3535,0,0.002843387,0.002206571
3536,0,1.000184583,1.000082986
3537,0,0.000041901,0.000018809
3538,0,1.000040906,1.000015459
3539,0,0.302330305,0.080018660
3540,0,1.000036665,1.000911400
3541,0,1.021964161,0.400019425
3542,0,1.000103266,0.995451039
3543,0,0.302303532,0.080005977
3544,0,1.008875247,1.002062855
3545,0,1.023822783,1.999938881
3546,0,0.999986704,1.004533559
3547,0,1.021926633,0.400000006
3548,0,0.999982468,0.995067131
3549,0,1.021926345,0.400000002
3550,0,0.999982207,1.004967381
3551,0,0.000000005,0.000000002
3552,0,1.000000000,1.000000000
3553,0,1.021928095,0.400000000
3554,0,1.036488422,1.000809672
3555,0,1.031497217,0.405055762
3556,0,0.999985684,1.004454838
3557,0,0.302291903,0.080000000
3558,0,0.999999324,1.000968274
3559,0,-0.000000000,0.000000000
3560,0,1.000000000,1.000000000
3561,0,-0.000000000,0.000000000
3562,0,1.000000000,1.000000000
3563,0,1.021928095,0.400000000
3564,0,0.999985120,1.004541811
3565,0,1.021926607,0.400000000
3566,0,1.575028770,1.165665015
3567,0,2.028501081,1.429403365
3568,0,1.622312685,1.538454997
3569,0,1.502352331,1.513497260
3570,0,1.170715924,1.268704292
3571,0,1.094847219,0.443941875
3572,0,1.007420921,0.984067233
3573,0,0.312789551,0.087593981
3574,0,1.052041130,1.012971012
3575,0,1.904204303,1.417515595
3576,0,0.999888815,1.012414951
3577,0,0.302289965,2.000496598
3578,0,1.041914853,1.007624921
3579,0,0.306813409,0.081431075
3580,0,0.999999530,0.999192512
3581,0,0.302292180,0.080000000
3582,0,0.999999407,0.999093588
3583,0,1.499999704,1.000000000
3584,0,1.148445933,1.054611371
3585,0,-0.000000000,0.000000000
3586,0,1.000000000,1.000000000
3587,0,1.870950594,1.400000000
3588,0,1.094879386,1.002520718
3589,0,-0.000000000,0.000000000
3590,0,1.000000000,1.000000000
3591,0,-0.000000000,0.000000000
3592,0,1.000000000,1.000000000
3593,0,1.021928095,0.400000000
3594,0,0.999985120,1.004541811
3595,0,1.021926607,0.400000000
3596,0,1.159841262,1.037407274
3597,0,1.077298106,0.429837085
3598,0,1.039749953,1.008235212
3599,0,0.306533632,0.081341732
3600,0,1.009049403,1.001933179
3601,0,0.303066072,0.080244397
3602,0,1.042142096,1.005430177
3603,0,0.306840761,0.081439950
3604,0,0.999999540,0.999201290
3605,0,1.021928049,0.400000000
3606,0,1.036482979,1.000739038
3607,0,1.035254844,0.406044182
3608,0,1.166461735,1.029146007
3609,0,1.081363269,0.431761929
3610,0,1.040341959,1.004171209
3611,0,0.307108432,0.081619637
3612,0,1.009498453,1.002127352
3613,0,0.303176105,0.080294401
3614,0,0.999999431,1.000887926
3615,0,1.499999716,2.000887926
3616,0,0.999537875,1.025309544
3617,0,-0.000000000,0.000000000
3618,0,1.000000000,1.000000000
3619,0,1.500000000,2.000000000
3620,0,1.543635402,1.184967320
3621,0,0.418709043,0.119206902
3622,0,0.999997990,0.998330645
3623,0,0.302292149,0.080000000
3624,0,1.070970660,1.013196503
3625,0,0.049653914,0.022243519
3626,0,1.012565495,1.002234292
3627,0,0.903195361,0.385083772
3628,0,1.009071594,0.662331002
3629,0,1.145453396,3.160372224
3630,0,0.991630968,0.892208134
3631,0,1.563224437,1.010310774
3632,0,1.419727306,1.428647500
3633,0,0.523628052,0.180213706
3634,0,0.590508315,0.162375298
3635,0,1.280870590,0.545194763
3636,0,1.940460725,1.536798923
3637,0,-0.000000000,0.000000000
3638,0,1.000000000,1.000000000
3639,0,1.869193128,2.026143791
3640,0,2.636225268,2.913583687
3641,0,1.361648917,4.229086005
3642,0,1.297853528,4.787954465
3643,0,1.852971457,3.544120194
3644,0,1.376851697,3.543174417
3645,0,0.855844151,3.573257390
3646,0,0.910646489,3.706755241
3647,0,1.384470893,2.076358449
3648,0,0.753960385,2.008981748
3649,0,0.521557399,0.157371117
3650,0,0.115098560,0.030910328
3651,0,0.981947540,0.410990339
3652,0,0.043553404,0.009514808
3653,0,0.026429681,0.005283212
3654,0,0.935559664,0.401878475
3655,0,0.009537329,0.001629877
3656,0,0.287763651,0.080834436
3657,0,0.322008657,1.956611287
3658,0,1.709718297,1.089556959
3659,0,2.183820292,1.423398057
3660,0,1.890700868,1.577389511
3661,0,1.159841550,0.557381411
3662,0,-0.000000000,0.000000000
3663,0,1.000000000,1.000000000
3664,0,-0.000000000,0.000000000
3665,0,1.000000000,1.000000000
3666,0,1.021928095,0.400000000
3667,0,1.052690404,1.007034221
3668,0,1.035378563,0.407332871
3669,0,1.053635335,1.007189192
3670,0,0.307902432,0.081803056
3671,0,1.262329836,1.049041854
3672,0,0.340936913,0.092631679
3673,0,1.014715074,1.001627748
3674,0,-0.000000000,0.000000000
3675,0,1.000000000,1.000000000
3676,0,0.302292189,0.080000000
3677,0,1.000000000,1.000000000
3678,0,0.302292189,0.080000000
3679,0,1.000000000,1.000000000
3680,0,-0.000000000,0.000000000
3681,0,1.000000000,1.000000000
3682,0,-0.000000000,0.000000000
3683,0,1.000000000,1.000000000
3684,0,0.302292189,0.080000000
3685,0,1.012773762,1.001377513
3686,0,1.873460820,1.202352203
3687,0,1.000000000,1.000000000
3688,0,0.302292189,0.080000000
3689,0,1.012773762,1.001377513
3690,0,0.303367094,0.080344681
3691,0,1.060426407,1.008262715
3692,0,1.037712657,0.408612372
3693,0,1.053800087,1.007216275
3694,0,1.892841805,2.002089503
3695,0,1.011203527,1.004030941
3696,0,0.314563783,0.086405927
3697,0,1.022389730,1.007457594
3698,0,1.881298508,1.205465084
3699,0,1.009038537,1.004245578
3700,0,0.010688443,0.005850463
3701,0,1.001762743,1.000527963
3702,0,1.023395317,0.400634750
3703,0,1.000000000,1.000000000
3704,0,1.870950594,2.000000000
3705,0,1.000000000,1.000000000
3706,0,-0.000000000,0.000000000
3707,0,1.000000000,1.000000000
3708,0,0.302292189,0.080000000
3709,0,1.012773762,1.001377513
3710,0,1.025497140,0.401630653
3711,0,1.053031401,1.007133630
3712,0,1.892567056,1.214550144
3713,0,1.151679662,1.026626247
3714,0,0.012155151,0.006447862
3715,0,1.002929874,1.001074967
3716,0,0.303590371,0.080460266
3717,0,1.083711990,1.003225806
3718,0,0.316666792,0.084672901
3719,0,1.092229311,1.016316189
3720,0,1.066270994,0.420352311
3721,0,1.258072862,1.048852844
3722,0,2.001920857,1.403702911
3723,0,1.183367374,1.046348424
3724,0,0.349190078,0.100911807
3725,0,1.016514416,1.008828617
3726,0,1.040071218,0.411251010
3727,0,1.246621182,1.052370625
3728,0,1.117307641,0.454851939
3729,0,1.265959404,1.054791436
3730,0,-0.000000000,0.000000000
3731,0,1.000000000,1.000000000
3732,0,1.021928095,2.000000000
3733,0,1.000000000,1.000000000
3734,0,0.302292189,0.080000000
3735,0,1.012773762,1.001377513
3736,0,-0.000000000,0.000000000
3737,0,1.000000000,1.000000000
3738,0,-0.000000000,0.000000000
3739,0,1.000000000,1.000000000
3740,0,-0.000000000,0.000000000
3741,0,1.000000000,1.000000000
3742,0,0.302292189,0.080000000
3743,0,1.000000000,1.000000000
3744,0,1.870950594,2.000000000
3745,0,1.138751800,1.022289157
3746,0,0.346471544,0.096336082
3747,0,1.019782705,1.006792643
3748,0,0.306599384,0.082013857
3749,0,1.061220473,1.008501557
3750,0,0.001158726,0.000471751
3751,0,1.000000000,1.000000000
3752,0,0.302292189,0.080000000
3753,0,1.114974079,1.024468512
3754,0,1.062920510,0.599461843
3755,0,1.236889207,1.022561886
3756,0,1.000418800,1.429231908
3757,0,0.235170639,0.076389279
3758,0,0.149297736,0.042638483
3759,0,0.371415906,0.102003292
3760,0,0.385601372,0.110232884
3761,0,0.360773101,0.103727488
3762,0,1.071581735,0.989055197
3763,0,1.570745767,2.379755020
3764,0,1.253718103,1.128367791
3765,0,1.145047264,0.606895857
3766,0,1.069260111,1.044840128
3767,0,1.591004454,0.778882337
3768,0,1.539946200,1.202966889
3769,0,1.708687737,0.876586674
3770,0,1.261971148,1.073334766
3771,0,0.870768782,0.547106375
3772,0,1.241227707,1.189339033
3773,0,1.134447534,0.644308497
3774,0,1.009191699,1.045844690
3775,0,1.572732992,0.773542754
3776,0,1.534894460,1.645403985
3777,0,1.415690814,0.765514624
3778,0,1.093305863,0.984476398
3779,0,1.099096819,1.493228758
3780,0,-0.000000000,0.000000000
3781,0,-0.000000000,0.000000000
3782,0,-0.000000000,0.000000000
3783,0,0.921928095,0.400000000
3784,0,-0.000000000,0.000000000
3785,0,0.282292189,0.080000000
3786,0,0.009543159,0.001486989
3787,0,-0.000000000,0.000000000
3788,0,-0.000000000,0.000000000
3789,0,1.570950594,1.400000000
3790,0,0.104041954,0.023529412
3791,0,1.141948441,1.037453184
3792,0,0.707131067,0.267462852
3793,0,1.276070984,1.785793034
3794,0,0.430829072,2.095555277
3795,0,1.139308198,1.836651679
3796,0,0.366955371,2.080598877
3797,0,1.107044545,1.831744528
3798,0,0.078872009,0.019771706
3799,0,0.959549192,0.411058138
3800,0,0.046320610,0.009348135
3801,0,0.288346261,0.081494795
3802,0,0.010225067,0.001627259
3803,0,0.925624426,0.401125693
3804,0,0.040084123,0.007660436
3805,0,0.937186386,0.405424235
3806,0,0.041699216,0.008062598
3807,0,0.287599075,0.081352972
3808,0,-0.000000000,0.000000000
3809,0,0.282292189,0.080000000
3810,0,-0.000000000,0.000000000
3811,0,0.282292189,0.080000000
3812,0,-0.000000000,0.000000000
3813,0,0.921928095,0.400000000
3814,0,0.175964403,0.044444444
3815,0,0.997329770,1.794059406
3816,0,0.224142085,0.061716172
3817,0,0.317933835,0.089833436
3818,0,0.065571620,0.014626350
3819,0,0.950198638,0.409100194
3820,0,-0.000000000,0.000000000
3821,0,-0.000000000,0.000000000
3822,0,-0.000000000,0.000000000
3823,0,0.282292189,0.080000000
3824,0,0.009543159,0.001486989
3825,0,-0.000000000,0.000000000
3826,0,-0.000000000,0.000000000
3827,0,0.282292189,0.080000000
3828,0,0.009543159,0.001486989
3829,0,0.283354340,0.080253935
3830,0,0.009649889,0.001507128
3831,0,-0.000000000,0.000000000
3832,0,-0.000000000,0.000000000
3833,0,1.570950594,1.400000000
3834,0,0.104041954,0.023529412
3835,0,-0.000000000,0.000000000
3836,0,-0.000000000,0.000000000
3837,0,1.570950594,1.400000000
3838,0,-0.000000000,0.000000000
3839,0,0.921928095,1.800000000
3840,0,-0.000000000,0.000000000
3841,0,0.282292189,0.080000000
3842,0,-0.000000000,0.000000000
3843,0,0.282292189,0.080000000
3844,0,0.009543159,0.001486989
3845,0,1.014233274,1.002265052
3846,0,0.622327328,0.225203870
3847,0,0.413703018,0.122149850
3848,0,-0.000000000,0.000000000
3849,0,0.921928095,0.400000000
3850,0,0.039584219,0.007547170
3851,0,1.596273766,1.401228911
3852,0,0.441403071,2.006998801
3853,0,1.131111771,1.785203877
3854,0,0.316735718,0.101380287
3855,0,1.466308016,1.123990969
3856,0,1.877706700,1.789538536
3857,0,1.994854573,2.310511206
3858,0,2.482842670,2.139344286
3859,0,1.750564033,2.049816527
3860,0,1.419146216,1.272403146
3861,0,1.481082606,1.021737502
3862,0,1.558877571,1.639300658
3863,0,1.266125928,0.722550840
3864,0,1.290856214,1.220027520
3865,0,1.184571430,0.637187087
3866,0,1.269603277,1.024585816
3867,0,1.178772168,0.633998434
3868,0,1.260998978,1.018383727
3869,0,0.856878608,0.548222237
3870,0,1.269682529,1.644253097
3871,0,1.979055263,1.440990007
3872,0,1.540406692,1.545589118
3873,0,1.949831894,1.519916571
3874,0,1.080117389,0.697593606
3875,0,0.567475914,0.178423816
3876,0,0.079403358,0.027846207
3877,0,0.305212184,0.090507816
3878,0,0.067072178,0.021248136
3879,0,0.956371655,0.416256381
3880,0,0.194673449,0.051395864
3881,0,1.008216336,1.797182944
3882,0,0.000655866,0.000315015
3883,0,0.282942598,0.080334231
3884,0,0.000172794,0.000073092
3885,0,0.282462428,0.080078456
3886,0,0.009611008,0.001515298
3887,0,0.283367252,0.080258946
3888,0,0.046106827,0.009014408
3889,0,-0.000000000,0.000000000
3890,0,-0.000000000,0.000000000
3891,0,0.921928095,1.800000000
3892,0,0.039584219,0.007547170
3893,0,0.936957107,0.405369128
3894,0,0.041656256,0.008051331
3895,0,0.938267258,0.405699543
3896,0,0.042273728,0.008257619
3897,0,0.003613174,0.001339598
3898,0,0.000058718,0.000011268
3899,0,0.000061264,0.000013508
3900,0,0.000062863,0.000016828
3901,0,0.000050854,0.000015318
3902,0,0.000041388,0.000016034
3903,0,0.282333507,0.080015965
3904,0,0.045581094,0.008892598
3905,0,1.599996530,1.401448974
3906,0,0.110249146,0.025311977
3907,0,0.303564161,0.086197046
3908,0,0.106598929,0.025267347
3909,0,1.010534529,0.430088471
3910,0,0.144034224,0.037453474
3911,0,0.428689397,0.133418131
3912,0,0.122016346,0.030234026
3913,0,0.119405064,0.042157090
3914,0,0.017928238,0.003939007
3915,0,-0.000000000,0.000000000
3916,0,-0.000000000,0.000000000
3917,0,1.000000000,1.000000000
3918,0,0.811278124,0.500000000
3919,0,1.336933153,0.857608696
3920,0,0.100956666,0.027064610
3921,0,0.388396203,0.118798506
3922,0,0.117040911,0.028737580
3923,0,0.305995089,0.086776268
3924,0,0.092842490,0.022826787
3925,0,1.008532308,0.428138443
3926,0,0.386132914,0.127031639
3927,0,1.180722044,1.042041816
3928,0,0.534035098,0.237123177
3929,0,1.271420516,1.081479177
3930,0,0.031620398,0.007662473
3931,0,1.084554168,1.014186882
3932,0,0.998193268,0.883302263
3933,0,2.104351261,1.406352184
3934,0,1.451965662,0.605539545
3935,0,2.034341077,2.027392314
3936,0,2.242430253,2.317575602
3937,0,2.779382680,3.360177290
3938,0,2.157008558,2.515216358
3939,0,2.721279999,2.008423178
3940,0,2.022029435,2.243127432
3941,0,2.834607455,2.726921363
3942,0,2.066774658,1.565881477
3943,0,2.011892971,1.303639679
3944,0,1.812966314,1.338692239
3945,0,1.102638932,1.518387380
3946,0,1.050001863,0.488328337
3947,0,2.028335152,1.343105745
3948,0,-0.000000000,0.000000000
3949,0,1.000000000,1.000000000
3950,0,1.021928095,0.400000000
3951,0,1.052690404,1.007034221
3952,0,1.035378563,0.407332871
3953,0,1.231864424,1.041994141
3954,0,0.335327563,2.000000000
3955,0,1.000000000,1.000000000
3956,0,0.302292189,0.080000000
3957,0,1.000000000,1.000000000
3958,0,0.302292189,0.080000000
3959,0,1.000000000,1.000000000
3960,0,1.021928095,0.400000000
3961,0,1.052690404,1.007034221
3962,0,0.307787926,0.081766365
3963,0,1.061422809,1.008429735
3964,0,1.038016311,1.797259147
3965,0,1.053821776,1.007219871
3966,0,1.035714318,0.407514612
3967,0,1.000000000,1.000000000
3968,0,-0.000000000,0.000000000
3969,0,1.000000000,1.000000000
3970,0,0.302292189,0.080000000
3971,0,1.060184319,1.008222222
3972,0,0.308717777,0.082066230
3973,0,1.013093875,1.001418389
3974,0,-0.000000000,0.000000000
3975,0,1.000000000,1.000000000
3976,0,-0.000000000,0.000000000
3977,0,1.000000000,1.000000000
3978,0,0.302292189,0.080000000
3979,0,1.012773762,1.001377513
3980,0,0.303367094,0.080344681
3981,0,1.012827240,1.001384331
3982,0,-0.000000000,0.000000000
3983,0,1.000000000,1.000000000
3984,0,-0.000000000,0.000000000
3985,0,1.000000000,1.000000000
3986,0,1.021928095,0.400000000
3987,0,1.228118215,1.041111111
3988,0,1.098973413,0.443011606
3989,0,1.249825024,1.046290602
3990,0,0.338552698,1.955974640
3991,0,1.000000000,1.000000000
3992,0,0.302292189,0.080000000
3993,0,1.012773762,1.001377513
3994,0,1.024571058,0.401435139
3995,0,1.000000000,1.000000000
3996,0,1.870950594,1.200000000
3997,0,1.000000000,1.000000000
3998,0,1.021928095,0.400000000
3999,0,1.228118215,1.041111111
4000,0,-0.000000000,0.000000000
4001,0,1.000000000,1.000000000
4002,0,1.870950594,2.000000000
4003,0,1.138751800,1.022289157
4004,0,0.319766260,0.085651291
4005,0,1.000000000,1.000000000
4006,0,1.870950594,1.200000000
4007,0,1.000000000,1.000000000
4008,0,0.302292189,0.080000000
4009,0,1.000000000,1.000000000
4010,0,1.021928095,0.400000000
4011,0,1.052690404,1.007034221
4012,0,1.039167888,0.408331041
4013,0,1.003992579,1.001231539
4014,0,0.306610998,0.081957149
4015,0,1.047452442,1.014930711
4016,0,1.521676121,2.006145146
4017,0,1.806853941,1.159030709
4018,0,1.919632717,1.097124951
4019,0,1.174434365,1.210505787
4020,0,1.171168712,2.167905022
4021,0,1.130302346,1.157334250
4022,0,0.346862724,0.110984979
4023,0,1.095294492,1.034751924
4024,0,-0.000000000,0.000000000
4025,0,1.000000000,1.000000000
4026,0,0.302292189,0.080000000
4027,0,1.000000000,1.000000000
4028,0,0.302292189,0.080000000
4029,0,1.012773762,1.001377513
4030,0,-0.000000000,0.000000000
4031,0,1.000000000,1.000000000
4032,0,-0.000000000,0.000000000
4033,0,1.000000000,1.000000000
4034,0,-0.000000000,0.000000000
4035,0,1.000000000,1.000000000
4036,0,1.021928095,0.400000000
4037,0,1.784319623,1.213461538
4038,0,-0.000000000,0.000000000
4039,0,1.000000000,1.000000000
4040,0,1.870950594,1.400000000
4041,0,1.905928216,1.642857143
4042,0,1.776700037,2.025299401
4043,0,1.878987275,1.262119523
4044,0,0.509594298,0.152985655
4045,0,1.023780844,1.002871920
4046,0,1.518849125,2.001505278
4047,0,1.221982087,1.039782509
4048,0,0.333557721,0.090181387
4049,0,1.000000000,1.000000000
4050,0,1.021928095,0.400000000
4051,0,1.000000000,1.000000000
4052,0,1.870950594,1.400000000
4053,0,1.905928216,1.642857143
4054,0,1.776700037,2.025299401
4055,0,1.878987275,1.262119523
4056,0,2.073950202,2.010930962
4057,0,1.188855215,1.033500905
4058,0,0.327618030,0.088192661
4059,0,1.014054486,1.001542945
4060,0,1.024872493,1.799507166
4061,0,1.228937940,1.041304117
4062,0,1.099307868,0.443201431
4063,0,1.000000000,1.000000000
4064,0,0.302292189,0.080000000
4065,0,1.012773762,1.001377513
4066,0,1.024571058,0.401435139
4067,0,1.000000000,1.000000000
4068,0,-0.000000000,0.000000000
4069,0,1.000000000,1.000000000
4070,0,-0.000000000,0.000000000
4071,0,1.000000000,1.000000000
4072,0,0.302292189,1.960000000
4073,0,1.000000000,1.000000000
4074,0,0.302292189,0.080000000
4075,0,1.012773762,1.001377513
4076,0,1.024571058,0.401435139
4077,0,1.052875527,1.007064537
4078,0,-0.000000000,0.000000000
4079,0,1.000000000,1.000000000
4080,0,-0.000000000,0.000000000
4081,0,1.000000000,1.000000000
4082,0,0.302292189,0.080000000
4083,0,1.012773762,1.001377513
4084,0,0.303367094,0.080344681
4085,0,1.012827240,1.001384331
4086,0,0.303372157,0.080346297
4087,0,1.012827496,1.001384364
4088,0,-0.000000000,0.000000000
4089,0,1.000000000,1.000000000
4090,0,0.302292189,2.000000000
4091,0,1.000000000,1.000000000
4092,0,-0.000000000,0.000000000
4093,0,1.000000000,1.000000000
4094,0,1.021928095,0.400000000
4095,0,1.000000000,1.000000000
4096,0,0.302292189,0.080000000
4097,0,1.000000000,1.000000000
4098,0,1.021928095,0.400000000
4099,0,1.052690404,1.007034221
4100,0,0.307787926,0.081766365
4101,0,1.013047487,1.001412456
4102,0,1.024635137,0.401469601
4103,0,1.228870965,1.041288210
4104,0,-0.000000000,0.000000000
4105,0,1.000000000,1.000000000
4106,0,0.302292189,0.080000000
4107,0,1.012773762,1.001377513
4108,0,1.024571058,0.401435139
4109,0,1.786192236,1.214244355
4110,0,2.052533195,2.008580670
4111,0,1.181679313,1.031690006
4112,0,-0.000000000,0.000000000
4113,0,1.000000000,1.000000000
4114,0,1.021928095,2.000000000
4115,0,1.000000000,1.000000000
4116,0,-0.000000000,0.000000000
4117,0,1.000000000,1.000000000
4118,0,1.870950594,1.200000000
4119,0,1.138751800,1.022289157
4120,0,-0.000000000,0.000000000
4121,0,1.000000000,1.000000000
4122,0,-0.000000000,0.000000000
4123,0,1.000000000,1.000000000
4124,0,-0.000000000,0.000000000
4125,0,1.000000000,1.000000000
4126,0,-0.000000000,0.000000000
4127,0,1.000000000,1.000000000
4128,0,1.870950594,1.200000000
4129,0,1.138751800,1.022289157
4130,0,-0.000000000,0.000000000
4131,0,1.000000000,1.000000000
4132,0,1.021928095,0.400000000
4133,0,1.228118215,1.041111111
4134,0,1.929031819,1.266885862
4135,0,1.148745910,1.024413463
4136,0,1.067791670,0.425263886
4137,0,1.055947870,1.007571527
4138,0,-0.000000000,0.000000000
4139,0,1.000000000,1.000000000
4140,0,1.021928095,0.400000000
4141,0,1.784319623,1.213461538
4142,0,1.385153104,0.627492130
4143,0,1.000000000,1.000000000
4144,0,1.500000000,1.000000000
4145,0,1.220308818,1.039361702
4146,0,-0.000000000,0.000000000
4147,0,1.000000000,1.000000000
4148,0,1.021928095,0.400000000
4149,0,1.052690404,1.007034221
4150,0,1.882728310,2.000353882
4151,0,1.140537854,1.022665803
4152,0,1.905504559,2.001121106
4153,0,1.000000000,1.000000000
4154,0,1.500000000,2.000000000
4155,0,1.764492375,1.205555556
4156,0,0.471983100,0.138986509
4157,0,1.021563656,1.002549160
4158,0,0.304237436,0.080622596
4159,0,1.000000000,1.000000000
4160,0,0.302292189,0.080000000
4161,0,1.000000000,1.000000000
4162,0,1.870950594,1.200000000
4163,0,1.000000000,1.000000000
4164,0,-0.000000000,0.000000000
4165,0,1.000000000,1.000000000
4166,0,1.870950594,1.200000000
4167,0,2.280023028,1.437463977
4168,0,0.787805595,0.273997297
4169,0,1.047726883,1.017558012
4170,0,-0.000000000,0.000000000
4171,0,1.000000000,1.000000000
4172,0,-0.000000000,0.000000000
4173,0,1.000000000,1.000000000
4174,0,1.021928095,0.400000000
4175,0,1.228118215,1.041111111
4176,0,1.098973413,2.000000000
4177,0,1.058200532,1.007945613
4178,0,1.037026519,0.408225387
4179,0,1.000000000,1.000000000
4180,0,0.302292189,0.080000000
4181,0,1.012773762,1.001377513
4182,0,-0.000000000,0.000000000
4183,0,1.000000000,1.000000000
4184,0,1.021928095,0.400000000
4185,0,1.052690404,1.007034221
4186,0,-0.000000000,0.000000000
4187,0,1.000000000,1.000000000
4188,0,-0.000000000,0.000000000
4189,0,1.000000000,1.000000000
4190,0,0.302292189,0.080000000
4191,0,1.000000000,1.000000000
4192,0,1.870950594,2.000000000
4193,0,-0.000000000,0.000000000
4194,0,1.570950594,1.400000000
4195,0,1.470142979,2.285714286
4196,0,2.593359809,1.795685279
4197,0,1.861378482,0.971610477
4198,0,1.232586337,0.563962347
4199,0,1.552558267,0.677360526
4200,0,1.901286224,1.221450088
4201,0,2.289993667,2.045632937
4202,0,1.843999807,2.229782737
4203,0,1.663558216,1.534613405
4204,0,1.399766906,1.051179774
4205,0,1.077662550,0.688798282
4206,0,2.188632071,1.907791185
4207,0,1.826060661,2.330789735
4208,0,2.126465572,1.705715826
4209,0,2.165867879,2.180174116
4210,0,2.315861525,1.745951956
4211,0,2.810655195,2.703066915
4212,0,2.604990086,3.898731065
4213,0,0.687874222,0.367185814
4214,0,0.296049674,0.080000000
4215,0,0.999925120,1.010188422
4216,0,0.302290691,0.080000000
4217,0,1.012773706,1.001544791
4218,0,1.024571055,1.799550526
4219,0,1.228852925,1.041265358
4220,0,1.099273232,0.443181816
4221,0,1.000000000,1.000003513
4222,0,1.500000000,1.000000000
4223,0,1.220308818,1.039360054
4224,0,1.095770152,0.441173678
4225,0,1.000000000,0.999999831
4226,0,1.500000000,1.999999831
4227,0,1.764492375,1.205555479
4228,0,0.471983100,0.138986509
4229,0,1.000000000,1.000000003
4230,0,1.021928095,1.800000000
4231,0,1.052690404,1.007034220
4232,0,0.307787926,0.081766365
4233,0,1.000000000,1.000000000
4234,0,0.302292189,0.080000000
4235,0,1.012773762,1.001377513
4236,0,0.303367094,0.080344681
4237,0,1.000000000,1.000000000
4238,0,0.302292189,0.080000000
4239,0,1.012773762,1.001377513
4240,0,0.303367094,0.080344681
4241,0,1.258363482,1.048073651
4242,0,0.340203288,0.092388480
4243,0,1.000000000,1.000000000
4244,0,-0.000000000,0.000000000
4245,0,1.000000000,1.000000000
4246,0,1.870950594,2.000000000
4247,0,1.138751800,1.022289157
4248,0,-0.000000000,0.000000000
4249,0,1.000000000,1.000000000
4250,0,1.021928095,0.400000000
4251,0,1.179520228,1.046609604
4252,0,0.467629129,0.175072361
4253,0,1.086038612,1.007655553
4254,0,1.051796801,0.594024429
4255,0,1.855695711,1.133862743
4256,0,1.797404804,1.025246452
4257,0,1.920235056,2.118331332
4258,0,1.767811891,2.186181003
4259,0,1.317890494,1.102567537
4260,0,1.170439874,1.495546253
4261,0,1.495383787,2.464124665
4262,0,0.637196479,3.423955068
4263,0,1.609464090,4.328628833
4264,0,1.263658479,3.239226036
4265,0,1.112297382,0.513145419
4266,0,1.815365723,1.443543080
4267,0,1.866453579,0.945171022
4268,0,1.454737700,1.370303797
4269,0,1.449338135,1.629618147
4270,0,1.197248481,2.815598573
4271,0,1.577784152,2.278287549
4272,0,1.225358581,1.087106805
4273,0,2.190056437,2.091246892
4274,0,1.531505553,1.059270450
4275,0,1.743149699,1.798135906
4276,0,1.250650126,1.054515967
4277,0,1.128552712,0.595034702
4278,0,1.250066246,1.021238590
4279,0,1.165490580,0.626424075
4280,0,1.257369994,1.654506495
4281,0,1.627921600,1.706625844
4282,0,1.696412652,1.361411464
4283,0,1.690137745,1.031891501
4284,0,1.637490469,1.375562341
4285,0,1.844932966,1.056564176
4286,0,1.302942780,1.120008041
4287,0,0.927876395,0.581985651
4288,0,1.258496726,1.201830676
4289,0,1.617195408,0.800125588
4290,0,1.278511430,1.041437509
4291,0,1.160766166,1.501270967
4292,0,-0.000000000,0.000000000
4293,0,-0.000000000,0.000000000
4294,0,-0.000000000,0.000000000
4295,0,1.000000000,1.000000000
4296,0,0.164134333,0.040816327
4297,0,0.991774586,0.429090909
4298,0,0.220518994,0.060303030
4299,0,-0.000000000,0.000000000
4300,0,-0.000000000,0.000000000
4301,0,0.282292189,0.080000000
4302,0,0.009543159,0.001486989
4303,0,0.283354340,1.959939161
4304,0,0.009649889,0.001507128
4305,0,0.925327998,0.401067498
4306,0,-0.000000000,0.000000000
4307,0,0.921928095,0.400000000
4308,0,0.039584219,0.007547170
4309,0,-0.000000000,0.000000000
4310,0,-0.000000000,0.000000000
4311,0,1.570950594,1.400000000
4312,0,-0.000000000,0.000000000
4313,0,0.921928095,0.400000000
4314,0,-0.000000000,0.000000000
4315,0,-0.000000000,0.000000000
4316,0,-0.000000000,0.000000000
4317,0,0.921928095,1.800000000
4318,0,0.039584219,0.007547170
4319,0,-0.000000000,0.000000000
4320,0,-0.000000000,0.000000000
4321,0,-0.000000000,0.000000000
4322,0,-0.000000000,0.000000000
4323,0,-0.000000000,0.000000000
4324,0,-0.000000000,0.000000000
4325,0,0.282292189,0.080000000
4326,0,-0.000000000,0.000000000
4327,0,0.282292189,0.080000000
4328,0,0.009543159,0.001486989
4329,0,0.925278881,0.401057502
4330,0,0.040025393,0.007646399
4331,0,0.287355980,0.081303801
4332,0,0.010061743,0.001591421
4333,0,-0.000000000,0.000000000
4334,0,-0.000000000,0.000000000
4335,0,-0.000000000,0.000000000
4336,0,-0.000000000,0.000000000
4337,0,0.282292189,0.080000000
4338,0,0.045570069,0.008888889
4339,0,-0.000000000,0.000000000
4340,0,-0.000000000,0.000000000
4341,0,0.921928095,1.800000000
4342,0,0.039584219,0.007547170
4343,0,0.287297754,0.081292059
4344,0,0.048034308,0.009499776
4345,0,1.165866553,1.040422352
4346,0,0.700580341,0.263463245
4347,0,1.900338411,1.438507986
4348,0,0.846370875,0.382422761
4349,0,2.027015915,1.448001155
4350,0,-0.000000000,0.000000000
4351,0,0.921928095,0.400000000
4352,0,0.039584219,0.007547170
4353,0,-0.000000000,0.000000000
4354,0,-0.000000000,0.000000000
4355,0,0.282292189,0.080000000
4356,0,0.009543159,0.001486989
4357,0,0.283354340,0.080253935
4358,0,-0.000000000,0.000000000
4359,0,1.570950594,1.400000000
4360,0,0.104041954,0.023529412
4361,0,1.141948441,1.037453184
4362,0,-0.000000000,0.000000000
4363,0,0.282292189,0.080000000
4364,0,0.009543159,0.001486989
4365,0,0.283354340,0.080253935
4366,0,0.046093769,0.009008949
4367,0,1.600484653,1.401614063
4368,0,0.445279616,0.143176876
4369,0,1.133074031,0.500212364
4370,0,0.318782389,0.102366417
4371,0,1.075605855,0.459948311
4372,0,0.300315916,0.095460725
4373,0,-0.000000000,0.000000000
4374,0,-0.000000000,0.000000000
4375,0,1.000000000,1.000000000
4376,0,1.413799565,0.857142857
4377,0,0.843599424,1.905882353
4378,0,0.074650679,0.020000000
4379,0,0.293674879,0.082474039
4380,0,-0.000000000,0.000000000
4381,0,-0.000000000,0.000000000
4382,0,-0.000000000,0.000000000
4383,0,1.570950594,1.200000000
4384,0,0.104041954,0.023529412
4385,0,0.964387511,0.416753927
4386,0,-0.000000000,0.000000000
4387,0,-0.000000000,0.000000000
4388,0,-0.000000000,0.000000000
4389,0,1.570950594,1.200000000
4390,0,-0.000000000,0.000000000
4391,0,1.000000000,1.000000000
4392,0,0.164134333,0.040816327
4393,0,0.991774586,1.794545455
4394,0,1.322836886,1.873188406
4395,0,1.548231283,2.219178082
4396,0,1.406699257,1.292763999
4397,0,1.971759683,2.134486775
4398,0,1.493341922,1.147104706
4399,0,1.769991215,2.048518550
4400,0,1.603195096,1.247245773
4401,0,2.308082356,2.051220306
4402,0,1.506681234,2.576625760
4403,0,1.442152664,1.716213057
4404,0,1.603801751,1.891972198
4405,0,1.139491598,0.523760306
4406,0,-0.000000000,0.000000000
4407,0,-0.000000000,0.000000000
4408,0,-0.000000000,0.000000000
4409,0,0.282292189,0.080000000
4410,0,-0.000000000,0.000000000
4411,0,0.921928095,1.800000000
4412,0,0.175964403,0.044444444
4413,0,0.997329770,0.431683168
4414,0,0.050702199,0.010535211
4415,0,0.289009810,0.081645931
4416,0,0.010319860,0.001648110
4417,0,0.283462821,0.080272665
4418,0,0.046172559,0.009028157
4419,0,0.939667757,0.406392540
4420,0,0.042056726,0.008154873
4421,0,1.062433011,1.013136452
4422,0,0.174713087,0.044147192
4423,0,0.309013195,0.087484517
4424,0,0.012412216,0.002115781
4425,0,1.580659238,1.202208951
4426,0,0.427734856,0.136019179
4427,0,1.936965408,1.412401660
4428,0,1.258563959,0.643384836
4429,0,1.585248052,0.799725975
4430,0,0.733918606,0.346769393
4431,0,1.312591900,0.577194692
4432,0,0.564488021,0.245740316
4433,0,1.224004142,0.525226633
4434,0,-0.000000000,0.000000000
4435,0,0.282292189,0.080000000
4436,0,-0.000000000,0.000000000
4437,0,0.282292189,0.080000000
4438,0,0.009543159,0.001486989
4439,0,0.925278881,1.799801718
4440,0,0.657021305,0.242888273
4441,0,1.628047741,1.271937592
4442,0,1.118609457,1.935346230
4443,0,2.607047312,2.643684725
4444,0,2.008115870,1.628519463
4445,0,1.761880915,1.582235567
4446,0,1.586359899,2.620416578
4447,0,1.659639359,1.230154038
4448,0,-0.000000000,0.000000000
4449,0,0.921928095,0.400000000
4450,0,0.649360865,0.240000000
4451,0,-0.000000000,0.000000000
4452,0,-0.000000000,0.000000000
4453,0,0.921928095,0.400000000
4454,0,0.039584219,0.007547170
4455,0,1.056933149,1.011358943
4456,0,0.173614397,0.043771871
4457,0,-0.000000000,0.000000000
4458,0,-0.000000000,0.000000000
4459,0,0.921928095,0.400000000
4460,0,0.039584219,0.007547170
4461,0,-0.000000000,0.000000000
4462,0,-0.000000000,0.000000000
4463,0,0.921928095,0.400000000
4464,0,0.039584219,0.007547170
4465,0,0.936957107,1.798993289
4466,0,0.041656256,0.008051331
4467,0,0.287592453,0.081351722
4468,0,0.048253892,0.009558694
4469,0,0.288529738,0.081602409
4470,0,-0.000000000,0.000000000
4471,0,-0.000000000,0.000000000
4472,0,-0.000000000,0.000000000
4473,0,0.282292189,0.080000000
4474,0,0.009543159,0.001486989
4475,0,-0.000000000,0.000000000
4476,0,-0.000000000,0.000000000
4477,0,-0.000000000,0.000000000
4478,0,-0.000000000,0.000000000
4479,0,0.921928095,0.400000000
4480,0,-0.000000000,0.000000000
4481,0,0.282292189,0.080000000
4482,0,0.009543159,0.001486989
4483,0,0.925278881,0.401057502
4484,0,0.177995377,0.045020930
4485,0,-0.000000000,0.000000000
4486,0,-0.000000000,0.000000000
4487,0,-0.000000000,0.000000000
4488,0,-0.000000000,0.000000000
4489,0,1.000000000,1.000000000
4490,0,0.614369446,0.222222222
4491,0,0.412359284,0.121739130
4492,0,0.023341012,0.004817073
4493,0,-0.000000000,0.000000000
4494,0,-0.000000000,0.000000000
4495,0,0.921928095,1.800000000
4496,0,0.039584219,0.007547170
4497,0,1.596273766,1.208581546
4498,0,0.109332633,0.025038550
4499,0,-0.000000000,0.000000000
4500,0,-0.000000000,0.000000000
4501,0,0.282292189,0.080000000
4502,0,0.009543159,0.001486989
4503,0,-0.000000000,0.000000000
4504,0,-0.000000000,0.000000000
4505,0,0.282292189,0.080000000
4506,0,-0.000000000,0.000000000
4507,0,0.921928095,0.400000000
4508,0,0.039584219,0.007547170
4509,0,1.596273766,1.208581546
4510,0,0.109332633,0.025038550
4511,0,-0.000000000,0.000000000
4512,0,-0.000000000,0.000000000
4513,0,-0.000000000,0.000000000
4514,0,-0.000000000,0.000000000
4515,0,0.282292189,0.080000000
4516,0,0.009543159,0.001486989
4517,0,-0.000000000,0.000000000
4518,0,-0.000000000,0.000000000
4519,0,1.000000000,1.000000000
4520,0,0.164134333,0.040816327
4521,0,0.307356812,0.087084871
4522,0,0.012135728,0.002049434
4523,0,-0.000000000,0.000000000
4524,0,-0.000000000,0.000000000
4525,0,0.282292189,0.080000000
4526,0,-0.000000000,0.000000000
4527,0,0.921928095,0.400000000
4528,0,-0.000000000,0.000000000
4529,0,0.921928095,0.400000000
4530,0,0.039584219,0.007547170
4531,0,0.936957107,1.798993289
4532,0,0.041656256,0.008051331
4533,0,-0.000000000,0.000000000
4534,0,-0.000000000,0.000000000
4535,0,-0.000000000,0.000000000
4536,0,-0.000000000,0.000000000
4537,0,0.921928095,0.400000000
4538,0,-0.000000000,0.000000000
4539,0,-0.000000000,0.000000000
4540,0,-0.000000000,0.000000000
4541,0,1.263933429,1.058823529
4542,0,0.841419898,1.542483660
4543,0,1.846891253,2.531604538
4544,0,1.334892988,1.831055901
4545,0,0.571354974,1.729729730
4546,0,0.380547176,0.147928994
4547,0,0.514668392,0.155244938
4548,0,0.464715784,1.957462737
4549,0,1.255504965,1.131969501
4550,0,0.834596433,0.503999521
4551,0,0.818175481,0.332254121
4552,0,0.327334133,1.963547146
4553,0,1.014202076,1.998984131
4554,0,1.873787975,1.399811744
4555,0,1.533349432,1.128782420
4556,0,-0.000000000,0.000000000
4557,0,1.000000000,1.000000000
4558,0,1.500000000,1.000000000
4559,0,1.000000000,1.000000000
4560,0,1.021928095,0.400000000
4561,0,1.784319623,1.213461538
4562,0,-0.000000000,0.000000000
4563,0,1.000000000,1.000000000
4564,0,1.870950594,2.000000000
4565,0,1.138751800,1.022289157
4566,0,-0.000000000,0.000000000
4567,0,1.000000000,1.000000000
4568,0,1.500000000,1.000000000
4569,0,2.473808192,1.812500000
4570,0,2.180161288,2.604166667
4571,0,2.330372918,1.889420910
4572,0,1.842764257,2.041049348
4573,0,2.168761916,3.021726941
4574,0,1.811375324,2.035351554
4575,0,2.581077240,1.909094258
4576,0,2.035407308,2.024549188
4577,0,1.833524757,1.243640172
4578,0,1.408759070,1.736758396
4579,0,1.000000000,1.000000000
4580,0,0.302292189,0.080000000
4581,0,1.060184319,1.008222222
4582,0,1.037639028,0.408572389
4583,0,1.053794829,1.007215404
4584,0,1.541606177,1.012355766
4585,0,1.775399254,1.210302717
4586,0,1.379366504,0.623169181
4587,0,1.080641440,1.011837182
4588,0,1.890096253,1.399068432
4589,0,1.000000000,1.000000000
4590,0,0.302292189,0.080000000
4591,0,1.060184319,1.008222222
4592,0,-0.000000000,0.000000000
4593,0,1.000000000,1.000000000
4594,0,-0.000000000,0.000000000
4595,0,1.000000000,1.000000000
4596,0,-0.000000000,0.000000000
4597,0,1.000000000,1.000000000
4598,0,1.021928095,0.400000000
4599,0,1.052690404,1.007034221
4600,0,0.307787926,0.081766365
4601,0,1.061422809,1.008429735
4602,0,1.884901649,1.398847061
4603,0,1.000000000,1.000000000
4604,0,0.302292189,1.960000000
4605,0,1.060184319,1.008222222
4606,0,-0.000000000,0.000000000
4607,0,1.000000000,1.000000000
4608,0,0.302292189,0.080000000
4609,0,1.060184319,1.008222222
4610,0,1.884579970,2.000413041
4611,0,1.140836257,1.022728858
4612,0,1.064915128,0.423685045
4613,0,1.240159774,1.043966460
4614,0,0.336806438,0.091255497
4615,0,1.287483410,1.055298164
4616,0,1.945292680,1.287901098
4617,0,1.573651369,1.137699127
4618,0,2.015227134,2.006062831
4619,0,2.406472532,1.594744532
4620,0,0.862084399,0.307529982
4621,0,1.196518564,1.035267023
4622,0,1.085876074,0.435229061
4623,0,1.246278350,1.045461861
4624,0,1.934214239,1.394638112
4625,0,1.000000000,1.000000000
4626,0,0.302292189,0.080000000
4627,0,1.012773762,1.001377513
4628,0,-0.000000000,0.000000000
4629,0,1.000000000,1.000000000
4630,0,-0.000000000,0.000000000
4631,0,1.000000000,1.000000000
4632,0,0.302292189,0.080000000
4633,0,1.012773762,1.001377513
4634,0,1.024571058,1.799550526
4635,0,1.000000000,1.000000000
4636,0,1.021928095,1.800000000
4637,0,1.000000000,1.000000000
4638,0,1.021928095,0.400000000
4639,0,1.228118215,1.041111111
4640,0,1.098973413,2.000000000
4641,0,1.249825024,1.046290602
4642,0,-0.000000000,0.000000000
4643,0,1.000000000,1.000000000
4644,0,1.870950594,2.000000000
4645,0,1.138751800,1.022289157
4646,0,-0.000000000,0.000000000
4647,0,1.000000000,1.000000000
4648,0,1.021928095,0.400000000
4649,0,1.000000000,1.000000000
4650,0,-0.000000000,0.000000000
4651,0,1.000000000,1.000000000
4652,0,1.021928095,0.400000000
4653,0,1.228118215,1.041111111
4654,0,1.967198125,1.408414647
4655,0,1.158214952,1.024508163
4656,0,0.323073568,0.086828406
4657,0,1.014877763,1.001908679
4658,0,1.024800487,0.401558424
4659,0,1.052891809,1.007068866
4660,0,-0.000000000,0.000000000
4661,0,1.000000000,1.000000000
4662,0,1.021928095,0.400000000
4663,0,1.000000000,1.000000000
4664,0,-0.000000000,0.000000000
4665,0,1.000000000,1.000000000
4666,0,-0.000000000,0.000000000
4667,0,1.000000000,1.000000000
4668,0,-0.000000000,0.000000000
4669,0,1.000000000,1.000000000
4670,0,-0.000000000,0.000000000
4671,0,1.000000000,1.000000000
4672,0,-0.000000000,0.000000000
4673,0,1.000000000,1.000000000
4674,0,0.302292189,0.080000000
4675,0,1.000000000,1.000000000
4676,0,0.302292189,0.080000000
4677,0,1.060184319,1.008222222
4678,0,1.037639028,0.408572389
4679,0,1.795425933,1.218125073
4680,0,2.054070802,1.492889845
4681,0,1.664243501,1.170965973
4682,0,0.437586250,1.944967540
4683,0,1.019782743,1.002308486
4684,0,1.568169535,1.013108675
4685,0,1.227558862,1.041146027
4686,0,0.334519321,0.090495948
4687,0,1.000000000,1.000000000
4688,0,1.021928095,0.400000000
4689,0,1.052690404,1.007034221
4690,0,0.317750852,0.085114389
4691,0,1.007301712,1.003186100
4692,0,1.029827283,0.403584785
4693,0,1.056796758,1.008662986
4694,0,0.015245129,0.005854768
4695,0,1.011273625,1.002845717
4696,0,0.312182001,0.084847128
4697,0,1.041464795,1.011908107
4698,0,0.313560112,0.083928235
4699,0,1.018446657,1.003966166
4700,0,1.031987427,1.801539048
4701,0,1.183999853,1.060594277
4702,0,1.008525515,0.627680500
4703,0,1.783259621,1.981141712
4704,0,1.540439313,1.200467714
4705,0,1.535600877,1.090679709
4706,0,1.507704682,0.728538243
4707,0,1.635407618,1.285500930
4708,0,1.091881642,0.795456346
4709,0,2.290718194,2.031941750
4710,0,0.942806146,1.452005733
4711,0,1.470551465,1.887959493
4712,0,0.885703903,0.318371858
4713,0,0.639902903,0.204572005
4714,0,1.186257182,1.794812845
4715,0,1.512502771,1.417007283
4716,0,1.072082198,0.489709579
4717,0,1.518978779,1.141271694
4718,0,1.295180207,0.735748028
4719,0,0.805896921,0.420446222
4720,0,0.751617543,0.270826869
4721,0,1.234106657,0.524815374
4722,0,1.742342781,1.468396220
4723,0,1.454381384,1.758839183
4724,0,1.863078040,0.878685145
4725,0,1.995899698,1.137365337
4726,0,0.989984152,0.389298475
4727,0,0.750896378,0.290913044
4728,0,1.313265742,1.127177522
4729,0,0.130101531,0.080390047
4730,0,1.114497844,1.033365410
4731,0,1.284652954,1.055596988
4732,0,1.681738299,0.825882586
4733,0,2.124748091,1.470169802
4734,0,1.284552549,0.992319753
4735,0,0.003791820,0.001749245
4736,0,1.003371863,1.001561476
4737,0,2.233728992,1.519670481
4738,0,2.624148065,2.023388176
4739,0,2.339762046,1.918868578
4740,0,2.000064659,1.435116730
4741,0,2.607908253,2.552352390
4742,0,-0.000000000,0.000000000
4743,0,1.000000000,1.000000000
4744,0,1.870950594,2.000000000
4745,0,1.138751800,1.022289157
4746,0,-0.000000000,0.000000000
4747,0,1.000000000,1.000000000
4748,0,1.021928095,0.400000000
4749,0,1.312452296,1.078169935
4750,0,0.163929445,0.096437182
4751,0,1.127928247,1.099246907
4752,0,1.162794243,0.507216582
4753,0,1.134113806,1.057953695
4754,0,0.100814523,0.063292646
4755,0,1.005456859,1.001086602
4756,0,0.006146127,0.002222602
4757,0,1.004968527,1.001924631
4758,0,0.307364110,0.082347716
4759,0,1.004968563,1.001871965
4760,0,0.303007788,0.080254505
4761,0,1.048516793,1.011695988
4762,0,1.906255548,1.421926577
4763,0,1.299855498,1.132646080
4764,0,1.179541071,0.770178481
4765,0,1.180206724,1.002517087
4766,0,1.031581232,0.407562280
4767,0,0.142261431,0.040089159
4768,0,0.997398337,1.824343358
4769,0,1.452585413,0.878358579
4770,0,2.165661266,1.444805467
4771,0,0.515664921,0.227208451
4772,0,0.336267751,0.124476719
4773,0,0.486534118,0.143381501
4774,0,1.094606552,1.790905128
4775,0,2.123043284,1.804225952
4776,0,1.840287427,2.248748464
4777,0,0.770959513,0.303290757
4778,0,0.995324798,0.919537570
4779,0,-0.000000000,0.000000000
4780,0,1.000000000,1.000000000
4781,0,-0.000000000,0.000000000
4782,0,1.000000000,1.000000000
4783,0,1.870950594,2.000000000
4784,0,2.014604098,1.418100890
4785,0,1.620117238,0.821825364
4786,0,1.079073084,1.050142684
4787,0,0.311898284,2.002353056
4788,0,1.490276932,3.513779989
4789,0,1.689826286,2.501262764
4790,0,1.689302926,1.434788427
4791,0,0.473149965,0.140220715
4792,0,1.078143201,1.025552083
4793,0,-0.000000000,0.000000000
4794,0,1.000000000,1.000000000
4795,0,0.302292189,0.080000000
4796,0,1.008877014,1.000159612
4797,0,1.506834421,1.002334881
4798,0,1.149038573,1.054160621
4799,0,1.913200901,1.405770782
4800,0,0.999891321,1.012274269
4801,0,0.302290015,0.080000000
4802,0,1.008857485,0.999945639
4803,0,-0.000000000,0.000000000
4804,0,1.000000000,1.000000000
4805,0,1.870950594,1.400000000
4806,0,2.014604098,1.418100890
4807,0,-0.000000000,0.000000000
4808,0,1.000000000,1.000000000
4809,0,0.302292189,0.080000000
4810,0,1.008877014,1.000159612
4811,0,-0.000000000,0.000000000
4812,0,1.000000000,1.000000000
4813,0,-0.000000000,0.000000000
4814,0,1.000000000,1.000000000
4815,0,1.021928095,0.400000000
4816,0,1.159955911,1.036993464
4817,0,1.916242722,1.246943512
4818,0,1.398351899,1.110609095
4819,0,-0.000000000,0.000000000
4820,0,1.000000000,1.000000000
4821,0,0.302292189,0.080000000
4822,0,1.008877014,1.000159612
4823,0,0.303049604,0.080239223
4824,0,1.008906805,1.001982179
4825,0,1.023826797,1.999916034
4826,0,0.999985236,1.004524081
4827,0,1.870946165,2.002714449
4828,0,1.094780376,1.032509742
4829,0,1.575081744,1.035379715
4830,0,1.156798189,1.008455338
4831,0,1.915772287,1.406621393
4832,0,0.999911125,0.988900230
4833,0,-0.000000000,0.000000000
4834,0,1.000000000,1.000000000
4835,0,1.870950594,1.400000000
4836,0,0.999853521,1.014249790
4837,0,1.870906651,2.008549874
4838,0,2.013759332,1.457766981
4839,0,-0.000000000,0.000000000
4840,0,1.000000000,1.000000000
4841,0,0.302292189,0.080000000
4842,0,0.999999425,0.999107284
4843,0,0.302292178,0.080000000
4844,0,1.008875599,1.000144049
4845,0,0.303049484,0.080239182
4846,0,1.008906772,1.000166606
4847,0,1.509646984,1.002966126
4848,0,1.149624213,1.054519448
4849,0,0.323304774,0.086713075
4850,0,1.045871107,1.008041200
4851,0,0.000085415,0.000035548
4852,0,1.000085069,1.000030216
4853,0,1.022010934,0.400036670
4854,0,1.036500762,1.010052888
4855,0,-0.000000000,0.000000000
4856,0,1.000000000,1.000000000
4857,0,1.021928095,0.400000000
4858,0,1.036488422,1.000809672
4859,0,0.306136756,0.081216458
4860,0,1.042692534,1.007511377
4861,0,0.306909789,0.081461702
4862,0,0.999999542,1.000796979
4863,0,-0.000000000,0.000000000
4864,0,1.000000000,1.000000000
4865,0,0.302292189,0.080000000
4866,0,1.008877014,1.000159612
4867,0,0.303049604,0.080239223
4868,0,0.999999429,0.999110257
4869,0,1.021928038,0.400000000
4870,0,1.036482358,1.000730988
4871,0,1.031495806,0.405054897
4872,0,0.999985633,0.995537108
4873,0,-0.000000000,0.000000000
4874,0,1.000000000,1.000000000
4875,0,1.870950594,1.400000000
4876,0,1.094879386,1.031284530
4877,0,1.051507921,0.415755879
4878,0,1.166660541,1.038453443
4879,0,1.080142235,0.431389913
4880,0,1.039933690,1.008024979
4881,0,-0.000000000,0.000000000
4882,0,1.000000000,1.000000000
4883,0,1.021928095,0.400000000
4884,0,1.159955911,1.026993464
4885,0,-0.000000000,0.000000000
4886,0,1.000000000,1.000000000
4887,0,1.021928095,0.400000000
4888,0,1.159955911,1.036993464
4889,0,1.077335582,0.429862764
4890,0,1.611819507,1.193294574
4891,0,0.440655158,0.127158724
4892,0,1.014799983,1.004881049
4893,0,1.511806896,1.004335942
4894,0,1.547971809,1.183723686
4895,0,0.419630157,0.119542667
4896,0,1.013824392,1.003635604
4897,0,1.025046684,2.000876971
4898,0,1.036687808,1.001197820
4899,0,0.316159950,0.084584610
4900,0,1.052785233,1.010125500
4901,0,0.316305493,0.085788199
4902,0,1.013694489,1.002122751
4903,0,0.307114901,0.081509815
4904,0,1.073595030,1.017656829
4905,0,0.891157103,0.561107408
4906,0,1.701554648,1.714905127
4907,0,0.781804379,0.907734335
4908,0,1.484753369,1.213621844
4909,0,0.747183060,0.407951550
4910,0,1.070935782,1.019385740
4911,0,1.062833836,0.419041788
4912,0,1.269361939,1.076587564
4913,0,1.239677438,0.520681385
4914,0,1.320787282,1.096671466
4915,0,0.374291779,1.966301273
4916,0,0.999999614,0.999268770
4917,0,-0.000000000,0.000000000
4918,0,1.000000000,1.000000000
4919,0,1.021928095,0.400000000
4920,0,1.036488422,1.000809672
4921,0,0.306136756,0.081216458
4922,0,1.042692534,1.005545415
4923,0,1.881497760,1.209838080
4924,0,1.380590257,1.084486955
4925,0,1.184138733,0.491577644
4926,0,0.999992244,0.996720882
4927,0,-0.000000000,0.000000000
4928,0,1.000000000,1.000000000
4929,0,1.021928095,0.400000000
4930,0,1.159955911,1.036993464
4931,0,1.077335582,0.429862764
4932,0,0.999996818,1.002100182
4933,0,1.021927777,0.400000000
4934,0,1.262673078,1.020434952
4935,0,0.146635984,0.041861846
4936,0,-0.000000000,0.000000000
4937,0,1.570950594,1.400000000
4938,0,1.740643651,1.031250000
4939,0,2.290213225,1.633150039
4940,0,1.771199543,1.147988540
4941,0,1.630190700,0.788127526
4942,0,0.862987844,0.312024910
4943,0,1.381982871,1.217534466
4944,0,1.717406468,1.111949837
4945,0,1.550528470,3.009845444
4946,0,1.203089743,0.564704405
4947,0,1.921309868,1.462279555
4948,0,1.728848571,1.312623831
4949,0,1.392421781,1.110581095
4950,0,1.803301725,1.230501486
4951,0,2.432639675,2.290702405
4952,0,2.273854191,1.816005678
4953,0,1.460511529,1.212352321
4954,0,2.163830766,3.846810439
4955,0,2.278484736,3.532852837
4956,0,1.713176548,1.496986768
4957,0,1.456799908,0.725084917
4958,0,1.362408748,1.130841530
4959,0,1.307896534,0.581852411
4960,0,1.290635013,1.095796388
4961,0,0.569754792,0.247170112
4962,0,1.070996261,1.000953008
4963,0,1.932364173,1.236292228
4964,0,0.999882634,1.012755361
4965,0,0.302289842,0.080000000
4966,0,0.999999113,1.001109055
4967,0,1.021928006,0.400000000
4968,0,1.159927971,1.037094511
4969,0,-0.000000000,0.000000000
4970,0,1.000000000,1.000000000
4971,0,1.870950594,1.200000000
4972,0,1.302717333,1.155737705
4973,0,1.188705990,0.782795462
4974,0,1.116656667,0.865095362
4975,0,1.509969785,1.528393846
4976,0,1.638519425,2.487962624
4977,0,0.934329877,3.436435008
4978,0,1.188466685,1.672268522
4979,0,1.596270132,0.939897444
4980,0,1.148869862,0.498813551
4981,0,0.831893636,0.303323304
4982,0,1.841758743,1.455597104
4983,0,2.236091326,1.531229559
4984,0,1.487820394,1.889801584
4985,0,1.668827622,1.063425315
4986,0,0.961383628,0.578831135
4987,0,1.443276794,1.069474206
4988,0,1.384631652,1.437576250
4989,0,0.760586520,0.440459196
4990,0,0.297503919,0.080000000
4991,0,0.999941457,1.009008707
4992,0,1.021922241,0.400000000
4993,0,0.999999601,1.000743838
4994,0,1.021928055,0.400000000
4995,0,1.052690400,1.007096584
4996,0,1.882728308,1.211927297
4997,0,1.000000000,1.000020217
4998,0,-0.000000000,0.000000000
4999,0,1.000000000,1.000000000
5000,0,-0.000000000,0.000000000
5001,0,1.000000000,1.000000000
5002,0,0.302292189,0.080000000
5003,0,1.012773762,1.001377513
5004,0,1.024571058,0.401435139
5005,0,1.052875527,1.007064537
5006,0,0.307810326,0.081773543
5007,0,1.000000000,1.000000000
5008,0,0.302292189,0.080000000
5009,0,1.000000000,1.000000000
5010,0,1.870950594,1.200000000
5011,0,1.138751800,1.022289157
5012,0,1.904985459,1.237092993
5013,0,1.144337314,1.023471811
5014,0,0.320609285,0.085923729
5015,0,1.013690152,1.001495302
5016,0,0.303454288,0.080372509
5017,0,1.012831638,1.001384890
5018,0,0.303372573,0.080346429
5019,0,1.012827517,1.001384367
5020,0,-0.000000000,0.000000000
5021,0,1.000000000,1.000000000
5022,0,1.021928095,2.000000000
5023,0,1.228118215,1.041111111
5024,0,0.334665510,0.090549664
5025,0,1.067506413,1.009461600
5026,0,1.886490825,2.000478758
5027,0,1.539743236,1.125940180
5028,0,1.246430115,0.532647611
5029,0,1.069479649,1.009870805
5030,0,1.040493611,0.410106514
5031,0,1.054001362,1.007250309
5032,0,1.035767629,0.407543329
5033,0,1.053663158,1.007193772
5034,0,-0.000000000,0.000000000
5035,0,1.000000000,1.000000000
5036,0,0.302292189,0.080000000
5037,0,1.060184319,1.008222222
5038,0,1.037639028,0.408572389
5039,0,1.000000000,1.000000000
5040,0,0.302292189,0.080000000
5041,0,1.060184319,1.008222222
5042,0,1.037639028,2.000000000
5043,0,1.232495761,1.042143405
5044,0,1.100763432,0.444028398
5045,0,1.058333272,1.007968012
5046,0,-0.000000000,0.000000000
5047,0,1.000000000,1.000000000
5048,0,1.870950594,1.200000000
5049,0,1.532052555,1.123333333
5050,0,-0.000000000,0.000000000
5051,0,1.000000000,1.000000000
5052,0,0.302292189,0.080000000
5053,0,1.060184319,1.008222222
5054,0,1.884579970,1.213921204
5055,0,1.140850104,1.022731944
5056,0,1.607185896,1.037251501
5057,0,1.000000000,1.000002842
5058,0,1.870950594,2.000001705
5059,0,2.305215896,3.000001860
5060,0,2.076761654,2.015708126
5061,0,1.000000000,1.000000836
5062,0,-0.000000000,0.000000000
5063,0,1.000000000,1.000000000
5064,0,0.302292189,0.080000000
5065,0,1.060184319,1.008222222
5066,0,0.309673025,0.082309867
5067,0,1.001075746,1.000281827
5068,0,1.871084463,1.200028946
5069,0,1.608123539,1.084380783
5070,0,1.371163268,1.126346558
5071,0,1.535786830,1.231441952
5072,0,1.848856875,1.579745004
5073,0,2.047191871,2.176806481
5074,0,1.723356917,0.742306617
5075,0,1.089652106,0.415823718
5076,0,0.940882548,0.393457772
5077,0,0.579919499,2.042957333
5078,0,1.797218989,1.139727234
5079,0,0.872619967,0.528185967
5080,0,0.589329025,0.283833501
5081,0,0.652417575,0.223523709
5082,0,0.555215037,0.173244905
5083,0,1.032884272,1.788628513
5084,0,0.993525440,0.905331048
5085,0,-0.000000000,0.000000000
5086,0,1.000000000,1.000000000
5087,0,-0.000000000,0.000000000
5088,0,1.000000000,1.000000000
5089,0,0.302292189,0.080000000
5090,0,1.182011943,1.036063476
5091,0,1.086765708,2.009015518
5092,0,1.175510901,1.034622089
5093,0,0.332071018,0.089666986
5094,0,1.015820186,1.003566941
5095,0,-0.000000000,0.000000000
5096,0,1.000000000,1.000000000
5097,0,-0.000000000,0.000000000
5098,0,1.000000000,1.000000000
5099,0,1.021928095,0.400000000
5100,0,1.036488422,1.000809672
5101,0,-0.000000000,0.000000000
5102,0,1.000000000,1.000000000
5103,0,-0.000000000,0.000000000
5104,0,1.000000000,1.000000000
5105,0,0.302292189,0.080000000
5106,0,1.008877014,1.000159612
5107,0,1.872828063,2.000317240
5108,0,1.095099827,1.002644107
5109,0,1.051588295,0.415798272
5110,0,1.038147226,1.010066961
5111,0,-0.000000000,0.000000000
5112,0,1.000000000,1.000000000
5113,0,-0.000000000,0.000000000
5114,0,1.000000000,1.000000000
5115,0,0.302292189,0.080000000
5116,0,1.008877014,1.001980934
5117,0,1.506834421,1.002334881
5118,0,1.149038573,1.004678967
5119,0,1.072997462,0.427439239
5120,0,1.171590099,1.039505997
5121,0,0.327071970,0.087935129
5122,0,1.046653219,1.007672686
5123,0,0.307409731,0.081619826
5124,0,0.999999575,1.000767613
5125,0,0.302292181,0.080000000
5126,0,0.999999408,0.999094264
5127,0,0.302292177,0.080000000
5128,0,1.041996110,1.007415197
5129,0,0.306822573,0.081434198
5130,0,1.009062394,1.000280626
5131,0,1.872872580,1.201662649
5132,0,1.376568647,1.111140187
5133,0,1.980707510,1.946961911
5134,0,2.102707142,1.501738025
5135,0,2.059378491,1.690945368
5136,0,0.992165501,1.104121310
5137,0,0.302135499,0.080000000
5138,0,1.009036411,1.000192929
5139,0,1.023851848,0.401015889
5140,0,0.999986419,0.995661014
5141,0,-0.000000000,0.000000000
5142,0,1.000000000,1.000000000
5143,0,-0.000000000,0.000000000
5144,0,1.000000000,1.000000000
5145,0,1.021928095,0.400000000
5146,0,1.036488422,1.010048802
5147,0,0.306964164,0.081422758
5148,0,1.043503918,1.005779569
5149,0,-0.000000000,0.000000000
5150,0,1.000000000,1.000000000
5151,0,1.021928095,0.400000000
5152,0,0.999985120,1.004541811
5153,0,1.021926607,0.400000000
5154,0,0.999982442,0.995066357
5155,0,1.021926339,0.400000000
5156,0,1.159831343,1.037442974
5157,0,-0.000000000,0.000000000
5158,0,1.000000000,1.000000000
5159,0,1.870950594,1.200000000
5160,0,1.375791478,1.080980392
5161,0,1.181696492,0.490099053
5162,0,0.999994107,0.997141712
5163,0,0.302292071,0.080000000
5164,0,1.042022566,1.005455223
5165,0,0.306825569,0.081435219
5166,0,1.042848224,1.007448302
5167,0,0.306928966,0.081467840
5168,0,1.009067210,1.000287715
5169,0,1.875359390,2.000999978
5170,0,1.379379964,1.082279395
5171,0,0.482123198,0.164342869
5172,0,1.121746427,1.029256408
5173,0,0.401458448,0.128712840
5174,0,1.068066473,1.043736122
5175,0,1.942509710,1.237756568
5176,0,1.427651710,1.131519853
5177,0,0.434756818,0.141791339
5178,0,1.038679377,1.030737346
5179,0,-0.000000000,0.000000000
5180,0,1.000000000,1.000000000
5181,0,0.302292189,0.080000000
5182,0,0.999999425,1.000892716
5183,0,0.302292178,0.080000000
5184,0,1.041996202,1.005381037
5185,0,-0.000000000,0.000000000
5186,0,1.000000000,1.000000000
5187,0,0.302292189,0.080000000
5188,0,1.008877014,1.000159612
5189,0,1.506834421,2.001112875
5190,0,1.149038573,1.004678967
5191,0,0.323190760,0.086677024
5192,0,1.009704061,1.002009770
5193,0,1.507518061,1.999824572
5194,0,1.149108728,1.054075390
5195,0,1.913222686,1.405777531
5196,0,1.100740811,1.030568258
5197,0,1.053658777,0.416892073
5198,0,1.038290148,1.001718778
5199,0,0.306356079,0.081285494
5200,0,0.999999464,0.999137989
5201,0,1.021928041,0.400000000
5202,0,0.999984629,1.004616180
5203,0,1.870945983,1.200000000
5204,0,1.094778337,1.032534683
5205,0,1.051485019,0.415741286
5206,0,0.999986029,0.995599112
5207,0,0.302291910,0.080000000
5208,0,1.008870030,1.002056501
5209,0,-0.000000000,0.000000000
5210,0,1.000000000,1.000000000
5211,0,-0.000000000,0.000000000
5212,0,1.000000000,1.000000000
5213,0,1.021928095,0.400000000
5214,0,0.999985120,0.995458189
5215,0,0.302291891,0.080000000
5216,0,0.999999322,0.999030251
5217,0,-0.000000000,0.000000000
5218,0,1.000000000,1.000000000
5219,0,0.302292189,0.080000000
5220,0,1.042002482,1.007398693
5221,0,0.306823294,1.999722707
5222,0,1.009062471,1.001911807
5223,0,1.872872595,1.400223250
5224,0,2.015893658,1.854854108
5225,0,1.621007832,1.891332051
5226,0,1.521798693,2.292320292
5227,0,2.112900015,2.390528119
5228,0,2.320033771,1.678618459
5229,0,1.850992602,1.324941356
5230,0,0.929310269,0.689539954
5231,0,1.014859122,0.400000000
5232,0,1.166360906,1.057694513
5233,0,1.079651273,0.431618579
5234,0,1.040236112,1.009305406
5235,0,1.531960467,2.016025202
5236,0,0.999725681,0.980499666
5237,0,-0.000000000,0.000000000
5238,0,1.000000000,1.000000000
5239,0,0.302292189,0.080000000
5240,0,0.999999425,0.999107284
5241,0,0.302292178,0.080000000
5242,0,1.008875599,1.000144049
5243,0,-0.000000000,0.000000000
5244,0,1.000000000,1.000000000
5245,0,-0.000000000,0.000000000
5246,0,1.000000000,1.000000000
5247,0,1.870950594,1.400000000
5248,0,1.375791478,1.080980392
5249,0,0.371227795,0.102643868
5250,0,0.999999753,0.999414723
5251,0,1.021928070,0.400000000
5252,0,1.159970642,1.027051341
5253,0,1.916244720,2.022106076
5254,0,2.049286698,1.457543326
5255,0,1.644490109,0.847158455
5256,0,0.998726904,1.042004358
5257,0,0.302266727,0.080000000
5258,0,1.008942666,1.001259655
5259,0,-0.000000000,0.000000000
5260,0,1.000000000,1.000000000
5261,0,1.870950594,1.200000000
5262,0,1.094879386,1.031284530
5263,0,-0.000000000,0.000000000
5264,0,1.000000000,1.000000000
5265,0,0.302292189,0.080000000
5266,0,1.008877014,1.000159612
5267,0,0.303049604,0.080239223
5268,0,0.999999429,1.000889743
5269,0,1.021928038,0.400000000
5270,0,1.159933499,1.026905478
5271,0,-0.000000000,0.000000000
5272,0,1.000000000,1.000000000
5273,0,1.021928095,0.400000000
5274,0,0.999985120,1.004541811
5275,0,1.870946130,1.400000000
5276,0,1.094779984,1.032514543
5277,0,0.314271552,0.083807936
5278,0,1.009347323,1.000250079
5279,0,-0.000000000,0.000000000
5280,0,1.000000000,1.000000000
5281,0,-0.000000000,0.000000000
5282,0,1.000000000,1.000000000
5283,0,1.870950594,1.400000000
5284,0,1.375791478,1.080980392
5285,0,1.769654941,2.132633257
5286,0,1.189108683,1.053758180
5287,0,-0.000000000,0.000000000
5288,0,1.000000000,1.000000000
5289,0,1.021928095,0.400000000
5290,0,0.999985120,0.995458189
5291,0,0.302291891,0.080000000
5292,0,1.181888741,1.035912017
5293,0,1.086722325,0.435071085
5294,0,0.999998683,0.998648965
5295,0,1.021927963,0.400000000
5296,0,1.575233104,1.180558165
5297,0,1.873607797,1.904865860
5298,0,0.998750658,0.958389238
5299,0,1.021803161,0.400000000
5300,0,1.036759810,1.006425022
5301,0,0.306165190,0.081226219
5302,0,1.009036106,1.001912241
5303,0,1.023857661,0.401016133
5304,0,0.999985303,1.004513828
5305,0,-0.000000000,0.000000000
5306,0,1.000000000,1.000000000
5307,0,-0.000000000,0.000000000
5308,0,1.000000000,1.000000000
5309,0,1.500000000,2.000000000
5310,0,0.999553063,0.975109810
5311,0,1.021883401,0.400000000
5312,0,1.159320240,1.039261237
5313,0,-0.000000000,0.000000000
5314,0,1.000000000,1.000000000
5315,0,0.302292189,0.080000000
5316,0,1.008877014,1.001980934
5317,0,0.303249015,0.080279798
5318,0,1.000210930,0.999164681
5319,0,0.000289701,0.000091755
5320,0,1.000109861,1.000020882
5321,0,1.871063418,1.200027216
5322,0,0.999966109,1.014274269
5323,0,1.022013501,1.800024664
5324,0,1.000001132,0.994240203
5325,0,-0.000000000,0.000000000
5326,0,1.000000000,1.000000000
5327,0,1.870950594,1.400000000
5328,0,1.094879386,1.031284530
5329,0,1.575150097,1.035377393
5330,0,1.567916510,1.149442673
5331,0,1.292401456,0.560243755
5332,0,1.227658099,1.040087629
5333,0,1.106660303,0.446219956
5334,0,1.041753616,1.008176147
5335,0,1.881277583,1.209571775
5336,0,1.380689479,1.085496959
5337,0,2.281512750,2.338361623
5338,0,2.377422132,3.529462691
5339,0,1.912869058,2.549898126
5340,0,1.659891879,1.447965456
5341,0,1.351881072,0.612517290
5342,0,0.997924523,1.053626875
5343,0,-0.000000000,0.000000000
5344,0,1.000000000,1.000000000
5345,0,1.021928095,2.000000000
5346,0,0.999985120,0.995458189
5347,0,1.021926607,1.800000000
5348,0,1.036457353,1.000408025
5349,0,0.306133620,0.081215393
5350,0,0.999999434,0.999114306
5351,0,1.499999717,1.000000000
5352,0,0.999537913,1.025308489
5353,0,-0.000000000,0.000000000
5354,0,1.000000000,1.000000000
5355,0,0.302292189,1.960000000
5356,0,1.042002482,1.007398693
5357,0,1.033196137,0.405959040
5358,0,0.999988136,1.004055463
5359,0,1.021926908,0.400000000
5360,0,1.159853568,1.026592424
5361,0,0.325010320,0.087270029
5362,0,0.999999865,1.000432033
5363,0,-0.000000000,0.000000000
5364,0,1.000000000,1.000000000
5365,0,1.870950594,2.000000000
5366,0,2.014604098,2.884569733
5367,0,1.620117238,1.891655008
5368,0,1.079073084,0.977970974
5369,0,0.311898284,0.083055215
5370,0,0.999999998,1.000052560
5371,0,1.021928095,0.400000000
5372,0,1.036488780,1.000814320
5373,0,1.031497300,0.405055813
5374,0,0.999985687,0.995545638
5375,0,-0.000000000,0.000000000
5376,0,1.000000000,1.000000000
5377,0,0.302292189,0.080000000
5378,0,1.008877014,1.000159612
5379,0,1.023819627,2.000082413
5380,0,1.160382413,1.027124214
5381,0,-0.000000000,0.000000000
5382,0,1.000000000,1.000000000
5383,0,1.870950594,1.400000000
5384,0,1.375791478,1.080980392
5385,0,1.980480822,1.331722768
5386,0,1.437276586,1.127814899
5387,0,0.386518704,0.107915060
5388,0,0.999997776,0.998243957
5389,0,1.021927872,0.400000000
5390,0,0.999986096,0.995609690
5391,0,0.302291911,0.080000000
5392,0,1.008870047,1.002056320
5393,0,1.872826741,1.999848929
5394,0,1.376595041,1.111204116
5395,0,1.770374508,1.946922667
5396,0,2.290116117,1.773990603
5397,0,2.101565043,1.578316905
5398,0,0.979683615,0.829945622
5399,0,1.489474774,1.000000000
5400,0,1.150820958,1.085924968
5401,0,-0.000000000,0.000000000
5402,0,1.000000000,1.000000000
5403,0,-0.000000000,0.000000000
5404,0,1.000000000,1.000000000
5405,0,1.021928095,0.400000000
5406,0,0.999985120,0.995458189
5407,0,1.021926607,0.400000000
5408,0,1.244130574,1.063434839
5409,0,0.479414838,0.178310820
5410,0,1.086531216,1.021145628
5411,0,1.453207661,1.630708771
5412,0,1.755643726,2.396393589
5413,0,1.080661268,3.201743501
5414,0,1.755174985,4.069027069
5415,0,0.017604739,0.003302363
5416,0,0.010671711,0.001859040
5417,0,1.575425089,1.401165762
5418,0,1.536350219,0.785055531
5419,0,1.678869976,2.025842747
5420,0,1.748634334,2.024672324
5421,0,1.804769447,1.812665401
5422,0,1.875087466,1.360541350
5423,0,1.883833830,1.690092664
5424,0,0.556216646,0.175029380
5425,0,1.121182097,1.043621891
5426,0,-0.000000000,0.000000000
5427,0,1.000000000,1.000000000
5428,0,-0.000000000,0.000000000
5429,0,1.000000000,1.000000000
5430,0,-0.000000000,0.000000000
5431,0,1.000000000,1.000000000
5432,0,0.302292189,0.080000000
5433,0,1.000000000,1.000000000
5434,0,1.021928095,0.400000000
5435,0,1.228118215,1.041111111
5436,0,1.098973413,0.443011606
5437,0,1.000000000,1.000000000
5438,0,-0.000000000,0.000000000
5439,0,1.000000000,1.000000000
5440,0,1.021928095,0.400000000
5441,0,1.052690404,1.007034221
5442,0,1.882728310,1.399013736
5443,0,1.140549722,1.022668446
5444,0,-0.000000000,0.000000000
5445,0,1.000000000,1.000000000
5446,0,1.870950594,2.000000000
5447,0,1.138751800,1.022289157
5448,0,1.064163411,0.423273040
5449,0,1.000000000,1.000000000
5450,0,1.021928095,0.400000000
5451,0,1.228118215,1.041111111
5452,0,0.334665510,2.000000000
5453,0,1.000000000,1.000000000
5454,0,-0.000000000,0.000000000
5455,0,1.000000000,1.000000000
5456,0,1.021928095,0.400000000
5457,0,1.052690404,1.007034221
5458,0,-0.000000000,0.000000000
5459,0,1.000000000,1.000000000
5460,0,0.302292189,0.080000000
5461,0,1.060184319,1.008222222
5462,0,1.884579970,1.213921204
5463,0,1.000000000,1.000000000
5464,0,0.302292189,0.080000000
5465,0,1.012773762,1.001377513
5466,0,1.512577193,2.001314483
5467,0,2.480432699,1.696421462
5468,0,2.236167778,2.172191860
5469,0,1.307900083,1.045598074
5470,0,0.000610894,0.000302962
5471,0,1.000139769,1.000045446
5472,0,0.302320563,0.080011158
5473,0,1.257475587,1.047861906
5474,0,1.111294822,0.450113938
5475,0,1.253339775,1.047143419
5476,0,1.128016371,1.790662047
5477,0,1.021146100,1.008498408
5478,0,1.045142545,0.412402937
5479,0,1.065052408,1.012578298
5480,0,1.904107227,1.409404405
5481,0,1.145669558,1.024942789
5482,0,1.070007619,0.426728341
5483,0,1.241986932,1.044829062
5484,0,1.105766486,0.446796598
5485,0,1.000754560,1.000273637
5486,0,1.871068809,1.200037013
5487,0,1.000080653,1.000029406
5488,0,0.000087318,0.000036763
5489,0,1.000064917,1.000024473
5490,0,0.302292189,0.080000000
5491,0,1.257422929,1.047844828
5492,0,0.340029904,0.092331027
5493,0,1.068725833,1.009670875
5494,0,1.886811085,1.398836311
5495,0,1.141210418,1.022809184
5496,0,1.065050152,0.423758905
5497,0,1.000000000,0.999999384
5498,0,1.500000000,1.000000000
5499,0,1.220308818,1.039361413
5500,0,1.926928570,1.264173051
5501,0,1.000000000,1.000000091
5502,0,0.302292189,0.080000000
5503,0,1.000000000,1.000000001
5504,0,-0.000000000,0.000000000
5505,0,1.000000000,1.000000000
5506,0,1.500000000,1.000000000
5507,0,1.764492375,1.205555556
5508,0,2.049186634,2.008300589
5509,0,1.000000000,1.000000000
5510,0,-0.000000000,0.000000000
5511,0,1.000000000,1.000000000
5512,0,1.870950594,1.400000000
5513,0,1.138751800,1.993975904
5514,0,1.904985459,2.001100547
5515,0,1.144337314,1.023471811
5516,0,1.066184003,0.424381310
5517,0,1.000000000,1.000001403
5518,0,1.021928095,2.000000281
5519,0,1.052690404,1.007034338
5520,0,1.035378563,1.797703404
5521,0,1.000000000,0.999999988
5522,0,1.021928095,0.400000000
5523,0,1.052690404,1.007034220
5524,0,-0.000000000,0.000000000
5525,0,1.000000000,1.000000000
5526,0,-0.000000000,0.000000000
5527,0,1.000000000,1.000000000
5528,0,-0.000000000,0.000000000
5529,0,1.000000000,1.000000000
5530,0,-0.000000000,0.000000000
5531,0,1.000000000,1.000000000
5532,0,-0.000000000,0.000000000
5533,0,1.000000000,1.000000000
5534,0,1.500000000,2.000000000
5535,0,1.905928216,3.000000000
5536,0,2.901583079,4.000000000
5537,0,1.363249283,4.513112783
5538,0,1.340972329,5.523304392
5539,0,2.220096071,5.118441999
5540,0,2.967411225,3.709213444
5541,0,1.568942942,1.547021038
5542,0,1.416402184,1.420765553
5543,0,0.222680162,0.267441844
5544,0,1.012114878,1.007138739
5545,0,1.024301359,0.401365468
5546,0,1.575673926,1.180538039
5547,0,1.467557947,2.011237305
5548,0,1.196651296,1.081299235
5549,0,0.132553008,0.110583297
5550,0,1.035551349,1.014965000
5551,0,1.029302994,0.403102437
5552,0,1.145930996,1.047418446
5553,0,0.465077996,0.174174561
5554,0,1.112355443,1.041793172
5555,0,1.107181842,0.440791715
5556,0,1.216893084,1.095472386
5557,0,0.508517544,2.021156052
5558,0,1.229113727,1.134970696
5559,0,1.127856343,0.454520280
5560,0,1.272394377,1.078527930
5561,0,2.061898449,1.446060577
5562,0,2.101179772,1.553798286
5563,0,2.196272951,2.300730048
5564,0,2.259832891,2.729774273
5565,0,1.415890073,3.082145912
5566,0,1.955903242,3.844900840
5567,0,0.320993561,0.114518869
5568,0,0.210771669,0.066063876
5569,0,1.033478889,0.424025317
5570,0,-0.000000000,0.000000000
5571,0,1.000000000,1.000000000
5572,0,1.870950594,1.200000000
5573,0,1.000000000,1.000000000
5574,0,1.021928095,0.400000000
5575,0,1.052690404,1.007034221
5576,0,0.307787926,0.081766365
5577,0,1.000000000,1.000000000
5578,0,1.021928095,0.400000000
5579,0,1.052690404,1.007034221
5580,0,1.035378563,0.407332871
5581,0,1.053635335,1.007189192
5582,0,1.035658901,0.407484620
5583,0,1.000000000,1.000000000
5584,0,-0.000000000,0.000000000
5585,0,1.000000000,1.000000000
5586,0,1.021928095,0.400000000
5587,0,1.052690404,1.007034221
5588,0,1.035378563,0.407332871
5589,0,1.053635335,1.007189192
5590,0,-0.000000000,0.000000000
5591,0,1.000000000,1.000000000
5592,0,-0.000000000,0.000000000
5593,0,1.000000000,1.000000000
5594,0,0.302292189,0.080000000
5595,0,1.012773762,1.001377513
5596,0,-0.000000000,0.000000000
5597,0,1.000000000,1.000000000
5598,0,1.021928095,0.400000000
5599,0,1.228118215,1.041111111
5600,0,1.929031819,2.001984500
5601,0,1.148811807,1.024423437
5602,0,-0.000000000,0.000000000
5603,0,1.000000000,1.000000000
5604,0,-0.000000000,0.000000000
5605,0,1.000000000,1.000000000
5606,0,-0.000000000,0.000000000
5607,0,1.000000000,1.000000000
5608,0,1.870950594,1.200000000
5609,0,1.532052555,1.123333333
5610,0,-0.000000000,0.000000000
5611,0,1.000000000,1.000000000
5612,0,1.021928095,0.400000000
5613,0,1.000000000,1.000000000
5614,0,-0.000000000,0.000000000
5615,0,1.000000000,1.000000000
5616,0,1.870950594,1.200000000
5617,0,1.532052555,1.123333333
5618,0,-0.000000000,0.000000000
5619,0,1.000000000,1.000000000
5620,0,1.500000000,2.000000000
5621,0,2.473808192,1.812500000
5622,0,2.304073201,1.491322739
5623,0,1.625061000,1.318835711
5624,0,0.442573625,0.165483866
5625,0,1.138222580,1.057931645
5626,0,1.041485883,0.410660415
5627,0,1.054070471,1.007573228
5628,0,1.035788240,0.407554527
5629,0,1.053664626,1.007226365
5630,0,-0.000000000,0.000000000
5631,0,1.000000000,1.000000000
5632,0,0.302292189,0.080000000
5633,0,1.060184319,1.008222222
5634,0,0.308717777,0.082066230
5635,0,1.061632540,1.008464963
5636,0,-0.000000000,0.000000000
5637,0,1.000000000,1.000000000
5638,0,1.021928095,0.400000000
5639,0,1.052690404,1.007034221
5640,0,1.035378563,0.407332871
5641,0,1.000000000,1.000000000
5642,0,1.021928095,2.000000000
5643,0,1.905928216,3.000000000
5644,0,2.391070809,2.253244631
5645,0,2.380210356,1.579212383
5646,0,0.797671635,0.828000010
5647,0,1.580872745,1.526468221
5648,0,0.966651172,1.197902301
5649,0,1.078733201,1.030271092
5650,0,1.576623950,1.413960511
5651,0,1.824056508,1.622100046
5652,0,1.897705272,1.113390413
5653,0,0.471267215,0.200852006
5654,0,0.573624965,0.182097281
5655,0,0.324477475,0.132373486
5656,0,0.251764885,0.141409466
5657,0,0.392645663,0.122517809
5658,0,1.059412497,0.482055314
5659,0,-0.000000000,0.000000000
5660,0,1.000000000,1.000000000
5661,0,0.302292189,0.080000000
5662,0,1.008877014,1.001980934
5663,0,1.506834421,1.002334881
5664,0,1.545259788,1.135921629
5665,0,0.419188131,0.119377443
5666,0,0.999997932,1.001693271
5667,0,1.021927888,2.000338654
5668,0,1.036499932,1.000959417
5669,0,0.306137923,0.081216855
5670,0,0.999999448,0.999125424
5671,0,-0.000000000,0.000000000
5672,0,1.000000000,1.000000000
5673,0,-0.000000000,0.000000000
5674,0,1.000000000,1.000000000
5675,0,-0.000000000,0.000000000
5676,0,1.000000000,1.000000000
5677,0,0.302292189,0.080000000
5678,0,0.999999425,1.000892716
5679,0,1.499999713,1.000000000
5680,0,2.186260874,1.599115897
5681,0,-0.000000000,0.000000000
5682,0,1.000000000,1.000000000
5683,0,0.302292189,0.080000000
5684,0,1.042002482,1.005398693
5685,0,0.307777270,0.081677705
5686,0,1.001071718,0.999527131
5687,0,1.023068588,0.400409823
5688,0,1.037055200,1.000920387
5689,0,1.880877444,1.401429559
5690,0,1.096216786,1.003214695
5691,0,0.314692269,0.083975035
5692,0,1.000178755,0.999259760
5693,0,0.000246225,0.000118811
5694,0,1.000189405,1.000098350
5695,0,1.022123808,1.800067782
5696,0,1.036517762,1.010059177
5697,0,-0.000000000,0.000000000
5698,0,1.000000000,1.000000000
5699,0,0.302292189,0.080000000
5700,0,0.999999425,1.000892716
5701,0,1.021928037,0.400000000
5702,0,1.036482338,1.010126534
5703,0,1.879815834,1.401088342
5704,0,1.000408338,1.014026640
5705,0,0.302872817,0.080211994
5706,0,1.009315854,1.002364098
5707,0,0.000460970,0.000222465
5708,0,1.000173644,1.000059325
5709,0,0.000198869,0.000091768
5710,0,1.000189078,1.000072982
5711,0,1.022119151,1.800064829
5712,0,1.160143417,1.027083830
5713,0,0.000240967,0.000116006
5714,0,1.000052893,1.000018043
5715,0,0.302348390,0.080024023
5716,0,1.000039962,1.000907414
5717,0,1.871062859,2.000567125
5718,0,1.094906630,3.009482405
5719,0,0.314331457,1.999761430
5720,0,1.498599053,2.567960356
5721,0,2.716358052,3.484184565
5722,0,2.262946495,2.454558919
5723,0,2.661520768,1.969269166
5724,0,1.607717460,0.962796810
5725,0,2.000359803,1.456327450
5726,0,1.497837264,1.311370005
5727,0,0.407219288,0.116010719
5728,0,0.999953351,1.008041636
5729,0,1.021923430,0.400000000
5730,0,0.999989319,0.996151996
5731,0,-0.000000000,0.000000000
5732,0,1.000000000,1.000000000
5733,0,-0.000000000,0.000000000
5734,0,1.000000000,1.000000000
5735,0,0.302292189,0.080000000
5736,0,1.008877014,1.000159612
5737,0,1.023819627,0.400996265
5738,0,1.160382413,1.037085781
5739,0,-0.000000000,0.000000000
5740,0,1.000000000,1.000000000
5741,0,-0.000000000,0.000000000
5742,0,1.000000000,1.000000000
5743,0,0.302292189,0.080000000
5744,0,1.008877014,1.001980934
5745,0,1.506834421,2.000000969
5746,0,1.545259788,1.185453691
5747,0,1.279341226,0.551633242
5748,0,0.999953477,0.991969224
5749,0,1.021923443,0.400000000
5750,0,1.036542661,1.001519893
5751,0,1.879826987,1.208215016
5752,0,1.096010584,1.003375118
5753,0,1.051918373,0.415972917
5754,0,0.999987316,0.995806751
5755,0,1.021926827,0.400000000
5756,0,0.999982655,0.995096428
5757,0,1.870945391,1.400000000
5758,0,1.094771965,1.032612510
5759,0,1.051483583,1.999017523
5760,0,1.038129844,3.002744838
5761,0,1.541438750,2.002636450
5762,0,1.563297426,1.191727152
5763,0,0.423901541,0.121239524
5764,0,0.999997605,1.001822124
5765,0,1.021927855,0.400000000
5766,0,1.036500807,1.009890142
5767,0,0.306138012,0.081216885
5768,0,0.999999449,0.999125654
5769,0,1.021928040,0.400000000
5770,0,0.999984622,0.995382756
5771,0,0.302291882,0.080000000
5772,0,0.999999320,1.000971028
5773,0,1.021928027,0.400000000
5774,0,0.999984566,1.004625585
5775,0,0.302291880,0.080000000
5776,0,1.041969907,1.005307209
5777,0,1.033187706,0.405953842
5778,0,0.999988045,0.995928914
5779,0,1.021926899,0.400000000
5780,0,0.999982730,1.004893033
5781,0,0.302291844,0.080000000
5782,0,1.041968021,1.007487855
5783,0,0.306819399,0.081433116
5784,0,0.999999535,1.000802484
5785,0,0.302292180,0.080000000
5786,0,1.041996837,1.005382821
5787,0,0.306822655,0.081434226
5788,0,1.009062402,1.001912345
5789,0,-0.000000000,0.000000000
5790,0,1.000000000,1.000000000
5791,0,0.302292189,1.960000000
5792,0,1.008877014,1.000159612
5793,0,-0.000000000,0.000000000
5794,0,1.000000000,1.000000000
5795,0,-0.000000000,0.000000000
5796,0,1.000000000,1.000000000
5797,0,0.302292189,0.080000000
5798,0,1.182011943,1.036063476
5799,0,0.329017551,0.088574631
5800,0,0.999999952,1.000258177
5801,0,0.302292188,2.000010327
5802,0,1.008876605,1.001985367
5803,0,-0.000000000,0.000000000
5804,0,1.000000000,1.000000000
5805,0,0.302292189,0.080000000
5806,0,1.008877014,1.000159612
5807,0,-0.000000000,0.000000000
5808,0,1.000000000,1.000000000
5809,0,0.302292189,0.080000000
5810,0,1.042002482,1.005398693
5811,0,1.033196137,0.405959040
5812,0,0.999988136,0.995944537
5813,0,-0.000000000,0.000000000
5814,0,1.000000000,1.000000000
5815,0,1.870950594,2.000000000
5816,0,1.375791478,1.080980392
5817,0,1.769654941,2.132633257
5818,0,1.655490342,1.229974600
5819,0,0.454449364,0.132290620
5820,0,1.015565260,0.997524616
5821,0,1.025493435,0.401874495
5822,0,1.036735366,1.009439251
5823,0,0.306165813,0.081225721
5824,0,0.999999462,0.999136057
5825,0,-0.000000000,0.000000000
5826,0,1.000000000,1.000000000
5827,0,1.870950594,2.000000000
5828,0,1.094879386,1.031284530
5829,0,0.314281662,0.083811437
5830,0,1.009349983,1.000276206
5831,0,1.510185475,1.003162781
5832,0,1.153538686,1.055505847
5833,0,1.119235529,0.445076384
5834,0,1.196226452,1.066890193
5835,0,1.073164813,0.595994401
5836,0,1.012610256,0.540858073
5837,0,1.750666261,1.424341177
5838,0,1.257887324,0.727819508
5839,0,1.609078610,0.728130193
5840,0,0.952174831,1.940466059
5841,0,2.022624414,1.239750556
5842,0,1.736400190,1.296928201
5843,0,2.035318972,1.104426452
5844,0,1.368683239,0.657447825
5845,0,0.697973171,0.343421941
5846,0,0.762201765,0.281950689
5847,0,0.657254432,1.974411856
5848,0,1.781054559,2.753841991
5849,0,1.655914164,1.056282186
5850,0,1.518634290,1.357523379
5851,0,1.278311154,1.587518807
5852,0,1.632051524,0.730304641
5853,0,0.942761448,0.352675493
5854,0,0.364599412,0.106112209
5855,0,1.016300142,1.022375656
5856,0,-0.000000000,0.000000000
5857,0,1.000000000,1.000000000
5858,0,1.870950594,2.000000000
5859,0,1.138751800,1.022289157
5860,0,-0.000000000,0.000000000
5861,0,1.000000000,1.000000000
5862,0,-0.000000000,0.000000000
5863,0,1.000000000,1.000000000
5864,0,1.021928095,1.800000000
5865,0,1.052690404,1.007034221
5866,0,1.035378563,0.407332871
5867,0,1.231864424,1.041994141
5868,0,1.100504734,0.443881362
5869,0,1.058314079,1.007964773
5870,0,-0.000000000,0.000000000
5871,0,1.000000000,1.000000000
5872,0,1.870950594,1.400000000
5873,0,1.138751800,1.022289157
5874,0,-0.000000000,0.000000000
5875,0,1.000000000,1.000000000
5876,0,1.021928095,0.400000000
5877,0,1.228118215,1.041111111
5878,0,1.668546004,1.063790075
5879,0,1.821113911,1.230819410
5880,0,1.981743214,1.246668151
5881,0,1.963003510,1.300172695
5882,0,1.490803199,0.705758933
5883,0,1.374308528,1.078435576
5884,0,-0.000000000,0.000000000
5885,0,1.000000000,1.000000000
5886,0,1.021928095,0.400000000
5887,0,1.228118215,1.041111111
5888,0,0.334665510,0.090549664
5889,0,1.000000000,1.000000000
5890,0,1.021928095,0.400000000
5891,0,1.228118215,1.041111111
5892,0,1.098973413,0.443011606
5893,0,1.000000000,1.000000000
5894,0,1.870950594,1.200000000
5895,0,1.532052555,1.123333333
5896,0,0.401554049,0.113415966
5897,0,1.017831718,1.002040046
5898,0,0.303859198,0.080501786
5899,0,1.012852056,1.001387521
5900,0,1.509865072,2.000701588
5901,0,2.475865003,2.999987272
5902,0,1.909080952,1.999956797
5903,0,2.346011757,1.543974726
5904,0,1.769695498,0.974609133
5905,0,1.000000000,0.999988946
5906,0,1.021928095,0.400000000
5907,0,1.052690404,1.007035147
5908,0,0.307787926,0.081766365
5909,0,1.000000000,0.999999982
5910,0,1.021928095,0.400000000
5911,0,1.784319623,1.213461541
5912,0,1.961036637,1.226246106
5913,0,1.298595182,1.059745384
5914,0,-0.000000000,0.000000000
5915,0,1.000000000,1.000000000
5916,0,1.021928095,2.000000000
5917,0,1.905928216,1.642857143
5918,0,1.776700037,1.329491018
5919,0,1.000000000,1.000000000
5920,0,-0.000000000,0.000000000
5921,0,1.000000000,1.000000000
5922,0,-0.000000000,0.000000000
5923,0,1.000000000,1.000000000
5924,0,1.021928095,1.800000000
5925,0,1.052690404,1.007034221
5926,0,0.307787926,1.959391793
5927,0,1.061422809,1.008429735
5928,0,-0.000000000,0.000000000
5929,0,1.000000000,1.000000000
5930,0,1.021928095,0.400000000
5931,0,1.000000000,1.000000000
5932,0,-0.000000000,0.000000000
5933,0,1.000000000,1.000000000
5934,0,0.302292189,0.080000000
5935,0,1.060184319,1.008222222
5936,0,1.690110158,1.044021893
5937,0,2.040401718,1.701415842
5938,0,2.320058159,1.505778317
5939,0,1.398352718,1.091347715
5940,0,-0.000000000,0.000000000
5941,0,1.000000000,1.000000000
5942,0,1.021928095,1.800000000
5943,0,1.784319623,1.213461538
5944,0,2.052217958,1.488259109
5945,0,1.000000000,1.000000000
5946,0,1.870950594,2.000000000
5947,0,1.000000000,1.000000000
5948,0,-0.000000000,0.000000000
5949,0,1.000000000,1.000000000
5950,0,0.302292189,0.080000000
5951,0,1.084886310,1.015633987
5952,0,0.892983424,0.560844001
5953,0,1.454294858,1.526695364
5954,0,0.490135690,0.165932630
5955,0,1.045143180,1.028751450
5956,0,1.033444768,2.008546016
5957,0,1.020452318,1.021171021
5958,0,1.043768547,0.418200963
5959,0,1.070467794,1.023424030
5960,0,0.312716839,0.085008153
5961,0,1.003564948,1.002045044
5962,0,-0.000000000,0.000000000
5963,0,1.000000000,1.000000000
5964,0,0.302292189,0.080000000
5965,0,1.060184319,1.008222222
5966,0,-0.000000000,0.000000000
5967,0,1.000000000,1.000000000
5968,0,1.021928095,0.400000000
5969,0,1.052690404,1.007034221
5970,0,0.307787926,0.081766365
5971,0,1.061422809,1.008429735
5972,0,-0.000000000,0.000000000
5973,0,1.000000000,1.000000000
5974,0,1.870950594,1.400000000
5975,0,1.532052555,1.966666667
5976,0,1.242499492,1.759231462
5977,0,1.292026721,1.986623970
5978,0,2.195485624,1.995451168
5979,0,2.224748649,2.640501517
5980,0,2.818764127,2.812787406
5981,0,1.931879783,2.786262561
5982,0,1.507805291,1.836762679
5983,0,1.862716547,1.190254192
5984,0,2.075275005,1.933223444
5985,0,1.188384045,0.998217157
5986,0,0.327655576,0.088210374
5987,0,1.065984015,1.010024691
5988,0,0.309446457,0.082300029
5989,0,1.013130803,1.001453783
5990,0,-0.000000000,0.000000000
5991,0,1.000000000,1.000000000
5992,0,1.870950594,1.400000000
5993,0,1.138751800,1.022289157
5994,0,-0.000000000,0.000000000
5995,0,1.000000000,1.000000000
5996,0,1.500000000,1.000000000
5997,0,1.220308818,1.039361702
5998,0,0.336929535,0.091277827
5999,0,1.302474737,1.059394955
