0,0,4.967704495,4.648217402
1,0,4.791809949,4.345292816
2,0,4.237150064,3.641756685
3,0,3.739008576,3.282271894
4,0,3.888398306,2.905257962
5,0,3.895365752,2.760273903
6,0,3.496397075,2.159582871
7,0,3.734450077,2.387197404
8,0,3.814816910,2.773016097
9,0,3.520923473,2.193725375
10,0,3.698825440,2.449147004
11,0,3.092503142,2.203518157
12,0,3.387107047,3.111229532
13,0,2.704990151,3.706075300
14,0,3.608111103,3.360324003
15,0,3.473621848,3.170650901
16,0,3.168965209,3.053332424
17,0,2.960304800,3.068498889
18,0,3.368272440,2.824260982
19,0,3.020760862,2.673272940
20,0,3.209611624,2.698273793
21,0,2.358219211,1.770449413
22,0,2.459170449,1.799326877
23,0,2.869220533,2.671843372
24,0,2.990557270,4.067904480
25,0,2.517188772,2.477998490
26,0,2.931054223,2.131558163
27,0,2.656563999,2.342392890
28,0,1.888614054,1.085715362
29,0,1.843070267,1.179014696
30,0,0.995550414,0.921501011
31,0,1.875480099,1.142857143
32,0,2.211242403,1.976158942
33,0,-0.000000000,0.000000000
34,0,1.000000000,1.000000000
35,0,1.750000000,1.000000000
36,0,1.205039102,1.017529880
37,0,1.909404858,1.730402792
38,0,1.963376915,1.455855669
39,0,2.051959841,1.979782182
40,0,1.390653033,1.142810072
41,0,1.791158953,1.043588690
42,0,0.999390246,1.029071977
43,0,-0.000000000,0.000000000
44,0,1.000000000,1.000000000
45,0,1.750000000,1.500000000
46,0,1.205039102,1.069322709
47,0,1.663731866,1.053276574
48,0,1.404853860,1.173435990
49,0,1.793301663,1.046782966
50,0,1.718595878,1.284617156
51,0,2.003728309,1.997576191
52,0,2.008096986,2.937546398
53,0,1.908327036,1.959058001
54,0,2.275485079,1.746144279
55,0,2.119521562,1.887390470
56,0,0.999999125,0.998898770
57,0,0.805958430,0.285714286
58,0,1.854379089,1.338393200
59,0,1.872180773,1.956873761
60,0,0.999782985,1.017344489
61,0,0.805942992,0.285714286
62,0,1.067940385,1.003709405
63,0,-0.000000000,0.000000000
64,0,1.000000000,1.000000000
65,0,1.500000000,1.000000000
66,0,2.181435350,1.626229508
67,0,1.972071017,1.818791946
68,0,2.248833170,2.643422558
69,0,1.932527107,2.156757676
70,0,1.526585854,2.043755262
71,0,1.956956520,3.311645658
72,0,2.418259544,4.024674314
73,0,3.257766866,5.201258426
74,0,2.982363778,4.178976688
75,0,3.250536954,3.549670897
76,0,2.455595710,2.185074711
77,0,2.037726766,1.419652589
78,0,2.180229807,1.531601729
79,0,2.022146582,1.413382562
80,0,1.951312209,1.975141625
81,0,2.564383776,1.802169637
82,0,2.132026516,1.501868180
83,0,2.509292174,2.308028878
84,0,2.077754736,1.469626561
85,0,1.884214443,1.654306022
86,0,0.901359142,0.597599596
87,0,0.827416156,0.306048591
88,0,1.085441490,1.004523734
89,0,1.551958537,1.010121169
90,0,1.701899123,1.971448642
91,0,2.251641600,1.973532447
92,0,1.711990462,2.566951121
93,0,1.597858788,3.298657642
94,0,1.728669737,4.559681387
95,0,2.312201626,4.803422291
96,0,1.905597081,1.598233258
97,0,0.655295551,0.312924425
98,0,1.868347434,1.067886203
99,0,1.816002505,1.338936569
100,0,1.273952478,0.723708796
101,0,1.473377094,1.053901000
102,0,1.251724060,0.959646139
103,0,2.184632816,1.309296339
104,0,1.985628206,1.347205740
105,0,1.575533675,0.860273612
106,0,0.883681910,0.326997657
107,0,0.999816314,1.015957200
108,0,-0.000000000,0.000000000
109,0,1.000000000,1.000000000
110,0,1.750000000,1.500000000
111,0,1.881290899,1.600000000
112,0,1.578510287,1.243243243
113,0,1.000000000,1.000000000
114,0,1.750000000,1.000000000
115,0,2.502901402,1.795918367
116,0,2.867401122,2.634020619
117,0,2.808700967,2.107763496
118,0,1.584067975,2.052247989
119,0,0.999602821,1.023463934
120,0,1.877216845,2.020111944
121,0,1.881120684,1.614078360
122,0,2.084004513,2.102492502
123,0,2.472949880,1.890697740
124,0,2.566935908,2.278120237
125,0,2.566088606,3.162179564
126,0,2.923300055,2.930421721
127,0,2.489462013,3.162058312
128,0,2.909691797,2.685615702
129,0,2.949484006,3.376440762
130,0,3.168917278,2.899869067
131,0,2.912500542,2.421105635
132,0,2.654924092,2.047997715
133,0,2.152806782,1.492421731
134,0,1.919045717,1.637461785
135,0,1.135899121,0.657838896
136,0,1.701223508,1.203323007
137,0,1.805441070,1.317310888
138,0,2.165463497,2.048090041
139,0,1.723266905,1.146449476
140,0,2.282910336,1.138939091
141,0,2.347451372,1.703163246
142,0,2.487904139,2.608279412
143,0,2.521670760,2.673959970
144,0,2.688897201,2.643025593
145,0,1.578301847,1.484974315
146,0,2.301867340,1.765468932
147,0,2.574320049,1.826566400
148,0,2.095172853,1.431659835
149,0,0.976685684,1.312311250
150,0,2.149506206,1.223510760
151,0,2.207980191,1.657093704
152,0,2.380242325,1.719360832
153,0,2.082963105,2.033115757
154,0,2.680122008,1.633114602
155,0,2.643825771,2.255791809
156,0,2.602308427,1.962925377
157,0,2.868006888,1.959053791
158,0,2.912208172,1.854623313
159,0,2.525024359,1.970375428
160,0,2.671141358,2.400672186
161,0,2.393586691,2.136357794
162,0,2.799902959,2.401951050
163,0,2.512649100,1.967920461
164,0,1.905288648,2.890617793
165,0,1.616792879,2.131633089
166,0,1.582245967,1.397624107
167,0,2.673591169,1.770032311
168,0,2.194153901,1.307799716
169,0,2.421343938,1.533357306
170,0,1.877240177,0.951505238
171,0,1.911301890,1.311416201
172,0,2.282969116,2.044697887
173,0,2.443709319,1.556145487
174,0,2.347281426,2.006265467
175,0,2.508610333,1.925527666
176,0,2.357552171,2.017951924
177,0,2.310237604,2.878160915
178,0,2.502335656,3.797530896
179,0,2.704193069,3.050222728
180,0,2.453988083,2.275702840
181,0,2.069027425,1.507818851
182,0,2.353389230,2.198094869
183,0,2.618598589,1.912187855
184,0,2.418673891,1.696566890
185,0,1.366150054,1.336242849
186,0,1.718883227,2.033376576
187,0,2.565869131,1.689492540
188,0,2.046172730,1.192448073
189,0,2.107858189,2.134655220
190,0,2.477029408,1.575833298
191,0,1.226160371,0.917952015
192,0,2.248837251,1.752174985
193,0,1.994983114,1.389552179
194,0,2.388902595,1.974415749
195,0,2.301992115,1.550987212
196,0,2.563927727,1.538740960
197,0,2.451618453,1.606983317
198,0,2.083037565,1.645145280
199,0,2.176861201,1.689995354
200,0,2.000259932,1.877075092
201,0,2.774312447,1.998296539
202,0,2.695442961,1.749769841
203,0,2.378278573,1.583759405
204,0,2.486189741,2.245328649
205,0,2.461775934,3.881671902
206,0,2.833919454,5.702713833
207,0,2.883908341,6.993450890
208,0,3.111736084,8.066118082
209,0,2.713130589,7.829980749
210,0,2.680164705,6.965289336
211,0,2.903773973,6.120717544
212,0,2.940788433,7.364184168
213,0,3.057335571,6.580019959
214,0,3.524244695,5.573769401
215,0,3.773820726,4.897309136
216,0,2.614121505,3.767656484
217,0,3.374685225,4.377518976
218,0,3.224590882,4.343407069
219,0,3.243405124,3.920527793
220,0,3.336755438,3.358535299
221,0,3.304527836,4.259187394
222,0,2.634011782,2.889900924
223,0,3.097232015,3.547648150
224,0,2.472582632,3.204507076
225,0,3.614976358,3.971256579
226,0,3.558084928,4.340050257
227,0,3.716610054,3.770653253
228,0,3.811649272,4.268639675
229,0,3.702372895,4.520605031
230,0,3.678648993,3.785665786
231,0,3.724127984,3.595669211
232,0,3.251253048,2.764352773
233,0,3.209706689,2.551640886
234,0,3.041941297,2.594451143
235,0,3.238965610,2.969343681
236,0,2.896227658,3.673510533
237,0,2.341202851,1.659606384
238,0,2.941378751,2.192852502
239,0,3.407445956,3.039242868
240,0,3.259153959,2.465944809
241,0,3.486778381,2.513481356
242,0,3.630071729,2.686207519
243,0,3.850751697,4.201153993
244,0,3.428373763,4.594425124
245,0,3.626425135,5.117380942
246,0,3.611485469,3.762436718
247,0,3.517958836,3.027580117
248,0,3.143811566,2.625862122
249,0,3.664121500,2.809804132
250,0,3.655841969,3.047362808
251,0,3.600651424,2.884724441
252,0,3.109572939,3.138401669
253,0,3.504617572,2.809358889
254,0,2.891376597,2.291869268
255,0,2.791948624,2.746582264
256,0,3.420643332,3.150009348
257,0,3.268549236,2.698686535
258,0,3.553589526,3.291834258
259,0,3.089994484,3.789531273
260,0,3.193410302,4.787974586
261,0,3.552226100,4.787840494
262,0,3.375261867,5.080271713
263,0,1.708347639,2.413603469
264,0,1.781178456,1.400082043
265,0,1.652510164,2.059052076
266,0,1.472126028,1.076631379
267,0,2.303205476,1.834938070
268,0,1.973947418,1.497015176
269,0,2.646662385,1.607444830
270,0,1.707545026,1.599708731
271,0,2.557770216,1.551037997
272,0,2.235171638,1.537376016
273,0,1.264271695,0.922112430
274,0,1.476421485,1.422535242
275,0,2.427806902,1.421790719
276,0,1.618414320,1.669977307
277,0,1.746676527,2.037547151
278,0,1.954140502,2.924145138
279,0,2.335896094,2.565255647
280,0,2.513071117,2.910858059
281,0,2.291049823,2.096657994
282,0,2.719806258,1.965663553
283,0,2.647381860,2.370788982
284,0,2.452785704,2.182388074
285,0,2.313976630,1.547535364
286,0,2.468329850,2.061669954
287,0,2.796283661,2.859752067
288,0,2.994668029,2.452732086
289,0,3.184442362,2.185936637
290,0,2.704524088,1.904107090
291,0,2.881412902,2.308833832
292,0,2.282530632,1.797901139
293,0,1.991668584,1.398829467
294,0,2.146335144,2.596401536
295,0,3.149608536,2.997480116
296,0,2.801324044,2.483217517
297,0,2.559597152,2.252735933
298,0,2.788364767,2.089894218
299,0,3.107578088,2.024177736
300,0,2.565256118,2.447822007
301,0,3.198456503,2.762337968
302,0,3.184221640,3.320382730
303,0,3.272543415,2.915064265
304,0,3.679119385,3.838729427
305,0,3.471218815,4.851651028
306,0,2.380516119,5.533789620
307,0,3.336626807,6.790197232
308,0,3.429529471,6.733187199
309,0,3.629234761,4.898366000
310,0,3.753062957,3.963200232
311,0,3.170837461,1.902879905
312,0,2.947427510,2.095685172
313,0,2.746143226,2.228426139
314,0,2.740306149,1.886572748
315,0,2.826270529,2.245133253
316,0,3.080154612,3.007451201
317,0,3.011436242,2.389477405
318,0,3.031958611,2.800305713
319,0,2.820364573,3.328000525
320,0,2.868782045,4.168248350
321,0,3.396800403,3.498138357
322,0,3.487196491,3.147482437
323,0,3.427933284,3.865097949
324,0,2.569624303,3.314282162
325,0,3.493077723,4.110128140
326,0,3.305238181,3.485489021
327,0,3.492059854,2.536438040
328,0,3.160667040,2.389413570
329,0,3.611058988,3.080336803
330,0,3.549630377,2.748044990
331,0,3.432090623,3.034481690
332,0,3.880559442,3.618721379
333,0,3.762935871,3.377145113
334,0,3.481255904,2.772174515
335,0,3.356468770,2.578416670
336,0,3.722871674,2.940420699
337,0,3.379161537,3.111857920
338,0,3.331189688,2.628112885
339,0,3.264950439,3.204553754
340,0,3.556900118,2.791083633
341,0,3.250073899,2.266837579
342,0,3.158561960,2.638911798
343,0,3.225217331,2.247252101
344,0,2.602665711,1.937607543
345,0,2.596135952,2.267703175
346,0,2.455903523,2.297346299
347,0,2.937890007,2.595053040
348,0,3.114648256,2.286874488
349,0,2.733898638,1.805241895
350,0,3.101428676,2.475450254
351,0,2.812576957,2.869652384
352,0,3.246577818,2.588737373
353,0,3.098846303,3.111096677
354,0,3.162157809,2.127389197
355,0,2.204546603,2.195398301
356,0,1.974543653,1.747793857
357,0,2.824282560,1.830333282
358,0,2.284405335,1.729177810
359,0,1.940945769,1.285963917
360,0,1.803716132,0.997245327
361,0,2.130721689,1.320715458
362,0,2.018455598,1.646987081
363,0,2.281674639,2.262417697
364,0,2.213153331,1.644117373
365,0,1.657355052,1.049520220
366,0,1.653109224,1.079846838
367,0,1.928569270,2.004359659
368,0,2.508229569,2.118309724
369,0,1.089625737,0.886032395
370,0,1.856502993,1.983800504
371,0,-0.000000000,0.000000000
372,0,-0.000000000,0.000000000
373,0,1.000000000,1.000000000
374,0,1.251629167,2.000000000
375,0,1.500000000,2.500000000
376,0,2.735689932,2.430379747
377,0,2.377799793,2.966101695
378,0,2.290227887,3.409691630
379,0,2.997830242,3.083700441
380,0,2.563890359,3.965821389
381,0,2.795055898,4.746864827
382,0,3.343735290,4.051675064
383,0,2.949246779,4.818568409
384,0,3.372618675,4.138833242
385,0,2.975667340,3.331841344
386,0,2.453697030,3.568150293
387,0,1.828434178,3.856933270
388,0,2.878202089,3.185154562
389,0,3.136317670,3.141734552
390,0,2.915100238,3.366487470
391,0,3.058384043,3.023383799
392,0,2.490077205,2.623967758
393,0,2.646183828,2.959016337
394,0,1.855147339,1.400906898
395,0,1.328602547,0.590892879
396,0,0.224835482,0.068674384
397,0,-0.000000000,0.000000000
398,0,-0.000000000,0.000000000
399,0,-0.000000000,0.000000000
400,0,-0.000000000,0.000000000
401,0,0.734529921,1.857142857
402,0,-0.000000000,0.000000000
403,0,1.000000000,1.000000000
404,0,0.468166641,0.153846154
405,0,1.613892842,1.187050360
406,0,-0.000000000,0.000000000
407,0,1.500000000,1.500000000
408,0,0.816689088,0.333333333
409,0,-0.000000000,0.000000000
410,0,-0.000000000,0.000000000
411,0,1.448815636,1.714285714
412,0,1.148834854,0.571428571
413,0,1.774779282,1.210526316
414,0,0.351316287,0.109289617
415,0,1.588410812,1.172375311
416,0,1.707920878,1.976426296
417,0,2.479864987,3.231388918
418,0,2.777492015,2.924128607
419,0,2.878415570,3.018720360
420,0,3.039690476,3.135091733
421,0,2.586497536,3.405352950
422,0,2.306914203,3.296358993
423,0,2.669733362,2.657775387
424,0,2.129906015,2.625071154
425,0,2.285367868,2.338822371
426,0,3.044250526,2.618674623
427,0,3.251867046,2.854506808
428,0,3.378805634,2.953863644
429,0,2.730361506,2.725507244
430,0,3.070966386,3.425215054
431,0,3.117045058,4.451933279
432,0,2.582917398,3.669807496
433,0,2.595744522,3.981924332
434,0,2.323318245,2.653602936
435,0,2.686377737,2.388123975
436,0,2.175637956,2.226462235
437,0,2.639164906,1.976915790
438,0,1.927556198,1.460241685
439,0,1.559097314,1.496379324
440,0,-0.000000000,0.000000000
441,0,1.448815636,1.142857143
442,0,1.148834854,0.571428571
443,0,1.774779282,1.210526316
444,0,1.119204606,0.526315789
445,0,1.983881935,1.394799054
446,0,-0.000000000,0.000000000
447,0,-0.000000000,0.000000000
448,0,-0.000000000,0.000000000
449,0,1.448815636,1.142857143
450,0,0.605291205,0.222222222
451,0,1.317368792,1.112754717
452,0,0.454446398,0.171915425
453,0,1.501082956,1.153235884
454,0,1.049394551,0.945234205
455,0,2.098884578,1.612334331
456,0,1.368486682,1.739262927
457,0,1.958652689,1.678530501
458,0,2.469767045,1.690706481
459,0,2.446290798,1.490276055
460,0,1.177144567,0.955693405
461,0,1.155344868,0.718615493
462,0,1.288850630,3.018577705
463,0,2.506903921,1.643659467
464,0,1.928526449,1.592437214
465,0,1.629676257,1.278125718
466,0,2.502941983,2.155978694
467,0,2.806494432,1.720684031
468,0,2.190353050,2.088527945
469,0,2.550228562,2.144417397
470,0,2.162036023,2.371117006
471,0,2.327195688,3.079066499
472,0,1.701216174,1.297876007
473,0,1.999545882,1.752868293
474,0,2.002429358,1.621463538
475,0,2.293838997,1.759656382
476,0,1.924235591,1.835444647
477,0,2.510522675,1.851730745
478,0,0.009895288,0.005114249
479,0,1.009197300,1.003584316
480,0,1.751726303,1.000624540
481,0,1.923612609,1.271399699
482,0,-0.000000000,0.000000000
483,0,1.000000000,1.000000000
484,0,0.805958493,0.285714286
485,0,1.092885007,1.013569937
486,0,1.761893898,1.499834139
487,0,1.004669132,1.001889426
488,0,1.878220846,1.143019555
489,0,2.127782241,1.565743346
490,0,1.928290363,1.318730865
491,0,1.889396092,1.369063970
492,0,1.866139832,1.272908247
493,0,1.910930697,1.473280039
494,0,1.846832885,1.159054134
495,0,0.921829555,0.386160423
496,0,1.000784094,0.954575621
497,0,2.055625574,1.186856270
498,0,2.407653824,1.831592397
499,0,1.066313057,0.611419417
500,0,1.291746809,0.592586459
501,0,1.484068346,0.775688071
502,0,2.078422477,1.223760065
503,0,2.090559338,1.439265469
504,0,1.866527112,1.455571541
505,0,1.068674927,0.758523314
506,0,1.022588116,0.630463641
507,0,1.388443349,1.952165628
508,0,1.160856905,0.864765570
509,0,2.399002146,2.220714023
510,0,2.776470117,2.308337747
511,0,2.239816263,1.821229517
512,0,2.405578479,1.711822402
513,0,2.436001082,1.492165792
514,0,2.655233151,1.977620315
515,0,3.295683120,3.312287040
516,0,2.532038002,2.076141052
517,0,2.763515577,1.949610201
518,0,3.448850282,2.884213922
519,0,2.745576419,2.275196524
520,0,2.910760344,1.595098421
521,0,3.492224511,2.517375118
522,0,3.229088072,2.545271844
523,0,3.141010975,2.158470639
524,0,2.775454771,2.118211569
525,0,2.376148041,2.630147611
526,0,2.283881411,2.238357590
527,0,2.596009848,2.532391198
528,0,2.573398863,3.142003468
529,0,1.837721522,1.491221329
530,0,2.022776968,1.646987698
531,0,1.825763114,1.217462608
532,0,1.642893535,1.087475587
533,0,2.328352917,1.690062682
534,0,2.917749038,1.968573662
535,0,2.630163269,2.218316309
536,0,3.093275676,2.017428849
537,0,1.957856711,1.354611531
538,0,2.796133295,1.953806457
539,0,2.715925013,1.934909171
540,0,3.248197598,1.961256244
541,0,2.763219900,2.105389784
542,0,2.924864419,2.772174757
543,0,3.038062835,3.118293011
544,0,2.999128309,2.407809933
545,0,2.957361791,2.494633799
546,0,1.645202523,2.101039647
547,0,1.768456930,1.796061842
548,0,2.724715274,1.752926235
549,0,2.518638115,1.454445673
550,0,3.320581872,2.571599916
551,0,3.082240259,2.012710383
552,0,3.053061928,2.560051446
553,0,3.553966868,2.596800911
554,0,3.624804876,3.248372797
555,0,3.051416015,3.318923842
556,0,3.415772040,4.086049082
557,0,3.645946482,3.632772420
558,0,3.607219797,3.254212519
559,0,3.611303598,3.212377100
560,0,3.422277497,3.124381412
561,0,3.314219672,3.108562257
562,0,3.060738661,2.880984002
563,0,3.343509961,3.018774779
564,0,3.288417377,2.887065872
565,0,1.623827006,2.415825327
566,0,3.077382973,4.046308820
567,0,3.276163347,4.555451655
568,0,3.622967650,3.941133283
569,0,3.171491792,4.006538676
570,0,2.980762963,3.777941077
571,0,2.841075512,3.453930758
572,0,3.145175686,2.527342182
573,0,2.913161506,2.385618592
574,0,2.762058387,2.336303728
575,0,3.120792661,2.619399457
576,0,3.419113237,2.712448752
577,0,3.140960452,2.543241373
578,0,2.980909003,2.810742673
579,0,3.168643645,3.277843435
580,0,2.372738674,2.982113472
581,0,2.002167786,3.063378853
582,0,2.917059566,3.975565436
583,0,2.931899609,2.732257441
584,0,1.804919629,1.762924014
585,0,1.709288703,1.608133833
586,0,2.609752680,2.468320667
587,0,2.930287467,3.151056626
588,0,2.996833357,2.363364560
589,0,2.772481932,2.849475673
590,0,3.043099077,2.245736620
591,0,2.178779433,2.629803642
592,0,2.043081640,2.173794513
593,0,2.868227201,2.572902792
594,0,2.988786196,2.747330201
595,0,3.014699406,2.460048945
596,0,1.765203925,2.051029726
597,0,1.743265989,1.286642344
598,0,2.450473903,2.083940312
599,0,2.451994796,2.406965067
600,0,2.578801837,1.856045653
601,0,2.690461596,1.986894440
602,0,2.665955317,2.519115401
603,0,2.790069185,2.126949239
604,0,1.182653277,1.457380878
605,0,1.150682239,0.961253392
606,0,1.232279346,1.578196058
607,0,1.610993556,1.162879525
608,0,1.922272371,1.155616610
609,0,1.867683735,1.285651500
610,0,1.781010575,1.594182439
611,0,0.961494261,0.362930183
612,0,1.964209404,1.337205914
613,0,1.902951655,1.507900552
614,0,1.252750565,1.010796445
615,0,0.832360502,0.297933577
616,0,1.070889360,1.002991460
617,0,1.887779648,1.996292473
618,0,1.339104839,1.031848117
619,0,2.311374989,2.236805848
620,0,2.343420800,2.235102010
621,0,1.932056799,2.239733567
622,0,2.060123718,3.191552571
623,0,1.931237983,4.637103128
624,0,2.982085314,5.535126633
625,0,2.715320254,6.108690794
626,0,3.621952325,5.374059366
627,0,3.022407563,6.191810517
628,0,3.145242124,5.580279045
629,0,3.275043883,5.437555864
630,0,3.674768379,4.819994947
631,0,3.547156707,4.285544657
632,0,3.536770146,4.567075196
633,0,3.251816428,4.659389594
634,0,3.035040697,3.866109307
635,0,3.050998036,4.548375063
636,0,3.046227138,3.862428958
637,0,1.948748044,3.224845915
638,0,2.337054477,3.664554769
639,0,3.196924543,2.808874156
640,0,3.316587688,2.784809636
641,0,3.292250287,3.010085439
642,0,2.765197278,2.693541801
643,0,2.872177496,2.449490965
644,0,3.034568919,3.082589804
645,0,2.470829828,2.192359186
646,0,1.164661749,1.511823459
647,0,1.011795965,0.620431829
648,0,1.468405806,1.452121572
649,0,2.394832752,1.411828755
650,0,2.451875683,1.474025748
651,0,2.041172165,1.554062312
652,0,2.238338386,2.504970445
653,0,2.625977158,3.206253373
654,0,2.102164440,3.274707674
655,0,0.830810830,1.474576637
656,0,1.707702707,1.000000000
657,0,0.995945851,1.074933153
658,0,1.748986463,2.037466577
659,0,2.501798720,1.814269344
660,0,1.428548635,0.658823529
661,0,2.458602323,1.673937885
662,0,2.128358857,1.273546180
663,0,2.372244150,1.558519874
664,0,1.165429984,0.478501947
665,0,2.346347630,1.538907516
666,0,1.940269461,1.294886433
667,0,2.103095157,1.368293509
668,0,1.888349809,2.000972250
669,0,2.521112026,1.760044108
670,0,2.655932877,1.946684629
671,0,2.516517958,1.783719154
672,0,2.794874918,2.353695783
673,0,1.932821302,1.275575745
674,0,0.953795341,0.358629198
675,0,2.213044665,1.432700111
676,0,2.075858224,2.025282823
677,0,2.484191721,2.991734132
678,0,2.151708552,2.627072372
679,0,2.785977855,3.401580799
680,0,2.411677235,4.657488962
681,0,2.251402235,5.554310747
682,0,2.514429239,4.986229607
683,0,2.784586938,4.534491773
684,0,2.703999220,3.703987974
685,0,2.453634047,3.727425858
686,0,2.858312541,2.974644416
687,0,2.027819699,1.548152698
688,0,-0.000000000,0.000000000
689,0,1.000000000,1.000000000
690,0,1.877387064,1.714285714
691,0,2.255032708,1.464285714
692,0,1.920485871,1.434482759
693,0,1.000000000,1.000000000
694,0,0.805958493,0.285714286
695,0,1.000000000,1.000000000
696,0,1.877387064,2.000000000
697,0,2.255032708,1.464285714
698,0,1.920485871,1.255172414
699,0,1.367877609,1.075615764
700,0,2.389231103,1.308843363
701,0,2.457687620,1.841708533
702,0,2.173297463,1.415900645
703,0,2.463107069,1.871360443
704,0,1.967911843,1.989222375
705,0,2.522870456,1.762913423
706,0,2.154982898,2.056709967
707,0,2.411328970,1.866066548
708,0,2.922360088,2.614392365
709,0,2.535555949,1.819096137
710,0,2.249963584,2.426959568
711,0,1.986640044,2.822867028
712,0,2.843569018,2.447297550
713,0,3.018638494,3.631467676
714,0,2.777397438,2.312763679
715,0,2.583589342,2.877826803
716,0,2.837760037,2.332909661
717,0,0.998237067,0.950573810
718,0,1.876631522,1.957634694
719,0,1.880535432,1.570344286
720,0,1.578044286,1.959924711
721,0,1.938616458,2.954140648
722,0,2.105794901,2.061676166
723,0,2.495148994,2.965110138
724,0,2.310709913,2.451962641
725,0,2.271623986,3.574608706
726,0,2.692507291,4.090436435
727,0,2.479644396,3.153369532
728,0,2.221522508,2.202130969
729,0,2.441824177,2.010041517
730,0,2.928216463,2.095712171
731,0,2.530935618,2.822341040
732,0,2.741611390,2.980245212
733,0,2.770994974,3.542359143
734,0,2.790969703,3.171572153
735,0,3.628591856,4.053898013
736,0,3.732965896,3.714962281
737,0,3.583629419,3.743137905
738,0,3.619073904,3.700486471
739,0,3.516549296,3.349576899
740,0,3.504823884,2.909713022
741,0,3.659308814,3.360304596
742,0,3.565742439,2.960278969
743,0,3.283562707,3.136635062
744,0,2.500782086,2.625960728
745,0,2.919297620,2.412653672
746,0,3.228585537,2.695186615
747,0,3.560012629,3.290652026
748,0,2.827957936,3.930457941
749,0,3.320590122,5.410076559
750,0,3.402496748,4.234723622
751,0,3.234967516,3.657325968
752,0,2.625391397,2.950220766
753,0,2.815608613,3.356114333
754,0,2.507372703,3.907738123
755,0,2.334338885,4.239933786
756,0,2.496720370,5.575913114
757,0,1.759164500,5.950724863
758,0,2.231802203,4.552660842
759,0,2.288687102,5.871302837
760,0,2.770081741,6.718911452
761,0,2.383308987,6.655090584
762,0,2.523197388,5.816535825
763,0,3.075507313,6.700528807
764,0,3.272675870,7.779489761
765,0,3.097792036,6.780379685
766,0,2.252064988,5.694865741
767,0,3.091988292,4.818725369
768,0,2.815173534,4.426468621
769,0,2.309011727,3.315527519
770,0,1.284733648,1.686666427
771,0,2.312648095,1.345189271
772,0,2.059839344,1.962382512
773,0,2.322751617,1.378054304
774,0,1.925054117,1.436177984
775,0,2.100972985,1.453029335
776,0,1.019049254,0.394733487
777,0,1.125762369,1.012100328
778,0,-0.000000000,0.000000000
779,0,1.000000000,1.000000000
780,0,-0.000000000,0.000000000
781,0,1.000000000,1.000000000
782,0,1.750000000,2.000000000
783,0,2.502901402,1.755102041
784,0,2.134322096,1.277777778
785,0,2.388911638,1.582798402
786,0,1.179264624,0.486946973
787,0,1.153329483,1.025555054
788,0,1.899376157,2.002184662
789,0,2.460354392,1.695123530
790,0,2.183835476,1.787800043
791,0,2.322840192,1.919252801
792,0,2.880843544,2.042621943
793,0,2.427944308,1.960370620
794,0,2.871181783,2.071409495
795,0,2.459441962,1.911741124
796,0,2.578380809,1.550303061
797,0,1.805889783,1.270304680
798,0,1.837030307,1.106721409
799,0,0.999934001,0.990434827
800,0,0.805953779,1.857142857
801,0,1.378007732,1.076868532
802,0,1.966403989,2.023112528
803,0,1.544938863,1.135620538
804,0,1.987740542,1.184055955
805,0,2.513847997,1.718818436
806,0,2.747456929,2.317505461
807,0,1.957098369,1.301830400
808,0,0.162532365,0.130219663
809,0,1.053223342,1.025240855
810,0,1.599175306,2.029037812
811,0,2.410299346,1.850964008
812,0,2.532975770,1.442113093
813,0,1.844228215,1.985974329
814,0,2.125675315,1.222832711
815,0,1.797103879,1.259022561
816,0,2.003344219,2.128801205
817,0,2.297841332,3.400906620
818,0,2.541737145,3.095907935
819,0,2.768124182,2.109969706
820,0,2.591388790,2.334554933
821,0,2.748737194,2.126340020
822,0,2.300221824,1.385372981
823,0,2.375137743,1.945499865
824,0,2.239214030,1.820563720
825,0,2.846360856,2.191379579
826,0,2.571599035,2.904146777
827,0,2.629106813,3.394095609
828,0,2.193120768,2.402483416
829,0,1.844487827,1.253573274
830,0,1.919138019,0.989993677
831,0,2.125744273,1.602000010
832,0,2.472481400,1.980093479
833,0,2.529746665,1.868046658
834,0,2.448481423,2.678436487
835,0,2.341058080,1.625544114
836,0,2.577360334,1.445439921
837,0,2.510023673,1.949482396
838,0,2.365895800,1.499777994
839,0,2.568218261,1.631812445
840,0,3.016747578,1.601041503
841,0,2.826205705,2.205111463
842,0,3.396587859,2.592698792
843,0,2.550906945,3.143018695
844,0,2.641092933,3.167909927
845,0,2.908926650,3.052183469
846,0,3.072889820,2.802341490
847,0,2.179516397,3.306152885
848,0,3.001426524,3.218747554
849,0,2.428912016,1.686868720
850,0,3.397345682,2.829431669
851,0,2.179770622,1.388224825
852,0,1.034017391,0.410484932
853,0,1.521284155,1.141319282
854,0,0.046831614,0.047691807
855,0,1.028909653,1.024662847
856,0,1.773640893,2.019191815
857,0,1.021255356,1.015145488
858,0,1.754885390,2.002576427
859,0,1.924144810,1.917539721
860,0,2.174513975,1.222653960
861,0,2.603480978,1.818245380
862,0,2.859494686,1.759972325
863,0,2.814032286,1.946121830
864,0,3.215271525,2.612950675
865,0,2.851604827,2.425454434
866,0,2.658540508,2.021986260
867,0,1.947597883,1.554279368
868,0,2.105273780,1.366175415
869,0,2.674811455,2.118151069
870,0,2.356152939,2.515390303
871,0,1.984785786,1.609951922
872,0,1.988757878,1.674834276
873,0,1.404540441,1.024314162
874,0,1.486203499,1.805044816
875,0,1.870035649,1.523319856
876,0,2.585234348,1.931181601
877,0,2.293604766,1.592172871
878,0,1.976558313,1.206932604
879,0,2.309116571,2.016451632
880,0,2.302484694,2.110852382
881,0,1.940045369,1.428840413
882,0,1.816203246,1.298468470
883,0,2.408659548,1.696159321
884,0,2.337716066,2.500177993
885,0,2.303922835,1.377742123
886,0,1.126064561,0.714729378
887,0,2.214372032,1.253335431
888,0,2.106914706,1.546113073
889,0,1.861319966,1.254485167
890,0,2.170088298,1.198093430
891,0,2.121015722,1.498011669
892,0,1.816052941,2.070273804
893,0,2.034557741,1.397065105
894,0,2.467265932,2.057859876
895,0,2.455299190,2.501488259
896,0,2.491657459,2.986118356
897,0,2.602154449,2.598372472
898,0,2.833043377,3.038070492
899,0,1.014782885,0.701881180
900,0,2.172132106,1.854711709
901,0,2.393183444,1.958825201
902,0,2.782955496,1.662204702
903,0,2.479697047,2.054689194
904,0,2.507018852,2.821796967
905,0,3.194755974,3.824394046
906,0,3.181214991,3.079686977
907,0,3.218801560,2.526241842
908,0,2.793149416,2.202802774
909,0,3.412599360,2.342544181
910,0,3.027076757,2.515304268
911,0,3.136156703,3.078917484
912,0,2.256332614,2.387596299
913,0,2.546240871,2.419023729
914,0,3.400105286,2.786314692
915,0,1.869078615,2.537909882
916,0,2.303035592,1.993906418
917,0,2.131400869,1.530066901
918,0,2.577099980,1.867082577
919,0,2.326408425,1.845385158
920,0,2.656302387,2.664409213
921,0,2.253431133,3.018688420
922,0,3.042697697,2.523516306
923,0,1.753317336,1.726565127
924,0,1.385436352,1.166753285
925,0,2.308099088,1.332047747
926,0,1.906680574,1.335774433
927,0,0.989684147,1.119443254
928,0,1.494842073,1.000000000
929,0,1.876872405,1.671665952
930,0,2.791931039,1.828571429
931,0,2.835449447,2.074568158
932,0,2.299994808,2.126456287
933,0,2.486706872,2.975173302
934,0,2.931000630,3.964079365
935,0,2.501495056,5.024805265
936,0,2.528577337,4.283157021
937,0,3.030740595,3.338591856
938,0,2.848763720,2.809232033
939,0,3.043132096,3.475420241
940,0,2.805726232,2.861149651
941,0,2.529665282,3.589032895
942,0,2.631224633,2.800767181
943,0,3.044274992,2.597268543
944,0,2.927750183,2.521359894
945,0,2.324048940,2.141751012
946,0,2.290798035,2.306560568
947,0,2.989807476,2.671891994
948,0,3.014495106,3.033120650
949,0,3.100630881,3.552213775
950,0,2.452224433,2.382939367
951,0,0.997551040,1.058249966
952,0,0.805783567,0.285714286
953,0,1.092870560,1.011198592
954,0,1.755598107,1.998595896
955,0,0.999999858,0.999555770
956,0,1.749999964,1.000000000
957,0,0.999999996,0.999929858
958,0,-0.000000000,0.000000000
959,0,1.000000000,1.000000000
960,0,0.805958493,0.285714286
961,0,1.378009505,1.077380952
962,0,1.932827142,2.005753578
963,0,2.089602363,3.032285376
964,0,1.579162843,1.999200834
965,0,1.939909164,2.999086313
966,0,2.801765869,3.999200524
967,0,2.526444578,2.993084475
968,0,2.178973820,2.067233821
969,0,2.452948188,1.642380294
970,0,2.555053812,2.225189411
971,0,2.553795559,1.893060446
972,0,2.199981807,2.081330186
973,0,2.471047438,1.661073438
974,0,2.140639708,1.296395555
975,0,1.596581297,1.133793039
976,0,0.879546148,0.321254705
977,0,1.103796239,1.016282979
978,0,1.891792863,1.145856122
979,0,0.999999945,1.000275570
980,0,1.877387041,1.714285714
981,0,1.493369972,1.110078413
982,0,1.878966026,2.053274543
983,0,1.627300965,1.154032980
984,0,1.811696983,1.075520436
985,0,1.311878488,1.060786399
986,0,1.774720664,1.029018445
987,0,0.999999999,1.000031719
988,0,0.805958493,0.285714286
989,0,1.092885007,1.013568646
990,0,1.573581555,1.014118457
991,0,2.422233967,2.060428792
992,0,1.808428401,1.029138376
993,0,0.999999990,0.999880928
994,0,1.749999997,1.000000000
995,0,1.000000000,1.000018801
996,0,1.750000000,2.000009400
997,0,2.502901402,1.755108947
998,0,2.611414908,2.525326094
999,0,2.117342879,3.069511195
1000,0,3.186571113,3.933725937
1001,0,2.926892766,3.125212481
1002,0,2.763907546,3.571900872
1003,0,3.064280029,2.996459719
1004,0,3.087133302,3.677029622
1005,0,1.963719189,2.656740712
1006,0,2.132427638,1.905548493
1007,0,2.512010144,1.793474265
1008,0,1.902812500,1.857529646
1009,0,2.339482523,2.893147234
1010,0,2.108188014,1.959549782
1011,0,0.999215801,0.967031326
1012,0,1.749803950,1.983515663
1013,0,0.999980453,0.994794420
1014,0,1.749995113,1.000000000
1015,0,1.921885006,1.271809380
1016,0,2.021555673,2.021174592
1017,0,2.027093486,1.656131764
1018,0,2.101878947,2.088619051
1019,0,2.491375812,2.170410695
1020,0,1.875531798,1.120953696
1021,0,1.341402974,1.068414552
1022,0,1.929508393,2.003806576
1023,0,1.504309065,2.999102929
1024,0,2.183716166,3.995896982
1025,0,2.943218040,5.155065051
1026,0,3.246871186,4.804117463
1027,0,1.996429453,3.055307563
1028,0,2.855666787,2.513414418
1029,0,2.577324144,1.940949058
1030,0,2.272988465,2.109190164
1031,0,2.965370161,2.288120561
1032,0,3.039662168,2.242695077
1033,0,2.927924628,2.312583467
1034,0,2.985508985,2.598331988
1035,0,0.999436278,0.972046784
1036,0,0.805918227,0.285714286
1037,0,1.377994360,1.075883459
1038,0,1.781605689,1.037563452
1039,0,1.300037712,1.057105607
1040,0,0.834877128,0.299530845
1041,0,1.000000000,1.000021000
1042,0,1.750000000,1.000000000
1043,0,1.000000000,1.000003316
1044,0,1.750000000,1.500000000
1045,0,1.000000000,0.999999476
1046,0,1.750000000,1.500000000
1047,0,1.000000000,0.999999917
1048,0,1.877387064,1.142857143
1049,0,2.255032708,1.464285688
1050,0,2.080511772,2.032905257
1051,0,1.000000000,0.999999984
1052,0,1.877387064,1.714285714
1053,0,1.000000000,0.999999995
1054,0,0.805958493,0.285714286
1055,0,1.092885007,1.013569937
1056,0,1.890144001,2.001017218
1057,0,2.458932909,2.999969047
1058,0,2.140303867,2.066673090
1059,0,2.414822408,1.608108436
1060,0,2.519690379,1.462166050
1061,0,3.043528482,2.376535593
1062,0,2.922953358,2.643224239
1063,0,2.307572280,1.988165510
1064,0,2.833712263,2.440986837
1065,0,2.571485848,3.032464536
1066,0,2.180021573,2.092318718
1067,0,2.408182439,1.891693258
1068,0,1.954148248,1.436480608
1069,0,1.392167051,1.086938517
1070,0,1.936598482,1.160054064
1071,0,0.999997974,0.998324139
1072,0,1.749999494,1.000000000
1073,0,0.999999949,1.000264610
1074,0,1.877387043,2.000226808
1075,0,2.255032697,1.464370767
1076,0,2.080511766,2.033034629
1077,0,2.483458048,3.006965502
1078,0,2.725257918,2.324611638
1079,0,2.540711345,1.871816953
1080,0,2.157816146,1.320887912
1081,0,1.616212391,1.144970198
1082,0,1.810206999,1.072062975
1083,0,1.311147476,1.058554418
1084,0,1.774647092,1.998852824
1085,0,2.507265935,2.998203064
1086,0,1.443824258,1.999554701
1087,0,1.923173481,1.675810323
1088,0,2.791900045,1.948575875
1089,0,2.669705908,1.975978973
1090,0,2.919619659,2.909970699
1091,0,2.541339820,1.787531073
1092,0,-0.000000000,0.000000000
1093,0,1.000000000,1.000000000
1094,0,1.877387064,1.714285714
1095,0,2.255032708,1.464285714
1096,0,2.080511772,1.900481541
1097,0,1.564698082,1.134403604
1098,0,1.964301180,1.170040210
1099,0,0.999999978,0.999825104
1100,0,1.877387055,1.999850089
1101,0,2.255032703,1.464229498
1102,0,2.396139562,1.359649123
1103,0,1.745610997,1.955965464
1104,0,2.066494758,1.190820986
1105,0,1.660556759,1.169107580
1106,0,-0.000000000,0.000000000
1107,0,1.000000000,1.000000000
1108,0,1.750000000,1.500000000
1109,0,1.000000000,1.000000000
1110,0,1.750000000,1.000000000
1111,0,1.921887137,1.270833333
1112,0,2.021556659,1.191754554
1113,0,2.307595286,1.506746868
1114,0,2.435727921,2.196774481
1115,0,2.483869026,1.705104399
1116,0,2.576457912,1.507463838
1117,0,1.809962105,1.222057007
1118,0,0.923445737,0.343212245
1119,0,1.439620109,1.095838239
1120,0,1.788441825,1.045724825
1121,0,0.999999965,1.000219975
1122,0,1.749999991,1.500000000
1123,0,1.288492992,1.054585802
1124,0,0.833473093,1.999993708
1125,0,1.096892652,1.014296930
1126,0,0.813006739,1.855951144
1127,0,1.381641301,1.975991934
1128,0,1.781998834,1.490261763
1129,0,1.947093126,1.283066183
1130,0,0.965312262,0.365449886
1131,0,1.000000000,0.999999997
1132,0,1.500000000,1.999999997
1133,0,2.347073298,1.833333333
1134,0,2.894789119,2.451612901
1135,0,2.780439557,3.390873783
1136,0,2.975728728,2.693485654
1137,0,2.669290297,2.218776333
1138,0,2.472467165,1.784090541
1139,0,2.601433361,2.137796417
1140,0,3.045260712,2.222034329
1141,0,2.747785985,2.116523150
1142,0,3.134554227,2.812162796
1143,0,3.318927921,3.447657485
1144,0,2.525837866,3.264987103
1145,0,2.280261127,3.679421469
1146,0,2.821041068,3.611963234
1147,0,2.481478098,2.840708950
1148,0,2.682082146,3.235362575
1149,0,2.947262185,2.145891908
1150,0,2.528133378,2.562181827
1151,0,3.056726338,2.515072125
1152,0,3.277568772,2.672061874
1153,0,3.244958266,2.773468656
1154,0,3.462220565,3.238830171
1155,0,3.135937337,2.978360982
1156,0,2.744368136,2.858276141
1157,0,3.240862880,3.606524803
1158,0,3.132736510,2.299435437
1159,0,2.584143646,2.488848134
1160,0,2.732327505,2.005909403
1161,0,2.772726583,1.901228110
1162,0,2.536791801,1.528347621
1163,0,2.442843956,1.790105790
1164,0,2.371826222,1.833915261
1165,0,2.231164303,1.146326657
1166,0,2.301126884,1.375459725
1167,0,1.681785193,1.210640968
1168,0,2.237124601,2.049964020
1169,0,1.662224273,1.951938988
1170,0,1.863662566,2.732604899
1171,0,1.479601205,3.344781521
1172,0,1.884747990,4.374075020
1173,0,2.408224600,5.260863468
1174,0,2.226254492,4.690306416
1175,0,1.944345010,5.141879640
1176,0,1.588611879,6.809554469
1177,0,1.681187023,5.447059177
1178,0,0.747412308,7.105081099
1179,0,1.449727637,5.643417283
1180,0,2.137042022,5.013077166
1181,0,2.196337509,3.781255438
1182,0,2.961828530,3.469698850
1183,0,1.633472753,3.180431390
1184,0,1.321767737,1.094219617
1185,0,2.650927321,1.797726626
1186,0,2.817368501,1.883989389
1187,0,3.133983333,2.776099256
1188,0,3.450877734,2.639767410
1189,0,1.532065876,1.394185045
1190,0,2.437646219,1.553941445
1191,0,2.759216788,1.942098590
1192,0,1.937641621,1.962379351
1193,0,1.558228351,1.896082283
1194,0,2.456467018,1.980828356
1195,0,2.295485292,2.294958727
1196,0,1.768453863,2.031712588
1197,0,2.049385189,2.365745199
1198,0,2.465609307,1.733192226
1199,0,2.275937914,2.685553637
1200,0,1.758460962,1.281769077
1201,0,2.197158733,1.241253095
1202,0,1.517482969,0.724589597
1203,0,1.832128964,1.238281103
1204,0,0.957292647,1.242112392
1205,0,0.802907968,0.285714286
1206,0,1.286421206,1.071804978
1207,0,-0.000000000,0.000000000
1208,0,1.000000000,1.000000000
1209,0,1.750000000,1.000000000
1210,0,0.999562340,1.024630542
1211,0,1.499781170,1.000000000
1212,0,0.996409434,0.929477302
1213,0,1.749102358,1.964738651
1214,0,2.240423149,3.092486103
1215,0,2.720450865,4.164029413
1216,0,2.343711145,4.075856760
1217,0,2.671612120,4.627626505
1218,0,3.027253285,4.059076222
1219,0,2.738625390,3.383062058
1220,0,3.644012073,4.070027464
1221,0,3.598830136,4.758058783
1222,0,3.409905919,3.984122069
1223,0,3.438822158,4.121855319
1224,0,3.575315190,3.182155952
1225,0,3.294378568,3.598149378
1226,0,3.463731112,2.891224655
1227,0,3.356606948,2.803920955
1228,0,3.171528472,3.290715253
1229,0,3.068591585,3.304262105
1230,0,2.899562929,2.218517024
1231,0,2.373723879,1.520133544
1232,0,2.654754987,1.907571849
1233,0,2.412577929,1.696466320
1234,0,1.824918517,2.081695347
1235,0,2.233497109,2.242000520
1236,0,2.316313903,1.618594034
1237,0,2.500867886,2.147663527
1238,0,2.290058838,1.634229397
1239,0,2.221791460,2.040241761
1240,0,1.007404194,0.673981386
1241,0,1.782806773,1.287020658
1242,0,2.425820517,1.945920297
1243,0,2.796757144,2.003326001
1244,0,2.760043531,2.158337787
1245,0,2.148064862,1.348398857
1246,0,2.215270806,1.367240391
1247,0,0.332465522,0.323455452
1248,0,1.162456049,1.101824399
1249,0,0.353945204,0.287720889
1250,0,1.202592626,1.142117975
1251,0,1.024534724,0.481236138
1252,0,1.179830951,1.049162695
1253,0,1.964120268,1.166791729
1254,0,1.659004773,1.311568648
1255,0,2.229818629,1.298290235
1256,0,2.272215724,1.617695787
1257,0,-0.000000000,0.000000000
1258,0,1.000000000,1.000000000
1259,0,1.877387064,2.000000000
1260,0,2.217329124,3.206153846
1261,0,2.298634687,2.501293900
1262,0,2.425655942,1.829922318
1263,0,2.377346690,1.826867374
1264,0,2.283686935,2.045328523
1265,0,2.526926432,1.633449147
1266,0,2.438725455,1.893329919
1267,0,2.180518535,1.967965570
1268,0,1.496993873,1.144798809
1269,0,2.004662176,1.797872056
1270,0,1.176862009,1.222220606
1271,0,1.795956802,1.368074442
1272,0,0.995939261,1.074993971
1273,0,1.875646748,1.142857143
1274,0,1.948113805,1.306252369
1275,0,1.896583838,1.183680309
1276,0,1.802289128,1.253029380
1277,0,1.861486714,1.130138263
1278,0,2.268848440,1.900184796
1279,0,-0.000000000,0.000000000
1280,0,1.000000000,1.000000000
1281,0,-0.000000000,0.000000000
1282,0,1.000000000,1.000000000
1283,0,-0.000000000,0.000000000
1284,0,1.000000000,1.000000000
1285,0,1.750000000,1.000000000
1286,0,1.691314180,1.195833333
1287,0,1.839813907,1.494295179
1288,0,1.232251712,1.027319995
1289,0,1.771023486,1.995513428
1290,0,0.999460055,0.972642554
1291,0,1.749865014,1.000000000
1292,0,1.204208104,1.012509348
1293,0,1.909249358,1.988437297
1294,0,1.342270213,1.028026496
1295,0,0.845938714,1.995153650
1296,0,0.999949630,0.991643715
1297,0,1.749987407,1.995821857
1298,0,1.690826547,3.025858970
1299,0,1.839838114,2.019009633
1300,0,1.488824877,3.341477278
1301,0,2.602739736,4.345111169
1302,0,2.481093357,5.121154219
1303,0,3.198021569,4.219728106
1304,0,3.030610661,3.508251232
1305,0,2.709125637,4.187387107
1306,0,2.389086891,3.724491233
1307,0,1.535217150,2.423890553
1308,0,1.494754746,1.241573401
1309,0,1.803168289,2.073469447
1310,0,2.251878281,3.279879385
1311,0,1.980078204,2.183650709
1312,0,1.513649729,3.578462375
1313,0,2.000390049,2.539020514
1314,0,2.191046171,1.745231328
1315,0,1.941651713,1.300616707
1316,0,1.292603956,1.102201776
1317,0,0.837215346,0.300325814
1318,0,1.295989515,1.063595642
1319,0,-0.000000000,0.000000000
1320,0,1.000000000,1.000000000
1321,0,1.877387064,1.142857143
1322,0,1.337944419,1.033587786
1323,0,-0.000000000,0.000000000
1324,0,1.000000000,1.000000000
1325,0,1.877387064,1.142857143
1326,0,1.463877590,1.486486486
1327,0,1.550992495,1.444839858
1328,0,1.479690258,1.092617450
1329,0,-0.000000000,0.000000000
1330,0,1.000000000,1.000000000
1331,0,1.877387064,1.142857143
1332,0,1.337944419,1.033587786
1333,0,0.845215697,0.304074399
1334,0,1.296992708,1.081554039
1335,0,1.736241287,2.026071509
1336,0,1.414601862,1.168522821
1337,0,1.794600741,1.497890713
1338,0,1.720078337,1.926053999
1339,0,2.670409880,2.406883285
1340,0,1.680561234,1.269278798
1341,0,-0.000000000,0.000000000
1342,0,1.000000000,1.000000000
1343,0,1.500000000,1.000000000
1344,0,1.392419949,1.162616822
1345,0,2.387972812,2.248175182
1346,0,0.995939771,1.074989266
1347,0,0.805668477,0.285714286
1348,0,1.278813415,1.078273171
1349,0,0.836205710,0.299779194
1350,0,0.999968939,0.993438013
1351,0,1.499984469,1.993438013
1352,0,1.391868053,1.038288714
1353,0,0.854322343,0.308417926
1354,0,0.999947702,0.991485373
1355,0,0.805954757,1.998783625
1356,0,1.068011872,1.004127859
1357,0,0.811108254,0.288089589
1358,0,0.999969805,0.993530199
1359,0,1.877374124,1.994454456
1360,0,1.337528874,1.031308217
1361,0,-0.000000000,0.000000000
1362,0,1.000000000,1.000000000
1363,0,0.805958493,0.285714286
1364,0,1.068080165,1.004531411
1365,0,1.754677948,1.499733205
1366,0,0.999533061,0.974559001
1367,0,-0.000000000,0.000000000
1368,0,1.000000000,1.000000000
1369,0,1.500000000,2.000000000
1370,0,1.392419949,1.162616822
1371,0,1.791514463,2.015023174
1372,0,2.252544999,1.756735078
1373,0,1.331760865,1.958996999
1374,0,1.523488308,1.159207565
1375,0,1.968681308,1.979027985
1376,0,0.998814588,1.040532450
1377,0,0.805873821,0.285714286
1378,0,0.999953934,1.007991303
1379,0,1.877367322,1.142857143
1380,0,0.998105297,0.948760697
1381,0,1.749526324,1.974380348
1382,0,1.688149235,1.184090993
1383,0,0.919190750,0.340103152
1384,0,1.081702042,1.006513512
1385,0,1.755839182,1.005977967
1386,0,0.999528179,1.025573643
1387,0,1.499764090,1.000000000
1388,0,2.030361575,1.379945414
1389,0,1.057320195,0.413140726
1390,0,1.392041974,1.092493316
1391,0,1.791248359,1.043670415
1392,0,0.999590091,1.023836949
1393,0,-0.000000000,0.000000000
1394,0,1.000000000,1.000000000
1395,0,1.877387064,2.000000000
1396,0,1.337944419,1.033587786
1397,0,1.784071401,1.036507730
1398,0,1.213464296,1.078378525
1399,0,-0.000000000,0.000000000
1400,0,1.000000000,1.000000000
1401,0,1.750000000,1.000000000
1402,0,0.999562340,0.975369458
1403,0,0.805927231,0.285714286
1404,0,0.999961569,0.992700909
1405,0,1.749990392,1.500000000
1406,0,1.204822058,1.016189844
1407,0,1.767947764,1.018847515
1408,0,1.209356291,1.074261299
1409,0,1.768475391,1.499072518
1410,0,0.999413476,1.028512884
1411,0,0.805916598,0.285714286
1412,0,1.280167543,1.075506719
1413,0,1.922164547,1.164799034
1414,0,1.346708730,1.134876085
1415,0,1.785226279,1.037649265
1416,0,0.999324317,0.969396905
1417,0,1.499662158,1.000000000
1418,0,1.389741754,1.175236685
1419,0,-0.000000000,0.000000000
1420,0,1.000000000,1.000000000
1421,0,1.750000000,1.000000000
1422,0,1.691314180,1.195833333
1423,0,1.839813907,1.103422893
1424,0,0.999620773,1.022927585
1425,0,0.805931405,0.285714286
1426,0,0.999962345,0.992775047
1427,0,1.499981173,1.000000000
1428,0,1.391811613,1.038002611
1429,0,1.791459034,1.044863479
1430,0,1.717394108,1.283271969
1431,0,2.055621634,2.085659468
1432,0,0.997685353,1.056630961
1433,0,1.498842676,2.056630961
1434,0,2.184174517,1.663660067
1435,0,2.110467800,1.467963308
1436,0,2.275942149,1.739900055
1437,0,2.112739609,1.827305274
1438,0,0.999297316,0.968791524
1439,0,1.877085914,1.973249877
1440,0,1.956590956,1.431711258
1441,0,2.049177063,1.954915145
1442,0,2.259231959,2.128130714
1443,0,1.970524590,1.484095608
1444,0,1.376507032,1.078700146
1445,0,1.941299618,1.178731121
1446,0,1.353476655,1.123453060
1447,0,1.785969585,1.038416204
1448,0,0.999438858,0.972110815
1449,0,1.877146575,1.976094984
1450,0,2.218633995,3.172628103
1451,0,2.678800786,2.975053178
1452,0,3.022566306,3.857247785
1453,0,3.207112833,4.390828276
1454,0,1.536176217,3.840799976
1455,0,1.973979144,2.685317955
1456,0,2.190726517,3.481244903
1457,0,2.081830673,2.417897368
1458,0,2.231330178,2.246569096
1459,0,2.566058023,1.823240465
1460,0,2.240728783,1.708912246
1461,0,2.082949262,1.398975745
1462,0,1.445332495,1.238420834
1463,0,0.861770733,0.312636335
1464,0,1.309779638,1.074507471
1465,0,1.779747650,1.031996520
1466,0,0.999679352,1.021082672
1467,0,-0.000000000,0.000000000
1468,0,1.000000000,1.000000000
1469,0,0.805958493,0.285714286
1470,0,1.068080165,1.004531411
1471,0,1.887317319,1.998281139
1472,0,1.339170963,1.032670646
1473,0,0.845411478,0.304164657
1474,0,0.999953475,0.991969048
1475,0,0.805955170,0.285714286
1476,0,0.999968803,0.993423637
1477,0,1.877373694,1.714285714
1478,0,1.337521960,1.031270680
1479,0,1.769059528,2.025907891
1480,0,1.824379123,3.338014932
1481,0,2.932010571,4.334765698
1482,0,3.111041000,3.664911026
1483,0,2.669594608,4.346776094
1484,0,3.029764763,3.871540689
1485,0,2.314682264,2.728391577
1486,0,0.984686199,1.145444885
1487,0,-0.000000000,0.000000000
1488,0,1.000000000,1.000000000
1489,0,1.877387064,2.000000000
1490,0,0.998299484,0.951456311
1491,0,1.499149742,1.951456311
1492,0,2.087795898,3.091262136
1493,0,1.528948611,2.436427948
1494,0,1.893267059,1.516837453
1495,0,1.943906400,1.175571337
1496,0,1.468060434,1.579900938
1497,0,2.379459662,1.705011944
1498,0,2.315347624,2.036116579
1499,0,2.711618885,1.700896904
1500,0,2.710229325,1.755657691
1501,0,2.570702517,1.707625267
1502,0,2.494150391,2.049277101
1503,0,1.070437418,1.202113880
1504,0,1.750991236,1.590268625
1505,0,0.994469281,0.460169267
1506,0,1.390635557,1.128976846
1507,0,1.710512440,1.066833234
1508,0,2.192249076,1.872220445
1509,0,2.296161996,2.427028463
1510,0,2.419323508,2.794715308
1511,0,2.609583392,1.901462233
1512,0,1.834766932,1.427447088
1513,0,1.725503676,0.886591588
1514,0,1.569636503,0.710000537
1515,0,1.972104050,1.442268942
1516,0,2.383408788,2.206835026
1517,0,2.071953792,1.567054509
1518,0,2.522864001,1.761993833
1519,0,3.053826566,2.205085209
1520,0,2.387992161,1.448342425
1521,0,2.444793178,1.563362585
1522,0,2.333441917,1.574489560
1523,0,2.675843994,2.254004979
1524,0,2.980765129,3.205948782
1525,0,0.658210359,0.340442241
1526,0,1.329105180,1.340442241
1527,0,1.515189993,0.864651568
1528,0,0.872852817,0.320932815
1529,0,0.999867636,1.013545834
1530,0,1.877330337,2.011610714
1531,0,0.999985293,1.004515278
1532,0,1.749996323,1.500000000
1533,0,1.288492378,1.055361747
1534,0,1.919058194,2.004830747
1535,0,2.266309280,1.473170484
1536,0,1.922844410,1.259626210
1537,0,1.369405329,1.075999005
1538,0,1.789747019,1.077272603
1539,0,1.000000000,1.000025731
1540,0,1.877387064,2.000022056
1541,0,2.457265913,3.000025731
1542,0,1.717594145,2.000008491
1543,0,1.278377313,1.053541475
1544,0,0.831811558,0.297992366
1545,0,1.391422838,1.081129230
1546,0,1.935061104,1.158037941
1547,0,1.000000000,1.000000107
1548,0,-0.000000000,0.000000000
1549,0,1.000000000,1.000000000
1550,0,-0.000000000,0.000000000
1551,0,1.000000000,1.000000000
1552,0,1.877387064,1.714285714
1553,0,1.000000000,1.000000000
1554,0,-0.000000000,0.000000000
1555,0,1.000000000,1.000000000
1556,0,1.500000000,2.000000000
1557,0,2.347073298,3.000000000
1558,0,2.098026347,2.038033395
1559,0,2.485319176,2.084431383
1560,0,2.153175878,1.342218196
1561,0,2.425596544,1.624520129
1562,0,-0.000000000,0.000000000
1563,0,1.000000000,1.000000000
1564,0,1.750000000,1.500000000
1565,0,2.502901402,1.755102041
1566,0,2.178470241,2.391304348
1567,0,2.321594445,2.983320032
1568,0,2.880503976,3.926610682
1569,0,2.919972600,3.213948769
1570,0,3.050798577,4.010381667
1571,0,2.959866172,3.019338193
1572,0,2.809731672,2.737574913
1573,0,2.458325355,2.247189093
1574,0,2.771992387,2.687320855
1575,0,1.963158345,2.296007176
1576,0,2.094175765,2.102489981
1577,0,2.394368964,3.068929474
1578,0,2.400992187,3.899193594
1579,0,2.170608873,1.828187044
1580,0,1.476221849,1.175674718
1581,0,1.564372535,1.190656451
1582,0,1.734751584,1.305093532
1583,0,1.477391483,0.820561602
1584,0,2.234606179,1.325386530
1585,0,2.494494020,2.044394588
1586,0,2.359439281,1.999668451
1587,0,1.958497774,2.073692582
1588,0,2.592290697,2.781770108
1589,0,2.182119828,2.249445784
1590,0,2.065863087,1.884428610
1591,0,1.784437854,1.812559615
1592,0,0.984575291,1.560619295
1593,0,2.078971962,3.756569433
1594,0,2.725339880,4.468368657
1595,0,2.135440504,3.686102033
1596,0,2.580621764,3.466583577
1597,0,1.530373562,2.879110658
1598,0,-0.000000000,0.000000000
1599,0,1.000000000,1.000000000
1600,0,1.877387064,1.142857143
1601,0,2.457265914,1.692307692
1602,0,1.956057815,1.327272727
1603,0,1.929697217,1.690376569
1604,0,1.582958456,2.000000000
1605,0,1.000000000,1.000000000
1606,0,0.805958493,0.285714286
1607,0,1.092885007,1.013569937
1608,0,1.890144001,1.720041681
1609,0,1.495672730,1.110900084
1610,0,1.794992486,1.486100072
1611,0,1.305204614,1.058886377
1612,0,-0.000000000,0.000000000
1613,0,1.000000000,1.000000000
1614,0,1.877387064,1.142857143
1615,0,2.457265914,1.692307692
1616,0,2.139871732,2.042207792
1617,0,2.226711786,1.761228070
1618,0,2.876966532,2.599090272
1619,0,2.661172967,3.131722387
1620,0,3.033203308,2.764646419
1621,0,3.023942905,3.605008074
1622,0,3.110695247,4.327016232
1623,0,3.215036750,3.680095245
1624,0,2.612771645,2.523107955
1625,0,2.795216520,2.564667574
1626,0,-0.000000000,0.000000000
1627,0,1.000000000,1.000000000
1628,0,0.805958493,0.285714286
1629,0,1.092885007,1.013569937
1630,0,1.800385191,2.040741968
1631,0,1.614025578,1.149519828
1632,0,0.884114180,2.000106258
1633,0,0.999999999,1.000028500
1634,0,-0.000000000,0.000000000
1635,0,1.000000000,1.000000000
1636,0,1.500000000,2.000000000
1637,0,2.347073298,1.833333333
1638,0,2.459905673,2.519607843
1639,0,2.480495833,3.104558824
1640,0,2.894153742,4.003577620
1641,0,2.416791566,2.935375783
1642,0,2.870263729,2.510321341
1643,0,2.480665017,2.931499572
1644,0,2.863238036,3.878742241
1645,0,3.096669970,3.408692208
1646,0,2.447973431,4.466304870
1647,0,2.294994632,4.120822925
1648,0,2.211088364,4.282398280
1649,0,3.038571512,3.734311191
1650,0,2.896572343,3.129834320
1651,0,2.549861926,3.978222184
1652,0,3.110468871,3.518515816
1653,0,3.153542569,3.157322639
1654,0,2.901288499,2.747984385
1655,0,2.640165628,3.075071027
1656,0,3.011891706,3.024774456
1657,0,3.269431663,3.672301072
1658,0,1.999043911,1.911573351
1659,0,1.729561086,2.133436107
1660,0,2.558115325,2.077019672
1661,0,2.438746196,2.348529541
1662,0,2.739614574,2.155673387
1663,0,2.696247878,2.264298372
1664,0,2.456490641,1.946778744
1665,0,2.142451446,1.838612731
1666,0,1.940249945,1.754873889
1667,0,1.579660290,0.771085190
1668,0,0.892360418,0.335377933
1669,0,2.152845844,1.347263282
1670,0,2.327413575,1.961776194
1671,0,2.932338907,2.984826349
1672,0,2.393751877,1.976346363
1673,0,1.749283363,1.948581270
1674,0,2.080178920,2.448435449
1675,0,2.480120777,2.857261310
1676,0,2.744944351,2.232030023
1677,0,0.998400990,0.952926867
1678,0,1.749600247,1.976463433
1679,0,1.880605671,1.571756120
1680,0,2.768346301,2.305184988
1681,0,2.508662485,2.947104004
1682,0,2.804550645,2.328240358
1683,0,1.939902028,1.264443517
1684,0,0.955734150,0.359647642
1685,0,1.115721874,1.015817145
1686,0,1.866253220,2.049904074
1687,0,2.453118416,2.992775433
1688,0,2.841947513,3.984657308
1689,0,2.836192436,3.218459030
1690,0,2.298987460,2.106006070
1691,0,2.524371030,2.208133059
1692,0,1.900022835,1.160881401
1693,0,1.355297970,1.064829784
1694,0,-0.000000000,0.000000000
1695,0,1.000000000,1.000000000
1696,0,1.750000000,1.500000000
1697,0,1.000000000,1.000000000
1698,0,-0.000000000,0.000000000
1699,0,1.000000000,1.000000000
1700,0,1.877387064,2.000000000
1701,0,2.255032708,1.857142857
1702,0,2.194013798,1.301963865
1703,0,1.724737761,1.264162020
1704,0,1.074035427,0.484354765
1705,0,1.242177510,1.079834257
1706,0,1.849783270,1.055764711
1707,0,2.006879613,1.307937187
1708,0,2.180010545,2.017913247
1709,0,0.999996280,0.997729025
1710,0,1.749999070,1.500000000
1711,0,0.999999907,1.000358575
1712,0,1.749999977,2.000179288
1713,0,1.881290859,3.000430290
1714,0,1.578510263,2.000290737
1715,0,2.398791313,3.000218052
1716,0,2.836350536,3.723454119
1717,0,2.598529774,2.931156571
1718,0,2.640207738,2.054587283
1719,0,2.393761217,1.939502177
1720,0,2.830198618,2.297707359
1721,0,2.850876998,1.906975149
1722,0,2.170797857,2.191521546
1723,0,2.871895521,3.217424371
1724,0,3.120957640,3.592100462
1725,0,2.904605164,2.751551725
1726,0,3.015982770,3.285174459
1727,0,2.111227094,1.399980744
1728,0,1.249709271,1.211636941
1729,0,1.703453902,1.375664179
1730,0,2.024773369,1.048661173
1731,0,1.580450976,1.178744423
1732,0,1.869527553,1.261956098
1733,0,2.282041482,1.362618129
1734,0,2.429889729,2.004529049
1735,0,2.545976721,1.658467258
1736,0,2.535185661,1.715103157
1737,0,1.797476186,1.250782039
1738,0,1.886117078,1.038391681
1739,0,1.327523861,0.731840655
1740,0,1.028312504,0.501469698
1741,0,1.304699179,0.521873452
1742,0,1.771132734,1.508875509
1743,0,1.674502796,1.243656460
1744,0,1.820404903,1.085974069
1745,0,1.825290437,1.173481470
1746,0,1.795813149,1.189956876
1747,0,1.848303781,1.857218409
1748,0,1.244176601,2.957015610
1749,0,0.909949848,3.958118897
1750,0,2.010970428,2.866401848
1751,0,0.542051134,3.637242646
1752,0,1.538811208,3.760407820
1753,0,2.077079778,4.114916916
1754,0,1.842063136,4.639515245
1755,0,3.084358979,3.132495594
1756,0,3.141988907,3.065740691
1757,0,2.254358913,3.674248799
1758,0,3.050219079,3.568932610
1759,0,2.175348787,2.164754552
1760,0,2.792855770,2.476638378
1761,0,2.500980943,2.418519883
1762,0,2.824716685,2.580076990
1763,0,2.597711340,2.584896467
1764,0,1.321270171,1.825248248
1765,0,1.665572313,1.109873682
1766,0,1.816336220,1.482088931
1767,0,2.512032804,1.714773439
1768,0,2.139120697,1.289829886
1769,0,2.489733393,1.784887048
1770,0,1.828034997,1.601155994
1771,0,0.999953825,1.008000747
1772,0,0.805955195,0.285714286
1773,0,0.999999933,1.000303826
1774,0,0.805958488,0.285714286
1775,0,1.000000000,1.000011538
1776,0,0.805958493,0.285714286
1777,0,1.000000000,1.000000438
1778,0,1.750000000,2.000000219
1779,0,1.288492994,1.054621921
1780,0,-0.000000000,0.000000000
1781,0,1.000000000,1.000000000
1782,0,1.877387064,2.000000000
1783,0,1.000000000,1.000000000
1784,0,-0.000000000,0.000000000
1785,0,1.000000000,1.000000000
1786,0,-0.000000000,0.000000000
1787,0,1.000000000,1.000000000
1788,0,1.750000000,2.000000000
1789,0,1.921887137,1.916666667
1790,0,2.198623406,1.251149425
1791,0,2.594747951,1.711434645
1792,0,2.516703082,1.546338807
1793,0,2.309490791,1.771751144
1794,0,2.642226256,1.743020090
1795,0,2.532609560,1.761628993
1796,0,2.812487619,2.220324885
1797,0,2.491623404,2.315055202
1798,0,2.442146324,1.929966574
1799,0,1.889189356,2.046317434
1800,0,2.409790656,2.456864143
1801,0,2.523470533,2.974692125
1802,0,2.962799661,4.256524303
1803,0,2.863311623,2.887506879
1804,0,2.763907958,3.249130122
1805,0,2.141196930,2.480391700
1806,0,2.243231850,2.614066022
1807,0,1.924553760,2.676244711
1808,0,2.226505408,3.565625983
1809,0,2.183697767,2.781647214
1810,0,1.920742065,3.079574895
1811,0,1.570135346,1.615753355
1812,0,2.051378278,2.254685387
1813,0,1.466870826,2.082197640
1814,0,1.803600110,1.283708432
1815,0,1.542781881,1.503433271
1816,0,2.118768866,1.577101969
1817,0,2.068999348,1.908385599
1818,0,1.791093704,1.974079159
1819,0,1.470538633,1.184235752
1820,0,2.558555970,2.111896428
1821,0,2.701279763,1.762306337
1822,0,1.477038903,1.697984359
1823,0,1.834009786,2.279553716
1824,0,2.646278528,2.207639629
1825,0,2.877801801,2.043655516
1826,0,2.580408004,2.318587987
1827,0,2.837295814,2.063926734
1828,0,2.719749328,2.233460723
1829,0,2.422983180,2.383915399
1830,0,2.063275073,1.976550710
1831,0,2.213241400,1.914656168
1832,0,2.115736806,1.482550767
1833,0,2.476419621,1.710211328
1834,0,2.734229234,2.143573168
1835,0,1.501147965,1.190096647
1836,0,1.910591100,1.133277068
1837,0,2.308589945,1.494485257
1838,0,2.156248371,1.664990941
1839,0,1.510094486,1.036672283
1840,0,2.421999734,1.839847054
1841,0,2.757468685,2.122807072
1842,0,2.492004155,2.569304345
1843,0,2.305257391,2.224028283
1844,0,2.418232456,2.257989321
1845,0,2.777587844,1.837617291
1846,0,2.992796836,2.231960306
1847,0,3.055644049,2.867150979
1848,0,3.058074945,3.576358132
1849,0,3.147719736,4.246220028
1850,0,3.116881777,5.284601854
1851,0,3.095529901,6.365005944
1852,0,3.274230719,5.536598289
1853,0,2.043469310,3.887353838
1854,0,2.435276899,2.825495554
1855,0,1.821381750,1.864659246
1856,0,2.678272481,2.404840911
1857,0,2.948151653,2.210677834
1858,0,2.271005927,2.950710345
1859,0,3.026079193,3.847605325
1860,0,3.367707421,4.958183974
1861,0,3.316083280,4.626571942
1862,0,3.373862071,4.214686167
1863,0,2.279929532,4.583496650
1864,0,2.192085517,4.788938190
1865,0,2.953494775,6.129512789
1866,0,3.188666964,7.419315653
1867,0,2.861166963,6.512042037
1868,0,3.225563326,5.640031223
1869,0,2.149950215,3.931257566
1870,0,2.143502594,2.898423317
1871,0,2.513029185,2.208537216
1872,0,1.849438031,1.822790040
1873,0,2.082253904,2.453066294
1874,0,1.922553856,1.908918887
1875,0,2.747695472,2.748935890
1876,0,3.005766783,2.249348542
1877,0,2.864315465,1.925702357
1878,0,3.084782638,2.598874833
1879,0,3.024759826,2.767416674
1880,0,2.978892692,2.256055181
1881,0,2.804703285,2.746103643
1882,0,2.651715549,2.315135796
1883,0,2.520437332,2.793584822
1884,0,2.693704554,2.429213975
1885,0,2.833816188,2.988770883
1886,0,2.568862423,2.162014904
1887,0,2.186927390,1.843820018
1888,0,1.955818067,2.225345733
1889,0,2.293200940,1.632430257
1890,0,2.785213109,1.700749775
1891,0,2.314210237,1.381378908
1892,0,2.498384595,1.320444728
1893,0,2.178067518,1.511378002
1894,0,2.013416061,1.181194197
1895,0,2.666837736,1.661708018
1896,0,2.863203818,1.739914902
1897,0,2.345776732,1.596146058
1898,0,2.495534981,2.225538330
1899,0,2.660152907,2.919695009
1900,0,3.088412545,3.717929339
1901,0,3.305851189,3.005961843
1902,0,2.560406677,2.320056394
1903,0,3.160331799,2.509989384
1904,0,2.297955096,2.088775087
1905,0,2.552621210,1.922666989
1906,0,1.921989074,1.747736476
1907,0,2.750297601,1.859052668
1908,0,2.572095863,2.106212496
1909,0,2.221111363,1.444338535
1910,0,1.862853835,1.787238532
1911,0,1.782794570,1.497322758
1912,0,2.762291750,1.703064363
1913,0,2.446704030,1.508970296
1914,0,2.723125307,1.933458317
1915,0,3.086047796,2.223017406
1916,0,2.956331274,2.649835516
1917,0,2.687413713,3.068388389
1918,0,2.870584551,3.245110431
1919,0,2.899928242,2.166970315
1920,0,3.136085241,2.281323327
1921,0,3.204202999,2.270404623
1922,0,3.372012656,4.629543250
1923,0,3.444358257,5.369566271
1924,0,3.126183771,6.271251168
1925,0,2.988487659,5.196217988
1926,0,3.446849624,6.034394145
1927,0,3.537059579,4.633082135
1928,0,2.997766760,5.732276166
1929,0,2.901238790,4.211241559
1930,0,2.911620189,3.023596621
1931,0,2.542758130,2.112037006
1932,0,2.447922155,2.106293855
1933,0,2.552179571,2.002965304
1934,0,2.865782912,2.329092117
1935,0,3.088724606,2.476647099
1936,0,3.158087990,2.385612595
1937,0,3.500717874,2.965895017
1938,0,2.860671187,3.179079834
1939,0,2.949241117,2.850132544
1940,0,2.794584637,2.822895112
1941,0,3.060624772,3.812782737
1942,0,2.661660826,2.028812862
1943,0,3.057104805,2.672218824
1944,0,2.334412940,4.357431015
1945,0,3.106577852,4.768766300
1946,0,3.238243437,5.377871752
1947,0,3.524407223,4.802775148
1948,0,3.517506814,3.842175570
1949,0,2.625810298,2.075954431
1950,0,3.242685440,2.951804575
1951,0,3.247171795,2.538622168
1952,0,3.561561078,2.983266624
1953,0,3.519020950,3.513688525
1954,0,3.515912522,3.270275173
1955,0,3.833690012,4.161577845
1956,0,1.553504970,1.750428608
1957,0,0.990491680,0.885316316
1958,0,0.805279327,0.285714286
1959,0,1.092828954,1.018238689
1960,0,-0.000000000,0.000000000
1961,0,1.000000000,1.000000000
1962,0,1.877387064,2.000000000
1963,0,1.881290899,1.600000000
1964,0,2.178470241,2.391304348
1965,0,3.111972800,2.388043478
1966,0,2.977348039,2.258992879
1967,0,3.161024888,2.222213761
1968,0,3.387882776,2.668209684
1969,0,2.766702526,2.834050867
1970,0,2.249787749,1.949813130
1971,0,0.993323738,0.903869991
1972,0,1.874525809,1.917602849
1973,0,1.492449582,1.078397709
1974,0,1.878355989,1.106770833
1975,0,2.210034381,1.714602843
1976,0,2.878487118,2.213851721
1977,0,0.999822622,1.015680816
1978,0,0.805945823,2.002240117
1979,0,1.881214881,3.018816979
1980,0,2.768800524,2.543525863
1981,0,3.201137762,3.329888121
1982,0,2.898726069,4.047631825
1983,0,2.813622097,3.422554017
1984,0,2.802116845,2.780235491
1985,0,2.564385410,3.110492368
1986,0,1.574355028,2.010143534
1987,0,1.651998326,1.174490108
1988,0,0.888528515,0.325485480
1989,0,1.105227954,1.015626401
1990,0,1.583697763,1.016650642
1991,0,0.999999990,1.000119924
1992,0,-0.000000000,0.000000000
1993,0,1.000000000,1.000000000
1994,0,1.750000000,1.000000000
1995,0,1.288492994,1.054621849
1996,0,1.772395739,1.026334520
1997,0,1.000000000,1.000000000
1998,0,1.877387064,1.142857143
1999,0,2.457265914,1.692307692
2000,0,2.725873325,2.542028986
2001,0,2.688732502,1.900909306
2002,0,2.364040206,1.773206150
2003,0,1.838313584,1.333999858
2004,0,2.296458026,2.234936356
2005,0,2.756885693,2.284536192
2006,0,2.420456242,1.588744886
2007,0,1.277859693,1.352182006
2008,0,0.341633071,0.444764520
2009,0,1.038868193,1.025208926
2010,0,1.912803289,1.163159692
2011,0,1.051866671,1.033432945
2012,0,0.089789902,0.069261010
2013,0,1.032303489,1.016576845
2014,0,1.908591338,1.159544165
2015,0,2.284462060,1.480215517
2016,0,2.424921447,1.374556063
2017,0,2.622404959,1.806485034
2018,0,2.965973161,1.981606980
2019,0,2.809984618,2.104432840
2020,0,2.687114739,2.411786606
2021,0,2.616857063,1.732206743
2022,0,2.780901900,2.228671978
2023,0,2.259572124,2.375889203
2024,0,2.730992832,1.819692438
2025,0,2.362334878,2.665902814
2026,0,2.543071836,1.866532025
2027,0,2.743972455,1.997168316
2028,0,3.075520697,1.930855648
2029,0,2.831990585,1.955136780
2030,0,3.003055692,2.168255178
2031,0,2.918447641,2.685779898
2032,0,3.263427185,2.898302361
2033,0,3.313918321,2.718872728
2034,0,2.449870310,2.061385406
2035,0,2.988780355,2.158032560
2036,0,2.943411217,2.126003733
2037,0,2.560725533,2.391337463
2038,0,3.172821997,2.894847200
2039,0,3.540265688,3.475587582
2040,0,3.411610942,2.674389788
2041,0,3.111457119,2.424668656
2042,0,3.203350858,2.461275576
2043,0,2.386228775,1.617369156
2044,0,2.128819745,1.518121152
2045,0,2.393585319,1.402230563
2046,0,2.194271184,1.456397334
2047,0,1.810925842,1.436761161
2048,0,1.701196198,1.551707248
2049,0,1.704498814,1.468393910
2050,0,1.773338068,0.967753937
2051,0,2.183697698,2.105159692
2052,0,2.325982194,1.975635275
2053,0,2.246094347,1.948377980
2054,0,2.670240159,1.687504345
2055,0,2.351731949,2.052265855
2056,0,2.064573574,1.573853560
2057,0,1.838091505,1.245580343
2058,0,2.373401662,1.780611029
2059,0,2.282108827,2.526468798
2060,0,2.807619048,2.247517619
2061,0,2.877882725,1.960056556
2062,0,3.072606123,2.093951558
2063,0,3.073104413,2.729106075
2064,0,2.975732050,2.483582791
2065,0,2.780577551,2.327425623
2066,0,2.867956135,2.616668872
2067,0,3.326386814,2.974341945
2068,0,3.169684363,3.293446431
2069,0,2.856922296,2.682002271
2070,0,2.426701274,2.250812535
2071,0,2.657081288,2.120368197
2072,0,1.523552326,1.748145415
2073,0,1.315686612,1.143724755
2074,0,1.535824886,1.356640447
2075,0,1.430907198,1.255462574
2076,0,1.366358845,1.037955907
2077,0,1.678144380,0.936799382
2078,0,0.897133223,0.530441843
2079,0,0.603455086,0.294926166
2080,0,1.650863771,1.647463083
2081,0,0.991041203,0.888672552
2082,0,1.873547580,1.714285714
2083,0,2.253023425,1.428501892
2084,0,1.096806362,0.438554217
2085,0,1.138546462,1.026059597
2086,0,1.759065951,1.010384583
2087,0,0.999999635,0.999289091
2088,0,1.499999818,1.999289091
2089,0,1.582662866,1.138002921
2090,0,1.805861338,1.068391867
2091,0,1.309543737,1.060062908
2092,0,1.742597361,1.060729519
2093,0,2.455038500,1.779582280
2094,0,2.854604808,2.422718758
2095,0,1.985951174,1.310156061
2096,0,0.969565659,0.366889127
2097,0,2.224594916,1.442444571
2098,0,1.913169422,1.998523743
2099,0,0.999999819,0.999499368
2100,0,1.749999955,1.999749684
2101,0,0.999999995,0.999920953
2102,0,1.877387062,1.142857143
2103,0,0.999999999,0.999973651
2104,0,-0.000000000,0.000000000
2105,0,1.000000000,1.000000000
2106,0,1.500000000,1.000000000
2107,0,2.414332410,1.675675676
2108,0,2.829773615,1.835164835
2109,0,2.441513746,1.886149494
2110,0,2.880284316,2.021167774
2111,0,2.905425961,2.172586129
2112,0,2.326346460,2.097724978
2113,0,2.531948021,2.216672068
2114,0,-0.000000000,0.000000000
2115,0,1.000000000,1.000000000
2116,0,-0.000000000,0.000000000
2117,0,1.000000000,1.000000000
2118,0,-0.000000000,0.000000000
2119,0,1.000000000,1.000000000
2120,0,1.500000000,1.000000000
2121,0,2.347073298,1.541666667
2122,0,-0.000000000,0.000000000
2123,0,1.000000000,1.000000000
2124,0,1.877387064,2.000000000
2125,0,1.493369980,1.110169492
2126,0,1.794738373,2.000000000
2127,0,2.510332443,1.755696935
2128,0,2.138176004,2.056226613
2129,0,2.392662878,1.586716113
2130,0,1.950978852,1.430821866
2131,0,1.390087032,1.081253938
2132,0,1.936156531,1.748017022
2133,0,1.506205032,1.114084075
2134,0,1.796277901,1.999771403
2135,0,0.999999996,0.999926627
2136,0,-0.000000000,0.000000000
2137,0,1.000000000,1.000000000
2138,0,1.500000000,2.000000000
2139,0,2.347073298,1.541666667
2140,0,1.162184574,0.477341390
2141,0,1.000000000,1.000000000
2142,0,1.877387064,2.000000000
2143,0,2.255032708,1.464285714
2144,0,2.396139566,2.179824561
2145,0,2.446621969,3.081756757
2146,0,2.172814516,2.130679279
2147,0,0.999947572,1.008525255
2148,0,1.877364595,1.142857143
2149,0,1.881268430,1.594884847
2150,0,1.578496426,1.993087631
2151,0,2.446029073,2.992945864
2152,0,2.223267743,2.446238312
2153,0,1.981556561,1.798126771
2154,0,2.125754854,1.474844610
2155,0,0.999252392,0.967809547
2156,0,1.749813098,1.500000000
2157,0,1.921805636,1.264797623
2158,0,2.176645765,1.235632184
2159,0,0.999985888,0.995576884
2160,0,1.499992944,1.000000000
2161,0,2.414327016,1.677827462
2162,0,2.829768449,2.104395604
2163,0,2.464394810,2.127211365
2164,0,1.829062199,1.050798448
2165,0,1.321327215,1.073588799
2166,0,-0.000000000,0.000000000
2167,0,1.000000000,1.000000000
2168,0,-0.000000000,0.000000000
2169,0,1.000000000,1.000000000
2170,0,1.305008491,0.729411765
2171,0,1.346242121,1.523545706
2172,0,1.765134653,0.984470424
2173,0,0.368888880,0.141592920
2174,0,1.635879777,1.507079646
2175,0,0.934984293,0.702059374
2176,0,2.123295469,1.742867968
2177,0,1.645801397,0.845501769
2178,0,2.012256396,1.707372872
2179,0,1.766848397,1.057887623
2180,0,2.146900850,1.251859433
2181,0,1.869022894,1.306577704
2182,0,2.254620163,2.314266522
2183,0,2.389369106,3.152465516
2184,0,0.779960357,0.407169720
2185,0,1.201257831,1.875678015
2186,0,1.784076976,1.203834324
2187,0,2.175759795,2.066122398
2188,0,2.328046030,2.823308605
2189,0,1.703688983,1.465329900
2190,0,1.461787466,1.736334065
2191,0,1.812244060,1.129668982
2192,0,1.821016281,1.329580887
2193,0,1.059386727,0.832636630
2194,0,2.176186866,1.241255677
2195,0,1.777717004,1.238088040
2196,0,2.212395045,1.247430822
2197,0,1.765750519,1.217729559
2198,0,2.203738005,1.986287212
2199,0,0.786211088,0.429848474
2200,0,1.851281365,1.461877466
2201,0,1.173954557,1.544810270
2202,0,2.376227551,1.410551699
2203,0,2.231540186,1.604141346
2204,0,2.465459296,1.476737739
2205,0,1.990013479,2.080998938
2206,0,2.320128399,1.924331121
2207,0,1.631906391,0.798860957
2208,0,0.691922115,0.338085234
2209,0,1.198283810,0.467082683
2210,0,1.788236943,1.250999563
2211,0,1.479960091,0.876935008
2212,0,1.289061884,0.672079941
2213,0,1.142913820,0.546504655
2214,0,1.383725838,0.562178693
2215,0,0.902846352,0.378578585
2216,0,1.248003163,1.023423055
2217,0,1.627098939,1.539932032
2218,0,1.485169276,0.664157564
2219,0,1.985951652,1.532622910
2220,0,1.842373041,1.139707087
2221,0,2.197579322,1.232332533
2222,0,2.007562840,1.503047494
2223,0,2.079023501,1.378380247
2224,0,2.055057854,1.623114767
2225,0,1.653070142,0.977375827
2226,0,0.893477265,0.329719641
2227,0,1.424380886,1.105843704
2228,0,1.940710152,2.030556004
2229,0,1.958236564,1.639963039
2230,0,2.097217520,2.617431720
2231,0,2.476487711,1.888872243
2232,0,2.974763395,2.529454441
2233,0,2.526979483,3.302318892
2234,0,3.432501695,4.170687246
2235,0,3.370963803,3.470626784
2236,0,2.985091556,2.771542223
2237,0,2.557403048,2.131895847
2238,0,1.677808029,0.870595041
2239,0,0.999999401,0.999088508
2240,0,1.499999700,1.000000000
2241,0,0.999999890,0.999609361
2242,0,1.499999945,1.999609361
2243,0,1.582662919,1.138135799
2244,0,1.805861353,1.068391867
2245,0,0.999999999,0.999967899
2246,0,0.805958493,0.285714286
2247,0,1.092885007,1.013568631
2248,0,-0.000000000,0.000000000
2249,0,1.000000000,1.000000000
2250,0,1.500000000,2.000000000
2251,0,2.414332410,1.675675676
2252,0,2.829773615,1.835164835
2253,0,3.053216604,2.234824486
2254,0,2.950826641,2.001029586
2255,0,1.910916548,2.042328566
2256,0,2.782566784,3.168235597
2257,0,2.887348105,2.926771944
2258,0,1.532697515,2.436746684
2259,0,2.412455144,3.438293366
2260,0,2.355794894,2.569426005
2261,0,2.064126365,2.436806406
2262,0,2.724229188,3.381861936
2263,0,3.035977044,3.571388711
2264,0,3.097755965,3.394050046
2265,0,2.684921622,3.381739476
2266,0,3.275761886,4.132469173
2267,0,2.606633145,2.144704236
2268,0,2.520178673,2.017157706
2269,0,1.633656503,0.742766215
2270,0,1.267799230,1.068016576
2271,0,1.003518286,0.613039239
2272,0,1.220024300,0.936325741
2273,0,2.144781938,2.070714175
2274,0,2.487153192,1.742095257
2275,0,2.218708865,2.156446468
2276,0,2.882588580,3.204276047
2277,0,3.183815525,4.192429087
2278,0,2.752900740,3.991559269
2279,0,2.952255474,4.479785005
2280,0,2.988987785,3.695900095
2281,0,3.043594920,3.238970684
2282,0,2.817729436,3.858892490
2283,0,3.297628926,4.727576880
2284,0,3.230771338,4.138114180
2285,0,3.212695491,3.682360184
2286,0,2.084182016,1.834803503
2287,0,2.749448479,2.278831767
2288,0,2.703241721,3.112669128
2289,0,2.894770430,3.661323144
2290,0,3.380512111,3.486380115
2291,0,3.285861188,3.199963722
2292,0,1.590863587,0.998301869
2293,0,1.959632083,1.319946159
2294,0,0.442343476,0.160093796
2295,0,1.620505953,1.048366682
2296,0,0.007235910,0.005952279
2297,0,1.506938296,1.503868982
2298,0,1.552615998,1.099567186
2299,0,1.959983939,1.412529740
2300,0,0.676123791,0.267004300
2301,0,0.869552203,0.339824510
2302,0,0.010325954,0.006613077
2303,0,1.459214279,1.148937670
2304,0,1.159429499,0.578895052
2305,0,1.834640577,1.300569714
2306,0,1.894210913,1.731550375
2307,0,2.602757270,2.568924515
2308,0,1.975103260,2.014269541
2309,0,1.931366996,1.716045926
2310,0,0.778388753,0.353561762
2311,0,0.867441599,0.331608848
2312,0,0.431592353,0.141673555
2313,0,1.435256345,1.118538344
2314,0,1.796972717,1.652715042
2315,0,1.905626847,1.503570484
2316,0,0.652121503,0.263531463
2317,0,-0.000000000,0.000000000
2318,0,-0.000000000,0.000000000
2319,0,0.734529921,0.285714286
2320,0,0.323814475,0.095238095
2321,0,0.778280831,1.853773585
2322,0,1.133721427,2.106060606
2323,0,1.511524803,1.554285714
2324,0,0.834100978,0.372217111
2325,0,1.806009803,1.338381402
2326,0,1.539075381,2.622530528
2327,0,2.597112618,3.683675905
2328,0,1.183064817,2.351152283
2329,0,1.814855756,1.635901365
2330,0,-0.000000000,0.000000000
2331,0,1.448815636,1.142857143
2332,0,1.148834854,0.571428571
2333,0,1.832290639,1.299363057
2334,0,1.622880945,1.988505747
2335,0,1.539997173,2.232061069
2336,0,1.843957422,1.811704835
2337,0,1.933618707,2.468497577
2338,0,2.932586587,2.231085083
2339,0,2.244999234,1.814997410
2340,0,1.866374407,2.057740548
2341,0,2.089686982,2.576838208
2342,0,-0.000000000,0.000000000
2343,0,0.734529921,1.857142857
2344,0,0.077318845,0.016528926
2345,0,1.515097483,1.005524862
2346,0,-0.000000000,0.000000000
2347,0,1.448815636,1.142857143
2348,0,1.148834854,0.571428571
2349,0,-0.000000000,0.000000000
2350,0,-0.000000000,0.000000000
2351,0,0.734529921,0.285714286
2352,0,0.323814475,0.095238095
2353,0,0.778280831,0.301886792
2354,0,1.087041296,0.505617978
2355,0,0.962368239,0.386082302
2356,0,-0.000000000,0.000000000
2357,0,1.448815636,1.142857143
2358,0,0.399790067,0.125000000
2359,0,0.791288976,0.307210031
2360,0,0.086880280,0.019136140
2361,0,1.275377139,1.065230715
2362,0,0.499070124,0.166414270
2363,0,1.625570374,1.758088338
2364,0,1.264032087,0.642959359
2365,0,1.874995674,1.314063432
2366,0,1.915164145,1.926190641
2367,0,2.067619416,2.391052936
2368,0,1.980876959,1.735282847
2369,0,2.634891993,2.517554214
2370,0,3.075422816,2.456035670
2371,0,1.457634858,1.355781026
2372,0,1.835134921,2.367197300
2373,0,2.547943902,1.691320219
2374,0,2.593512298,1.704977745
2375,0,2.529922114,1.620390631
2376,0,2.671734024,1.788619452
2377,0,2.519991453,2.167369440
2378,0,2.817519805,2.138179842
2379,0,2.440730087,2.435036980
2380,0,1.759994541,1.986335443
2381,0,1.487322457,0.727293319
2382,0,0.358293249,0.148265807
2383,0,0.794273795,0.305324310
2384,0,0.092519285,0.023029360
2385,0,1.490245834,1.152133460
2386,0,0.030554462,0.027921480
2387,0,1.000000000,1.000000000
2388,0,0.468166641,0.153846154
2389,0,1.613892842,1.183453237
2390,0,1.291930094,2.178156146
2391,0,2.393177327,2.875048380
2392,0,1.890123234,2.519363888
2393,0,1.750446627,3.166320210
2394,0,2.475475920,3.627028577
2395,0,2.723929786,2.838320878
2396,0,2.368310489,2.784881545
2397,0,3.106186677,3.318535470
2398,0,2.587655392,2.452495349
2399,0,1.810456716,2.942426302
2400,0,1.582241313,1.665369912
2401,0,2.236268124,2.277101565
2402,0,0.753690756,0.373153969
2403,0,1.702094557,1.368531856
2404,0,1.092246345,0.584939559
2405,0,2.228070947,1.541737743
2406,0,1.471367982,0.958611095
2407,0,2.342666026,1.486658140
2408,0,0.851860959,0.412613894
2409,0,0.598567274,0.472111016
2410,0,0.530636676,0.392351155
2411,0,1.699083164,1.683024682
2412,0,0.144359165,0.142628349
2413,0,0.876558988,0.430550998
2414,0,0.422814354,0.177811759
2415,0,0.796030783,0.315602436
2416,0,0.362475066,0.114236837
2417,0,1.576914692,1.173962899
2418,0,1.696557211,1.482980965
2419,0,1.992653175,2.051095013
2420,0,0.756239168,0.316214676
2421,0,-0.000000000,0.000000000
2422,0,-0.000000000,0.000000000
2423,0,0.734529921,0.285714286
2424,0,0.323814475,0.095238095
2425,0,1.792669150,1.342105263
2426,0,-0.000000000,0.000000000
2427,0,1.448815636,1.142857143
2428,0,0.399790067,0.125000000
2429,0,1.584092910,1.042553191
2430,0,-0.000000000,0.000000000
2431,0,1.448815636,1.714285714
2432,0,0.399790067,0.125000000
2433,0,-0.000000000,0.000000000
2434,0,-0.000000000,0.000000000
2435,0,1.500000000,1.000000000
2436,0,0.237850573,0.064516129
2437,0,1.534255076,1.160060976
2438,0,-0.000000000,0.000000000
2439,0,-0.000000000,0.000000000
2440,0,-0.000000000,0.000000000
2441,0,0.734529921,0.285714286
2442,0,-0.000000000,0.000000000
2443,0,0.734529921,0.285714286
2444,0,0.077318845,0.016528926
2445,0,0.742933430,0.288431062
2446,0,0.078630433,0.016857025
2447,0,0.743080691,0.288471149
2448,0,0.078655654,0.016863637
2449,0,1.077578614,1.016672137
2450,0,1.117064818,2.010702038
2451,0,1.502691517,1.501772197
2452,0,0.818402482,0.360530348
2453,0,1.816085339,1.404678288
2454,0,0.640200687,0.240604439
2455,0,0.834571004,0.322485291
2456,0,0.095845122,0.021888648
2457,0,0.000015734,0.000006177
2458,0,-0.000000000,0.000000000
2459,0,1.000000000,1.000000000
2460,0,1.251629167,0.666666667
2461,0,1.051237162,0.434782609
2462,0,1.460981271,0.818181818
2463,0,1.861684030,1.269565217
2464,0,-0.000000000,0.000000000
2465,0,0.734529921,0.285714286
2466,0,1.010119068,0.461538462
2467,0,1.789924087,1.270833333
2468,0,0.519023323,0.178975519
2469,0,1.674746123,1.227392581
2470,0,1.322160960,0.672762421
2471,0,1.058595834,0.431643765
2472,0,0.153257069,0.081460909
2473,0,0.877607393,0.337638412
2474,0,0.356157516,0.130813927
2475,0,1.405142917,1.610513747
2476,0,0.687744334,0.351164891
2477,0,1.576381053,0.846147821
2478,0,0.862252843,0.603312568
2479,0,0.712450513,0.656017419
2480,0,0.465035652,0.516882729
2481,0,1.718091883,1.801910787
2482,0,1.913606153,2.666721855
2483,0,2.684560488,2.353446458
2484,0,1.218960676,0.974021698
2485,0,1.022123094,0.515026848
2486,0,0.211557959,0.148561440
2487,0,-0.000000000,0.000000000
2488,0,-0.000000000,0.000000000
2489,0,1.500000000,1.500000000
2490,0,0.816689088,2.000000000
2491,0,1.728983634,1.229007634
2492,0,1.818113925,2.253307674
2493,0,2.468029418,3.384495305
2494,0,2.121067620,2.983860486
2495,0,2.642429131,2.471077888
2496,0,2.519063942,3.730516593
2497,0,2.712155579,2.987152916
2498,0,-0.000000000,0.000000000
2499,0,1.448815636,1.142857143
2500,0,0.399790067,0.125000000
2501,0,1.584092910,1.042553191
2502,0,-0.000000000,0.000000000
2503,0,1.000000000,1.000000000
2504,0,1.251629167,2.000000000
2505,0,1.805036533,1.500000000
2506,0,-0.000000000,0.000000000
2507,0,-0.000000000,0.000000000
2508,0,-0.000000000,0.000000000
2509,0,1.000000000,1.000000000
2510,0,1.251629167,2.000000000
2511,0,1.805036533,1.500000000
2512,0,1.165561289,2.145833333
2513,0,1.873704206,1.361150401
2514,0,0.564711500,0.202308227
2515,0,0.817771114,1.851094075
2516,0,0.384490252,0.119303086
2517,0,-0.000000000,0.000000000
2518,0,-0.000000000,0.000000000
2519,0,0.734529921,0.285714286
2520,0,0.383346392,0.119047619
2521,0,1.271265526,1.075750088
2522,0,0.436948320,0.163892551
2523,0,1.069111472,1.059859279
2524,0,1.616562856,2.065623032
2525,0,2.426764685,3.202887305
2526,0,2.276484628,3.727275836
2527,0,2.418640022,2.261128192
2528,0,2.127107622,1.425981492
2529,0,2.750980033,1.951165095
2530,0,2.894202595,1.828999683
2531,0,2.615033170,1.759339547
2532,0,1.778553999,1.273017811
2533,0,2.535147505,1.576457125
2534,0,1.815871996,1.792475993
2535,0,2.537845375,2.501361221
2536,0,2.783864123,3.170875195
2537,0,2.376730064,2.253130662
2538,0,2.529149701,3.175275105
2539,0,2.475482218,2.223136423
2540,0,2.246814087,1.680824377
2541,0,2.875962459,2.248166811
2542,0,2.779416146,2.071876167
2543,0,2.849219082,2.102937488
2544,0,1.605256968,1.612133504
2545,0,2.215250331,1.646716395
2546,0,2.823660098,2.610288355
2547,0,2.067035497,2.056147436
2548,0,2.262048365,2.217257366
2549,0,2.571814000,3.154357000
2550,0,2.382192837,2.303122195
2551,0,0.844832680,0.544722735
2552,0,0.991105354,0.889071034
2553,0,2.115983009,1.185154828
2554,0,1.919256386,1.337980537
2555,0,2.288374352,1.591829449
2556,0,1.567631504,1.261326166
2557,0,1.331945809,0.835218619
2558,0,1.037336656,1.144017728
2559,0,2.137320279,2.078995149
2560,0,2.242967494,2.706429986
2561,0,2.708605122,2.584521395
2562,0,2.129755001,1.206011600
2563,0,2.647760401,2.296332449
2564,0,1.842115253,1.248740002
2565,0,2.447829528,1.612248230
2566,0,1.552439232,1.759246209
2567,0,1.816729849,1.655928532
2568,0,1.722910610,1.430694116
2569,0,1.597586261,1.365466646
2570,0,1.938850288,1.575902067
2571,0,1.203732130,0.805417921
2572,0,1.584098127,1.598547858
2573,0,1.862662475,2.340348402
2574,0,2.820845452,1.971242229
2575,0,2.543085264,2.429490036
2576,0,2.897585085,2.051592446
2577,0,2.405726283,1.546402866
2578,0,1.415433947,1.055769772
2579,0,2.420783274,1.406402786
2580,0,2.272110139,1.596995877
2581,0,2.561683339,1.535776435
2582,0,1.983273932,1.024095763
2583,0,2.161084738,1.534243366
2584,0,2.524897648,1.510067781
2585,0,2.330534613,1.547320386
2586,0,2.124821388,1.552210532
2587,0,2.291245660,1.354779637
2588,0,2.524846144,1.983238775
2589,0,2.905070440,1.892145547
2590,0,2.482517045,2.109170853
2591,0,2.370884414,1.992746287
2592,0,2.627919267,1.997410831
2593,0,2.368797801,2.684298689
2594,0,2.644159445,1.658854179
2595,0,2.289450783,1.870074451
2596,0,1.680385219,1.324555663
2597,0,2.265104636,1.357187226
2598,0,2.092850192,1.421131475
2599,0,2.674918835,1.543800053
2600,0,2.175127451,1.444816102
2601,0,2.337135758,1.364370485
2602,0,2.013199429,1.516103733
2603,0,2.292699374,1.360982142
2604,0,2.103498844,1.392163418
2605,0,1.535557707,1.464889958
2606,0,2.160475648,1.294616142
2607,0,2.418309792,1.709067779
2608,0,2.430001619,1.534929886
2609,0,2.400516214,1.612577041
2610,0,2.016061940,1.198896608
2611,0,2.416151518,1.420601182
2612,0,0.974759357,0.566073149
2613,0,1.935441270,1.619909536
2614,0,1.933661400,1.465437284
2615,0,1.391672173,2.203240284
2616,0,1.868014066,2.076025911
2617,0,2.109991506,1.293849558
2618,0,2.177228346,1.454822845
2619,0,2.425815004,1.922017692
2620,0,2.394549679,2.128066393
2621,0,2.022390158,1.540404794
2622,0,2.360498051,2.075853004
2623,0,1.151365076,1.337471526
2624,0,1.788618998,1.471376390
2625,0,2.207222515,1.518484062
2626,0,1.414188030,0.684528267
2627,0,1.770207133,1.528355225
2628,0,1.686528648,1.459602703
2629,0,-0.000000000,0.000000000
2630,0,1.000000000,1.000000000
2631,0,1.877387064,1.714285714
2632,0,1.337944419,1.033587786
2633,0,0.845215697,0.304074399
2634,0,1.072438636,1.003630813
2635,0,1.557521576,2.002646130
2636,0,0.997161274,0.937288537
2637,0,0.805755727,0.285714286
2638,0,0.999942133,0.991043471
2639,0,1.877362264,1.992322975
2640,0,1.337366969,1.030432342
2641,0,1.932255121,1.984294296
2642,0,1.970965600,1.338060160
2643,0,1.900733009,1.190687644
2644,0,1.254923557,1.031438027
2645,0,1.918699272,1.735385301
2646,0,1.966957614,1.340717409
2647,0,2.052850459,1.855295371
2648,0,2.262611244,2.144044788
2649,0,1.972979790,1.487991212
2650,0,0.999919640,1.010554614
2651,0,0.805952753,0.285714286
2652,0,0.999976009,0.994233010
2653,0,0.805956779,0.285714286
2654,0,1.280800633,1.055574780
2655,0,-0.000000000,0.000000000
2656,0,1.000000000,1.000000000
2657,0,1.750000000,2.000000000
2658,0,1.205039102,1.017529880
2659,0,1.767958509,1.498959522
2660,0,1.209403971,1.015573899
2661,0,-0.000000000,0.000000000
2662,0,1.000000000,1.000000000
2663,0,0.805958493,0.285714286
2664,0,1.068080165,1.017919670
2665,0,1.887317319,2.003545457
2666,0,1.339170963,1.134745810
2667,0,1.784247475,1.036682499
2668,0,1.712827787,1.278425316
2669,0,-0.000000000,0.000000000
2670,0,1.000000000,1.000000000
2671,0,-0.000000000,0.000000000
2672,0,1.000000000,1.000000000
2673,0,0.805958493,0.285714286
2674,0,1.068080165,1.004531411
2675,0,1.887317319,1.998281139
2676,0,0.998198877,0.950041538
2677,0,1.749549719,1.000000000
2678,0,1.203485624,1.008365821
2679,0,0.826026199,0.295026622
2680,0,0.999958654,0.992429156
2681,0,1.877369344,1.993510705
2682,0,2.217727985,1.941553009
2683,0,1.562918874,0.766106952
2684,0,1.183920050,1.040949699
2685,0,1.649713238,1.049622773
2686,0,0.997753511,0.944208620
2687,0,1.749438378,1.972104310
2688,0,0.999155983,0.965797255
2689,0,1.499577992,1.965797255
2690,0,1.389409318,1.026375357
2691,0,1.791214132,1.044691204
2692,0,2.252522312,1.866266390
2693,0,2.113989067,1.939716065
2694,0,2.108532016,1.543795135
2695,0,1.931169699,1.244395986
2696,0,1.272792314,1.076717725
2697,0,-0.000000000,0.000000000
2698,0,1.000000000,1.000000000
2699,0,1.877387064,2.000000000
2700,0,1.337944419,1.033587786
2701,0,1.932369573,1.170688725
2702,0,1.346890294,1.147061416
2703,0,1.934201635,1.746082367
2704,0,1.346561426,1.151362480
2705,0,1.776661033,2.080384512
2706,0,2.066771137,2.960869492
2707,0,2.754376570,2.564596595
2708,0,2.691266648,2.237183695
2709,0,2.417374306,1.984850059
2710,0,2.487092813,2.081981916
2711,0,2.114970266,1.740993612
2712,0,2.233711854,1.582382272
2713,0,-0.000000000,0.000000000
2714,0,1.000000000,1.000000000
2715,0,1.500000000,2.000000000
2716,0,2.032457417,3.058333333
2717,0,1.916402752,2.043852780
2718,0,0.999685009,0.979104088
2719,0,1.877252068,1.982089218
2720,0,2.218349234,3.181048289
2721,0,1.562704504,2.073628268
2722,0,1.183664277,1.039273871
2723,0,-0.000000000,0.000000000
2724,0,1.000000000,1.000000000
2725,0,1.500000000,1.000000000
2726,0,0.997380663,0.939759036
2727,0,1.876264491,1.142857143
2728,0,2.219580170,1.686703911
2729,0,2.554058884,1.763506626
2730,0,1.631191553,1.212223633
2731,0,1.827702704,1.973412288
2732,0,1.749104329,1.283259787
2733,0,2.009713497,1.229646273
2734,0,1.373577193,1.134048510
2735,0,1.798822796,2.052231168
2736,0,1.420895453,1.179048191
2737,0,1.948075396,1.181694414
2738,0,1.350027336,1.024196627
2739,0,0.847176189,0.304983699
2740,0,1.297467522,1.082947947
2741,0,1.778962359,1.498828517
2742,0,1.711106461,1.920852523
2743,0,1.843483640,1.494825899
2744,0,1.233508924,1.027621457
2745,0,1.914672237,1.160793757
2746,0,0.997967133,1.053073794
2747,0,0.805813288,0.285714286
2748,0,1.279462070,1.052477311
2749,0,-0.000000000,0.000000000
2750,0,1.000000000,1.000000000
2751,0,1.500000000,2.000000000
2752,0,1.392419949,1.041121495
2753,0,1.791514463,1.044909701
2754,0,0.999250852,1.032223587
2755,0,1.749812713,2.016111793
2756,0,1.204055295,3.021261546
2757,0,1.670198449,4.009790490
2758,0,1.435924776,5.026453473
2759,0,2.119262838,3.759676262
2760,0,2.406269000,3.283312062
2761,0,2.509590968,2.488064803
2762,0,2.567778488,3.048477996
2763,0,2.969492043,2.953417227
2764,0,2.640794781,3.044779100
2765,0,2.659853199,3.918991640
2766,0,2.798149527,2.320768470
2767,0,2.751835852,2.405827888
2768,0,2.878522331,2.020164458
2769,0,3.111414133,2.500731832
2770,0,2.196105686,2.993500155
2771,0,3.232381608,4.006443879
2772,0,3.280132195,4.712643516
2773,0,2.908743389,5.666444109
2774,0,2.866939333,7.453260569
2775,0,3.052581943,5.889245774
2776,0,3.415910991,5.544391558
2777,0,3.777119896,4.846428055
2778,0,3.585348244,5.440865294
2779,0,3.807650568,6.464214516
2780,0,2.748353546,8.841219866
2781,0,2.962116792,10.486770364
2782,0,3.522537399,9.704279818
2783,0,3.466227394,9.235893594
2784,0,3.611928415,5.209541421
2785,0,3.643976006,4.164824954
2786,0,3.643855545,5.333117828
2787,0,3.582926674,5.210476965
2788,0,3.670956985,5.043113847
2789,0,3.815221843,3.848699294
2790,0,3.561454765,4.775585516
2791,0,3.431707356,3.688776256
2792,0,2.577615925,1.940286977
2793,0,1.926057657,1.329642899
2794,0,1.766383280,1.222447501
2795,0,1.713915381,1.854951555
2796,0,2.084398694,1.466513870
2797,0,2.039775627,1.159728849
2798,0,2.019793329,1.528864344
2799,0,2.695292843,2.633144628
2800,0,2.261096808,1.677129610
2801,0,2.659755383,2.796885854
2802,0,2.705988739,2.495165651
2803,0,2.739819931,1.997771641
2804,0,2.215986932,1.896264771
2805,0,1.919152880,1.403547522
2806,0,2.750620791,1.937354427
2807,0,2.719330515,2.672768558
2808,0,2.340071240,2.019801808
2809,0,1.985557551,2.402976802
2810,0,2.116112936,1.710538978
2811,0,2.685039196,2.608996740
2812,0,2.857685593,2.437127783
2813,0,2.805445310,1.898975552
2814,0,2.968516792,2.234099488
2815,0,3.267965751,2.902019931
2816,0,3.119370823,3.574706727
2817,0,2.858317587,2.540878714
2818,0,3.072562575,2.291897865
2819,0,1.640872562,1.793911219
2820,0,1.852325591,1.852226745
2821,0,2.920990429,2.692500853
2822,0,3.100671252,2.422848525
2823,0,3.114270315,2.739966418
2824,0,2.581395274,1.964072618
2825,0,2.397435824,2.248641121
2826,0,2.639279311,1.900234079
2827,0,2.194157566,1.516383671
2828,0,2.083864542,1.624186528
2829,0,1.545660922,1.011638364
2830,0,1.998298776,2.669377016
2831,0,2.477738539,1.751857123
2832,0,2.901537870,2.654606537
2833,0,3.100137910,2.134373865
2834,0,3.306934530,2.441909340
2835,0,3.508082138,3.916902032
2836,0,3.522694142,3.654383408
2837,0,3.256239364,2.695577105
2838,0,3.484631003,3.200888837
2839,0,2.935920899,3.485687161
2840,0,2.388077037,2.602577980
2841,0,2.604950575,2.062469781
2842,0,2.403393507,2.300858086
2843,0,2.652793725,3.313439684
2844,0,2.913351684,2.853522516
2845,0,3.010032173,3.160250678
2846,0,3.194190960,2.940323463
2847,0,3.317723719,3.574341467
2848,0,3.105327181,3.137052722
2849,0,3.041682653,1.744843335
2850,0,2.740860754,2.275139567
2851,0,2.703818407,2.207062419
2852,0,2.341636601,4.711288663
2853,0,2.863003342,3.605663708
2854,0,2.743377425,3.181839776
2855,0,2.672284986,1.990680243
2856,0,3.149489913,2.326382697
2857,0,2.976227349,2.675623235
2858,0,3.006072483,2.134564244
2859,0,2.748272558,1.493099663
2860,0,2.289413972,1.884578265
2861,0,2.498276935,1.609447562
2862,0,2.727197480,1.661209185
2863,0,2.493039549,1.997068711
2864,0,2.641506208,1.725069061
2865,0,2.716197937,1.775852300
2866,0,2.862930695,2.030038289
2867,0,3.148979762,2.135625532
2868,0,3.268878509,2.529899509
2869,0,2.789063752,2.650294088
2870,0,2.714737304,2.653069959
2871,0,2.813363524,2.750313354
2872,0,2.763364020,2.961902334
2873,0,3.713334810,2.998193379
2874,0,2.705359123,3.131107053
2875,0,3.164525541,3.783613284
2876,0,3.720032415,3.650351136
2877,0,2.776573329,2.957108872
2878,0,3.402132921,2.687435494
2879,0,3.266556472,2.427314935
2880,0,3.396609360,3.236082343
2881,0,3.017025902,2.957815382
2882,0,3.166302966,3.382387480
2883,0,1.826319784,1.491488927
2884,0,2.961374690,1.767065588
2885,0,2.955495993,2.479271649
2886,0,2.794494050,2.587101314
2887,0,2.342946822,2.604850625
2888,0,2.366476094,2.743719343
2889,0,1.760941355,2.492924647
2890,0,1.160065436,0.826339737
2891,0,1.438430916,0.662609532
2892,0,1.905975939,1.503513475
2893,0,1.519940961,0.934352734
2894,0,1.882969342,1.907515600
2895,0,1.351064549,1.038114995
2896,0,1.792116836,1.501787773
2897,0,2.511983068,1.739126888
2898,0,2.619182996,1.795626173
2899,0,2.396937267,1.674137941
2900,0,1.719918591,1.647932219
2901,0,2.232790056,1.664389726
2902,0,1.801973946,1.030518599
2903,0,1.812880631,1.177142248
2904,0,1.462296459,0.891085065
2905,0,1.748160840,1.101750061
2906,0,1.887509890,1.656482097
2907,0,0.976126436,1.513735249
2908,0,1.954175304,2.633536696
2909,0,2.447418423,1.717734851
2910,0,2.480273991,3.415341584
2911,0,2.520900932,2.329629184
2912,0,2.303095117,1.746817930
2913,0,1.645750497,1.266673499
2914,0,1.881794709,2.835667434
2915,0,2.018543252,1.534976180
2916,0,2.551903063,2.188322889
2917,0,2.889213121,1.945898665
2918,0,2.964362886,1.822968984
2919,0,2.966379395,2.053376337
2920,0,3.087302312,2.659964821
2921,0,3.220248570,2.093944189
2922,0,3.168791321,2.080276239
2923,0,3.006449539,2.129519744
2924,0,2.884883339,2.105585667
2925,0,2.643321141,2.514055879
2926,0,2.757472265,2.803595097
2927,0,3.196136965,2.578995592
2928,0,3.160273907,2.767834683
2929,0,2.982090818,2.431713384
2930,0,2.668457416,2.707685279
2931,0,2.597729033,2.223389797
2932,0,2.749472549,2.482318822
2933,0,0.975023762,0.814462555
2934,0,1.487511881,1.000000000
2935,0,1.577445788,1.945603993
2936,0,1.940141252,2.451105826
2937,0,2.397195138,1.812939967
2938,0,1.953081209,1.419439578
2939,0,0.999883434,0.987288174
2940,0,1.877337107,1.714285714
2941,0,0.999987049,1.004237275
2942,0,1.749996762,1.500000000
2943,0,2.502897879,1.753545491
2944,0,2.134320052,1.277777778
2945,0,1.619459678,1.152676280
2946,0,0.882716892,0.322847218
2947,0,1.104267662,1.015667103
2948,0,1.891862768,2.001182047
2949,0,1.000000000,0.999999203
2950,0,1.500000000,1.999999203
2951,0,1.582662942,1.138297542
2952,0,1.805861359,1.068391867
2953,0,1.966719212,1.292822011
2954,0,2.030187887,2.021352343
2955,0,2.030255387,3.021137576
2956,0,2.318819788,3.727191059
2957,0,2.693855640,3.507144435
2958,0,2.528030793,3.756589244
2959,0,2.700699479,5.004402579
2960,0,2.782791706,4.198073307
2961,0,3.277140538,2.707602641
2962,0,3.200685662,2.383118696
2963,0,2.997546046,2.872547625
2964,0,2.552943548,2.524794532
2965,0,3.073445970,3.181407875
2966,0,3.191552660,3.812615962
2967,0,3.227895151,4.139224409
2968,0,3.244767309,4.000031788
2969,0,3.341481908,3.131455429
2970,0,3.443955009,3.920281986
2971,0,3.542879935,3.690693485
2972,0,1.080428808,1.037940318
2973,0,2.177482208,2.286328249
2974,0,2.568327999,2.888809798
2975,0,2.243353273,3.776482584
2976,0,3.081536549,3.135684412
2977,0,3.281382508,4.132732739
2978,0,3.608486245,4.928035550
2979,0,2.845686956,3.149801970
2980,0,3.168674340,3.103216586
2981,0,2.839247854,2.980568939
2982,0,2.914383034,3.177487261
2983,0,1.007138192,0.885242539
2984,0,1.530295442,1.028661058
2985,0,2.363161345,1.604360139
2986,0,2.111406474,2.120641868
2987,0,2.379682941,1.588424362
2988,0,2.130332061,1.263166477
2989,0,1.605616514,1.172905618
2990,0,0.903997097,0.340347219
2991,0,1.118238091,1.024267024
2992,0,-0.000000000,0.000000000
2993,0,1.000000000,1.000000000
2994,0,0.805958493,0.285714286
2995,0,1.000000000,1.000000000
2996,0,1.500000000,2.000000000
2997,0,2.347073298,1.541666667
2998,0,2.459905673,1.401960784
2999,0,2.487722144,1.703515830
3000,0,2.579978920,2.241316655
3001,0,2.513284317,1.842529750
3002,0,2.147926439,1.303691290
3003,0,2.522849560,1.788092750
3004,0,2.365363555,2.143665152
3005,0,1.341239165,1.276890429
3006,0,2.251341471,2.119265925
3007,0,2.593781733,1.978806160
3008,0,2.345643943,2.342206645
3009,0,2.608269874,2.017129488
3010,0,1.921006488,2.533070314
3011,0,2.401812087,1.983890558
3012,0,2.080898582,2.383221672
3013,0,2.221155665,2.546845880
3014,0,2.648934928,2.830602981
3015,0,2.304118812,3.198936491
3016,0,1.814996176,4.104595796
3017,0,2.148000960,4.603250770
3018,0,1.916164939,4.349166698
3019,0,2.011949880,4.986207958
3020,0,1.176885302,6.318484107
3021,0,1.565594556,7.358032122
3022,0,1.785371603,6.574711406
3023,0,2.658583094,7.696513151
3024,0,2.767395042,5.830031699
3025,0,2.862329848,4.580731650
3026,0,2.940488091,5.647656075
3027,0,1.673171917,6.214067347
3028,0,2.077197894,7.238993435
3029,0,2.920499646,8.189440507
3030,0,2.528794184,9.481483720
3031,0,2.881697285,8.355108581
3032,0,2.804074555,7.090396229
3033,0,2.459520785,6.000244738
3034,0,2.800073714,4.946325203
3035,0,3.212381717,5.875285712
3036,0,2.902374076,4.820837069
3037,0,2.436451565,5.560255868
3038,0,2.716765671,4.760434726
3039,0,2.549644695,5.482185653
3040,0,2.077277978,4.591913889
3041,0,2.430425903,3.520844366
3042,0,1.632819302,1.717242150
3043,0,1.784284299,2.334441614
3044,0,2.183840936,1.988297804
3045,0,1.920484402,1.468350777
3046,0,1.937548393,1.259247323
3047,0,1.002957381,1.831724584
3048,0,1.095377327,1.026493215
3049,0,1.577373723,1.020750770
3050,0,2.195930824,2.136929201
3051,0,2.106916000,1.463397232
3052,0,0.999663234,0.978393978
3053,0,0.805934438,1.857142857
3054,0,0.999979847,1.005285629
3055,0,0.805957053,0.285714286
3056,0,0.999969926,0.993543180
3057,0,0.805956345,0.285714286
3058,0,1.280781719,1.055529613
3059,0,1.956035181,2.033059947
3060,0,1.573596934,3.356221315
3061,0,1.826735843,3.637611117
3062,0,2.602043124,3.331261316
3063,0,2.848854124,2.701324496
3064,0,2.800037458,2.042812523
3065,0,2.858531512,2.587397164
3066,0,3.189398696,3.143359574
3067,0,1.570926900,2.147912278
3068,0,1.958639222,1.794413953
3069,0,2.733899727,2.117021974
3070,0,2.336405958,2.773397937
3071,0,1.924972139,1.613290514
3072,0,2.073685294,2.379038490
3073,0,2.121392181,1.785580298
3074,0,2.043248653,2.191311106
3075,0,2.707660968,2.491117522
3076,0,2.840841989,2.527697879
3077,0,2.402692466,1.854339321
3078,0,2.709212349,2.731267520
3079,0,1.666239225,1.103402630
3080,0,2.697640810,1.670046430
3081,0,0.598434603,0.581954702
3082,0,1.332964525,0.805316698
3083,0,1.204066978,0.599459795
3084,0,0.717673097,0.367651649
3085,0,1.869790462,1.759355048
3086,0,2.164594362,2.402628806
3087,0,1.645208035,2.442157477
3088,0,2.043264914,2.603319184
3089,0,2.263246038,2.326363939
3090,0,2.603283214,4.554871163
3091,0,2.969869671,3.438370446
3092,0,3.228127608,3.404282878
3093,0,3.364181059,3.211436503
3094,0,3.372882914,3.850991821
3095,0,2.994116258,4.917575323
3096,0,3.265085577,6.193806839
3097,0,3.064135053,5.480946026
3098,0,2.995346244,5.782925238
3099,0,3.330780041,5.043230109
3100,0,3.420434611,4.181222940
3101,0,3.457954160,5.229533511
3102,0,3.709355448,6.180511457
3103,0,3.763811602,5.919762721
3104,0,2.599835614,5.689309070
3105,0,2.547710203,4.653275078
3106,0,2.219664906,4.041869859
3107,0,2.013816287,2.843079563
3108,0,2.163664742,1.893113437
3109,0,-0.000000000,0.000000000
3110,0,1.000000000,1.000000000
3111,0,-0.000000000,0.000000000
3112,0,1.000000000,1.000000000
3113,0,1.500000000,2.000000000
3114,0,1.392419949,1.964485981
3115,0,1.942136303,2.031803207
3116,0,2.236414705,1.688794110
3117,0,2.563014474,1.780001655
3118,0,2.259661448,1.762994544
3119,0,1.242028986,0.524751850
3120,0,1.487678649,1.142587833
3121,0,1.969898486,1.538767451
3122,0,1.781399697,1.522170539
3123,0,2.649771292,2.221190250
3124,0,2.893506658,2.943819071
3125,0,2.736369253,2.782334804
3126,0,2.379991527,1.801882196
3127,0,2.091708716,1.838127699
3128,0,2.192507955,2.044746807
3129,0,2.403759771,1.907363757
3130,0,2.414751698,2.089804235
3131,0,1.933117116,2.183667833
3132,0,1.809113282,1.575442889
3133,0,2.430133305,1.764233211
3134,0,1.797123144,1.611030899
3135,0,3.043120990,2.593487766
3136,0,3.152211198,2.869546432
3137,0,2.287734312,1.636318128
3138,0,2.334118721,2.425265800
3139,0,1.197165178,1.874377209
3140,0,1.127309686,0.996993008
3141,0,1.896930552,1.150846299
3142,0,1.343331589,1.047733490
3143,0,0.845869762,1.852616998
3144,0,1.072635551,1.004377140
3145,0,1.557721793,1.015399934
3146,0,1.395892984,1.166013052
3147,0,0.854955928,0.308713211
3148,0,1.073523814,1.003318318
3149,0,0.811613093,0.288318069
3150,0,1.858880650,1.301605360
3151,0,2.157212930,1.334523442
3152,0,1.487970284,1.104195407
3153,0,1.805003613,1.059274699
3154,0,0.999502266,0.973733549
3155,0,1.877173750,1.142857143
3156,0,1.952469935,1.325395323
3157,0,1.014922890,0.389921407
3158,0,1.372938049,1.085800711
3159,0,0.850147681,0.306325836
3160,0,1.073402304,1.018985280
3161,0,1.558424262,1.015540946
3162,0,0.997244059,1.061790873
3163,0,1.876205947,1.714285714
3164,0,1.333641409,1.011862252
3165,0,0.844848747,0.303920512
3166,0,1.296195285,1.083067770
3167,0,-0.000000000,0.000000000
3168,0,1.000000000,1.000000000
3169,0,1.750000000,2.000000000
3170,0,1.691314180,1.258333333
3171,0,1.997434313,1.217445783
3172,0,1.368822525,1.051798370
3173,0,0.849771423,1.997834533
3174,0,0.999958284,0.992395432
3175,0,0.805955513,0.285714286
3176,0,1.853988929,1.298417586
3177,0,2.153605849,2.232733770
3178,0,0.998982484,0.962446762
3179,0,1.749745621,1.000000000
3180,0,0.999303248,1.031076494
3181,0,0.805908725,2.004439499
3182,0,1.280094969,1.978675806
3183,0,2.210889429,2.470876926
3184,0,2.477754343,3.288605650
3185,0,1.984087802,2.430331237
3186,0,2.520166607,3.262347685
3187,0,2.566356160,2.545395807
3188,0,3.076860297,2.551420553
3189,0,3.262193365,2.880292327
3190,0,2.890640299,3.216505928
3191,0,3.211769969,3.420350885
3192,0,3.711764259,3.253217553
3193,0,2.919276869,3.362307300
3194,0,3.146610262,3.693726470
3195,0,3.313689978,4.208100483
3196,0,3.100226666,3.467659450
3197,0,3.148741198,3.946306367
3198,0,3.673877554,4.720359142
3199,0,3.402190788,4.064344181
3200,0,3.528187016,3.646659972
3201,0,3.916196786,3.611518697
3202,0,3.461972168,3.269847404
3203,0,3.399517081,3.296207771
3204,0,3.656921068,3.615054902
3205,0,3.537545802,4.234157646
3206,0,3.630096401,4.885798083
3207,0,3.188078526,4.116984489
3208,0,3.611348465,4.668780014
3209,0,3.531794321,4.358713792
3210,0,2.593465112,4.494690860
3211,0,3.238682845,5.254129624
3212,0,2.856978055,5.033789434
3213,0,3.167253758,5.594027491
3214,0,3.226917832,6.563680611
3215,0,3.793949210,7.591762653
3216,0,3.499343988,6.615452267
3217,0,3.060699287,6.219280896
3218,0,3.824616216,5.787327952
3219,0,3.871783324,4.918314413
3220,0,3.730917571,5.579840672
3221,0,3.963178654,6.012882948
3222,0,3.791686551,5.258835163
3223,0,3.139217959,4.096977955
3224,0,3.273846278,4.924248624
3225,0,2.718019321,3.941626703
3226,0,3.613706605,3.702492177
3227,0,1.837316245,3.008812389
3228,0,3.008067108,2.981101063
3229,0,2.686002442,2.611495603
3230,0,0.973277278,0.808124365
3231,0,0.804049727,0.285714286
3232,0,1.066388134,0.995446025
3233,0,1.754637380,1.004748917
3234,0,1.205849345,1.015125109
3235,0,0.826257240,0.295133436
3236,0,1.870653449,1.307670101
3237,0,0.977944423,0.370341711
3238,0,0.999980571,0.994810122
3239,0,1.749995143,1.000000000
3240,0,1.204885127,1.016577034
3241,0,0.826125780,0.295073927
3242,0,1.870618744,1.307882175
3243,0,1.875992455,1.153787972
3244,0,0.999751573,0.981442701
3245,0,1.749937893,1.000000000
3246,0,1.204480620,1.072622869
3247,0,-0.000000000,0.000000000
3248,0,1.000000000,1.000000000
3249,0,0.805958493,2.000000000
3250,0,0.999972032,0.993773350
3251,0,0.805956495,1.999110479
3252,0,1.280788032,1.055544684
3253,0,1.922248072,2.014857151
3254,0,1.969794326,1.350006606
3255,0,1.021437945,0.393490723
3256,0,1.376564281,1.088490851
3257,0,-0.000000000,0.000000000
3258,0,1.000000000,1.000000000
3259,0,0.805958493,0.285714286
3260,0,1.068080165,1.017919670
3261,0,-0.000000000,0.000000000
3262,0,1.000000000,1.000000000
3263,0,1.750000000,1.000000000
3264,0,1.205039102,1.069322709
3265,0,0.826136758,0.295079418
3266,0,0.999963571,1.007106367
3267,0,1.499981786,2.007106367
3268,0,1.391821718,1.165550507
3269,0,1.791459979,1.044864238
3270,0,1.215271461,1.081115933
3271,0,0.827462665,0.295685616
3272,0,1.070398573,1.003629935
3273,0,1.555860215,1.014808486
3274,0,0.997177376,0.937466530
3275,0,0.805756877,0.285714286
3276,0,1.279184300,1.051857928
3277,0,1.922027406,1.165024597
3278,0,1.346488266,1.136090054
3279,0,1.785210547,2.012186982
3280,0,2.250928635,1.853426200
3281,0,2.372250411,2.265759759
3282,0,1.649722833,1.179136086
3283,0,2.171329206,1.310786046
3284,0,2.207820501,1.515139033
3285,0,2.212745824,2.234269477
3286,0,1.104887025,1.070879043
3287,0,1.987113927,2.063726096
3288,0,1.796587182,3.573027681
3289,0,2.347330013,4.724345265
3290,0,3.272446312,4.248367809
3291,0,1.798963120,3.046941887
3292,0,1.834870151,1.726492097
3293,0,2.095535805,1.848099734
3294,0,1.508764120,1.148240064
3295,0,0.222903756,0.189342345
3296,0,1.108600185,1.057868575
3297,0,1.786416963,1.512528340
3298,0,2.115792999,1.813392436
3299,0,2.336895563,1.568469603
3300,0,2.130622135,1.706563194
3301,0,2.227077870,1.917375085
3302,0,2.624144668,3.025951365
3303,0,2.933290904,1.817462871
3304,0,2.939996940,1.758785995
3305,0,3.156987128,2.071623350
3306,0,3.006004224,2.210553215
3307,0,2.695882688,1.535437769
3308,0,2.592548162,1.860836177
3309,0,2.566528488,2.578160129
3310,0,1.998826276,1.885250386
3311,0,2.405818859,1.410436927
3312,0,2.576511474,1.815568765
3313,0,1.929038451,2.451085217
3314,0,2.544940912,1.628588194
3315,0,2.752440152,2.292146202
3316,0,1.134474108,0.764415871
3317,0,2.133955715,1.608569599
3318,0,1.955570475,1.348665423
3319,0,2.003166341,1.304600475
3320,0,2.706908431,1.776218031
3321,0,1.894905012,1.043364657
3322,0,0.954476376,0.362380466
3323,0,1.457279126,1.123352659
3324,0,1.790416163,1.048403722
3325,0,0.999970100,0.993561854
3326,0,1.749992525,1.500000000
3327,0,1.881278085,1.596137112
3328,0,2.084106577,1.351020408
3329,0,2.447043303,1.866639923
3330,0,2.130571201,2.670513671
3331,0,2.494054885,1.748695748
3332,0,2.157783252,1.353507588
3333,0,2.802016611,2.035633832
3334,0,2.299019241,2.156679224
3335,0,2.492949060,1.893094356
3336,0,2.954298302,2.521873621
3337,0,2.506189959,2.979316759
3338,0,1.756697261,1.940394104
3339,0,2.392758517,2.955295578
3340,0,2.931980524,3.934762226
3341,0,1.901625420,4.544419923
3342,0,2.250379016,3.603195907
3343,0,3.002717820,4.675559407
3344,0,3.016852702,5.582935233
3345,0,2.967176278,4.607102188
3346,0,2.836346165,4.574134713
3347,0,2.984293529,4.063425612
3348,0,2.969732829,4.523219777
3349,0,3.128041864,3.252583179
3350,0,3.099445889,3.161761880
3351,0,3.152064935,2.682004849
3352,0,3.134756934,2.529118532
3353,0,3.044034173,3.249373159
3354,0,2.310137263,2.836050801
3355,0,2.570338386,4.036682625
3356,0,2.103607891,2.611307621
3357,0,2.772424489,2.450263794
3358,0,2.987160087,2.849906615
3359,0,2.695708111,4.285651611
3360,0,2.750067673,3.100595019
3361,0,3.037423567,2.712794148
3362,0,2.846235487,2.195111648
3363,0,2.111106231,1.180933251
3364,0,2.365926853,1.457641538
3365,0,2.479353863,2.073001933
3366,0,2.745695267,1.745263109
3367,0,0.980912425,1.162308632
3368,0,1.869206675,1.714285714
3369,0,0.997887497,1.054102877
3370,0,1.749471874,1.000000000
3371,0,1.288404529,1.063487446
3372,0,0.833467385,0.298860104
3373,0,1.392201789,1.081910153
3374,0,0.847335618,0.305573161
3375,0,0.999999999,0.999958508
3376,0,1.499999999,1.999958508
3377,0,1.582662942,1.138280658
3378,0,0.878510130,0.320932815
3379,0,1.103580722,1.015529880
3380,0,-0.000000000,0.000000000
3381,0,1.000000000,1.000000000
3382,0,1.750000000,2.000000000
3383,0,1.288492994,1.054621849
3384,0,1.772395739,1.026334520
3385,0,1.296582642,1.056673487
3386,0,1.920389677,2.004237021
3387,0,1.502282898,1.113105828
3388,0,-0.000000000,0.000000000
3389,0,1.000000000,1.000000000
3390,0,1.750000000,1.500000000
3391,0,1.881290899,1.600000000
3392,0,2.795826108,2.440000000
3393,0,2.117342437,3.069478908
3394,0,3.186569783,3.933688917
3395,0,3.009120426,3.157796560
3396,0,2.796292040,3.591900821
3397,0,2.805191774,4.453023782
3398,0,2.719027178,3.592716358
3399,0,2.765325479,4.447564425
3400,0,3.575264489,4.157441405
3401,0,3.690394949,3.766369279
3402,0,3.482998821,3.975790234
3403,0,3.725876219,4.671322958
3404,0,2.991270990,4.676424432
3405,0,4.004743426,5.437170719
3406,0,3.756482839,5.018763035
3407,0,3.904933806,5.010105117
3408,0,3.765695944,5.021868293
3409,0,2.333129457,4.803054553
3410,0,2.707112773,4.405201131
3411,0,3.642372264,5.063137994
3412,0,3.638917928,4.381407361
3413,0,3.607829772,4.932655144
3414,0,3.517639108,4.725645338
3415,0,3.389426439,4.064385585
3416,0,3.441254000,3.623840006
3417,0,3.396300191,3.224086685
3418,0,3.004874808,3.113102495
3419,0,2.568018901,3.503695378
3420,0,2.318780285,2.567337483
3421,0,2.789834950,3.361524961
3422,0,2.830985553,2.806039749
3423,0,1.382423254,0.793252843
3424,0,1.493488207,0.659484229
3425,0,1.345946888,0.547447493
3426,0,1.177516695,0.479255445
3427,0,1.732842918,1.232476776
3428,0,1.333969922,1.919167251
3429,0,1.905022068,1.700569800
3430,0,1.512051458,1.234588398
3431,0,1.463112831,1.336217819
3432,0,1.455068522,0.924410897
3433,0,-0.000000000,0.000000000
3434,0,1.000000000,1.000000000
3435,0,0.805958493,0.285714286
3436,0,1.068080165,1.004531411
3437,0,1.754677948,1.004836739
3438,0,0.999533061,1.025440999
3439,0,1.749883265,2.012720499
3440,0,1.204267871,1.073846420
3441,0,1.767917514,2.008986090
3442,0,2.246068884,1.744992540
3443,0,2.111022549,1.387009094
3444,0,2.106017127,1.514310934
3445,0,2.083722270,1.323217963
3446,0,1.410840330,1.095702969
3447,0,1.947214967,2.027928009
3448,0,1.353114263,1.042798636
3449,0,1.786052160,1.990334689
3450,0,0.999349049,0.969962131
3451,0,1.877108085,1.142857143
3452,0,1.952160999,1.323913694
3453,0,1.014852132,0.389870602
3454,0,0.999963000,0.992838130
3455,0,1.749990750,1.000000000
3456,0,1.204826170,1.016215033
3457,0,1.909366197,1.992084038
3458,0,1.342554973,2.965786354
3459,0,2.317043200,4.035084439
3460,0,2.411620259,3.523687951
3461,0,2.755611744,2.852346664
3462,0,2.293076091,3.454910246
3463,0,2.114326839,2.402663696
3464,0,1.462742872,1.196254477
3465,0,1.955289981,2.110774087
3466,0,1.362517786,1.077315698
3467,0,1.791326358,2.078780077
3468,0,2.095234344,1.451022123
3469,0,1.940735735,1.497461843
3470,0,2.301353788,1.955810475
3471,0,2.545277123,1.747219047
3472,0,0.999948679,0.991565252
3473,0,-0.000000000,0.000000000
3474,0,1.000000000,1.000000000
3475,0,1.877387064,1.714285714
3476,0,0.998299484,0.951456311
3477,0,-0.000000000,0.000000000
3478,0,1.000000000,1.000000000
3479,0,1.877387064,1.142857143
3480,0,0.998299484,0.951456311
3481,0,1.499149742,1.000000000
3482,0,0.995323235,1.080475857
3483,0,1.875382737,2.068979306
3484,0,0.995873900,1.075594537
3485,0,-0.000000000,0.000000000
3486,0,1.000000000,1.000000000
3487,0,1.877387064,2.000000000
3488,0,1.463877590,2.675675676
3489,0,2.600466767,2.303415409
3490,0,2.285441171,1.724369068
3491,0,2.653048803,2.127599958
3492,0,2.866423857,2.382001215
3493,0,2.967604393,2.859228504
3494,0,3.188784087,2.983676417
3495,0,3.407739309,3.061871802
3496,0,3.681980178,3.559114685
3497,0,3.603220033,3.215936277
3498,0,3.505658728,3.448104823
3499,0,3.086524541,2.612522527
3500,0,2.879249359,2.652285678
3501,0,2.761074113,2.434646348
3502,0,2.893675382,2.825558507
3503,0,3.149156875,2.572920422
3504,0,1.811550666,2.268037290
3505,0,2.624866432,2.673485455
3506,0,1.973181988,2.802283530
3507,0,2.140310802,1.835136044
3508,0,2.727579860,2.358387635
3509,0,2.192287633,1.687237929
3510,0,1.201205279,1.298892715
3511,0,1.961385907,1.758597915
3512,0,1.401523595,1.221335316
3513,0,0.256295456,0.318767109
3514,0,1.247440814,1.292203183
3515,0,1.500000000,1.000000000
3516,0,1.392419949,1.041121495
3517,0,1.830527802,2.005092298
3518,0,1.757202948,1.221472523
3519,0,2.104129638,2.188907309
3520,0,2.214395393,3.529229805
3521,0,2.782501498,4.529820582
3522,0,2.398813787,3.948533655
3523,0,2.171984776,2.799198682
3524,0,2.306511235,3.596569030
3525,0,2.112553657,2.437607694
3526,0,1.459258157,1.225239290
3527,0,1.986246626,2.161612876
3528,0,1.391468320,1.113419824
3529,0,1.946189654,2.038811273
3530,0,1.976154200,1.360189488
3531,0,2.054224747,1.274531731
3532,0,1.392986236,1.070335092
3533,0,1.791366332,1.043852571
3534,0,2.252706576,1.750243870
3535,0,-0.000000000,0.000000000
3536,0,1.000000000,1.000000000
3537,0,1.500000000,1.000000000
3538,0,2.032457417,1.391666667
3539,0,2.065537563,1.874414246
3540,0,1.398570911,1.070116352
3541,0,1.944815992,1.180050205
3542,0,1.351009721,1.972197230
3543,0,1.935078248,2.030538025
3544,0,1.567883273,2.737364878
3545,0,2.021770287,1.852230200
3546,0,1.526698502,1.131413043
3547,0,1.970504426,1.950556845
3548,0,1.362230266,1.120782813
3549,0,1.937288952,2.006045946
3550,0,1.349515646,1.139579146
3551,0,2.328183294,2.224094683
3552,0,0.996104562,1.073453130
3553,0,0.805680247,0.285714286
3554,0,0.999935936,0.990576092
3555,0,1.877359608,1.714285714
3556,0,1.337336404,1.136012725
3557,0,-0.000000000,0.000000000
3558,0,1.000000000,1.000000000
3559,0,0.805958493,0.285714286
3560,0,1.280958051,1.073809524
3561,0,1.723568983,1.078487267
3562,0,1.413293790,1.166589606
3563,0,1.946426729,2.027136590
3564,0,1.977072139,1.472579450
3565,0,-0.000000000,0.000000000
3566,0,1.000000000,1.000000000
3567,0,1.877387064,2.000000000
3568,0,1.954490080,1.442857143
3569,0,2.049458348,1.268178138
3570,0,2.037869109,1.494147041
3571,0,2.068912957,1.297100648
3572,0,1.400342719,1.076729419
3573,0,1.792356554,1.044844780
3574,0,1.216629547,1.018794811
3575,0,2.092001898,2.147162266
3576,0,2.395274113,3.294423716
3577,0,2.814088200,4.311538906
3578,0,2.555489632,4.026061849
3579,0,2.579045986,3.322550059
3580,0,2.626722244,2.444360844
3581,0,2.308734010,2.650503229
3582,0,2.328860402,1.819205068
3583,0,1.158132469,0.498219577
3584,0,1.045618384,1.044856469
3585,0,1.898689699,1.158095328
3586,0,1.013874667,1.056045316
3587,0,1.750436123,1.500308166
3588,0,1.204060856,1.009391434
3589,0,1.663109207,2.005457449
3590,0,1.403976022,1.036159629
3591,0,1.793265247,1.046738608
3592,0,1.215590141,1.082692804
3593,0,1.911346742,1.159141793
3594,0,1.342373420,1.972679523
3595,0,1.773135941,2.073293873
3596,0,2.066518144,1.561983913
3597,0,2.312328292,1.470118371
3598,0,0.998289219,0.951305345
3599,0,1.876653765,1.958261644
3600,0,1.334615620,1.016458284
3601,0,2.304298865,1.373606794
3602,0,2.464060806,1.836158780
3603,0,2.718896036,1.989498278
3604,0,1.134785735,1.123716412
3605,0,1.833042273,1.070449185
3606,0,1.737302156,1.275435820
3607,0,1.986827368,1.187807395
3608,0,1.484562663,1.164704503
3609,0,1.867990628,1.566358694
3610,0,1.466215313,1.524702829
3611,0,1.732010216,2.515631380
3612,0,1.122675923,3.545109346
3613,0,1.298421543,3.774586278
3614,0,0.598236508,3.698508059
3615,0,1.381888394,2.563988359
3616,0,1.992988400,3.669347882
3617,0,1.677660849,4.075592474
3618,0,1.101669210,3.482602254
3619,0,1.294616239,2.726698648
3620,0,1.651975808,3.260566125
3621,0,1.583065521,2.065692912
3622,0,2.019796269,2.294333863
3623,0,1.859111850,2.058472538
3624,0,2.318098932,2.195039102
3625,0,2.333973164,2.014999363
3626,0,2.604663616,1.441583042
3627,0,2.798286305,2.039570797
3628,0,3.083728073,2.255040344
3629,0,2.902842130,2.100486884
3630,0,2.513069111,1.927787046
3631,0,2.337994528,1.538033643
3632,0,2.903517885,1.799444275
3633,0,2.491484121,1.693734476
3634,0,2.723033221,1.740029731
3635,0,2.210854164,1.611522856
3636,0,2.630368112,2.172524270
3637,0,2.147762857,2.009141847
3638,0,2.500494734,2.484111149
3639,0,1.943976727,2.764125864
3640,0,2.797750072,3.735929806
3641,0,2.642521261,4.333394670
3642,0,1.985795778,2.991106840
3643,0,2.145801645,3.289287674
3644,0,1.577197670,1.877136036
3645,0,1.661447821,2.745903887
3646,0,2.581937402,2.198634580
3647,0,2.321549166,2.620562278
3648,0,2.671558656,2.449583597
3649,0,2.552759662,2.291239049
3650,0,2.506419620,1.862629716
3651,0,2.588300268,1.938565570
3652,0,2.569488592,2.839977850
3653,0,2.609494209,2.509202609
3654,0,1.942663445,1.400436350
3655,0,2.779417510,2.218204737
3656,0,2.754735059,2.200386045
3657,0,3.295368838,2.309819511
3658,0,2.968970134,2.175574474
3659,0,2.484614785,1.855417553
3660,0,2.915974447,1.935517537
3661,0,2.625141164,1.590637341
3662,0,2.330640007,2.009005357
3663,0,2.609853930,2.878747980
3664,0,3.095770659,2.277296670
3665,0,2.614478207,2.405629666
3666,0,2.537821924,1.984715836
3667,0,2.907917804,2.818287414
3668,0,3.142943552,3.597035124
3669,0,3.096067057,2.455094763
3670,0,2.883454314,2.061116502
3671,0,2.870107279,2.759290157
3672,0,2.614178395,2.555904997
3673,0,2.371362851,1.738205724
3674,0,2.071134784,1.716709952
3675,0,2.552068624,1.964472864
3676,0,2.885306623,2.037991057
3677,0,2.987754156,1.687744555
3678,0,2.692319348,2.149692794
3679,0,2.781905585,1.917316206
3680,0,1.719800706,1.455312418
3681,0,2.231890417,1.496521515
3682,0,1.897871440,1.793014516
3683,0,2.775608094,2.556187788
3684,0,2.839022583,2.198079176
3685,0,1.564904069,2.269470881
3686,0,1.938640765,1.447816895
3687,0,1.815262215,1.576328759
3688,0,1.065786578,1.549452775
3689,0,1.091263905,0.491626391
3690,0,1.863639108,1.286400811
3691,0,1.275942025,2.025834535
3692,0,2.650387349,1.984748149
3693,0,2.361362642,2.294873026
3694,0,2.815532508,1.940541746
3695,0,2.503341333,2.521461973
3696,0,2.830578576,2.018069116
3697,0,2.991001474,2.148927786
3698,0,2.859211682,2.422998442
3699,0,2.561186860,1.986287207
3700,0,2.974933869,2.343819233
3701,0,3.036745552,2.586870769
3702,0,1.971803467,2.017543233
3703,0,2.698033540,1.981336192
3704,0,2.670083640,2.089873278
3705,0,2.226402770,1.856537873
3706,0,3.109649099,2.650887391
3707,0,3.281579564,3.235836120
3708,0,2.987841815,2.639185077
3709,0,2.258737970,2.012994234
3710,0,2.781762186,2.244305889
3711,0,2.432326674,2.576176684
3712,0,2.262079952,2.962811848
3713,0,2.255563084,2.388850867
3714,0,2.880840906,2.534944609
3715,0,2.537995952,2.715632475
3716,0,2.246905552,2.518573381
3717,0,2.006363225,1.752298945
3718,0,2.025467523,1.545536559
3719,0,2.625438353,1.917715527
3720,0,1.911200809,1.261485122
3721,0,0.245342858,0.237082371
3722,0,0.179741568,0.137737614
3723,0,1.654973618,1.619507058
3724,0,1.712496349,2.104798945
3725,0,2.579706214,3.633543983
3726,0,1.967606596,3.639356701
3727,0,2.569847313,2.836358871
3728,0,2.549502416,2.225824060
3729,0,1.592156800,1.905414825
3730,0,1.498836525,2.066320025
3731,0,1.955103347,1.465295627
3732,0,1.734013365,1.267219802
3733,0,1.850079377,1.634934778
3734,0,1.619595597,1.098877582
3735,0,2.463350421,2.211646819
3736,0,1.502227189,1.036026061
3737,0,1.562715903,1.334272604
3738,0,0.558008444,0.211036232
3739,0,1.329992981,1.127656108
3740,0,0.472833412,0.181730100
3741,0,1.300895729,1.116803825
3742,0,0.972566327,0.694886290
3743,0,0.969350723,0.358679444
3744,0,1.105597377,0.806349019
3745,0,1.073181217,0.451539302
3746,0,0.847305815,0.347484319
3747,0,0.254889203,0.170722062
3748,0,0.297183331,0.127994052
3749,0,1.017241553,0.613196608
3750,0,1.100603630,0.440564001
3751,0,0.944208137,0.365001962
3752,0,1.470146729,1.105972590
3753,0,2.067420503,1.742693473
3754,0,2.154135813,1.589913142
3755,0,1.908224278,1.767870722
3756,0,1.740319324,1.989751516
3757,0,1.816388788,1.112621053
3758,0,2.078069916,1.842094941
3759,0,1.942921269,1.186214070
3760,0,1.733270830,0.882173525
3761,0,1.547641200,0.699717946
3762,0,1.987557422,1.248932422
3763,0,2.358169690,1.343157780
3764,0,2.787506398,1.974741183
3765,0,1.321510279,1.035506524
3766,0,1.675599546,0.877138154
3767,0,1.578941088,0.743392507
3768,0,2.074860357,1.840733810
3769,0,2.199875508,2.737044594
3770,0,2.200945782,1.736158713
3771,0,1.951373988,3.094630259
3772,0,2.544400645,3.431307133
3773,0,2.465317964,3.992322834
3774,0,2.738213845,3.159644250
3775,0,2.969823384,2.414521373
3776,0,2.815956199,2.016000434
3777,0,3.038486633,2.191501618
3778,0,3.288419791,2.696691637
3779,0,3.595704445,2.731391422
3780,0,3.484560935,2.967583634
3781,0,3.497922582,2.950844486
3782,0,3.521397830,3.157636975
3783,0,3.362138365,3.874551556
3784,0,3.454217715,4.166804423
3785,0,3.648672595,3.496766772
3786,0,3.778190261,4.323074539
3787,0,2.991860326,2.029877616
3788,0,3.124546535,2.170404482
3789,0,3.072563132,2.941412642
3790,0,3.393305778,2.730253962
3791,0,2.930711572,2.911586228
3792,0,2.741014094,3.453984388
3793,0,2.312096281,2.340276500
3794,0,2.885623313,2.238824048
3795,0,2.230171004,1.946850750
3796,0,2.609388667,2.185604543
3797,0,2.945024354,2.782829660
3798,0,2.468976412,2.534246722
3799,0,2.633565813,3.066885686
3800,0,2.684890442,2.431000059
3801,0,2.267491593,1.852815713
3802,0,1.415610113,0.848717926
3803,0,1.047311358,0.442266186
3804,0,0.155029041,0.056851573
3805,0,-0.000000000,0.000000000
3806,0,-0.000000000,0.000000000
3807,0,1.500000000,1.500000000
3808,0,1.539484757,2.000000000
3809,0,1.896193827,1.500000000
3810,0,1.368606027,0.740740741
3811,0,2.180763971,1.657276995
3812,0,0.775497776,0.322588291
3813,0,1.762052644,1.245267919
3814,0,0.709165761,0.287247251
3815,0,1.802082957,1.319118882
3816,0,0.597418299,0.244965950
3817,0,0.985901589,0.418842301
3818,0,0.311891176,0.098946721
3819,0,1.375068741,1.051430105
3820,0,1.493654052,1.964667785
3821,0,1.987144823,2.437490227
3822,0,1.085436273,1.944630619
3823,0,2.078881782,1.378257272
3824,0,1.927656464,1.235442883
3825,0,2.616361963,1.785909131
3826,0,0.929189852,1.962790382
3827,0,1.734610029,1.501998278
3828,0,1.055813277,0.482782474
3829,0,1.844729153,1.347351581
3830,0,1.442729061,0.800897189
3831,0,-0.000000000,0.000000000
3832,0,-0.000000000,0.000000000
3833,0,-0.000000000,0.000000000
3834,0,-0.000000000,0.000000000
3835,0,1.000000000,1.000000000
3836,0,1.561278124,2.000000000
3837,0,1.500000000,2.500000000
3838,0,2.093310881,2.505617978
3839,0,2.601666851,3.472745292
3840,0,2.607245586,4.871777476
3841,0,2.612977285,3.038611346
3842,0,3.435506445,4.200564359
3843,0,3.184312753,3.318844158
3844,0,3.599435187,3.157688316
3845,0,3.596119714,3.052030651
3846,0,3.221672870,2.751782042
3847,0,3.274534571,3.304157409
3848,0,3.079188328,2.900558877
3849,0,2.706538115,3.047915761
3850,0,1.983715535,1.888758689
3851,0,2.649812164,2.482847619
3852,0,1.936614112,1.744223167
3853,0,1.915380947,2.540732878
3854,0,2.898739769,2.193507346
3855,0,2.691339810,2.354637239
3856,0,1.820507991,2.427783824
3857,0,1.803405590,1.766868759
3858,0,1.777312161,1.683159812
3859,0,2.116812019,1.398342645
3860,0,-0.000000000,0.000000000
3861,0,1.000000000,1.000000000
3862,0,1.251629167,0.666666667
3863,0,1.862972137,1.308823529
3864,0,1.484474796,0.842236025
3865,0,-0.000000000,0.000000000
3866,0,-0.000000000,0.000000000
3867,0,1.000000000,1.000000000
3868,0,0.468166641,0.153846154
3869,0,0.803887167,0.312500000
3870,0,0.089124069,0.019781719
3871,0,1.482621519,1.149016049
3872,0,1.612292460,2.018578449
3873,0,2.349510746,1.705486697
3874,0,-0.000000000,0.000000000
3875,0,1.500000000,1.000000000
3876,0,0.237850573,0.064516129
3877,0,0.764758670,0.296529968
3878,0,0.082266690,0.017837541
3879,0,1.479318726,1.147984412
3880,0,1.055173973,2.023437794
3881,0,1.502552582,1.511353232
3882,0,1.780720952,1.257201263
3883,0,-0.000000000,0.000000000
3884,0,-0.000000000,0.000000000
3885,0,1.500000000,1.500000000
3886,0,-0.000000000,0.000000000
3887,0,1.448815636,1.142857143
3888,0,0.399790067,0.125000000
3889,0,1.590543648,1.175953079
3890,0,1.238856784,0.624846851
3891,0,-0.000000000,0.000000000
3892,0,-0.000000000,0.000000000
3893,0,-0.000000000,0.000000000
3894,0,-0.000000000,0.000000000
3895,0,1.500000000,1.000000000
3896,0,0.237850573,0.064516129
3897,0,1.522093077,1.164362519
3898,0,1.000801558,1.570455542
3899,0,2.276033999,2.973183082
3900,0,1.026717074,3.615621840
3901,0,2.223805532,3.170585009
3902,0,0.928026225,3.578171669
3903,0,1.092064959,3.387651274
3904,0,1.565114335,1.434890939
3905,0,1.668370008,1.211573738
3906,0,2.069847125,1.124826795
3907,0,2.099623780,1.333220384
3908,0,1.282105997,0.611559967
3909,0,0.995000588,0.916797549
3910,0,1.748750147,1.000000000
3911,0,0.999875501,0.986862771
3912,0,1.749968875,1.500000000
3913,0,1.921873564,1.918308820
3914,0,2.021550382,1.191754554
3915,0,0.999998414,0.998517429
3916,0,1.749999604,1.000000000
3917,0,1.921886964,1.270555351
3918,0,1.856128677,1.139622642
3919,0,0.999999994,1.000088365
3920,0,-0.000000000,0.000000000
3921,0,1.000000000,1.000000000
3922,0,1.750000000,1.000000000
3923,0,1.000000000,1.000000000
3924,0,0.805958493,0.285714286
3925,0,1.092885007,1.013569937
3926,0,0.812663693,2.000000000
3927,0,1.093856303,1.013745904
3928,0,0.812746501,0.288933538
3929,0,1.000000000,1.000000000
3930,0,1.877387064,1.142857143
3931,0,1.493369980,1.110169492
3932,0,-0.000000000,0.000000000
3933,0,1.000000000,1.000000000
3934,0,-0.000000000,0.000000000
3935,0,1.000000000,1.000000000
3936,0,1.750000000,2.000000000
3937,0,2.179917209,2.375000000
3938,0,2.156683050,1.629020562
3939,0,2.548391636,1.805855586
3940,0,1.662970043,1.268354809
3941,0,-0.000000000,0.000000000
3942,0,1.500000000,1.000000000
3943,0,1.825128676,1.083333333
3944,0,-0.000000000,0.000000000
3945,0,1.000000000,1.000000000
3946,0,-0.000000000,0.000000000
3947,0,1.000000000,1.000000000
3948,0,1.877387064,2.000000000
3949,0,1.762087610,1.229921260
3950,0,1.697796434,1.929615926
3951,0,1.649897267,1.139176918
3952,0,2.326637981,1.507203721
3953,0,1.709514132,1.492566338
3954,0,0.923009798,0.366648719
3955,0,1.444154420,1.099865673
3956,0,1.985551214,2.014053989
3957,0,2.210081948,1.670568405
3958,0,2.527964767,1.905597547
3959,0,2.464127296,2.031037940
3960,0,2.804924235,1.950907133
3961,0,2.932930889,2.366953442
3962,0,2.960476112,2.360576928
3963,0,2.528816953,2.212477642
3964,0,1.985047013,2.510546198
3965,0,2.526720211,2.024394652
3966,0,3.001749001,2.919362233
3967,0,3.083995575,2.479598767
3968,0,2.938027685,2.167245118
3969,0,2.829485934,2.547172364
3970,0,1.491694105,1.834560381
3971,0,2.342173167,1.480288049
3972,0,2.654153831,2.647615285
3973,0,2.759661681,3.714227705
3974,0,2.992575638,2.880086166
3975,0,2.956280375,2.329471119
3976,0,2.741823436,1.798426775
3977,0,2.203214875,2.111359650
3978,0,2.169438268,3.549253151
3979,0,2.815473722,2.256779089
3980,0,2.437355458,1.322196691
3981,0,2.035433991,1.571986353
3982,0,2.441575341,2.301508994
3983,0,2.458183950,2.138613178
3984,0,2.562331076,1.519254242
3985,0,2.481296133,2.114107518
3986,0,2.224497073,1.481115716
3987,0,2.574032836,2.032652982
3988,0,2.506417673,2.512632840
3989,0,2.860641322,1.890103368
3990,0,1.783422568,1.950246992
3991,0,2.642242274,1.743795788
3992,0,2.830398105,1.807797483
3993,0,2.896486888,2.220143527
3994,0,1.653598117,1.424872180
3995,0,2.588801528,2.677056173
3996,0,2.692320112,3.594261284
3997,0,2.706103804,2.662276690
3998,0,2.845826235,3.364962884
3999,0,3.317515319,2.968038581
4000,0,3.006841723,2.535626830
4001,0,3.045980549,3.081405219
4002,0,2.995599043,2.845272554
4003,0,2.614743572,2.792692676
4004,0,2.825667905,2.808641357
4005,0,3.074351712,2.392557227
4006,0,2.186611942,1.408282182
4007,0,2.386217891,2.061072897
4008,0,1.804986349,1.395548941
4009,0,2.302573378,2.334873119
4010,0,1.675637066,1.372652860
4011,0,1.972183093,1.512219239
4012,0,1.199312071,0.779195586
4013,0,1.874955403,1.186613735
4014,0,-0.000000000,0.000000000
4015,0,1.448815636,1.714285714
4016,0,0.399790067,0.125000000
4017,0,0.791288976,0.307210031
4018,0,0.086880280,0.019136140
4019,0,1.517474392,1.500434206
4020,0,0.241991727,0.065800166
4021,0,0.765266167,1.854936467
4022,0,1.102502646,2.075315890
4023,0,1.583751516,2.621234994
4024,0,2.118085619,2.592820532
4025,0,2.019707317,1.861661311
4026,0,2.030320266,3.428175221
4027,0,1.521800241,2.296895813
4028,0,1.882924129,3.327464825
4029,0,1.990836202,2.155766124
4030,0,0.697844098,0.315321153
4031,0,1.796881418,1.199113225
4032,0,-0.000000000,0.000000000
4033,0,1.000000000,1.000000000
4034,0,1.251629167,0.666666667
4035,0,1.862972137,1.308823529
4036,0,0.566744640,0.203909774
4037,0,1.630572841,1.060383221
4038,0,0.938390266,0.400345244
4039,0,1.781692898,1.274822061
4040,0,1.854454263,2.349634254
4041,0,1.699173365,1.815895105
4042,0,1.131804002,0.575177387
4043,0,2.066615845,1.384425788
4044,0,0.731072142,0.296904177
4045,0,-0.000000000,0.000000000
4046,0,-0.000000000,0.000000000
4047,0,1.448815636,1.142857143
4048,0,0.399790067,0.125000000
4049,0,-0.000000000,0.000000000
4050,0,-0.000000000,0.000000000
4051,0,1.500000000,1.000000000
4052,0,0.237850573,0.064516129
4053,0,1.534255076,1.160060976
4054,0,0.419350255,0.132374020
4055,0,1.588794306,1.044202017
4056,0,0.263954626,0.073639082
4057,0,1.546377580,1.163749380
4058,0,0.422472965,0.133666489
4059,0,0.794456601,0.308209632
4060,0,0.364720357,0.110786736
4061,0,-0.000000000,0.000000000
4062,0,-0.000000000,0.000000000
4063,0,0.734529921,0.285714286
4064,0,0.323814475,0.095238095
4065,0,1.567151783,1.032258065
4066,0,-0.000000000,0.000000000
4067,0,0.734529921,0.285714286
4068,0,0.077318845,0.016528926
4069,0,1.515097483,1.005524862
4070,0,0.241416842,0.065613283
4071,0,1.535754551,1.160686227
4072,0,1.201219752,2.022775032
4073,0,1.850052953,1.304973401
4074,0,-0.000000000,0.000000000
4075,0,0.734529921,0.285714286
4076,0,0.077318845,0.016528926
4077,0,1.477029431,1.147289866
4078,0,1.051146361,2.020776567
4079,0,1.897024615,1.587850530
4080,0,-0.000000000,0.000000000
4081,0,1.448815636,1.142857143
4082,0,0.399790067,0.125000000
4083,0,1.584092910,1.500000000
4084,0,0.892075224,0.372340426
4085,0,1.702943581,1.500786906
4086,0,1.776715613,1.331732734
4087,0,2.028712038,1.466508454
4088,0,1.716517741,1.899475744
4089,0,2.737695074,2.929793566
4090,0,2.401926355,2.695705360
4091,0,2.848073601,2.439593001
4092,0,2.373686197,1.959781658
4093,0,1.720059676,1.803141928
4094,0,-0.000000000,0.000000000
4095,0,0.734529921,0.285714286
4096,0,0.077318845,0.016528926
4097,0,1.515097483,1.500000000
4098,0,0.241416842,0.065613283
4099,0,-0.000000000,0.000000000
4100,0,-0.000000000,0.000000000
4101,0,0.734529921,1.857142857
4102,0,-0.000000000,0.000000000
4103,0,1.500000000,1.500000000
4104,0,1.539484757,1.090909091
4105,0,2.416031185,2.081081081
4106,0,1.317799306,0.691489362
4107,0,1.916416733,1.387520918
4108,0,0.583287382,2.068478550
4109,0,1.638188921,1.524637992
4110,0,1.258425713,2.308287499
4111,0,2.474021676,3.140926833
4112,0,2.369172742,3.659964785
4113,0,3.125576416,3.198545780
4114,0,3.030656225,3.141167536
4115,0,2.555800635,2.991058911
4116,0,1.622962250,2.814843174
4117,0,1.579820997,1.876468454
4118,0,-0.000000000,0.000000000
4119,0,1.500000000,1.500000000
4120,0,0.237850573,0.064516129
4121,0,1.534255076,1.160060976
4122,0,-0.000000000,0.000000000
4123,0,-0.000000000,0.000000000
4124,0,-0.000000000,0.000000000
4125,0,1.448815636,1.142857143
4126,0,1.148834854,0.571428571
4127,0,-0.000000000,0.000000000
4128,0,-0.000000000,0.000000000
4129,0,0.734529921,0.285714286
4130,0,0.077318845,0.016528926
4131,0,-0.000000000,0.000000000
4132,0,-0.000000000,0.000000000
4133,0,1.500000000,1.000000000
4134,0,-0.000000000,0.000000000
4135,0,-0.000000000,0.000000000
4136,0,-0.000000000,0.000000000
4137,0,1.000000000,1.000000000
4138,0,-0.000000000,0.000000000
4139,0,1.500000000,1.000000000
4140,0,-0.000000000,0.000000000
4141,0,-0.000000000,0.000000000
4142,0,-0.000000000,0.000000000
4143,0,1.448815636,1.142857143
4144,0,0.399790067,0.125000000
4145,0,1.584092910,1.500000000
4146,0,0.892075224,0.372340426
4147,0,1.758417996,1.808898614
4148,0,-0.000000000,0.000000000
4149,0,1.500000000,1.500000000
4150,0,-0.000000000,0.000000000
4151,0,1.448815636,1.142857143
4152,0,-0.000000000,0.000000000
4153,0,1.500000000,1.500000000
4154,0,0.237850573,0.064516129
4155,0,1.534255076,1.161585366
4156,0,0.419350255,0.132374020
4157,0,1.599025315,1.180615242
4158,0,1.244625292,1.993233838
4159,0,2.036585726,1.470905054
4160,0,-0.000000000,0.000000000
4161,0,1.500000000,1.500000000
4162,0,-0.000000000,0.000000000
4163,0,-0.000000000,0.000000000
4164,0,-0.000000000,0.000000000
4165,0,1.448815636,1.142857143
4166,0,-0.000000000,0.000000000
4167,0,1.500000000,1.500000000
4168,0,0.237850573,0.064516129
4169,0,0.764758670,0.296529968
4170,0,0.343947864,0.102523659
4171,0,1.571948763,1.034095467
4172,0,-0.000000000,0.000000000
4173,0,-0.000000000,0.000000000
4174,0,-0.000000000,0.000000000
4175,0,1.500000000,1.000000000
4176,0,-0.000000000,0.000000000
4177,0,0.734529921,1.857142857
4178,0,0.077318845,0.016528926
4179,0,1.243657256,1.053191489
4180,0,-0.000000000,0.000000000
4181,0,1.448815636,1.142857143
4182,0,1.579863401,2.000000000
4183,0,1.965357891,2.676258993
4184,0,1.696513142,3.571428571
4185,0,1.213244966,2.124505557
4186,0,1.674919741,3.474394165
4187,0,2.067983891,2.408196162
4188,0,1.968487195,2.920586992
4189,0,1.918142328,1.922643579
4190,0,1.858767055,1.486682382
4191,0,2.600635412,1.942634917
4192,0,2.276367373,2.388518547
4193,0,1.630523303,1.852127360
4194,0,1.493034207,2.884953290
4195,0,1.103593220,0.776637422
4196,0,2.066502446,1.746907372
4197,0,2.458605542,1.861044009
4198,0,2.431317540,2.151814984
4199,0,2.178312359,1.470483926
4200,0,2.077900793,1.321025340
4201,0,1.630498608,1.410866642
4202,0,1.416522576,1.518305733
4203,0,2.310943853,1.407630621
4204,0,2.072109860,1.504502574
4205,0,1.805610946,1.180026296
4206,0,1.774725756,0.931106359
4207,0,1.457524213,0.671698200
4208,0,1.748771844,1.666001155
4209,0,1.780377971,2.270233429
4210,0,2.013956343,3.469812364
4211,0,1.641643211,2.732778552
4212,0,1.967778661,1.795619593
4213,0,1.513518029,1.034380387
4214,0,1.796156408,1.057699671
4215,0,1.306016597,1.041888036
4216,0,0.835628607,0.299899999
4217,0,0.999999530,0.999192537
4218,0,1.749999882,1.000000000
4219,0,1.288492974,1.054754164
4220,0,1.919058442,2.004208604
4221,0,2.464523668,2.009698864
4222,0,1.725957871,0.928956571
4223,0,1.000000000,0.999983422
4224,0,1.750000000,1.000000000
4225,0,1.000000000,0.999997382
4226,0,1.750000000,1.000000000
4227,0,1.288492994,1.054621420
4228,0,1.772395739,1.493238434
4229,0,1.884913252,1.605976457
4230,0,2.770779946,2.343409500
4231,0,1.000000000,0.999999820
4232,0,1.500000000,1.000000000
4233,0,1.881290899,1.600000108
4234,0,2.768857206,1.683333333
4235,0,2.546272709,1.825525096
4236,0,2.648184961,1.584345479
4237,0,1.823157609,1.236869294
4238,0,1.839938353,1.999999970
4239,0,1.995899068,1.913434536
4240,0,0.979776631,1.826555163
4241,0,2.229511752,1.875579620
4242,0,2.903382291,2.539887052
4243,0,1.000000000,0.999999997
4244,0,1.877387064,1.142857143
4245,0,2.255032708,1.857142858
4246,0,2.396139566,1.359649123
4247,0,1.000000000,1.000000001
4248,0,1.750000000,1.000000000
4249,0,1.921887137,1.270833333
4250,0,2.021556659,1.825503356
4251,0,1.533959579,1.123720288
4252,0,0.869301167,0.316298760
4253,0,1.410854506,1.086627030
4254,0,0.849976933,0.306850598
4255,0,1.000000000,1.000000000
4256,0,1.877387064,1.142857143
4257,0,1.000000000,1.000000000
4258,0,1.877387064,2.000000000
4259,0,2.255032708,3.000000000
4260,0,2.895099319,4.000000000
4261,0,2.956460645,3.179716981
4262,0,2.928678467,2.566011996
4263,0,3.125796046,2.281051056
4264,0,2.954993455,2.181743471
4265,0,2.355110286,1.987385915
4266,0,2.869915169,2.148660049
4267,0,2.515251596,2.597914087
4268,0,3.408602626,2.632636815
4269,0,3.301691301,2.668428012
4270,0,2.983948814,2.744727877
4271,0,3.228565941,3.483425355
4272,0,2.901028850,2.770845826
4273,0,3.202750903,3.501433081
4274,0,2.917390663,3.262661382
4275,0,2.914063320,3.940751867
4276,0,3.059888187,4.386887866
4277,0,2.583488685,3.645709229
4278,0,3.419031649,3.500984714
4279,0,3.619431874,3.947669644
4280,0,3.546801872,4.606899482
4281,0,2.928612034,3.901672796
4282,0,2.368485017,3.111906547
4283,0,2.589025433,3.234701103
4284,0,2.971461851,2.654374780
4285,0,2.782978323,2.197581939
4286,0,2.414776406,1.621752168
4287,0,2.697257835,2.127043405
4288,0,3.229348996,2.717194758
4289,0,2.022090952,3.791769125
4290,0,2.154877232,2.931420227
4291,0,2.295166040,4.281297102
4292,0,2.702309200,3.913907779
4293,0,2.265730944,3.711192334
4294,0,2.298041496,2.500574508
4295,0,2.806997627,3.506413689
4296,0,2.299793603,2.542364525
4297,0,1.071130278,1.096617688
4298,0,1.500000000,1.000000000
4299,0,1.000000000,1.000001965
4300,0,0.805958493,0.285714286
4301,0,1.092885007,1.013570017
4302,0,1.890144001,2.001017301
4303,0,2.257782626,3.000000062
4304,0,1.098422358,2.000000011
4305,0,1.532325861,1.123543432
4306,0,1.799465284,1.485989006
4307,0,1.306916619,1.059339521
4308,0,-0.000000000,0.000000000
4309,0,1.000000000,1.000000000
4310,0,-0.000000000,0.000000000
4311,0,1.000000000,1.000000000
4312,0,1.500000000,1.000000000
4313,0,2.414332410,1.675675676
4314,0,2.829773615,1.835164835
4315,0,2.416495937,2.257425743
4316,0,2.726376288,2.642564002
4317,0,3.204081589,3.327874594
4318,0,2.479453985,2.250933288
4319,0,2.623501396,1.826247475
4320,0,1.617378977,2.296221710
4321,0,1.877033351,3.173355188
4322,0,2.204857867,2.651942842
4323,0,2.670601295,2.009848562
4324,0,2.078181785,1.615518466
4325,0,2.327970181,1.947993054
4326,0,2.232620266,2.400176234
4327,0,2.960880040,2.315088051
4328,0,2.698431007,2.460707218
4329,0,3.029695570,2.440235399
4330,0,2.711615762,2.631239776
4331,0,2.378208386,1.992779442
4332,0,2.603822599,2.512143716
4333,0,3.072172161,2.040443329
4334,0,3.128048140,2.001292843
4335,0,2.724227845,1.734461013
4336,0,2.916894979,2.139642272
4337,0,3.008969889,1.853652587
4338,0,2.270196455,1.568030544
4339,0,2.524855833,1.994622146
4340,0,2.167250237,1.519324439
4341,0,2.345766110,1.444991292
4342,0,2.160856161,1.389100081
4343,0,2.728987757,2.035463297
4344,0,1.881360313,1.016460266
4345,0,1.919116940,1.293002561
4346,0,1.702904415,1.509983515
4347,0,1.356820208,0.595425687
4348,0,1.385744292,1.907080186
4349,0,2.139965775,1.415883518
4350,0,1.074154484,0.713607390
4351,0,2.042583236,1.763067699
4352,0,2.200636400,1.795269360
4353,0,1.969130046,1.748587442
4354,0,2.466539653,2.639483903
4355,0,2.072222676,3.086438563
4356,0,2.404741194,3.741887170
4357,0,2.279736587,4.222782216
4358,0,2.456181726,3.300066838
4359,0,1.928414903,3.450447680
4360,0,2.224824419,2.242745855
4361,0,2.077670365,2.640220859
4362,0,1.961636946,2.725262790
4363,0,1.893126232,1.186808274
4364,0,0.074602491,0.052528094
4365,0,0.806345791,0.339642048
4366,0,0.116590966,0.037486180
4367,0,1.563684974,1.513344272
4368,0,0.963059433,0.426283844
4369,0,1.922419157,1.846246399
4370,0,1.416374176,0.933518277
4371,0,2.272047134,1.310769360
4372,0,1.255626488,1.908271034
4373,0,1.307805874,0.692984676
4374,0,2.329574413,1.797625113
4375,0,2.596024544,2.540081485
4376,0,1.748063963,3.393913196
4377,0,0.090842171,0.050017115
4378,0,1.092747043,1.031977062
4379,0,1.568498237,1.036850642
4380,0,2.594037061,1.646429979
4381,0,1.288904670,0.952941032
4382,0,1.631323535,1.140925646
4383,0,1.959773466,1.286532903
4384,0,2.397758776,1.411633938
4385,0,2.079526215,1.558049802
4386,0,1.844896134,1.220280304
4387,0,1.584099962,0.943763175
4388,0,2.155352501,1.300771697
4389,0,1.876927293,1.291493997
4390,0,1.659388051,1.006540141
4391,0,2.082957543,1.246031227
4392,0,2.087600190,1.821614530
4393,0,1.970555862,1.196358285
4394,0,2.199671479,1.803573753
4395,0,1.967713435,1.803609405
4396,0,1.768004553,1.822478616
4397,0,2.321998233,1.295248449
4398,0,2.175200195,1.364752939
4399,0,2.022279410,1.308690528
4400,0,1.963987534,1.912088758
4401,0,2.666715070,2.771284708
4402,0,2.682990852,2.133141552
4403,0,2.413382810,1.497736507
4404,0,2.177175926,1.522460255
4405,0,2.631026082,1.603737258
4406,0,2.390484099,1.836671579
4407,0,2.163363777,1.419913651
4408,0,2.587369982,2.539077119
4409,0,2.877482777,3.046428193
4410,0,2.800239851,2.275883818
4411,0,1.784767606,1.675128434
4412,0,2.730956697,1.721885084
4413,0,2.730856780,1.723900122
4414,0,1.700598031,1.509961507
4415,0,2.423434291,2.492822399
4416,0,2.369667845,1.878870409
4417,0,2.377214576,1.633094294
4418,0,1.906682657,1.994520546
4419,0,1.857968534,1.481285333
4420,0,1.870760391,1.486353591
4421,0,2.207662468,1.525191746
4422,0,2.399425432,1.908342002
4423,0,2.336967747,2.461973666
4424,0,2.023318348,1.313655900
4425,0,1.197069707,0.514475970
4426,0,1.443736831,1.238952763
4427,0,1.802994614,1.509098745
4428,0,1.216154922,0.994451748
4429,0,1.769412103,1.020328914
4430,0,1.208899686,1.079870177
4431,0,1.768473950,1.499182763
4432,0,1.209243328,1.075928400
4433,0,1.910177452,2.018766127
4434,0,1.342453291,1.142333911
4435,0,1.784738368,1.498271310
4436,0,1.712799525,1.926792472
4437,0,0.925502634,1.995853726
4438,0,1.491260536,1.549795069
4439,0,2.638119910,1.959041215
4440,0,1.711055215,1.202019533
4441,0,1.839884395,1.102201696
4442,0,0.999954598,0.992066512
4443,0,0.805955250,0.285714286
4444,0,0.999968843,0.993427881
4445,0,1.877373711,1.994366755
4446,0,1.954006199,1.333132382
4447,0,-0.000000000,0.000000000
4448,0,1.000000000,1.000000000
4449,0,1.877387064,1.714285714
4450,0,0.998299484,1.048543689
4451,0,0.805837027,0.285714286
4452,0,1.279593898,1.076699029
4453,0,-0.000000000,0.000000000
4454,0,1.000000000,1.000000000
4455,0,0.805958493,0.285714286
4456,0,0.999972032,1.006226650
4457,0,1.749993008,1.000000000
4458,0,0.999523499,1.025700161
4459,0,1.499761749,2.025700161
4460,0,1.390188666,1.173217277
4461,0,-0.000000000,0.000000000
4462,0,1.000000000,1.000000000
4463,0,-0.000000000,0.000000000
4464,0,1.000000000,1.000000000
4465,0,-0.000000000,0.000000000
4466,0,1.000000000,1.000000000
4467,0,1.877387064,2.000000000
4468,0,1.463877590,3.324324324
4469,0,2.013451439,2.394267171
4470,0,1.524434591,1.203086790
4471,0,-0.000000000,0.000000000
4472,0,1.000000000,1.000000000
4473,0,1.877387064,2.000000000
4474,0,2.217329124,2.793846154
4475,0,2.111159800,1.873151751
4476,0,1.477802668,1.124930827
4477,0,-0.000000000,0.000000000
4478,0,1.000000000,1.000000000
4479,0,-0.000000000,0.000000000
4480,0,1.000000000,1.000000000
4481,0,1.877387064,1.142857143
4482,0,1.337944419,1.033587786
4483,0,-0.000000000,0.000000000
4484,0,1.000000000,1.000000000
4485,0,1.500000000,2.000000000
4486,0,1.392419949,1.162616822
4487,0,1.830527802,1.060471038
4488,0,1.439504508,1.163678715
4489,0,1.153473322,0.525643484
4490,0,1.369956330,1.165227904
4491,0,2.087780246,1.212358798
4492,0,1.427432403,1.157832288
4493,0,2.057034025,1.256511747
4494,0,1.840933075,1.376261931
4495,0,2.324216105,1.356751682
4496,0,1.957817024,1.315254214
4497,0,2.341646113,2.411455599
4498,0,2.052487481,1.733996423
4499,0,2.500736793,2.195127090
4500,0,2.025231990,1.360641546
4501,0,2.521894159,1.763332514
4502,0,1.706629136,1.570597112
4503,0,1.944064458,2.342106750
4504,0,2.047283973,3.628056659
4505,0,2.053585724,1.686816241
4506,0,1.952312228,2.731321181
4507,0,1.607654786,0.794073141
4508,0,1.068100066,0.692952326
4509,0,1.123367472,1.038634034
4510,0,0.947967557,0.603979601
4511,0,0.750311128,0.389928163
4512,0,1.319906296,1.022438078
4513,0,1.182447120,1.334878129
4514,0,1.704704498,1.427159839
4515,0,2.238720814,1.510036319
4516,0,2.059361946,1.222215547
4517,0,2.497994244,1.489450998
4518,0,2.422133301,2.189205390
4519,0,2.209342016,1.828073450
4520,0,2.493729911,2.875653425
4521,0,2.299025094,3.570867888
4522,0,2.733451676,2.545965115
4523,0,2.637462741,3.013550674
4524,0,2.933953468,3.963905216
4525,0,2.381881576,2.828557218
4526,0,2.696683600,2.352377204
4527,0,2.555671606,1.652488133
4528,0,2.020949110,1.329834929
4529,0,2.439223248,1.788359532
4530,0,2.030275860,1.512237433
4531,0,1.719559854,1.264784001
4532,0,1.284154273,0.837009285
4533,0,0.837641986,0.302843183
4534,0,0.999964599,0.992994604
4535,0,0.805955964,0.285714286
4536,0,0.999974706,1.005921567
4537,0,1.749993676,1.500000000
4538,0,1.204863280,1.985027467
4539,0,1.767949855,2.006933148
4540,0,2.246034483,1.743000931
4541,0,2.479161371,2.140247869
4542,0,1.592129666,1.190216348
4543,0,1.820901321,1.077500638
4544,0,1.226799484,1.070152064
4545,0,1.913440908,2.007897886
4546,0,1.965345151,1.454538823
4547,0,1.898857579,1.490944259
4548,0,0.999628574,1.022690565
4549,0,1.749907143,2.011345283
4550,0,1.464906483,1.506437127
4551,0,2.634469261,2.465306887
4552,0,2.630979234,1.989224353
4553,0,1.503195403,1.523834078
4554,0,2.160431691,1.702260835
4555,0,-0.000000000,0.000000000
4556,0,1.000000000,1.000000000
4557,0,0.805958493,0.285714286
4558,0,1.854330472,1.299512195
4559,0,0.972024677,0.367333107
4560,0,1.984958827,1.397982436
4561,0,-0.000000000,0.000000000
4562,0,1.000000000,1.000000000
4563,0,0.805958493,0.285714286
4564,0,1.068080165,1.017919670
4565,0,1.887317319,2.003545457
4566,0,1.339170963,1.134745810
4567,0,1.932622888,2.027441294
4568,0,2.233612871,2.102341838
4569,0,-0.000000000,0.000000000
4570,0,1.000000000,1.000000000
4571,0,1.877387064,1.714285714
4572,0,1.337944419,1.132824427
4573,0,1.769396709,2.061175337
4574,0,1.415812750,1.183176198
4575,0,0.858349801,0.310307749
4576,0,0.999942274,0.991054394
4577,0,0.805954370,0.285714286
4578,0,0.999968424,0.993383810
4579,0,1.499984212,1.993383810
4580,0,2.181859738,3.211218169
4581,0,1.646042734,2.091312498
4582,0,1.202076863,1.047600476
4583,0,-0.000000000,0.000000000
4584,0,1.000000000,1.000000000
4585,0,-0.000000000,0.000000000
4586,0,1.000000000,1.000000000
4587,0,1.500000000,1.000000000
4588,0,2.181435350,2.137704918
4589,0,2.570422537,2.149905123
4590,0,2.259808210,2.686450905
4591,0,2.112739178,1.821190468
4592,0,1.443256255,1.093454107
4593,0,-0.000000000,0.000000000
4594,0,1.000000000,1.000000000
4595,0,1.500000000,2.000000000
4596,0,1.463877590,3.324324324
4597,0,2.600466767,4.320889595
4598,0,2.474160727,3.645614035
4599,0,3.257960177,3.235964912
4600,0,3.120147657,3.837417436
4601,0,2.718862226,3.049233396
4602,0,3.587432419,3.859433093
4603,0,3.354291027,4.239743934
4604,0,3.810627954,3.998261494
4605,0,3.145847436,4.162928611
4606,0,2.469898084,3.568691058
4607,0,2.712654914,4.394548291
4608,0,2.512597724,5.274361863
4609,0,3.294116311,6.047508498
4610,0,3.130041880,5.328892425
4611,0,2.548329446,3.485567995
4612,0,3.334269325,3.943382732
4613,0,2.932937849,5.253154718
4614,0,2.835510858,5.236711488
4615,0,2.604937271,5.321815059
4616,0,2.822136355,4.391765506
4617,0,2.598216847,3.837063825
4618,0,2.618232070,4.306444557
4619,0,3.163304031,2.978457659
4620,0,2.502091869,2.894564970
4621,0,3.051451263,2.293178194
4622,0,3.055344392,2.349259370
4623,0,2.399511614,1.961291660
4624,0,2.863768273,2.481471007
4625,0,2.725267609,3.164070354
4626,0,3.391814982,3.820393461
4627,0,3.011085097,4.056567901
4628,0,3.165760354,3.454792936
4629,0,2.887338313,3.011623239
4630,0,2.229305664,2.667886718
4631,0,2.577258424,2.307111603
4632,0,2.361228280,2.683005900
4633,0,2.123104824,3.222047447
4634,0,3.142117483,2.606067405
4635,0,2.635987507,2.550296614
4636,0,2.772873220,2.626274137
4637,0,3.103471399,2.868492566
4638,0,2.615437202,3.764864600
4639,0,2.566906276,4.290516905
4640,0,2.547925909,5.868886873
4641,0,3.264595739,3.127281294
4642,0,3.064317483,2.975023364
4643,0,2.524425019,3.049346797
4644,0,2.030075953,1.508612693
4645,0,2.335523274,1.947222576
4646,0,2.468300598,2.749469585
4647,0,2.499130446,3.812306145
4648,0,1.537242218,2.411509333
4649,0,0.975280659,1.184586328
4650,0,0.804192826,0.285714286
4651,0,1.377346462,1.067492399
4652,0,1.781551675,1.037563452
4653,0,0.999994051,0.997128303
4654,0,1.877384515,1.997538545
4655,0,1.881288350,2.996553963
4656,0,1.578508714,1.997671597
4657,0,2.398790285,2.998253698
4658,0,2.118976741,2.042454872
4659,0,2.492202818,3.007286176
4660,0,2.738069382,2.333292669
4661,0,2.544773815,1.876903880
4662,0,2.912182914,2.548394240
4663,0,2.654260408,3.080836370
4664,0,1.855854228,2.076207773
4665,0,1.312459825,1.081147693
4666,0,1.792518197,2.014810877
4667,0,1.885679515,1.616882508
4668,0,1.870507167,2.057211488
4669,0,2.151299922,1.767225188
4670,0,2.463202784,2.198884586
4671,0,1.601176487,1.713744052
4672,0,1.690791671,1.275953158
4673,0,1.664592151,1.348075404
4674,0,1.695602322,1.271789921
4675,0,2.163330434,1.920696847
4676,0,2.363980430,1.631879795
4677,0,1.996827398,1.196072470
4678,0,2.056447245,1.680249444
4679,0,1.695766955,1.133317880
4680,0,1.664202826,1.157396190
4681,0,1.825430134,1.274801721
4682,0,2.364117139,1.943354944
4683,0,2.342193364,1.608630085
4684,0,2.238597082,1.373825249
4685,0,2.221435229,1.760556170
4686,0,2.763690206,2.031456771
4687,0,1.360022372,0.985519493
4688,0,1.753719889,0.924761628
4689,0,1.630111028,0.778494590
4690,0,2.086082435,1.880341534
4691,0,1.666941523,1.075185451
4692,0,2.223788529,1.331789217
4693,0,2.632526610,1.988637864
4694,0,2.372864069,2.329609956
4695,0,2.759845244,2.117025391
4696,0,3.049658769,2.968139267
4697,0,3.206131880,2.555662634
4698,0,2.735314197,1.968442471
4699,0,2.971734194,2.365569367
4700,0,2.476577108,2.445233603
4701,0,3.397433710,2.677716780
4702,0,3.561458558,2.823706992
4703,0,3.305075631,2.652218372
4704,0,3.585098502,3.016066671
4705,0,2.044706665,2.610776554
4706,0,2.894821921,3.297933713
4707,0,3.258027808,3.712829721
4708,0,3.071706120,3.624453852
4709,0,3.528713390,3.061065549
4710,0,3.591584692,3.030264056
4711,0,3.432405400,2.604210447
4712,0,3.188325188,2.227549894
4713,0,3.122391609,1.959665614
4714,0,2.908009494,2.334389252
4715,0,2.825007327,2.523707726
4716,0,3.284052658,3.001464714
4717,0,2.749115655,3.349423012
4718,0,2.519456687,3.338585901
4719,0,2.442714070,2.721704411
4720,0,2.679237489,2.669739120
4721,0,2.797794262,2.313826057
4722,0,2.689077830,2.070983328
4723,0,2.993754930,2.410817068
4724,0,2.923391858,2.747460531
4725,0,2.296292656,1.731651393
4726,0,0.982993024,0.846755471
4727,0,-0.000000000,0.000000000
4728,0,1.000000000,1.000000000
4729,0,0.805958493,0.285714286
4730,0,1.068080165,1.004531411
4731,0,1.887317319,1.998281139
4732,0,1.482041858,3.319149250
4733,0,2.636952685,2.671108053
4734,0,2.341536535,2.516696292
4735,0,1.865420895,1.531893577
4736,0,1.439699597,1.212265230
4737,0,0.859455708,0.311089329
4738,0,1.075555211,1.011569644
4739,0,1.888540098,2.004280311
4740,0,2.221452573,3.210842989
4741,0,1.933711093,4.331540444
4742,0,1.953453533,2.353969297
4743,0,1.543251479,1.164562709
4744,0,2.190541139,1.657295426
4745,0,2.038053424,1.121606593
4746,0,2.295317397,1.841438375
4747,0,2.014176824,2.923605717
4748,0,1.929137327,3.801347095
4749,0,2.927506156,4.058839259
4750,0,2.364003976,4.036697873
4751,0,2.818331573,2.969199208
4752,0,1.325115852,3.332608752
4753,0,2.279142835,4.151252098
4754,0,2.933780974,5.235380477
4755,0,2.755461205,4.311823661
4756,0,2.390052046,3.392218804
4757,0,3.297358073,4.204161283
4758,0,3.048463872,3.457082947
4759,0,2.798452062,4.429292337
4760,0,3.232118448,3.920255913
4761,0,3.220051881,3.152647193
4762,0,3.629444437,2.993301658
4763,0,3.601683133,2.882506594
4764,0,2.440086987,2.685344849
4765,0,3.368771302,3.005890980
4766,0,3.310530626,3.428851893
4767,0,2.800670343,4.272503893
4768,0,3.638106374,3.753436033
4769,0,2.977965331,3.772853276
4770,0,2.060240021,2.687205358
4771,0,2.305523260,3.900662431
4772,0,3.122165386,3.001624482
4773,0,3.037088561,3.491399024
4774,0,3.235472600,3.084549364
4775,0,2.891533332,3.841595167
4776,0,3.126418977,4.578860584
4777,0,2.810790532,3.515094707
4778,0,2.949686759,4.104199597
4779,0,3.396158994,3.499487322
4780,0,2.780955442,3.103373958
4781,0,2.842593651,3.761026889
4782,0,2.597241785,4.335271766
4783,0,3.214466558,4.975651753
4784,0,3.669903435,4.211250237
4785,0,3.411992224,4.948328464
4786,0,3.161536994,4.000091705
4787,0,2.800155642,3.069971884
4788,0,3.129464990,2.710509910
4789,0,2.920524767,2.406606006
4790,0,2.996264207,2.600710016
4791,0,2.932737951,2.481460256
4792,0,2.971860689,2.230094641
4793,0,1.786461556,1.848126116
4794,0,1.407640545,1.245586357
4795,0,2.341007851,1.372129863
4796,0,1.193280009,1.883512898
4797,0,1.157758953,0.992068159
4798,0,1.760488491,1.012266451
4799,0,1.930113754,1.282603675
4800,0,2.840085014,1.701525299
4801,0,2.013880518,1.326371411
4802,0,2.253135312,2.142633371
4803,0,2.499537014,1.741613523
4804,0,2.171474649,1.369726406
4805,0,1.666874393,1.968587518
4806,0,1.984402016,1.181697043
4807,0,2.474027291,2.027437060
4808,0,-0.000000000,0.000000000
4809,0,1.000000000,1.000000000
4810,0,0.805958493,0.285714286
4811,0,1.000000000,1.000000000
4812,0,1.500000000,2.000000000
4813,0,1.000000000,1.000000000
4814,0,-0.000000000,0.000000000
4815,0,1.000000000,1.000000000
4816,0,0.805958493,0.285714286
4817,0,1.092885007,1.013569937
4818,0,1.755599515,1.006462882
4819,0,1.000000000,1.000000000
4820,0,1.877387064,2.000000000
4821,0,2.255032708,3.000000000
4822,0,2.396139566,2.179824561
4823,0,2.499835574,2.201479100
4824,0,1.909573274,1.182291667
4825,0,1.358754049,1.078036748
4826,0,1.932207752,2.009364479
4827,0,1.505015109,1.115410968
4828,0,1.953174375,2.009945975
4829,0,0.999999770,1.000565028
4830,0,-0.000000000,0.000000000
4831,0,1.000000000,1.000000000
4832,0,-0.000000000,0.000000000
4833,0,1.000000000,1.000000000
4834,0,0.805958493,0.285714286
4835,0,1.000000000,1.000000000
4836,0,1.877387064,1.142857143
4837,0,1.881290899,1.600000000
4838,0,2.795826108,1.828571429
4839,0,2.833212763,2.133837838
4840,0,2.318054113,2.215068148
4841,0,0.999543426,1.025157080
4842,0,1.749885857,1.000000000
4843,0,1.288473869,1.050499470
4844,0,1.919050499,1.999851946
4845,0,2.272887630,1.472947530
4846,0,2.202938341,1.307794241
4847,0,2.494009665,1.965512606
4848,0,2.208908001,1.758526211
4849,0,1.919968006,1.012630694
4850,0,1.975087573,1.511529344
4851,0,2.324971671,2.208203502
4852,0,2.166696657,1.334338958
4853,0,1.229629922,1.294748610
4854,0,1.932268539,0.920621135
4855,0,-0.000000000,0.000000000
4856,0,1.950212065,1.428571429
4857,0,2.033252641,1.704109589
4858,0,2.079717122,2.338555062
4859,0,1.907337578,1.572146390
4860,0,2.023138889,2.247772289
4861,0,1.446394589,1.178058943
4862,0,2.135363068,1.884405008
4863,0,2.497330332,1.535827633
4864,0,2.272709548,2.757827619
4865,0,1.944663755,1.976120298
4866,0,2.121641985,1.351502262
4867,0,2.203073410,1.546162823
4868,0,2.194933261,2.515659967
4869,0,1.963759303,3.790211782
4870,0,2.275199965,3.175062190
4871,0,2.365001478,1.958003534
4872,0,2.561113688,1.571411060
4873,0,2.684955901,1.874689487
4874,0,2.643003759,1.735984103
4875,0,2.374426428,1.478621867
4876,0,2.110891358,1.833723861
4877,0,1.819004228,1.476605743
4878,0,1.100514824,0.729209722
4879,0,1.510962025,1.079691127
4880,0,2.491047552,1.823247811
4881,0,2.355627417,1.390468820
4882,0,1.966411380,1.430561933
4883,0,2.004087924,1.160782098
4884,0,2.343826465,1.369687441
4885,0,1.659969560,0.751564139
4886,0,0.496631375,0.217827892
4887,0,1.624157844,1.000000000
4888,0,0.990868687,0.887608014
4889,0,0.805306256,0.285714286
4890,0,0.999998726,1.001328801
4891,0,1.877386518,2.001138972
4892,0,1.954393408,1.443331715
4893,0,2.048499756,1.580116356
4894,0,1.922546894,1.326345581
4895,0,1.869079742,1.139148907
4896,0,1.242391723,1.027477288
4897,0,-0.000000000,0.000000000
4898,0,1.000000000,1.000000000
4899,0,1.877387064,2.000000000
4900,0,1.337944419,1.033587786
4901,0,1.932369573,1.987376371
4902,0,2.233456984,1.957634557
4903,0,1.985354980,1.475914759
4904,0,2.005324380,1.896907634
4905,0,2.268299676,2.068285061
4906,0,2.326213314,1.804816499
4907,0,2.093279483,1.745592261
4908,0,1.548171613,1.077665362
4909,0,1.810976043,1.501373598
4910,0,1.743512219,1.251833061
4911,0,2.006976230,2.100603258
4912,0,0.999555518,0.975178245
4913,0,-0.000000000,0.000000000
4914,0,1.000000000,1.000000000
4915,0,-0.000000000,0.000000000
4916,0,1.000000000,1.000000000
4917,0,0.805958493,0.285714286
4918,0,1.068080165,1.004531411
4919,0,-0.000000000,0.000000000
4920,0,1.000000000,1.000000000
4921,0,0.805958493,2.000000000
4922,0,1.280958051,3.008333333
4923,0,2.213370601,4.061543525
4924,0,2.312647383,3.535021174
4925,0,2.099005360,2.491227351
4926,0,2.202227021,1.725732553
4927,0,1.163945481,0.476957644
4928,0,1.452294164,1.133533774
4929,0,1.954335161,1.759110831
4930,0,0.999167210,1.033974556
4931,0,1.499583605,1.000000000
4932,0,2.029612721,1.851575912
4933,0,1.915577840,2.304110224
4934,0,2.160805352,1.755426612
4935,0,2.653178993,2.605738929
4936,0,2.208940559,1.529316973
4937,0,-0.000000000,0.000000000
4938,0,1.000000000,1.000000000
4939,0,1.877387064,1.714285714
4940,0,1.954490080,1.442857143
4941,0,2.228302799,1.388888889
4942,0,1.503651395,1.105789201
4943,0,1.902451163,2.099791662
4944,0,0.997196227,0.937675559
4945,0,1.498598114,1.000000000
4946,0,1.465762923,1.541581134
4947,0,1.558326035,1.761383580
4948,0,1.479427451,1.124104699
4949,0,1.803418821,1.056542797
4950,0,1.221475418,1.028300925
4951,0,1.912451712,2.000598740
4952,0,1.965017127,3.046442901
4953,0,2.052203122,4.059368541
4954,0,1.775941813,3.395626351
4955,0,2.640769327,4.385985511
4956,0,2.697150902,5.167465157
4957,0,2.595281750,4.462061299
4958,0,2.335061061,3.927289408
4959,0,2.790463469,4.887514461
4960,0,2.989701733,6.009891045
4961,0,3.259792158,4.180123677
4962,0,3.255384775,3.314435488
4963,0,3.519057486,4.139336431
4964,0,3.489091321,4.853235463
4965,0,3.203716648,4.377514695
4966,0,3.587376907,4.152899774
4967,0,3.244309762,3.446129156
4968,0,3.816998281,3.278858545
4969,0,2.354633720,4.071378840
4970,0,2.842684410,4.575145980
4971,0,3.285907196,4.988573967
4972,0,2.850039826,4.411878335
4973,0,3.203402978,5.445303907
4974,0,3.478576852,5.237218409
4975,0,3.193859026,6.071061955
4976,0,3.237174062,4.528098153
4977,0,2.656401574,2.778597789
4978,0,2.658988454,2.874148720
4979,0,3.219112822,2.975456030
4980,0,3.320395638,3.810372960
4981,0,3.017029588,2.196115049
4982,0,2.119016008,1.556549891
4983,0,2.529428507,2.454234110
4984,0,2.264907187,1.872669549
4985,0,2.017748132,2.301568498
4986,0,1.774570292,1.608410611
4987,0,1.586217535,1.291877239
4988,0,1.938035955,1.165273966
4989,0,2.527310294,1.534077422
4990,0,1.932365785,0.970430037
4991,0,0.876178559,0.487028379
4992,0,0.708151333,0.358035108
4993,0,1.907129618,1.089875248
4994,0,-0.000000000,0.000000000
4995,0,1.000000000,1.000000000
4996,0,0.805958493,0.285714286
4997,0,1.378009505,1.077380952
4998,0,2.397512965,1.309707242
4999,0,2.496230578,1.748757083
5000,0,2.762658298,1.954934291
5001,0,2.153331442,2.429544405
5002,0,2.286704724,2.669167176
5003,0,3.031655387,3.286590443
5004,0,2.972269019,2.691651699
5005,0,2.577261045,2.067435322
5006,0,1.991684890,1.590346680
5007,0,1.493357773,1.108300385
5008,0,0.861365064,0.312218249
5009,0,2.139480182,1.387618852
5010,0,2.060618571,1.870162694
5011,0,0.999999544,0.999205050
5012,0,1.877386869,1.999318614
5013,0,2.457265752,1.691940792
5014,0,2.691141882,1.594202899
5015,0,0.999999954,0.999748562
5016,0,1.877387045,1.999784482
5017,0,2.255032698,1.464204895
5018,0,1.920485867,1.434482759
5019,0,0.999999999,0.999971625
5020,0,1.750000000,1.500000000
5021,0,2.502901402,1.755112464
5022,0,2.178470240,2.391333957
5023,0,2.321596020,1.824913708
5024,0,2.552573250,2.103858030
5025,0,2.588418505,2.168858997
5026,0,3.123538361,2.693242889
5027,0,2.571899911,2.062367342
5028,0,2.676085392,1.786046708
5029,0,2.227596746,1.927691468
5030,0,2.258188664,2.122920134
5031,0,1.765292642,1.563285214
5032,0,2.366906221,1.510719929
5033,0,2.244543214,1.494304554
5034,0,2.030044109,1.867377555
5035,0,1.900097311,1.392639023
5036,0,1.835677627,1.385340569
5037,0,1.981466146,1.178572922
5038,0,0.927593321,0.529309780
5039,0,1.371617280,0.580250384
5040,0,0.593728401,0.267839461
5041,0,1.843802117,1.708994844
5042,0,1.805526819,1.073261815
5043,0,2.258283659,2.216543928
5044,0,2.405818498,2.034437839
5045,0,2.739451169,1.725956764
5046,0,2.684514986,1.658882424
5047,0,2.743679733,2.282951001
5048,0,3.210401261,2.473282844
5049,0,3.198685349,2.623380975
5050,0,2.471498881,1.745507112
5051,0,3.230541145,2.162287995
5052,0,3.234884779,2.620149804
5053,0,3.136481457,3.472035676
5054,0,3.093501483,3.985806289
5055,0,0.869263280,0.489297919
5056,0,1.217786385,0.530644784
5057,0,1.791412227,1.353871124
5058,0,1.384873489,1.636299705
5059,0,2.416139882,1.467537831
5060,0,2.044823649,1.595955258
5061,0,1.563621870,1.020836896
5062,0,1.970515608,2.220185269
5063,0,1.838906892,1.584001386
5064,0,0.990103573,0.883004435
5065,0,1.747525893,1.941502217
5066,0,1.452463665,1.385529908
5067,0,2.622276453,2.334324067
5068,0,2.599926173,2.875915183
5069,0,3.358353902,2.915911118
5070,0,3.642313027,3.176274409
5071,0,3.326067873,3.287461455
5072,0,3.671088482,3.129669347
5073,0,3.428646760,2.994865334
5074,0,3.147070186,2.820621430
5075,0,2.585126910,2.048500375
5076,0,1.695925341,1.348360473
5077,0,1.835306231,1.504626806
5078,0,0.999992301,0.996733053
5079,0,0.805957943,1.999533293
5080,0,0.999973296,1.006084379
5081,0,0.805956585,0.285714286
5082,0,1.068031429,1.018201074
5083,0,1.754677250,1.004833951
5084,0,1.206150980,1.070574308
5085,0,0.826279003,0.295144229
5086,0,0.999963092,1.007152921
5087,0,1.749990773,2.003576460
5088,0,2.240730624,1.818918957
5089,0,2.473258708,1.639106311
5090,0,2.230539189,1.675660049
5091,0,2.108078778,1.944043435
5092,0,1.434355166,1.131645107
5093,0,-0.000000000,0.000000000
5094,0,1.000000000,1.000000000
5095,0,1.500000000,2.000000000
5096,0,2.181435350,2.137704918
5097,0,1.972071017,1.465324385
5098,0,1.534473837,1.604723190
5099,0,1.932527107,2.421280939
5100,0,2.147755073,1.757513744
5101,0,2.621769288,2.408081911
5102,0,2.847092554,2.356482332
5103,0,2.678595807,2.265706305
5104,0,2.986124145,2.500773302
5105,0,1.359488522,1.522736932
5106,0,2.095686530,1.894544635
5107,0,1.122556778,2.131262799
5108,0,0.999391938,1.029031601
5109,0,1.749847985,2.014515800
5110,0,1.205868653,1.022863635
5111,0,1.767993121,1.018923933
5112,0,1.209592275,1.016701766
5113,0,-0.000000000,0.000000000
5114,0,1.000000000,1.000000000
5115,0,-0.000000000,0.000000000
5116,0,1.000000000,1.000000000
5117,0,1.750000000,1.500000000
5118,0,1.691314180,1.258333333
5119,0,1.839813907,1.103422893
5120,0,0.999620773,0.977072415
5121,0,0.805931405,0.285714286
5122,0,0.999962345,0.992775047
5123,0,1.749990586,1.500000000
5124,0,1.398213387,1.130045527
5125,0,1.061525589,0.778377588
5126,0,1.431501891,1.129761791
5127,0,1.678216251,1.680805567
5128,0,1.315969143,1.058587836
5129,0,2.234747181,1.316755199
5130,0,1.840459051,1.319935069
5131,0,2.460418630,1.768045026
5132,0,1.952610912,2.360224265
5133,0,2.188494207,2.116194326
5134,0,2.385163938,1.420169730
5135,0,2.702561843,1.755710258
5136,0,2.181364349,1.256177583
5137,0,2.356255150,1.471913995
5138,0,1.497842396,1.225408997
5139,0,1.823282052,2.024003611
5140,0,1.604323832,1.418979449
5141,0,2.534356234,1.516671342
5142,0,1.953732933,0.997815730
5143,0,1.628937055,0.769404249
5144,0,1.475501953,0.642576795
5145,0,1.967381011,1.180266013
5146,0,1.190983231,0.555167399
5147,0,1.605056980,1.270367413
5148,0,0.886747378,0.325762810
5149,0,0.999953119,0.991938372
5150,0,0.805955144,0.285714286
5151,0,0.999999932,0.999693862
5152,0,1.877387035,1.999737596
5153,0,1.881290870,1.599816317
5154,0,2.084114867,1.351020408
5155,0,1.684658845,1.179016609
5156,0,0.896095664,2.000216798
5157,0,1.894299014,3.001564984
5158,0,2.775816043,2.541499910
5159,0,2.651572824,3.359614994
5160,0,3.317169149,2.954813723
5161,0,3.261758390,2.860137165
5162,0,2.346383498,2.636267442
5163,0,2.144394487,2.163775588
5164,0,1.779643402,1.991355848
5165,0,2.664056461,2.962252093
5166,0,3.263164217,3.915045431
5167,0,2.951440903,3.243814412
5168,0,2.234383746,2.621284658
5169,0,2.595035085,2.032109725
5170,0,2.244223670,1.414513292
5171,0,2.496806417,1.675644891
5172,0,2.517199494,2.207561465
5173,0,2.807611828,2.281788872
5174,0,2.037347638,1.657063517
5175,0,2.112086447,1.755065343
5176,0,2.510576931,1.620018637
5177,0,2.085038211,1.744759244
5178,0,2.244565962,1.419823513
5179,0,2.379641869,1.556863229
5180,0,2.021815896,2.057095229
5181,0,2.564684585,2.984846164
5182,0,2.482778964,3.604669490
5183,0,2.632802377,4.573994245
5184,0,2.735021815,2.903474753
5185,0,2.879301093,2.756313338
5186,0,3.215372736,3.631459330
5187,0,0.973502922,0.582671899
5188,0,1.485313073,1.475116347
5189,0,1.241009579,0.934136213
5190,0,2.177326275,1.306654594
5191,0,2.019037769,1.630552750
5192,0,2.406687733,2.129974330
5193,0,2.732555929,1.940495877
5194,0,2.470436260,1.645094996
5195,0,2.221232083,1.670739296
5196,0,1.754662248,1.025526067
5197,0,2.186477991,1.242447476
5198,0,1.515478952,0.716186125
5199,0,-0.000000000,0.000000000
5200,0,1.000000000,1.000000000
5201,0,1.750000000,1.000000000
5202,0,1.205039102,1.069322709
5203,0,2.066895492,2.123030232
5204,0,2.113417149,1.588516903
5205,0,2.084239456,1.317225933
5206,0,1.409865379,1.135815932
5207,0,1.793666755,1.499390692
5208,0,0.999503360,0.973762424
5209,0,1.749875840,1.986881212
5210,0,1.204243057,1.012714755
5211,0,1.767916070,1.990930169
5212,0,1.209231950,1.014556086
5213,0,1.768468345,1.019357058
5214,0,0.999407465,0.971341402
5215,0,1.499703733,1.971341402
5216,0,2.030090050,1.378531476
5217,0,2.065721643,1.289160429
5218,0,0.998702390,0.957593275
5219,0,1.876830946,1.963651378
5220,0,0.997151033,0.937175587
5221,0,1.876166078,1.142857143
5222,0,1.465766021,1.542026891
5223,0,1.914558188,2.317681734
5224,0,2.943831028,2.244641560
5225,0,2.733045343,2.363978233
5226,0,2.968988223,2.470765380
5227,0,2.842287004,2.324317935
5228,0,1.962828709,2.621676000
5229,0,2.090188883,1.765034318
5230,0,2.103165232,1.441647126
5231,0,-0.000000000,0.000000000
5232,0,1.000000000,1.000000000
5233,0,0.805958493,2.000000000
5234,0,0.999972032,0.993773350
5235,0,0.805956495,0.285714286
5236,0,1.854051569,1.339347469
5237,0,0.971969939,0.367287032
5238,0,0.999982450,0.995067489
5239,0,1.877379543,1.995772134
5240,0,1.954128266,3.046652939
5241,0,2.741482196,4.192867192
5242,0,2.289954646,3.361698624
5243,0,2.119804242,2.341806429
5244,0,1.471515292,1.173940597
5245,0,1.799425888,1.499672095
5246,0,0.999884649,0.987354596
5247,0,1.749971162,1.500000000
5248,0,1.204660924,1.071571785
5249,0,-0.000000000,0.000000000
5250,0,1.000000000,1.000000000
5251,0,-0.000000000,0.000000000
5252,0,1.000000000,1.000000000
5253,0,1.750000000,2.000000000
5254,0,1.205039102,1.017529880
5255,0,0.826136758,0.295079418
5256,0,1.070309725,1.004072657
5257,0,1.555810530,2.003336764
5258,0,2.199083371,3.220752358
5259,0,1.971604076,2.178899941
5260,0,0.999941092,1.009036762
5261,0,-0.000000000,0.000000000
5262,0,1.000000000,1.000000000
5263,0,1.500000000,1.000000000
5264,0,1.392419949,1.041121495
5265,0,1.942136303,1.176850428
5266,0,1.978915880,1.474126121
5267,0,2.055954164,1.857270949
5268,0,2.264457842,2.060627676
5269,0,2.684636092,2.434690583
5270,0,2.227501179,1.685003878
5271,0,2.021195529,1.316531637
5272,0,1.966193049,1.419424634
5273,0,1.064215414,0.456911898
5274,0,1.141419217,1.060968464
5275,0,1.756334472,1.006501084
5276,0,1.695585591,1.198045857
5277,0,2.039555347,1.250928364
5278,0,2.121120207,1.580588488
5279,0,2.353399745,1.510201775
5280,0,2.198351203,1.638977128
5281,0,1.954739158,1.305533038
5282,0,0.999999258,0.998986076
5283,0,0.805958440,0.285714286
5284,0,1.068088255,1.017872774
5285,0,0.811112023,0.288091743
5286,0,0.999970015,1.006447274
5287,0,1.499985008,1.000000000
5288,0,1.391877806,1.165278499
5289,0,0.854323223,0.308418310
5290,0,0.999947734,1.008512040
5291,0,0.805954760,0.285714286
5292,0,1.280725263,1.055395045
5293,0,0.836347662,0.299868054
5294,0,1.071687159,1.018692839
5295,0,1.887907723,1.146939328
5296,0,1.339277878,1.032738777
5297,0,1.932645117,1.986104609
5298,0,0.997437209,0.940412426
5299,0,1.749359302,1.970206213
5300,0,1.203167949,1.006601613
5301,0,0.826003640,1.854958943
5302,0,1.070199207,1.019935105
5303,0,0.811309688,0.288180393
5304,0,1.283101518,1.056238771
5305,0,1.922677252,1.164938588
5306,0,1.543686657,1.512989611
5307,0,1.995708402,2.310838820
5308,0,2.160194275,2.709447997
5309,0,2.661199552,2.186766644
5310,0,2.649533544,2.381269061
5311,0,2.689993318,2.218927151
5312,0,2.260265027,1.596559709
5313,0,1.692797802,1.296247193
5314,0,2.109787867,1.957954884
5315,0,-0.000000000,0.000000000
5316,0,1.000000000,1.000000000
5317,0,1.877387064,1.142857143
5318,0,0.998299484,0.951456311
5319,0,1.749574871,1.000000000
5320,0,1.203531802,1.077950383
5321,0,1.798073156,1.029926265
5322,0,1.234089802,1.087669717
5323,0,1.920011459,2.013344082
5324,0,1.662569850,3.337089280
5325,0,2.075876146,2.372886145
5326,0,2.518145350,2.465710719
5327,0,0.674517072,1.044837796
5328,0,1.757386660,1.783500173
5329,0,1.989845291,1.201172173
5330,0,1.846865295,1.352059017
5331,0,2.101253347,2.003231857
5332,0,1.769153320,1.466228768
5333,0,0.784541000,0.801060065
5334,0,1.602911859,1.267801809
5335,0,2.136927791,1.298035166
5336,0,1.727754580,1.633024779
5337,0,0.936268460,0.704971478
5338,0,-0.000000000,0.000000000
5339,0,1.500000000,1.500000000
5340,0,1.171441639,0.625000000
5341,0,1.033896850,0.439716312
5342,0,1.578925711,0.936259542
5343,0,1.050185634,1.166838788
5344,0,1.278990145,0.856320585
5345,0,0.887762085,0.967170262
5346,0,2.262789394,2.846905055
5347,0,1.594105046,1.780575643
5348,0,2.060067412,1.283144181
5349,0,1.688156574,1.481444700
5350,0,1.416906545,0.795654152
5351,0,1.541687495,0.702314088
5352,0,1.425694977,0.601644627
5353,0,0.592361734,0.258466204
5354,0,1.121216032,0.423447657
5355,0,1.781333860,1.561541837
5356,0,1.575254568,1.846454557
5357,0,1.929105312,1.332118114
5358,0,2.451955091,1.735230582
5359,0,2.775808074,1.809333305
5360,0,2.817829227,2.790893600
5361,0,0.811731197,0.500572111
5362,0,1.945858903,1.083428685
5363,0,2.191311018,1.333594878
5364,0,2.401303364,2.004745343
5365,0,2.690606969,1.684125171
5366,0,2.798263114,2.377257610
5367,0,2.370394153,2.545631478
5368,0,2.662817606,2.814758489
5369,0,2.380057979,2.176021909
5370,0,2.682763278,3.206072689
5371,0,2.516333305,2.317821647
5372,0,2.832981170,3.045319524
5373,0,2.859413294,3.409581677
5374,0,2.721720763,2.802858983
5375,0,2.964441366,2.540004491
5376,0,1.890450590,1.939756882
5377,0,2.670127855,2.178035410
5378,0,2.690813363,2.766953751
5379,0,2.779169272,2.487498466
5380,0,3.299561276,2.778717309
5381,0,3.156083921,2.960628558
5382,0,3.246333941,3.944439896
5383,0,3.061946795,5.066104914
5384,0,2.344189055,3.447247112
5385,0,3.190708439,4.565332977
5386,0,3.235694730,5.308723003
5387,0,3.076172682,5.737635852
5388,0,3.318626136,6.353487375
5389,0,1.931050439,2.047476604
5390,0,0.849812315,0.464796653
5391,0,1.841339877,1.568712394
5392,0,1.844511478,1.495116734
5393,0,1.295903936,0.550564362
5394,0,0.749648489,0.400866985
5395,0,0.809144646,0.341047592
5396,0,0.693420481,0.625579893
5397,0,1.083257057,0.559199050
5398,0,0.590574738,0.229973160
5399,0,1.592007220,1.525228470
5400,0,0.268381460,0.075143097
5401,0,-0.000000000,0.000000000
5402,0,-0.000000000,0.000000000
5403,0,1.000000000,1.000000000
5404,0,1.251629167,0.666666667
5405,0,1.862972137,1.323529412
5406,0,0.566744640,0.203909774
5407,0,2.215345208,1.601647961
5408,0,-0.000000000,0.000000000
5409,0,1.500000000,1.000000000
5410,0,0.237850573,0.064516129
5411,0,1.534255076,1.161585366
5412,0,0.419350255,0.132374020
5413,0,1.588794306,1.044202017
5414,0,-0.000000000,0.000000000
5415,0,1.448815636,1.142857143
5416,0,1.148834854,2.000000000
5417,0,1.963173655,1.444444444
5418,0,-0.000000000,0.000000000
5419,0,1.448815636,1.142857143
5420,0,1.148834854,2.000000000
5421,0,1.500000000,3.500000000
5422,0,1.460484681,2.153846154
5423,0,2.597540711,2.302564103
5424,0,2.875782609,2.487069169
5425,0,2.925681039,2.905496853
5426,0,3.008757255,3.536860564
5427,0,2.427468150,3.918634135
5428,0,2.870069769,3.581335184
5429,0,2.776268830,2.452516212
5430,0,1.937067124,2.334963541
5431,0,2.202196346,3.640346934
5432,0,2.422730112,2.424095853
5433,0,2.482180441,3.456416758
5434,0,2.556723753,3.133253645
5435,0,2.880906095,3.516014442
5436,0,2.816938463,3.279059069
5437,0,3.031016741,4.417331411
5438,0,3.071314876,4.779099754
5439,0,3.205614575,5.963869614
5440,0,2.093833929,7.745698674
5441,0,3.081812615,8.492091121
5442,0,3.106985063,7.150098381
5443,0,3.423624097,7.878557117
5444,0,3.086213702,6.996573930
5445,0,3.190421180,6.163274668
5446,0,2.889314728,6.248808808
5447,0,1.959926629,2.416479588
5448,0,2.220539084,2.199738731
5449,0,2.390708856,2.137593721
5450,0,3.324940251,2.648260761
5451,0,3.370100312,2.462879188
5452,0,3.320594978,2.433269365
5453,0,3.456163195,2.922304959
5454,0,3.393055669,2.659723962
5455,0,2.584049229,2.352306270
5456,0,2.607330208,2.487218420
5457,0,2.157304013,2.628038966
5458,0,2.345709966,1.683836502
5459,0,2.349537697,2.030434355
5460,0,2.564784848,2.585100254
5461,0,2.143077416,1.666754029
5462,0,2.473254486,1.536535232
5463,0,2.599847380,1.785919762
5464,0,1.336977792,1.066425450
5465,0,2.248820252,1.438358871
5466,0,1.200448890,0.870670285
5467,0,2.245619995,1.350255805
5468,0,1.849235960,0.995958735
5469,0,1.150123817,0.879453924
5470,0,1.576466873,1.228832915
5471,0,1.961134343,1.675873462
5472,0,2.196100249,2.141580636
5473,0,2.292509439,1.695969553
5474,0,2.579023573,2.498682527
5475,0,2.405524725,1.633410692
5476,0,2.464114045,1.640968329
5477,0,2.898234893,2.075355842
5478,0,2.918779008,3.131076932
5479,0,2.896169244,2.204267381
5480,0,-0.000000000,0.000000000
5481,0,1.000000000,1.000000000
5482,0,1.186440703,1.697674419
5483,0,1.501426876,0.958677686
5484,0,2.042709512,1.788856544
5485,0,2.199578388,1.785289186
5486,0,2.507552017,2.738884503
5487,0,2.552404360,3.707607966
5488,0,2.729560060,3.240199137
5489,0,2.841264032,4.350044390
5490,0,3.218535072,3.441011596
5491,0,2.758316602,4.523460169
5492,0,2.666946309,2.234782811
5493,0,2.825636447,2.592921411
5494,0,2.867696909,3.121440186
5495,0,2.963513107,2.972303960
5496,0,1.977316017,1.298122043
5497,0,2.732828852,1.824413652
5498,0,2.724701319,2.118606743
5499,0,0.811545086,1.499662994
5500,0,1.405772543,2.499662994
5501,0,1.751640833,3.066719732
5502,0,-0.000000000,0.000000000
5503,0,1.448815636,1.142857143
5504,0,1.806039650,2.203703704
5505,0,0.873981048,1.764705882
5506,0,1.608510970,2.512605042
5507,0,2.093594208,2.419871795
5508,0,1.525078355,2.619921829
5509,0,2.562209594,3.568438549
5510,0,-0.000000000,0.000000000
5511,0,1.000000000,1.000000000
5512,0,-0.000000000,0.000000000
5513,0,1.000000000,1.000000000
5514,0,1.500000000,2.000000000
5515,0,2.347073298,3.000000000
5516,0,2.459905673,2.200980392
5517,0,1.767421524,1.208210385
5518,0,2.000431867,1.798181039
5519,0,2.296878863,1.495877724
5520,0,2.091179177,2.032749967
5521,0,2.346142487,1.860937389
5522,0,1.940204205,1.997485935
5523,0,0.999999456,0.999131444
5524,0,-0.000000000,0.000000000
5525,0,1.000000000,1.000000000
5526,0,1.877387064,2.000000000
5527,0,1.000000000,1.000000000
5528,0,1.877387064,1.142857143
5529,0,1.000000000,1.000000000
5530,0,1.750000000,1.000000000
5531,0,1.921887137,1.270833333
5532,0,0.958090575,0.361676647
5533,0,1.457278914,1.100199601
5534,0,0.856861284,0.310195140
5535,0,2.135124172,1.383976540
5536,0,1.895092533,1.204154420
5537,0,1.000000000,1.000000000
5538,0,1.877387064,1.142857143
5539,0,1.000000000,1.000000000
5540,0,0.805958493,0.285714286
5541,0,1.000000000,1.000000000
5542,0,-0.000000000,0.000000000
5543,0,1.000000000,1.000000000
5544,0,0.805958493,0.285714286
5545,0,1.378009505,1.077380952
5546,0,1.793635683,1.076779026
5547,0,2.086615649,1.664295775
5548,0,2.795614896,1.716749577
5549,0,0.999997088,1.002009108
5550,0,-0.000000000,0.000000000
5551,0,1.000000000,1.000000000
5552,0,1.500000000,2.000000000
5553,0,1.582662942,1.138297872
5554,0,1.965257858,2.010204082
5555,0,1.968271267,3.007900000
5556,0,1.586102540,2.002292168
5557,0,2.454188799,3.002143689
5558,0,1.939356698,2.003100752
5559,0,2.320624377,1.518617436
5560,0,2.103290266,1.913857164
5561,0,1.000789271,1.000583365
5562,0,-0.000000000,0.000000000
5563,0,1.000000000,1.000000000
5564,0,1.877387064,2.000000000
5565,0,1.881290899,3.000000000
5566,0,2.270246545,3.745841393
5567,0,2.098717520,3.030685975
5568,0,2.637331166,3.904147618
5569,0,2.433760905,4.477136601
5570,0,2.008381917,3.604991566
5571,0,2.219352837,1.835442332
5572,0,2.162205150,1.952030794
5573,0,1.644753149,1.846749754
5574,0,1.663528548,1.378154785
5575,0,-0.000000000,0.000000000
5576,0,1.000000000,1.000000000
5577,0,1.877387064,2.000000000
5578,0,2.217329124,3.206153846
5579,0,2.553848519,2.537477148
5580,0,2.344298717,3.545858926
5581,0,2.668635317,4.629138670
5582,0,2.869418512,4.086660966
5583,0,1.440729075,2.665395641
5584,0,1.480754852,1.359984043
5585,0,0.869614653,0.317487176
5586,0,1.078122836,1.006936498
5587,0,0.811942886,0.288488474
5588,0,0.999975780,0.994205581
5589,0,1.749993945,1.997102790
5590,0,2.240718257,3.152313573
5591,0,1.308391018,2.046414945
5592,0,1.137575437,1.025372171
5593,0,1.776527673,1.016162975
5594,0,2.114037931,1.818769123
5595,0,2.166531834,1.376764977
5596,0,0.996207698,1.072475091
5597,0,-0.000000000,0.000000000
5598,0,1.000000000,1.000000000
5599,0,-0.000000000,0.000000000
5600,0,1.000000000,1.000000000
5601,0,0.805958493,2.000000000
5602,0,1.223923709,1.029501526
5603,0,1.484249136,1.085795225
5604,0,1.134446482,1.451101586
5605,0,1.946387876,2.469629711
5606,0,1.824202355,3.243257051
5607,0,1.633181498,3.402003153
5608,0,1.986410494,4.854638476
5609,0,2.581050712,3.173387545
5610,0,1.333824152,1.434891891
5611,0,2.328967061,1.309955413
5612,0,2.230345962,1.471317162
5613,0,1.962143716,1.180810074
5614,0,1.732927068,0.887251646
5615,0,2.564720309,1.597217963
5616,0,2.003778412,1.137605218
5617,0,2.165003738,1.271850920
5618,0,2.467478723,1.748962583
5619,0,1.159742712,1.475288346
5620,0,2.108844573,1.269630735
5621,0,1.617981620,1.136990674
5622,0,2.512665361,1.750883685
5623,0,2.680870395,2.585427568
5624,0,3.109872981,3.185344301
5625,0,0.665166027,0.346571284
5626,0,1.125777189,1.871627495
5627,0,2.285485293,2.045441332
5628,0,2.205594317,2.007262589
5629,0,1.450847213,1.372701545
5630,0,2.408415226,2.425732258
5631,0,3.015421655,3.345921883
5632,0,3.012863694,2.644553206
5633,0,1.225855963,0.934918311
5634,0,1.970930294,1.173247488
5635,0,1.086762280,0.453801038
5636,0,1.112623715,0.977441830
5637,0,1.893948277,1.148811088
5638,0,2.220764199,1.618170362
5639,0,2.303321084,1.877328151
5640,0,2.376334534,1.705281416
5641,0,2.492025520,1.519348639
5642,0,2.074591707,1.361867877
5643,0,2.485827157,2.235030116
5644,0,2.146106731,2.629672495
5645,0,1.286364754,0.559257402
5646,0,1.937350533,2.007862419
5647,0,2.099718897,3.155007299
5648,0,1.762263171,4.178646616
5649,0,2.560883053,5.070219067
5650,0,2.310018098,4.018045855
5651,0,2.240964755,3.328832809
5652,0,2.467524138,4.152208800
5653,0,3.429706295,5.181140246
5654,0,3.086729681,4.215825394
5655,0,2.765970384,4.322766754
5656,0,2.380000473,1.925567500
5657,0,3.160011916,2.467514166
5658,0,2.936114057,2.797686829
5659,0,2.859164389,2.092059345
5660,0,2.686530029,2.684461974
5661,0,1.634330299,2.138453532
5662,0,1.815711845,2.679399802
5663,0,2.683748625,2.778967817
5664,0,2.265478378,2.639765743
5665,0,3.228450859,2.725526523
5666,0,3.302090825,2.831762687
5667,0,3.149336429,2.839835096
5668,0,2.644111765,1.774669683
5669,0,2.139584729,1.305631777
5670,0,2.390700544,1.652942132
5671,0,1.555123855,1.565397172
5672,0,1.818251230,1.053376946
5673,0,2.254615347,1.920231275
5674,0,1.739224681,1.281881754
5675,0,2.341010599,1.436430374
5676,0,2.067689133,1.528035677
5677,0,2.367281220,1.418728495
5678,0,2.090528679,1.724174445
5679,0,0.987335017,0.867689920
5680,0,1.746833754,1.000000000
5681,0,1.287963480,1.032940785
5682,0,1.725487442,2.000078082
5683,0,2.380616537,1.830887434
5684,0,2.914633097,2.564273817
5685,0,2.802216533,2.082975832
5686,0,1.588026960,1.319857841
5687,0,1.951738836,1.761143619
5688,0,2.111446084,1.421589416
5689,0,2.497641973,2.176391216
5690,0,1.879077663,1.125953519
5691,0,1.343603902,1.075852478
5692,0,0.839862963,0.301830415
5693,0,1.097865664,1.014226682
5694,0,-0.000000000,0.000000000
5695,0,1.000000000,1.000000000
5696,0,1.500000000,2.000000000
5697,0,2.347073298,1.541666667
5698,0,1.554695784,0.802486188
5699,0,1.425670271,1.259167649
5700,0,2.061519681,2.452656756
5701,0,2.677059249,1.860375994
5702,0,2.017494486,2.106486197
5703,0,2.590006874,1.848876970
5704,0,2.987311455,2.018803667
5705,0,2.580888615,1.991640767
5706,0,1.829405992,1.465089825
5707,0,2.460323957,1.652832707
5708,0,2.194798744,1.338986602
5709,0,2.576994018,1.816738021
5710,0,2.176282757,2.102301919
5711,0,2.499000982,3.032857569
5712,0,2.304690107,4.038371883
5713,0,2.933878685,3.420573453
5714,0,2.985545778,4.291508221
5715,0,3.083477100,3.394501464
5716,0,2.838096212,2.852579370
5717,0,2.500632424,3.047005156
5718,0,2.207420842,2.108684261
5719,0,2.529623861,1.890947763
5720,0,2.804700955,1.788744963
5721,0,1.934763588,1.283254879
5722,0,2.213411541,2.136065815
5723,0,2.502846464,2.171733029
5724,0,1.911249922,1.771697009
5725,0,2.327320523,1.528937623
5726,0,2.104557233,1.254157088
5727,0,1.573773555,1.135679553
5728,0,0.875750226,0.319416480
5729,0,0.999999989,1.000122467
5730,0,1.499999995,2.000122467
5731,0,2.347073295,3.000091850
5732,0,2.098026345,4.000072935
5733,0,2.117345314,3.069689226
5734,0,3.232310748,2.849733818
5735,0,2.626285873,2.191167968
5736,0,2.916937410,2.474268678
5737,0,2.582426524,1.941457635
5738,0,2.193349240,2.026277728
5739,0,1.640574176,1.143005218
5740,0,1.813468956,1.987069559
5741,0,1.312429949,2.994689569
5742,0,2.187744388,2.378328019
5743,0,2.891037614,3.197074323
5744,0,1.584310806,2.048985290
5745,0,0.999649244,1.022050208
5746,0,1.749912311,1.000000000
5747,0,1.288478301,1.058235118
5748,0,1.772392483,1.026334520
5749,0,2.506822975,1.807829512
5750,0,2.136268458,1.281357063
5751,0,2.390773398,1.585654657
5752,0,1.950545364,1.318572531
5753,0,1.389739418,1.080805952
5754,0,0.846527365,0.305113152
5755,0,1.098835346,1.014602815
5756,0,0.813173267,0.289134773
5757,0,1.093930797,1.013756814
5758,0,1.755675109,1.006547960
5759,0,1.926275500,1.272938939
5760,0,0.959327645,0.362321616
5761,0,1.000000000,1.000000050
5762,0,0.805958493,1.857142857
5763,0,1.881290899,1.599999970
5764,0,2.084114886,2.083673429
5765,0,2.487029701,2.163982733
5766,0,1.873013829,1.117300902
5767,0,0.999998391,1.001493557
5768,0,1.877386375,1.714285714
5769,0,0.999999821,1.000497852
5770,0,1.877386988,1.142857143
5771,0,1.493369955,1.110334036
5772,0,0.862958390,0.313232104
5773,0,1.000000000,0.999992025
5774,0,1.500000000,1.000000000
5775,0,1.582662942,1.957447318
5776,0,1.943437984,2.065709077
5777,0,2.399059898,1.594694948
5778,0,2.111846007,1.252945299
5779,0,2.361015859,1.866885923
5780,0,1.943576702,2.003057352
5781,0,1.914826460,3.005495201
5782,0,2.812289997,2.472594062
5783,0,2.903547650,3.332523709
5784,0,2.963184199,4.138923066
5785,0,3.054896317,3.575590209
5786,0,2.892344044,3.120130903
5787,0,3.056342518,3.128795141
5788,0,2.398404365,2.687019606
5789,0,0.872897754,0.500804961
5790,0,2.229789909,2.055312126
5791,0,2.365051445,2.516286783
5792,0,2.368336890,1.953023173
5793,0,3.231014602,3.011164011
5794,0,3.251617575,2.307376663
5795,0,3.381223675,2.943737967
5796,0,3.249234757,2.517626510
5797,0,3.033535618,2.963768457
5798,0,2.806481736,3.089815965
5799,0,2.746086856,2.374797173
5800,0,2.796978499,2.495097967
5801,0,2.754796433,2.252923296
5802,0,2.411166955,3.316533847
5803,0,0.999162690,0.663288292
5804,0,1.984803279,1.763702923
5805,0,2.634366181,2.041653535
5806,0,2.680261345,1.836698767
5807,0,2.759736213,2.110977275
5808,0,2.837831254,3.205044403
5809,0,2.517413326,1.768623446
5810,0,2.600807098,2.594297853
5811,0,1.167347024,0.794361946
5812,0,2.147925092,1.837279942
5813,0,0.595786792,0.278627166
5814,0,1.084833429,0.428111584
5815,0,1.715556309,1.240687843
5816,0,0.947240050,0.731216109
5817,0,1.736810012,1.865608054
5818,0,2.221926535,1.605196016
5819,0,1.890079480,1.848241961
5820,0,2.921170070,2.194703676
5821,0,2.725601504,2.311706419
5822,0,3.088622510,2.490689429
5823,0,2.247013081,2.302754742
5824,0,2.669299396,2.849103149
5825,0,1.848133042,2.067881346
5826,0,1.291586586,1.168604321
5827,0,1.201230520,1.454573297
5828,0,1.987019514,1.183669376
5829,0,1.138033277,0.481722199
5830,0,1.478499779,1.072960668
5831,0,1.911501899,1.161007983
5832,0,0.999980694,1.005173324
5833,0,1.499990347,1.000000000
5834,0,0.997189146,0.937596961
5835,0,-0.000000000,0.000000000
5836,0,1.000000000,1.000000000
5837,0,0.805958493,0.285714286
5838,0,1.068080165,1.017919670
5839,0,0.811111623,0.288091513
5840,0,1.283057023,1.074812267
5841,0,1.922665994,1.164914748
5842,0,1.969972794,1.451956390
5843,0,1.899524413,1.960351704
5844,0,0.999685915,1.020865810
5845,0,1.749921479,1.000000000
5846,0,1.204409609,1.013700173
5847,0,1.663125963,2.010677385
5848,0,2.050525079,1.402602100
5849,0,2.070366826,1.879059158
5850,0,2.266730823,2.082197086
5851,0,1.645516859,0.844814281
5852,0,0.999981935,0.994995625
5853,0,0.805957202,0.285714286
5854,0,0.999973956,0.993991286
5855,0,0.805956633,1.999141612
5856,0,1.464187961,3.314836107
5857,0,2.633729931,2.667537215
5858,0,1.705488189,1.290443103
5859,0,2.004256731,1.231211182
5860,0,0.999893196,0.987832104
5861,0,-0.000000000,0.000000000
5862,0,1.000000000,1.000000000
5863,0,-0.000000000,0.000000000
5864,0,1.000000000,1.000000000
5865,0,1.877387064,1.714285714
5866,0,1.337944419,1.132824427
5867,0,1.932369573,1.170688725
5868,0,1.346890294,1.147061416
5869,0,1.785353787,2.018211559
5870,0,1.213481807,1.080751579
5871,0,1.768984962,1.019865143
5872,0,0.999370662,1.029535082
5873,0,1.499685331,1.000000000
5874,0,0.996198127,0.927433595
5875,0,-0.000000000,0.000000000
5876,0,1.000000000,1.000000000
5877,0,1.500000000,1.000000000
5878,0,0.997380663,1.060240964
5879,0,1.876264491,1.142857143
5880,0,0.996581584,0.931187310
5881,0,1.875922029,1.142857143
5882,0,2.219728200,1.692064363
5883,0,2.553923036,1.764721543
5884,0,0.999758010,1.018315318
5885,0,0.805941208,0.285714286
5886,0,1.067932484,1.018766705
5887,0,0.811104349,0.288087375
5888,0,1.068639103,1.018327787
5889,0,1.887408710,1.146702633
5890,0,1.956824801,1.865744560
5891,0,2.230051499,2.045188564
5892,0,2.295008032,2.512680721
5893,0,2.659655187,2.998293626
5894,0,3.184479622,2.585126740
5895,0,2.552833872,2.363899520
5896,0,2.042587447,1.640570926
5897,0,2.044103447,1.536832334
5898,0,1.511495482,0.987744390
5899,0,0.874966471,1.850320548
5900,0,1.000235940,1.004195360
5901,0,0.000262698,0.000210600
5902,0,1.000026386,1.000015043
5903,0,0.805984879,0.285731478
5904,0,1.068084739,1.017921977
5905,0,0.000006523,0.000003532
5906,0,1.000000925,1.000000368
5907,0,1.877387115,1.142857159
5908,0,1.954490100,1.335714292
5909,0,2.049458363,1.852631584
5910,0,1.390178235,1.139053953
5911,0,0.000000004,0.000000001
5912,0,1.000000002,1.000000001
5913,0,0.805958494,2.000000000
5914,0,1.068080165,1.017919671
5915,0,1.554019557,1.014070591
5916,0,1.395682829,1.165432437
5917,0,1.791981094,1.497612418
5918,0,1.717879009,1.283065976
5919,0,1.845305860,1.495777345
5920,0,1.233634207,1.024787349
5921,0,1.687347162,2.021242063
5922,0,2.054701190,1.408471721
5923,0,1.069221175,0.419760726
5924,0,1.101477078,1.011538357
5925,0,1.892863844,1.721007015
5926,0,1.958627104,1.337956559
5927,0,1.897211836,1.186540964
5928,0,0.999652350,0.978047633
5929,0,1.749913088,1.500000000
5930,0,1.204376069,1.073226371
5931,0,1.663093864,2.037652013
5932,0,2.216590991,2.793728664
5933,0,1.970206463,1.827463092
5934,0,1.537854945,1.623042124
5935,0,1.933570830,2.432896793
5936,0,1.877688794,2.173870973
5937,0,2.432781960,2.337224703
5938,0,1.860051490,1.219472067
5939,0,0.920483176,0.353040598
5940,0,0.999932575,0.990332008
5941,0,0.805953677,0.285714286
5942,0,1.854750024,1.337278030
5943,0,0.972108702,0.367404649
5944,0,0.999984450,0.995357050
5945,0,1.499992225,1.000000000
5946,0,0.997209087,1.062181442
5947,0,1.749302272,1.000000000
5948,0,1.687419240,1.271287800
5949,0,1.997123123,1.218851406
5950,0,1.367443302,1.144225171
5951,0,1.938450870,1.175571563
5952,0,0.997460339,1.059318225
5953,0,0.805777088,2.008474032
5954,0,1.851396742,1.346271496
5955,0,2.028397239,1.974035960
5956,0,1.381316927,1.136647807
5957,0,0.851666243,1.852356794
5958,0,1.073357364,1.004413088
5959,0,1.558317717,1.015619450
5960,0,2.037818371,1.523202951
5961,0,2.066962698,1.290236328
5962,0,2.050803451,1.504117073
5963,0,-0.000000000,0.000000000
5964,0,1.000000000,1.000000000
5965,0,1.877387064,2.000000000
5966,0,1.954490080,1.864285714
5967,0,1.896211236,1.963085036
5968,0,2.272905775,1.923013301
5969,0,2.521300960,2.134676773
5970,0,0.999998329,0.998477966
5971,0,0.805958374,0.285714286
5972,0,1.068092306,1.017849273
5973,0,1.554033457,2.008563929
5974,0,1.776386909,2.722162797
5975,0,2.645301792,2.320019100
5976,0,2.288388456,2.388539382
5977,0,2.654054102,3.242964378
5978,0,2.243838788,2.087614082
5979,0,3.156987753,2.414338683
5980,0,2.353236481,1.766445610
5981,0,1.332641029,1.548633374
5982,0,2.090899974,1.305946587
5983,0,2.323917297,1.547789470
5984,0,2.161311352,1.659656555
5985,0,1.909799645,1.645882548
5986,0,0.994032633,0.909109325
5987,0,1.874829621,1.142857143
5988,0,1.959699280,1.841563046
5989,0,2.739054428,2.291403916
5990,0,2.281575514,1.708223773
5991,0,2.681431022,2.271638381
5992,0,2.204131554,1.632842648
5993,0,2.068539963,1.528430552
5994,0,2.139038157,1.424945517
5995,0,-0.000000000,0.000000000
5996,0,1.000000000,1.000000000
5997,0,0.805958493,0.285714286
5998,0,1.280958051,1.073809524
5999,0,-0.000000000,0.000000000
