0,0,4.311330135,2.786659210
1,0,4.197182907,2.362577514
2,0,4.057752376,2.595716565
3,0,4.258550026,2.467892675
4,0,3.730077623,2.574155231
5,0,3.835017963,3.055993832
6,0,4.026424368,3.429262085
7,0,4.176970478,4.125979494
8,0,3.222209627,4.233823369
9,0,3.467209564,4.760463436
10,0,3.318757986,4.053006607
11,0,3.514105542,3.356206977
12,0,3.203451279,3.242887922
13,0,3.320571353,3.459523213
14,0,3.216611546,3.844155214
15,0,3.121724273,3.273521256
16,0,3.244880911,2.999442564
17,0,2.977979071,3.072307035
18,0,3.166301379,2.706109251
19,0,3.052513568,2.532371216
20,0,3.212553224,3.078847414
21,0,2.837839424,1.800835138
22,0,2.004067233,1.305718385
23,0,2.029110298,1.347761193
24,0,1.233916156,0.566148827
25,0,1.617307799,1.134598663
26,0,2.425833124,1.346190225
27,0,1.821498772,1.214458138
28,0,1.026769072,0.829407026
29,0,1.686583581,1.377822116
30,0,0.808328630,0.421928393
31,0,1.187679460,1.057240353
32,0,0.225306302,0.127301665
33,0,1.053660807,1.014818836
34,0,1.514467139,1.005092652
35,0,2.049762511,1.411365572
36,0,0.989630567,0.623758355
37,0,1.361762773,1.133475277
38,0,2.073784329,1.308123766
39,0,1.840645232,1.266630105
40,0,0.849876299,0.470691924
41,0,1.483599020,1.444979450
42,0,0.665427429,0.615402258
43,0,1.357557102,1.323567027
44,0,0.492981033,0.432768838
45,0,1.078277229,1.028069959
46,0,0.358666055,0.108145967
47,0,1.081791186,1.035954551
48,0,1.909136319,1.213803099
49,0,1.761041354,1.234538174
50,0,2.244459767,1.515103298
51,0,1.976212921,1.391149318
52,0,1.742842425,0.930998458
53,0,1.647654724,1.359106243
54,0,0.869933992,0.522721319
55,0,1.212341852,1.091922808
56,0,2.011311019,2.079179179
57,0,1.813970647,1.289950449
58,0,0.819390826,0.440938132
59,0,1.479913158,1.118151326
60,0,0.201755126,0.120660691
61,0,1.046597683,1.021180092
62,0,0.354052429,0.104152049
63,0,1.066108148,1.019325924
64,0,0.062544202,0.028593445
65,0,1.021464217,1.004867404
66,0,0.025888574,0.011262324
67,0,1.003190000,1.000553019
68,0,0.305777605,0.081146020
69,0,1.048991525,1.011285483
70,0,1.903138560,1.212223485
71,0,1.431916025,1.183470706
72,0,1.405102354,0.673029959
73,0,1.366512758,1.118380475
74,0,0.378290809,0.258174638
75,0,1.302478802,1.151767331
76,0,0.517997564,0.215237282
77,0,1.119684276,1.024215810
78,0,0.075259346,0.036347445
79,0,1.071975087,1.025330022
80,0,1.890233703,1.206787009
81,0,1.319209198,1.136304372
82,0,0.680639507,0.367476787
83,0,1.399985999,1.357003241
84,0,0.558792546,0.497105498
85,0,1.118601139,1.068119531
86,0,0.393825126,0.127602936
87,0,1.111460105,1.037258628
88,0,0.385260780,0.120527906
89,0,1.103130508,1.049423677
90,0,0.382299664,0.118576551
91,0,1.102311205,1.031758769
92,0,1.082501742,0.427409913
93,0,1.345356178,1.080787755
94,0,2.048652669,1.317143748
95,0,1.508988912,1.231474548
96,0,0.471139863,0.371987392
97,0,1.136534115,1.076317232
98,0,0.456487912,0.167826801
99,0,1.106305603,1.041951002
100,0,0.207202794,0.139377102
101,0,1.037470522,1.017233574
102,0,0.330725048,0.092156499
103,0,1.093420223,1.018047562
104,0,1.091234523,0.428542976
105,0,1.573343593,1.188179337
106,0,2.172391508,1.492000743
107,0,2.064843847,1.220335699
108,0,1.822505059,1.251644224
109,0,1.683627483,1.278544772
110,0,1.613137644,1.226613061
111,0,1.916238660,1.650378616
112,0,1.592854116,1.726138814
113,0,1.013022946,1.820634469
114,0,0.739126760,1.905083039
115,0,0.282326867,0.096588019
116,0,0.450929699,0.129341127
117,0,0.321951465,0.093105552
118,0,0.324725086,0.095668258
119,0,0.182139029,0.055172633
120,0,1.000000000,1.000000000
121,0,0.905928216,0.642857143
122,0,1.596690278,2.307580175
123,0,2.267821022,1.515096340
124,0,2.309892891,2.174258459
125,0,1.887385443,3.235293161
126,0,1.619793009,3.085911358
127,0,0.943609028,2.762333115
128,0,0.000000000,0.000000000
129,0,0.000000000,0.000000000
130,0,0.000000000,0.000000000
131,0,0.503258335,0.222222222
132,0,0.000000000,0.000000000
133,0,0.143726170,0.040816327
134,0,0.004850167,0.000757289
135,0,0.000000000,0.000000000
136,0,0.000000000,0.000000000
137,0,0.503258335,0.222222222
138,0,0.095970403,0.024691358
139,0,0.531882603,0.241758242
140,0,0.000000000,0.000000000
141,0,0.000000000,0.000000000
142,0,0.000000000,0.000000000
143,0,0.143726170,0.040816327
144,0,0.023187512,0.004535147
145,0,0.000000000,0.000000000
146,0,0.000000000,0.000000000
147,0,0.143726170,0.040816327
148,0,0.023187512,0.004535147
149,0,0.508611331,0.225806452
150,0,0.021821359,0.004225777
151,0,0.145612678,0.041493366
152,0,0.004921618,0.000769875
153,0,0.504170143,0.222830544
154,0,0.021571140,0.004169505
155,0,0.988818124,0.865734908
156,0,0.278629483,0.096366805
157,0,0.186497159,0.056876070
158,0,0.006510195,0.001056041
159,0,0.986224563,1.140823177
160,0,0.069233458,0.016580797
161,0,0.522619050,0.235335178
162,0,0.000000000,0.000000000
163,0,0.143726170,0.040816327
164,0,0.000000000,0.000000000
165,0,0.503258335,0.222222222
166,0,0.095970403,0.024691358
167,0,0.000000000,0.000000000
168,0,0.000000000,0.000000000
169,0,0.000000000,0.000000000
170,0,0.000000000,0.000000000
171,0,0.143726170,0.040816327
172,0,0.023187512,0.004535147
173,0,0.508611331,0.225806452
174,0,0.000000000,0.000000000
175,0,0.503258335,0.222222222
176,0,0.021519932,0.004158004
177,0,0.145582434,0.041482489
178,0,0.004920471,0.000769672
179,0,-0.000000000,0.000000000
180,0,-0.000000000,0.000000000
181,0,-0.000000000,0.000000000
182,0,-0.000000000,0.000000000
183,0,-0.000000000,0.000000000
184,0,-0.000000000,0.000000000
185,0,-0.000000000,0.000000000
186,0,-0.000000000,0.000000000
187,0,-0.000000000,0.000000000
188,0,-0.000000000,0.000000000
189,0,0.503258335,0.222222222
190,0,0.365055190,0.139534884
191,0,0.263777437,0.089552239
192,0,0.179680694,0.054218394
193,0,-0.000000000,0.000000000
194,0,-0.000000000,0.000000000
195,0,0.143726170,0.040816327
196,0,0.004850167,0.000757289
197,0,0.144064358,0.040937481
198,0,0.004862963,0.000759541
199,0,0.144065364,0.040937841
200,0,-0.000000000,0.000000000
201,0,0.985228136,0.857142857
202,0,0.276195428,0.095238095
203,0,-0.000000000,0.000000000
204,0,-0.000000000,0.000000000
205,0,-0.000000000,0.000000000
206,0,-0.000000000,0.000000000
207,0,0.985228136,0.857142857
208,0,0.069054382,0.016528926
209,0,-0.000000000,0.000000000
210,0,-0.000000000,0.000000000
211,0,0.143726170,0.040816327
212,0,-0.000000000,0.000000000
213,0,-0.000000000,0.000000000
214,0,-0.000000000,0.000000000
215,0,0.143726170,1.959183673
216,0,0.004850167,0.000757289
217,0,0.004837167,0.000755002
218,0,0.042078965,0.008102026
219,0,0.147341837,0.042116518
220,0,0.160636603,0.046989473
221,0,-0.000000000,0.000000000
222,0,-0.000000000,0.000000000
223,0,0.143726170,0.040816327
224,0,0.004850167,0.000757289
225,0,0.144064358,0.040937481
226,0,0.004862963,0.000759541
227,0,-0.000000000,0.000000000
228,0,-0.000000000,0.000000000
229,0,0.503258335,0.222222222
230,0,0.021519932,0.004158004
231,0,0.508167846,0.225508318
232,0,0.021796313,0.004220139
233,0,0.145610162,0.041492461
234,0,0.004921523,0.000769858
235,0,0.985967926,0.858736029
236,0,0.780146548,0.462372989
237,0,-0.000000000,0.000000000
238,0,-0.000000000,0.000000000
239,0,0.143726170,0.040816327
240,0,0.102899790,0.026905830
241,0,0.534388846,0.243512974
242,0,0.103367827,0.027056997
243,0,0.095094598,0.024414649
244,0,0.153532239,0.044367553
245,0,0.163469501,0.048046382
246,0,0.005606082,0.000891731
247,0,-0.000000000,0.000000000
248,0,-0.000000000,0.000000000
249,0,0.143726170,0.040816327
250,0,0.004850167,0.000757289
251,0,0.144064358,0.040937481
252,0,0.023246603,0.004548609
253,0,0.145756737,0.041545188
254,0,-0.000000000,0.000000000
255,0,0.503258335,1.777777778
256,0,0.021519932,0.004158004
257,0,0.145582434,0.041482489
258,0,0.004920471,0.000769672
259,0,-0.000000000,0.000000000
260,0,-0.000000000,0.000000000
261,0,0.143726170,0.040816327
262,0,0.004850167,0.000757289
263,0,0.144064358,0.040937481
264,0,0.004862963,0.000759541
265,0,-0.000000000,0.000000000
266,0,-0.000000000,0.000000000
267,0,0.143726170,0.040816327
268,0,0.004850167,0.000757289
269,0,0.504155247,0.222820599
270,0,0.096180499,0.024757844
271,0,0.531957992,0.241810919
272,0,0.102782195,0.026867880
273,0,0.155697326,0.045162248
274,0,-0.000000000,0.000000000
275,0,0.143726170,0.040816327
276,0,-0.000000000,0.000000000
277,0,0.143726170,0.040816327
278,0,0.023187512,0.004535147
279,0,0.145750730,0.041543027
280,0,-0.000000000,0.000000000
281,0,-0.000000000,0.000000000
282,0,-0.000000000,0.000000000
283,0,-0.000000000,0.000000000
284,0,-0.000000000,0.000000000
285,0,-0.000000000,0.000000000
286,0,-0.000000000,0.000000000
287,0,-0.000000000,0.000000000
288,0,-0.000000000,0.000000000
289,0,0.985228136,0.857142857
290,0,0.069054382,0.016528926
291,0,0.151096971,0.043478261
292,0,-0.000000000,0.000000000
293,0,-0.000000000,0.000000000
294,0,-0.000000000,0.000000000
295,0,0.985228136,1.142857143
296,0,-0.000000000,0.000000000
297,0,0.143726170,0.040816327
298,0,-0.000000000,0.000000000
299,0,0.503258335,0.222222222
300,0,-0.000000000,0.000000000
301,0,0.503258335,0.222222222
302,0,0.095970403,0.024691358
303,0,0.154729451,0.044806517
304,0,0.025118958,0.004978502
305,0,-0.000000000,0.000000000
306,0,-0.000000000,0.000000000
307,0,0.143726170,0.040816327
308,0,0.004850167,0.000757289
309,0,-0.000000000,0.000000000
310,0,-0.000000000,0.000000000
311,0,-0.000000000,0.000000000
312,0,-0.000000000,0.000000000
313,0,0.143726170,1.959183673
314,0,0.004850167,0.000757289
315,0,0.985956528,0.858710044
316,0,0.276640140,0.095443966
317,0,0.186088955,0.056715880
318,0,-0.000000000,0.000000000
319,0,0.985228136,1.142857143
320,0,0.069054382,0.016528926
321,0,0.065490821,0.015503876
322,0,0.149954706,0.043062811
323,0,0.552382406,0.256328755
324,0,0.107746815,0.028480973
325,0,-0.000000000,0.000000000
326,0,-0.000000000,0.000000000
327,0,-0.000000000,0.000000000
328,0,-0.000000000,0.000000000
329,0,-0.000000000,0.000000000
330,0,-0.000000000,0.000000000
331,0,0.985228136,1.142857143
332,0,0.276195428,0.095238095
333,0,-0.000000000,0.000000000
334,0,-0.000000000,0.000000000
335,0,0.503258335,0.222222222
336,0,0.365055190,0.139534884
337,0,1.029360637,0.913719943
338,0,0.088841111,0.022459964
339,0,0.153736866,0.044442497
340,0,0.110141585,0.029267026
341,0,0.537050383,0.245384447
342,0,-0.000000000,0.000000000
343,0,0.503258335,0.222222222
344,0,-0.000000000,0.000000000
345,0,0.985228136,1.142857143
346,0,0.276195428,0.095238095
347,0,1.026327293,1.033434650
348,0,0.083299525,0.020759278
349,0,0.527408186,0.238643553
350,0,0.022895395,0.004468697
351,0,0.508533213,0.225753921
352,0,0.021816946,0.004224784
353,0,0.145612235,0.041493207
354,0,0.104263808,0.027346940
355,0,0.155910319,0.045240633
356,0,0.025327322,0.005026737
357,0,0.509188943,0.226195075
358,0,0.097362876,0.025132786
359,0,1.002707298,0.907617905
360,0,0.290355144,0.101869798
361,0,-0.000000000,0.000000000
362,0,-0.000000000,0.000000000
363,0,-0.000000000,0.000000000
364,0,-0.000000000,0.000000000
365,0,-0.000000000,0.000000000
366,0,-0.000000000,0.000000000
367,0,-0.000000000,0.000000000
368,0,-0.000000000,0.000000000
369,0,0.503258335,0.222222222
370,0,-0.000000000,0.000000000
371,0,0.143726170,0.040816327
372,0,0.023187512,0.004535147
373,0,-0.000000000,0.000000000
374,0,-0.000000000,0.000000000
375,0,-0.000000000,0.000000000
376,0,-0.000000000,0.000000000
377,0,0.985228136,1.142857143
378,0,-0.000000000,0.000000000
379,0,0.503258335,0.222222222
380,0,0.095970403,0.024691358
381,0,0.531882603,1.758241758
382,0,0.102764055,0.026862027
383,0,0.155694723,0.045161290
384,0,0.025289264,0.005017921
385,0,0.509178589,0.226188105
386,0,-0.000000000,0.000000000
387,0,0.985228136,0.857142857
388,0,-0.000000000,0.000000000
389,0,0.503258335,0.222222222
390,0,-0.000000000,0.000000000
391,0,0.503258335,0.222222222
392,0,0.095970403,0.024691358
393,0,0.531882603,0.241758242
394,0,0.023154724,0.004527681
395,0,0.508602554,0.225800549
396,0,0.021820863,0.004225666
397,0,0.145612628,0.041493348
398,0,0.023517351,0.004610372
399,0,0.508699753,0.225865919
400,0,0.021826354,0.004226902
401,0,-0.000000000,0.000000000
402,0,-0.000000000,0.000000000
403,0,0.143726170,0.040816327
404,0,0.004850167,0.000757289
405,0,0.144064358,0.040937481
406,0,0.004862963,0.000759541
407,0,0.144065364,0.040937841
408,0,0.023246779,0.004548649
409,0,0.145756755,0.041545194
410,0,-0.000000000,0.000000000
411,0,0.503258335,0.222222222
412,0,0.021519932,0.004158004
413,0,0.145582434,0.041482489
414,0,0.004920471,0.000769672
415,0,-0.000000000,0.000000000
416,0,-0.000000000,0.000000000
417,0,0.503258335,0.222222222
418,0,0.021519932,0.004158004
419,0,-0.000000000,0.000000000
420,0,-0.000000000,0.000000000
421,0,-0.000000000,0.000000000
422,0,-0.000000000,0.000000000
423,0,0.503258335,0.222222222
424,0,0.095970403,0.024691358
425,0,-0.000000000,0.000000000
426,0,-0.000000000,0.000000000
427,0,0.503258335,0.222222222
428,0,-0.000000000,0.000000000
429,0,-0.000000000,0.000000000
430,0,-0.000000000,0.000000000
431,0,-0.000000000,0.000000000
432,0,-0.000000000,0.000000000
433,0,0.503258335,0.222222222
434,0,0.021519932,0.004158004
435,0,0.145582434,0.041482489
436,0,-0.000000000,0.000000000
437,0,0.503258335,0.222222222
438,0,0.095970403,0.024691358
439,0,-0.000000000,0.000000000
440,0,-0.000000000,0.000000000
441,0,0.985228136,0.857142857
442,0,0.276195428,0.095238095
443,0,-0.000000000,0.000000000
444,0,-0.000000000,0.000000000
445,0,0.143726170,0.040816327
446,0,0.004850167,0.000757289
447,0,0.504155247,1.777179401
448,0,-0.000000000,0.000000000
449,0,-0.000000000,0.000000000
450,0,0.985228136,0.857142857
451,0,0.549910905,0.254545455
452,0,0.024214427,0.004770017
453,0,0.145855532,0.041580737
454,0,-0.000000000,0.000000000
455,0,0.143726170,0.040816327
456,0,-0.000000000,0.000000000
457,0,-0.000000000,0.000000000
458,0,-0.000000000,0.000000000
459,0,0.985228136,0.857142857
460,0,0.276195428,0.095238095
461,0,-0.000000000,0.000000000
462,0,-0.000000000,0.000000000
463,0,-0.000000000,0.000000000
464,0,-0.000000000,0.000000000
465,0,0.143726170,0.040816327
466,0,0.023187512,0.004535147
467,0,0.145750730,0.041543027
468,0,0.004926853,0.000770798
469,0,0.144070391,0.040939643
470,0,-0.000000000,0.000000000
471,0,0.143726170,0.040816327
472,0,0.004850167,0.000757289
473,0,0.144064358,0.040937481
474,0,0.023246603,0.004548609
475,0,0.989117731,1.134134421
476,0,-0.000000000,0.000000000
477,0,0.143726170,0.040816327
478,0,0.004850167,0.000757289
479,0,-0.000000000,0.000000000
480,0,-0.000000000,0.000000000
481,0,0.503258335,0.222222222
482,0,0.021519932,0.004158004
483,0,-0.000000000,0.000000000
484,0,-0.000000000,0.000000000
485,0,0.143726170,0.040816327
486,0,0.023187512,0.004535147
487,0,0.145750730,0.041543027
488,0,0.004926853,0.000770798
489,0,-0.000000000,0.000000000
490,0,-0.000000000,0.000000000
491,0,0.503258335,0.222222222
492,0,-0.000000000,0.000000000
493,0,0.143726170,0.040816327
494,0,0.023187512,0.004535147
495,0,-0.000000000,0.000000000
496,0,-0.000000000,0.000000000
497,0,-0.000000000,0.000000000
498,0,-0.000000000,0.000000000
499,0,0.143726170,0.040816327
500,0,0.023187512,0.004535147
501,0,-0.000000000,0.000000000
502,0,-0.000000000,0.000000000
503,0,0.143726170,0.040816327
504,0,-0.000000000,0.000000000
505,0,0.143726170,0.040816327
506,0,0.004850167,0.000757289
507,0,0.504155247,0.222820599
508,0,0.021570303,0.004169317
509,0,0.145587483,0.041484305
510,0,-0.000000000,0.000000000
511,0,0.985228136,0.857142857
512,0,-0.000000000,0.000000000
513,0,-0.000000000,0.000000000
514,0,-0.000000000,0.000000000
515,0,0.985228136,1.142857143
516,0,0.069054382,0.016528926
517,0,0.522559375,0.235294118
518,0,0.100530878,0.026143791
519,0,0.155375364,0.045043830
520,0,0.025232903,0.005004870
521,0,0.024807912,0.004906642
522,0,0.145698037,0.041524070
523,0,-0.000000000,0.000000000
524,0,-0.000000000,0.000000000
525,0,0.985228136,0.857142857
526,0,-0.000000000,0.000000000
527,0,0.143726170,0.040816327
528,0,0.004850167,0.000757289
529,0,-0.000000000,0.000000000
530,0,-0.000000000,0.000000000
531,0,-0.000000000,0.000000000
532,0,-0.000000000,0.000000000
533,0,0.143726170,0.040816327
534,0,0.004850167,0.000757289
535,0,0.504155247,0.222820599
536,0,-0.000000000,0.000000000
537,0,0.503258335,0.222222222
538,0,0.021519932,0.004158004
539,0,0.988808991,1.134879598
540,0,0.783553195,0.466018493
541,0,0.881382954,1.399849354
542,0,0.050809705,0.011431523
543,0,0.148826142,0.042653394
544,0,0.106588537,0.028102632
545,0,0.156246276,0.045364347
546,0,0.005327446,0.000841849
547,0,-0.000000000,0.000000000
548,0,-0.000000000,0.000000000
549,0,0.503258335,0.222222222
550,0,0.021519932,0.004158004
551,0,0.508167846,0.225508318
552,0,-0.000000000,0.000000000
553,0,0.143726170,0.040816327
554,0,0.004850167,0.000757289
555,0,0.985956528,0.858710044
556,0,-0.000000000,0.000000000
557,0,0.985228136,0.857142857
558,0,-0.000000000,0.000000000
559,0,0.143726170,0.040816327
560,0,-0.000000000,0.000000000
561,0,0.503258335,0.222222222
562,0,-0.000000000,0.000000000
563,0,-0.000000000,0.000000000
564,0,-0.000000000,0.000000000
565,0,0.143726170,0.040816327
566,0,0.004850167,0.000757289
567,0,0.144064358,0.040937481
568,0,0.023246603,0.004548609
569,0,0.145756737,0.041545188
570,0,0.004927081,0.000770838
571,0,0.144070409,0.040939649
572,0,0.023247661,0.004548850
573,0,-0.000000000,0.000000000
574,0,-0.000000000,0.000000000
575,0,-0.000000000,0.000000000
576,0,-0.000000000,0.000000000
577,0,0.503258335,0.222222222
578,0,-0.000000000,0.000000000
579,0,0.143726170,0.040816327
580,0,0.004850167,0.000757289
581,0,0.504155247,0.222820599
582,0,-0.000000000,0.000000000
583,0,-0.000000000,0.000000000
584,0,-0.000000000,0.000000000
585,0,0.503258335,0.222222222
586,0,0.365055190,0.139534884
587,0,-0.000000000,0.000000000
588,0,-0.000000000,0.000000000
589,0,-0.000000000,0.000000000
590,0,-0.000000000,0.000000000
591,0,0.985228136,0.857142857
592,0,-0.000000000,0.000000000
593,0,0.503258335,0.222222222
594,0,-0.000000000,0.000000000
595,0,-0.000000000,0.000000000
596,0,-0.000000000,0.000000000
597,0,-0.000000000,0.000000000
598,0,-0.000000000,0.000000000
599,0,0.503258335,0.222222222
600,0,0.095970403,0.024691358
601,0,0.531882603,0.241758242
602,0,0.386174950,0.151029748
603,0,0.210680827,1.933399801
604,0,0.035217732,0.007400022
605,0,0.147028769,0.042003512
606,0,0.105288374,0.027679388
607,0,0.156058120,0.045295048
608,0,0.005320220,0.000840560
609,0,0.144101542,0.040950807
610,0,0.004864371,0.000759789
611,0,0.504158206,0.222822574
612,0,0.096181192,0.024758064
613,0,-0.000000000,0.000000000
614,0,-0.000000000,0.000000000
615,0,-0.000000000,0.000000000
616,0,-0.000000000,0.000000000
617,0,0.143726170,0.040816327
618,0,0.023187512,0.004535147
619,0,-0.000000000,0.000000000
620,0,-0.000000000,0.000000000
621,0,0.143726170,0.040816327
622,0,-0.000000000,0.000000000
623,0,-0.000000000,0.000000000
624,0,-0.000000000,0.000000000
625,0,0.503258335,0.222222222
626,0,-0.000000000,0.000000000
627,0,-0.000000000,0.000000000
628,0,-0.000000000,0.000000000
629,0,0.143726170,0.040816327
630,0,-0.000000000,0.000000000
631,0,0.503258335,0.222222222
632,0,0.021519932,0.004158004
633,0,0.145582434,0.041482489
634,0,0.023512068,0.004609165
635,0,-0.000000000,0.000000000
636,0,-0.000000000,0.000000000
637,0,0.143726170,0.040816327
638,0,-0.000000000,0.000000000
639,0,0.503258335,0.222222222
640,0,0.021519932,0.004158004
641,0,0.145582434,0.041482489
642,0,-0.000000000,0.000000000
643,0,-0.000000000,0.000000000
644,0,-0.000000000,0.000000000
645,0,-0.000000000,0.000000000
646,0,-0.000000000,0.000000000
647,0,0.503258335,0.222222222
648,0,0.021519932,0.004158004
649,0,-0.000000000,0.000000000
650,0,-0.000000000,0.000000000
651,0,-0.000000000,0.000000000
652,0,-0.000000000,0.000000000
653,0,0.503258335,0.222222222
654,0,0.095970403,0.024691358
655,0,0.154729451,0.044806517
656,0,0.025118958,0.004978502
657,0,-0.000000000,0.000000000
658,0,-0.000000000,0.000000000
659,0,-0.000000000,0.000000000
660,0,0.503258335,0.222222222
661,0,0.721928095,0.400000000
662,0,0.035810634,0.007547170
663,0,0.147094395,0.042027194
664,0,-0.000000000,0.000000000
665,0,0.503258335,0.222222222
666,0,0.095970403,0.024691358
667,0,0.154729451,0.044806517
668,0,0.005269238,0.000831475
669,0,0.144097486,0.040949353
670,0,0.004864217,0.000759762
671,0,-0.000000000,0.000000000
672,0,-0.000000000,0.000000000
673,0,-0.000000000,0.000000000
674,0,-0.000000000,0.000000000
675,0,0.143726170,0.040816327
676,0,0.004850167,0.000757289
677,0,-0.000000000,0.000000000
678,0,-0.000000000,0.000000000
679,0,-0.000000000,0.000000000
680,0,-0.000000000,0.000000000
681,0,0.143726170,0.040816327
682,0,-0.000000000,0.000000000
683,0,0.143726170,0.040816327
684,0,-0.000000000,0.000000000
685,0,0.985228136,0.857142857
686,0,0.276195428,0.095238095
687,0,0.216396932,0.068965517
688,0,1.037945485,1.033409611
689,0,0.985470469,1.171856837
690,0,0.986750964,1.135317291
691,0,0.732116875,0.341454037
692,0,-0.000000000,0.000000000
693,0,-0.000000000,0.000000000
694,0,-0.000000000,0.000000000
695,0,-0.000000000,0.000000000
696,0,-0.000000000,0.000000000
697,0,-0.000000000,0.000000000
698,0,-0.000000000,0.000000000
699,0,0.143726170,0.040816327
700,0,0.102899790,0.026905830
701,0,0.155714199,0.045168456
702,0,0.005307016,0.000838206
703,0,0.144100491,0.040950431
704,0,0.023252918,0.004550048
705,0,-0.000000000,0.000000000
706,0,-0.000000000,0.000000000
707,0,0.503258335,0.222222222
708,0,0.021519932,0.004158004
709,0,0.508167846,0.225508318
710,0,0.021796313,0.004220139
711,0,-0.000000000,0.000000000
712,0,-0.000000000,0.000000000
713,0,-0.000000000,0.000000000
714,0,-0.000000000,0.000000000
715,0,-0.000000000,0.000000000
716,0,-0.000000000,0.000000000
717,0,0.503258335,0.222222222
718,0,0.365055190,0.139534884
719,0,0.205592508,0.064516129
720,0,0.034280386,0.007168459
721,0,-0.000000000,0.000000000
722,0,-0.000000000,0.000000000
723,0,0.503258335,0.222222222
724,0,0.021519932,0.004158004
725,0,0.021216584,0.004089980
726,0,0.145369887,0.041406067
727,0,0.550560653,0.255013558
728,0,-0.000000000,0.000000000
729,0,-0.000000000,0.000000000
730,0,-0.000000000,0.000000000
731,0,-0.000000000,0.000000000
732,0,-0.000000000,0.000000000
733,0,0.503258335,0.222222222
734,0,0.021519932,0.004158004
735,0,0.145582434,0.041482489
736,0,0.023512068,0.004609165
737,0,-0.000000000,0.000000000
738,0,-0.000000000,0.000000000
739,0,0.143726170,0.040816327
740,0,0.004850167,0.000757289
741,0,0.144064358,0.040937481
742,0,0.023246603,0.004548609
743,0,0.508627155,0.225817093
744,0,0.021822253,0.004225978
745,0,0.145612768,0.041493399
746,0,0.023517376,0.004610378
747,0,0.508699759,1.774134077
748,0,0.021826354,0.004226902
749,0,-0.000000000,0.000000000
750,0,-0.000000000,0.000000000
751,0,0.143726170,0.040816327
752,0,0.004850167,0.000757289
753,0,0.004837167,0.000755002
754,0,-0.000000000,0.000000000
755,0,0.985228136,1.142857143
756,0,0.069054382,0.016528926
757,0,0.522559375,0.235294118
758,0,0.022615977,0.004405286
759,0,0.508458661,1.774296206
760,0,0.021812735,0.004223836
761,0,0.508245279,0.225560357
762,0,0.021800685,0.004221123
763,0,0.988859080,1.134759134
764,0,0.278659396,0.096380706
765,0,-0.000000000,0.000000000
766,0,-0.000000000,0.000000000
767,0,0.503258335,0.222222222
768,0,0.095970403,0.024691358
769,0,0.154729451,0.044806517
770,0,0.025118958,0.004978502
771,0,0.145948558,0.041614217
772,0,-0.000000000,0.000000000
773,0,0.143726170,0.040816327
774,0,0.004850167,0.000757289
775,0,0.504155247,0.222820599
776,0,0.365715958,0.139888709
777,0,-0.000000000,0.000000000
778,0,-0.000000000,0.000000000
779,0,-0.000000000,0.000000000
780,0,-0.000000000,0.000000000
781,0,0.985228136,1.142857143
782,0,0.069054382,0.016528926
783,0,0.151096971,0.043478261
784,0,0.005130273,0.000806777
785,0,0.504213816,0.222859704
786,0,-0.000000000,0.000000000
787,0,0.503258335,0.222222222
788,0,0.095970403,0.024691358
789,0,0.531882603,1.758241758
790,0,0.023154724,0.004527681
791,0,-0.000000000,0.000000000
792,0,-0.000000000,0.000000000
793,0,-0.000000000,0.000000000
794,0,-0.000000000,0.000000000
795,0,0.503258335,0.222222222
796,0,-0.000000000,0.000000000
797,0,-0.000000000,0.000000000
798,0,-0.000000000,0.000000000
799,0,-0.000000000,0.000000000
800,0,-0.000000000,0.000000000
801,0,0.143726170,0.040816327
802,0,0.004850167,0.000757289
803,0,0.985956528,0.858710044
804,0,0.069182853,0.016566135
805,0,0.997581516,1.111556335
806,0,-0.000000000,0.000000000
807,0,-0.000000000,0.000000000
808,0,-0.000000000,0.000000000
809,0,0.143726170,0.040816327
810,0,0.102899790,0.026905830
811,0,0.534388846,0.243512974
812,0,0.023300611,0.004560918
813,0,0.145762230,0.041547164
814,0,0.023543531,0.004616352
815,0,0.145786965,0.041556064
816,0,-0.000000000,0.000000000
817,0,-0.000000000,0.000000000
818,0,-0.000000000,0.000000000
819,0,0.143726170,0.040816327
820,0,0.102899790,0.026905830
821,0,1.003690120,1.092655717
822,0,-0.000000000,0.000000000
823,0,-0.000000000,0.000000000
824,0,-0.000000000,0.000000000
825,0,0.985228136,0.857142857
826,0,0.276195428,0.095238095
827,0,0.185997890,1.943319838
828,0,0.030706032,0.006297796
829,0,0.146537138,0.041826215
830,0,-0.000000000,0.000000000
831,0,-0.000000000,0.000000000
832,0,-0.000000000,0.000000000
833,0,0.143726170,0.040816327
834,0,0.023187512,0.004535147
835,0,0.508611331,0.225806452
836,0,0.368999728,0.141652614
837,0,0.651991986,0.335033050
838,0,-0.000000000,0.000000000
839,0,0.143726170,0.040816327
840,0,0.004850167,0.000757289
841,0,-0.000000000,0.000000000
842,0,-0.000000000,0.000000000
843,0,0.985228136,1.142857143
844,0,0.276195428,0.095238095
845,0,-0.000000000,0.000000000
846,0,-0.000000000,0.000000000
847,0,0.503258335,0.222222222
848,0,-0.000000000,0.000000000
849,0,0.143726170,0.040816327
850,0,-0.000000000,0.000000000
851,0,-0.000000000,0.000000000
852,0,-0.000000000,0.000000000
853,0,0.503258335,0.222222222
854,0,-0.000000000,0.000000000
855,0,0.503258335,0.222222222
856,0,0.095970403,0.024691358
857,0,0.088879696,0.022471910
858,0,-0.000000000,0.000000000
859,0,0.143726170,0.040816327
860,0,-0.000000000,0.000000000
861,0,0.143726170,0.040816327
862,0,0.023187512,0.004535147
863,0,-0.000000000,0.000000000
864,0,-0.000000000,0.000000000
865,0,-0.000000000,0.000000000
866,0,-0.000000000,0.000000000
867,0,0.503258335,0.222222222
868,0,0.095970403,0.024691358
869,0,0.154729451,0.044806517
870,0,0.005269238,0.000831475
871,0,0.144097486,0.040949353
872,0,0.004864217,0.000759762
873,0,-0.000000000,0.000000000
874,0,-0.000000000,0.000000000
875,0,-0.000000000,0.000000000
876,0,-0.000000000,0.000000000
877,0,0.503258335,0.222222222
878,0,0.021519932,0.004158004
879,0,0.988808991,0.865711331
880,0,0.069756341,0.016732452
881,0,-0.000000000,0.000000000
882,0,-0.000000000,0.000000000
883,0,-0.000000000,0.000000000
884,0,-0.000000000,0.000000000
885,0,0.143726170,0.040816327
886,0,0.004850167,0.000757289
887,0,-0.000000000,0.000000000
888,0,-0.000000000,0.000000000
889,0,0.985228136,0.857142857
890,0,-0.000000000,0.000000000
891,0,0.985228136,0.857142857
892,0,0.069054382,0.016528926
893,0,0.522559375,0.235294118
894,0,0.100530878,0.026143791
895,0,0.533527509,0.242909091
896,0,0.103160158,0.026989899
897,0,0.155751577,0.045182210
898,0,0.005308451,0.000838461
899,0,-0.000000000,0.000000000
900,0,-0.000000000,0.000000000
901,0,0.143726170,0.040816327
902,0,0.004850167,0.000757289
903,0,0.985956528,0.858710044
904,0,0.069182853,0.016566135
905,0,0.522602183,0.235323572
906,0,0.022618436,0.004405844
907,0,0.145693031,0.041522269
908,0,0.023531421,0.004613585
909,0,-0.000000000,0.000000000
910,0,-0.000000000,0.000000000
911,0,0.985228136,1.142857143
912,0,-0.000000000,0.000000000
913,0,-0.000000000,0.000000000
914,0,-0.000000000,0.000000000
915,0,0.143726170,0.040816327
916,0,-0.000000000,0.000000000
917,0,-0.000000000,0.000000000
918,0,0.985228136,0.857142857
919,0,-0.000000000,0.000000000
920,0,-0.000000000,0.000000000
921,0,0.143726170,0.040816327
922,0,0.004850167,0.000757289
923,0,0.144064358,0.040937481
924,0,0.023246603,0.004548609
925,0,0.145756737,0.041545188
926,0,-0.000000000,0.000000000
927,0,0.143726170,0.040816327
928,0,-0.000000000,0.000000000
929,0,0.143726170,0.040816327
930,0,0.004850167,0.000757289
931,0,0.144064358,1.959062519
932,0,0.023246603,0.004548609
933,0,-0.000000000,0.000000000
934,0,-0.000000000,0.000000000
935,0,-0.000000000,0.000000000
936,0,-0.000000000,0.000000000
937,0,-0.000000000,0.000000000
938,0,-0.000000000,0.000000000
939,0,0.503258335,1.777777778
940,0,-0.000000000,0.000000000
941,0,0.143726170,0.040816327
942,0,0.102899790,0.026905830
943,0,0.155714199,0.045168456
944,0,0.005307016,0.000838206
945,0,0.144100491,0.040950431
946,0,0.004864331,0.000759782
947,0,0.004851251,0.000757480
948,0,0.504065845,0.222760915
949,0,0.722364235,1.599563645
950,0,-0.000000000,0.000000000
951,0,0.503258335,0.222222222
952,0,-0.000000000,0.000000000
953,0,-0.000000000,0.000000000
954,0,-0.000000000,0.000000000
955,0,0.143726170,0.040816327
956,0,0.023187512,0.004535147
957,0,0.145750730,0.041543027
958,0,0.004926853,0.000770798
959,0,0.144070391,0.040939643
960,0,-0.000000000,0.000000000
961,0,-0.000000000,0.000000000
962,0,-0.000000000,0.000000000
963,0,0.143726170,1.959183673
964,0,0.023187512,0.004535147
965,0,0.508611331,0.225806452
966,0,-0.000000000,0.000000000
967,0,0.143726170,0.040816327
968,0,-0.000000000,0.000000000
969,0,0.143726170,0.040816327
970,0,0.023187512,0.004535147
971,0,-0.000000000,0.000000000
972,0,-0.000000000,0.000000000
973,0,0.985228136,1.142857143
974,0,0.276195428,0.095238095
975,0,0.185997890,0.056680162
976,0,0.030706032,0.006297796
977,0,0.510680051,1.772800000
978,0,-0.000000000,0.000000000
979,0,0.503258335,0.222222222
980,0,-0.000000000,0.000000000
981,0,-0.000000000,0.000000000
982,0,-0.000000000,0.000000000
983,0,0.503258335,0.222222222
984,0,0.021519932,0.004158004
985,0,0.508167846,0.225508318
986,0,-0.000000000,0.000000000
987,0,0.985228136,1.142857143
988,0,0.779349837,0.461538462
989,0,0.351380926,0.132295720
990,0,0.013688237,0.002465018
991,0,-0.000000000,0.000000000
992,0,-0.000000000,0.000000000
993,0,0.503258335,1.777777778
994,0,-0.000000000,0.000000000
995,0,-0.000000000,0.000000000
996,0,-0.000000000,0.000000000
997,0,-0.000000000,0.000000000
998,0,-0.000000000,0.000000000
999,0,0.143726170,0.040816327
1000,0,0.023187512,0.004535147
1001,0,-0.000000000,0.000000000
1002,0,-0.000000000,0.000000000
1003,0,-0.000000000,0.000000000
1004,0,-0.000000000,0.000000000
1005,0,-0.000000000,0.000000000
1006,0,-0.000000000,0.000000000
1007,0,0.143726170,0.040816327
1008,0,-0.000000000,0.000000000
1009,0,0.503258335,0.222222222
1010,0,-0.000000000,0.000000000
1011,0,0.143726170,0.040816327
1012,0,0.004850167,0.000757289
1013,0,0.504155247,0.222820599
1014,0,0.096180499,0.024757844
1015,0,1.002496191,0.906887501
1016,0,0.073114924,0.017713455
1017,0,-0.000000000,0.000000000
1018,0,-0.000000000,0.000000000
1019,0,0.143726170,0.040816327
1020,0,0.004850167,0.000757289
1021,0,0.504155247,0.222820599
1022,0,-0.000000000,0.000000000
1023,0,0.503258335,0.222222222
1024,0,0.021519932,0.004158004
1025,0,-0.000000000,0.000000000
1026,0,-0.000000000,0.000000000
1027,0,0.503258335,0.222222222
1028,0,0.095970403,0.024691358
1029,0,0.154729451,0.044806517
1030,0,-0.000000000,0.000000000
1031,0,0.503258335,0.222222222
1032,0,0.095970403,0.024691358
1033,0,1.002458636,0.906757913
1034,0,0.073104391,0.017710360
1035,0,0.151623017,0.043669948
1036,0,-0.000000000,0.000000000
1037,0,0.143726170,0.040816327
1038,0,0.023187512,0.004535147
1039,0,-0.000000000,0.000000000
1040,0,-0.000000000,0.000000000
1041,0,0.143726170,0.040816327
1042,0,-0.000000000,0.000000000
1043,0,-0.000000000,0.000000000
1044,0,-0.000000000,0.000000000
1045,0,0.143726170,0.040816327
1046,0,-0.000000000,0.000000000
1047,0,-0.000000000,0.000000000
1048,0,-0.000000000,0.000000000
1049,0,0.143726170,0.040816327
1050,0,0.004850167,0.000757289
1051,0,0.504155247,0.222820599
1052,0,-0.000000000,0.000000000
1053,0,0.503258335,0.222222222
1054,0,0.021519932,0.004158004
1055,0,0.021216584,0.004089980
1056,0,-0.000000000,0.000000000
1057,0,-0.000000000,0.000000000
1058,0,-0.000000000,0.000000000
1059,0,0.143726170,0.040816327
1060,0,0.004850167,0.000757289
1061,0,-0.000000000,0.000000000
1062,0,-0.000000000,0.000000000
1063,0,0.143726170,0.040816327
1064,0,0.004850167,0.000757289
1065,0,0.144064358,0.040937481
1066,0,-0.000000000,0.000000000
1067,0,0.143726170,0.040816327
1068,0,0.023187512,0.004535147
1069,0,0.145750730,0.041543027
1070,0,0.004926853,0.000770798
1071,0,0.504171235,0.222831274
1072,0,0.021571201,0.004169519
1073,0,-0.000000000,0.000000000
1074,0,-0.000000000,0.000000000
1075,0,0.503258335,0.222222222
1076,0,-0.000000000,0.000000000
1077,0,0.503258335,0.222222222
1078,0,0.021519932,0.004158004
1079,0,0.145582434,0.041482489
1080,0,-0.000000000,0.000000000
1081,0,0.143726170,1.959183673
1082,0,-0.000000000,0.000000000
1083,0,0.143726170,0.040816327
1084,0,-0.000000000,0.000000000
1085,0,0.503258335,0.222222222
1086,0,-0.000000000,0.000000000
1087,0,-0.000000000,0.000000000
1088,0,-0.000000000,0.000000000
1089,0,0.503258335,0.222222222
1090,0,-0.000000000,0.000000000
1091,0,-0.000000000,0.000000000
1092,0,-0.000000000,0.000000000
1093,0,0.143726170,0.040816327
1094,0,0.004850167,0.000757289
1095,0,0.504155247,0.222820599
1096,0,0.096180499,0.024757844
1097,0,0.154759021,0.044817374
1098,0,0.005270372,0.000831677
1099,0,0.144097576,0.040949386
1100,0,0.023252408,0.004549932
1101,0,0.145757327,0.041545400
1102,0,-0.000000000,0.000000000
1103,0,0.503258335,0.222222222
1104,0,0.095970403,0.024691358
1105,0,0.531882603,0.241758242
1106,0,-0.000000000,0.000000000
1107,0,0.143726170,0.040816327
1108,0,-0.000000000,0.000000000
1109,0,0.143726170,0.040816327
1110,0,0.004850167,0.000757289
1111,0,0.144064358,0.040937481
1112,0,-0.000000000,0.000000000
1113,0,0.503258335,0.222222222
1114,0,0.021519932,0.004158004
1115,0,-0.000000000,0.000000000
1116,0,-0.000000000,0.000000000
1117,0,0.143726170,0.040816327
1118,0,0.023187512,0.004535147
1119,0,0.145750730,0.041543027
1120,0,0.104363976,0.027379400
1121,0,0.534923543,0.243888284
1122,0,0.103496831,0.027098698
1123,0,-0.000000000,0.000000000
1124,0,-0.000000000,0.000000000
1125,0,0.143726170,0.040816327
1126,0,0.004850167,0.000757289
1127,0,0.144064358,0.040937481
1128,0,0.023246603,0.004548609
1129,0,0.145756737,0.041545188
1130,0,0.004927081,0.000770838
1131,0,0.985968815,0.858738056
1132,0,0.069185149,0.016566800
1133,0,0.151113836,0.043484403
1134,0,0.024482285,0.004831600
1135,0,0.508959721,0.226040808
1136,0,-0.000000000,0.000000000
1137,0,0.985228136,1.142857143
1138,0,0.069054382,0.016528926
1139,0,-0.000000000,0.000000000
1140,0,-0.000000000,0.000000000
1141,0,0.985228136,1.142857143
1142,0,-0.000000000,0.000000000
1143,0,-0.000000000,0.000000000
1144,0,-0.000000000,0.000000000
1145,0,0.503258335,0.222222222
1146,0,0.365055190,0.139534884
1147,0,0.205592508,0.064516129
1148,0,0.034280386,0.007168459
1149,0,-0.000000000,0.000000000
1150,0,-0.000000000,0.000000000
1151,0,0.503258335,0.222222222
1152,0,-0.000000000,0.000000000
1153,0,0.143726170,0.040816327
1154,0,0.023187512,0.004535147
1155,0,-0.000000000,0.000000000
1156,0,-0.000000000,0.000000000
1157,0,0.503258335,0.222222222
1158,0,0.021519932,0.004158004
1159,0,-0.000000000,0.000000000
1160,0,-0.000000000,0.000000000
1161,0,0.143726170,0.040816327
1162,0,0.023187512,0.004535147
1163,0,0.145750730,0.041543027
1164,0,0.104363976,0.027379400
1165,0,-0.000000000,0.000000000
1166,0,-0.000000000,0.000000000
1167,0,-0.000000000,0.000000000
1168,0,-0.000000000,0.000000000
1169,0,0.143726170,1.959183673
1170,0,-0.000000000,0.000000000
1171,0,-0.000000000,0.000000000
1172,0,-0.000000000,0.000000000
1173,0,0.143726170,0.040816327
1174,0,-0.000000000,0.000000000
1175,0,0.503258335,0.222222222
1176,0,-0.000000000,0.000000000
1177,0,-0.000000000,0.000000000
1178,0,-0.000000000,0.000000000
1179,0,0.503258335,0.222222222
1180,0,0.021519932,0.004158004
1181,0,-0.000000000,0.000000000
1182,0,-0.000000000,0.000000000
1183,0,0.143726170,0.040816327
1184,0,0.004850167,0.000757289
1185,0,0.504155247,0.222820599
1186,0,0.096180499,0.024757844
1187,0,1.002496191,0.906887501
1188,0,0.290152600,0.101773816
1189,0,0.613697370,1.696906645
1190,0,0.123301252,0.033677039
1191,0,0.158723456,0.046279380
1192,0,-0.000000000,0.000000000
1193,0,0.143726170,0.040816327
1194,0,0.023187512,0.004535147
1195,0,0.145750730,0.041543027
1196,0,-0.000000000,0.000000000
1197,0,-0.000000000,0.000000000
1198,0,-0.000000000,0.000000000
1199,0,0.143726170,0.040816327
1200,0,0.004850167,0.000757289
1201,0,0.144064358,0.040937481
1202,0,0.004862963,0.000759541
1203,0,0.504157912,0.222822379
1204,0,0.021570452,0.004169351
1205,0,-0.000000000,0.000000000
1206,0,-0.000000000,0.000000000
1207,0,0.143726170,0.040816327
1208,0,0.023187512,0.004535147
1209,0,0.508611331,0.225806452
1210,0,0.021821359,0.004225777
1211,0,0.145612678,0.041493366
1212,0,-0.000000000,0.000000000
1213,0,0.143726170,0.040816327
1214,0,-0.000000000,0.000000000
1215,0,0.143726170,0.040816327
1216,0,0.023187512,0.004535147
1217,0,0.989107139,1.134160090
1218,0,0.783926227,0.466421558
1219,0,0.353630082,0.133475588
1220,0,0.255439651,0.085802465
1221,0,-0.000000000,0.000000000
1222,0,-0.000000000,0.000000000
1223,0,0.143726170,0.040816327
1224,0,0.004850167,0.000757289
1225,0,0.504155247,0.222820599
1226,0,0.021570303,0.004169317
1227,0,0.508181153,0.225517261
1228,0,0.021797064,0.004220308
1229,0,-0.000000000,0.000000000
1230,0,-0.000000000,0.000000000
1231,0,0.143726170,0.040816327
1232,0,0.004850167,0.000757289
1233,0,0.144064358,0.040937481
1234,0,0.004862963,0.000759541
1235,0,0.504157912,0.222822379
1236,0,-0.000000000,0.000000000
1237,0,0.143726170,0.040816327
1238,0,0.004850167,0.000757289
1239,0,0.023127475,0.004521477
1240,0,0.517596478,0.228133436
1241,0,0.365791489,0.136581428
1242,0,0.267320228,0.096059105
1243,0,0.053196397,0.030185086
1244,0,0.016676148,0.006128145
1245,0,0.153947058,0.045204268
1246,0,0.024254088,0.004871171
1247,0,0.001147932,0.000422217
1248,0,0.000333207,0.000085515
1249,0,0.001232640,0.000414156
1250,0,0.000068460,0.000015066
1251,0,0.985247502,0.857147376
1252,0,0.000020834,0.000004308
1253,0,0.503265999,0.222224066
1254,0,0.021522349,0.004158444
1255,0,0.094704763,0.024291602
1256,0,1.122927373,1.137137357
1257,0,1.119998148,1.103993171
1258,0,0.153407368,0.093967939
1259,0,0.311371352,0.158082504
1260,0,0.176398718,0.093906816
1261,0,0.545485791,0.245495433
1262,0,0.036219095,0.009517298
1263,0,0.008297045,0.003412251
1264,0,0.000994564,0.000254177
1265,0,0.985303022,0.857161174
1266,0,0.069076880,0.016533392
1267,0,0.000014368,0.000003286
1268,0,0.000000296,0.000000042
1269,0,0.000000303,0.000000052
1270,0,0.000000006,0.000000001
1271,0,0.000000005,0.000000001
1272,0,0.985228153,1.142857144
1273,0,0.735955559,0.344827587
1274,0,0.135759686,0.037989902
1275,0,0.160638845,0.046990307
1276,0,0.000000001,0.000000000
1277,0,0.000000002,0.000000000
1278,0,0.000000000,0.000000000
1279,0,0.985228136,1.142857143
1280,0,0.069054382,0.016528926
1281,0,0.522559375,0.235294118
1282,0,0.379288488,0.147239264
1283,0,0.657154207,0.339518900
1284,0,0.135003348,0.037724322
1285,0,0.160520925,0.046946454
1286,0,0.005492052,0.000871272
1287,0,0.144115257,0.040955723
1288,0,0.004864890,0.000759880
1289,0,0.985958879,0.858715401
1290,0,0.069183292,0.016566262
1291,0,0.151113597,0.043484316
1292,0,0.005130908,0.000806890
1293,0,0.144086507,0.040945419
1294,0,0.004863802,0.000759689
1295,0,0.144065430,0.040937865
1296,0,0.004863004,0.000759548
1297,0,0.144065367,0.040937842
1298,0,0.000000000,0.000000000
1299,0,0.985228136,1.142857143
1300,0,0.000000000,0.000000000
1301,0,0.503258335,0.222222222
1302,0,0.000000000,0.000000000
1303,0,0.000000000,0.000000000
1304,0,0.000000000,0.000000000
1305,0,0.000000000,0.000000000
1306,0,0.000000000,0.000000000
1307,0,0.143726170,0.040816327
1308,0,0.004850167,0.000757289
1309,0,0.504155247,0.222820599
1310,0,0.000000000,0.000000000
1311,0,0.143726170,0.040816327
1312,0,0.000000000,0.000000000
1313,0,0.143726170,0.040816327
1314,0,0.004850167,0.000757289
1315,0,0.144064358,0.040937481
1316,0,0.004862963,0.000759541
1317,0,0.504157912,0.222822379
1318,0,0.096181123,0.024758042
1319,0,1.002496303,0.906887886
1320,0,0.073114956,0.017713464
1321,0,0.523920766,0.236231833
1322,0,0.100855718,0.026247981
1323,0,-0.000000000,0.000000000
1324,0,-0.000000000,0.000000000
1325,0,0.143726170,0.040816327
1326,0,0.102899790,0.026905830
1327,0,0.155714199,0.045168456
1328,0,0.025292702,0.005018717
1329,0,0.509179524,0.226188734
1330,0,0.021853467,0.004233007
1331,0,0.508256066,0.225567607
1332,0,0.021801294,0.004221260
1333,0,0.145610662,0.041492641
1334,0,-0.000000000,0.000000000
1335,0,-0.000000000,0.000000000
1336,0,0.143726170,0.040816327
1337,0,0.161893568,0.047457627
1338,0,0.026386263,0.005273070
1339,0,-0.000000000,0.000000000
1340,0,-0.000000000,0.000000000
1341,0,0.143726170,0.040816327
1342,0,0.004850167,0.000757289
1343,0,0.985956528,1.141398038
1344,0,0.069182853,0.016566135
1345,0,0.997581516,0.890762244
1346,0,0.288436759,0.100356028
1347,0,0.614356893,1.699450761
1348,0,0.031305498,0.006775588
1349,0,0.003502598,0.001400340
1350,0,0.000408403,0.000117482
1351,0,0.144162878,0.040962423
1352,0,0.004979303,0.000787943
1353,0,0.000143719,0.000040380
1354,0,0.000020240,0.000004206
1355,0,0.143740507,0.040819745
1356,0,0.004850885,0.000757408
1357,0,0.504155495,0.222820649
1358,0,0.000000256,0.000000041
1359,0,0.000000020,0.000000002
1360,0,0.985228201,0.857142866
1361,0,0.735955663,1.714285730
1362,0,0.135759701,0.037989904
1363,0,0.160638847,0.046990307
1364,0,0.000000003,0.000000000
1365,0,0.503258338,0.222222223
1366,0,0.095970404,0.024691358
1367,0,0.531882603,0.241758242
1368,0,0.023154724,0.004527681
1369,0,0.000000000,0.000000000
1370,0,0.000000000,0.000000000
1371,0,0.503258335,0.222222222
1372,0,0.095970403,0.024691358
1373,0,-0.000000000,0.000000000
1374,0,-0.000000000,0.000000000
1375,0,0.143726170,0.040816327
1376,0,0.004850167,0.000757289
1377,0,0.144064358,0.040937481
1378,0,0.004862963,0.000759541
1379,0,-0.000000000,0.000000000
1380,0,-0.000000000,0.000000000
1381,0,0.143726170,0.040816327
1382,0,-0.000000000,0.000000000
1383,0,-0.000000000,0.000000000
1384,0,-0.000000000,0.000000000
1385,0,-0.000000000,0.000000000
1386,0,0.143726170,0.040816327
1387,0,-0.000000000,0.000000000
1388,0,-0.000000000,0.000000000
1389,0,0.985228136,0.857142857
1390,0,0.779349837,0.461538462
1391,0,0.351380926,0.132295720
1392,0,-0.000000000,0.000000000
1393,0,-0.000000000,0.000000000
1394,0,-0.000000000,0.000000000
1395,0,-0.000000000,0.000000000
1396,0,-0.000000000,0.000000000
1397,0,0.143726170,0.040816327
1398,0,-0.000000000,0.000000000
1399,0,0.503258335,0.222222222
1400,0,0.021519932,0.004158004
1401,0,0.145582434,1.958517511
1402,0,-0.000000000,0.000000000
1403,0,0.143726170,1.959183673
1404,0,-0.000000000,0.000000000
1405,0,0.143726170,0.040816327
1406,0,-0.000000000,0.000000000
1407,0,0.985228136,1.142857143
1408,0,-0.000000000,0.000000000
1409,0,-0.000000000,0.000000000
1410,0,-0.000000000,0.000000000
1411,0,0.143726170,0.040816327
1412,0,0.004850167,0.000757289
1413,0,0.144064358,0.040937481
1414,0,-0.000000000,0.000000000
1415,0,0.503258335,1.777777778
1416,0,-0.000000000,0.000000000
1417,0,-0.000000000,0.000000000
1418,0,-0.000000000,0.000000000
1419,0,0.143726170,0.040816327
1420,0,0.023187512,0.004535147
1421,0,-0.000000000,0.000000000
1422,0,-0.000000000,0.000000000
1423,0,0.503258335,0.222222222
1424,0,0.021519932,0.004158004
1425,0,-0.000000000,0.000000000
1426,0,-0.000000000,0.000000000
1427,0,0.503258335,0.222222222
1428,0,0.095970403,0.024691358
1429,0,0.531882603,0.241758242
1430,0,-0.000000000,0.000000000
1431,0,0.503258335,0.222222222
1432,0,0.021519932,0.004158004
1433,0,0.988808991,1.134879598
1434,0,0.069756341,0.016732452
1435,0,0.151187600,0.043511269
1436,0,-0.000000000,0.000000000
1437,0,-0.000000000,0.000000000
1438,0,-0.000000000,0.000000000
1439,0,-0.000000000,0.000000000
1440,0,-0.000000000,0.000000000
1441,0,0.143726170,1.959183673
1442,0,0.004850167,0.000757289
1443,0,0.144064358,0.040937481
1444,0,0.004862963,0.000759541
1445,0,0.985958571,1.141393703
1446,0,-0.000000000,0.000000000
1447,0,0.985228136,1.142857143
1448,0,0.069054382,0.016528926
1449,0,0.522559375,0.235294118
1450,0,-0.000000000,0.000000000
1451,0,0.143726170,0.040816327
1452,0,-0.000000000,0.000000000
1453,0,-0.000000000,0.000000000
1454,0,-0.000000000,0.000000000
1455,0,-0.000000000,0.000000000
1456,0,-0.000000000,0.000000000
1457,0,0.503258335,0.222222222
1458,0,-0.000000000,0.000000000
1459,0,-0.000000000,0.000000000
1460,0,-0.000000000,0.000000000
1461,0,0.503258335,0.222222222
1462,0,-0.000000000,0.000000000
1463,0,-0.000000000,0.000000000
1464,0,0.143726170,0.040816327
1465,0,0.161893568,0.047457627
1466,0,-0.000000000,0.000000000
1467,0,0.143726170,0.040816327
1468,0,0.004850167,0.000757289
1469,0,-0.000000000,0.000000000
1470,0,-0.000000000,0.000000000
1471,0,0.985228136,0.857142857
1472,0,0.069054382,0.016528926
1473,0,-0.000000000,0.000000000
1474,0,-0.000000000,0.000000000
1475,0,0.985228136,1.142857143
1476,0,0.276195428,0.095238095
1477,0,-0.000000000,0.000000000
1478,0,-0.000000000,0.000000000
1479,0,0.503258335,1.777777778
1480,0,0.095970403,0.024691358
1481,0,-0.000000000,0.000000000
1482,0,-0.000000000,0.000000000
1483,0,0.985228136,1.142857143
1484,0,0.276195428,0.095238095
1485,0,0.607171655,0.297872340
1486,0,-0.000000000,0.000000000
1487,0,0.503258335,0.222222222
1488,0,0.021519932,0.004158004
1489,0,-0.000000000,0.000000000
1490,0,-0.000000000,0.000000000
1491,0,0.143726170,0.040816327
1492,0,-0.000000000,0.000000000
1493,0,-0.000000000,0.000000000
1494,0,-0.000000000,0.000000000
1495,0,0.985228136,1.142857143
1496,0,0.069054382,0.016528926
1497,0,0.151096971,0.043478261
1498,0,0.005130273,0.000806777
1499,0,0.144086457,0.040945401
1500,0,-0.000000000,0.000000000
1501,0,0.143726170,1.959183673
1502,0,0.004850167,0.000757289
1503,0,0.144064358,0.040937481
1504,0,-0.000000000,0.000000000
1505,0,0.143726170,0.040816327
1506,0,0.004850167,0.000757289
1507,0,-0.000000000,0.000000000
1508,0,-0.000000000,0.000000000
1509,0,0.503258335,0.222222222
1510,0,0.095970403,0.024691358
1511,0,0.531882603,0.241758242
1512,0,0.102764055,0.026862027
1513,0,0.534339367,0.243478261
1514,0,0.103355893,0.027053140
1515,0,0.155779695,0.045192557
1516,0,0.025304263,0.005021395
1517,0,0.509182669,0.226190851
1518,0,0.021853645,0.004233047
1519,0,-0.000000000,0.000000000
1520,0,-0.000000000,0.000000000
1521,0,-0.000000000,0.000000000
1522,0,-0.000000000,0.000000000
1523,0,-0.000000000,0.000000000
1524,0,-0.000000000,0.000000000
1525,0,0.503258335,0.222222222
1526,0,0.021519932,0.004158004
1527,0,0.988808991,1.134879598
1528,0,-0.000000000,0.000000000
1529,0,-0.000000000,0.000000000
1530,0,-0.000000000,0.000000000
1531,0,-0.000000000,0.000000000
1532,0,-0.000000000,0.000000000
1533,0,0.143726170,0.040816327
1534,0,-0.000000000,0.000000000
1535,0,0.503258335,0.222222222
1536,0,0.021519932,0.004158004
1537,0,0.988808991,1.134879598
1538,0,0.783553195,0.466018493
1539,0,0.881382954,0.600150646
1540,0,0.210882956,0.066683405
1541,0,0.577794634,0.275106261
1542,0,0.114069414,0.030567362
1543,0,0.157341784,0.045768397
1544,0,-0.000000000,0.000000000
1545,0,0.143726170,0.040816327
1546,0,-0.000000000,0.000000000
1547,0,-0.000000000,0.000000000
1548,0,-0.000000000,0.000000000
1549,0,-0.000000000,0.000000000
1550,0,-0.000000000,0.000000000
1551,0,0.143726170,0.040816327
1552,0,0.004850167,0.000757289
1553,0,0.144064358,0.040937481
1554,0,0.103144358,0.026984796
1555,0,0.155749308,0.045181375
1556,0,0.005308364,0.000838446
1557,0,-0.000000000,0.000000000
1558,0,-0.000000000,0.000000000
1559,0,-0.000000000,0.000000000
1560,0,-0.000000000,0.000000000
1561,0,0.143726170,0.040816327
1562,0,-0.000000000,0.000000000
1563,0,0.503258335,0.222222222
1564,0,0.021519932,0.004158004
1565,0,0.508167846,0.225508318
1566,0,0.021796313,0.004220139
1567,0,0.145610162,0.041492461
1568,0,-0.000000000,0.000000000
1569,0,0.985228136,1.142857143
1570,0,0.276195428,0.095238095
1571,0,0.185997890,0.056680162
1572,0,0.006490338,0.001052394
1573,0,-0.000000000,0.000000000
1574,0,-0.000000000,0.000000000
1575,0,0.985228136,0.857142857
1576,0,0.069054382,0.016528926
1577,0,0.151096971,0.043478261
1578,0,0.024479319,0.004830918
1579,0,0.989339094,1.133596296
1580,0,-0.000000000,0.000000000
1581,0,0.143726170,0.040816327
1582,0,-0.000000000,0.000000000
1583,0,-0.000000000,0.000000000
1584,0,-0.000000000,0.000000000
1585,0,0.143726170,0.040816327
1586,0,0.004850167,0.000757289
1587,0,0.504155247,0.222820599
1588,0,-0.000000000,0.000000000
1589,0,-0.000000000,0.000000000
1590,0,-0.000000000,0.000000000
1591,0,0.143726170,0.040816327
1592,0,0.004850167,0.000757289
1593,0,0.504155247,0.222820599
1594,0,0.021570303,0.004169317
1595,0,0.145587483,0.041484305
1596,0,-0.000000000,0.000000000
1597,0,0.503258335,0.222222222
1598,0,0.021519932,0.004158004
1599,0,-0.000000000,0.000000000
1600,0,-0.000000000,0.000000000
1601,0,0.143726170,0.040816327
1602,0,0.004850167,0.000757289
1603,0,0.004837167,0.000755002
1604,0,0.993135033,1.142673789
1605,0,0.552666958,1.745543342
1606,0,0.109917037,0.029183835
1607,0,0.158935661,0.046397620
1608,0,0.006145601,0.001062659
1609,0,0.144627127,0.041120161
1610,0,0.004995399,0.000790689
1611,0,0.144154290,0.040961749
1612,0,0.004937044,0.000777281
1613,0,0.504231258,0.222841969
1614,0,0.096203483,0.024762850
1615,0,0.000020599,0.000005247
1616,0,0.000036038,0.000008801
1617,0,0.000023999,0.000005802
1618,0,0.000001482,0.000000247
1619,0,0.143726905,0.040816452
1620,0,0.000003025,0.000000559
1621,0,0.143727208,0.040816507
1622,0,0.000000936,0.000000141
1623,0,0.143726291,0.040816345
1624,0,0.000000047,0.000000006
1625,0,0.985228142,1.142857143
1626,0,0.000000006,0.000000001
1627,0,0.503258337,0.222222223
1628,0,0.021519933,0.004158004
1629,0,0.145582434,0.041482489
1630,0,0.023512068,0.004609165
1631,0,0.023146140,0.004525726
1632,0,0.000000000,0.000000000
1633,0,0.503258335,0.222222222
1634,0,0.000000000,0.000000000
1635,0,0.143726170,0.040816327
1636,0,0.000000000,0.000000000
1637,0,0.503258335,1.777777778
1638,0,0.095970403,0.024691358
1639,0,0.000000000,0.000000000
1640,0,0.000000000,0.000000000
1641,0,0.000000000,0.000000000
1642,0,0.000000000,0.000000000
1643,0,0.503258335,0.222222222
1644,0,0.021519932,0.004158004
1645,0,0.000000000,0.000000000
1646,0,0.000000000,0.000000000
1647,0,0.143726170,0.040816327
1648,0,0.000000000,0.000000000
1649,0,0.000000000,0.000000000
1650,0,0.000000000,0.000000000
1651,0,0.143726170,1.959183673
1652,0,0.004850167,0.000757289
1653,0,0.985956528,1.141398038
1654,0,0.276825153,0.095476663
1655,0,0.607557432,0.298087995
1656,0,0.027962348,0.005648377
1657,0,0.510058286,1.773377979
1658,0,0.000209232,0.000050095
1659,0,0.143817672,0.040841108
1660,0,0.023194471,0.004536626
1661,0,0.989113063,0.866485410
1662,0,0.000004122,0.000000786
1663,0,0.143730375,0.040817271
1664,0,0.004850273,0.000757304
1665,0,0.144064398,0.040937487
1666,0,0.000000038,0.000000005
1667,0,0.000000015,0.000000003
1668,0,0.000000016,0.000000003
1669,0,0.143726177,0.040816328
1670,0,0.102899791,0.026905830
1671,0,0.534388847,0.243512974
1672,0,0.023300611,0.004560918
1673,0,0.145762230,0.041547164
1674,0,0.000000000,0.000000000
1675,0,0.985228136,0.857142857
1676,0,0.000000000,0.000000000
1677,0,0.143726170,0.040816327
1678,0,0.000000000,0.000000000
1679,0,0.143726170,0.040816327
1680,0,0.023187512,0.004535147
1681,0,0.022832202,0.004454343
1682,0,0.990576118,0.865854045
1683,0,0.999186698,0.940819917
1684,0,0.297862691,0.105112120
1685,0,-0.000000000,0.000000000
1686,0,-0.000000000,0.000000000
1687,0,-0.000000000,0.000000000
1688,0,-0.000000000,0.000000000
1689,0,0.503258335,0.222222222
1690,0,-0.000000000,0.000000000
1691,0,0.143726170,0.040816327
1692,0,-0.000000000,0.000000000
1693,0,0.143726170,0.040816327
1694,0,0.004850167,0.000757289
1695,0,0.504155247,0.222820599
1696,0,-0.000000000,0.000000000
1697,0,0.143726170,0.040816327
1698,0,0.004850167,0.000757289
1699,0,0.144064358,0.040937481
1700,0,-0.000000000,0.000000000
1701,0,0.503258335,0.222222222
1702,0,0.095970403,0.024691358
1703,0,0.154729451,0.044806517
1704,0,0.110859886,0.029503800
1705,0,0.537316664,0.245572139
1706,0,-0.000000000,0.000000000
1707,0,0.143726170,0.040816327
1708,0,0.004850167,0.000757289
1709,0,0.504155247,0.222820599
1710,0,-0.000000000,0.000000000
1711,0,0.143726170,0.040816327
1712,0,0.004850167,0.000757289
1713,0,0.504155247,0.222820599
1714,0,0.021570303,0.004169317
1715,0,-0.000000000,0.000000000
1716,0,-0.000000000,0.000000000
1717,0,-0.000000000,0.000000000
1718,0,-0.000000000,0.000000000
1719,0,0.985228136,0.857142857
1720,0,0.069054382,0.016528926
1721,0,0.522559375,0.235294118
1722,0,-0.000000000,0.000000000
1723,0,0.503258335,0.222222222
1724,0,0.365055190,0.139534884
1725,0,0.650022422,1.666666667
1726,0,-0.000000000,0.000000000
1727,0,0.143726170,0.040816327
1728,0,-0.000000000,0.000000000
1729,0,0.143726170,0.040816327
1730,0,-0.000000000,0.000000000
1731,0,-0.000000000,0.000000000
1732,0,-0.000000000,0.000000000
1733,0,0.503258335,0.222222222
1734,0,0.021519932,0.004158004
1735,0,0.145582434,0.041482489
1736,0,-0.000000000,0.000000000
1737,0,0.143726170,0.040816327
1738,0,0.102899790,0.026905830
1739,0,0.155714199,0.045168456
1740,0,-0.000000000,0.000000000
1741,0,0.503258335,0.222222222
1742,0,-0.000000000,0.000000000
1743,0,-0.000000000,0.000000000
1744,0,-0.000000000,0.000000000
1745,0,0.985228136,0.857142857
1746,0,0.779349837,0.461538462
1747,0,0.351380926,0.132295720
1748,0,0.013688237,0.002465018
1749,0,-0.000000000,0.000000000
1750,0,-0.000000000,0.000000000
1751,0,0.143726170,0.040816327
1752,0,0.102899790,0.026905830
1753,0,1.003690120,1.092655717
1754,0,0.073454181,0.017813206
1755,0,0.277383212,0.095788306
1756,0,0.598459868,0.290997134
1757,0,0.774441682,0.455924026
1758,0,0.170397232,0.050658225
1759,0,1.014647849,1.050977229
1760,0,0.310533349,0.110262189
1761,0,0.619006437,1.692613152
1762,0,0.124698365,0.034154094
1763,0,0.542524080,0.249259475
1764,0,0.023777319,0.004669805
1765,0,0.145810817,0.041564646
1766,0,0.004929132,0.000771200
1767,0,0.985969143,1.141371262
1768,0,0.069219696,0.016572650
1769,0,0.151120827,0.043486101
1770,0,0.024489910,0.004833185
1771,0,0.989344369,1.133595668
1772,0,0.000004719,0.000000885
1773,0,0.000004823,0.000001076
1774,0,-0.000000000,0.000000000
1775,0,0.503258335,0.222222222
1776,0,-0.000000000,0.000000000
1777,0,-0.000000000,0.000000000
1778,0,0.143726170,0.040816327
1779,0,0.161893568,0.047457627
1780,0,-0.000000000,0.000000000
1781,0,-0.000000000,0.000000000
1782,0,-0.000000000,0.000000000
1783,0,-0.000000000,0.000000000
1784,0,-0.000000000,0.000000000
1785,0,-0.000000000,0.000000000
1786,0,-0.000000000,0.000000000
1787,0,0.143726170,0.040816327
1788,0,0.102899790,0.026905830
1789,0,1.003690120,0.911062907
1790,0,0.804470359,0.489397055
1791,0,0.937732560,0.703889845
1792,0,0.960065982,1.240003897
1793,0,0.454248996,0.189282667
1794,0,0.682186453,0.359710143
1795,0,-0.000000000,0.000000000
1796,0,-0.000000000,0.000000000
1797,0,-0.000000000,0.000000000
1798,0,0.503258335,0.222222222
1799,0,0.322756959,0.117647059
1800,0,0.742169132,0.376543210
1801,0,-0.000000000,0.000000000
1802,0,-0.000000000,0.000000000
1803,0,0.143726170,0.040816327
1804,0,-0.000000000,0.000000000
1805,0,-0.000000000,0.000000000
1806,0,-0.000000000,0.000000000
1807,0,0.503258335,0.222222222
1808,0,0.095970403,0.024691358
1809,0,-0.000000000,0.000000000
1810,0,-0.000000000,0.000000000
1811,0,-0.000000000,0.000000000
1812,0,-0.000000000,0.000000000
1813,0,0.503258335,0.222222222
1814,0,0.021519932,0.004158004
1815,0,0.145582434,0.041482489
1816,0,-0.000000000,0.000000000
1817,0,0.503258335,0.222222222
1818,0,0.095970403,0.024691358
1819,0,0.154729451,0.044806517
1820,0,0.005269238,0.000831475
1821,0,0.144097486,0.040949353
1822,0,0.103168315,0.026992534
1823,0,-0.000000000,0.000000000
1824,0,-0.000000000,0.000000000
1825,0,0.503258335,0.222222222
1826,0,-0.000000000,0.000000000
1827,0,0.143726170,0.040816327
1828,0,-0.000000000,0.000000000
1829,0,0.985228136,0.857142857
1830,0,0.779349837,0.461538462
1831,0,0.351380926,0.132295720
1832,0,0.013688237,0.002465018
1833,0,0.987433067,0.862233282
1834,0,-0.000000000,0.000000000
1835,0,0.143726170,0.040816327
1836,0,0.004850167,0.000757289
1837,0,0.504155247,0.222820599
1838,0,0.096180499,0.024757844
1839,0,0.154759021,0.044817374
1840,0,0.005270372,0.000831677
1841,0,0.504243284,0.222879380
1842,0,-0.000000000,0.000000000
1843,0,-0.000000000,0.000000000
1844,0,-0.000000000,0.000000000
1845,0,-0.000000000,0.000000000
1846,0,-0.000000000,0.000000000
1847,0,-0.000000000,0.000000000
1848,0,-0.000000000,0.000000000
1849,0,-0.000000000,0.000000000
1850,0,-0.000000000,0.000000000
1851,0,-0.000000000,0.000000000
1852,0,-0.000000000,0.000000000
1853,0,0.143726170,0.040816327
1854,0,0.004850167,0.000757289
1855,0,0.985956528,1.141398038
1856,0,0.069216775,0.016571862
1857,0,0.997710705,1.111583558
1858,0,0.072460422,0.017486665
1859,0,1.000238951,1.110748514
1860,0,0.074790371,0.018257184
1861,0,0.154043001,0.044598010
1862,0,0.024999561,0.004975041
1863,0,0.509435225,0.226200690
1864,0,0.097409208,0.025140824
1865,0,0.000098972,0.000029228
1866,0,0.000100501,0.000023186
1867,0,0.000114796,0.000031327
1868,0,0.000046140,0.000009759
1869,0,0.985260240,1.142861590
1870,0,0.276227273,0.095244676
1871,0,0.000018046,0.000004591
1872,0,-0.000000000,0.000000000
1873,0,0.143726170,0.040816327
1874,0,0.004850167,0.000757289
1875,0,-0.000000000,0.000000000
1876,0,-0.000000000,0.000000000
1877,0,0.143726170,1.959183673
1878,0,-0.000000000,0.000000000
1879,0,0.503258335,0.222222222
1880,0,0.021519932,0.004158004
1881,0,-0.000000000,0.000000000
1882,0,-0.000000000,0.000000000
1883,0,0.503258335,0.222222222
1884,0,0.021519932,0.004158004
1885,0,0.145582434,0.041482489
1886,0,0.004920471,0.000769672
1887,0,0.144069888,0.040939462
1888,0,0.023247570,0.004548829
1889,0,0.145756835,0.041545223
1890,0,0.104368392,0.027380831
1891,0,-0.000000000,0.000000000
1892,0,-0.000000000,0.000000000
1893,0,0.985228136,0.857142857
1894,0,0.276195428,0.095238095
1895,0,0.216396932,0.068965517
1896,0,-0.000000000,0.000000000
1897,0,0.143726170,0.040816327
1898,0,0.004850167,0.000757289
1899,0,0.504155247,0.222820599
1900,0,-0.000000000,0.000000000
1901,0,0.143726170,0.040816327
1902,0,0.023187512,0.004535147
1903,0,-0.000000000,0.000000000
1904,0,-0.000000000,0.000000000
1905,0,0.503258335,0.222222222
1906,0,0.095970403,0.024691358
1907,0,0.154729451,0.044806517
1908,0,0.005269238,0.000831475
1909,0,0.504243045,0.222879221
1910,0,0.365780644,0.139923366
1911,0,0.205764432,0.064586215
1912,0,0.007285017,0.001199628
1913,0,0.144261874,0.041008283
1914,0,-0.000000000,0.000000000
1915,0,-0.000000000,0.000000000
1916,0,-0.000000000,0.000000000
1917,0,0.143726170,0.040816327
1918,0,-0.000000000,0.000000000
1919,0,0.503258335,0.222222222
1920,0,0.021519932,0.004158004
1921,0,0.145582434,0.041482489
1922,0,0.004920471,0.000769672
1923,0,0.144069888,0.040939462
1924,0,0.004863173,0.000759578
1925,0,0.504157956,0.222822408
1926,0,-0.000000000,0.000000000
1927,0,0.503258335,1.777777778
1928,0,0.095970403,0.024691358
1929,0,0.154729451,0.044806517
1930,0,0.025118958,0.004978502
1931,0,0.509132290,0.226156942
1932,0,-0.000000000,0.000000000
1933,0,0.143726170,1.959183673
1934,0,-0.000000000,0.000000000
1935,0,0.503258335,0.222222222
1936,0,-0.000000000,0.000000000
1937,0,-0.000000000,0.000000000
1938,0,-0.000000000,0.000000000
1939,0,0.143726170,0.040816327
1940,0,0.004850167,0.000757289
1941,0,0.504155247,0.222820599
1942,0,-0.000000000,0.000000000
1943,0,-0.000000000,0.000000000
1944,0,-0.000000000,0.000000000
1945,0,0.503258335,0.222222222
1946,0,0.021519932,0.004158004
1947,0,0.145582434,0.041482489
1948,0,0.023512068,0.004609165
1949,0,-0.000000000,0.000000000
1950,0,-0.000000000,0.000000000
1951,0,0.503258335,0.222222222
1952,0,0.021519932,0.004158004
1953,0,0.508167846,0.225508318
1954,0,0.021796313,0.004220139
1955,0,-0.000000000,0.000000000
1956,0,-0.000000000,0.000000000
1957,0,0.503258335,0.222222222
1958,0,0.095970403,0.024691358
1959,0,0.531882603,0.241758242
1960,0,-0.000000000,0.000000000
1961,0,-0.000000000,0.000000000
1962,0,-0.000000000,0.000000000
1963,0,0.503258335,0.222222222
1964,0,-0.000000000,0.000000000
1965,0,0.143726170,0.040816327
1966,0,0.023187512,0.004535147
1967,0,0.508611331,0.225806452
1968,0,0.097226916,0.025089606
1969,0,0.154906569,0.044871558
1970,0,0.005276030,0.000832685
1971,0,0.504244476,0.222880176
1972,0,0.096201409,0.024764464
1973,0,0.154761965,0.044818455
1974,0,0.005270485,0.000831697
1975,0,0.504243308,0.222879396
1976,0,-0.000000000,0.000000000
1977,0,-0.000000000,0.000000000
1978,0,-0.000000000,0.000000000
1979,0,0.503258335,0.222222222
1980,0,0.095970403,0.024691358
1981,0,0.154729451,0.044806517
1982,0,0.005269238,0.000831475
1983,0,0.504243045,0.222879221
1984,0,0.021575236,0.004170425
1985,0,-0.000000000,0.000000000
1986,0,-0.000000000,0.000000000
1987,0,0.503258335,0.222222222
1988,0,0.095970403,0.024691358
1989,0,0.154729451,0.044806517
1990,0,0.110859886,0.029503800
1991,0,0.537316664,0.245572139
1992,0,0.023471615,0.004599929
1993,0,-0.000000000,0.000000000
1994,0,-0.000000000,0.000000000
1995,0,-0.000000000,0.000000000
1996,0,-0.000000000,0.000000000
1997,0,0.503258335,0.222222222
1998,0,0.095970403,0.024691358
1999,0,-0.000000000,0.000000000
2000,0,-0.000000000,0.000000000
2001,0,0.503258335,0.222222222
2002,0,0.095970403,0.024691358
2003,0,-0.000000000,0.000000000
2004,0,-0.000000000,0.000000000
2005,0,-0.000000000,0.000000000
2006,0,-0.000000000,0.000000000
2007,0,-0.000000000,0.000000000
2008,0,-0.000000000,0.000000000
2009,0,0.503258335,0.222222222
2010,0,-0.000000000,0.000000000
2011,0,0.143726170,0.040816327
2012,0,0.004850167,0.000757289
2013,0,0.504155247,0.222820599
2014,0,0.096180499,0.024757844
2015,0,0.531957992,0.241810919
2016,0,-0.000000000,0.000000000
2017,0,-0.000000000,0.000000000
2018,0,-0.000000000,0.000000000
2019,0,0.143726170,0.040816327
2020,0,0.004850167,0.000757289
2021,0,-0.000000000,0.000000000
2022,0,-0.000000000,0.000000000
2023,0,0.503258335,0.222222222
2024,0,0.095970403,0.024691358
2025,0,0.154729451,0.044806517
2026,0,-0.000000000,0.000000000
2027,0,0.143726170,0.040816327
2028,0,0.004850167,0.000757289
2029,0,0.144064358,0.040937481
2030,0,0.023246603,0.004548609
2031,0,0.145756737,0.041545188
2032,0,-0.000000000,0.000000000
2033,0,0.143726170,0.040816327
2034,0,0.102899790,0.026905830
2035,0,0.155714199,0.045168456
2036,0,0.025292702,0.005018717
2037,0,-0.000000000,0.000000000
2038,0,-0.000000000,0.000000000
2039,0,0.143726170,0.040816327
2040,0,-0.000000000,0.000000000
2041,0,0.143726170,0.040816327
2042,0,0.023187512,0.004535147
2043,0,0.145750730,0.041543027
2044,0,-0.000000000,0.000000000
2045,0,-0.000000000,0.000000000
2046,0,-0.000000000,0.000000000
2047,0,0.143726170,0.040816327
2048,0,0.004850167,0.000757289
2049,0,-0.000000000,0.000000000
2050,0,-0.000000000,0.000000000
2051,0,0.985228136,1.142857143
2052,0,-0.000000000,0.000000000
2053,0,0.503258335,0.222222222
2054,0,0.095970403,0.024691358
2055,0,0.531882603,0.241758242
2056,0,0.102764055,0.026862027
2057,0,-0.000000000,0.000000000
2058,0,-0.000000000,0.000000000
2059,0,0.143726170,0.040816327
2060,0,-0.000000000,0.000000000
2061,0,0.143726170,0.040816327
2062,0,0.004850167,0.000757289
2063,0,0.985956528,0.858710044
2064,0,0.276640140,0.095443966
2065,0,0.607378315,0.298036741
2066,0,-0.000000000,0.000000000
2067,0,-0.000000000,0.000000000
2068,0,-0.000000000,0.000000000
2069,0,0.503258335,0.222222222
2070,0,0.095970403,0.024691358
2071,0,0.531882603,0.241758242
2072,0,0.102764055,0.026862027
2073,0,0.534339367,0.243478261
2074,0,-0.000000000,0.000000000
2075,0,0.143726170,0.040816327
2076,0,-0.000000000,0.000000000
2077,0,0.503258335,0.222222222
2078,0,-0.000000000,0.000000000
2079,0,0.503258335,0.222222222
2080,0,0.021519932,0.004158004
2081,0,-0.000000000,0.000000000
2082,0,-0.000000000,0.000000000
2083,0,0.985228136,0.857142857
2084,0,0.276195428,0.095238095
2085,0,0.185997890,0.056680162
2086,0,0.006490338,0.001052394
2087,0,0.144196132,0.040984714
2088,0,-0.000000000,0.000000000
2089,0,0.143726170,0.040816327
2090,0,0.004850167,0.000757289
2091,0,-0.000000000,0.000000000
2092,0,-0.000000000,0.000000000
2093,0,0.143726170,0.040816327
2094,0,0.004850167,0.000757289
2095,0,-0.000000000,0.000000000
2096,0,-0.000000000,0.000000000
2097,0,-0.000000000,0.000000000
2098,0,0.143726170,0.040816327
2099,0,0.549910905,1.745454545
2100,0,0.107140664,0.028282828
2101,0,0.535942343,0.244604317
2102,0,0.103742820,0.027178257
2103,0,0.534696492,0.243728874
2104,0,0.023318550,0.004565008
2105,0,0.508646432,1.774169943
2106,0,0.097235176,1.974907771
2107,0,0.532337018,1.757924143
2108,0,-0.000000000,0.000000000
2109,0,0.503258335,0.222222222
2110,0,0.095970403,0.024691358
2111,0,0.531882603,0.241758242
2112,0,0.386174950,0.151029748
2113,0,-0.000000000,0.000000000
2114,0,-0.000000000,0.000000000
2115,0,-0.000000000,0.000000000
2116,0,-0.000000000,0.000000000
2117,0,-0.000000000,0.000000000
2118,0,0.143726170,0.040816327
2119,0,0.161893568,0.047457627
2120,0,0.026386263,0.005273070
2121,0,-0.000000000,0.000000000
2122,0,-0.000000000,0.000000000
2123,0,0.503258335,0.222222222
2124,0,0.095970403,0.024691358
2125,0,0.531882603,0.241758242
2126,0,0.023154724,0.004527681
2127,0,0.145747398,0.041541828
2128,0,-0.000000000,0.000000000
2129,0,0.143726170,0.040816327
2130,0,0.004850167,0.000757289
2131,0,-0.000000000,0.000000000
2132,0,-0.000000000,0.000000000
2133,0,0.143726170,0.040816327
2134,0,0.023187512,0.004535147
2135,0,-0.000000000,0.000000000
2136,0,-0.000000000,0.000000000
2137,0,0.143726170,0.040816327
2138,0,0.004850167,0.000757289
2139,0,0.985956528,0.858710044
2140,0,0.780919549,0.462500091
2141,0,0.880340240,0.597410058
2142,0,0.051466316,0.011633499
2143,0,0.517484670,0.231515126
2144,0,0.022584269,0.004405565
2145,0,0.989092484,1.134577457
2146,0,0.000160726,0.000037943
2147,0,0.503323714,0.222240355
2148,0,0.095980902,0.024693607
2149,0,0.154740336,0.044809269
2150,0,0.000011078,0.000002202
2151,0,0.000055969,0.000014724
2152,0,0.000008367,0.000001538
2153,0,0.143728945,0.040816901
2154,0,0.102899930,0.026905853
2155,0,0.155714347,0.045168486
2156,0,0.005307058,0.000838212
2157,0,0.144100517,0.040950435
2158,0,0.004864337,0.000759783
2159,0,0.144065475,0.040937880
2160,0,0.004863006,0.000759549
2161,0,0.504157922,0.222822385
2162,0,0.000000000,0.000000000
2163,0,0.000000000,0.000000000
2164,0,0.000000000,0.000000000
2165,0,0.000000000,0.000000000
2166,0,0.000000000,0.000000000
2167,0,0.000000000,0.000000000
2168,0,0.000000000,0.000000000
2169,0,0.000000000,0.000000000
2170,0,0.000000000,0.000000000
2171,0,0.000000000,0.000000000
2172,0,0.000000000,0.000000000
2173,0,0.503258335,0.222222222
2174,0,0.021519932,0.004158004
2175,0,0.021216584,0.004089980
2176,0,1.018690384,1.141868276
2177,0,0.002466955,0.000354883
2178,0,1.072680036,1.010336640
2179,0,1.408022254,2.000000000
2180,0,2.221588422,2.231855331
2181,0,2.214648949,2.222209823
2182,0,1.984897566,2.350813591
2183,0,1.947625299,2.482548692
2184,0,0.622190200,0.464789295
2185,0,0.468657550,0.305492642
2186,0,0.429926233,0.343681455
2187,0,0.618549088,0.468685510
2188,0,0.100693738,0.046663461
2189,0,0.587626936,1.793439626
2190,0,0.052074930,0.016448036
2191,0,0.033706939,0.015980577
2192,0,0.005882619,0.001937912
2193,0,0.147250821,0.042172545
2194,0,0.002947843,0.000917323
2195,0,0.503907070,1.777865411
2196,0,0.000681233,0.000183426
2197,0,0.503937947,0.222433665
2198,0,0.022057104,0.004307551
2199,0,0.145788209,0.041539147
2200,0,0.005054034,0.000803116
2201,0,0.144188273,0.040973289
2202,0,0.000214069,0.000058782
2203,0,0.000149496,0.000041198
2204,0,0.000041276,0.000008980
2205,0,0.000046415,0.000011320
2206,0,0.000001046,0.000000143
2207,0,0.143726473,0.040816376
2208,0,0.000001078,0.000000182
2209,0,0.985228144,1.142857143
2210,0,0.069054390,0.016528927
2211,0,0.151096973,0.043478261
2212,0,0.000000001,0.000000000
2213,0,0.000000001,0.000000000
2214,0,-0.000000000,0.000000000
2215,0,0.143726170,0.040816327
2216,0,0.004850167,0.000757289
2217,0,-0.000000000,0.000000000
2218,0,-0.000000000,0.000000000
2219,0,0.503258335,0.222222222
2220,0,0.095970403,0.024691358
2221,0,0.531882603,1.758241758
2222,0,0.386174950,0.151029748
2223,0,0.273841999,0.094151213
2224,0,-0.000000000,0.000000000
2225,0,-0.000000000,0.000000000
2226,0,-0.000000000,0.000000000
2227,0,0.503258335,0.222222222
2228,0,-0.000000000,0.000000000
2229,0,0.143726170,0.040816327
2230,0,0.004850167,0.000757289
2231,0,0.504155247,0.222820599
2232,0,0.021570303,0.004169317
2233,0,0.145587483,0.041484305
2234,0,-0.000000000,0.000000000
2235,0,0.143726170,0.040816327
2236,0,0.023187512,0.004535147
2237,0,0.145750730,0.041543027
2238,0,0.023541519,0.004615892
2239,0,0.989170621,1.134006135
2240,0,0.069833133,0.016754749
2241,0,0.151197528,0.043514886
2242,0,0.005134112,0.000807458
2243,0,0.144086761,0.040945510
2244,0,0.004863811,0.000759690
2245,0,-0.000000000,0.000000000
2246,0,-0.000000000,0.000000000
2247,0,0.143726170,0.040816327
2248,0,0.023187512,0.004535147
2249,0,-0.000000000,0.000000000
2250,0,-0.000000000,0.000000000
2251,0,0.503258335,0.222222222
2252,0,-0.000000000,0.000000000
2253,0,0.503258335,0.222222222
2254,0,0.021519932,0.004158004
2255,0,0.508167846,0.225508318
2256,0,0.021796313,0.004220139
2257,0,0.988858300,0.865838702
2258,0,0.278658826,0.096380441
2259,0,0.186503190,0.056878438
2260,0,0.006510435,0.001056085
2261,0,0.504508795,0.223056709
2262,0,0.021590173,0.004173781
2263,0,0.508186404,0.225520789
2264,0,0.021797361,0.004220375
2265,0,0.508241209,1.774442379
2266,0,0.021800455,0.004221071
2267,0,0.145610578,0.041492611
2268,0,0.023516992,0.004610290
2269,0,0.102748233,0.026856922
2270,0,0.163050110,0.047762832
2271,0,0.162915302,0.047839110
2272,0,0.005584619,0.000887876
2273,0,-0.000000000,0.000000000
2274,0,-0.000000000,0.000000000
2275,0,0.985228136,1.142857143
2276,0,0.276195428,0.095238095
2277,0,0.607171655,0.297872340
2278,0,-0.000000000,0.000000000
2279,0,0.143726170,0.040816327
2280,0,0.004850167,0.000757289
2281,0,0.023127475,0.004521477
2282,0,0.517596478,0.228133436
2283,0,0.879565962,0.563005762
2284,0,0.526407666,0.244698543
2285,0,0.287904416,0.119269461
2286,0,0.225070782,0.081885207
2287,0,0.225290166,0.083905500
2288,0,0.030488015,0.010623602
2289,0,0.162331709,0.049468684
2290,0,0.016732956,0.006244057
2291,0,0.019331523,0.008438502
2292,0,0.001532441,0.000431417
2293,0,0.503858296,1.777858169
2294,0,0.096069319,0.024716324
2295,0,0.000103732,0.000030967
2296,0,0.000105296,0.000024553
2297,0,0.000120314,0.000033134
2298,0,0.000008578,0.000001652
2299,0,0.000009591,0.000002201
2300,0,0.000001097,0.000000191
2301,0,0.143726797,0.040816457
2302,0,0.004850309,0.000757312
2303,0,0.000000085,0.000000016
2304,0,0.000000087,0.000000014
2305,0,0.000000160,0.000000023
2306,0,0.503258359,0.222222225
2307,0,0.000000027,0.000000004
2308,0,0.000000025,0.000000004
2309,0,0.503258339,0.222222223
2310,0,0.095970403,0.024691358
2311,0,0.531882603,1.758241758
2312,0,0.023154724,0.004527681
2313,0,0.508602554,0.225800549
2314,0,0.021820863,0.004225666
2315,0,0.145612628,0.041493348
2316,0,0.004921616,0.000769874
2317,0,0.144069978,0.040939495
2318,0,0.103148422,0.026986108
2319,0,0.534479518,0.243576594
2320,0,0.103389699,0.027064066
2321,0,0.000000000,0.000000000
2322,0,0.000000000,0.000000000
2323,0,0.503258335,0.222222222
2324,0,0.021519932,0.004158004
2325,0,0.508167846,1.774491682
2326,0,0.097122578,0.025056480
2327,0,0.532296507,0.242047532
2328,0,0.102863665,0.026894170
2329,0,-0.000000000,0.000000000
2330,0,-0.000000000,0.000000000
2331,0,0.503258335,0.222222222
2332,0,0.021519932,0.004158004
2333,0,0.145582434,0.041482489
2334,0,0.023512068,0.004609165
2335,0,0.145783759,0.041554910
2336,0,0.004928106,0.000771019
2337,0,0.985968979,1.141371610
2338,0,-0.000000000,0.000000000
2339,0,-0.000000000,0.000000000
2340,0,-0.000000000,0.000000000
2341,0,0.143726170,0.040816327
2342,0,0.004850167,0.000757289
2343,0,0.985956528,1.141398038
2344,0,0.276640140,0.095443966
2345,0,0.186088955,0.056715880
2346,0,0.006493959,0.001053059
2347,0,-0.000000000,0.000000000
2348,0,-0.000000000,0.000000000
2349,0,0.143726170,0.040816327
2350,0,0.004850167,0.000757289
2351,0,0.144064358,0.040937481
2352,0,0.004862963,0.000759541
2353,0,0.144065364,0.040937841
2354,0,-0.000000000,0.000000000
2355,0,-0.000000000,0.000000000
2356,0,-0.000000000,0.000000000
2357,0,-0.000000000,0.000000000
2358,0,-0.000000000,0.000000000
2359,0,-0.000000000,0.000000000
2360,0,-0.000000000,0.000000000
2361,0,-0.000000000,0.000000000
2362,0,-0.000000000,0.000000000
2363,0,-0.000000000,0.000000000
2364,0,-0.000000000,0.000000000
2365,0,0.503258335,0.222222222
2366,0,0.095970403,0.024691358
2367,0,0.154729451,0.044806517
2368,0,-0.000000000,0.000000000
2369,0,0.143726170,0.040816327
2370,0,0.023187512,0.004535147
2371,0,0.508611331,0.225806452
2372,0,0.097226916,0.025089606
2373,0,1.002683044,1.095941417
2374,0,-0.000000000,0.000000000
2375,0,0.503258335,0.222222222
2376,0,0.095970403,0.024691358
2377,0,0.154729451,0.044806517
2378,0,0.005269238,0.000831475
2379,0,0.504243045,0.222879221
2380,0,0.096201074,0.024764358
2381,0,-0.000000000,0.000000000
2382,0,-0.000000000,0.000000000
2383,0,-0.000000000,0.000000000
2384,0,-0.000000000,0.000000000
2385,0,0.143726170,0.040816327
2386,0,0.023187512,0.004535147
2387,0,-0.000000000,0.000000000
2388,0,-0.000000000,0.000000000
2389,0,0.143726170,0.040816327
2390,0,-0.000000000,0.000000000
2391,0,0.985228136,0.857142857
2392,0,-0.000000000,0.000000000
2393,0,0.143726170,0.040816327
2394,0,0.004850167,0.000757289
2395,0,0.504155247,0.222820599
2396,0,0.021570303,0.004169317
2397,0,0.508181153,0.225517261
2398,0,0.097125708,0.025057473
2399,0,0.154892279,0.044866309
2400,0,0.025147677,0.004985145
2401,0,0.145951522,0.041615284
2402,0,0.004934469,0.000772141
2403,0,0.144070990,0.040939858
2404,0,0.004863214,0.000759585
2405,0,-0.000000000,0.000000000
2406,0,-0.000000000,0.000000000
2407,0,0.503258335,0.222222222
2408,0,-0.000000000,0.000000000
2409,0,0.985228136,0.857142857
2410,0,0.069054382,0.016528926
2411,0,0.522559375,0.235294118
2412,0,-0.000000000,0.000000000
2413,0,0.143726170,0.040816327
2414,0,0.023187512,0.004535147
2415,0,0.145750730,0.041543027
2416,0,0.023541519,0.004615892
2417,0,0.989170621,0.866649495
2418,0,0.279810455,0.096685271
2419,0,0.609331679,0.299180600
2420,0,0.123042796,0.033540998
2421,0,0.542591810,0.248893998
2422,0,0.024170402,0.004774144
2423,0,0.509054143,0.225995821
2424,0,0.097314341,0.025113115
2425,0,0.532400268,0.242097027
2426,0,0.102886861,0.026900427
2427,0,0.000011533,0.000002934
2428,0,0.000001278,0.000000247
2429,0,0.143727528,0.040816634
2430,0,0.000001380,0.000000245
2431,0,0.000001567,0.000000330
2432,0,0.000000111,0.000000017
2433,0,0.000000123,0.000000023
2434,0,0.000000054,0.000000008
2435,0,0.000000003,0.000000000
2436,0,0.000000003,0.000000000
2437,0,0.000000001,0.000000000
2438,0,0.000000001,0.000000000
2439,0,0.985228137,1.142857143
2440,0,0.276195428,0.095238095
2441,0,1.026327293,0.978723404
2442,0,0.335627556,0.122079161
2443,0,0.779021251,0.428801720
2444,0,1.147829083,0.742548737
2445,0,0.927863158,1.372864677
2446,0,1.414805497,1.742888349
2447,0,1.602162275,2.153643215
2448,0,0.402252389,0.296240214
2449,0,0.414112068,0.363730608
2450,0,0.060892842,0.032412911
2451,0,0.209937628,0.081049181
2452,0,0.032522703,0.008282915
2453,0,0.997168324,1.136013549
2454,0,0.791414184,0.468498418
2455,0,0.888910976,0.603408028
2456,0,0.008086479,0.002820929
2457,0,0.150559966,0.043682011
2458,0,0.024009202,0.004785346
2459,0,0.000882284,0.000314419
2460,0,0.000254877,0.000063659
2461,0,0.000284417,0.000084004
2462,0,0.000014569,0.000003294
2463,0,0.000015715,0.000004159
2464,0,0.000001771,0.000000352
2465,0,0.143728052,0.040816763
2466,0,0.023187741,0.004535188
2467,0,0.508611562,0.225806498
2468,0,0.000000237,0.000000038
2469,0,0.503258395,0.222222233
2470,0,0.021519950,0.004158007
2471,0,0.508167855,0.225508320
2472,0,0.368672849,0.141476614
2473,0,0.206451854,0.064866678
2474,0,0.000000008,0.000000001
2475,0,0.143726173,0.040816327
2476,0,0.000000001,0.000000000
2477,0,0.503258335,0.222222222
2478,0,0.021519932,0.004158004
2479,0,0.000000000,0.000000000
2480,0,0.000000000,0.000000000
2481,0,0.143726170,0.040816327
2482,0,0.000000000,0.000000000
2483,0,0.503258335,0.222222222
2484,0,0.095970403,0.024691358
2485,0,1.002458636,1.096663815
2486,0,0.000000000,0.000000000
2487,0,0.000000000,0.000000000
2488,0,0.000000000,0.000000000
2489,0,0.503258335,0.222222222
2490,0,0.000000000,0.000000000
2491,0,0.000000000,0.000000000
2492,0,0.000000000,0.000000000
2493,0,0.143726170,0.040816327
2494,0,0.023187512,0.004535147
2495,0,0.145750730,0.041543027
2496,0,0.000000000,0.000000000
2497,0,0.000000000,0.000000000
2498,0,0.000000000,0.000000000
2499,0,0.503258335,0.222222222
2500,0,0.021519932,0.004158004
2501,0,0.145582434,0.041482489
2502,0,0.004920471,0.000769672
2503,0,0.144069888,0.040939462
2504,0,0.023247570,0.004548829
2505,0,0.508627414,0.225817267
2506,0,0.021822267,0.004225982
2507,0,0.508247803,0.225562054
2508,0,0.021800827,0.004221155
2509,0,0.508242127,0.225558238
2510,0,0.097140051,0.025062026
2511,0,0.000000000,0.000000000
2512,0,0.000000000,0.000000000
2513,0,0.503258335,0.222222222
2514,0,0.000000000,0.000000000
2515,0,0.503258335,1.777777778
2516,0,0.000000000,0.000000000
2517,0,0.143726170,0.040816327
2518,0,0.130869195,0.036281179
2519,0,0.271924565,0.111897820
2520,0,0.171341384,0.073526009
2521,0,0.000000000,0.000000000
2522,0,0.000000000,0.000000000
2523,0,0.000000000,0.000000000
2524,0,0.000000000,0.000000000
2525,0,0.000000000,0.000000000
2526,0,0.000000000,0.000000000
2527,0,0.985228136,0.857142857
2528,0,0.276195428,0.095238095
2529,0,1.026327293,0.978723404
2530,0,0.085496536,0.021410053
2531,0,0.529923584,0.239654659
2532,0,0.025907898,0.005486924
2533,0,0.511586528,0.226930388
2534,0,0.097802103,0.025255198
2535,0,0.346363331,0.129539319
2536,0,0.226915924,0.075965273
2537,0,0.607692615,1.748230290
2538,0,0.074757716,0.029191927
2539,0,0.198589377,0.071430886
2540,0,0.054829293,0.023877773
2541,0,0.167479436,0.051526203
2542,0,0.074739639,0.033639135
2543,0,0.168376651,0.051787608
2544,0,0.012607037,0.004456588
2545,0,0.014571530,0.006052273
2546,0,0.004134213,0.001270073
2547,0,0.145300760,0.041337226
2548,0,0.005105319,0.000819393
2549,0,0.144215332,0.040981267
2550,0,0.000126448,0.000029690
2551,0,0.000144408,0.000040094
2552,0,0.000010440,0.000002030
2553,0,0.503262397,0.222223174
2554,0,0.365055909,0.139535011
2555,0,0.650023130,0.333333480
2556,0,0.133039873,0.037037075
2557,0,0.000000224,0.000000045
2558,0,0.000000061,0.000000009
2559,0,0.000000013,0.000000002
2560,0,0.503258348,0.222222224
2561,0,0.721928108,0.400000002
2562,0,0.153742184,0.044444445
2563,0,0.000000003,0.000000001
2564,0,0.000000000,0.000000000
2565,0,0.000000000,0.000000000
2566,0,0.000000000,0.000000000
2567,0,0.143726170,1.959183673
2568,0,0.004850167,0.000757289
2569,0,0.504155247,0.222820599
2570,0,0.000000000,0.000000000
2571,0,0.143726170,0.040816327
2572,0,0.000000000,0.000000000
2573,0,0.000000000,0.000000000
2574,0,0.000000000,0.000000000
2575,0,0.143726170,0.040816327
2576,0,0.000000000,0.000000000
2577,0,0.143726170,0.040816327
2578,0,0.004850167,0.000757289
2579,0,0.144064358,0.040937481
2580,0,0.000000000,0.000000000
2581,0,0.985228136,1.142857143
2582,0,0.779349837,0.461538462
2583,0,0.879135767,0.596491228
2584,0,0.050542788,0.011359840
2585,0,0.148794194,0.042641820
2586,0,0.024074854,0.004737980
2587,0,0.145841237,0.041575593
2588,0,0.000000000,0.000000000
2589,0,0.143726170,0.040816327
2590,0,0.000000000,0.000000000
2591,0,0.503258335,0.222222222
2592,0,0.021519932,0.004158004
2593,0,0.000000000,0.000000000
2594,0,0.000000000,0.000000000
2595,0,0.503258335,0.222222222
2596,0,0.021519932,0.004158004
2597,0,0.145582434,0.041482489
2598,0,0.004920471,0.000769672
2599,0,0.144069888,0.040939462
2600,0,0.023247570,0.004548829
2601,0,0.145756835,0.041545223
2602,0,0.004927085,0.000770839
2603,0,0.000000000,0.000000000
2604,0,0.000000000,0.000000000
2605,0,0.985228136,1.142857143
2606,0,0.276195428,0.095238095
2607,0,0.607171655,0.297872340
2608,0,0.027750437,0.005593288
2609,0,0.509853998,0.226642984
2610,0,0.097519510,0.025182554
2611,0,0.000000000,0.000000000
2612,0,0.000000000,0.000000000
2613,0,0.143726170,0.040816327
2614,0,0.000000000,0.000000000
2615,0,0.000000000,0.000000000
2616,0,0.000000000,0.000000000
2617,0,0.503258335,0.222222222
2618,0,0.095970403,0.024691358
2619,0,0.088879696,0.022471910
2620,0,0.152752366,0.044082237
2621,0,0.163342908,0.047999014
2622,0,0.005601178,0.000890850
2623,0,0.144123999,0.040958856
2624,0,0.004865221,0.000759938
2625,0,0.000000000,0.000000000
2626,0,0.000000000,0.000000000
2627,0,0.143726170,0.040816327
2628,0,0.004850167,0.000757289
2629,0,0.144064358,0.040937481
2630,0,0.004862963,0.000759541
2631,0,0.000000000,0.000000000
2632,0,0.000000000,0.000000000
2633,0,0.143726170,0.040816327
2634,0,0.000000000,0.000000000
2635,0,0.503258335,0.222222222
2636,0,0.000000000,0.000000000
2637,0,0.000000000,0.000000000
2638,0,-0.000000000,0.000000000
2639,0,0.143726170,0.040816327
2640,0,-0.000000000,0.000000000
2641,0,0.143726170,0.040816327
2642,0,0.102899790,0.026905830
2643,0,-0.000000000,0.000000000
2644,0,-0.000000000,0.000000000
2645,0,0.143726170,0.040816327
2646,0,-0.000000000,0.000000000
2647,0,0.503258335,0.222222222
2648,0,0.365055190,0.139534884
2649,0,0.205592508,0.064516129
2650,0,-0.000000000,0.000000000
2651,0,0.143726170,0.040816327
2652,0,0.023187512,0.004535147
2653,0,0.145750730,0.041543027
2654,0,-0.000000000,0.000000000
2655,0,-0.000000000,0.000000000
2656,0,-0.000000000,0.000000000
2657,0,0.985228136,0.857142857
2658,0,0.069054382,0.016528926
2659,0,-0.000000000,0.000000000
2660,0,-0.000000000,0.000000000
2661,0,-0.000000000,0.000000000
2662,0,0.503258335,0.222222222
2663,0,-0.000000000,0.000000000
2664,0,-0.000000000,0.000000000
2665,0,0.503258335,0.222222222
2666,0,0.021519932,0.004158004
2667,0,0.145582434,0.041482489
2668,0,-0.000000000,0.000000000
2669,0,0.143726170,0.040816327
2670,0,0.023187512,0.004535147
2671,0,0.989107139,0.866484136
2672,0,-0.000000000,0.000000000
2673,0,0.503258335,0.222222222
2674,0,-0.000000000,0.000000000
2675,0,0.143726170,0.040816327
2676,0,-0.000000000,0.000000000
2677,0,-0.000000000,0.000000000
2678,0,-0.000000000,0.000000000
2679,0,-0.000000000,0.000000000
2680,0,-0.000000000,0.000000000
2681,0,0.985228136,0.857142857
2682,0,-0.000000000,0.000000000
2683,0,0.503258335,0.222222222
2684,0,0.095970403,0.024691358
2685,0,0.531882603,0.241758242
2686,0,0.102764055,0.026862027
2687,0,0.534339367,0.243478261
2688,0,-0.000000000,0.000000000
2689,0,-0.000000000,0.000000000
2690,0,-0.000000000,0.000000000
2691,0,-0.000000000,0.000000000
2692,0,-0.000000000,0.000000000
2693,0,-0.000000000,0.000000000
2694,0,0.143726170,0.040816327
2695,0,0.161893568,0.047457627
2696,0,0.026386263,0.005273070
2697,0,-0.000000000,0.000000000
2698,0,-0.000000000,0.000000000
2699,0,0.985228136,1.142857143
2700,0,0.779349837,0.461538462
2701,0,-0.000000000,0.000000000
2702,0,-0.000000000,0.000000000
2703,0,-0.000000000,0.000000000
2704,0,-0.000000000,0.000000000
2705,0,0.503258335,0.222222222
2706,0,0.095970403,0.024691358
2707,0,-0.000000000,0.000000000
2708,0,-0.000000000,0.000000000
2709,0,-0.000000000,0.000000000
2710,0,-0.000000000,0.000000000
2711,0,0.985228136,1.142857143
2712,0,0.069054382,0.016528926
2713,0,0.522559375,0.235294118
2714,0,0.379288488,0.147239264
2715,0,0.657154207,0.339518900
2716,0,0.135003348,0.037724322
2717,0,0.160520925,0.046946454
2718,0,0.005492052,0.000871272
2719,0,0.144115257,0.040955723
2720,0,0.023255498,0.004550636
2721,0,-0.000000000,0.000000000
2722,0,-0.000000000,0.000000000
2723,0,0.985228136,0.857142857
2724,0,0.069054382,0.016528926
2725,0,-0.000000000,0.000000000
2726,0,-0.000000000,0.000000000
2727,0,0.985228136,0.857142857
2728,0,-0.000000000,0.000000000
2729,0,0.143726170,0.040816327
2730,0,0.102899790,0.026905830
2731,0,1.003690120,0.911062907
2732,0,0.073454181,0.017813206
2733,0,0.524035268,0.236310796
2734,0,-0.000000000,0.000000000
2735,0,0.143726170,0.040816327
2736,0,0.023187512,0.004535147
2737,0,-0.000000000,0.000000000
2738,0,-0.000000000,0.000000000
2739,0,-0.000000000,0.000000000
2740,0,-0.000000000,0.000000000
2741,0,0.503258335,0.222222222
2742,0,-0.000000000,0.000000000
2743,0,-0.000000000,0.000000000
2744,0,-0.000000000,0.000000000
2745,0,-0.000000000,0.000000000
2746,0,-0.000000000,0.000000000
2747,0,0.503258335,0.222222222
2748,0,0.021519932,0.004158004
2749,0,0.145582434,0.041482489
2750,0,0.023512068,0.004609165
2751,0,0.145783759,0.041554910
2752,0,0.004928106,0.000771019
2753,0,0.504171497,0.222831448
2754,0,0.096184307,0.024759050
2755,0,1.002496872,1.096540977
2756,0,0.290153251,0.101774125
2757,0,0.613697677,0.303093602
2758,0,0.028171319,0.005692725
2759,0,0.146267214,0.041728957
2760,0,-0.000000000,0.000000000
2761,0,0.503258335,0.222222222
2762,0,0.095970403,0.024691358
2763,0,0.154729451,0.044806517
2764,0,0.005269238,0.000831475
2765,0,-0.000000000,0.000000000
2766,0,-0.000000000,0.000000000
2767,0,0.143726170,0.040816327
2768,0,0.023187512,0.004535147
2769,0,0.508611331,0.225806452
2770,0,0.097226916,0.025089606
2771,0,-0.000000000,0.000000000
2772,0,-0.000000000,0.000000000
2773,0,0.143726170,0.040816327
2774,0,0.102899790,0.026905830
2775,0,0.155714199,0.045168456
2776,0,0.005307016,0.000838206
2777,0,0.144100491,0.040950431
2778,0,0.023252918,0.004550048
2779,0,0.508628847,0.225818231
2780,0,-0.000000000,0.000000000
2781,0,0.503258335,0.222222222
2782,0,-0.000000000,0.000000000
2783,0,-0.000000000,0.000000000
2784,0,-0.000000000,0.000000000
2785,0,0.985228136,0.857142857
2786,0,-0.000000000,0.000000000
2787,0,0.143726170,0.040816327
2788,0,0.004850167,0.000757289
2789,0,0.504155247,0.222820599
2790,0,0.021570303,0.004169317
2791,0,0.145587483,0.041484305
2792,0,-0.000000000,0.000000000
2793,0,-0.000000000,0.000000000
2794,0,-0.000000000,0.000000000
2795,0,0.143726170,0.040816327
2796,0,0.023187512,0.004535147
2797,0,0.508611331,0.225806452
2798,0,0.097226916,0.025089606
2799,0,-0.000000000,0.000000000
2800,0,-0.000000000,0.000000000
2801,0,-0.000000000,0.000000000
2802,0,-0.000000000,0.000000000
2803,0,0.503258335,0.222222222
2804,0,0.021519932,0.004158004
2805,0,-0.000000000,0.000000000
2806,0,-0.000000000,0.000000000
2807,0,0.503258335,0.222222222
2808,0,0.021519932,0.004158004
2809,0,0.988808991,0.865711331
2810,0,-0.000000000,0.000000000
2811,0,0.143726170,0.040816327
2812,0,0.004850167,0.000757289
2813,0,-0.000000000,0.000000000
2814,0,-0.000000000,0.000000000
2815,0,-0.000000000,0.000000000
2816,0,0.503258335,0.222222222
2817,0,-0.000000000,0.000000000
2818,0,-0.000000000,0.000000000
2819,0,0.143726170,0.040816327
2820,0,-0.000000000,0.000000000
2821,0,0.503258335,0.222222222
2822,0,0.365055190,0.139534884
2823,0,-0.000000000,0.000000000
2824,0,-0.000000000,0.000000000
2825,0,0.985228136,1.142857143
2826,0,0.276195428,0.095238095
2827,0,-0.000000000,0.000000000
2828,0,-0.000000000,0.000000000
2829,0,0.143726170,0.040816327
2830,0,0.023187512,0.004535147
2831,0,0.145750730,0.041543027
2832,0,0.023541519,0.004615892
2833,0,0.145786760,0.041555990
2834,0,0.004928220,0.000771039
2835,0,0.144070498,0.040939681
2836,0,0.103148798,0.026986230
2837,0,0.155749946,0.045181610
2838,0,-0.000000000,0.000000000
2839,0,0.985228136,0.857142857
2840,0,0.069054382,0.016528926
2841,0,-0.000000000,0.000000000
2842,0,-0.000000000,0.000000000
2843,0,0.503258335,0.222222222
2844,0,0.021519932,0.004158004
2845,0,0.145582434,0.041482489
2846,0,0.104242255,0.027339957
2847,0,0.155907214,0.045239490
2848,0,0.005314426,0.000839527
2849,0,0.005314426,0.001679053
2850,0,-0.000000000,0.000000000
2851,0,0.143726170,0.040816327
2852,0,-0.000000000,0.000000000
2853,0,0.143726170,0.040816327
2854,0,1.190556863,1.067786695
2855,0,1.235959591,2.038250289
2856,0,1.981650627,3.124506192
2857,0,1.997139067,4.172180689
2858,0,0.397672735,0.310344828
2859,0,0.582486203,0.427306121
2860,0,1.416366527,1.301473254
2861,0,0.865711226,0.549809757
2862,0,1.099588266,0.767083354
2863,0,1.371936745,0.958315275
2864,0,1.019952030,0.704049905
2865,0,0.687738393,0.554438808
2866,0,1.475510068,1.368259184
2867,0,1.001365688,0.790164926
2868,0,0.459990940,0.568864592
2869,0,0.573446982,0.592360787
2870,0,0.381034247,0.510080425
2871,0,1.429920036,1.373230493
2872,0,1.828446293,1.413609549
2873,0,1.863969139,1.689793323
2874,0,2.012465880,1.999234625
2875,0,2.267886455,1.867282544
2876,0,1.820422581,1.218892022
2877,0,1.559455946,0.865185924
2878,0,1.224925946,1.082801705
2879,0,0.188198632,0.154549436
2880,0,1.056203887,1.029031726
2881,0,0.068664521,0.042498074
2882,0,1.007932309,1.004758980
2883,0,0.009037607,0.004836031
2884,0,1.003071444,1.001026138
2885,0,0.304689605,0.081040249
2886,0,1.106514254,1.019380703
2887,0,1.581771003,1.170564581
2888,0,1.286422771,0.809033772
2889,0,1.172381690,0.497376922
2890,0,1.212752753,1.071716922
2891,0,1.100879967,0.445490743
2892,0,1.048460507,1.013159374
2893,0,0.000173355,0.000063885
2894,0,1.000018723,1.000004534
2895,0,1.870975710,1.200006824
2896,0,1.115157141,1.005362005
2897,0,1.058335780,0.420466254
2898,0,1.293519774,1.081190900
2899,0,1.520971214,1.794462614
2900,0,0.869771676,0.581629936
2901,0,0.000000010,0.000000002
2902,0,1.000000004,1.000000001
2903,0,0.000000006,0.000000001
2904,0,1.000000000,1.000000000
2905,0,1.021928095,2.000000000
2906,0,0.999984960,1.004566210
2907,0,0.302291888,0.080000000
2908,0,0.999999320,1.000971183
2909,0,1.021928027,2.000194237
2910,0,1.044200574,1.009174014
2911,0,0.000000000,0.000000000
2912,0,1.000000000,1.000000000
2913,0,1.021928095,0.400000000
2914,0,0.999984960,0.995433790
2915,0,0.000000000,0.000000000
2916,0,1.000000000,1.000000000
2917,0,1.870950594,2.000000000
2918,0,0.999848483,0.985507246
2919,0,0.000000000,0.000000000
2920,0,1.000000000,1.000000000
2921,0,1.870950594,1.400000000
2922,0,0.999848483,1.014492754
2923,0,1.870905139,1.400000000
2924,0,1.441615766,1.096811594
2925,0,2.037986063,1.186407561
2926,0,1.328891199,1.044364538
2927,0,0.000000000,0.000000000
2928,0,1.000000000,1.000000000
2929,0,1.021928095,1.800000000
2930,0,1.190930197,1.031111111
2931,0,1.911787266,1.385589084
2932,0,1.465203161,1.113074503
2933,0,1.230716881,2.026584736
2934,0,1.783574824,1.264477149
2935,0,1.433006298,0.670404444
2936,0,1.072424155,0.985972401
2937,0,0.311106204,0.082861539
2938,0,0.999999958,1.000241893
2939,0,0.000000000,0.000000000
2940,0,1.000000000,1.000000000
2941,0,1.870950594,1.400000000
2942,0,1.115135655,1.005357143
2943,0,0.000000000,0.000000000
2944,0,1.000000000,1.000000000
2945,0,0.000000000,0.000000000
2946,0,1.000000000,1.000000000
2947,0,1.021928095,2.000000000
2948,0,0.999984960,0.995433790
2949,0,1.021926591,0.400000000
2950,0,0.999982237,0.995037738
2951,0,0.302291834,0.080000000
2952,0,0.999999310,0.999022093
2953,0,1.870950388,1.200000000
2954,0,1.442633341,1.096376554
2955,0,1.965338282,1.360329759
2956,0,1.134328852,1.032116249
2957,0,1.899110497,1.391547796
2958,0,2.121786146,1.852533181
2959,0,1.712469033,1.597327944
2960,0,0.998808216,0.959358776
2961,0,0.000000000,0.000000000
2962,0,1.000000000,1.000000000
2963,0,0.000000000,0.000000000
2964,0,1.000000000,1.000000000
2965,0,0.302292189,0.080000000
2966,0,0.999999424,0.999106345
2967,0,1.499999712,1.000000000
2968,0,1.180862334,1.008938246
2969,0,1.484352678,1.621804304
2970,0,0.693502766,1.627554277
2971,0,0.296162244,0.080000000
2972,0,1.044767357,0.994032815
2973,0,1.041765677,0.408893021
2974,0,1.198840481,1.034472171
2975,0,1.507328619,0.780946689
2976,0,1.696388591,1.314724787
2977,0,1.817669499,1.698100637
2978,0,1.513925399,1.045342654
2979,0,1.667579716,1.001411722
2980,0,1.335571636,0.648273487
2981,0,0.054954780,0.029722848
2982,0,1.000000000,1.000000000
2983,0,1.565479675,1.175757576
2984,0,1.191439977,0.682342665
2985,0,0.739926576,0.836749528
2986,0,0.454018377,0.270597579
2987,0,0.309581706,0.302999491
2988,0,0.000000000,0.000000000
2989,0,0.000000000,0.000000000
2990,0,0.143726170,0.040816327
2991,0,0.549910905,0.254545455
2992,0,0.256728923,0.086378738
2993,0,0.598209580,0.290801187
2994,0,0.774300909,0.455764075
2995,0,0.000000000,0.000000000
2996,0,1.000000000,1.000000000
2997,0,1.000000000,2.000000000
2998,0,1.734521665,2.352941176
2999,0,2.168440844,3.258426966
3000,0,-0.000000000,0.000000000
3001,0,0.143726170,0.040816327
3002,0,0.004850167,0.000757289
3003,0,-0.000000000,0.000000000
3004,0,-0.000000000,0.000000000
3005,0,0.985228136,0.857142857
3006,0,0.779349837,0.461538462
3007,0,0.351380926,0.132295720
3008,0,-0.000000000,0.000000000
3009,0,0.503258335,0.222222222
3010,0,0.095970403,0.024691358
3011,0,0.531882603,1.758241758
3012,0,-0.000000000,0.000000000
3013,0,0.503258335,1.777777778
3014,0,0.021519932,1.995841996
3015,0,0.988808991,1.134879598
3016,0,0.069912411,0.016763778
3017,0,0.522961386,0.235503874
3018,0,0.100789963,0.026213639
3019,0,1.003497445,0.909675733
3020,0,0.074249728,0.018006706
3021,0,0.524012966,0.236240572
3022,0,0.022808905,0.004449516
3023,0,0.000132501,0.000036220
3024,0,0.000037907,0.000007805
3025,0,0.503283131,0.222228038
3026,0,0.000023306,0.000005104
3027,0,0.985252933,0.857147904
3028,0,0.000025712,0.000006095
3029,0,-0.000000000,0.000000000
3030,0,0.143726170,0.040816327
3031,0,0.161893568,0.047457627
3032,0,0.026386263,0.005273070
3033,0,0.146079986,0.041661531
3034,0,0.004939343,0.000773001
3035,0,0.985970775,0.858742527
3036,0,-0.000000000,0.000000000
3037,0,0.143726170,0.040816327
3038,0,-0.000000000,0.000000000
3039,0,0.143726170,0.040816327
3040,0,0.004850167,0.000757289
3041,0,0.144064358,0.040937481
3042,0,0.023246603,0.004548609
3043,0,0.989117731,0.866511707
3044,0,0.278849055,0.096468854
3045,0,-0.000000000,0.000000000
3046,0,-0.000000000,0.000000000
3047,0,0.143726170,0.040816327
3048,0,0.023187512,0.004535147
3049,0,0.508611331,0.225806452
3050,0,-0.000000000,0.000000000
3051,0,-0.000000000,0.000000000
3052,0,-0.000000000,0.000000000
3053,0,-0.000000000,0.000000000
3054,0,-0.000000000,0.000000000
3055,0,0.985228136,0.857142857
3056,0,-0.000000000,0.000000000
3057,0,0.503258335,0.222222222
3058,0,0.021519932,0.004158004
3059,0,0.508167846,0.225508318
3060,0,0.097122578,0.025056480
3061,0,0.089853694,0.022773941
3062,0,0.562855963,0.252012033
3063,0,0.729627755,0.407767334
3064,0,-0.000000000,0.000000000
3065,0,0.143726170,0.040816327
3066,0,0.023187512,0.004535147
3067,0,0.145750730,0.041543027
3068,0,0.004926853,0.000770798
3069,0,0.144070391,0.040939643
3070,0,0.004863192,0.000759581
3071,0,-0.000000000,0.000000000
3072,0,-0.000000000,0.000000000
3073,0,0.503258335,0.222222222
3074,0,0.021519932,0.004158004
3075,0,0.145582434,0.041482489
3076,0,0.023512068,0.004609165
3077,0,-0.000000000,0.000000000
3078,0,-0.000000000,0.000000000
3079,0,0.143726170,0.040816327
3080,0,0.004850167,0.000757289
3081,0,-0.000000000,0.000000000
3082,0,-0.000000000,0.000000000
3083,0,0.143726170,0.040816327
3084,0,0.004850167,0.000757289
3085,0,0.144064358,0.040937481
3086,0,0.004862963,0.000759541
3087,0,0.144065364,0.040937841
3088,0,0.023246779,0.004548649
3089,0,0.508627202,0.225817125
3090,0,0.097230651,0.025090792
3091,0,-0.000000000,0.000000000
3092,0,-0.000000000,0.000000000
3093,0,-0.000000000,0.000000000
3094,0,0.503258335,1.777777778
3095,0,0.845350937,0.545454545
3096,0,-0.000000000,0.000000000
3097,0,-0.000000000,0.000000000
3098,0,0.143726170,0.040816327
3099,0,-0.000000000,0.000000000
3100,0,-0.000000000,0.000000000
3101,0,0.503258335,0.222222222
3102,0,0.365055190,0.139534884
3103,0,0.263777437,0.089552239
3104,0,-0.000000000,0.000000000
3105,0,-0.000000000,0.000000000
3106,0,-0.000000000,0.000000000
3107,0,0.985228136,1.142857143
3108,0,-0.000000000,0.000000000
3109,0,0.143726170,0.040816327
3110,0,0.004850167,0.000757289
3111,0,0.023127475,0.004521477
3112,0,-0.000000000,0.000000000
3113,0,0.503258335,0.222222222
3114,0,0.021519932,0.004158004
3115,0,0.145582434,0.041482489
3116,0,0.004920471,0.000769672
3117,0,0.504169903,0.222830384
3118,0,0.096183933,0.024758932
3119,0,1.002496805,0.906889620
3120,0,0.294036144,0.102811248
3121,0,0.189689669,0.058132748
3122,0,0.032339258,0.006757496
3123,0,0.134587156,0.037472958
3124,0,1.174087579,0.997136470
3125,0,1.165170302,1.118237199
3126,0,0.218155091,0.142807743
3127,0,0.724112070,0.385932868
3128,0,0.109991968,0.045283808
3129,0,0.206744494,0.075075111
3130,0,0.111755100,0.030194795
3131,0,0.163593536,0.048666146
3132,0,0.007908733,0.002739717
3133,0,0.505099647,0.222914737
3134,0,0.022117143,0.004317500
3135,0,0.989974593,1.135096139
3136,0,0.070789578,0.017023830
3137,0,0.522934880,0.235497288
3138,0,0.100604175,0.026165634
3139,0,0.533565420,0.242927815
3140,0,0.103168188,0.026992102
3141,0,0.534488406,0.243581499
3142,0,0.023306732,0.004562285
3143,0,0.145763295,0.041547468
3144,0,0.000000780,0.000000130
3145,0,0.143726284,1.959183682
3146,0,0.000000050,0.000000007
3147,0,0.503258344,0.222222224
3148,0,0.095970404,0.024691358
3149,0,0.531882604,0.241758242
3150,0,0.023154724,0.004527681
3151,0,0.000000001,0.000000000
3152,0,0.000000000,0.000000000
3153,0,0.503258335,0.222222222
3154,0,0.000000000,0.000000000
3155,0,0.143726170,0.040816327
3156,0,0.000000000,0.000000000
3157,0,0.000000000,0.000000000
3158,0,0.000000000,0.000000000
3159,0,0.143726170,0.040816327
3160,0,0.004850167,0.000757289
3161,0,0.504155247,1.777179401
3162,0,0.000000000,0.000000000
3163,0,0.143726170,0.040816327
3164,0,0.545478963,0.251366120
3165,0,0.744952274,0.423645320
3166,0,0.037631248,0.008002233
3167,0,0.991736849,1.127577108
3168,0,0.070397957,0.016918941
3169,0,0.523007936,1.764397149
3170,0,0.379619637,1.852579408
3171,0,0.270763122,0.092735879
3172,0,0.000000000,0.000000000
3173,0,0.143726170,0.040816327
3174,0,0.000000000,0.000000000
3175,0,0.503258335,1.777777778
3176,0,0.365055190,0.139534884
3177,0,-0.000000000,0.000000000
3178,0,-0.000000000,0.000000000
3179,0,0.143726170,0.040816327
3180,0,-0.000000000,0.000000000
3181,0,-0.000000000,0.000000000
3182,0,-0.000000000,0.000000000
3183,0,0.143726170,0.040816327
3184,0,-0.000000000,0.000000000
3185,0,0.503258335,0.222222222
3186,0,0.021519932,0.004158004
3187,0,0.508167846,0.225508318
3188,0,0.097122578,0.025056480
3189,0,0.154891837,0.044866147
3190,0,-0.000000000,0.000000000
3191,0,-0.000000000,0.000000000
3192,0,-0.000000000,0.000000000
3193,0,0.503258335,0.222222222
3194,0,0.095970403,0.024691358
3195,0,0.154729451,0.044806517
3196,0,0.005269238,0.000831475
3197,0,0.144097486,0.040949353
3198,0,0.023252393,0.004549928
3199,0,0.145757326,0.041545400
3200,0,0.004927104,0.000770842
3201,0,0.985968818,1.141371950
3202,0,0.276836079,0.095480928
3203,0,0.186127081,0.056726606
3204,0,0.006536793,0.001063026
3205,0,0.000045342,0.000012469
3206,0,0.000012668,0.000002522
3207,0,0.503264164,0.222223612
3208,0,0.021521786,0.004158339
3209,0,0.000002045,0.000000439
3210,0,0.000001184,0.000000205
3211,0,0.503259517,0.222222460
3212,0,0.000000896,0.000000166
3213,0,0.503258460,0.222222244
3214,0,0.095970417,0.024691360
3215,0,1.002458649,0.906757914
3216,0,0.073104398,0.017710361
3217,0,0.523917208,1.763770625
3218,0,0.000000004,0.000000000
3219,0,0.000000005,0.000000001
3220,0,0.000000037,0.000000005
3221,0,0.000000034,0.000000005
3222,0,0.143726180,0.040816328
3223,0,0.000000039,0.000000007
3224,0,0.000000001,0.000000000
3225,0,0.985228136,1.142857143
3226,0,0.069054382,0.016528926
3227,0,0.151096971,0.043478261
3228,0,0.024479319,0.004830918
3229,0,0.508958919,0.226040268
3230,0,0.097308724,0.025115585
3231,0,0.154918123,0.044875802
3232,0,0.025152235,0.004986200
3233,0,0.000000000,0.000000000
3234,0,0.000000000,0.000000000
3235,0,0.503258335,0.222222222
3236,0,0.000000000,0.000000000
3237,0,0.985228136,1.142857143
3238,0,0.000000000,0.000000000
3239,0,0.143726170,0.040816327
3240,0,0.000000000,0.000000000
3241,0,0.143726170,0.040816327
3242,0,0.004850167,0.000757289
3243,0,0.504155247,0.222820599
3244,0,0.000000000,0.000000000
3245,0,0.000000000,0.000000000
3246,0,0.000000000,0.000000000
3247,0,0.503258335,0.222222222
3248,0,0.095970403,0.024691358
3249,0,0.531882603,1.758241758
3250,0,0.023154724,0.004527681
3251,0,0.145747398,0.041541828
3252,0,0.000000000,0.000000000
3253,0,0.985228136,1.142857143
3254,0,0.000000000,0.000000000
3255,0,0.503258335,0.222222222
3256,0,0.021519932,0.004158004
3257,0,0.145582434,0.041482489
3258,0,0.000000000,0.000000000
3259,0,0.000000000,0.000000000
3260,0,0.000000000,0.000000000
3261,0,0.000000000,0.000000000
3262,0,0.000000000,0.000000000
3263,0,0.143726170,0.040816327
3264,0,0.004850167,0.000757289
3265,0,0.000000000,0.000000000
3266,0,0.000000000,0.000000000
3267,0,0.985228136,1.142857143
3268,0,0.276195428,0.095238095
3269,0,1.026327293,0.978723404
3270,0,0.085496536,0.021410053
3271,0,0.529923584,0.239654659
3272,0,0.002961193,0.001005699
3273,0,0.146904568,0.042072501
3274,0,0.023593177,0.004650926
3275,0,0.000434771,0.000145455
3276,0,0.002071115,0.000630611
3277,0,0.985427291,0.857198226
3278,0,0.276228627,0.095245760
3279,0,0.186033539,0.056689933
3280,0,0.006500800,0.001054484
3281,0,0.144202690,0.040986275
3282,0,0.000006004,0.000001149
3283,0,0.143728063,1.959183903
3284,0,0.004851179,0.000757509
3285,0,0.000000000,0.000000000
3286,0,-0.000000000,0.000000000
3287,0,0.143726170,0.040816327
3288,0,0.023187512,0.004535147
3289,0,-0.000000000,0.000000000
3290,0,-0.000000000,0.000000000
3291,0,0.503258335,0.222222222
3292,0,-0.000000000,0.000000000
3293,0,1.000000000,1.000000000
3294,0,0.811278124,0.500000000
3295,0,1.541266510,1.694444444
3296,0,0.620867530,0.290786137
3297,0,0.508295564,0.222198437
3298,0,0.749896625,0.418982720
3299,0,0.416936914,0.179100845
3300,0,0.329913723,0.097482015
3301,0,0.260763774,0.073056977
3302,0,0.345949936,0.100983419
3303,0,0.639652329,0.306811567
3304,0,1.099496208,1.294046061
3305,0,0.599841939,1.876397981
3306,0,0.007558872,0.002493733
3307,0,0.006870845,0.002239197
3308,0,0.150123357,0.042819844
3309,0,1.030164839,1.075256896
3310,0,1.021884955,0.819333304
3311,0,1.033924403,0.897211964
3312,0,0.577918956,0.268510661
3313,0,0.262250179,0.088835880
3314,0,0.183171889,0.055571156
3315,0,0.308559395,0.089705690
3316,0,0.326336024,1.956451467
3317,0,1.013759688,1.746115353
3318,0,1.237947994,0.935576305
3319,0,0.340484503,0.092749676
3320,0,0.999991462,0.996559705
3321,0,-0.000000000,0.000000000
3322,0,1.000000000,1.000000000
3323,0,1.500000000,2.000000000
3324,0,1.180906651,1.009375000
3325,0,1.085086471,0.435855357
3326,0,0.999985884,0.995576341
3327,0,0.302291907,0.080000000
3328,0,1.050618725,1.006356954
3329,0,0.307947213,0.081837881
3330,0,1.051719728,1.006717368
3331,0,-0.000000000,0.000000000
3332,0,1.000000000,1.000000000
3333,0,1.870950594,1.400000000
3334,0,0.999848483,0.985507246
3335,0,1.870905139,1.200000000
3336,0,1.114757617,1.001311023
3337,0,1.058243881,1.999928727
3338,0,1.046238501,1.001739974
3339,0,-0.000000000,0.000000000
3340,0,1.000000000,1.000000000
3341,0,1.021928095,0.400000000
3342,0,1.190930197,1.031111111
3343,0,-0.000000000,0.000000000
3344,0,1.000000000,1.000000000
3345,0,0.302292189,0.080000000
3346,0,1.010784836,1.000334821
3347,0,-0.000000000,0.000000000
3348,0,1.000000000,1.000000000
3349,0,1.021928095,0.400000000
3350,0,1.044208200,1.001704545
3351,0,1.525698309,2.004825368
3352,0,1.183492267,1.010700756
3353,0,-0.000000000,0.000000000
3354,0,1.000000000,1.000000000
3355,0,1.500000000,2.000000000
3356,0,0.999525689,0.974358974
3357,0,1.021880664,0.400000000
3358,0,1.044002673,0.999427018
3359,0,1.033554789,0.406481853
3360,0,1.044845034,1.009365900
3361,0,0.307196015,0.081592882
3362,0,1.010982814,1.001803815
3363,0,1.506341676,1.999702806
3364,0,1.181434810,1.049960977
3365,0,1.911433985,1.995430720
3366,0,1.462746490,1.097077648
3367,0,1.225916610,0.522399112
3368,0,1.056975642,1.003222536
3369,0,0.308765459,0.082101839
3370,0,1.051925126,1.006876133
3371,0,0.308114922,0.081892087
3372,0,0.999999533,0.999195104
3373,0,0.302292180,0.080000000
3374,0,0.999999406,1.000907321
3375,0,0.302292177,0.080000000
3376,0,1.050647543,1.006236739
3377,0,1.035614247,0.407632253
3378,0,0.999987560,1.004152683
3379,0,0.302291940,0.080000000
3380,0,1.010777434,1.001855538
3381,0,-0.000000000,0.000000000
3382,0,1.000000000,1.000000000
3383,0,1.870950594,2.000000000
3384,0,0.999848483,1.014492754
3385,0,-0.000000000,0.000000000
3386,0,1.000000000,1.000000000
3387,0,1.021928095,0.400000000
3388,0,0.999984960,0.995433790
3389,0,0.302291888,0.080000000
3390,0,0.999999320,0.999028817
3391,0,-0.000000000,0.000000000
3392,0,1.000000000,1.000000000
3393,0,1.021928095,0.400000000
3394,0,1.044208200,1.001704545
3395,0,0.307114252,0.081566298
3396,0,0.999999427,1.000891185
3397,0,1.021928038,2.000178237
3398,0,1.190902631,1.031182406
3399,0,1.913418449,1.982780099
3400,0,0.999958850,1.007552868
3401,0,1.021923980,0.400000000
3402,0,0.999980335,1.005221302
3403,0,0.302291796,0.080000000
3404,0,1.010775527,1.001873506
3405,0,1.872749370,1.202043401
3406,0,1.115365962,1.028595535
3407,0,0.317526748,0.084974357
3408,0,0.999999436,0.999115587
3409,0,1.021928038,0.400000000
3410,0,0.999984450,0.995357079
3411,0,1.021926540,0.400000000
3412,0,0.999982190,0.995031085
3413,0,0.302291833,0.080000000
3414,0,0.999999310,0.999021980
3415,0,1.021928026,0.400000000
3416,0,0.999984396,0.995348960
3417,0,-0.000000000,0.000000000
3418,0,1.000000000,1.000000000
3419,0,0.302292189,0.080000000
3420,0,0.999999424,0.999106345
3421,0,-0.000000000,0.000000000
3422,0,1.000000000,1.000000000
3423,0,0.302292189,0.080000000
3424,0,0.999999424,0.999106345
3425,0,1.870950422,1.200000000
3426,0,1.442639602,1.093547811
3427,0,0.389164196,0.109391219
3428,0,0.999999907,0.999641492
3429,0,0.302292187,0.080000000
3430,0,1.050657907,1.006451535
3431,0,-0.000000000,0.000000000
3432,0,1.000000000,1.000000000
3433,0,0.302292189,0.080000000
3434,0,1.010784836,1.000334821
3435,0,1.872752561,2.000229400
3436,0,1.115368889,1.005449796
3437,0,1.058419467,0.420514270
3438,0,1.199122804,1.034417158
3439,0,1.092682574,0.440304053
3440,0,1.048461699,1.007318432
3441,0,0.307653775,0.081741087
3442,0,1.219956502,1.032680887
3443,0,-0.000000000,0.000000000
3444,0,1.000000000,1.000000000
3445,0,0.302292189,0.080000000
3446,0,0.999999424,1.000893655
3447,0,-0.000000000,0.000000000
3448,0,1.000000000,1.000000000
3449,0,1.021928095,0.400000000
3450,0,1.044208200,1.001704545
3451,0,-0.000000000,0.000000000
3452,0,1.000000000,1.000000000
3453,0,-0.000000000,0.000000000
3454,0,1.000000000,1.000000000
3455,0,-0.000000000,0.000000000
3456,0,1.000000000,1.000000000
3457,0,0.302292189,0.080000000
3458,0,0.999999424,1.000893655
3459,0,0.302292178,0.080000000
3460,0,1.216033429,1.032044814
3461,0,0.335600053,0.090979990
3462,0,1.056989690,1.008178608
3463,0,1.037628035,0.408750294
3464,0,1.045148675,1.002481970
3465,0,-0.000000000,0.000000000
3466,0,1.000000000,1.000000000
3467,0,0.302292189,0.080000000
3468,0,0.999999424,0.999106345
3469,0,1.499999712,1.000000000
3470,0,1.508157759,1.208550574
3471,0,2.020236234,1.293326236
3472,0,1.897534717,1.141853266
3473,0,2.011217584,1.575425628
3474,0,0.986874786,1.134685425
3475,0,1.020615574,0.400000000
3476,0,0.999963398,0.992876792
3477,0,0.302291457,0.080000000
3478,0,0.999999569,0.999227288
3479,0,0.302292180,0.080000000
3480,0,1.050648645,1.006429162
3481,0,1.035614537,0.407632392
3482,0,0.999987563,0.995847717
3483,0,0.302291940,0.080000000
3484,0,1.010777435,1.001855531
3485,0,0.303237813,0.080306569
3486,0,0.999999423,1.000894572
3487,0,1.499999711,1.000000000
3488,0,1.508157585,1.208550797
3489,0,1.537230426,1.710144454
3490,0,2.274492447,1.583871260
3491,0,1.850795924,1.531811554
3492,0,1.459761315,1.226197910
3493,0,-0.000000000,0.000000000
3494,0,1.000000000,1.000000000
3495,0,-0.000000000,0.000000000
3496,0,1.000000000,1.000000000
3497,0,0.302292189,0.080000000
3498,0,1.050654972,1.006444444
3499,0,0.307950877,2.000242515
3500,0,1.051721710,1.006720530
3501,0,0.308089788,0.081884053
3502,0,0.999999528,0.999190829
3503,0,0.302292180,0.080000000
3504,0,1.010783395,1.000320703
3505,0,-0.000000000,0.000000000
3506,0,1.000000000,1.000000000
3507,0,0.302292189,0.080000000
3508,0,1.010784836,1.000334821
3509,0,-0.000000000,0.000000000
3510,0,1.000000000,1.000000000
3511,0,0.302292189,0.080000000
3512,0,1.216063438,1.032034632
3513,0,0.335604248,0.090981315
3514,0,1.056991416,1.006468630
3515,0,-0.000000000,0.000000000
3516,0,1.000000000,1.000000000
3517,0,0.302292189,0.080000000
3518,0,1.010784836,1.000334821
3519,0,0.303238394,0.080306742
3520,0,1.010823040,1.000340490
3521,0,1.024237609,0.401282369
3522,0,1.044338492,1.009100939
3523,0,1.879475529,1.210380948
3524,0,0.999852683,0.985709540
3525,0,-0.000000000,0.000000000
3526,0,1.000000000,1.000000000
3527,0,1.021928095,1.800000000
3528,0,0.999984960,1.004566210
3529,0,1.870946082,2.002739726
3530,0,2.101124871,2.826098304
3531,0,1.691881816,1.910815383
3532,0,1.094360423,0.983361275
3533,0,1.891107791,1.225171575
3534,0,0.999998770,1.001305626
3535,0,-0.000000000,0.000000000
3536,0,1.000000000,1.000000000
3537,0,-0.000000000,0.000000000
3538,0,1.000000000,1.000000000
3539,0,0.302292189,0.080000000
3540,0,1.010784836,1.001785714
3541,0,-0.000000000,0.000000000
3542,0,1.000000000,1.000000000
3543,0,1.021928095,0.400000000
3544,0,0.999984960,0.995433790
3545,0,1.021926591,0.400000000
3546,0,1.044172237,1.009481640
3547,0,1.033595028,0.406500890
3548,0,0.999984865,1.004580493
3549,0,1.870946054,1.200000000
3550,0,0.999820985,0.984246997
3551,0,0.302288609,0.080000000
3552,0,1.215532379,1.032214135
3553,0,-0.000000000,0.000000000
3554,0,1.000000000,1.000000000
3555,0,0.302292189,0.080000000
3556,0,1.050654972,1.006222222
3557,0,-0.000000000,0.000000000
3558,0,1.000000000,1.000000000
3559,0,0.302292189,0.080000000
3560,0,0.999999424,1.000893655
3561,0,1.021928037,0.400000000
3562,0,1.044201183,1.001625160
3563,0,1.033601975,0.406504208
3564,0,1.044867473,1.009151913
3565,0,0.307198180,0.081593541
3566,0,0.999999430,0.999111129
3567,0,1.021928038,1.800000000
3568,0,1.044201221,1.001625585
3569,0,1.033601984,0.406504212
3570,0,1.044867478,1.009151871
3571,0,1.526105686,1.998513317
3572,0,1.641027161,1.157008404
3573,0,2.294285256,1.915485159
3574,0,1.420603573,1.049620130
3575,0,0.380579328,0.106361463
3576,0,1.067148941,1.014022233
3577,0,1.666257229,1.039985809
3578,0,1.206257375,1.025384625
3579,0,1.918501469,1.386630829
3580,0,1.467967176,1.114342276
3581,0,0.395792678,0.111725939
3582,0,0.999999439,0.999118311
3583,0,0.302292178,1.999964732
3584,0,1.050662189,1.006208115
3585,0,0.307951607,0.081839204
3586,0,0.999999522,1.000814438
3587,0,-0.000000000,0.000000000
3588,0,1.000000000,1.000000000
3589,0,0.302292189,0.080000000
3590,0,1.216063438,1.041991342
3591,0,-0.000000000,0.000000000
3592,0,1.000000000,1.000000000
3593,0,1.021928095,0.400000000
3594,0,1.044208200,1.009090909
3595,0,0.307114252,0.081566298
3596,0,0.999999427,0.999108815
3597,0,1.021928038,1.999821763
3598,0,1.044201203,1.001625380
3599,0,1.525688592,1.006546494
3600,0,1.183486848,1.049909171
3601,0,1.086136881,0.436446551
3602,0,0.999987053,0.995763507
3603,0,1.021926800,0.400000000
3604,0,1.044174843,1.001328214
3605,0,1.033595653,0.406501188
3606,0,1.044864447,1.009180820
3607,0,1.879591358,1.210523578
3608,0,1.446568854,1.094044220
3609,0,0.390202264,0.109755594
3610,0,1.014534662,1.002178607
3611,0,-0.000000000,0.000000000
3612,0,1.000000000,1.000000000
3613,0,0.302292189,0.080000000
3614,0,1.050654972,1.006222222
3615,0,1.880819478,1.212122538
3616,0,1.447466693,1.093122090
3617,0,0.390410136,0.109828897
3618,0,0.999999848,1.000458657
3619,0,1.021928080,0.400000000
3620,0,1.044211797,1.009051661
3621,0,0.307114584,0.081566398
3622,0,0.999999428,1.000890394
3623,0,0.302292178,0.080000000
3624,0,0.999999404,1.000908773
3625,0,0.302292177,0.080000000
3626,0,0.999999404,0.999090915
3627,0,0.302292177,0.080000000
3628,0,1.010783217,1.000318960
3629,0,-0.000000000,0.000000000
3630,0,1.000000000,1.000000000
3631,0,1.021928095,0.400000000
3632,0,0.999984960,0.995433790
3633,0,0.302291888,0.080000000
3634,0,0.999999320,0.999028817
3635,0,-0.000000000,0.000000000
3636,0,1.000000000,1.000000000
3637,0,0.302292189,0.080000000
3638,0,1.050654972,1.006222222
3639,0,0.307950877,0.081838984
3640,0,0.999999521,0.999185048
3641,0,-0.000000000,0.000000000
3642,0,1.000000000,1.000000000
3643,0,0.302292189,0.080000000
3644,0,1.010784836,1.000334821
3645,0,-0.000000000,0.000000000
3646,0,1.000000000,1.000000000
3647,0,1.021928095,0.400000000
3648,0,1.044208200,1.009090909
3649,0,1.879446735,1.999192347
3650,0,0.999852509,1.014298938
3651,0,-0.000000000,0.000000000
3652,0,1.000000000,1.000000000
3653,0,-0.000000000,0.000000000
3654,0,1.000000000,1.000000000
3655,0,1.021928095,0.400000000
3656,0,1.044208200,1.001704545
3657,0,1.033603662,0.406505016
3658,0,1.044868282,1.001846444
3659,0,1.033806725,1.797387828
3660,0,0.999985213,1.004527593
3661,0,1.021926616,0.400000000
3662,0,0.999982261,0.995041088
3663,0,-0.000000000,0.000000000
3664,0,1.000000000,1.000000000
3665,0,0.302292189,0.080000000
3666,0,0.999999424,1.000893655
3667,0,1.499999712,2.000893655
3668,0,1.180862334,1.050419824
3669,0,1.602242890,1.993669699
3670,0,1.668811687,1.163261495
3671,0,0.461668769,0.135732473
3672,0,1.081618175,1.007181667
3673,0,1.045861626,0.413339227
3674,0,0.999992998,1.003115626
3675,0,0.302292049,0.080000000
3676,0,0.999999354,0.999053446
3677,0,0.302292176,0.080000000
3678,0,0.999999403,1.000909726
3679,0,1.021928035,0.400000000
3680,0,1.044201057,1.001623733
3681,0,1.033601944,2.000253008
3682,0,1.193535818,1.032905346
3683,0,1.090270780,0.438902170
3684,0,1.207051725,1.038635550
3685,0,-0.000000000,0.000000000
3686,0,1.000000000,1.000000000
3687,0,1.500000000,2.000000000
3688,0,0.999525689,0.974358974
3689,0,0.302282703,0.080000000
3690,0,0.999998726,1.001328995
3691,0,-0.000000000,0.000000000
3692,0,1.000000000,1.000000000
3693,0,1.870950594,1.400000000
3694,0,1.442705945,1.936666667
3695,0,1.215018433,1.754396759
3696,0,1.056194187,1.004247644
3697,0,-0.000000000,0.000000000
3698,0,1.000000000,1.000000000
3699,0,0.302292189,0.080000000
3700,0,0.999999424,0.999106345
3701,0,1.499999712,1.000000000
3702,0,0.999509466,0.973924201
3703,0,0.302282378,0.080000000
3704,0,0.999998712,0.998663623
3705,0,1.870950208,1.999198174
3706,0,1.442606693,1.096270208
3707,0,1.214985821,0.515390349
3708,0,1.056187004,1.004306988
3709,0,1.037345621,0.408581524
3710,0,0.999990002,1.003722923
3711,0,0.302291989,0.080000000
3712,0,0.999999340,1.000956865
3713,0,1.499999670,1.000000000
3714,0,0.999508308,0.973893450
3715,0,1.870803087,1.200000000
3716,0,0.999661133,0.978326686
3717,0,1.021894208,0.400000000
3718,0,1.190254096,1.030078972
3719,0,1.088936080,0.438139644
3720,0,0.999994348,0.997200898
3721,0,1.870948899,1.400000000
3722,0,1.115064524,1.004575574
3723,0,0.317483733,0.084960424
3724,0,1.011398680,1.000410801
3725,0,1.024377137,0.401359492
3726,0,0.999985036,1.004554664
3727,0,-0.000000000,0.000000000
3728,0,1.000000000,1.000000000
3729,0,1.870950594,1.400000000
3730,0,1.115135655,1.028571429
3731,0,0.317490439,0.084962493
3732,0,1.011400571,1.001835755
3733,0,1.506597729,1.001401855
3734,0,2.243936579,1.781172986
3735,0,1.961124907,1.242174502
3736,0,1.274532084,0.962275441
3737,0,0.347373188,0.094990834
3738,0,0.999995913,1.002380270
3739,0,0.302292107,0.080000000
3740,0,0.999999475,0.999146759
3741,0,-0.000000000,0.000000000
3742,0,1.000000000,1.000000000
3743,0,-0.000000000,0.000000000
3744,0,1.000000000,1.000000000
3745,0,0.302292189,0.080000000
3746,0,1.010784836,1.000334821
3747,0,0.303238394,0.080306742
3748,0,0.999999425,0.999106829
3749,0,0.302292178,0.080000000
3750,0,1.010783245,1.001800732
3751,0,-0.000000000,0.000000000
3752,0,1.000000000,1.000000000
3753,0,-0.000000000,0.000000000
3754,0,1.000000000,1.000000000
3755,0,1.021928095,2.000000000
3756,0,1.044208200,1.001704545
3757,0,0.307114252,0.081566298
3758,0,0.999999427,1.000891185
3759,0,0.302292178,0.080000000
3760,0,0.999999404,0.999091214
3761,0,1.021928035,0.400000000
3762,0,1.044201064,1.001623816
3763,0,1.033601946,0.406504195
3764,0,1.044867460,1.001838251
3765,0,-0.000000000,0.000000000
3766,0,1.000000000,1.000000000
3767,0,0.302292189,0.080000000
3768,0,0.999999424,1.000893655
3769,0,0.302292178,0.080000000
3770,0,1.050647655,1.006426770
3771,0,-0.000000000,0.000000000
3772,0,1.000000000,1.000000000
3773,0,0.302292189,0.080000000
3774,0,1.010784836,1.001785714
3775,0,1.024228392,0.401277276
3776,0,1.660383312,1.145508827
3777,0,0.459608831,0.135003556
3778,0,1.328656052,1.078080420
3779,0,1.152933829,0.476241550
3780,0,1.223255864,1.029840940
3781,0,0.336831014,0.091382414
3782,0,0.999999992,1.000104898
3783,0,-0.000000000,0.000000000
3784,0,1.000000000,1.000000000
3785,0,-0.000000000,0.000000000
3786,0,1.000000000,1.000000000
3787,0,1.500000000,2.000000000
3788,0,1.180906651,1.050000000
3789,0,0.328975528,0.088762375
3790,0,1.055526300,1.007339261
3791,0,1.037168975,0.408499157
3792,0,1.045112367,1.008705666
3793,0,-0.000000000,0.000000000
3794,0,1.000000000,1.000000000
3795,0,-0.000000000,0.000000000
3796,0,1.000000000,1.000000000
3797,0,1.021928095,0.400000000
3798,0,0.999984960,1.004566210
3799,0,1.870946082,1.200000000
3800,0,0.999821074,0.984250926
3801,0,1.021910202,0.400000000
3802,0,1.044082996,1.000305604
3803,0,0.307102798,0.081562861
3804,0,0.999999392,1.000918323
3805,0,1.870950412,1.400000000
3806,0,1.115112418,1.005100722
3807,0,0.317488241,0.084961814
3808,0,1.053422726,1.006563104
3809,0,-0.000000000,0.000000000
3810,0,1.000000000,1.000000000
3811,0,0.302292189,0.080000000
3812,0,0.999999424,1.000893655
3813,0,1.499999712,1.000000000
3814,0,1.633775013,1.160669248
3815,0,-0.000000000,0.000000000
3816,0,1.000000000,1.000000000
3817,0,1.870950594,1.400000000
3818,0,1.442705945,1.096666667
3819,0,0.389175081,0.109395083
3820,0,1.014486611,1.002126211
3821,0,0.303611607,0.080427234
3822,0,1.050911470,1.006526897
3823,0,-0.000000000,0.000000000
3824,0,1.000000000,1.000000000
3825,0,1.500000000,2.000000000
3826,0,1.180906651,1.050000000
3827,0,0.328975528,0.088762375
3828,0,0.999999442,0.999120172
3829,0,0.302292178,0.080000000
3830,0,1.010783269,1.001800508
3831,0,1.024228067,0.401277124
3832,0,1.660381506,1.145509707
3833,0,1.347100522,0.605618881
3834,0,1.846517871,1.303334534
3835,0,1.470937082,0.701339365
3836,0,1.075344606,0.984416097
3837,0,0.311314615,0.082933988
3838,0,1.011221480,1.001154263
3839,0,1.024331727,1.799479016
3840,0,1.508662297,1.208189096
3841,0,2.498602141,1.782733287
3842,0,1.825988757,1.248875669
3843,0,1.398848198,1.315726008
3844,0,1.629310477,0.851480799
3845,0,1.346387662,0.624641421
3846,0,1.068488692,0.936448040
3847,0,0.310655329,0.082742236
3848,0,1.011295143,1.002035263
3849,0,1.024346787,1.799482891
3850,0,1.044359851,1.008936818
3851,0,1.033649247,1.999682411
3852,0,1.044872646,1.009125145
3853,0,-0.000000000,0.000000000
3854,0,1.000000000,1.000000000
3855,0,0.302292189,0.080000000
3856,0,1.010784836,1.001785714
3857,0,0.303238394,0.080306742
3858,0,1.216730444,1.042167601
3859,0,1.918984078,1.130972635
3860,0,0.999945402,1.008699854
3861,0,1.870934215,2.005219912
3862,0,0.999794302,1.016886236
3863,0,0.302288075,0.080000000
3864,0,0.999998995,1.001180356
3865,0,0.302292169,0.080000000
3866,0,0.999999398,1.000913696
3867,0,-0.000000000,0.000000000
3868,0,1.000000000,1.000000000
3869,0,0.302292189,0.080000000
3870,0,0.999999424,0.999106345
3871,0,1.021928037,0.400000000
3872,0,1.658980408,1.145146141
3873,0,1.407445464,0.635428142
3874,0,1.144145116,1.069390695
3875,0,0.361146920,0.107283097
3876,0,1.075911315,1.017820905
3877,0,0.316216877,0.084556512
3878,0,1.121580887,1.024675181
3879,0,1.114750528,1.483975650
3880,0,1.494941497,1.088254524
3881,0,0.776433475,0.389048890
3882,0,0.209216306,0.063494491
3883,0,0.170669036,0.050235088
3884,0,0.166368387,0.049022099
3885,0,0.558834843,0.261019736
3886,0,0.259628815,0.087679667
3887,0,1.025033593,1.020825477
3888,0,-0.000000000,0.000000000
3889,0,0.143726170,0.040816327
3890,0,-0.000000000,0.000000000
3891,0,0.985228136,1.142857143
3892,0,-0.000000000,0.000000000
3893,0,0.503258335,0.222222222
3894,0,0.242292189,0.080000000
3895,0,0.591672779,0.285714286
3896,0,-0.000000000,0.000000000
3897,0,0.985228136,1.142857143
3898,0,0.991076060,1.111111111
3899,0,0.966985296,1.213114754
3900,0,0.889601952,0.424530663
3901,0,0.720924810,0.278171281
3902,0,0.445378612,0.133604770
3903,0,0.209214786,0.063215500
3904,0,0.170530375,0.050167712
3905,0,-0.000000000,0.000000000
3906,0,-0.000000000,0.000000000
3907,0,0.143726170,0.040816327
3908,0,-0.000000000,0.000000000
3909,0,0.985228136,1.142857143
3910,0,0.069054382,0.016528926
3911,0,0.151096971,0.043478261
3912,0,0.024479319,0.004830918
3913,0,0.145882706,0.041590516
3914,0,0.023564617,0.004621168
3915,0,0.989174765,0.866660300
3916,0,-0.000000000,0.000000000
3917,0,-0.000000000,0.000000000
3918,0,-0.000000000,0.000000000
3919,0,-0.000000000,0.000000000
3920,0,-0.000000000,0.000000000
3921,0,0.143726170,0.040816327
3922,0,0.023187512,0.004535147
3923,0,0.145750730,0.041543027
3924,0,-0.000000000,0.000000000
3925,0,0.503258335,0.222222222
3926,0,0.095970403,0.024691358
3927,0,-0.000000000,0.000000000
3928,0,-0.000000000,0.000000000
3929,0,0.143726170,0.040816327
3930,0,0.023187512,0.004535147
3931,0,-0.000000000,0.000000000
3932,0,-0.000000000,0.000000000
3933,0,0.143726170,0.040816327
3934,0,0.023187512,0.004535147
3935,0,-0.000000000,0.000000000
3936,0,-0.000000000,0.000000000
3937,0,0.143726170,0.040816327
3938,0,0.004850167,0.000757289
3939,0,-0.000000000,0.000000000
3940,0,-0.000000000,0.000000000
3941,0,-0.000000000,0.000000000
3942,0,-0.000000000,0.000000000
3943,0,-0.000000000,0.000000000
3944,0,-0.000000000,0.000000000
3945,0,-0.000000000,0.000000000
3946,0,-0.000000000,0.000000000
3947,0,-0.000000000,0.000000000
3948,0,-0.000000000,0.000000000
3949,0,-0.000000000,0.000000000
3950,0,-0.000000000,0.000000000
3951,0,0.143726170,0.040816327
3952,0,-0.000000000,0.000000000
3953,0,0.503258335,0.222222222
3954,0,0.365055190,0.139534884
3955,0,1.029360637,0.913719943
3956,0,0.088841111,0.022459964
3957,0,-0.000000000,0.000000000
3958,0,-0.000000000,0.000000000
3959,0,0.503258335,0.222222222
3960,0,0.095970403,0.024691358
3961,0,-0.000000000,0.000000000
3962,0,-0.000000000,0.000000000
3963,0,-0.000000000,0.000000000
3964,0,-0.000000000,0.000000000
3965,0,0.143726170,0.040816327
3966,0,0.023187512,0.004535147
3967,0,-0.000000000,0.000000000
3968,0,-0.000000000,0.000000000
3969,0,0.143726170,0.040816327
3970,0,0.004850167,0.000757289
3971,0,-0.000000000,0.000000000
3972,0,-0.000000000,0.000000000
3973,0,-0.000000000,0.000000000
3974,0,-0.000000000,0.000000000
3975,0,0.143726170,0.040816327
3976,0,0.004850167,0.000757289
3977,0,-0.000000000,0.000000000
3978,0,-0.000000000,0.000000000
3979,0,0.985228136,0.857142857
3980,0,-0.000000000,0.000000000
3981,0,0.143726170,0.040816327
3982,0,-0.000000000,0.000000000
3983,0,0.143726170,0.040816327
3984,0,0.023187512,0.004535147
3985,0,0.145750730,0.041543027
3986,0,-0.000000000,0.000000000
3987,0,0.143726170,0.040816327
3988,0,0.023187512,0.004535147
3989,0,-0.000000000,0.000000000
3990,0,-0.000000000,0.000000000
3991,0,-0.000000000,0.000000000
3992,0,-0.000000000,0.000000000
3993,0,-0.000000000,0.000000000
3994,0,-0.000000000,0.000000000
3995,0,0.143726170,0.040816327
3996,0,-0.000000000,0.000000000
3997,0,0.143726170,0.040816327
3998,0,-0.000000000,0.000000000
3999,0,0.985228136,1.142857143
4000,0,0.069054382,0.016528926
4001,0,0.522559375,0.235294118
4002,0,-0.000000000,0.000000000
4003,0,-0.000000000,0.000000000
4004,0,-0.000000000,0.000000000
4005,0,-0.000000000,0.000000000
4006,0,-0.000000000,0.000000000
4007,0,0.143726170,0.040816327
4008,0,-0.000000000,0.000000000
4009,0,0.143726170,0.040816327
4010,0,0.004850167,0.000757289
4011,0,0.985956528,1.141398038
4012,0,0.001760832,0.000226458
4013,0,0.001759386,0.000226253
4014,0,-0.000000000,0.000000000
4015,0,0.143726170,0.040816327
4016,0,0.160114853,0.046795524
4017,0,0.556467689,0.259292838
4018,0,-0.000000000,0.000000000
4019,0,0.143726170,0.040816327
4020,0,0.004850167,0.000757289
4021,0,0.504155247,0.222820599
4022,0,0.096180499,0.024757844
4023,0,0.154759021,0.044817374
4024,0,0.025124173,0.004979708
4025,0,0.509133707,1.773842105
4026,0,0.021850877,0.004232424
4027,0,0.508255380,0.225567146
4028,0,-0.000000000,0.000000000
4029,0,0.143726170,0.040816327
4030,0,0.023187512,0.004535147
4031,0,-0.000000000,0.000000000
4032,0,-0.000000000,0.000000000
4033,0,-0.000000000,0.000000000
4034,0,0.143726170,0.040816327
4035,0,0.549910905,0.254545455
4036,0,-0.000000000,0.000000000
4037,0,0.143726170,0.040816327
4038,0,0.004850167,0.000757289
4039,0,-0.000000000,0.000000000
4040,0,-0.000000000,0.000000000
4041,0,-0.000000000,0.000000000
4042,0,-0.000000000,0.000000000
4043,0,-0.000000000,0.000000000
4044,0,-0.000000000,0.000000000
4045,0,-0.000000000,0.000000000
4046,0,-0.000000000,0.000000000
4047,0,0.985228136,0.857142857
4048,0,0.069054382,0.016528926
4049,0,0.522559375,0.235294118
4050,0,0.022615977,0.004405286
4051,0,0.145692782,0.041522180
4052,0,0.023531378,0.004613576
4053,0,0.989168802,0.866644752
4054,0,0.069832745,0.016754636
4055,0,0.522819005,0.235472787
4056,0,0.100592795,0.026163643
4057,0,-0.000000000,0.000000000
4058,0,-0.000000000,0.000000000
4059,0,0.503258335,0.222222222
4060,0,-0.000000000,0.000000000
4061,0,-0.000000000,0.000000000
4062,0,-0.000000000,0.000000000
4063,0,0.503258335,0.222222222
4064,0,0.021519932,0.004158004
4065,0,0.145582434,0.041482489
4066,0,0.023512068,0.004609165
4067,0,0.508698334,0.225864965
4068,0,0.021826274,0.004226884
4069,0,-0.000000000,0.000000000
4070,0,-0.000000000,0.000000000
4071,0,0.143726170,0.040816327
4072,0,-0.000000000,0.000000000
4073,0,0.143726170,0.040816327
4074,0,0.102899790,0.026905830
4075,0,0.155714199,0.045168456
4076,0,0.005307016,0.000838206
4077,0,0.504251010,0.222884539
4078,0,0.096202941,0.024764949
4079,0,0.531966047,0.241816548
4080,0,0.023159574,0.004528785
4081,0,0.145747891,0.041542005
4082,0,-0.000000000,0.000000000
4083,0,-0.000000000,0.000000000
4084,0,-0.000000000,0.000000000
4085,0,-0.000000000,0.000000000
4086,0,-0.000000000,0.000000000
4087,0,0.503258335,0.222222222
4088,0,-0.000000000,0.000000000
4089,0,0.143726170,0.040816327
4090,0,-0.000000000,0.000000000
4091,0,0.503258335,0.222222222
4092,0,0.095970403,0.024691358
4093,0,0.154729451,0.044806517
4094,0,-0.000000000,0.000000000
4095,0,0.503258335,0.222222222
4096,0,0.095970403,0.024691358
4097,0,0.531882603,0.241758242
4098,0,-0.000000000,0.000000000
4099,0,0.503258335,1.777777778
4100,0,-0.000000000,0.000000000
4101,0,0.143726170,0.040816327
4102,0,-0.000000000,0.000000000
4103,0,-0.000000000,0.000000000
4104,0,-0.000000000,0.000000000
4105,0,0.985228136,1.142857143
4106,0,0.276195428,0.095238095
4107,0,-0.000000000,0.000000000
4108,0,-0.000000000,0.000000000
4109,0,-0.000000000,0.000000000
4110,0,-0.000000000,0.000000000
4111,0,0.503258335,0.222222222
4112,0,0.021519932,0.004158004
4113,0,-0.000000000,0.000000000
4114,0,-0.000000000,0.000000000
4115,0,0.985228136,1.142857143
4116,0,0.276195428,0.095238095
4117,0,-0.000000000,0.000000000
4118,0,-0.000000000,0.000000000
4119,0,-0.000000000,0.000000000
4120,0,-0.000000000,0.000000000
4121,0,0.503258335,0.222222222
4122,0,-0.000000000,0.000000000
4123,0,0.503258335,0.222222222
4124,0,-0.000000000,0.000000000
4125,0,0.143726170,0.040816327
4126,0,-0.000000000,0.000000000
4127,0,0.503258335,0.222222222
4128,0,0.365055190,0.139534884
4129,0,1.029360637,1.103253182
4130,0,0.088841111,0.022459964
4131,0,-0.000000000,0.000000000
4132,0,-0.000000000,0.000000000
4133,0,-0.000000000,0.000000000
4134,0,-0.000000000,0.000000000
4135,0,0.143726170,1.959183673
4136,0,-0.000000000,0.000000000
4137,0,0.503258335,0.222222222
4138,0,-0.000000000,0.000000000
4139,0,0.503258335,0.222222222
4140,0,-0.000000000,0.000000000
4141,0,0.143726170,0.040816327
4142,0,0.102899790,0.026905830
4143,0,0.155714199,0.045168456
4144,0,0.025292702,0.005018717
4145,0,0.145966501,0.041620676
4146,0,0.023579284,0.004624520
4147,0,0.508716381,0.225877103
4148,0,0.021827294,0.004227113
4149,0,0.145613274,0.041493581
4150,0,0.023517464,0.004610398
4151,0,-0.000000000,0.000000000
4152,0,-0.000000000,0.000000000
4153,0,0.503258335,0.222222222
4154,0,-0.000000000,0.000000000
4155,0,0.143726170,0.040816327
4156,0,0.004850167,0.000757289
4157,0,0.144064358,0.040937481
4158,0,-0.000000000,0.000000000
4159,0,0.503258335,0.222222222
4160,0,0.095970403,0.024691358
4161,0,-0.000000000,0.000000000
4162,0,-0.000000000,0.000000000
4163,0,0.503258335,0.222222222
4164,0,-0.000000000,0.000000000
4165,0,0.143726170,0.040816327
4166,0,-0.000000000,0.000000000
4167,0,0.503258335,1.777777778
4168,0,0.021519932,0.004158004
4169,0,0.145582434,0.041482489
4170,0,0.104242255,0.027339957
4171,0,-0.000000000,0.000000000
4172,0,-0.000000000,0.000000000
4173,0,0.143726170,0.040816327
4174,0,-0.000000000,0.000000000
4175,0,-0.000000000,0.000000000
4176,0,-0.000000000,0.000000000
4177,0,0.143726170,0.040816327
4178,0,0.004850167,0.000757289
4179,0,0.504155247,0.222820599
4180,0,0.096180499,0.024757844
4181,0,-0.000000000,0.000000000
4182,0,-0.000000000,0.000000000
4183,0,-0.000000000,0.000000000
4184,0,0.143726170,0.040816327
4185,0,1.010576317,1.067961165
4186,0,-0.000000000,0.000000000
4187,0,0.503258335,0.222222222
4188,0,-0.000000000,0.000000000
4189,0,0.503258335,0.222222222
4190,0,0.095970403,0.024691358
4191,0,0.154729451,0.044806517
4192,0,0.025118958,0.004978502
4193,0,-0.000000000,0.000000000
4194,0,-0.000000000,0.000000000
4195,0,0.985228136,1.142857143
4196,0,0.779349837,1.538461538
4197,0,0.879135767,1.403508772
4198,0,0.050542788,0.011359840
4199,0,0.148794194,0.042641820
4200,0,-0.000000000,0.000000000
4201,0,0.985228136,0.857142857
4202,0,0.069054382,0.016528926
4203,0,-0.000000000,0.000000000
4204,0,-0.000000000,0.000000000
4205,0,0.143726170,0.040816327
4206,0,0.023187512,0.004535147
4207,0,-0.000000000,0.000000000
4208,0,-0.000000000,0.000000000
4209,0,0.503258335,0.222222222
4210,0,0.021519932,0.004158004
4211,0,-0.000000000,0.000000000
4212,0,-0.000000000,0.000000000
4213,0,-0.000000000,0.000000000
4214,0,-0.000000000,0.000000000
4215,0,0.503258335,1.777777778
4216,0,0.365055190,1.860465116
4217,0,1.029360637,0.913719943
4218,0,0.088841111,0.022459964
4219,0,0.153736866,0.044442497
4220,0,0.024943978,0.004938055
4221,0,0.145930511,0.041607721
4222,0,0.004933672,0.000772000
4223,0,0.504172659,0.222832224
4224,0,-0.000000000,0.000000000
4225,0,0.985228136,1.142857143
4226,0,0.069054382,0.016528926
4227,0,-0.000000000,0.000000000
4228,0,-0.000000000,0.000000000
4229,0,-0.000000000,0.000000000
4230,0,-0.000000000,0.000000000
4231,0,0.143726170,0.040816327
4232,0,-0.000000000,0.000000000
4233,0,0.503258335,0.222222222
4234,0,0.021519932,0.004158004
4235,0,0.508167846,0.225508318
4236,0,0.097122578,0.025056480
4237,0,0.154891837,0.044866147
4238,0,-0.000000000,0.000000000
4239,0,0.143726170,0.040816327
4240,0,-0.000000000,0.000000000
4241,0,0.503258335,0.222222222
4242,0,-0.000000000,0.000000000
4243,0,0.503258335,0.222222222
4244,0,0.095970403,0.024691358
4245,0,1.002458636,0.906757913
4246,0,0.073104391,0.017710360
4247,0,-0.000000000,0.000000000
4248,0,-0.000000000,0.000000000
4249,0,-0.000000000,0.000000000
4250,0,-0.000000000,0.000000000
4251,0,0.143726170,0.040816327
4252,0,0.023187512,0.004535147
4253,0,0.508611331,0.225806452
4254,0,0.021821359,0.004225777
4255,0,0.145612678,0.041493366
4256,0,-0.000000000,0.000000000
4257,0,-0.000000000,0.000000000
4258,0,-0.000000000,0.000000000
4259,0,-0.000000000,0.000000000
4260,0,-0.000000000,0.000000000
4261,0,0.143726170,0.040816327
4262,0,0.023187512,0.004535147
4263,0,0.989107139,1.134160090
4264,0,0.278841263,0.096465232
4265,0,0.608402429,0.298852339
4266,0,0.443049891,0.183963267
4267,0,-0.000000000,0.000000000
4268,0,-0.000000000,0.000000000
4269,0,0.503258335,0.222222222
4270,0,0.095970403,0.024691358
4271,0,0.531882603,1.758241758
4272,0,0.102764055,0.026862027
4273,0,1.003666143,0.910977977
4274,0,-0.000000000,0.000000000
4275,0,0.503258335,1.777777778
4276,0,0.095970403,0.024691358
4277,0,0.154729451,0.044806517
4278,0,-0.000000000,0.000000000
4279,0,0.143726170,0.040816327
4280,0,0.004850167,0.000757289
4281,0,0.985956528,0.858710044
4282,0,0.069182853,0.016566135
4283,0,0.151113540,0.043484295
4284,0,0.024482233,0.004831588
4285,0,0.147926993,0.042131962
4286,0,0.002477079,0.000713016
4287,0,0.144568915,0.041076205
4288,0,0.030059377,0.006141890
4289,0,0.149842768,0.041785461
4290,0,0.006676937,0.001038650
4291,0,0.503341410,1.777814935
4292,0,0.000954445,0.000288840
4293,0,1.000686012,1.000231075
4294,0,0.522913083,0.235384791
4295,0,0.522673414,0.470648365
4296,0,0.457528753,0.385592189
4297,0,0.601249170,0.611323440
4298,0,0.218312924,0.143401552
4299,0,0.134282166,0.098711222
4300,0,0.001149073,0.000212419
4301,0,1.000072378,1.000023604
4302,0,0.522597377,0.235303306
4303,0,0.999865711,1.014603367
4304,0,0.817031975,0.507303428
4305,0,1.243197878,0.926807063
4306,0,0.562958553,0.444313961
4307,0,0.628440354,0.711781841
4308,0,0.000000085,0.000000011
4309,0,0.143726222,0.040816335
4310,0,0.164105743,0.048284635
4311,0,0.558090112,0.260475662
4312,0,0.000000042,0.000000012
4313,0,0.143726177,0.040816329
4314,0,0.160114855,0.046795525
4315,0,0.000000002,0.000000001
4316,0,0.000000002,0.000000001
4317,0,0.000000013,0.000000007
4318,0,0.000000011,0.000000007
4319,0,0.503258346,0.222222229
4320,0,-0.000000000,0.000000000
4321,0,0.985228136,1.142857143
4322,0,0.965636133,0.782608696
4323,0,0.987525710,0.868686869
4324,0,0.997687576,0.943396226
4325,0,1.252510851,1.107964602
4326,0,-0.000000000,0.000000000
4327,0,0.921928095,0.400000000
4328,0,1.045473375,0.923193916
4329,0,0.307695088,0.081785518
4330,0,1.052493944,1.004715249
4331,0,-0.000000000,0.000000000
4332,0,1.000000000,1.000000000
4333,0,0.302292189,0.080000000
4334,0,0.999999424,1.000893655
4335,0,0.302292178,0.080000000
4336,0,0.999999404,0.999091172
4337,0,0.302292177,0.080000000
4338,0,1.050647530,1.006236763
4339,0,0.307950124,0.081838757
4340,0,0.999999520,1.000815482
4341,0,1.499999760,1.000000000
4342,0,0.999510896,1.026037767
4343,0,1.870803863,2.015622660
4344,0,2.098295402,1.731586337
4345,0,2.436578029,1.522298891
4346,0,2.204453348,1.374711099
4347,0,1.740693269,1.005522865
4348,0,1.100816129,0.896845980
4349,0,0.316171043,0.084603205
4350,0,1.054504505,1.004038362
4351,0,-0.000000000,0.000000000
4352,0,1.000000000,1.000000000
4353,0,-0.000000000,0.000000000
4354,0,1.000000000,1.000000000
4355,0,1.500000000,2.000000000
4356,0,0.999525689,0.974358974
4357,0,1.021880664,0.400000000
4358,0,1.190129033,1.029686610
4359,0,-0.000000000,0.000000000
4360,0,1.000000000,1.000000000
4361,0,0.302292189,0.080000000
4362,0,1.050654972,1.006222222
4363,0,-0.000000000,0.000000000
4364,0,1.000000000,1.000000000
4365,0,1.500000000,2.000000000
4366,0,2.242595798,1.780000000
4367,0,2.467658791,2.683048522
4368,0,0.995007388,1.083145908
4369,0,1.021428834,0.400000000
4370,0,1.044814806,1.009092907
4371,0,0.307173539,0.081584451
4372,0,0.999999597,0.999252155
4373,0,1.021928055,0.400000000
4374,0,0.999984529,0.995368924
4375,0,-0.000000000,0.000000000
4376,0,1.000000000,1.000000000
4377,0,-0.000000000,0.000000000
4378,0,1.000000000,1.000000000
4379,0,1.021928095,0.400000000
4380,0,1.044208200,1.001704545
4381,0,0.307114252,0.081566298
4382,0,1.219460527,1.032649961
4383,0,0.336269242,0.091203777
4384,0,1.057121179,1.008222048
4385,0,-0.000000000,0.000000000
4386,0,1.000000000,1.000000000
4387,0,-0.000000000,0.000000000
4388,0,1.000000000,1.000000000
4389,0,1.021928095,0.400000000
4390,0,1.044208200,1.009090909
4391,0,-0.000000000,0.000000000
4392,0,1.000000000,1.000000000
4393,0,-0.000000000,0.000000000
4394,0,1.000000000,1.000000000
4395,0,1.021928095,0.400000000
4396,0,1.044208200,1.001704545
4397,0,1.033603662,0.406505016
4398,0,1.193539062,1.032914572
4399,0,-0.000000000,0.000000000
4400,0,1.000000000,1.000000000
4401,0,1.021928095,0.400000000
4402,0,1.044208200,1.001704545
4403,0,1.033603662,0.406505016
4404,0,1.044868282,1.001846444
4405,0,1.033806725,0.406617882
4406,0,1.193589046,1.032940884
4407,0,-0.000000000,0.000000000
4408,0,1.000000000,1.000000000
4409,0,0.302292189,0.080000000
4410,0,1.010784836,1.001785714
4411,0,0.303238394,0.080306742
4412,0,1.010823040,1.000340490
4413,0,-0.000000000,0.000000000
4414,0,1.000000000,1.000000000
4415,0,1.870950594,2.000000000
4416,0,0.999848483,0.985507246
4417,0,-0.000000000,0.000000000
4418,0,1.000000000,1.000000000
4419,0,1.870950594,1.200000000
4420,0,1.115135655,1.005357143
4421,0,1.058332487,0.420465473
4422,0,1.046279906,1.009258658
4423,0,1.879905540,1.998880462
4424,0,2.106708272,1.355115001
4425,0,1.696023890,0.913405657
4426,0,0.999367349,0.970387304
4427,0,-0.000000000,0.000000000
4428,0,1.000000000,1.000000000
4429,0,0.302292189,1.960000000
4430,0,1.050654972,1.006444444
4431,0,1.880819478,1.212122538
4432,0,1.447466693,1.093122090
4433,0,-0.000000000,0.000000000
4434,0,1.000000000,1.000000000
4435,0,1.021928095,0.400000000
4436,0,1.190930197,1.031111111
4437,0,1.089151666,0.438252490
4438,0,1.048237665,1.007493312
4439,0,1.034841150,1.797188482
4440,0,1.509837462,1.547324465
4441,0,1.674048054,2.317741559
4442,0,0.990444641,1.114966384
4443,0,0.302101082,0.080000000
4444,0,0.999999192,0.998941481
4445,0,-0.000000000,0.000000000
4446,0,1.000000000,1.000000000
4447,0,1.021928095,0.400000000
4448,0,1.044208200,1.009090909
4449,0,1.525698309,1.998667523
4450,0,1.640884844,1.892796088
4451,0,1.798657674,1.976131915
4452,0,1.676232886,1.845733553
4453,0,1.500368889,2.500972289
4454,0,1.662558261,1.420237185
4455,0,1.347468613,2.126628807
4456,0,0.998337497,1.047998261
4457,0,-0.000000000,0.000000000
4458,0,1.000000000,1.000000000
4459,0,1.500000000,2.000000000
4460,0,0.999525689,0.974358974
4461,0,-0.000000000,0.000000000
4462,0,1.000000000,1.000000000
4463,0,0.302292189,0.080000000
4464,0,1.010784836,1.001785714
4465,0,0.303238394,0.080306742
4466,0,1.010823040,1.000340490
4467,0,1.872759752,1.399488151
4468,0,1.115369978,1.028566247
4469,0,0.317527204,0.084974501
4470,0,1.011402289,1.000428844
4471,0,1.872869118,1.399462475
4472,0,1.443512823,1.093463544
4473,0,-0.000000000,0.000000000
4474,0,1.000000000,1.000000000
4475,0,-0.000000000,0.000000000
4476,0,1.000000000,1.000000000
4477,0,1.021928095,0.400000000
4478,0,1.044208200,1.001704545
4479,0,0.307114252,0.081566298
4480,0,0.999999427,0.999108815
4481,0,-0.000000000,0.000000000
4482,0,1.000000000,1.000000000
4483,0,-0.000000000,0.000000000
4484,0,1.000000000,1.000000000
4485,0,0.302292189,0.080000000
4486,0,1.050654972,1.006444444
4487,0,1.880819478,1.212122538
4488,0,0.999877104,1.013052399
4489,0,0.302289731,0.080000000
4490,0,0.999999103,1.001115265
4491,0,1.870950325,1.200000000
4492,0,1.115107422,1.028871105
4493,0,0.317487769,0.084961669
4494,0,1.226738683,1.044825881
4495,0,1.104956979,0.447532268
4496,0,0.999998395,0.998508373
4497,0,0.302292157,0.080000000
4498,0,1.050642757,1.006246088
4499,0,1.035612989,0.407631651
4500,0,1.194124478,1.033469117
4501,0,0.331347964,0.089555696
4502,0,0.999999844,1.000465079
4503,0,1.870950548,2.000279047
4504,0,1.442671433,1.093444952
4505,0,0.389169417,0.109393072
4506,0,1.014485906,1.002121694
4507,0,0.303611543,0.080427214
4508,0,1.010841666,1.001757357
4509,0,1.872763817,1.999811583
4510,0,2.102659710,1.728138597
4511,0,1.923137661,1.815686307
4512,0,0.996547198,0.930842358
4513,0,-0.000000000,0.000000000
4514,0,1.000000000,1.000000000
4515,0,-0.000000000,0.000000000
4516,0,1.000000000,1.000000000
4517,0,0.302292189,0.080000000
4518,0,1.050654972,1.006444444
4519,0,-0.000000000,0.000000000
4520,0,1.000000000,1.000000000
4521,0,0.302292189,2.000000000
4522,0,0.999999424,0.999106345
4523,0,1.021928037,0.400000000
4524,0,1.044201183,1.009167380
4525,0,1.879444236,1.210344269
4526,0,1.116312459,1.028576809
4527,0,0.317675483,0.085022940
4528,0,1.053464220,1.006968612
4529,0,1.036507892,1.796798409
4530,0,0.999987855,1.004103182
4531,0,-0.000000000,0.000000000
4532,0,1.000000000,1.000000000
4533,0,1.021928095,2.000000000
4534,0,1.044208200,1.001704545
4535,0,0.307114252,0.081566298
4536,0,1.051532863,1.006604395
4537,0,0.308066041,0.081876421
4538,0,0.999999524,0.999187754
4539,0,0.302292180,0.080000000
4540,0,1.010783389,1.001799371
4541,0,1.024228092,1.799495265
4542,0,1.191442798,1.031196365
4543,0,1.607381116,1.035486849
4544,0,1.579026300,1.210082442
4545,0,1.528589903,1.187280598
4546,0,0.984541687,1.146127080
4547,0,-0.000000000,0.000000000
4548,0,1.000000000,1.000000000
4549,0,1.870950594,1.400000000
4550,0,1.115135655,1.028571429
4551,0,1.895518114,1.231978923
4552,0,0.999860776,1.013892397
4553,0,-0.000000000,0.000000000
4554,0,1.000000000,1.000000000
4555,0,1.021928095,0.400000000
4556,0,1.283947807,1.044856661
4557,0,1.317289595,1.095537744
4558,0,1.526824444,1.130951288
4559,0,1.385519078,0.658876770
4560,0,1.396752441,1.135950155
4561,0,1.645624404,1.294245978
4562,0,1.508342229,1.356465413
4563,0,0.974939689,0.412709235
4564,0,1.501695616,1.075798443
4565,0,1.649329913,1.099308062
4566,0,1.052534345,0.791316144
4567,0,0.313470601,0.083955084
4568,0,1.050716080,1.010406799
4569,0,0.308030874,0.081870302
4570,0,0.999999346,1.000952098
4571,0,1.021928029,0.400000000
4572,0,1.190900746,1.031187279
4573,0,0.330753939,0.089358375
4574,0,1.011981221,1.001500677
4575,0,1.872985043,1.399445058
4576,0,1.512236186,1.543736817
4577,0,1.537027708,1.168132352
4578,0,2.274510405,1.923451564
4579,0,1.968030455,1.309172285
4580,0,1.269895143,1.260216161
4581,0,0.349800571,0.096070008
4582,0,1.062240882,1.014822531
4583,0,0.309436320,0.082315788
4584,0,1.221718611,1.043937632
4585,0,1.102639652,0.446156043
4586,0,0.999998516,0.998565679
4587,0,1.021927946,0.400000000
4588,0,1.044196933,1.009213646
4589,0,-0.000000000,0.000000000
4590,0,1.000000000,1.000000000
4591,0,-0.000000000,0.000000000
4592,0,1.000000000,1.000000000
4593,0,-0.000000000,0.000000000
4594,0,1.000000000,1.000000000
4595,0,-0.000000000,0.000000000
4596,0,1.000000000,1.000000000
4597,0,-0.000000000,0.000000000
4598,0,1.000000000,1.000000000
4599,0,-0.000000000,0.000000000
4600,0,1.000000000,1.000000000
4601,0,1.021928095,2.000000000
4602,0,0.999984960,1.004566210
4603,0,0.302291888,0.080000000
4604,0,0.999999320,1.000971183
4605,0,1.870950390,2.000582710
4606,0,1.115111077,1.028832390
4607,0,1.753524369,1.065905447
4608,0,0.999581839,1.024075663
4609,0,1.870825146,2.014445398
4610,0,0.999678371,1.021114917
4611,0,-0.000000000,0.000000000
4612,0,1.000000000,1.000000000
4613,0,0.897880003,0.384158416
4614,0,0.994504205,0.912769784
4615,0,1.869301856,1.200000000
4616,0,0.998932516,1.038464042
4617,0,1.499466258,2.038464042
4618,0,1.629288861,1.170941172
4619,0,-0.000000000,0.000000000
4620,0,1.000000000,1.000000000
4621,0,1.021928095,0.400000000
4622,0,1.044208200,1.001704545
4623,0,-0.000000000,0.000000000
4624,0,1.000000000,1.000000000
4625,0,1.500000000,1.000000000
4626,0,1.180906651,1.050000000
4627,0,1.086369971,0.436508543
4628,0,1.205598681,1.033203899
4629,0,-0.000000000,0.000000000
4630,0,1.000000000,1.000000000
4631,0,0.302292189,0.080000000
4632,0,1.050654972,1.006444444
4633,0,1.880413486,1.212207924
4634,0,1.116622393,1.027134554
4635,0,-0.000000000,0.000000000
4636,0,1.000000000,1.000000000
4637,0,1.021928095,0.400000000
4638,0,1.044208200,1.009090909
4639,0,0.307210077,0.081595474
4640,0,1.010985195,1.001789770
4641,0,1.024326987,0.401328364
4642,0,0.999985101,1.004544678
4643,0,-0.000000000,0.000000000
4644,0,1.000000000,1.000000000
4645,0,0.841852190,0.540540541
4646,0,0.996812931,0.758726899
4647,0,0.306891003,1.989132149
4648,0,1.070181830,0.999923345
4649,0,-0.000000000,0.000000000
4650,0,1.000000000,1.000000000
4651,0,1.565479675,1.412121212
4652,0,1.571015813,0.816797267
4653,0,2.108035832,1.248446109
4654,0,1.913150126,1.676733641
4655,0,2.089037827,1.420735296
4656,0,1.732612973,1.277274968
4657,0,2.428351891,2.401095957
4658,0,2.241302995,1.907439296
4659,0,2.207391163,1.450945845
4660,0,2.249423723,2.266101007
4661,0,2.386536270,2.105564383
4662,0,1.897220110,1.760772465
4663,0,-0.000000000,0.000000000
4664,0,1.072527274,1.010309278
4665,0,1.632465242,1.491883821
4666,0,2.221067410,2.036766001
4667,0,2.718355719,2.813043317
4668,0,1.554748720,2.675389083
4669,0,1.208185321,0.674429626
4670,0,1.406332758,1.138629163
4671,0,1.752755393,1.204826289
4672,0,1.885824047,1.489752922
4673,0,2.259565981,1.481472316
4674,0,1.945595142,1.185947917
4675,0,1.835116155,1.171532057
4676,0,2.198852477,1.326799198
4677,0,1.980400364,1.622617605
4678,0,1.233044606,0.902590718
4679,0,0.526453971,0.589044665
4680,0,1.013887186,1.001399567
4681,0,0.032233736,0.006284856
4682,0,1.572268976,1.199813289
4683,0,0.985152914,1.713561674
4684,0,0.143726170,0.040816327
4685,0,0.160114853,0.046795524
4686,0,0.164546630,0.048449941
4687,0,0.558269915,0.260606976
4688,0,0.752013189,0.431158927
4689,0,0.337190699,0.124949136
4690,0,0.199139165,0.061902114
4691,0,-0.000000000,0.000000000
4692,0,0.503258335,0.222222222
4693,0,0.242292189,0.080000000
4694,0,0.319995833,0.094117647
4695,0,0.143726170,0.081632653
4696,0,0.164134333,0.102040816
4697,0,0.323195226,0.168147441
4698,0,0.655260298,0.505266596
4699,0,0.443658213,0.237846221
4700,0,0.054018657,0.021373937
4701,0,0.173527235,0.055258304
4702,0,0.012253749,0.003264546
4703,0,0.148656340,0.042760161
4704,0,0.027142765,0.005796941
4705,0,0.512533294,0.227257943
4706,0,0.015900819,0.006229601
4707,0,0.158472546,0.047611153
4708,0,0.023264038,0.004550333
4709,0,0.508688851,0.225824520
4710,0,0.021825050,0.004226391
4711,0,0.000002934,0.000000574
4712,0,0.000000334,0.000000045
4713,0,0.985228453,0.857142904
4714,0,0.000000155,0.000000022
4715,0,0.503258489,0.222222248
4716,0,0.095970444,0.024691364
4717,0,0.000000047,0.000000008
4718,0,0.000000003,0.000000000
4719,0,0.143726171,0.040816327
4720,0,0.023187513,0.004535148
4721,0,0.508611332,0.225806452
4722,0,0.368999729,0.141652614
4723,0,0.265689447,0.090419807
4724,0,0.000000004,0.000000001
4725,0,0.143726173,0.040816327
4726,0,0.004850168,0.000757289
4727,0,0.985956528,1.141398038
4728,0,0.276640140,0.095443966
4729,0,0.186088955,0.056715880
4730,0,0.000000000,0.000000000
4731,0,0.143726170,0.040816327
4732,0,0.004850167,0.000757289
4733,0,0.000000000,0.000000000
4734,0,0.000000000,0.000000000
4735,0,0.143726170,0.040816327
4736,0,0.000000000,0.000000000
4737,0,0.143726170,0.040816327
4738,0,0.000000000,0.000000000
4739,0,0.000000000,0.000000000
4740,0,0.000000000,0.000000000
4741,0,0.000000000,0.000000000
4742,0,0.000000000,0.000000000
4743,0,0.000000000,0.000000000
4744,0,-0.000000000,0.000000000
4745,0,-0.000000000,0.000000000
4746,0,-0.000000000,0.000000000
4747,0,0.143726170,0.040816327
4748,0,-0.000000000,0.000000000
4749,0,0.143726170,0.040816327
4750,0,0.023187512,0.004535147
4751,0,-0.000000000,0.000000000
4752,0,-0.000000000,0.000000000
4753,0,0.503258335,0.222222222
4754,0,-0.000000000,0.000000000
4755,0,0.143726170,0.040816327
4756,0,0.102899790,0.026905830
4757,0,1.003690120,1.092655717
4758,0,-0.000000000,0.000000000
4759,0,-0.000000000,0.000000000
4760,0,-0.000000000,0.000000000
4761,0,0.143726170,0.040816327
4762,0,-0.000000000,0.000000000
4763,0,0.143726170,0.040816327
4764,0,-0.000000000,0.000000000
4765,0,0.143726170,0.040816327
4766,0,-0.000000000,0.000000000
4767,0,0.143726170,0.040816327
4768,0,0.023187512,0.004535147
4769,0,0.989107139,0.866484136
4770,0,0.069819599,0.016750819
4771,0,0.522814615,0.235469765
4772,0,0.100591748,0.026163307
4773,0,-0.000000000,0.000000000
4774,0,-0.000000000,0.000000000
4775,0,-0.000000000,0.000000000
4776,0,-0.000000000,0.000000000
4777,0,0.503258335,0.222222222
4778,0,-0.000000000,0.000000000
4779,0,-0.000000000,0.000000000
4780,0,0.143726170,0.040816327
4781,0,0.161893568,0.047457627
4782,0,0.116045630,0.031226766
4783,0,1.005981620,0.919396882
4784,0,0.293612194,0.103417720
4785,0,0.615327422,0.304407176
4786,0,0.028277039,0.005717750
4787,0,0.146278378,1.958267022
4788,0,0.004946871,0.000774329
4789,0,0.144071967,0.040940208
4790,0,0.004863251,0.000759592
4791,0,-0.000000000,0.000000000
4792,0,-0.000000000,0.000000000
4793,0,0.985228136,0.857142857
4794,0,0.069054382,0.016528926
4795,0,0.151096971,0.043478261
4796,0,0.005130273,0.000806777
4797,0,-0.000000000,0.000000000
4798,0,-0.000000000,0.000000000
4799,0,0.143726170,1.959183673
4800,0,-0.000000000,0.000000000
4801,0,0.985228136,1.142857143
4802,0,0.858370893,0.391623037
4803,0,0.369070512,0.112951507
4804,0,0.159447381,0.046547727
4805,0,0.164436711,0.048408715
4806,0,-0.000000000,0.000000000
4807,0,0.503258335,0.222222222
4808,0,-0.000000000,0.000000000
4809,0,0.503258335,0.222222222
4810,0,0.095970403,0.024691358
4811,0,-0.000000000,0.000000000
4812,0,-0.000000000,0.000000000
4813,0,0.143726170,0.040816327
4814,0,-0.000000000,0.000000000
4815,0,0.143726170,0.040816327
4816,0,-0.000000000,0.000000000
4817,0,-0.000000000,0.000000000
4818,0,-0.000000000,0.000000000
4819,0,0.503258335,0.222222222
4820,0,0.021519932,0.004158004
4821,0,-0.000000000,0.000000000
4822,0,-0.000000000,0.000000000
4823,0,0.503258335,0.222222222
4824,0,0.095970403,0.024691358
4825,0,-0.000000000,0.000000000
4826,0,-0.000000000,0.000000000
4827,0,-0.000000000,0.000000000
4828,0,-0.000000000,0.000000000
4829,0,-0.000000000,0.000000000
4830,0,-0.000000000,0.000000000
4831,0,0.503258335,0.222222222
4832,0,0.095970403,0.024691358
4833,0,1.002458636,1.096663815
4834,0,0.290116657,0.101756788
4835,0,0.188881215,0.057814263
4836,0,-0.000000000,0.000000000
4837,0,0.143726170,0.040816327
4838,0,0.004850167,0.000757289
4839,0,-0.000000000,0.000000000
4840,0,-0.000000000,0.000000000
4841,0,-0.000000000,0.000000000
4842,0,-0.000000000,0.000000000
4843,0,0.503258335,0.222222222
4844,0,0.095970403,0.024691358
4845,0,-0.000000000,0.000000000
4846,0,-0.000000000,0.000000000
4847,0,0.143726170,0.040816327
4848,0,0.004850167,0.000757289
4849,0,0.504155247,0.222820599
4850,0,0.365715958,0.139888709
4851,0,0.205749094,0.064579962
4852,0,0.007284393,0.001199512
4853,0,0.504678435,0.223170048
4854,0,0.021599710,0.004175924
4855,0,0.145590431,0.041485365
4856,0,-0.000000000,0.000000000
4857,0,0.143726170,0.040816327
4858,0,-0.000000000,0.000000000
4859,0,0.143726170,0.040816327
4860,0,-0.000000000,0.000000000
4861,0,-0.000000000,0.000000000
4862,0,-0.000000000,0.000000000
4863,0,0.143726170,0.040816327
4864,0,0.023187512,0.004535147
4865,0,-0.000000000,0.000000000
4866,0,-0.000000000,0.000000000
4867,0,0.143726170,0.040816327
4868,0,0.004850167,0.000757289
4869,0,0.504155247,0.222820599
4870,0,0.021570303,0.004169317
4871,0,-0.000000000,0.000000000
4872,0,-0.000000000,0.000000000
4873,0,-0.000000000,0.000000000
4874,0,-0.000000000,0.000000000
4875,0,0.143726170,0.040816327
4876,0,0.023187512,0.004535147
4877,0,0.508611331,0.225806452
4878,0,-0.000000000,0.000000000
4879,0,0.143726170,0.040816327
4880,0,0.004850167,0.000757289
4881,0,0.504155247,0.222820599
4882,0,0.096180499,0.024757844
4883,0,0.531957992,0.241810919
4884,0,-0.000000000,0.000000000
4885,0,0.503258335,0.222222222
4886,0,0.095970403,0.024691358
4887,0,0.531882603,0.241758242
4888,0,-0.000000000,0.000000000
4889,0,0.143726170,0.040816327
4890,0,0.102899790,0.026905830
4891,0,0.534388846,0.243512974
4892,0,0.103367827,0.027056997
4893,0,1.003772746,0.911355940
4894,0,0.821336854,0.494330201
4895,0,0.368560828,0.141110932
4896,0,-0.000000000,0.000000000
4897,0,0.143726170,0.040816327
4898,0,-0.000000000,0.000000000
4899,0,0.143726170,0.040816327
4900,0,0.004850167,0.000757289
4901,0,0.504155247,0.222820599
4902,0,0.021570303,0.004169317
4903,0,0.145587483,0.041484305
4904,0,-0.000000000,0.000000000
4905,0,0.503258335,0.222222222
4906,0,0.021519932,0.004158004
4907,0,0.508167846,0.225508318
4908,0,-0.000000000,0.000000000
4909,0,0.985228136,1.142857143
4910,0,0.276195428,0.095238095
4911,0,0.185997890,0.056680162
4912,0,0.006490338,0.001052394
4913,0,-0.000000000,0.000000000
4914,0,-0.000000000,0.000000000
4915,0,0.143726170,0.040816327
4916,0,0.004850167,0.000757289
4917,0,-0.000000000,0.000000000
4918,0,-0.000000000,0.000000000
4919,0,0.503258335,0.222222222
4920,0,0.021519932,0.004158004
4921,0,-0.000000000,0.000000000
4922,0,-0.000000000,0.000000000
4923,0,0.143726170,0.040816327
4924,0,0.004850167,0.000757289
4925,0,0.504155247,0.222820599
4926,0,0.021570303,0.004169317
4927,0,0.145587483,0.041484305
4928,0,0.023512951,0.004609367
4929,0,0.508698571,0.225865124
4930,0,0.097247446,0.025096125
4931,0,0.532341433,0.242078944
4932,0,-0.000000000,0.000000000
4933,0,0.143726170,0.040816327
4934,0,0.004850167,0.000757289
4935,0,-0.000000000,0.000000000
4936,0,-0.000000000,0.000000000
4937,0,0.985228136,0.857142857
4938,0,0.069054382,0.016528926
4939,0,-0.000000000,0.000000000
4940,0,-0.000000000,0.000000000
4941,0,0.503258335,0.222222222
4942,0,-0.000000000,0.000000000
4943,0,0.503258335,0.222222222
4944,0,0.021519932,0.004158004
4945,0,0.508167846,0.225508318
4946,0,-0.000000000,0.000000000
4947,0,0.503258335,0.222222222
4948,0,0.095970403,0.024691358
4949,0,-0.000000000,0.000000000
4950,0,-0.000000000,0.000000000
4951,0,-0.000000000,0.000000000
4952,0,-0.000000000,0.000000000
4953,0,-0.000000000,0.000000000
4954,0,-0.000000000,0.000000000
4955,0,0.143726170,0.040816327
4956,0,0.023187512,0.004535147
4957,0,0.989107139,0.866484136
4958,0,0.278841263,0.096465232
4959,0,0.608402429,0.298852339
4960,0,0.027829515,0.005611948
4961,0,-0.000000000,0.000000000
4962,0,-0.000000000,0.000000000
4963,0,0.143726170,0.040816327
4964,0,0.004850167,0.000757289
4965,0,-0.000000000,0.000000000
4966,0,-0.000000000,0.000000000
4967,0,0.503258335,0.222222222
4968,0,0.095970403,0.024691358
4969,0,1.002458636,0.906757913
4970,0,-0.000000000,0.000000000
4971,0,-0.000000000,0.000000000
4972,0,-0.000000000,0.000000000
4973,0,0.503258335,0.222222222
4974,0,0.095970403,0.024691358
4975,0,0.531882603,0.241758242
4976,0,0.102764055,0.026862027
4977,0,0.534339367,0.243478261
4978,0,0.023297726,0.004560261
4979,0,0.145761936,0.041547058
4980,0,0.023543480,0.004616340
4981,0,0.508706767,0.225870636
4982,0,0.021826750,0.004226991
4983,0,0.988863733,0.865852746
4984,0,0.069767917,0.016735813
4985,0,0.522797357,0.235457886
4986,0,0.100587632,0.026161987
4987,0,0.155383455,0.045046805
4988,0,-0.000000000,0.000000000
4989,0,0.143726170,0.040816327
4990,0,-0.000000000,0.000000000
4991,0,0.143726170,0.040816327
4992,0,-0.000000000,0.000000000
4993,0,0.503258335,1.777777778
4994,0,-0.000000000,0.000000000
4995,0,-0.000000000,0.000000000
4996,0,-0.000000000,0.000000000
4997,0,-0.000000000,0.000000000
4998,0,-0.000000000,0.000000000
4999,0,-0.000000000,0.000000000
5000,0,0.503258335,0.222222222
5001,0,0.721928095,0.400000000
5002,0,-0.000000000,0.000000000
5003,0,-0.000000000,0.000000000
5004,0,-0.000000000,0.000000000
5005,0,0.143726170,0.040816327
5006,0,0.004850167,0.000757289
5007,0,0.504155247,0.222820599
5008,0,0.021570303,0.004169317
5009,0,-0.000000000,0.000000000
5010,0,-0.000000000,0.000000000
5011,0,0.143726170,0.040816327
5012,0,0.004850167,0.000757289
5013,0,0.144064358,0.040937481
5014,0,-0.000000000,0.000000000
5015,0,-0.000000000,0.000000000
5016,0,-0.000000000,0.000000000
5017,0,0.143726170,0.040816327
5018,0,-0.000000000,0.000000000
5019,0,0.143726170,0.040816327
5020,0,-0.000000000,0.000000000
5021,0,0.503258335,0.222222222
5022,0,-0.000000000,0.000000000
5023,0,0.143726170,0.040816327
5024,0,-0.000000000,0.000000000
5025,0,-0.000000000,0.000000000
5026,0,-0.000000000,0.000000000
5027,0,0.985228136,0.857142857
5028,0,0.069054382,0.016528926
5029,0,0.522559375,0.235294118
5030,0,-0.000000000,0.000000000
5031,0,-0.000000000,0.000000000
5032,0,-0.000000000,0.000000000
5033,0,0.143726170,0.040816327
5034,0,-0.000000000,0.000000000
5035,0,0.143726170,0.040816327
5036,0,-0.000000000,0.000000000
5037,0,-0.000000000,0.000000000
5038,0,-0.000000000,0.000000000
5039,0,0.503258335,0.222222222
5040,0,0.095970403,0.024691358
5041,0,0.531882603,0.241758242
5042,0,-0.000000000,0.000000000
5043,0,0.143726170,0.040816327
5044,0,0.004850167,0.000757289
5045,0,0.144064358,0.040937481
5046,0,-0.000000000,0.000000000
5047,0,-0.000000000,0.000000000
5048,0,-0.000000000,0.000000000
5049,0,-0.000000000,0.000000000
5050,0,0.143726170,0.040816327
5051,0,-0.000000000,0.000000000
5052,0,-0.000000000,0.000000000
5053,0,-0.000000000,0.000000000
5054,0,-0.000000000,0.000000000
5055,0,-0.000000000,0.000000000
5056,0,-0.000000000,0.000000000
5057,0,-0.000000000,0.000000000
5058,0,-0.000000000,0.000000000
5059,0,0.985228136,1.142857143
5060,0,0.069054382,0.016528926
5061,0,0.522559375,1.764705882
5062,0,0.022615977,0.004405286
5063,0,-0.000000000,0.000000000
5064,0,-0.000000000,0.000000000
5065,0,0.143726170,0.040816327
5066,0,-0.000000000,0.000000000
5067,0,-0.000000000,0.000000000
5068,0,-0.000000000,0.000000000
5069,0,-0.000000000,0.000000000
5070,0,-0.000000000,0.000000000
5071,0,0.143726170,0.040816327
5072,0,0.004850167,0.000757289
5073,0,0.504155247,0.222820599
5074,0,0.096180499,0.024757844
5075,0,0.531957992,0.241810919
5076,0,0.023159105,0.004528678
5077,0,-0.000000000,0.000000000
5078,0,-0.000000000,0.000000000
5079,0,0.503258335,0.222222222
5080,0,0.095970403,0.024691358
5081,0,0.531882603,0.241758242
5082,0,0.023154724,0.004527681
5083,0,0.508602554,1.774199451
5084,0,0.097224851,0.025088950
5085,0,0.154906278,0.044871451
5086,0,-0.000000000,0.000000000
5087,0,-0.000000000,0.000000000
5088,0,-0.000000000,0.000000000
5089,0,0.143726170,0.040816327
5090,0,-0.000000000,0.000000000
5091,0,0.143726170,0.040816327
5092,0,0.023187512,0.004535147
5093,0,0.989107139,1.134160090
5094,0,-0.000000000,0.000000000
5095,0,0.503258335,0.222222222
5096,0,0.021519932,0.004158004
5097,0,0.145582434,0.041482489
5098,0,0.104242255,0.027339957
5099,0,-0.000000000,0.000000000
5100,0,-0.000000000,0.000000000
5101,0,0.985228136,1.142857143
5102,0,0.779349837,0.461538462
5103,0,-0.000000000,0.000000000
5104,0,-0.000000000,0.000000000
5105,0,0.985228136,0.857142857
5106,0,-0.000000000,0.000000000
5107,0,0.143726170,0.040816327
5108,0,-0.000000000,0.000000000
5109,0,0.143726170,0.040816327
5110,0,0.023187512,0.004535147
5111,0,0.145750730,0.041543027
5112,0,-0.000000000,0.000000000
5113,0,0.143726170,0.040816327
5114,0,0.004850167,0.000757289
5115,0,0.504155247,0.222820599
5116,0,-0.000000000,0.000000000
5117,0,-0.000000000,0.000000000
5118,0,-0.000000000,0.000000000
5119,0,-0.000000000,0.000000000
5120,0,-0.000000000,0.000000000
5121,0,0.503258335,0.222222222
5122,0,0.021519932,0.004158004
5123,0,0.508167846,0.225508318
5124,0,-0.000000000,0.000000000
5125,0,0.503258335,1.777777778
5126,0,-0.000000000,0.000000000
5127,0,0.143726170,0.040816327
5128,0,0.023187512,0.004535147
5129,0,-0.000000000,0.000000000
5130,0,-0.000000000,0.000000000
5131,0,0.143726170,0.040816327
5132,0,-0.000000000,0.000000000
5133,0,0.985228136,1.142857143
5134,0,0.069054382,0.016528926
5135,0,-0.000000000,0.000000000
5136,0,-0.000000000,0.000000000
5137,0,-0.000000000,0.000000000
5138,0,-0.000000000,0.000000000
5139,0,0.143726170,0.040816327
5140,0,0.102899790,0.026905830
5141,0,-0.000000000,0.000000000
5142,0,-0.000000000,0.000000000
5143,0,-0.000000000,0.000000000
5144,0,-0.000000000,0.000000000
5145,0,0.985228136,1.142857143
5146,0,0.276195428,0.095238095
5147,0,-0.000000000,0.000000000
5148,0,-0.000000000,0.000000000
5149,0,0.503258335,0.222222222
5150,0,0.365055190,0.139534884
5151,0,0.650022422,0.333333333
5152,0,-0.000000000,0.000000000
5153,0,0.503258335,1.777777778
5154,0,0.021519932,0.004158004
5155,0,0.508167846,1.774491682
5156,0,0.021796313,0.004220139
5157,0,0.508240931,0.225557435
5158,0,0.097139769,0.025061937
5159,0,0.154894264,0.044867038
5160,0,0.025148027,0.004985226
5161,0,0.509140188,0.226162258
5162,0,-0.000000000,0.000000000
5163,0,0.143726170,0.040816327
5164,0,0.023187512,0.004535147
5165,0,0.022832202,0.004454343
5166,0,-0.000000000,0.000000000
5167,0,-0.000000000,0.000000000
5168,0,-0.000000000,0.000000000
5169,0,-0.000000000,0.000000000
5170,0,-0.000000000,0.000000000
5171,0,0.503258335,0.222222222
5172,0,0.021519932,0.004158004
5173,0,0.145582434,0.041482489
5174,0,0.023512068,0.004609165
5175,0,0.508698334,0.225864965
5176,0,0.021826274,0.004226884
5177,0,0.145613172,0.041493544
5178,0,-0.000000000,0.000000000
5179,0,0.503258335,0.222222222
5180,0,-0.000000000,0.000000000
5181,0,-0.000000000,0.000000000
5182,0,-0.000000000,0.000000000
5183,0,0.503258335,0.222222222
5184,0,-0.000000000,0.000000000
5185,0,0.503258335,0.222222222
5186,0,0.365055190,0.139534884
5187,0,0.650022422,0.333333333
5188,0,0.030588853,0.006269592
5189,0,0.146524557,0.041821681
5190,0,-0.000000000,0.000000000
5191,0,0.143726170,0.040816327
5192,0,0.023187512,0.004535147
5193,0,0.145750730,0.041543027
5194,0,-0.000000000,0.000000000
5195,0,0.143726170,0.040816327
5196,0,0.004850167,0.000757289
5197,0,-0.000000000,0.000000000
5198,0,-0.000000000,0.000000000
5199,0,0.985228136,1.142857143
5200,0,-0.000000000,0.000000000
5201,0,0.985228136,1.142857143
5202,0,0.069054382,0.016528926
5203,0,0.151096971,0.043478261
5204,0,0.005130273,0.000806777
5205,0,0.144086457,0.040945401
5206,0,0.004863800,0.000759688
5207,0,-0.000000000,0.000000000
5208,0,-0.000000000,0.000000000
5209,0,0.143726170,0.040816327
5210,0,-0.000000000,0.000000000
5211,0,0.143726170,0.040816327
5212,0,0.004850167,0.000757289
5213,0,0.504155247,0.222820599
5214,0,0.096180499,0.024757844
5215,0,-0.000000000,0.000000000
5216,0,-0.000000000,0.000000000
5217,0,0.143726170,0.040816327
5218,0,-0.000000000,0.000000000
5219,0,0.143726170,0.040816327
5220,0,0.023187512,0.004535147
5221,0,0.508611331,0.225806452
5222,0,0.097226916,0.025089606
5223,0,0.154906569,0.044871558
5224,0,0.005276030,0.000832685
5225,0,0.144098026,0.040949547
5226,0,-0.000000000,0.000000000
5227,0,0.143726170,0.040816327
5228,0,0.004850167,0.000757289
5229,0,0.504155247,0.222820599
5230,0,0.096180499,0.024757844
5231,0,0.531957992,0.241810919
5232,0,-0.000000000,0.000000000
5233,0,0.143726170,0.040816327
5234,0,-0.000000000,0.000000000
5235,0,0.503258335,0.222222222
5236,0,0.095970403,0.024691358
5237,0,0.154729451,0.044806517
5238,0,0.110859886,0.029503800
5239,0,-0.000000000,0.000000000
5240,0,-0.000000000,0.000000000
5241,0,0.985228136,1.142857143
5242,0,0.276195428,0.095238095
5243,0,0.607171655,0.297872340
5244,0,0.027750437,0.005593288
5245,0,0.509853998,0.226642984
5246,0,0.021891611,0.004241598
5247,0,-0.000000000,0.000000000
5248,0,-0.000000000,0.000000000
5249,0,-0.000000000,0.000000000
5250,0,-0.000000000,0.000000000
5251,0,-0.000000000,0.000000000
5252,0,-0.000000000,0.000000000
5253,0,0.503258335,0.222222222
5254,0,-0.000000000,0.000000000
5255,0,-0.000000000,0.000000000
5256,0,-0.000000000,0.000000000
5257,0,0.143726170,0.040816327
5258,0,-0.000000000,0.000000000
5259,0,-0.000000000,0.000000000
5260,0,-0.000000000,0.000000000
5261,0,0.503258335,0.222222222
5262,0,0.021519932,0.004158004
5263,0,0.145582434,0.041482489
5264,0,-0.000000000,0.000000000
5265,0,-0.000000000,0.000000000
5266,0,-0.000000000,0.000000000
5267,0,-0.000000000,0.000000000
5268,0,-0.000000000,0.000000000
5269,0,0.143726170,0.040816327
5270,0,-0.000000000,0.000000000
5271,0,-0.000000000,0.000000000
5272,0,-0.000000000,0.000000000
5273,0,0.503258335,0.222222222
5274,0,-0.000000000,0.000000000
5275,0,-0.000000000,0.000000000
5276,0,-0.000000000,0.000000000
5277,0,-0.000000000,0.000000000
5278,0,-0.000000000,0.000000000
5279,0,0.143726170,0.040816327
5280,0,0.004850167,0.000757289
5281,0,0.504155247,0.222820599
5282,0,-0.000000000,0.000000000
5283,0,0.143726170,0.040816327
5284,0,0.004850167,0.000757289
5285,0,0.985956528,1.141398038
5286,0,0.069216775,0.016571862
5287,0,0.997710705,0.890794508
5288,0,-0.000000000,0.000000000
5289,0,0.503258335,0.222222222
5290,0,-0.000000000,0.000000000
5291,0,0.503258335,1.777777778
5292,0,0.021519932,0.004158004
5293,0,0.145582434,0.041482489
5294,0,0.023512068,0.004609165
5295,0,0.145783759,0.041554910
5296,0,0.104387864,0.027387143
5297,0,1.003952568,0.911995544
5298,0,0.804882155,0.489872023
5299,0,0.892982192,0.619668771
5300,0,0.216124210,0.068852086
5301,0,0.174321225,0.052154679
5302,0,-0.000000000,0.000000000
5303,0,0.503258335,0.222222222
5304,0,0.021519932,0.004158004
5305,0,-0.000000000,0.000000000
5306,0,-0.000000000,0.000000000
5307,0,0.985228136,1.142857143
5308,0,0.069054382,0.016528926
5309,0,0.151096971,0.043478261
5310,0,0.108231405,0.028639618
5311,0,0.536344250,0.244887118
5312,0,0.023414750,0.004586951
5313,0,-0.000000000,0.000000000
5314,0,-0.000000000,0.000000000
5315,0,-0.000000000,0.000000000
5316,0,-0.000000000,0.000000000
5317,0,-0.000000000,0.000000000
5318,0,-0.000000000,0.000000000
5319,0,0.503258335,0.222222222
5320,0,0.365055190,0.139534884
5321,0,1.029360637,1.103253182
5322,0,0.876829793,0.582624240
5323,0,-0.000000000,0.000000000
5324,0,-0.000000000,0.000000000
5325,0,-0.000000000,0.000000000
5326,0,-0.000000000,0.000000000
5327,0,-0.000000000,0.000000000
5328,0,-0.000000000,0.000000000
5329,0,-0.000000000,0.000000000
5330,0,-0.000000000,0.000000000
5331,0,0.985228136,1.142857143
5332,0,0.069054382,0.016528926
5333,0,0.151096971,0.043478261
5334,0,0.108231405,0.028639618
5335,0,0.374944143,0.144869215
5336,0,0.642328354,0.326754684
5337,0,0.988491836,1.337708147
5338,0,0.399480258,0.158471326
5339,0,0.213976516,0.067960838
5340,0,0.035826861,0.007551204
5341,0,-0.000000000,0.000000000
5342,0,-0.000000000,0.000000000
5343,0,-0.000000000,0.000000000
5344,0,-0.000000000,0.000000000
5345,0,0.143726170,0.040816327
5346,0,-0.000000000,0.000000000
5347,0,0.143726170,0.040816327
5348,0,0.102899790,0.026905830
5349,0,0.155714199,0.045168456
5350,0,0.025292702,0.005018717
5351,0,0.145966501,0.041620676
5352,0,0.023579284,0.004624520
5353,0,0.145790610,0.041557375
5354,0,-0.000000000,0.000000000
5355,0,0.503258335,0.222222222
5356,0,0.021519932,0.004158004
5357,0,0.508167846,0.225508318
5358,0,0.021796313,0.004220139
5359,0,0.145610162,0.041492461
5360,0,0.004921523,0.000769858
5361,0,-0.000000000,0.000000000
5362,0,-0.000000000,0.000000000
5363,0,0.985228136,0.857142857
5364,0,0.069054382,0.016528926
5365,0,0.522559375,0.235294118
5366,0,0.022615977,0.004405286
5367,0,-0.000000000,0.000000000
5368,0,-0.000000000,0.000000000
5369,0,0.143726170,0.040816327
5370,0,0.004850167,0.000757289
5371,0,0.144064358,0.040937481
5372,0,0.004862963,0.000759541
5373,0,0.504157912,0.222822379
5374,0,-0.000000000,0.000000000
5375,0,-0.000000000,0.000000000
5376,0,-0.000000000,0.000000000
5377,0,0.143726170,0.040816327
5378,0,0.004850167,0.000757289
5379,0,0.504155247,1.777179401
5380,0,0.021570303,0.004169317
5381,0,0.508181153,0.225517261
5382,0,-0.000000000,0.000000000
5383,0,0.503258335,0.222222222
5384,0,0.095970403,0.024691358
5385,0,0.154729451,0.044806517
5386,0,0.005269238,0.000831475
5387,0,0.144097486,0.040949353
5388,0,0.023252393,0.004549928
5389,0,0.508628706,0.225818136
5390,0,0.021822340,0.004225998
5391,0,0.508247823,0.225562067
5392,0,-0.000000000,0.000000000
5393,0,0.143726170,0.040816327
5394,0,0.023187512,0.004535147
5395,0,-0.000000000,0.000000000
5396,0,-0.000000000,0.000000000
5397,0,0.143726170,0.040816327
5398,0,-0.000000000,0.000000000
5399,0,0.503258335,1.777777778
5400,0,0.021519932,0.004158004
5401,0,0.145582434,0.041482489
5402,0,0.004920471,0.000769672
5403,0,0.144069888,0.040939462
5404,0,0.023247570,0.004548829
5405,0,0.508627414,0.225817267
5406,0,0.021822267,0.004225982
5407,0,0.508247803,0.225562054
5408,0,0.021800827,0.004221155
5409,0,-0.000000000,0.000000000
5410,0,-0.000000000,0.000000000
5411,0,0.143726170,0.040816327
5412,0,0.004850167,0.000757289
5413,0,0.504155247,1.777179401
5414,0,0.096180499,0.024757844
5415,0,-0.000000000,0.000000000
5416,0,-0.000000000,0.000000000
5417,0,0.503258335,0.222222222
5418,0,-0.000000000,0.000000000
5419,0,0.503258335,0.222222222
5420,0,0.021519932,0.004158004
5421,0,0.145582434,0.041482489
5422,0,0.023512068,0.004609165
5423,0,0.145783759,0.041554910
5424,0,0.023547299,0.004617212
5425,0,0.145787349,0.041556202
5426,0,0.023547928,0.004617356
5427,0,0.508707961,0.225871439
5428,0,0.097249656,0.025096827
5429,0,1.002687101,1.095928326
5430,0,-0.000000000,0.000000000
5431,0,0.143726170,0.040816327
5432,0,0.004850167,0.000757289
5433,0,-0.000000000,0.000000000
5434,0,-0.000000000,0.000000000
5435,0,0.503258335,0.222222222
5436,0,-0.000000000,0.000000000
5437,0,-0.000000000,0.000000000
5438,0,-0.000000000,0.000000000
5439,0,-0.000000000,0.000000000
5440,0,-0.000000000,0.000000000
5441,0,0.985228136,1.142857143
5442,0,0.276195428,0.095238095
5443,0,0.607171655,0.297872340
5444,0,-0.000000000,0.000000000
5445,0,0.503258335,1.777777778
5446,0,0.365055190,0.139534884
5447,0,0.650022422,1.666666667
5448,0,0.133039649,0.037037037
5449,0,0.545731143,1.748453608
5450,0,-0.000000000,0.000000000
5451,0,-0.000000000,0.000000000
5452,0,-0.000000000,0.000000000
5453,0,-0.000000000,0.000000000
5454,0,-0.000000000,0.000000000
5455,0,0.503258335,0.222222222
5456,0,0.021519932,0.004158004
5457,0,0.021519932,0.008316008
5458,0,0.017758262,0.006655574
5459,0,0.017758262,0.009983361
5460,0,0.002562780,0.000740604
5461,0,0.002562780,0.001110905
5462,0,0.000805309,0.000246902
5463,0,0.000455306,0.000219473
5464,0,0.000138904,0.000050805
5465,0,0.000449188,0.000213631
5466,0,0.000055117,0.000016427
5467,0,0.143727889,0.040816718
5468,0,0.030047892,0.006139678
5469,0,0.030047890,0.012279356
5470,0,0.024843090,0.009829520
5471,0,0.024843090,0.014744280
5472,0,0.003633372,0.001094560
5473,0,0.147359542,0.042435828
5474,0,0.008173313,0.002212008
5475,0,0.145657925,0.041539115
5476,0,0.085528362,0.021431463
5477,0,1.032373693,1.142874809
5478,0,0.044855736,0.019707631
5479,0,-0.000000000,0.000000000
5480,0,-0.000000000,0.000000000
5481,0,-0.000000000,0.000000000
5482,0,-0.000000000,0.000000000
5483,0,0.503258335,0.222222222
5484,0,-0.000000000,0.000000000
5485,0,0.143726170,0.040816327
5486,0,0.004850167,0.000757289
5487,0,-0.000000000,0.000000000
5488,0,-0.000000000,0.000000000
5489,0,0.985228136,1.142857143
5490,0,0.276195428,0.095238095
5491,0,-0.000000000,0.000000000
5492,0,-0.000000000,0.000000000
5493,0,0.143726170,0.040816327
5494,0,0.102899790,0.026905830
5495,0,0.534388846,0.243512974
5496,0,0.388027483,0.152056502
5497,0,-0.000000000,0.000000000
5498,0,-0.000000000,0.000000000
5499,0,0.143726170,0.040816327
5500,0,0.082143051,0.020408163
5501,0,0.999999056,0.998855835
5502,0,0.811731174,0.500572082
5503,0,1.220645974,1.011379597
5504,0,0.785470033,1.721587901
5505,0,0.933772296,1.382184418
5506,0,0.963579501,0.698547319
5507,0,0.595414899,0.302177764
5508,0,0.253991389,0.151246775
5509,0,0.373001298,0.255634931
5510,0,0.085001878,0.021230438
5511,0,1.067255316,1.029235378
5512,0,0.880438645,0.531447049
5513,0,0.080539359,0.059755014
5514,0,0.085540449,0.057536400
5515,0,0.181828486,0.065487644
5516,0,0.025274451,0.013696897
5517,0,0.985530709,0.857201694
5518,0,0.749683122,0.428589971
5519,0,1.511492875,1.595247767
5520,0,0.000001401,0.000000263
5521,0,0.503259710,0.222222421
5522,0,0.253164290,0.084788171
5523,0,1.024471770,1.015944650
5524,0,0.776746004,0.373647157
5525,0,0.829531790,0.523707891
5526,0,0.361957793,0.137880969
5527,0,0.204861264,0.064218101
5528,0,0.171542875,0.051093639
5529,0,1.014816268,1.050235572
5530,0,0.061396398,0.012595210
5531,0,0.000007592,0.000001674
5532,0,0.000007040,0.000001526
5533,0,0.000006428,0.000001384
5534,0,0.503264808,0.222223458
5535,0,0.000005734,0.000001205
5536,0,0.143729512,0.040816879
5537,0,0.549914156,0.254545900
5538,0,0.000002586,0.000000492
5539,0,0.000002664,0.000000576
5540,0,0.503260497,0.222222744
5541,0,0.000002317,0.000000622
5542,0,0.921930369,0.400000633
5543,0,1.249108671,0.678899734
5544,0,1.256650624,0.875262717
5545,0,1.463757402,1.130807980
5546,0,1.002402162,0.593677191
5547,0,0.321216875,0.087311636
5548,0,0.999940824,1.009059854
5549,0,1.021922185,0.400000002
5550,0,0.999979349,0.994647999
5551,0,1.021926033,0.400000001
5552,0,1.261109249,1.043082530
5553,0,0.000000006,0.000000001
5554,0,1.000000001,1.000000000
5555,0,1.021928095,0.400000000
5556,0,0.999984960,0.995433790
5557,0,1.870946082,1.997260274
5558,0,0.999821074,0.984250926
5559,0,0.000000000,0.000000000
5560,0,1.000000000,1.000000000
5561,0,1.870950594,1.400000000
5562,0,1.115135655,1.005357143
5563,0,1.059087764,0.420842033
5564,0,1.046342825,1.009069613
5565,0,0.307488798,0.081685770
5566,0,1.010997878,1.001778149
5567,0,0.303278853,0.080319427
5568,0,1.010825108,1.001785507
5569,0,1.872673640,1.399493784
5570,0,1.443455127,1.097025236
5571,0,0.390985888,1.947860178
5572,0,0.999999734,0.999393134
5573,0,1.870950515,1.400000000
5574,0,0.999851954,0.985674229
5575,0,1.021913290,0.400000000
5576,0,1.044094446,1.010316722
5577,0,0.307198316,0.081591928
5578,0,1.219500398,1.032669948
5579,0,0.000000000,0.000000000
5580,0,1.000000000,1.000000000
5581,0,1.870950594,1.200000000
5582,0,1.115135655,1.028571429
5583,0,1.894580989,1.996111760
5584,0,1.118764165,1.027904232
5585,0,0.000000000,0.000000000
5586,0,1.000000000,1.000000000
5587,0,0.302292189,0.080000000
5588,0,1.010784836,1.000334821
5589,0,0.303257257,0.080312460
5590,0,1.050832036,1.006241199
5591,0,0.308086864,0.081880929
5592,0,1.011028966,1.001714805
5593,0,1.505360841,1.001175356
5594,0,0.999535087,0.974614243
5595,0,0.302282891,0.080000000
5596,0,1.010739346,1.002212546
5597,0,1.024266761,0.401296065
5598,0,0.999984783,1.004592914
5599,0,0.000000000,0.000000000
5600,0,1.000000000,1.000000000
5601,0,0.000000000,0.000000000
5602,0,1.000000000,1.000000000
5603,0,0.302292189,0.080000000
5604,0,1.010784836,1.001785714
5605,0,1.872666384,1.999751212
5606,0,1.509003228,1.208287219
5607,0,1.645422684,1.196360542
5608,0,1.200701628,1.170382564
5609,0,0.334678495,0.090775258
5610,0,1.012471646,1.004055645
5611,0,1.873014634,1.399502440
5612,0,1.443909557,1.098348112
5613,0,1.965568023,1.362325876
5614,0,1.503243652,1.087078120
5615,0,1.251893134,1.748132169
5616,0,0.999934765,1.009509674
5617,0,1.021921571,2.001901935
5618,0,1.044282210,1.002549341
5619,0,1.033870655,0.406635528
5620,0,1.044897289,1.009001335
5621,0,1.034067391,0.406745676
5622,0,1.044903485,1.009056453
5623,0,1.521963684,1.005837801
5624,0,1.183187604,1.049340759
5625,0,0.329910259,0.089061543
5626,0,1.011920444,1.001768805
5627,0,1.505810658,1.999239278
5628,0,1.181420448,1.049743050
5629,0,0.329588615,0.088955319
5630,0,1.055685229,1.007457327
5631,0,1.527272457,2.010636195
5632,0,1.184078338,1.013973717
5633,0,0.000000000,0.000000000
5634,0,1.000000000,1.000000000
5635,0,1.021928095,0.400000000
5636,0,0.999984960,0.995433790
5637,0,1.870946082,1.997260274
5638,0,1.115019154,1.004082187
5639,0,0.317777698,0.085050961
5640,0,0.999999451,1.000872140
5641,0,1.021928040,0.400000000
5642,0,1.044201352,1.009165539
5643,0,1.588662094,1.015521968
5644,0,0.999557398,1.024769221
5645,0,0.000000000,0.000000000
5646,0,1.000000000,1.000000000
5647,0,1.021928095,0.400000000
5648,0,0.999984960,1.004566210
5649,0,0.000000000,0.000000000
5650,0,1.000000000,1.000000000
5651,0,0.302292189,0.080000000
5652,0,0.999999424,1.000893655
5653,0,0.302292178,0.080000000
5654,0,1.106105415,1.019189276
5655,0,-0.000000000,0.000000000
5656,0,1.000000000,1.000000000
5657,0,1.870950594,1.200000000
5658,0,1.115135655,1.028571429
5659,0,0.317490439,0.084962493
5660,0,0.999999434,0.999114174
5661,0,-0.000000000,0.000000000
5662,0,1.000000000,1.000000000
5663,0,-0.000000000,0.000000000
5664,0,1.000000000,1.000000000
5665,0,0.302292189,0.080000000
5666,0,1.050654972,1.006222222
5667,0,0.308063149,0.081873234
5668,0,0.999999538,1.000800577
5669,0,1.870950456,1.200000000
5670,0,1.442646517,1.093525472
5671,0,1.218445568,1.979160667
5672,0,1.238746803,1.032502170
5673,0,0.340726077,0.092675920
5674,0,1.012455488,1.001557103
5675,0,1.872980337,1.399445773
5676,0,1.443689068,1.097491870
5677,0,2.039835113,2.207818190
5678,0,1.951175012,1.377843246
5679,0,1.999868520,1.604254357
5680,0,0.991834095,0.893703370
5681,0,0.302128871,0.080000000
5682,0,0.999999401,0.999088711
5683,0,0.302292177,0.080000000
5684,0,1.050662431,1.006207642
5685,0,0.308064005,0.081873493
5686,0,1.011028023,1.001714875
5687,0,-0.000000000,0.000000000
5688,0,1.000000000,1.000000000
5689,0,1.021928095,0.400000000
5690,0,1.190930197,1.031111111
5691,0,1.090501971,0.438948257
5692,0,0.999996796,0.997892546
5693,0,-0.000000000,0.000000000
5694,0,1.000000000,1.000000000
5695,0,0.302292189,0.080000000
5696,0,1.010784836,1.000334821
5697,0,-0.000000000,0.000000000
5698,0,1.000000000,1.000000000
5699,0,1.021928095,0.400000000
5700,0,1.044208200,1.009090909
5701,0,1.588683642,1.015528548
5702,0,1.193053235,1.051142434
5703,0,1.591850924,1.982469610
5704,0,1.666578950,1.158214262
5705,0,-0.000000000,0.000000000
5706,0,1.000000000,1.000000000
5707,0,0.302292189,0.080000000
5708,0,0.999999424,0.999106345
5709,0,-0.000000000,0.000000000
5710,0,1.000000000,1.000000000
5711,0,0.302292189,0.080000000
5712,0,1.010784836,1.001785714
5713,0,-0.000000000,0.000000000
5714,0,1.000000000,1.000000000
5715,0,-0.000000000,0.000000000
5716,0,1.000000000,1.000000000
5717,0,1.500000000,2.000000000
5718,0,1.508326883,2.458333333
5719,0,1.535242483,1.678229665
5720,0,1.184881225,0.902815695
5721,0,1.908623215,1.887153698
5722,0,1.750657665,2.990174678
5723,0,1.626873905,1.874640867
5724,0,1.650771219,1.860715384
5725,0,2.227613952,1.767202552
5726,0,1.753208313,1.763466076
5727,0,1.508993053,1.195036869
5728,0,2.270274772,1.416845982
5729,0,-0.000000000,0.000000000
5730,0,1.000000000,1.000000000
5731,0,1.021928095,0.400000000
5732,0,1.283947807,1.076897133
5733,0,1.168249174,0.490423562
5734,0,1.692774277,1.210662947
5735,0,1.716579667,1.819279326
5736,0,1.067908245,0.685646761
5737,0,0.323943836,0.087756732
5738,0,1.011008492,1.008129624
5739,0,-0.000000000,0.000000000
5740,0,1.000000000,1.000000000
5741,0,1.021928095,1.800000000
5742,0,1.659062487,1.888235294
5743,0,1.997555048,1.336116063
5744,0,1.538026218,1.080390416
5745,0,0.418133967,0.119743128
5746,0,1.073882032,1.005375509
5747,0,-0.000000000,0.000000000
5748,0,1.000000000,1.000000000
5749,0,0.302292189,0.080000000
5750,0,1.010784836,1.000334821
5751,0,1.872666384,1.399495432
5752,0,0.999850101,1.014415146
5753,0,1.870905625,1.200000000
5754,0,0.999754217,0.981541714
5755,0,-0.000000000,0.000000000
5756,0,1.000000000,1.000000000
5757,0,1.432977717,1.111450382
5758,0,0.991703812,0.586016972
5759,0,-0.000000000,0.000000000
5760,0,1.000000000,1.000000000
5761,0,1.021928095,2.000000000
5762,0,1.044208200,1.001704545
5763,0,1.879446735,2.001160510
5764,0,1.116314986,1.005826178
5765,0,1.058772731,2.000981025
5766,0,1.293598035,1.081269547
5767,0,0.879838064,0.362982924
5768,0,1.311675996,1.031670246
5769,0,1.588033722,1.083690656
5770,0,1.042177235,0.771232935
5771,0,1.044590800,0.415851423
5772,0,1.187987586,1.053394729
5773,0,1.911424548,1.382580688
5774,0,1.121057157,1.034062037
5775,0,-0.000000000,0.000000000
5776,0,1.000000000,1.000000000
5777,0,1.021928095,2.000000000
5778,0,1.659062487,1.145098039
5779,0,0.459121683,0.134821453
5780,0,1.080922210,1.015113410
5781,0,0.312113014,0.083192313
5782,0,1.011210478,1.001561069
5783,0,1.024330426,0.401333156
5784,0,1.044346556,1.001765837
5785,0,1.033645984,0.406528482
5786,0,0.999985167,0.995465411
5787,0,1.021926612,1.999093082
5788,0,1.044172487,1.001301735
5789,0,1.033595088,0.406500919
5790,0,1.044864177,1.009183398
5791,0,1.033805703,0.406617382
5792,0,1.193587369,1.032936203
5793,0,-0.000000000,0.000000000
5794,0,1.000000000,1.000000000
5795,0,-0.000000000,0.000000000
5796,0,1.000000000,1.000000000
5797,0,-0.000000000,0.000000000
5798,0,1.000000000,1.000000000
5799,0,1.021928095,0.400000000
5800,0,1.044208200,1.001704545
5801,0,0.307114252,0.081566298
5802,0,0.999999427,0.999108815
5803,0,-0.000000000,0.000000000
5804,0,1.000000000,1.000000000
5805,0,1.021928095,0.400000000
5806,0,1.190930197,1.031111111
5807,0,-0.000000000,0.000000000
5808,0,1.000000000,1.000000000
5809,0,-0.000000000,0.000000000
5810,0,1.000000000,1.000000000
5811,0,0.302292189,0.080000000
5812,0,1.216063438,1.041991342
5813,0,0.335604248,2.001625861
5814,0,1.012194851,1.001080875
5815,0,1.507132417,2.001945377
5816,0,1.181547575,1.988601597
5817,0,1.085338875,2.001695741
5818,0,0.999986416,0.995660563
5819,0,0.302291917,0.080000000
5820,0,1.010777101,1.001858678
5821,0,1.024226791,1.999963989
5822,0,0.999984944,1.004568623
5823,0,1.870946078,2.002741174
5824,0,0.999821059,1.015749737
5825,0,0.302288610,0.080000000
5826,0,1.050525621,1.006132950
5827,0,0.307937827,0.081835055
5828,0,1.011019957,1.001738229
5829,0,-0.000000000,0.000000000
5830,0,1.000000000,1.000000000
5831,0,1.021928095,0.400000000
5832,0,0.999984960,0.995433790
5833,0,-0.000000000,0.000000000
5834,0,1.000000000,1.000000000
5835,0,1.021928095,0.400000000
5836,0,1.190930197,1.032222222
5837,0,1.913428813,2.019302288
5838,0,1.466522073,1.112570933
5839,0,1.228293773,0.523627219
5840,0,1.058498299,1.013221089
5841,0,1.539766339,1.012805940
5842,0,1.006371069,0.985569916
5843,0,1.024091462,0.401217083
5844,0,1.190360087,1.032650441
5845,0,0.334429308,0.090557957
5846,0,1.016868824,1.002693887
5847,0,1.526270352,1.011536911
5848,0,1.191398627,1.053036394
5849,0,0.334919372,0.092123655
5850,0,1.014459989,1.002903145
5851,0,0.002584772,0.001392544
5852,0,1.000045027,1.000007057
5853,0,-0.000000000,0.000000000
5854,0,1.000000000,1.000000000
5855,0,1.021928095,0.400000000
5856,0,0.999984960,1.004566210
5857,0,1.021926591,0.400000000
5858,0,1.044172237,1.009481640
5859,0,-0.000000000,0.000000000
5860,0,1.000000000,1.000000000
5861,0,-0.000000000,0.000000000
5862,0,1.000000000,1.000000000
5863,0,1.500000000,1.000000000
5864,0,1.180906651,1.009375000
5865,0,1.085086471,0.435855357
5866,0,1.047828480,1.002488056
5867,0,0.307578143,0.081716898
5868,0,1.010999968,1.000380368
5869,0,1.024280310,0.401305935
5870,0,1.044341229,1.009097622
5871,0,0.307131148,0.081571781
5872,0,1.010980461,1.001800999
5873,0,0.303257790,0.080313015
5874,0,0.999999425,1.000892672
5875,0,1.870950422,1.200000000
5876,0,0.999843304,0.985261629
5877,0,1.021912425,0.400000000
5878,0,0.999975360,0.994155512
5879,0,1.021925631,0.400000000
5880,0,1.044162120,1.001185378
5881,0,0.307110009,0.081565023
5882,0,1.051527167,1.006592484
5883,0,-0.000000000,0.000000000
5884,0,1.000000000,1.000000000
5885,0,-0.000000000,0.000000000
5886,0,1.000000000,1.000000000
5887,0,1.500000000,1.000000000
5888,0,1.180906651,1.009375000
5889,0,1.085086471,0.435855357
5890,0,1.694986613,1.156507911
5891,0,-0.000000000,0.000000000
5892,0,1.000000000,1.000000000
5893,0,1.500000000,1.000000000
5894,0,0.999525689,1.025641026
5895,0,1.021880664,0.400000000
5896,0,1.044002673,0.999427018
5897,0,-0.000000000,0.000000000
5898,0,1.000000000,1.000000000
5899,0,0.302292189,0.080000000
5900,0,1.010784836,1.001785714
5901,0,-0.000000000,0.000000000
5902,0,1.000000000,1.000000000
5903,0,1.021928095,1.800000000
5904,0,1.044208200,1.009090909
5905,0,1.879446735,1.210345721
5906,0,1.446495066,1.098309834
5907,0,1.217067751,2.018784152
5908,0,1.238082757,1.051528461
5909,0,0.339810193,0.092382458
5910,0,0.999999998,0.999942441
5911,0,0.302292189,0.080000000
5912,0,1.010784733,1.001786682
5913,0,1.024228371,0.401277266
5914,0,1.044337917,1.001732297
5915,0,1.879475395,1.397412164
5916,0,1.116319774,1.005835527
5917,0,0.317676446,2.000198707
5918,0,1.053464728,1.006969440
5919,0,0.308320804,0.081959240
5920,0,1.011037458,1.000458051
5921,0,-0.000000000,0.000000000
5922,0,1.000000000,1.000000000
5923,0,1.021928095,0.400000000
5924,0,1.044208200,1.009090909
5925,0,0.307114252,0.081566298
5926,0,1.219460527,1.032649961
5927,0,1.101697662,0.445617633
5928,0,0.999998008,1.001661890
5929,0,1.021927896,0.400000000
5930,0,0.999983995,1.004710357
5931,0,-0.000000000,0.000000000
5932,0,1.000000000,1.000000000
5933,0,1.021928095,0.400000000
5934,0,1.044208200,1.009090909
5935,0,1.879446735,1.999192347
5936,0,1.116314986,1.028552720
5937,0,0.317675738,0.085023020
5938,0,1.011409216,1.000437931
5939,0,1.872870571,1.202179032
5940,0,1.115387062,1.028540256
5941,0,1.895582471,1.232059466
5942,0,1.118789958,1.006855571
5943,0,1.896451712,1.233157616
5944,0,1.118963025,1.007369974
5945,0,0.318090796,0.085158560
5946,0,1.011429618,1.000473436
5947,0,-0.000000000,0.000000000
5948,0,1.000000000,1.000000000
5949,0,0.302292189,0.080000000
5950,0,0.999999424,1.000893655
5951,0,-0.000000000,0.000000000
5952,0,1.000000000,1.000000000
5953,0,1.870950594,2.000000000
5954,0,1.442705945,1.093333333
5955,0,0.389175081,0.109395083
5956,0,1.014486611,1.002126211
5957,0,0.303611607,0.080427234
5958,0,1.010841678,1.000376766
5959,0,0.303243951,0.080308532
5960,0,1.010823350,1.000341336
5961,0,0.303242207,0.080307975
5962,0,1.050827900,1.006242985
5963,0,-0.000000000,0.000000000
5964,0,1.000000000,1.000000000
5965,0,0.302292189,0.080000000
5966,0,1.050654972,1.006444444
5967,0,0.307950877,0.081838984
5968,0,1.051721710,1.006720530
5969,0,1.035951833,0.407819527
5970,0,1.194212634,1.033527840
5971,0,1.914259468,1.385232153
5972,0,0.999964082,1.007056383
5973,0,0.302291471,0.080000000
5974,0,0.999999259,1.001013462
5975,0,0.302292174,0.080000000
5976,0,1.010783031,1.001802755
5977,0,0.303238252,0.080306700
5978,0,0.999999424,1.000893513
5979,0,1.021928037,0.400000000
5980,0,0.999984445,1.004643711
5981,0,-0.000000000,0.000000000
5982,0,1.000000000,1.000000000
5983,0,-0.000000000,0.000000000
5984,0,1.000000000,1.000000000
5985,0,1.500000000,1.000000000
5986,0,1.180906651,1.050000000
5987,0,0.328975528,0.088762375
5988,0,1.011868799,1.001874092
5989,0,0.303346540,0.080341721
5990,0,0.999999428,0.999109552
5991,0,0.302292178,0.080000000
5992,0,1.050647681,1.006236469
5993,0,0.307950140,0.081838762
5994,0,1.220196636,1.043194186
5995,0,0.336405632,0.091249042
5996,0,1.012230742,1.001348902
5997,0,-0.000000000,0.000000000
5998,0,1.000000000,1.000000000
5999,0,-0.000000000,0.000000000
