0,0,4.203046415,3.509708738
1,0,4.285106414,3.194105389
2,0,3.443664257,2.580562484
3,0,3.956272313,2.552129256
4,0,3.581207004,2.530303397
5,0,2.867434642,1.871627654
6,0,3.158747698,1.421265371
7,0,2.142305431,1.062779479
8,0,2.087198942,0.706214684
9,0,2.641740300,1.283367676
10,0,2.935079274,2.655352487
11,0,3.465121589,3.614247938
12,0,2.930220079,2.487703596
13,0,3.326998332,2.324830719
14,0,2.809165144,1.313813326
15,0,3.051815176,1.723985571
16,0,3.235533224,1.685239406
17,0,3.426557021,1.953734700
18,0,3.831254048,2.698131575
19,0,4.255697138,2.959360342
20,0,3.967498785,2.533548656
21,0,3.132677008,1.636749585
22,0,3.445858382,2.463010042
23,0,4.015460696,2.332981470
24,0,4.204350807,2.607349837
25,0,4.213245017,2.792507353
26,0,4.249245545,3.497861218
27,0,4.244485163,2.857619590
28,0,3.436232336,1.960778561
29,0,3.812090498,2.208302442
30,0,3.682350061,2.583409467
31,0,4.074963420,2.878120688
32,0,4.160516476,3.689524688
33,0,4.444670618,3.352083403
34,0,4.302984518,3.021219748
35,0,4.370698261,3.762755943
36,0,4.408843541,3.279360541
37,0,4.238294505,3.056125256
38,0,4.366544235,3.438232808
39,0,4.658684554,3.472612771
40,0,2.875918920,2.599812187
41,0,3.605125737,2.969819610
42,0,3.986927800,3.449199943
43,0,4.197266954,4.087675601
44,0,4.078155625,4.565088974
45,0,4.336197524,5.400626109
46,0,4.062299196,4.536657897
47,0,4.153377979,3.966116286
48,0,3.253201085,3.029184756
49,0,3.883661329,2.898594277
50,0,3.652545259,3.203461031
51,0,3.892591423,3.158613918
52,0,3.146692643,3.050394747
53,0,3.631192819,3.001015518
54,0,2.933118274,2.621043917
55,0,2.800091511,2.419733241
56,0,3.582026595,2.840438886
57,0,2.950678700,2.748695541
58,0,3.573036381,3.101130771
59,0,3.661845404,3.693444308
60,0,3.359640042,3.196161017
61,0,3.536690971,2.856863384
62,0,3.639433099,2.910284504
63,0,3.471054536,3.393134776
64,0,3.197394820,3.962740683
65,0,3.507542688,4.492726545
66,0,3.613043153,3.967119839
67,0,3.264492852,3.256206998
68,0,3.270186937,2.762389474
69,0,3.431130251,2.839824004
70,0,3.842046527,3.034196830
71,0,3.741713133,2.971504979
72,0,3.539694268,2.925001664
73,0,3.384798862,2.674404798
74,0,3.341012797,3.464233142
75,0,3.307630984,2.510902187
76,0,3.294108346,2.409116951
77,0,3.141909705,2.746940763
78,0,2.725476984,2.537591638
79,0,2.673137389,2.598307939
80,0,3.629276252,2.833492086
81,0,3.412813564,3.067081706
82,0,3.401144495,3.045080522
83,0,3.302919209,3.116110136
84,0,3.197536539,3.868197157
85,0,2.971995935,3.070446757
86,0,3.417765076,2.742415233
87,0,2.464336638,2.215862520
88,0,3.122184704,2.531369447
89,0,3.130376852,3.459409885
90,0,3.206158494,3.809738482
91,0,3.555136196,3.259625459
92,0,3.381133036,2.984789286
93,0,2.959195850,3.020578212
94,0,2.757632137,3.678209408
95,0,3.527438186,4.735131044
96,0,2.798853282,3.600544551
97,0,2.676929084,3.418145735
98,0,3.355928038,3.864019581
99,0,2.754610045,4.484227229
100,0,3.749627592,5.546574730
101,0,3.401549786,5.096603130
102,0,3.733958268,5.627066123
103,0,2.729540677,6.102127651
104,0,3.785028986,5.300482351
105,0,3.607856996,6.168425047
106,0,3.983828034,7.504960293
107,0,2.873846556,4.701712822
108,0,3.787706244,4.467708274
109,0,3.659918579,4.463607115
110,0,3.517415774,5.416547192
111,0,3.663711236,4.753148275
112,0,3.632828367,5.876265305
113,0,3.503307863,4.275695812
114,0,3.410928036,4.308096776
115,0,2.752216165,1.754758946
116,0,2.791654675,2.623131834
117,0,3.179851342,3.586263453
118,0,2.803684687,2.403187520
119,0,2.767347419,1.708174679
120,0,2.531313944,2.105102751
121,0,2.273914342,1.947306064
122,0,3.023598031,2.035450061
123,0,2.982953416,2.612158446
124,0,3.547351422,3.210213309
125,0,3.720412617,4.134174910
126,0,2.610688409,2.746142955
127,0,1.467839776,2.598578316
128,0,1.542886034,2.011643802
129,0,2.504575530,3.009674300
130,0,2.296540988,3.107956547
131,0,2.318080926,1.713402176
132,0,2.433232870,2.242728793
133,0,2.973899030,3.133607959
134,0,2.156137974,2.830227543
135,0,2.895100878,2.465692826
136,0,2.692803204,3.094945385
137,0,2.613591456,2.361458909
138,0,2.465011535,2.473900069
139,0,3.074304078,1.985274391
140,0,1.975284460,1.510683773
141,0,2.976559498,1.914453317
142,0,2.187283078,2.580325361
143,0,2.889716316,2.237662638
144,0,2.937738980,2.946915686
145,0,3.043306534,3.278074341
146,0,3.320778669,3.217068408
147,0,3.367443611,3.249314908
148,0,1.310025511,0.887816049
149,0,2.445484386,1.572833752
150,0,1.405287515,1.428673804
151,0,2.136241843,3.034178205
152,0,2.260367530,2.113931272
153,0,2.088155662,2.477087657
154,0,2.866576911,2.976755156
155,0,2.801145619,4.279875097
156,0,0.984773225,2.836628029
157,0,2.274894516,2.234892641
158,0,2.794964075,2.039004105
159,0,3.378162065,2.793945962
160,0,3.665606001,3.110252508
161,0,3.628118366,3.030800234
162,0,3.712688337,3.423396555
163,0,3.663990869,4.255105383
164,0,2.413807335,2.764025783
165,0,3.400814973,2.652024423
166,0,3.313283390,2.586395288
167,0,3.220942911,2.416553763
168,0,3.033572832,2.425717774
169,0,2.323414953,2.877048746
170,0,2.013024622,2.296435718
171,0,2.773777473,2.163546174
172,0,3.039283207,2.426487782
173,0,2.546541045,2.755146922
174,0,2.593683042,2.513070986
175,0,3.194996439,2.943677042
176,0,3.652087610,3.561010716
177,0,3.511706563,3.898078219
178,0,3.714621068,4.699909024
179,0,3.450239873,5.301126132
180,0,3.467946297,4.388729420
181,0,3.816646889,3.874431535
182,0,3.090344361,3.833504520
183,0,2.545112687,3.148842127
184,0,3.059907307,2.898214123
185,0,2.612976084,3.665005352
186,0,2.701478981,3.169221852
187,0,3.034519054,2.675806721
188,0,3.329130006,3.501555077
189,0,3.383829022,3.748463079
190,0,3.389055444,4.684493045
191,0,3.386841821,5.989174299
192,0,3.455800723,7.135850207
193,0,3.241693089,6.945692030
194,0,3.276333229,4.718314118
195,0,3.249206595,4.429690078
196,0,3.046922006,3.861778386
197,0,2.848398002,4.123886718
198,0,3.037486476,5.055702783
199,0,2.135448169,5.560578445
200,0,2.944509128,5.301560961
201,0,2.766579481,6.507920888
202,0,2.779914944,5.777908804
203,0,3.262446855,5.276637165
204,0,3.226622178,4.878368968
205,0,3.213922815,4.299381244
206,0,3.180367140,3.349449515
207,0,2.332661404,1.897004287
208,0,2.677069911,2.004962672
209,0,2.691239639,2.248717678
210,0,2.808776718,1.849837068
211,0,2.532363385,2.554816640
212,0,2.410712726,1.672587687
213,0,2.375508240,1.248065068
214,0,2.747417506,1.735999745
215,0,2.947783519,2.025211635
216,0,2.291782889,2.210948021
217,0,3.406249523,2.642507166
218,0,2.582708986,2.231845380
219,0,3.196007727,3.643679515
220,0,3.637232926,3.748054844
221,0,3.584642427,3.130165152
222,0,4.050713209,4.007486596
223,0,3.783336753,5.414145372
224,0,3.132308136,2.846218174
225,0,2.437362898,2.182523747
226,0,2.832146362,1.971615816
227,0,2.185391161,1.916285027
228,0,3.161749011,2.577683023
229,0,2.568092699,3.419287513
230,0,2.572000504,3.246841825
231,0,2.605824427,4.474471113
232,0,1.898357314,2.505073128
233,0,1.016490391,0.547473136
234,0,1.889712522,1.982573255
235,0,1.769240619,1.187122071
236,0,1.887255365,1.559493731
237,0,1.621730976,1.002347419
238,0,-0.000000000,0.000000000
239,0,-0.000000000,0.000000000
240,0,1.584962501,1.333333333
241,0,0.468166641,0.153846154
242,0,1.649468764,1.360000000
243,0,1.307226758,0.700000000
244,0,2.418991877,2.031344793
245,0,-0.000000000,0.000000000
246,0,1.584962501,1.333333333
247,0,1.000000000,2.000000000
248,0,1.500000000,2.500000000
249,0,1.480682115,2.555555556
250,0,2.349041032,3.366412214
251,0,1.876680231,2.983471074
252,0,2.445901656,3.977359247
253,0,3.076020368,3.727954677
254,0,3.116454887,3.336139467
255,0,1.746375708,3.175608139
256,0,2.577272757,3.225436635
257,0,2.540144389,2.819924493
258,0,1.909269677,1.365247689
259,0,1.684171489,2.259243543
260,0,2.528580458,2.861439116
261,0,3.053793665,3.544646803
262,0,3.481263428,3.281821553
263,0,3.466017924,3.453562949
264,0,3.114686260,3.404522619
265,0,3.152275435,3.744789098
266,0,3.210271256,3.134210290
267,0,2.362929674,1.803282754
268,0,2.341835335,1.408609832
269,0,2.705604829,2.242900361
270,0,2.717682805,2.846896717
271,0,2.738705454,2.468881419
272,0,2.589256548,1.733897776
273,0,2.864753050,1.608887145
274,0,2.666289141,2.108403925
275,0,1.460500637,1.404290544
276,0,2.018442121,1.122388778
277,0,3.034515476,2.272657860
278,0,3.191443921,2.332445167
279,0,2.975118765,2.265591442
280,0,3.059589873,2.386678138
281,0,3.136641577,2.482394140
282,0,3.346658187,2.458804399
283,0,3.376488603,2.800244858
284,0,3.252261676,2.536585830
285,0,3.465305905,2.820048105
286,0,3.122425990,2.787347153
287,0,3.822045371,3.231498993
288,0,4.017715704,3.481718499
289,0,2.975007973,3.571418196
290,0,3.598281133,4.189483989
291,0,3.932228566,4.319880252
292,0,3.252833058,3.398577125
293,0,3.518331716,2.938768382
294,0,2.235597497,1.727798379
295,0,1.947807531,2.051602385
296,0,2.813993076,2.004405433
297,0,2.369172354,1.825635349
298,0,1.841548839,1.368205937
299,0,2.534516334,1.704633368
300,0,2.220456642,1.790734129
301,0,2.523319658,3.281220679
302,0,2.138959137,1.939596163
303,0,2.567711373,1.800091927
304,0,2.479376246,1.485429412
305,0,2.860514842,2.140238240
306,0,3.065137023,3.556688025
307,0,2.735584201,2.107800756
308,0,2.735534155,1.764081287
309,0,2.708068591,1.680003197
310,0,3.132809206,2.234865171
311,0,3.114938890,2.614338804
312,0,2.967299661,2.122133417
313,0,2.841477836,2.666891686
314,0,3.461199262,2.804318443
315,0,3.442257935,3.166185688
316,0,3.038582027,2.395810949
317,0,2.744001194,1.998923666
318,0,2.938261842,2.117389771
319,0,2.749830808,2.159015525
320,0,3.043534059,2.128611057
321,0,3.219887528,2.125292014
322,0,1.736447327,1.757771251
323,0,2.071474459,2.583518840
324,0,2.770380126,2.174805082
325,0,3.338654272,2.338705054
326,0,3.163862005,2.528002087
327,0,2.527824064,2.810146896
328,0,2.448306994,3.136492340
329,0,3.371663935,3.921641695
330,0,3.016840510,4.616343135
331,0,3.217220023,5.626792675
332,0,3.735269442,4.860446308
333,0,3.349604822,3.016685650
334,0,3.128844702,2.969475094
335,0,3.332529306,2.521933372
336,0,3.021735257,1.957886184
337,0,3.110666348,2.588874295
338,0,2.980964129,2.908746230
339,0,2.568619956,2.166715456
340,0,2.990111380,2.905603351
341,0,3.077005200,2.820206763
342,0,3.113374860,2.258627401
343,0,3.137112769,2.479806470
344,0,3.268964368,3.080939132
345,0,3.303930261,3.703851484
346,0,2.865606536,3.449907288
347,0,3.078781546,3.240533772
348,0,3.174150410,2.696382682
349,0,3.404632144,3.299346038
350,0,3.191728843,3.987879539
351,0,2.080250772,1.415403638
352,0,2.330649216,1.418531632
353,0,3.061819567,2.602214713
354,0,2.910267704,2.797653975
355,0,3.005183307,2.235630510
356,0,2.450186130,1.494160464
357,0,2.435278604,1.482225709
358,0,2.308078617,2.052405283
359,0,2.561227171,2.195821377
360,0,2.668286824,1.939951050
361,0,2.618330514,2.427115224
362,0,2.704343716,3.320665232
363,0,3.139123932,4.347523300
364,0,3.317605507,5.304420200
365,0,3.353610495,5.995843971
366,0,1.958100450,3.777887572
367,0,3.013955069,3.065396526
368,0,3.047146657,2.550158724
369,0,3.282438962,2.687516507
370,0,3.289020074,2.582431948
371,0,3.078721393,2.528356629
372,0,2.460151697,2.649357485
373,0,3.471946397,3.392319869
374,0,3.405407004,2.950330630
375,0,3.308003276,2.857954966
376,0,3.108145714,3.524068900
377,0,3.508417500,3.388980739
378,0,3.093753434,2.699863469
379,0,3.487827244,2.815720512
380,0,3.315872978,3.045574066
381,0,3.319445934,3.923061114
382,0,3.115587568,3.865858627
383,0,3.345227786,2.830410855
384,0,3.482738500,2.711668037
385,0,3.212003687,2.459555607
386,0,3.563116844,2.868673708
387,0,3.587623215,2.871415782
388,0,3.147516016,2.683616620
389,0,3.179119894,2.629475996
390,0,3.181798951,2.669214150
391,0,3.120426823,2.433489313
392,0,2.883377778,2.207323906
393,0,2.891798507,3.981576592
394,0,3.049131924,4.713726037
395,0,3.364374046,5.376308399
396,0,3.323045487,4.682562835
397,0,3.295847370,5.528974964
398,0,3.013014451,3.366166999
399,0,3.060849840,2.951694090
400,0,3.172137225,3.946785739
401,0,3.479907918,4.372813491
402,0,3.475790603,3.692670772
403,0,2.859115995,2.644397692
404,0,3.044876320,2.230384311
405,0,3.295196444,2.679987431
406,0,1.186627931,1.062147280
407,0,2.443789188,1.558190292
408,0,1.786209856,1.931774363
409,0,2.943971814,2.981432464
410,0,2.877174360,2.396988466
411,0,3.126534726,2.629805937
412,0,1.101350572,0.874120432
413,0,2.554435148,2.155590324
414,0,2.700226880,2.385579127
415,0,2.574533184,3.144867726
416,0,2.235724384,3.745867610
417,0,2.948073888,2.571354878
418,0,3.441059329,3.651994666
419,0,3.630795776,4.596348564
420,0,3.860646982,5.626367805
421,0,3.748947572,4.445028588
422,0,3.034926010,1.810844059
423,0,3.151063862,2.218571702
424,0,2.562129802,2.094728278
425,0,2.336055997,1.175828608
426,0,2.480001603,1.473543463
427,0,2.277110312,1.235503771
428,0,2.518386871,1.606779902
429,0,3.167892267,2.026301290
430,0,1.824463758,1.647072297
431,0,2.666465413,1.831617663
432,0,2.819294758,2.050035670
433,0,2.543104755,1.482878178
434,0,2.838462322,2.297031412
435,0,3.006752214,2.006369328
436,0,2.975406631,1.983031955
437,0,2.157740610,1.459123535
438,0,2.737532911,2.320965984
439,0,3.241664048,2.933493565
440,0,3.378716595,3.626542859
441,0,3.406315406,3.085952019
442,0,2.157590277,1.719065156
443,0,2.831721893,2.197323317
444,0,2.500356320,1.595538485
445,0,2.247870354,2.218230268
446,0,2.575124042,1.638766026
447,0,2.619747264,1.840614791
448,0,2.527934284,1.444138895
449,0,2.478132199,1.799462051
450,0,2.490386646,2.184561971
451,0,2.088139390,2.902094173
452,0,2.768791440,2.530292026
453,0,1.664607995,1.117025037
454,0,2.516844623,1.713188410
455,0,2.804149067,2.806082659
456,0,2.662397827,2.021426956
457,0,3.023066487,2.739084570
458,0,2.871078482,3.188965796
459,0,3.162210514,2.705946570
460,0,3.122741093,2.253483744
461,0,3.035960207,2.390617537
462,0,2.901377229,2.438444577
463,0,2.894814634,2.559477426
464,0,2.650835905,1.820809461
465,0,2.628386115,1.631455388
466,0,2.054116892,1.009437350
467,0,2.342857512,1.813864340
468,0,2.094008524,1.981375347
469,0,2.099354123,1.446117179
470,0,2.184255992,1.860393420
471,0,2.571791555,1.560997714
472,0,2.534995211,2.269022492
473,0,3.111775133,2.747362818
474,0,2.084265818,1.567300359
475,0,2.707034306,2.155863365
476,0,2.553203963,1.849842728
477,0,3.168102526,2.896465709
478,0,3.326503489,2.452950481
479,0,3.438062826,2.091826401
480,0,3.358167233,2.526486163
481,0,3.659556047,2.696354125
482,0,1.676634973,1.439650567
483,0,2.380016314,2.181334351
484,0,2.908696068,2.190079612
485,0,1.560827521,1.345198466
486,0,2.474868065,1.978953755
487,0,2.909338996,3.431496667
488,0,2.210006094,3.321928346
489,0,2.638411485,4.150498970
490,0,3.243534006,3.332269071
491,0,3.054413434,4.239582217
492,0,2.359146170,3.285480775
493,0,2.388201030,2.576535124
494,0,2.898150556,3.567971160
495,0,3.183909073,3.332984949
496,0,3.259242464,2.704955988
497,0,3.715020458,3.232672550
498,0,3.594856396,2.835238244
499,0,3.693972139,3.431372318
500,0,3.562588109,3.345980481
501,0,2.938685920,3.360062163
502,0,3.274190817,2.645690498
503,0,3.394396652,3.557071931
504,0,3.599930577,4.445513535
505,0,3.426933815,3.597717614
506,0,3.437904276,2.793568465
507,0,3.363258617,2.683082998
508,0,2.914969711,1.978304140
509,0,2.960804667,1.942125761
510,0,2.960860283,2.249227550
511,0,3.492801594,2.862849327
512,0,3.038667182,3.722417157
513,0,3.016135300,3.645267298
514,0,4.080301876,4.487774368
515,0,3.813864832,3.883390134
516,0,3.994986206,3.647239308
517,0,3.723249327,4.032516245
518,0,4.124346331,4.711718786
519,0,4.093721178,4.785420637
520,0,3.569536825,7.518126393
521,0,2.986867273,9.230408400
522,0,3.113041554,9.257808923
523,0,2.583650394,4.619636717
524,0,2.381271051,5.749819250
525,0,3.240651812,5.111076281
526,0,3.732384311,6.018228642
527,0,3.591721718,6.994199848
528,0,3.656246485,6.465274812
529,0,4.010824380,7.320671511
530,0,3.746592052,7.603987315
531,0,3.924407035,6.915982970
532,0,3.782296389,8.826912010
533,0,3.155851473,4.730166213
534,0,3.606144683,5.768002996
535,0,3.198139019,2.779702331
536,0,2.508377440,2.607121638
537,0,3.035697131,2.583103688
538,0,1.857048361,1.526686297
539,0,2.135164238,1.259250598
540,0,1.689609933,0.857553709
541,0,1.703282257,0.915280995
542,0,1.243211764,0.815088950
543,0,1.840755788,1.754154176
544,0,1.872805593,1.111937023
545,0,1.876350994,1.849059085
546,0,1.944837002,2.454588741
547,0,1.430756400,2.149539699
548,0,2.554109492,2.195032468
549,0,2.262565629,2.645115093
550,0,2.721850007,3.535523010
551,0,3.049620540,3.323663981
552,0,3.342371451,3.898134111
553,0,3.528750109,3.347567960
554,0,3.227679092,2.872603289
555,0,3.310246389,3.095529824
556,0,3.264997442,2.509980226
557,0,3.573746898,2.754041842
558,0,3.207486451,2.982653590
559,0,3.372855874,3.981037862
560,0,3.327504780,5.730726552
561,0,3.412275613,4.876516101
562,0,3.284844069,3.279414711
563,0,3.325629032,2.390513672
564,0,2.410371911,1.570833400
565,0,2.582892961,1.515957806
566,0,2.693964691,2.149647286
567,0,2.687552216,2.782589960
568,0,2.825205905,2.359068446
569,0,2.726854686,2.265099883
570,0,2.509540648,1.528690359
571,0,2.751515660,1.669683247
572,0,2.616898497,1.668463948
573,0,2.342944855,1.136876952
574,0,2.259353454,1.478647308
575,0,2.388768744,2.661256529
576,0,2.384025938,2.790682928
577,0,1.901314755,1.604263623
578,0,2.188421894,1.378361547
579,0,2.861329663,1.934208585
580,0,2.172331675,1.916860287
581,0,2.259019764,2.255964316
582,0,2.699123275,1.914453324
583,0,2.562806663,1.846697597
584,0,2.524957874,2.519516321
585,0,2.789357853,2.192676044
586,0,2.799837001,2.793123715
587,0,2.835214323,2.146300967
588,0,2.326277017,1.789215778
589,0,2.829746002,2.315674692
590,0,2.501772760,2.174751094
591,0,2.175423248,2.626360325
592,0,2.984494356,3.706388160
593,0,3.145363776,3.034770906
594,0,2.958981977,2.229308828
595,0,2.142807964,1.678662857
596,0,2.399253947,2.379690617
597,0,3.202538445,2.442022868
598,0,3.068545969,2.468308243
599,0,3.087512355,2.190997207
600,0,2.734800259,2.394269374
601,0,2.932432709,2.702005469
602,0,3.425137021,2.335956618
603,0,3.262804697,2.216606119
604,0,3.352642160,2.638058411
605,0,3.542161204,2.494800753
606,0,2.633217592,1.613672025
607,0,3.143364486,2.452754732
608,0,2.773092246,1.335543429
609,0,1.797106690,1.159992207
610,0,2.615201622,1.567814613
611,0,2.641094606,1.666566746
612,0,2.973921112,2.563342618
613,0,3.509950690,3.203367805
614,0,3.603607207,2.966473767
615,0,2.988663383,3.414048423
616,0,3.348713844,3.747389048
617,0,3.456861524,3.064422200
618,0,2.460848924,2.406494370
619,0,2.896684279,3.632346711
620,0,3.214607019,4.561551366
621,0,3.200613608,3.343141783
622,0,3.427611250,2.686570563
623,0,3.642031131,3.458072506
624,0,3.505396693,3.273536236
625,0,3.488980107,3.354705950
626,0,3.217746395,2.683958479
627,0,3.550904262,3.439974205
628,0,3.579202090,4.265236228
629,0,3.430656098,4.989612054
630,0,2.631875208,3.943459562
631,0,3.359360244,4.989485617
632,0,3.197461353,2.816047479
633,0,3.577652966,3.749931574
634,0,2.880722113,3.578764078
635,0,1.285978477,0.978438851
636,0,2.385309178,1.669108675
637,0,2.348554418,1.065342275
638,0,2.814052436,1.573008397
639,0,2.370263061,1.120783105
640,0,2.583499512,1.540645359
641,0,2.398664775,2.313006613
642,0,2.336440100,3.449644081
643,0,2.746625296,4.860359925
644,0,3.484000266,4.241001377
645,0,3.879412557,5.371752792
646,0,3.980756522,5.355337545
647,0,3.891150958,6.001146609
648,0,3.884240897,7.474677492
649,0,3.756448145,6.524059549
650,0,3.214438671,6.316985092
651,0,3.107657407,5.673042291
652,0,2.522290405,4.898178068
653,0,3.372516426,6.305724508
654,0,2.948164300,2.797772898
655,0,2.848995585,2.622123289
656,0,3.189458136,3.961230757
657,0,3.136794570,2.287596667
658,0,3.485190807,2.679381145
659,0,3.134838148,3.066252027
660,0,2.954754987,3.770237696
661,0,3.287388015,2.997714761
662,0,3.603737589,3.084048711
663,0,3.262119844,2.504528587
664,0,3.454803417,3.569524612
665,0,3.746004688,3.044623112
666,0,2.925576049,1.876881019
667,0,3.344021825,2.381592992
668,0,3.208032662,2.553313611
669,0,3.145360004,2.262694291
670,0,1.697367665,1.541532386
671,0,2.213435164,1.383130580
672,0,2.333039603,2.125865972
673,0,2.085439041,1.522022980
674,0,2.517179575,1.594169790
675,0,2.351734887,1.623660579
676,0,0.952974304,0.746070882
677,0,1.902620602,1.830713921
678,0,2.291500915,2.858928268
679,0,2.523591749,3.846461463
680,0,2.341243929,4.631281007
681,0,2.515162442,3.776295628
682,0,3.047556529,2.895792909
683,0,3.186014910,2.553237466
684,0,3.351909303,2.552075897
685,0,2.748858583,2.613255180
686,0,2.627742700,2.356039211
687,0,2.408738549,2.170929620
688,0,3.261624958,2.417181779
689,0,2.672230365,2.830482623
690,0,3.681905244,3.457551257
691,0,3.420886223,3.043393480
692,0,3.292782445,3.322788158
693,0,3.320557800,3.167632510
694,0,2.567541959,2.744567642
695,0,3.545600705,2.941429518
696,0,3.050896259,2.509630466
697,0,2.547471024,2.410329961
698,0,2.513734630,1.945158301
699,0,2.934906874,2.630847061
700,0,2.538323809,3.100393708
701,0,2.763534953,4.123450201
702,0,2.441098342,3.414874415
703,0,3.130392798,3.017870203
704,0,3.624689223,2.882217556
705,0,3.250928750,2.966044490
706,0,3.204659913,2.718488671
707,0,3.071738908,2.897570915
708,0,3.144444856,3.586241060
709,0,2.914606456,3.179045660
710,0,3.416771328,3.820074587
711,0,3.128867348,3.423867342
712,0,3.418218764,2.767789017
713,0,1.580627972,2.053850645
714,0,1.956118229,1.785532171
715,0,2.219409461,1.895646653
716,0,2.697488412,2.393910944
717,0,2.451274894,2.612959333
718,0,3.164475118,3.273587965
719,0,2.398406665,3.860560461
720,0,2.507324956,4.832543575
721,0,3.403679111,4.227528726
722,0,2.896754997,2.217867917
723,0,3.050556190,2.838279592
724,0,2.987145201,2.148237399
725,0,2.949222178,2.611103987
726,0,3.132521459,2.179011073
727,0,1.671865785,1.510510903
728,0,1.935718627,1.426885877
729,0,1.794225628,1.497154023
730,0,2.383486028,1.560358548
731,0,2.667844545,2.497149937
732,0,2.152319860,1.752139686
733,0,2.854395306,2.387883772
734,0,2.975213560,2.923251770
735,0,3.341854569,2.605741300
736,0,3.019169056,1.928866884
737,0,2.474241115,1.416705899
738,0,1.960316635,1.341391258
739,0,2.783546122,2.610527812
740,0,2.925646052,3.623284523
741,0,3.245867457,2.983205040
742,0,2.987726428,2.256168201
743,0,3.237570207,2.065052820
744,0,0.996023979,0.925791712
745,0,2.228761414,2.040045166
746,0,2.727853685,1.503518040
747,0,2.507705437,1.246690897
748,0,2.457625727,2.399010804
749,0,1.625928256,1.250759598
750,0,2.266444830,1.078102995
751,0,2.366153947,1.702774834
752,0,1.798531193,1.063440936
753,0,2.330951479,2.427972434
754,0,2.811516958,2.484418816
755,0,3.032470179,3.235316747
756,0,3.045014418,4.072080480
757,0,3.209294969,5.167802862
758,0,3.236890219,6.304096140
759,0,2.377833675,4.589858369
760,0,3.006477679,5.451875553
761,0,3.677944749,6.352994616
762,0,3.541855881,5.684855011
763,0,3.408771152,5.628684746
764,0,3.486260226,5.702123953
765,0,4.162206085,5.500987865
766,0,4.234536233,6.317614166
767,0,3.451152296,3.915511370
768,0,3.691012845,3.745451895
769,0,2.648837434,1.638481257
770,0,2.777843293,1.603679224
771,0,2.675743023,1.963532600
772,0,1.985652908,1.716623805
773,0,2.410914872,2.048509152
774,0,1.427816021,1.226093471
775,0,2.791295684,2.250715502
776,0,2.985814323,2.209787086
777,0,3.387173321,2.875103044
778,0,3.144646851,3.010906485
779,0,3.314598332,2.847268857
780,0,3.443959972,3.247520704
781,0,3.702554716,2.819898805
782,0,3.615855439,3.390329175
783,0,3.788308540,2.934177690
784,0,3.148100285,2.662651041
785,0,3.197892376,2.360135735
786,0,3.507246107,2.521125393
787,0,3.092259148,2.461331205
788,0,2.953247744,2.130093428
789,0,2.907488449,3.144220678
790,0,2.671347054,2.183332133
791,0,2.779129173,2.041368266
792,0,2.414333806,1.420349396
793,0,2.903052033,2.148382424
794,0,2.715348951,1.792610064
795,0,2.807504231,1.840726207
796,0,2.915885065,2.526282683
797,0,2.755455528,1.608326657
798,0,2.990036781,1.794956760
799,0,3.066322830,2.339624045
800,0,2.753468784,3.359870887
801,0,2.388705574,2.671789291
802,0,2.347581435,2.508802871
803,0,2.316134306,1.482191389
804,0,2.894527707,1.833019524
805,0,2.854897198,2.120740870
806,0,3.109538866,2.473994759
807,0,2.945637026,2.547062154
808,0,2.968171976,2.996631868
809,0,2.950962825,4.148117443
810,0,3.317256801,4.915420794
811,0,2.981104392,3.674836963
812,0,2.981771655,4.309516071
813,0,2.885919551,4.648442473
814,0,3.198495078,3.713461186
815,0,2.663407965,3.688189886
816,0,2.599661226,3.216613283
817,0,3.437625399,3.875473649
818,0,3.131740582,3.078148618
819,0,3.536140817,2.959035242
820,0,3.071009570,2.476248936
821,0,2.955260325,2.523099921
822,0,2.622364346,2.204079887
823,0,2.810869878,2.341492516
824,0,2.737285619,2.066181323
825,0,2.488606633,2.227693102
826,0,2.941585580,2.119665670
827,0,3.215916552,2.474047935
828,0,3.561320227,2.593625903
829,0,3.413630096,2.699196866
830,0,3.361968412,2.910159227
831,0,3.842908831,3.527234858
832,0,3.299599730,4.057951428
833,0,3.036902194,2.889273712
834,0,3.514246699,2.861114480
835,0,2.874250904,1.971309701
836,0,2.288576580,1.817379246
837,0,2.192670944,1.390041570
838,0,2.611188834,1.802480961
839,0,2.641666090,1.927678412
840,0,2.480228928,1.487608003
841,0,2.116419319,1.376267222
842,0,2.461537473,1.582951648
843,0,2.069809506,1.775028382
844,0,2.554644319,1.637987417
845,0,2.798061252,1.991623709
846,0,2.615807329,2.522548027
847,0,2.805791350,1.812047366
848,0,2.987114783,2.295340576
849,0,3.030628878,3.001531579
850,0,2.453247471,2.757760395
851,0,2.953924473,2.904407754
852,0,3.056927922,3.334100068
853,0,2.957449496,2.945677062
854,0,2.758716807,1.675398040
855,0,1.473037983,0.943207473
856,0,2.240819837,1.374317439
857,0,1.905996581,1.721830266
858,0,2.394589232,1.825089969
859,0,2.406251185,2.849332134
860,0,2.691935702,2.371010371
861,0,2.802630524,2.985874111
862,0,3.062061179,2.463516172
863,0,2.948111531,2.041162491
864,0,2.723037622,1.725985526
865,0,3.039528972,2.095502068
866,0,2.807560909,1.874280950
867,0,2.746764522,1.847987749
868,0,3.292370522,2.636717164
869,0,3.161803092,3.186228362
870,0,3.461362706,3.970168039
871,0,3.178518943,3.140983101
872,0,3.250496392,4.062057686
873,0,3.066838576,3.281657547
874,0,3.364117205,4.267028359
875,0,3.091640095,3.475014436
876,0,3.432714908,3.016556191
877,0,3.348128333,2.653578406
878,0,2.145132226,1.678120947
879,0,3.042883130,2.273356695
880,0,3.173292885,2.112496866
881,0,3.071966417,2.412643458
882,0,3.370862220,3.099256258
883,0,3.119523130,3.547350982
884,0,2.996190557,2.582306527
885,0,3.180138553,2.322658804
886,0,2.944496874,2.318730538
887,0,3.048368221,2.289474625
888,0,3.082026042,2.653950130
889,0,3.188534432,3.294974716
890,0,3.493457038,2.946934039
891,0,3.249283556,3.516506364
892,0,3.044910014,2.593873293
893,0,3.307598575,3.074752773
894,0,3.230057268,3.595133295
895,0,3.042267701,2.557488896
896,0,2.892759218,3.058532387
897,0,3.088582855,2.782289823
898,0,2.933361233,3.535401565
899,0,2.987502255,2.790197659
900,0,2.994304004,3.928908874
901,0,3.010637274,4.286571260
902,0,3.040467915,4.785507698
903,0,3.167755999,4.116180813
904,0,3.074418768,4.937006513
905,0,3.624304648,5.649190406
906,0,2.907237801,8.321485357
907,0,2.442618538,8.246384097
908,0,2.704258167,7.496368613
909,0,2.165579638,7.386357689
910,0,-0.000000000,0.000000000
911,0,-0.000000000,0.000000000
912,0,-0.000000000,0.000000000
913,0,-0.000000000,0.000000000
914,0,1.584962501,1.333333333
915,0,1.000000000,2.000000000
916,0,2.500000000,3.250000000
917,0,1.492614068,1.000000000
918,0,2.303697147,1.732484076
919,0,0.930586129,0.692307692
920,0,1.709909621,1.826347305
921,0,1.309291064,0.858740373
922,0,2.003676370,1.129778653
923,0,2.467903836,1.730499123
924,0,2.387385479,2.240699316
925,0,2.158174701,2.134471341
926,0,2.512018707,2.342714657
927,0,1.831789274,1.375968654
928,0,2.089652350,2.098863807
929,0,2.506164121,3.027236269
930,0,2.261754820,3.657459020
931,0,2.157842591,2.395082733
932,0,2.624966010,3.048700605
933,0,3.034986748,2.524256362
934,0,3.148179606,2.229091402
935,0,3.031413247,2.597644732
936,0,3.351094876,2.338902972
937,0,2.717603415,1.577637978
938,0,2.432652797,1.229815143
939,0,2.904940833,2.202869951
940,0,3.058904857,1.812826037
941,0,2.467700193,1.323559071
942,0,3.172325794,1.943926469
943,0,3.011058271,2.700145214
944,0,3.277678220,2.121705705
945,0,3.526763831,3.076689278
946,0,3.822548924,2.802396318
947,0,2.681343422,2.542890080
948,0,2.389046367,2.774866893
949,0,2.914679623,2.377848945
950,0,2.922674434,2.327333597
951,0,1.617312011,2.282391349
952,0,2.450593965,1.856054397
953,0,1.444713926,1.865608454
954,0,2.437001577,2.739161120
955,0,3.239341803,3.566625261
956,0,3.208098804,2.334616874
957,0,3.573082264,2.375588137
958,0,3.593303397,2.844364431
959,0,3.473461900,2.829410918
960,0,3.158169655,1.956271314
961,0,3.053001129,2.525486302
962,0,3.017910782,2.781218646
963,0,3.039197757,2.786702089
964,0,2.003531243,2.285420451
965,0,1.739065584,5.421238614
966,0,2.542845387,7.002784379
967,0,3.157308298,7.323145819
968,0,3.445756245,5.910129295
969,0,3.184753025,5.330245060
970,0,3.669741011,4.836461272
971,0,3.792919951,4.201691779
972,0,3.845843280,5.114239216
973,0,3.822230111,6.952682703
974,0,4.052855917,8.239064905
975,0,4.046953632,9.396289673
976,0,3.820367513,6.840680152
977,0,3.669546297,6.076653998
978,0,4.110032026,7.532347895
979,0,3.718485951,7.809366421
980,0,3.873851719,8.261690135
981,0,3.999374323,8.295367977
982,0,4.341876967,8.135322860
983,0,4.307564556,6.545283674
984,0,3.598437757,7.989274414
985,0,4.289257108,8.824938297
986,0,3.969374458,5.712942938
987,0,3.640199098,4.055336196
988,0,3.625710783,3.828090005
989,0,3.723642944,3.113346448
990,0,3.741529350,3.324287481
991,0,4.119175250,3.605526911
992,0,3.163148569,2.540243183
993,0,3.655006880,2.562608388
994,0,3.758957681,2.688940995
995,0,3.717095874,4.213943734
996,0,3.014566037,2.697222276
997,0,2.958517426,2.636200282
998,0,3.221082034,3.375424216
999,0,2.232949543,2.970972935
1000,0,2.686498168,3.657970831
1001,0,2.690712940,2.534656119
1002,0,2.756553639,2.104071962
1003,0,3.164710088,2.812089888
1004,0,3.070954736,2.977226949
1005,0,2.574579523,1.772106759
1006,0,2.653848402,1.656825060
1007,0,2.261003322,2.127102347
1008,0,2.465314796,1.705172741
1009,0,2.475796536,1.686947553
1010,0,2.231153290,1.672096454
1011,0,2.445008786,1.848472894
1012,0,2.806104672,2.599619071
1013,0,2.891541497,3.808554009
1014,0,2.859278029,3.614320339
1015,0,2.665765505,2.562847807
1016,0,2.672638497,3.453351303
1017,0,1.937509926,2.426990209
1018,0,3.127413724,3.369597801
1019,0,3.115619437,4.577983444
1020,0,3.173124215,3.729767349
1021,0,3.252593142,3.099025254
1022,0,3.036240621,3.125142580
1023,0,3.016558108,3.443272508
1024,0,2.816748519,2.575430026
1025,0,3.250183952,3.740043146
1026,0,3.253806217,2.994929572
1027,0,3.051902292,2.424111289
1028,0,3.383361236,2.452072509
1029,0,3.375062528,2.655973072
1030,0,3.100377671,2.347069234
1031,0,3.150510288,2.546982356
1032,0,3.065969197,2.273955395
1033,0,3.347001028,2.512680707
1034,0,2.985806784,1.856827000
1035,0,2.825228592,2.398647343
1036,0,2.944350496,2.236272977
1037,0,2.846507147,1.891803384
1038,0,3.422903162,2.390204271
1039,0,3.067884894,1.973940225
1040,0,3.402151735,1.991178462
1041,0,3.482754647,2.285024537
1042,0,3.488476078,2.132873658
1043,0,3.392449441,2.468523177
1044,0,3.190593006,3.013597831
1045,0,2.985306168,3.980213758
1046,0,3.028384360,5.076472029
1047,0,2.916731083,5.802927179
1048,0,2.970255710,5.894972602
1049,0,3.176265606,4.953665306
1050,0,2.227811984,5.388530108
1051,0,3.243960896,4.522762023
1052,0,1.661027071,2.713369809
1053,0,2.693347355,2.190987939
1054,0,2.430691473,2.218736038
1055,0,2.531041983,2.747308645
1056,0,3.495065177,2.677353151
1057,0,3.585898704,2.673003481
1058,0,3.483096256,2.749391251
1059,0,3.139364108,2.306309656
1060,0,3.503995623,3.048132391
1061,0,3.425117161,3.705956604
1062,0,2.820697692,2.776950871
1063,0,3.110224103,2.535861090
1064,0,3.127239660,3.121617018
1065,0,3.154153570,3.683221202
1066,0,3.232631951,4.673655040
1067,0,3.495999543,3.601610570
1068,0,3.217410674,2.877084590
1069,0,3.326770123,2.775141359
1070,0,3.267807553,2.961279723
1071,0,3.215572025,2.595386313
1072,0,3.357173984,2.855923822
1073,0,3.583247585,3.357758900
1074,0,3.267930116,3.596617211
1075,0,3.098262381,4.464534329
1076,0,3.037763454,5.731101200
1077,0,2.841787955,4.843866676
1078,0,3.762096301,4.266715546
1079,0,3.582315766,4.965054478
1080,0,3.859086946,5.756019933
1081,0,3.164404771,7.820653601
1082,0,3.635579288,6.500642820
1083,0,3.298241348,7.168280208
1084,0,3.378761627,4.628770567
1085,0,3.466728740,5.346880704
1086,0,3.463168440,6.611500512
1087,0,3.523419446,7.185860762
1088,0,2.835584747,5.642090102
1089,0,3.243188868,6.171121741
1090,0,3.229192581,6.990299926
1091,0,3.265152355,6.042335931
1092,0,3.243430859,6.864842365
1093,0,3.481134799,7.879243570
1094,0,3.507360506,9.046868416
1095,0,2.815246773,10.091876569
1096,0,3.968598575,9.146515062
1097,0,3.942569773,10.117344145
1098,0,3.886708770,9.743612877
1099,0,2.779900099,7.602507276
1100,0,3.113670980,7.053332138
1101,0,3.729452387,6.576952863
1102,0,3.784175077,7.205934248
1103,0,3.622540443,8.417318742
1104,0,4.127812967,7.433820122
1105,0,3.968039862,6.622948030
1106,0,3.880132788,7.409109926
1107,0,3.768481166,8.463024364
1108,0,3.817286389,7.351481122
1109,0,3.787969566,8.472160223
1110,0,3.869406513,9.232726594
1111,0,3.420524916,7.900067728
1112,0,3.864507028,7.318723568
1113,0,4.203789575,8.257649368
1114,0,4.048119716,9.350430064
1115,0,4.183260069,8.426038640
1116,0,4.117851879,8.661950934
1117,0,2.953294169,7.956967717
1118,0,3.641625063,6.778325504
1119,0,3.779338021,5.891518557
1120,0,3.923669472,7.056437131
1121,0,4.193459619,7.895216092
1122,0,4.190121249,9.308960614
1123,0,4.229262179,9.030049731
1124,0,3.911590270,12.686429261
1125,0,3.446738892,12.167879053
1126,0,2.922909502,10.207612332
1127,0,2.899129691,9.248939160
1128,0,3.230768166,10.538042525
1129,0,3.184317553,9.985071282
1130,0,3.326428085,8.922750733
1131,0,4.197147396,9.585471246
1132,0,4.386228417,7.899137081
1133,0,4.401175313,6.878852551
1134,0,3.543821309,5.021796678
1135,0,4.175575584,4.944714271
1136,0,3.862470471,6.230279454
1137,0,3.724283858,5.878074766
1138,0,1.481464184,2.105201964
1139,0,2.830807596,2.071356610
1140,0,2.644621239,2.227097181
1141,0,2.341745295,1.973498912
1142,0,1.705139866,1.789710997
1143,0,2.181821223,2.022429468
1144,0,2.294307878,2.224901987
1145,0,1.958542192,1.390385094
1146,0,2.979292880,2.072082453
1147,0,2.598325323,1.610964937
1148,0,3.101222126,2.523598315
1149,0,3.490484803,3.492365120
1150,0,3.553536086,3.641538883
1151,0,3.577975728,4.624296994
1152,0,3.714301378,3.737031743
1153,0,3.994489282,5.085073046
1154,0,3.866456553,6.243428036
1155,0,3.716814210,6.662311225
1156,0,2.488895753,4.430037102
1157,0,3.125727039,3.258602469
1158,0,2.779134980,1.637134532
1159,0,3.269008788,2.471860807
1160,0,3.569779455,3.265818461
1161,0,3.264357689,3.471862445
1162,0,2.969695572,2.571252634
1163,0,2.705046659,1.894911205
1164,0,2.848767766,1.726868159
1165,0,2.789108081,1.789940623
1166,0,3.241477211,2.580140703
1167,0,2.615209467,2.415120196
1168,0,3.138504423,2.391505916
1169,0,3.153912098,2.779309603
1170,0,2.832749356,1.551547280
1171,0,2.370736059,1.269641691
1172,0,2.537813703,1.889037222
1173,0,2.359260322,1.383246826
1174,0,2.571992223,1.663292020
1175,0,2.212212592,2.324801570
1176,0,2.938812021,2.107207934
1177,0,2.117208311,1.786696816
1178,0,1.807727055,1.608041452
1179,0,2.650063581,1.878937791
1180,0,2.322576591,2.031234965
1181,0,2.978782002,2.937936840
1182,0,2.623871088,2.177295635
1183,0,2.563847210,2.677896193
1184,0,2.739321145,3.374638595
1185,0,2.590312419,2.478805246
1186,0,2.423322215,2.127762527
1187,0,2.555664622,1.655279792
1188,0,2.480585314,2.100327145
1189,0,2.618783545,2.868414471
1190,0,2.537515107,2.368189383
1191,0,2.719788365,2.023338916
1192,0,3.011765079,2.729320287
1193,0,3.166278093,2.727635634
1194,0,2.996698025,2.460917964
1195,0,2.399128884,2.507214284
1196,0,2.189564392,2.494782600
1197,0,2.938990458,2.638153320
1198,0,3.250224899,2.968352516
1199,0,3.316914471,3.262609800
1200,0,2.431583233,3.414144908
1201,0,2.662153178,4.237349151
1202,0,3.348882920,5.134598368
1203,0,3.790536573,4.503537259
1204,0,3.484787528,3.760571421
1205,0,3.105799997,3.005713048
1206,0,2.968365767,3.277707235
1207,0,2.828741992,2.630605167
1208,0,2.863905568,3.312895823
1209,0,3.226919428,2.932190889
1210,0,2.914787803,2.341489431
1211,0,2.332230078,2.043965082
1212,0,3.001098771,2.503751859
1213,0,3.161135525,2.366846752
1214,0,1.912644396,2.233921069
1215,0,2.900591091,2.208660977
1216,0,2.491020795,1.720787760
1217,0,2.871128847,2.003395803
1218,0,2.520720416,1.966314078
1219,0,2.384520393,2.334570975
1220,0,2.412457498,3.188348780
1221,0,2.701712104,2.593358539
1222,0,2.558326274,1.851709956
1223,0,2.813743467,2.410989976
1224,0,2.985214854,2.525336637
1225,0,2.897860270,2.846646844
1226,0,2.434064896,2.930473792
1227,0,2.733988419,3.916670514
1228,0,2.818494437,3.417759178
1229,0,3.321927931,3.145019545
1230,0,2.840976961,2.258474390
1231,0,2.507836809,2.150101393
1232,0,2.054114647,1.306862216
1233,0,1.950705264,1.417803330
1234,0,1.582544356,1.126567067
1235,0,1.931291937,1.327641214
1236,0,2.416805714,1.657552328
1237,0,1.900979324,1.993044409
1238,0,2.475107756,1.692941858
1239,0,1.515431811,1.998582976
1240,0,1.893762691,1.618856290
1241,0,2.893458896,1.862267120
1242,0,0.999998985,1.001185946
1243,0,1.499999493,2.001185946
1244,0,1.863120163,1.572106255
1245,0,2.139968463,2.348960470
1246,0,2.858621402,2.230093415
1247,0,3.040145253,2.067484538
1248,0,2.758813387,2.053298975
1249,0,2.742648674,2.592579381
1250,0,2.979663943,2.037128680
1251,0,3.203113428,2.292606830
1252,0,2.190264394,2.344871532
1253,0,2.984237581,2.638672691
1254,0,2.512086420,1.985507045
1255,0,2.771281495,1.844620210
1256,0,3.022349778,2.431264031
1257,0,3.097792032,3.123611220
1258,0,3.185085658,3.144892720
1259,0,0.830564985,0.480972768
1260,0,1.510060778,0.721333413
1261,0,1.626454403,2.032368673
1262,0,1.910236899,1.321371524
1263,0,2.085633822,1.781677299
1264,0,1.744618458,1.573225030
1265,0,2.472688660,1.616804835
1266,0,2.506941211,1.493887865
1267,0,2.310649351,1.478673653
1268,0,1.752356475,1.698251651
1269,0,2.440433210,1.476556248
1270,0,2.089471278,1.326153781
1271,0,2.195687724,1.471254390
1272,0,2.325560123,1.617605724
1273,0,2.349537875,1.538210781
1274,0,2.252406761,1.437244257
1275,0,2.819671182,2.243990294
1276,0,2.107662829,1.618001290
1277,0,2.825898350,2.016841145
1278,0,2.545201603,2.439568436
1279,0,2.655864081,2.416735468
1280,0,2.934351701,3.050331087
1281,0,2.855044504,2.383441315
1282,0,3.237480147,3.158847294
1283,0,3.385359227,3.856261877
1284,0,3.421664490,3.776207332
1285,0,2.498470470,3.012603679
1286,0,2.947302753,3.711481595
1287,0,3.429897139,4.374814028
1288,0,3.387993905,5.284062907
1289,0,2.984498846,6.106191041
1290,0,3.648851426,5.290530438
1291,0,3.383779743,5.941145251
1292,0,3.924704164,6.775565492
1293,0,3.622566653,7.717028172
1294,0,3.685336721,6.659443642
1295,0,2.788576771,7.914194290
1296,0,3.512482848,9.109763350
1297,0,3.532673068,8.389773501
1298,0,3.760015060,9.714524606
1299,0,4.066375894,10.512724621
1300,0,3.844625422,9.298475816
1301,0,3.738145341,7.848249823
1302,0,3.085828485,7.679962778
1303,0,3.923013722,7.294238534
1304,0,3.945096729,6.779012060
1305,0,2.935742055,6.164612948
1306,0,3.010507010,3.363960303
1307,0,2.709226798,1.719692214
1308,0,2.957294628,2.201596098
1309,0,3.073450190,1.979583895
1310,0,3.142392804,2.112546539
1311,0,2.904158332,2.137083861
1312,0,3.237516357,3.023208245
1313,0,2.789627740,2.706029396
1314,0,2.021846210,1.922852882
1315,0,2.657932869,1.747344467
1316,0,2.805284497,1.947553843
1317,0,3.302726144,2.521961369
1318,0,3.223780281,3.217448979
1319,0,3.173957082,2.561258073
1320,0,3.106410809,2.927118726
1321,0,3.071913411,3.304470278
1322,0,3.071841428,3.980517598
1323,0,3.564430119,3.509777678
1324,0,3.504240901,4.134951378
1325,0,3.385263515,4.613918457
1326,0,3.354088782,5.247224015
1327,0,3.012700189,4.428169418
1328,0,1.364087932,2.875343798
1329,0,1.537095618,4.255956452
1330,0,2.606485793,5.165952465
1331,0,2.243412400,6.374666386
1332,0,3.196588247,5.509334103
1333,0,2.881537543,4.650165821
1334,0,2.406628609,3.740249560
1335,0,1.764172659,2.055316709
1336,0,2.227928392,2.495888429
1337,0,1.950416224,4.046136426
1338,0,2.213312772,2.851674391
1339,0,1.761300508,2.619044287
1340,0,1.841123889,1.668361664
1341,0,1.799128793,1.715988942
1342,0,1.972832519,1.625068534
1343,0,-0.000000000,0.000000000
1344,0,1.314320487,1.076923077
1345,0,1.478153487,1.674418605
1346,0,2.088695043,1.533049041
1347,0,1.867417044,1.418150488
1348,0,2.231348270,1.573962324
1349,0,1.955918426,1.471082604
1350,0,1.568680544,0.800765131
1351,0,0.353572712,0.112910371
1352,0,1.441146210,1.114947664
1353,0,1.509496491,0.952315198
1354,0,1.831698189,1.384675333
1355,0,1.794257004,1.782834084
1356,0,1.845118722,1.562392780
1357,0,1.819465268,1.302171646
1358,0,-0.000000000,0.000000000
1359,0,-0.000000000,0.000000000
1360,0,1.314320487,1.076923077
1361,0,0.668564443,0.250000000
1362,0,1.602091160,1.220588235
1363,0,0.814581917,2.001160093
1364,0,1.726202559,2.058467742
1365,0,2.681309404,2.275954874
1366,0,2.583591661,2.543835628
1367,0,2.806813673,3.035534260
1368,0,2.524129411,2.577193108
1369,0,3.191141043,2.743355457
1370,0,3.230135227,2.947084567
1371,0,3.248681631,3.123184024
1372,0,2.949710273,2.724400627
1373,0,2.784642437,2.322456870
1374,0,2.824662760,2.676159152
1375,0,3.108490768,2.742509193
1376,0,2.685758940,3.239771430
1377,0,2.625725056,4.202912184
1378,0,3.198731893,3.500251914
1379,0,3.392906300,3.004689184
1380,0,2.241113932,2.497377925
1381,0,2.904327370,2.403714334
1382,0,3.063926316,2.732641336
1383,0,2.433074652,3.075655452
1384,0,2.774205284,2.345587661
1385,0,3.043724026,2.268777866
1386,0,3.249471659,2.717145840
1387,0,2.617057524,2.627440905
1388,0,3.320846822,3.636277894
1389,0,2.778829817,3.822501901
1390,0,2.672042138,5.479803285
1391,0,3.342745643,4.669260080
1392,0,3.082052028,4.053462621
1393,0,3.243145420,4.792020510
1394,0,2.927443218,3.697969443
1395,0,2.587688362,2.424757859
1396,0,2.714332221,3.183711665
1397,0,2.948194437,2.956847746
1398,0,3.301913843,2.556236297
1399,0,3.025202288,2.667215660
1400,0,2.674206397,2.762929832
1401,0,3.345056082,3.315563082
1402,0,3.710407633,3.230377749
1403,0,3.524125836,3.476185286
1404,0,3.008474439,3.076427593
1405,0,3.421454677,3.125212721
1406,0,3.117348171,3.215767127
1407,0,2.847711083,3.413946151
1408,0,3.133507835,4.328174437
1409,0,3.713824756,3.879994063
1410,0,3.136244981,2.958365991
1411,0,3.400232576,3.627205414
1412,0,3.403794729,3.210745712
1413,0,3.536802571,3.206360567
1414,0,3.187230568,2.867612634
1415,0,3.442815584,3.292748342
1416,0,3.482614410,3.832723275
1417,0,3.895817510,4.351013483
1418,0,3.801119959,3.885031642
1419,0,3.742638853,4.030065904
1420,0,3.695570263,4.170666235
1421,0,3.720573204,4.356998855
1422,0,3.759334612,4.753402912
1423,0,3.752078219,4.614837551
1424,0,4.137032723,4.964007636
1425,0,4.001787961,4.748416719
1426,0,2.944576826,4.519438274
1427,0,3.613805688,4.862682648
1428,0,4.069674888,5.276899174
1429,0,3.952779015,5.234602436
1430,0,4.032873381,5.208742161
1431,0,4.077835037,5.698634150
1432,0,4.021477580,4.672222923
1433,0,3.896657127,6.720068202
1434,0,3.081465649,4.587705482
1435,0,1.495435782,1.503450841
1436,0,1.000000000,1.000000000
1437,0,2.091672779,1.142857143
1438,0,2.452222309,1.622093023
1439,0,2.065080112,1.560000000
1440,0,3.122247666,2.213333333
1441,0,3.150847569,2.920663541
1442,0,2.953641905,3.556464129
1443,0,3.068827538,2.871445161
1444,0,3.424134047,3.698688947
1445,0,3.372807979,4.261809476
1446,0,3.253570106,4.728183184
1447,0,3.147227728,4.323118034
1448,0,3.510808478,5.339231801
1449,0,3.595042198,4.422588019
1450,0,2.375405122,3.449694475
1451,0,3.361868161,3.597083082
1452,0,3.442242360,4.173172292
1453,0,3.492332650,3.462998212
1454,0,3.447763086,4.311504833
1455,0,3.690930859,3.986415693
1456,0,2.021448165,4.807769071
1457,0,2.316124266,3.949440980
1458,0,2.444521890,3.617469985
1459,0,2.631395569,2.922909189
1460,0,3.335044920,3.568006710
1461,0,3.790267508,3.391317443
1462,0,3.424352537,2.645755375
1463,0,3.399641251,3.508252225
1464,0,2.258754656,1.829625828
1465,0,2.387319101,1.502975770
1466,0,2.595882047,1.880634860
1467,0,2.284844538,2.148891810
1468,0,1.160268778,1.127915043
1469,0,1.910665505,1.139204816
1470,0,1.824927248,1.238710071
1471,0,1.937267687,1.123784513
1472,0,2.474081478,1.775136979
1473,0,2.696025441,1.898167416
1474,0,2.364328627,2.147627678
1475,0,2.253575903,1.956574941
1476,0,1.989915730,1.880127510
1477,0,2.394501117,2.182821442
1478,0,2.011364344,2.998454983
1479,0,2.904726917,2.480341591
1480,0,3.076851017,2.340919268
1481,0,2.889631918,2.537693929
1482,0,2.261890445,2.998208628
1483,0,2.942448110,3.998351607
1484,0,3.124744908,4.997885704
1485,0,3.433764749,5.997838052
1486,0,3.298890777,6.931764703
1487,0,3.367656351,6.045743527
1488,0,3.721092617,6.869338772
1489,0,3.622629230,5.758739949
1490,0,3.556614873,6.876950172
1491,0,3.482426324,5.921505621
1492,0,2.752690696,4.900345069
1493,0,3.061587865,4.326354736
1494,0,3.724613308,5.140047157
1495,0,3.525461999,5.873305663
1496,0,3.700147297,6.866903965
1497,0,3.542243710,5.854952018
1498,0,3.698556888,5.133995805
1499,0,3.545039938,5.837554769
1500,0,3.301695850,4.919656308
1501,0,3.336139086,5.848241827
1502,0,3.746168531,5.126438801
1503,0,3.701414443,6.145833623
1504,0,3.575905806,5.306314577
1505,0,3.566980260,6.250717364
1506,0,3.775532721,5.145488833
1507,0,3.475260744,4.650770431
1508,0,2.856562653,3.525368727
1509,0,3.260573787,4.223237396
1510,0,2.756046434,3.925400020
1511,0,3.400071896,3.775836487
1512,0,3.014772989,4.306874616
1513,0,2.599821362,5.372706852
1514,0,3.096340203,6.576202596
1515,0,3.492690710,5.814590972
1516,0,3.598262271,5.281154809
1517,0,3.599163933,4.604048749
1518,0,3.855150824,4.368323611
1519,0,3.493564551,4.442015143
1520,0,2.544949024,3.348250350
1521,0,3.522118905,4.075457024
1522,0,3.560422231,3.593310344
1523,0,3.444833944,2.965019682
1524,0,3.714950420,3.174382618
1525,0,3.744606917,3.712236295
1526,0,3.419526884,3.380934892
1527,0,3.103080327,2.765973917
1528,0,3.054825452,2.216873528
1529,0,3.021309313,2.149242399
1530,0,3.014338782,2.197513723
1531,0,3.384775338,2.675576223
1532,0,3.286703287,2.399073480
1533,0,2.797105050,2.795173719
1534,0,2.269155728,1.909031389
1535,0,2.812709184,2.924397468
1536,0,3.037950939,3.278847597
1537,0,2.842699481,3.811933385
1538,0,2.972640441,4.703710538
1539,0,2.489385745,5.144114053
1540,0,3.087877925,4.613210183
1541,0,3.323485563,5.012555234
1542,0,3.202691290,4.577034507
1543,0,2.730718676,3.276934433
1544,0,2.883920629,2.813610864
1545,0,2.377652423,2.680842520
1546,0,2.887940773,3.757265429
1547,0,3.215554488,3.125700930
1548,0,3.015694949,2.405150047
1549,0,2.688019406,1.895679733
1550,0,2.853649188,2.300628627
1551,0,1.782986769,1.849948033
1552,0,2.394337314,2.477015716
1553,0,2.453880324,3.451136783
1554,0,2.954035743,3.383240585
1555,0,3.225173977,4.374960611
1556,0,3.453905332,5.478709351
1557,0,3.177338648,6.026854917
1558,0,2.811375353,5.195678235
1559,0,3.348846365,6.123321494
1560,0,3.426906380,7.112378379
1561,0,3.843108564,6.253727887
1562,0,3.786284918,7.082894257
1563,0,3.500910426,6.245344498
1564,0,3.701613300,6.032917240
1565,0,3.593668537,6.673064751
1566,0,3.763547784,8.061590233
1567,0,3.183392452,5.551802584
1568,0,3.879548143,6.384803136
1569,0,3.656146921,5.376984891
1570,0,3.808447162,4.684065127
1571,0,2.711161185,4.018356726
1572,0,3.187144131,4.376751992
1573,0,2.768959374,3.946393252
1574,0,2.441176994,3.312667840
1575,0,3.729727637,3.836432290
1576,0,3.618275225,4.147885408
1577,0,3.665783837,3.574223818
1578,0,3.328477456,3.616469796
1579,0,3.668443124,4.098499980
1580,0,3.759886368,4.884271368
1581,0,3.820773357,5.733296161
1582,0,4.044209594,8.188043579
1583,0,3.430762825,5.635717006
1584,0,3.181333514,4.445762391
1585,0,2.393561650,5.464145018
1586,0,2.857837699,4.879071530
1587,0,3.784463466,5.770402162
1588,0,2.366164096,4.880031243
1589,0,2.309799401,3.950269263
1590,0,2.466178794,4.605221794
1591,0,2.426635626,3.458460770
1592,0,2.209160950,4.103397165
1593,0,2.369295238,5.193086967
1594,0,3.092795820,6.275762029
1595,0,2.843283009,6.265234173
1596,0,2.941057158,7.612917816
1597,0,3.265170391,6.919244266
1598,0,3.351864683,6.429126888
1599,0,3.464150913,5.788408037
1600,0,3.133757856,5.348402422
1601,0,3.213660450,5.738975741
1602,0,2.487584289,4.527347420
1603,0,3.023321953,4.336624383
1604,0,3.071816868,3.826417328
1605,0,3.633904789,3.582932282
1606,0,3.611806651,3.469285060
1607,0,3.172594441,2.867464051
1608,0,3.276139547,2.995608459
1609,0,2.793578780,1.726508334
1610,0,1.611809623,1.290829428
1611,0,2.335479690,2.095703370
1612,0,2.884118366,2.137574510
1613,0,4.061827098,3.759750744
1614,0,0.947854376,0.732766133
1615,0,0.838784151,0.536281626
1616,0,1.576065225,1.436552200
1617,0,2.221359662,1.998160598
1618,0,3.348548952,2.227539360
1619,0,2.711538545,1.646234556
1620,0,3.032380638,2.324787118
1621,0,1.835546720,1.705144907
1622,0,1.637929321,0.919107992
1623,0,2.818966365,1.980463808
1624,0,2.520719741,1.731952283
1625,0,2.904159255,2.210580218
1626,0,1.204859351,0.730908044
1627,0,2.629569936,2.083231859
1628,0,1.783089418,1.627136617
1629,0,1.573376417,0.834834780
1630,0,2.635748179,1.810571950
1631,0,1.880078357,1.642523152
1632,0,2.261026228,1.082275788
1633,0,1.682120919,1.064083720
1634,0,2.073984349,1.307971387
1635,0,2.889569400,1.702261336
1636,0,2.727167324,2.275739257
1637,0,2.891118189,3.281233245
1638,0,2.182869270,3.807511048
1639,0,2.858458155,4.387423554
1640,0,1.895761672,4.594458408
1641,0,2.520115585,5.398431125
1642,0,2.520784150,4.186062219
1643,0,2.463420083,3.766085277
1644,0,2.639575730,3.663426004
1645,0,3.049041233,3.279949276
1646,0,3.511166069,4.225737853
1647,0,3.027034510,4.805727433
1648,0,3.097865491,4.356721956
1649,0,3.611083292,5.323551928
1650,0,3.132989262,4.982983090
1651,0,3.269507035,5.834591675
1652,0,2.618519469,5.257146970
1653,0,3.107470875,6.174664200
1654,0,2.125109450,7.076524905
1655,0,2.897403009,8.228935205
1656,0,3.124456124,9.308136962
1657,0,2.896369400,8.282161224
1658,0,3.393028003,9.300123583
1659,0,3.147081187,10.298286907
1660,0,2.946228671,9.282066393
1661,0,2.864588535,7.956566985
1662,0,2.783226560,9.077416056
1663,0,2.925351908,8.438363088
1664,0,3.292877551,7.663037733
1665,0,3.075554499,8.594117181
1666,0,2.878399649,9.440702405
1667,0,2.796313373,9.947332936
1668,0,2.980732896,10.745938399
1669,0,2.795306747,8.767227464
1670,0,1.062601259,6.811817196
1671,0,2.529339599,7.535993923
1672,0,2.624226692,7.023387005
1673,0,2.401755231,8.200524225
1674,0,2.285863975,9.580752060
1675,0,3.102825575,10.709416343
1676,0,3.211825641,11.720116415
1677,0,3.572062916,12.668324528
1678,0,3.574397373,11.901802768
1679,0,3.404705993,12.980990324
1680,0,2.948680267,11.685718004
1681,0,3.286220200,10.908199329
1682,0,3.036830599,11.619710807
1683,0,3.624927599,10.699482009
1684,0,3.399088938,10.874433136
1685,0,3.656889993,8.290935157
1686,0,3.366655585,7.697172046
1687,0,3.422121684,5.960890348
1688,0,3.473702572,6.884439977
1689,0,3.284334394,4.249818620
1690,0,3.365730249,3.919192288
1691,0,2.980253963,4.696890906
1692,0,3.529029851,3.846140275
1693,0,3.951858646,3.443074438
1694,0,3.948743508,3.664090224
1695,0,3.677221536,3.342672509
1696,0,3.320957638,2.333226916
1697,0,2.984003987,2.038084298
1698,0,3.142167686,2.159672738
1699,0,3.136608948,2.159382508
1700,0,3.473474854,2.082524861
1701,0,3.239133674,2.132689878
1702,0,3.012147567,2.558978513
1703,0,2.824751359,1.915653689
1704,0,3.062697725,1.921857755
1705,0,2.873983835,2.069823174
1706,0,2.394363093,2.239049510
1707,0,3.104675067,3.003016310
1708,0,3.186147148,3.915813562
1709,0,3.013629858,4.649596998
1710,0,2.589504751,5.173826093
1711,0,2.840398133,5.788659891
1712,0,2.755054787,6.214025632
1713,0,2.999037587,5.076520498
1714,0,2.729513966,3.759371649
1715,0,2.828596306,4.951991132
1716,0,2.698728352,3.740290158
1717,0,3.225146905,4.574377728
1718,0,3.291964411,4.168798500
1719,0,3.277457372,3.846560826
1720,0,3.443178337,4.086110671
1721,0,3.488808014,4.977150951
1722,0,3.470029717,5.653007341
1723,0,3.576488205,6.631108165
1724,0,3.589750282,7.713308503
1725,0,3.666986868,8.516634127
1726,0,3.439890044,9.403456608
1727,0,3.325099373,8.134913667
1728,0,3.590782511,7.125831430
1729,0,3.324013354,7.911006700
1730,0,3.189379076,6.692054276
1731,0,2.245972445,5.223833227
1732,0,2.871151830,4.551184461
1733,0,3.065807546,5.667395364
1734,0,3.154783647,6.451908877
1735,0,3.430126341,5.524745855
1736,0,3.524258214,4.804319998
1737,0,3.320426981,5.595207588
1738,0,3.648545743,6.507664738
1739,0,3.623572225,7.644457486
1740,0,3.548862730,6.678983003
1741,0,3.320406616,6.048610620
1742,0,3.535066548,5.296809517
1743,0,2.806283723,6.705203744
1744,0,3.503506787,5.881470878
1745,0,3.552841028,4.998647577
1746,0,3.991286494,4.562360170
1747,0,3.755972280,4.690411257
1748,0,3.075461173,5.642406465
1749,0,3.538212385,6.802856780
1750,0,3.857917510,7.740863287
1751,0,3.619557652,7.453702123
1752,0,4.052320855,7.097632236
1753,0,3.796873425,5.968841606
1754,0,3.860332699,6.800230704
1755,0,3.567107537,7.050741860
1756,0,3.718217716,6.544962289
1757,0,3.612612917,7.396162640
1758,0,3.440907165,6.725101455
1759,0,3.605941042,7.218491264
1760,0,3.895809177,6.500559650
1761,0,3.644507708,6.366040945
1762,0,3.476637431,7.395476060
1763,0,2.759139390,6.988117487
1764,0,3.370456277,6.082483249
1765,0,3.552118980,5.361025381
1766,0,3.545918913,4.638691513
1767,0,3.744741267,4.181824956
1768,0,3.852188466,4.841900241
1769,0,3.792287505,4.319141777
1770,0,2.711465011,3.188133700
1771,0,3.172860235,3.234787506
1772,0,3.292074981,4.040725570
1773,0,3.311464420,3.245813214
1774,0,3.362655194,3.989883090
1775,0,3.388448657,4.343702921
1776,0,3.662606477,5.116048792
1777,0,3.630882856,5.348022414
1778,0,3.357240533,5.202732062
1779,0,3.076652307,3.363824923
1780,0,3.240010814,3.398175736
1781,0,2.680040247,3.076996551
1782,0,3.322527165,3.462547297
1783,0,3.354129577,2.905314493
1784,0,3.693143896,3.776814578
1785,0,3.234969789,2.924029057
1786,0,2.795850891,2.146424799
1787,0,2.872758579,2.739841529
1788,0,2.220401362,1.831944179
1789,0,2.722090404,1.969209644
1790,0,2.552864732,2.383685348
1791,0,3.104804936,2.784571858
1792,0,3.128958666,3.289104461
1793,0,3.189904199,3.105361694
1794,0,3.157085653,3.216643857
1795,0,3.670095050,3.973560119
1796,0,3.335659933,4.599151394
1797,0,3.655922176,5.320324364
1798,0,3.528419739,4.501638393
1799,0,3.552224123,4.138405654
1800,0,3.509443607,5.222192196
1801,0,3.565680545,6.189436310
1802,0,3.074382662,7.672013701
1803,0,3.470474327,5.839859161
1804,0,3.616089967,6.786941904
1805,0,3.028293481,5.650441736
1806,0,3.733152608,6.586467090
1807,0,3.623495586,6.923837420
1808,0,3.801068042,7.932365733
1809,0,3.891334146,7.021162701
1810,0,3.982105470,7.774203136
1811,0,3.866819293,8.904045372
1812,0,3.886616106,8.220893881
1813,0,3.720428283,6.616341721
1814,0,3.532980624,5.971637783
1815,0,3.429207309,5.140985965
1816,0,3.576214472,4.900031627
1817,0,3.525198457,4.227684762
1818,0,3.820987257,4.588556548
1819,0,3.937015869,5.766359844
1820,0,3.105285296,4.042940349
1821,0,3.126351687,3.369770265
1822,0,1.502667097,1.189541625
1823,0,2.477602903,1.954422986
1824,0,2.285701732,2.354655544
1825,0,2.254914845,2.764234149
1826,0,1.450196888,2.925521474
1827,0,2.504945906,3.771941963
1828,0,2.295740850,4.445070637
1829,0,2.452977156,3.612503807
1830,0,2.972157305,4.551189421
1831,0,2.925521634,5.145326469
1832,0,2.792591180,5.612142226
1833,0,3.264341839,5.178521062
1834,0,2.632008426,5.812403657
1835,0,3.204640048,6.683484982
1836,0,3.058631667,7.840427053
1837,0,2.700430355,8.286722104
1838,0,3.792087606,7.315608411
1839,0,3.507713977,8.376545769
1840,0,3.168328782,7.599190045
1841,0,3.345669413,6.742254553
1842,0,3.154718995,7.372035379
1843,0,3.180798071,6.360549109
1844,0,3.726418359,5.073158693
1845,0,3.425758981,3.638840821
1846,0,3.607070187,4.253710101
1847,0,3.731778762,2.677376392
1848,0,3.399010546,2.317622089
1849,0,3.410353177,2.961494590
1850,0,3.288815402,2.949588185
1851,0,3.322813432,3.166198044
1852,0,3.555657038,2.916280215
1853,0,3.510818428,3.646271385
1854,0,3.654467620,4.082201408
1855,0,3.194718499,3.679915417
1856,0,3.729857131,3.293431235
1857,0,3.154182379,3.090629496
1858,0,3.425235844,3.537134500
1859,0,3.115816001,3.431333636
1860,0,3.743863873,3.649708780
1861,0,4.009041671,4.022122517
1862,0,4.179432222,4.553231395
1863,0,4.017874443,5.744295868
1864,0,3.540455557,5.726448934
1865,0,3.932023651,5.202502557
1866,0,4.270173529,7.386122550
1867,0,3.010074071,8.936023915
1868,0,2.181822889,5.432215974
1869,0,2.976736145,6.585192772
1870,0,2.845931502,7.782284020
1871,0,3.784994700,8.767292410
1872,0,3.586021938,7.756130130
1873,0,3.581944287,7.002417255
1874,0,3.636544381,7.825537685
1875,0,3.399747882,6.612453469
1876,0,3.485245336,5.821015819
1877,0,3.843725885,6.731883764
1878,0,2.943726138,6.616894280
1879,0,3.523710791,5.998361426
1880,0,3.628984426,5.079415502
1881,0,3.679802932,4.984534746
1882,0,3.651590132,4.166059639
1883,0,3.518012779,3.122139346
1884,0,3.504370496,3.165377388
1885,0,2.927155247,3.194773480
1886,0,3.239640735,3.085410971
1887,0,3.485177262,3.517028409
1888,0,3.027294283,3.040294889
1889,0,3.118631412,3.657921932
1890,0,3.064376645,2.737982642
1891,0,2.872370679,3.177787485
1892,0,2.620857550,2.527239842
1893,0,2.973684658,3.470232884
1894,0,2.959493552,4.173161186
1895,0,3.249613087,4.505700269
1896,0,2.968238120,5.863073674
1897,0,3.436819938,4.852663700
1898,0,3.280417969,4.601521681
1899,0,3.285612639,4.568038488
1900,0,3.233874963,4.280098232
1901,0,3.202602756,4.922814423
1902,0,3.268203136,4.576429472
1903,0,3.162499135,5.266276284
1904,0,3.052898165,3.953178147
1905,0,3.061430051,4.137573728
1906,0,3.299185836,3.391276773
1907,0,2.862702210,3.389591113
1908,0,2.708382865,2.356401132
1909,0,2.852188179,3.234622618
1910,0,3.058387159,2.451934244
1911,0,2.808708239,2.091949732
1912,0,2.776576999,1.689011547
1913,0,3.144820303,2.322156263
1914,0,3.034092562,2.610579428
1915,0,3.078066452,2.938004819
1916,0,3.016921286,3.005690259
1917,0,3.075771233,4.068869525
1918,0,2.569764517,2.092933194
1919,0,2.504497158,2.420271492
1920,0,3.025903229,4.808084539
1921,0,2.885895338,3.228489880
1922,0,3.230644190,2.412425855
1923,0,3.232867187,3.146191175
1924,0,3.165227883,3.527897488
1925,0,3.007186245,2.275646047
1926,0,3.271934205,3.247580259
1927,0,3.508682669,2.680758558
1928,0,3.493351441,3.512175280
1929,0,2.520921799,2.520065371
1930,0,2.411466204,2.969174173
1931,0,2.095657161,3.650525298
1932,0,1.706905683,1.218650965
1933,0,2.197105148,1.504659551
1934,0,1.953052642,1.633552536
1935,0,-0.000000000,0.000000000
1936,0,1.000000000,1.000000000
1937,0,-0.000000000,0.000000000
1938,0,1.000000000,1.000000000
1939,0,1.186278124,0.500000000
1940,0,1.000000000,1.000000000
1941,0,1.775858948,1.076923077
1942,0,1.448815636,1.142857143
1943,0,2.087634199,1.340659341
1944,0,2.249506825,1.832605531
1945,0,1.996591366,0.986918974
1946,0,2.100571320,1.665098470
1947,0,2.286499290,2.200243926
1948,0,2.265700125,1.796251956
1949,0,2.783606398,2.511807942
1950,0,2.435869207,1.222749063
1951,0,2.490458870,1.835508905
1952,0,2.463056842,1.614334381
1953,0,2.146703942,2.706386918
1954,0,2.380255780,3.380105014
1955,0,2.503938204,2.243625000
1956,0,2.628417392,2.936679162
1957,0,2.931580817,2.351312866
1958,0,2.436317439,1.993611023
1959,0,2.651873006,1.491707147
1960,0,2.623580778,2.371785879
1961,0,2.442811476,2.168360212
1962,0,2.418601988,1.770673564
1963,0,2.914448948,2.300592401
1964,0,2.136704433,2.313433896
1965,0,1.687657166,1.071506743
1966,0,1.578845878,1.801239324
1967,0,2.186937591,1.577294381
1968,0,2.174157195,1.799753973
1969,0,2.308033389,1.981628026
1970,0,2.962408305,2.196451231
1971,0,2.756310239,2.679729700
1972,0,2.949368308,2.123828113
1973,0,2.868590108,1.858945402
1974,0,2.713795895,2.146919588
1975,0,3.047256308,2.492354831
1976,0,1.847056449,1.636850867
1977,0,2.546714767,2.016911117
1978,0,2.996942565,1.841300254
1979,0,2.947560565,2.533115873
1980,0,3.340375802,2.381700255
1981,0,3.586963083,2.594218936
1982,0,4.039389548,2.949770757
1983,0,3.806094167,3.821447684
1984,0,3.664855880,3.225221218
1985,0,3.428252726,3.595126169
1986,0,3.183394699,2.969784665
1987,0,2.639484188,2.674245052
1988,0,3.437962627,3.073099275
1989,0,2.903033510,3.702285512
1990,0,3.385034618,4.056951776
1991,0,3.996575411,4.808361239
1992,0,3.868763542,6.245152095
1993,0,3.646692471,6.923561097
1994,0,3.452815549,4.822044549
1995,0,3.042389391,4.546651534
1996,0,3.626142310,3.974985178
1997,0,3.893755333,4.245479456
1998,0,3.869217549,4.810509665
1999,0,3.782594738,4.128257162
2000,0,3.847752786,3.993935252
2001,0,4.048170643,4.857670038
2002,0,4.080473415,4.737844097
2003,0,3.917845964,5.395414577
2004,0,3.888976821,4.559087561
2005,0,4.135008553,4.984265796
2006,0,4.001868739,5.630469214
2007,0,3.841034815,6.637737740
2008,0,3.825412658,5.436060804
2009,0,4.095331289,5.230567828
2010,0,3.270356571,2.947122686
2011,0,1.355652571,1.077913506
2012,0,1.528095936,1.752553764
2013,0,2.314716700,2.652749980
2014,0,2.507108916,1.906475724
2015,0,2.415745237,1.832497957
2016,0,2.618163025,1.656191138
2017,0,1.792038024,1.181026486
2018,0,2.513718518,1.241910168
2019,0,2.474515219,1.469397441
2020,0,2.764400203,2.307717651
2021,0,1.497061302,1.418828377
2022,0,2.167349750,2.173030953
2023,0,1.994444323,1.413565771
2024,0,1.541126938,1.870370878
2025,0,2.205521911,2.659252129
2026,0,2.230830478,3.570010591
2027,0,2.916218325,4.508301761
2028,0,1.932100716,4.348154192
2029,0,2.823047234,3.477175808
2030,0,3.173665541,4.297915749
2031,0,3.129331860,5.129784588
2032,0,3.374451920,4.386168416
2033,0,3.260622459,3.743820752
2034,0,2.710002864,2.692442736
2035,0,2.475392926,3.194660420
2036,0,2.955987110,3.965735240
2037,0,3.131285941,4.386643703
2038,0,3.401738148,3.759904667
2039,0,3.461550648,3.311981659
2040,0,3.472787105,4.063994669
2041,0,3.707950896,3.433388846
2042,0,3.384593190,3.451526975
2043,0,3.359291698,3.372869258
2044,0,2.771985829,2.773891867
2045,0,2.731457454,3.337941203
2046,0,2.763157723,3.806927896
2047,0,2.816598739,2.510951440
2048,0,3.053052682,2.241292548
2049,0,2.631189699,2.258307747
2050,0,2.655694538,2.499544226
2051,0,1.448423426,0.884255524
2052,0,2.283382790,2.115978021
2053,0,2.312638237,2.123302609
2054,0,3.383366261,2.244194116
2055,0,3.265893910,2.584185347
2056,0,0.905814988,0.642647140
2057,0,0.958073024,0.760087806
2058,0,1.662152447,1.194642737
2059,0,2.651803918,2.439216364
2060,0,2.425541750,1.650366136
2061,0,2.729164073,2.190489219
2062,0,2.907049769,2.630554178
2063,0,3.043141128,2.421789860
2064,0,3.054547130,3.103960943
2065,0,2.870324987,2.467760399
2066,0,2.948561458,3.172307944
2067,0,3.138564226,3.879628435
2068,0,2.571625977,1.942472019
2069,0,2.567486844,1.767377162
2070,0,2.884631741,1.862796103
2071,0,2.923288221,1.827601259
2072,0,2.580514067,2.042462531
2073,0,2.549711706,1.785872000
2074,0,2.543036822,2.543611792
2075,0,2.883727484,3.348207998
2076,0,1.702905706,1.602430644
2077,0,2.401855534,1.978806679
2078,0,2.585663365,1.547165240
2079,0,2.603584735,1.897833116
2080,0,2.101876935,1.209011952
2081,0,0.417717537,0.168928725
2082,0,1.812016188,1.347410727
2083,0,1.823936363,1.053402318
2084,0,1.886378617,0.933135174
2085,0,2.205219877,1.836394730
2086,0,2.512337546,2.817711263
2087,0,2.471990998,2.037103345
2088,0,1.726574741,1.709495690
2089,0,1.927029851,1.511938207
2090,0,1.868999144,1.768125583
2091,0,1.803647368,1.805263764
2092,0,2.204859807,2.437396800
2093,0,2.843119493,2.215622148
2094,0,2.862472574,1.796966098
2095,0,3.038177244,1.775259827
2096,0,2.792715825,2.143618588
2097,0,2.887337990,2.552309538
2098,0,2.968144341,2.355813461
2099,0,2.945542821,2.010655662
2100,0,2.956112654,1.899654581
2101,0,2.913890194,2.915762823
2102,0,2.346845733,2.019460474
2103,0,3.068138264,3.149723140
2104,0,2.829686278,3.339885598
2105,0,3.244574632,2.790419884
2106,0,3.354887619,2.331863796
2107,0,3.478665375,2.263105520
2108,0,3.483954082,2.822782874
2109,0,3.366919461,2.412306148
2110,0,3.326319377,2.591462726
2111,0,2.901901985,2.003195021
2112,0,2.724056950,2.593170096
2113,0,2.428499004,3.354156892
2114,0,2.790324675,2.523161725
2115,0,1.948014619,1.966522366
2116,0,2.095445697,1.702769399
2117,0,2.705177184,2.032094191
2118,0,2.650149378,2.450821087
2119,0,2.961151980,3.593271215
2120,0,3.037051547,4.523766360
2121,0,3.205569988,5.551428960
2122,0,3.267058246,4.845008614
2123,0,3.594271671,5.643730228
2124,0,3.189792510,4.053064714
2125,0,3.163474551,4.090890059
2126,0,3.082057888,4.566600345
2127,0,2.905025756,3.558472849
2128,0,2.041947151,2.648634391
2129,0,2.913367829,4.090152833
2130,0,3.370078383,4.909087529
2131,0,3.283808568,3.673719664
2132,0,3.045129460,3.682639631
2133,0,3.207190807,4.263236824
2134,0,2.688199472,3.703522143
2135,0,3.240303670,2.843183182
2136,0,3.480578418,2.272458425
2137,0,3.352839100,2.088177562
2138,0,3.250895717,2.881014259
2139,0,3.470783586,2.361672237
2140,0,3.307707824,2.360119169
2141,0,3.706836913,2.896722714
2142,0,2.566841858,2.995097436
2143,0,3.343606578,2.706698808
2144,0,3.365821946,2.548796129
2145,0,2.448282223,2.743584923
2146,0,3.350954279,2.620702785
2147,0,1.364741965,1.227845369
2148,0,2.372100791,1.515318021
2149,0,2.386438921,1.578439530
2150,0,2.204139876,1.020561296
2151,0,1.973552178,1.589483442
2152,0,2.693436885,2.892913489
2153,0,3.316928014,3.908412420
2154,0,3.604591386,3.752769367
2155,0,3.730527329,5.649541697
2156,0,3.640007802,4.117825445
2157,0,3.473194852,4.222971605
2158,0,3.551511155,3.245844840
2159,0,3.376187786,3.841150495
2160,0,2.900351659,1.822521743
2161,0,2.962788397,2.439661265
2162,0,3.590751006,3.515278965
2163,0,3.041303792,2.400423947
2164,0,1.796032713,1.335373365
2165,0,2.857847969,2.037154270
2166,0,3.292635848,2.637860652
2167,0,1.318848764,0.949261392
2168,0,2.219821156,1.700955629
2169,0,2.702393467,2.967240344
2170,0,1.918992279,1.575938644
2171,0,2.212726956,1.662661274
2172,0,2.927421727,2.130538158
2173,0,2.715592063,1.734580098
2174,0,3.021801400,2.110945994
2175,0,3.283795824,2.645261485
2176,0,3.293345779,2.230298143
2177,0,3.259518476,2.361180504
2178,0,3.716627667,2.864476097
2179,0,2.466359484,2.159070331
2180,0,3.384915923,2.727606654
2181,0,3.320867477,2.655857959
2182,0,1.825429536,1.302510519
2183,0,2.695174153,1.881212467
2184,0,3.146564653,1.816866689
2185,0,3.039478939,1.938684502
2186,0,2.689556773,1.466796676
2187,0,3.213753849,2.409899428
2188,0,3.470074370,1.978926627
2189,0,2.818012176,2.486958461
2190,0,3.232107620,3.398619716
2191,0,3.261271842,4.724603691
2192,0,3.305837523,3.972332507
2193,0,3.135428338,3.509011014
2194,0,3.163667142,2.776343929
2195,0,3.260537569,2.339289016
2196,0,3.155940813,2.117285792
2197,0,2.788627802,2.259296811
2198,0,2.853311217,2.066761491
2199,0,2.801870564,2.363806082
2200,0,3.240690174,3.059078997
2201,0,2.972735828,3.765565170
2202,0,2.979783701,2.857596624
2203,0,3.301482539,2.531625865
2204,0,3.542497121,3.420958829
2205,0,2.831956762,2.842125613
2206,0,3.211767495,3.473001502
2207,0,3.435864609,2.882569245
2208,0,3.515666699,2.721552835
2209,0,3.236020169,2.684564586
2210,0,3.491170987,2.027029359
2211,0,3.271115998,3.316440928
2212,0,3.455359173,4.080915082
2213,0,3.597819631,5.301373263
2214,0,1.393400527,1.197019144
2215,0,2.726540236,2.397764358
2216,0,3.419736794,3.438786106
2217,0,3.312220364,3.808962144
2218,0,3.463753524,3.916352016
2219,0,3.265548233,3.826158278
2220,0,3.598076172,3.322277864
2221,0,3.203079262,3.506440401
2222,0,2.952315269,3.021888222
2223,0,3.126838743,2.579585787
2224,0,2.779399030,2.050716241
2225,0,3.321892025,2.677147736
2226,0,3.198465835,2.297544030
2227,0,3.354436996,2.383786363
2228,0,2.151301911,2.234846299
2229,0,2.558434165,1.737372356
2230,0,3.077108478,2.787687044
2231,0,3.177498165,3.844105445
2232,0,3.059266829,4.806896473
2233,0,2.130676564,2.390521441
2234,0,2.874646869,2.103379318
2235,0,2.933520556,2.588369946
2236,0,3.494435933,2.540914393
2237,0,3.368939830,3.032654226
2238,0,3.034751036,3.176207117
2239,0,3.354472331,2.852944118
2240,0,3.833162272,2.836256747
2241,0,3.485898257,2.727270310
2242,0,3.395234038,2.904588561
2243,0,2.865380059,3.739506438
2244,0,3.105236986,5.649704251
2245,0,3.355150245,5.129219522
2246,0,3.653143580,5.907829622
2247,0,3.270168829,6.884733031
2248,0,3.221267619,5.302933587
2249,0,2.159016969,5.373826118
2250,0,2.699766184,6.665403601
2251,0,3.440552271,5.207477125
2252,0,3.161271111,6.039661391
2253,0,3.343727260,5.464607921
2254,0,2.600392774,5.626637524
2255,0,2.391013063,6.243420411
2256,0,3.116082744,7.211318606
2257,0,3.283568016,8.259338019
2258,0,2.485654653,5.531690381
2259,0,3.306046935,6.565276080
2260,0,3.071580457,7.203542971
2261,0,3.929757800,7.914686221
2262,0,3.932082653,9.635270589
2263,0,3.831885829,8.974065944
2264,0,2.994959536,2.742243344
2265,0,2.039346596,1.480418624
2266,0,2.448185990,1.745579433
2267,0,3.206772492,2.199050727
2268,0,3.198445779,2.149708999
2269,0,2.901142181,1.980278832
2270,0,3.027089637,1.933357955
2271,0,2.690588726,1.699078779
2272,0,2.331646447,1.423877707
2273,0,2.371785541,1.539676581
2274,0,2.319856897,1.120191631
2275,0,2.022093184,1.643338682
2276,0,2.753009538,2.599141289
2277,0,2.884619570,2.058228768
2278,0,2.884578490,2.108119953
2279,0,2.867053260,2.587512923
2280,0,2.812017336,2.509156632
2281,0,2.933318658,2.893226049
2282,0,3.151051273,3.119942495
2283,0,2.419214641,2.552884055
2284,0,2.886205731,3.115712846
2285,0,3.397337309,3.130219380
2286,0,3.134607046,2.027279277
2287,0,3.093699563,2.489890088
2288,0,3.491493406,3.261060657
2289,0,3.682099910,4.103683656
2290,0,3.389033066,2.895808303
2291,0,3.558910863,3.461431913
2292,0,3.760197655,3.730144443
2293,0,2.279260282,1.637475925
2294,0,2.985891728,1.871104746
2295,0,3.084595718,2.164033871
2296,0,3.198838449,2.072119283
2297,0,3.170880992,2.421394465
2298,0,3.342355320,2.329019047
2299,0,3.367696125,2.393731420
2300,0,3.322559717,2.494118291
2301,0,3.368068705,2.778760969
2302,0,2.926097719,2.248758044
2303,0,3.350618203,2.386025162
2304,0,3.450276051,2.730197056
2305,0,3.491554588,2.539115389
2306,0,2.799687394,1.952360880
2307,0,2.901542648,1.706623092
2308,0,2.340760338,1.137259991
2309,0,1.986822372,1.605224705
2310,0,2.294723665,1.124908772
2311,0,2.510850655,2.045194388
2312,0,2.346858154,1.812051278
2313,0,2.628383820,1.524208173
2314,0,3.128354006,2.253015805
2315,0,2.870432128,1.759136065
2316,0,3.003518234,2.145794263
2317,0,2.999198224,2.472838625
2318,0,3.068238566,3.219082170
2319,0,3.492675914,4.197036864
2320,0,3.472866087,3.539923127
2321,0,3.313420468,4.430882552
2322,0,3.683667511,3.802019740
2323,0,3.321690754,4.325399902
2324,0,2.377122349,2.170979979
2325,0,3.185270247,2.130029954
2326,0,3.020845387,2.263471317
2327,0,2.889550319,2.832819162
2328,0,3.228701473,2.504622004
2329,0,3.166088174,3.460393014
2330,0,3.593991426,3.314182143
2331,0,3.515929066,2.873688713
2332,0,3.485246403,2.961032177
2333,0,3.643596896,3.314346075
2334,0,3.650708251,2.869866772
2335,0,3.472910210,2.873167000
2336,0,3.738235147,3.444995865
2337,0,3.401023527,2.794109340
2338,0,3.240182689,2.525542635
2339,0,2.758023463,2.018204606
2340,0,1.357119807,1.094707606
2341,0,2.910347360,2.158392391
2342,0,2.724617812,1.794652335
2343,0,2.934871159,2.544378413
2344,0,2.846171530,1.861387131
2345,0,2.354816270,2.021959742
2346,0,2.412993799,1.824191536
2347,0,2.854090018,1.793307057
2348,0,3.302937704,2.676477834
2349,0,2.706620391,2.662966462
2350,0,3.048662580,3.537024926
2351,0,2.987292272,5.392381369
2352,0,3.191469450,5.986885447
2353,0,3.016269562,3.260386205
2354,0,2.995328840,2.529905070
2355,0,3.312424970,2.101252592
2356,0,3.031024563,1.963304106
2357,0,3.060083426,2.682120322
2358,0,3.546489729,2.221026510
2359,0,3.326316814,2.440196406
2360,0,3.457720441,3.046384600
2361,0,3.305603355,3.594729620
2362,0,2.859839509,2.580327671
2363,0,2.999084767,4.082674428
2364,0,3.672160310,5.080636578
2365,0,3.671880713,6.057863000
2366,0,3.296636543,4.812986331
2367,0,2.849547757,4.083829137
2368,0,3.114372943,3.515849421
2369,0,3.117282074,4.203846758
2370,0,3.365019221,3.733552466
2371,0,3.016305573,3.535948380
2372,0,2.911028148,3.306671999
2373,0,3.521800948,3.892948654
2374,0,3.360951179,4.940092471
2375,0,3.780981741,5.272744796
2376,0,2.777951751,6.583850829
2377,0,2.953446753,7.067591487
2378,0,3.310026011,6.341116006
2379,0,3.282153559,6.131335321
2380,0,3.636527208,4.825803968
2381,0,3.221496976,6.183016976
2382,0,3.271025262,6.444403914
2383,0,3.350381683,6.151704196
2384,0,3.247860665,4.825653639
2385,0,3.804283225,5.832055890
2386,0,3.651416458,6.359399386
2387,0,3.225385032,3.385217747
2388,0,3.120517346,4.251783172
2389,0,3.367094806,3.275419413
2390,0,3.252210308,4.254872350
2391,0,3.746289622,3.547168833
2392,0,3.371859346,2.936562163
2393,0,2.936376823,3.037177843
2394,0,2.853664851,4.033640871
2395,0,3.372359656,3.272918411
2396,0,3.394958136,3.159727436
2397,0,3.070592785,2.677705617
2398,0,2.545905465,1.815598880
2399,0,2.255261950,1.518218430
2400,0,2.250933634,1.393803713
2401,0,2.193156460,1.527131889
2402,0,2.214260843,1.344365505
2403,0,0.932104836,1.304362672
2404,0,1.505121954,0.767852447
2405,0,1.935163994,1.440884571
2406,0,1.502138404,1.488081351
2407,0,2.287755989,1.442137700
2408,0,2.179053412,1.789810913
2409,0,2.366789232,1.570081453
2410,0,2.155396461,1.473694747
2411,0,2.848982720,2.387855301
2412,0,2.710847316,1.834620274
2413,0,2.330671961,2.647924043
2414,0,2.393154040,3.479370971
2415,0,2.943277679,2.490070455
2416,0,2.967318537,2.046263083
2417,0,3.045747076,2.543646931
2418,0,3.113897291,2.255689756
2419,0,1.570763467,1.284559509
2420,0,2.295932911,1.837520759
2421,0,2.341693226,2.279173558
2422,0,2.426970560,3.175918404
2423,0,2.730707361,2.582262146
2424,0,2.505867990,2.920088769
2425,0,3.230670387,2.274287918
2426,0,3.136225714,2.626710546
2427,0,2.982407835,2.919566617
2428,0,3.204115206,2.554605236
2429,0,2.834765834,2.743543619
2430,0,3.121581522,2.549450196
2431,0,1.068300540,1.788227268
2432,0,1.000000000,1.000000000
2433,0,1.500000000,1.000000000
2434,0,2.483355755,1.750000000
2435,0,1.958660334,1.591836735
2436,0,2.418605364,1.617346939
2437,0,2.133237310,2.059563572
2438,0,2.190462240,3.043181200
2439,0,2.037737756,2.545273714
2440,0,2.373894435,1.823950029
2441,0,2.259215839,2.207321206
2442,0,2.537713660,3.218716386
2443,0,2.431394402,2.140011278
2444,0,0.999608517,1.023295105
2445,0,-0.000000000,0.000000000
2446,0,1.000000000,1.000000000
2447,0,1.500000000,1.000000000
2448,0,2.483355755,1.750000000
2449,0,2.716296520,1.564516129
2450,0,1.000000000,1.000000000
2451,0,1.918295834,1.333333333
2452,0,1.538596444,1.123287671
2453,0,1.929885380,1.327710843
2454,0,1.867645064,1.578337531
2455,0,2.143602632,1.703323633
2456,0,2.694706264,2.617880791
2457,0,2.749037206,2.711196626
2458,0,2.631993292,2.037643214
2459,0,2.739696123,2.644541191
2460,0,2.597071629,2.986208373
2461,0,2.779887824,2.577235499
2462,0,3.087275368,3.330405954
2463,0,2.922625354,2.603834960
2464,0,3.319399078,3.652186503
2465,0,3.363732131,3.367927054
2466,0,3.077329687,2.988529378
2467,0,2.966485182,2.896970247
2468,0,2.810617765,3.556718758
2469,0,3.102001953,4.260980122
2470,0,3.590324632,5.184647651
2471,0,3.295169551,4.960487484
2472,0,3.895024621,4.395684978
2473,0,3.500374962,4.802359315
2474,0,2.278815783,4.257167152
2475,0,2.190859494,4.254859605
2476,0,2.293998823,5.285893545
2477,0,2.881381926,4.263746151
2478,0,1.953868146,3.017890673
2479,0,2.682818937,4.016170003
2480,0,2.229618128,3.590186184
2481,0,2.273000524,3.839341160
2482,0,2.786669700,3.500227030
2483,0,3.044368709,4.296851669
2484,0,3.362907765,5.140572848
2485,0,3.784991099,6.029279598
2486,0,2.397710967,5.397086296
2487,0,3.157191698,5.335984964
2488,0,3.152691335,6.186493130
2489,0,2.754378392,6.980570299
2490,0,3.223038010,4.829028947
2491,0,2.753366665,7.390429603
2492,0,2.315965597,7.006771437
2493,0,2.168721361,5.162476907
2494,0,3.019932938,6.648054733
2495,0,2.892391554,6.597543548
2496,0,3.292359065,6.217037302
2497,0,3.176298625,7.362855823
2498,0,3.388995093,6.074298598
2499,0,3.206943935,4.622274268
2500,0,3.331940839,2.601256064
2501,0,3.083149272,2.337582725
2502,0,3.011470893,2.031722691
2503,0,2.896782369,2.604394945
2504,0,3.270075865,3.601938936
2505,0,2.648615529,1.827185479
2506,0,2.964145199,2.541788974
2507,0,2.949792357,2.046543484
2508,0,3.151420000,2.200061902
2509,0,3.178506750,2.114045842
2510,0,3.286388072,2.839983396
2511,0,3.331047335,2.931236392
2512,0,2.997376940,3.133457574
2513,0,2.764590804,3.442134640
2514,0,3.056148919,2.587536219
2515,0,1.644509232,1.601144720
2516,0,2.329043450,1.312929431
2517,0,2.705444429,1.713633423
2518,0,2.145688473,2.353788633
2519,0,2.141507648,2.283414771
2520,0,2.582507931,2.230831444
2521,0,2.667252888,1.756600520
2522,0,2.947210417,2.057668436
2523,0,3.042922866,2.133940291
2524,0,2.966059371,2.108408217
2525,0,3.380356754,2.846394407
2526,0,3.320503429,3.879209678
2527,0,3.539953558,3.435568828
2528,0,2.704786412,1.955060259
2529,0,1.844646005,1.190791304
2530,0,1.925811088,1.700273928
2531,0,2.746901069,2.120243877
2532,0,2.959851865,2.461276748
2533,0,3.480005133,3.403649439
2534,0,3.170742988,3.945589473
2535,0,3.191165303,4.478405429
2536,0,3.119036272,3.137891555
2537,0,3.901485984,4.103517577
2538,0,3.695055518,4.603257945
2539,0,3.871100261,4.172122563
2540,0,2.936668540,2.665187095
2541,0,3.708312591,3.307885571
2542,0,3.424286138,2.800290504
2543,0,3.783369213,2.912222306
2544,0,3.534812054,5.373141597
2545,0,3.632285185,3.984338491
2546,0,3.534386445,4.304882131
2547,0,3.765756696,5.037047258
2548,0,3.884888661,6.078746470
2549,0,3.892915752,6.224020476
2550,0,3.023321622,6.562671311
2551,0,3.099606945,5.312935105
2552,0,3.108078495,5.594108095
2553,0,3.747354424,6.433593641
2554,0,3.618947007,5.512628854
2555,0,3.650267975,5.571764071
2556,0,3.629920874,4.886508057
2557,0,3.969936007,5.572149642
2558,0,3.355250020,6.445503378
2559,0,3.849014395,5.383393766
2560,0,3.761210225,6.138348933
2561,0,3.639242893,5.414722215
2562,0,3.323974256,6.248345447
2563,0,3.610720502,5.526080958
2564,0,3.756059381,6.126944301
2565,0,3.712888628,6.098600637
2566,0,3.754896910,7.194327718
2567,0,4.048165877,7.988634620
2568,0,3.849061475,8.530466727
2569,0,3.640975543,9.105825281
2570,0,3.563552936,9.684971775
2571,0,3.433778283,8.798712789
2572,0,2.886052107,8.021810923
2573,0,3.546603668,6.985912526
2574,0,2.796690354,4.397039663
2575,0,3.468274546,5.085967265
2576,0,2.453038506,3.365483953
2577,0,3.112374077,4.541409434
2578,0,3.518646609,3.857958353
2579,0,3.664500028,2.769343099
2580,0,3.022088366,2.430379660
2581,0,3.071511263,3.158791891
2582,0,3.251853692,2.919508311
2583,0,3.104167248,2.430592156
2584,0,3.261659957,2.874393419
2585,0,3.974154706,4.569196971
2586,0,3.807285499,6.342643680
2587,0,3.893493870,7.531296253
2588,0,3.789543562,8.127814271
2589,0,3.602180016,6.908592917
2590,0,3.797672417,7.676400212
2591,0,3.304376538,5.590749250
2592,0,3.267085183,4.488074265
2593,0,3.496164075,5.132772007
2594,0,2.617912979,2.566026476
2595,0,2.694602348,1.909366746
2596,0,2.426114429,2.378586931
2597,0,3.046628385,2.887813928
2598,0,2.981768528,3.210525443
2599,0,3.474614231,4.100044168
2600,0,2.234315558,3.179958929
2601,0,3.238319283,4.103757956
2602,0,3.334209223,4.980321607
2603,0,2.763867592,5.722513956
2604,0,2.850926634,5.118160421
2605,0,2.816645355,4.525523535
2606,0,2.508174512,3.150807523
2607,0,2.816173776,3.280197225
2608,0,3.545657598,4.029917246
2609,0,3.314353937,3.364659359
2610,0,3.045605015,2.438124662
2611,0,3.095012013,2.254047619
2612,0,2.906906302,2.857525032
2613,0,1.991498253,2.035772017
2614,0,2.203577924,1.838104308
2615,0,2.705321967,2.694863908
2616,0,2.822675652,2.809661497
2617,0,3.131922606,2.546383793
2618,0,2.905603711,2.978888306
2619,0,2.433857011,2.561304647
2620,0,2.769117683,3.983961931
2621,0,3.233059489,2.914056500
2622,0,3.035778595,2.966949328
2623,0,2.923994113,3.365675553
2624,0,2.194423335,2.687919928
2625,0,2.366327573,3.679510638
2626,0,2.926675972,3.348435196
2627,0,3.108980119,3.660684684
2628,0,3.523993409,4.117991191
2629,0,3.356357421,4.738861587
2630,0,3.177055562,3.858274183
2631,0,3.490704707,4.807042222
2632,0,3.343794399,5.218508151
2633,0,3.712118657,6.185923444
2634,0,3.757026815,7.065263292
2635,0,2.636459176,5.557652149
2636,0,3.262739395,8.245486396
2637,0,3.408976868,12.023009755
2638,0,3.581892910,13.478890455
2639,0,1.176041305,7.948632365
2640,0,2.255533289,6.134526176
2641,0,0.714023114,0.894518655
2642,0,2.177561841,1.804927247
2643,0,2.534564486,2.873129310
2644,0,2.942775258,3.471205448
2645,0,3.134547479,2.825382729
2646,0,3.001422401,3.124227709
2647,0,3.321768764,2.885383372
2648,0,3.236826660,3.564041352
2649,0,3.489646403,2.678729434
2650,0,3.348120431,3.419101045
2651,0,3.570884018,2.866476488
2652,0,3.568138218,2.956968382
2653,0,3.134397813,3.372349322
2654,0,3.595116698,3.172159692
2655,0,3.153247285,2.085246860
2656,0,3.058871041,2.324374637
2657,0,2.450969252,1.316553213
2658,0,2.786045886,1.841406387
2659,0,2.469686097,1.588444484
2660,0,2.661064293,1.645473509
2661,0,1.789672569,1.454538656
2662,0,2.706993258,1.454544888
2663,0,2.465885901,1.611154177
2664,0,2.962356270,1.535773102
2665,0,2.606774580,1.447371295
2666,0,2.775160283,2.481429565
2667,0,2.490159834,1.141212490
2668,0,2.623474810,1.717470236
2669,0,1.927342917,1.254538071
2670,0,2.467502133,1.598589079
2671,0,2.442128895,1.273673161
2672,0,2.798551630,2.283993702
2673,0,2.721274182,1.566343987
2674,0,3.024128415,2.305649202
2675,0,2.615979050,1.472268591
2676,0,2.781958054,1.925473694
2677,0,2.700334041,1.566327153
2678,0,2.942809503,2.223742894
2679,0,1.082159658,0.787422178
2680,0,1.615012618,1.179370743
2681,0,2.372651740,2.178363031
2682,0,1.870372499,1.228199278
2683,0,2.042435144,1.165213498
2684,0,2.215846300,1.351750711
2685,0,2.538829750,2.505862902
2686,0,3.030780787,1.956664740
2687,0,3.085273815,2.586350016
2688,0,2.699928783,2.755276769
2689,0,1.639149558,1.308747305
2690,0,2.444563385,1.594505631
2691,0,2.649678449,2.050790459
2692,0,2.369000565,1.351530402
2693,0,2.376179734,1.455983525
2694,0,2.316764106,2.157239919
2695,0,1.705105344,1.356918660
2696,0,2.649178264,2.084808320
2697,0,2.831718449,2.812710984
2698,0,2.520520486,2.149462118
2699,0,2.995290360,2.933048689
2700,0,2.888703470,2.542881367
2701,0,2.937731613,3.381930233
2702,0,3.072905780,4.022937276
2703,0,2.735174639,3.172013843
2704,0,2.654112973,3.863029697
2705,0,2.667654959,3.293254638
2706,0,2.580465792,2.962846234
2707,0,3.167682828,2.687000948
2708,0,3.316196342,3.027380652
2709,0,2.811033548,3.415021951
2710,0,3.090666679,5.173142126
2711,0,3.907724377,4.393786527
2712,0,3.378156072,3.243077313
2713,0,3.444722462,2.996647106
2714,0,3.206063975,2.935810373
2715,0,3.185067287,2.858270251
2716,0,3.157445734,2.791827573
2717,0,3.686711521,3.124732921
2718,0,3.599770766,3.475662871
2719,0,3.421432923,3.596713224
2720,0,3.131338784,4.250108291
2721,0,3.133223817,4.480161667
2722,0,3.016516650,4.521097483
2723,0,2.193910762,3.131075624
2724,0,1.826287750,3.125772225
2725,0,2.257041826,3.844457459
2726,0,2.819726672,3.461074794
2727,0,3.189405335,4.222203903
2728,0,3.074029331,3.440971265
2729,0,3.073550540,2.699852404
2730,0,3.489972601,3.692006608
2731,0,3.598974350,3.120871507
2732,0,3.539496050,3.676144137
2733,0,3.494531959,4.397769062
2734,0,3.372919581,3.965507480
2735,0,3.338015909,4.759231080
2736,0,3.298830754,4.202355713
2737,0,3.337998634,4.664876405
2738,0,3.256246592,4.424861755
2739,0,3.388555824,3.832799425
2740,0,3.310123071,4.444435952
2741,0,3.698236379,5.103142900
2742,0,3.667498752,4.414452762
2743,0,3.426200519,5.510212064
2744,0,3.355080524,6.293689260
2745,0,2.862014912,5.069616034
2746,0,1.791809945,2.763129475
2747,0,2.451795069,2.783351222
2748,0,2.765374262,2.859097698
2749,0,2.623582797,2.484580119
2750,0,2.616360023,2.984317255
2751,0,-0.000000000,0.000000000
2752,0,1.314320487,1.846153846
2753,0,0.668564443,0.250000000
2754,0,1.602091160,1.220588235
2755,0,1.706773305,2.031512605
2756,0,2.277511588,3.336293008
2757,0,2.413347026,3.572658234
2758,0,2.635989560,3.256251152
2759,0,2.960173277,4.076177046
2760,0,2.844692263,3.175412894
2761,0,3.017290120,3.869389262
2762,0,2.837582010,5.036427405
2763,0,3.152198242,6.266893760
2764,0,1.062502078,1.000000000
2765,0,2.257105046,2.073341203
2766,0,2.549426059,2.939364758
2767,0,2.520247865,2.150760215
2768,0,2.139388936,1.973252519
2769,0,1.366578911,1.710294173
2770,0,2.450016757,1.658229261
2771,0,1.569689045,0.787067327
2772,0,1.989479688,1.277566216
2773,0,1.980179299,1.984772940
2774,0,2.086591150,2.960048761
2775,0,2.888775565,2.447836475
2776,0,3.040858343,3.162033827
2777,0,3.134879320,4.044910923
2778,0,1.986190801,2.959285310
2779,0,2.680004213,2.491380546
2780,0,2.982497998,2.381270180
2781,0,3.454462429,2.563423575
2782,0,3.506781988,2.778412475
2783,0,2.310285749,2.220178853
2784,0,2.755496019,2.159888177
2785,0,2.831154355,2.601818980
2786,0,2.763192210,3.092813947
2787,0,2.819501600,3.985515606
2788,0,2.758123032,3.092041217
2789,0,2.816145371,2.569508223
2790,0,2.644507266,2.478726742
2791,0,3.491700796,3.047599174
2792,0,3.244397580,2.563607417
2793,0,2.705019674,3.130298613
2794,0,3.709297846,3.811714186
2795,0,3.502449645,3.229541932
2796,0,2.899028319,3.889863394
2797,0,2.904476596,4.571103066
2798,0,3.517244739,4.409812886
2799,0,3.520696380,4.329184288
2800,0,2.810036904,3.895610067
2801,0,3.224574100,4.898092232
2802,0,2.671766831,5.682180691
2803,0,3.278020513,4.666184475
2804,0,3.673491147,3.998167658
2805,0,3.425252003,3.363704797
2806,0,2.826878860,2.731843484
2807,0,2.730293107,3.375295022
2808,0,2.567565459,2.847007132
2809,0,3.229745609,3.664465442
2810,0,3.292124122,3.425243258
2811,0,3.555731517,3.422724262
2812,0,3.275764156,2.952072954
2813,0,3.094481598,2.567991402
2814,0,2.838897479,2.249629162
2815,0,2.979345126,2.198911588
2816,0,0.999371507,1.029515238
2817,0,1.918086337,1.333333333
2818,0,0.999979226,0.994633593
2819,0,1.918288909,1.333333333
2820,0,1.538595027,1.124316845
2821,0,-0.000000000,0.000000000
2822,0,1.000000000,1.000000000
2823,0,1.500000000,1.000000000
2824,0,1.000000000,1.000000000
2825,0,1.500000000,1.000000000
2826,0,2.260207823,2.148936170
2827,0,2.311802439,1.357142857
2828,0,1.947801113,1.286654874
2829,0,1.944894250,1.324524372
2830,0,1.875297670,1.590326158
2831,0,1.574486596,1.218248337
2832,0,2.297920398,2.204553429
2833,0,2.675410235,2.245234887
2834,0,1.000000000,1.000000000
2835,0,1.186278124,1.750000000
2836,0,1.863120569,1.571428571
2837,0,2.876953520,1.833333333
2838,0,2.521790698,1.793296089
2839,0,1.937206406,2.000000000
2840,0,2.466819624,3.000000000
2841,0,2.181585982,4.000000000
2842,0,2.891754038,3.267728981
2843,0,3.136286194,4.174965518
2844,0,2.964367304,3.370960368
2845,0,2.685483905,4.000000000
2846,0,3.257975440,3.414524787
2847,0,3.302152598,3.028505741
2848,0,2.455754373,3.945980631
2849,0,3.123448387,3.604675920
2850,0,3.055765283,2.974517777
2851,0,2.769244002,2.659910251
2852,0,3.769599016,3.190415457
2853,0,3.704591274,3.081482721
2854,0,3.688449516,3.648707365
2855,0,2.343089440,3.621351283
2856,0,2.732440933,2.180495880
2857,0,2.682473409,2.540925141
2858,0,2.877002372,3.041427456
2859,0,2.619211193,2.095671480
2860,0,3.191938390,2.910855037
2861,0,3.165419464,3.358124722
2862,0,3.441785619,4.217990340
2863,0,2.795669442,4.232506704
2864,0,3.236939031,3.589855160
2865,0,3.566619412,3.406818932
2866,0,3.629403824,4.376805475
2867,0,3.036139220,3.082268967
2868,0,3.228955824,2.872836179
2869,0,3.016168779,2.610323774
2870,0,2.866702410,2.118691037
2871,0,2.838145996,2.463828437
2872,0,2.757282531,3.319947762
2873,0,2.814135030,2.459512753
2874,0,2.579347765,1.907693555
2875,0,2.861936747,1.788705511
2876,0,0.999306904,1.030994861
2877,0,1.186191487,2.007748715
2878,0,1.725144149,1.190082905
2879,0,-0.000000000,0.000000000
2880,0,1.000000000,1.000000000
2881,0,-0.000000000,0.000000000
2882,0,1.000000000,1.000000000
2883,0,1.918295834,1.333333333
2884,0,1.538596444,1.123287671
2885,0,-0.000000000,0.000000000
2886,0,1.000000000,1.000000000
2887,0,1.918295834,2.000000000
2888,0,1.863120569,3.000000000
2889,0,2.603644196,4.000000000
2890,0,3.152722623,3.301728946
2891,0,2.529794403,2.756607930
2892,0,3.218838970,3.531140396
2893,0,3.089209057,4.108634874
2894,0,3.317092539,4.979051218
2895,0,2.749055334,4.188901837
2896,0,3.226319606,3.550677132
2897,0,3.544584414,4.320408451
2898,0,3.573751151,5.286462354
2899,0,3.351053395,4.483674304
2900,0,3.314136444,3.601182596
2901,0,3.344736435,4.286176809
2902,0,3.745147937,5.163802465
2903,0,3.460524012,4.327830476
2904,0,3.764577585,5.151824301
2905,0,3.762182411,4.480538509
2906,0,3.608609257,5.133856091
2907,0,3.496066080,4.375484577
2908,0,3.584462505,4.293521185
2909,0,3.493994097,3.619245860
2910,0,3.583573144,3.679510106
2911,0,3.332829451,3.825363538
2912,0,3.530307582,4.250836524
2913,0,3.602089253,5.158125729
2914,0,3.618395486,5.001846294
2915,0,3.775142551,4.320972517
2916,0,3.238174965,3.002924862
2917,0,3.332503368,3.510215010
2918,0,3.052294855,3.616634240
2919,0,3.290082870,4.629118278
2920,0,3.018591774,4.962082437
2921,0,3.554611110,4.376248986
2922,0,3.635118748,5.214060837
2923,0,3.588091522,6.458880793
2924,0,3.458148869,7.167024419
2925,0,3.596819672,5.990390273
2926,0,3.647805297,5.268227841
2927,0,3.535021015,5.971508576
2928,0,3.432753072,5.346087573
2929,0,4.015478653,6.463765688
2930,0,3.907969157,5.714376336
2931,0,3.942161725,6.305623314
2932,0,3.981622221,7.385994504
2933,0,3.728842902,6.225714915
2934,0,2.558340646,3.655576871
2935,0,2.882914657,2.984322508
2936,0,3.135384882,3.111200973
2937,0,2.936094186,2.803513677
2938,0,3.227023474,3.016716049
2939,0,3.213658732,4.456764328
2940,0,3.072589043,2.097546755
2941,0,3.053294081,2.614068721
2942,0,3.152287111,1.920751441
2943,0,2.473678083,1.359168827
2944,0,1.745329937,1.769966814
2945,0,1.777389365,1.434882049
2946,0,2.571846223,2.017985456
2947,0,2.549994930,1.422668964
2948,0,2.440813948,1.605892575
2949,0,2.354308026,1.694153363
2950,0,2.697200895,1.922927471
2951,0,2.757317441,2.540860505
2952,0,3.314536799,2.431790850
2953,0,3.286494294,2.833192822
2954,0,2.967928685,3.380835801
2955,0,2.455238534,2.670796107
2956,0,2.662377676,3.693107174
2957,0,2.915622896,4.871285741
2958,0,2.687934943,5.711767350
2959,0,2.596411005,5.981676834
2960,0,3.181102379,7.134122226
2961,0,3.305242574,6.347200602
2962,0,3.804756059,7.194045676
2963,0,3.588116611,6.339823691
2964,0,3.803126921,6.856254112
2965,0,3.104050263,3.416112092
2966,0,3.126608078,4.088388773
2967,0,2.717492730,3.584944729
2968,0,3.202977954,3.496737880
2969,0,2.792474245,2.959959472
2970,0,2.823402282,2.292905293
2971,0,2.932802291,3.028366439
2972,0,2.228763485,2.016229715
2973,0,2.738635992,2.921991321
2974,0,2.766998072,3.801856710
2975,0,1.188948593,1.379738261
2976,0,2.617330489,2.444119917
2977,0,2.884767874,2.490691604
2978,0,3.132210175,3.446015854
2979,0,3.535520740,2.938483495
2980,0,2.802220933,1.739514086
2981,0,3.011157048,2.655935026
2982,0,2.969572638,2.019819474
2983,0,3.210350144,2.517163720
2984,0,3.290505260,2.451594765
2985,0,3.413950659,3.320158880
2986,0,3.394366708,3.414464385
2987,0,3.627572102,4.098150222
2988,0,3.006265967,2.649935439
2989,0,2.886040115,1.913713542
2990,0,3.068346591,2.090222492
2991,0,3.384575013,2.724937704
2992,0,3.478398692,3.562414922
2993,0,3.971577522,4.336341890
2994,0,3.979601629,5.222608384
2995,0,3.456794747,2.907215775
2996,0,3.458931311,2.850708988
2997,0,3.430933162,2.675971102
2998,0,2.620138430,2.215793344
2999,0,2.741742844,2.772445287
3000,0,2.730081429,2.589988399
3001,0,2.741548348,2.315199782
3002,0,3.323644529,3.340316814
3003,0,3.381904546,2.774557969
3004,0,3.522543201,2.956137622
3005,0,1.843593176,2.004430728
3006,0,2.584870170,2.914708464
3007,0,2.765846250,2.389654720
3008,0,2.971505503,3.303089259
3009,0,2.987006263,3.408120888
3010,0,1.903474900,2.285162530
3011,0,2.463386486,2.292571816
3012,0,2.055145570,3.376247893
3013,0,1.915580974,3.821003241
3014,0,2.017246568,2.954734599
3015,0,3.119774068,3.886941047
3016,0,2.992343234,3.011242372
3017,0,2.681438324,3.421448239
3018,0,3.408555592,4.367982975
3019,0,3.332408667,4.928183993
3020,0,3.456873211,5.822293688
3021,0,2.996419807,5.847681879
3022,0,3.829301088,6.675110373
3023,0,3.721608989,5.906670373
3024,0,3.645878172,5.749732346
3025,0,4.038860176,6.657757809
3026,0,3.791422562,6.916334477
3027,0,3.916605651,6.872030993
3028,0,3.185307991,5.213209975
3029,0,3.049332576,4.948341346
3030,0,2.746037651,6.095983045
3031,0,3.283135486,5.552665483
3032,0,3.473886977,6.578501206
3033,0,3.188981355,5.027261540
3034,0,3.193175952,5.825773399
3035,0,3.161171430,6.433233841
3036,0,3.486915117,7.110324385
3037,0,3.507965939,6.702449033
3038,0,3.525783987,7.091910611
3039,0,2.994478543,3.397755246
3040,0,2.716423967,2.571297990
3041,0,2.755021599,3.030686766
3042,0,2.770074886,2.868596817
3043,0,3.364377244,2.289162258
3044,0,1.575431779,1.235729943
3045,0,2.667445025,1.836473018
3046,0,3.555547192,2.881728478
3047,0,3.820532672,3.876073390
3048,0,3.882889876,3.339289382
3049,0,4.062626894,4.275926291
3050,0,4.109354421,3.638233661
3051,0,3.755852005,4.432550172
3052,0,3.463898559,4.380126762
3053,0,2.994040924,3.586740504
3054,0,2.905998853,2.720875391
3055,0,2.590639733,3.202592001
3056,0,2.289915581,4.221901003
3057,0,2.960729094,5.329840482
3058,0,3.473504253,6.338034523
3059,0,3.268248683,7.647092030
3060,0,1.486867780,1.000000000
3061,0,2.113441131,1.390631458
3062,0,2.256685285,2.090888618
3063,0,2.365731244,2.249697461
3064,0,2.441138350,2.699881496
3065,0,2.535476336,2.369298775
3066,0,1.665666238,1.555685962
3067,0,2.460154507,2.268976891
3068,0,2.880639150,3.724421283
3069,0,2.288809420,1.749303443
3070,0,2.241503633,1.901096131
3071,0,2.776935390,2.380875011
3072,0,3.342413321,2.218795564
3073,0,2.997350922,2.328291596
3074,0,2.985481759,2.509796405
3075,0,2.904909510,1.983709180
3076,0,2.655121358,2.399966676
3077,0,2.674845836,2.769174776
3078,0,3.033018555,2.621759834
3079,0,3.011429019,2.205686845
3080,0,2.985132677,2.854373837
3081,0,2.960917370,2.361759251
3082,0,3.012954527,2.373893748
3083,0,2.791314117,2.066192318
3084,0,2.152357975,2.116744342
3085,0,2.527136798,1.901813489
3086,0,2.373110926,1.681412960
3087,0,2.518345641,1.732954318
3088,0,2.379877665,1.657560202
3089,0,2.514080183,2.203582159
3090,0,2.751460807,3.057272372
3091,0,2.945874295,2.728452444
3092,0,3.346846251,2.832908823
3093,0,3.137322755,3.122993418
3094,0,3.482480561,3.638423261
3095,0,3.137697068,3.959235402
3096,0,3.204551080,2.985817164
3097,0,3.146081943,3.430829317
3098,0,2.975341251,3.331738228
3099,0,3.641676649,3.299649512
3100,0,3.465639578,2.763659649
3101,0,3.382988071,3.619699429
3102,0,3.101342792,4.166672917
3103,0,2.632133693,3.111911060
3104,0,2.897789278,2.450702085
3105,0,2.866422102,1.913780563
3106,0,1.474357191,0.866019186
3107,0,2.373831566,1.848904268
3108,0,2.294332735,1.367001448
3109,0,2.912727324,2.415661802
3110,0,2.656409502,3.744623818
3111,0,1.767408743,1.217426323
3112,0,2.452713590,1.569086812
3113,0,2.477225931,1.981721922
3114,0,2.783952981,1.853194206
3115,0,2.486274673,1.728315914
3116,0,2.326001777,1.750690083
3117,0,2.291816724,2.261719832
3118,0,2.378374540,1.711420497
3119,0,2.107974836,1.550187942
3120,0,2.612949459,2.077218023
3121,0,1.480636688,1.213912110
3122,0,-0.000000000,0.000000000
3123,0,1.584962501,1.333333333
3124,0,1.905639062,1.250000000
3125,0,0.863120569,0.571428571
3126,0,0.987692509,0.869565217
3127,0,0.884963636,0.606060606
3128,0,-0.000000000,0.000000000
3129,0,1.061278124,0.500000000
3130,0,1.848779675,1.622222222
3131,0,1.735878467,1.773584906
3132,0,2.413173566,2.148846960
3133,0,2.163334411,1.191781225
3134,0,2.074634724,1.800803487
3135,0,1.983840751,1.150087392
3136,0,2.078568228,1.846896489
3137,0,2.557670929,1.678942413
3138,0,2.834316802,2.472063801
3139,0,3.214529478,2.980654171
3140,0,1.483996680,1.487408278
3141,0,2.387212547,1.376049310
3142,0,2.686107289,2.073614698
3143,0,2.848508770,2.917648930
3144,0,2.209472303,1.386782926
3145,0,2.067629958,1.061377441
3146,0,1.876249650,1.323402600
3147,0,2.569660320,1.764642720
3148,0,2.849082073,2.699193176
3149,0,3.247451292,3.131537892
3150,0,2.851984834,2.108963070
3151,0,3.075257245,2.645291064
3152,0,3.068626529,3.395871882
3153,0,3.255867183,4.236168629
3154,0,3.378801087,3.284763594
3155,0,3.156029842,2.723525289
3156,0,3.214733332,2.867219650
3157,0,3.199353470,3.000756073
3158,0,2.520533115,1.810199473
3159,0,2.770976389,2.378988568
3160,0,2.034362350,1.383763339
3161,0,2.337181711,2.095035153
3162,0,2.550298259,2.760600124
3163,0,3.149230679,3.175395338
3164,0,1.589550176,1.959291966
3165,0,2.431807702,2.800813138
3166,0,2.529019098,2.166807851
3167,0,2.498600228,2.543829599
3168,0,2.734124171,1.944254771
3169,0,2.687406979,2.933463414
3170,0,3.100874832,2.409116971
3171,0,2.609385164,1.627866024
3172,0,3.042920581,2.630292076
3173,0,2.578648461,2.371924161
3174,0,2.138495683,1.839010008
3175,0,1.990167865,1.197275425
3176,0,2.118991672,1.480903318
3177,0,2.337791178,2.134572199
3178,0,2.813692068,2.188883523
3179,0,1.807102340,1.738236856
3180,0,2.038003483,1.184511339
3181,0,2.199279160,1.366266175
3182,0,2.279005795,2.380809408
3183,0,2.096762411,3.315354141
3184,0,2.695213744,5.313328688
3185,0,1.473212697,1.675608813
3186,0,1.918852437,1.574962558
3187,0,1.730863048,1.036536853
3188,0,1.979041477,1.047260795
3189,0,2.466505631,1.499028584
3190,0,1.909949172,1.382381081
3191,0,2.660572864,1.747247724
3192,0,2.949847741,1.955536028
3193,0,2.937782281,1.934201176
3194,0,3.295106322,2.638429176
3195,0,3.273657530,2.452396714
3196,0,2.704945153,1.617823109
3197,0,2.927519198,1.783417685
3198,0,2.994371276,2.220283740
3199,0,3.357541387,2.221621298
3200,0,2.932209499,1.804951531
3201,0,3.071288452,2.024958126
3202,0,3.414880558,2.556350357
3203,0,3.340771039,2.954248411
3204,0,1.733157350,1.653049487
3205,0,2.112505532,1.668480973
3206,0,2.846958848,2.264656422
3207,0,2.681569725,1.925350111
3208,0,3.059668673,2.327461738
3209,0,2.374807106,1.704276087
3210,0,2.476695331,2.366357990
3211,0,2.833714697,1.890674464
3212,0,3.425157514,3.299682423
3213,0,3.532759849,4.657758267
3214,0,3.743529039,6.139593579
3215,0,3.695781274,5.578011647
3216,0,3.921397175,5.297618819
3217,0,3.057728007,4.053281127
3218,0,2.733684414,2.803350110
3219,0,2.795633228,2.034234689
3220,0,2.675044046,2.469326261
3221,0,2.049758949,1.928664344
3222,0,2.828493485,2.013177351
3223,0,2.973691176,2.313190245
3224,0,2.880961790,2.183049748
3225,0,2.804253434,1.920388336
3226,0,2.989351887,2.132625013
3227,0,3.058810676,2.695573882
3228,0,2.037155110,2.533869212
3229,0,2.230519456,2.225012797
3230,0,2.686835342,1.913454525
3231,0,2.885722711,2.614992114
3232,0,3.179513432,2.785530652
3233,0,3.185744373,2.353087532
3234,0,3.207404738,2.703514327
3235,0,3.282180009,3.555301128
3236,0,2.975227629,2.546560612
3237,0,3.333098244,2.465061937
3238,0,3.260274141,2.632376547
3239,0,3.196445623,3.150524074
3240,0,3.335516444,4.441236071
3241,0,3.769737679,5.538104733
3242,0,3.652309707,4.879419976
3243,0,3.454669004,5.498245506
3244,0,3.761084524,6.695445504
3245,0,3.738134737,7.729357428
3246,0,3.637003412,7.564348406
3247,0,3.720662563,6.815299267
3248,0,3.924071133,8.032871378
3249,0,3.668701068,5.198382591
3250,0,4.146216555,6.272373967
3251,0,2.899662934,1.865891802
3252,0,3.224195754,2.338816065
3253,0,3.274058508,2.652604229
3254,0,3.244530407,2.520867673
3255,0,3.377208476,3.173971531
3256,0,3.297864172,4.834586965
3257,0,3.524642938,2.927544062
3258,0,2.839414102,1.892942429
3259,0,2.675896662,2.665685518
3260,0,2.413578449,2.037792796
3261,0,2.379763604,1.479400542
3262,0,2.756421787,2.058923851
3263,0,2.589334556,2.854032250
3264,0,2.868141232,2.168794374
3265,0,1.318260371,1.051315975
3266,0,1.727704664,0.898898317
3267,0,2.278744358,1.562284204
3268,0,2.040584638,1.789356452
3269,0,2.389433185,2.763435909
3270,0,2.967807286,4.129258577
3271,0,2.787744753,4.505906976
3272,0,2.257333314,4.485695517
3273,0,2.723175474,3.952657190
3274,0,2.816633256,4.395976795
3275,0,3.239482597,3.529253750
3276,0,3.247002239,3.836328569
3277,0,3.350983272,3.147413841
3278,0,2.304574544,2.132500182
3279,0,3.144458882,2.965116582
3280,0,2.781293045,3.879056874
3281,0,3.665104080,4.806833145
3282,0,3.552811524,5.623263878
3283,0,3.502539484,5.305544792
3284,0,3.477266153,5.742018303
3285,0,2.880082447,5.762412093
3286,0,2.736623885,5.956117525
3287,0,2.824569511,6.597044135
3288,0,3.328426229,5.596218842
3289,0,3.490338895,6.477669301
3290,0,3.399363602,5.400810618
3291,0,3.309964953,5.921329721
3292,0,3.413972989,5.096223664
3293,0,3.213390838,5.737612259
3294,0,3.119891845,6.571033480
3295,0,3.228262185,7.649349984
3296,0,3.517724732,7.134385320
3297,0,2.785244068,6.892806619
3298,0,3.104869974,8.272493478
3299,0,3.538162460,5.439793016
3300,0,3.890182201,4.856605128
3301,0,3.621804326,3.896108387
3302,0,3.657565293,3.498258589
3303,0,3.389439779,3.045323524
3304,0,3.235082669,3.050202535
3305,0,3.263564732,3.334689308
3306,0,3.381339806,2.980322202
3307,0,3.211212525,3.333414537
3308,0,3.165649240,3.822302603
3309,0,3.699053119,4.673021176
3310,0,3.324571551,3.850834204
3311,0,2.844103494,4.457944143
3312,0,3.338084486,4.030891332
3313,0,3.499804636,4.101082985
3314,0,3.949222621,4.616780186
3315,0,3.880043999,4.908800378
3316,0,3.818321961,5.370235056
3317,0,3.075143505,5.804965469
3318,0,3.469633913,4.403742421
3319,0,1.954493058,3.472533169
3320,0,3.028658386,3.183738298
3321,0,2.644661366,1.899877487
3322,0,2.853806814,2.372007222
3323,0,2.609590986,2.481101022
3324,0,3.336230507,2.464522057
3325,0,3.198732371,1.801643366
3326,0,2.727111816,1.850535254
3327,0,3.115675717,2.494020807
3328,0,3.503008876,2.308116276
3329,0,1.953030250,1.302252192
3330,0,1.804529374,1.477505023
3331,0,1.725513439,1.047547757
3332,0,1.942035483,1.671015956
3333,0,2.971026204,1.500000000
3334,0,2.807576989,1.981586355
3335,0,2.824221549,1.631954975
3336,0,2.856417955,1.899686755
3337,0,2.677447945,1.616040818
3338,0,2.747642328,1.946266014
3339,0,2.965193591,2.072597265
3340,0,3.475126474,2.516628962
3341,0,3.096789054,2.136605848
3342,0,3.235153029,2.481788876
3343,0,2.995476557,2.831316420
3344,0,1.809057284,1.908786105
3345,0,2.980573800,2.918936533
3346,0,2.623946923,2.130029725
3347,0,2.549748655,2.146043005
3348,0,2.474587523,2.099163959
3349,0,2.550036025,1.606969973
3350,0,2.489369113,1.607297449
3351,0,2.236456000,1.551177816
3352,0,2.784271873,2.015567738
3353,0,2.145106864,1.983516664
3354,0,2.440060858,2.082507397
3355,0,3.006150776,2.449996267
3356,0,2.869840603,2.570085734
3357,0,1.760526919,1.486128443
3358,0,1.596363235,1.444750542
3359,0,2.134381649,1.251044136
3360,0,2.367749955,1.596430340
3361,0,2.150787799,1.529281411
3362,0,2.240471064,2.350721020
3363,0,2.630917314,2.437319739
3364,0,2.528382519,1.791196812
3365,0,2.254570778,1.332518697
3366,0,2.415595902,1.858185478
3367,0,2.931569969,1.860003908
3368,0,2.633788938,2.427852492
3369,0,2.363298309,1.859719161
3370,0,2.539612854,2.209875275
3371,0,2.111687439,1.052208513
3372,0,2.206507676,1.555183519
3373,0,1.938557390,2.552770470
3374,0,2.372830709,1.403465578
3375,0,2.861870724,1.952714607
3376,0,2.710052091,2.809730590
3377,0,2.902568292,3.803893083
3378,0,2.522114798,2.475821921
3379,0,2.657721463,3.286297132
3380,0,2.899164040,2.630665297
3381,0,2.953595298,2.378061442
3382,0,2.739191748,2.835205777
3383,0,2.301360713,3.746912077
3384,0,3.076749868,4.897133892
3385,0,3.132827252,4.722655177
3386,0,2.341846044,4.147975968
3387,0,2.747404528,2.069795566
3388,0,2.814516919,2.741504301
3389,0,3.184770400,3.526620777
3390,0,2.933440653,3.865160428
3391,0,2.529467742,2.457356996
3392,0,2.492795259,1.963367054
3393,0,2.272679974,1.610898953
3394,0,2.009561305,1.001652259
3395,0,1.580098130,1.356975110
3396,0,1.933334673,2.885602334
3397,0,1.856671633,2.340175479
3398,0,1.306979309,4.290434956
3399,0,2.418456541,5.526500273
3400,0,0.796145617,7.869271334
3401,0,1.825266458,7.022338054
3402,0,2.359849905,6.570882460
3403,0,2.959207959,5.660373834
3404,0,2.754328103,5.845736101
3405,0,2.968401883,7.365673401
3406,0,2.479240909,4.017908602
3407,0,2.805021069,4.310519038
3408,0,2.958026834,1.672533877
3409,0,3.002706093,2.641306485
3410,0,2.277098135,1.328912759
3411,0,2.690731415,1.614469675
3412,0,2.430493068,1.275394855
3413,0,2.478296872,1.491403500
3414,0,2.175413038,2.061928789
3415,0,2.452278684,2.467640366
3416,0,2.553670428,2.863820602
3417,0,3.077980175,2.396688427
3418,0,2.972554415,2.123692998
3419,0,2.748641579,2.123865952
3420,0,2.944805854,1.859909668
3421,0,3.223101072,2.379442524
3422,0,3.013241613,2.751078659
3423,0,3.184538620,2.846611054
3424,0,3.037149136,2.873515572
3425,0,2.837330800,4.485367863
3426,0,3.095382879,2.720402236
3427,0,1.386987029,0.907646361
3428,0,1.819360896,1.204884000
3429,0,2.200137875,1.653317082
3430,0,1.788567375,1.195707787
3431,0,2.271376305,1.867120909
3432,0,3.144455462,2.622452651
3433,0,2.424800460,2.362775431
3434,0,3.033017329,2.178899554
3435,0,1.849063791,1.207871434
3436,0,2.671875544,1.558052433
3437,0,2.947083769,1.771288378
3438,0,3.372926358,2.387903249
3439,0,3.004940268,2.482124721
3440,0,2.873268480,2.429797112
3441,0,2.660824353,2.383434621
3442,0,2.161657570,1.716970237
3443,0,3.164045927,1.884818313
3444,0,3.180001458,2.171505305
3445,0,2.323266962,1.920880495
3446,0,2.965713814,2.748850346
3447,0,3.285025434,2.941655120
3448,0,3.383087134,2.619845426
3449,0,3.351492740,2.449088631
3450,0,3.353346350,2.511904932
3451,0,2.950631576,2.213301424
3452,0,3.265432215,2.134500377
3453,0,3.078761100,2.247863067
3454,0,3.542584448,2.456640850
3455,0,3.085031388,2.451025975
3456,0,3.539309537,3.114559602
3457,0,2.243245899,2.417119200
3458,0,3.044625071,3.509976051
3459,0,3.606082145,3.205749222
3460,0,3.238500912,3.180188536
3461,0,3.390153823,4.144326385
3462,0,3.331165803,5.440103750
3463,0,2.973357981,6.314262736
3464,0,3.005833982,5.459511032
3465,0,3.568167989,4.557354883
3466,0,3.664163438,4.014844529
3467,0,3.664772617,3.355548604
3468,0,3.389177370,4.991315143
3469,0,3.078162492,3.621365738
3470,0,3.667749208,3.261056476
3471,0,2.520515534,2.842380097
3472,0,3.047131035,3.436309089
3473,0,3.134770819,2.809206304
3474,0,2.587018067,1.799312529
3475,0,1.767252432,1.783261454
3476,0,2.122655450,3.362487807
3477,0,2.646313521,2.860322923
3478,0,2.691486702,2.535436502
3479,0,1.712256194,1.385618495
3480,0,2.930810566,2.002844524
3481,0,2.998226639,2.441283337
3482,0,2.849811721,1.889412637
3483,0,2.465168798,2.297836768
3484,0,2.049109817,1.997171590
3485,0,2.801257370,2.144749319
3486,0,3.102686616,2.728273308
3487,0,3.159664053,3.316444600
3488,0,2.999775107,3.907886164
3489,0,2.623704580,4.268674856
3490,0,2.483907655,4.138468749
3491,0,3.230690062,3.429178089
3492,0,3.062607748,4.277875934
3493,0,2.768438778,3.851697001
3494,0,3.359460662,3.184275206
3495,0,2.737508416,3.583541889
3496,0,3.279460390,3.011275542
3497,0,3.443024458,3.818323222
3498,0,3.500470513,3.155567176
3499,0,3.342855964,3.910079517
3500,0,3.163929198,3.376919855
3501,0,1.788899437,1.823358611
3502,0,2.348100336,2.546573563
3503,0,2.662969210,1.987458187
3504,0,2.906461073,3.005973812
3505,0,3.141663821,3.745215779
3506,0,3.211611870,2.841823730
3507,0,1.708536462,1.681607654
3508,0,2.248035062,2.211515489
3509,0,2.599425804,1.681426233
3510,0,2.361910215,1.475694656
3511,0,2.745772819,1.877365901
3512,0,2.402026869,2.259791018
3513,0,2.246205296,1.655866596
3514,0,2.333379899,2.493775729
3515,0,2.677816010,2.033265090
3516,0,2.248193709,1.656493821
3517,0,2.907874289,1.903642497
3518,0,2.527132537,1.912341028
3519,0,2.541236633,2.684220480
3520,0,3.136081771,4.041664768
3521,0,3.207446098,3.890917346
3522,0,1.994782815,3.139900335
3523,0,2.414330026,2.306759497
3524,0,3.074159212,2.451310184
3525,0,2.644777484,1.682132121
3526,0,2.488405268,2.358809013
3527,0,1.792974204,1.300346919
3528,0,0.999940738,0.990936110
3529,0,1.918276080,1.333333333
3530,0,0.999998041,1.001647980
3531,0,1.775858044,1.076923077
3532,0,2.460484159,1.768723698
3533,0,2.139968124,1.695652174
3534,0,2.030419644,2.128577660
3535,0,2.312103481,2.727344941
3536,0,3.473194771,2.882650265
3537,0,3.515464760,3.178640999
3538,0,3.876651557,3.178410205
3539,0,3.780509890,3.495282683
3540,0,3.684009040,3.316518152
3541,0,3.610465797,3.544356671
3542,0,3.708672632,4.091303131
3543,0,3.573920877,4.451518001
3544,0,3.650131255,4.489977918
3545,0,3.232344771,2.564236771
3546,0,2.969120352,2.512372293
3547,0,2.979439522,2.110043117
3548,0,3.112056230,1.985199745
3549,0,2.823659027,2.248918945
3550,0,2.575998135,2.421368132
3551,0,2.782898724,2.059590305
3552,0,3.008773346,1.890543191
3553,0,2.799978329,2.192259033
3554,0,2.355629397,2.296397612
3555,0,2.588256110,3.202859701
3556,0,2.403633310,4.248317546
3557,0,3.098552771,5.185311379
3558,0,3.597581488,4.414196698
3559,0,3.555688588,5.193488766
3560,0,2.918866319,4.229797033
3561,0,3.472562705,4.746926666
3562,0,3.385260383,3.898314249
3563,0,3.418140053,4.837489609
3564,0,0.860828741,1.432022884
3565,0,1.871905415,2.288015256
3566,0,2.275536665,3.240012713
3567,0,2.809143895,2.712832201
3568,0,2.495678760,1.881772259
3569,0,1.748304769,1.287999281
3570,0,2.565080382,1.860272630
3571,0,2.176202238,1.720512742
3572,0,1.762983584,1.207650410
3573,0,1.990914066,2.017458052
3574,0,2.088722786,1.632389896
3575,0,2.029800131,1.586346896
3576,0,1.485697859,1.373438799
3577,0,2.429572400,1.815560500
3578,0,1.611120399,1.493405784
3579,0,2.235867520,1.656622966
3580,0,1.042085412,1.047485066
3581,0,1.499999976,1.000000000
3582,0,1.483402936,1.500192784
3583,0,1.530802763,1.117673742
3584,0,1.880004134,1.347393283
3585,0,2.002230120,1.158907702
3586,0,2.542879017,1.773107239
3587,0,2.401672078,2.043142633
3588,0,2.300473583,1.574480094
3589,0,2.556040145,2.331318974
3590,0,2.247188397,1.468882781
3591,0,2.347129171,1.624686028
3592,0,2.531866062,1.873819151
3593,0,2.250891160,1.334985575
3594,0,2.655494114,2.231575785
3595,0,1.924647155,1.366698234
3596,0,2.320694763,1.593715603
3597,0,1.903942012,1.929743202
3598,0,2.202655344,1.533074407
3599,0,1.562535969,1.247071498
3600,0,1.846148163,2.462516305
3601,0,2.267735502,1.837836120
3602,0,1.589619377,2.079933946
3603,0,0.824084307,0.516487134
3604,0,1.662508140,1.498192628
3605,0,2.119680380,2.403243856
3606,0,1.915773132,1.393210396
3607,0,2.175019801,1.474539774
3608,0,1.754619463,1.038776702
3609,0,2.596053800,1.439305560
3610,0,2.432654518,1.551376424
3611,0,2.438997481,1.531016352
3612,0,2.168945635,1.443422034
3613,0,2.761751037,2.192622868
3614,0,2.035604801,1.952446072
3615,0,2.423303055,1.539538568
3616,0,2.307026680,1.561563071
3617,0,1.864571348,1.030166063
3618,0,0.714753868,0.392883118
3619,0,1.674929311,1.087795180
3620,0,1.516624931,1.035146357
3621,0,1.943725028,1.557380786
3622,0,1.885470045,1.950275805
3623,0,2.209240648,2.478179401
3624,0,0.951192184,1.548023411
3625,0,2.280262667,1.461584798
3626,0,2.010710802,1.093591068
3627,0,2.225289407,2.093799926
3628,0,2.123248975,3.640217307
3629,0,2.940963398,4.183530999
3630,0,1.562841225,1.343024109
3631,0,1.490447139,0.981393756
3632,0,1.683047978,0.899986170
3633,0,2.109639852,1.353112896
3634,0,1.560079701,1.321468081
3635,0,1.556650048,2.005414744
3636,0,2.287719583,1.685948774
3637,0,2.435237114,1.927629160
3638,0,2.549171305,1.517539837
3639,0,1.422582249,1.360825592
3640,0,1.659934036,1.329202514
3641,0,1.967647662,1.179287930
3642,0,1.358623268,0.752078457
3643,0,1.238690797,0.631694878
3644,0,1.591729435,1.454510227
3645,0,1.434025132,1.358440500
3646,0,2.365726676,1.389569309
3647,0,1.550678251,1.233516178
3648,0,1.911409815,1.407383629
3649,0,1.518694933,0.900789509
3650,0,2.028971029,1.147952206
3651,0,2.941558355,1.966002327
3652,0,3.206871165,2.652883982
3653,0,3.081749300,3.414178466
3654,0,3.379701171,2.816214829
3655,0,3.227662340,2.635184260
3656,0,3.467257921,2.865550560
3657,0,3.299213072,3.611667032
3658,0,3.381524166,4.216395465
3659,0,3.569364996,4.646887830
3660,0,3.535749399,3.772761168
3661,0,2.963959153,4.346503397
3662,0,3.986070305,3.981590563
3663,0,3.681123766,4.448817370
3664,0,2.716900394,5.075653949
3665,0,3.762094311,6.056140810
3666,0,3.746225249,6.791193740
3667,0,3.771579066,7.546220098
3668,0,3.881225632,8.625003134
3669,0,3.422918619,13.961898311
3670,0,3.266187474,8.651422029
3671,0,4.107025957,12.425778663
3672,0,3.687513524,9.567927832
3673,0,3.369396180,12.484973620
3674,0,3.835179177,11.478346269
3675,0,3.978722567,13.668086772
3676,0,2.972845731,8.979200179
3677,0,2.938358838,10.226476165
3678,0,3.183466015,7.145798706
3679,0,3.508606927,6.588369610
3680,0,2.660276470,2.272734796
3681,0,2.886849115,2.490338516
3682,0,2.520624537,1.634547040
3683,0,3.090824241,2.313433976
3684,0,2.526200520,2.379931143
3685,0,3.011209593,3.515716601
3686,0,2.162024870,3.734978639
3687,0,2.591526856,3.797430018
3688,0,2.561150736,3.989115361
3689,0,3.178358612,5.228915307
3690,0,2.605026508,5.392248591
3691,0,2.848753385,6.504459339
3692,0,2.256340034,5.494672651
3693,0,3.042674988,5.793812896
3694,0,2.744816015,4.442768508
3695,0,2.805516959,5.533255613
3696,0,2.741277545,6.586271652
3697,0,2.489830043,7.694358612
3698,0,3.045811733,8.883800672
3699,0,2.444235355,8.168358002
3700,0,3.263482507,7.268958871
3701,0,3.355872680,6.399673823
3702,0,1.589233031,2.963271501
3703,0,1.994785174,2.165315606
3704,0,3.037654079,2.991998538
3705,0,3.141146236,2.557043782
3706,0,3.062109677,3.096394624
3707,0,2.899048201,1.897018852
3708,0,2.638021708,1.484291535
3709,0,2.452516949,1.678141619
3710,0,0.050572302,0.010481090
3711,0,2.007013490,1.502328870
3712,0,2.460065085,1.826689872
3713,0,2.457724988,1.681981484
3714,0,2.806017554,2.105428611
3715,0,2.767354880,1.827350750
3716,0,2.784931718,2.190882232
3717,0,2.778616630,1.671394236
3718,0,3.314029246,2.563754279
3719,0,3.036671759,1.786007103
3720,0,2.450116127,1.771080964
3721,0,3.217044997,1.892416195
3722,0,3.013023513,2.080899330
3723,0,3.046775929,2.874709538
3724,0,2.778519401,1.857522310
3725,0,2.484618445,1.258699268
3726,0,2.886958616,2.091687244
3727,0,2.906410589,2.061066663
3728,0,3.376747715,2.319545807
3729,0,3.466314091,2.510378648
3730,0,2.731658219,2.964324480
3731,0,2.130870256,2.080775635
3732,0,2.306619795,1.980942890
3733,0,2.884491687,1.985297745
3734,0,3.015353683,2.222550778
3735,0,3.154561324,2.764178688
3736,0,2.976205198,3.242215419
3737,0,3.133647288,2.708941342
3738,0,3.506422095,3.653850055
3739,0,3.323174685,4.416275217
3740,0,3.110502894,3.639702131
3741,0,3.786696583,3.315300148
3742,0,3.629294370,3.206977469
3743,0,3.774346159,3.099496388
3744,0,3.269790663,2.682840339
3745,0,3.199752378,2.144451736
3746,0,3.155594420,2.629271094
3747,0,3.124777142,2.370347178
3748,0,3.384385909,2.927484739
3749,0,3.504045745,2.765506434
3750,0,3.525571908,2.872799100
3751,0,2.812108180,2.750730885
3752,0,3.262634022,2.675330322
3753,0,3.736210956,3.054045942
3754,0,3.328241345,3.612187210
3755,0,3.349708045,3.783387718
3756,0,3.301378220,5.084632105
3757,0,3.138596225,6.370992696
3758,0,3.331879594,5.140842628
3759,0,3.414265125,5.179320106
3760,0,3.439136089,4.053010509
3761,0,3.369562041,3.494410373
3762,0,3.363544595,3.278491168
3763,0,3.217844916,2.626231220
3764,0,3.595224430,2.460039922
3765,0,3.604208691,2.633895495
3766,0,3.249947232,2.476821312
3767,0,3.283879016,2.243011466
3768,0,3.510761962,2.590377951
3769,0,3.115111338,2.841387733
3770,0,3.011935380,2.287844324
3771,0,2.936559858,2.812884291
3772,0,2.941029475,1.967114326
3773,0,3.217279868,2.105499879
3774,0,3.061026081,2.149861366
3775,0,3.323725948,2.389818657
3776,0,3.442303621,2.816335470
3777,0,3.280314582,2.282734335
3778,0,3.089756954,2.846792904
3779,0,3.623426870,2.848047570
3780,0,2.831554541,3.219599650
3781,0,3.020598426,2.678512186
3782,0,2.186256965,1.871218659
3783,0,3.007767534,2.953124429
3784,0,3.266458627,3.472847610
3785,0,2.751090535,3.076119683
3786,0,2.923262212,2.813599992
3787,0,3.313137519,2.835990520
3788,0,3.071122109,2.709926200
3789,0,2.808821556,2.413579071
3790,0,3.039395007,3.083934668
3791,0,2.799457555,2.387128957
3792,0,2.777993313,3.050811075
3793,0,2.769133253,3.587499934
3794,0,2.572661638,2.977603309
3795,0,3.464606986,3.132621964
3796,0,3.490727690,3.552304511
3797,0,3.501508304,4.364240242
3798,0,3.497458971,3.945192151
3799,0,3.485138703,4.137472311
3800,0,3.611658102,3.865541317
3801,0,3.366456488,3.223636855
3802,0,3.966573813,3.392730701
3803,0,3.764786909,3.689867320
3804,0,3.596924236,3.479266390
3805,0,2.894071445,2.271586847
3806,0,3.122866497,2.497234843
3807,0,3.223457096,2.461220539
3808,0,3.421409092,2.621584439
3809,0,3.515933784,3.028651191
3810,0,2.333239716,3.183109091
3811,0,1.962877282,2.537873871
3812,0,2.896564534,2.229010159
3813,0,0.965875044,0.762157335
3814,0,1.938112009,1.645396801
3815,0,2.314695591,1.712702202
3816,0,2.400632574,1.947318766
3817,0,3.149198040,2.964852480
3818,0,2.638877107,1.721735150
3819,0,2.433614743,1.614613819
3820,0,2.828142069,2.663543200
3821,0,3.001847930,2.581990997
3822,0,3.106640759,3.059789590
3823,0,2.640474667,2.221244381
3824,0,2.792245116,1.918172322
3825,0,2.895884316,1.868335507
3826,0,3.176821131,2.189145078
3827,0,2.902129265,1.768548377
3828,0,2.788585722,1.582241702
3829,0,2.865908032,1.954325382
3830,0,2.725957102,2.197233448
3831,0,3.530082520,2.749719917
3832,0,3.209659780,2.395109918
3833,0,3.001207286,3.061493498
3834,0,2.949354684,3.771648761
3835,0,3.346403828,3.605205253
3836,0,3.472052522,3.978501790
3837,0,3.628946891,3.922491499
3838,0,3.611780632,4.325255943
3839,0,2.811057881,5.637499541
3840,0,3.331614527,6.213661835
3841,0,2.760920595,5.285428457
3842,0,2.847252863,6.442276168
3843,0,2.748213530,6.948750739
3844,0,3.365520172,6.236054655
3845,0,3.165261328,4.721655477
3846,0,2.646768378,3.851643812
3847,0,3.675335668,3.361212492
3848,0,3.766406887,3.905674090
3849,0,2.777821918,3.236631841
3850,0,2.880722281,3.084072932
3851,0,3.815357705,3.359232506
3852,0,3.641400388,3.668976831
3853,0,3.507913401,3.054434390
3854,0,3.526435126,3.126951791
3855,0,3.386237892,3.545356187
3856,0,3.851275770,3.510778952
3857,0,3.608020381,3.071627985
3858,0,3.248200777,2.532636032
3859,0,3.478950744,2.556956171
3860,0,2.453019367,2.561272898
3861,0,3.287061989,3.313684112
3862,0,3.318501746,3.819743000
3863,0,3.287117775,2.750832874
3864,0,3.008164458,2.217924886
3865,0,3.150316741,2.447988799
3866,0,3.151133112,2.381334579
3867,0,3.615477129,2.793742690
3868,0,3.455252917,2.536315039
3869,0,2.350437644,2.880188957
3870,0,3.369023540,2.933544129
3871,0,3.107709288,2.580328219
3872,0,2.238494139,2.512015377
3873,0,2.179306460,2.147082316
3874,0,1.975261109,1.968352529
3875,0,2.710523954,5.186272370
3876,0,2.614915159,3.365350656
3877,0,2.819829241,3.871541791
3878,0,2.584740738,4.430973623
3879,0,3.481281600,3.735411191
3880,0,3.434479123,3.348530585
3881,0,2.476841250,2.821252956
3882,0,3.098195174,2.592942108
3883,0,3.332965462,2.638189065
3884,0,3.413367347,2.570315639
3885,0,3.118354379,2.638233289
3886,0,3.067155246,3.716998008
3887,0,3.138778252,4.093854908
3888,0,3.550918549,4.883804291
3889,0,3.235694341,3.290938145
3890,0,3.066534340,3.362876847
3891,0,2.777840461,2.130086016
3892,0,2.522397710,2.695835336
3893,0,1.575061073,2.868168583
3894,0,2.835979457,2.358495351
3895,0,2.686798549,1.771052851
3896,0,2.569294988,2.111565466
3897,0,2.450901835,2.595390904
3898,0,2.569824919,1.991464236
3899,0,2.822477381,2.891518160
3900,0,2.819551751,1.965127526
3901,0,2.835438462,1.696606249
3902,0,3.040561101,2.154156872
3903,0,3.359023269,2.198023126
3904,0,3.181424037,1.970424666
3905,0,2.494536727,2.159526392
3906,0,1.490263218,1.473726792
3907,0,2.355866329,2.539226010
3908,0,3.193935057,3.146891247
3909,0,3.318839719,2.657478798
3910,0,3.379605329,2.394808245
3911,0,3.206814208,3.327414528
3912,0,3.139006599,2.604806656
3913,0,2.984809243,3.469974743
3914,0,2.126553377,3.933752546
3915,0,2.754509247,3.813909462
3916,0,3.116496327,4.552278703
3917,0,3.026704148,3.985898076
3918,0,3.004121211,4.074360277
3919,0,3.374801588,4.679357164
3920,0,3.530471855,4.483566309
3921,0,3.277540629,4.770815574
3922,0,3.486017605,4.712043088
3923,0,3.411323276,4.707077394
3924,0,3.558784569,4.644493216
3925,0,3.067434501,4.210878881
3926,0,3.066609257,3.201206974
3927,0,3.116998032,2.870289791
3928,0,3.713173000,3.226566588
3929,0,3.533624803,3.051324585
3930,0,3.807293572,3.419061780
3931,0,3.523617633,3.153846567
3932,0,3.833242155,3.533134886
3933,0,3.771193810,3.750017762
3934,0,3.709372956,3.707997436
3935,0,3.974677622,4.117661815
3936,0,3.987679583,4.577094704
3937,0,3.774008913,4.325175255
3938,0,3.864097061,4.473928779
3939,0,3.769964796,5.548625532
3940,0,3.286129579,7.080747026
3941,0,3.200928751,5.165708042
3942,0,3.932444809,4.902711249
3943,0,4.158531559,5.228991203
3944,0,4.052729208,6.193739937
3945,0,3.499748816,3.611856525
3946,0,3.418729667,3.788412508
3947,0,1.632188786,1.460078657
3948,0,2.583406447,1.922959408
3949,0,2.819790087,2.076884365
3950,0,2.756229569,1.848549974
3951,0,2.877164418,2.430015719
3952,0,3.007587918,3.112205108
3953,0,2.989482114,2.745800013
3954,0,2.407201503,1.982839325
3955,0,2.633206386,1.817778167
3956,0,2.981411488,2.053933237
3957,0,3.398657505,2.355127062
3958,0,2.867677267,2.654288095
3959,0,3.767579275,3.064925819
3960,0,3.718307250,3.150217443
3961,0,2.446118719,2.141778737
3962,0,2.446567179,2.332863748
3963,0,3.273108605,2.969545025
3964,0,3.178720256,2.478339238
3965,0,3.528872005,2.507137091
3966,0,3.193670172,2.700183545
3967,0,3.194799298,3.205053037
3968,0,3.447305084,2.671732956
3969,0,3.575612288,2.664843493
3970,0,3.464776905,3.069843560
3971,0,3.472396455,2.641886016
3972,0,3.980103094,3.436116981
3973,0,3.519357555,3.018854438
3974,0,3.742851309,2.824469360
3975,0,3.443303863,2.794070167
3976,0,3.537494796,2.868832941
3977,0,3.349479882,2.724863876
3978,0,3.595755549,2.893411177
3979,0,3.379745586,2.739809091
3980,0,3.221234093,3.143344464
3981,0,3.733098018,3.187468901
3982,0,3.800410976,3.658087707
3983,0,3.820821341,3.296155803
3984,0,2.954608465,3.695906094
3985,0,3.443101487,3.549432505
3986,0,3.779577054,4.073990433
3987,0,3.077882628,4.393025204
3988,0,3.691286107,3.955635158
3989,0,2.788150278,4.045752731
3990,0,3.808703692,4.968184611
3991,0,2.949635513,4.120940988
3992,0,3.979127155,3.835423890
3993,0,3.865852070,4.306941450
3994,0,4.063204062,4.971879141
3995,0,3.752476283,4.329855184
3996,0,2.405649576,3.609034734
3997,0,2.662569451,4.189032386
3998,0,3.158709746,3.831659284
3999,0,2.338050282,3.928779210
4000,0,2.922601330,3.453339119
4001,0,3.113005664,3.130811553
4002,0,3.040465851,3.331301056
4003,0,2.873428031,3.847298089
4004,0,2.939404486,4.463807812
4005,0,3.075587865,5.627784975
4006,0,2.907698877,4.367501807
4007,0,3.180238682,5.257897221
4008,0,3.298472145,4.690128460
4009,0,3.384350437,5.483021985
4010,0,3.361755973,4.645602654
4011,0,3.501087385,5.445338065
4012,0,3.657330857,4.558976124
4013,0,2.726318671,5.309340541
4014,0,3.444401023,6.203119216
4015,0,3.667721546,5.339599700
4016,0,3.755375577,4.868080508
4017,0,3.890840531,4.526334362
4018,0,3.704060451,4.889325764
4019,0,3.574465007,5.752209422
4020,0,3.105674053,6.708432350
4021,0,3.601566746,6.080878587
4022,0,3.698962722,6.986697352
4023,0,3.821872382,5.927189983
4024,0,3.033061832,5.858875437
4025,0,3.305945400,4.982729800
4026,0,3.390364189,6.060103799
4027,0,3.502635642,5.295436630
4028,0,2.640516967,3.064361796
4029,0,1.851618746,1.992048929
4030,0,1.766356201,2.544946195
4031,0,2.475013705,3.180905286
4032,0,2.809281493,4.018139682
4033,0,2.814562653,2.893741093
4034,0,2.959810404,2.342823246
4035,0,2.576369386,2.004086860
4036,0,2.902785670,1.836701817
4037,0,2.878900941,2.235843824
4038,0,2.878710578,2.207854514
4039,0,1.468194769,1.302128202
4040,0,2.214366800,1.427688990
4041,0,2.599308083,1.869633695
4042,0,2.782716165,2.269371543
4043,0,3.055479884,2.358230543
4044,0,3.165499217,3.219300285
4045,0,2.268021713,2.167372314
4046,0,3.291298213,2.316758458
4047,0,3.185953829,2.409851456
4048,0,3.442350397,3.063302904
4049,0,3.390723008,2.652203046
4050,0,3.338227694,2.853601870
4051,0,3.653076144,3.253872009
4052,0,2.432688991,2.746692972
4053,0,2.902117699,3.025525222
4054,0,1.533116810,1.720151285
4055,0,2.711539048,2.489152932
4056,0,1.515051320,1.868165852
4057,0,1.817971008,1.405808659
4058,0,2.284473227,1.588581611
4059,0,2.549379256,2.341086042
4060,0,2.584158907,3.012169560
4061,0,3.180574826,4.033870319
4062,0,2.346631267,2.455356342
4063,0,3.328786103,3.385703688
4064,0,1.717843127,2.131697265
4065,0,2.459247784,1.905774406
4066,0,2.696673294,2.789106464
4067,0,2.090486718,3.056063833
4068,0,2.355551377,3.856095469
4069,0,2.193106646,3.085425287
4070,0,3.166965091,2.767677233
4071,0,3.036957249,3.061306402
4072,0,3.116411372,2.558446331
4073,0,2.960550779,2.487693734
4074,0,3.415272660,3.624959088
4075,0,3.619860080,3.122699235
4076,0,3.035996946,2.533636199
4077,0,3.248163633,2.986132768
4078,0,2.905089596,2.489436896
4079,0,3.216961341,2.855584583
4080,0,3.198808264,2.567699803
4081,0,2.899776475,1.865745932
4082,0,3.087134561,2.278313140
4083,0,1.557501567,1.346744400
4084,0,2.073343468,2.047884602
4085,0,2.803230625,2.011667380
4086,0,2.504111003,1.790913708
4087,0,2.850082505,2.317313235
4088,0,2.773276062,2.291518560
4089,0,2.684944613,2.335970342
4090,0,2.499898632,1.916235596
4091,0,3.197485456,2.634447249
4092,0,3.074159072,3.203019823
4093,0,3.060170741,3.030356951
4094,0,3.402789832,2.508873371
4095,0,3.417922790,2.479495071
4096,0,3.343178568,3.048771860
4097,0,3.032226679,3.171967702
4098,0,3.364801543,3.870015965
4099,0,3.256556951,4.307251768
4100,0,3.080562661,4.736513594
4101,0,3.043317451,5.372173882
4102,0,2.528229496,2.057238797
4103,0,3.050968221,2.026715907
4104,0,3.355351300,2.396825034
4105,0,3.308094088,2.927954441
4106,0,3.445316331,2.858361388
4107,0,2.576249300,2.275227385
4108,0,2.567602649,2.385034215
4109,0,3.188181884,2.605183886
4110,0,3.422947386,2.892451917
4111,0,3.533938897,3.251102359
4112,0,3.424100008,3.193242235
4113,0,2.964925374,3.125996914
4114,0,3.863931788,3.571175428
4115,0,3.894849381,3.897504615
4116,0,3.642435968,4.481441467
4117,0,3.420624043,5.305566450
4118,0,3.114572415,6.048248589
4119,0,3.520609335,7.237950502
4120,0,3.516478949,7.804248090
4121,0,3.548338717,6.325228656
4122,0,2.996110504,6.100809974
4123,0,4.004858398,5.680323528
4124,0,3.672188492,6.588796544
4125,0,3.717231900,7.039921749
4126,0,4.002680695,7.898531889
4127,0,2.975699387,6.477614297
4128,0,3.946311471,7.468540385
4129,0,4.032499744,6.742406214
4130,0,3.913678891,5.999883492
4131,0,3.686222902,6.202452258
4132,0,3.740306385,7.527393315
4133,0,3.435332497,5.705817406
4134,0,3.129738936,4.973910122
4135,0,3.784805330,4.780127726
4136,0,3.758822422,5.596041720
4137,0,3.666410262,3.997932119
4138,0,3.200530897,2.389104626
4139,0,2.950417523,2.234693057
4140,0,2.995080268,2.849159497
4141,0,2.592833348,1.924732518
4142,0,2.697807134,2.333754837
4143,0,2.797792451,3.340321069
4144,0,3.281764028,3.513547195
4145,0,2.990381011,2.397806857
4146,0,2.494597996,1.976532934
4147,0,1.736011312,1.797035375
4148,0,1.629856216,1.755793807
4149,0,2.727234916,2.334923700
4150,0,2.793788718,2.091923291
4151,0,2.835176210,2.836120574
4152,0,2.785335737,3.742301790
4153,0,3.179538357,4.637657160
4154,0,3.059938732,5.522086886
4155,0,2.974120135,6.282115742
4156,0,2.886584852,5.653710471
4157,0,3.000600890,5.127292394
4158,0,3.575922870,4.513305988
4159,0,2.675324753,4.008932162
4160,0,2.403369790,3.727721690
4161,0,2.356107541,3.333001583
4162,0,3.026101339,2.926859046
4163,0,3.093983775,2.752142986
4164,0,2.507544956,3.252608563
4165,0,3.481893508,3.223201520
4166,0,3.522417989,3.648293829
4167,0,3.628589670,4.156184704
4168,0,3.710435230,3.989987571
4169,0,3.677671736,4.324437483
4170,0,3.720405562,4.202382201
4171,0,4.048089888,4.004519440
4172,0,3.846083458,4.048617990
4173,0,3.999331151,3.786619455
4174,0,3.547281642,4.089170910
4175,0,3.791584394,4.109575892
4176,0,3.185796548,4.825438998
4177,0,3.043420208,3.839979296
4178,0,3.153844752,3.422269017
4179,0,2.841275873,3.085469427
4180,0,2.930101423,4.088426084
4181,0,2.921890319,3.330821305
4182,0,3.365114272,3.152010374
4183,0,2.939553130,3.791529833
4184,0,3.119155289,3.842991046
4185,0,2.429843897,1.896544221
4186,0,3.189697003,2.502670805
4187,0,2.636085457,1.565773523
4188,0,2.914240764,1.837455632
4189,0,3.024121509,1.787873941
4190,0,2.603132368,2.092599069
4191,0,2.987937988,1.849230616
4192,0,2.649430375,2.127271597
4193,0,3.609934066,3.284896796
4194,0,1.963781682,1.620165659
4195,0,2.357298526,2.299570210
4196,0,2.709771688,1.821112667
4197,0,2.278644751,1.807842668
4198,0,3.222442041,4.016350885
4199,0,3.144790856,2.228158242
4200,0,3.525833674,3.345778448
4201,0,3.804971873,3.456446569
4202,0,3.644153323,3.952897682
4203,0,3.681000235,5.112817013
4204,0,3.616150866,5.920871824
4205,0,3.629783962,5.025472532
4206,0,3.819290712,5.796708145
4207,0,3.363784957,3.260169608
4208,0,3.566008729,3.816786130
4209,0,2.964733269,5.036462868
4210,0,1.376351508,1.399372504
4211,0,2.174331467,2.311222252
4212,0,1.882471445,2.981269366
4213,0,2.094220026,3.328728827
4214,0,2.734456257,3.480019383
4215,0,3.152390865,2.559934699
4216,0,2.698423619,1.431108587
4217,0,3.222957638,2.111055917
4218,0,3.166191027,2.473978251
4219,0,3.069778653,1.989634958
4220,0,3.031413518,2.425345981
4221,0,2.967623063,1.862246461
4222,0,2.913992095,1.808294953
4223,0,2.870119501,1.696445408
4224,0,2.748488356,1.838512216
4225,0,2.719576993,1.391281476
4226,0,3.014149019,1.848045502
4227,0,3.000664373,2.756757255
4228,0,2.985286491,3.240724693
4229,0,2.928552049,2.646646696
4230,0,2.786950529,3.549611764
4231,0,2.778652262,4.277643043
4232,0,3.423640836,3.624145621
4233,0,3.279753638,2.976864361
4234,0,3.340194632,2.697973382
4235,0,3.317618553,3.323261293
4236,0,3.245042517,2.706401741
4237,0,3.441563195,3.126075665
4238,0,3.428914808,2.901762665
4239,0,3.497737350,3.354475907
4240,0,3.579552242,3.233533517
4241,0,3.642988783,3.762088940
4242,0,3.452826308,3.367008726
4243,0,3.428184194,3.478964312
4244,0,3.373924774,2.846801775
4245,0,3.368045847,2.488212804
4246,0,3.613078551,3.066653664
4247,0,3.425426421,3.471562333
4248,0,3.660630795,3.443403779
4249,0,3.326844326,3.810632124
4250,0,3.589898868,3.452902417
4251,0,3.344279806,4.113680534
4252,0,3.591561010,3.550239035
4253,0,3.204280750,2.982910124
4254,0,2.990357080,2.513148645
4255,0,2.819168904,2.958635541
4256,0,3.637266394,2.923008884
4257,0,3.523591756,3.452953533
4258,0,3.666227105,3.472707166
4259,0,3.641597058,3.732601250
4260,0,3.662198917,4.165125901
4261,0,2.939911596,4.956704286
4262,0,3.498822474,4.469388109
4263,0,3.605449764,5.121377907
4264,0,3.537720483,5.048347265
4265,0,3.930719106,5.523272658
4266,0,3.858161640,5.637670757
4267,0,2.704941791,4.938160772
4268,0,2.810336555,3.455968492
4269,0,3.214472917,3.194241233
4270,0,3.283498607,3.516282573
4271,0,2.523393471,4.036057962
4272,0,3.340178291,3.668191724
4273,0,3.180965670,3.060638348
4274,0,2.889074354,4.120507912
4275,0,3.217470964,3.518991831
4276,0,3.257251849,2.973801165
4277,0,2.708195101,3.314856478
4278,0,3.442017047,3.955156360
4279,0,3.327339078,4.970634113
4280,0,2.713618748,4.508237445
4281,0,3.205446529,5.213742033
4282,0,2.376536233,4.131517625
4283,0,2.477801203,4.234146574
4284,0,3.222058215,4.786706594
4285,0,3.051060219,4.205945860
4286,0,3.600556141,4.745346203
4287,0,3.589775649,5.507040459
4288,0,3.371415736,4.960802399
4289,0,2.815350210,4.061660941
4290,0,3.647599417,4.345492157
4291,0,3.603796221,4.089887695
4292,0,3.610055863,4.471677953
4293,0,3.541918041,4.028532155
4294,0,3.485744587,3.668657478
4295,0,3.426620696,4.344525808
4296,0,3.818203475,3.637185590
4297,0,3.643836981,3.207862136
4298,0,2.926691834,3.474716818
4299,0,3.330059131,3.070924303
4300,0,3.532254600,3.488975186
4301,0,3.780136494,3.407178208
4302,0,3.512998029,3.271486411
4303,0,3.404712038,3.392940792
4304,0,3.974226185,3.553584560
4305,0,3.827963021,3.613495723
4306,0,3.808955113,3.975136738
4307,0,3.631368983,3.976674572
4308,0,3.100754689,2.935263429
4309,0,3.219946269,2.843873864
4310,0,2.868033093,2.899231833
4311,0,2.820041475,3.081527790
4312,0,3.830095816,3.682677364
4313,0,3.473723744,4.010639479
4314,0,3.404433222,3.422559138
4315,0,3.365736525,3.293520692
4316,0,3.428127581,3.498468325
4317,0,3.481655586,3.319595777
4318,0,3.523337326,3.823518894
4319,0,3.891603977,4.102492073
4320,0,3.671661962,3.973443781
4321,0,3.754026195,3.607764663
4322,0,3.841764827,3.623637690
4323,0,3.713527690,3.715567414
4324,0,3.680771905,3.949863900
4325,0,4.004812193,4.174771087
4326,0,2.742619184,3.180476687
4327,0,3.394498902,3.527518769
4328,0,3.889943195,3.976688666
4329,0,3.545972689,4.280154086
4330,0,3.458460651,3.690492266
4331,0,3.299591875,4.114395458
4332,0,3.339435842,4.883311280
4333,0,3.259708449,4.041014115
4334,0,3.293920028,3.397906569
4335,0,3.673912912,3.189907198
4336,0,3.319354625,3.379411343
4337,0,3.680581039,3.203860138
4338,0,3.331715944,3.560478117
4339,0,2.897322615,3.240077416
4340,0,2.865457644,3.759382435
4341,0,3.013212632,3.614256290
4342,0,3.873471738,3.443292011
4343,0,3.547101630,3.309935701
4344,0,3.617454544,3.501784134
4345,0,3.600354295,3.570650262
4346,0,3.642424656,3.796315222
4347,0,3.596295783,3.767613274
4348,0,3.972335524,3.973691367
4349,0,3.852218481,3.864703911
4350,0,3.351216299,4.273597966
4351,0,3.077929632,3.752128659
4352,0,4.040087316,4.038121524
4353,0,3.552046848,3.240757885
4354,0,3.495127651,3.592345876
4355,0,3.779954245,4.156151041
4356,0,3.256672839,3.943616420
4357,0,3.397664901,4.238561893
4358,0,3.348671255,3.418092828
4359,0,2.868528877,4.745665684
4360,0,3.148228987,3.618771265
4361,0,2.553329550,2.188301379
4362,0,3.460576865,2.741719052
4363,0,2.316159311,2.292641438
4364,0,3.034932237,2.494159494
4365,0,2.131655120,2.329863616
4366,0,2.856079505,3.299449881
4367,0,3.029342003,2.804442010
4368,0,2.980116996,4.138264326
4369,0,3.361264441,3.588111767
4370,0,3.062993205,2.770745517
4371,0,3.155083616,3.613364021
4372,0,3.164158203,4.410287028
4373,0,3.259931917,3.856379212
4374,0,3.462803609,4.144006931
4375,0,3.281659300,3.067779494
4376,0,3.262814350,2.686602697
4377,0,3.287559404,3.480119645
4378,0,3.222980220,3.865858540
4379,0,3.336558628,3.219738793
4380,0,2.426699226,3.870580585
4381,0,3.167292801,3.539408101
4382,0,3.329882749,4.078963083
4383,0,3.191116929,4.659897770
4384,0,3.338459069,5.535128884
4385,0,3.852810579,4.852543503
4386,0,3.449568288,5.452182699
4387,0,3.577099008,4.756295549
4388,0,3.394528356,3.974941480
4389,0,2.725411715,4.838125593
4390,0,2.892464898,4.388002275
4391,0,2.915976396,5.177380189
4392,0,3.055477423,4.477738707
4393,0,4.032508439,4.204338891
4394,0,4.047526303,4.671519118
4395,0,3.853115690,5.216798862
4396,0,3.719339804,4.864108303
4397,0,2.782073137,6.437531340
4398,0,3.132827407,5.528463049
4399,0,3.572082170,6.382184971
4400,0,3.526163752,5.765030736
4401,0,4.024400628,6.650987982
4402,0,4.066836761,5.997314066
4403,0,3.850938245,6.376698336
4404,0,3.529405202,6.219122906
4405,0,3.673933880,6.079477781
4406,0,4.024173092,5.267895025
4407,0,3.789878016,5.765814034
4408,0,4.160047026,6.511148601
4409,0,4.018156542,5.990976408
4410,0,3.726021350,5.624424889
4411,0,3.246512905,5.460112328
4412,0,4.225013542,5.137336596
4413,0,3.861899579,4.591070762
4414,0,3.366184870,4.759969025
4415,0,3.171177941,5.008919081
4416,0,3.875161737,5.789617535
4417,0,2.442785268,4.412132795
4418,0,2.610664556,4.469288270
4419,0,2.575631468,4.494015861
4420,0,3.160009247,5.357057259
4421,0,3.321681298,6.050995930
4422,0,3.009727877,5.786395452
4423,0,4.025937831,5.284240849
4424,0,3.945096070,4.817231297
4425,0,3.603341712,5.601709402
4426,0,3.790569362,5.117551344
4427,0,3.953716074,5.909368158
4428,0,3.900044658,5.833166297
4429,0,3.900341667,6.101549781
4430,0,3.921535702,5.416236112
4431,0,3.725450659,5.361944617
4432,0,3.373614577,3.053222622
4433,0,3.548491363,4.850161396
4434,0,3.505308073,4.168894553
4435,0,3.645828469,4.700448409
4436,0,3.591992147,4.048106436
4437,0,1.944812167,1.716168774
4438,0,2.528619097,1.743140076
4439,0,2.758927648,2.886223152
4440,0,2.896219392,3.291515580
4441,0,3.165045898,4.692801584
4442,0,2.701755313,3.740590060
4443,0,3.512823079,3.558444725
4444,0,3.300401986,3.235019502
4445,0,3.301091264,3.874333956
4446,0,3.319591393,2.935151630
4447,0,3.430955464,2.936230673
4448,0,3.340163502,3.462858224
4449,0,3.542991640,3.248647491
4450,0,3.449557111,2.731528666
4451,0,3.572354912,2.762337889
4452,0,3.412017026,2.925520802
4453,0,3.215099648,3.462531875
4454,0,3.866550580,3.280568170
4455,0,3.894398370,3.063628678
4456,0,3.770245946,3.520930632
4457,0,3.010188889,3.663381554
4458,0,3.202543754,3.999479188
4459,0,4.043854688,3.812553093
4460,0,3.964078585,4.083697280
4461,0,3.779829262,4.666916314
4462,0,3.827741156,5.328153762
4463,0,4.039618177,5.953793546
4464,0,2.751430527,5.521358982
4465,0,3.591731265,4.752418956
4466,0,3.600858791,4.595722927
4467,0,3.697851050,4.018064863
4468,0,3.732228349,4.029240629
4469,0,4.007863725,4.327323878
4470,0,3.160850990,4.312277417
4471,0,3.130942417,3.673679088
4472,0,3.415042012,4.473814800
4473,0,2.897371180,5.560104152
4474,0,3.904383878,4.982798070
4475,0,3.559098170,4.234022694
4476,0,2.930020638,5.222210176
4477,0,3.420151649,5.948188932
4478,0,3.914111219,5.187214592
4479,0,3.624638429,4.734268834
4480,0,3.682750976,4.193620110
4481,0,3.654357119,4.615681564
4482,0,3.702262486,4.220956570
4483,0,3.749013039,4.331842608
4484,0,3.519418341,3.766371161
4485,0,3.598550821,4.106467471
4486,0,3.223923616,3.854121479
4487,0,3.538589146,2.927736119
4488,0,3.614511461,2.582510033
4489,0,3.540154811,2.772508289
4490,0,3.420435662,2.711678234
4491,0,3.597152474,2.873700154
4492,0,3.202689597,2.646333887
4493,0,3.376365536,2.411124716
4494,0,2.848882122,2.227812636
4495,0,2.914476962,1.997997166
4496,0,2.634617975,1.766361288
4497,0,2.733221287,1.619229067
4498,0,2.548402772,1.577101344
4499,0,2.663439618,1.657901538
4500,0,2.713858230,2.224916030
4501,0,2.772612321,2.029279154
4502,0,2.812065242,2.883065489
4503,0,2.984377446,3.828334503
4504,0,3.231321852,3.125948816
4505,0,3.053814300,3.051555718
4506,0,3.191014516,3.688668759
4507,0,3.119938884,3.316673877
4508,0,3.083517812,3.550053517
4509,0,2.972277134,2.936179611
4510,0,3.031869395,2.892293552
4511,0,2.921677125,3.874651082
4512,0,3.446341664,4.866938704
4513,0,2.939048713,3.805467411
4514,0,2.553687033,3.186148296
4515,0,3.225570232,4.055109805
4516,0,3.355484877,4.935796018
4517,0,3.216282025,4.417329938
4518,0,3.353169489,4.109271353
4519,0,3.337905596,4.865155306
4520,0,3.577658081,4.417814702
4521,0,3.308653259,5.001681081
4522,0,3.077361110,4.642030727
4523,0,3.149741808,5.212271395
4524,0,3.035340719,5.954529152
4525,0,3.173779915,6.700875115
4526,0,3.577407160,7.599842480
4527,0,2.551549882,6.814318532
4528,0,3.037626345,6.071825352
4529,0,3.150095798,5.432372469
4530,0,3.072901025,6.205200107
4531,0,3.169513637,7.186651826
4532,0,3.106624028,6.409988197
4533,0,3.201730702,5.818741369
4534,0,3.059582033,5.194216137
4535,0,3.139315986,5.862219374
4536,0,3.037549837,6.546783404
4537,0,2.888280235,5.391229165
4538,0,2.835139265,4.808414174
4539,0,3.289130488,4.211807933
4540,0,3.014195593,4.620236772
4541,0,2.902232946,3.653508888
4542,0,2.667133879,3.821923152
4543,0,2.935757244,3.086064897
4544,0,2.994920246,3.844031522
4545,0,3.117435378,3.309722348
4546,0,2.693643509,3.465180068
4547,0,1.578795926,2.137432316
4548,0,2.310007201,1.835941566
4549,0,2.908301561,2.582677512
4550,0,2.521910008,3.037599131
4551,0,2.301525295,2.140523074
4552,0,2.528548511,1.805688309
4553,0,2.767678086,2.509602035
4554,0,2.083499851,3.545334878
4555,0,2.952460131,4.533339386
4556,0,3.047857009,4.114040113
4557,0,3.149510859,4.849557958
4558,0,3.090878272,5.665390212
4559,0,3.171831856,5.363870861
4560,0,3.099094489,5.831392112
4561,0,3.142828749,5.222490636
4562,0,3.088278903,4.849867890
4563,0,3.771374818,5.464238721
4564,0,3.292417648,4.848576603
4565,0,3.331496680,4.266536608
4566,0,2.926528240,4.298042618
4567,0,3.096048539,5.156684465
4568,0,3.110940073,6.262350524
4569,0,3.762866968,5.740918256
4570,0,3.333532934,5.034383983
4571,0,3.046903033,5.576488892
4572,0,3.590560109,4.925044873
4573,0,3.640967501,5.526633769
4574,0,4.097330911,5.055179147
4575,0,3.929137005,5.599122691
4576,0,4.094163252,6.437680254
4577,0,3.783919306,6.021463343
4578,0,3.787196698,5.058076957
4579,0,2.790694477,5.566035944
4580,0,3.096988718,6.260658252
4581,0,2.988434725,5.397405571
4582,0,2.947084335,5.307670384
4583,0,3.467140214,5.595818420
4584,0,3.658904720,5.304617584
4585,0,3.792516335,5.625435074
4586,0,3.595219643,4.855596049
4587,0,2.907578595,2.720218627
4588,0,3.721695043,3.006069731
4589,0,3.492078174,3.140621739
4590,0,3.281956874,2.553368827
4591,0,3.067659319,2.328372429
4592,0,2.168433467,1.383853631
4593,0,2.144581479,1.329674039
4594,0,2.874535186,1.694125047
4595,0,0.998644026,1.058723777
4596,0,2.207801276,2.117546346
4597,0,2.139912147,2.879900620
4598,0,2.725801614,2.207362702
4599,0,2.938461120,3.537133078
4600,0,3.134551111,4.361339509
4601,0,2.742618865,3.991459841
4602,0,3.055451251,3.069677416
4603,0,2.808632288,2.033708534
4604,0,2.666681721,2.222247150
4605,0,2.846019465,2.145749510
4606,0,3.529540079,2.614677238
4607,0,3.542573097,2.916726868
4608,0,3.461386816,3.119807170
4609,0,3.819197496,3.986850815
4610,0,3.889346765,3.339919149
4611,0,3.755807442,3.438893822
4612,0,3.889387111,4.346807061
4613,0,3.647870969,3.646746768
4614,0,2.829715444,3.099563493
4615,0,2.922733141,3.086689273
4616,0,2.985126057,3.519313696
4617,0,3.892816469,4.142561664
4618,0,3.643712051,3.216233370
4619,0,2.697478623,3.695027673
4620,0,3.571189573,3.921395411
4621,0,2.973586890,2.867080949
4622,0,3.322809620,2.742317327
4623,0,3.180193254,2.111196498
4624,0,2.966564053,2.663769351
4625,0,3.175487772,2.829338872
4626,0,2.797009020,2.025007822
4627,0,2.446783216,1.425523393
4628,0,3.081502367,1.652298662
4629,0,3.231032973,1.888467796
4630,0,3.075694596,2.421128314
4631,0,2.642409647,1.880878046
4632,0,2.850339311,2.195619880
4633,0,2.486878576,1.991907953
4634,0,2.883422514,2.697357383
4635,0,2.604544259,2.165183453
4636,0,2.845130261,1.659776280
4637,0,2.663727833,2.022288073
4638,0,2.676678628,1.564556990
4639,0,2.597634269,1.855543342
4640,0,3.175173008,2.481034798
4641,0,2.705349137,1.490816319
4642,0,2.965304848,2.150603591
4643,0,3.291531150,2.346141343
4644,0,3.495409710,3.097147823
4645,0,3.106296509,2.500965537
4646,0,3.643162985,2.302517045
4647,0,3.990159997,3.145426189
4648,0,1.148290519,0.942517974
4649,0,2.064580374,1.328441447
4650,0,1.903477724,1.442689338
4651,0,2.065286824,1.171675977
4652,0,2.154385082,1.329060483
4653,0,2.862239664,1.725531106
4654,0,1.852740220,2.210672610
4655,0,2.622534294,1.655240497
4656,0,1.860789366,1.358985408
4657,0,2.173127450,1.517217192
4658,0,2.479167851,1.628103441
4659,0,2.704349462,2.072972719
4660,0,2.162725256,2.089577347
4661,0,2.588849317,1.719820240
4662,0,2.594702429,1.738808990
4663,0,2.929539018,2.547519668
4664,0,2.492256837,3.011722121
4665,0,2.396633368,3.104930361
4666,0,1.376268587,1.368884442
4667,0,2.429817425,1.566180583
4668,0,2.922325517,1.671977023
4669,0,2.897894284,2.054193292
4670,0,2.862920301,2.046303751
4671,0,2.860087659,1.732816835
4672,0,2.830010271,1.740865893
4673,0,3.127186669,2.785242670
4674,0,3.542176285,3.805898013
4675,0,3.608705362,4.068171076
4676,0,3.657091549,3.165827816
4677,0,3.165604694,2.174431706
4678,0,2.794544752,2.299855804
4679,0,3.115923025,2.660337069
4680,0,3.035057554,3.563834772
4681,0,3.290295235,2.657132918
4682,0,2.849903986,1.836570680
4683,0,3.313773624,2.345922027
4684,0,3.307741940,2.392135389
4685,0,3.681829116,3.124306306
4686,0,2.412689335,1.303841724
4687,0,2.063731707,1.568218765
4688,0,2.574051627,1.928278424
4689,0,2.348614852,1.332426303
4690,0,2.264495316,2.114071179
4691,0,2.861717364,2.127516818
4692,0,2.829001697,1.897817401
4693,0,3.009635372,2.553093013
4694,0,2.970758578,3.315379885
4695,0,2.966051132,2.647168157
4696,0,2.948561404,3.009679817
4697,0,1.326334687,1.546365751
4698,0,1.257849868,1.125901361
4699,0,1.521928095,1.200000000
4700,0,2.075303902,1.266666667
4701,0,1.884981036,1.150442478
4702,0,2.111007335,1.031464983
4703,0,1.955180839,1.309449234
4704,0,2.095893036,2.071373394
4705,0,2.282718450,2.188590285
4706,0,2.345157154,1.588085470
4707,0,2.417929868,1.279924524
4708,0,2.252580363,1.285977159
4709,0,2.468246291,1.712176063
4710,0,1.807781478,1.799905384
4711,0,1.718953651,1.026442198
4712,0,2.859541771,2.070851039
4713,0,2.583427140,1.745973279
4714,0,1.819808535,1.108081878
4715,0,1.941356403,1.282086924
4716,0,1.908222794,1.218088171
4717,0,2.367652326,1.607885829
4718,0,3.468370232,2.364029399
4719,0,2.993344336,2.560160730
4720,0,3.120045511,3.621149101
4721,0,3.278738344,3.155982333
4722,0,3.264028110,2.480892532
4723,0,3.197223968,2.467470026
4724,0,3.127386043,2.647878761
4725,0,3.381833193,3.096605555
4726,0,3.918290273,2.957954335
4727,0,3.467297085,2.977591532
4728,0,3.807936651,3.276208929
4729,0,3.593271244,3.663191149
4730,0,3.705678188,4.020429299
4731,0,3.881049975,4.937088126
4732,0,4.094068608,6.642945971
4733,0,3.830387053,5.986477533
4734,0,3.795340987,5.909472054
4735,0,3.223970491,4.182674359
4736,0,2.741278090,3.775586196
4737,0,3.718897662,3.831973142
4738,0,3.393728418,3.882486726
4739,0,3.679518621,4.266181092
4740,0,3.561539891,3.702204869
4741,0,3.801758631,4.158940641
4742,0,4.078030060,3.888223936
4743,0,3.790762738,3.750102649
4744,0,3.637956842,3.683546749
4745,0,3.618359414,3.524759241
4746,0,4.019698784,3.832095521
4747,0,3.802026719,3.873201795
4748,0,3.404114055,3.370488756
4749,0,3.733399477,3.506703199
4750,0,3.747221148,3.900703303
4751,0,3.941429787,4.541572395
4752,0,3.822454965,5.175617790
4753,0,3.952431158,4.878794153
4754,0,2.825305654,3.466831738
4755,0,3.461859434,3.628878254
4756,0,3.801602614,4.006895166
4757,0,3.839638704,4.264426831
4758,0,2.886459040,4.557728659
4759,0,3.115105348,4.914681996
4760,0,3.638986704,5.654645002
4761,0,3.739968226,6.364547505
4762,0,3.884042547,7.404420102
4763,0,3.547787772,7.192465401
4764,0,3.712344210,5.780085698
4765,0,3.905759597,6.368004577
4766,0,3.556831373,9.066170223
4767,0,4.103395844,5.921726079
4768,0,4.126787470,5.542527510
4769,0,3.241251977,2.933503933
4770,0,2.953921209,1.954427889
4771,0,2.580543600,2.007786300
4772,0,2.740337371,2.156264223
4773,0,2.920528785,2.065105384
4774,0,2.706880303,2.229927764
4775,0,2.152545984,2.261527699
4776,0,2.783865113,2.110853558
4777,0,3.073958519,2.142451234
4778,0,3.369200035,2.674050417
4779,0,3.214503412,3.238219901
4780,0,3.228617829,3.121446508
4781,0,2.284710617,1.842464820
4782,0,2.236746399,1.977499230
4783,0,2.627560294,1.732649334
4784,0,2.982770507,2.311332478
4785,0,1.632808541,1.500371184
4786,0,1.462221187,1.176915588
4787,0,2.217351138,1.385898641
4788,0,2.539224485,1.691532102
4789,0,2.729316643,1.827454269
4790,0,2.867702498,2.118655245
4791,0,3.005962744,2.029951139
4792,0,2.740951634,1.797377070
4793,0,2.694549968,2.171510854
4794,0,2.234082821,1.822147260
4795,0,2.798011379,1.848478240
4796,0,3.245204821,2.470477387
4797,0,2.962680194,2.651888116
4798,0,3.163397333,2.983101126
4799,0,1.854222669,2.138682877
4800,0,1.705857260,1.670642625
4801,0,2.309401736,3.195589709
4802,0,2.519497121,2.679983111
4803,0,3.196476901,2.253106483
4804,0,2.940538417,2.007342779
4805,0,2.365595650,1.963692404
4806,0,2.436401248,2.772533733
4807,0,3.409692131,2.693374294
4808,0,3.059194484,2.817011027
4809,0,2.075332379,1.776583462
4810,0,2.283542660,1.701710782
4811,0,-0.000000000,0.000000000
4812,0,1.000000000,1.000000000
4813,0,1.775858948,1.076923077
4814,0,1.863120569,1.571428571
4815,0,2.603644196,2.378980892
4816,0,2.471121466,1.974431818
4817,0,2.488243485,2.135773318
4818,0,2.845692895,2.111880702
4819,0,3.499722350,2.843739316
4820,0,3.550408258,3.410814992
4821,0,3.206321403,2.765403949
4822,0,3.229933329,3.286621581
4823,0,3.247142285,2.825441726
4824,0,3.421294546,3.382449199
4825,0,1.579856245,1.940848764
4826,0,1.956833068,1.726841098
4827,0,2.660376663,2.422974810
4828,0,2.960129758,3.504170979
4829,0,2.990613663,2.622404272
4830,0,2.789957351,2.080457077
4831,0,2.475468529,2.017997685
4832,0,3.239985618,2.440619186
4833,0,3.267524078,2.460027830
4834,0,3.246688456,2.593240568
4835,0,3.290380392,2.630950471
4836,0,3.388861667,2.920549375
4837,0,3.434085610,3.098419216
4838,0,3.486979218,3.588626868
4839,0,3.871484108,3.434602140
4840,0,3.650841873,4.262331134
4841,0,3.708480044,4.092388589
4842,0,2.703788577,2.018253981
4843,0,2.549177176,2.202007994
4844,0,2.470426680,2.646321757
4845,0,1.314278970,2.604642716
4846,0,1.386551280,3.007354917
4847,0,1.383802675,4.453265007
4848,0,2.154123554,5.610095941
4849,0,2.642600288,4.768244732
4850,0,2.764125712,5.657963959
4851,0,2.619997438,5.499386573
4852,0,2.290918625,6.089655542
4853,0,3.095203843,5.145033377
4854,0,3.053613278,4.290205026
4855,0,2.836634140,5.162512020
4856,0,3.374147272,4.412916905
4857,0,3.227661186,5.282374270
4858,0,2.687764354,4.701491851
4859,0,3.472542428,5.765410091
4860,0,3.426209936,6.720351614
4861,0,3.268484825,7.716728348
4862,0,3.311035677,8.560363272
4863,0,3.765874235,9.584625234
4864,0,3.763337704,11.079062783
4865,0,3.819754363,11.630067224
4866,0,3.231874694,10.839673644
4867,0,3.505576004,8.301092351
4868,0,3.882811936,7.856632197
4869,0,3.941634639,8.232818697
4870,0,3.868524915,7.164407721
4871,0,4.056390960,7.801633815
4872,0,3.521717351,9.946999077
4873,0,3.678656877,9.381045908
4874,0,3.578952455,8.434891729
4875,0,3.122582549,6.627194020
4876,0,4.106561224,6.891845436
4877,0,3.565680156,4.387815192
4878,0,2.725106784,2.625612487
4879,0,2.018497331,1.362363183
4880,0,2.272574021,1.533487181
4881,0,2.275409251,2.109238229
4882,0,2.294255942,2.632239903
4883,0,2.025383111,1.799300604
4884,0,2.040823861,2.665972185
4885,0,2.014577206,2.190474686
4886,0,2.871943133,3.107240375
4887,0,3.059437269,3.167512489
4888,0,3.445820519,2.807185072
4889,0,3.237979070,2.218502203
4890,0,2.720938001,2.988869198
4891,0,1.503523355,2.468195623
4892,0,2.219250587,2.945599428
4893,0,1.379745239,1.296413593
4894,0,2.760740973,2.295050738
4895,0,2.071823829,1.248803418
4896,0,2.955741078,1.978680674
4897,0,2.838982828,2.638043747
4898,0,2.833171250,2.082266997
4899,0,3.071056230,2.280169895
4900,0,3.135612609,2.471662545
4901,0,3.486200230,2.400756009
4902,0,3.258233587,2.194024632
4903,0,3.381212007,2.640891919
4904,0,2.344973158,1.974735444
4905,0,3.467557877,2.533620623
4906,0,3.294208081,2.868954042
4907,0,3.652314466,2.748861353
4908,0,3.827952018,3.228176132
4909,0,3.423719628,2.650523967
4910,0,3.552084896,3.419732403
4911,0,3.009836964,2.606101872
4912,0,3.667167275,3.464082560
4913,0,3.566120120,4.456647417
4914,0,3.799881515,3.721870806
4915,0,3.509565030,3.094051528
4916,0,3.206333958,2.456188141
4917,0,3.251440924,3.006935357
4918,0,3.070710934,2.798546168
4919,0,3.397209006,2.588297940
4920,0,3.440918968,3.189800904
4921,0,3.466662776,3.344184981
4922,0,3.655527119,3.256931459
4923,0,3.836663033,3.564262650
4924,0,3.364075496,2.940013769
4925,0,3.242509607,2.493382000
4926,0,1.984426967,1.733136729
4927,0,2.741003629,2.109236416
4928,0,2.323370391,2.736699910
4929,0,2.359458745,3.476973499
4930,0,2.787757280,2.793068290
4931,0,2.714199248,4.216003284
4932,0,2.929945061,3.820192528
4933,0,2.309003310,4.013640460
4934,0,2.661172695,5.055012527
4935,0,2.073239186,4.641646287
4936,0,3.095761922,3.848414560
4937,0,3.086064523,4.965115837
4938,0,3.210266931,5.913951825
4939,0,3.362685533,6.592308270
4940,0,3.825417534,7.464594001
4941,0,3.483956041,6.248196882
4942,0,3.607294414,5.422236599
4943,0,3.191285763,5.567322611
4944,0,3.457797640,4.795768242
4945,0,3.710805963,6.222004878
4946,0,3.865109802,7.329434856
4947,0,3.702164118,9.950468770
4948,0,1.493722996,1.867319172
4949,0,0.998078555,0.946966907
4950,0,1.904954752,1.104707630
4951,0,1.852247879,1.460334911
4952,0,2.470128132,2.155980648
4953,0,2.577139812,3.057371602
4954,0,2.351384609,2.457226705
4955,0,1.906070243,1.724732130
4956,0,2.245167464,2.212516156
4957,0,1.885568724,2.880099552
4958,0,2.643563731,3.786490506
4959,0,3.053784634,4.614381703
4960,0,2.271047997,4.348647471
4961,0,2.737733111,3.513035000
4962,0,3.045170489,4.469956938
4963,0,3.084894500,5.553176835
4964,0,2.070242712,1.947826423
4965,0,2.126327723,2.118621283
4966,0,2.954176295,2.089455353
4967,0,3.195506097,3.005208409
4968,0,2.771157658,2.806937527
4969,0,2.294264112,2.330856173
4970,0,2.831703517,2.925845632
4971,0,2.619775986,1.709723083
4972,0,2.500606697,1.271330344
4973,0,2.227124744,1.561984034
4974,0,3.522717849,2.545962720
4975,0,1.905589312,1.192866503
4976,0,1.776836235,1.075903993
4977,0,2.222235688,1.108785236
4978,0,3.493170542,2.352756723
4979,0,3.589178254,2.011280562
4980,0,3.486348118,2.466693081
4981,0,3.649541255,2.757224554
4982,0,3.356342587,3.032398519
4983,0,2.873419693,2.321011637
4984,0,2.945153225,2.441184818
4985,0,3.033322804,1.852210337
4986,0,3.178957749,2.201233800
4987,0,3.330220943,2.547787006
4988,0,3.240885218,2.249870416
4989,0,3.083891745,2.147818407
4990,0,3.362408278,3.102843809
4991,0,3.135334550,3.034858595
4992,0,3.095484604,3.749521844
4993,0,3.053511124,3.328231281
4994,0,3.272186119,2.621453666
4995,0,3.151467579,2.314271507
4996,0,3.316412324,2.499964209
4997,0,3.048636710,2.187378401
4998,0,2.877858960,2.741139654
4999,0,3.250521225,3.506517110
5000,0,3.057878229,3.571053017
5001,0,3.177425429,2.017206380
5002,0,3.532774372,2.568090997
5003,0,3.192543666,2.151270455
5004,0,3.182478143,3.318635223
5005,0,3.039135274,2.426292536
5006,0,3.114654956,1.923833398
5007,0,3.163927719,2.360567055
5008,0,3.221738566,2.954889658
5009,0,3.264518803,2.200707278
5010,0,3.075765287,2.318447173
5011,0,3.204626334,2.758643271
5012,0,3.276124028,2.199195819
5013,0,3.166986426,2.921753102
5014,0,2.608129173,2.379250509
5015,0,3.007302726,2.246465145
5016,0,3.274866277,3.243898970
5017,0,3.386662378,3.652662648
5018,0,3.396967573,3.246386737
5019,0,3.630896851,4.209369214
5020,0,3.740367533,3.568795781
5021,0,3.439861503,3.713365586
5022,0,3.875202587,3.093593706
5023,0,3.754683846,3.432857439
5024,0,3.910559442,3.483061074
5025,0,1.192454290,1.219945825
5026,0,2.609920947,1.565839641
5027,0,2.813127114,1.846330936
5028,0,2.780069023,2.327146720
5029,0,2.369001435,1.141880499
5030,0,2.727285889,1.752359861
5031,0,3.195760576,2.597265035
5032,0,2.986632825,1.979869116
5033,0,1.247775916,0.664503168
5034,0,1.686216233,1.123885352
5035,0,1.941155957,1.619870201
5036,0,1.984488205,1.171881453
5037,0,2.430169257,2.255680600
5038,0,2.254011676,1.780350749
5039,0,2.122872959,1.582926623
5040,0,2.131142213,1.799523188
5041,0,2.509702074,2.250215186
5042,0,3.059173433,2.094132991
5043,0,2.802057776,1.600830374
5044,0,2.306135602,1.812903550
5045,0,2.789463929,1.729327184
5046,0,3.275878573,1.991496809
5047,0,2.438870493,1.682857037
5048,0,2.280637973,1.792964389
5049,0,2.520615602,1.408696809
5050,0,2.624290089,1.593177116
5051,0,2.750720352,2.272362632
5052,0,3.055880475,1.982313549
5053,0,1.536969532,1.308459109
5054,0,2.405408624,1.704728535
5055,0,1.839315245,1.110631670
5056,0,2.169787707,1.996804286
5057,0,3.217847619,2.411606787
5058,0,1.988920645,1.424442861
5059,0,2.996201083,1.500000000
5060,0,3.118853030,1.986038228
5061,0,2.671540609,1.414340187
5062,0,2.236454800,1.119021990
5063,0,2.650217118,1.619075057
5064,0,2.364770583,1.551300955
5065,0,1.739744060,1.004787247
5066,0,1.446043708,1.303592903
5067,0,1.931306764,1.422133440
5068,0,1.668169899,0.918575936
5069,0,2.115303828,1.871591153
5070,0,2.693106423,1.554704562
5071,0,2.489044436,1.226002731
5072,0,2.734646365,1.646135006
5073,0,1.563782158,1.187398370
5074,0,1.932160961,1.946538252
5075,0,2.439846202,2.692543344
5076,0,2.441119224,2.089306320
5077,0,1.326617327,1.675473058
5078,0,1.950537998,1.843388441
5079,0,2.798653998,2.187419576
5080,0,2.299703779,1.841150444
5081,0,2.428835553,1.910411291
5082,0,2.079359093,1.444058591
5083,0,1.714109406,0.995521501
5084,0,2.344259386,1.351510836
5085,0,2.605085872,1.610991872
5086,0,2.282265250,1.106000528
5087,0,0.847265836,0.429698334
5088,0,2.070597313,1.432022682
5089,0,1.875629922,1.476039740
5090,0,2.435101925,2.087014081
5091,0,2.679227868,1.687494517
5092,0,3.157478857,1.974715195
5093,0,2.893132943,2.092686140
5094,0,2.990638069,1.775741302
5095,0,3.311266409,2.543473403
5096,0,3.169760876,2.221100312
5097,0,3.228152533,2.121615126
5098,0,3.127400165,2.210052835
5099,0,3.086535794,2.347868912
5100,0,3.184869679,2.578222022
5101,0,3.119175456,2.773928472
5102,0,1.033090744,0.993622370
5103,0,1.542971650,1.553084966
5104,0,2.561248923,2.429230362
5105,0,3.322170713,3.420281050
5106,0,3.651972583,4.454414749
5107,0,3.774513936,4.630062030
5108,0,3.678281358,4.692736228
5109,0,3.673021451,3.961125306
5110,0,3.108168127,2.920070212
5111,0,3.101677709,3.528839666
5112,0,2.056512185,2.046998157
5113,0,2.907676342,2.287615605
5114,0,2.501072512,1.652948606
5115,0,2.536777381,2.288448650
5116,0,1.784304898,1.915414997
5117,0,2.188012877,1.268967420
5118,0,2.648446627,1.560317711
5119,0,2.845241203,1.848572723
5120,0,3.273930721,2.677811063
5121,0,3.232425788,3.493697881
5122,0,3.164424323,3.259676592
5123,0,3.483400006,3.719230727
5124,0,3.353431459,4.210039020
5125,0,3.551253990,3.527620366
5126,0,3.391592792,4.387954239
5127,0,3.398140119,5.454418658
5128,0,3.720222844,4.695209565
5129,0,3.515142768,3.842388020
5130,0,3.017384062,3.012540512
5131,0,3.357804168,2.751497278
5132,0,3.530439059,2.543736234
5133,0,3.331597326,2.399919113
5134,0,3.660936850,2.763233155
5135,0,1.843349730,1.960572205
5136,0,2.691611075,1.870948589
5137,0,2.780295943,1.563753104
5138,0,2.897162279,1.958547229
5139,0,2.231104564,2.221927232
5140,0,2.884936757,2.968895074
5141,0,3.451879145,3.856960736
5142,0,3.044791852,3.648942095
5143,0,2.653485771,2.405488399
5144,0,1.988736114,1.573926337
5145,0,1.917308752,1.721520720
5146,0,2.275600354,1.837497745
5147,0,2.952330023,1.655269085
5148,0,2.516013271,1.703790639
5149,0,2.904090488,2.406030517
5150,0,2.300659693,1.335043674
5151,0,2.850423178,2.343566763
5152,0,3.155345888,2.305995717
5153,0,3.302563180,3.010870945
5154,0,3.282733131,2.406714920
5155,0,3.144987879,2.243624105
5156,0,3.110112249,2.095044190
5157,0,3.075330202,2.116295448
5158,0,2.580301486,1.885740595
5159,0,2.859104303,1.822175425
5160,0,3.000572064,2.205622307
5161,0,2.746742636,1.705104316
5162,0,2.166168713,1.548685752
5163,0,2.217366314,1.408575969
5164,0,2.786611677,1.852707837
5165,0,1.655078600,1.701444479
5166,0,1.835135735,1.010391398
5167,0,2.920997826,2.550927620
5168,0,2.582881989,2.578123423
5169,0,2.551312512,1.993921534
5170,0,2.849251950,1.728042768
5171,0,2.948342267,1.833451311
5172,0,2.696150092,2.069836383
5173,0,2.572492210,2.372739992
5174,0,2.219531996,2.118354723
5175,0,2.942513330,2.703271028
5176,0,3.424820069,2.935924287
5177,0,3.224212942,2.883184878
5178,0,2.290854299,2.481146749
5179,0,3.364350934,3.242446629
5180,0,3.140933220,4.138790693
5181,0,2.859715130,2.853229899
5182,0,3.089352031,3.092828403
5183,0,3.084684362,2.722532118
5184,0,3.275819899,3.382131025
5185,0,3.312220480,2.427176707
5186,0,3.112706503,2.627320040
5187,0,2.919727173,2.485276754
5188,0,2.451636932,1.516592378
5189,0,2.965381092,2.605778824
5190,0,3.152452740,2.235817645
5191,0,3.202062205,2.162045605
5192,0,2.946027126,3.056182758
5193,0,3.063929008,2.531289389
5194,0,2.996762551,2.692749639
5195,0,2.902607109,2.256152641
5196,0,2.969321232,2.614298277
5197,0,2.277801589,4.997789641
5198,0,2.164773356,3.644628367
5199,0,2.925718162,4.924178694
5200,0,2.934285248,4.170867799
5201,0,3.037500234,5.060500860
5202,0,2.707564078,6.081034768
5203,0,3.315195792,6.736354640
5204,0,3.347528369,5.566011014
5205,0,2.918161844,7.307215586
5206,0,3.373379426,6.013164918
5207,0,2.960206491,6.650612391
5208,0,2.325958062,5.393136274
5209,0,3.008494183,6.229019666
5210,0,3.083915421,5.542408668
5211,0,3.674015998,5.074069839
5212,0,3.937938916,5.866760742
5213,0,2.690616586,3.091817670
5214,0,3.502667386,3.840603057
5215,0,2.827055443,2.306855393
5216,0,3.170517547,2.762936562
5217,0,2.978651865,2.477629356
5218,0,3.144690493,2.872691910
5219,0,3.014553806,3.190999753
5220,0,3.348609058,4.069549749
5221,0,3.475746228,2.963991447
5222,0,3.407103777,2.776224682
5223,0,3.514647388,3.282232208
5224,0,3.274450628,2.742569776
5225,0,3.394174026,3.568910793
5226,0,3.391862822,3.843996115
5227,0,3.296978090,4.681734721
5228,0,2.418817984,4.065316973
5229,0,3.261320218,3.582073740
5230,0,2.896579790,4.103178838
5231,0,3.397307220,4.925083582
5232,0,3.388043234,4.187488066
5233,0,1.895900073,1.696471729
5234,0,2.467905381,2.045025458
5235,0,2.738139967,1.608084122
5236,0,3.028059626,2.042317869
5237,0,3.156778587,2.447173452
5238,0,3.509084501,2.652732222
5239,0,1.441906610,0.923298733
5240,0,2.160476864,1.354191972
5241,0,2.911468245,1.509463478
5242,0,3.151045295,2.150976955
5243,0,3.481690121,3.057323693
5244,0,3.050637493,1.990384205
5245,0,1.975180197,1.346515349
5246,0,2.823783092,2.611185214
5247,0,3.108657875,3.608942793
5248,0,3.150580049,2.956702680
5249,0,2.793547236,2.252444249
5250,0,3.065914110,1.917469862
5251,0,3.083990161,2.264413406
5252,0,3.137099569,2.349289264
5253,0,2.776513229,1.991291656
5254,0,2.449257182,1.586908961
5255,0,0.953633635,0.580384370
5256,0,1.856907791,1.232190604
5257,0,1.906137649,1.295356033
5258,0,2.025702202,1.513822619
5259,0,2.604857364,1.746092732
5260,0,3.186788051,2.409519292
5261,0,3.585146014,2.299337699
5262,0,3.497853044,3.152750932
5263,0,1.992390375,1.433684292
5264,0,2.311895775,1.191297615
5265,0,2.829159679,1.534051816
5266,0,3.008783251,2.113692437
5267,0,1.981453578,1.561457086
5268,0,2.299606377,1.790128831
5269,0,2.984749247,1.584034508
5270,0,1.879364968,1.190735063
5271,0,2.787439342,2.064090515
5272,0,2.510370130,1.517174859
5273,0,1.523438619,1.424931454
5274,0,1.925043034,1.401900292
5275,0,1.554378854,1.200479898
5276,0,2.133171099,1.993412150
5277,0,2.720964271,2.002865998
5278,0,2.717335922,2.371021877
5279,0,0.690533815,0.369663511
5280,0,1.660479447,1.374594421
5281,0,1.597047888,1.060275103
5282,0,1.957022865,1.034607406
5283,0,2.086934188,1.242828637
5284,0,2.477679283,1.557340576
5285,0,2.808155188,2.339177619
5286,0,2.546392166,1.411334902
5287,0,2.449061372,2.628945056
5288,0,2.861100897,1.931712147
5289,0,2.847143881,2.199756867
5290,0,1.301726167,1.330752892
5291,0,1.664152444,2.286186905
5292,0,2.739879156,1.932199008
5293,0,2.704864581,2.475497003
5294,0,2.428583558,1.575430138
5295,0,1.317961839,1.492915169
5296,0,1.860502414,1.157140445
5297,0,2.818134398,1.850419261
5298,0,3.155442888,2.624461679
5299,0,2.634813791,1.718933650
5300,0,2.631947676,2.490758380
5301,0,2.708847642,3.122784105
5302,0,2.624653507,3.502668863
5303,0,3.079297267,2.860180651
5304,0,3.085947977,3.477166647
5305,0,3.069112842,4.134413995
5306,0,3.040347774,3.120307170
5307,0,2.937224472,2.343691358
5308,0,3.027562877,2.117304526
5309,0,3.337461813,2.503683056
5310,0,3.170570233,3.194337864
5311,0,2.833310148,1.956874903
5312,0,2.757213856,2.035801711
5313,0,2.334303087,1.290132598
5314,0,2.439091752,1.866454230
5315,0,2.484891331,1.782028186
5316,0,2.593828329,2.373289644
5317,0,2.460243658,2.392829155
5318,0,2.042841686,3.120818789
5319,0,1.971032684,4.115705514
5320,0,1.516115493,2.988743129
5321,0,2.172624033,1.825547883
5322,0,2.661365046,1.650651008
5323,0,2.843072731,1.869128324
5324,0,2.650885218,2.099240015
5325,0,2.358387228,1.562871402
5326,0,2.439820283,1.678524084
5327,0,2.830406451,2.197674465
5328,0,2.800674447,2.815564790
5329,0,2.646781701,3.221060694
5330,0,2.068017939,2.835630146
5331,0,2.527632888,3.073032648
5332,0,2.615859486,4.063498445
5333,0,2.740980852,4.662241762
5334,0,2.009278963,3.014413637
5335,0,1.816909934,1.821022331
5336,0,2.733188529,2.805536484
5337,0,3.043026317,2.229815988
5338,0,2.999846371,2.862111284
5339,0,3.193070602,2.500379886
5340,0,2.895392584,2.258265963
5341,0,3.137012455,2.425461946
5342,0,3.316936605,2.562252484
5343,0,3.314191063,3.219798532
5344,0,3.916849763,2.848528903
5345,0,3.613938588,2.853390115
5346,0,3.412170941,2.977446058
5347,0,3.445522413,2.861572870
5348,0,3.058461424,2.741857261
5349,0,2.642639948,2.241252352
5350,0,2.272762248,1.838957235
5351,0,2.337604610,2.091378650
5352,0,1.936433555,1.609313156
5353,0,2.745816095,2.179884584
5354,0,2.742063982,1.774666768
5355,0,2.581457706,1.805782013
5356,0,2.704834500,1.658813878
5357,0,2.981286018,1.995931208
5358,0,2.819046287,2.473008957
5359,0,2.797776559,2.212724869
5360,0,2.874092889,2.502961718
5361,0,3.139997479,3.322487812
5362,0,3.143866515,4.501827149
5363,0,3.213967349,3.832366736
5364,0,3.149852163,2.970347633
5365,0,3.177218974,3.476682993
5366,0,2.868173559,4.375030304
5367,0,3.060550657,3.896526126
5368,0,2.630999169,3.250422553
5369,0,2.926783247,4.177731497
5370,0,2.386251156,3.019523381
5371,0,1.806876490,4.228229686
5372,0,2.164684676,2.966713468
5373,0,1.986499032,4.394110462
5374,0,1.316566344,2.961806936
5375,0,1.452813483,1.066025490
5376,0,1.931621241,1.478949790
5377,0,-0.000000000,0.000000000
5378,0,1.061278124,1.750000000
5379,0,0.182605877,0.046511628
5380,0,1.079040088,0.506666667
5381,0,-0.000000000,0.000000000
5382,0,1.584962501,1.333333333
5383,0,1.251629167,0.666666667
5384,0,1.775825636,1.239726027
5385,0,-0.000000000,0.000000000
5386,0,1.314320487,1.076923077
5387,0,1.457265914,2.000000000
5388,0,2.336855859,2.707792208
5389,0,2.837469454,2.848030019
5390,0,2.415159634,2.290909091
5391,0,2.339627281,2.375796178
5392,0,2.840089163,2.917369471
5393,0,3.177507658,3.708934567
5394,0,2.847444816,2.915535331
5395,0,2.640478917,2.329482226
5396,0,3.171824726,2.949080263
5397,0,3.348173201,2.704784637
5398,0,2.997472958,2.361060511
5399,0,3.269757703,2.761138513
5400,0,3.256237213,3.484776604
5401,0,3.327315592,3.020122324
5402,0,3.618005822,3.481755209
5403,0,3.335884606,3.423544092
5404,0,3.092002401,2.967950405
5405,0,3.317954710,3.665774313
5406,0,3.583487823,4.430095110
5407,0,3.609086287,4.979633290
5408,0,3.566698211,5.882952724
5409,0,3.455630904,5.052649852
5410,0,2.901670483,5.638299789
5411,0,3.161270920,6.437066078
5412,0,2.684773466,7.762652436
5413,0,3.423521030,7.000885112
5414,0,3.373619552,6.071608544
5415,0,3.573792942,6.661828935
5416,0,3.437054902,6.142841842
5417,0,3.215620234,6.101086860
5418,0,3.641519773,6.510382076
5419,0,3.865319783,5.975828388
5420,0,3.599445854,6.421359007
5421,0,3.386395116,5.761903995
5422,0,3.805375831,5.414841901
5423,0,3.652095008,6.251385589
5424,0,3.008336000,5.362130119
5425,0,2.747393226,5.692125547
5426,0,2.705443616,6.923413630
5427,0,2.680332290,7.498610944
5428,0,2.615597468,5.337873799
5429,0,3.348892851,5.928153989
5430,0,2.795125073,6.141864680
5431,0,2.829052055,2.895207974
5432,0,3.336280902,3.398357673
5433,0,2.836326565,3.652232095
5434,0,1.903657382,1.842152155
5435,0,2.895985766,2.686575784
5436,0,2.617095812,3.288374728
5437,0,2.597765761,2.694509815
5438,0,2.910771042,3.290476703
5439,0,3.089091638,2.949071457
5440,0,2.442266582,2.250971086
5441,0,2.313398902,2.346197745
5442,0,2.840239428,3.396902481
5443,0,3.260920292,2.889201360
5444,0,3.592855981,3.459346346
5445,0,3.447209625,2.450764701
5446,0,2.861776856,1.897861513
5447,0,3.155817221,3.154110640
5448,0,1.848386716,2.861579818
5449,0,2.458174109,2.384164850
5450,0,3.300782431,3.071790337
5451,0,3.322744976,2.641926396
5452,0,3.151785624,2.500550396
5453,0,2.836438953,1.782475359
5454,0,1.888639792,1.674656418
5455,0,1.715246136,1.835863216
5456,0,1.524685465,1.901100606
5457,0,2.840330317,2.070365643
5458,0,2.740570855,1.781330451
5459,0,3.082555697,2.203976277
5460,0,2.665434616,1.864969135
5461,0,2.729309537,1.887782609
5462,0,3.015112852,1.908054790
5463,0,1.342751710,1.318493296
5464,0,2.018134966,2.151305498
5465,0,2.148693865,1.434982126
5466,0,2.510070066,2.176491148
5467,0,1.046462193,0.974695641
5468,0,1.945628313,1.913450912
5469,0,1.837845413,1.944030608
5470,0,2.272316998,2.150907224
5471,0,2.329528071,2.993165615
5472,0,2.234188741,2.030290554
5473,0,2.526294456,1.773675195
5474,0,2.021796174,1.728178743
5475,0,1.425575440,0.958335593
5476,0,1.843025095,0.985952691
5477,0,1.527248685,1.698828161
5478,0,2.488286041,1.651692512
5479,0,1.988858179,1.623495205
5480,0,2.421483739,2.328734471
5481,0,2.119843416,1.491210026
5482,0,2.364023486,2.209872871
5483,0,2.718471918,1.887591108
5484,0,3.020472935,2.833812863
5485,0,3.074202550,3.263236290
5486,0,2.998889948,2.792263397
5487,0,3.311613854,2.647768180
5488,0,3.401080969,3.527126048
5489,0,3.370078961,3.793949641
5490,0,3.321027228,4.585567944
5491,0,3.184818357,3.596254618
5492,0,3.352038396,3.937035060
5493,0,3.435463065,2.993979831
5494,0,3.578135118,4.447220286
5495,0,3.690918717,5.520247391
5496,0,3.519617310,6.773210700
5497,0,3.448269792,6.269157996
5498,0,3.153448277,4.957648155
5499,0,3.057067646,2.731291511
5500,0,3.052237277,2.850010946
5501,0,3.075349114,3.210833392
5502,0,3.157597755,2.494913461
5503,0,2.437150627,2.538585240
5504,0,2.952386927,2.514872428
5505,0,3.456549785,2.539503374
5506,0,3.440557610,2.746395139
5507,0,3.395776535,3.182654973
5508,0,2.550054771,2.424277474
5509,0,3.208507130,2.266945431
5510,0,2.671036760,2.502965785
5511,0,3.608053726,2.838580629
5512,0,3.391751948,3.475306441
5513,0,3.773797065,3.028358416
5514,0,3.494385171,3.065312893
5515,0,2.534425745,3.464933233
5516,0,3.005943975,3.219244239
5517,0,3.091045274,2.706455274
5518,0,2.932143378,2.832478488
5519,0,2.557535734,3.100818024
5520,0,3.039644180,2.571827905
5521,0,2.940010126,2.437768180
5522,0,3.181215067,2.426596051
5523,0,2.784851889,2.045795090
5524,0,3.129114365,2.563981317
5525,0,3.390272131,2.838720317
5526,0,1.969479158,2.522807910
5527,0,3.123467118,4.310198023
5528,0,3.223638886,4.597362090
5529,0,3.463392369,4.057081297
5530,0,2.449757606,2.506167111
5531,0,3.079477377,3.105663739
5532,0,2.763784014,2.447500371
5533,0,3.384276660,3.054196748
5534,0,3.162728718,3.444888448
5535,0,2.944513428,3.734893950
5536,0,3.288876845,3.171518139
5537,0,3.114017487,3.827305195
5538,0,3.346075494,3.240098497
5539,0,3.291799699,3.144191628
5540,0,3.014727343,2.681727435
5541,0,3.474567070,3.343218495
5542,0,2.928132240,2.410683586
5543,0,2.515460203,2.378566805
5544,0,2.863317931,2.694475128
5545,0,2.119994443,2.132094334
5546,0,2.497831211,2.291894383
5547,0,3.309987990,3.201537909
5548,0,3.088618685,2.520615031
5549,0,2.423583859,1.926345407
5550,0,2.635085744,2.326264750
5551,0,2.735240021,1.885993171
5552,0,2.660366479,1.825299380
5553,0,2.752374425,2.313550341
5554,0,2.927685825,3.079370318
5555,0,3.431088374,2.747096300
5556,0,3.394121768,2.500468992
5557,0,3.147319696,2.561158821
5558,0,3.126305859,2.276671291
5559,0,2.454980762,2.242652022
5560,0,2.875998242,2.648264282
5561,0,2.731338799,2.231277388
5562,0,2.315827717,2.025419316
5563,0,2.543578911,1.561823536
5564,0,2.795714493,2.176706147
5565,0,2.718459004,1.718765675
5566,0,2.682387583,1.646561283
5567,0,2.562501334,2.222572108
5568,0,1.704817813,2.582120857
5569,0,2.304889445,2.054851850
5570,0,2.917450809,1.910298659
5571,0,1.521922497,1.287834086
5572,0,2.787072148,1.709734802
5573,0,1.956286916,1.629208916
5574,0,3.149842161,2.556792502
5575,0,3.055476594,2.990084401
5576,0,2.734290697,3.548034732
5577,0,3.025901395,2.845081813
5578,0,3.096800481,2.553171650
5579,0,3.053645629,2.416750418
5580,0,3.462983394,2.180954607
5581,0,3.256321341,2.196738771
5582,0,2.952539307,1.888502791
5583,0,1.867438716,1.285290580
5584,0,2.682174577,1.745201857
5585,0,2.519383250,1.531894893
5586,0,2.731819301,2.036483478
5587,0,3.517761494,4.020877787
5588,0,3.150919349,4.259575849
5589,0,3.064288563,3.876846257
5590,0,3.056358778,3.019368403
5591,0,2.872378758,2.662311121
5592,0,2.461897503,1.773808598
5593,0,2.065904156,1.193585736
5594,0,2.806502966,2.565637363
5595,0,2.232283120,2.422741211
5596,0,2.024944932,3.088611866
5597,0,2.674833410,3.954797729
5598,0,2.752502562,3.013042141
5599,0,0.959922703,0.765388562
5600,0,1.981454130,1.372150335
5601,0,2.218660541,1.155768405
5602,0,2.644052488,1.808824588
5603,0,2.546697238,1.468494542
5604,0,2.841523062,1.867158476
5605,0,2.349111168,1.269489031
5606,0,1.957502045,0.931960709
5607,0,2.659693335,1.807844585
5608,0,2.758088951,1.662925161
5609,0,2.969207896,2.096563063
5610,0,3.460939635,4.668947914
5611,0,3.635477870,5.991674050
5612,0,2.414924423,2.618125319
5613,0,2.877384975,2.383487604
5614,0,3.244274370,3.036556766
5615,0,3.044604531,2.638484027
5616,0,3.034816533,3.526657798
5617,0,2.509852924,2.892458878
5618,0,3.054026161,3.802753739
5619,0,3.188398397,3.098491574
5620,0,3.185242449,4.082988735
5621,0,2.728643243,4.968764872
5622,0,3.645694645,4.301954304
5623,0,3.626009488,3.535565538
5624,0,3.505108166,3.883301816
5625,0,3.484437682,3.457962662
5626,0,3.816679245,3.228559290
5627,0,3.600353859,3.070462410
5628,0,3.498032421,2.926820766
5629,0,3.393911164,2.931478285
5630,0,2.938569488,2.865929318
5631,0,3.364793379,3.261614861
5632,0,3.342106448,2.839769428
5633,0,3.309620770,3.131539991
5634,0,3.217043389,3.071953992
5635,0,3.225119793,3.203911909
5636,0,3.176051504,4.247381632
5637,0,2.222045853,2.005570567
5638,0,2.943185647,2.287895979
5639,0,1.767318973,1.738312610
5640,0,2.759544027,2.690449705
5641,0,2.520630540,3.372459551
5642,0,3.088324223,4.621340037
5643,0,2.212320134,3.508118095
5644,0,3.080171066,2.900826868
5645,0,3.519630900,3.668142373
5646,0,3.412172792,4.600907812
5647,0,3.619768284,3.957145018
5648,0,3.271142983,3.352721289
5649,0,3.382937350,4.337464584
5650,0,3.688447632,4.973729762
5651,0,2.524202181,4.270660640
5652,0,2.696356448,3.823449684
5653,0,2.841081830,4.588228039
5654,0,3.732843109,5.534822668
5655,0,2.607785071,3.758538431
5656,0,2.471463694,4.303888736
5657,0,3.086616819,4.135289663
5658,0,3.570773794,3.276785399
5659,0,3.486185765,3.962295523
5660,0,3.713994765,3.526967005
5661,0,3.480660301,3.854257222
5662,0,3.804654742,4.682020974
5663,0,3.669000183,3.918761365
5664,0,3.682360457,3.706684151
5665,0,3.594501772,3.864166925
5666,0,2.638583757,1.994187882
5667,0,2.640616056,1.769430019
5668,0,2.574482286,3.005733975
5669,0,3.015383713,3.083217705
5670,0,2.844499652,2.304045584
5671,0,2.781094739,2.537629045
5672,0,2.979983075,2.711568134
5673,0,3.113885490,3.114413695
5674,0,3.417596299,3.702175757
5675,0,2.462830872,3.590527927
5676,0,3.279345841,3.168506385
5677,0,3.133932650,2.720733148
5678,0,3.445104953,2.598269286
5679,0,3.063886017,2.988822003
5680,0,1.576972396,2.300887975
5681,0,2.129562660,2.947331678
5682,0,2.275589428,2.172349171
5683,0,2.258457478,1.995166428
5684,0,2.283232019,2.668067132
5685,0,2.939905519,2.374520497
5686,0,3.262146747,2.936479721
5687,0,2.851982276,2.111423175
5688,0,2.985971115,2.811027999
5689,0,2.595438155,3.667206323
5690,0,3.612922955,4.513902740
5691,0,3.227183351,3.462393506
5692,0,1.955486534,2.250387584
5693,0,2.652154332,2.998991172
5694,0,2.287882760,3.435069176
5695,0,2.928587299,2.837432714
5696,0,3.084586999,3.619749020
5697,0,2.891228024,2.869483467
5698,0,2.252094091,2.036333111
5699,0,2.938307163,2.760194152
5700,0,2.535953700,3.192604274
5701,0,2.761502757,2.666851007
5702,0,3.202307706,2.399714502
5703,0,2.634312319,1.673722849
5704,0,2.818184994,2.074654534
5705,0,2.948467197,1.974613333
5706,0,2.450590801,2.419737569
5707,0,2.289735952,2.112441663
5708,0,2.738833521,2.071450221
5709,0,2.822595831,2.123121814
5710,0,2.661633018,2.552477601
5711,0,2.999624248,2.340459832
5712,0,2.813988095,2.153682510
5713,0,2.975463390,2.098843015
5714,0,2.692738053,1.955564190
5715,0,2.788728931,2.500795377
5716,0,2.587807389,3.262956527
5717,0,2.753549030,2.943846552
5718,0,2.534407726,3.373266887
5719,0,3.521039464,4.238861877
5720,0,3.246357473,4.954672117
5721,0,2.943311646,3.945630351
5722,0,3.244290246,3.345668852
5723,0,1.583486662,1.974831013
5724,0,2.547054298,2.979025844
5725,0,1.966012540,1.988252148
5726,0,1.904876855,2.983633193
5727,0,2.340360305,2.141242373
5728,0,2.540823371,1.805969115
5729,0,2.791351929,1.660044292
5730,0,2.101902913,1.372314483
5731,0,-0.000000000,0.000000000
5732,0,1.000000000,1.000000000
5733,0,1.775858948,2.000000000
5734,0,1.781452184,1.209302326
5735,0,1.926118808,1.118359739
5736,0,1.000000000,1.000000000
5737,0,1.500000000,2.000000000
5738,0,2.260207823,3.000000000
5739,0,2.642443525,4.000000000
5740,0,3.148829046,3.272527069
5741,0,2.907413511,4.026127413
5742,0,3.015533176,3.318733980
5743,0,3.191602987,2.936326981
5744,0,3.626288767,3.661240972
5745,0,3.479761284,3.090457163
5746,0,3.186493467,3.455111958
5747,0,2.716201977,4.269271431
5748,0,2.716295197,3.811311297
5749,0,3.330271212,4.792193239
5750,0,3.441516045,3.899358276
5751,0,2.852354791,3.502345791
5752,0,3.659230644,4.494118320
5753,0,3.274920619,3.696817673
5754,0,3.810963859,4.298574210
5755,0,3.518700285,5.931880809
5756,0,3.613378294,6.635157182
5757,0,3.560409765,5.718436689
5758,0,3.092210312,6.734941609
5759,0,3.472792358,7.224022059
5760,0,3.560091374,8.099538214
5761,0,3.220846047,6.963968857
5762,0,3.869634732,6.653267232
5763,0,3.707246334,6.374755398
5764,0,2.970360904,5.856773059
5765,0,3.817343403,5.854219217
5766,0,3.284092418,4.190329311
5767,0,3.419976987,3.352584911
5768,0,3.866975225,5.334720636
5769,0,4.031303413,5.232303379
5770,0,3.902456644,6.353393973
5771,0,4.030367326,5.547759604
5772,0,2.473802521,4.122750006
5773,0,3.311431247,4.254204465
5774,0,3.354850645,4.621903518
5775,0,3.437593301,3.768314336
5776,0,3.417765022,4.065659613
5777,0,3.454657429,2.930782404
5778,0,3.198801852,3.608885197
5779,0,3.311516216,4.599560731
5780,0,3.154571381,3.470106703
5781,0,2.308019484,2.122541068
5782,0,2.930239995,3.330903744
5783,0,3.167724532,2.588043622
5784,0,2.970283373,1.935642502
5785,0,3.206423915,2.865554617
5786,0,3.152875670,2.231094081
5787,0,3.013687336,2.092727208
5788,0,2.664213330,1.577583033
5789,0,2.701114159,2.063768100
5790,0,2.753590562,2.866235605
5791,0,2.876009090,2.231986862
5792,0,3.001435318,2.116735516
5793,0,2.794454572,2.485715347
5794,0,3.197290271,2.733229061
5795,0,1.803072027,1.899901042
5796,0,2.510953436,2.831485736
5797,0,3.084545425,3.853374314
5798,0,2.210073862,2.442147769
5799,0,2.193371500,2.051804036
5800,0,2.242134240,2.378373143
5801,0,2.858819373,2.093582724
5802,0,3.002800347,2.026957534
5803,0,3.419167595,2.361417079
5804,0,3.259002018,2.853424311
5805,0,3.011475312,2.958221616
5806,0,3.203101481,2.875080539
5807,0,3.308519525,2.219591356
5808,0,3.145234667,2.036226848
5809,0,3.210614100,2.250514744
5810,0,2.890445256,1.594258596
5811,0,2.395181731,1.610368402
5812,0,2.916323705,2.172609685
5813,0,2.925854957,3.120137326
5814,0,2.903505940,1.977023555
5815,0,1.841863064,1.807289826
5816,0,2.189439462,3.094197105
5817,0,2.325688814,2.169396056
5818,0,2.297965003,1.353160204
5819,0,2.547565313,1.589201407
5820,0,2.557763565,1.582878619
5821,0,2.441137219,2.308087603
5822,0,2.699258140,1.667610356
5823,0,2.298722818,2.253002288
5824,0,2.906446912,2.206298174
5825,0,2.920575072,2.317509779
5826,0,2.524572048,1.773033109
5827,0,2.395074496,1.559417014
5828,0,2.944327178,1.958380368
5829,0,2.737394332,1.828275305
5830,0,3.327379180,2.721764206
5831,0,3.281309523,2.616949183
5832,0,3.046711912,2.397777762
5833,0,2.748970316,1.740425663
5834,0,2.838055519,2.475715018
5835,0,1.772472553,2.154413541
5836,0,2.880854752,3.216172633
5837,0,3.146936321,4.326688259
5838,0,2.295184933,5.015923816
5839,0,3.215200545,4.257907769
5840,0,3.229449589,4.952502844
5841,0,3.216201306,4.171002896
5842,0,3.451110125,5.184602357
5843,0,3.497798077,6.579753166
5844,0,3.907746175,4.981128696
5845,0,3.937434524,6.406943494
5846,0,3.695354253,6.617463379
5847,0,3.067643985,5.785355479
5848,0,3.095268955,6.988753180
5849,0,3.400985461,6.224437691
5850,0,3.021883682,5.681098558
5851,0,3.040784032,5.927998468
5852,0,3.048641823,5.574748831
5853,0,2.463534313,3.997491790
5854,0,2.628195057,3.130290419
5855,0,2.918146601,3.021415108
5856,0,3.084851793,3.908156299
5857,0,3.112824346,3.581313114
5858,0,2.940173599,4.359797413
5859,0,3.480425269,5.014665643
5860,0,3.415239535,5.876598618
5861,0,3.482616197,5.259084482
5862,0,3.026940330,5.187622437
5863,0,2.774155388,6.105095766
5864,0,2.973586569,5.445874041
5865,0,2.325263393,1.714985784
5866,0,2.360129419,2.573234831
5867,0,2.402013507,1.572637041
5868,0,2.225118897,2.057178424
5869,0,2.230130688,3.139266955
5870,0,2.126909441,4.679504503
5871,0,2.778360318,3.685598042
5872,0,2.787527849,4.806294233
5873,0,2.958178038,3.746390522
5874,0,2.796192818,4.138035307
5875,0,2.893065905,5.231410207
5876,0,3.234134460,6.041094115
5877,0,2.976514050,6.240596343
5878,0,3.235337620,5.940404792
5879,0,3.144975480,6.684126592
5880,0,2.538130900,7.035827235
5881,0,3.012053151,6.287587584
5882,0,3.357879446,5.472131604
5883,0,3.355719187,6.555872676
5884,0,2.482956491,4.932424829
5885,0,2.963944072,4.329951996
5886,0,2.911772029,4.904022796
5887,0,3.178610586,3.362140901
5888,0,1.897697967,1.577211698
5889,0,2.941179180,2.532951809
5890,0,2.971312578,3.367628744
5891,0,1.551344394,1.346727122
5892,0,2.355522421,1.540917271
5893,0,2.729181493,2.447388291
5894,0,3.146527924,3.189118019
5895,0,2.121064008,3.986237886
5896,0,2.341874151,3.199273499
5897,0,2.897643030,4.042590469
5898,0,3.029027931,3.362395426
5899,0,2.288594133,2.587024444
5900,0,2.738274238,3.113045429
5901,0,3.004282243,2.645357651
5902,0,3.170563822,2.274278574
5903,0,1.799585209,2.093771262
5904,0,1.945628526,2.992178252
5905,0,2.260985646,1.996441222
5906,0,2.552457333,1.925821626
5907,0,2.394145973,2.821435185
5908,0,2.705237862,2.863011717
5909,0,2.642428934,2.918542288
5910,0,2.828875318,2.688263204
5911,0,2.504408209,1.304356126
5912,0,2.506141126,1.899629575
5913,0,2.052745617,1.257200689
5914,0,2.076240877,1.949599292
5915,0,2.161587492,2.027447724
5916,0,2.134752237,2.248999870
5917,0,1.056740219,0.662686393
5918,0,1.583289713,1.376406887
5919,0,2.114921917,1.301482936
5920,0,2.465266325,2.042853930
5921,0,2.351821984,3.103190408
5922,0,2.657529320,2.375556618
5923,0,2.804099912,2.183096179
5924,0,2.933387777,2.625775788
5925,0,2.730121215,2.450427852
5926,0,3.292153283,2.175301574
5927,0,3.090843907,2.382937562
5928,0,2.506081212,1.604408554
5929,0,2.915539567,2.121292526
5930,0,2.733153748,1.806595266
5931,0,2.601469668,1.646830624
5932,0,2.398720056,1.602228985
5933,0,1.040748239,0.771881426
5934,0,1.907768958,1.728368667
5935,0,1.902219066,1.402292026
5936,0,2.644109674,2.090934800
5937,0,2.784106041,2.816644403
5938,0,3.079202515,3.794548753
5939,0,2.952849766,3.347105140
5940,0,1.892311899,2.315802688
5941,0,3.079993803,2.227922097
5942,0,3.112871017,2.575680404
5943,0,2.978533318,3.456267080
5944,0,3.090507168,4.185541451
5945,0,3.684415772,3.765336649
5946,0,3.342972318,4.481323543
5947,0,3.365967490,5.511524675
5948,0,3.281554954,4.673079023
5949,0,3.650840884,5.954172824
5950,0,2.113093951,1.967873305
5951,0,1.624883860,0.920988618
5952,0,2.119831937,1.173511265
5953,0,2.019125943,1.481797288
5954,0,2.290643587,1.791828099
5955,0,2.262339824,1.377538750
5956,0,3.265046858,2.485781079
5957,0,3.097284153,2.008981585
5958,0,3.128133546,2.053044235
5959,0,3.175285721,2.045001478
5960,0,3.224482757,1.876018531
5961,0,3.029633488,2.104996123
5962,0,2.981818690,1.882797853
5963,0,2.820783206,1.943039619
5964,0,2.015755589,1.356709198
5965,0,2.237824415,2.096562586
5966,0,2.776586225,2.383476914
5967,0,3.207499858,2.158803961
5968,0,3.078207991,2.696827148
5969,0,2.477392721,2.023147015
5970,0,2.381211877,2.296527844
5971,0,2.629397742,2.531498097
5972,0,3.263100956,3.409231643
5973,0,3.529455808,4.045725338
5974,0,3.173489568,4.878652513
5975,0,1.858876363,3.412952663
5976,0,2.652044135,2.637911696
5977,0,2.619388980,1.695044824
5978,0,2.872957031,2.374304443
5979,0,2.308725421,3.019864013
5980,0,2.054605164,3.303605384
5981,0,1.750242533,1.692967139
5982,0,1.955501977,1.616185458
5983,0,1.981458750,1.336709990
5984,0,1.852770108,2.819997396
5985,0,1.599476459,2.492169858
5986,0,2.330336327,1.677556040
5987,0,2.402846522,2.117590878
5988,0,2.675614772,2.261890334
5989,0,2.377840998,2.326286087
5990,0,3.089708254,2.632483464
5991,0,3.320949790,3.242752031
5992,0,2.988405172,1.953716179
5993,0,3.151344178,1.965162188
5994,0,2.646056634,2.173540759
5995,0,2.570278103,2.410269213
5996,0,2.929638816,2.091427325
5997,0,2.970152929,2.337003439
5998,0,3.250886992,2.845036963
5999,0,3.015373180,3.503156187
