0,0,5.271733353,5.282340862
1,0,3.781460931,5.339388145
2,0,4.144800363,4.854359044
3,0,3.697751397,4.751070336
4,0,3.050467013,5.723434482
5,0,2.862361669,5.179941271
6,0,3.138683982,3.197399332
7,0,3.676314531,3.191197751
8,0,3.843998594,3.060737385
9,0,3.929672020,3.873529887
10,0,3.010515620,1.913265780
11,0,3.117902995,2.331772587
12,0,3.526500198,3.209733959
13,0,3.511777321,2.933024348
14,0,3.626475957,2.471674110
15,0,3.496936853,2.943882091
16,0,3.468485216,2.882616829
17,0,3.354947924,2.885494603
18,0,3.633237603,2.963938429
19,0,3.025171807,3.518862579
20,0,3.308296111,2.755188318
21,0,3.541947222,3.640855572
22,0,3.650862377,3.057048051
23,0,3.437850196,2.997214607
24,0,2.702622082,2.061348909
25,0,3.053425426,2.277582361
26,0,3.449287661,2.255654719
27,0,3.602079636,2.546350635
28,0,3.364383931,2.811097994
29,0,3.374797283,3.469166891
30,0,3.147895605,2.710371025
31,0,3.262599080,3.434954354
32,0,3.820408259,2.856529507
33,0,3.957818233,3.369129604
34,0,4.075696929,4.183335817
35,0,3.994471959,3.613384738
36,0,3.887306908,3.050078250
37,0,3.779276606,3.769592594
38,0,3.940576063,4.759788857
39,0,4.006049279,3.934632826
40,0,3.735913218,2.687679155
41,0,3.852980178,2.522120765
42,0,3.851578240,2.971873260
43,0,3.921974915,2.810243690
44,0,3.829512147,3.051653890
45,0,4.066341766,2.932843561
46,0,3.892936077,2.727907309
47,0,4.137239047,2.977827804
48,0,3.980408584,2.836553002
49,0,4.213693805,3.173616982
50,0,4.083158063,3.794847583
51,0,3.975203411,4.298006317
52,0,3.809674872,3.729589003
53,0,3.706915728,2.597582388
54,0,3.248200858,2.467885625
55,0,1.822900725,0.786594966
56,0,2.634451894,1.509905328
57,0,2.566094905,1.677243409
58,0,3.013298317,1.416312039
59,0,2.984133379,1.627393133
60,0,3.305766041,1.524209715
61,0,2.851605725,1.718937902
62,0,3.018725649,2.297257710
63,0,3.086024009,3.309663598
64,0,3.138361415,2.340360482
65,0,3.143358900,2.976449269
66,0,3.563180030,3.951592245
67,0,3.587670532,5.063759429
68,0,3.751894095,4.151713058
69,0,3.870748657,3.386665385
70,0,4.115131590,4.252394040
71,0,4.193628372,3.899766859
72,0,3.525907706,3.438336555
73,0,3.640048071,3.904504875
74,0,4.030053619,3.716535346
75,0,4.313735715,3.839175310
76,0,4.630620949,4.278305811
77,0,4.762221744,5.235902261
78,0,4.586244503,5.494303640
79,0,3.731688094,4.079042203
80,0,4.017508481,3.394964026
81,0,3.971363654,2.563829349
82,0,3.839046788,2.774616375
83,0,3.625313626,2.053934759
84,0,3.829773736,1.945658263
85,0,4.038923955,2.280046945
86,0,3.674770035,2.325730992
87,0,4.088010665,2.032047022
88,0,4.212581643,2.313562115
89,0,3.697095836,2.081873594
90,0,3.616233106,1.542861073
91,0,3.484808095,2.034665624
92,0,2.992754203,1.369862931
93,0,3.339631038,2.048708156
94,0,2.772271218,1.205925841
95,0,3.255253787,1.524916774
96,0,3.741721057,2.050831814
97,0,3.659076918,1.766702353
98,0,2.925579431,0.932052960
99,0,3.678019247,2.152007693
100,0,3.775234867,3.099491056
101,0,3.389041774,2.316909922
102,0,3.897721221,2.248761552
103,0,3.859617718,3.308607373
104,0,4.448929985,2.853376413
105,0,4.624606125,3.225279708
106,0,4.519387747,2.595469672
107,0,3.974189131,3.159611985
108,0,3.378306383,3.022571874
109,0,3.556719556,2.735546037
110,0,3.699903459,2.229128989
111,0,3.805385320,3.029152491
112,0,3.791049284,3.829818412
113,0,4.122354313,3.011943839
114,0,4.435278046,3.775836453
115,0,4.126618392,2.301561179
116,0,3.689258131,1.781320831
117,0,4.147400444,3.670725408
118,0,4.314728999,3.563325447
119,0,4.328900889,2.886153598
120,0,4.335861761,3.899320475
121,0,3.230996752,2.451311162
122,0,3.002275004,1.761284851
123,0,3.806917721,2.109004648
124,0,3.801510135,2.646788492
125,0,3.456140473,1.936541635
126,0,3.341559694,2.569023999
127,0,3.670477331,2.212962422
128,0,3.809019988,2.968000373
129,0,3.887239941,3.777439905
130,0,3.985973909,4.552227179
131,0,4.088366626,2.875222395
132,0,3.190624857,1.763016093
133,0,3.365098078,1.786399178
134,0,3.632577866,1.697868977
135,0,3.746909005,2.166313115
136,0,3.754029753,2.815599561
137,0,2.756196683,2.329954312
138,0,3.368033423,1.941112012
139,0,3.603106077,1.543849917
140,0,0.943008542,0.158552176
141,0,2.661805154,1.458313212
142,0,0.867952398,0.149602114
143,0,2.340336593,1.369598372
144,0,3.135434317,1.354599078
145,0,3.374268411,1.684099585
146,0,3.374902904,2.214531489
147,0,3.984310232,2.568807718
148,0,2.933034134,3.148608084
149,0,3.612751029,3.449422867
150,0,3.605448994,4.182999244
151,0,3.868109183,3.960121953
152,0,3.602813015,3.344246368
153,0,3.702996193,3.753080197
154,0,2.979514906,4.202037158
155,0,3.782616319,4.574881997
156,0,3.235765612,2.374799805
157,0,2.376074089,1.443107610
158,0,3.059662249,1.867890285
159,0,2.304867757,2.340328614
160,0,3.562593856,2.713545274
161,0,3.656851734,2.504614357
162,0,3.575074147,3.330821573
163,0,3.857648786,4.162275824
164,0,3.933263552,3.096321604
165,0,2.759972849,2.325369552
166,0,3.606275605,2.126004861
167,0,3.438536706,2.086559643
168,0,2.427898247,1.327740892
169,0,3.211065186,2.463555874
170,0,3.454865093,2.892738192
171,0,3.286354453,2.366700203
172,0,2.786192942,1.994214259
173,0,0.679629988,0.102896725
174,0,1.922566537,0.697779488
175,0,2.798853478,1.529231371
176,0,3.436276267,1.574746819
177,0,3.357331784,1.633776242
178,0,3.092712136,1.506925437
179,0,3.088493984,1.773436356
180,0,3.467390245,2.005601071
181,0,2.769239470,2.192032044
182,0,3.082296097,3.100602880
183,0,3.313326387,4.135634354
184,0,3.262004981,3.523849938
185,0,3.093407096,2.943210448
186,0,3.159410791,2.836871709
187,0,3.081158596,3.300535258
188,0,3.181144307,3.053438648
189,0,3.814706625,3.783135124
190,0,3.966812493,4.736547321
191,0,4.396640649,4.042314876
192,0,4.048027472,3.656534307
193,0,4.086839523,3.481673697
194,0,4.330585544,3.972578917
195,0,4.221584552,3.751768966
196,0,4.432445136,3.807287093
197,0,3.686930960,4.448711473
198,0,3.886090150,5.088297879
199,0,4.103702842,6.016064533
200,0,4.558069451,5.926426389
201,0,4.423883832,6.044026950
202,0,4.384371124,4.865933248
203,0,4.510673523,4.947320940
204,0,4.422828709,4.422844367
205,0,4.408795645,4.828917094
206,0,4.370870721,5.455655662
207,0,4.338501948,6.327616502
208,0,4.534640348,7.335805631
209,0,4.402388228,8.376304748
210,0,4.371445068,9.305161230
211,0,4.705012223,10.197810507
212,0,3.644597051,9.691107520
213,0,4.051311273,8.106999619
214,0,4.047134494,7.986311250
215,0,4.062410532,6.490177570
216,0,3.906406123,6.591353224
217,0,3.071605231,3.101094065
218,0,3.654223504,3.263348834
219,0,3.367725739,3.126540115
220,0,3.770581617,2.819184224
221,0,3.422937175,3.222304012
222,0,2.871743110,1.649662728
223,0,3.097094588,2.339272000
224,0,2.444543828,1.984518879
225,0,2.220389626,1.941358239
226,0,2.818190572,2.210452760
227,0,2.287788980,1.957820614
228,0,2.600590431,1.674739018
229,0,2.519213971,1.706171973
230,0,2.623577894,1.872503090
231,0,2.877089749,2.022439597
232,0,2.636567779,1.759931156
233,0,2.376652658,1.917901837
234,0,2.476747712,1.633716570
235,0,2.295231024,1.344257680
236,0,0.988739661,0.627442825
237,0,1.471474272,1.057994463
238,0,2.274224096,1.942722190
239,0,2.882504607,1.897161352
240,0,3.079209975,2.280966280
241,0,3.080711720,2.203102059
242,0,3.398220803,2.755402502
243,0,3.430933800,2.697720458
244,0,3.392178454,3.198414927
245,0,3.292220076,3.393450364
246,0,3.508138311,3.953996034
247,0,3.194100051,3.110923127
248,0,3.310972913,3.944997745
249,0,2.825894580,4.923637708
250,0,2.781727468,4.529188664
251,0,2.782937773,5.372683943
252,0,3.332917694,4.412131828
253,0,2.569654100,4.667576865
254,0,2.730828738,5.712939770
255,0,3.733035918,6.571066890
256,0,3.454701159,5.631573990
257,0,3.373484807,6.294713332
258,0,3.426863628,7.185416849
259,0,3.369548960,6.067084647
260,0,3.226924897,6.573617804
261,0,3.206308405,5.631409758
262,0,3.668407863,4.927230361
263,0,3.344147475,4.019924564
264,0,3.201471588,3.593765635
265,0,3.213054797,3.093016086
266,0,2.977570361,3.187211332
267,0,3.872128326,3.525271538
268,0,3.678242239,3.735029565
269,0,3.449049479,3.248037638
270,0,3.750986534,3.278511539
271,0,3.422283401,3.526999562
272,0,1.520529427,1.633262192
273,0,2.688729889,2.123264147
274,0,2.342360967,2.098376910
275,0,2.697244444,3.070410162
276,0,2.906837609,3.929190945
277,0,2.870271673,2.870912645
278,0,3.177684948,3.592444691
279,0,2.494536203,3.306718003
280,0,3.065753020,2.782063131
281,0,2.683612685,2.334993377
282,0,3.516760323,2.926872983
283,0,3.396373473,2.919839447
284,0,3.467856273,2.461364577
285,0,3.260392322,2.206334728
286,0,3.267832364,2.759021792
287,0,3.483930554,3.503492345
288,0,2.693653521,2.957004080
289,0,3.087598518,3.792162112
290,0,3.335854682,3.833037424
291,0,2.328452303,1.690424854
292,0,2.116202322,1.597493733
293,0,2.147847321,2.343713572
294,0,2.610467768,1.871486859
295,0,2.492296308,1.657812352
296,0,1.626089449,1.282911329
297,0,1.915915488,1.858434777
298,0,2.902378155,2.702848679
299,0,2.519620609,3.237587071
300,0,2.927341043,2.632738916
301,0,2.534513457,3.128023028
302,0,2.398367429,2.198720632
303,0,1.000600276,1.012774640
304,0,0.000626553,0.000036457
305,0,1.000412147,1.000003038
306,0,1.918797408,1.333324430
307,0,2.300280430,1.499998969
308,0,1.958680951,1.305874719
309,0,2.400685578,1.672724112
310,0,1.889340854,1.258815876
311,0,1.000779105,1.000007071
312,0,1.919218974,1.333313606
313,0,1.863636895,1.571428702
314,0,2.603997844,2.378980607
315,0,2.622745100,3.255351813
316,0,2.978035994,2.895950444
317,0,2.122118990,1.888825653
318,0,2.408140336,2.137860256
319,0,2.520525690,3.053406780
320,0,2.716121850,2.552496491
321,0,2.817431203,3.219328829
322,0,2.864845313,3.546679000
323,0,3.337471790,3.391323201
324,0,3.382498609,3.502942658
325,0,3.311227134,4.368129803
326,0,2.679864906,6.257538045
327,0,3.403487739,5.112158671
328,0,3.260581013,6.180305018
329,0,3.289091078,5.144330434
330,0,3.168271895,5.988757310
331,0,2.902769479,4.303198234
332,0,1.718846141,1.580240147
333,0,2.993160821,2.807566819
334,0,3.101146726,3.743386263
335,0,3.382498144,4.151019731
336,0,3.129907405,3.319910427
337,0,3.604528318,3.117327770
338,0,3.328001707,3.585957796
339,0,3.029493441,3.171237571
340,0,3.206746036,4.122723693
341,0,2.881204674,4.381683018
342,0,2.271261536,3.809873149
343,0,2.998136192,5.049474017
344,0,1.779141632,3.629623664
345,0,3.021589054,4.512839234
346,0,3.154034913,3.982479955
347,0,1.783065480,4.094039514
348,0,2.464957511,5.263085438
349,0,2.754577255,5.916640461
350,0,2.817156119,6.271847757
351,0,2.993812154,6.730283186
352,0,2.922157770,6.471227664
353,0,3.033212446,7.201098554
354,0,2.919426152,5.172569396
355,0,3.072080478,5.380088171
356,0,3.489426528,4.848626625
357,0,3.491102742,4.217397140
358,0,3.326869339,4.423688854
359,0,3.867442273,4.678545533
360,0,3.723240743,5.298593773
361,0,2.976499344,3.608695235
362,0,2.212640992,2.673558059
363,0,2.507583541,2.087509914
364,0,2.768963790,2.129199942
365,0,3.061197913,2.526074504
366,0,2.519763836,2.251707754
367,0,2.708685107,2.445219827
368,0,2.645359180,2.738369988
369,0,2.187735958,2.410404156
370,0,3.274522780,2.531791865
371,0,3.482858499,2.702255066
372,0,3.226381683,2.830599794
373,0,3.056899571,2.225324958
374,0,3.082508451,2.808065610
375,0,3.044509498,2.057319759
376,0,3.249986296,2.679287526
377,0,3.062075254,1.999987583
378,0,3.042260070,2.048045090
379,0,2.822967837,2.351235202
380,0,3.413227959,3.387896685
381,0,3.292721826,2.861564634
382,0,3.486952767,2.386076233
383,0,3.424542295,2.287152547
384,0,3.120443990,2.319931399
385,0,3.346027128,2.414825211
386,0,2.496185182,2.126137240
387,0,2.945195704,2.161053684
388,0,3.194478703,3.091317949
389,0,3.101877625,2.463292312
390,0,3.148961333,2.816444696
391,0,3.170924113,2.727348555
392,0,3.529319069,3.171643856
393,0,3.395980724,3.410118079
394,0,3.110781334,3.845203818
395,0,3.276684798,4.273160527
396,0,3.496097255,4.506611006
397,0,3.469176582,5.075820289
398,0,3.608808261,4.155364628
399,0,2.403709524,2.174649899
400,0,2.809015248,2.404146506
401,0,0.878488256,0.455403107
402,0,1.707368914,1.337352181
403,0,1.985244419,1.121687510
404,0,2.495448518,1.854469110
405,0,2.219099699,1.250273766
406,0,2.208967680,1.329621555
407,0,2.197506747,2.106577504
408,0,2.594496193,1.757487303
409,0,2.408535378,1.405144310
410,0,2.255031865,2.327776062
411,0,2.629045029,2.161385052
412,0,2.662938040,2.112390998
413,0,3.093964758,2.237186904
414,0,3.091312593,2.241249245
415,0,3.156477069,2.365250078
416,0,3.042363104,3.270376017
417,0,3.230344690,3.950262788
418,0,3.056189147,2.696276274
419,0,3.248086077,3.079003878
420,0,3.716943628,3.854882943
421,0,3.104811494,2.501804443
422,0,3.405417560,2.457584430
423,0,3.282220890,2.757047473
424,0,1.940129573,1.686885356
425,0,2.709273724,1.862395981
426,0,2.490828979,1.873180193
427,0,2.342298168,2.677214848
428,0,2.332157165,2.900047978
429,0,2.858063920,2.407990101
430,0,2.870747250,1.960105788
431,0,3.050359274,2.274968088
432,0,2.642749420,2.767480002
433,0,3.652523927,3.642163155
434,0,3.214116983,4.237141894
435,0,3.597727525,3.632415519
436,0,3.242743100,2.914768032
437,0,3.513852635,3.485738911
438,0,3.405177213,2.951948903
439,0,2.505339513,2.477475162
440,0,3.522805487,2.621845208
441,0,3.241275313,2.481395001
442,0,3.151130226,2.734364968
443,0,3.019695791,3.193186186
444,0,3.151172395,3.413925945
445,0,3.076434910,4.247842482
446,0,3.077762696,4.933883962
447,0,3.162578035,3.983323353
448,0,3.275223850,4.723622667
449,0,3.386775943,5.667036725
450,0,2.365308481,2.279122920
451,0,2.925054606,2.667617209
452,0,3.322478076,2.296249730
453,0,3.548751445,2.955769793
454,0,3.689600009,3.796501941
455,0,3.174830987,2.409985321
456,0,3.310283095,2.323484908
457,0,3.188180461,2.357657356
458,0,3.306225956,2.515190835
459,0,3.540485881,2.583408213
460,0,2.486428128,2.355537430
461,0,2.599668505,2.582622911
462,0,3.123208111,2.161864642
463,0,3.114141849,2.129324478
464,0,3.093852495,2.333461435
465,0,2.850789164,2.911025249
466,0,2.740521540,2.240414810
467,0,3.033598968,2.203045271
468,0,2.931200515,1.909942915
469,0,2.833584051,1.778617333
470,0,2.929329227,2.283563266
471,0,2.865532616,2.657891748
472,0,2.840597857,3.154009005
473,0,2.982220447,2.799653690
474,0,2.658922655,4.071115457
475,0,3.450882736,4.892741800
476,0,3.490968455,5.649524945
477,0,1.473375581,1.504660598
478,0,2.562791890,2.556292875
479,0,1.843505138,1.165580666
480,0,2.817436883,1.683553825
481,0,2.961481236,2.425436059
482,0,2.671036051,1.966244868
483,0,2.971268121,2.503011398
484,0,2.911264900,3.064186128
485,0,2.385638561,3.858021120
486,0,3.076121116,4.925209776
487,0,3.601784742,4.224249617
488,0,3.320466589,5.258704526
489,0,2.984592690,4.739954536
490,0,2.847446561,3.801035766
491,0,2.576915433,2.581148266
492,0,2.856141801,3.215323302
493,0,2.524910576,3.740330288
494,0,2.700885112,3.048982275
495,0,3.004362313,2.550746841
496,0,2.927783284,3.031340837
497,0,2.592151446,3.413271543
498,0,2.758306921,2.794514056
499,0,2.586973579,3.269187157
500,0,2.436600428,2.271760518
501,0,2.541798908,1.944166056
502,0,1.582521092,2.039373011
503,0,1.935823988,3.043247306
504,0,2.917354787,2.540428841
505,0,2.520442739,1.806083382
506,0,2.931568825,2.512120863
507,0,2.123188550,3.488272419
508,0,2.288495460,3.881675365
509,0,2.793450797,4.894703581
510,0,3.345529758,5.825413560
511,0,3.401907056,6.873922233
512,0,3.043330426,5.835561224
513,0,3.086150185,4.977075447
514,0,2.947439491,3.925120682
515,0,3.005959105,4.861887270
516,0,3.156482762,5.836414538
517,0,3.441235505,6.739592774
518,0,3.805871403,7.577521505
519,0,3.429022842,6.150958070
520,0,3.387232468,4.896966510
521,0,3.222483691,4.217659526
522,0,2.655171102,3.312143534
523,0,3.676069914,3.170932174
524,0,3.553018064,2.919111571
525,0,3.393065382,3.013100499
526,0,3.722680707,3.066233778
527,0,3.657506650,3.137556906
528,0,3.299993011,3.145378249
529,0,3.692209691,3.742310859
530,0,3.362997869,3.159283703
531,0,3.367029121,3.458262386
532,0,3.204011593,4.021689836
533,0,2.663927702,4.387938019
534,0,2.286051995,4.917171999
535,0,3.091441312,5.785455273
536,0,2.837243083,6.244407295
537,0,3.005761640,5.849190187
538,0,3.171482982,7.095056315
539,0,3.306123855,5.981418568
540,0,3.508966451,5.206708874
541,0,3.363569857,4.368893023
542,0,3.178844510,4.893775128
543,0,3.478947483,4.286464957
544,0,2.090866827,3.644015652
545,0,3.026032352,3.246294531
546,0,2.821258122,2.696678100
547,0,3.027244386,2.436694469
548,0,1.511331920,1.507321339
549,0,2.267857257,2.500016907
550,0,2.654490924,2.086885090
551,0,2.761468616,2.910701837
552,0,3.259467091,2.792146617
553,0,2.774436789,2.095361190
554,0,2.956548206,2.202593598
555,0,2.970531165,2.584166295
556,0,2.549784396,1.671865451
557,0,0.987382800,1.132060983
558,0,1.914090101,2.088040655
559,0,2.297521291,3.073367213
560,0,2.842181698,4.132718003
561,0,2.878632963,5.126087446
562,0,3.229601200,6.025038830
563,0,3.066730263,4.929623093
564,0,3.135414902,5.897001571
565,0,3.570637431,6.818007453
566,0,3.345008728,7.674902519
567,0,2.669940450,8.401804088
568,0,3.436803459,7.442987653
569,0,3.586708699,6.610863802
570,0,3.492810855,6.963420175
571,0,2.278816017,7.169426189
572,0,3.282119960,7.018291039
573,0,2.891371799,4.889823911
574,0,2.766965041,5.772818063
575,0,3.098470159,6.583058205
576,0,3.303010718,5.519129490
577,0,2.207874768,2.526242308
578,0,2.703487311,2.803067167
579,0,2.606292011,3.670564093
580,0,2.386505183,2.830908863
581,0,1.650610535,2.039387664
582,0,2.079895376,1.571581246
583,0,2.437277983,1.706147956
584,0,2.415297749,1.756628006
585,0,2.522752125,2.155474351
586,0,2.457577227,2.080525350
587,0,2.445918956,2.515614988
588,0,2.930892880,2.029172121
589,0,2.771142470,2.524706915
590,0,2.059934387,2.137131127
591,0,3.115072611,3.268208434
592,0,2.749389011,3.727666555
593,0,3.000073897,2.314410932
594,0,3.073610418,2.363878550
595,0,2.902329887,2.152490059
596,0,2.665742116,1.657152180
597,0,2.846410409,2.208936319
598,0,2.902100354,1.710134629
599,0,2.474015147,2.232469973
600,0,2.642122533,1.821973797
601,0,1.821373971,1.522195839
602,0,2.678809498,2.295554637
603,0,2.796620483,1.805463441
604,0,1.188890631,1.105353839
605,0,2.584513232,1.844741371
606,0,2.214379936,2.017901854
607,0,2.924796726,2.534645687
608,0,3.037048520,2.289698059
609,0,3.384957139,2.826667835
610,0,3.110989489,2.325284462
611,0,3.178656806,3.049186989
612,0,3.202046183,3.199553758
613,0,3.287317413,2.933286061
614,0,2.892296178,3.585572249
615,0,3.837722203,3.372693050
616,0,2.783416908,2.908021734
617,0,2.959131126,3.153440012
618,0,3.915019061,3.549615945
619,0,2.609785961,2.915222673
620,0,3.608143385,3.563908084
621,0,3.408356351,4.016629666
622,0,2.875208383,4.863330670
623,0,3.326216780,4.282651586
624,0,3.757199386,5.044401916
625,0,2.737955037,4.200701594
626,0,3.712604143,5.158655520
627,0,3.559034966,4.512728934
628,0,3.508805175,5.123184937
629,0,3.812696153,4.753996315
630,0,2.831339813,4.237948523
631,0,2.645724150,4.814270506
632,0,3.400012653,4.536297801
633,0,3.664959815,5.458067482
634,0,3.741777279,4.446987434
635,0,4.166191526,4.280555529
636,0,3.949847505,4.764032745
637,0,4.155652472,4.850147776
638,0,3.969116951,4.310556845
639,0,3.955835915,3.897472681
640,0,3.006652476,3.822319728
641,0,4.046888491,3.764774314
642,0,3.922068069,3.595331834
643,0,3.696565789,3.620532373
644,0,3.589433421,3.505065536
645,0,3.732236978,3.909636278
646,0,3.072184471,4.449696246
647,0,3.521126587,3.863529412
648,0,4.062464148,3.821849644
649,0,3.757250422,3.450532829
650,0,3.776009648,3.600943988
651,0,3.907598861,4.020108805
652,0,3.751370053,3.589127543
653,0,3.362433470,3.567462197
654,0,2.953374904,3.521312530
655,0,3.360298769,3.412515009
656,0,3.217676322,3.454732674
657,0,2.889708660,3.369703041
658,0,3.035835478,2.912202989
659,0,2.985780703,1.951323035
660,0,2.124012714,1.003005072
661,0,3.125952469,3.029361475
662,0,2.734847005,1.770677059
663,0,2.873759478,2.513270833
664,0,2.756984853,3.162636589
665,0,3.304822626,2.696443380
666,0,3.614364806,2.456200560
667,0,2.324661964,1.962915691
668,0,2.478124893,2.377948769
669,0,3.054699254,3.702568676
670,0,2.906091991,2.097925533
671,0,1.905468742,0.750083688
672,0,-0.000000000,0.000000000
673,0,1.584962501,1.333333333
674,0,2.239797155,2.437086093
675,0,2.749976387,2.002276608
676,0,3.180521281,2.704704065
677,0,2.978779749,2.913885867
678,0,1.961789289,2.407114988
679,0,2.668808890,3.627558937
680,0,2.873055159,2.713156632
681,0,2.786726131,3.224541631
682,0,2.021668113,4.272915410
683,0,2.316819340,3.018327177
684,0,2.560369328,3.057670831
685,0,2.515148399,3.541536949
686,0,3.043219152,3.528444633
687,0,3.051543442,2.001213064
688,0,3.248116264,2.297596364
689,0,1.318418651,1.792401854
690,0,2.547681998,3.377330682
691,0,2.996585086,2.745635984
692,0,3.307677041,2.540260247
693,0,2.959283569,2.544969171
694,0,3.419544156,2.529003991
695,0,3.217001484,2.688658051
696,0,3.038917073,3.163096330
697,0,2.998038803,3.834969096
698,0,3.051806259,2.861347716
699,0,2.872766796,2.708120401
700,0,2.523944124,2.412301238
701,0,2.122066909,1.669311359
702,0,2.811859080,1.854517941
703,0,2.726843981,1.944749446
704,0,2.581145034,2.102900292
705,0,2.903867421,2.448692991
706,0,3.023080267,2.091499876
707,0,3.004195271,2.410679375
708,0,2.981950498,2.051897582
709,0,3.378225213,2.702901740
710,0,2.611240817,1.632007549
711,0,2.596942726,1.607404190
712,0,2.022049318,1.652951852
713,0,2.127483052,1.545400279
714,0,2.823624977,1.954472548
715,0,3.187226624,2.512357677
716,0,1.920833190,1.549875689
717,0,1.309650002,1.631262576
718,0,2.300894142,1.919416304
719,0,2.545768833,1.987530127
720,0,1.759965165,2.456438675
721,0,0.738883790,0.834578085
722,0,2.323846291,1.750622376
723,0,2.140669526,1.494978425
724,0,2.663431421,2.579890421
725,0,2.676149258,3.147797117
726,0,2.430910088,3.025179034
727,0,2.422927272,1.826496731
728,0,2.624326283,2.230917844
729,0,2.088917307,2.967722708
730,0,2.699557946,2.411068862
731,0,2.469384717,2.260689862
732,0,2.961603166,2.566802880
733,0,2.878735058,2.442299510
734,0,2.902978980,3.240820353
735,0,3.138584271,2.951352992
736,0,3.069352812,4.513955215
737,0,3.084394116,3.918066838
738,0,2.505992416,3.922984194
739,0,2.814170785,3.261853973
740,0,3.352725686,3.114764942
741,0,3.318732228,2.916473446
742,0,3.301430599,2.741111696
743,0,3.375881893,3.080891971
744,0,1.617831743,2.044589165
745,0,2.424034206,2.578026915
746,0,2.492497665,2.839920448
747,0,2.831888429,3.292644179
748,0,3.190404812,3.998820046
749,0,3.174267859,3.398986125
750,0,3.288752726,4.339172000
751,0,3.248810887,5.117424497
752,0,3.765553801,4.311215526
753,0,3.181492727,4.107965191
754,0,3.051436659,2.259697144
755,0,2.938650824,2.246323821
756,0,3.256477369,3.100218854
757,0,3.236471002,3.382466467
758,0,3.372585943,4.534565753
759,0,3.336554069,4.166857430
760,0,3.216901875,4.160532874
761,0,3.217747629,4.874554637
762,0,2.314711603,4.093850992
763,0,3.031693062,4.342032969
764,0,2.941855091,4.105622592
765,0,3.010576582,3.412961459
766,0,2.762340787,4.211960418
767,0,3.268602266,3.629004966
768,0,2.952023109,3.823554594
769,0,3.324674876,4.054973947
770,0,3.005932155,3.683492958
771,0,3.720745740,3.714627765
772,0,3.740657024,3.928391810
773,0,3.666038885,3.801318833
774,0,4.005104546,3.881764360
775,0,3.570030170,4.250650892
776,0,3.227833959,3.036947926
777,0,3.105030249,2.908199154
778,0,2.237387529,2.492245201
779,0,2.498198874,2.842734157
780,0,2.704399831,3.702928439
781,0,2.159392744,3.018563496
782,0,2.785240513,2.418948870
783,0,2.470606735,2.479317058
784,0,2.825876441,1.856582023
785,0,2.929817624,2.318867761
786,0,3.024099072,2.118269709
787,0,2.758030409,2.262836132
788,0,3.190654095,2.452889239
789,0,3.063305605,2.601026188
790,0,3.160617784,3.084823497
791,0,3.525076092,3.910028561
792,0,3.322568935,3.222037501
793,0,3.506018749,3.763490248
794,0,3.392591695,3.223085099
795,0,2.881630648,3.896553986
796,0,3.285714644,4.591950455
797,0,3.360979266,5.421297388
798,0,3.388854504,4.687520912
799,0,3.275156106,3.998478425
800,0,3.339424297,3.427804692
801,0,2.687698402,3.178234769
802,0,2.693671483,3.191663780
803,0,3.212412850,3.815032543
804,0,2.740575501,2.839279873
805,0,2.579187752,1.810197947
806,0,2.542248421,2.368339034
807,0,2.724212819,2.841385014
808,0,2.807305949,2.808391396
809,0,3.235035374,2.319555348
810,0,2.959284458,2.173283099
811,0,2.772863968,2.190511261
812,0,2.818129212,2.748538893
813,0,2.752064922,2.150506901
814,0,2.461453884,2.020177334
815,0,2.480310473,1.877766297
816,0,2.894915033,2.704735645
817,0,3.047195245,3.467985694
818,0,3.007288988,2.789618126
819,0,3.269755879,2.553390178
820,0,2.989810411,2.760780316
821,0,3.081253727,3.502190924
822,0,3.505851233,4.376510160
823,0,3.429602490,3.670205703
824,0,2.890006620,2.944877227
825,0,2.754927420,3.172128318
826,0,2.459316474,2.248666860
827,0,2.016214244,1.343913746
828,0,1.993945803,2.050168239
829,0,2.613213383,3.132146152
830,0,2.398342190,4.017653793
831,0,2.540175852,3.013387752
832,0,2.198530212,4.019578190
833,0,2.205486870,4.670820128
834,0,2.317121219,4.925066126
835,0,2.943382981,5.001172595
836,0,2.771117666,5.395415463
837,0,2.855844861,4.041288482
838,0,2.563317288,3.832036148
839,0,2.633040827,4.836190624
840,0,2.539065792,3.945827094
841,0,2.658970389,4.365740146
842,0,3.120127468,5.218989126
843,0,2.883595430,4.704125411
844,0,2.456165243,2.188459504
845,0,2.258824733,2.653036523
846,0,1.070821188,1.219980366
847,0,1.747216660,0.843386197
848,0,1.562956630,2.441405398
849,0,2.503156322,3.258185245
850,0,2.651957659,1.911561527
851,0,2.949216007,2.583465226
852,0,1.219517630,1.237170238
853,0,1.931250843,2.660767354
854,0,1.821565098,1.455848863
855,0,2.214109290,1.281156909
856,0,2.506585842,1.808073450
857,0,3.013369179,1.987879352
858,0,2.801272554,1.937420002
859,0,2.589083083,1.636453022
860,0,2.753068425,1.982758545
861,0,2.495823858,2.221004306
862,0,1.261723038,1.106999519
863,0,1.614522978,1.114203713
864,0,1.984158895,1.988489313
865,0,2.171777989,2.003691047
866,0,2.447772281,1.651183371
867,0,2.958164048,2.454491388
868,0,3.164906384,2.197693799
869,0,2.958657398,2.118500803
870,0,2.757922852,2.074433378
871,0,2.494676091,2.295978793
872,0,3.047619613,2.391869968
873,0,3.087370704,2.853135685
874,0,3.600303313,2.823732039
875,0,3.107709634,2.393271752
876,0,1.414172455,1.596865048
877,0,2.602486119,1.855006719
878,0,2.642261191,1.738045783
879,0,2.216242419,1.311011956
880,0,2.796057985,1.886288721
881,0,1.235294959,0.921102917
882,0,1.195093570,0.945145692
883,0,1.180100460,1.343193544
884,0,-0.000000000,0.000000000
885,0,1.314320487,1.076923077
886,0,1.478153487,2.000000000
887,0,1.793538445,1.453333333
888,0,1.837460125,2.000000000
889,0,2.220293257,1.676427651
890,0,1.936750081,1.600037415
891,0,1.937372135,1.430602589
892,0,0.808278645,1.967987506
893,0,1.620188039,2.841375841
894,0,1.671357176,1.959034127
895,0,2.144214027,2.086432941
896,0,2.115555399,2.115145204
897,0,2.720687835,2.337277680
898,0,1.980768608,2.000312011
899,0,2.262941819,1.589083111
900,0,1.165957237,1.919958400
901,0,2.647544515,2.235090808
902,0,2.991036506,2.556819710
903,0,2.692042459,3.170463248
904,0,3.222218287,2.860306319
905,0,3.412844348,2.925578871
906,0,3.084935268,2.850762006
907,0,1.499135868,1.534669825
908,0,1.477572717,1.381744329
909,0,1.466006625,1.354339923
910,0,1.403892822,1.216157300
911,0,2.314260023,1.675046960
912,0,2.868275004,1.984744949
913,0,2.608766953,2.462596907
914,0,2.234066865,1.483703296
915,0,2.532321390,2.147508185
916,0,2.587633693,2.964326214
917,0,2.447016630,2.740581779
918,0,2.757212968,1.964632096
919,0,2.489783389,2.723576092
920,0,2.725485082,3.049311021
921,0,2.984513885,3.997774619
922,0,3.393478829,3.361235321
923,0,3.185078160,2.815707660
924,0,3.024739869,3.102023781
925,0,2.965549932,3.856172609
926,0,3.240010701,4.519286539
927,0,3.327358551,5.484820291
928,0,3.278995559,5.982113053
929,0,2.894529662,5.198701888
930,0,3.049033227,5.983105138
931,0,3.195824790,4.973060308
932,0,3.199553573,4.126814377
933,0,3.392166436,4.965144769
934,0,3.608496227,5.803694449
935,0,3.327343807,4.805643651
936,0,3.737111550,5.663491302
937,0,3.642160956,6.526914623
938,0,3.649783625,7.668283233
939,0,3.593254614,7.140824563
940,0,3.557915006,5.912154052
941,0,3.890027393,5.348397253
942,0,2.761984566,4.627936586
943,0,3.338721591,4.075607717
944,0,3.305645296,2.977673750
945,0,3.547859621,3.030778920
946,0,3.857956158,2.986391954
947,0,3.638664325,3.030007017
948,0,3.899022296,2.981400078
949,0,3.801033055,2.902185740
950,0,3.519394136,2.613342706
951,0,3.360705423,2.516683850
952,0,3.466401469,2.671041025
953,0,3.699375462,2.914343088
954,0,3.565964751,3.330787154
955,0,3.209659366,3.382166325
956,0,3.301319709,2.848947116
957,0,3.380246455,3.249124475
958,0,3.771160229,3.779024293
959,0,3.348999207,6.409319946
960,0,3.712099490,5.962212722
961,0,4.013312561,6.972797659
962,0,3.861898368,5.308464483
963,0,3.797180767,6.548132580
964,0,3.984860902,6.050375323
965,0,3.712179391,5.547504684
966,0,3.980796175,4.892431860
967,0,3.837229339,4.564529907
968,0,4.075874573,5.454247728
969,0,3.789782977,4.855503428
970,0,3.766809478,5.292961737
971,0,3.701051785,4.572676094
972,0,4.139649408,4.851954541
973,0,3.965933236,5.057696507
974,0,4.001829255,6.030256817
975,0,4.084143285,6.773517433
976,0,3.799449162,6.919842206
977,0,3.765139536,6.302323572
978,0,3.409726454,7.558920715
979,0,3.960720578,6.627561230
980,0,4.012353927,6.238312778
981,0,3.930552463,6.127552651
982,0,4.084774452,5.907696140
983,0,3.876124623,5.399200426
984,0,3.809760646,4.739752211
985,0,4.168412805,4.958875731
986,0,3.865662793,4.583335589
987,0,4.190717879,4.868677264
988,0,3.093585259,5.755353649
989,0,3.727183501,6.177082185
990,0,3.598372697,6.037782210
991,0,3.757458181,5.490135694
992,0,3.137081877,5.117876789
993,0,4.011917995,4.412973154
994,0,4.020156575,4.235762133
995,0,3.956255878,4.373283959
996,0,3.475880940,4.458801874
997,0,4.276797721,4.587691908
998,0,4.207141980,4.854030165
999,0,4.045040273,4.705293844
1000,0,3.900479509,4.114543560
1001,0,3.893799522,4.634707365
1002,0,3.736445140,5.175365956
1003,0,3.489171664,6.260439573
1004,0,3.852551252,5.527511042
1005,0,3.848975792,5.231721955
1006,0,3.826738293,6.066136484
1007,0,3.030218922,3.852805063
1008,0,2.789230222,3.644511641
1009,0,3.819905862,4.329619357
1010,0,4.068957658,4.121794805
1011,0,2.673703875,2.996716635
1012,0,2.071393617,2.565087562
1013,0,3.211852675,3.210785506
1014,0,2.258755191,3.763000449
1015,0,2.969961082,3.039270968
1016,0,2.252879634,1.481425254
1017,0,1.423067767,0.587065291
1018,0,1.986855228,1.554661925
1019,0,1.914115241,1.173353714
1020,0,2.418848891,1.523574690
1021,0,1.921298751,1.069408788
1022,0,2.482744606,1.947299191
1023,0,2.383513708,2.472207495
1024,0,1.662745227,3.291370678
1025,0,2.364608489,4.834115150
1026,0,2.553782516,5.334793317
1027,0,3.026966470,3.885312881
1028,0,3.072953678,2.985382372
1029,0,3.269803637,2.978338608
1030,0,2.711593463,1.378700669
1031,0,2.701455029,1.708565651
1032,0,1.579379285,1.034271664
1033,0,1.061521179,1.025171663
1034,0,1.975264125,1.873521691
1035,0,2.667868586,1.779282974
1036,0,2.520184043,2.239306635
1037,0,2.142711639,2.758526652
1038,0,3.188566329,3.725183504
1039,0,2.962194984,4.851303802
1040,0,3.013601823,5.515788439
1041,0,3.446968387,4.624995011
1042,0,3.400339105,5.442141030
1043,0,3.342661863,4.808038743
1044,0,3.711071783,5.403626280
1045,0,3.492869686,4.427755144
1046,0,3.768746419,3.808481810
1047,0,3.468033348,3.175156772
1048,0,3.452470665,3.526289245
1049,0,3.120781674,4.305202223
1050,0,4.021010473,4.493879628
1051,0,4.055506864,4.267136587
1052,0,3.693369065,4.165831455
1053,0,3.980510293,4.956808677
1054,0,3.735228980,5.726938539
1055,0,3.695488570,6.456870755
1056,0,3.751458009,5.623979249
1057,0,3.594339576,4.291681286
1058,0,3.898335500,3.951251736
1059,0,3.831906872,5.266131641
1060,0,3.577489178,3.955589672
1061,0,2.968476934,3.150598164
1062,0,2.975978729,3.499679503
1063,0,3.572083278,4.330980646
1064,0,3.635204400,4.483505145
1065,0,3.701591429,4.366575015
1066,0,3.766193564,5.402136487
1067,0,3.818917729,4.498963189
1068,0,3.861661913,5.692594395
1069,0,2.293017511,2.581853277
1070,0,2.490096195,2.603220118
1071,0,2.637710831,2.157465633
1072,0,2.870771941,3.057703431
1073,0,2.954508163,2.387726757
1074,0,2.846919036,3.005871346
1075,0,2.558206154,2.281348193
1076,0,2.843655125,2.066713026
1077,0,1.759607499,1.529404038
1078,0,2.520500631,1.991787724
1079,0,2.637883467,1.800205277
1080,0,2.042221520,1.968575120
1081,0,2.293724366,2.790071960
1082,0,3.337549680,2.551992312
1083,0,3.136369489,2.896153485
1084,0,3.037462912,3.423598309
1085,0,3.020587102,2.885782947
1086,0,3.204975591,3.682414210
1087,0,3.290928557,4.588646334
1088,0,3.216301678,5.112556674
1089,0,3.351118798,4.219453222
1090,0,3.354570500,4.686903211
1091,0,3.434154485,4.096269821
1092,0,3.819641481,4.790299299
1093,0,3.481146469,5.404755330
1094,0,3.222926840,5.971158304
1095,0,3.533619674,5.212455452
1096,0,3.368579176,5.874473517
1097,0,3.125431603,6.665337240
1098,0,2.997403710,7.224509220
1099,0,2.956492452,5.805478023
1100,0,2.934848523,5.876779517
1101,0,2.946136735,6.078117830
1102,0,3.343491571,7.734699251
1103,0,3.140764339,6.713596170
1104,0,3.045892206,7.968093112
1105,0,3.107643337,6.830814603
1106,0,3.370483784,7.692153898
1107,0,3.332558034,8.160830436
1108,0,3.037001469,7.957081891
1109,0,2.174307817,7.847983890
1110,0,3.288037226,7.114788508
1111,0,3.010372134,6.514242619
1112,0,3.392687658,5.643230949
1113,0,3.371080549,6.413538398
1114,0,3.313780379,7.418505039
1115,0,3.332167441,5.431967225
1116,0,3.642093692,5.691041778
1117,0,3.232519951,6.287432308
1118,0,3.494839279,3.749983354
1119,0,3.700454961,4.341117927
1120,0,4.087931962,4.990807090
1121,0,3.820063379,4.335368228
1122,0,3.410537838,3.963031425
1123,0,3.779701646,3.319234083
1124,0,3.696697764,3.344910583
1125,0,3.679962129,3.185445217
1126,0,3.861526824,3.002663761
1127,0,3.303080975,2.518746655
1128,0,3.568738512,3.323972454
1129,0,3.335759623,2.667911332
1130,0,3.424333545,3.381420714
1131,0,3.418805221,3.938849113
1132,0,1.725709812,1.525313621
1133,0,2.549372772,2.009421730
1134,0,2.589520591,1.488071386
1135,0,2.899394465,2.260997532
1136,0,2.821673187,1.738170352
1137,0,3.210105096,2.398466617
1138,0,3.283873084,2.473437349
1139,0,2.026640302,2.364972045
1140,0,3.012376363,2.175311570
1141,0,3.321333533,2.354279190
1142,0,3.129666993,2.188560567
1143,0,2.854794130,1.947913027
1144,0,3.025321898,2.354756678
1145,0,2.754473655,2.753455880
1146,0,3.411501806,2.574783652
1147,0,3.436912912,3.361372402
1148,0,3.233421752,2.653590173
1149,0,2.695405186,3.321384852
1150,0,2.572637119,4.159663407
1151,0,3.704262864,5.106741667
1152,0,3.723433688,5.764855724
1153,0,3.781325554,5.161933837
1154,0,3.831215254,4.528912864
1155,0,3.833578034,4.117057297
1156,0,3.732097327,3.820999111
1157,0,4.050242720,3.716076590
1158,0,2.371965614,3.054921117
1159,0,3.180819615,3.679281471
1160,0,3.135043060,2.863584676
1161,0,2.966728441,2.630166110
1162,0,2.072542174,2.391338765
1163,0,2.645410119,2.505526201
1164,0,2.667588796,2.105150752
1165,0,3.348283029,2.997882924
1166,0,3.176152734,2.065128409
1167,0,3.170357584,2.111998167
1168,0,3.061818987,2.988294907
1169,0,3.163174839,2.978181720
1170,0,3.187078506,2.388403815
1171,0,3.262111290,2.731364405
1172,0,3.645328382,2.732111293
1173,0,3.531950732,3.005649372
1174,0,3.454218174,3.325813404
1175,0,3.079684309,2.448157070
1176,0,3.631400673,2.659242754
1177,0,3.510639020,2.903133938
1178,0,3.486179181,3.301358678
1179,0,3.862727365,3.185030226
1180,0,3.873438149,3.476892974
1181,0,2.467366584,2.442589166
1182,0,3.083899187,3.257534495
1183,0,3.006982237,2.071036670
1184,0,3.048488587,2.711891452
1185,0,2.865168551,2.506725872
1186,0,3.233856343,2.517652862
1187,0,3.085414453,2.033129664
1188,0,2.939463610,2.062551743
1189,0,2.982130506,2.021773582
1190,0,2.079810444,1.735715907
1191,0,2.604755104,2.425301118
1192,0,2.739301160,2.943183052
1193,0,2.531213028,1.803519100
1194,0,2.653918196,2.653583043
1195,0,2.147872371,1.797293628
1196,0,2.363180035,2.458232969
1197,0,2.230427874,1.474938373
1198,0,2.367430114,2.309359894
1199,0,2.230985466,2.665692058
1200,0,1.969736740,0.951445271
1201,0,2.093218072,1.594110326
1202,0,-0.000000000,0.000000000
1203,0,1.799015671,1.368421053
1204,0,0.881290899,0.600000000
1205,0,2.097189455,1.383333333
1206,0,2.245401924,2.015057283
1207,0,-0.000000000,0.000000000
1208,0,1.446616668,0.666666667
1209,0,1.980587052,1.653061224
1210,0,-0.000000000,0.000000000
1211,0,1.314320487,1.846153846
1212,0,2.037942566,2.318181818
1213,0,2.339423496,1.345454545
1214,0,2.406064664,1.362937543
1215,0,2.772314703,2.083781343
1216,0,2.840375687,2.654656562
1217,0,2.892286516,2.455975394
1218,0,2.860321547,2.261608514
1219,0,1.679734397,1.342378841
1220,0,2.653547502,2.116890743
1221,0,2.985104758,2.489688473
1222,0,2.471112738,1.784533915
1223,0,2.954706228,2.818573595
1224,0,3.418986193,3.271846107
1225,0,2.692840038,2.284833477
1226,0,2.273566489,1.722381513
1227,0,2.851000099,1.862965000
1228,0,2.796242967,1.717228357
1229,0,2.860966045,2.105027742
1230,0,1.843108510,1.239547733
1231,0,2.619034245,1.871008991
1232,0,2.418237093,2.657501135
1233,0,1.907340563,2.747313900
1234,0,2.346659621,2.536580091
1235,0,1.364412053,1.766952727
1236,0,1.935460217,1.991122177
1237,0,1.624937284,1.077790527
1238,0,1.937511298,1.282356629
1239,0,1.944705347,1.871710240
1240,0,1.617262418,1.012109253
1241,0,1.872229660,1.138967569
1242,0,1.906918464,1.664860445
1243,0,2.424492026,2.833566131
1244,0,2.313791645,2.119741625
1245,0,2.370265483,1.623429570
1246,0,1.457650211,0.868867634
1247,0,2.415476566,1.976745656
1248,0,2.192952497,1.270375325
1249,0,2.482827520,1.576318269
1250,0,1.843507017,2.656954297
1251,0,2.910054776,3.421142098
1252,0,1.802711435,3.521373390
1253,0,1.256949987,3.307890974
1254,0,1.755021619,2.831898770
1255,0,2.565502647,3.612570411
1256,0,2.495221155,2.957271235
1257,0,2.529321825,2.408003758
1258,0,0.992176052,0.895948696
1259,0,1.915687851,1.333333333
1260,0,1.400490061,1.063058997
1261,0,1.358824567,1.243872740
1262,0,1.672308705,1.055718041
1263,0,1.422708175,1.218695823
1264,0,1.475938055,1.019204636
1265,0,0.741390559,0.492274289
1266,0,1.466982124,1.181911567
1267,0,1.814513492,1.251737599
1268,0,1.612212842,1.547878028
1269,0,2.265378706,1.414992000
1270,0,1.788828340,1.776985688
1271,0,1.653450789,0.908507368
1272,0,1.610241517,0.814771186
1273,0,1.460210986,1.005291610
1274,0,0.980990139,1.161979348
1275,0,0.922557171,0.675310343
1276,0,1.892481558,1.333333333
1277,0,1.941499068,1.727389985
1278,0,2.223769496,1.666432545
1279,0,2.471123013,1.812956512
1280,0,2.285402021,1.721257362
1281,0,2.310580506,1.572856458
1282,0,2.216575515,1.103992150
1283,0,2.734732576,1.795241941
1284,0,1.933286630,1.146124299
1285,0,2.159612532,1.584477387
1286,0,2.053064787,1.768099522
1287,0,2.683196413,1.707648449
1288,0,2.808276452,2.189640910
1289,0,2.950825725,2.664926483
1290,0,2.683772793,2.076360272
1291,0,2.716757093,1.885129138
1292,0,2.550307904,1.640710513
1293,0,2.326230852,1.474076064
1294,0,3.057965369,2.282260734
1295,0,2.970893794,3.667665077
1296,0,3.549736846,3.594032892
1297,0,3.004626319,2.087292182
1298,0,2.954090644,1.685545224
1299,0,3.298004795,2.304395166
1300,0,2.855554606,1.896907727
1301,0,2.188103070,1.927634074
1302,0,1.843018406,1.082406060
1303,0,2.166694415,1.223322380
1304,0,2.063552260,1.267691234
1305,0,2.147548733,2.215405479
1306,0,2.612175086,1.884724699
1307,0,2.356956719,1.286246177
1308,0,1.983645361,1.537718139
1309,0,2.359612091,2.383280160
1310,0,1.155894882,1.026115225
1311,0,1.822197722,1.762348856
1312,0,1.618878342,1.172762958
1313,0,1.238713050,1.741621562
1314,0,1.595558573,1.166916323
1315,0,2.001044756,1.194917859
1316,0,2.018557898,1.616218251
1317,0,1.994548448,1.814496621
1318,0,2.678118048,1.949347550
1319,0,2.414227576,1.589357054
1320,0,1.917640351,1.412287887
1321,0,2.335295266,1.628308110
1322,0,1.227509225,1.106268657
1323,0,0.459604405,0.406776764
1324,0,1.231350575,1.150280288
1325,0,1.767849475,1.160318939
1326,0,1.688784841,1.331195994
1327,0,1.987188711,2.120162029
1328,0,2.273963518,3.027881957
1329,0,2.754296853,4.000069055
1330,0,1.523543332,1.761347716
1331,0,2.455849815,1.694619353
1332,0,3.092130271,2.057633529
1333,0,3.221319519,2.688274139
1334,0,3.194017123,2.204095476
1335,0,3.063767640,2.768195170
1336,0,3.602177865,2.686761708
1337,0,3.313073049,3.115725739
1338,0,3.384982891,4.224017001
1339,0,3.383513557,3.233466196
1340,0,3.213271382,2.096235600
1341,0,3.045986666,2.420193480
1342,0,3.457723413,2.791664141
1343,0,3.339720495,3.185134405
1344,0,3.194486741,3.011732116
1345,0,1.700701605,1.372167910
1346,0,2.626447174,2.099967542
1347,0,2.724502679,1.690464993
1348,0,2.576802789,1.428091406
1349,0,-0.000000000,0.000000000
1350,0,1.584962501,1.333333333
1351,0,2.663532755,2.545454545
1352,0,3.073443412,2.033613445
1353,0,2.918894681,2.010825440
1354,0,1.551456525,1.229379892
1355,0,1.526643038,1.654474200
1356,0,1.381347575,1.182656367
1357,0,2.005745997,1.962089632
1358,0,2.504491042,1.497411027
1359,0,2.726338014,1.695796884
1360,0,3.093010745,1.718985192
1361,0,2.949936888,1.928720906
1362,0,2.792382389,2.004603022
1363,0,2.465948903,1.449632516
1364,0,1.601578811,1.480288379
1365,0,2.377038752,1.953394531
1366,0,2.625873012,2.629529892
1367,0,1.696640532,2.835006685
1368,0,1.872385349,3.666623565
1369,0,2.147857693,2.876646631
1370,0,2.388797261,2.582023769
1371,0,2.220869859,2.677026435
1372,0,1.107379359,3.370311859
1373,0,1.628819027,1.362022329
1374,0,2.220077520,1.609102542
1375,0,2.154986311,1.403565161
1376,0,1.508299965,0.843132464
1377,0,2.735870324,1.630185435
1378,0,2.553411867,1.420082921
1379,0,2.395159109,1.499059344
1380,0,1.954380454,1.456639965
1381,0,2.447355567,1.750707472
1382,0,2.223269139,1.791104003
1383,0,2.876312448,3.372454075
1384,0,2.829641640,5.275086003
1385,0,3.260173558,5.564001624
1386,0,3.233209292,7.355268732
1387,0,3.598385309,6.085911662
1388,0,3.767610278,6.920978746
1389,0,3.575918322,7.792864245
1390,0,3.647498867,7.755214191
1391,0,3.023531943,5.697632933
1392,0,3.281743857,3.141496591
1393,0,2.149565055,1.831955543
1394,0,1.507286971,2.165107831
1395,0,2.309490961,2.226830059
1396,0,2.197561207,1.320027646
1397,0,2.141932893,1.259003604
1398,0,2.854386792,1.763306911
1399,0,2.827591733,1.604940044
1400,0,2.794748993,1.973251777
1401,0,2.956202559,1.822200110
1402,0,3.030415534,2.313049522
1403,0,3.095729095,2.214512442
1404,0,3.031197845,2.356085259
1405,0,3.372333691,3.095209564
1406,0,3.187308019,3.496300563
1407,0,3.587310202,3.050139641
1408,0,3.322643590,2.433379430
1409,0,3.540909703,2.523179048
1410,0,3.461493664,2.742774572
1411,0,3.212710765,2.299460514
1412,0,3.079368344,2.637515633
1413,0,3.079115022,2.088400611
1414,0,3.039300888,1.922060310
1415,0,3.111650248,2.696045828
1416,0,2.986250364,1.950785742
1417,0,3.136070610,2.530784555
1418,0,3.334126011,2.527263113
1419,0,3.236518182,2.723395857
1420,0,3.213083101,2.974624394
1421,0,2.908233428,3.370997243
1422,0,3.450945518,2.991454028
1423,0,3.465330537,2.731114299
1424,0,3.485095314,3.096671712
1425,0,3.517112001,3.186631762
1426,0,-0.000000000,0.000000000
1427,0,2.000000000,1.500000000
1428,0,2.398282098,1.315789474
1429,0,2.527043382,1.766481334
1430,0,1.896813313,1.440307329
1431,0,2.652778425,1.750411582
1432,0,2.673419877,1.928112124
1433,0,2.793927066,2.291769718
1434,0,2.695520335,1.969572762
1435,0,2.485299624,1.461546458
1436,0,2.585451215,1.599268486
1437,0,2.795882522,2.277613471
1438,0,2.849593860,1.744941486
1439,0,3.012822746,2.538615582
1440,0,2.896588182,3.018280248
1441,0,2.946606275,3.922286306
1442,0,3.148176816,3.587271674
1443,0,2.512975247,2.448797136
1444,0,3.238536661,2.539161674
1445,0,3.199993798,2.422198559
1446,0,3.249953333,2.585926689
1447,0,2.845221567,3.180861871
1448,0,3.729307781,3.735116070
1449,0,3.494985769,3.021657394
1450,0,3.466799420,2.928331306
1451,0,3.544864082,3.517475009
1452,0,3.531649190,2.676121991
1453,0,3.259809446,2.564969840
1454,0,3.403234821,2.618530299
1455,0,2.492489121,2.774513345
1456,0,2.625021232,2.701121466
1457,0,2.694179628,3.396678889
1458,0,3.470733065,4.001467331
1459,0,3.911263096,4.627271280
1460,0,3.541414733,3.063497410
1461,0,3.849613829,3.044548400
1462,0,3.451460156,2.912829140
1463,0,3.273574928,3.024505853
1464,0,3.202507930,2.797328217
1465,0,3.188263849,3.540362002
1466,0,3.122739640,3.696540011
1467,0,3.385094292,5.028175897
1468,0,3.383885807,4.601688720
1469,0,3.892654105,5.454169345
1470,0,3.303468685,4.956825036
1471,0,3.148125152,3.691408306
1472,0,3.289593081,3.073302219
1473,0,3.338210140,3.635648812
1474,0,3.274901782,2.980474920
1475,0,3.260699283,3.856368598
1476,0,3.303436974,3.619864100
1477,0,2.827495658,2.599674061
1478,0,3.131010440,3.586736899
1479,0,3.001755756,2.873051893
1480,0,3.098938416,3.355671541
1481,0,3.303901326,2.882200369
1482,0,3.113565128,2.409508404
1483,0,2.955751359,2.963383937
1484,0,2.389848682,1.447946665
1485,0,2.746428933,2.062545078
1486,0,1.435909837,1.314466873
1487,0,2.692809314,2.508165019
1488,0,2.571278060,1.816353092
1489,0,2.910770031,2.610216067
1490,0,2.850905114,2.981939637
1491,0,2.988072485,3.307962695
1492,0,3.132056118,3.664620046
1493,0,2.742972001,4.138894965
1494,0,2.490923009,2.760525262
1495,0,2.932801177,2.472098534
1496,0,3.453303132,3.452479882
1497,0,2.852649737,2.076113020
1498,0,3.101277737,2.249996397
1499,0,3.374118465,2.389847207
1500,0,3.495237520,3.123017833
1501,0,3.570812454,3.694113617
1502,0,3.363891928,3.430047679
1503,0,3.646855353,2.627159626
1504,0,3.863253963,3.808474778
1505,0,3.517418712,3.523416694
1506,0,3.339527450,3.724219115
1507,0,3.843692540,4.341469044
1508,0,2.272920277,3.075237530
1509,0,2.749670989,1.738816705
1510,0,3.192841276,1.838667188
1511,0,3.677630584,2.375902644
1512,0,2.802450628,2.192158505
1513,0,3.055497580,1.596219251
1514,0,2.020003555,1.929668804
1515,0,-0.000000000,0.000000000
1516,0,1.584962501,1.333333333
1517,0,2.155639062,1.750000000
1518,0,2.636394977,1.955665025
1519,0,3.350960194,2.768645358
1520,0,2.832560555,2.693590299
1521,0,3.116203498,4.791039682
1522,0,2.342120003,3.333104777
1523,0,3.068290010,3.310820699
1524,0,2.792238060,2.860714090
1525,0,2.243145274,1.128701657
1526,0,2.322550256,1.518591396
1527,0,2.276115310,1.936880393
1528,0,2.750112108,3.128613975
1529,0,2.734461539,2.266964664
1530,0,2.724736965,1.759934306
1531,0,2.848281137,2.588486865
1532,0,2.824443321,1.601630420
1533,0,2.810166908,1.726718423
1534,0,2.899447098,1.956790923
1535,0,1.206311865,0.650938661
1536,0,2.049556611,1.700377044
1537,0,3.013062996,1.876038231
1538,0,2.745858066,2.054551719
1539,0,3.009437807,3.217688146
1540,0,2.500193372,3.413723774
1541,0,3.068515564,4.596537705
1542,0,3.610532799,5.543569221
1543,0,2.345542372,3.710175988
1544,0,2.817343188,3.726308778
1545,0,2.574550125,3.893393837
1546,0,3.303418021,3.615344032
1547,0,3.641049400,3.494198265
1548,0,3.752967840,3.262666277
1549,0,3.899374480,3.008148861
1550,0,3.801391952,3.436936187
1551,0,3.655666675,3.556885852
1552,0,3.443686735,2.608817202
1553,0,2.914465661,1.809091283
1554,0,3.260182239,3.141855374
1555,0,2.128706605,1.021276766
1556,0,1.354351825,1.906093722
1557,0,2.367024869,2.470494452
1558,0,2.152163505,1.747277868
1559,0,2.619555298,1.791375351
1560,0,2.294287856,2.615169261
1561,0,3.133517176,3.336713954
1562,0,2.994618549,2.804557239
1563,0,3.065408249,2.564867901
1564,0,3.143246961,2.649415802
1565,0,3.177835432,2.741742375
1566,0,3.485684953,2.976053614
1567,0,3.097098600,3.054493610
1568,0,3.014637661,3.391649623
1569,0,3.108294158,2.829273640
1570,0,2.654567794,2.115356122
1571,0,2.114260048,2.199935010
1572,0,-0.000000000,0.000000000
1573,0,2.000000000,1.500000000
1574,0,-0.000000000,0.000000000
1575,0,1.446616668,1.777777778
1576,0,2.033738637,2.684931507
1577,0,1.515034119,2.227467811
1578,0,2.066367612,3.238800444
1579,0,2.743861414,3.866641818
1580,0,3.163520158,3.417000935
1581,0,2.077424509,2.212895377
1582,0,3.184229116,2.750371008
1583,0,3.136734471,2.925226777
1584,0,3.109221942,3.136975195
1585,0,3.304763641,3.720350578
1586,0,3.201252627,4.455242395
1587,0,3.312016645,3.881723969
1588,0,3.554382568,4.734115061
1589,0,3.778634106,4.582925475
1590,0,3.782232136,4.680860920
1591,0,3.822503570,3.718015044
1592,0,3.973084344,6.152591153
1593,0,3.674523764,5.251940592
1594,0,4.202773916,5.411148699
1595,0,3.987809259,6.396318067
1596,0,4.020835783,6.550173933
1597,0,4.397242965,6.724312647
1598,0,4.314883895,7.080864608
1599,0,3.399811921,5.027658368
1600,0,3.815864276,4.114211553
1601,0,3.947981079,3.565159208
1602,0,4.172543509,4.391409564
1603,0,3.721972042,3.564687825
1604,0,3.690926897,3.533263797
1605,0,2.128379106,1.774015800
1606,0,2.895973600,1.923941914
1607,0,3.419066944,2.424788372
1608,0,3.418515440,3.027181934
1609,0,3.313371915,2.576038877
1610,0,3.698412667,3.318919333
1611,0,2.476905117,3.858918723
1612,0,3.334354160,3.476472633
1613,0,3.695623014,4.034302411
1614,0,3.634584172,4.661361770
1615,0,3.336089366,4.069767469
1616,0,3.254745698,5.473283976
1617,0,3.744615831,5.567494398
1618,0,3.610001727,4.853601902
1619,0,2.983278510,4.436160410
1620,0,3.304171262,4.101614117
1621,0,3.368492431,3.760509548
1622,0,3.435690188,3.972227424
1623,0,3.251557934,3.856830876
1624,0,3.384917316,4.312044429
1625,0,2.821217035,3.935492773
1626,0,3.270882399,3.647077861
1627,0,3.310705355,3.287739060
1628,0,3.339111544,3.574393456
1629,0,3.747245889,4.329713295
1630,0,3.613702800,4.853746801
1631,0,3.783463861,4.413457978
1632,0,3.703068689,4.996988661
1633,0,3.859736730,4.962663636
1634,0,3.752384621,4.457326505
1635,0,3.871723983,4.764173152
1636,0,3.681431889,5.244395028
1637,0,3.572917256,6.420197544
1638,0,3.399925337,4.624903742
1639,0,3.375682091,5.710743467
1640,0,3.716363554,4.992268718
1641,0,3.750837118,5.527990059
1642,0,3.478024892,5.155432944
1643,0,3.022388571,5.875177361
1644,0,2.506732985,3.359187990
1645,0,2.844565882,4.586050057
1646,0,2.373952303,2.432501950
1647,0,2.956569802,2.910042821
1648,0,3.122877080,3.572701013
1649,0,3.196407365,4.609633579
1650,0,3.026836414,4.715347027
1651,0,1.540578150,2.311385261
1652,0,2.223284505,2.807526121
1653,0,2.821023891,2.251053774
1654,0,2.880975703,1.795351019
1655,0,1.811651105,1.411308447
1656,0,2.049007721,1.662243879
1657,0,1.942329122,2.204350822
1658,0,2.628025221,3.069220994
1659,0,2.883106679,2.405070029
1660,0,3.341439793,2.340729027
1661,0,3.097222710,2.121106353
1662,0,3.118551384,2.252440772
1663,0,2.994609253,2.219355458
1664,0,3.081247107,2.352142837
1665,0,2.733575135,2.200812690
1666,0,2.935292280,2.158565315
1667,0,2.933060308,2.377007058
1668,0,3.167962654,2.783807226
1669,0,2.677727439,2.938089867
1670,0,2.949061345,3.930788253
1671,0,2.767590094,3.186529934
1672,0,3.065548441,4.926729271
1673,0,2.725795532,3.343290917
1674,0,3.129787086,3.284606808
1675,0,1.987384647,1.324810290
1676,0,1.493775391,1.196255556
1677,0,2.109836828,1.989279006
1678,0,2.413237407,1.986521534
1679,0,2.227390211,1.683195193
1680,0,2.151872606,1.723175402
1681,0,1.767019738,2.456455713
1682,0,2.719533224,3.342923017
1683,0,2.564822221,2.278014145
1684,0,2.615071505,1.968883377
1685,0,2.663885253,2.206951068
1686,0,2.333029593,1.892817595
1687,0,2.257228589,1.363459665
1688,0,2.279109521,2.077106009
1689,0,2.352019983,2.701743481
1690,0,2.574520928,1.949200239
1691,0,2.662195066,2.761640735
1692,0,2.675294858,2.119227926
1693,0,2.868270245,2.467993654
1694,0,2.944074491,3.135142009
1695,0,3.389752835,2.786845807
1696,0,2.928444356,2.266228415
1697,0,2.838223901,2.004408922
1698,0,3.214784149,2.604846995
1699,0,2.981800624,2.137519773
1700,0,3.277029238,2.776627275
1701,0,3.254249873,3.127625843
1702,0,3.179914333,3.601354926
1703,0,3.006931642,2.860510897
1704,0,3.141002521,3.388436096
1705,0,3.043928583,3.657752217
1706,0,3.807537398,3.443308278
1707,0,3.597846919,3.194296228
1708,0,2.630103733,2.816093378
1709,0,3.000430934,3.790711949
1710,0,3.437030329,3.322073781
1711,0,3.081151742,3.434801569
1712,0,3.205911423,2.639384809
1713,0,2.976151892,2.904932071
1714,0,3.546406598,2.757978673
1715,0,3.406633968,2.635470577
1716,0,3.252306274,2.645543244
1717,0,3.610218578,2.753455160
1718,0,3.643547453,2.878180675
1719,0,3.498783532,2.734069693
1720,0,2.642391294,2.654528771
1721,0,3.130927221,3.586784434
1722,0,3.277612406,3.113931241
1723,0,3.708876654,2.885453440
1724,0,2.738303561,2.531470390
1725,0,3.071471430,2.832662224
1726,0,3.576924589,3.510877580
1727,0,3.342928610,4.105688551
1728,0,3.174994297,3.946445694
1729,0,2.716393367,1.934724421
1730,0,2.783326835,2.352428105
1731,0,3.066302078,2.911926463
1732,0,3.416845896,3.830446269
1733,0,3.468398323,3.633864354
1734,0,3.491199376,2.600560431
1735,0,3.337853788,2.279191787
1736,0,3.314938537,2.531709924
1737,0,3.301354537,2.423928993
1738,0,2.679762430,1.936893490
1739,0,2.313388004,1.680315738
1740,0,2.329041326,1.914375936
1741,0,2.706434308,2.016770927
1742,0,2.741416239,1.931601574
1743,0,2.471442265,1.753631790
1744,0,2.943183770,2.178173691
1745,0,2.754061785,2.540576499
1746,0,2.793842353,1.928080075
1747,0,2.716468399,2.298068377
1748,0,2.814501404,2.021339625
1749,0,2.811293220,2.356554082
1750,0,2.884787147,2.123764312
1751,0,2.959990686,2.115592160
1752,0,2.697911306,2.178226599
1753,0,2.970015787,2.882242413
1754,0,2.996027471,3.686070299
1755,0,2.695922576,2.812096503
1756,0,3.103460279,2.501592550
1757,0,3.163911914,2.447748003
1758,0,3.221316303,2.605736130
1759,0,3.232868701,2.593728326
1760,0,3.658048529,2.954153478
1761,0,3.226469363,2.549762427
1762,0,2.957267576,2.735857670
1763,0,3.109413399,2.735700326
1764,0,3.291112624,2.600540164
1765,0,3.162727079,3.071430183
1766,0,2.822029386,2.241620129
1767,0,2.948541012,2.362932975
1768,0,2.559932455,2.468260895
1769,0,2.427192855,2.698212092
1770,0,3.054784269,2.581321225
1771,0,3.634511863,2.898195532
1772,0,3.388508927,3.736541207
1773,0,2.460063261,3.829013051
1774,0,3.251920116,3.427113539
1775,0,3.495972696,3.381358849
1776,0,3.092620206,3.102918634
1777,0,2.890545622,2.635987547
1778,0,2.846306143,2.712408507
1779,0,3.080955083,2.824363379
1780,0,3.053739836,2.909054132
1781,0,2.978093508,2.417843008
1782,0,2.545811686,2.527761728
1783,0,2.884277835,2.194419472
1784,0,1.270494164,1.593205884
1785,0,2.254591554,2.296884890
1786,0,2.140755024,2.135391792
1787,0,2.040040706,2.926834899
1788,0,-0.000000000,0.000000000
1789,0,1.000000000,1.000000000
1790,0,1.918295834,1.333333333
1791,0,1.799861976,1.251461988
1792,0,1.853940692,1.635786802
1793,0,1.609545464,0.914815143
1794,0,1.920517957,1.697560561
1795,0,1.597986921,1.134832888
1796,0,2.129433162,1.274168623
1797,0,1.895646809,1.201175979
1798,0,2.066845946,1.367193190
1799,0,2.352864216,1.756806244
1800,0,1.569750620,1.372568822
1801,0,2.639561285,2.538392453
1802,0,2.623434141,1.837839585
1803,0,1.003109089,1.077555901
1804,0,1.154664407,1.413772477
1805,0,2.241055280,2.095429389
1806,0,2.766074876,2.379676566
1807,0,2.074228506,1.377292063
1808,0,2.385386097,1.367269407
1809,0,2.526716746,1.502954923
1810,0,2.330687752,1.482618944
1811,0,1.910913314,1.242536837
1812,0,2.417109567,2.255308791
1813,0,2.570895014,1.676228754
1814,0,1.712281390,1.931694648
1815,0,1.565247335,2.062759391
1816,0,2.687407539,2.646209537
1817,0,3.105037996,3.787664643
1818,0,3.160036388,4.765092451
1819,0,3.110919084,4.481996657
1820,0,3.207969179,5.573382352
1821,0,2.321612700,3.489820461
1822,0,2.764563818,4.538427004
1823,0,2.226545173,4.131473632
1824,0,2.883472676,4.629692876
1825,0,2.051309511,3.383114092
1826,0,2.985778381,2.859621575
1827,0,2.960313870,4.077632530
1828,0,3.051559585,3.363527341
1829,0,3.356121063,4.141946223
1830,0,2.896707552,2.482854341
1831,0,2.094415262,1.217367919
1832,0,1.999967935,1.218445581
1833,0,2.081407061,1.189267722
1834,0,2.281163686,1.352262298
1835,0,2.020806976,1.486453466
1836,0,2.516274299,1.563059434
1837,0,1.486123784,1.164423009
1838,0,2.158011651,1.496217534
1839,0,2.488624696,1.676876345
1840,0,2.361447107,1.388426041
1841,0,2.543374810,2.054735935
1842,0,0.930970024,0.693145705
1843,0,1.736844062,2.356516922
1844,0,2.044356124,2.945637507
1845,0,2.208924202,2.342190971
1846,0,2.355749116,3.078877523
1847,0,0.614300379,2.144742861
1848,0,1.728294288,2.510982307
1849,0,2.069785067,1.402238368
1850,0,3.094300517,2.554117765
1851,0,2.217163053,1.237715712
1852,0,1.418063184,0.677313451
1853,0,2.350974956,1.874744349
1854,0,2.430725806,2.177236073
1855,0,2.080279707,1.604760555
1856,0,2.413782217,2.035736520
1857,0,0.443006257,0.362157384
1858,0,1.279160497,1.188252765
1859,0,1.263505793,0.938208578
1860,0,1.351526873,0.748108379
1861,0,1.565596230,1.200000000
1862,0,1.708496555,1.924590164
1863,0,1.981148300,1.141322314
1864,0,2.295789336,1.876261450
1865,0,2.431431671,1.623178412
1866,0,2.569479935,1.567423096
1867,0,2.106755353,1.466521449
1868,0,2.464346877,2.837970098
1869,0,2.107036853,1.701296343
1870,0,2.584022951,2.321729740
1871,0,2.384620030,1.350832277
1872,0,2.603914899,1.760751225
1873,0,2.469070517,1.517941225
1874,0,1.926702573,1.658780449
1875,0,2.363049719,1.465674292
1876,0,2.602766355,1.739248011
1877,0,2.811729330,3.140212163
1878,0,3.195192499,2.800553200
1879,0,3.143197328,2.745346160
1880,0,2.259851791,2.226494234
1881,0,2.796733525,2.998945635
1882,0,3.057946654,2.184775856
1883,0,2.958783460,2.027916034
1884,0,3.207695172,2.268189871
1885,0,3.213772020,2.795383081
1886,0,3.497430612,3.487076287
1887,0,3.406604989,4.115503929
1888,0,3.351298478,4.308397808
1889,0,3.352947602,5.168924735
1890,0,3.251478716,6.027762133
1891,0,3.637570517,6.956973372
1892,0,2.311015250,5.208540954
1893,0,3.230587276,6.094971367
1894,0,3.382207926,5.416492696
1895,0,3.450527441,4.886365954
1896,0,3.778717845,4.401858894
1897,0,3.557636339,5.316908939
1898,0,2.553890812,5.564843250
1899,0,3.675996826,4.936527450
1900,0,2.716042825,3.407274409
1901,0,3.288358964,3.115357686
1902,0,3.227180827,2.609023743
1903,0,2.725203956,2.622716508
1904,0,0.984824284,1.144789982
1905,0,1.880536006,1.850289215
1906,0,2.117540931,1.425264849
1907,0,2.369076684,1.318736446
1908,0,2.202952755,1.969344988
1909,0,2.048206698,1.529791401
1910,0,2.281640172,1.510390164
1911,0,2.059734494,1.406271352
1912,0,1.961159662,1.373897076
1913,0,2.245970155,1.599234984
1914,0,2.135795057,1.340973865
1915,0,2.091620266,1.360968496
1916,0,1.216155105,0.820165722
1917,0,2.272005095,1.467005157
1918,0,2.550473457,2.066945489
1919,0,2.185260168,1.934879852
1920,0,1.755369709,1.444001537
1921,0,1.837013466,2.332267930
1922,0,2.842905832,2.104841269
1923,0,2.452829672,1.584054199
1924,0,2.153253555,1.877227316
1925,0,2.952214465,2.613903204
1926,0,2.909366206,2.125008024
1927,0,2.539832231,1.727310073
1928,0,2.395508501,1.541602503
1929,0,2.527389066,1.774815760
1930,0,1.950442217,1.828476821
1931,0,2.434597186,1.770516035
1932,0,2.826804127,1.834767662
1933,0,2.918568257,2.293189572
1934,0,2.947402317,2.109391824
1935,0,2.479600949,1.941521816
1936,0,2.730850605,1.951990491
1937,0,2.119042321,2.555355450
1938,0,2.849082317,3.079752187
1939,0,3.117574827,2.886206493
1940,0,2.710001718,1.869509099
1941,0,2.562761429,1.816392003
1942,0,2.851676176,2.307295154
1943,0,0.997993916,0.947276825
1944,0,1.186027364,1.986819206
1945,0,2.436246731,2.968239051
1946,0,2.801461453,2.356978281
1947,0,2.498157356,1.727965951
1948,0,2.922451620,1.925287916
1949,0,2.518396921,1.750548155
1950,0,2.538608905,2.390598922
1951,0,2.514792348,3.404383654
1952,0,3.407314889,4.390768638
1953,0,2.272843449,5.195653683
1954,0,3.383136209,6.170205852
1955,0,3.501648657,5.407624261
1956,0,3.416352135,4.994834535
1957,0,3.460928912,4.597444449
1958,0,3.655471680,4.283202300
1959,0,4.053649183,4.633706480
1960,0,3.679583242,4.025848909
1961,0,3.685048816,4.102773688
1962,0,3.014957850,3.565214976
1963,0,2.699722333,3.414441486
1964,0,3.655536246,3.363588177
1965,0,3.797376556,3.277964573
1966,0,3.544693416,3.199680162
1967,0,3.514647052,3.448720285
1968,0,3.567195099,3.803605485
1969,0,3.470151284,4.398951855
1970,0,3.005337045,3.824391258
1971,0,3.544073527,4.319077765
1972,0,3.831083196,4.925533029
1973,0,3.510722563,4.387899567
1974,0,3.254180995,4.082145858
1975,0,3.242393695,5.283442995
1976,0,4.139185337,4.829145247
1977,0,3.903732398,4.744243104
1978,0,4.193722916,4.960194284
1979,0,4.154527925,4.502557571
1980,0,2.870032753,3.328066718
1981,0,3.090863089,3.911503400
1982,0,3.289079854,3.161904073
1983,0,2.702854601,2.666160002
1984,0,2.451293075,2.767922748
1985,0,2.359595048,2.268641255
1986,0,2.865568512,2.624664924
1987,0,2.255757714,2.303461814
1988,0,3.360736550,2.419492499
1989,0,3.141357880,2.444145029
1990,0,3.282272511,2.631919592
1991,0,3.159708538,3.241791499
1992,0,3.420392170,2.790267440
1993,0,3.112872248,2.780339333
1994,0,3.214090517,2.761853050
1995,0,2.394463948,1.967982343
1996,0,2.706540342,2.880000053
1997,0,3.005035111,3.107313120
1998,0,3.432182047,3.875947212
1999,0,3.428698775,5.685058667
2000,0,3.455558816,6.078641807
2001,0,3.600786510,6.220675215
2002,0,2.927331589,7.811528600
2003,0,3.051092622,7.275173999
2004,0,2.975029834,5.754726934
2005,0,2.759146271,7.011129571
2006,0,1.561213851,6.955278779
2007,0,2.441010050,6.549952983
2008,0,2.935847560,7.532052299
2009,0,1.635066564,7.045964871
2010,0,2.614724645,6.098712528
2011,0,2.524850840,6.010294387
2012,0,2.696179092,6.045021854
2013,0,1.567929231,1.685915127
2014,0,2.339762652,2.064290608
2015,0,3.037356593,1.794909392
2016,0,2.887897485,2.192956557
2017,0,3.096831843,2.625976579
2018,0,2.864558762,1.730041648
2019,0,2.947741208,2.233594535
2020,0,3.160097939,3.261915982
2021,0,3.163430641,3.985226351
2022,0,3.119303037,3.318474779
2023,0,3.198924613,4.374593181
2024,0,3.435891540,5.048573985
2025,0,3.311234204,4.643791093
2026,0,3.732579727,4.623259095
2027,0,3.981086841,4.832179598
2028,0,4.226501878,4.724975288
2029,0,3.487856399,3.828986033
2030,0,3.972973835,4.656234246
2031,0,3.770867725,3.816751953
2032,0,3.751196275,4.007271820
2033,0,3.961207743,4.647029059
2034,0,4.046659827,3.946649371
2035,0,3.936504430,3.460368919
2036,0,4.154551361,3.749140328
2037,0,3.427660885,3.561015626
2038,0,3.854617543,4.026387838
2039,0,3.869864407,4.154525972
2040,0,3.336432101,3.308377554
2041,0,2.908936505,3.034766149
2042,0,3.350136306,2.939585026
2043,0,3.552569716,3.086195488
2044,0,3.832213633,3.462337213
2045,0,3.420861384,2.919823849
2046,0,3.281411025,2.994782357
2047,0,3.393132205,2.658166322
2048,0,3.441946817,3.125564881
2049,0,3.499507945,3.815893046
2050,0,3.524204461,5.004592083
2051,0,3.905668377,3.947722574
2052,0,3.680377607,3.887685533
2053,0,3.066492558,3.131071060
2054,0,3.507252790,2.928449621
2055,0,3.651070188,3.257023390
2056,0,3.889731405,3.798782654
2057,0,3.673302721,3.772916975
2058,0,3.535445678,4.620539504
2059,0,3.536578412,3.132353068
2060,0,3.223627919,3.442207851
2061,0,3.176631882,3.018673053
2062,0,3.510027218,2.834923513
2063,0,3.387036260,3.046650084
2064,0,3.239631196,2.925568181
2065,0,3.446880459,3.179068918
2066,0,3.372594184,2.973775891
2067,0,3.901875468,2.951707902
2068,0,3.817941998,3.106170632
2069,0,3.469939925,3.106559387
2070,0,2.346470923,2.023900965
2071,0,2.462693942,2.401225502
2072,0,2.561765080,2.252244504
2073,0,3.263655059,2.600043515
2074,0,3.252909924,2.685250494
2075,0,3.425189935,2.755752056
2076,0,3.654601689,2.904298034
2077,0,3.786264134,3.142134730
2078,0,3.443099885,3.148643145
2079,0,3.783009167,3.045072147
2080,0,3.465279559,2.886499100
2081,0,3.549577194,3.099997834
2082,0,3.805396829,3.098225964
2083,0,3.605971613,3.699339773
2084,0,3.328438294,3.574199500
2085,0,3.399438890,3.208431608
2086,0,2.789202900,3.700873320
2087,0,3.555875421,3.393558055
2088,0,2.656795012,3.168613848
2089,0,2.844176710,3.487243792
2090,0,2.811511589,2.800680228
2091,0,3.342844161,3.192285284
2092,0,3.439698708,3.103172894
2093,0,3.708017395,3.615093600
2094,0,3.344711659,3.279676222
2095,0,2.713449759,2.871214273
2096,0,2.652720811,3.411530968
2097,0,1.548899171,2.606614167
2098,0,-0.000000000,0.000000000
2099,0,1.000000000,1.000000000
2100,0,1.918295834,2.000000000
2101,0,2.299736764,1.500000000
2102,0,2.530048478,2.226744186
2103,0,2.414872522,1.716053967
2104,0,2.690076353,2.447125696
2105,0,2.971238216,3.308359008
2106,0,2.880952326,2.651322803
2107,0,2.865592840,3.390196100
2108,0,3.336949633,3.189240049
2109,0,2.826394001,3.350356991
2110,0,2.848323077,2.791824649
2111,0,2.254176413,3.227352239
2112,0,2.261182759,4.263131636
2113,0,2.774972015,5.203230280
2114,0,3.048205588,6.172081316
2115,0,3.098398428,5.323917295
2116,0,3.146715476,6.115098245
2117,0,3.393233934,5.372884590
2118,0,3.426634592,4.797379501
2119,0,2.428886337,3.462834923
2120,0,3.377455349,4.219043917
2121,0,3.507607261,5.091944529
2122,0,3.066054620,4.800978954
2123,0,3.185674546,4.550589495
2124,0,3.631100395,5.381944214
2125,0,2.617608188,4.631833912
2126,0,3.652321683,5.675459122
2127,0,3.481969774,5.156539908
2128,0,3.485631324,6.019956744
2129,0,2.684282641,4.159694887
2130,0,3.569865442,5.156117023
2131,0,3.647845247,6.113280650
2132,0,3.367336850,6.947978845
2133,0,3.770461890,8.084317616
2134,0,3.659032293,6.961168270
2135,0,2.961923011,6.953085406
2136,0,3.516244206,8.003528387
2137,0,3.664615870,7.134287138
2138,0,3.859464343,8.072367167
2139,0,3.709832439,9.223801512
2140,0,3.877866544,8.569898210
2141,0,2.410076654,7.964317596
2142,0,2.961525933,9.063084461
2143,0,3.320518637,7.685014378
2144,0,3.291379165,8.723046674
2145,0,3.619358415,7.769183769
2146,0,2.953492401,7.924281861
2147,0,3.148774823,7.375889537
2148,0,3.578956496,6.901731066
2149,0,3.718557761,7.786040537
2150,0,3.285716929,6.891572673
2151,0,2.290621845,6.645425959
2152,0,3.014213067,6.644188065
2153,0,2.814486718,8.638033561
2154,0,3.593760306,10.128602260
2155,0,3.039466410,10.255146874
2156,0,3.685783009,9.945205558
2157,0,3.569918076,7.653322984
2158,0,3.551082932,6.668541253
2159,0,1.988146945,3.417249157
2160,0,3.043088162,2.929827747
2161,0,2.117695185,0.965241937
2162,0,2.781331510,1.577937312
2163,0,2.839184489,1.711204518
2164,0,3.178618826,2.160265504
2165,0,3.322327800,2.684758688
2166,0,3.310277939,2.484221526
2167,0,1.898919694,2.032204458
2168,0,2.402199577,1.440999612
2169,0,2.045625496,0.948295284
2170,0,1.685392211,0.748338531
2171,0,2.457480886,1.755287988
2172,0,2.950826270,1.808710312
2173,0,2.832162084,1.579600089
2174,0,3.225883823,2.197548067
2175,0,3.429211667,2.105326457
2176,0,2.041997825,1.987705535
2177,0,2.721488299,1.771500437
2178,0,1.833981283,0.701524459
2179,0,2.342576263,1.777878266
2180,0,1.798682354,2.110799608
2181,0,3.091771578,2.739006879
2182,0,3.300548965,2.823203492
2183,0,3.050521183,1.627522870
2184,0,-0.000000000,0.000000000
2185,0,1.584962501,1.333333333
2186,0,2.725480557,2.000000000
2187,0,3.102859627,2.959821429
2188,0,3.202038886,3.206953067
2189,0,3.800908980,3.789645088
2190,0,3.795769691,5.443664408
2191,0,4.151082437,4.881742975
2192,0,4.085562648,4.102498957
2193,0,2.462710631,2.811640731
2194,0,3.347104360,3.796613330
2195,0,3.094273604,2.784430288
2196,0,3.210909834,2.480040115
2197,0,3.164005672,3.013572071
2198,0,3.358838993,2.857722195
2199,0,3.478860556,3.001413440
2200,0,2.878477295,1.869159011
2201,0,3.075115925,2.018663122
2202,0,2.806237877,2.542856687
2203,0,3.365067981,2.221805855
2204,0,3.060578848,3.253068625
2205,0,3.047163018,5.090298262
2206,0,3.813836291,4.685885241
2207,0,3.755662510,3.868544008
2208,0,3.877715857,4.145085655
2209,0,3.600397824,3.360954710
2210,0,3.022474372,3.360588983
2211,0,2.939456958,2.409949905
2212,0,3.483342183,3.417111302
2213,0,3.781068864,3.283190488
2214,0,3.473884879,4.570456496
2215,0,3.404343103,7.309218314
2216,0,3.762092567,6.462901192
2217,0,3.484639889,7.849956165
2218,0,2.759471752,9.872552461
2219,0,3.217087788,8.396905459
2220,0,3.368183269,9.781173499
2221,0,2.987686375,11.437912037
2222,0,2.236801881,6.726184353
2223,0,3.331331843,5.971046717
2224,0,3.212256041,5.647671827
2225,0,2.770207847,6.101897706
2226,0,3.118410255,7.164459001
2227,0,3.259961966,7.844516117
2228,0,3.069173803,6.721783362
2229,0,2.581914779,5.460715742
2230,0,3.245324854,4.837958786
2231,0,3.557941557,4.493941826
2232,0,3.639131593,5.102421948
2233,0,3.985341346,4.417896305
2234,0,3.479630381,3.751937557
2235,0,3.871975364,4.389008738
2236,0,3.641472342,3.859146698
2237,0,3.728499075,3.514181781
2238,0,3.176148595,4.422235761
2239,0,4.002672324,4.844651071
2240,0,3.990965347,4.689058482
2241,0,3.887703203,5.102185275
2242,0,3.220434763,6.204196253
2243,0,3.408640531,4.226947978
2244,0,2.736005280,3.213463973
2245,0,3.470870358,4.027162136
2246,0,3.515454733,4.425203524
2247,0,1.240852614,4.732401080
2248,0,2.887707713,4.117607903
2249,0,3.376355899,5.334685874
2250,0,3.084866554,5.261067770
2251,0,3.621234134,4.387352453
2252,0,3.071133636,4.500626157
2253,0,3.550304272,3.010569610
2254,0,3.637674088,3.018592283
2255,0,3.762493375,2.553794190
2256,0,3.545128261,2.652652761
2257,0,3.730700846,3.173554105
2258,0,3.416284963,2.580022519
2259,0,2.741105066,1.740460441
2260,0,3.190279175,2.461599519
2261,0,4.053165452,3.496378121
2262,0,3.617836588,2.888621875
2263,0,3.652641778,3.703072725
2264,0,3.818058770,3.093687931
2265,0,3.891073032,3.557951017
2266,0,2.569977731,2.317165898
2267,0,3.306088306,3.003516693
2268,0,3.399643268,2.710668988
2269,0,3.094431505,2.092219473
2270,0,2.586556391,2.717660350
2271,0,3.304911868,3.747926541
2272,0,3.553313477,3.899476119
2273,0,3.818350636,3.627443553
2274,0,3.916559704,3.712478956
2275,0,2.525897598,3.886341826
2276,0,3.326436416,4.107140700
2277,0,3.029898886,3.943522311
2278,0,3.766352103,3.809866275
2279,0,3.581219127,4.005514731
2280,0,3.903325997,3.767652567
2281,0,3.123962970,4.398588162
2282,0,3.662084435,3.961095967
2283,0,3.789856213,5.384961227
2284,0,3.995924069,5.033374107
2285,0,4.006318757,5.669292625
2286,0,4.066879024,5.475866816
2287,0,4.239067652,5.838390906
2288,0,3.314596582,4.057977996
2289,0,3.821554358,3.983169154
2290,0,3.808091441,3.843329872
2291,0,4.015327779,4.578687256
2292,0,3.831645494,4.278862279
2293,0,2.529028066,2.371595838
2294,0,2.735720950,3.046281862
2295,0,3.041795534,2.929012944
2296,0,2.947075667,3.440234065
2297,0,2.719051687,2.695747911
2298,0,2.651633808,3.600868848
2299,0,3.405484356,4.576507948
2300,0,3.252025829,5.302942506
2301,0,2.795788698,3.369592511
2302,0,2.723805990,3.618629442
2303,0,2.682285147,1.979412618
2304,0,3.007781477,2.242813749
2305,0,3.285841188,2.950718452
2306,0,3.209195356,3.016984777
2307,0,2.681640511,2.188739517
2308,0,2.009718738,1.882507299
2309,0,2.576508410,1.573513938
2310,0,2.945417815,1.851749005
2311,0,2.807126320,1.858549402
2312,0,2.259628869,1.891964325
2313,0,2.717836483,2.519809593
2314,0,2.951786051,2.370731091
2315,0,2.453180709,2.042567097
2316,0,2.631759536,2.840782372
2317,0,2.478967446,2.149902955
2318,0,2.708340558,2.975102133
2319,0,2.580756023,2.258946239
2320,0,2.763500459,1.884143685
2321,0,2.564264769,2.775238935
2322,0,2.677468801,2.049343822
2323,0,1.881125015,1.411332951
2324,0,2.576957128,1.638630228
2325,0,2.302994731,1.323147555
2326,0,2.440643870,1.523759162
2327,0,2.258316878,1.888817559
2328,0,2.453448059,2.155596813
2329,0,2.363095171,1.951502114
2330,0,2.264711984,1.218481933
2331,0,2.170922052,1.259271992
2332,0,2.278531875,1.873428478
2333,0,2.334611566,2.419966724
2334,0,1.434695476,1.141622862
2335,0,2.371801602,1.852214715
2336,0,2.934173508,2.777105314
2337,0,3.219522988,3.642468222
2338,0,3.190357238,2.272622078
2339,0,2.867612101,1.869199892
2340,0,2.124294086,2.009818464
2341,0,1.370517661,1.152965700
2342,0,2.475894634,1.584169197
2343,0,2.715493001,1.866795218
2344,0,2.632551113,2.446411682
2345,0,1.958012617,1.857241353
2346,0,2.607930066,2.706686447
2347,0,2.835175217,2.289460916
2348,0,2.774751527,3.215749318
2349,0,2.643284602,2.751188574
2350,0,3.185567554,3.844673454
2351,0,3.527387907,3.230911428
2352,0,3.145818770,2.492238939
2353,0,3.635727533,2.613207475
2354,0,2.754924370,2.467340827
2355,0,3.232848178,2.099279308
2356,0,3.103333125,1.927390310
2357,0,2.793770516,1.705902027
2358,0,2.818633206,1.656048142
2359,0,2.873127670,2.373732960
2360,0,3.088508891,3.275988530
2361,0,2.889825263,2.442542472
2362,0,3.028592977,3.695263997
2363,0,3.611565304,4.682424470
2364,0,3.236091503,5.054984356
2365,0,3.249060354,5.523314952
2366,0,3.221085783,4.198795423
2367,0,2.999942100,1.730941859
2368,0,2.940740145,2.173321725
2369,0,2.977272630,2.345573282
2370,0,2.918747427,2.163534532
2371,0,3.039675103,2.747599562
2372,0,2.397743991,2.121925138
2373,0,1.706082595,2.151850187
2374,0,2.534274029,1.605886686
2375,0,2.671408366,1.680414926
2376,0,1.994234788,1.752430746
2377,0,2.794796043,2.637155099
2378,0,3.064994048,3.593295563
2379,0,3.172271812,4.886687855
2380,0,2.779164134,3.254763844
2381,0,2.990153819,4.140960790
2382,0,2.997042277,3.510776497
2383,0,3.571739397,3.138479585
2384,0,3.470955289,3.818074098
2385,0,1.896576150,2.011086943
2386,0,2.656750607,2.071252596
2387,0,2.744071429,2.736857848
2388,0,3.051205052,2.714768776
2389,0,3.153653458,2.329661909
2390,0,1.813478864,1.618226976
2391,0,-0.000000000,0.000000000
2392,0,1.799015671,1.368421053
2393,0,-0.000000000,0.000000000
2394,0,1.314320487,1.076923077
2395,0,1.509968613,1.238095238
2396,0,1.349548553,0.848484848
2397,0,2.162375129,1.357894737
2398,0,2.160342450,1.507869041
2399,0,1.856074780,1.947785254
2400,0,2.254936961,1.721244839
2401,0,2.460057740,2.143945655
2402,0,1.760774560,1.437387430
2403,0,2.000317956,1.195101567
2404,0,-0.000000000,0.000000000
2405,0,1.000000000,1.000000000
2406,0,1.492614068,1.857142857
2407,0,2.074564110,2.531772575
2408,0,1.415604309,1.273858921
2409,0,1.858539841,1.804191947
2410,0,2.025106135,1.228732970
2411,0,1.264471933,1.064495593
2412,0,1.310015067,1.111341973
2413,0,2.193313458,1.491067796
2414,0,2.049292102,1.779969352
2415,0,1.834700144,0.982578363
2416,0,2.140860200,1.426469492
2417,0,2.501100728,1.797203112
2418,0,1.877736393,1.579649922
2419,0,2.521006598,2.104106662
2420,0,2.877141125,2.034492197
2421,0,3.225646996,2.222137657
2422,0,2.958233184,2.127332101
2423,0,2.686569376,2.773091518
2424,0,2.983773151,3.529884647
2425,0,2.904014038,2.771484789
2426,0,3.191295004,3.752505243
2427,0,3.249355350,4.667395994
2428,0,2.218147968,4.661154747
2429,0,3.354522744,5.554646775
2430,0,2.427195575,3.576409883
2431,0,2.418712931,4.819851701
2432,0,2.617483892,5.442115435
2433,0,3.584003398,4.678622208
2434,0,1.578421375,2.055696558
2435,0,1.513074110,1.591462527
2436,0,2.470715637,2.470075350
2437,0,3.191001954,2.834801977
2438,0,3.537252609,3.629706277
2439,0,3.291145263,2.941636780
2440,0,4.019779482,3.096979641
2441,0,3.962028647,3.203166737
2442,0,3.753321529,2.941054255
2443,0,3.109700203,2.543116680
2444,0,2.938052689,2.227359628
2445,0,3.509448717,2.630308624
2446,0,3.317483670,2.411423445
2447,0,3.073549307,2.309893576
2448,0,3.423676303,2.433094190
2449,0,3.230303326,2.519237084
2450,0,3.153352928,2.076067776
2451,0,3.135609934,2.071706015
2452,0,3.008539919,2.616306628
2453,0,3.101669973,3.557642159
2454,0,2.658568720,4.515601060
2455,0,2.914469196,5.394176013
2456,0,3.086751369,6.711957325
2457,0,3.321642182,7.842968580
2458,0,3.443144349,8.854442851
2459,0,3.263109629,9.861670428
2460,0,2.831465135,8.834145175
2461,0,3.426547569,8.007370696
2462,0,3.654495962,6.911283050
2463,0,3.358630170,7.614858630
2464,0,3.278180622,6.588261449
2465,0,3.108088706,5.580595693
2466,0,2.979763612,5.964448267
2467,0,2.946658823,5.732193116
2468,0,2.693607840,7.257060493
2469,0,3.296200125,8.100249484
2470,0,2.739093823,6.639468678
2471,0,3.771917092,7.576427211
2472,0,3.591831175,6.744169808
2473,0,3.676837677,6.010435090
2474,0,3.854099860,6.719411668
2475,0,3.599803008,7.476603441
2476,0,3.572186858,6.494048446
2477,0,3.464191701,4.949800926
2478,0,3.598048581,5.692779548
2479,0,3.944045949,4.968131958
2480,0,3.793329992,5.338517248
2481,0,3.361848730,3.041818059
2482,0,3.354363111,2.921345312
2483,0,3.293104392,3.434000545
2484,0,3.209039989,4.170122760
2485,0,3.072142709,3.686499304
2486,0,2.481251807,3.913294714
2487,0,3.173928982,3.249596764
2488,0,2.704293725,3.784103152
2489,0,3.657690561,4.761623300
2490,0,2.744954623,4.028090249
2491,0,3.508505390,4.282460924
2492,0,3.689759194,4.380768919
2493,0,3.647442654,3.359238723
2494,0,3.559184334,3.222797157
2495,0,3.790593526,4.193308836
2496,0,3.494946588,4.644911052
2497,0,3.573761651,5.705798543
2498,0,3.974114377,6.694087920
2499,0,3.849913548,6.013775484
2500,0,3.682433935,5.261491202
2501,0,3.689527567,4.507100832
2502,0,3.673688454,5.230017095
2503,0,3.407937207,3.981623755
2504,0,4.034518339,5.115874822
2505,0,3.672274003,4.430747505
2506,0,2.255699974,2.106886857
2507,0,1.948034912,2.109737274
2508,0,-0.000000000,0.000000000
2509,0,1.000000000,1.000000000
2510,0,-0.000000000,0.000000000
2511,0,2.000000000,1.500000000
2512,0,2.820527131,2.666666667
2513,0,3.044336745,2.000000000
2514,0,2.960981531,2.119020885
2515,0,2.514107664,1.841377106
2516,0,3.044322573,2.840773887
2517,0,2.550092795,3.813289152
2518,0,2.834124429,4.149372935
2519,0,2.870261625,3.305393381
2520,0,2.730509777,3.397737275
2521,0,2.826192537,2.381816032
2522,0,3.154426698,2.422752727
2523,0,3.366516296,3.057994356
2524,0,0.937660218,1.291837545
2525,0,1.897515907,1.333333333
2526,0,2.297921025,1.633240195
2527,0,1.124112088,0.808329412
2528,0,1.945815627,1.159472430
2529,0,2.062948339,2.289036900
2530,0,1.226518866,0.878941625
2531,0,1.044908442,0.649668251
2532,0,1.893292305,1.170558655
2533,0,2.309963301,1.386580133
2534,0,2.025502599,1.727045945
2535,0,2.438934517,1.598995454
2536,0,2.555053390,2.003347410
2537,0,2.145266053,1.709237426
2538,0,2.768398294,2.285233242
2539,0,1.668993318,1.473278871
2540,0,2.725482533,2.634473938
2541,0,2.908706992,2.296346366
2542,0,2.963692365,1.843379142
2543,0,2.879536613,2.204586753
2544,0,2.304465614,1.983348412
2545,0,2.955584547,2.334157132
2546,0,2.839361994,2.345039792
2547,0,2.962375014,2.905418968
2548,0,2.953812182,2.914783505
2549,0,3.316371403,2.705524030
2550,0,3.131064956,2.447427301
2551,0,2.833120118,2.047324716
2552,0,2.927627427,2.662477798
2553,0,2.923114557,2.395757063
2554,0,3.209211492,2.392526332
2555,0,2.399980591,2.451748923
2556,0,3.102381936,4.187916191
2557,0,2.881083181,2.997301135
2558,0,2.691383872,2.294702563
2559,0,2.973903031,2.272105219
2560,0,3.204704292,2.163192044
2561,0,2.348153652,2.887978076
2562,0,2.649924480,3.402675981
2563,0,3.284747073,3.009938795
2564,0,3.215725320,3.062124211
2565,0,3.165063207,3.443494613
2566,0,3.387266677,2.816561485
2567,0,3.048822551,3.376508397
2568,0,2.249252847,3.296107289
2569,0,2.548253326,3.334407686
2570,0,1.963648497,1.754547068
2571,0,2.354687601,1.443117978
2572,0,2.440953348,1.918082351
2573,0,2.398481262,1.665249824
2574,0,2.607467781,1.922737646
2575,0,2.728987980,1.833374059
2576,0,2.469394542,2.349803678
2577,0,2.762862376,3.367683872
2578,0,2.633875804,2.486275199
2579,0,3.178175771,3.274922877
2580,0,2.886627740,2.569938445
2581,0,2.910643365,2.921533814
2582,0,3.284451353,2.336500304
2583,0,3.072678862,3.764532944
2584,0,3.152912520,3.705890294
2585,0,3.438852734,4.591163952
2586,0,2.878876460,2.981028600
2587,0,3.129996070,2.348563228
2588,0,2.889036847,2.648197319
2589,0,3.131152908,3.556943538
2590,0,2.866941788,2.795033145
2591,0,3.085742503,3.145539767
2592,0,2.959623876,2.328577950
2593,0,3.575792899,2.561026111
2594,0,3.430584878,3.074900104
2595,0,3.517441388,3.201428449
2596,0,3.372459439,3.987362646
2597,0,3.465136669,3.653622251
2598,0,3.069549990,3.778256317
2599,0,3.375919360,3.374280233
2600,0,3.083502798,3.183923797
2601,0,3.326082608,2.957009099
2602,0,2.967079841,3.508089133
2603,0,3.292343928,4.089561135
2604,0,2.640296333,2.720462595
2605,0,3.263210819,2.680703580
2606,0,3.511672761,2.896825313
2607,0,3.620384421,3.244827580
2608,0,2.487826209,3.438129952
2609,0,3.138803003,4.307974490
2610,0,2.881095324,3.462591155
2611,0,2.645633827,4.152929755
2612,0,2.519385367,3.402871996
2613,0,3.704108864,4.562440699
2614,0,3.204658532,3.622615837
2615,0,3.367745174,3.176267091
2616,0,2.578132013,2.689566289
2617,0,3.161475027,3.080729310
2618,0,3.520770878,2.999202585
2619,0,3.428664985,2.954257137
2620,0,3.185546889,3.129799061
2621,0,3.389697725,2.978112073
2622,0,3.198822222,3.025914633
2623,0,3.274691367,2.919876857
2624,0,2.836366209,2.701882533
2625,0,2.651326032,2.897372480
2626,0,3.050452308,2.719907393
2627,0,3.164037518,2.957252486
2628,0,2.928127965,3.173184176
2629,0,3.026152469,3.592419205
2630,0,2.819969576,3.413084027
2631,0,3.113586815,3.261481994
2632,0,3.325097080,3.237646666
2633,0,3.357267876,3.504771938
2634,0,3.332447040,3.590403846
2635,0,2.987686110,3.085515786
2636,0,2.724262066,3.309449959
2637,0,3.459783814,4.041033843
2638,0,2.637892896,3.187081554
2639,0,3.305044306,3.101614517
2640,0,2.764465265,3.482209296
2641,0,3.876169804,4.106026964
2642,0,3.587196199,4.607233668
2643,0,2.843681933,5.140241654
2644,0,3.742186468,4.508013840
2645,0,3.437526127,4.850740018
2646,0,3.464731058,4.090634722
2647,0,3.600002542,3.751027241
2648,0,3.565038004,3.564867018
2649,0,3.673053933,3.201669773
2650,0,3.686200910,3.284674446
2651,0,3.714310785,3.580779191
2652,0,2.408086763,4.020503455
2653,0,3.410148519,5.020274902
2654,0,3.316902517,4.901515559
2655,0,2.837106995,3.292108114
2656,0,3.354622222,3.687167183
2657,0,3.518562187,3.443741731
2658,0,3.175229763,3.633362708
2659,0,3.465680897,3.493314670
2660,0,3.181200372,3.151593865
2661,0,3.427202873,3.466082339
2662,0,3.778430732,3.744404457
2663,0,3.711873073,4.092998118
2664,0,3.769176237,4.523948980
2665,0,3.700093663,5.075379886
2666,0,3.376036362,5.191365024
2667,0,3.240003306,4.272534037
2668,0,2.781841055,2.820062224
2669,0,2.585200621,2.573144653
2670,0,2.400508599,1.534748499
2671,0,2.450373263,1.926116230
2672,0,2.708552352,2.690205663
2673,0,2.705661063,2.073716104
2674,0,2.437036814,2.342591124
2675,0,2.005706329,1.381306118
2676,0,1.989128041,1.152704842
2677,0,0.999576124,1.024895653
2678,0,1.918154456,2.016590950
2679,0,0.999985240,1.004523445
2680,0,1.775852136,2.004175488
2681,0,2.298789570,3.004711922
2682,0,2.649502186,2.385911643
2683,0,3.148029289,3.276232049
2684,0,3.183014009,4.059543113
2685,0,3.377669124,3.533814469
2686,0,3.257373305,3.638216507
2687,0,3.344785436,3.325238531
2688,0,2.070850311,2.024169424
2689,0,2.382270794,2.022261530
2690,0,2.741282111,1.618948712
2691,0,2.246944515,1.509357654
2692,0,2.297873473,2.130979750
2693,0,2.600403600,1.922013876
2694,0,2.886113762,1.942075714
2695,0,2.558061963,1.797266878
2696,0,2.397772172,2.061226774
2697,0,2.518068725,1.769077654
2698,0,2.095182111,1.599202649
2699,0,3.119938041,2.299646679
2700,0,2.700698293,2.426193106
2701,0,2.621765852,2.428485244
2702,0,2.489007579,1.529652273
2703,0,2.685286088,1.898585083
2704,0,2.479368791,2.307582337
2705,0,2.005595348,1.998236345
2706,0,3.006102050,2.605746228
2707,0,2.992165083,3.284454984
2708,0,3.042153100,4.112070503
2709,0,2.338746397,3.058517052
2710,0,2.941658109,3.553708148
2711,0,3.169545495,4.960986635
2712,0,2.661245740,5.727229428
2713,0,3.079641619,6.811110604
2714,0,2.916209180,6.499253593
2715,0,1.909376609,4.193756272
2716,0,1.796661178,2.780718230
2717,0,0.989398484,1.090895631
2718,0,2.121369414,1.916867657
2719,0,2.600378094,2.730663471
2720,0,2.296173020,1.322825388
2721,0,2.528763149,1.512432613
2722,0,2.775345809,1.461644053
2723,0,2.969893175,1.945069041
2724,0,3.268306860,2.317997004
2725,0,3.225745298,2.983244410
2726,0,3.572414717,3.796708260
2727,0,3.609756500,2.920591095
2728,0,3.582452287,4.442481375
2729,0,3.391152152,3.786849230
2730,0,3.297993373,3.439184024
2731,0,3.501701300,2.983849488
2732,0,3.601736537,2.686955772
2733,0,3.628580126,2.858192572
2734,0,3.392044831,2.894301669
2735,0,3.212727189,3.463422514
2736,0,2.694671094,3.016928076
2737,0,3.105257430,2.783639487
2738,0,3.426296132,2.709198565
2739,0,3.617596169,3.237538680
2740,0,3.403023978,3.374798152
2741,0,3.234543880,2.820900126
2742,0,3.262169556,3.245414127
2743,0,3.664618651,3.126161090
2744,0,3.223927612,2.822802611
2745,0,2.861060555,3.290911454
2746,0,3.374098821,3.473041053
2747,0,2.519740257,2.820668005
2748,0,3.182234909,3.256572034
2749,0,2.918728161,3.268185754
2750,0,3.220335060,3.208806627
2751,0,3.261377092,3.171725375
2752,0,3.266224428,3.315768823
2753,0,3.285813592,2.967677594
2754,0,3.088839618,2.746630079
2755,0,3.721945655,3.209500455
2756,0,3.447311360,3.161289871
2757,0,3.496622415,3.567458573
2758,0,3.466487939,3.338230750
2759,0,3.527919756,3.727947497
2760,0,3.075940321,4.103192047
2761,0,4.019063801,4.829567979
2762,0,3.622905318,5.415046564
2763,0,3.367619714,4.755777617
2764,0,3.590224471,4.704214470
2765,0,3.832288130,5.334889391
2766,0,3.665891127,5.244301843
2767,0,4.246569332,5.964721899
2768,0,2.843350081,6.030040078
2769,0,2.970582583,7.028954908
2770,0,3.509919462,6.039542590
2771,0,3.398518396,5.461945233
2772,0,3.445350172,4.604153706
2773,0,3.529572793,4.358165365
2774,0,3.921176771,4.120140710
2775,0,3.734431142,4.485260142
2776,0,3.492029407,4.834133379
2777,0,3.782062113,5.629415372
2778,0,3.782859900,6.431695063
2779,0,2.571271266,5.297320310
2780,0,3.232538334,4.964517995
2781,0,3.389389969,4.319220190
2782,0,3.435503827,5.446551284
2783,0,3.508173047,4.504923037
2784,0,3.552296624,3.740484370
2785,0,1.987440195,2.189464160
2786,0,2.286956822,2.755846764
2787,0,1.996597107,2.088129435
2788,0,2.279501126,2.171141429
2789,0,2.965788676,2.465739065
2790,0,3.483321654,2.998197701
2791,0,3.265732024,3.433926932
2792,0,3.348322868,3.170018177
2793,0,3.148420940,2.932625454
2794,0,3.026365729,3.712754311
2795,0,3.409242936,3.948395447
2796,0,3.735592390,4.649932036
2797,0,3.442689433,3.941493836
2798,0,3.211050255,3.329946028
2799,0,2.382529629,3.027616959
2800,0,2.803654384,3.922560974
2801,0,2.858494857,2.689437258
2802,0,2.629199732,3.796286470
2803,0,3.159991193,4.344573080
2804,0,3.235742658,3.859888115
2805,0,3.741906641,3.525595295
2806,0,3.696287093,3.282752134
2807,0,3.279028141,2.645958366
2808,0,-0.000000000,0.000000000
2809,0,1.314320487,1.076923077
2810,0,2.326860257,1.302325581
2811,0,1.694926937,0.749379653
2812,0,2.174322711,1.421830986
2813,0,2.725351909,1.599655370
2814,0,3.020679742,2.121300977
2815,0,3.203970615,2.966211562
2816,0,2.540861674,1.533316927
2817,0,3.128509569,2.039128339
2818,0,3.168979722,1.846460856
2819,0,3.422762662,3.124113740
2820,0,3.169060462,3.835675448
2821,0,3.635864328,4.790631398
2822,0,3.286668386,3.864695302
2823,0,2.756583610,4.154131115
2824,0,3.250829119,4.346778706
2825,0,3.081263803,3.591825450
2826,0,3.613446205,3.112296496
2827,0,3.826349153,4.071530516
2828,0,3.734561254,4.240167287
2829,0,3.493860519,2.858817686
2830,0,3.744494422,3.009372909
2831,0,3.558655556,3.060851092
2832,0,3.534277642,3.201228795
2833,0,3.364382516,3.854922630
2834,0,3.154292063,3.186226943
2835,0,3.534044063,3.147332722
2836,0,3.275072846,3.833214328
2837,0,2.457286771,2.313311006
2838,0,0.997661922,0.861716629
2839,0,1.888366151,1.801326054
2840,0,1.522463964,2.244423607
2841,0,1.476423483,1.189488942
2842,0,2.110766668,1.378442460
2843,0,2.467885745,2.603237718
2844,0,2.186485112,3.069102526
2845,0,1.745535090,3.881805077
2846,0,2.282987809,3.355066137
2847,0,3.201714820,2.767622688
2848,0,3.009336255,2.533848715
2849,0,3.196202564,2.868918038
2850,0,3.071705514,2.517505131
2851,0,3.530496141,3.144269213
2852,0,3.281961713,3.605454789
2853,0,3.647738210,3.230398328
2854,0,2.799784137,3.242971306
2855,0,3.291481271,3.690047317
2856,0,3.687881415,3.351379596
2857,0,3.668556085,3.349705137
2858,0,3.387208096,3.364638137
2859,0,3.307681481,2.495417533
2860,0,3.177912989,3.118460643
2861,0,2.216241854,3.832334962
2862,0,2.805976868,3.216722597
2863,0,3.038598251,4.608424636
2864,0,3.256686453,3.770006384
2865,0,3.038898196,2.634176583
2866,0,1.442709855,1.294022400
2867,0,2.794769154,2.539482253
2868,0,3.286886162,2.539526218
2869,0,2.465357247,2.961729030
2870,0,3.176637409,2.484951507
2871,0,3.354122533,4.372269365
2872,0,2.897636107,4.020161881
2873,0,3.039678091,3.915614691
2874,0,3.820301194,4.587816946
2875,0,3.431497136,4.795522036
2876,0,3.494697711,3.466527802
2877,0,3.390896936,3.057532726
2878,0,2.539272087,2.571601149
2879,0,2.847618797,2.514557609
2880,0,2.993868944,2.441397524
2881,0,2.845360836,2.719912501
2882,0,3.043849679,2.677170294
2883,0,3.246060167,2.439334826
2884,0,2.589517791,2.052981716
2885,0,2.530904645,1.745697308
2886,0,2.237877912,1.716448783
2887,0,2.138461568,1.264779241
2888,0,1.721960439,1.919241377
2889,0,1.740967508,1.307214652
2890,0,2.552981618,1.978495374
2891,0,3.114425032,2.065938200
2892,0,1.211940858,1.133967528
2893,0,1.921718684,1.656791133
2894,0,1.551794603,1.356854772
2895,0,2.429230997,2.181699916
2896,0,1.602256809,1.243646510
2897,0,1.436638593,0.675249170
2898,0,-0.000000000,0.000000000
2899,0,1.584962501,1.333333333
2900,0,1.561278124,2.000000000
2901,0,1.836430163,1.433333333
2902,0,0.816281851,0.337349398
2903,0,1.749596096,1.286195286
2904,0,0.845967696,0.344159389
2905,0,1.606799293,1.164827410
2906,0,-0.000000000,0.000000000
2907,0,1.061278124,0.500000000
2908,0,-0.000000000,0.000000000
2909,0,1.314320487,1.076923077
2910,0,1.457265914,2.000000000
2911,0,2.336855859,2.707792208
2912,0,2.226678197,2.333333333
2913,0,2.807629076,2.328767123
2914,0,3.138825075,2.842382746
2915,0,2.845412079,2.720553381
2916,0,3.050401403,2.417478055
2917,0,3.168180976,2.392485957
2918,0,3.052683088,2.528611897
2919,0,2.871691497,2.828905444
2920,0,3.444063560,3.600237001
2921,0,2.553327928,2.822813414
2922,0,3.227189125,3.030312788
2923,0,3.203550733,3.159254596
2924,0,3.500080868,2.746046361
2925,0,3.328492671,3.073164697
2926,0,3.213952764,3.645071293
2927,0,2.851444661,3.083879061
2928,0,3.116648310,3.083829526
2929,0,2.777658846,3.709600693
2930,0,3.104120400,3.398521209
2931,0,3.252763931,3.057869721
2932,0,3.764973597,3.520518729
2933,0,3.629257165,4.097144769
2934,0,3.427601487,3.598975502
2935,0,3.815951870,3.888925957
2936,0,3.964125652,4.231659078
2937,0,3.733603324,4.713521368
2938,0,3.926932890,4.230054327
2939,0,1.950101113,3.747148506
2940,0,2.528582812,4.614329191
2941,0,2.840439571,4.067607680
2942,0,3.067640305,4.877764264
2943,0,3.200540052,4.037604478
2944,0,3.263154653,3.447686378
2945,0,2.129434982,4.170211924
2946,0,2.918039425,3.691756936
2947,0,2.762419924,3.177666473
2948,0,3.754322471,3.786352255
2949,0,3.227873091,4.277894582
2950,0,3.214467903,3.727484350
2951,0,3.159941671,3.892513753
2952,0,3.293508188,4.746702340
2953,0,2.403754691,4.193416961
2954,0,3.138000028,5.311895223
2955,0,2.273510290,2.989936099
2956,0,3.387167508,3.919672109
2957,0,3.300693956,3.600606741
2958,0,3.463138959,4.018161120
2959,0,3.171501923,3.722330473
2960,0,2.470427438,2.895536458
2961,0,2.386698816,3.677859155
2962,0,2.866172358,2.889555581
2963,0,2.658556886,3.167749983
2964,0,2.511547774,3.692153427
2965,0,3.096105453,3.198402459
2966,0,3.124616506,3.478238466
2967,0,3.209638023,4.414134027
2968,0,3.154349830,2.960324863
2969,0,3.135224684,3.339650975
2970,0,3.343637360,2.818567874
2971,0,3.173990293,4.441694098
2972,0,2.332790262,2.115619572
2973,0,3.004908441,2.094283089
2974,0,2.546516998,2.268374084
2975,0,2.807364229,1.666283987
2976,0,2.548894735,1.964744148
2977,0,2.892181987,2.476499582
2978,0,2.957450220,2.055592686
2979,0,2.973400279,2.577404481
2980,0,2.830394107,2.149434758
2981,0,1.599735202,1.169948023
2982,0,2.513270108,1.524502058
2983,0,2.955532824,2.044185001
2984,0,3.134247077,2.327670873
2985,0,3.013936015,2.239406289
2986,0,3.196380465,2.039159168
2987,0,3.021568378,2.244681295
2988,0,2.926184977,2.344802937
2989,0,3.226382855,2.441091570
2990,0,3.094680203,2.067198234
2991,0,3.186416539,2.355318138
2992,0,3.132172015,2.705049314
2993,0,3.357821762,2.862595245
2994,0,3.056671023,3.056419697
2995,0,3.087861271,2.551820824
2996,0,2.113892986,1.835054879
2997,0,2.208247152,1.504467126
2998,0,1.574776635,0.962922188
2999,0,1.377390735,1.320016038
3000,0,1.470604600,0.754664431
3001,0,1.466882818,1.152184686
3002,0,0.584113599,0.479505810
3003,0,1.250199259,1.143032415
3004,0,1.964171436,2.088540247
3005,0,1.609753239,2.549811412
3006,0,2.799025279,2.152929740
3007,0,2.665498924,3.349800415
3008,0,1.434528974,1.848119854
3009,0,1.860524472,1.758566878
3010,0,2.011898563,2.600286848
3011,0,2.574186934,3.481284106
3012,0,2.381613046,4.351196342
3013,0,1.772711520,2.962487916
3014,0,1.703012644,1.656568848
3015,0,2.576866402,2.615244427
3016,0,2.735495646,3.511295565
3017,0,2.777429094,2.721578419
3018,0,3.178585397,3.645266414
3019,0,2.951473327,2.641677859
3020,0,3.042692721,3.819323598
3021,0,3.291100856,4.842247860
3022,0,3.159818414,2.923358611
3023,0,3.470109851,2.603691614
3024,0,3.411244911,2.443712263
3025,0,2.709918065,2.328536758
3026,0,3.064504402,2.506131798
3027,0,3.156345635,2.623222993
3028,0,3.588113389,2.760540520
3029,0,3.306129557,2.362948925
3030,0,3.324782694,2.908517645
3031,0,3.366493739,2.687109026
3032,0,3.270654765,3.187618190
3033,0,3.798740087,3.087544925
3034,0,3.212547101,3.614553472
3035,0,3.565451437,3.283656472
3036,0,3.559266450,2.953962045
3037,0,3.536170938,3.206161500
3038,0,3.585320921,3.805191090
3039,0,3.794860509,3.714233943
3040,0,3.617763989,4.330819105
3041,0,3.495839008,3.386153172
3042,0,3.299967978,2.763825410
3043,0,3.480556959,2.556954355
3044,0,3.468565853,2.715756417
3045,0,3.874120474,2.883640170
3046,0,3.648961079,2.665950630
3047,0,3.447811723,2.973096181
3048,0,3.535166947,2.929748236
3049,0,3.463197352,3.059249499
3050,0,3.100513200,3.015627381
3051,0,3.103971597,3.045457336
3052,0,3.187643251,2.553443425
3053,0,3.586402079,2.565348456
3054,0,3.560287998,2.750392260
3055,0,3.512881589,3.176434821
3056,0,3.529663040,3.112606654
3057,0,3.594498405,3.894397501
3058,0,3.962414434,4.791106579
3059,0,3.994931112,4.567582449
3060,0,3.750715027,4.426809057
3061,0,3.189753504,3.185460949
3062,0,3.220003978,2.964746097
3063,0,2.954277784,2.896960193
3064,0,3.153648697,2.661644174
3065,0,2.905649265,2.032618899
3066,0,2.064457547,2.150189139
3067,0,2.860719232,2.077845267
3068,0,3.074434532,2.690634472
3069,0,3.180404469,3.244951732
3070,0,3.055062225,2.606450826
3071,0,2.925815672,2.132742872
3072,0,1.865959357,1.432563162
3073,0,2.417115351,1.779762958
3074,0,1.835887507,1.933941296
3075,0,2.335001877,2.927472305
3076,0,2.888651331,2.460202553
3077,0,2.610994454,1.804587979
3078,0,2.394381280,2.126912342
3079,0,2.544275027,2.967609684
3080,0,2.205296581,3.952622765
3081,0,2.689516113,3.065018489
3082,0,2.800560223,2.508628767
3083,0,3.014805198,2.384698806
3084,0,3.210265383,2.536841204
3085,0,3.307166433,2.764715502
3086,0,3.223767819,3.111365509
3087,0,3.277593521,3.562027643
3088,0,3.330313237,3.211828487
3089,0,3.036396350,3.182587981
3090,0,3.838405123,3.601491178
3091,0,3.704837224,3.277727876
3092,0,3.817600911,3.339168859
3093,0,3.746165841,3.439010751
3094,0,2.324725593,2.797023889
3095,0,2.001881638,2.957837954
3096,0,1.591777816,1.993007263
3097,0,2.570057295,2.994634265
3098,0,2.258211800,2.096523238
3099,0,2.527552341,1.796445418
3100,0,1.969734934,2.001136240
3101,0,2.389884489,2.998683966
3102,0,2.867877356,2.432679955
3103,0,2.537395251,2.998486313
3104,0,2.846578949,2.413887303
3105,0,2.984150720,2.047587690
3106,0,2.942750038,1.947479828
3107,0,3.131265524,2.370997412
3108,0,3.218367865,2.252487446
3109,0,2.853830579,2.113765829
3110,0,2.484915427,1.610371494
3111,0,2.704486888,1.957574666
3112,0,2.441204658,2.194493823
3113,0,2.472091399,1.788364935
3114,0,2.370175099,1.444442460
3115,0,1.970551181,1.300556128
3116,0,1.978535839,1.933528905
3117,0,0.999999963,0.999775053
3118,0,1.499999982,1.000000000
3119,0,2.260207809,1.617136143
3120,0,2.139968814,2.348041253
3121,0,2.654471101,1.918563935
3122,0,2.436499161,1.531726303
3123,0,2.551191878,1.887785298
3124,0,1.961579342,1.631683758
3125,0,1.000000000,0.999977696
3126,0,1.918295834,1.333333333
3127,0,1.000000000,1.000004055
3128,0,-0.000000000,0.000000000
3129,0,1.000000000,1.000000000
3130,0,1.500000000,2.000000000
3131,0,1.000000000,1.000000000
3132,0,-0.000000000,0.000000000
3133,0,1.000000000,1.000000000
3134,0,1.918295834,1.333333333
3135,0,1.538596444,1.123287671
3136,0,-0.000000000,0.000000000
3137,0,1.000000000,1.000000000
3138,0,1.918295834,1.333333333
3139,0,2.420750347,1.660377358
3140,0,2.122648263,2.250000000
3141,0,2.588646803,3.127659574
3142,0,2.616365653,3.927888153
3143,0,2.953495645,2.762970467
3144,0,3.021031436,2.823904872
3145,0,2.107554873,1.597921934
3146,0,2.489517613,2.056723864
3147,0,2.938205245,1.543819893
3148,0,2.886094494,1.747549105
3149,0,1.964264075,1.292686026
3150,0,2.859117887,2.472331060
3151,0,3.190592503,3.120714346
3152,0,2.987372443,4.016004167
3153,0,3.129155166,3.119281922
3154,0,3.363832553,2.738528931
3155,0,3.338055384,3.331094752
3156,0,2.353311572,2.363019117
3157,0,2.990369254,2.274007044
3158,0,2.924474512,2.206053209
3159,0,3.246535528,2.678380442
3160,0,2.800309169,2.604020445
3161,0,2.924122124,3.567705163
3162,0,2.967029539,2.847991711
3163,0,3.006986058,3.392949196
3164,0,2.090001370,2.262107795
3165,0,2.292615213,1.837021193
3166,0,-0.000000000,0.000000000
3167,0,1.446616668,0.666666667
3168,0,1.703155775,2.016129032
3169,0,2.374845192,2.804185351
3170,0,2.862516777,4.166449181
3171,0,2.446269119,1.377440997
3172,0,2.031717961,0.806898319
3173,0,2.476483609,1.591895573
3174,0,2.862698812,1.819630016
3175,0,3.092517148,2.322743172
3176,0,2.768871240,3.085280448
3177,0,2.927442216,2.418006166
3178,0,2.751348896,2.126685947
3179,0,3.071952006,2.364103899
3180,0,3.098762027,2.675821101
3181,0,3.076965512,2.026917299
3182,0,2.885505565,2.441019209
3183,0,2.697661740,2.595065927
3184,0,2.684401316,2.369177026
3185,0,2.481753750,3.243179897
3186,0,2.497718396,2.518264970
3187,0,3.174815956,3.264093740
3188,0,3.284917057,2.915683605
3189,0,3.372468661,3.759878293
3190,0,3.265161660,3.126173988
3191,0,3.780408857,3.106026401
3192,0,3.731320547,3.165028114
3193,0,3.378938050,3.616630209
3194,0,3.420496985,3.339021170
3195,0,3.873939840,3.771115757
3196,0,3.810595555,3.508772730
3197,0,4.018738762,4.084506463
3198,0,2.112718290,2.717036501
3199,0,2.820550238,3.402327671
3200,0,3.183742474,3.376629390
3201,0,3.154650777,4.240362287
3202,0,2.661205812,2.584667290
3203,0,3.402983586,2.188226484
3204,0,3.182139417,2.722109180
3205,0,3.535879342,2.318908885
3206,0,3.125811707,1.857942154
3207,0,3.103392692,1.795645038
3208,0,-0.000000000,0.000000000
3209,0,2.000000000,1.500000000
3210,0,1.842370993,1.428571429
3211,0,1.925126559,1.222222222
3212,0,2.349777897,1.287356322
3213,0,2.074009010,1.357407407
3214,0,2.462813760,1.446060606
3215,0,2.492802898,1.992626119
3216,0,3.161778981,2.355836794
3217,0,3.677893975,2.906419831
3218,0,3.920226377,3.362831230
3219,0,3.876168451,3.123228242
3220,0,3.597959606,3.051549993
3221,0,3.221320271,3.811587764
3222,0,3.234891948,5.173639395
3223,0,3.359848169,6.077857829
3224,0,3.404290634,5.463236665
3225,0,3.273049972,3.732628983
3226,0,3.894906444,4.724867213
3227,0,3.696693969,7.030608292
3228,0,3.824094506,7.309610532
3229,0,3.662400058,8.729028688
3230,0,2.857649287,8.116309448
3231,0,2.992485918,8.396706093
3232,0,2.974803092,8.260925530
3233,0,3.656480162,8.167642347
3234,0,3.214844026,6.950585140
3235,0,3.190900840,7.090336761
3236,0,2.685865641,5.131525548
3237,0,3.153189131,6.099923567
3238,0,3.237035466,5.146275138
3239,0,3.152032388,5.925496403
3240,0,1.828216383,4.207880680
3241,0,3.066677747,5.208908687
3242,0,2.908682465,6.285021097
3243,0,3.458657343,4.729579472
3244,0,3.370320546,3.816539407
3245,0,3.293875035,2.987947618
3246,0,3.049847399,4.107545083
3247,0,2.995395248,3.504950577
3248,0,3.362050346,3.101729811
3249,0,3.245124813,3.386190864
3250,0,3.474255377,3.391083955
3251,0,3.440080428,4.030507952
3252,0,3.383553074,4.560804753
3253,0,3.546231860,4.617421504
3254,0,3.453969735,3.707698208
3255,0,3.286678994,3.265150444
3256,0,3.317451295,3.671828712
3257,0,1.982637794,3.182852857
3258,0,2.558297591,2.496425633
3259,0,2.680050944,2.018330395
3260,0,2.719028675,1.751245093
3261,0,2.565786139,1.698178768
3262,0,2.599595471,2.548648240
3263,0,2.485361468,1.577336746
3264,0,2.667792753,2.354693404
3265,0,2.706651470,1.804421568
3266,0,3.107601169,2.416789344
3267,0,2.818902374,1.899182464
3268,0,2.859787411,2.122411600
3269,0,2.819674416,1.988098687
3270,0,2.860506983,2.221667685
3271,0,2.962042745,2.600287631
3272,0,2.313155500,2.190766561
3273,0,2.039871207,2.134348676
3274,0,3.022650872,3.128688443
3275,0,3.098107724,2.468777838
3276,0,2.940154506,2.226109811
3277,0,2.702186602,1.815019265
3278,0,3.095492582,3.564118111
3279,0,3.022596675,5.152780344
3280,0,3.218598700,4.381408769
3281,0,3.207249370,3.860469884
3282,0,2.852677685,2.142784351
3283,0,3.350044713,2.401919731
3284,0,2.790220253,2.273021177
3285,0,3.083470850,3.419401333
3286,0,2.856632883,3.304180482
3287,0,2.980946189,3.380508492
3288,0,3.008668466,3.985997441
3289,0,2.501404976,3.032079579
3290,0,2.441673947,2.408737015
3291,0,2.482306526,1.495323137
3292,0,2.751600038,1.867506021
3293,0,2.725532556,2.069751227
3294,0,2.620497096,1.926950654
3295,0,2.309816392,1.488624097
3296,0,2.836438573,1.942242526
3297,0,2.506626069,2.109833416
3298,0,2.374713075,2.474461687
3299,0,2.193323667,3.596898268
3300,0,2.750154072,4.752884394
3301,0,2.703440196,4.145555610
3302,0,2.753355900,3.574247790
3303,0,2.913949563,3.293414855
3304,0,2.354374755,1.798690943
3305,0,2.666055934,1.870956855
3306,0,2.863824744,2.697841147
3307,0,2.653774842,2.620092147
3308,0,1.830830474,1.733217922
3309,0,2.853321929,2.843212693
3310,0,2.251915501,3.199076146
3311,0,2.940404462,4.082864405
3312,0,3.080418455,4.817984863
3313,0,3.031180715,3.776645273
3314,0,2.946480980,4.312471688
3315,0,2.907771339,3.527775363
3316,0,2.375814125,3.034754938
3317,0,3.357712056,2.831124090
3318,0,3.155253146,3.473270645
3319,0,2.872736061,2.955407660
3320,0,3.014954138,2.444118547
3321,0,3.165748667,2.923709985
3322,0,3.547885520,3.692907360
3323,0,3.226799588,3.469407757
3324,0,3.452479622,2.883030830
3325,0,3.245960166,3.064479606
3326,0,3.609258430,2.882853566
3327,0,2.433203447,2.429854576
3328,0,3.443069788,2.661532797
3329,0,3.189137034,2.614977680
3330,0,3.460012343,3.098196261
3331,0,3.209476563,2.650929125
3332,0,3.205283492,3.291315110
3333,0,3.609262516,3.691411559
3334,0,3.522997726,4.443135808
3335,0,3.269511425,5.360148106
3336,0,3.370092327,5.893940971
3337,0,3.246299242,5.513244221
3338,0,3.255006390,6.436362277
3339,0,3.305705707,7.540782852
3340,0,3.244444647,5.938231281
3341,0,3.781119420,5.250382676
3342,0,3.678841041,5.139454413
3343,0,3.551181058,5.733260374
3344,0,3.393926962,4.450884347
3345,0,3.444256201,4.154527001
3346,0,3.482481183,3.912928156
3347,0,3.376232397,3.634690266
3348,0,3.296355400,4.058239400
3349,0,3.639815884,4.573748495
3350,0,3.388835600,5.274635154
3351,0,2.129976569,6.198818173
3352,0,3.219661181,4.919578659
3353,0,3.305184579,4.351882707
3354,0,3.220917833,3.544961139
3355,0,3.380692439,3.700031107
3356,0,3.301951081,2.510226301
3357,0,3.368186309,3.152277908
3358,0,3.437122648,4.153394448
3359,0,3.500623801,3.698082952
3360,0,3.390537357,3.158998997
3361,0,3.949815959,3.087335490
3362,0,3.833627454,2.987328849
3363,0,3.543221169,2.872988200
3364,0,3.472644692,3.140848807
3365,0,3.514534012,3.558211619
3366,0,3.472016298,4.382989831
3367,0,3.527000196,4.866873417
3368,0,3.308130056,5.470695199
3369,0,3.493557096,6.191682641
3370,0,2.802627671,4.765145458
3371,0,3.330006109,5.967358428
3372,0,3.415747540,6.910294740
3373,0,2.554880452,5.530875898
3374,0,3.713577214,4.928339950
3375,0,3.656332872,4.390310384
3376,0,4.042287117,4.301324617
3377,0,3.835100748,3.932179990
3378,0,3.865147217,3.727588087
3379,0,4.072946944,3.922272394
3380,0,4.126987324,4.130206185
3381,0,4.359035931,4.482185944
3382,0,2.479911717,3.739092012
3383,0,2.114270573,2.663636170
3384,0,3.273123437,3.422572859
3385,0,3.168492013,3.611863623
3386,0,3.070670262,2.811460380
3387,0,3.306794178,3.388695812
3388,0,3.030137967,2.661500846
3389,0,3.261951106,2.754018031
3390,0,3.086735050,2.840348963
3391,0,2.902780452,2.614013067
3392,0,2.882932421,2.597969807
3393,0,2.882416998,3.199815760
3394,0,2.890764982,2.600120764
3395,0,3.260086666,3.156138303
3396,0,2.303882148,3.160402323
3397,0,3.277793655,4.258368201
3398,0,3.387301902,5.042989625
3399,0,3.227578163,4.667335416
3400,0,3.380332895,5.079039331
3401,0,3.209013924,3.918455018
3402,0,3.312088054,3.510225471
3403,0,3.463502143,2.779556445
3404,0,3.375041007,3.398461551
3405,0,3.205094270,3.236209533
3406,0,2.989435913,3.992504228
3407,0,3.678604341,4.131995899
3408,0,3.559970123,3.813798127
3409,0,3.807639600,4.322467738
3410,0,2.766871444,3.408614860
3411,0,2.143217649,3.518098593
3412,0,2.513741846,5.084937045
3413,0,3.424742193,5.327922458
3414,0,3.543971370,6.277216249
3415,0,3.527112192,6.981824161
3416,0,3.286486566,5.720907647
3417,0,3.813411176,4.884166689
3418,0,3.741902073,4.435947668
3419,0,2.877773083,3.447086138
3420,0,3.748180224,3.730960138
3421,0,3.735217656,3.580154017
3422,0,3.971943013,3.990385219
3423,0,3.051788559,3.771864477
3424,0,3.672454240,3.496783847
3425,0,3.599938778,3.825626975
3426,0,4.037290776,4.969296180
3427,0,3.749386957,4.097263418
3428,0,3.699034803,4.271781902
3429,0,3.695044832,4.052677528
3430,0,3.628387841,3.533207365
3431,0,3.580804879,4.200648983
3432,0,3.901289324,3.543302384
3433,0,3.033412570,2.307446203
3434,0,2.948965057,1.825412919
3435,0,3.158408413,2.596536097
3436,0,2.935388970,3.100763045
3437,0,3.011097185,2.461638899
3438,0,2.982449377,3.351770974
3439,0,3.286757463,4.353564557
3440,0,2.989995503,3.520570510
3441,0,3.304881312,2.962693033
3442,0,3.352995790,2.528717842
3443,0,3.438596516,2.479954569
3444,0,3.251132466,2.507128190
3445,0,2.629265008,2.786334891
3446,0,3.197431955,2.791742499
3447,0,2.956305678,2.491705462
3448,0,2.626632578,2.920803814
3449,0,2.959491864,2.475821381
3450,0,2.770982642,3.295926483
3451,0,3.298452777,4.292614519
3452,0,3.434506057,3.689620562
3453,0,3.173214858,4.189965894
3454,0,3.215468750,3.444491065
3455,0,3.453504125,4.077455951
3456,0,3.399139554,3.570266168
3457,0,2.824448946,3.424398996
3458,0,2.996939897,3.193386119
3459,0,2.897668030,3.783560381
3460,0,3.270460270,4.513655712
3461,0,3.781283447,5.252813010
3462,0,3.527479590,4.388005332
3463,0,3.595452202,3.745824795
3464,0,3.431185551,3.941855524
3465,0,3.640240640,3.372328235
3466,0,3.573929645,3.158133990
3467,0,3.900343204,3.034435672
3468,0,3.537436419,2.998889642
3469,0,3.459248467,2.723093264
3470,0,3.778631016,3.501521913
3471,0,3.883119320,4.054287129
3472,0,3.834792718,3.508250081
3473,0,3.598350586,4.248785252
3474,0,3.367492880,3.653401165
3475,0,3.510676553,4.705378108
3476,0,3.990496891,5.182473746
3477,0,3.591914365,3.663587296
3478,0,3.825273297,4.351863281
3479,0,3.002528030,2.559730911
3480,0,2.392719616,2.660528448
3481,0,3.115319028,2.823174210
3482,0,2.443630734,2.097052162
3483,0,2.831599175,1.910314771
3484,0,3.007357208,1.814941081
3485,0,2.031233974,1.637753166
3486,0,2.604566300,2.128343438
3487,0,2.655694840,2.818108069
3488,0,2.971341389,3.813880470
3489,0,2.166352141,2.285640279
3490,0,2.913173286,2.988749310
3491,0,1.935671823,2.695267744
3492,0,2.215488329,3.279916865
3493,0,2.570694851,4.054095663
3494,0,3.022492206,3.003478950
3495,0,2.694886870,2.728165650
3496,0,2.788708458,2.420549544
3497,0,3.068772341,2.181279793
3498,0,2.725478778,1.697224277
3499,0,2.743838273,2.296165917
3500,0,2.946878121,1.995629387
3501,0,2.862571725,1.600205837
3502,0,3.063589219,2.015644802
3503,0,3.261038888,2.382419698
3504,0,3.044518296,1.966886500
3505,0,2.711468758,1.733441812
3506,0,2.980209689,2.351122161
3507,0,2.698872277,1.438639065
3508,0,3.172768382,2.058478234
3509,0,3.008965918,1.803939016
3510,0,2.671836221,2.059776183
3511,0,3.275954716,2.265843926
3512,0,2.404667025,2.339468192
3513,0,3.098082912,2.744883739
3514,0,3.216092178,2.488096594
3515,0,2.611464239,2.754163964
3516,0,3.366253519,2.734406134
3517,0,3.564458765,2.703394368
3518,0,3.288279794,2.704128092
3519,0,3.382630946,2.790304496
3520,0,3.435589973,2.983143950
3521,0,3.458890350,2.951300750
3522,0,2.882632778,3.117744799
3523,0,3.696155233,3.137016405
3524,0,3.516302431,3.200782006
3525,0,3.686008723,3.430560814
3526,0,3.820524422,3.540333423
3527,0,3.591562120,3.484645996
3528,0,3.509836275,3.385042730
3529,0,3.576924975,3.859299188
3530,0,3.926299053,4.595503471
3531,0,3.833426319,4.388870937
3532,0,3.954607780,4.137841197
3533,0,3.802080323,4.585979957
3534,0,3.298644869,4.978931148
3535,0,3.308670645,5.108538804
3536,0,3.343759826,4.797032043
3537,0,3.460864939,4.137697578
3538,0,3.174045137,4.123104475
3539,0,2.998607283,3.439721917
3540,0,2.713393089,2.316797013
3541,0,2.634728624,3.178575133
3542,0,2.789742826,2.232702981
3543,0,2.981068568,3.329941627
3544,0,3.507228663,2.917543318
3545,0,3.501341806,3.788958073
3546,0,2.461391795,2.523600385
3547,0,3.040644491,2.109472842
3548,0,3.595510090,2.601123478
3549,0,3.572284065,3.411494312
3550,0,3.294087229,3.894972692
3551,0,3.665416438,4.906095660
3552,0,3.698947582,5.669681068
3553,0,3.518817552,6.178106306
3554,0,3.435118108,5.162806970
3555,0,3.387750136,4.356919850
3556,0,3.330689959,4.337823796
3557,0,3.505248982,3.631077381
3558,0,3.328135532,3.083023837
3559,0,3.688773370,2.884151901
3560,0,3.571843146,2.675583184
3561,0,3.512190688,2.954240539
3562,0,3.646811576,3.562441340
3563,0,3.507141909,2.828520286
3564,0,3.364183954,2.850762985
3565,0,3.850831522,2.743802840
3566,0,3.505365147,2.729764603
3567,0,3.480790075,3.339368035
3568,0,2.798501966,3.439575581
3569,0,3.654908185,4.228694836
3570,0,3.761566022,3.631919139
3571,0,4.037389265,4.260003065
3572,0,3.769395253,3.764866027
3573,0,3.768291555,3.534740984
3574,0,3.446365508,4.049739386
3575,0,3.970750891,4.768266888
3576,0,3.702688931,5.587988831
3577,0,3.683002918,4.704105519
3578,0,3.918808337,5.556903027
3579,0,4.090073558,6.546991618
3580,0,3.996250762,5.758621764
3581,0,4.154486669,6.549972608
3582,0,4.077386619,7.011971429
3583,0,3.985303140,6.315923444
3584,0,3.954955753,5.113731109
3585,0,4.023059676,3.764075021
3586,0,3.371036764,3.610899272
3587,0,3.980538345,4.408688099
3588,0,4.089705773,3.928449778
3589,0,4.214791513,6.110346138
3590,0,4.211822634,6.137157744
3591,0,3.945207683,5.138328529
3592,0,3.576370374,4.265987414
3593,0,3.601719666,3.807335613
3594,0,3.617207015,5.466696737
3595,0,3.544465681,5.612293154
3596,0,3.703068840,5.760008717
3597,0,3.334020460,5.788850044
3598,0,3.139472091,3.309604108
3599,0,3.583012274,3.193851262
3600,0,3.224557403,3.290331508
3601,0,3.297708143,3.947977472
3602,0,3.346288818,4.688582203
3603,0,3.434146246,3.704657417
3604,0,3.688613477,4.897949981
3605,0,3.220536119,4.677442779
3606,0,3.038173092,5.111478888
3607,0,2.957545238,4.224745263
3608,0,3.213522225,2.342351986
3609,0,3.453635229,3.265726972
3610,0,3.353746323,3.010393175
3611,0,2.977916413,2.181892325
3612,0,2.905453420,1.626971087
3613,0,3.024160446,2.125425270
3614,0,2.491925777,1.835714257
3615,0,3.072265189,2.173516625
3616,0,3.172371940,2.334420636
3617,0,2.751526771,2.164012694
3618,0,3.391221035,2.688045011
3619,0,2.905203190,1.990199166
3620,0,1.697279506,1.673759442
3621,0,2.735708333,1.900754665
3622,0,2.513994043,2.359959208
3623,0,2.212162158,1.941114971
3624,0,2.371857591,1.520683929
3625,0,2.373924337,2.109102177
3626,0,2.860262231,2.055629450
3627,0,2.768538114,2.171584269
3628,0,2.778141726,2.574105103
3629,0,2.892783437,3.420143786
3630,0,2.977639301,2.527636077
3631,0,2.901004647,2.097602447
3632,0,2.941262844,2.260230436
3633,0,2.997946942,3.060846224
3634,0,3.363423342,3.790979680
3635,0,3.219183665,3.167562962
3636,0,3.517907870,2.936960783
3637,0,3.417576940,3.093348399
3638,0,2.269432981,3.081214671
3639,0,2.886403432,3.727040396
3640,0,3.273411833,4.195124586
3641,0,2.975114936,3.189049929
3642,0,3.330487156,3.093950129
3643,0,3.175798668,3.192012902
3644,0,3.383513418,2.876630415
3645,0,3.703732014,3.224675426
3646,0,3.450820972,3.755263040
3647,0,3.581943729,3.100525984
3648,0,3.885485274,3.074078591
3649,0,4.077746725,3.072580588
3650,0,3.951704486,3.747802433
3651,0,3.995268848,3.195241895
3652,0,4.305667910,3.318600438
3653,0,4.098805298,3.735499063
3654,0,3.915155880,3.316439166
3655,0,3.288140976,2.652180180
3656,0,3.387715292,3.144176784
3657,0,3.349909227,3.257359149
3658,0,3.437808044,3.832259533
3659,0,3.503231323,3.239796309
3660,0,3.443053093,4.018524783
3661,0,2.252069450,3.181681236
3662,0,3.351089673,3.064936833
3663,0,3.036279900,2.451681626
3664,0,3.344306553,2.723649781
3665,0,3.354166947,3.069683689
3666,0,3.702889721,2.972550210
3667,0,2.425282461,2.596840784
3668,0,3.215928383,2.903393814
3669,0,3.595498680,3.568892835
3670,0,2.164141750,2.846502172
3671,0,2.761316755,3.478755943
3672,0,3.325117768,4.453328192
3673,0,3.334878508,3.354391462
3674,0,3.420415928,4.083564161
3675,0,3.543498273,5.002924881
3676,0,3.084630697,4.228316847
3677,0,2.995890219,3.340683342
3678,0,3.503324434,4.366419606
3679,0,3.651237435,5.049735448
3680,0,3.681020389,4.353803905
3681,0,3.271125836,5.333986780
3682,0,3.546022633,6.122748397
3683,0,3.973631216,5.373673643
3684,0,3.595219250,5.577491490
3685,0,3.310489108,3.950189083
3686,0,3.656729273,3.462203578
3687,0,3.395574139,4.319455298
3688,0,3.985120078,4.550272562
3689,0,4.057425588,4.446372200
3690,0,4.108264687,3.677579072
3691,0,3.914904384,4.313534532
3692,0,3.652633125,4.019362822
3693,0,3.505632100,4.702313409
3694,0,3.172797235,2.420065855
3695,0,3.007032255,2.339159433
3696,0,3.124811457,3.150103921
3697,0,3.001226415,4.393651488
3698,0,2.781723561,4.898240848
3699,0,2.522972290,3.439639226
3700,0,2.850028819,4.642586746
3701,0,3.262514307,4.931452965
3702,0,2.810961851,4.095759846
3703,0,2.828444419,4.301114594
3704,0,3.106912223,3.728025619
3705,0,3.269731991,3.249262213
3706,0,3.142079476,3.143956973
3707,0,3.576481617,3.367592610
3708,0,3.126804983,3.255156078
3709,0,3.201265047,3.339679233
3710,0,1.977344423,1.678544051
3711,0,2.545920166,2.085335556
3712,0,2.202605381,2.474340509
3713,0,2.243561432,1.409949064
3714,0,1.754914736,1.186542162
3715,0,1.938100778,1.364759707
3716,0,1.738373910,1.452462499
3717,0,2.001758591,1.395124397
3718,0,1.607076810,1.399718294
3719,0,1.870480340,1.663512845
3720,0,2.282153548,1.904123046
3721,0,2.560618433,2.592845212
3722,0,2.681646137,2.330721306
3723,0,2.676963875,1.664710075
3724,0,2.619583037,2.163223527
3725,0,2.387203313,1.888136097
3726,0,2.321241752,1.526894016
3727,0,2.257225108,1.511002345
3728,0,2.480621108,1.707431039
3729,0,2.422865188,1.782278626
3730,0,2.125258833,1.895275953
3731,0,2.880715888,1.974654066
3732,0,2.688410822,2.123300052
3733,0,0.818681027,0.846404369
3734,0,2.689592040,2.289028913
3735,0,2.698347317,2.916968625
3736,0,2.686514132,2.874941190
3737,0,2.839112174,3.058025621
3738,0,2.944681265,2.564695757
3739,0,3.182174560,3.107480839
3740,0,3.198306810,2.711474478
3741,0,2.752918679,2.719897894
3742,0,3.318166402,2.326066328
3743,0,1.752159750,2.467482021
3744,0,3.163297878,2.829266149
3745,0,2.353011922,3.031292591
3746,0,2.050991746,3.016434730
3747,0,2.969826555,3.901013168
3748,0,2.949862020,3.493659813
3749,0,3.289873282,3.657832916
3750,0,3.305931569,3.154582602
3751,0,3.111189320,3.563766114
3752,0,3.291842960,4.785728689
3753,0,3.158546525,4.920805442
3754,0,3.317481008,5.047432262
3755,0,3.514889833,4.203927772
3756,0,3.586078416,5.075000851
3757,0,3.436424743,5.662158297
3758,0,2.128459644,1.850278293
3759,0,2.599091143,1.606964868
3760,0,2.822136620,1.772191567
3761,0,3.104769438,2.431350458
3762,0,3.114410925,2.228577071
3763,0,2.805194687,2.225756353
3764,0,2.767823645,1.799654440
3765,0,2.159997778,1.826221477
3766,0,2.676647041,2.431550322
3767,0,2.604666941,2.318442056
3768,0,3.017784726,3.392618064
3769,0,3.040413169,4.410819781
3770,0,3.364936955,3.692183927
3771,0,3.063778844,2.387241220
3772,0,3.246608385,2.437215065
3773,0,3.143797924,2.119854611
3774,0,2.339111059,2.067721339
3775,0,1.999819048,1.822013312
3776,0,1.954529778,2.535252982
3777,0,2.781932988,2.210995786
3778,0,3.014223648,2.216552949
3779,0,3.113108779,3.410975033
3780,0,2.847690743,4.601835755
3781,0,2.807412060,1.965188287
3782,0,2.573041039,2.110780360
3783,0,2.847469569,1.715768529
3784,0,2.966650392,1.728082462
3785,0,1.991145522,2.056507283
3786,0,2.783057147,1.929599091
3787,0,2.929246361,2.102414453
3788,0,2.892106384,2.617042507
3789,0,2.770433057,3.401056504
3790,0,3.093165951,4.346796208
3791,0,2.606085225,6.066600016
3792,0,3.195840405,6.955740557
3793,0,3.446535063,7.967556352
3794,0,2.488706513,8.139815312
3795,0,3.463369336,7.092424906
3796,0,3.583448391,5.934224963
3797,0,2.869415002,5.481756727
3798,0,3.193521616,4.549855691
3799,0,3.156672158,5.102078562
3800,0,3.029236684,5.155936643
3801,0,3.364824528,4.257229998
3802,0,3.021124040,4.557312889
3803,0,2.801151224,3.591955643
3804,0,2.757238391,2.648763605
3805,0,2.712024982,2.213001625
3806,0,3.312511574,2.904604350
3807,0,2.694800967,3.093606729
3808,0,3.082756935,2.697572477
3809,0,2.609376976,2.974854519
3810,0,2.494245786,3.210507890
3811,0,2.734681394,3.934147774
3812,0,2.904139462,3.422215257
3813,0,2.979144698,3.382475978
3814,0,3.557555155,2.961358118
3815,0,3.560892297,3.381386427
3816,0,2.508761054,2.657684916
3817,0,2.942166692,2.469569314
3818,0,2.914161749,2.626421124
3819,0,2.884855129,2.963520667
3820,0,3.180046653,3.892730642
3821,0,3.170903495,4.583776202
3822,0,3.349976995,3.666255045
3823,0,3.161773909,2.986165132
3824,0,3.586841305,2.884502877
3825,0,3.456627233,3.269887776
3826,0,3.497963053,3.987312472
3827,0,3.053437231,4.316980561
3828,0,3.668335667,3.973994763
3829,0,3.399509354,4.285007156
3830,0,3.274242555,3.906733403
3831,0,2.451059293,2.461709088
3832,0,2.908103334,2.871109913
3833,0,2.776748111,3.210171810
3834,0,2.837414070,2.631456395
3835,0,2.932980278,3.042726386
3836,0,2.732964002,1.876694050
3837,0,2.563957689,1.773518538
3838,0,2.914900060,2.139568276
3839,0,2.814287267,1.983430453
3840,0,2.531785865,3.109182553
3841,0,1.474682228,1.001754426
3842,0,2.538751158,1.529446554
3843,0,2.009312503,2.123501372
3844,0,2.976679237,2.913072267
3845,0,2.623007631,4.132364447
3846,0,3.058149761,5.345075015
3847,0,3.086117887,3.839991118
3848,0,3.240954475,4.657127390
3849,0,3.046102327,3.704983280
3850,0,2.322156263,3.076571102
3851,0,3.127166404,2.888123765
3852,0,2.615061799,2.434776898
3853,0,3.107030572,2.326795231
3854,0,3.280249187,2.662330925
3855,0,2.801303635,2.477710960
3856,0,3.113384595,3.826587623
3857,0,3.412352544,5.478066293
3858,0,3.395542160,5.993733134
3859,0,3.491955374,7.200920163
3860,0,3.845666620,8.417064528
3861,0,2.707648598,5.642747494
3862,0,3.490972565,6.816903914
3863,0,2.177734947,7.071940481
3864,0,3.248958788,6.079760131
3865,0,3.078330820,7.046668800
3866,0,3.530888779,8.123416972
3867,0,3.343055962,6.410851327
3868,0,3.120607710,7.054618501
3869,0,3.211773349,6.320162133
3870,0,2.470942734,5.932632648
3871,0,2.949995524,5.322376800
3872,0,2.949402907,5.033912982
3873,0,3.030411121,4.258342765
3874,0,3.223762991,5.270502353
3875,0,3.155323963,4.098484885
3876,0,3.292438404,5.254189883
3877,0,3.674214201,6.070551020
3878,0,3.778646192,5.441960075
3879,0,2.398162151,4.146789915
3880,0,2.796721636,2.033392176
3881,0,3.596349978,2.911598686
3882,0,3.464534575,2.700308689
3883,0,3.776288805,3.272712079
3884,0,3.849362170,4.276144151
3885,0,3.926833830,5.479175392
3886,0,3.290752503,8.864367398
3887,0,3.308052795,10.199131781
3888,0,3.635797699,5.909867144
3889,0,3.488385989,6.572053523
3890,0,3.363812127,6.948297734
3891,0,3.150951892,8.075539489
3892,0,3.229852189,7.021050760
3893,0,3.090979717,5.748063945
3894,0,3.460170134,4.820853939
3895,0,3.167512366,3.517299119
3896,0,3.426894263,3.947783778
3897,0,3.056767121,3.217198043
3898,0,2.830668965,3.509210315
3899,0,3.300620052,4.198109325
3900,0,3.207452610,3.375619354
3901,0,3.216671469,2.730883330
3902,0,3.212049391,2.351391974
3903,0,2.541907441,2.663051639
3904,0,3.148358531,3.190783943
3905,0,3.229772231,2.910911321
3906,0,3.453203112,2.669908914
3907,0,3.408952780,3.479551281
3908,0,3.741235170,3.301563102
3909,0,3.540310249,2.561829807
3910,0,3.496798952,2.786362041
3911,0,3.456853990,2.575911633
3912,0,3.281154707,2.659534979
3913,0,3.534406664,2.253318208
3914,0,3.745339791,2.765523871
3915,0,2.975604114,3.357476229
3916,0,3.628793611,3.188153837
3917,0,3.622707449,3.896198060
3918,0,3.678175804,4.326468862
3919,0,3.583923066,3.832598907
3920,0,3.575770152,3.667976090
3921,0,3.435201992,4.366544249
3922,0,3.867941813,4.110588833
3923,0,3.463221209,3.224596717
3924,0,3.422535980,4.110910215
3925,0,3.613932175,4.649946182
3926,0,3.410456980,3.791647021
3927,0,3.255757189,4.305919747
3928,0,3.547066070,5.252556567
3929,0,3.220588105,3.708818718
3930,0,3.107902552,4.088221930
3931,0,2.818078614,4.466279880
3932,0,2.720389469,4.446268122
3933,0,2.663084004,4.581994774
3934,0,3.456959083,4.537428999
3935,0,3.027031911,3.949398229
3936,0,3.419970795,5.338132610
3937,0,3.520446892,4.611174538
3938,0,3.397717637,5.589428103
3939,0,3.362627058,5.440884477
3940,0,2.212109705,2.435664858
3941,0,1.849007958,1.576655742
3942,0,2.066642178,2.161665294
3943,0,2.684986298,2.988418471
3944,0,2.877515740,2.656094057
3945,0,2.365590102,2.462712923
3946,0,2.289591387,3.161852563
3947,0,1.892836648,4.260812418
3948,0,1.584532239,2.623206412
3949,0,2.402169864,2.485027779
3950,0,2.487683269,2.715371703
3951,0,2.831150073,2.674131173
3952,0,1.542207115,2.086974310
3953,0,2.226693561,1.701647071
3954,0,1.802120007,1.194999949
3955,0,1.946775532,1.890669209
3956,0,1.422409041,1.124261226
3957,0,1.856921704,2.000699293
3958,0,1.545706712,2.721925351
3959,0,2.155522524,2.595211225
3960,0,2.191625157,3.662068123
3961,0,2.539117356,2.683984981
3962,0,2.294920265,1.780458920
3963,0,2.101826063,1.747292944
3964,0,2.222309997,1.235675181
3965,0,2.755582376,2.069572010
3966,0,2.903567511,2.828789987
3967,0,3.006172518,2.171186051
3968,0,3.287943498,2.252016746
3969,0,3.094913139,2.156006709
3970,0,2.988452648,2.636755408
3971,0,3.357089766,2.983281361
3972,0,3.653448813,2.949472918
3973,0,3.296282948,3.998592743
3974,0,3.114017081,5.036451417
3975,0,3.903776294,5.814106331
3976,0,3.704069218,6.291397160
3977,0,3.462052752,6.130565960
3978,0,3.373151795,5.228316892
3979,0,2.871439029,5.631081477
3980,0,2.442172482,4.800241757
3981,0,3.285800859,4.044143702
3982,0,2.818453857,4.938117610
3983,0,2.773307527,5.599111327
3984,0,3.336232853,6.572199071
3985,0,3.405896601,5.646932566
3986,0,3.466305756,6.221089759
3987,0,3.639862871,7.221551266
3988,0,3.482507108,5.948189826
3989,0,3.499175543,5.119506233
3990,0,3.947837304,4.521704932
3991,0,2.449020708,2.387860279
3992,0,2.625989064,2.114640099
3993,0,2.659081897,2.320666983
3994,0,2.949704252,3.238448106
3995,0,3.296216084,3.676255357
3996,0,3.795315791,3.728944279
3997,0,3.864283338,3.314213091
3998,0,3.231965638,2.927400517
3999,0,3.513564059,2.731444716
4000,0,3.489531758,3.009405789
4001,0,3.573084835,3.939106065
4002,0,3.185896278,5.276515250
4003,0,2.969859992,5.488899913
4004,0,2.708684578,7.273201027
4005,0,3.142183353,7.203787945
4006,0,3.104131094,5.391679151
4007,0,3.442168056,4.187240638
4008,0,2.980849027,4.008561955
4009,0,3.685727598,5.354950197
4010,0,3.330809559,3.623772393
4011,0,3.901142936,4.708723273
4012,0,3.961694619,4.144743862
4013,0,3.798248873,4.612458365
4014,0,3.804529567,4.297469200
4015,0,3.908128092,3.917579881
4016,0,4.304895333,4.893550899
4017,0,4.314826877,5.527563241
4018,0,3.739439849,5.306524715
4019,0,3.732435468,4.367695853
4020,0,4.052569301,4.226727502
4021,0,3.941918381,4.499535842
4022,0,2.545721704,4.792418524
4023,0,3.647046309,4.231874215
4024,0,3.815550496,4.870960270
4025,0,3.849240022,4.136173324
4026,0,3.980059886,4.957653294
4027,0,3.877281849,4.636249995
4028,0,3.818312082,5.169412315
4029,0,3.530835978,6.283348356
4030,0,3.637023288,5.407977320
4031,0,3.614290061,6.311900588
4032,0,3.700975391,5.377955679
4033,0,4.147078854,4.914246732
4034,0,3.964489422,5.623630047
4035,0,4.132418605,6.250396888
4036,0,2.917365346,5.934973560
4037,0,3.848403550,6.918762462
4038,0,3.777619598,5.357077862
4039,0,4.082446137,4.779029658
4040,0,3.921482968,5.341190255
4041,0,3.805615871,5.470858434
4042,0,2.846208902,6.070858619
4043,0,3.508094892,6.907501093
4044,0,3.883743976,6.158870727
4045,0,3.727714292,6.915312597
4046,0,3.866960340,6.907274315
4047,0,4.094625516,6.340091657
4048,0,3.534247380,5.290116352
4049,0,3.518731657,4.215441229
4050,0,3.700126800,6.137774849
4051,0,2.947545698,4.441261183
4052,0,3.158028499,4.930992036
4053,0,3.019582740,5.860581356
4054,0,3.006593790,4.728442277
4055,0,3.039525770,3.969908413
4056,0,3.114772308,3.298211470
4057,0,3.024697879,3.934115627
4058,0,1.553578999,2.338605712
4059,0,2.519522813,3.282171426
4060,0,2.785157311,2.720731861
4061,0,2.672640235,2.269697574
4062,0,2.901304983,2.367400386
4063,0,2.678517408,1.857727417
4064,0,2.293307125,2.373826525
4065,0,2.762749369,2.876440584
4066,0,2.977188502,4.006143448
4067,0,2.687474977,4.992870641
4068,0,3.838249934,5.912119701
4069,0,3.986457396,4.885153328
4070,0,3.903673184,5.725736633
4071,0,3.875446644,6.848548696
4072,0,2.869449887,3.895604005
4073,0,2.926972445,4.688144878
4074,0,3.534567231,4.361281473
4075,0,3.328547498,4.292416740
4076,0,3.660017521,4.421336703
4077,0,2.955597311,2.455938385
4078,0,2.831235760,1.569589228
4079,0,3.342738873,2.953186008
4080,0,2.577933101,1.925740030
4081,0,1.920093555,0.812509290
4082,0,2.526652059,1.519321144
4083,0,3.109593565,2.796515525
4084,0,2.889382218,2.036834646
4085,0,1.770884327,1.949329692
4086,0,2.082739069,1.152139952
4087,0,2.688293484,1.967828720
4088,0,2.576759912,2.811782086
4089,0,3.128032488,3.811154533
4090,0,3.407010126,5.585969690
4091,0,3.840728491,5.030214655
4092,0,3.667045671,6.879167646
4093,0,3.679221481,6.824734859
4094,0,3.626082473,6.564243941
4095,0,3.895097314,6.646686134
4096,0,4.039207844,5.651795623
4097,0,4.028295026,6.605990110
4098,0,3.295960359,4.467631323
4099,0,2.261444297,1.487812470
4100,0,2.649561484,2.212665952
4101,0,2.743001461,2.006331688
4102,0,1.048883190,0.767446822
4103,0,1.520351352,0.765646796
4104,0,2.016606610,1.426146300
4105,0,1.830705560,1.316966938
4106,0,1.927079055,0.994983846
4107,0,0.937565693,0.528835986
4108,0,1.794505855,1.504331215
4109,0,1.749719628,2.247880393
4110,0,1.991688387,3.073118060
4111,0,2.841581365,4.113044645
4112,0,1.869432747,2.673409990
4113,0,2.691413916,2.502636659
4114,0,3.222222799,3.208541924
4115,0,2.986498451,2.727366018
4116,0,3.378528335,2.949141582
4117,0,2.671414988,1.822537097
4118,0,2.797490053,2.218045244
4119,0,2.792383636,2.031520077
4120,0,2.673543509,2.272564701
4121,0,2.893296251,2.018931437
4122,0,2.680012073,2.310719185
4123,0,2.595025276,1.935494878
4124,0,2.632769775,2.342606392
4125,0,2.926605388,3.217451834
4126,0,2.221353348,2.184281476
4127,0,1.571684216,1.412116889
4128,0,2.283533003,2.248795264
4129,0,2.451875008,1.906529918
4130,0,2.804090295,1.628689566
4131,0,2.076848176,1.527629247
4132,0,2.422436765,2.629502700
4133,0,3.425852647,2.860726711
4134,0,3.230265458,2.958528019
4135,0,2.525484565,2.503936341
4136,0,2.937026809,2.797446992
4137,0,3.351631089,3.448584956
4138,0,3.047985034,3.947227606
4139,0,3.227577217,4.784982902
4140,0,3.154672733,3.438791854
4141,0,3.618945362,4.221224522
4142,0,3.024825764,5.082426473
4143,0,3.486004580,5.574979137
4144,0,3.398867476,7.573713420
4145,0,3.621913324,5.658923467
4146,0,3.210471117,4.408547872
4147,0,3.555486461,3.921562339
4148,0,3.536910901,3.550345453
4149,0,3.666896614,3.363300718
4150,0,3.779712501,3.985269124
4151,0,2.765044209,3.373277606
4152,0,3.151649888,4.000164136
4153,0,3.036195716,3.571165701
4154,0,3.297862750,4.406625074
4155,0,3.415858212,5.027818464
4156,0,3.342447664,5.204254265
4157,0,3.030814471,3.230422458
4158,0,1.960343928,2.065474590
4159,0,2.209693324,1.551939247
4160,0,1.811996767,1.647978244
4161,0,1.888328710,2.324959847
4162,0,1.804776625,2.186151966
4163,0,1.796180516,2.925948809
4164,0,1.344233189,1.396414222
4165,0,1.812100747,1.743017155
4166,0,2.147913209,2.418774050
4167,0,0.651799828,0.310438380
4168,0,1.643994630,1.325598064
4169,0,1.664163353,2.081548454
4170,0,1.940757018,1.549811110
4171,0,3.023227941,1.918866443
4172,0,2.884185744,1.990126337
4173,0,2.314064665,1.950201814
4174,0,2.894122551,2.612467697
4175,0,3.013217321,2.610389318
4176,0,2.763396032,2.256604625
4177,0,3.028462146,2.490889157
4178,0,2.582358133,2.455417356
4179,0,2.676970532,2.555819679
4180,0,3.218063577,2.549531149
4181,0,3.347854167,2.727104510
4182,0,3.308063378,3.245838846
4183,0,3.041654493,3.217179385
4184,0,3.247301424,3.567023032
4185,0,3.025542106,2.881594391
4186,0,2.822144503,1.972239930
4187,0,2.825230252,1.846709246
4188,0,2.694164906,1.967114830
4189,0,2.550309418,3.275997104
4190,0,2.713529584,2.321133384
4191,0,2.263423285,2.204490399
4192,0,2.797934926,1.877299100
4193,0,0.889530427,0.613237831
4194,0,1.173063378,0.500636000
4195,0,1.719127799,1.220339403
4196,0,-0.000000000,0.000000000
4197,0,1.000000000,1.000000000
4198,0,1.500000000,1.000000000
4199,0,2.483355755,1.750000000
4200,0,2.769369268,2.661016949
4201,0,3.127574957,3.256078634
4202,0,3.162344853,4.140194954
4203,0,2.777419543,3.825080543
4204,0,2.672469385,3.039195467
4205,0,1.548767222,0.977064981
4206,0,1.601892928,1.105727596
4207,0,2.135124011,1.355627325
4208,0,1.885569146,2.513340510
4209,0,2.237719981,1.670174973
4210,0,2.474020781,2.556081291
4211,0,2.262516168,1.770376397
4212,0,1.090072958,0.926098994
4213,0,2.236763206,1.424713847
4214,0,1.854064918,1.723180781
4215,0,2.871300516,1.837512603
4216,0,1.002244362,1.081744263
4217,0,2.208835516,2.130502917
4218,0,1.343625912,1.034419522
4219,0,1.745014552,1.243322372
4220,0,0.896717073,1.802589545
4221,0,1.670877937,1.185485422
4222,0,2.677470819,1.832112439
4223,0,2.442105351,2.692415437
4224,0,1.258846321,1.078564917
4225,0,1.909779890,1.015471555
4226,0,1.459468638,0.982482682
4227,0,2.119218259,2.393940606
4228,0,1.939703303,1.230917744
4229,0,1.920580576,1.009382088
4230,0,1.440893210,1.355494386
4231,0,2.094122399,1.202206057
4232,0,1.912096699,1.214077665
4233,0,2.342453306,1.527602502
4234,0,1.617202893,2.302121873
4235,0,1.580778549,1.952909947
4236,0,1.432521526,2.309039189
4237,0,2.711801526,2.158251376
4238,0,1.856127294,2.275715248
4239,0,2.707029008,2.094792461
4240,0,2.676375466,2.223943803
4241,0,2.592106172,2.804852435
4242,0,2.820414103,2.110680102
4243,0,3.266525828,2.677500870
4244,0,3.469985575,2.893635078
4245,0,3.629541348,3.049971637
4246,0,2.593638642,2.551029196
4247,0,2.165179932,2.488431066
4248,0,3.105094677,2.384393804
4249,0,3.251608340,2.753289430
4250,0,3.680485839,3.263067827
4251,0,3.383913966,2.936721333
4252,0,3.454573859,3.161617120
4253,0,3.111885426,2.608314217
4254,0,1.937072402,3.109192849
4255,0,2.925102512,3.181886897
4256,0,3.474622843,3.713319731
4257,0,3.509394659,3.687333951
4258,0,3.675477895,4.206519783
4259,0,3.788710972,3.685685399
4260,0,3.555137805,2.975359602
4261,0,3.852770701,3.671411502
4262,0,3.426296411,2.907887889
4263,0,3.393027592,3.461570810
4264,0,3.214814269,2.829213625
4265,0,3.153944304,2.438328504
4266,0,3.221419104,2.526345608
4267,0,3.225508202,2.606504199
4268,0,3.306742866,2.746941820
4269,0,3.726096026,3.056796164
4270,0,3.328134494,2.555814572
4271,0,1.999725586,2.024887365
4272,0,2.279931855,2.155251923
4273,0,2.494395866,2.496573242
4274,0,2.667058212,2.647612430
4275,0,3.273846920,2.829622928
4276,0,3.463055613,3.330751346
4277,0,3.498158648,3.766737748
4278,0,3.539673756,4.641082905
4279,0,3.618871356,5.589999712
4280,0,3.285063554,6.419226469
4281,0,3.891261052,7.417783694
4282,0,3.859666475,6.628588633
4283,0,3.988467773,5.933754010
4284,0,3.654980536,7.031715098
4285,0,3.646485626,5.862655074
4286,0,3.432078346,4.727659150
4287,0,3.262533735,3.319325002
4288,0,2.103116392,1.879946038
4289,0,1.671987266,2.012536707
4290,0,2.577649981,2.572126692
4291,0,2.897455540,2.508690540
4292,0,2.408285439,3.155763405
4293,0,1.806225297,2.261880354
4294,0,2.566978254,1.861607105
4295,0,2.889279453,2.026788933
4296,0,2.514800109,1.703350914
4297,0,2.702727788,2.343981256
4298,0,2.065836487,2.748506511
4299,0,2.720120400,3.503636561
4300,0,3.228136977,2.889995013
4301,0,3.319481683,2.637150498
4302,0,3.135271401,2.993879141
4303,0,3.199020680,3.934361806
4304,0,3.228458938,4.732892753
4305,0,3.612160443,5.719910821
4306,0,3.080492945,3.612715733
4307,0,3.223470797,3.147336415
4308,0,3.075887225,3.458116211
4309,0,3.118460704,4.395151258
4310,0,2.816468475,4.956292676
4311,0,3.002123682,4.022315743
4312,0,3.256903389,3.749652835
4313,0,3.427719709,4.948454246
4314,0,3.309791586,6.070027177
4315,0,3.173572427,6.424981976
4316,0,3.308742723,6.020620076
4317,0,1.374373578,4.025181905
4318,0,2.509975113,3.400292077
4319,0,2.954532842,3.274020669
4320,0,2.845961551,2.193867062
4321,0,3.136660311,2.689098540
4322,0,3.076346794,2.996838215
4323,0,3.058956001,2.193734094
4324,0,3.024770058,2.004644354
4325,0,3.018479832,1.833430479
4326,0,2.972217499,2.343229485
4327,0,2.635201446,2.192208135
4328,0,2.359575056,2.729994604
4329,0,2.179740376,2.152815262
4330,0,3.185447279,2.912814307
4331,0,3.022898786,2.409718713
4332,0,2.751408592,1.996234270
4333,0,3.097442388,2.643046322
4334,0,3.381508392,2.709217471
4335,0,3.300667739,2.793462362
4336,0,2.151259909,2.908034369
4337,0,2.022094152,2.089562984
4338,0,2.881531197,2.657965063
4339,0,3.065868087,2.683822513
4340,0,2.597639880,2.238393283
4341,0,3.237735935,2.592219238
4342,0,2.387483882,2.766470818
4343,0,3.407815265,3.576756088
4344,0,3.176961293,2.771928380
4345,0,3.421789753,3.469567449
4346,0,3.480530187,3.094284878
4347,0,2.873581186,3.547110269
4348,0,2.875764512,3.209175149
4349,0,3.507156782,3.761304674
4350,0,3.962127104,3.545415104
4351,0,3.930977980,3.484027414
4352,0,3.848257525,3.504916573
4353,0,4.070744436,3.633162447
4354,0,3.710941012,3.465554265
4355,0,3.527181495,2.986969440
4356,0,3.109071329,2.625669205
4357,0,3.355312112,3.526178609
4358,0,2.942423395,2.706414952
4359,0,1.778416288,0.822965596
4360,0,1.663244687,0.788847009
4361,0,2.042921675,1.367174101
4362,0,2.047718376,1.580715608
4363,0,1.878166026,1.856560423
4364,0,2.649581257,1.559209974
4365,0,2.130140015,1.978309894
4366,0,2.649677496,1.421951566
4367,0,3.307858271,2.387267658
4368,0,3.264420137,2.120765615
4369,0,3.779835435,2.884352154
4370,0,2.365604422,1.945584863
4371,0,3.150121351,1.857945580
4372,0,3.058412452,1.924332895
4373,0,3.062442627,2.620617350
4374,0,2.084625909,0.823705697
4375,0,2.568561624,1.770226818
4376,0,-0.000000000,0.000000000
4377,0,1.584962501,1.333333333
4378,0,2.204170786,1.721854305
4379,0,2.716160003,2.625222025
4380,0,2.741453407,1.951837769
4381,0,2.799343428,1.687320116
4382,0,3.315210035,2.390887527
4383,0,3.214351742,2.266808928
4384,0,3.190634106,2.526754030
4385,0,3.528935001,3.271179930
4386,0,3.336645483,4.187821663
4387,0,1.906750555,1.380050887
4388,0,2.075013539,1.300925633
4389,0,2.675267525,2.119048406
4390,0,3.074298554,3.205822068
4391,0,2.918085070,3.276301567
4392,0,2.070385397,2.565683054
4393,0,2.566493499,2.003097041
4394,0,3.093462901,1.740110653
4395,0,3.543334938,2.123638898
4396,0,3.101726372,1.947181414
4397,0,2.982644813,2.328079308
4398,0,3.220249376,2.894079776
4399,0,3.281652059,3.687656201
4400,0,3.152847931,2.875904962
4401,0,3.303286737,2.124191794
4402,0,2.964829059,1.982189853
4403,0,3.201101455,2.259890814
4404,0,2.951165711,1.804977887
4405,0,2.683145076,1.914845084
4406,0,2.751847928,1.687907685
4407,0,1.784614229,1.730723417
4408,0,2.645585168,2.698510166
4409,0,3.194452571,3.726392583
4410,0,3.252026730,4.455830654
4411,0,2.269186851,2.737139968
4412,0,2.749719291,2.919475909
4413,0,1.769106239,1.281010133
4414,0,1.524559620,0.594938486
4415,0,2.193403702,1.391403926
4416,0,2.323553317,1.429327791
4417,0,2.593350859,1.910558916
4418,0,2.519965626,2.885815649
4419,0,2.290904456,2.086375552
4420,0,2.742492783,2.322988526
4421,0,2.752158990,3.081303955
4422,0,2.744479774,2.313064629
4423,0,2.580041351,1.722663198
4424,0,2.087135005,1.694017109
4425,0,2.447202810,1.542928052
4426,0,2.606101470,2.116523451
4427,0,2.781501529,2.229736634
4428,0,1.939143571,1.848150874
4429,0,0.960972987,1.231545428
4430,0,1.945258326,2.161849398
4431,0,2.646016186,3.197440927
4432,0,2.136707754,3.181485148
4433,0,2.526807349,3.401218081
4434,0,2.957949501,2.833819200
4435,0,2.801105720,3.306952337
4436,0,2.952328016,3.232404505
4437,0,2.871458623,3.030799995
4438,0,3.000506569,2.906067047
4439,0,2.779965834,2.777017075
4440,0,2.396753405,1.570339940
4441,0,2.606904345,1.727510951
4442,0,2.471091352,1.498382142
4443,0,2.830659782,1.844336527
4444,0,2.746087616,1.828298478
4445,0,1.895367117,2.670480338
4446,0,3.183404229,2.658394202
4447,0,3.297242619,2.923382651
4448,0,3.478253255,3.571243145
4449,0,3.134421449,3.779463593
4450,0,2.829537871,4.538776236
4451,0,3.209350787,5.368769215
4452,0,3.462789201,5.062954553
4453,0,3.663710390,4.127989885
4454,0,3.544628171,3.875858596
4455,0,3.272829573,3.931743056
4456,0,2.476891185,2.091845149
4457,0,3.149802372,2.395108189
4458,0,2.310735634,2.516048751
4459,0,3.077437872,2.857938896
4460,0,3.516534170,2.743308103
4461,0,3.519873666,2.891095233
4462,0,3.630129409,3.362861838
4463,0,3.509237725,3.267295160
4464,0,3.433089754,3.285909812
4465,0,3.487427017,3.168879468
4466,0,2.732832101,2.487248660
4467,0,3.266389031,2.696574724
4468,0,3.139944220,3.002316623
4469,0,3.406393503,2.804616875
4470,0,3.170086590,3.259211415
4471,0,2.115774240,1.950291464
4472,0,2.309439005,2.020018297
4473,0,2.784845530,2.656186683
4474,0,3.218243626,2.566851468
4475,0,2.831170853,2.075765500
4476,0,2.266265749,1.876660642
4477,0,2.915215615,2.393920811
4478,0,2.456538071,2.149466806
4479,0,2.327209893,2.146127881
4480,0,3.004393730,2.747873234
4481,0,3.078985048,3.335184241
4482,0,3.411835244,4.539748764
4483,0,2.537393704,3.455118327
4484,0,3.687514843,3.489767980
4485,0,3.411121099,4.131959491
4486,0,3.744955978,3.623873552
4487,0,3.684775341,3.924541520
4488,0,3.637173044,4.249555120
4489,0,3.780998072,4.733025243
4490,0,3.541636270,5.458431323
4491,0,3.379736172,4.611847104
4492,0,3.388027274,5.295948241
4493,0,3.781054543,4.647418185
4494,0,3.657936059,5.529080305
4495,0,3.540566817,5.250472339
4496,0,3.476841036,4.456082457
4497,0,3.483505170,4.769299390
4498,0,2.192083227,3.606242162
4499,0,2.148842587,3.831509594
4500,0,2.882118514,3.243442156
4501,0,3.160924002,4.129518825
4502,0,3.313083736,4.892353952
4503,0,2.777991915,2.810380933
4504,0,2.325291276,1.478709420
4505,0,1.918784683,1.602119029
4506,0,2.268888577,1.463384259
4507,0,1.711629428,1.267327959
4508,0,2.135818047,1.190067526
4509,0,2.252775269,1.438124070
4510,0,2.652740264,1.623266192
4511,0,2.101036201,1.108646109
4512,0,1.898734789,2.194227744
4513,0,2.017260410,2.765532063
4514,0,0.707703400,0.385576781
4515,0,1.482348259,1.227218158
4516,0,1.629732181,1.077136214
4517,0,1.930208710,1.624434152
4518,0,2.092165169,1.246083450
4519,0,1.800113830,1.470667898
4520,0,2.310549038,1.542684775
4521,0,2.451918252,1.906936931
4522,0,2.364813249,2.096670932
4523,0,1.860346869,1.609610165
4524,0,2.116411165,1.366448812
4525,0,2.222961405,1.349406979
4526,0,2.202938575,1.945743384
4527,0,2.392312046,1.613186565
4528,0,2.122487620,1.299719233
4529,0,2.872568615,1.893902277
4530,0,3.133116762,2.120418219
4531,0,2.654643891,1.965498440
4532,0,1.022575131,1.069050055
4533,0,2.267855081,2.404268874
4534,0,2.798639888,3.001505381
4535,0,3.489640515,2.489121931
4536,0,3.248299344,2.002423344
4537,0,3.120512270,1.802010438
4538,0,3.496075359,2.693883599
4539,0,2.523333409,1.711727045
4540,0,2.391111031,1.850127461
4541,0,2.862154623,1.688175644
4542,0,2.651597069,2.234156975
4543,0,1.509469678,1.166116994
4544,0,2.073464797,1.476573167
4545,0,2.392691105,2.609279146
4546,0,2.863235591,2.959020456
4547,0,3.095445514,3.873215344
4548,0,3.121895758,4.919822732
4549,0,3.147533500,4.326584723
4550,0,3.544716605,3.487569529
4551,0,3.323536407,3.048952957
4552,0,3.215307252,3.445413169
4553,0,3.496329616,4.244734970
4554,0,3.414465261,5.031930959
4555,0,3.200841645,6.039610394
4556,0,3.813125491,5.353241141
4557,0,3.669615896,6.149111042
4558,0,3.503435876,5.326538418
4559,0,3.682686485,4.662539362
4560,0,3.494939410,3.897241935
4561,0,2.808011744,4.539105755
4562,0,3.149418285,4.343874355
4563,0,3.459043221,4.884660474
4564,0,2.658753478,5.006726928
4565,0,3.318795209,4.233014289
4566,0,3.389949916,4.448534205
4567,0,3.413608178,5.750862698
4568,0,3.882510281,6.680194065
4569,0,3.885476922,7.700624931
4570,0,3.613478063,7.110492426
4571,0,3.269953425,5.622807569
4572,0,3.272887760,4.535430623
4573,0,3.190728144,3.613401458
4574,0,3.664282956,4.414350375
4575,0,2.601037141,3.940125244
4576,0,2.495558017,2.874169451
4577,0,2.511670817,2.481782798
4578,0,2.501800447,2.474613518
4579,0,2.128118948,2.739913216
4580,0,3.127556432,3.304944043
4581,0,3.094220359,4.084489895
4582,0,2.773746648,3.911821101
4583,0,3.520375169,4.981476506
4584,0,3.448270201,4.307519677
4585,0,3.322390142,3.509765620
4586,0,3.570620790,3.256971335
4587,0,3.362756648,3.029789247
4588,0,3.373031212,2.937133865
4589,0,3.216735889,3.270771026
4590,0,3.382717003,3.935273742
4591,0,3.413863457,4.961329036
4592,0,3.699553681,5.273163273
4593,0,3.365451546,4.230212463
4594,0,3.494687871,5.369748444
4595,0,3.748909796,6.463909517
4596,0,2.810903984,5.559102405
4597,0,3.451484505,6.423652639
4598,0,3.820831586,7.309892519
4599,0,3.537292873,5.418822500
4600,0,3.372966609,4.668811078
4601,0,3.395093904,5.617810100
4602,0,3.749498052,5.008200347
4603,0,3.410893131,5.911888982
4604,0,3.505152378,6.323243297
4605,0,3.512981855,5.082141589
4606,0,3.194373498,4.046214794
4607,0,3.862754830,4.410373795
4608,0,3.955597307,4.990859142
4609,0,3.949317602,5.518395499
4610,0,3.978854479,4.980792126
4611,0,2.925299779,4.647361002
4612,0,2.493316280,4.486228263
4613,0,2.126667201,5.086321616
4614,0,3.119711304,5.841920078
4615,0,3.493299907,6.961531837
4616,0,2.563503393,4.523046041
4617,0,2.337784254,3.485990259
4618,0,1.145657010,1.000000000
4619,0,2.285980034,2.049225123
4620,0,2.547447844,1.758067756
4621,0,2.112585311,2.452685431
4622,0,2.841739001,2.102183698
4623,0,3.080591278,2.739770606
4624,0,3.122427400,2.506382284
4625,0,3.659931885,2.642647603
4626,0,3.588594914,2.901818976
4627,0,3.121001375,1.965878337
4628,0,2.900678797,2.215782431
4629,0,2.697198079,2.241808226
4630,0,2.663585253,1.352939852
4631,0,2.501167084,1.657758284
4632,0,3.014625086,2.364421092
4633,0,3.324576321,2.797314618
4634,0,3.232669775,2.278076116
4635,0,3.230044928,1.907760677
4636,0,3.024224038,2.419079442
4637,0,3.274813734,2.466401483
4638,0,3.673210172,3.167081577
4639,0,3.699454167,3.585119447
4640,0,3.266042263,3.270612127
4641,0,2.867038599,2.229932515
4642,0,2.693395665,2.578339432
4643,0,3.008784045,3.576311022
4644,0,3.544856827,4.492122040
4645,0,3.517746869,2.874234621
4646,0,2.922528549,1.790779678
4647,0,2.666075857,1.475876238
4648,0,1.246235957,0.990792056
4649,0,2.590120659,2.243381464
4650,0,2.712341553,3.181955314
4651,0,2.864031168,3.950957901
4652,0,3.003485512,3.015341758
4653,0,1.677472731,2.890611070
4654,0,2.261515305,2.396394631
4655,0,3.204267229,3.267386827
4656,0,3.102437311,3.454487743
4657,0,2.470898427,2.925744324
4658,0,3.454873681,3.790415138
4659,0,3.155263685,4.200299289
4660,0,3.417286671,4.004168338
4661,0,3.735701016,3.656261016
4662,0,3.557791178,3.307789940
4663,0,3.491186735,3.503102504
4664,0,3.698283160,3.751951060
4665,0,2.476565204,4.199247992
4666,0,3.287359857,3.554959624
4667,0,2.776265510,3.269418384
4668,0,3.359719358,3.348392374
4669,0,3.342983754,3.521943187
4670,0,3.850548588,3.457496543
4671,0,3.040598299,3.555586887
4672,0,3.288321034,5.436181846
4673,0,3.545122762,5.438849287
4674,0,4.124137043,4.721732645
4675,0,4.171987671,5.087666082
4676,0,2.920403964,3.823400396
4677,0,3.902047145,4.312970856
4678,0,2.753445866,4.352564539
4679,0,2.748178875,4.695559389
4680,0,3.264143898,4.095415931
4681,0,3.458426960,4.974155523
4682,0,3.801052177,4.680983080
4683,0,3.429362690,3.685578354
4684,0,3.442417385,3.518949995
4685,0,3.557182536,3.448394150
4686,0,3.592317442,3.477186811
4687,0,3.281527267,2.817790986
4688,0,2.610083942,3.361784965
4689,0,3.349713459,3.417938920
4690,0,3.026913538,2.940059729
4691,0,3.087422805,2.602484946
4692,0,3.418311740,2.781064627
4693,0,2.218987686,2.593005594
4694,0,2.081692034,2.271154419
4695,0,2.652383264,2.121399064
4696,0,3.321962113,2.407560413
4697,0,3.341770387,2.582719504
4698,0,3.176814097,2.796082716
4699,0,1.563066763,2.813183567
4700,0,2.925397056,3.395440411
4701,0,2.624964708,2.880464443
4702,0,2.840921530,3.410599586
4703,0,2.654935993,3.191891560
4704,0,3.184096548,3.163443509
4705,0,3.265090643,3.259753577
4706,0,3.042176165,2.727883467
4707,0,3.147460919,2.420416717
4708,0,2.793497041,3.166007986
4709,0,2.705467681,2.353382646
4710,0,2.906357577,1.894252648
4711,0,2.960037412,2.184244133
4712,0,3.269705861,2.069075449
4713,0,3.206646991,2.529883437
4714,0,3.460982716,2.254820064
4715,0,3.752424371,2.676424696
4716,0,3.572866861,3.136691091
4717,0,3.533815806,2.770307260
4718,0,3.535802717,2.854954857
4719,0,3.457948979,3.231548988
4720,0,3.483609724,3.586905323
4721,0,3.418102125,4.393520817
4722,0,3.342908948,3.313456743
4723,0,3.531851094,3.917024729
4724,0,3.644455600,3.081262129
4725,0,3.468224375,3.481463053
4726,0,3.494444150,3.106431185
4727,0,3.794732697,4.151520847
4728,0,3.276901658,2.780242562
4729,0,3.392483606,3.333405556
4730,0,3.288824341,2.727360855
4731,0,3.237015707,3.008759583
4732,0,3.282222813,3.086222311
4733,0,3.050554246,2.893050697
4734,0,3.335908497,2.787147987
4735,0,2.920116107,2.167816446
4736,0,2.990532338,2.255833801
4737,0,3.091457479,2.484570077
4738,0,2.315862954,2.384860033
4739,0,2.261177717,2.365442310
4740,0,2.584306710,2.504249482
4741,0,2.823816981,2.880552868
4742,0,2.681561506,3.265260759
4743,0,1.898785382,2.043167572
4744,0,1.809403060,1.974784986
4745,0,2.937518143,2.112722690
4746,0,2.919014940,2.083758463
4747,0,3.266098284,2.651442214
4748,0,3.089397428,2.999566500
4749,0,3.496060449,3.583984896
4750,0,3.724236987,4.367632811
4751,0,3.730021513,4.996167900
4752,0,3.622663913,6.497969199
4753,0,3.742832453,7.607966199
4754,0,3.575265545,7.383377103
4755,0,3.640214203,6.105464800
4756,0,3.395078027,5.178324478
4757,0,3.168998211,4.679720909
4758,0,3.372910528,3.884574925
4759,0,2.998078872,2.619072141
4760,0,3.187575445,2.691621685
4761,0,3.150804586,2.219507286
4762,0,3.228280039,2.157267141
4763,0,3.038446273,2.849405203
4764,0,2.530806327,3.237959219
4765,0,2.606626455,3.262051034
4766,0,2.704715378,3.265261210
4767,0,1.947810218,2.527845057
4768,0,1.901681254,2.319715885
4769,0,3.067801247,3.444013688
4770,0,2.984978876,4.479745361
4771,0,3.038104977,3.901754467
4772,0,1.910552640,2.290265523
4773,0,3.247590358,2.744886710
4774,0,3.507178544,2.703403479
4775,0,3.345408712,3.353535839
4776,0,2.944138201,2.737213195
4777,0,3.242444328,2.656834328
4778,0,1.974440621,2.022574389
4779,0,1.923289789,2.633509818
4780,0,2.976825551,3.639157612
4781,0,2.386276361,4.095711258
4782,0,3.027185841,4.746094362
4783,0,3.380545532,4.260344676
4784,0,3.248895159,3.401059259
4785,0,3.067178719,3.879607260
4786,0,3.043199176,4.702472001
4787,0,3.521424732,3.951838898
4788,0,3.556297359,3.664123977
4789,0,3.437117142,2.905551928
4790,0,3.569155659,3.909919266
4791,0,3.606834575,4.439480606
4792,0,2.614981534,2.445385151
4793,0,3.335193222,3.062038723
4794,0,1.938705210,1.401937826
4795,0,2.371023965,1.674190317
4796,0,2.088309411,1.514520154
4797,0,-0.000000000,0.000000000
4798,0,1.584962501,1.333333333
4799,0,2.184012368,2.375000000
4800,0,2.569649315,2.056000000
4801,0,2.203511655,1.255802530
4802,0,2.026935215,1.721433658
4803,0,0.752530098,0.443759630
4804,0,2.092687886,1.271901363
4805,0,2.139743967,1.352501838
4806,0,2.305326924,2.741263288
4807,0,1.883571035,2.131813314
4808,0,1.401366027,1.402616496
4809,0,2.013542903,1.362442849
4810,0,2.058139203,1.523192009
4811,0,1.934578567,2.078472379
4812,0,2.196810751,1.931804027
4813,0,2.482179714,2.874736051
4814,0,2.670059307,2.339713460
4815,0,2.419609119,2.091497959
4816,0,2.552105959,1.635789049
4817,0,2.464271437,1.608057458
4818,0,2.522517836,2.035723794
4819,0,2.583477241,2.014066428
4820,0,2.902472169,2.483919693
4821,0,1.988174815,2.970608118
4822,0,2.593458824,2.473104671
4823,0,2.704751598,1.984446872
4824,0,2.822108630,2.296812160
4825,0,2.607216249,3.145069460
4826,0,2.605924654,2.782084904
4827,0,2.441057614,2.790271980
4828,0,3.508002536,2.893747207
4829,0,3.507224692,2.950658806
4830,0,3.583307325,3.354666873
4831,0,3.753640761,3.089629134
4832,0,3.571963693,3.195991588
4833,0,3.898138240,3.534184261
4834,0,3.532634699,3.073764794
4835,0,3.460074415,3.413566396
4836,0,3.505693447,3.766058474
4837,0,3.807162973,4.087599402
4838,0,3.629149336,4.396281328
4839,0,3.682826417,4.213983736
4840,0,3.786022195,4.646759320
4841,0,3.627294831,4.932755097
4842,0,3.834413645,4.884600361
4843,0,3.914054044,4.541416325
4844,0,3.635812662,4.360913453
4845,0,4.253822677,4.248516548
4846,0,3.808085153,3.528683933
4847,0,2.234648806,2.165907545
4848,0,2.934135965,2.221866198
4849,0,3.584389568,2.460237279
4850,0,3.150345767,2.424322205
4851,0,2.878120563,2.789443877
4852,0,3.068592133,2.849515336
4853,0,3.237825633,3.458209136
4854,0,3.506196563,3.569455016
4855,0,3.523576980,3.066045823
4856,0,3.501834988,3.387495227
4857,0,3.418118796,3.583526630
4858,0,3.443337475,4.063400861
4859,0,3.828114649,4.876286609
4860,0,3.516872949,4.054283446
4861,0,3.734889399,3.623839825
4862,0,3.445205983,3.886362648
4863,0,3.303443392,3.102009079
4864,0,3.325697162,3.136451782
4865,0,2.555139694,3.147469384
4866,0,2.204481235,2.387498932
4867,0,2.717647888,2.817826138
4868,0,1.856915933,0.956937752
4869,0,2.130965469,1.365122326
4870,0,1.829562203,1.664581361
4871,0,1.849751838,1.358140823
4872,0,1.887806679,2.771724554
4873,0,2.071179920,1.771302476
4874,0,2.635356319,2.826275191
4875,0,2.775014274,3.703022333
4876,0,2.671546391,2.757174571
4877,0,2.603660972,2.116876151
4878,0,2.655482323,2.823764435
4879,0,2.755791956,2.799593326
4880,0,2.273954573,1.902166002
4881,0,1.873131075,2.108267999
4882,0,1.750375398,2.801424290
4883,0,3.237799927,4.085961899
4884,0,2.732203343,3.348273570
4885,0,3.023123066,3.332216556
4886,0,3.051722793,4.011243698
4887,0,2.977948236,4.880603442
4888,0,3.022617878,4.522409514
4889,0,3.624991076,5.603736560
4890,0,3.276738664,4.207361180
4891,0,2.811176885,2.940549038
4892,0,3.007884917,2.251921357
4893,0,2.705920052,1.772793141
4894,0,2.914225344,1.892080261
4895,0,2.867963834,2.198322904
4896,0,2.814891938,2.125432332
4897,0,2.241334485,2.134715935
4898,0,2.159751957,2.644958431
4899,0,2.109463505,1.993505179
4900,0,3.256966786,2.435970606
4901,0,3.257165504,2.380110465
4902,0,3.313264947,2.522430706
4903,0,3.659409547,2.831050928
4904,0,3.476004524,2.960158941
4905,0,3.512431534,3.495936637
4906,0,3.428873430,4.380997756
4907,0,3.458750481,5.675259472
4908,0,3.485062339,4.422816500
4909,0,3.532910643,4.854739652
4910,0,3.606504512,6.123727218
4911,0,3.598664267,5.232074911
4912,0,3.574549503,5.319966781
4913,0,3.548257275,4.699114002
4914,0,4.048275455,5.633013366
4915,0,3.792613000,6.213949291
4916,0,4.120419753,7.276264524
4917,0,3.575027269,5.285419480
4918,0,1.076601345,1.313335242
4919,0,2.650666747,2.599783510
4920,0,1.576025622,2.088689686
4921,0,2.453738928,3.092385090
4922,0,2.928095152,4.116096352
4923,0,2.880059245,3.360876439
4924,0,2.777578703,2.337129314
4925,0,1.943047084,1.524125790
4926,0,2.414678914,1.846002361
4927,0,2.296821279,1.646589265
4928,0,2.036781948,1.369124706
4929,0,2.114832004,2.082835795
4930,0,2.459975351,2.217274137
4931,0,1.972528229,2.686505230
4932,0,2.130898060,3.469171820
4933,0,2.580322448,3.982204919
4934,0,2.695986161,2.942638355
4935,0,2.533993591,2.135667070
4936,0,2.800814666,3.277314236
4937,0,2.492246046,1.422449591
4938,0,2.319801268,1.149918652
4939,0,2.646729182,1.801652916
4940,0,2.413439234,2.171636150
4941,0,2.294834639,1.080334361
4942,0,1.672796922,1.474840791
4943,0,1.762476603,1.718711390
4944,0,1.957318855,1.527897295
4945,0,2.048795414,1.981985923
4946,0,2.168062206,2.311801779
4947,0,2.398121340,1.587252707
4948,0,2.169875139,1.646307297
4949,0,2.031048555,1.040643662
4950,0,2.137394425,2.010652404
4951,0,2.669132028,1.982216980
4952,0,2.417325228,1.328790844
4953,0,2.354828195,1.799558009
4954,0,2.191416099,2.399613291
4955,0,2.187379963,1.667306701
4956,0,2.645302769,2.101515909
4957,0,2.478726514,2.248735383
4958,0,1.970258715,1.749851036
4959,0,2.659238697,3.243958849
4960,0,2.827010271,3.388914335
4961,0,2.706048320,2.151687431
4962,0,3.080680139,2.511002648
4963,0,2.994933179,3.471375208
4964,0,2.529737528,2.482822768
4965,0,3.298298508,3.619067185
4966,0,3.309802548,2.690088260
4967,0,3.248131091,3.315129077
4968,0,2.968411385,4.143496417
4969,0,3.561981080,4.551575262
4970,0,3.668649710,4.177735273
4971,0,3.973338129,4.446565418
4972,0,3.383307024,4.138526535
4973,0,2.592227307,4.241457536
4974,0,3.247331054,3.805095220
4975,0,3.067501265,4.237436921
4976,0,3.077601366,3.027426910
4977,0,2.611749036,2.283584307
4978,0,2.346040006,2.022437259
4979,0,2.604564852,2.588755807
4980,0,2.984547830,3.035994854
4981,0,3.434424451,3.441286401
4982,0,3.386402219,3.356917326
4983,0,3.426295730,3.083974002
4984,0,3.531814710,3.292908526
4985,0,3.558394673,2.910120643
4986,0,3.715491726,3.031409254
4987,0,3.431246764,3.426937497
4988,0,3.346134946,3.221742731
4989,0,3.473684859,3.294155310
4990,0,3.608930192,3.067467564
4991,0,3.082755382,2.692597453
4992,0,3.827358573,4.198297992
4993,0,3.121585667,6.033077494
4994,0,3.563348130,4.850185279
4995,0,3.256173994,2.658289243
4996,0,3.244970754,2.623655747
4997,0,3.292301525,2.922986492
4998,0,3.354662252,2.433934241
4999,0,3.586220720,3.052305064
5000,0,3.536483294,2.409439133
5001,0,3.155818264,2.266741841
5002,0,3.124284357,2.244418704
5003,0,3.080691481,2.247379734
5004,0,3.099029997,2.148424122
5005,0,2.668679186,2.031992719
5006,0,2.908460939,1.584469599
5007,0,3.069702817,1.922201610
5008,0,3.260123805,2.207597051
5009,0,3.097859552,1.870546684
5010,0,3.366483910,2.370670855
5011,0,2.990609773,2.023286923
5012,0,3.005904132,2.073133881
5013,0,2.979194047,2.275544916
5014,0,2.976526395,1.947956870
5015,0,2.413934536,1.841611936
5016,0,3.414961991,2.405048413
5017,0,1.879288457,1.812845845
5018,0,2.996334778,2.191581548
5019,0,3.138154389,2.329102851
5020,0,3.224929340,2.453583836
5021,0,3.056166918,2.492518725
5022,0,3.316109074,2.360692684
5023,0,3.408330908,2.373621124
5024,0,3.338599929,2.498334607
5025,0,3.043982594,2.695305368
5026,0,3.466853177,2.911255695
5027,0,3.480287886,2.995199064
5028,0,2.948979603,2.883776401
5029,0,3.381785504,3.948133825
5030,0,2.491244231,3.813170637
5031,0,3.091218026,4.904444004
5032,0,3.680831208,4.297588814
5033,0,3.443224600,4.938865912
5034,0,3.482791193,4.739815705
5035,0,3.429316581,4.410325563
5036,0,3.601670789,4.148858554
5037,0,3.679022490,4.157767636
5038,0,3.553525498,3.458122520
5039,0,3.497846745,3.440752463
5040,0,2.808430775,2.161975260
5041,0,2.867373624,1.854157069
5042,0,2.786065212,2.347929695
5043,0,3.103257865,2.041112013
5044,0,2.981552593,2.123602789
5045,0,2.809211639,2.557783716
5046,0,2.512954897,1.927824431
5047,0,2.563649828,2.688043398
5048,0,2.405461111,3.752843983
5049,0,2.912919566,3.002710933
5050,0,2.848963028,2.763329366
5051,0,2.893010716,2.105373880
5052,0,2.343751920,1.767340604
5053,0,3.138821581,1.796693236
5054,0,2.947566528,2.216214023
5055,0,2.918745094,1.694812717
5056,0,3.275470670,2.480967884
5057,0,3.205403681,2.222367472
5058,0,3.208204205,3.260250881
5059,0,2.985196345,3.313006168
5060,0,3.470482932,2.938242829
5061,0,3.335631665,2.425772466
5062,0,3.241221728,2.495170306
5063,0,3.498480397,2.629417690
5064,0,3.201070648,3.010546306
5065,0,2.687517896,2.580856723
5066,0,2.971963393,2.937419290
5067,0,2.632421170,2.176579310
5068,0,3.443465286,2.755509091
5069,0,3.141645260,2.293194849
5070,0,3.028654971,2.381740496
5071,0,2.925620160,2.118815270
5072,0,3.035206434,2.138798888
5073,0,2.630985106,1.781514992
5074,0,2.733290295,1.870460272
5075,0,2.649733371,1.741284457
5076,0,3.107970147,2.491171797
5077,0,2.698982594,2.531578696
5078,0,2.995943373,3.272498235
5079,0,2.988322868,2.586225075
5080,0,3.005755739,2.346541795
5081,0,2.955668202,2.206583906
5082,0,3.285241570,2.415922092
5083,0,3.135395995,2.369612664
5084,0,2.882414961,1.970787842
5085,0,2.097357831,2.608742223
5086,0,2.636330338,3.185085297
5087,0,2.664255701,2.775192819
5088,0,2.181207561,3.028103778
5089,0,2.121483460,3.804934902
5090,0,2.873412613,3.883129658
5091,0,2.932065395,3.279818832
5092,0,2.478514765,3.083091769
5093,0,2.880181207,2.654464861
5094,0,3.042792945,2.848248590
5095,0,3.306301580,3.273692895
5096,0,2.803787198,2.675509968
5097,0,2.536689578,2.522112288
5098,0,2.223242887,2.397841877
5099,0,1.880248457,2.554050262
5100,0,2.449816967,1.643112853
5101,0,3.023650864,2.443251306
5102,0,2.939460793,3.029699176
5103,0,2.806303966,2.426994693
5104,0,2.646051734,2.186258902
5105,0,3.540354770,3.920524785
5106,0,3.371103098,3.224684019
5107,0,3.489730070,3.565062410
5108,0,2.791146089,2.535280234
5109,0,2.551479489,2.110720094
5110,0,2.485247341,1.167555384
5111,0,2.851050814,1.974097550
5112,0,2.907983619,2.626744821
5113,0,3.071327343,2.872788701
5114,0,3.130164082,2.219935042
5115,0,3.538398953,2.992268069
5116,0,3.263587508,2.224647900
5117,0,3.384656639,3.075108869
5118,0,3.738843694,3.486875032
5119,0,3.331591488,3.014155611
5120,0,3.183445876,5.141957324
5121,0,3.248236457,3.689973782
5122,0,3.525934399,5.522173656
5123,0,3.379450793,5.676438745
5124,0,3.681587348,6.611594238
5125,0,3.119704861,6.929482242
5126,0,3.254258198,7.616507057
5127,0,3.026209980,6.507991983
5128,0,2.289899663,5.367023044
5129,0,1.738783631,2.379877404
5130,0,2.074602508,3.413400915
5131,0,2.409611961,2.773107018
5132,0,2.770957257,3.267489638
5133,0,3.016370922,4.088572619
5134,0,3.108929945,3.568809952
5135,0,3.295929223,3.095771132
5136,0,3.483848936,2.761641705
5137,0,3.440491975,2.543044602
5138,0,3.635037146,2.583203087
5139,0,3.224879068,2.261356544
5140,0,2.223185821,1.851786576
5141,0,2.644407119,2.277471265
5142,0,3.095597343,3.093255383
5143,0,2.904734663,2.569447975
5144,0,2.228005446,2.564647324
5145,0,2.257311068,2.023539500
5146,0,2.773012626,2.962210261
5147,0,2.642161276,3.182978465
5148,0,2.620209303,3.458932750
5149,0,2.671260576,2.362250831
5150,0,1.587047214,1.720599667
5151,0,1.681853655,2.235696214
5152,0,2.546513838,3.117134162
5153,0,2.421170934,2.395427882
5154,0,2.512954120,2.458940585
5155,0,2.804519304,2.641691894
5156,0,2.468789919,1.859731568
5157,0,2.931093581,2.341209383
5158,0,1.584056144,1.773176687
5159,0,2.709476176,2.033323083
5160,0,2.855091095,1.683366282
5161,0,2.196719737,1.489545288
5162,0,1.348351907,0.604950334
5163,0,1.010766310,1.001077288
5164,0,0.012672358,0.008828708
5165,0,1.004960547,1.003616553
5166,0,1.507575007,1.004693345
5167,0,2.488319579,1.753598060
5168,0,2.190935799,1.246201343
5169,0,1.011498636,1.007650352
5170,0,1.927098375,1.339659615
5171,0,2.302560273,1.501540349
5172,0,1.960032100,2.000830786
5173,0,1.884859991,1.603134354
5174,0,2.330201575,2.146596412
5175,0,2.397104097,2.998165020
5176,0,2.356670643,2.130275679
5177,0,2.403036189,1.724268423
5178,0,2.904115091,2.491167806
5179,0,2.095712243,3.485452925
5180,0,2.459085227,2.869821209
5181,0,2.789780797,3.122818812
5182,0,3.218609194,2.653768915
5183,0,2.977311577,3.445414342
5184,0,2.944645743,2.740193483
5185,0,1.907768197,2.316868778
5186,0,2.434875149,1.901065394
5187,0,2.691361080,1.755522364
5188,0,2.762733823,2.180968684
5189,0,2.856342683,1.969807531
5190,0,2.449291806,2.599961452
5191,0,2.738410531,2.210657922
5192,0,2.820091970,2.724673867
5193,0,2.896479645,1.979306567
5194,0,2.702852739,1.946729868
5195,0,2.898917515,1.753638273
5196,0,2.594107447,2.035661297
5197,0,2.961004958,3.002408031
5198,0,2.921225408,3.985788540
5199,0,2.868114037,3.954416634
5200,0,3.012611241,2.963508560
5201,0,2.801305905,2.168716990
5202,0,1.856197965,1.262225903
5203,0,2.086203864,2.412613836
5204,0,2.493293776,2.134940514
5205,0,2.854739280,2.047043102
5206,0,3.172541270,2.567799807
5207,0,3.059735488,4.111431508
5208,0,3.003814979,3.072460509
5209,0,3.318924431,3.833542186
5210,0,3.327805321,4.630325185
5211,0,3.081656524,4.996279410
5212,0,3.308116324,3.494570126
5213,0,3.876569131,3.729336572
5214,0,3.660155557,3.425413183
5215,0,3.435444561,3.286323820
5216,0,3.084292160,3.030081087
5217,0,3.509584579,3.262267589
5218,0,3.528007590,3.388703024
5219,0,3.426750539,3.669574344
5220,0,3.422258693,3.664004655
5221,0,3.460391728,3.740163596
5222,0,3.759980231,4.037622054
5223,0,3.818933114,4.219970321
5224,0,3.588935361,4.657559106
5225,0,2.961094188,3.518099993
5226,0,3.199896308,3.219665420
5227,0,2.921810453,3.117202216
5228,0,3.324964402,3.130662765
5229,0,3.393598875,2.706305141
5230,0,3.296497862,3.088877796
5231,0,3.329143115,2.844684610
5232,0,3.414931420,3.131366889
5233,0,3.352914495,3.590197129
5234,0,2.855684857,2.296711665
5235,0,2.967512784,2.750675739
5236,0,2.945334058,3.297655742
5237,0,2.855058524,3.204422671
5238,0,3.113731652,3.553230006
5239,0,2.858573733,2.319183838
5240,0,1.904154116,1.355248628
5241,0,3.070568344,2.040094448
5242,0,3.118784662,2.032326816
5243,0,3.019217299,2.074717213
5244,0,2.690300062,1.975941866
5245,0,2.939240765,2.782287182
5246,0,3.155222410,2.047604994
5247,0,2.143930883,1.925541592
5248,0,1.647343321,1.528173122
5249,0,2.883581967,2.329917702
5250,0,2.527144778,1.892809207
5251,0,2.727162450,2.528498281
5252,0,2.342755529,2.436205494
5253,0,1.464341468,1.176350119
5254,0,2.069265264,1.143197169
5255,0,2.148736230,2.045749679
5256,0,1.606657637,1.896012353
5257,0,0.930802304,1.307220716
5258,0,1.895229935,1.333333333
5259,0,0.997748115,1.055858312
5260,0,1.498874057,1.000000000
5261,0,0.999639856,1.022343325
5262,0,1.918175786,1.333333333
5263,0,2.299673467,1.504965183
5264,0,2.845420917,2.594539564
5265,0,2.885175166,2.145989389
5266,0,3.230083914,2.730165582
5267,0,2.935578827,2.292768520
5268,0,2.595530427,2.413567633
5269,0,2.569062325,1.896023026
5270,0,2.261851422,1.324597525
5271,0,2.521384189,1.826730833
5272,0,2.793167636,2.499987381
5273,0,2.799195855,2.324159136
5274,0,2.346602633,2.851220799
5275,0,3.218532228,3.519913548
5276,0,3.258384811,4.083976097
5277,0,3.294657558,3.278593281
5278,0,3.616561818,3.740656167
5279,0,3.464400114,4.320097798
5280,0,3.156504450,3.434955451
5281,0,3.298133133,3.138226639
5282,0,3.261626641,2.928794440
5283,0,3.660212670,3.283668198
5284,0,3.233996307,3.216188935
5285,0,3.445416588,3.091689789
5286,0,3.587814435,3.576060130
5287,0,3.558223659,3.294103052
5288,0,3.658837793,3.487292900
5289,0,3.640591678,4.029520156
5290,0,3.738254797,3.631181821
5291,0,3.026580401,4.206323090
5292,0,3.367397810,5.819211270
5293,0,2.919280044,3.690168971
5294,0,2.960103903,4.393497498
5295,0,3.180700688,5.424920101
5296,0,2.687088541,6.122824879
5297,0,2.812553533,5.393702401
5298,0,3.145529783,4.693179447
5299,0,2.466483775,3.291660830
5300,0,3.183933816,3.421309574
5301,0,3.349163602,2.879713951
5302,0,3.357461439,3.753650313
5303,0,3.611997354,3.505463371
5304,0,3.239330767,4.327012088
5305,0,3.039467277,2.562294437
5306,0,2.521546493,2.572477719
5307,0,2.603225793,3.507968866
5308,0,2.592352869,2.484758196
5309,0,2.556735985,3.155475765
5310,0,2.604108633,3.800852076
5311,0,1.680243505,2.471532544
5312,0,2.285648118,3.176957232
5313,0,2.564706622,2.260243385
5314,0,2.591986550,1.856412790
5315,0,2.453558727,2.239243421
5316,0,2.067382118,1.666157090
5317,0,2.159525423,1.631385912
5318,0,2.140189438,1.907391251
5319,0,1.838847273,1.678833704
5320,0,2.503182555,2.095953873
5321,0,3.093062042,2.260507410
5322,0,3.336807463,2.626310653
5323,0,2.811814136,3.108464077
5324,0,3.047065405,3.612318109
5325,0,3.585058448,3.355244711
5326,0,3.014268078,3.395389267
5327,0,3.818246483,3.312277980
5328,0,3.679236811,3.507682651
5329,0,3.648627161,4.078640514
5330,0,3.962466692,3.739997633
5331,0,3.629375462,3.912042507
5332,0,3.788867903,4.028423141
5333,0,3.740630023,4.483344999
5334,0,3.469671107,4.601371068
5335,0,3.744758453,4.517657903
5336,0,2.288624694,4.033271161
5337,0,2.958131771,4.146021028
5338,0,3.300175956,5.250394926
5339,0,1.786574115,1.281635305
5340,0,0.970451908,1.201697613
5341,0,2.170442475,1.399858532
5342,0,2.495308771,1.842514553
5343,0,2.523951696,1.511943346
5344,0,2.571668466,2.282583124
5345,0,3.062454304,3.104080415
5346,0,2.851019611,2.406216670
5347,0,2.622570099,2.465204333
5348,0,2.253949612,2.620232477
5349,0,2.315803450,2.362584313
5350,0,3.052591947,3.277723759
5351,0,3.084340657,3.594963009
5352,0,2.251123932,1.758505492
5353,0,3.272857000,2.617164667
5354,0,2.993131396,3.159242534
5355,0,2.308096068,3.174999881
5356,0,2.369037806,1.572893475
5357,0,2.252161432,1.661804601
5358,0,2.292244496,2.030601614
5359,0,1.898636216,1.307249227
5360,0,1.585191100,1.110789757
5361,0,2.143773937,1.625609000
5362,0,2.547994786,1.703941638
5363,0,1.517011222,2.045868122
5364,0,2.454740794,2.009693824
5365,0,2.677047819,1.898273798
5366,0,2.753887033,1.748633089
5367,0,2.345988533,1.565991467
5368,0,2.550546646,2.845707024
5369,0,3.775164866,4.403158650
5370,0,3.181029406,8.772446174
5371,0,3.672929651,10.059418983
5372,0,3.569168599,7.548241676
5373,0,3.461576226,6.667491767
5374,0,3.306348110,7.273569832
5375,0,4.217037676,7.533966842
5376,0,4.139931776,6.647250345
5377,0,4.140283506,5.807456339
5378,0,4.290634362,5.361027847
5379,0,4.265714184,5.092831325
5380,0,4.143681697,6.991459493
5381,0,3.914159500,6.618796757
5382,0,3.867311659,6.744291471
5383,0,3.842366861,5.240818149
5384,0,4.275562806,6.348459866
5385,0,3.469519987,6.255230206
5386,0,3.718446901,5.613670407
5387,0,3.805009275,4.681112658
5388,0,3.961385201,4.189218510
5389,0,4.188738648,4.441703856
5390,0,3.759017164,4.275099512
5391,0,3.034270583,2.994433689
5392,0,3.183374933,2.739843450
5393,0,2.837417422,3.109700788
5394,0,3.064804052,2.564831741
5395,0,2.719571421,2.282679697
5396,0,2.896840180,2.440855050
5397,0,2.547325648,2.224189139
5398,0,2.953391015,1.939409506
5399,0,2.699929996,2.118745326
5400,0,2.461186060,2.778542785
5401,0,2.611280726,4.090687683
5402,0,2.671283770,2.603764716
5403,0,2.394308123,2.437470333
5404,0,2.384211162,2.325298840
5405,0,2.475054129,2.031219919
5406,0,2.061847867,1.289713368
5407,0,2.442371844,2.104876975
5408,0,2.654472047,1.769291869
5409,0,2.714941093,2.050430309
5410,0,2.843830641,1.752865338
5411,0,2.987945146,2.910754499
5412,0,2.591775876,1.777589356
5413,0,3.039471185,2.467089294
5414,0,1.935319201,1.365648911
5415,0,2.273961199,1.807198893
5416,0,2.367435930,1.239954362
5417,0,2.513830198,1.368398625
5418,0,2.722791922,2.465385522
5419,0,1.355916699,1.137513593
5420,0,1.701861539,1.964591664
5421,0,2.739840804,1.886354117
5422,0,2.605584055,2.315834571
5423,0,2.728486115,1.955338253
5424,0,2.536201355,2.096248364
5425,0,2.977344880,2.293346098
5426,0,3.325273468,2.934728441
5427,0,2.245639927,1.972671164
5428,0,2.643346728,2.172280401
5429,0,2.417328078,3.366853113
5430,0,2.530570007,2.576864194
5431,0,1.563921346,2.667884210
5432,0,2.635546637,2.094064827
5433,0,2.437334980,2.520889565
5434,0,2.592888797,3.581869744
5435,0,2.766312105,2.922825577
5436,0,2.748213193,2.527651195
5437,0,2.852928215,2.180871454
5438,0,2.834455689,2.441066369
5439,0,2.993853634,2.665485893
5440,0,2.903996580,2.483917732
5441,0,2.985884689,2.962006117
5442,0,2.623862978,4.123238771
5443,0,2.655067032,2.121194829
5444,0,2.316013085,1.783212209
5445,0,1.446255580,1.631552915
5446,0,2.052427693,1.255964322
5447,0,1.983233603,1.555204287
5448,0,0.965894397,1.216579412
5449,0,1.722473651,1.815631633
5450,0,2.093533125,2.617720313
5451,0,1.964104334,1.844804223
5452,0,2.363753039,2.672438722
5453,0,2.354208447,3.034313032
5454,0,2.889318700,2.624808684
5455,0,2.744428232,2.245770616
5456,0,2.808573165,2.177070013
5457,0,2.892728763,2.439648201
5458,0,3.013825156,2.163542791
5459,0,2.872552547,2.245941873
5460,0,3.029809478,2.291843873
5461,0,2.560193018,2.457390886
5462,0,2.972569718,3.192089857
5463,0,2.721557330,3.319086812
5464,0,3.260772196,3.983711903
5465,0,2.998302916,2.954481330
5466,0,3.281329956,2.677130511
5467,0,2.196976436,1.939532371
5468,0,2.392293500,1.881921909
5469,0,2.703100996,2.179271130
5470,0,2.809526484,2.884078433
5471,0,2.949461327,2.329716702
5472,0,2.742657003,2.518049216
5473,0,2.161343188,2.306698830
5474,0,2.109151172,2.555441359
5475,0,2.252670228,2.452475500
5476,0,3.107596192,2.747934660
5477,0,3.109752699,2.961476379
5478,0,3.228124818,2.792117344
5479,0,3.240094590,2.647098275
5480,0,3.284741755,2.888601968
5481,0,3.036991000,3.076177575
5482,0,2.959752970,2.649228131
5483,0,2.431550238,2.266584360
5484,0,2.702045218,2.523792867
5485,0,2.271935765,2.701039048
5486,0,2.494658187,2.906267054
5487,0,2.967060847,4.169764017
5488,0,2.983009005,3.071772479
5489,0,2.807985868,3.321691020
5490,0,2.908711463,2.987411733
5491,0,3.233351315,3.824046293
5492,0,3.124202671,2.987722726
5493,0,2.842867113,2.244969719
5494,0,2.872470673,3.012300207
5495,0,3.033267817,3.499513967
5496,0,2.626261269,2.675730846
5497,0,2.376758296,1.943127710
5498,0,2.834227906,1.891042167
5499,0,2.670316467,1.984664130
5500,0,2.449354988,1.534575084
5501,0,1.896152992,1.552761345
5502,0,2.450261519,2.441844770
5503,0,2.186650310,1.586638895
5504,0,2.678778673,2.606371777
5505,0,2.343317137,1.813201169
5506,0,2.219686884,1.359277635
5507,0,2.848501313,2.441687902
5508,0,3.082506962,2.726102428
5509,0,2.631950002,1.983301425
5510,0,2.317110977,1.469333102
5511,0,2.704649109,2.011376019
5512,0,1.534591933,1.217112733
5513,0,2.007947668,1.990132366
5514,0,0.735485331,0.413769117
5515,0,1.321457403,1.000000000
5516,0,2.184186470,1.496959694
5517,0,2.089297886,1.168272448
5518,0,2.003722271,1.440562221
5519,0,-0.000000000,0.000000000
5520,0,1.584962501,1.333333333
5521,0,2.670045679,2.795180723
5522,0,2.926937705,1.851551957
5523,0,3.100318459,2.327674341
5524,0,3.598674132,3.004681067
5525,0,2.950617965,2.892120041
5526,0,2.912325146,2.718974549
5527,0,2.974579270,2.174895779
5528,0,3.104382114,2.611807473
5529,0,3.336181187,2.543395686
5530,0,2.951825059,2.487369343
5531,0,3.051982288,3.327438617
5532,0,3.224114353,2.995657244
5533,0,3.104528723,4.062338112
5534,0,2.970686560,2.216762670
5535,0,3.464171312,3.139534974
5536,0,3.822630780,3.513260531
5537,0,3.789152574,3.495744029
5538,0,3.514519228,3.123174316
5539,0,1.492847813,1.376198590
5540,0,1.892440049,1.041710629
5541,0,2.044071530,1.174902581
5542,0,2.334378427,1.464603984
5543,0,2.522982990,1.881257998
5544,0,2.107308474,1.948783465
5545,0,2.295367472,1.310164997
5546,0,2.339885202,2.375944308
5547,0,2.701964419,1.735211288
5548,0,2.921075760,2.585592578
5549,0,3.063550951,3.295674026
5550,0,2.658740397,2.257576461
5551,0,2.836817950,2.837488382
5552,0,3.390781427,2.610221095
5553,0,3.464013020,2.459740712
5554,0,3.495933866,2.517648004
5555,0,3.512756847,2.644751257
5556,0,3.057733814,1.796754272
5557,0,3.506432206,2.815005507
5558,0,-0.000000000,0.000000000
5559,0,1.584962501,1.333333333
5560,0,2.204170786,1.721854305
5561,0,1.868011158,1.916256158
5562,0,2.814608226,2.877284595
5563,0,3.104459743,2.482369535
5564,0,3.206884290,2.480743565
5565,0,3.031810473,2.053808106
5566,0,2.996914739,2.327245481
5567,0,3.565440599,2.798260239
5568,0,3.137670216,2.412818992
5569,0,2.664816018,2.281803578
5570,0,2.868782540,2.160455206
5571,0,1.753261518,2.011098894
5572,0,2.497628664,2.863503627
5573,0,2.813952292,3.695381173
5574,0,2.852538330,2.872450610
5575,0,3.109188953,3.770859991
5576,0,2.630419536,3.013780567
5577,0,2.932900112,3.128052474
5578,0,2.325594619,2.934275935
5579,0,3.067236615,2.705899369
5580,0,2.992958973,2.052268517
5581,0,1.557656836,0.924011574
5582,0,2.583321992,2.007651995
5583,0,3.047632676,2.124568626
5584,0,2.661020734,1.659894446
5585,0,3.168463774,2.456216366
5586,0,3.183698736,2.185539482
5587,0,3.174973460,2.412385338
5588,0,2.871518792,2.606858112
5589,0,2.608465699,2.564426559
5590,0,2.843248031,3.383192871
5591,0,3.277280095,4.310264136
5592,0,3.244991785,3.453379687
5593,0,2.374982105,2.804618369
5594,0,3.457609693,3.516581023
5595,0,3.093118570,4.190034058
5596,0,3.006121910,4.797913424
5597,0,3.245116646,5.216132005
5598,0,3.206746129,4.242605346
5599,0,3.342440616,3.862687421
5600,0,3.076624398,3.288998177
5601,0,3.230972432,3.787315638
5602,0,2.644570939,4.594240562
5603,0,3.192949323,4.354991971
5604,0,3.455317697,4.033559628
5605,0,3.227007518,3.969311831
5606,0,3.050629830,3.565498851
5607,0,2.881720837,3.596990120
5608,0,3.163970464,2.967878936
5609,0,2.417973574,3.174372351
5610,0,2.946566425,4.172754327
5611,0,2.591277523,3.290018609
5612,0,2.658267937,2.772782473
5613,0,2.545029573,2.514799262
5614,0,3.284309309,2.759700598
5615,0,3.343007091,3.203436663
5616,0,3.246877103,3.852217631
5617,0,3.699981649,4.240649206
5618,0,3.527619168,4.772074907
5619,0,3.660856935,4.671506999
5620,0,3.608372839,5.482181842
5621,0,2.638404670,3.658427133
5622,0,3.128037534,2.668272624
5623,0,1.625663458,1.921033612
5624,0,2.246980463,1.617374218
5625,0,2.153208178,2.253560618
5626,0,2.787530598,2.980945040
5627,0,3.218855829,3.864307147
5628,0,2.529672380,3.410110447
5629,0,3.604662155,4.357216515
5630,0,3.303164917,5.032436549
5631,0,3.751106702,4.350086817
5632,0,3.465105450,4.697361049
5633,0,3.455921427,5.520893370
5634,0,3.591564277,6.460823804
5635,0,2.951576367,7.412877372
5636,0,3.538558131,8.203253385
5637,0,2.650363746,6.604462839
5638,0,1.419960737,1.008197629
5639,0,1.931838142,1.685328013
5640,0,2.157076558,2.718964401
5641,0,2.419919961,2.976815044
5642,0,2.725513158,2.504929604
5643,0,2.968130463,2.842464476
5644,0,2.529370766,1.650467746
5645,0,2.436866617,3.662921666
5646,0,2.643317204,3.580863643
5647,0,2.574806013,2.318457335
5648,0,2.255995995,2.667771057
5649,0,2.700136896,2.727502278
5650,0,2.918649262,1.979209687
5651,0,3.111044983,2.384386778
5652,0,2.430554327,1.669256878
5653,0,2.848838385,2.473046106
5654,0,2.956007246,2.390178891
5655,0,2.954967400,2.730355957
5656,0,3.366861897,2.536126703
5657,0,2.952007357,2.259786582
5658,0,2.583108885,2.063153799
5659,0,1.913359383,1.448617037
5660,0,2.512830844,1.617592662
5661,0,2.525091326,1.747485525
5662,0,2.401640084,1.391666383
5663,0,2.692707842,1.927289084
5664,0,2.280677357,2.400294570
5665,0,2.872175594,2.116271281
5666,0,3.499233846,2.457381089
5667,0,3.429236057,2.581484785
5668,0,3.219470500,2.869713028
5669,0,3.136904125,3.250418353
5670,0,3.177423015,4.001046821
5671,0,3.631214616,3.533137894
5672,0,3.337727277,3.873126931
5673,0,3.419512366,4.811120677
5674,0,3.485068902,5.730595995
5675,0,3.468783651,4.562154818
5676,0,3.866741670,5.413328308
5677,0,3.925396565,6.520623384
5678,0,3.603876107,5.575224779
5679,0,3.589278385,6.486025941
5680,0,3.483924560,7.484990415
5681,0,3.375464353,6.276521920
5682,0,3.304088465,8.034574025
5683,0,2.857753709,8.072138268
5684,0,3.520623657,6.855731073
5685,0,3.483431636,7.298485990
5686,0,3.740854616,7.708485259
5687,0,3.892831076,8.960747611
5688,0,3.925248395,7.931714405
5689,0,3.795167802,5.411324104
5690,0,3.510051388,4.216632776
5691,0,3.701698369,4.701715250
5692,0,3.617971105,3.995705439
5693,0,3.496750345,4.779256354
5694,0,2.353716715,2.622505577
5695,0,3.241791030,2.419690159
5696,0,2.748539984,2.482255560
5697,0,3.162125514,2.591211076
5698,0,3.129156603,3.118983956
5699,0,2.569143215,2.718861760
5700,0,3.425927442,2.796577954
5701,0,3.108411794,2.735488823
5702,0,2.784905582,3.145698433
5703,0,2.526025896,2.767481046
5704,0,2.968124645,2.779579565
5705,0,3.380062888,3.326356788
5706,0,2.663753921,2.692918970
5707,0,3.273595712,2.860422081
5708,0,2.679571733,2.646285273
5709,0,1.941710051,2.246478389
5710,0,2.653884766,2.707668475
5711,0,3.181950607,3.586983779
5712,0,3.545550599,5.068411135
5713,0,3.588673576,5.412870253
5714,0,3.455364872,4.044789493
5715,0,3.324805920,3.575367325
5716,0,3.617666699,3.961807236
5717,0,3.812796284,4.777820089
5718,0,3.426143810,3.454578577
5719,0,3.387877483,4.085832992
5720,0,4.011087653,4.603918507
5721,0,3.777887662,6.815397152
5722,0,3.548024310,4.790667602
5723,0,3.728405304,4.272648880
5724,0,3.807728128,4.710499524
5725,0,4.269207466,4.333045050
5726,0,3.383107462,2.507442016
5727,0,2.058689058,1.829193109
5728,0,2.596948815,2.639047058
5729,0,2.938356706,4.174606712
5730,0,3.077839322,4.853096237
5731,0,3.241025229,4.957731619
5732,0,3.142692231,5.796722323
5733,0,3.277382030,4.995191862
5734,0,3.493907183,4.385509413
5735,0,3.306357848,5.282027869
5736,0,4.061885077,6.139257783
5737,0,3.238109764,6.539939307
5738,0,3.818646130,6.099646478
5739,0,3.563474663,5.191384082
5740,0,3.338845582,6.272244476
5741,0,4.087333364,5.581022607
5742,0,3.858154479,4.880605638
5743,0,3.733774655,5.442550845
5744,0,3.636607148,4.717846978
5745,0,3.390979834,4.197511591
5746,0,3.891877332,3.854955868
5747,0,3.683230507,3.978895219
5748,0,3.749914032,3.901221442
5749,0,4.016520900,3.541924369
5750,0,3.862249775,3.725290988
5751,0,3.712605665,3.815749174
5752,0,3.761214467,3.731919843
5753,0,1.923184141,2.398505661
5754,0,2.872976209,2.685915606
5755,0,3.116884737,2.780007174
5756,0,2.902671175,1.948456833
5757,0,2.544181589,1.596570803
5758,0,2.756333897,2.080963430
5759,0,3.238694106,3.004748054
5760,0,2.888749378,3.389511053
5761,0,3.085391654,2.440462332
5762,0,2.975158984,3.120275217
5763,0,3.306271028,3.038018126
5764,0,3.129529754,3.291451137
5765,0,3.182561369,2.190997428
5766,0,3.293674308,2.256313527
5767,0,3.478383307,2.837350843
5768,0,3.274746332,2.686475289
5769,0,3.082939478,3.255042548
5770,0,3.322363318,2.872551131
5771,0,3.417316608,3.557194914
5772,0,3.154012233,2.465926892
5773,0,3.634694232,3.720123054
5774,0,3.066057147,2.643373340
5775,0,3.191615746,2.481092802
5776,0,3.066182860,2.340691244
5777,0,3.441328698,2.476109588
5778,0,2.827621184,2.813949564
5779,0,2.883415382,2.109337590
5780,0,3.114331223,2.673784539
5781,0,2.576383674,3.977870185
5782,0,2.755973535,4.192476004
5783,0,2.251580322,5.536356081
5784,0,3.110584873,4.844780698
5785,0,2.063726663,4.320347963
5786,0,3.051585072,5.296089016
5787,0,3.583033472,6.141697841
5788,0,3.514893668,5.277807620
5789,0,2.496149590,4.735501325
5790,0,2.905411576,3.658646123
5791,0,3.286275875,3.165098022
5792,0,2.721252404,3.774150115
5793,0,3.158623414,4.873768958
5794,0,3.420721618,4.133270673
5795,0,2.479977111,4.904960547
5796,0,3.118819533,3.976620205
5797,0,3.696344376,3.511262776
5798,0,3.432195219,2.959168097
5799,0,3.696729655,3.577752791
5800,0,3.415671213,2.912222431
5801,0,3.367171496,2.892436051
5802,0,3.558863858,3.271148633
5803,0,3.600398067,3.476864969
5804,0,3.616863014,3.807227508
5805,0,3.101779684,3.361284680
5806,0,3.708168481,3.477413582
5807,0,3.559380114,2.792233498
5808,0,3.692635163,3.032527925
5809,0,3.713522352,3.151246357
5810,0,3.599747151,3.186802054
5811,0,4.135601798,3.376058094
5812,0,3.889855809,4.098930293
5813,0,3.748694544,4.205985833
5814,0,3.447648369,3.374794958
5815,0,3.186647083,3.418552193
5816,0,3.076506442,3.919280245
5817,0,3.615863101,3.659139916
5818,0,3.770835665,3.508722015
5819,0,3.753990245,3.463619183
5820,0,3.898814197,3.480882074
5821,0,3.920306056,3.462479357
5822,0,3.630444062,3.092624718
5823,0,3.493731519,3.025054291
5824,0,3.607693254,3.001951399
5825,0,3.157777198,2.785512722
5826,0,3.577099808,3.027414240
5827,0,3.683427242,2.875761336
5828,0,3.896235152,3.239752873
5829,0,3.108686136,1.797497424
5830,0,2.914435051,2.183356796
5831,0,2.870920169,2.363525465
5832,0,1.994806177,1.636092196
5833,0,2.046603516,1.802037335
5834,0,2.104067487,2.396547444
5835,0,2.603660184,3.261404836
5836,0,1.322832318,4.332575504
5837,0,2.597851080,5.242762008
5838,0,2.675291116,4.575616757
5839,0,2.843800168,5.443271124
5840,0,2.607099504,6.421814275
5841,0,2.614211697,5.685937299
5842,0,2.976416997,4.911030850
5843,0,2.936885717,5.762246902
5844,0,3.238994164,4.616971359
5845,0,3.347051063,4.447935186
5846,0,3.516941035,3.942086184
5847,0,3.844872830,4.600110104
5848,0,4.414630014,7.012711822
5849,0,3.798064092,3.516109582
5850,0,3.080789108,3.345747245
5851,0,3.926952029,3.924277439
5852,0,3.723197007,3.405002699
5853,0,3.485534266,3.546151132
5854,0,3.474404728,4.097704539
5855,0,3.894267272,3.730675180
5856,0,3.637749961,3.672160213
5857,0,4.010946399,3.356857275
5858,0,3.784168343,3.460002118
5859,0,3.639397200,4.004624188
5860,0,3.862845325,3.761185781
5861,0,3.818351302,4.488427271
5862,0,3.279513313,5.104171515
5863,0,3.918334143,4.703042961
5864,0,3.906618677,4.943365051
5865,0,3.738963662,3.724079324
5866,0,4.041131415,3.574346056
5867,0,3.470566974,2.798255577
5868,0,3.660948150,3.452479488
5869,0,3.605414993,4.226535968
5870,0,2.721763200,4.249093433
5871,0,3.615551047,5.207765594
5872,0,3.636714300,6.127505323
5873,0,1.566584059,2.217109905
5874,0,-0.000000000,0.000000000
5875,0,-0.000000000,0.000000000
5876,0,-0.000000000,0.000000000
5877,0,1.799015671,1.368421053
5878,0,2.132393504,2.206642066
5879,0,2.791675837,3.003886275
5880,0,3.372426191,2.571447377
5881,0,3.702936203,2.604402579
5882,0,3.316694188,2.105089123
5883,0,3.131894150,2.652169791
5884,0,3.007739801,3.148510876
5885,0,3.351953779,2.493068236
5886,0,3.382608098,3.382033544
5887,0,3.383980563,3.836152483
5888,0,3.675035180,4.858981382
5889,0,3.887784000,4.237803317
5890,0,3.751303168,4.760174902
5891,0,3.338935611,5.469810999
5892,0,3.644430753,6.140173081
5893,0,3.197117136,6.469676079
5894,0,3.766469475,5.388429073
5895,0,3.761118900,5.805678855
5896,0,3.746230091,5.336911097
5897,0,4.127582527,4.663755363
5898,0,3.105481308,3.518356246
5899,0,4.119563327,3.585039329
5900,0,3.951663396,3.604110525
5901,0,3.763854506,4.043435050
5902,0,1.776742467,1.468707572
5903,0,2.079710973,1.238528323
5904,0,2.632788663,1.816711493
5905,0,2.656067726,1.933199653
5906,0,2.993028084,2.425726468
5907,0,2.201612163,1.413502272
5908,0,2.297104044,2.209363165
5909,0,2.596510292,1.701565894
5910,0,2.441146004,2.305659159
5911,0,1.151326028,0.830218588
5912,0,1.083064647,0.776885051
5913,0,-0.000000000,0.000000000
5914,0,1.061278124,0.500000000
5915,0,1.167155058,0.588235294
5916,0,2.032883187,1.320689655
5917,0,2.132387174,1.405608884
5918,0,2.507879325,1.570072333
5919,0,2.165852878,1.561964575
5920,0,1.416217275,1.373915890
5921,0,1.806645653,1.125480826
5922,0,1.117084277,1.345586838
5923,0,1.987825946,1.650091437
5924,0,0.876594998,1.407601743
5925,0,1.781486616,1.093649770
5926,0,2.262026768,1.441403990
5927,0,2.321657210,1.261684439
5928,0,1.978743685,1.356134082
5929,0,2.064428769,1.409631823
5930,0,2.322584200,1.417442479
5931,0,2.383499130,2.129360103
5932,0,0.829944929,0.499959383
5933,0,1.692344388,1.534165072
5934,0,2.081151752,2.134822854
5935,0,2.200500130,1.456361605
5936,0,1.893927491,1.670863644
5937,0,2.032934864,1.667544132
5938,0,1.977698093,1.959023867
5939,0,2.108576576,2.323945194
5940,0,2.607716389,1.615482075
5941,0,2.828464972,2.291495332
5942,0,2.723925689,1.827371030
5943,0,2.650965909,2.121566695
5944,0,2.287690770,4.143929591
5945,0,2.923260108,2.339004290
5946,0,2.290644632,1.650483918
5947,0,2.418298765,2.048535325
5948,0,2.653255899,2.930068845
5949,0,2.377323310,2.243154609
5950,0,2.762203508,1.933278130
5951,0,2.508391765,1.616261936
5952,0,2.831693324,1.968692119
5953,0,2.585865630,2.011956481
5954,0,2.890988818,2.737777374
5955,0,3.054142159,2.277831117
5956,0,2.628568923,2.522097841
5957,0,2.703754722,2.005904181
5958,0,2.320145619,1.979882012
5959,0,2.249182306,2.140772294
5960,0,2.453509325,2.783098994
5961,0,2.370414187,2.294290390
5962,0,2.772759794,2.040196725
5963,0,1.584607741,1.600531966
5964,0,1.593207518,1.848242676
5965,0,2.118501749,1.562311541
5966,0,2.589709939,2.022147974
5967,0,2.393249827,2.590510930
5968,0,2.428006871,2.191486736
5969,0,2.730028807,2.180029230
5970,0,2.635557612,1.760678808
5971,0,2.425385563,1.738926652
5972,0,2.572788800,1.680575294
5973,0,2.017245131,1.810768040
5974,0,2.072254216,2.407375195
5975,0,2.539166761,2.790828470
5976,0,2.596525329,2.195375596
5977,0,2.624974143,2.280207360
5978,0,2.656497250,2.818188787
5979,0,2.018787692,3.231557236
5980,0,2.290250387,4.019825988
5981,0,2.650813263,4.889868759
5982,0,3.526971397,4.296381532
5983,0,2.880048675,3.097952848
5984,0,2.859467611,2.489775595
5985,0,2.861031325,1.973034722
5986,0,2.243500475,1.382887218
5987,0,0.987235248,0.605245711
5988,0,1.549435873,0.752563855
5989,0,0.762343820,0.399776881
5990,0,1.333480118,1.314497349
5991,0,2.191220619,1.495381690
5992,0,2.259345893,1.638311945
5993,0,2.359068231,1.595202700
5994,0,1.357358198,1.017509819
5995,0,2.703976126,2.081509491
5996,0,2.757389428,2.815613535
5997,0,3.043696102,3.709836305
5998,0,3.065862337,2.953877804
5999,0,2.719286499,2.344287684
