0,0,5.268509149,5.068449198
1,0,4.810090595,5.300990806
2,0,4.814632396,5.351730031
3,0,4.862895102,5.156728277
4,0,4.809855383,5.296701180
5,0,4.499899017,5.684530867
6,0,4.797246147,5.158419990
7,0,4.917099028,5.767476895
8,0,4.863059707,5.999838429
9,0,4.602454194,5.631023467
10,0,4.281085609,7.114034822
11,0,4.531080029,6.752178558
12,0,4.655041897,7.001037387
13,0,4.758338055,6.473207250
14,0,3.543902868,2.840841256
15,0,3.887309823,3.902722998
16,0,4.004334664,3.779134885
17,0,4.154875553,4.169443114
18,0,4.289315212,4.272149026
19,0,4.098741300,4.263680091
20,0,4.461926766,4.279164857
21,0,4.227522658,4.786308451
22,0,4.239638960,4.285640400
23,0,4.390237178,4.457399338
24,0,4.434353114,4.323317244
25,0,4.361912964,4.074478617
26,0,4.536418205,4.471824729
27,0,4.798489952,4.422094685
28,0,3.238931651,3.952446136
29,0,3.867357799,3.238025457
30,0,3.871948972,3.270291647
31,0,4.116704493,2.961307221
32,0,4.492688258,3.212005559
33,0,4.285245934,3.250584010
34,0,4.531791772,3.337721751
35,0,4.443162216,3.524110629
36,0,4.314609552,3.887902168
37,0,3.275487529,3.727870174
38,0,4.289099934,4.550347355
39,0,4.281215930,4.979865763
40,0,4.068790574,4.627860644
41,0,4.281326255,4.307167102
42,0,3.285798370,5.597458244
43,0,4.218850301,4.995287237
44,0,4.133794963,4.175523636
45,0,4.106761075,3.786278120
46,0,4.127218191,4.347144422
47,0,3.848256747,3.938865850
48,0,4.134634974,4.067454609
49,0,4.009524166,3.974003730
50,0,4.201997848,3.675042200
51,0,4.283147815,3.629731084
52,0,4.462342601,3.869674737
53,0,3.414239589,4.030489463
54,0,3.772416776,3.972777267
55,0,3.997952536,4.196541138
56,0,4.057433601,3.995537892
57,0,4.393877447,4.475551966
58,0,4.299240841,4.059289361
59,0,4.213736293,3.895284871
60,0,4.238831523,3.772719864
61,0,4.098238728,4.175220350
62,0,4.190503520,3.949347584
63,0,4.169108135,3.761198648
64,0,4.185087783,3.558125256
65,0,4.005143845,3.522023072
66,0,3.886152586,2.983821513
67,0,3.388310808,2.927950414
68,0,3.453078429,3.519481358
69,0,3.140644245,3.073413494
70,0,3.232919921,3.936027702
71,0,2.026504026,3.301092751
72,0,1.966812561,2.374924294
73,0,2.585169151,3.643545560
74,0,2.918529442,4.264213838
75,0,3.287728581,5.748815739
76,0,3.218386825,4.414228910
77,0,3.069213549,3.590223563
78,0,3.103568411,3.973494191
79,0,3.553148548,3.259232169
80,0,3.630332930,2.999980910
81,0,3.646937685,3.235985592
82,0,3.433814942,2.837008183
83,0,3.608436408,3.062982694
84,0,3.626563748,3.297458035
85,0,3.823864314,4.009250939
86,0,2.603062862,2.573996301
87,0,2.007718656,1.632489291
88,0,2.935652167,2.185414237
89,0,3.223765429,2.889991131
90,0,2.207461952,1.790355155
91,0,2.471045757,1.870542861
92,0,2.877546019,2.362614201
93,0,3.014099158,1.919089659
94,0,3.305844664,2.546672314
95,0,3.068824054,3.834069267
96,0,3.648717851,4.876662368
97,0,3.434064449,6.842084137
98,0,3.843561876,6.421566707
99,0,2.114374528,6.505888066
100,0,2.412121917,5.767514220
101,0,3.364391681,5.038305008
102,0,3.241663982,4.157940551
103,0,2.562702233,3.345284187
104,0,3.150797385,4.321026335
105,0,3.176871905,4.987843875
106,0,3.723498506,4.689982920
107,0,2.567900616,4.271310476
108,0,3.622298302,4.963533155
109,0,3.770125149,5.604614748
110,0,3.901146327,4.543942304
111,0,3.747086302,3.579785069
112,0,3.135712257,2.404566094
113,0,3.605222405,2.674046665
114,0,3.802075910,2.937363986
115,0,3.550078589,2.859985159
116,0,3.945010144,3.275371167
117,0,2.918272385,3.981378570
118,0,3.543386266,4.632577780
119,0,3.488132085,4.403632133
120,0,4.023150721,4.468647407
121,0,3.663470467,4.391548210
122,0,3.741800434,4.172038866
123,0,3.823970409,3.844962224
124,0,3.816778788,3.844232066
125,0,3.022184686,3.571288662
126,0,3.647993713,3.775482817
127,0,3.957647031,3.813417850
128,0,3.653353953,3.472807557
129,0,3.395045664,3.405372942
130,0,2.989298605,3.307368749
131,0,3.170090692,3.553119538
132,0,3.731625356,3.905343240
133,0,4.150230402,3.869508429
134,0,3.914062343,3.976773394
135,0,3.997811249,4.135448582
136,0,3.589309170,4.936726484
137,0,4.067730251,4.980160788
138,0,4.336872749,4.938624140
139,0,3.545423933,3.313449327
140,0,2.764825404,1.953747291
141,0,3.074196480,2.435895380
142,0,3.226671679,2.999696411
143,0,2.871700804,2.391378385
144,0,2.673092241,1.698317912
145,0,1.822038390,1.619162615
146,0,2.210393732,1.465414264
147,0,1.487707459,1.065454550
148,0,2.197622676,1.412389205
149,0,2.928301569,2.061489736
150,0,2.595627619,2.600032341
151,0,2.457968223,1.882754587
152,0,2.513109361,2.317526283
153,0,3.328746225,3.230349352
154,0,3.151976176,2.871441676
155,0,3.015971589,2.588987361
156,0,2.822953765,2.801035579
157,0,1.377760889,1.058857063
158,0,2.216432306,2.157817371
159,0,2.553082088,1.918747473
160,0,2.677880225,1.973330428
161,0,3.185828856,2.500787143
162,0,2.935516329,2.016682901
163,0,3.035778717,2.404833231
164,0,2.634520921,2.170769823
165,0,3.265411404,2.992502833
166,0,0.868310701,0.579364912
167,0,0.987270274,1.132646834
168,0,1.499960932,1.989592473
169,0,1.789942873,1.670989141
170,0,2.473156229,1.680607087
171,0,3.076687220,2.475504742
172,0,2.819804903,3.266177265
173,0,2.845215337,3.931348277
174,0,3.170260550,5.063717851
175,0,2.988632225,4.015278897
176,0,3.405240229,6.556158285
177,0,3.461387021,7.340217370
178,0,3.746844560,8.302407640
179,0,3.623655171,5.692441004
180,0,3.838590866,6.687524845
181,0,3.147803630,5.089421338
182,0,3.565717462,6.720512771
183,0,3.307653678,5.851838888
184,0,3.287380466,4.007805085
185,0,3.334365351,4.648274877
186,0,3.349228831,3.778808576
187,0,3.012575392,3.222627628
188,0,2.891808594,2.339595435
189,0,2.212186599,1.698856733
190,0,2.181078595,3.183587930
191,0,2.334966675,2.024732084
192,0,2.099634760,2.390751731
193,0,2.571089305,3.016934471
194,0,2.768561265,2.461776624
195,0,2.368317952,1.899543512
196,0,2.603909549,2.073196615
197,0,2.827002738,2.382433479
198,0,2.907560407,3.312783519
199,0,2.899584388,2.296257245
200,0,2.713550439,2.021956793
201,0,3.164104281,2.632920207
202,0,2.754394589,2.120040276
203,0,2.957237774,2.053540134
204,0,2.739338412,2.536202454
205,0,2.808132965,2.429648749
206,0,2.592514437,1.831153003
207,0,2.827176776,2.228294073
208,0,2.833963881,1.965000094
209,0,2.700717447,1.739902647
210,0,2.760991739,2.270549349
211,0,2.897766749,3.047652102
212,0,2.925505466,3.345958342
213,0,2.725395319,2.280720281
214,0,3.198527325,3.232631082
215,0,3.217500018,3.041265056
216,0,1.517757580,1.329007900
217,0,2.759256872,2.499924209
218,0,2.989764487,3.205354352
219,0,2.388060150,2.711335510
220,0,3.071743312,4.186459818
221,0,3.033605525,4.823869699
222,0,2.976908241,5.494794411
223,0,3.230968862,6.758109157
224,0,1.952422532,3.983989075
225,0,2.046044246,4.203575935
226,0,2.171451967,5.438069694
227,0,2.371619251,6.657357480
228,0,2.957212769,7.215624232
229,0,2.993833793,4.970964566
230,0,3.954067963,4.459551610
231,0,4.000509267,5.163191865
232,0,3.933421459,5.760958646
233,0,3.724571878,5.288178858
234,0,3.632661251,4.671702492
235,0,2.303197780,2.930581057
236,0,2.557180281,3.571377479
237,0,3.544338129,3.349043189
238,0,3.264663178,3.646097246
239,0,3.336471417,4.406572391
240,0,3.399481289,3.738455269
241,0,3.460394519,3.492024262
242,0,3.369670557,3.124882429
243,0,3.666708111,3.434505431
244,0,3.102836617,3.314041980
245,0,3.245169685,4.168734568
246,0,3.316504241,3.486896107
247,0,2.723285743,4.274762944
248,0,3.206175567,5.864548637
249,0,3.342246221,6.738465573
250,0,3.722795037,5.816827648
251,0,3.495436820,6.616397120
252,0,3.459499191,7.234630511
253,0,3.424480207,7.601143336
254,0,3.264744817,6.334313526
255,0,3.399506713,5.596197124
256,0,3.484706718,4.808675543
257,0,3.460502192,4.414773568
258,0,3.082104838,2.445634041
259,0,2.961368201,2.837068268
260,0,1.810156802,2.662467702
261,0,2.819650202,3.453286570
262,0,2.727570278,4.328065941
263,0,2.899759218,2.951485107
264,0,3.127359749,3.806654731
265,0,3.137480959,4.713968270
266,0,2.966254560,4.797346539
267,0,2.778558631,4.842588340
268,0,2.065442480,3.664189592
269,0,2.673792827,3.261298465
270,0,3.103117890,3.054937114
271,0,3.487411651,2.743488572
272,0,3.518551460,2.966812062
273,0,3.351170876,3.052288960
274,0,3.846581396,3.175381827
275,0,3.637474906,4.367018453
276,0,3.929684246,3.775567893
277,0,3.974810593,4.256620650
278,0,4.215211208,4.465226887
279,0,3.863802665,3.938196012
280,0,3.746664321,3.540676565
281,0,3.610232136,3.846146248
282,0,2.081106157,2.685786690
283,0,3.066404454,2.750407254
284,0,3.140844592,3.394555589
285,0,3.699938100,3.313613313
286,0,3.676761206,3.658269162
287,0,3.917023515,3.388264296
288,0,3.646718523,3.240124690
289,0,3.224983200,2.583359195
290,0,3.423304686,3.372599657
291,0,3.427526884,3.835514160
292,0,3.564312125,4.724303953
293,0,3.376360225,5.558831671
294,0,3.287844363,5.125687921
295,0,2.217741476,2.676225450
296,0,1.409994736,1.389491423
297,0,2.633538174,1.712900075
298,0,2.590927870,1.576058503
299,0,2.695299297,1.573766159
300,0,2.576773901,1.562232563
301,0,2.520125240,1.626807854
302,0,2.884398765,2.031377402
303,0,2.702877025,2.766084579
304,0,3.220751945,3.818849546
305,0,2.536723525,2.925085579
306,0,3.435537225,2.528825617
307,0,2.776054337,3.071656802
308,0,3.242187766,2.671921176
309,0,3.023611160,2.432937214
310,0,2.516508747,1.621379395
311,0,2.235811218,1.297762978
312,0,1.896453900,0.953562497
313,0,2.266531306,1.664852500
314,0,2.460015571,1.654977938
315,0,2.723272378,2.020993350
316,0,2.510392940,2.666598625
317,0,2.799694040,2.299061664
318,0,2.563657713,3.179321194
319,0,3.098658407,2.688745432
320,0,3.051742661,2.098094987
321,0,3.430915858,2.370006607
322,0,3.492670853,2.822437758
323,0,3.067871028,3.187868328
324,0,0.998804290,1.040708082
325,0,1.186128661,0.500000000
326,0,0.999997156,0.998014240
327,0,1.499998578,1.000000000
328,0,1.863064718,1.919133596
329,0,2.825739605,2.432576458
330,0,2.983123034,2.005246861
331,0,2.522132273,1.535534474
332,0,2.020670948,1.326690628
333,0,1.997743885,2.034096291
334,0,2.104604224,3.023022988
335,0,2.664297056,2.410137005
336,0,2.317606970,3.007506702
337,0,2.383227811,2.161290467
338,0,2.568557071,1.861534033
339,0,2.485606627,1.540341454
340,0,2.506007231,1.795152013
341,0,2.775240228,2.473842125
342,0,3.232919402,2.353911487
343,0,3.165323614,2.565448179
344,0,1.905751374,2.332376165
345,0,1.948941649,1.769971573
346,0,3.033936417,2.617741051
347,0,2.840468115,1.974813933
348,0,3.229774291,2.132585927
349,0,3.132894227,2.706973926
350,0,3.039964721,2.881247919
351,0,2.986835310,2.854303332
352,0,2.250242273,2.394248080
353,0,2.616546700,2.366412809
354,0,1.118648079,0.575334796
355,0,1.675307326,1.117814053
356,0,2.020232613,1.333360045
357,0,2.036531459,1.600756271
358,0,2.164177555,1.896688755
359,0,1.700496698,1.094866235
360,0,1.125683498,0.843406886
361,0,1.581544719,1.060236749
362,0,2.391432540,1.513811224
363,0,2.393676392,1.385248893
364,0,2.403267746,1.689645748
365,0,2.489415777,1.522932414
366,0,2.891327887,1.778266832
367,0,2.715299745,2.071618592
368,0,2.727344349,2.773590940
369,0,2.706306051,2.013268297
370,0,3.091519230,2.530108063
371,0,2.851601529,2.155116512
372,0,2.740181114,1.624901441
373,0,2.955015592,1.924389287
374,0,3.025951524,1.809457620
375,0,2.800280397,2.830936146
376,0,2.764042740,1.819097895
377,0,3.306094923,2.517528589
378,0,2.435827446,2.490419681
379,0,3.114510256,2.319215957
380,0,2.637386555,1.606317764
381,0,2.717264465,1.978101744
382,0,2.949266541,1.888628006
383,0,1.919161033,1.403028044
384,0,0.857100552,0.562429256
385,0,1.463744790,1.000000000
386,0,2.664292127,1.964318568
387,0,2.841098254,2.540878203
388,0,2.917307318,2.085924046
389,0,2.233226012,2.375842334
390,0,2.667551977,3.518967721
391,0,2.415187505,3.791613980
392,0,1.986267219,3.913286166
393,0,2.494687359,4.524644422
394,0,3.383644685,3.868617847
395,0,2.079878046,2.065753506
396,0,2.689837100,1.887047085
397,0,2.791755351,1.857876987
398,0,2.844752444,2.086762459
399,0,2.845380312,2.797731736
400,0,3.371896956,2.362088392
401,0,3.415440491,2.345467145
402,0,3.104033483,2.189316652
403,0,2.957929240,1.881957514
404,0,3.259446102,2.046788224
405,0,2.800301804,2.518143277
406,0,2.719452998,2.468670989
407,0,2.696542515,3.575367024
408,0,3.195759051,3.583709198
409,0,1.709947430,2.098036699
410,0,2.174717640,2.597435768
411,0,2.830266428,3.203583494
412,0,3.110890337,3.834276792
413,0,3.014707986,2.649731641
414,0,3.221169818,2.221271405
415,0,3.229130570,2.790848698
416,0,3.526772553,2.713744128
417,0,3.544176283,2.835876999
418,0,3.787264828,3.323317818
419,0,3.922893526,3.461089451
420,0,1.816212872,1.852702257
421,0,2.836121128,2.926390496
422,0,3.378797667,3.310840908
423,0,2.721074170,3.304756741
424,0,3.147291580,4.103971830
425,0,2.868162054,2.668550254
426,0,3.291875241,2.641982893
427,0,3.607703988,2.902669118
428,0,3.492284067,2.815396018
429,0,3.954724354,3.308572624
430,0,3.909945628,3.470362522
431,0,3.727971362,3.399288720
432,0,2.627958430,2.125489716
433,0,2.840378551,2.130261392
434,0,3.060159763,2.875839117
435,0,3.001979100,3.031999583
436,0,2.926392825,2.806191506
437,0,2.579942450,2.978704903
438,0,2.824109488,2.878177846
439,0,2.642306041,2.945341206
440,0,3.158618824,3.316996087
441,0,3.291353045,3.805763242
442,0,3.302309547,3.290845325
443,0,3.075864432,4.005120429
444,0,3.549598145,3.726993477
445,0,3.437166607,3.392060209
446,0,3.111878919,3.309948667
447,0,3.286001771,3.230958944
448,0,3.240765306,2.987884907
449,0,3.467706639,3.210586162
450,0,3.521043702,3.471292999
451,0,3.460735200,3.128800030
452,0,3.515096716,3.443412038
453,0,3.048850669,4.276866824
454,0,3.110567438,2.785441102
455,0,3.414053519,2.788350355
456,0,3.240094438,2.498454009
457,0,2.938700670,2.494648484
458,0,3.111319790,3.177445955
459,0,3.043044060,3.713200741
460,0,3.288464012,3.029710012
461,0,3.311710711,3.710015526
462,0,3.706508886,4.722393112
463,0,3.647851282,5.459734206
464,0,3.261359727,5.024359817
465,0,2.693115337,5.298683557
466,0,2.767188894,4.688153447
467,0,2.971211831,4.807397935
468,0,3.438862245,4.275066380
469,0,3.323371254,3.706847522
470,0,3.247496644,3.342671663
471,0,2.809366132,2.553864905
472,0,2.965951851,3.078701534
473,0,3.200258650,3.345013762
474,0,3.357753259,3.637303445
475,0,3.864553892,3.534059898
476,0,3.669403582,3.359138722
477,0,3.675785488,3.337780096
478,0,3.320933437,3.350889238
479,0,3.435664749,3.352034305
480,0,2.969922051,2.755246771
481,0,3.130461261,2.640415285
482,0,2.739120708,3.292705561
483,0,3.254459092,3.699633998
484,0,3.288180563,4.580699735
485,0,3.288662305,3.563184803
486,0,1.988909739,2.721018341
487,0,2.544277955,2.052568433
488,0,2.324657160,1.827417139
489,0,1.806993413,1.266937446
490,0,1.279458274,1.741461231
491,0,1.177204241,1.046713324
492,0,1.806824191,2.006936250
493,0,2.168360086,1.773118086
494,0,2.095556238,1.278963404
495,0,2.136129851,2.207114452
496,0,1.924716794,1.215751506
497,0,1.401985671,1.128419383
498,0,1.931437123,1.355484658
499,0,0.998629809,0.956423785
500,0,1.917839104,1.970949190
501,0,2.018115073,3.028925646
502,0,1.893738008,4.089815397
503,0,2.823889245,3.560781340
504,0,3.339184223,3.139344959
505,0,3.527608173,2.953539649
506,0,2.917680209,3.083558340
507,0,2.808717965,3.395705393
508,0,3.464605620,3.463651715
509,0,3.593684515,3.554374850
510,0,3.579889708,4.017812109
511,0,3.492573805,4.479760304
512,0,3.694495960,4.686226021
513,0,3.754409555,5.102661538
514,0,3.637435427,6.148639095
515,0,3.711241968,5.218672913
516,0,3.644662529,6.103093160
517,0,3.629901115,4.139720048
518,0,3.520273415,3.516428153
519,0,3.602132235,3.860076304
520,0,3.764425773,4.008739733
521,0,3.939908104,4.450083957
522,0,3.787324796,3.872259346
523,0,3.790449305,3.546630298
524,0,0.972794926,1.193588681
525,0,1.763302760,1.076923077
526,0,0.996994175,1.064529560
527,0,1.185902396,1.750000000
528,0,1.206399180,1.987122062
529,0,2.111084762,1.963190184
530,0,2.499602612,1.757212167
531,0,2.763290022,2.419648600
532,0,2.772507702,3.408689019
533,0,2.992028260,4.040113624
534,0,2.765483118,3.201694745
535,0,2.945347807,3.101942876
536,0,3.167703961,3.465216161
537,0,2.923045989,2.827782896
538,0,2.715681861,2.624188965
539,0,3.391740821,2.409979579
540,0,3.044792280,2.761571069
541,0,3.228448768,3.133041686
542,0,2.061619759,2.979714242
543,0,2.743039140,3.013745172
544,0,3.197415726,4.041244017
545,0,3.234327598,4.402100047
546,0,3.284654376,3.468144169
547,0,3.163787861,4.103697492
548,0,3.288149021,4.843938337
549,0,3.351857548,4.991860928
550,0,3.216819486,3.173095012
551,0,1.130971263,0.957363638
552,0,1.836765634,0.916712010
553,0,1.963337981,1.238970593
554,0,2.221080652,2.128237778
555,0,2.041996312,1.304095976
556,0,2.356124093,2.100323884
557,0,2.482953173,3.021097715
558,0,2.724556326,2.386989507
559,0,2.701306348,3.190925141
560,0,3.104755650,2.653006985
561,0,2.932143239,2.137921705
562,0,2.940245367,2.895618638
563,0,2.695763183,3.202593573
564,0,3.035539275,3.676104105
565,0,3.002078596,3.037924554
566,0,2.828610685,3.386784798
567,0,3.233200821,5.775093353
568,0,2.111751300,2.515968950
569,0,2.741095338,2.946966306
570,0,2.725671236,3.825683044
571,0,2.571151324,4.597210773
572,0,2.778060913,3.679571939
573,0,2.131739881,3.680229270
574,0,1.790790023,2.819499581
575,0,2.354976691,3.470859901
576,0,2.904887566,4.182736860
577,0,2.683074509,3.204230236
578,0,2.945477909,2.202568870
579,0,3.218777341,2.676466757
580,0,3.116659805,2.344597671
581,0,3.208554357,2.499309787
582,0,3.040022434,2.346379823
583,0,1.843874644,2.423158337
584,0,2.246439583,2.800988688
585,0,2.431526962,2.782022258
586,0,2.189240037,1.772633678
587,0,3.256032996,2.766908447
588,0,1.302911603,1.065013126
589,0,2.087694764,2.050980061
590,0,2.655314686,2.849317921
591,0,3.087806375,2.110990183
592,0,2.689120430,2.451716555
593,0,3.162053051,3.409869843
594,0,3.024630395,2.559898224
595,0,3.448767422,2.462322851
596,0,3.168267297,2.217610387
597,0,3.234523932,2.296686578
598,0,3.772499457,2.765704706
599,0,3.412572217,2.528776151
600,0,2.946974483,2.116739538
601,0,2.166257495,2.403509067
602,0,2.940837319,3.168619027
603,0,1.837844220,2.763077310
604,0,2.455319439,3.121517207
605,0,2.767401840,2.367183633
606,0,2.276474120,2.098109014
607,0,2.739762684,2.226935136
608,0,2.616948320,2.208410859
609,0,3.033412711,2.162957908
610,0,3.204582949,2.668060103
611,0,3.156708317,2.271085750
612,0,3.200938847,2.592032132
613,0,2.958346808,3.626552504
614,0,3.021817243,4.396830082
615,0,2.918272622,5.105701822
616,0,2.303132486,6.986265823
617,0,3.152837246,6.213230949
618,0,3.310069812,7.278652914
619,0,3.503326693,6.379445750
620,0,2.920889551,5.667596378
621,0,2.677264365,7.020316423
622,0,3.401840483,8.178383474
623,0,3.960776571,9.127167399
624,0,3.935585497,8.111087367
625,0,4.051503106,7.839077986
626,0,2.349548568,6.312125035
627,0,3.244015917,5.856074854
628,0,3.312330598,6.265325739
629,0,3.185638530,5.345741590
630,0,3.466848879,7.310445213
631,0,3.909757444,6.693770801
632,0,3.949624777,8.504095956
633,0,3.746185867,7.776625027
634,0,4.022256939,8.243326802
635,0,4.259225005,7.609096277
636,0,4.078670254,7.464613043
637,0,4.203776107,6.937585357
638,0,4.067948268,6.970355861
639,0,4.273924724,6.742805347
640,0,4.341581202,6.042274252
641,0,4.315892997,6.785087976
642,0,3.630973393,6.554901898
643,0,3.988206210,8.653196776
644,0,4.412740362,8.917839930
645,0,4.266073529,8.763885277
646,0,4.277212134,9.083649134
647,0,4.023754998,12.752401322
648,0,4.414740270,10.601702621
649,0,4.008733738,11.536118488
650,0,2.388013459,5.727961553
651,0,3.624545403,6.866447056
652,0,3.459782418,5.397108473
653,0,3.088840923,5.745421073
654,0,3.249410847,5.662702768
655,0,4.035581403,5.519989401
656,0,4.084058194,5.260117497
657,0,3.836316962,5.784404941
658,0,3.702699993,4.907547548
659,0,3.931397529,5.425347115
660,0,3.816874966,5.125266040
661,0,3.778833010,4.666670917
662,0,3.623466081,4.687945171
663,0,3.194823112,3.808160569
664,0,1.447667913,0.836548903
665,0,1.768381353,1.021686432
666,0,2.263204415,1.378499355
667,0,2.190446523,1.609338485
668,0,2.507886901,1.560519906
669,0,1.832911851,1.275037339
670,0,2.385242896,1.619268858
671,0,2.548038975,2.015240892
672,0,2.857521084,2.765922266
673,0,2.771806806,1.870912237
674,0,2.169558207,1.200294309
675,0,2.144559373,1.726991215
676,0,1.414543439,1.025865665
677,0,1.892128315,1.290271290
678,0,2.259702467,1.579047623
679,0,2.544565032,1.411882848
680,0,2.557199467,1.813567792
681,0,1.994105595,2.184813320
682,0,2.419445116,3.143234653
683,0,2.060941284,2.169992641
684,0,2.422039738,3.109228971
685,0,2.467742710,2.235086322
686,0,3.218477658,3.325992285
687,0,2.934599147,2.549378107
688,0,3.340433316,3.497354831
689,0,0.914246751,1.341327566
690,0,1.473501786,2.650848709
691,0,1.624981652,3.306496675
692,0,1.026841923,1.422047523
693,0,0.853787408,0.448875543
694,0,1.707675122,1.423855038
695,0,2.179406002,2.268432855
696,0,1.969742320,2.151886175
697,0,2.098243938,3.328000713
698,0,1.791049363,1.583936907
699,0,1.950488747,2.250535380
700,0,1.320203125,1.392551914
701,0,1.162736948,1.513171523
702,0,1.381169870,2.575131712
703,0,1.227328680,3.055945673
704,0,2.028810530,2.530159452
705,0,2.186140135,2.858091905
706,0,2.430365337,2.074500772
707,0,2.090257210,2.384475298
708,0,2.135631969,1.947707584
709,0,2.737074049,1.565916382
710,0,1.909005176,1.521404092
711,0,2.225718796,1.497201703
712,0,1.676157263,1.228895933
713,0,2.427839019,1.593750569
714,0,2.376774290,1.540048335
715,0,2.138751720,1.349988755
716,0,1.650291727,1.192392547
717,0,1.863629294,0.976158146
718,0,2.023378946,1.564861746
719,0,2.474174166,1.520814290
720,0,2.408025044,1.540634031
721,0,2.489162218,1.493512374
722,0,2.402384764,1.731001384
723,0,1.787238460,0.976813276
724,0,2.208807038,1.344455611
725,0,2.176537336,2.014177380
726,0,2.296001520,1.585201399
727,0,2.517423770,1.373624827
728,0,2.817990680,1.766619898
729,0,2.894789218,2.491832706
730,0,3.084435037,2.473884205
731,0,3.227993430,2.156084490
732,0,3.165554471,2.630141135
733,0,2.432315875,1.868864121
734,0,2.877873740,2.226682956
735,0,2.390620319,1.528427200
736,0,2.256846550,1.410313397
737,0,2.416762573,1.650120032
738,0,2.505506109,1.800446887
739,0,2.633880367,1.667441870
740,0,2.665888991,2.030478649
741,0,2.733118186,1.718034601
742,0,2.045571715,1.603402534
743,0,2.839295421,2.230263116
744,0,2.652232984,1.871358783
745,0,2.636435591,2.449845766
746,0,2.824252674,3.604085601
747,0,3.264057056,2.849017531
748,0,3.271722031,2.322694562
749,0,3.154584815,2.331525377
750,0,2.437608442,2.154528099
751,0,3.018196950,2.693355027
752,0,3.262146547,3.705549528
753,0,3.319719721,3.086600977
754,0,3.285072690,2.451424165
755,0,3.079059000,2.809676230
756,0,3.221065838,3.150257237
757,0,2.159042312,2.696627639
758,0,2.861734970,3.574032475
759,0,3.310470512,3.124446307
760,0,3.383467044,4.204455167
761,0,3.396517489,4.061737050
762,0,3.479124541,3.502369102
763,0,3.517767319,4.052772059
764,0,3.612063782,3.321942519
765,0,3.071116093,4.191974698
766,0,3.008249206,2.932091764
767,0,2.612663783,3.860566226
768,0,2.869176308,5.141529062
769,0,3.211997089,6.127891170
770,0,3.311796585,3.678214630
771,0,3.127849214,4.289721319
772,0,3.514915732,3.513671155
773,0,3.408650183,4.609368290
774,0,3.308646335,3.903281359
775,0,2.649241906,3.665951594
776,0,3.364810549,3.213073592
777,0,2.643698634,2.127533559
778,0,3.090871204,2.556100027
779,0,2.218197278,1.928481647
780,0,2.380106760,2.252184268
781,0,2.854310128,2.268510525
782,0,3.286931565,2.659197611
783,0,3.112387211,2.709691216
784,0,3.117004529,3.750043424
785,0,2.802507537,3.044274945
786,0,3.586814881,3.061449374
787,0,3.679233931,2.848188665
788,0,3.657234275,2.880108539
789,0,3.295098799,2.933696221
790,0,3.467598850,3.645406832
791,0,3.455348234,3.846736976
792,0,3.383659036,3.879759749
793,0,3.307062712,2.737337463
794,0,3.266609870,3.285441089
795,0,3.197802880,3.113825859
796,0,3.180843567,2.956601140
797,0,3.097406551,2.213865541
798,0,2.930899845,2.500895592
799,0,2.812160759,3.585143470
800,0,3.192786766,4.407098008
801,0,3.023534773,5.329207414
802,0,3.241033899,6.430095449
803,0,2.000746240,4.424030051
804,0,3.160830012,5.366359815
805,0,3.112693930,6.150852966
806,0,2.994881602,5.219539034
807,0,3.246943101,5.048897903
808,0,3.122378727,5.490968463
809,0,3.222519787,3.915788892
810,0,3.214288182,4.196705063
811,0,3.273220790,3.755582071
812,0,3.257917301,6.530990681
813,0,3.283725703,4.987510792
814,0,3.425234433,4.169044771
815,0,3.594776988,3.526939147
816,0,3.242723574,4.077533072
817,0,3.120477597,3.157922336
818,0,3.049569368,3.807467313
819,0,3.229049224,3.342437638
820,0,3.287788038,4.193892032
821,0,2.996867580,3.958039697
822,0,3.488976546,3.353126320
823,0,3.088801076,2.974894127
824,0,3.447274360,3.015042361
825,0,3.218918239,3.364524315
826,0,2.870672976,3.786522019
827,0,3.313851341,5.351857352
828,0,3.571106754,3.651966590
829,0,2.193083141,2.215866574
830,0,2.595657382,2.267797698
831,0,3.240151054,2.483336214
832,0,3.163937452,2.951733176
833,0,3.162167151,2.335546954
834,0,2.994501686,2.329001105
835,0,3.392770141,2.233418362
836,0,3.085059918,2.070901351
837,0,2.424798206,2.084911398
838,0,2.991603026,3.293514350
839,0,3.364982301,2.703290347
840,0,2.496411322,2.986397092
841,0,3.296913679,3.418437905
842,0,3.046983144,3.477894836
843,0,2.493146230,2.918264847
844,0,3.409406525,3.286391301
845,0,3.321761653,3.140161100
846,0,3.449909797,3.976511003
847,0,3.330108042,4.589715279
848,0,3.380919456,3.340173316
849,0,3.438465896,3.123178223
850,0,3.583943446,2.646522451
851,0,3.315222106,3.059590409
852,0,3.124867670,2.463246245
853,0,2.206716004,1.960786444
854,0,2.651228861,1.666783349
855,0,2.883414473,2.523021612
856,0,2.412231868,1.488965947
857,0,2.237271910,1.943378486
858,0,1.998379487,1.240160025
859,0,2.146052648,1.193922965
860,0,1.947110090,1.214490544
861,0,2.310225576,1.437579607
862,0,1.802230743,1.424642467
863,0,1.736326052,1.136155050
864,0,2.110613232,1.491731083
865,0,1.575294673,1.063201060
866,0,1.965970641,1.363025480
867,0,1.911884924,1.008743656
868,0,2.018170635,1.774479910
869,0,1.594983461,1.075779762
870,0,1.943534433,1.640030388
871,0,2.940078042,2.524175683
872,0,2.164331142,1.878374788
873,0,3.103159166,2.234244487
874,0,3.371553228,2.684508720
875,0,3.163834706,2.778833444
876,0,2.711952751,3.107988477
877,0,2.063675233,2.147685475
878,0,2.896778080,2.459340991
879,0,2.908753301,2.174373571
880,0,2.849615996,2.043131489
881,0,2.652159710,2.517711640
882,0,2.951422432,2.217808752
883,0,2.536352959,2.084427087
884,0,2.592845046,2.513907783
885,0,3.135179950,2.446899121
886,0,3.079616643,3.128524517
887,0,3.134787074,3.664762598
888,0,4.123405922,4.200898054
889,0,3.677076986,3.683753287
890,0,3.726226689,3.630069229
891,0,3.132664471,4.680289074
892,0,3.674267006,5.821575548
893,0,4.104738818,5.712844661
894,0,3.876869193,6.393746620
895,0,3.785651999,7.923260349
896,0,3.877600849,8.845187031
897,0,3.811387480,9.642863088
898,0,4.239933076,8.634590050
899,0,4.080564367,7.972008737
900,0,3.947704071,7.227768549
901,0,3.967429434,5.559853988
902,0,2.641774092,2.993810384
903,0,3.085218348,3.007495612
904,0,2.958685296,3.116617378
905,0,3.098143085,2.734612649
906,0,3.273054792,2.882450563
907,0,3.106635812,3.023156570
908,0,3.234483877,3.831184464
909,0,3.261564414,4.030913727
910,0,3.226956587,2.945312184
911,0,3.041345492,3.060673582
912,0,2.270228978,2.064365126
913,0,2.495051749,2.148400099
914,0,2.846923947,2.361623912
915,0,2.096454448,2.176393054
916,0,2.430377155,2.139748379
917,0,3.130605676,2.300398003
918,0,2.716342710,2.032524867
919,0,2.282544731,2.109837824
920,0,2.031851602,3.715058229
921,0,2.633378522,4.114563034
922,0,2.536769559,2.200735328
923,0,2.483732256,2.637670280
924,0,2.184656826,1.245641015
925,0,1.656749977,0.781660164
926,0,1.660090277,1.188646686
927,0,2.275640741,2.117988538
928,0,2.368599020,1.534052324
929,0,2.021396261,1.055839969
930,0,0.822254899,0.490957985
931,0,1.374043061,1.009094490
932,0,2.229499899,1.533820431
933,0,2.321436154,1.677446573
934,0,2.091042967,1.396398605
935,0,2.382795692,2.241345887
936,0,2.783065098,1.953034921
937,0,2.731034381,1.769116718
938,0,2.750258172,2.297053917
939,0,2.805236195,1.960864636
940,0,2.396402779,1.293724824
941,0,2.430930763,1.492498258
942,0,2.419613152,1.895234220
943,0,2.881144545,2.572474904
944,0,1.984723457,1.564455152
945,0,2.309057748,1.756636342
946,0,1.974853169,1.353200393
947,0,1.895170361,1.364000607
948,0,2.988136647,2.537594123
949,0,2.646161348,2.615973182
950,0,2.587363797,2.543916038
951,0,2.430903655,1.875736599
952,0,2.842491026,1.740234660
953,0,3.066080658,2.123330748
954,0,3.475461349,2.721247007
955,0,3.498092349,2.417376635
956,0,3.681078666,2.380928034
957,0,3.681816037,2.820710801
958,0,3.174967526,2.656992412
959,0,3.105804216,3.011426926
960,0,3.100561977,3.810104975
961,0,2.344072949,4.860487620
962,0,2.861031077,5.759649216
963,0,3.096938152,6.802439604
964,0,3.312330914,7.376514940
965,0,3.058945932,7.775022650
966,0,3.395490397,7.983361884
967,0,1.670350587,1.792165091
968,0,2.268204988,2.246734818
969,0,2.318193971,2.066400209
970,0,2.431771930,1.508059259
971,0,2.905392102,2.189403181
972,0,2.902985170,1.770167159
973,0,2.813833097,2.092738364
974,0,2.554697249,2.480640924
975,0,2.493843117,1.736995844
976,0,2.551657098,1.704344467
977,0,2.506360234,1.235867986
978,0,2.786152828,1.909086997
979,0,2.201007010,1.448967073
980,0,2.744239191,2.037196038
981,0,3.223505386,2.644669485
982,0,3.324057861,2.739414338
983,0,3.332347311,3.434843594
984,0,3.369812005,2.962818474
985,0,3.455366020,2.393343696
986,0,3.312717348,2.841422737
987,0,3.420912924,3.594406201
988,0,3.337714515,3.363895175
989,0,3.529227520,3.909732390
990,0,3.400710601,3.834086525
991,0,2.798713550,2.111538113
992,0,3.104550876,2.644778634
993,0,2.007895656,1.996051872
994,0,3.061684689,3.050793292
995,0,2.159855107,2.999164710
996,0,2.759438090,2.580859238
997,0,2.923658749,4.135873704
998,0,3.373241582,4.624357231
999,0,3.266364109,3.526077617
1000,0,3.620926729,3.163949281
1001,0,2.800493239,1.965613253
1002,0,1.796776663,1.557885059
1003,0,1.675477304,2.148806439
1004,0,2.237820486,2.790614141
1005,0,2.688457441,2.621049426
1006,0,2.476287064,2.754198567
1007,0,1.554853765,2.768624966
1008,0,2.347092141,3.246356839
1009,0,2.547166140,3.297164378
1010,0,1.798299460,3.954733285
1011,0,2.064270028,4.010196201
1012,0,1.903108265,5.504188671
1013,0,3.289969131,4.057272108
1014,0,2.728737040,3.536625258
1015,0,3.114372162,4.338841490
1016,0,2.871384353,3.358485050
1017,0,2.789429517,2.819546553
1018,0,2.399484453,3.039724781
1019,0,2.235087431,1.973105703
1020,0,2.369031845,1.421994584
1021,0,2.248448726,1.574936223
1022,0,2.427792581,2.315988935
1023,0,2.575822315,2.653742544
1024,0,2.289433764,1.450128399
1025,0,2.492525425,1.895209747
1026,0,2.781564261,1.737924413
1027,0,1.671456679,1.402279672
1028,0,1.127877192,0.750929157
1029,0,1.955652157,1.613004836
1030,0,2.514134425,1.602373546
1031,0,2.614861476,1.622894409
1032,0,2.734272632,1.714902651
1033,0,1.662943678,1.826920271
1034,0,1.840513113,1.562012884
1035,0,1.790356029,1.476257445
1036,0,2.929311444,2.106668922
1037,0,3.008436486,2.514205418
1038,0,2.849165559,2.201231737
1039,0,2.928556482,2.200467857
1040,0,2.689588575,2.635628759
1041,0,3.643906555,3.386389068
1042,0,3.706664871,3.924244665
1043,0,3.483078574,3.276417552
1044,0,3.354920553,2.933550672
1045,0,3.394783299,2.909331157
1046,0,3.689433772,3.014740202
1047,0,2.565388690,3.301635305
1048,0,2.126984421,3.121933869
1049,0,2.795505536,1.965472330
1050,0,0.922736695,0.675679948
1051,0,1.740198961,1.076923077
1052,0,2.440017092,1.792098478
1053,0,1.953906704,1.290909091
1054,0,0.998834109,1.040197415
1055,0,1.917907204,1.333333333
1056,0,0.999961468,1.007308621
1057,0,1.775841164,1.846153846
1058,0,2.298780919,2.122868319
1059,0,1.841997773,1.995517379
1060,0,1.912109585,1.651828715
1061,0,2.903679617,1.881818182
1062,0,2.508636113,1.775226434
1063,0,2.389554898,1.464830331
1064,0,2.542474071,1.789470605
1065,0,2.201773598,1.845590073
1066,0,2.495142757,2.432334953
1067,0,2.756496911,1.997630473
1068,0,2.820815771,2.533735905
1069,0,3.314099299,2.880869743
1070,0,3.051218759,2.923029163
1071,0,2.964179996,3.088727079
1072,0,2.705622357,2.400573585
1073,0,2.871600661,2.520583331
1074,0,2.927448086,2.897072700
1075,0,3.079051468,3.587001466
1076,0,3.482305860,3.597887668
1077,0,3.770955912,4.876228680
1078,0,3.799617858,5.228739289
1079,0,3.561537667,4.759668250
1080,0,3.755004757,4.449082015
1081,0,3.208906218,3.448718081
1082,0,3.002958214,3.561944640
1083,0,2.547849094,2.794058975
1084,0,2.210732792,2.208835190
1085,0,2.436691242,2.073424089
1086,0,2.221367436,2.807149805
1087,0,3.343036333,3.375605916
1088,0,3.108218875,3.646646127
1089,0,3.331718197,3.373318461
1090,0,3.059399586,3.707637245
1091,0,3.366225049,3.549903991
1092,0,3.102445839,3.056828420
1093,0,2.466355689,3.717397652
1094,0,3.601692394,4.197860990
1095,0,3.299477897,4.554152127
1096,0,3.441503702,5.363714879
1097,0,3.832212733,4.924154975
1098,0,3.364441942,3.897415452
1099,0,3.223980417,4.026015384
1100,0,1.932616261,2.126739908
1101,0,2.955755806,2.551149442
1102,0,2.525068149,1.898037190
1103,0,2.352403208,2.053107686
1104,0,1.952974521,1.259339885
1105,0,1.945358587,1.326672479
1106,0,1.575268924,1.143773391
1107,0,1.931055221,1.366702693
1108,0,2.317559318,1.517374077
1109,0,2.545149815,1.418544545
1110,0,2.519743368,1.747443079
1111,0,2.758506117,1.810825400
1112,0,2.516822988,1.772219803
1113,0,2.615263115,2.004393819
1114,0,3.040662804,2.457023596
1115,0,2.908106084,2.781209250
1116,0,2.617507344,3.619002306
1117,0,3.297640372,4.463883242
1118,0,2.662106731,4.938477392
1119,0,3.691078872,5.949253746
1120,0,3.597689173,6.979830756
1121,0,3.882550137,6.165883942
1122,0,3.697994769,6.875044533
1123,0,3.870014621,7.855913719
1124,0,3.729470245,6.944875868
1125,0,3.640342691,7.343117977
1126,0,3.803319730,8.153080988
1127,0,2.591624508,4.657385991
1128,0,3.320423375,5.493215881
1129,0,3.246083400,4.523151110
1130,0,3.424284633,5.149543782
1131,0,3.088858155,3.721775295
1132,0,3.623005032,4.257684206
1133,0,3.315960213,3.725802819
1134,0,2.192557458,1.562763605
1135,0,2.219090425,1.547597908
1136,0,2.762736887,2.434286073
1137,0,2.766887752,2.167572074
1138,0,2.666590485,1.968975132
1139,0,1.291799197,0.938311444
1140,0,0.968759012,1.207353990
1141,0,-0.000000000,0.000000000
1142,0,-0.000000000,0.000000000
1143,0,1.000000000,1.000000000
1144,0,-0.000000000,0.000000000
1145,0,1.584962501,1.333333333
1146,0,1.476639580,0.764705882
1147,0,1.978558909,1.806282723
1148,0,2.498371675,1.511343805
1149,0,2.931576835,2.805571586
1150,0,1.565742847,1.389399427
1151,0,2.445708470,1.780739077
1152,0,2.827073657,2.563653435
1153,0,1.978110046,1.505117964
1154,0,1.979389708,1.583741331
1155,0,2.200031392,1.360370943
1156,0,2.661092759,2.019987230
1157,0,1.992289169,1.431809087
1158,0,1.996464432,1.628680285
1159,0,1.961239010,2.514387544
1160,0,2.769216454,2.692473617
1161,0,2.611595650,1.447859935
1162,0,2.924083080,2.178232172
1163,0,2.524394413,1.641926971
1164,0,2.352291099,1.502876034
1165,0,2.299194771,1.538965544
1166,0,2.307282613,1.290120626
1167,0,1.785511970,1.459292363
1168,0,2.711055071,2.667183889
1169,0,2.181109282,3.104571266
1170,0,3.016443278,3.431779066
1171,0,3.127351914,3.418623248
1172,0,2.753587628,2.567337566
1173,0,3.152961038,2.776998753
1174,0,3.409072840,3.025105666
1175,0,2.968482637,2.517876803
1176,0,3.171886411,2.418995868
1177,0,3.090077947,2.700440912
1178,0,2.547401673,2.300154303
1179,0,2.260524942,2.033446941
1180,0,2.892683096,2.638427922
1181,0,2.329471894,2.588051570
1182,0,2.392645607,2.513930010
1183,0,3.332797211,2.318578373
1184,0,3.208598471,2.199144189
1185,0,2.541953392,2.461332733
1186,0,3.429826285,3.556018798
1187,0,3.531750465,3.277246627
1188,0,3.559036519,3.110439408
1189,0,3.300462186,3.395160419
1190,0,2.940213840,3.351301966
1191,0,2.975361419,2.737733643
1192,0,2.854577183,2.168732180
1193,0,2.503921633,2.321965632
1194,0,2.688610635,2.696044043
1195,0,2.736470268,3.055021471
1196,0,3.046739406,2.684334153
1197,0,2.551305137,1.808321477
1198,0,2.261574577,1.782567155
1199,0,2.113570531,2.216791249
1200,0,1.886131262,1.564804965
1201,0,2.107575017,1.722133042
1202,0,2.441571571,2.050825120
1203,0,2.226433699,1.470614594
1204,0,1.795403152,1.552336234
1205,0,1.488984136,2.242041123
1206,0,1.503077970,1.471460453
1207,0,0.991645348,0.892484266
1208,0,1.915510950,1.333333333
1209,0,1.427372525,1.363029726
1210,0,2.729361488,2.310434403
1211,0,2.380688239,1.673178826
1212,0,2.536417132,2.308287408
1213,0,2.847119021,2.929305915
1214,0,2.866190251,2.547872501
1215,0,2.747041429,2.999349754
1216,0,3.165246297,3.183662691
1217,0,3.303177353,2.851601759
1218,0,3.264916234,2.825858382
1219,0,3.750256051,3.121774546
1220,0,3.443266144,2.991230531
1221,0,3.439549317,2.984668925
1222,0,3.820406316,3.378780853
1223,0,3.578464482,3.097097618
1224,0,3.855196912,3.395462955
1225,0,3.823834423,3.784988924
1226,0,3.920382549,4.321733835
1227,0,3.487963794,4.336289671
1228,0,3.356753000,3.640430532
1229,0,3.583370307,4.161825663
1230,0,3.288327806,3.801472397
1231,0,2.377718416,2.987852103
1232,0,3.466113599,3.061520177
1233,0,2.224362650,3.057605744
1234,0,3.009927793,3.131867110
1235,0,2.468604439,2.993731469
1236,0,3.076962975,2.643238186
1237,0,3.189016675,2.461831916
1238,0,3.081451804,2.391261752
1239,0,3.492425266,2.946124245
1240,0,3.284002442,3.373146576
1241,0,3.364390863,3.047341023
1242,0,3.371973208,2.886003383
1243,0,2.389247370,2.456526843
1244,0,2.766600143,2.268085009
1245,0,3.231607333,2.621457741
1246,0,2.998274237,2.224618719
1247,0,3.077426272,2.349656041
1248,0,3.246468492,2.505804207
1249,0,3.185948940,2.703628431
1250,0,3.257484917,3.392236797
1251,0,3.436642708,2.476094930
1252,0,3.400821940,2.525392803
1253,0,2.476905506,1.970157336
1254,0,3.382536426,2.309404340
1255,0,3.421381479,2.668226790
1256,0,3.261094135,2.420460711
1257,0,3.189607028,2.323168417
1258,0,3.316921065,2.653828552
1259,0,2.663374487,2.901698831
1260,0,3.488351650,3.318536496
1261,0,3.344333014,4.019197142
1262,0,3.382876433,4.688939855
1263,0,2.664835889,4.345836631
1264,0,2.022328447,3.138559402
1265,0,3.384771803,2.983653690
1266,0,3.299396751,2.816441779
1267,0,2.551185481,1.398758361
1268,0,3.155723154,2.338540606
1269,0,3.435099635,3.429320540
1270,0,3.498334369,3.539497688
1271,0,3.295773864,6.250456808
1272,0,3.861068477,5.197600149
1273,0,3.488848701,3.674878699
1274,0,3.768612803,3.217683198
1275,0,3.434529991,2.264423290
1276,0,1.928147306,1.290520769
1277,0,2.964343763,1.500000000
1278,0,3.219734220,2.077155027
1279,0,3.264546041,2.925038708
1280,0,3.006794515,1.904264236
1281,0,2.552172727,1.807237204
1282,0,2.775623304,1.524761507
1283,0,2.880104646,2.199126126
1284,0,3.022601140,2.632943892
1285,0,3.754159237,3.222528108
1286,0,3.061385957,3.792230325
1287,0,3.849949474,4.366476139
1288,0,3.769187819,3.766579841
1289,0,3.817058266,3.820170823
1290,0,3.787875651,3.858717752
1291,0,3.720613919,3.924418086
1292,0,3.703318466,3.346458119
1293,0,3.958571405,3.308948218
1294,0,3.888063424,3.969901753
1295,0,3.210009210,2.541973771
1296,0,3.256454926,2.653741255
1297,0,2.959484213,2.075706286
1298,0,2.893513161,2.669220932
1299,0,3.058959840,3.635980349
1300,0,3.011358054,3.276872138
1301,0,2.587966389,3.629128803
1302,0,3.134485815,2.967231356
1303,0,3.054373164,2.109170545
1304,0,2.811537245,2.032778594
1305,0,2.670621882,2.659980257
1306,0,3.008057109,3.546784873
1307,0,2.780901602,4.694743737
1308,0,3.035528168,3.823513657
1309,0,3.079842252,3.160611611
1310,0,3.261063038,3.046619719
1311,0,2.937500711,3.620194608
1312,0,3.495355078,3.550023297
1313,0,2.409489794,2.794523512
1314,0,2.941654769,2.664363124
1315,0,2.955235486,2.778185041
1316,0,2.758906871,3.453508246
1317,0,3.236616338,4.480166364
1318,0,3.406396541,3.791399649
1319,0,3.699082007,4.042736236
1320,0,3.619151530,4.236156868
1321,0,3.431090067,4.435001524
1322,0,3.418666881,4.340348720
1323,0,3.377763126,5.163057026
1324,0,3.518992533,4.544572041
1325,0,3.770406937,4.128541651
1326,0,3.622369406,4.583960177
1327,0,3.503443909,3.910649646
1328,0,3.458118717,3.719073698
1329,0,2.995170246,3.852223823
1330,0,3.067397955,4.546803249
1331,0,3.088542150,3.678163855
1332,0,2.998949524,2.661270275
1333,0,2.849685948,2.871506013
1334,0,3.075356110,3.536279215
1335,0,2.819037321,2.026532886
1336,0,2.449305120,3.226146594
1337,0,3.409956810,3.127408914
1338,0,3.413849278,3.313203230
1339,0,3.257991634,2.625203721
1340,0,3.015301923,3.662763235
1341,0,3.341288407,3.099342585
1342,0,3.186757615,3.090513345
1343,0,2.915544804,2.845798141
1344,0,3.080755028,2.450007762
1345,0,3.321738840,2.898113410
1346,0,2.029588035,3.302147844
1347,0,3.120483798,3.255158868
1348,0,2.851680121,3.793731935
1349,0,3.147732497,4.885293644
1350,0,2.863712381,4.649462033
1351,0,3.040992575,3.625746879
1352,0,1.991870742,4.359560231
1353,0,3.106958765,3.976638978
1354,0,2.675223225,4.657129720
1355,0,2.965599266,5.827880106
1356,0,2.693734597,4.649846200
1357,0,2.842731522,4.140347453
1358,0,3.323331582,5.191419702
1359,0,2.964301134,7.971391767
1360,0,3.318958666,7.478521157
1361,0,3.708133570,3.840048472
1362,0,3.211056007,4.635036326
1363,0,3.121826549,4.026438147
1364,0,3.230221756,4.738519483
1365,0,1.480974112,4.171349472
1366,0,2.663559932,3.362643266
1367,0,1.796349490,3.992810081
1368,0,2.674649473,3.188729944
1369,0,2.152750726,2.012417699
1370,0,2.481066588,2.524440318
1371,0,2.443151024,2.431396101
1372,0,2.817710317,2.350908957
1373,0,2.746236615,2.151928391
1374,0,3.332288786,2.745274167
1375,0,2.615173698,3.807340717
1376,0,3.021493695,4.522808041
1377,0,3.073151980,5.841614193
1378,0,2.605342872,3.603893274
1379,0,1.870906522,2.829568112
1380,0,2.223183537,1.683369710
1381,0,1.748544566,1.209246716
1382,0,2.655120050,2.104303757
1383,0,1.724320239,1.241131236
1384,0,2.630868753,1.842636034
1385,0,2.109953161,1.404152529
1386,0,2.493806160,1.624401271
1387,0,2.787388352,2.085443459
1388,0,2.926732506,3.294680187
1389,0,2.995784408,2.900680667
1390,0,3.023502541,3.063681756
1391,0,2.708801592,2.963587553
1392,0,2.508093393,2.401647797
1393,0,2.467222700,1.620327591
1394,0,2.441525580,2.093363829
1395,0,2.319994715,1.451105430
1396,0,2.752497975,2.354364005
1397,0,2.415428076,1.503344290
1398,0,2.677239247,1.441553735
1399,0,2.476681736,1.949903463
1400,0,2.704557001,1.749711185
1401,0,2.633489423,2.439801912
1402,0,2.858114296,2.125097513
1403,0,2.709768588,2.409434698
1404,0,3.054584983,2.112371737
1405,0,3.202925857,2.376892875
1406,0,3.086936413,1.986158788
1407,0,2.947434861,2.537428093
1408,0,3.161463153,2.201608402
1409,0,3.302487804,2.524193987
1410,0,2.201160675,2.142848807
1411,0,3.181625747,2.336537835
1412,0,2.997615275,1.976624369
1413,0,3.313383783,3.245622635
1414,0,3.599957432,3.600586136
1415,0,3.403685667,4.354672112
1416,0,3.478120507,5.252414480
1417,0,2.618600709,4.037164737
1418,0,3.063976182,3.195666601
1419,0,3.116138542,3.964551583
1420,0,2.632770652,4.356364571
1421,0,3.348823608,5.337656473
1422,0,2.923980637,3.894708152
1423,0,3.072725598,3.384105902
1424,0,3.160389854,3.736033889
1425,0,3.355824208,3.582556416
1426,0,3.620023162,4.430581431
1427,0,3.836312637,3.775816318
1428,0,3.809691008,4.205880337
1429,0,3.550707544,3.717623060
1430,0,3.695001756,3.418866696
1431,0,4.018993730,3.488437842
1432,0,2.940125971,3.464635138
1433,0,2.841489344,3.047853398
1434,0,1.331510248,1.822322678
1435,0,1.499209090,1.953180489
1436,0,1.862487896,2.946491988
1437,0,2.603101952,2.337529223
1438,0,2.674339409,1.868390926
1439,0,1.658326486,1.972192504
1440,0,2.532375446,2.976827086
1441,0,2.766353368,2.339378383
1442,0,2.539143097,1.788986763
1443,0,1.952673730,1.991203845
1444,0,2.449598867,1.822035012
1445,0,2.831885155,2.421361945
1446,0,2.979404382,3.255163265
1447,0,2.417536828,4.229300039
1448,0,3.054685346,3.357124214
1449,0,3.057737225,3.629501961
1450,0,3.625974218,3.079901629
1451,0,3.394989474,3.244015193
1452,0,3.714557370,3.747866976
1453,0,3.179260127,2.765126103
1454,0,3.246267956,3.483105378
1455,0,3.039399411,3.357972383
1456,0,2.734126872,1.502821298
1457,0,2.328558429,2.234739598
1458,0,2.504346886,2.967797347
1459,0,1.951642994,2.190718519
1460,0,2.461823371,2.122407934
1461,0,1.610903918,2.249875463
1462,0,2.891054982,3.352365587
1463,0,2.106031741,4.264526894
1464,0,3.220483352,3.495039825
1465,0,3.171118152,2.984000211
1466,0,3.259318143,3.464305760
1467,0,3.183861169,2.964369224
1468,0,2.648627635,3.203643153
1469,0,3.508382334,4.050965856
1470,0,3.328714114,3.202458011
1471,0,2.736752068,3.110569509
1472,0,2.905404917,2.533584307
1473,0,2.649815755,2.076666809
1474,0,2.998305365,2.366684748
1475,0,2.962409919,2.478379642
1476,0,3.088896321,2.099497547
1477,0,1.974184421,1.379420268
1478,0,1.899305840,0.776139923
1479,0,2.283288678,1.376759582
1480,0,2.385573299,1.551807808
1481,0,2.335770866,2.034039266
1482,0,2.850749364,2.358030904
1483,0,3.132655230,2.132591687
1484,0,3.359051975,2.508451967
1485,0,3.081846645,1.995614892
1486,0,3.222202117,2.773163769
1487,0,3.200657932,3.071391260
1488,0,2.704339011,4.052410742
1489,0,2.442079914,3.128974270
1490,0,3.065431534,3.884508908
1491,0,3.050888457,4.759516137
1492,0,3.125372209,5.791148406
1493,0,2.897918137,4.885069186
1494,0,3.147882860,5.436939380
1495,0,3.093827447,6.262986748
1496,0,2.884158900,5.110563212
1497,0,2.921316432,5.321225829
1498,0,2.924475043,5.755006483
1499,0,3.341594783,5.206803929
1500,0,3.402762238,6.544256454
1501,0,3.572138620,5.481160078
1502,0,3.476042443,6.783549859
1503,0,3.501379580,5.973989559
1504,0,3.103320136,6.589256289
1505,0,3.397587500,5.782557936
1506,0,3.235579020,5.821147877
1507,0,3.322964245,5.269624451
1508,0,2.821440382,6.071366723
1509,0,3.347004099,6.976096291
1510,0,3.715477677,6.191492339
1511,0,3.421841002,7.021338150
1512,0,3.502559359,8.082727668
1513,0,3.815973551,9.032111551
1514,0,3.836201446,8.008683603
1515,0,3.644276962,7.516279856
1516,0,2.817393487,5.662055693
1517,0,3.306264927,6.753727169
1518,0,3.578815233,7.502908576
1519,0,3.308556579,6.786251005
1520,0,3.589578719,5.967983825
1521,0,3.421419724,6.807090913
1522,0,3.046286989,7.845481597
1523,0,2.927929325,6.810125203
1524,0,2.904877955,7.715909654
1525,0,2.893681668,6.646170136
1526,0,3.973418144,5.963502638
1527,0,3.747186927,5.210655032
1528,0,3.718169947,4.760924893
1529,0,2.769965914,3.980674192
1530,0,3.266417230,3.337074943
1531,0,3.332233790,3.883946178
1532,0,3.297049969,3.534832544
1533,0,3.541918146,3.087675577
1534,0,3.579133371,3.317477541
1535,0,3.453395297,3.364509227
1536,0,3.511115690,3.436482086
1537,0,3.513140787,3.562368305
1538,0,3.686522157,3.783137622
1539,0,3.902123785,4.112301857
1540,0,3.969152360,3.896969167
1541,0,3.561168109,3.653613489
1542,0,3.555523793,3.392787989
1543,0,3.598113566,3.280195808
1544,0,3.185485267,2.913697054
1545,0,2.810164929,2.501489190
1546,0,3.023331929,2.620512155
1547,0,3.241358564,2.984326211
1548,0,3.692463729,3.408886606
1549,0,3.498994506,3.785865340
1550,0,3.520328638,4.668902379
1551,0,3.530541534,4.938861620
1552,0,3.249688730,4.083848405
1553,0,3.111981091,4.990025710
1554,0,3.275575834,4.185181194
1555,0,3.341576866,3.857737950
1556,0,3.822666576,3.638642949
1557,0,3.628658736,4.092008668
1558,0,3.639619987,4.122990651
1559,0,3.848576795,3.898225537
1560,0,3.108525224,3.877355023
1561,0,3.712845220,3.671045065
1562,0,3.339080996,4.290456724
1563,0,2.854110883,2.156282774
1564,0,1.309336894,1.053665797
1565,0,2.605584704,1.904412223
1566,0,2.618086307,2.015239500
1567,0,2.493948710,1.499640231
1568,0,2.908547426,2.078515720
1569,0,2.382928277,1.878747378
1570,0,2.621226433,1.541237223
1571,0,2.894545821,2.087408949
1572,0,3.104568581,2.662564543
1573,0,3.011963214,3.413260348
1574,0,2.874960883,3.051832508
1575,0,2.792067237,2.855848349
1576,0,1.196822700,0.844883479
1577,0,2.161720452,2.591132333
1578,0,1.931446669,2.565959056
1579,0,2.719406809,2.976828092
1580,0,2.017077272,3.242703048
1581,0,3.062178630,3.226696203
1582,0,3.114191227,3.212493600
1583,0,3.543236446,3.872726818
1584,0,3.585158096,4.496610632
1585,0,2.660105285,5.864606116
1586,0,2.359836278,9.634230729
1587,0,0.968936215,8.949833218
1588,0,2.677507490,5.171846512
1589,0,2.944695719,2.155020768
1590,0,0.987024203,1.133918930
1591,0,1.913970568,1.333333333
1592,0,1.857933993,1.647953674
1593,0,2.135312887,1.695652174
1594,0,2.857186680,2.099488066
1595,0,2.652999882,1.947312802
1596,0,2.971505105,2.650971617
1597,0,2.970254205,2.528185074
1598,0,3.131088684,2.204467705
1599,0,3.433290025,2.737451431
1600,0,3.245885101,2.688810037
1601,0,3.159832064,3.274712938
1602,0,3.809897187,3.274538905
1603,0,2.860026140,3.596598238
1604,0,3.825627033,3.380293207
1605,0,3.522791857,2.867499964
1606,0,3.356075763,3.035702434
1607,0,3.586133999,2.895035547
1608,0,3.522280865,2.972818318
1609,0,3.727173754,3.676694690
1610,0,3.131526484,2.537771509
1611,0,3.152579682,2.342804633
1612,0,3.370864571,2.477393552
1613,0,3.309909653,2.648652996
1614,0,2.449085418,2.586141568
1615,0,3.130714096,2.910350089
1616,0,3.245799513,2.543845797
1617,0,3.182624245,2.500922248
1618,0,3.472171640,2.676689872
1619,0,3.143149520,2.259304777
1620,0,1.869393718,2.060611545
1621,0,2.575260184,1.942933609
1622,0,3.151250580,2.668523544
1623,0,2.868249427,3.211662081
1624,0,2.997521627,4.064942033
1625,0,2.703632770,3.238663345
1626,0,2.711668229,2.543913980
1627,0,2.430585478,1.869152566
1628,0,2.650263765,2.706975825
1629,0,2.925462795,2.342557067
1630,0,2.511614113,1.734465648
1631,0,2.742654718,1.955049371
1632,0,3.192511750,2.205430619
1633,0,2.932176365,2.180967507
1634,0,2.488084100,1.958295123
1635,0,2.903867810,1.996479348
1636,0,3.138490542,2.302012731
1637,0,2.622511563,2.505865734
1638,0,3.122917898,2.416933722
1639,0,3.254349255,2.624580590
1640,0,3.462849730,2.940620263
1641,0,3.545665632,2.884787002
1642,0,3.396995022,2.627318438
1643,0,3.347718868,2.854143698
1644,0,3.315619973,3.246283614
1645,0,3.357855238,3.030096698
1646,0,3.493563073,2.935791990
1647,0,3.500715032,3.106465582
1648,0,3.601676004,3.600885876
1649,0,2.688504659,4.504709227
1650,0,2.572274592,5.210693928
1651,0,2.630105346,5.029295899
1652,0,3.652464610,5.793434366
1653,0,3.635387523,6.243118644
1654,0,3.655317194,5.775515020
1655,0,3.098388339,5.801603891
1656,0,1.923068087,3.640898744
1657,0,2.736930715,2.616122070
1658,0,2.771945577,2.864156732
1659,0,2.841211448,2.366469893
1660,0,1.123872692,1.211254517
1661,0,2.100473922,1.823664600
1662,0,2.252265960,1.135484358
1663,0,2.372442385,1.887346300
1664,0,2.301235876,1.919841027
1665,0,3.106731975,2.085531673
1666,0,2.906933145,2.164434903
1667,0,2.987044175,2.449019419
1668,0,2.778144857,1.994449745
1669,0,2.407199124,2.166884352
1670,0,2.691277788,1.906727960
1671,0,3.174177016,2.167036082
1672,0,3.254893558,2.494293748
1673,0,3.222686460,2.251340536
1674,0,3.010275945,2.316663482
1675,0,2.704694440,2.271768460
1676,0,2.539267842,2.554183129
1677,0,1.688739419,2.730123896
1678,0,2.245872663,3.727463589
1679,0,2.562626071,3.705473835
1680,0,2.126114454,3.818745174
1681,0,2.585520237,2.804493459
1682,0,2.632600052,4.283800940
1683,0,2.887965773,3.643354673
1684,0,3.010680170,3.373748585
1685,0,3.465566501,2.587171825
1686,0,3.117116549,2.928606293
1687,0,3.296239182,2.491528114
1688,0,3.093679330,2.388454444
1689,0,2.723191497,1.720550839
1690,0,3.095759584,2.727394324
1691,0,3.120500651,2.483663446
1692,0,3.596367807,3.711603813
1693,0,2.979123994,2.886011590
1694,0,3.257751813,3.756356930
1695,0,2.683787819,1.855271018
1696,0,2.039567576,1.487712078
1697,0,1.635909341,0.669509321
1698,0,2.254818353,1.546540703
1699,0,2.445327984,2.184338065
1700,0,2.533374929,3.151426975
1701,0,3.143126959,4.048765729
1702,0,3.429717246,3.245411849
1703,0,2.864442476,1.894492123
1704,0,2.519213157,1.880673054
1705,0,3.397974466,2.446668332
1706,0,3.409219930,2.862234281
1707,0,1.579328406,1.253278111
1708,0,2.599178608,1.437773176
1709,0,1.965385317,1.464056416
1710,0,1.817941112,1.439747068
1711,0,2.231336109,2.312644582
1712,0,1.074538339,0.571426686
1713,0,2.141229934,1.648193921
1714,0,1.838355465,1.606112645
1715,0,2.382049925,1.921688436
1716,0,2.810015087,1.543856891
1717,0,2.609193615,1.887675426
1718,0,3.084759349,2.963936660
1719,0,1.996165402,1.540348351
1720,0,2.998101308,2.268508082
1721,0,3.051267553,3.338755733
1722,0,3.310901045,2.828367857
1723,0,2.818895153,1.683163420
1724,0,3.067159485,1.896821002
1725,0,2.679660107,2.146979559
1726,0,3.157051556,2.000439593
1727,0,3.541117147,3.242116828
1728,0,3.390848351,2.463326741
1729,0,3.632363762,3.373793912
1730,0,3.583026675,3.249618114
1731,0,3.654560197,2.695248153
1732,0,3.377555267,2.388715364
1733,0,3.334540723,2.270670439
1734,0,3.324064952,2.546985615
1735,0,3.133083200,2.340845559
1736,0,3.287621323,2.514458079
1737,0,3.251565957,2.244722465
1738,0,2.976832814,2.701298749
1739,0,3.116202871,2.874154074
1740,0,3.122529667,2.240057693
1741,0,0.990761697,0.886952898
1742,0,2.233169722,2.017389190
1743,0,1.862855644,3.034627843
1744,0,2.876756066,4.031742190
1745,0,2.888102714,4.995383605
1746,0,2.184427905,3.470225997
1747,0,2.611166474,2.825777147
1748,0,2.845306152,3.315222683
1749,0,2.406779288,3.422291637
1750,0,3.262040018,4.341129589
1751,0,2.899108165,5.154582500
1752,0,2.816587455,6.026692670
1753,0,2.759330065,7.082981555
1754,0,3.150643985,5.891916358
1755,0,2.786565099,5.448772863
1756,0,3.026443138,6.316453219
1757,0,2.522482176,2.574905480
1758,0,2.855326579,2.093150389
1759,0,2.347402948,1.742386299
1760,0,1.472253906,1.062304543
1761,0,1.877284544,1.715694399
1762,0,2.007172331,1.340516382
1763,0,2.836538856,1.801342002
1764,0,2.949171127,1.748596051
1765,0,2.780722356,2.209870095
1766,0,1.946066400,1.605630829
1767,0,2.388367009,1.826596142
1768,0,2.661491227,2.250399477
1769,0,2.639801763,1.552064095
1770,0,2.629236895,1.910852201
1771,0,2.402310865,1.841082620
1772,0,2.299233317,1.911842330
1773,0,1.513066068,1.601321892
1774,0,1.961769530,1.108058654
1775,0,1.709082300,0.890659937
1776,0,2.085686569,1.591547532
1777,0,2.412370683,1.507540103
1778,0,2.744349180,2.176729588
1779,0,2.420131457,2.681982653
1780,0,2.880245564,2.388162598
1781,0,2.858004456,1.680711031
1782,0,2.440476672,1.754588892
1783,0,2.107050805,1.842409472
1784,0,1.595645126,0.769715508
1785,0,1.379044308,0.967105562
1786,0,1.895922364,1.235641571
1787,0,2.466660098,1.435367488
1788,0,2.293191860,1.585703442
1789,0,2.078202608,1.424172409
1790,0,2.632137167,2.099387117
1791,0,2.902656525,2.056755252
1792,0,2.515906943,1.239536341
1793,0,1.975780428,1.556444388
1794,0,2.663257836,2.758552970
1795,0,2.474402626,3.097144994
1796,0,2.612315608,2.742016172
1797,0,2.713403681,3.511964835
1798,0,2.461875334,4.476470469
1799,0,2.498699966,5.511737943
1800,0,2.422313584,6.284738326
1801,0,2.820156233,5.231567929
1802,0,2.567211883,3.957223961
1803,0,2.878208898,2.775311658
1804,0,1.687821778,1.701895499
1805,0,1.748873199,1.255316477
1806,0,2.018201215,1.849191005
1807,0,2.607558297,2.432268180
1808,0,2.914881487,4.339336379
1809,0,1.836427560,3.262514593
1810,0,2.599156560,4.306363650
1811,0,2.983548922,4.613106237
1812,0,3.195921786,6.107779434
1813,0,2.801064071,7.662860263
1814,0,2.006149722,1.552238806
1815,0,3.179859072,2.042910448
1816,0,3.225805185,2.128790066
1817,0,3.431402351,2.534220532
1818,0,1.837569694,1.439024390
1819,0,2.703870604,1.757936794
1820,0,2.531329085,1.833441377
1821,0,2.328398409,1.603739260
1822,0,2.782800675,2.597710761
1823,0,2.602090461,3.556752970
1824,0,0.860611940,1.477103240
1825,0,1.885029807,1.272723295
1826,0,2.539984190,1.845476553
1827,0,2.416678253,2.758157982
1828,0,2.483169695,2.158022974
1829,0,3.217550486,2.157749004
1830,0,3.072754566,1.964437992
1831,0,3.180918040,2.440975346
1832,0,3.008083535,2.465384338
1833,0,3.025418312,3.513428564
1834,0,3.235974582,4.186918602
1835,0,3.107483387,3.265480990
1836,0,3.622878032,4.108744939
1837,0,2.813827029,3.324007765
1838,0,2.400773797,2.641291469
1839,0,3.201196286,3.406956368
1840,0,2.984416358,4.683444626
1841,0,3.219557823,3.609373070
1842,0,3.348849197,4.126451944
1843,0,3.452542345,5.101593504
1844,0,3.416153771,6.056141227
1845,0,3.673226727,4.977846256
1846,0,3.629961264,5.976460334
1847,0,3.611584215,5.275634157
1848,0,3.428212336,6.057738364
1849,0,2.859012779,6.487418586
1850,0,3.013101738,7.031578092
1851,0,3.683736231,7.988549390
1852,0,2.591267912,6.081645347
1853,0,3.608235682,7.002416775
1854,0,3.645088553,8.079789537
1855,0,3.528496658,9.217839443
1856,0,3.789478816,8.155279127
1857,0,3.483722442,7.169975844
1858,0,3.513822799,8.208235790
1859,0,3.176603200,6.272036942
1860,0,2.457268157,5.979324048
1861,0,3.583165539,6.381173029
1862,0,3.472072613,4.739482747
1863,0,2.624814655,3.820036971
1864,0,2.476358512,3.614220675
1865,0,2.794407664,3.183660416
1866,0,3.160223322,3.643535782
1867,0,3.435589827,3.900367889
1868,0,3.252463085,3.975484619
1869,0,3.438117037,4.908132383
1870,0,3.530292002,5.200829299
1871,0,3.249010282,3.037901931
1872,0,3.519029000,2.990071307
1873,0,2.496477789,2.186854798
1874,0,3.603668878,2.567253699
1875,0,3.247965249,2.278274117
1876,0,3.341785228,2.585442820
1877,0,3.449271668,2.614882058
1878,0,3.676358069,2.740198486
1879,0,3.351568920,2.928400021
1880,0,3.209095984,2.691042590
1881,0,3.131269556,3.997204623
1882,0,3.124742176,3.710005377
1883,0,3.174287737,3.298692711
1884,0,3.321893561,3.546009342
1885,0,2.900692128,2.277858721
1886,0,2.809135202,1.980124044
1887,0,3.066358819,2.635067923
1888,0,3.282656967,2.699475131
1889,0,3.242908277,2.297303873
1890,0,2.463258339,2.418435750
1891,0,2.545211894,2.864941227
1892,0,2.609150532,1.928823560
1893,0,2.891095365,1.888070739
1894,0,3.460728417,2.658549876
1895,0,2.224071641,2.111295477
1896,0,3.039992660,2.175706647
1897,0,3.079969529,2.528229579
1898,0,3.317046595,2.598638772
1899,0,3.611908090,2.757903347
1900,0,3.192937378,2.578677648
1901,0,3.310755298,3.275982114
1902,0,3.661104232,4.475802734
1903,0,3.729725878,5.613141398
1904,0,3.391721769,7.002838236
1905,0,3.437530378,6.355177080
1906,0,3.594627214,6.083818264
1907,0,3.088712739,5.618038239
1908,0,2.967819748,2.949855421
1909,0,3.226779318,2.547854875
1910,0,3.295149776,2.407079105
1911,0,2.478919131,2.477545673
1912,0,3.078515650,2.416780305
1913,0,2.595529449,2.415844526
1914,0,3.256879876,2.901934646
1915,0,2.429470943,2.938629519
1916,0,3.153949884,2.997161524
1917,0,3.306054481,3.273496611
1918,0,3.393424049,3.460610114
1919,0,3.078152878,3.853984887
1920,0,3.206858785,3.614033698
1921,0,3.411457044,3.423202295
1922,0,3.617775336,4.282205170
1923,0,3.568583100,3.533397982
1924,0,3.517597198,4.195429876
1925,0,3.894501617,4.633573432
1926,0,3.321987927,3.909050932
1927,0,3.498401684,4.651136475
1928,0,3.846368957,3.844695359
1929,0,3.767549299,3.509206011
1930,0,3.722395825,3.826754969
1931,0,4.076902155,3.380675286
1932,0,3.724439388,3.324601261
1933,0,3.718297985,3.918697290
1934,0,3.801053402,4.015645276
1935,0,3.514267210,2.615748052
1936,0,3.577007047,3.088917335
1937,0,3.177065873,2.476160858
1938,0,3.378541445,3.407696444
1939,0,3.246427937,3.849416491
1940,0,3.213922999,5.035895571
1941,0,3.559991126,4.061954545
1942,0,3.502711621,4.728691622
1943,0,3.172097172,3.517196899
1944,0,3.153900864,2.802522101
1945,0,2.546737794,3.517670285
1946,0,3.093587430,4.445643405
1947,0,3.175428159,3.718479437
1948,0,3.085823378,5.057216236
1949,0,3.061326217,3.844923197
1950,0,3.242550516,2.834231809
1951,0,3.012660795,2.444093147
1952,0,3.263230821,2.888971230
1953,0,3.360457942,2.648568307
1954,0,3.095704572,2.711235847
1955,0,3.556110015,2.636914495
1956,0,3.069011863,2.625304215
1957,0,3.029419191,2.515644818
1958,0,3.108009152,2.898835428
1959,0,3.305669364,2.704686710
1960,0,3.279983993,3.095978166
1961,0,3.120814024,3.354975678
1962,0,3.415881616,3.874010256
1963,0,3.405861089,3.413593447
1964,0,3.486561590,3.562633125
1965,0,2.916094909,3.345296454
1966,0,2.687161992,3.518962452
1967,0,3.789014140,3.850358157
1968,0,3.204207572,3.584735918
1969,0,3.320082112,2.997046453
1970,0,3.553538720,3.073568126
1971,0,3.757863243,3.111735961
1972,0,2.577481993,3.048119955
1973,0,2.913747953,2.559948663
1974,0,2.879934955,2.376654176
1975,0,3.117848981,2.412816726
1976,0,2.990018732,2.300229085
1977,0,3.072557549,2.367993267
1978,0,2.932207525,2.116534930
1979,0,3.140725209,2.472260275
1980,0,3.384056348,3.101316326
1981,0,3.502379905,2.748964393
1982,0,3.131295464,3.456106386
1983,0,3.498211016,3.711893527
1984,0,3.482671688,4.506914934
1985,0,2.455290947,3.372158065
1986,0,3.665854059,3.442324340
1987,0,3.678580890,4.112090614
1988,0,3.340795737,4.390596289
1989,0,3.615465318,3.934625402
1990,0,3.570840243,4.466429797
1991,0,3.307037962,3.795608595
1992,0,2.874173101,3.284231704
1993,0,3.009810142,2.955382775
1994,0,2.848407433,3.535870669
1995,0,1.813164504,3.109365327
1996,0,2.439087048,4.090822484
1997,0,2.456040221,5.469979845
1998,0,2.696402812,4.905818104
1999,0,3.663550489,5.261379304
2000,0,3.359222163,5.956928620
2001,0,3.231148262,5.172570625
2002,0,2.930941605,6.059023784
2003,0,3.066564389,7.076291146
2004,0,3.903545679,6.261821570
2005,0,2.725326976,5.090816731
2006,0,2.709295983,5.411812302
2007,0,3.635323366,4.515018889
2008,0,3.407293176,3.756537324
2009,0,2.368569875,2.127502914
2010,0,3.247717162,2.831927025
2011,0,2.912673186,2.435250843
2012,0,3.146087504,2.391200682
2013,0,2.810571845,2.373213616
2014,0,2.509622743,1.968583330
2015,0,2.720872548,1.817618591
2016,0,2.804134154,2.868181906
2017,0,3.205160273,3.494617453
2018,0,3.124247180,2.862891678
2019,0,3.070282168,2.680368941
2020,0,3.294180478,3.148078342
2021,0,3.021299555,2.075235119
2022,0,2.417501912,2.050062688
2023,0,3.193988190,2.105363647
2024,0,3.229954546,2.417786775
2025,0,3.095476899,2.408648119
2026,0,1.875346874,1.563256147
2027,0,2.562542253,1.777383608
2028,0,2.716632441,2.818274792
2029,0,2.739259360,2.474179516
2030,0,3.344433160,2.455898083
2031,0,2.140894964,2.860782943
2032,0,2.480121736,2.407916651
2033,0,2.997313945,3.079019736
2034,0,3.118137100,3.858570721
2035,0,3.058406727,3.166130398
2036,0,3.083680323,2.732333881
2037,0,2.933514377,2.350667873
2038,0,2.860523690,2.290889556
2039,0,2.697114501,2.273183033
2040,0,2.741106311,1.876656054
2041,0,2.733125504,2.082109901
2042,0,2.171252771,2.501990991
2043,0,3.165392187,2.304569344
2044,0,2.551722622,2.892529303
2045,0,3.622950486,2.775722639
2046,0,2.444483299,2.196332135
2047,0,3.061853622,2.810691807
2048,0,3.010713641,2.634131772
2049,0,3.404793811,2.918983204
2050,0,3.243546814,2.161256872
2051,0,1.532829851,1.081954206
2052,0,2.104963630,1.801833750
2053,0,2.320153532,1.770618156
2054,0,2.709192536,1.548767635
2055,0,2.627645972,1.384959090
2056,0,2.735496843,1.535947100
2057,0,2.532221763,1.305361968
2058,0,3.020190900,2.095102868
2059,0,1.967295337,1.335466064
2060,0,2.810451825,2.050162596
2061,0,2.928839529,1.718568381
2062,0,1.964677740,1.621686319
2063,0,2.804328744,2.298302635
2064,0,1.434268918,1.108133826
2065,0,2.066077976,1.043941567
2066,0,1.807702828,1.242380359
2067,0,2.319341557,1.419572133
2068,0,3.140994668,2.369401740
2069,0,3.441546772,2.541845034
2070,0,3.594690343,2.755282197
2071,0,3.259958007,2.101116026
2072,0,3.170457103,2.203394823
2073,0,3.151857076,1.987154806
2074,0,3.123844320,2.165159631
2075,0,2.980575597,1.822626338
2076,0,2.692438670,2.202196445
2077,0,2.249262227,1.811650451
2078,0,3.307528657,2.178526735
2079,0,3.150742941,2.731178019
2080,0,2.956287241,1.978388114
2081,0,2.927184040,2.398989211
2082,0,2.972656656,2.126250611
2083,0,3.412390944,2.396920753
2084,0,3.154691695,2.444835537
2085,0,3.061887249,2.977851085
2086,0,3.184952558,3.309899170
2087,0,3.195622839,3.545488308
2088,0,3.306034350,3.511712618
2089,0,3.659677567,3.347882423
2090,0,3.790050110,3.613767126
2091,0,3.846056071,3.210297176
2092,0,3.873295876,3.611888731
2093,0,3.976071732,3.467277093
2094,0,3.801811094,3.854191373
2095,0,3.807635178,3.335595464
2096,0,3.748147707,3.879624285
2097,0,3.469110158,3.233021800
2098,0,2.705874810,3.272804275
2099,0,2.918662054,2.855647212
2100,0,3.379386570,3.710016900
2101,0,3.482412024,3.216496287
2102,0,3.811131866,3.079577441
2103,0,3.682978648,2.588354815
2104,0,3.426953639,2.179326586
2105,0,3.207297056,2.537370107
2106,0,2.518162917,2.235175154
2107,0,3.157490564,2.414541417
2108,0,3.006554959,2.121627907
2109,0,2.800166928,1.970691528
2110,0,2.679046416,2.385639418
2111,0,2.921985518,2.461051102
2112,0,2.796539196,2.716177460
2113,0,2.685662226,3.073105300
2114,0,3.417937107,2.679281418
2115,0,3.328463368,3.138292580
2116,0,2.211925412,2.051145707
2117,0,3.318364816,2.940166378
2118,0,3.382694691,3.629548591
2119,0,3.247757809,4.391603947
2120,0,2.893731906,3.426854609
2121,0,3.273291820,3.071178428
2122,0,3.367991780,2.587227591
2123,0,2.835424945,2.840204943
2124,0,3.332477892,3.602249105
2125,0,3.733925654,3.399488966
2126,0,1.902627543,1.933878475
2127,0,2.156226802,1.726036834
2128,0,2.749281215,2.024693093
2129,0,2.994299701,2.163551469
2130,0,2.664547488,2.211086889
2131,0,2.830921661,2.256892556
2132,0,2.948135163,2.065443977
2133,0,3.093227424,2.496543672
2134,0,2.892089510,1.980563855
2135,0,2.800549790,2.938466814
2136,0,3.368231056,3.257529076
2137,0,3.392813828,2.691863658
2138,0,3.329483275,2.552845057
2139,0,3.561709121,2.940021130
2140,0,3.415143080,3.145074302
2141,0,3.662796907,2.977987170
2142,0,3.397851009,3.456111277
2143,0,3.222643370,4.571347541
2144,0,3.960946746,3.934019465
2145,0,3.846692103,3.974178183
2146,0,3.778056613,4.536440015
2147,0,3.743933461,4.992002622
2148,0,3.548050349,4.549661679
2149,0,3.143621529,5.009791336
2150,0,3.906937968,4.676284563
2151,0,3.551730193,3.403771562
2152,0,3.603192495,3.435897908
2153,0,3.008200985,3.173961557
2154,0,3.587411903,3.568243692
2155,0,3.785552003,3.767030788
2156,0,2.882455227,3.256418788
2157,0,3.408102651,3.405193822
2158,0,3.491939117,4.074794894
2159,0,3.234125306,4.563641572
2160,0,3.646139390,3.468098506
2161,0,3.616011755,3.889757488
2162,0,3.897165251,3.979929057
2163,0,2.918385568,4.523475894
2164,0,3.324482420,5.036967142
2165,0,2.970795108,5.111777721
2166,0,3.285159246,4.208812990
2167,0,3.553340885,3.774695499
2168,0,3.586210318,3.623074679
2169,0,4.070357205,4.187211900
2170,0,3.743605271,3.987040940
2171,0,1.977546687,1.529365206
2172,0,2.372978157,1.706001800
2173,0,2.559300537,2.392511121
2174,0,2.780548597,3.055470249
2175,0,2.625695657,1.932291981
2176,0,3.069900930,2.779246517
2177,0,2.149623123,1.601981529
2178,0,2.642680148,1.769854574
2179,0,3.047625667,2.207337072
2180,0,2.945595712,1.972048496
2181,0,2.604360468,1.683282534
2182,0,2.284336595,1.582179180
2183,0,2.857341855,2.822487290
2184,0,2.215152350,1.845894300
2185,0,2.658893846,2.377064084
2186,0,2.095277288,1.659599450
2187,0,2.793008571,1.759280493
2188,0,3.028277528,1.853979581
2189,0,3.065606505,2.372969410
2190,0,3.051521371,2.695818847
2191,0,2.998221626,3.368059870
2192,0,2.942289474,2.414126290
2193,0,3.188134136,2.162143795
2194,0,2.917533197,3.020558470
2195,0,3.795586970,2.971495255
2196,0,3.788143088,3.269036871
2197,0,3.857308047,2.956770016
2198,0,3.673662355,3.039764192
2199,0,3.960256740,3.209138759
2200,0,3.602579675,3.115758168
2201,0,2.893341952,2.467390850
2202,0,3.430722561,3.240093079
2203,0,3.541410400,3.706703460
2204,0,3.762123517,3.532324877
2205,0,2.517975067,3.708717557
2206,0,3.478935119,3.947734880
2207,0,3.549761031,3.745530531
2208,0,3.685665303,3.341369480
2209,0,3.556749764,3.945533660
2210,0,3.267477292,4.049030305
2211,0,3.414871353,4.016314441
2212,0,3.442443147,4.771652536
2213,0,3.510126498,5.218820200
2214,0,3.537082439,4.794433315
2215,0,3.695660749,4.095202333
2216,0,3.533057551,3.936745185
2217,0,3.710149314,4.807582262
2218,0,3.616406816,5.431088322
2219,0,3.843353791,5.022918713
2220,0,3.685164181,5.506090802
2221,0,3.533428635,4.955247600
2222,0,2.505721337,4.395553648
2223,0,2.741305114,3.129350033
2224,0,2.766799352,4.264937262
2225,0,3.239228037,3.354475874
2226,0,2.977509123,2.990389593
2227,0,3.264062631,3.505237935
2228,0,2.824104180,3.614159026
2229,0,3.044403691,3.221736268
2230,0,3.073723579,3.105638579
2231,0,3.241083673,3.370016586
2232,0,3.494919610,4.001133149
2233,0,3.384037522,3.860539512
2234,0,3.466995721,3.679981182
2235,0,3.448030517,3.812944899
2236,0,3.405444985,4.499896285
2237,0,3.786468612,4.209955684
2238,0,3.601807545,3.474129783
2239,0,3.496423609,3.518380586
2240,0,3.052318200,3.508940252
2241,0,2.814342364,2.768580446
2242,0,3.543164729,2.829377918
2243,0,1.983524604,2.325967821
2244,0,2.641764782,2.568821296
2245,0,2.807661767,2.372806823
2246,0,3.052975601,2.777860913
2247,0,2.838587876,3.193249876
2248,0,3.703365951,3.820270747
2249,0,2.145421524,4.003271971
2250,0,1.945376652,4.122960471
2251,0,2.625741394,5.133224137
2252,0,3.052015382,6.113701886
2253,0,3.021936134,5.338877294
2254,0,2.892046485,5.621556018
2255,0,2.721106743,6.010214103
2256,0,2.813981715,7.132869150
2257,0,2.921177180,6.513843479
2258,0,3.234609948,5.862333652
2259,0,3.109560399,6.509525365
2260,0,3.431732258,7.269737869
2261,0,1.995251608,5.367391263
2262,0,2.100497672,4.911126906
2263,0,2.000282233,4.013698663
2264,0,2.034972360,5.021893595
2265,0,1.946061314,5.640492367
2266,0,1.700295436,4.275838044
2267,0,1.363851679,2.832645702
2268,0,1.867917415,1.657388018
2269,0,1.274063218,0.566219080
2270,0,1.231594177,1.015504051
2271,0,1.922083707,1.331669351
2272,0,1.864434899,1.557016763
2273,0,2.140999414,2.321059704
2274,0,1.936930805,1.634673086
2275,0,2.201756220,1.857430624
2276,0,3.006682712,2.442604660
2277,0,3.151523345,2.467503764
2278,0,3.104949563,2.644644588
2279,0,3.200907824,3.317886491
2280,0,3.370203164,3.347843656
2281,0,3.508305790,3.801376882
2282,0,3.698760876,3.721706164
2283,0,3.678355022,4.112148685
2284,0,3.948053955,3.888265453
2285,0,3.994221434,3.736786643
2286,0,3.959044126,4.042614261
2287,0,3.699253767,3.652419888
2288,0,3.726802309,3.711075693
2289,0,4.111417008,3.922417483
2290,0,3.835843952,4.113629283
2291,0,3.555284344,4.277896555
2292,0,4.174391259,4.491091336
2293,0,4.094493011,4.887106821
2294,0,3.898731019,4.639893570
2295,0,3.991865153,5.237156962
2296,0,3.792750467,4.746619558
2297,0,2.823979907,4.640204727
2298,0,3.369921437,4.422120436
2299,0,3.102094940,4.797621546
2300,0,4.106146147,4.544530843
2301,0,2.578375110,4.715555725
2302,0,3.353844082,4.470431666
2303,0,3.380927161,4.902257920
2304,0,3.644090616,4.557174422
2305,0,3.704674685,5.010117724
2306,0,3.824373085,5.638569497
2307,0,3.777792600,4.892351091
2308,0,4.054051990,5.426038192
2309,0,2.414062205,4.260087565
2310,0,2.952717001,3.167780961
2311,0,3.907225437,3.852969618
2312,0,3.405617422,3.042495492
2313,0,3.382544877,2.896277239
2314,0,3.743115662,2.687890754
2315,0,1.747681936,2.424160540
2316,0,2.983242329,2.367311976
2317,0,3.130476611,2.996552051
2318,0,3.020097124,3.458714839
2319,0,3.428959581,3.415241587
2320,0,3.151801535,3.093096739
2321,0,3.459783013,3.949854059
2322,0,3.774559365,3.885956973
2323,0,3.776045461,3.601730429
2324,0,3.991314753,4.111223053
2325,0,4.250122389,3.871361916
2326,0,4.299038242,4.137287799
2327,0,4.352299230,3.974682855
2328,0,3.782098698,4.323210158
2329,0,2.295477524,3.934792812
2330,0,2.980357577,3.282002515
2331,0,3.066047995,4.150431342
2332,0,3.482219878,3.895586899
2333,0,3.524385181,3.851601586
2334,0,3.487373549,3.693025437
2335,0,2.586518224,2.791726296
2336,0,2.073962055,1.926585979
2337,0,2.971640512,2.506200665
2338,0,3.104434235,2.979958357
2339,0,2.262565310,2.598567747
2340,0,2.944984672,2.465119000
2341,0,3.048674618,3.150502791
2342,0,3.147886421,4.037590707
2343,0,3.312458149,4.510059579
2344,0,3.779982303,3.851659841
2345,0,3.697896075,3.198218804
2346,0,3.683694141,4.267195943
2347,0,3.519065173,4.696477300
2348,0,3.920515697,4.054422305
2349,0,3.769194176,3.491263010
2350,0,3.540091350,4.054833387
2351,0,3.813427692,3.620702899
2352,0,3.834067560,4.060256079
2353,0,2.869456766,3.400756646
2354,0,3.051205152,4.376039636
2355,0,2.947033156,5.350259658
2356,0,3.639687156,4.711794916
2357,0,3.685945297,5.441453943
2358,0,3.632382115,6.157883204
2359,0,3.704014479,6.115225618
2360,0,3.679672133,5.314234808
2361,0,3.451865854,3.885241492
2362,0,3.525358558,5.040470571
2363,0,3.886092418,5.858155078
2364,0,3.570828437,5.169491458
2365,0,3.573126928,4.321010131
2366,0,3.570899480,3.760968923
2367,0,2.916031627,4.080181346
2368,0,2.498586001,3.102885422
2369,0,3.259265319,4.069015226
2370,0,3.207752873,4.514307141
2371,0,3.533541872,5.298166207
2372,0,3.261454908,4.434345592
2373,0,3.250849458,3.693500939
2374,0,3.678899528,5.054244342
2375,0,3.469359457,4.878648166
2376,0,3.461808887,4.444137820
2377,0,2.730003731,2.765301679
2378,0,2.270172500,3.227182380
2379,0,3.384229801,4.159285908
2380,0,3.171593681,4.958778585
2381,0,3.232093647,4.169133467
2382,0,2.948956007,3.492813560
2383,0,3.265846939,3.170619138
2384,0,3.692343732,3.441077605
2385,0,3.686557526,3.640720288
2386,0,3.630694640,4.073158982
2387,0,3.540793668,5.133490474
2388,0,3.648446371,4.744438927
2389,0,3.398208851,3.536274564
2390,0,3.536641930,4.227337754
2391,0,3.734015506,3.704161552
2392,0,3.416451365,4.479247801
2393,0,3.491192806,5.318512975
2394,0,2.815952327,5.814311707
2395,0,3.654158503,5.124926966
2396,0,2.545606580,3.992774773
2397,0,3.335242355,4.869600564
2398,0,3.363423595,4.009444487
2399,0,3.416133747,4.931843134
2400,0,3.427631871,5.751554178
2401,0,2.732129041,4.668902855
2402,0,2.993189987,5.664397773
2403,0,3.459748717,6.127457135
2404,0,3.547387852,5.178166133
2405,0,3.103315429,4.808026021
2406,0,3.572899110,4.127849131
2407,0,3.701510879,4.069143245
2408,0,3.596687015,3.794375866
2409,0,3.396743685,3.078721757
2410,0,2.339261936,1.854661903
2411,0,2.826174554,2.184476669
2412,0,3.083741143,2.660249592
2413,0,3.458459294,2.573523450
2414,0,3.572606963,2.450101497
2415,0,3.014315725,2.563298939
2416,0,3.018613784,3.532733014
2417,0,3.418331940,4.011795826
2418,0,3.875607483,4.109732833
2419,0,3.704497681,3.555149775
2420,0,3.470271047,4.094394176
2421,0,3.509391284,4.962726633
2422,0,3.424166957,3.910547800
2423,0,3.760274871,4.186754281
2424,0,3.787331126,3.769485976
2425,0,3.779617328,3.456884296
2426,0,3.682389042,3.189698897
2427,0,3.217024192,3.015011021
2428,0,3.308739404,3.594512420
2429,0,3.180210530,2.591553045
2430,0,3.316161620,3.771326392
2431,0,3.100871731,5.359741669
2432,0,3.278322062,3.459183727
2433,0,3.455764852,4.725165079
2434,0,2.920658817,2.706417499
2435,0,3.254581291,2.104108224
2436,0,3.627656462,2.866255091
2437,0,2.655579601,1.368935171
2438,0,1.883094306,1.300455526
2439,0,2.023089192,1.488275624
2440,0,2.363748082,1.558726825
2441,0,2.357541571,2.050332798
2442,0,3.141473795,1.937424461
2443,0,3.160573376,2.090890259
2444,0,2.559936587,1.347982146
2445,0,2.263571341,1.156223467
2446,0,2.384377860,1.334274771
2447,0,2.667417941,1.565851292
2448,0,1.750106182,1.151015171
2449,0,2.683865842,1.436748137
2450,0,2.521925410,1.369167161
2451,0,2.176595462,1.477092387
2452,0,2.981686960,2.327030417
2453,0,2.907851211,2.213419367
2454,0,3.405695757,2.869731869
2455,0,3.169975468,3.099853456
2456,0,3.220003342,4.056199033
2457,0,2.808736225,4.617426826
2458,0,3.485421963,7.221361084
2459,0,3.759314811,5.767538556
2460,0,0.938179633,0.716760930
2461,0,2.027875734,1.211023212
2462,0,2.650448630,1.830871529
2463,0,3.047511198,2.947408152
2464,0,3.415005642,4.280422039
2465,0,3.510342070,2.713390065
2466,0,3.682758078,3.201512486
2467,0,3.804587690,3.843233744
2468,0,3.723884203,3.997303255
2469,0,3.577277459,4.085020569
2470,0,3.770743170,4.585132879
2471,0,3.823665846,3.631696946
2472,0,3.053341237,4.794687416
2473,0,2.956094140,4.329266082
2474,0,3.379102478,3.008287241
2475,0,3.719761447,3.524918768
2476,0,3.899690843,3.102984318
2477,0,4.095971501,3.577275106
2478,0,3.845278461,3.013692711
2479,0,3.618244502,3.229310189
2480,0,1.078930890,0.725311560
2481,0,2.519781504,2.052567563
2482,0,1.736775961,1.605651059
2483,0,2.520210873,2.493844003
2484,0,2.689018625,1.983078697
2485,0,2.770751260,1.777991141
2486,0,2.623639242,1.822885291
2487,0,2.734474840,2.518932140
2488,0,2.814693629,2.138962220
2489,0,3.211393492,1.833806053
2490,0,3.184392112,2.414838019
2491,0,1.343741070,1.040367988
2492,0,1.914056725,1.300956883
2493,0,1.746233807,1.480468384
2494,0,2.352025615,1.035712807
2495,0,3.235966905,1.905118496
2496,0,2.717493744,1.315932978
2497,0,1.996428979,1.464737946
2498,0,2.390523844,1.707590389
2499,0,1.812721321,1.137434296
2500,0,2.290183522,1.525048757
2501,0,2.271059461,2.791749100
2502,0,2.429261333,3.473497610
2503,0,3.022603493,4.881071048
2504,0,2.931165534,3.841298635
2505,0,2.717542298,2.834005296
2506,0,3.125305119,2.567289205
2507,0,2.817278158,2.833068917
2508,0,3.255212954,2.531700108
2509,0,2.432412882,2.886309257
2510,0,2.653724929,2.151203636
2511,0,2.475387051,2.418408280
2512,0,2.721947873,1.855529962
2513,0,2.540175195,2.053650767
2514,0,2.468794871,2.595181993
2515,0,2.348693033,2.197051304
2516,0,2.494790468,1.682698263
2517,0,1.792021276,1.697567758
2518,0,2.319156252,1.413066860
2519,0,2.855929569,1.974222218
2520,0,2.879143521,2.860644752
2521,0,2.740144994,2.077107762
2522,0,2.705266144,2.509966018
2523,0,2.940018621,2.339633920
2524,0,2.762963271,3.670747001
2525,0,2.690246535,2.014758095
2526,0,2.423793025,1.368733259
2527,0,2.568682426,1.475076289
2528,0,2.830835720,1.743461006
2529,0,2.920387780,1.946897635
2530,0,3.014789347,2.015897919
2531,0,2.815205239,1.815681515
2532,0,3.001038693,2.255518306
2533,0,2.474824756,2.438834483
2534,0,3.048287593,2.472237118
2535,0,3.121302968,2.708254627
2536,0,3.148995112,2.660901425
2537,0,2.949969169,2.467992507
2538,0,2.312466651,2.624020354
2539,0,2.829655374,2.428515072
2540,0,3.150578244,2.812534255
2541,0,2.877104701,2.220432586
2542,0,2.966381714,2.234366159
2543,0,2.558992769,2.587443466
2544,0,1.739225517,1.423741258
2545,0,2.601827893,1.645674438
2546,0,2.162014146,2.288070884
2547,0,1.988680471,1.547540765
2548,0,2.368662702,1.802888161
2549,0,2.428410476,1.933869359
2550,0,2.413986209,2.049093680
2551,0,2.664571371,1.632019061
2552,0,2.904322679,2.273459383
2553,0,2.363835910,2.020621332
2554,0,3.332309687,2.327363564
2555,0,2.514785300,1.595633746
2556,0,2.602985185,1.994006292
2557,0,2.692167735,2.024770756
2558,0,2.690444176,2.318440271
2559,0,2.281034469,1.323630918
2560,0,2.101279744,1.169844464
2561,0,1.913994648,1.878868544
2562,0,2.045670571,1.431151117
2563,0,2.158691515,1.441897535
2564,0,2.142116891,1.723340987
2565,0,2.034437328,1.201676648
2566,0,2.410455880,2.085487178
2567,0,1.887522042,1.615380015
2568,0,1.599768126,0.949961309
2569,0,1.007291851,1.106814024
2570,0,1.916144936,2.063006137
2571,0,1.391937489,1.076671136
2572,0,-0.000000000,0.000000000
2573,0,1.000000000,1.000000000
2574,0,1.918295834,1.333333333
2575,0,1.388304234,1.142857143
2576,0,1.248601429,1.754098361
2577,0,1.607866890,1.158060109
2578,0,0.015284816,0.008396175
2579,0,1.005372495,1.002334449
2580,0,1.922085559,1.334786105
2581,0,1.624433949,1.386550979
2582,0,2.006615423,1.409137056
2583,0,1.482705275,0.872821577
2584,0,1.705934302,1.733838599
2585,0,1.742818019,1.294342613
2586,0,1.673375198,0.923927054
2587,0,0.976747043,0.495283854
2588,0,0.832912725,0.381987031
2589,0,1.282153284,0.594092993
2590,0,1.678282379,1.461542208
2591,0,1.532780181,1.683531884
2592,0,1.941161579,1.829449554
2593,0,2.086858707,1.368306859
2594,0,2.409544808,1.590134715
2595,0,2.312039069,2.133197297
2596,0,2.459066624,1.658664984
2597,0,2.480685860,2.055727161
2598,0,2.142393354,2.447223630
2599,0,2.517896040,1.933376785
2600,0,2.377040965,1.575134944
2601,0,2.206250255,1.427307025
2602,0,2.426796527,1.638776909
2603,0,2.270773811,1.867076148
2604,0,1.623520744,2.164932342
2605,0,2.596515511,1.872408574
2606,0,1.559064259,1.365252099
2607,0,2.354947462,1.749254657
2608,0,2.257862516,1.463336403
2609,0,2.291755945,1.482123398
2610,0,2.255022350,1.696065089
2611,0,2.344714341,2.306075687
2612,0,2.663805827,1.928571502
2613,0,1.387837517,1.084844487
2614,0,2.020892261,1.221580118
2615,0,2.387140531,1.637491818
2616,0,2.280059773,1.506799575
2617,0,2.226310274,1.692557774
2618,0,2.783951327,3.031527236
2619,0,2.582110037,1.778787503
2620,0,1.400098402,1.046275658
2621,0,2.165590125,1.973319034
2622,0,2.818460397,1.939675487
2623,0,2.600680519,1.555563320
2624,0,2.956186768,2.060002874
2625,0,3.076415040,2.604400441
2626,0,3.031663044,2.095080773
2627,0,2.400067388,2.771795154
2628,0,2.909050430,4.148968821
2629,0,3.005300274,3.311380308
2630,0,3.369826037,2.837333528
2631,0,3.183497322,2.332223715
2632,0,3.129215452,2.625437043
2633,0,3.468288727,2.585281824
2634,0,3.361385059,2.854039636
2635,0,3.511278639,2.681186920
2636,0,3.210752920,2.649961105
2637,0,3.036728285,2.458993465
2638,0,3.083003414,2.909434136
2639,0,2.973719423,2.317114553
2640,0,3.059543497,2.728410373
2641,0,3.457989004,2.675927757
2642,0,3.144181649,2.744016211
2643,0,3.218217849,2.596563456
2644,0,2.313159048,2.773206711
2645,0,2.732132611,2.307514208
2646,0,2.857988977,3.021339759
2647,0,2.804229451,2.451094089
2648,0,2.635621682,2.538563292
2649,0,3.168807235,2.612500787
2650,0,3.010931867,1.966031536
2651,0,3.051101935,1.858847414
2652,0,2.884504283,1.664363416
2653,0,2.792992495,1.663999567
2654,0,3.115861744,1.958585326
2655,0,3.211160185,2.278038230
2656,0,3.285737123,3.115608005
2657,0,3.587006957,2.716253488
2658,0,2.738142547,3.208946563
2659,0,3.537830919,3.892796820
2660,0,2.946527277,2.509200013
2661,0,2.703748981,2.389292989
2662,0,2.366352744,1.751734297
2663,0,2.264152603,1.239101009
2664,0,2.538512400,1.664869199
2665,0,2.933714511,2.574795904
2666,0,2.490230365,1.547977101
2667,0,2.549421584,1.390502036
2668,0,2.496296937,1.481059780
2669,0,2.588172220,2.427605556
2670,0,2.485717480,1.659067283
2671,0,2.616545914,1.437243886
2672,0,2.413766488,1.764513939
2673,0,2.648671681,1.953500439
2674,0,2.461747249,2.200364363
2675,0,3.386752821,2.396669379
2676,0,3.518058748,2.441722715
2677,0,3.494714130,2.522106051
2678,0,3.620836625,2.799478062
2679,0,3.479114192,3.138972297
2680,0,3.759984918,2.490673257
2681,0,3.536847688,3.675391329
2682,0,3.371654240,3.611014938
2683,0,2.873096122,3.118518680
2684,0,3.328688971,4.039344423
2685,0,3.285148784,2.978875775
2686,0,3.203841471,2.326213607
2687,0,3.216961949,2.043766455
2688,0,2.608360264,1.975531399
2689,0,3.576403586,2.574720155
2690,0,3.638770386,2.902863610
2691,0,3.441090116,3.198500557
2692,0,3.354459442,2.587340313
2693,0,2.670267619,1.903826789
2694,0,2.575801179,2.138627305
2695,0,2.907176834,2.920761254
2696,0,2.380873466,2.531555162
2697,0,3.429319638,2.490914305
2698,0,3.444861680,2.596716306
2699,0,3.352175213,2.129236593
2700,0,3.219030520,2.641658020
2701,0,3.438071131,2.101732319
2702,0,3.074672670,3.023698124
2703,0,2.852155753,3.984326838
2704,0,3.312676065,4.288803904
2705,0,3.338819736,2.627346118
2706,0,3.170231994,2.759951816
2707,0,3.115329474,3.181580479
2708,0,3.118782183,2.775740551
2709,0,2.880356986,2.754054268
2710,0,2.902730411,3.120889546
2711,0,3.220885345,2.610595674
2712,0,2.972733525,2.984206472
2713,0,3.157560423,2.818982438
2714,0,3.030963812,2.033352804
2715,0,2.925829727,1.776874149
2716,0,2.909484810,2.070290281
2717,0,3.218086128,2.605512884
2718,0,3.159143229,2.212179356
2719,0,3.482704098,2.533705584
2720,0,3.340917030,2.381759138
2721,0,3.196888276,2.244450933
2722,0,3.322123673,2.422415598
2723,0,3.276237661,2.476693563
2724,0,3.486260109,3.013257351
2725,0,3.132739634,3.449636360
2726,0,2.796068562,4.395690607
2727,0,3.785438110,3.859376147
2728,0,3.174485271,5.846104725
2729,0,2.771808583,5.652172043
2730,0,2.563726091,6.217444530
2731,0,2.409524278,6.451215854
2732,0,2.423505084,5.097757682
2733,0,2.926759224,6.038382365
2734,0,3.556706870,5.373128059
2735,0,2.792603217,7.429757040
2736,0,3.787496853,6.588863603
2737,0,3.843482168,5.492620455
2738,0,3.008413588,3.413895563
2739,0,3.247953804,3.265922837
2740,0,3.450211222,4.141948189
2741,0,3.129424349,4.212621461
2742,0,2.758772245,4.448951207
2743,0,2.921972882,3.637737489
2744,0,3.413495948,3.352693877
2745,0,3.498807114,3.171789253
2746,0,3.387260345,4.173108972
2747,0,3.473506469,2.733885112
2748,0,2.623009672,2.445988013
2749,0,3.059908584,2.607036313
2750,0,3.276589135,2.585700153
2751,0,3.399697431,2.826980511
2752,0,3.696852576,3.054993292
2753,0,2.755074448,3.047567944
2754,0,3.781733712,3.592124142
2755,0,3.791215258,4.037801654
2756,0,3.027005753,3.386949805
2757,0,3.580893431,3.525032713
2758,0,2.732349121,3.431596149
2759,0,3.001903373,3.700216653
2760,0,2.446906669,2.837864425
2761,0,2.849753709,2.374017753
2762,0,3.083127028,2.944622800
2763,0,3.056029126,2.663742858
2764,0,3.127317011,3.788647108
2765,0,3.303749835,3.066010135
2766,0,3.412014423,2.737551852
2767,0,3.633782121,3.234090334
2768,0,3.829670639,3.911763968
2769,0,2.076952544,3.195006382
2770,0,2.438360983,4.089807267
2771,0,2.393429156,3.473314572
2772,0,3.418789881,2.940795034
2773,0,3.432768125,2.849837783
2774,0,3.432356064,3.068112409
2775,0,3.596129006,2.818748536
2776,0,3.481213167,2.625658766
2777,0,3.197056136,2.637186565
2778,0,3.310590096,2.627492723
2779,0,3.531249085,2.972141701
2780,0,2.568953950,2.206765530
2781,0,2.983730911,1.801751932
2782,0,2.680737447,1.588383096
2783,0,2.834510744,1.646419612
2784,0,2.587248016,1.896333306
2785,0,2.413087931,1.317774371
2786,0,2.436194386,1.368593064
2787,0,2.805605531,1.764098778
2788,0,3.149631990,2.962826071
2789,0,3.607545344,2.992338340
2790,0,3.412887790,2.363490824
2791,0,3.614127467,3.391708525
2792,0,4.134801969,4.143827675
2793,0,3.794424364,4.004926538
2794,0,2.398257361,2.865485041
2795,0,3.003435685,2.915188908
2796,0,2.858968913,2.206829768
2797,0,3.417820678,2.953304299
2798,0,3.157317075,2.634148121
2799,0,3.438977695,2.918800291
2800,0,2.617459582,3.206842165
2801,0,3.370362146,4.894880888
2802,0,2.448299815,1.648337988
2803,0,2.602795272,2.025526507
2804,0,1.517575737,1.454113148
2805,0,2.123405847,2.318668737
2806,0,2.528617766,1.853336767
2807,0,2.531759207,1.813826492
2808,0,2.360220218,1.956778148
2809,0,2.671970893,1.852688832
2810,0,0.976860219,0.821375613
2811,0,1.463951589,1.686517836
2812,0,2.461863013,2.738764863
2813,0,2.627801033,1.970376714
2814,0,2.725982142,1.781925433
2815,0,2.486859255,1.514316194
2816,0,2.549959159,1.723641925
2817,0,2.759628764,2.322518427
2818,0,2.925196415,2.123037211
2819,0,2.929980917,2.338548557
2820,0,3.132143013,2.515976433
2821,0,3.107060280,2.850873187
2822,0,3.226674757,3.623701982
2823,0,3.240314029,3.839773985
2824,0,3.424395194,4.335413071
2825,0,3.066633357,2.279947009
2826,0,2.585470331,2.292684178
2827,0,1.585245350,1.532271604
2828,0,2.112764899,1.411058360
2829,0,2.503133497,1.463029778
2830,0,2.690922350,1.885403893
2831,0,2.608986059,1.695565387
2832,0,2.945718868,2.030386488
2833,0,2.707381042,2.010364523
2834,0,2.461281025,2.989308219
2835,0,2.262548963,2.472465092
2836,0,1.999086709,1.500459935
2837,0,1.839513280,1.165755412
2838,0,2.128736665,1.393960364
2839,0,0.163565676,0.080672655
2840,0,1.146620455,0.519361670
2841,0,2.052526428,1.435752100
2842,0,1.882252513,2.024911291
2843,0,2.290534655,3.375273866
2844,0,2.330463971,1.937323463
2845,0,1.762164475,1.074578226
2846,0,1.943558340,1.569386210
2847,0,2.971779172,2.147196581
2848,0,2.941301331,1.765029397
2849,0,2.917760015,2.330464849
2850,0,3.369345798,3.120909923
2851,0,3.208586147,3.799895762
2852,0,2.984172734,4.457384085
2853,0,-0.000000000,0.000000000
2854,0,1.061278124,0.500000000
2855,0,0.786164510,0.356164384
2856,0,1.172971235,0.574257426
2857,0,1.415171751,1.498436957
2858,0,-0.000000000,0.000000000
2859,0,1.000000000,1.000000000
2860,0,0.863120569,1.428571429
2861,0,1.771648111,2.488372093
2862,0,1.293769826,1.984615385
2863,0,2.157858010,2.079329609
2864,0,2.286561397,3.008100655
2865,0,2.497676648,3.062188172
2866,0,2.840869582,3.514365098
2867,0,3.043576772,3.789792539
2868,0,3.258673532,3.255900296
2869,0,3.035211466,2.997548028
2870,0,3.093643236,3.221898140
2871,0,3.064707515,3.069189087
2872,0,3.223865041,3.118885851
2873,0,3.491673062,2.804283577
2874,0,3.375473374,2.511312584
2875,0,3.265338146,2.335114949
2876,0,3.070016853,3.599148907
2877,0,3.297350671,2.650853025
2878,0,3.504264405,2.268762436
2879,0,3.316936221,2.211199892
2880,0,3.075044910,2.346780060
2881,0,3.047165398,2.149041140
2882,0,2.632864471,1.751369653
2883,0,2.578765123,2.011072711
2884,0,3.052654891,3.223586299
2885,0,0.619474774,1.692232401
2886,0,2.181263878,1.474352700
2887,0,1.483044201,1.025313987
2888,0,2.379840556,1.556583172
2889,0,2.007372653,2.263495253
2890,0,2.925603266,2.707746180
2891,0,2.282675188,2.604467810
2892,0,3.072376586,2.476541131
2893,0,3.599570101,2.879429152
2894,0,3.442711950,2.763262511
2895,0,3.794997949,3.110651570
2896,0,3.659714043,3.278943986
2897,0,3.456942009,3.173855609
2898,0,3.327651898,3.414626101
2899,0,2.266016328,2.616128951
2900,0,2.661343754,2.372724618
2901,0,3.056542573,2.315659516
2902,0,2.797078314,2.518551233
2903,0,3.165038983,3.453123177
2904,0,2.613295740,3.321729163
2905,0,3.140873884,2.623835188
2906,0,1.659536033,1.213673660
2907,0,2.539307817,1.649150853
2908,0,2.415510965,1.979689051
2909,0,2.682659031,2.080246567
2910,0,1.994371810,1.212748137
2911,0,1.841675343,1.735683507
2912,0,2.228247341,1.263222324
2913,0,2.741904843,1.928445625
2914,0,2.515285038,2.174633516
2915,0,2.538898681,3.143574080
2916,0,2.516952037,3.515047448
2917,0,2.880204467,4.316381189
2918,0,2.615291281,5.090222403
2919,0,2.840346493,4.370694129
2920,0,3.019841535,4.180595849
2921,0,3.102680762,4.175025094
2922,0,3.516216000,3.366987083
2923,0,2.783438938,2.083361413
2924,0,3.033429338,2.087642157
2925,0,3.201830825,2.372892904
2926,0,1.982947774,1.484730296
2927,0,2.734444114,1.814976243
2928,0,3.473425793,2.327106694
2929,0,1.497241414,1.502779093
2930,0,1.484691192,2.205289807
2931,0,2.167117340,1.628098472
2932,0,2.576140224,2.610574407
2933,0,2.806934554,4.222730433
2934,0,2.502452666,2.756078729
2935,0,2.643523823,4.430095649
2936,0,3.058072816,3.800518125
2937,0,3.078295550,3.532922433
2938,0,2.409601764,3.752924152
2939,0,2.000534975,3.529259409
2940,0,2.316596649,4.204615320
2941,0,2.460648817,1.946185330
2942,0,1.546138094,2.776928537
2943,0,2.333041692,3.061761908
2944,0,2.780524350,3.016159975
2945,0,2.750969929,3.829047303
2946,0,2.989634007,3.712558708
2947,0,2.894994525,3.464367897
2948,0,2.870671829,4.222434596
2949,0,3.453647519,4.861920852
2950,0,2.586697386,6.493253721
2951,0,2.113882920,6.162142478
2952,0,2.925616768,6.758279670
2953,0,2.635779053,5.244501346
2954,0,2.857713177,5.012842318
2955,0,2.237905377,4.595018779
2956,0,2.544227569,2.690463304
2957,0,2.832900346,3.648408491
2958,0,2.838515496,2.176165193
2959,0,3.036473670,2.005003772
2960,0,3.334883563,2.446289679
2961,0,3.216500964,2.814417379
2962,0,3.284411993,3.320713242
2963,0,2.993945884,2.511782359
2964,0,2.527248248,1.710779320
2965,0,2.696707197,2.252190047
2966,0,2.734398214,2.603510756
2967,0,2.976942252,2.125559854
2968,0,2.815475981,2.297409699
2969,0,2.922581810,2.329332286
2970,0,2.083729900,1.447321791
2971,0,2.540253253,1.642965165
2972,0,2.365347661,2.365701481
2973,0,2.504454549,1.776855226
2974,0,2.446233025,2.087103216
2975,0,2.487310533,2.926251351
2976,0,2.601750822,2.054294461
2977,0,1.970533686,2.190177482
2978,0,3.100106743,2.358428161
2979,0,3.169702721,2.524216014
2980,0,3.232175594,3.000496047
2981,0,3.108410862,3.747882241
2982,0,3.690798139,3.676140874
2983,0,3.511200520,4.312570345
2984,0,3.809906530,3.842180743
2985,0,3.765741153,4.497650012
2986,0,3.155564825,4.006529512
2987,0,3.416590460,4.167957998
2988,0,3.143011137,2.836542462
2989,0,2.719037278,1.836944094
2990,0,2.827720852,2.318950226
2991,0,2.480989956,2.367010750
2992,0,2.935523049,2.027226076
2993,0,3.021364678,2.980679885
2994,0,2.950711079,2.091566486
2995,0,2.979382606,2.361555870
2996,0,3.124853456,2.997753099
2997,0,2.339717022,2.266218522
2998,0,2.578770200,1.656616576
2999,0,2.610313249,2.034384868
3000,0,2.291857698,2.101412218
3001,0,2.280302656,1.409135701
3002,0,2.299708731,1.537330982
3003,0,2.493304108,1.780482996
3004,0,2.257994519,1.803096277
3005,0,2.656839101,2.713448302
3006,0,2.527893497,1.911833001
3007,0,2.544993916,1.620456932
3008,0,2.374678994,1.240699589
3009,0,2.645600551,1.657189972
3010,0,2.398736733,1.156425369
3011,0,2.239504297,1.374392956
3012,0,2.665533910,2.267377979
3013,0,2.521655264,1.654050014
3014,0,2.400464239,2.444737248
3015,0,2.856371688,3.398149604
3016,0,1.559280253,3.223238111
3017,0,2.404022424,2.622585861
3018,0,2.754223245,2.081839042
3019,0,2.655096366,1.637006523
3020,0,2.415189857,2.086615213
3021,0,1.721183364,2.348163018
3022,0,2.264504016,1.547045352
3023,0,2.287506473,1.694814815
3024,0,2.329030199,1.393221956
3025,0,1.988727592,1.462195103
3026,0,1.904305322,1.370585919
3027,0,1.747468157,1.440363315
3028,0,2.423823181,2.123853267
3029,0,2.708872935,3.029177079
3030,0,3.034836196,4.022998997
3031,0,2.953386165,4.055950103
3032,0,3.056311464,4.929191775
3033,0,3.012721043,4.167239212
3034,0,3.096158368,5.209883575
3035,0,3.085313997,4.766441534
3036,0,2.989416134,3.714722223
3037,0,1.941427947,3.791113099
3038,0,2.866885192,5.213032333
3039,0,3.218688769,6.519516423
3040,0,3.326779999,7.255539813
3041,0,2.729867831,5.808477963
3042,0,3.530402896,4.904856930
3043,0,3.322163862,3.954484241
3044,0,3.570446960,4.884781562
3045,0,3.373830770,5.852058144
3046,0,3.312862823,5.324937651
3047,0,3.659085278,4.285039194
3048,0,2.707372518,1.671084200
3049,0,2.689290953,1.934159175
3050,0,2.861679288,2.067823134
3051,0,2.929329691,2.911277559
3052,0,3.369854988,3.057758280
3053,0,3.242490643,2.963940775
3054,0,3.025713208,2.039406108
3055,0,2.421135332,1.506690808
3056,0,2.587666146,2.170872593
3057,0,2.673638311,2.296051565
3058,0,2.433455093,3.775358803
3059,0,3.272670190,5.088889938
3060,0,2.844628250,2.212968439
3061,0,3.026529808,2.877714359
3062,0,2.997366246,3.027000672
3063,0,2.869451819,3.297482382
3064,0,3.212077047,2.724406709
3065,0,3.218641872,2.258891813
3066,0,3.080094426,2.579696548
3067,0,2.964322813,2.470447306
3068,0,3.282579319,2.648997635
3069,0,3.603311884,3.231592690
3070,0,3.369232737,2.690560331
3071,0,2.872020792,1.978135373
3072,0,2.642249859,1.850646019
3073,0,2.212817035,1.876354614
3074,0,2.393880722,2.277510440
3075,0,3.007755160,2.781720946
3076,0,3.131486332,2.555457152
3077,0,2.890084154,2.818475256
3078,0,3.510828808,3.538164027
3079,0,3.234449108,3.593472088
3080,0,3.061233265,2.909089465
3081,0,2.426889375,2.039695434
3082,0,2.980404137,2.034207890
3083,0,3.104836316,2.490839627
3084,0,2.391950072,1.449119192
3085,0,1.916444546,1.722509677
3086,0,2.732368807,2.215280991
3087,0,2.758425099,3.179544127
3088,0,2.735740965,2.474642546
3089,0,3.032822373,2.099722121
3090,0,2.587233579,1.821780966
3091,0,1.889010150,1.190177803
3092,0,2.063206125,1.527856057
3093,0,3.190832498,2.355437592
3094,0,3.564174522,2.889772760
3095,0,3.800491421,3.504456476
3096,0,3.876565187,3.117820235
3097,0,3.825684708,3.440882519
3098,0,3.791479373,3.783899906
3099,0,3.662103059,3.669452510
3100,0,3.549935412,2.788535893
3101,0,1.945813100,1.662082945
3102,0,2.328549452,1.148687820
3103,0,2.737563167,1.927073681
3104,0,2.402332802,1.347847966
3105,0,2.582809465,1.560931555
3106,0,2.502381085,1.525011461
3107,0,2.454961347,1.698650924
3108,0,2.708894517,1.841866861
3109,0,2.859809656,2.326003579
3110,0,2.635969858,1.834345259
3111,0,2.387913154,2.212600318
3112,0,2.978825254,2.778820023
3113,0,0.934351379,0.696701720
3114,0,1.896516272,1.336430504
3115,0,0.999629401,1.022665302
3116,0,1.918172301,2.015110201
3117,0,1.564389310,1.739404395
3118,0,1.189790029,0.488964226
3119,0,1.089845964,0.492973537
3120,0,1.005540190,1.813180462
3121,0,1.830611673,1.176098055
3122,0,1.991375079,1.831028833
3123,0,2.227143304,1.458119536
3124,0,1.834532065,1.001824053
3125,0,1.030041526,0.597791924
3126,0,2.149938680,1.828317258
3127,0,2.398882453,1.511612684
3128,0,2.273619089,1.810878992
3129,0,2.249257093,1.354845333
3130,0,2.070870848,1.986556541
3131,0,1.990738820,2.391655693
3132,0,2.493233674,2.490982808
3133,0,2.816509908,2.796408424
3134,0,1.994075225,2.474973465
3135,0,2.255325106,2.386087774
3136,0,2.151967358,2.250281641
3137,0,2.334778231,3.182278257
3138,0,2.952939834,2.608924751
3139,0,2.952943566,3.424338716
3140,0,3.054870135,2.803586141
3141,0,2.222813894,2.256726395
3142,0,2.391487070,2.558153899
3143,0,2.965200588,2.785127382
3144,0,2.939853561,2.970522270
3145,0,3.327755196,3.001404964
3146,0,2.442634835,3.093946585
3147,0,3.025259936,2.673163525
3148,0,3.298547752,3.149617110
3149,0,3.633681745,3.356079145
3150,0,2.114624674,3.045584939
3151,0,2.570499430,2.496938325
3152,0,2.193793405,2.044257158
3153,0,2.758418809,2.014821091
3154,0,2.322544442,2.243532228
3155,0,2.732554992,2.014653567
3156,0,1.690441792,1.614923623
3157,0,1.476878677,2.623987311
3158,0,1.563605339,3.373083122
3159,0,2.024029444,4.581547544
3160,0,2.198613146,4.172732135
3161,0,2.309831594,4.006411193
3162,0,2.732467367,3.087107810
3163,0,2.178247538,3.419782581
3164,0,2.228795660,3.859960840
3165,0,1.889864307,4.593015629
3166,0,0.994846244,0.915524497
3167,0,0.854601168,0.558754919
3168,0,1.384834204,1.000000000
3169,0,2.001621513,1.164278456
3170,0,2.361374571,1.550032161
3171,0,0.736141187,0.414446229
3172,0,0.586398268,0.281652244
3173,0,1.385022727,1.770224036
3174,0,1.938105799,1.297860134
3175,0,2.061602930,1.390702856
3176,0,1.867839014,1.325454058
3177,0,1.485033990,1.251213351
3178,0,1.866591922,2.161905284
3179,0,1.562895022,1.148077271
3180,0,1.937309937,1.337150335
3181,0,2.161703590,1.612621798
3182,0,1.901020936,2.247402916
3183,0,3.053851010,2.412239657
3184,0,3.241272246,2.633516341
3185,0,1.498530838,1.493904839
3186,0,1.891860354,1.798870452
3187,0,1.430221844,1.425994972
3188,0,1.832113989,1.574260309
3189,0,1.352520222,1.406279549
3190,0,1.269319925,0.950891232
3191,0,1.811209608,1.758921387
3192,0,1.798199591,1.441618643
3193,0,2.193642208,1.638130015
3194,0,2.515451554,1.735138601
3195,0,2.662048735,1.743480247
3196,0,1.211678317,1.419763986
3197,0,1.738628608,1.139756054
3198,0,1.598238712,1.358589527
3199,0,0.949945569,0.738114748
3200,0,1.474972784,1.738114748
3201,0,2.185311049,1.640881145
3202,0,1.966403810,1.345125873
3203,0,1.475923872,1.127609092
3204,0,1.933598895,1.362161313
3205,0,1.401170019,1.145313393
3206,0,1.219337574,0.519937625
3207,0,1.163012006,1.048361941
3208,0,1.804028137,2.012360125
3209,0,2.053371861,2.281746905
3210,0,1.900983676,1.783540254
3211,0,0.999234188,1.032579955
3212,0,1.775505496,2.030073804
3213,0,2.047180719,2.832824967
3214,0,2.248278193,2.000279334
3215,0,2.216845282,1.817637925
3216,0,1.547725415,1.745082388
3217,0,1.718028458,1.267110350
3218,0,1.263550027,1.997258601
3219,0,2.210598448,2.887084053
3220,0,1.903828613,3.843350663
3221,0,1.532042232,2.225399889
3222,0,2.725938636,3.336790738
3223,0,2.436575062,2.782301955
3224,0,3.354996169,2.763948676
3225,0,3.499048656,2.881041953
3226,0,3.531591202,3.308214890
3227,0,3.523978135,3.030750570
3228,0,3.830026843,3.378063886
3229,0,3.940294687,3.567328246
3230,0,3.501294704,3.892935712
3231,0,3.929159983,3.400102969
3232,0,3.756241988,3.546924234
3233,0,4.008375938,3.503089551
3234,0,3.890916052,3.507888837
3235,0,3.492394081,5.123955140
3236,0,3.199998481,4.554592994
3237,0,2.421480837,4.236775142
3238,0,2.719104994,3.176889104
3239,0,2.820990092,2.538841180
3240,0,2.629045064,2.462224532
3241,0,1.764758033,2.010147853
3242,0,2.077791526,2.499175820
3243,0,2.573505168,3.082380363
3244,0,2.636099379,3.874629960
3245,0,3.344491889,4.500620348
3246,0,3.198226027,3.712355991
3247,0,3.633567129,3.413820286
3248,0,3.432227996,3.182493859
3249,0,3.582982038,2.959911800
3250,0,3.511374878,3.151433438
3251,0,2.975924758,2.338533442
3252,0,2.394818840,1.786315944
3253,0,2.215812410,2.313473532
3254,0,2.243027472,3.229712997
3255,0,2.447000230,2.158518050
3256,0,2.560748048,2.558922572
3257,0,1.824326233,1.448196650
3258,0,2.626244866,1.853782509
3259,0,2.239818376,1.457655394
3260,0,1.602527633,1.437886566
3261,0,1.641335553,1.455921442
3262,0,1.922404496,1.383385750
3263,0,1.000062460,0.981284402
3264,0,1.500114063,1.981195520
3265,0,2.193052247,1.742274730
3266,0,1.473729610,1.979295984
3267,0,2.260588437,1.761418800
3268,0,1.555238033,1.700181339
3269,0,1.002432501,1.017172525
3270,0,1.502784520,2.017265609
3271,0,2.009982759,1.555414753
3272,0,2.252407473,1.519291481
3273,0,2.223778697,2.373455897
3274,0,2.772690460,2.128078025
3275,0,2.459039681,2.211247988
3276,0,1.977112415,2.167127810
3277,0,1.537805690,1.140844539
3278,0,1.938374111,1.341073742
3279,0,1.403752349,1.150850151
3280,0,1.219712597,0.520193754
3281,0,1.163072252,1.048769828
3282,0,1.997721530,1.175727021
3283,0,2.214146273,1.785324360
3284,0,0.000016502,0.000012717
3285,0,1.000001935,1.000001181
3286,0,1.918297020,1.333334084
3287,0,0.998851348,0.960003734
3288,0,1.917916357,1.973336440
3289,0,1.386494384,1.047148262
3290,0,1.217872962,0.519076366
3291,0,1.580071102,1.200692534
3292,0,1.243835886,0.534978869
3293,0,2.201678972,1.721886252
3294,0,2.114125259,1.300463600
3295,0,2.229562131,1.652051772
3296,0,2.128990652,1.319321918
3297,0,2.233483077,1.798823611
3298,0,2.566438133,2.286538906
3299,0,0.996204987,1.072518306
3300,0,1.185804106,0.500000435
3301,0,1.560824531,1.138279574
3302,0,1.969752435,1.184117941
3303,0,2.218752266,1.629673685
3304,0,1.493822786,0.710195565
3305,0,0.999807302,0.983652316
3306,0,0.000000178,0.000000094
3307,0,1.000000162,1.000000076
3308,0,1.918295958,1.333333395
3309,0,2.020204838,1.500000037
3310,0,1.966456862,1.447513855
3311,0,0.998643693,1.043356692
3312,0,0.000000264,0.000000139
3313,0,1.000000188,1.000000090
3314,0,0.000000499,0.000000272
3315,0,1.000000144,1.000000068
3316,0,1.186278267,0.500000073
3317,0,2.178787672,1.682119327
3318,0,1.978002211,1.356321939
3319,0,1.466699738,1.167772972
3320,0,1.226857780,0.524408286
3321,0,1.585852074,1.201661121
3322,0,0.000000010,0.000000005
3323,0,1.000000010,1.000000005
3324,0,1.918295837,1.333333335
3325,0,1.388304237,1.055900622
3326,0,1.827208601,2.039039040
3327,0,1.864048506,3.287544849
3328,0,1.562910611,2.233213138
3329,0,2.282664133,1.788779521
3330,0,1.527619202,0.736043826
3331,0,1.238105329,1.069188914
3332,0,2.169694092,2.164297046
3333,0,2.190821943,2.762069013
3334,0,2.737070588,2.386634011
3335,0,1.904115928,1.369628699
3336,0,1.303924123,1.737624593
3337,0,0.999893643,1.012142400
3338,0,1.775809861,1.076923077
3339,0,0.996395740,1.070656937
3340,0,1.774195444,2.065221788
3341,0,0.994175701,1.089795998
3342,0,-0.000000000,0.000000000
3343,0,1.000000000,1.000000000
3344,0,-0.000000000,0.000000000
3345,0,1.000000000,1.000000000
3346,0,1.500000000,1.000000000
3347,0,1.589673944,1.258426966
3348,0,1.895477494,2.058692752
3349,0,1.553891289,1.254983729
3350,0,-0.000000000,0.000000000
3351,0,1.000000000,1.000000000
3352,0,1.918295834,1.333333333
3353,0,2.020204756,1.500000000
3354,0,1.707902479,0.985567010
3355,0,1.495505979,1.320481928
3356,0,2.026870854,2.390661762
3357,0,2.325313924,3.071916398
3358,0,2.458402505,2.147115385
3359,0,2.435687937,1.881171009
3360,0,2.387786166,2.094564310
3361,0,2.153559898,1.359641144
3362,0,2.551596588,1.687689674
3363,0,2.208297223,1.177029494
3364,0,2.126242870,1.566617403
3365,0,2.093848887,1.492573533
3366,0,2.023452228,1.379111704
3367,0,1.859397069,1.835069283
3368,0,2.587354999,2.833633400
3369,0,2.693606847,3.626825351
3370,0,2.486465594,3.119185614
3371,0,3.525828376,4.098638232
3372,0,3.294003841,3.447345545
3373,0,3.128836493,2.893216564
3374,0,2.913607903,3.121759061
3375,0,3.494614854,3.176380182
3376,0,3.673003326,3.613038243
3377,0,3.689410595,3.684006618
3378,0,3.899033114,3.891186810
3379,0,3.310488206,2.769108484
3380,0,3.424002181,3.079221563
3381,0,3.399312856,3.116465597
3382,0,3.582275140,2.878756098
3383,0,3.735142225,2.965136346
3384,0,3.369016132,2.962200448
3385,0,3.612176794,3.244754618
3386,0,3.610775370,2.913649357
3387,0,3.540321350,2.919550210
3388,0,3.442984058,2.872995248
3389,0,3.517536765,3.067149185
3390,0,3.339713241,2.813062236
3391,0,3.735183824,3.190902140
3392,0,3.500471946,3.777936025
3393,0,3.848323922,4.555478694
3394,0,3.889798070,4.140840326
3395,0,3.855233437,4.689437951
3396,0,3.581857154,5.603843646
3397,0,3.088288768,5.644946701
3398,0,3.761119533,6.512923391
3399,0,2.449197469,6.600346552
3400,0,3.516659908,7.539458503
3401,0,3.498741745,8.640598316
3402,0,3.440936736,9.557594658
3403,0,3.266485251,8.534374501
3404,0,3.604932914,6.424977307
3405,0,3.682974624,7.386352456
3406,0,3.707809594,6.080588062
3407,0,3.777562872,7.078928374
3408,0,3.628566375,8.336614615
3409,0,3.548406462,7.777810027
3410,0,3.412997647,6.758353973
3411,0,3.454900474,6.003057647
3412,0,3.456042328,5.271564807
3413,0,3.572704712,6.222129208
3414,0,3.500452031,6.954361951
3415,0,3.549631052,6.519861802
3416,0,3.532061589,7.415981429
3417,0,3.628809946,6.874476483
3418,0,2.270640195,5.344985403
3419,0,3.317474275,6.087551889
3420,0,3.253770046,7.047295186
3421,0,2.460969400,4.974809839
3422,0,3.236977176,3.864804226
3423,0,3.274496322,3.563169225
3424,0,3.319500903,2.921148744
3425,0,3.285471492,2.856583439
3426,0,3.261469030,2.532456279
3427,0,3.038341771,2.238416429
3428,0,3.124406961,2.424552354
3429,0,2.948111382,2.270859136
3430,0,2.473857320,1.825173896
3431,0,3.548918932,2.190475170
3432,0,3.615279815,2.808550279
3433,0,3.436271168,3.607483821
3434,0,3.337370158,2.472527548
3435,0,2.812140269,1.943793650
3436,0,2.716440968,1.449469226
3437,0,3.068512182,2.137584001
3438,0,2.811716749,2.119692997
3439,0,3.058204276,2.392838690
3440,0,1.863440847,2.806699807
3441,0,2.744413443,2.721899223
3442,0,3.384929941,3.869626904
3443,0,3.662183751,3.828230073
3444,0,3.720850351,3.760789676
3445,0,3.501770388,3.589541040
3446,0,3.547807025,2.987129446
3447,0,3.394862221,2.708592122
3448,0,2.972696231,2.689470155
3449,0,2.983811499,3.389893906
3450,0,2.817627453,2.592536649
3451,0,2.273379122,3.104208147
3452,0,2.435978163,3.855951312
3453,0,3.030806299,3.331810662
3454,0,3.025637292,2.629641101
3455,0,3.447526102,3.369388423
3456,0,3.136920317,3.820222397
3457,0,3.107387381,4.338569744
3458,0,2.896565558,3.953345991
3459,0,3.690029445,6.204492217
3460,0,2.539223196,7.840234648
3461,0,3.499930149,8.939302424
3462,0,3.520909602,9.947971989
3463,0,3.598621207,9.048413169
3464,0,3.487041720,7.802424400
3465,0,1.916914458,3.110059757
3466,0,2.553340570,3.822983499
3467,0,1.932283356,4.755930855
3468,0,2.713702746,4.026660996
3469,0,2.723338205,3.442343704
3470,0,2.873743651,3.750282072
3471,0,3.234305081,4.528107656
3472,0,3.005017684,5.752685087
3473,0,2.971326128,4.451859783
3474,0,2.850016410,4.465180868
3475,0,2.817540967,6.341288517
3476,0,3.814310298,5.873653194
3477,0,3.694233269,7.555782048
3478,0,2.950723096,5.683683483
3479,0,3.018308798,4.060592155
3480,0,3.341366248,4.535167477
3481,0,2.527170558,2.994493566
3482,0,2.222870355,2.641010746
3483,0,1.475416889,2.459564780
3484,0,2.514802558,3.437985973
3485,0,3.098428922,3.142896496
3486,0,2.995588434,2.913354258
3487,0,3.209587222,3.204719612
3488,0,2.175187858,2.869152047
3489,0,2.880598011,3.587671611
3490,0,2.287096771,1.839823418
3491,0,2.697124201,2.323255106
3492,0,2.620373781,2.319056695
3493,0,3.041553730,2.042565154
3494,0,2.795048585,1.912330887
3495,0,3.188222717,2.199768787
3496,0,2.762035402,2.086376394
3497,0,2.792655853,2.357742263
3498,0,2.788447215,2.233911663
3499,0,2.805174766,1.819885123
3500,0,2.618266177,2.024949974
3501,0,2.007796105,2.989509203
3502,0,2.530853628,4.443755306
3503,0,2.461054444,3.445888643
3504,0,2.784288294,3.550657108
3505,0,2.649828330,3.367393972
3506,0,3.070124069,3.372093443
3507,0,2.736840482,3.553045867
3508,0,3.081238676,4.500191712
3509,0,2.660032301,3.503061282
3510,0,2.839888401,4.240177621
3511,0,2.233833077,3.321307215
3512,0,2.688379898,4.254249641
3513,0,3.002116008,2.175751272
3514,0,3.143811404,2.620017415
3515,0,3.143548734,2.407638545
3516,0,3.218818475,2.731919809
3517,0,1.945255784,1.698259673
3518,0,2.663693749,1.896531294
3519,0,2.361842449,2.259624090
3520,0,2.643719474,2.082631482
3521,0,1.530843485,1.627902950
3522,0,0.861122507,1.136835505
3523,0,1.990479309,1.885241899
3524,0,2.715839200,2.156338166
3525,0,2.610532113,1.627663946
3526,0,1.482589279,0.902315493
3527,0,1.485400565,1.670989504
3528,0,1.804973962,2.670989504
3529,0,2.680317051,2.302948224
3530,0,2.936537954,1.764020727
3531,0,3.078726970,2.367216491
3532,0,3.351583272,2.922921140
3533,0,3.383935980,2.499063805
3534,0,3.089823773,2.673462947
3535,0,3.557036014,3.603161791
3536,0,3.189608250,2.757408668
3537,0,3.289355037,3.208011208
3538,0,2.565932405,3.520575072
3539,0,2.550095587,3.682793585
3540,0,3.218694018,3.179678189
3541,0,3.459527224,3.649805823
3542,0,3.936122643,4.085468169
3543,0,3.747341004,3.483137728
3544,0,3.515758356,3.736758557
3545,0,3.430479222,3.202460399
3546,0,3.367438765,3.467348737
3547,0,3.458654693,3.464172964
3548,0,2.115663659,2.623511304
3549,0,2.154237571,2.214919199
3550,0,2.463451187,2.571110447
3551,0,3.064005540,2.636285934
3552,0,2.612144287,2.234410811
3553,0,2.364351675,1.559286839
3554,0,2.520902602,2.078852146
3555,0,2.179046519,3.005690742
3556,0,2.879366736,2.521433927
3557,0,3.010640027,3.061683567
3558,0,2.737198218,2.345582725
3559,0,2.817282744,2.078243520
3560,0,3.018880520,2.333487749
3561,0,3.543927559,2.877778335
3562,0,3.480231256,2.898730008
3563,0,3.422600339,2.995760301
3564,0,2.962625604,3.251851711
3565,0,3.727020006,3.881420742
3566,0,3.661814886,4.366270958
3567,0,3.472660582,5.108191665
3568,0,3.555883375,4.352482331
3569,0,3.507094934,3.575109347
3570,0,3.005402870,3.277952452
3571,0,3.532879577,3.571265262
3572,0,2.718085113,2.938793958
3573,0,3.365513216,3.387473895
3574,0,3.249434704,3.546231169
3575,0,3.144772116,4.303927821
3576,0,3.956901369,4.073522044
3577,0,4.036404295,3.781171406
3578,0,3.558033585,3.354862681
3579,0,3.661270617,3.499619322
3580,0,3.572566427,3.338725112
3581,0,3.340632548,3.088205621
3582,0,3.820970536,3.299872639
3583,0,2.848842417,3.631795908
3584,0,3.543978556,3.799788678
3585,0,3.093379647,3.542169458
3586,0,3.652409014,3.679175712
3587,0,3.494537456,4.895613196
3588,0,3.831289385,5.814512963
3589,0,3.652664805,3.979470107
3590,0,3.863215239,3.846033332
3591,0,4.010775241,4.243165131
3592,0,3.894467512,4.237912227
3593,0,4.170524287,4.380397303
3594,0,3.733928540,3.487863776
3595,0,3.821846403,3.939309201
3596,0,3.785893690,3.630421378
3597,0,3.936922537,4.110720731
3598,0,3.681926987,2.806061886
3599,0,3.058959542,2.162901855
3600,0,3.312635069,2.986593156
3601,0,3.120728589,2.400374734
3602,0,3.273848462,2.261698526
3603,0,3.334261778,2.854295262
3604,0,3.166561123,2.535013116
3605,0,3.160414933,2.751070508
3606,0,3.346597482,2.474101533
3607,0,3.217421487,2.290220119
3608,0,3.224777384,2.455404072
3609,0,2.868476414,1.911542141
3610,0,3.616827979,2.555506891
3611,0,3.545011931,2.345971906
3612,0,3.022750751,2.336019877
3613,0,3.135187945,2.910124633
3614,0,3.575115570,2.540430177
3615,0,3.183301947,3.481917644
3616,0,3.780054766,3.307724484
3617,0,3.154864685,2.063263177
3618,0,3.205660522,2.385316523
3619,0,3.470263373,2.335370313
3620,0,3.383183563,2.770165225
3621,0,3.474693385,3.162431448
3622,0,3.376913891,3.224001336
3623,0,1.779151775,4.997012283
3624,0,2.830737601,4.721547568
3625,0,2.724441925,4.199410292
3626,0,2.793216701,2.040549278
3627,0,2.244114563,1.592472205
3628,0,2.588024132,2.372643930
3629,0,2.700118790,2.965380644
3630,0,3.123730698,2.571036918
3631,0,3.168506975,2.385322453
3632,0,3.158207297,2.921674994
3633,0,3.056032689,2.403386496
3634,0,3.097886217,2.311427976
3635,0,2.966866243,1.982671732
3636,0,2.953250312,2.227692336
3637,0,3.298895740,3.037381230
3638,0,3.037887165,3.683417407
3639,0,2.969038339,3.187750581
3640,0,2.991201993,2.697741378
3641,0,3.306047973,2.565470514
3642,0,3.121100037,2.481430229
3643,0,2.872304242,2.531660903
3644,0,1.576125946,1.401750663
3645,0,2.607246719,2.489197585
3646,0,2.886075264,3.171686663
3647,0,3.123209348,2.305098450
3648,0,3.140391740,2.278399441
3649,0,3.053770411,3.204413734
3650,0,3.119759627,3.909717822
3651,0,3.240625503,4.537273184
3652,0,3.067919821,4.503533542
3653,0,2.799036985,2.127995704
3654,0,3.059216138,1.995789631
3655,0,2.997776238,2.443374603
3656,0,2.703723226,1.796352421
3657,0,2.906558901,2.441425899
3658,0,3.180030254,2.595360123
3659,0,3.165507140,2.973682640
3660,0,3.201250711,2.705161159
3661,0,3.660391656,2.478102660
3662,0,3.546899626,2.554070585
3663,0,3.360866197,3.624606210
3664,0,3.128036253,2.246396328
3665,0,3.349103838,2.516173633
3666,0,3.514276365,3.368338914
3667,0,3.509549375,3.520716815
3668,0,3.593177705,4.120104694
3669,0,3.260952203,2.557725151
3670,0,2.985057767,2.613608790
3671,0,2.081688796,1.991217051
3672,0,2.897743643,2.362072212
3673,0,3.008676619,2.167344936
3674,0,2.844580636,2.344299334
3675,0,3.174560422,3.282125227
3676,0,2.889902015,2.316584257
3677,0,3.162655289,3.481470617
3678,0,1.699531462,1.482933260
3679,0,2.101342442,1.077023954
3680,0,2.689014495,1.950099601
3681,0,1.882355565,1.386528949
3682,0,2.780412412,1.956987758
3683,0,2.447566655,1.484270680
3684,0,2.179714400,1.495773623
3685,0,2.278164630,1.408505005
3686,0,2.781795009,2.031787275
3687,0,3.082104092,2.111521178
3688,0,2.965269070,2.071552306
3689,0,2.914345234,2.387426752
3690,0,2.527582411,1.682237148
3691,0,3.090179049,2.632415977
3692,0,3.015854456,2.118540882
3693,0,2.173555032,1.628081395
3694,0,2.115162202,1.561383068
3695,0,2.395883696,2.156316586
3696,0,2.803519932,1.984417451
3697,0,1.277044578,1.597695571
3698,0,2.260141641,1.602106010
3699,0,2.239164966,1.793296434
3700,0,2.106766256,2.064466088
3701,0,2.356042810,1.630344963
3702,0,2.150963571,1.388192567
3703,0,2.345447462,1.588281341
3704,0,2.315403404,1.520067960
3705,0,2.767419059,2.288195812
3706,0,1.518250625,1.221671126
3707,0,2.630467842,1.780813397
3708,0,2.321533537,1.776096539
3709,0,2.788969093,2.791511317
3710,0,2.641688419,1.967442681
3711,0,2.760853190,2.552452356
3712,0,2.547262697,2.139481487
3713,0,2.685159978,2.807326514
3714,0,2.760379464,2.529212437
3715,0,2.102645769,2.827256136
3716,0,2.451880194,2.759100863
3717,0,2.575345702,3.257995470
3718,0,2.533565631,3.834332931
3719,0,2.964320816,2.941163998
3720,0,2.997740952,4.010515138
3721,0,2.986177413,2.878335291
3722,0,2.954843326,2.707513171
3723,0,3.278747589,3.033487533
3724,0,3.171007583,3.322133156
3725,0,3.332527417,3.353984017
3726,0,3.120668998,2.583350703
3727,0,3.131309464,2.893600656
3728,0,3.083049252,3.445354820
3729,0,3.505899463,3.059654763
3730,0,3.348756685,2.576205270
3731,0,2.736104828,1.924686800
3732,0,2.819189947,2.658796165
3733,0,2.825511230,3.092876823
3734,0,2.259536262,2.157415030
3735,0,2.086903379,2.451920356
3736,0,2.445359249,1.672625167
3737,0,2.442712665,2.369852610
3738,0,2.561222287,3.296812921
3739,0,3.034256872,4.274485810
3740,0,2.694249803,3.363236827
3741,0,3.114824970,4.256544462
3742,0,2.806895523,4.725636783
3743,0,2.662509054,3.964698268
3744,0,2.410405320,3.220876071
3745,0,2.842443483,2.687508458
3746,0,2.746157604,3.581743503
3747,0,2.814972045,2.663658354
3748,0,2.984112206,3.245656370
3749,0,3.263425762,2.743995261
3750,0,3.308610290,2.562455334
3751,0,2.357462673,1.907009300
3752,0,2.724025776,2.645536488
3753,0,2.814375931,3.565435392
3754,0,2.963005674,2.841366424
3755,0,2.936331492,3.567539095
3756,0,3.496492428,4.545698138
3757,0,3.337372057,3.799283150
3758,0,3.286369853,4.725440359
3759,0,3.291766873,4.208993485
3760,0,3.244439211,4.025036872
3761,0,3.310494153,4.377818354
3762,0,3.575021866,4.011351817
3763,0,3.657356082,4.655979976
3764,0,3.627051419,5.171288562
3765,0,3.740411813,4.778000204
3766,0,3.373570454,4.808973645
3767,0,3.226454987,3.731446146
3768,0,3.092199228,3.283522037
3769,0,3.328458686,3.125436769
3770,0,3.363684219,3.492902061
3771,0,3.488815268,3.517924376
3772,0,3.767236904,3.883791891
3773,0,3.531901197,3.773275691
3774,0,3.195901801,3.337709053
3775,0,3.005710643,3.436958598
3776,0,3.738386591,4.005653348
3777,0,3.611753165,4.297137289
3778,0,3.407717995,4.002794952
3779,0,3.683764515,3.677028520
3780,0,3.949407135,4.134554711
3781,0,3.889052353,3.683126813
3782,0,3.553127377,3.393237902
3783,0,3.902417335,3.379784293
3784,0,3.668697505,3.362933323
3785,0,3.590967892,3.306255145
3786,0,3.694839184,3.172381910
3787,0,3.500470300,2.798765024
3788,0,3.686948158,3.437096148
3789,0,3.728296272,3.553984780
3790,0,3.462526445,4.020445791
3791,0,3.395944030,3.216111269
3792,0,3.455519004,2.824746203
3793,0,3.432182638,3.329690350
3794,0,3.842972719,3.160522762
3795,0,3.614686295,3.027184571
3796,0,3.505818661,3.118497086
3797,0,3.359079399,3.293995790
3798,0,3.256583524,3.232773970
3799,0,3.279508311,3.142397778
3800,0,3.353442041,3.392062742
3801,0,2.626688743,2.744219916
3802,0,2.252720041,2.289178271
3803,0,1.974244322,1.550732448
3804,0,0.995400673,1.079807535
3805,0,-0.000000000,0.000000000
3806,0,1.000000000,1.000000000
3807,0,1.186278124,0.500000000
3808,0,1.206439390,1.035573123
3809,0,1.197846344,0.507206068
3810,0,1.000000000,1.000000000
3811,0,-0.000000000,0.000000000
3812,0,1.000000000,1.000000000
3813,0,-0.000000000,0.000000000
3814,0,1.000000000,1.000000000
3815,0,1.500000000,1.000000000
3816,0,1.863120569,1.571428571
3817,0,2.321066982,1.401459854
3818,0,2.535862782,1.853471295
3819,0,1.960291297,2.000000000
3820,0,2.435429747,1.825144260
3821,0,2.651489024,1.508943256
3822,0,2.515256693,1.740807361
3823,0,2.901716279,2.486212447
3824,0,2.216888253,1.444586309
3825,0,2.054917636,2.043306002
3826,0,2.749288412,1.862080316
3827,0,3.408462887,2.400095502
3828,0,3.014603139,2.144712022
3829,0,2.510018441,1.588633116
3830,0,2.555502833,1.903058437
3831,0,1.654485121,2.000000000
3832,0,2.523265533,1.762865106
3833,0,2.796817642,1.663387627
3834,0,2.536473610,1.941546045
3835,0,2.824859121,2.397827252
3836,0,2.579808398,3.039148399
3837,0,2.919328782,4.000000000
3838,0,2.422474980,5.000000000
3839,0,2.279457138,4.000000000
3840,0,1.995771179,3.000000000
3841,0,2.265142116,4.000000000
3842,0,2.476642075,3.326641605
3843,0,3.074461660,2.810418832
3844,0,2.435598717,2.918950669
3845,0,3.072248297,2.456054584
3846,0,3.243473765,2.402538372
3847,0,3.384069800,2.585768386
3848,0,3.244233244,2.692534865
3849,0,3.390366410,2.300410333
3850,0,3.039943193,2.122041880
3851,0,3.352073410,3.138767460
3852,0,3.503522080,4.015809800
3853,0,3.481805764,3.380242672
3854,0,3.204523766,2.728589841
3855,0,2.261356068,2.917202360
3856,0,3.244707433,3.779725878
3857,0,3.021930540,2.965734614
3858,0,2.857949176,3.438319873
3859,0,2.676182988,2.499399802
3860,0,2.650355197,2.036229258
3861,0,2.667043616,2.734986015
3862,0,2.794195146,3.306869952
3863,0,2.942873915,4.259784605
3864,0,3.332535832,3.549788717
3865,0,3.412292171,3.147362968
3866,0,3.407350986,3.874486859
3867,0,3.503637052,3.557833859
3868,0,3.129499300,2.857395576
3869,0,3.174011637,3.317141496
3870,0,3.406490230,4.176797518
3871,0,3.122051489,3.076112172
3872,0,0.890536900,0.581967914
3873,0,0.997062114,1.175340616
3874,0,0.943209092,0.684340813
3875,0,1.159363880,1.302029856
3876,0,2.316724048,1.472896014
3877,0,1.655721034,1.024213352
3878,0,1.202896691,0.810646986
3879,0,1.583749417,1.828221040
3880,0,2.521980624,2.786814216
3881,0,2.420576777,2.096968130
3882,0,2.991303335,1.923608682
3883,0,2.243229461,1.930769784
3884,0,3.031858876,2.339625675
3885,0,2.212733707,2.024702555
3886,0,2.627772980,1.972911928
3887,0,1.969282766,1.529032278
3888,0,2.641328859,2.333793253
3889,0,2.901944647,3.141513254
3890,0,2.701991595,3.676900278
3891,0,2.406408378,2.242564640
3892,0,2.750851707,3.213602360
3893,0,2.876304745,4.160570798
3894,0,3.062246011,3.575409176
3895,0,2.790710776,2.802296396
3896,0,2.291203003,2.998306392
3897,0,2.793413898,2.580590017
3898,0,3.075700810,3.509763624
3899,0,3.117400797,3.877627148
3900,0,2.848568391,3.969020354
3901,0,3.086591665,4.416800415
3902,0,3.629674531,4.197801265
3903,0,3.335146010,4.528756402
3904,0,3.028715462,5.495831452
3905,0,3.604797044,4.409570399
3906,0,2.670350180,2.853547872
3907,0,2.902807522,2.259998785
3908,0,3.051892025,2.812924123
3909,0,3.188502912,3.417669989
3910,0,2.209301857,1.595241042
3911,0,2.047065786,1.187565083
3912,0,2.484111245,1.725202270
3913,0,2.180768403,1.978906111
3914,0,0.999099389,0.964669391
3915,0,1.186165548,1.991167348
3916,0,1.725131624,1.184555783
3917,0,2.085687951,2.088314405
3918,0,0.999997900,0.998293582
3919,0,1.499998950,1.998293582
3920,0,2.483355125,2.998577985
3921,0,2.769368613,2.391276736
3922,0,2.665160884,3.065265209
3923,0,2.764216039,2.476187901
3924,0,2.719371411,3.091152765
3925,0,2.954306788,2.591706495
3926,0,2.531120194,1.858161382
3927,0,2.238676550,1.957333954
3928,0,3.233809901,2.393203423
3929,0,2.933878470,2.229402079
3930,0,2.717292379,1.989317819
3931,0,2.958564996,2.021688443
3932,0,2.273708718,1.492452221
3933,0,1.368756063,0.619549181
3934,0,1.255299966,1.046911141
3935,0,1.922794895,1.331578650
3936,0,2.305725597,1.505046611
3937,0,1.958403577,1.484009307
3938,0,2.399960894,2.071186196
3939,0,2.298456012,2.113883794
3940,0,2.555126159,1.814148121
3941,0,2.794736971,1.935631237
3942,0,2.784036729,1.842514042
3943,0,2.947401730,2.029554968
3944,0,3.093354698,2.878224592
3945,0,1.584170286,1.321232392
3946,0,2.308554295,1.711850752
3947,0,2.206396231,2.363047739
3948,0,2.218323837,2.858549281
3949,0,1.815479964,2.077160676
3950,0,1.664933703,1.589000086
3951,0,1.000871534,1.564112174
3952,0,1.790639386,1.788093809
3953,0,2.902146449,3.143075601
3954,0,1.510197916,1.834622319
3955,0,2.016555477,2.149713668
3956,0,1.072449342,1.092657942
3957,0,1.218379093,0.536914632
3958,0,1.044577376,1.037884630
3959,0,1.522142157,2.015947795
3960,0,2.281004308,1.630019461
3961,0,2.664816699,2.395091014
3962,0,3.161253539,3.281766946
3963,0,2.921523450,2.526779147
3964,0,3.044211627,3.314538999
3965,0,2.997984417,4.056919386
3966,0,3.084592575,3.394317338
3967,0,3.036066073,2.753109045
3968,0,3.117634752,3.445751230
3969,0,3.264299883,4.291087395
3970,0,3.427259424,3.816284768
3971,0,3.440381210,4.467317374
3972,0,3.021764083,5.059739271
3973,0,3.072536998,4.131935446
3974,0,3.131984396,5.103598294
3975,0,3.543077123,4.397730919
3976,0,3.250095878,3.677364016
3977,0,3.497368770,3.151597645
3978,0,1.998105738,2.058825320
3979,0,2.284544840,2.191859265
3980,0,3.268135419,2.513597226
3981,0,3.375146112,2.508126762
3982,0,3.184062185,2.622314196
3983,0,2.997341218,3.154301583
3984,0,3.439167182,3.093146906
3985,0,3.452583103,3.016491786
3986,0,3.826636009,3.308633646
3987,0,3.583603897,3.041062788
3988,0,3.369203520,3.336973816
3989,0,3.586378257,3.993809267
3990,0,3.529217001,3.443248920
3991,0,2.511073240,1.965337174
3992,0,2.454951708,1.979376228
3993,0,2.456815458,2.843176933
3994,0,2.765628969,4.044747078
3995,0,2.942487805,4.609961863
3996,0,3.309420877,3.891288340
3997,0,3.066469910,3.777058727
3998,0,3.874854920,4.499726660
3999,0,3.794802421,5.446747823
4000,0,3.697529723,4.179210970
4001,0,3.746672881,3.701210317
4002,0,3.627670400,4.257877706
4003,0,3.705283008,3.321108566
4004,0,3.600802692,3.208926520
4005,0,3.195567926,4.505997199
4006,0,3.548958805,4.229357623
4007,0,3.074316462,3.028646331
4008,0,2.204194140,1.077089017
4009,0,2.000717444,0.950317341
4010,0,2.793609330,1.728201324
4011,0,2.212855462,1.397015360
4012,0,2.600977546,1.487762146
4013,0,2.573582071,1.724259963
4014,0,1.072152364,0.908482309
4015,0,1.952549751,2.037689216
4016,0,2.242038367,2.708589439
4017,0,2.374578031,3.716686116
4018,0,2.752710896,4.756362960
4019,0,3.074146408,5.672800774
4020,0,3.188207528,4.803281903
4021,0,3.235189507,5.571882851
4022,0,3.043223700,7.116302580
4023,0,2.838993593,6.403178926
4024,0,3.272057704,5.497721516
4025,0,2.739366195,4.915930051
4026,0,3.057082603,6.493635213
4027,0,2.842464488,7.581152899
4028,0,1.987751189,5.943568506
4029,0,1.791600873,4.427391090
4030,0,1.568649466,2.907576279
4031,0,2.633356355,3.681032627
4032,0,2.296609237,2.415516361
4033,0,2.545583490,2.085894487
4034,0,2.561532837,1.606348775
4035,0,2.853065228,2.051410028
4036,0,2.573496790,2.293948331
4037,0,2.574865829,2.075259751
4038,0,2.864592883,1.993194932
4039,0,2.772834090,2.199058351
4040,0,3.288161278,2.770506818
4041,0,3.026109729,2.221883382
4042,0,2.721350127,1.835021481
4043,0,2.424838012,1.899855499
4044,0,1.996529789,1.203799692
4045,0,1.947215566,1.414594290
4046,0,2.342205319,1.574154633
4047,0,1.961122690,2.042163047
4048,0,2.399851528,1.701692740
4049,0,1.888643892,1.260713701
4050,0,2.483874608,1.718753762
4051,0,1.966615907,1.304140066
4052,0,1.895463623,1.632446715
4053,0,2.336330018,1.427026402
4054,0,2.439327778,1.753337063
4055,0,2.711674248,1.863624549
4056,0,2.336706072,1.834940034
4057,0,2.707319968,1.959713537
4058,0,2.724132108,1.997442539
4059,0,2.448341032,2.204237565
4060,0,2.474809094,3.025873009
4061,0,2.373414700,2.156785855
4062,0,2.445900428,3.019192594
4063,0,2.908417855,2.494826212
4064,0,2.624161309,2.446288143
4065,0,2.405587953,2.169397538
4066,0,2.458495239,3.018656596
4067,0,2.382947933,2.153109122
4068,0,2.103748139,2.983053266
4069,0,2.422054659,2.503562792
4070,0,2.541932172,1.771206317
4071,0,2.421331809,2.168280174
4072,0,2.576042189,1.835203974
4073,0,2.564686538,1.588531619
4074,0,2.624172786,1.529339095
4075,0,2.692170775,2.108238458
4076,0,2.231760495,1.308937375
4077,0,2.239101166,1.998419188
4078,0,1.936449040,1.959849816
4079,0,1.984749555,1.147404491
4080,0,1.810521277,1.244172081
4081,0,1.940293276,1.390668126
4082,0,1.566781317,1.137948909
4083,0,0.000000000,0.000000000
4084,0,1.000000000,1.000000000
4085,0,1.918295834,2.000000000
4086,0,2.420750347,1.660377358
4087,0,2.139968827,1.695652174
4088,0,2.861368591,2.163518887
4089,0,3.381008217,2.331168261
4090,0,2.101053101,2.017071275
4091,0,2.444857662,2.176477629
4092,0,3.416598809,2.600897207
4093,0,3.329972413,2.821027610
4094,0,3.021351896,2.536194477
4095,0,1.752436635,1.404754971
4096,0,2.307118451,1.554415059
4097,0,3.048733584,2.260203911
4098,0,2.604619288,1.618386636
4099,0,1.560465576,1.488949362
4100,0,2.327384588,2.496332732
4101,0,2.894986256,2.620799770
4102,0,2.903341994,3.841116868
4103,0,2.988033753,4.769145891
4104,0,3.265252367,4.962426239
4105,0,3.276243754,3.452712328
4106,0,3.181111412,2.539583104
4107,0,3.538827278,2.971856420
4108,0,3.556466928,2.745988010
4109,0,3.708573351,3.339815867
4110,0,3.391197423,3.231562287
4111,0,3.381841668,2.409694469
4112,0,2.635616573,1.596105851
4113,0,2.914002047,2.111052273
4114,0,2.832504303,2.557749074
4115,0,3.336996084,2.811685074
4116,0,1.975945091,1.136286158
4117,0,1.324725549,1.215741733
4118,0,0.694748611,0.620224138
4119,0,1.767842279,1.214008734
4120,0,2.078426349,1.285203580
4121,0,2.461716713,1.470369884
4122,0,2.159550162,1.612775021
4123,0,2.427432549,1.394089675
4124,0,2.440531600,1.752042669
4125,0,3.007218300,1.910381425
4126,0,2.633370157,1.985455113
4127,0,3.041980310,2.090733930
4128,0,2.866546221,1.884055801
4129,0,3.233582394,2.418429611
4130,0,3.025840185,3.116320311
4131,0,3.192194472,3.507019277
4132,0,3.048732318,4.840001977
4133,0,2.907198987,4.987129764
4134,0,2.878832004,6.269779898
4135,0,3.379378152,7.208857581
4136,0,2.264160043,7.194296775
4137,0,2.850426964,7.735042251
4138,0,3.161754815,6.586754194
4139,0,3.258805589,7.640798792
4140,0,2.457262605,7.264300649
4141,0,2.710330658,8.228178173
4142,0,2.079407781,6.313828108
4143,0,2.843509719,6.653871130
4144,0,2.930695576,5.153267102
4145,0,2.850357819,4.051355560
4146,0,2.671511363,4.462051430
4147,0,2.378278942,3.155288649
4148,0,1.987005344,1.766810731
4149,0,1.953957517,1.175273823
4150,0,2.298057819,1.892803005
4151,0,1.809898995,1.249036896
4152,0,1.807158710,1.329212335
4153,0,-0.000000000,0.000000000
4154,0,1.000000000,1.000000000
4155,0,1.918295834,1.333333333
4156,0,2.420750347,1.660377358
4157,0,2.681802559,1.744421907
4158,0,2.498336069,2.386970998
4159,0,2.613277299,2.468387503
4160,0,2.600485789,3.050776078
4161,0,2.774134300,3.001947320
4162,0,3.386982066,3.420277216
4163,0,3.197979868,2.718277191
4164,0,3.370303244,3.273595566
4165,0,3.583139862,4.445683165
4166,0,3.526568208,3.568648162
4167,0,3.257005586,2.639748706
4168,0,3.033343187,3.400962122
4169,0,3.026972129,4.037011104
4170,0,3.062221040,4.898443955
4171,0,3.136270081,3.906842518
4172,0,3.441101547,5.297703496
4173,0,2.206208110,2.126399051
4174,0,2.751185016,2.028767551
4175,0,2.291108717,1.196258796
4176,0,1.412181870,1.029827558
4177,0,1.863442456,1.343685713
4178,0,1.529563868,1.130519776
4179,0,2.089091742,1.257614013
4180,0,2.066275694,0.996094026
4181,0,2.815652123,1.662037255
4182,0,2.178315181,1.145927524
4183,0,2.240524894,1.414938365
4184,0,2.238604717,1.193139975
4185,0,2.178534259,1.534771916
4186,0,2.458829712,1.975579655
4187,0,2.488308122,1.603544762
4188,0,2.321464481,1.253723380
4189,0,1.035544197,1.231513525
4190,0,1.934901094,1.348318817
4191,0,1.744282462,1.012162005
4192,0,2.278971934,1.222713988
4193,0,2.779233557,2.095468296
4194,0,1.978791543,1.559147791
4195,0,2.128784909,1.132210123
4196,0,2.542345432,1.989606406
4197,0,2.299430715,1.500462534
4198,0,2.830173936,2.540250132
4199,0,3.160534363,3.818565223
4200,0,3.050497454,4.621129697
4201,0,2.947927460,3.037863465
4202,0,1.963194784,1.489598548
4203,0,2.448860662,2.734161983
4204,0,2.618464077,2.116224006
4205,0,2.867479754,2.817355899
4206,0,2.751706839,3.344249962
4207,0,2.946432843,2.607546720
4208,0,2.241185730,1.109923970
4209,0,2.341245191,1.680835214
4210,0,2.302329306,1.486810371
4211,0,2.572170878,2.355779163
4212,0,2.724221605,3.125212650
4213,0,2.861020166,3.902324008
4214,0,3.110994900,4.646185736
4215,0,3.045997412,3.766592169
4216,0,3.246539048,3.084778784
4217,0,2.834994933,2.673504821
4218,0,2.212329598,3.443043093
4219,0,2.809598038,2.717657293
4220,0,2.390251464,2.451418917
4221,0,2.624291766,3.182922580
4222,0,3.139799274,3.770233562
4223,0,2.311408449,3.282783020
4224,0,2.734004910,2.280378586
4225,0,3.175338528,2.525459173
4226,0,3.487721155,2.441986395
4227,0,3.042669917,2.370115753
4228,0,3.018505156,3.039938678
4229,0,3.040218919,2.484685777
4230,0,3.270214630,2.516140844
4231,0,3.290990692,2.454048492
4232,0,3.373942136,2.830283973
4233,0,3.360185541,3.117326313
4234,0,3.567708987,3.927663896
4235,0,3.940874401,4.547081447
4236,0,3.934599052,5.179540136
4237,0,3.877799261,4.968754413
4238,0,3.742245682,5.923080605
4239,0,3.714548418,5.807551935
4240,0,3.723920163,4.774355219
4241,0,3.106231732,6.029504124
4242,0,3.287240192,6.270236950
4243,0,3.920044051,5.579038082
4244,0,3.774251329,4.753154853
4245,0,2.974604095,2.544334825
4246,0,3.354775836,2.703641077
4247,0,3.451471517,2.858523469
4248,0,3.470477487,2.857620636
4249,0,3.598022457,3.129425024
4250,0,3.909549553,3.212415833
4251,0,3.870415887,3.550842627
4252,0,3.747883937,3.519222595
4253,0,3.770172785,3.975129816
4254,0,2.814199778,3.287626379
4255,0,3.866072256,3.504551478
4256,0,3.495141309,5.883200180
4257,0,4.016225032,4.892460279
4258,0,1.948251640,1.712538965
4259,0,2.599945166,2.135048386
4260,0,3.260854200,2.926356997
4261,0,2.974277646,3.577751527
4262,0,3.387185607,4.509801407
4263,0,3.123054393,3.617918198
4264,0,3.250741888,3.323582877
4265,0,3.250571967,3.682420849
4266,0,3.572754253,3.228194828
4267,0,3.191672609,2.639492094
4268,0,3.538424672,3.199927963
4269,0,3.073619790,3.565186003
4270,0,2.195053001,4.504521277
4271,0,3.375344661,5.569073203
4272,0,3.239072061,4.231154601
4273,0,3.191452656,3.882151307
4274,0,3.677909475,5.165337192
4275,0,3.472361321,4.166583083
4276,0,2.841644286,1.567892807
4277,0,3.174956338,1.934614101
4278,0,3.151617134,2.783705787
4279,0,3.515359253,3.758640290
4280,0,2.080919759,2.965925554
4281,0,2.170789443,2.383778686
4282,0,2.754924838,3.953174458
4283,0,3.310085629,3.100178578
4284,0,3.260039359,2.494642555
4285,0,3.320670183,3.300248951
4286,0,3.557469831,3.622078414
4287,0,3.597283199,3.831991463
4288,0,3.229327523,3.017232998
4289,0,3.691088726,2.540182097
4290,0,3.395342826,2.833562129
4291,0,4.214402754,3.859982521
4292,0,4.155976903,4.018938597
4293,0,3.962528429,3.581286204
4294,0,3.854139485,4.160125519
4295,0,3.941533273,3.105628797
4296,0,3.658575266,2.786253793
4297,0,3.901675941,2.918511659
4298,0,3.532692876,2.661718229
4299,0,3.493448126,2.495040894
4300,0,3.291250897,2.932015604
4301,0,3.784775759,2.592204603
4302,0,3.397225368,2.008844058
4303,0,2.433880881,1.128554136
4304,0,2.947436216,1.933915247
4305,0,2.925439954,1.863839810
4306,0,3.445877655,2.514664627
4307,0,2.846709230,3.665941833
4308,0,3.767543704,4.600441756
4309,0,3.555601102,3.669134619
4310,0,3.317292343,4.867731673
4311,0,3.297998332,5.778672196
4312,0,3.539275860,4.558240206
4313,0,3.437043738,5.081670974
4314,0,3.379280637,4.538288387
4315,0,3.834360024,5.153036895
4316,0,2.392677665,4.214307130
4317,0,3.535033810,5.005692812
4318,0,3.572058236,5.901838639
4319,0,3.252382866,4.927864747
4320,0,3.172860522,4.638968520
4321,0,3.157229019,5.016953071
4322,0,3.455360894,4.567463553
4323,0,3.310906090,3.430967943
4324,0,3.486873864,3.124425891
4325,0,2.520801901,3.097111979
4326,0,3.160422236,3.141314415
4327,0,3.237007289,3.905132562
4328,0,3.116600476,4.343038879
4329,0,3.269573495,3.853815158
4330,0,3.308717209,4.502241069
4331,0,3.248938419,5.020735027
4332,0,3.213041646,4.454108449
4333,0,3.414024973,4.159823747
4334,0,3.192636347,3.744999558
4335,0,3.111707152,3.484335590
4336,0,3.397512463,3.587701011
4337,0,3.143893862,2.889670683
4338,0,2.716877924,2.683571972
4339,0,2.338559422,2.789011715
4340,0,2.409246947,3.447600304
4341,0,2.902440567,2.841828520
4342,0,3.328383056,3.438164446
4343,0,3.070666690,3.823236464
4344,0,3.269235746,4.531221256
4345,0,3.220255331,4.910066318
4346,0,3.326408052,4.563376753
4347,0,3.140417150,5.629914458
4348,0,2.978900608,4.708599568
4349,0,3.307515020,5.288359626
4350,0,2.511347790,4.712227596
4351,0,2.528541691,4.095207595
4352,0,2.567564915,4.991077751
4353,0,2.709815695,4.165389903
4354,0,2.829408125,5.048235817
4355,0,3.369728777,5.698715867
4356,0,3.453436522,4.813365611
4357,0,3.595126843,6.040909263
4358,0,3.441202288,4.441080495
4359,0,3.460423960,4.039257133
4360,0,3.480861465,4.284151420
4361,0,3.566784527,4.140237255
4362,0,3.860799355,3.816571375
4363,0,3.508934239,3.606251026
4364,0,3.460144266,3.401213722
4365,0,3.367076239,3.350057037
4366,0,3.244237860,3.041890557
4367,0,3.683385374,3.069224069
4368,0,3.213568073,2.585103838
4369,0,1.948355438,2.392877978
4370,0,2.569896875,2.019838787
4371,0,2.896909764,2.435927840
4372,0,3.269987713,3.045495983
4373,0,3.129616991,2.900328907
4374,0,2.925411249,3.175623755
4375,0,2.997005259,3.374840662
4376,0,2.800885131,1.826915457
4377,0,2.865959553,1.877256717
4378,0,2.756636377,2.572758400
4379,0,2.548117686,3.234716111
4380,0,2.246847351,2.676833441
4381,0,2.857329689,2.733363481
4382,0,2.508769114,3.092495535
4383,0,2.935692810,3.064005474
4384,0,3.359604352,2.887789401
4385,0,3.529006335,3.259975898
4386,0,3.112213022,2.401708260
4387,0,3.171460415,2.610411148
4388,0,3.166985760,2.824361689
4389,0,3.216437639,2.524627457
4390,0,2.780084143,2.038321881
4391,0,1.722062591,1.430427184
4392,0,1.179172268,1.112730658
4393,0,1.676161392,1.375471912
4394,0,1.803729089,1.914262201
4395,0,2.502492521,1.573586386
4396,0,2.247661216,2.058120566
4397,0,2.765763100,1.788238092
4398,0,2.607120375,2.239762290
4399,0,2.827944945,2.004755171
4400,0,2.705753413,2.091700457
4401,0,3.049439365,2.838541389
4402,0,2.838593318,2.489118924
4403,0,2.736358595,3.140380203
4404,0,2.837607218,2.984970864
4405,0,2.375406467,2.209731968
4406,0,2.130640901,2.609120366
4407,0,3.017575458,3.842832133
4408,0,3.261062462,4.847217982
4409,0,3.492582993,5.477544237
4410,0,3.452696122,3.415639801
4411,0,2.895502474,2.635036674
4412,0,3.022632625,2.150930672
4413,0,3.045274751,2.439016595
4414,0,3.214009173,2.443065980
4415,0,3.288470391,2.410340506
4416,0,1.880984386,2.295110396
4417,0,2.590306844,1.982680638
4418,0,3.016329355,2.150477968
4419,0,2.766933464,2.706844860
4420,0,3.806655252,3.443570936
4421,0,2.652527706,3.417557590
4422,0,1.822178263,2.621020783
4423,0,2.994889802,2.715970447
4424,0,2.716572086,3.653795210
4425,0,3.085202704,3.942893971
4426,0,3.253590426,4.748624841
4427,0,3.391593398,5.227286955
4428,0,3.345255923,3.897038376
4429,0,3.540444062,4.415671424
4430,0,3.443093065,5.281610744
4431,0,3.249494310,6.010662546
4432,0,3.488835779,6.778518935
4433,0,3.220794292,5.549637300
4434,0,2.745652660,5.480817683
4435,0,3.006348416,4.234760430
4436,0,3.383457660,3.837132211
4437,0,3.112545881,2.393807988
4438,0,2.512808025,2.018688521
4439,0,2.783717168,2.142770138
4440,0,2.722829358,1.746928145
4441,0,2.105826966,2.360636643
4442,0,2.586170984,1.748242510
4443,0,2.273066196,1.869392179
4444,0,2.428989374,2.026593495
4445,0,2.139119356,2.084457978
4446,0,2.623304595,2.958932865
4447,0,2.349694133,3.184678969
4448,0,2.096119923,1.871686945
4449,0,3.151442458,2.426745960
4450,0,3.086486460,2.958555758
4451,0,3.458398955,2.514646256
4452,0,3.271720996,2.347752348
4453,0,3.436477178,2.583430045
4454,0,2.715592361,2.896062457
4455,0,2.687780322,2.140468633
4456,0,2.050888446,1.516407908
4457,0,2.146780095,2.034824844
4458,0,3.147393027,2.096761548
4459,0,2.960359030,2.388856170
4460,0,2.849943256,1.860898418
4461,0,2.869524919,2.239931238
4462,0,3.349908685,2.374200963
4463,0,3.355348013,2.818402705
4464,0,2.437149232,2.334748733
4465,0,1.974959016,2.146938212
4466,0,3.157480596,2.680950209
4467,0,2.984678830,3.920688008
4468,0,2.345537481,3.256946984
4469,0,2.834204393,2.799188094
4470,0,1.728998904,2.018574598
4471,0,2.813519411,2.372195034
4472,0,2.659954392,2.661351666
4473,0,1.774504958,2.649355451
4474,0,2.580258275,2.406641706
4475,0,1.753755339,1.689720461
4476,0,2.672048350,2.087746236
4477,0,1.488003223,1.284183339
4478,0,2.147933820,1.992514335
4479,0,2.392705627,1.658560077
4480,0,2.254665561,1.278977723
4481,0,2.250176125,1.564882478
4482,0,2.226485101,2.095659797
4483,0,2.533764043,3.188172632
4484,0,2.790352917,3.967161450
4485,0,2.654358367,3.127576158
4486,0,2.525263708,1.772159810
4487,0,2.587415906,1.723830363
4488,0,2.814796235,1.945532239
4489,0,2.724837695,2.636648652
4490,0,2.163097483,3.142782328
4491,0,2.354992691,4.000784340
4492,0,3.238555975,3.307924941
4493,0,2.132183718,4.067295494
4494,0,2.620101444,3.470962258
4495,0,3.141357426,3.647571145
4496,0,2.589447982,1.438267993
4497,0,3.131305572,2.248811095
4498,0,3.103129439,2.881207366
4499,0,0.894742308,0.622729075
4500,0,0.975333990,0.815611750
4501,0,1.908749819,2.583585361
4502,0,1.800937589,1.441478508
4503,0,1.712130294,0.947464686
4504,0,1.954850428,1.283374698
4505,0,1.849292807,1.449988506
4506,0,1.778250442,1.730359581
4507,0,2.011298863,1.175690366
4508,0,2.508209922,2.325335671
4509,0,2.342211852,2.848000763
4510,0,0.907348295,1.572271965
4511,0,1.613119727,1.191491182
4512,0,2.224105633,2.250227183
4513,0,2.091997608,1.147255028
4514,0,2.023563131,1.175933257
4515,0,2.440957603,2.115911869
4516,0,2.289315743,1.371635848
4517,0,2.536852433,2.192033117
4518,0,2.846999616,1.914717851
4519,0,2.525259547,2.011171667
4520,0,3.011205516,2.131348269
4521,0,2.800751812,1.605835448
4522,0,3.057317388,2.191919103
4523,0,2.850646764,2.162107824
4524,0,2.284469731,1.881885621
4525,0,2.158277491,1.355356692
4526,0,2.506294379,1.601604188
4527,0,2.169767860,1.895613665
4528,0,2.158177475,2.628849169
4529,0,2.529996635,2.058887597
4530,0,1.525154723,1.623004596
4531,0,2.713267141,1.734479206
4532,0,2.944409385,1.976067948
4533,0,2.390837474,1.277269396
4534,0,2.785667966,1.805120504
4535,0,2.615012592,2.463973488
4536,0,2.753089043,2.442105956
4537,0,3.105324330,2.445067058
4538,0,2.945445995,3.202637629
4539,0,2.139146657,2.017497694
4540,0,2.895739490,2.481585086
4541,0,2.616635408,1.809995351
4542,0,2.931755180,1.786262429
4543,0,2.854081233,2.243089816
4544,0,0.982702236,0.689167961
4545,0,1.810797423,1.234585897
4546,0,1.016740579,0.694376048
4547,0,1.537987945,1.456560476
4548,0,1.705816822,0.875121294
4549,0,2.057327944,1.575004925
4550,0,2.348186326,2.734010265
4551,0,2.176452089,3.843164865
4552,0,2.317871880,4.726323548
4553,0,2.368665390,5.421229333
4554,0,2.664913741,5.661910918
4555,0,2.662020535,5.839650834
4556,0,1.885571604,3.727907528
4557,0,2.491517810,2.728693364
4558,0,2.699556209,3.509182260
4559,0,3.095015765,4.351390941
4560,0,3.185068337,3.632979639
4561,0,2.563127032,4.132633666
4562,0,3.362358954,5.138969873
4563,0,3.468979902,5.444641024
4564,0,3.519912581,4.626140068
4565,0,3.535990562,5.513732047
4566,0,4.037032154,6.316818539
4567,0,4.241593199,6.238193157
4568,0,4.064517490,5.652191344
4569,0,4.196630565,6.418297048
4570,0,4.289285268,6.674121804
4571,0,2.314821407,2.501460389
4572,0,2.525910182,2.418670727
4573,0,2.980426217,2.501051391
4574,0,3.153983369,3.393010323
4575,0,3.285677458,4.009286835
4576,0,3.431827830,4.468880408
4577,0,2.986052219,4.561503248
4578,0,3.347458378,5.546666224
4579,0,3.430447124,4.607708808
4580,0,3.836391708,5.507418965
4581,0,2.623087038,6.097478570
4582,0,3.358614584,5.519693955
4583,0,3.468132488,5.042627097
4584,0,3.770509732,6.108931194
4585,0,3.198079342,2.693375622
4586,0,3.662245778,3.430879044
4587,0,3.773332693,3.172163626
4588,0,3.414006998,3.180791238
4589,0,3.469869290,2.866374469
4590,0,3.785251384,3.656925279
4591,0,3.546929727,3.588370861
4592,0,3.562239826,3.119689988
4593,0,3.456411937,2.904952900
4594,0,3.668626063,3.203072030
4595,0,3.467706530,4.005334680
4596,0,3.008185181,3.075124024
4597,0,3.386517216,2.834286914
4598,0,2.270346427,1.914118111
4599,0,3.022099284,3.067557227
4600,0,3.468596735,3.574839505
4601,0,3.300026458,4.291745493
4602,0,3.247029884,5.166721095
4603,0,2.385660881,4.803523805
4604,0,3.544945773,4.809580718
4605,0,3.200456875,3.232017120
4606,0,3.280035149,3.650413766
4607,0,3.297386742,3.390609418
4608,0,3.186116027,2.440041892
4609,0,3.448984584,2.791601940
4610,0,3.488687658,3.640849458
4611,0,3.220817945,2.957841746
4612,0,3.087291823,3.243393186
4613,0,3.268179209,2.850264610
4614,0,3.353026219,3.646480098
4615,0,3.288251432,4.117568629
4616,0,3.332451565,5.026230068
4617,0,2.635874459,7.249888499
4618,0,3.352584730,8.216700207
4619,0,3.147044204,7.820992222
4620,0,3.514493102,8.608808743
4621,0,3.573915528,7.505972633
4622,0,3.736420729,6.239940836
4623,0,3.572088470,5.258801584
4624,0,3.251398795,3.612233788
4625,0,2.426307338,2.537717001
4626,0,3.027637585,2.070554690
4627,0,1.935196898,1.516550893
4628,0,1.901204537,1.489425682
4629,0,2.768415561,2.367967127
4630,0,3.597197052,3.825989391
4631,0,3.542269451,4.930274118
4632,0,3.659400422,3.714180264
4633,0,3.759483722,3.082323572
4634,0,3.973488328,2.999083196
4635,0,3.389435932,3.003401358
4636,0,3.592566004,2.459714376
4637,0,3.670747301,2.652926593
4638,0,2.864190864,1.621872907
4639,0,2.484985840,1.656266721
4640,0,3.082311067,2.473990615
4641,0,3.188975897,1.963202476
4642,0,3.484085809,2.426303744
4643,0,3.408923762,2.433063883
4644,0,3.360184201,2.381225158
4645,0,2.769039536,2.102883365
4646,0,3.154907106,3.102826344
4647,0,3.303097059,4.250394473
4648,0,3.262066587,4.045671649
4649,0,3.084339497,4.972792978
4650,0,3.671114370,4.704947182
4651,0,3.755068091,4.200342257
4652,0,3.854167233,3.728281052
4653,0,3.020413571,2.790163797
4654,0,2.462180445,1.883165300
4655,0,2.186944155,2.744834019
4656,0,2.771798551,2.616185098
4657,0,2.619237764,2.488452292
4658,0,2.891795149,2.375610786
4659,0,2.980679390,2.277067789
4660,0,3.148948175,2.169469893
4661,0,2.087378433,1.614980021
4662,0,3.126609235,2.018951331
4663,0,2.860672046,2.049650273
4664,0,2.932572248,2.606955884
4665,0,1.454309873,1.770785437
4666,0,2.634073772,1.480898786
4667,0,1.410113748,0.943539301
4668,0,2.436358183,2.156215853
4669,0,2.497503763,3.474956506
4670,0,2.629618388,2.315159188
4671,0,3.229724432,2.793027163
4672,0,3.478777018,2.600496887
4673,0,3.434603735,2.300185854
4674,0,3.711696369,2.843120492
4675,0,3.517668072,2.916042854
4676,0,3.521189967,2.732712888
4677,0,3.317307801,2.546731256
4678,0,3.658375718,2.969311031
4679,0,3.523827803,4.151668897
4680,0,3.549776596,4.263953128
4681,0,2.691166386,3.163436562
4682,0,3.013389187,3.093975304
4683,0,2.983719733,3.020280992
4684,0,3.113223455,3.120828646
4685,0,3.306813893,3.731921183
4686,0,2.004099013,2.179190912
4687,0,1.972586046,1.803191158
4688,0,3.196796141,2.562481594
4689,0,2.709080634,2.139601559
4690,0,2.618816495,1.360724944
4691,0,1.618531222,0.895776868
4692,0,2.243717110,1.545723026
4693,0,1.847550858,1.767407289
4694,0,2.923777268,2.422644682
4695,0,1.874504479,1.336771326
4696,0,2.514645816,1.967113325
4697,0,0.801306873,0.487605179
4698,0,1.729239171,1.090545328
4699,0,2.185604543,1.953605151
4700,0,2.462741491,1.846814358
4701,0,2.670883473,2.015215529
4702,0,2.766967902,2.621200971
4703,0,3.129233586,2.167260391
4704,0,2.946236149,2.264654205
4705,0,2.996528659,1.785904658
4706,0,2.473617296,1.727294542
4707,0,2.386045677,1.938382566
4708,0,1.930869902,1.303763460
4709,0,1.864081370,1.484494211
4710,0,2.766887744,1.762957134
4711,0,2.506594082,1.516787608
4712,0,2.577044983,1.908333584
4713,0,1.415276050,1.280703878
4714,0,2.022815927,1.248329370
4715,0,2.119258760,1.471162582
4716,0,2.117162942,1.243567391
4717,0,2.180013322,1.594898974
4718,0,2.017815337,2.039509368
4719,0,2.025734220,2.525488251
4720,0,2.364912844,3.626353301
4721,0,2.157570453,2.543324430
4722,0,2.152938139,1.753561098
4723,0,2.537921040,2.697879920
4724,0,2.386870222,3.350100740
4725,0,2.563104302,4.148210339
4726,0,3.164644103,5.294059837
4727,0,3.192306155,4.576533778
4728,0,3.192773681,3.707226670
4729,0,3.082624803,2.959930478
4730,0,3.485631318,2.762615767
4731,0,3.168289427,2.460571228
4732,0,3.149404769,2.612761001
4733,0,3.259416090,2.445223430
4734,0,3.099499671,2.783519326
4735,0,3.507426482,3.177004975
4736,0,3.473626477,3.221800788
4737,0,3.598559674,3.219994042
4738,0,3.429073038,3.252475842
4739,0,3.244543320,3.259002953
4740,0,3.604695865,3.160614736
4741,0,2.374945978,3.476944461
4742,0,3.129022215,3.465706417
4743,0,3.091588147,3.069457329
4744,0,3.319402328,3.890067938
4745,0,3.673977224,3.646497201
4746,0,3.578622010,3.895488269
4747,0,3.761905055,3.652449982
4748,0,3.713468304,4.171114299
4749,0,3.688529278,3.922864888
4750,0,3.796824781,4.389379821
4751,0,2.973739533,5.163610626
4752,0,2.428207337,5.509252908
4753,0,2.864695060,4.862157228
4754,0,3.047360712,3.362998114
4755,0,3.134348700,3.960792707
4756,0,2.948735827,6.360604699
4757,0,2.977047946,4.724474931
4758,0,2.032643838,3.476317902
4759,0,2.513441024,3.515945054
4760,0,2.847882530,2.764885505
4761,0,3.356953450,4.283289397
4762,0,3.145857744,2.998057424
4763,0,3.599342532,3.993689435
4764,0,2.607413466,3.426096173
4765,0,2.228943392,2.113510421
4766,0,2.867345416,3.346229809
4767,0,2.939544082,4.023859637
4768,0,2.653203871,3.314130059
4769,0,3.347857898,3.961660690
4770,0,3.206695503,3.247299030
4771,0,2.730691358,2.776728601
4772,0,2.854837646,3.290456898
4773,0,2.816663262,3.073373723
4774,0,2.987646919,3.386689563
4775,0,3.159972022,4.420504206
4776,0,2.918462453,4.459959826
4777,0,2.963859481,5.712532313
4778,0,2.816367482,4.994599258
4779,0,2.895818982,4.091830531
4780,0,3.440310926,5.090733715
4781,0,3.222992329,4.068748457
4782,0,3.082602721,3.862072766
4783,0,3.484808480,3.443251082
4784,0,3.635019226,3.416608622
4785,0,3.358403225,3.457023824
4786,0,3.582164517,4.239667793
4787,0,3.554055574,4.981232578
4788,0,3.999261876,5.839860412
4789,0,3.574165972,6.595071225
4790,0,3.666115738,5.952456364
4791,0,3.440126273,4.005328986
4792,0,4.173281856,5.444654722
4793,0,3.511880463,3.212502875
4794,0,3.720469976,3.812169915
4795,0,3.380385436,2.908987096
4796,0,3.165487784,3.204682410
4797,0,3.066390933,2.870548973
4798,0,4.077280950,3.062932883
4799,0,2.662369491,2.745432484
4800,0,2.705223112,2.567077363
4801,0,1.878259720,2.891635604
4802,0,2.650338504,4.002956950
4803,0,2.679151417,4.766069778
4804,0,2.849584783,5.260366623
4805,0,2.350665672,5.510348114
4806,0,2.741229794,2.625698623
4807,0,1.710659090,2.280370408
4808,0,2.667923642,3.535002949
4809,0,2.126572375,4.319511239
4810,0,2.781450082,3.494491686
4811,0,3.215827238,4.516375064
4812,0,3.000799971,3.600043775
4813,0,2.517062324,2.983856651
4814,0,2.792321730,3.600984402
4815,0,3.090730980,4.278311457
4816,0,2.873461583,2.557251096
4817,0,2.848645759,3.072232340
4818,0,3.105643222,4.035038066
4819,0,2.971130239,4.980214128
4820,0,2.112552719,5.696116307
4821,0,2.196597502,4.722292650
4822,0,3.183381226,4.151981467
4823,0,2.944600937,3.233496128
4824,0,2.920384107,3.069558306
4825,0,3.263486938,2.717775853
4826,0,3.069288928,2.571074134
4827,0,2.788244421,2.830013497
4828,0,3.593033024,3.277232092
4829,0,3.494244604,3.132752508
4830,0,2.768484217,3.395191998
4831,0,3.283805288,3.242943819
4832,0,1.979871188,2.718539747
4833,0,2.446754347,2.152662870
4834,0,3.084917798,3.157403958
4835,0,3.066446884,3.701902437
4836,0,2.559146227,2.549887362
4837,0,2.581016625,1.395191642
4838,0,3.009981587,2.277949889
4839,0,3.261204143,3.097457517
4840,0,4.068923602,3.612167021
4841,0,4.191602246,4.380867464
4842,0,3.404081767,3.003263210
4843,0,3.371480389,2.499749513
4844,0,3.484976677,2.865150474
4845,0,3.494994162,2.320836391
4846,0,2.801037106,2.770935684
4847,0,3.327376948,3.938907387
4848,0,3.862825593,4.890894276
4849,0,3.589102597,5.158460902
4850,0,3.488629649,6.007979812
4851,0,3.757732039,7.013333207
4852,0,3.906538719,6.111715522
4853,0,4.059315755,5.332053892
4854,0,4.189277361,4.571334227
4855,0,4.047021016,5.781390711
4856,0,4.062034291,4.863380637
4857,0,3.847180840,4.720383108
4858,0,3.903527347,4.418433959
4859,0,3.796993542,3.990283550
4860,0,3.585159475,5.564614540
4861,0,4.033921476,5.154632943
4862,0,3.843704994,7.306490777
4863,0,3.617455397,7.211456593
4864,0,2.927408709,3.679023748
4865,0,3.221470263,2.852393486
4866,0,3.416978674,3.365063599
4867,0,3.662613082,3.810899505
4868,0,3.589509620,4.077906952
4869,0,3.733617575,4.917782124
4870,0,3.692967626,3.834482374
4871,0,3.907124845,4.074170091
4872,0,3.781680263,3.837648986
4873,0,3.806072857,4.637611903
4874,0,3.688931109,5.104370105
4875,0,3.571530560,3.865408552
4876,0,1.956924153,1.579204714
4877,0,2.435230777,1.704396944
4878,0,3.156278354,2.411028454
4879,0,3.667103424,3.754164312
4880,0,3.992326679,3.971388707
4881,0,3.736966303,4.526889610
4882,0,3.703745326,3.423117998
4883,0,4.035614326,4.411871738
4884,0,3.900328868,3.440204228
4885,0,2.904708112,1.739814691
4886,0,3.292397901,2.062728977
4887,0,2.645143258,1.950681586
4888,0,3.105411872,2.234942595
4889,0,2.632827211,1.991814621
4890,0,2.490192902,1.430685188
4891,0,1.908457854,1.722697726
4892,0,2.954239544,2.986578029
4893,0,2.987034174,2.924593992
4894,0,3.316369724,2.330187998
4895,0,3.528391497,3.657439979
4896,0,2.858400531,1.708586466
4897,0,3.347165196,2.243238188
4898,0,3.371588704,2.890281965
4899,0,3.365812601,3.568819104
4900,0,3.105634107,2.996376165
4901,0,3.359585430,2.693082467
4902,0,3.251780310,2.469528658
4903,0,3.507134149,2.795594625
4904,0,3.443321018,3.304124922
4905,0,3.728531383,4.050471089
4906,0,3.805348294,3.840394574
4907,0,3.685984448,3.599043296
4908,0,3.661047598,3.377050675
4909,0,3.460114488,3.065644757
4910,0,3.647170345,3.653665024
4911,0,2.930876400,3.445244770
4912,0,2.794988986,3.270585455
4913,0,3.302043457,3.178382975
4914,0,3.598794768,3.214695274
4915,0,3.290576184,4.158032222
4916,0,2.985070114,3.018180095
4917,0,3.864938758,3.449359876
4918,0,3.572672317,3.154871087
4919,0,3.866007073,3.665699558
4920,0,3.542313605,2.498421415
4921,0,3.350738343,2.803692005
4922,0,3.682427138,3.421590415
4923,0,2.878104473,2.189682335
4924,0,3.119019022,2.307130139
4925,0,2.223553779,2.203951804
4926,0,2.749318396,2.113776736
4927,0,3.403852269,2.741958614
4928,0,2.916751870,1.911058272
4929,0,2.711164450,2.042163706
4930,0,3.283373072,2.054830689
4931,0,3.234408908,2.097952355
4932,0,3.386627999,2.318418823
4933,0,3.192059649,2.301100256
4934,0,3.579003117,2.542106998
4935,0,3.264528806,2.536666556
4936,0,3.504113679,2.592981801
4937,0,3.404085032,2.633099648
4938,0,2.871392534,2.682588623
4939,0,3.017746747,2.344181872
4940,0,3.045477345,2.434512702
4941,0,3.142676773,2.418256131
4942,0,2.784962964,2.446909560
4943,0,3.374330007,2.591451338
4944,0,3.650153442,2.679086478
4945,0,3.750640395,2.855353852
4946,0,3.636730941,3.144240547
4947,0,3.831478294,3.530572871
4948,0,3.644559840,3.658046875
4949,0,3.428054643,4.173407668
4950,0,3.125827710,3.678463915
4951,0,3.626709613,3.575596396
4952,0,3.400121591,4.397154252
4953,0,4.090877266,3.981316416
4954,0,4.220385525,3.624887466
4955,0,4.106993569,4.138088953
4956,0,4.365058000,5.244706321
4957,0,3.993941413,4.193804992
4958,0,2.692659074,2.082594066
4959,0,3.217825784,3.169056176
4960,0,2.830145788,3.293591244
4961,0,3.619164075,3.034716364
4962,0,3.177635275,2.304772701
4963,0,2.607023259,2.114279917
4964,0,2.654835875,2.000679880
4965,0,2.729587760,1.804707217
4966,0,2.465773895,2.085554066
4967,0,3.113363971,2.952058041
4968,0,3.131244520,3.522863153
4969,0,3.466381186,4.269907612
4970,0,3.500594190,3.792842075
4971,0,3.114844768,2.911561761
4972,0,3.140540176,3.106001298
4973,0,3.260678640,3.477396083
4974,0,3.688423243,3.681117836
4975,0,3.508286748,3.982290290
4976,0,3.479364763,4.214651421
4977,0,3.930363193,4.314940538
4978,0,3.840605978,3.839682143
4979,0,3.782852668,3.468789718
4980,0,4.090265638,3.592942597
4981,0,3.722340324,3.198543780
4982,0,3.978712024,3.497525469
4983,0,3.789194318,3.989758472
4984,0,3.645404306,3.553640476
4985,0,4.074755381,3.706432985
4986,0,2.471802981,3.320673322
4987,0,2.594186365,3.069750326
4988,0,2.492950818,3.355907928
4989,0,3.284492179,3.922031627
4990,0,3.796905582,4.695940000
4991,0,3.724255806,4.278051792
4992,0,3.513899725,3.262122159
4993,0,3.586378205,3.051104947
4994,0,3.529225014,2.912364181
4995,0,3.277333320,3.417227205
4996,0,3.268776062,4.170728049
4997,0,3.614292463,3.638945148
4998,0,3.424513940,3.257438676
4999,0,3.244900468,2.680936435
5000,0,3.537956634,3.321730755
5001,0,3.308762262,2.859507240
5002,0,3.265540707,3.533278454
5003,0,3.407186805,3.080805998
5004,0,3.373861007,2.779503145
5005,0,3.379101082,2.915767532
5006,0,3.375008020,3.076251078
5007,0,2.666954828,3.139552869
5008,0,3.595449745,3.403924614
5009,0,3.312313278,3.587087494
5010,0,3.670924617,3.359852253
5011,0,3.608897468,3.860909443
5012,0,3.460284432,3.283013497
5013,0,3.204921198,3.574906362
5014,0,3.181082295,3.973238438
5015,0,3.029478891,4.405124868
5016,0,2.641720915,3.896248271
5017,0,3.306325183,4.984628826
5018,0,3.173025340,4.181140123
5019,0,3.331585538,3.286745043
5020,0,3.309962202,2.869701058
5021,0,3.513739953,3.107672479
5022,0,3.427429540,3.141679298
5023,0,3.375949912,3.193809772
5024,0,3.394626538,2.942257669
5025,0,2.480166874,2.504463217
5026,0,3.006280725,3.121957432
5027,0,3.257485724,3.292206821
5028,0,2.564879708,2.114469350
5029,0,2.915171482,2.923384837
5030,0,2.767515274,2.158873352
5031,0,2.047790541,2.173105394
5032,0,2.547830528,1.784362952
5033,0,1.696946869,1.118006332
5034,0,1.110776142,1.161185574
5035,0,1.897955726,2.196550424
5036,0,1.802296358,1.231917621
5037,0,2.155319770,2.132998780
5038,0,1.949954797,1.299090916
5039,0,1.297930382,0.576136656
5040,0,1.800379399,1.220662050
5041,0,0.017222868,0.016060396
5042,0,1.018162341,1.012312970
5043,0,1.928355127,1.340475111
5044,0,1.000000000,1.000000000
5045,0,1.500000000,2.000000000
5046,0,2.260207823,2.148936170
5047,0,2.857190267,1.772058824
5048,0,2.184341114,1.420256319
5049,0,2.449645520,2.207986593
5050,0,2.462047139,3.019943572
5051,0,2.348705987,2.139342200
5052,0,2.434812901,1.739711083
5053,0,2.901606057,1.909604193
5054,0,2.409054016,2.243612407
5055,0,2.273666443,2.559647544
5056,0,2.484002332,2.439888537
5057,0,3.164999272,3.014242725
5058,0,3.373697704,2.919320933
5059,0,3.219725404,3.162738510
5060,0,2.874912892,3.127703119
5061,0,3.828512630,3.576082137
5062,0,3.785397880,3.446817637
5063,0,3.494034648,3.225148158
5064,0,3.129323484,3.244804136
5065,0,3.871041129,3.627458030
5066,0,3.729101134,3.984740853
5067,0,2.319086233,2.725203275
5068,0,2.994162208,2.698706236
5069,0,2.727457269,3.164279341
5070,0,2.874217234,3.742769438
5071,0,3.833094620,3.567536936
5072,0,3.790273952,4.057859021
5073,0,3.451790823,3.845680299
5074,0,3.507842581,4.215424414
5075,0,3.571960583,4.500984635
5076,0,3.726114280,5.385205669
5077,0,3.601824274,5.860263073
5078,0,3.797225952,6.392797538
5079,0,3.940212978,5.450047441
5080,0,3.842708944,6.081028551
5081,0,3.930992495,5.241094969
5082,0,4.072210875,4.774008293
5083,0,3.711210043,4.446590246
5084,0,3.749825661,4.081426935
5085,0,2.917749589,4.955537368
5086,0,3.379990029,4.347491789
5087,0,3.722758107,4.495561875
5088,0,3.557458380,4.123662290
5089,0,3.622446045,4.940149887
5090,0,3.578030915,5.091533444
5091,0,3.803274611,3.597650235
5092,0,3.560889783,4.254740373
5093,0,3.771817991,6.150202364
5094,0,3.101112510,5.056896926
5095,0,3.129861896,5.943927688
5096,0,4.073952612,6.966950824
5097,0,1.375993945,3.777810867
5098,0,2.684674568,3.045360387
5099,0,1.821857047,2.231607211
5100,0,2.249651313,1.503587566
5101,0,1.299674406,0.777059353
5102,0,1.865205715,1.344681983
5103,0,1.520517102,0.887579338
5104,0,1.376478816,0.662572700
5105,0,0.274028082,0.079611034
5106,0,1.263717869,1.066462533
5107,0,0.764529049,0.299134711
5108,0,1.683873123,1.258200117
5109,0,1.640153644,1.112983464
5110,0,1.971372697,1.390901402
5111,0,1.763049833,1.991300952
5112,0,1.882726227,1.408345661
5113,0,1.835945659,1.877222431
5114,0,1.898401890,1.207065132
5115,0,1.943451749,1.889119851
5116,0,2.233012573,1.576360312
5117,0,1.961293017,2.271196761
5118,0,1.796515955,1.977437064
5119,0,-0.000000000,0.000000000
5120,0,1.314320487,1.076923077
5121,0,-0.000000000,0.000000000
5122,0,1.314320487,1.076923077
5123,0,0.668564443,2.000000000
5124,0,1.538008924,1.142857143
5125,0,1.616520489,2.005475452
5126,0,2.538411525,3.181549626
5127,0,2.725685092,2.572022998
5128,0,2.632148395,2.583284595
5129,0,3.075544948,2.868082210
5130,0,3.235729269,2.991716058
5131,0,3.128367335,2.975627928
5132,0,2.889276649,2.683198666
5133,0,3.137544710,2.747212718
5134,0,3.317539685,3.315806488
5135,0,2.861912055,3.379437348
5136,0,3.352918625,3.206923863
5137,0,3.462095200,3.510407145
5138,0,3.837435367,3.568660502
5139,0,2.552923086,3.046530918
5140,0,2.697099249,2.937883828
5141,0,3.367785765,3.034242992
5142,0,2.765048791,3.591691991
5143,0,3.519889345,3.697958962
5144,0,3.403204116,3.814492659
5145,0,3.545184438,4.457857956
5146,0,3.381738453,5.033415384
5147,0,3.765890449,4.431079674
5148,0,3.180026425,4.563616219
5149,0,1.573585772,2.588069555
5150,0,1.936186171,3.620592615
5151,0,3.083483317,3.084816579
5152,0,2.533072126,2.425545152
5153,0,2.477569458,2.903058923
5154,0,3.380038056,2.874032662
5155,0,2.853357783,3.538316737
5156,0,3.756893846,4.304863206
5157,0,3.732730687,5.046687514
5158,0,3.762892931,5.839950665
5159,0,3.651801238,4.930711158
5160,0,3.794535257,5.364379871
5161,0,3.718083770,5.865412347
5162,0,3.744406453,6.435006871
5163,0,3.245905675,4.333982751
5164,0,2.060592261,1.841216416
5165,0,2.420478275,2.574432987
5166,0,2.824885341,2.126963878
5167,0,2.993223527,2.571501730
5168,0,3.341928918,3.375691570
5169,0,3.467337002,2.816437685
5170,0,3.261169588,2.794392520
5171,0,3.067711811,2.171543935
5172,0,2.809041488,1.932787823
5173,0,2.853543652,2.254832850
5174,0,2.861216890,1.766569430
5175,0,2.882887775,1.835536936
5176,0,2.123944217,1.951902540
5177,0,2.191994930,1.867476328
5178,0,2.847137858,2.287668217
5179,0,2.196826167,2.459678139
5180,0,2.544769384,2.787849560
5181,0,2.296437066,3.040901578
5182,0,1.934360092,1.670792598
5183,0,2.279486327,2.600478952
5184,0,0.981216973,1.161014296
5185,0,1.767189859,1.076923077
5186,0,1.855615210,1.663436741
5187,0,1.568850981,1.210526316
5188,0,2.520854514,1.763084208
5189,0,2.756242162,1.618043845
5190,0,2.905507155,2.022856618
5191,0,3.032703215,2.695231630
5192,0,3.082546117,3.714493431
5193,0,3.011479032,2.754598395
5194,0,3.326916570,3.509794264
5195,0,3.122948630,4.010011406
5196,0,3.458264349,3.469975980
5197,0,3.224969317,3.865784922
5198,0,3.551317085,3.236452955
5199,0,3.300137230,2.957935591
5200,0,2.983429809,2.562686130
5201,0,2.697507910,2.783053986
5202,0,3.664421951,3.482726671
5203,0,3.450052410,4.459387971
5204,0,3.227563683,3.169364725
5205,0,2.586582857,2.600548948
5206,0,2.570173426,3.255932429
5207,0,2.350328810,3.810130920
5208,0,2.602655001,4.780347544
5209,0,3.265261241,4.087453230
5210,0,2.719444096,5.092398969
5211,0,3.612849892,4.715467618
5212,0,3.468381314,3.743705344
5213,0,3.365993550,4.505436183
5214,0,2.923202474,5.157522830
5215,0,3.254792533,4.481624649
5216,0,3.118687134,5.030347381
5217,0,2.682192797,4.091725323
5218,0,2.290695327,3.054778070
5219,0,2.719481949,4.061108487
5220,0,3.009382035,5.068385985
5221,0,3.029388490,4.129057031
5222,0,2.105240277,3.042968647
5223,0,2.965672795,2.645137850
5224,0,2.490267209,2.510317005
5225,0,3.172324258,2.634409697
5226,0,3.244957573,3.056894748
5227,0,3.311262357,3.270955356
5228,0,2.933803558,3.217355236
5229,0,3.323159092,3.022047340
5230,0,3.201890821,3.303192314
5231,0,3.081280804,3.507369430
5232,0,3.238058364,4.036734326
5233,0,2.990665015,4.743634854
5234,0,3.435946095,4.779653796
5235,0,2.885622821,4.248084116
5236,0,2.416407636,4.477058994
5237,0,3.442135958,4.877460032
5238,0,3.398496791,4.063521376
5239,0,3.457858926,3.852953063
5240,0,3.546131175,3.483513961
5241,0,3.091932949,2.323294610
5242,0,2.815601373,2.183444099
5243,0,1.591982535,1.504228189
5244,0,2.240869669,1.485714537
5245,0,1.750160191,1.739170630
5246,0,1.699411923,1.614358980
5247,0,2.971359663,1.929721783
5248,0,3.116082863,2.537978413
5249,0,2.902841699,1.959606009
5250,0,2.995210720,2.654372596
5251,0,3.189333715,2.367320004
5252,0,3.614724101,2.379241305
5253,0,2.664360258,2.118082401
5254,0,2.810331027,2.975713029
5255,0,2.773269292,2.231101804
5256,0,2.965210450,2.888223452
5257,0,3.206701768,3.254093356
5258,0,3.439422658,4.201805110
5259,0,3.366983463,3.457393672
5260,0,3.279211343,2.667115949
5261,0,3.116889904,2.911920300
5262,0,3.254451401,3.566065328
5263,0,3.331963992,3.614577360
5264,0,3.466155892,3.238607314
5265,0,3.149489049,3.143301274
5266,0,3.178555606,3.166175861
5267,0,2.796474212,2.191343290
5268,0,3.043780932,2.035969787
5269,0,3.159271982,2.509358840
5270,0,3.479815899,2.328623406
5271,0,3.569302944,2.573109426
5272,0,3.109399159,2.226099590
5273,0,2.959837304,2.680891019
5274,0,3.096907811,3.407524389
5275,0,3.175283037,4.184087561
5276,0,3.633399234,4.923749410
5277,0,3.398842527,5.735403167
5278,0,3.817607673,4.851587146
5279,0,3.416190734,4.002379242
5280,0,3.404568621,4.873048770
5281,0,3.625835826,5.814877411
5282,0,3.362787059,6.383661256
5283,0,3.046967657,5.042122156
5284,0,3.601100221,6.405183735
5285,0,3.398204433,5.343545392
5286,0,3.600084542,6.259086077
5287,0,2.261277368,4.790369310
5288,0,2.935235221,4.125211448
5289,0,3.003996987,4.793106793
5290,0,2.787432865,3.674195222
5291,0,2.944510731,3.162224594
5292,0,3.065053585,3.935379393
5293,0,2.824796142,4.897736598
5294,0,2.963233227,4.327864717
5295,0,2.734039717,3.631759366
5296,0,3.724942366,4.341860123
5297,0,3.739095833,5.158766194
5298,0,3.732602062,5.801278822
5299,0,2.933034701,5.242500801
5300,0,3.548971079,6.111170226
5301,0,2.802906506,5.884964365
5302,0,3.843945435,5.347743725
5303,0,3.697810093,4.709565113
5304,0,3.694629340,5.302673269
5305,0,3.747472750,4.523457000
5306,0,3.572525111,4.159966323
5307,0,3.470978434,3.181440657
5308,0,3.332694039,3.673310774
5309,0,3.627606424,4.369875096
5310,0,3.093363425,3.896397599
5311,0,1.903083789,3.644374732
5312,0,2.706717990,2.875404158
5313,0,1.988450646,3.248359028
5314,0,3.098753637,2.616228980
5315,0,3.047563248,2.723226969
5316,0,2.088387173,2.412674709
5317,0,2.784133871,2.064090847
5318,0,2.740435399,2.699544023
5319,0,3.190299396,2.466807510
5320,0,2.824794217,1.999728723
5321,0,3.150928752,2.570804333
5322,0,2.798080290,2.443411957
5323,0,2.877276007,2.448289927
5324,0,2.958927428,3.156878442
5325,0,3.462026953,2.571984056
5326,0,3.151631410,2.981578474
5327,0,3.204361718,2.853292117
5328,0,3.176630380,3.634012429
5329,0,2.362306901,3.561945734
5330,0,2.695092247,3.096592956
5331,0,1.517145757,2.892060414
5332,0,2.400364118,3.757354013
5333,0,2.897026717,3.650166332
5334,0,2.422144702,3.166955483
5335,0,3.095609021,3.779171929
5336,0,2.517140450,2.689294731
5337,0,1.497710003,2.677734067
5338,0,1.911836247,4.890085071
5339,0,2.372272373,4.263328517
5340,0,1.399720169,2.797220366
5341,0,1.570626392,4.183821589
5342,0,1.572661039,2.749399725
5343,0,-0.000000000,0.000000000
5344,0,1.314320487,1.076923077
5345,0,1.000000000,2.000000000
5346,0,2.091672779,3.428571429
5347,0,2.894807664,2.943396226
5348,0,1.513715638,1.584615385
5349,0,1.557214173,1.884393064
5350,0,2.414525655,2.620582121
5351,0,1.845481039,2.545505304
5352,0,2.444320205,2.283809950
5353,0,2.405040509,1.853913245
5354,0,2.657215666,2.207729746
5355,0,1.473147796,1.516675832
5356,0,2.171891201,1.759867003
5357,0,1.546803953,1.128174309
5358,0,1.935304285,1.693522245
5359,0,0.681340618,0.266094751
5360,0,1.703029886,1.372210289
5361,0,0.513173601,0.172747340
5362,0,1.121505042,1.747359412
5363,0,0.714869549,0.271588564
5364,0,1.554818860,1.147800437
5365,0,0.722121371,0.274904295
5366,0,1.688372090,1.380683655
5367,0,0.512138627,0.172191858
5368,0,1.656589535,1.362269218
5369,0,1.313362312,0.704039113
5370,0,2.127136699,1.462848453
5371,0,2.297395918,2.467339238
5372,0,2.641780774,3.273896021
5373,0,2.289177483,2.929695279
5374,0,2.735987990,3.817846776
5375,0,2.491200909,4.578677130
5376,0,1.973505057,4.023438103
5377,0,2.531013135,3.641316921
5378,0,2.814318726,4.494180050
5379,0,3.102952060,4.070451439
5380,0,2.801998672,4.751760389
5381,0,2.968393660,5.646445399
5382,0,3.167269641,4.738343084
5383,0,2.879404897,5.554835386
5384,0,3.760885077,6.525984511
5385,0,3.806919699,5.736371176
5386,0,3.833166885,6.677131338
5387,0,3.767939797,5.942922652
5388,0,3.680593998,7.020899601
5389,0,3.670108431,8.012412401
5390,0,3.671969743,9.323525608
5391,0,3.606304284,8.033652346
5392,0,3.630357866,7.488992167
5393,0,3.627211121,6.837061306
5394,0,4.042380987,6.365683637
5395,0,3.895184677,6.744054018
5396,0,3.937493636,6.747221604
5397,0,3.861840292,7.307921789
5398,0,3.798725032,6.648078300
5399,0,3.821396448,7.187850128
5400,0,3.831551459,7.917218469
5401,0,4.125742388,7.505266706
5402,0,3.896456140,7.117127833
5403,0,3.944386132,6.579752759
5404,0,3.923344769,5.008954519
5405,0,3.297737186,5.043195484
5406,0,3.198519096,4.459483028
5407,0,3.205655766,4.046805081
5408,0,3.217804443,4.864642705
5409,0,3.530752878,4.186364446
5410,0,3.330986013,5.148583427
5411,0,3.502810016,4.416062736
5412,0,3.253366473,3.537817058
5413,0,3.261766675,3.154791905
5414,0,3.520413868,3.087018596
5415,0,3.573165431,2.741822828
5416,0,3.212057635,2.678619330
5417,0,3.218152479,2.633817433
5418,0,2.498309708,2.937583409
5419,0,2.672161538,2.053213730
5420,0,1.899348160,1.458343990
5421,0,2.058037570,2.331062966
5422,0,2.615582666,2.015574543
5423,0,2.759834781,2.666806395
5424,0,3.245836275,2.249792724
5425,0,2.719413294,2.021723329
5426,0,2.448120427,1.200888400
5427,0,2.705583101,1.924703315
5428,0,3.075847782,2.368067561
5429,0,3.213758506,2.856599966
5430,0,3.185776584,3.331372531
5431,0,3.048619334,2.809104237
5432,0,3.402592966,3.147928286
5433,0,3.192934049,2.740584209
5434,0,3.380028191,2.266703451
5435,0,3.212791144,2.609285412
5436,0,2.407137320,2.523310504
5437,0,2.132962315,2.433449819
5438,0,2.741673141,3.195368334
5439,0,2.841763306,4.241420221
5440,0,3.312413576,3.985709868
5441,0,2.090521924,1.951311963
5442,0,3.215844853,3.023654089
5443,0,3.027950464,2.730080748
5444,0,3.052660071,2.891865626
5445,0,3.089091196,2.193132452
5446,0,2.975663368,2.394004625
5447,0,2.844339449,2.624052053
5448,0,3.185362059,2.288333742
5449,0,2.820598618,2.419991895
5450,0,3.028246027,1.952245161
5451,0,2.833729522,2.155858789
5452,0,2.990891993,1.755448989
5453,0,2.841568601,1.944591427
5454,0,1.980808462,1.666821821
5455,0,2.767670251,1.923829524
5456,0,3.009094432,2.089385819
5457,0,3.371233844,2.344236607
5458,0,3.360013359,2.594964306
5459,0,3.499582352,2.963075846
5460,0,1.985840288,1.542257961
5461,0,2.233349159,1.841892605
5462,0,2.911079836,2.590722393
5463,0,3.168436618,3.504969125
5464,0,3.023263066,2.620352311
5465,0,3.293071508,3.622859016
5466,0,3.609406425,3.610278444
5467,0,3.320235449,3.146726944
5468,0,3.102500226,3.229622712
5469,0,3.282112162,4.186212513
5470,0,3.006114292,2.122183699
5471,0,1.534636105,1.099448264
5472,0,1.527020084,1.562286453
5473,0,2.211588069,1.710544639
5474,0,1.803419444,1.509967620
5475,0,2.360922187,1.826998458
5476,0,2.639521027,1.514163796
5477,0,2.925088152,2.004566722
5478,0,2.887374805,1.936960456
5479,0,2.655949884,2.126641287
5480,0,2.885663252,1.947395443
5481,0,2.990557624,2.211903569
5482,0,2.527155533,2.379069318
5483,0,2.889098547,1.760776919
5484,0,2.881057147,2.073873594
5485,0,3.353359714,2.271042681
5486,0,2.893863078,2.928027031
5487,0,2.561540334,3.510810615
5488,0,2.712013607,2.970064544
5489,0,2.782752030,3.606683304
5490,0,3.114453180,4.454930036
5491,0,3.069756695,3.514895797
5492,0,2.429187475,4.925882566
5493,0,2.114755645,3.760348098
5494,0,2.894939466,4.537981713
5495,0,2.819586876,1.898590200
5496,0,2.589424662,1.601094032
5497,0,1.879069943,1.181564023
5498,0,2.939541380,1.999586708
5499,0,3.705612882,2.454393529
5500,0,1.967949819,1.605548080
5501,0,2.760172212,1.852336962
5502,0,2.797322473,1.797994633
5503,0,2.966932129,1.675686892
5504,0,2.823182324,1.801951421
5505,0,2.870076566,1.953980405
5506,0,1.823476155,1.060687782
5507,0,2.547144629,1.877710666
5508,0,2.505538963,2.514755427
5509,0,2.643594199,3.311062869
5510,0,2.861920452,2.582210358
5511,0,3.304273372,3.413508273
5512,0,3.139208743,3.010857235
5513,0,3.274149719,2.313536622
5514,0,2.900239067,2.286830720
5515,0,3.219546095,3.153277899
5516,0,2.982420793,2.225353890
5517,0,2.640538768,2.515695320
5518,0,2.916564732,1.691072218
5519,0,2.937449172,2.131810566
5520,0,2.979797329,1.913526426
5521,0,3.183913993,2.735745814
5522,0,1.644390126,1.812639233
5523,0,2.824061381,2.738972361
5524,0,1.377083286,0.684901241
5525,0,1.710841610,1.555892556
5526,0,2.030051047,2.175946490
5527,0,2.891663090,2.700646306
5528,0,3.671236730,2.726941068
5529,0,2.658898993,1.903677331
5530,0,3.115924958,2.254896632
5531,0,2.744010147,2.327045856
5532,0,3.054604473,2.245629874
5533,0,3.047938583,2.762226517
5534,0,3.235786773,2.353394067
5535,0,3.121473468,2.756175441
5536,0,2.672206790,1.788679965
5537,0,2.382141356,1.632726033
5538,0,2.876592337,2.498579371
5539,0,2.455838745,1.616637205
5540,0,1.916112070,1.236203389
5541,0,2.060410865,1.056363067
5542,0,2.118347116,1.616205596
5543,0,2.644150480,2.563655581
5544,0,3.085366339,2.119758685
5545,0,2.858316506,2.327555875
5546,0,3.114064486,3.147287391
5547,0,3.293114023,2.495973955
5548,0,3.116485177,2.152563497
5549,0,3.175161028,2.381114847
5550,0,3.092239131,2.479131896
5551,0,3.261647570,3.197691439
5552,0,3.061348203,4.501509065
5553,0,3.408993935,3.211956070
5554,0,2.796574301,1.987628205
5555,0,2.913318532,1.956892179
5556,0,2.050002429,1.631887072
5557,0,2.170951303,1.450024578
5558,0,2.029843208,1.608964476
5559,0,2.729799560,2.370472206
5560,0,2.964472160,2.756485173
5561,0,2.949470150,2.405461716
5562,0,2.963296981,1.967088064
5563,0,2.413355925,1.749640734
5564,0,1.750942718,1.188444549
5565,0,2.708695746,1.884857676
5566,0,2.571279649,1.684060689
5567,0,2.750858025,1.976086689
5568,0,2.994953794,2.543678794
5569,0,1.965405017,2.111604607
5570,0,3.169880138,2.176061192
5571,0,3.480291050,2.986833631
5572,0,3.373595434,2.886968177
5573,0,3.505449549,3.445657661
5574,0,3.331577604,4.381387941
5575,0,3.569941284,3.647650051
5576,0,2.790888843,3.003195437
5577,0,2.918664179,1.907313555
5578,0,2.859122426,2.569502563
5579,0,2.839723095,3.791073197
5580,0,3.054831487,3.181687211
5581,0,3.122386028,2.345698284
5582,0,3.249259297,2.379638634
5583,0,3.368966143,2.715818445
5584,0,1.399473389,1.171707550
5585,0,2.248571622,1.422465869
5586,0,3.150489622,1.944341791
5587,0,3.283768314,2.103241437
5588,0,2.752785925,2.608830876
5589,0,2.940724380,1.789154580
5590,0,2.910828276,1.986303024
5591,0,3.186424889,2.991186802
5592,0,2.750630306,4.149107826
5593,0,3.076452579,4.412938999
5594,0,2.381697896,3.743013391
5595,0,2.952696736,4.572169707
5596,0,3.254317496,4.475425842
5597,0,3.676422221,4.605623258
5598,0,3.463477371,3.120622352
5599,0,3.432127875,2.993101435
5600,0,3.819875808,3.317439855
5601,0,3.493569962,3.581581327
5602,0,3.569202566,3.386157516
5603,0,3.454805171,3.888422516
5604,0,3.397174151,3.681628220
5605,0,3.855931609,3.524895022
5606,0,3.590339416,3.583375558
5607,0,2.477237335,3.730341368
5608,0,2.520626503,4.260489747
5609,0,3.119083711,4.426269103
5610,0,3.414743936,4.931721587
5611,0,3.551633541,5.426332282
5612,0,3.367641846,6.382330009
5613,0,1.847570861,2.954744159
5614,0,2.831067352,3.812362792
5615,0,2.561700413,2.662937244
5616,0,3.305877870,2.647311770
5617,0,2.976038472,3.294198814
5618,0,3.664830036,3.233233508
5619,0,3.507189538,4.103061371
5620,0,3.454537732,3.800602696
5621,0,1.540208390,2.175472614
5622,0,2.371718730,1.694734045
5623,0,2.975147518,1.915363057
5624,0,2.862337124,1.775382445
5625,0,2.887857386,1.945471920
5626,0,2.529730441,2.481420254
5627,0,3.066233436,2.784627670
5628,0,3.171428567,3.356295491
5629,0,2.957957207,2.719177719
5630,0,3.284580162,2.393032514
5631,0,2.869964097,1.918325550
5632,0,3.513469319,3.222905311
5633,0,2.386036922,3.953636019
5634,0,2.276699312,2.897886151
5635,0,1.953082699,2.797196164
5636,0,2.648152328,3.585081208
5637,0,3.025929858,3.171003315
5638,0,2.818850067,2.780858181
5639,0,3.006656197,1.731533974
5640,0,1.965021532,1.364054726
5641,0,1.875730014,1.751900017
5642,0,2.687233583,3.143654012
5643,0,1.859543199,1.785571863
5644,0,2.182563948,1.719471185
5645,0,2.485865677,2.640139668
5646,0,2.602381748,1.958245880
5647,0,3.160863570,1.914179370
5648,0,2.889314911,1.870968939
5649,0,2.158896678,2.061497178
5650,0,2.717992166,3.373387183
5651,0,2.838404686,3.004587507
5652,0,2.760346155,1.918250735
5653,0,3.105104713,2.506767439
5654,0,3.103551976,3.180162986
5655,0,3.076258413,2.584992685
5656,0,1.945029864,2.433323231
5657,0,2.770258497,2.813040735
5658,0,3.145410001,2.648906732
5659,0,2.941567480,1.867981071
5660,0,2.853964213,1.942302702
5661,0,3.125126216,2.520827163
5662,0,2.659041731,2.207832237
5663,0,2.302756878,1.954817604
5664,0,2.432140148,3.295341415
5665,0,3.162575607,3.005602369
5666,0,3.609468060,3.810679640
5667,0,3.356622505,2.399554164
5668,0,3.300853311,2.296795756
5669,0,3.358956181,2.850133583
5670,0,3.598580836,3.189728519
5671,0,3.605284914,2.821472081
5672,0,1.961254921,1.361784836
5673,0,2.845109158,1.754700113
5674,0,2.251599467,2.271671386
5675,0,2.394806876,1.900546002
5676,0,2.486203637,2.680909642
5677,0,1.941594446,3.201204995
5678,0,2.673178542,2.469246233
5679,0,2.339435092,2.534806094
5680,0,2.865478776,3.462257256
5681,0,2.997517786,4.285902191
5682,0,2.345223550,3.530210904
5683,0,2.380600134,4.478666350
5684,0,2.941969118,5.558188346
5685,0,3.510563741,4.709107571
5686,0,2.351052640,4.721177975
5687,0,2.256488901,5.195776644
5688,0,2.887303032,5.880163080
5689,0,3.081074435,4.794173156
5690,0,3.563631219,3.929566887
5691,0,3.466885149,3.382012210
5692,0,3.551212444,2.859126159
5693,0,3.777031579,2.866280138
5694,0,3.476397388,2.803844250
5695,0,3.693751197,2.771288012
5696,0,3.454527315,2.852856988
5697,0,3.375549033,4.196232572
5698,0,3.618667237,4.668145619
5699,0,3.511760096,3.429583054
5700,0,3.583368344,4.377871025
5701,0,3.974201590,4.953950383
5702,0,3.886683149,5.902035904
5703,0,3.781356914,6.659574348
5704,0,3.681101628,8.072975258
5705,0,3.707000751,6.950883482
5706,0,3.486452681,6.161049166
5707,0,3.680581109,4.834425340
5708,0,2.802404247,3.677101283
5709,0,2.216877117,3.928333517
5710,0,2.582759979,3.446284871
5711,0,3.102565103,3.662118071
5712,0,1.635160802,2.095795866
5713,0,1.890736697,2.728905031
5714,0,2.045630917,2.378405932
5715,0,3.116009809,2.524141902
5716,0,3.315705100,2.816925589
5717,0,3.629482954,3.291379108
5718,0,3.485138655,3.506176289
5719,0,3.747113984,3.619787961
5720,0,3.739009782,3.522688122
5721,0,3.858273617,4.700855721
5722,0,4.063228198,4.199432211
5723,0,3.959254610,4.937351145
5724,0,4.019848960,4.827357000
5725,0,3.950825376,4.438801491
5726,0,3.523171833,4.756725442
5727,0,3.837512085,4.664686862
5728,0,3.724534586,4.518262502
5729,0,3.941826415,4.040606385
5730,0,4.267093852,4.034142637
5731,0,4.132118854,4.258203644
5732,0,3.623266171,3.431030170
5733,0,3.601413660,4.645809090
5734,0,3.383327223,4.435035748
5735,0,2.925898298,3.821316724
5736,0,4.142469835,5.151282344
5737,0,4.484268189,4.932079506
5738,0,2.755149825,4.707541062
5739,0,3.418628688,3.782963493
5740,0,3.504576453,3.613619786
5741,0,3.394360643,2.722470645
5742,0,3.374917121,2.629963354
5743,0,3.715307927,3.034769440
5744,0,3.334435253,2.691844686
5745,0,3.454723919,2.749084833
5746,0,3.331284519,2.825650081
5747,0,3.145718786,2.736348429
5748,0,3.028363428,2.620468559
5749,0,3.455106012,3.082678430
5750,0,2.624909938,2.426534867
5751,0,3.597005314,2.824007082
5752,0,2.289373170,2.866819033
5753,0,2.332553321,2.566024085
5754,0,3.552908104,3.148531474
5755,0,2.694985443,3.036564006
5756,0,3.810645783,3.126078699
5757,0,3.633901532,3.088885548
5758,0,3.822685791,3.636762722
5759,0,3.690484356,3.323756354
5760,0,3.625720552,3.583425483
5761,0,3.409521013,3.150487760
5762,0,3.606669728,3.005543969
5763,0,3.284673440,2.316003076
5764,0,3.349410282,2.481700107
5765,0,3.313136269,2.617275671
5766,0,3.359261956,2.946133855
5767,0,3.292186216,2.978342720
5768,0,1.266013558,1.144568452
5769,0,2.594904495,1.561350783
5770,0,2.629322773,2.403116507
5771,0,3.144150161,2.853609571
5772,0,3.104035775,2.266911575
5773,0,1.428196590,0.965687163
5774,0,2.418589159,1.318661381
5775,0,3.126826284,2.194347353
5776,0,3.373212064,2.532363782
5777,0,3.010237479,2.358226444
5778,0,3.614592439,2.682299631
5779,0,1.998641604,1.516251383
5780,0,2.399566457,1.202779968
5781,0,2.665366185,2.133394260
5782,0,3.239948129,3.170351380
5783,0,2.774849345,1.562696600
5784,0,1.454937117,0.825657363
5785,0,1.717773093,1.549603273
5786,0,2.692268851,1.570791620
5787,0,2.805279732,1.518050672
5788,0,2.919668597,1.781144924
5789,0,3.296199911,2.360292222
5790,0,2.995879496,1.765696615
5791,0,3.326432113,2.631334988
5792,0,2.493916065,2.404716237
5793,0,3.274367643,3.639382133
5794,0,3.281942748,2.404794299
5795,0,3.297610566,2.419377841
5796,0,3.003395602,2.045012381
5797,0,2.699110933,2.788450573
5798,0,3.230879191,2.575991653
5799,0,3.008495606,2.125973576
5800,0,3.137571058,2.567620707
5801,0,2.703638005,2.916745849
5802,0,2.936885223,3.930487619
5803,0,3.035327276,3.272782123
5804,0,3.110557296,4.260316643
5805,0,3.196867451,3.285782128
5806,0,3.530794575,2.986088404
5807,0,3.446144566,3.908647742
5808,0,3.496986488,4.591025020
5809,0,2.817211838,3.673171776
5810,0,3.035294185,2.950558917
5811,0,1.377219086,1.427647064
5812,0,2.234649766,2.377128767
5813,0,2.802454649,3.328244246
5814,0,3.102902399,4.365717039
5815,0,3.078774730,3.888894982
5816,0,3.142901074,4.625346921
5817,0,2.572045945,4.941210600
5818,0,2.943576295,4.116920034
5819,0,2.880458124,2.449398734
5820,0,2.893429948,2.269103869
5821,0,2.687828875,1.816330892
5822,0,2.987490412,2.423749112
5823,0,3.143537795,3.005815001
5824,0,2.944969593,3.972311821
5825,0,2.565576074,4.756083879
5826,0,2.957572205,3.599233130
5827,0,3.281654870,3.433087800
5828,0,3.504792745,2.705217356
5829,0,3.396049753,2.622329246
5830,0,3.493765124,2.772000643
5831,0,3.267595929,2.676741281
5832,0,3.150000095,2.734348343
5833,0,2.930469503,3.134414071
5834,0,2.973603244,2.314417949
5835,0,2.819397975,2.086019418
5836,0,3.023401670,2.293519354
5837,0,2.693241232,2.301483642
5838,0,2.460048753,2.800901481
5839,0,2.922917126,2.262995626
5840,0,3.040656134,2.393242259
5841,0,2.985722221,2.195161304
5842,0,2.769617740,2.179768567
5843,0,2.746941636,2.563737937
5844,0,2.321072253,1.886561904
5845,0,2.444119484,1.515106110
5846,0,2.332051482,1.803656521
5847,0,1.727838054,1.637468082
5848,0,2.257778348,1.012372907
5849,0,2.619621879,1.708911231
5850,0,2.687474085,2.795236544
5851,0,2.584987408,2.843262302
5852,0,2.548031937,2.165655729
5853,0,2.776021788,2.367087080
5854,0,3.068821893,2.777600359
5855,0,-0.000000000,0.000000000
5856,0,1.000000000,1.000000000
5857,0,1.186278124,0.500000000
5858,0,1.305886233,1.093023256
5859,0,1.909922537,2.053269668
5860,0,1.082743224,1.027486088
5861,0,2.542661463,1.500000000
5862,0,3.085870462,3.157630355
5863,0,2.987486000,2.488711750
5864,0,1.975735241,1.438067442
5865,0,2.829529852,2.046360535
5866,0,1.997815437,1.518043210
5867,0,2.563945378,1.825616714
5868,0,2.560099924,1.768361062
5869,0,2.991613553,1.674761383
5870,0,2.618013857,1.897194536
5871,0,3.046803371,2.056876503
5872,0,2.854719377,1.722939638
5873,0,2.760200904,2.442071221
5874,0,3.149768786,1.854013185
5875,0,3.368146680,2.011602332
5876,0,3.028527605,1.837206945
5877,0,3.335044798,2.234798919
5878,0,3.494486935,2.303452464
5879,0,3.277496710,2.581119144
5880,0,3.117039810,2.431834331
5881,0,2.878943926,1.954591792
5882,0,2.683999589,2.349179050
5883,0,3.013389099,2.551899538
5884,0,2.294967906,1.616262314
5885,0,2.500880437,2.189908403
5886,0,2.809273433,2.926787857
5887,0,2.581057338,2.190274722
5888,0,1.497690823,1.502436504
5889,0,2.031490460,1.164883719
5890,0,2.029502583,1.006014308
5891,0,2.259692937,1.832576162
5892,0,2.623554923,1.990379196
5893,0,2.564763291,1.130807246
5894,0,2.400299374,1.349075719
5895,0,2.713118423,1.997127979
5896,0,2.677996985,1.883107653
5897,0,2.652408075,1.869579772
5898,0,3.021789980,2.864959303
5899,0,2.809079322,3.969008991
5900,0,3.077645285,1.934847420
5901,0,2.169767031,1.420393022
5902,0,2.665007063,2.681978235
5903,0,2.871333939,3.196817820
5904,0,3.140785647,2.670004577
5905,0,3.311190660,3.128304010
5906,0,3.013097228,3.141416993
5907,0,2.998616577,2.777837455
5908,0,2.340445336,2.745579736
5909,0,2.518789840,2.263161951
5910,0,3.091161573,2.707942353
5911,0,2.576427249,3.408395466
5912,0,3.116132174,3.913227172
5913,0,2.910746798,3.735809288
5914,0,3.326670309,4.209680888
5915,0,3.350240451,4.805509956
5916,0,3.285429545,3.723751563
5917,0,3.334315349,3.148758186
5918,0,2.542774048,2.268496183
5919,0,2.596254554,2.347901407
5920,0,2.808976502,1.875341561
5921,0,3.087535738,2.488270734
5922,0,3.240568897,2.161056896
5923,0,3.171841020,2.183709133
5924,0,3.155838277,2.874201938
5925,0,3.014776954,3.044578167
5926,0,2.438599328,1.686326159
5927,0,2.908109383,2.114902347
5928,0,2.876877774,2.745433342
5929,0,3.167586618,3.026358202
5930,0,2.895260328,2.679151168
5931,0,2.779906505,1.900675910
5932,0,2.729494122,2.577137971
5933,0,3.199430939,2.199918205
5934,0,2.862160189,1.909459636
5935,0,3.166184864,2.483887330
5936,0,1.874552269,1.772863631
5937,0,1.801478440,1.793692594
5938,0,1.830727331,1.882974840
5939,0,2.649012293,2.296183771
5940,0,2.531368511,1.934183250
5941,0,2.110168103,1.210524388
5942,0,1.833976297,1.383753974
5943,0,2.371651107,1.615933887
5944,0,2.320600107,1.907707515
5945,0,2.527776232,1.465293778
5946,0,2.292531752,1.816927607
5947,0,2.470862399,1.559884742
5948,0,2.237042358,1.291510199
5949,0,1.877508418,1.245549265
5950,0,2.126980172,2.163760749
5951,0,2.113315596,2.275744242
5952,0,1.983098626,2.570209642
5953,0,1.864650932,1.457748349
5954,0,2.595458199,2.024389686
5955,0,2.685652839,2.054348999
5956,0,3.215981134,3.487628550
5957,0,3.023068411,2.441740610
5958,0,3.453686542,2.420662478
5959,0,1.990308232,1.466058212
5960,0,2.995220168,2.266904703
5961,0,2.540949769,1.421820902
5962,0,2.476922569,1.809305247
5963,0,3.108263527,2.983747851
5964,0,2.866812291,2.639186600
5965,0,3.241802533,1.959054604
5966,0,3.478102318,1.862681427
5967,0,1.488365867,0.991840060
5968,0,2.192597479,1.549867871
5969,0,2.910816609,1.515169193
5970,0,3.108229557,1.852401377
5971,0,2.935570561,2.415903341
5972,0,2.751134632,1.620678795
5973,0,2.865053136,2.245733029
5974,0,2.885662865,2.822480167
5975,0,3.120318355,2.181737799
5976,0,2.528979977,2.239877843
5977,0,2.702433491,2.467303339
5978,0,3.000553311,2.183596012
5979,0,3.182287534,2.196229364
5980,0,2.969666612,2.053686184
5981,0,2.963065797,2.492911544
5982,0,3.432017150,2.406379908
5983,0,3.623386012,2.692046193
5984,0,3.514763202,2.548890626
5985,0,3.379540112,2.842288385
5986,0,3.337844856,2.839285055
5987,0,3.269520891,4.555756808
5988,0,4.071591068,5.186130555
5989,0,3.921484131,5.657113163
5990,0,3.588824252,4.687348026
5991,0,3.714162000,4.254049531
5992,0,4.187925073,4.486186493
5993,0,4.076171975,3.944614081
5994,0,3.449336645,3.747877581
5995,0,3.029886273,5.612748172
5996,0,3.896737056,6.556121330
5997,0,3.452330879,6.367238858
5998,0,3.349695683,6.918595647
5999,0,3.543786227,5.907873615
