0,0,3.929065576,5.495661079
1,0,3.845908408,4.568794099
2,0,3.529480937,4.340406712
3,0,2.814461657,2.973766013
4,0,1.998733471,1.737115678
5,0,1.470429775,1.315903047
6,0,1.433226767,0.690297843
7,0,1.389321105,1.202889502
8,0,1.329857067,0.591263499
9,0,1.326972291,1.147092474
10,0,1.680013602,1.092591138
11,0,2.152320097,1.490545987
12,0,0.660803985,0.614195408
13,0,1.790024771,2.424718011
14,0,1.701567828,1.150704131
15,0,1.521238841,1.235831317
16,0,0.709133477,0.355661796
17,0,1.812717867,2.237409021
18,0,1.420865752,0.725274828
19,0,1.349715875,1.174267554
20,0,0.590648795,0.261689800
21,0,1.155888486,1.073064918
22,0,0.431193097,0.148289645
23,0,1.091806347,1.033160557
24,0,0.093629291,0.046512025
25,0,1.016129779,1.003167258
26,0,0.018360574,0.007260788
27,0,1.006504501,1.001367899
28,0,1.026019959,2.000244714
29,0,1.180547675,2.952336636
30,0,0.158598216,3.908367327
31,0,0.031983692,0.006355451
32,0,0.019492372,0.003978881
33,0,0.925209221,0.400454676
34,0,1.045799310,0.923544636
35,0,0.307649687,0.081767919
36,0,1.061403906,1.006567043
37,0,0.308875339,0.082115993
38,0,1.013103786,1.001489265
39,0,0.305848813,0.081028272
40,0,1.014731214,1.002047581
41,0,0.308013152,0.081829136
42,0,1.016310405,1.002240290
43,0,0.303378524,0.080348116
44,0,1.000001371,0.999999719
45,0,1.021930184,0.400000050
46,0,1.052691865,1.007034249
47,0,1.540704523,1.012017051
48,0,1.780918199,1.211635392
49,0,1.544903509,0.718761287
50,0,1.374689482,1.138469881
51,0,1.141365782,1.519238218
52,0,1.581081688,1.050580227
53,0,2.047514773,1.312610231
54,0,1.524550431,1.188187206
55,0,1.638093777,1.706489376
56,0,1.853228181,0.998751154
57,0,0.725371506,0.403456037
58,0,-0.000000000,0.000000000
59,0,1.000000000,1.000000000
60,0,0.302292189,0.080000000
61,0,1.000000000,1.000000000
62,0,-0.000000000,0.000000000
63,0,1.000000000,1.000000000
64,0,0.302292189,0.080000000
65,0,1.000000000,1.000000000
66,0,1.870950594,1.400000000
67,0,1.532052555,1.123333333
68,0,0.401554049,1.948493995
69,0,1.342829059,1.069731435
70,0,-0.000000000,0.000000000
71,0,1.000000000,1.000000000
72,0,0.302292189,0.080000000
73,0,1.000000000,1.000000000
74,0,-0.000000000,0.000000000
75,0,1.000000000,1.000000000
76,0,-0.000000000,0.000000000
77,0,1.000000000,1.000000000
78,0,1.870950594,1.400000000
79,0,1.138751800,1.022289157
80,0,-0.000000000,0.000000000
81,0,1.000000000,1.000000000
82,0,1.500000000,2.000000000
83,0,1.220308818,1.039361702
84,0,1.926928570,1.394693556
85,0,2.341458529,1.864990469
86,0,1.776001242,1.999863451
87,0,1.123782780,1.019945429
88,0,1.058635006,0.420027991
89,0,1.238480833,1.043585932
90,0,0.336501669,0.091154466
91,0,1.000000000,1.000000250
92,0,0.302292189,0.080000000
93,0,1.060184319,1.008222227
94,0,1.037639028,0.408572389
95,0,1.000000000,0.999999999
96,0,-0.000000000,0.000000000
97,0,1.000000000,1.000000000
98,0,1.021928095,0.400000000
99,0,1.052690404,1.007034221
100,0,1.882728310,1.399013736
101,0,1.537800301,1.966580215
102,0,1.245437402,1.758812060
103,0,1.292943513,1.057021747
104,0,0.346634549,0.094515199
105,0,1.000000000,0.999999896
106,0,0.302292189,0.080000000
107,0,1.000000000,0.999999998
108,0,-0.000000000,0.000000000
109,0,1.000000000,1.000000000
110,0,-0.000000000,0.000000000
111,0,1.000000000,1.000000000
112,0,1.021928095,0.400000000
113,0,1.228118215,1.041111111
114,0,0.334665510,0.090549664
115,0,1.067506413,1.009461600
116,0,0.309640942,0.082362690
117,0,1.000000000,1.000000000
118,0,-0.000000000,0.000000000
119,0,1.000000000,1.000000000
120,0,1.021928095,0.400000000
121,0,1.052690404,1.007034221
122,0,0.307787926,0.081766365
123,0,1.061422809,1.008429735
124,0,1.038016311,2.000000000
125,0,1.053821776,1.007219871
126,0,-0.000000000,0.000000000
127,0,1.000000000,1.000000000
128,0,1.021928095,2.000000000
129,0,1.000000000,1.000000000
130,0,0.302292189,0.080000000
131,0,1.000000000,1.000000000
132,0,1.500000000,2.000000000
133,0,1.764492375,1.205555556
134,0,-0.000000000,0.000000000
135,0,1.000000000,1.000000000
136,0,1.870950594,2.000000000
137,0,1.138751800,1.022289157
138,0,1.064163411,0.423273040
139,0,1.239942264,1.043913668
140,0,-0.000000000,0.000000000
141,0,1.000000000,1.000000000
142,0,1.500000000,1.000000000
143,0,1.764492375,1.944444444
144,0,2.638988250,2.534207526
145,0,2.596218592,1.891480214
146,0,2.304425174,1.565339576
147,0,2.635988931,1.960725687
148,0,1.994715857,2.043464455
149,0,1.258923197,1.057732981
150,0,1.702440449,2.032710726
151,0,0.999990348,1.003657890
152,0,-0.000000000,0.000000000
153,0,1.000000000,1.000000000
154,0,-0.000000000,0.000000000
155,0,1.000000000,1.000000000
156,0,0.302292189,0.080000000
157,0,1.000000000,1.000000000
158,0,0.302292189,0.080000000
159,0,1.257422929,1.047844828
160,0,1.688198603,1.072916667
161,0,1.828972121,1.234442320
162,0,1.985578578,2.073084404
163,0,1.964914955,1.303253794
164,0,1.491951080,0.706644793
165,0,1.374747311,1.079973509
166,0,-0.000000000,0.000000000
167,0,1.000000000,1.000000000
168,0,0.302292189,0.080000000
169,0,1.012773762,1.001377513
170,0,0.303367094,0.080344681
171,0,1.258363482,1.048073651
172,0,0.340203288,0.092388480
173,0,1.000000000,1.000000000
174,0,0.302292189,0.080000000
175,0,1.000000000,1.000000000
176,0,1.021928095,1.800000000
177,0,1.228118215,1.041111111
178,0,-0.000000000,0.000000000
179,0,1.000000000,1.000000000
180,0,1.021928095,0.400000000
181,0,1.228118215,1.041111111
182,0,0.334665510,0.090549664
183,0,1.014397000,1.001586340
184,0,0.303522188,0.080394186
185,0,1.012835061,1.001385336
186,0,1.024585390,0.401442844
187,0,1.000000000,1.000000000
188,0,1.021928095,0.400000000
189,0,1.228118215,1.041111111
190,0,1.098973413,0.443011606
191,0,1.249825024,1.046290602
192,0,1.107933826,0.448115543
193,0,1.058866413,1.008058086
194,0,-0.000000000,0.000000000
195,0,1.000000000,1.000000000
196,0,-0.000000000,0.000000000
197,0,1.000000000,1.000000000
198,0,0.302292189,0.080000000
199,0,1.012773762,1.001377513
200,0,0.303367094,0.080344681
201,0,1.000000000,1.000000000
202,0,1.021928095,0.400000000
203,0,1.000000000,1.000000000
204,0,0.302292189,0.080000000
205,0,1.000000000,1.000000000
206,0,1.870950594,2.000000000
207,0,1.000000000,1.000000000
208,0,1.021928095,0.400000000
209,0,1.000000000,1.000000000
210,0,0.302292189,0.080000000
211,0,1.012773762,1.001377513
212,0,-0.000000000,0.000000000
213,0,1.000000000,1.000000000
214,0,-0.000000000,0.000000000
215,0,1.000000000,1.000000000
216,0,-0.000000000,0.000000000
217,0,1.000000000,1.000000000
218,0,0.302292189,0.080000000
219,0,1.060184319,1.008222222
220,0,-0.000000000,0.000000000
221,0,1.000000000,1.000000000
222,0,-0.000000000,0.000000000
223,0,1.000000000,1.000000000
224,0,0.302292189,0.080000000
225,0,1.000000000,1.000000000
226,0,0.302292189,0.080000000
227,0,1.000000000,1.000000000
228,0,1.021928095,0.400000000
229,0,1.052690404,1.007034221
230,0,-0.000000000,0.000000000
231,0,1.000000000,1.000000000
232,0,0.302292189,0.080000000
233,0,1.000000000,1.000000000
234,0,1.021928095,1.800000000
235,0,1.905928216,1.642857143
236,0,1.776700037,1.329491018
237,0,1.000000000,1.000000000
238,0,0.302292189,0.080000000
239,0,1.000000000,1.000000000
240,0,0.302292189,0.080000000
241,0,1.012773762,1.001377513
242,0,0.303367094,0.080344681
243,0,1.000000000,1.000000000
244,0,0.302292189,0.080000000
245,0,1.000000000,1.000000000
246,0,1.021928095,0.400000000
247,0,1.228118215,1.041111111
248,0,1.098973413,0.443011606
249,0,1.249825024,1.046290602
250,0,1.126235280,0.454801015
251,0,1.063077813,1.008125886
252,0,1.737656190,2.051446960
253,0,2.520921645,1.944566437
254,0,2.542240156,2.352248399
255,0,0.999986074,1.004393751
256,0,0.302291911,0.080000000
257,0,1.060184275,1.008143135
258,0,0.308717777,0.082066230
259,0,1.061632540,1.008461713
260,0,1.038080351,0.408812080
261,0,1.795741754,1.218260184
262,0,-0.000000000,0.000000000
263,0,1.000000000,1.000000000
264,0,-0.000000000,0.000000000
265,0,1.000000000,1.000000000
266,0,1.021928095,2.000000000
267,0,1.179520228,2.947676745
268,0,0.467629129,3.906457681
269,0,1.445496721,4.465342481
270,0,-0.000000000,0.000000000
271,0,0.282292189,0.080000000
272,0,1.001699920,0.456007569
273,0,0.507164884,0.173394928
274,0,0.362417104,0.110527394
275,0,0.332319100,0.098613740
276,0,0.327055206,0.096575889
277,0,1.014009658,0.465422330
278,0,0.506085594,0.173125846
279,0,0.373570852,0.114908437
280,0,0.344599789,0.103400025
281,0,1.087198286,1.003739950
282,0,2.290890016,2.005359870
283,0,1.928789827,2.741581629
284,0,2.390991760,3.749492339
285,0,2.460601798,4.251859673
286,0,1.378157801,3.785628483
287,0,0.550534307,3.757881125
288,0,0.614043034,1.910459049
289,0,0.325100035,0.092778965
290,0,1.014197498,0.983760444
291,0,1.025019661,0.401694010
292,0,0.999997605,0.998177679
293,0,0.302292141,0.080000000
294,0,1.257422887,1.047795342
295,0,0.340029903,0.092331027
296,0,1.014668473,1.001616682
297,0,1.025018674,0.401675902
298,0,1.786513966,1.214380605
299,0,1.962012193,1.226995424
300,0,1.968673385,1.301249737
301,0,0.544990416,0.167914608
302,0,1.032516762,1.005489381
303,0,1.882623525,1.207163595
304,0,1.006693190,1.001244704
305,0,0.307340553,0.081422201
306,0,1.019892514,1.006377360
307,0,0.107773237,0.028415098
308,0,1.021995484,1.007186678
309,0,0.030696247,0.006643596
310,0,1.026454310,1.008951639
311,0,1.873331690,1.200570566
312,0,1.532565454,1.123499995
313,0,2.005461581,1.384986311
314,0,1.619023969,1.153831256
315,0,0.424813834,0.121622799
316,0,1.019821443,1.002429850
317,0,1.026848684,0.402441650
318,0,1.000780285,1.000169538
319,0,0.001002899,0.000158148
320,0,1.000207306,1.000039539
321,0,0.302394725,0.080016979
322,0,1.257432785,1.047847108
323,0,0.340040171,0.092332854
324,0,1.000010113,1.000001502
325,0,0.000055535,0.000005755
326,0,1.000010184,1.000000498
327,0,0.302296081,0.080000455
328,0,1.000003691,1.000000492
329,0,0.302293659,0.080000167
330,0,1.012774100,1.001377532
331,0,1.873460911,1.202352214
332,0,1.533234599,1.123722948
333,0,0.401851543,0.113518754
334,0,1.017859704,1.002044715
335,0,1.025802283,0.402092911
336,0,1.000013134,1.000002018
337,0,0.000016628,0.000001885
338,0,1.000015411,1.000000780
339,0,0.302298124,0.080000714
340,0,1.000028262,1.000001444
341,0,1.870952659,1.400000240
342,0,1.138752535,1.022289268
343,0,0.000000904,0.000000102
344,0,1.000000848,1.000000037
345,0,0.000001094,0.000000095
346,0,1.000000022,1.000000004
347,0,0.302292214,0.080000003
348,0,1.012773770,1.001377513
349,0,0.305752800,0.080998600
350,0,1.001730708,1.000414719
351,0,1.023775401,0.400699711
352,0,1.179710502,1.059361117
353,0,1.181795668,0.488482740
354,0,1.249630588,1.069341809
355,0,0.244206273,0.149868664
356,0,1.178400067,1.149017457
357,0,0.407605826,0.141132361
358,0,1.078082868,1.038868872
359,0,0.337270762,0.096727984
360,0,1.055574881,1.014102609
361,0,1.057996784,2.014913072
362,0,1.255087454,1.055121428
363,0,0.022439079,0.012929052
364,0,1.021853968,1.010253998
365,0,0.309121532,0.083285145
366,0,1.075282660,1.016689964
367,0,0.890238610,1.459996390
368,0,1.459267381,1.011002107
369,0,1.433429372,1.449143097
370,0,1.409442552,0.709362694
371,0,0.577641620,0.203623015
372,0,0.553467728,0.158860800
373,0,0.471683018,0.136972253
374,0,1.026576615,1.788432220
375,0,1.051349770,1.109409663
376,0,0.308592116,0.082093275
377,0,1.061624025,1.010723207
378,0,0.308901425,0.082125284
379,0,1.263203100,1.049116201
380,0,-0.000000000,0.000000000
381,0,1.000000000,1.000000000
382,0,1.021928095,2.000000000
383,0,1.000000000,1.000000000
384,0,1.021928095,0.400000000
385,0,1.000000000,1.000000000
386,0,-0.000000000,0.000000000
387,0,1.000000000,1.000000000
388,0,1.870950594,1.400000000
389,0,1.000000000,1.000000000
390,0,1.870950594,2.000000000
391,0,1.000000000,1.000000000
392,0,1.870950594,1.200000000
393,0,1.532052555,1.123333333
394,0,0.401554049,0.113415966
395,0,1.017831718,1.002040046
396,0,-0.000000000,0.000000000
397,0,1.000000000,1.000000000
398,0,-0.000000000,0.000000000
399,0,1.000000000,1.000000000
400,0,0.302292189,0.080000000
401,0,1.012773762,1.001377513
402,0,1.024571058,2.000000000
403,0,1.000000000,1.000000000
404,0,1.021928095,0.400000000
405,0,1.228118215,1.041111111
406,0,0.334665510,0.090549664
407,0,1.000000000,1.000000000
408,0,1.021928095,0.400000000
409,0,1.000000000,1.000000000
410,0,0.302292189,1.960000000
411,0,1.000000000,1.000000000
412,0,-0.000000000,0.000000000
413,0,1.000000000,1.000000000
414,0,0.302292189,0.080000000
415,0,1.000000000,1.000000000
416,0,0.302292189,0.080000000
417,0,1.257422929,1.047844828
418,0,-0.000000000,0.000000000
419,0,1.000000000,1.000000000
420,0,0.302292189,0.080000000
421,0,1.000000000,1.000000000
422,0,0.302292189,0.080000000
423,0,1.060184319,1.008222222
424,0,1.546468512,2.004071504
425,0,1.776868838,3.000000000
426,0,1.959580426,2.065792764
427,0,1.296273024,1.059316968
428,0,-0.000000000,0.000000000
429,0,1.000000000,1.000000000
430,0,1.021928095,1.800000000
431,0,1.000000000,1.000000000
432,0,0.302292189,0.080000000
433,0,1.060184319,1.008222222
434,0,1.037639028,0.408572389
435,0,1.000000000,1.000000000
436,0,-0.000000000,0.000000000
437,0,1.000000000,1.000000000
438,0,0.302292189,0.080000000
439,0,1.012773762,1.001377513
440,0,1.024571058,0.401435139
441,0,1.000000000,1.000000000
442,0,0.302292189,0.080000000
443,0,1.012773762,1.001377513
444,0,1.024571058,0.401435139
445,0,1.052875527,1.007064537
446,0,1.035433409,1.797695462
447,0,1.053639254,1.007189842
448,0,0.307902906,0.081803208
449,0,1.061449148,1.008434196
450,0,1.038024343,0.408781647
451,0,1.232604768,1.042169391
452,0,-0.000000000,0.000000000
453,0,1.000000000,1.000000000
454,0,-0.000000000,0.000000000
455,0,1.000000000,1.000000000
456,0,1.021928095,2.000000000
457,0,1.052690404,1.007034221
458,0,1.035378563,1.797703404
459,0,1.231864424,1.041994141
460,0,0.335327563,0.090767779
461,0,1.286181935,1.054967208
462,0,-0.000000000,0.000000000
463,0,1.000000000,1.000000000
464,0,0.302292189,0.080000000
465,0,1.000000000,1.000000000
466,0,1.021928095,0.400000000
467,0,1.052690404,1.007034221
468,0,1.035378563,0.407332871
469,0,1.231864424,1.041994141
470,0,1.930093964,1.268171918
471,0,1.000000000,1.000000000
472,0,1.021928095,0.400000000
473,0,1.228118215,1.041111111
474,0,2.079212381,2.101521826
475,0,2.014180870,1.326198986
476,0,1.524842696,0.733684346
477,0,1.094786244,1.014477121
478,0,1.894011507,1.223508374
479,0,1.543591745,1.127285263
480,0,2.007940446,1.387277556
481,0,1.000000000,1.000000000
482,0,0.302292189,0.080000000
483,0,1.084886310,1.015633987
484,0,1.931355448,1.423164626
485,0,1.297392257,1.581503967
486,0,0.911034855,1.793106474
487,0,2.049377953,1.439336215
488,0,2.105144337,1.433461172
489,0,2.280456594,2.188054079
490,0,1.597202805,0.792128693
491,0,1.772212704,0.992183272
492,0,1.421486758,0.758163009
493,0,1.247272568,0.624975780
494,0,0.952274844,0.342671133
495,0,0.706294462,0.228209073
496,0,0.285111505,0.088121802
497,0,1.049795217,1.804525439
498,0,2.112627714,1.221108655
499,0,1.328376116,0.596162964
500,0,0.848677488,0.328858728
501,0,0.652392863,0.219815640
502,0,0.241354987,0.079626116
503,0,0.429181949,0.122705581
504,0,1.642491954,1.284855970
505,0,1.324354150,1.502973615
506,0,0.967145018,1.692695391
507,0,0.795418236,1.810407476
508,0,0.663220001,1.881340110
509,0,0.371221343,0.142851207
510,0,0.959050229,0.400000000
511,0,0.996383803,0.929226246
512,0,1.869865735,1.957535748
513,0,1.904215637,2.909005174
514,0,2.226070612,3.884188403
515,0,2.132691222,2.898657359
516,0,2.972526118,2.543426441
517,0,2.567830717,1.875367332
518,0,2.033086650,1.956167637
519,0,1.251394860,1.015802993
520,0,0.338421474,0.091713490
521,0,0.999999626,1.000720341
522,0,0.302292182,0.080000000
523,0,1.000000000,1.000011598
524,0,-0.000000000,0.000000000
525,0,1.000000000,1.000000000
526,0,-0.000000000,0.000000000
527,0,1.000000000,1.000000000
528,0,-0.000000000,0.000000000
529,0,1.000000000,1.000000000
530,0,0.302292189,0.080000000
531,0,1.038594890,1.008038670
532,0,-0.000000000,0.000000000
533,0,1.000000000,1.000000000
534,0,1.500000000,2.000000000
535,0,2.473808192,3.000000000
536,0,2.232578003,3.847421648
537,0,2.770014935,4.392317231
538,0,2.988770471,2.762184320
539,0,2.535786302,2.235015365
540,0,2.637644815,2.226170479
541,0,1.532765118,2.168939042
542,0,0.957874712,0.731231222
543,0,1.362144625,1.152553525
544,0,2.117345648,1.351448754
545,0,1.293664647,1.143244221
546,0,-0.000000000,0.000000000
547,0,1.000000000,1.000000000
548,0,-0.000000000,0.000000000
549,0,1.000000000,1.000000000
550,0,1.021928095,0.400000000
551,0,1.052690404,1.007034221
552,0,-0.000000000,0.000000000
553,0,1.000000000,1.000000000
554,0,1.009051350,0.575824176
555,0,1.409865866,1.058514525
556,0,1.153588448,1.938190081
557,0,1.691254631,1.131202658
558,0,1.558414966,0.725600571
559,0,0.976789028,0.380229365
560,0,0.373594408,0.144136189
561,0,0.289764077,0.080000000
562,0,1.012340716,1.015429484
563,0,1.024549483,0.401435139
564,0,1.228848312,1.039723649
565,0,0.334794899,0.090592334
566,0,1.285713086,1.054946532
567,0,1.123329198,0.457060471
568,0,1.256863061,1.048061778
569,0,-0.000000000,0.000000000
570,0,1.000000000,1.000000000
571,0,0.302292189,0.080000000
572,0,1.000000000,1.000000000
573,0,1.870950594,1.400000000
574,0,1.532052555,1.123333333
575,0,1.847974610,2.045577131
576,0,1.276554533,1.054126909
577,0,1.944862711,1.397825169
578,0,0.999999621,1.000725220
579,0,1.021928057,0.400000000
580,0,1.052690400,1.006973418
581,0,0.009984954,0.003434920
582,0,1.019217594,1.006520748
583,0,1.907302099,1.215758309
584,0,1.145614295,1.025855912
585,0,1.625615354,2.022036148
586,0,1.233785720,1.044104867
587,0,1.101156344,0.444151506
588,0,1.058377651,1.008224744
589,0,0.309432181,0.082230944
590,0,1.001068716,1.000330086
591,0,0.001494480,0.000472587
592,0,1.000333361,1.000066167
593,0,1.233198027,1.901960784
594,0,1.509052544,1.120642893
595,0,1.406370124,0.944812199
596,0,0.934020019,0.350092260
597,0,1.790609560,1.398137365
598,0,1.412802562,1.475204061
599,0,1.521179944,1.871218138
600,0,0.921769266,0.337750549
601,0,1.849718047,1.367876642
602,0,1.662252233,0.828227603
603,0,1.726334140,0.809944834
604,0,0.596242056,0.201085785
605,0,1.133630020,0.977157236
606,0,0.319661163,0.085639175
607,0,1.013654102,1.003242774
608,0,-0.000000000,0.000000000
609,0,1.000000000,1.000000000
610,0,1.870950594,1.200000000
611,0,1.138751800,1.022289157
612,0,-0.000000000,0.000000000
613,0,1.000000000,1.000000000
614,0,0.302292189,0.080000000
615,0,1.000000000,1.000000000
616,0,0.302292189,0.080000000
617,0,1.012773762,1.001377513
618,0,-0.000000000,0.000000000
619,0,1.000000000,1.000000000
620,0,1.500000000,2.000000000
621,0,1.220308818,1.039361702
622,0,1.095770152,0.441173678
623,0,1.057966617,1.007906550
624,0,1.036955922,0.408187129
625,0,1.000000000,1.000000000
626,0,0.302292189,0.080000000
627,0,1.060184319,1.008222222
628,0,0.308717777,0.082066230
629,0,1.000000000,1.000000000
630,0,0.302292189,0.080000000
631,0,1.012773762,1.001377513
632,0,-0.000000000,0.000000000
633,0,1.000000000,1.000000000
634,0,0.302292189,0.080000000
635,0,1.012773762,1.001377513
636,0,0.303367094,0.080344681
637,0,1.000000000,1.000000000
638,0,1.500000000,1.000000000
639,0,1.220308818,1.039361702
640,0,1.989698278,1.283782820
641,0,1.432724003,1.244067106
642,0,1.432732947,0.713572386
643,0,1.285331987,1.188437145
644,0,0.507447882,0.216540627
645,0,1.091647378,1.022997025
646,0,1.655830609,1.988236804
647,0,2.000482357,2.786861830
648,0,1.623511646,1.834632454
649,0,0.583618840,0.201345156
650,0,1.115092555,0.531812584
651,0,0.563557241,0.194699534
652,0,0.016872873,0.003136787
653,0,0.010111599,0.001742356
654,0,0.927121080,1.800077438
655,0,1.619539192,1.442789676
656,0,1.363445769,0.795154377
657,0,1.376252592,0.583113993
658,0,1.533334623,0.726333692
659,0,0.260519163,0.088034258
660,0,0.439106534,0.124910891
661,0,0.415967425,0.117790907
662,0,0.063629219,0.014970401
663,0,0.319480638,0.087659580
664,0,-0.000000000,0.000000000
665,0,1.000000000,1.000000000
666,0,-0.000000000,0.000000000
667,0,1.000000000,1.000000000
668,0,-0.000000000,0.000000000
669,0,1.000000000,1.000000000
670,0,0.302292189,0.080000000
671,0,1.000000000,1.000000000
672,0,0.302292189,0.080000000
673,0,1.012773762,1.001377513
674,0,0.303367094,0.080344681
675,0,1.060426407,1.008262715
676,0,1.037712657,0.408612372
677,0,1.795478627,1.218147464
678,0,-0.000000000,0.000000000
679,0,1.000000000,1.000000000
680,0,-0.000000000,0.000000000
681,0,1.000000000,1.000000000
682,0,0.302292189,0.080000000
683,0,1.060184319,1.008222222
684,0,0.308717777,0.082066230
685,0,1.000000000,1.000000000
686,0,1.500000000,2.000000000
687,0,1.220308818,1.039361702
688,0,1.095770152,0.441173678
689,0,1.248910246,1.046069277
690,0,0.338386403,0.091777413
691,0,1.014588179,1.001611406
692,0,1.024999494,0.401665526
693,0,1.052905912,1.007069558
694,0,0.307813996,0.081774717
695,0,1.013048808,1.001412626
696,0,0.303393170,0.080353003
697,0,1.258386624,1.048079323
698,0,1.688878000,2.021308391
699,0,1.000000000,1.000000000
700,0,0.302292189,0.080000000
701,0,1.000000000,1.000000000
702,0,1.021928095,0.400000000
703,0,1.052690404,1.007034221
704,0,-0.000000000,0.000000000
705,0,1.000000000,1.000000000
706,0,0.302292189,0.080000000
707,0,1.000000000,1.000000000
708,0,0.302292189,0.080000000
709,0,1.060184319,1.008222222
710,0,1.037639028,2.000000000
711,0,1.053794829,1.007215404
712,0,-0.000000000,0.000000000
713,0,1.000000000,1.000000000
714,0,1.021928095,0.400000000
715,0,1.000000000,1.000000000
716,0,1.021928095,0.400000000
717,0,1.228118215,1.041111111
718,0,-0.000000000,0.000000000
719,0,1.000000000,1.000000000
720,0,1.021928095,0.400000000
721,0,1.052690404,1.007034221
722,0,-0.000000000,0.000000000
723,0,1.000000000,1.000000000
724,0,1.021928095,0.400000000
725,0,1.000000000,1.000000000
726,0,0.302292189,0.080000000
727,0,1.000000000,1.000000000
728,0,0.302292189,0.080000000
729,0,1.000000000,1.000000000
730,0,-0.000000000,0.000000000
731,0,1.000000000,1.000000000
732,0,0.302292189,2.000000000
733,0,1.012773762,1.001377513
734,0,0.303367094,0.080344681
735,0,1.000000000,1.000000000
736,0,1.021928095,0.400000000
737,0,1.000000000,1.000000000
738,0,1.021928095,1.800000000
739,0,1.052690404,1.007034221
740,0,0.307787926,0.081766365
741,0,1.061422809,1.008429735
742,0,0.308872313,0.082115836
743,0,1.000000000,1.000000000
744,0,0.302292189,2.000000000
745,0,1.257422929,1.047844828
746,0,1.111242665,0.450092421
747,0,1.059100504,1.008096207
748,0,0.308572754,0.082017939
749,0,1.013087236,1.001417585
750,0,-0.000000000,0.000000000
751,0,1.000000000,1.000000000
752,0,1.021928095,0.400000000
753,0,1.228118215,1.041111111
754,0,1.929031819,1.266885862
755,0,1.563681373,1.134185017
756,0,-0.000000000,0.000000000
757,0,1.000000000,1.000000000
758,0,1.021928095,0.400000000
759,0,1.228118215,1.041111111
760,0,-0.000000000,0.000000000
761,0,1.000000000,1.000000000
762,0,1.870950594,2.000000000
763,0,1.905928216,1.642857143
764,0,1.776700037,1.329491018
765,0,1.264946138,1.051798364
766,0,1.113798203,1.786289916
767,0,1.254444251,1.047467417
768,0,0.339380034,0.092104228
769,0,1.000000000,1.000000000
770,0,-0.000000000,0.000000000
771,0,1.000000000,1.000000000
772,0,-0.000000000,0.000000000
773,0,1.000000000,1.000000000
774,0,1.021928095,0.400000000
775,0,1.052690404,1.007034221
776,0,1.882728310,1.211927297
777,0,1.000000000,1.000000000
778,0,1.021928095,0.400000000
779,0,1.228118215,1.041111111
780,0,-0.000000000,0.000000000
781,0,1.000000000,1.000000000
782,0,-0.000000000,0.000000000
783,0,1.000000000,1.000000000
784,0,0.302292189,0.080000000
785,0,1.012773762,1.001377513
786,0,-0.000000000,0.000000000
787,0,1.000000000,1.000000000
788,0,1.500000000,1.000000000
789,0,2.473808192,1.693750000
790,0,1.908049904,1.179856115
791,0,1.146110347,1.024510266
792,0,-0.000000000,0.000000000
793,0,1.000000000,1.000000000
794,0,1.021928095,0.400000000
795,0,1.052690404,1.007034221
796,0,1.540702475,1.012017043
797,0,1.224326969,1.040362209
798,0,1.097373397,0.442064205
799,0,1.249386105,1.046187093
800,0,0.338472099,0.091805653
801,0,1.000000000,1.000000000
802,0,1.870950594,1.200000000
803,0,1.138751800,1.022289157
804,0,1.064163411,1.792711073
805,0,1.910910358,1.652234989
806,0,2.259358860,2.135273165
807,0,1.379610602,1.083494288
808,0,1.974849549,1.404483191
809,0,1.000000000,1.000000000
810,0,0.302292189,0.080000000
811,0,1.060184319,1.008222222
812,0,0.308717777,0.082066230
813,0,1.013093875,1.001418389
814,0,1.873531956,1.399805067
815,0,2.306707011,1.863697699
816,0,2.076743796,2.015739484
817,0,2.508403515,1.874611916
818,0,1.903637602,2.000000000
819,0,1.000000000,1.000000000
820,0,0.302292189,0.080000000
821,0,1.000000000,1.000000000
822,0,1.021928095,0.400000000
823,0,1.000000000,1.000000000
824,0,-0.000000000,0.000000000
825,0,1.000000000,1.000000000
826,0,1.021928095,0.400000000
827,0,1.000000000,1.000000000
828,0,-0.000000000,0.000000000
829,0,1.000000000,1.000000000
830,0,-0.000000000,0.000000000
831,0,1.000000000,1.000000000
832,0,0.302292189,0.080000000
833,0,1.060184319,1.008222222
834,0,1.884579970,1.213921204
835,0,1.000000000,1.000000000
836,0,1.870950594,1.200000000
837,0,1.532052555,1.123333333
838,0,-0.000000000,0.000000000
839,0,1.000000000,1.000000000
840,0,1.500000000,1.000000000
841,0,1.000000000,1.000000000
842,0,1.021928095,0.400000000
843,0,1.052690404,1.007034221
844,0,1.882728310,1.211927297
845,0,1.537763402,1.125268007
846,0,0.402999749,0.113921202
847,0,1.083176661,1.012210551
848,0,1.044872437,0.412510880
849,0,1.000000000,1.000000000
850,0,-0.000000000,0.000000000
851,0,1.000000000,1.000000000
852,0,0.302292189,0.080000000
853,0,1.060184319,1.008222222
854,0,1.037639028,2.000000000
855,0,1.053794829,1.007215404
856,0,1.035706313,0.407510288
857,0,1.053658754,1.007193076
858,0,1.882978023,2.000362419
859,0,1.537889424,1.125311404
860,0,0.403031479,0.113932278
861,0,1.017911052,1.002050872
862,0,1.025805087,2.000000000
863,0,1.000000000,1.000000000
864,0,0.302292189,0.080000000
865,0,1.000000000,1.000000000
866,0,0.302292189,0.080000000
867,0,1.012773762,1.001377513
868,0,1.024571058,2.000000000
869,0,1.052875527,1.007064537
870,0,-0.000000000,0.000000000
871,0,1.000000000,1.000000000
872,0,-0.000000000,0.000000000
873,0,1.000000000,1.000000000
874,0,-0.000000000,0.000000000
875,0,1.000000000,1.000000000
876,0,0.302292189,1.960000000
877,0,1.000000000,1.000000000
878,0,1.021928095,1.800000000
879,0,1.000000000,1.000000000
880,0,1.021928095,0.400000000
881,0,1.228118215,1.041111111
882,0,-0.000000000,0.000000000
883,0,1.000000000,1.000000000
884,0,1.870950594,2.000000000
885,0,1.138751800,1.022289157
886,0,0.319766260,0.085651291
887,0,1.064128623,1.008886137
888,0,1.038845782,0.409227992
889,0,1.053881040,1.007229697
890,0,0.307932252,0.081812609
891,0,1.000000000,1.000000000
892,0,-0.000000000,0.000000000
893,0,1.000000000,1.000000000
894,0,-0.000000000,0.000000000
895,0,1.000000000,1.000000000
896,0,-0.000000000,0.000000000
897,0,1.000000000,1.000000000
898,0,1.870950594,1.400000000
899,0,1.532052555,1.123333333
900,0,2.476451191,2.221011334
901,0,1.466037953,1.109007797
902,0,-0.000000000,0.000000000
903,0,1.000000000,1.000000000
904,0,0.302292189,0.080000000
905,0,1.000000000,1.000000000
906,0,1.870950594,2.000000000
907,0,1.138751800,1.022289157
908,0,1.064163411,0.423273040
909,0,1.055681397,1.007526645
910,0,-0.000000000,0.000000000
911,0,1.000000000,1.000000000
912,0,0.302292189,0.080000000
913,0,1.012773762,1.001377513
914,0,0.303367094,0.080344681
915,0,1.000000000,1.000000000
916,0,0.302292189,0.080000000
917,0,1.012773762,1.001377513
918,0,1.873460820,2.000069790
919,0,1.000000000,1.000000000
920,0,0.302292189,0.080000000
921,0,1.000000000,1.000000000
922,0,0.302292189,0.080000000
923,0,1.012773762,1.001377513
924,0,0.303367094,0.080344681
925,0,1.000000000,1.000000000
926,0,0.302292189,0.080000000
927,0,1.060184319,1.008222222
928,0,0.308717777,0.082066230
929,0,1.061632540,1.008464963
930,0,0.308898549,0.082124259
931,0,1.013103016,1.001419567
932,0,-0.000000000,0.000000000
933,0,1.000000000,1.000000000
934,0,0.302292189,0.080000000
935,0,1.012773762,1.001377513
936,0,0.303367094,0.080344681
937,0,1.012827240,1.001384331
938,0,0.303372157,0.080346297
939,0,1.060427563,1.008262910
940,0,-0.000000000,0.000000000
941,0,1.000000000,1.000000000
942,0,1.021928095,0.400000000
943,0,1.052690404,1.007034221
944,0,0.307787926,0.081766365
945,0,1.000000000,1.000000000
946,0,-0.000000000,0.000000000
947,0,1.000000000,1.000000000
948,0,1.500000000,1.000000000
949,0,1.220308818,1.039361702
950,0,1.926928570,2.001904011
951,0,1.148341524,1.024326725
952,0,1.067643695,0.425182580
953,0,1.000000000,1.000000000
954,0,1.021928095,0.400000000
955,0,1.052690404,1.007034221
956,0,1.882728310,2.000353882
957,0,1.537763402,1.966580263
958,0,1.851338320,2.046214646
959,0,2.682287530,3.120822394
960,0,2.616517235,2.290303263
961,0,2.642491883,1.982020941
962,0,1.984661441,1.539779051
963,0,2.480736916,1.694164957
964,0,0.952001615,0.352990754
965,0,1.000000000,1.000000000
966,0,1.870950594,1.400000000
967,0,1.138751800,1.022289157
968,0,0.319766260,0.085651291
969,0,1.272670312,1.051588390
970,0,1.117715501,0.453816031
971,0,1.059583791,1.008177971
972,0,-0.000000000,0.000000000
973,0,1.000000000,1.000000000
974,0,0.302292189,0.080000000
975,0,1.012773762,1.001377513
976,0,-0.000000000,0.000000000
977,0,1.000000000,1.000000000
978,0,-0.000000000,0.000000000
979,0,1.000000000,1.000000000
980,0,1.500000000,2.000000000
981,0,1.220308818,1.989361702
982,0,1.926928570,2.001904011
983,0,1.148341524,1.024326725
984,0,1.907776942,1.240065972
985,0,1.144780759,1.023568551
986,0,1.610406173,1.038815226
987,0,1.000000000,1.000000000
988,0,1.870950594,2.000000000
989,0,1.905928216,3.000000000
990,0,1.584007906,2.000000000
991,0,2.521004162,1.760604713
992,0,2.212024474,1.455251764
993,0,1.000000000,1.000000000
994,0,0.302292189,0.080000000
995,0,1.012773762,1.001377513
996,0,1.873460820,2.000069790
997,0,1.000000000,1.000000000
998,0,-0.000000000,0.000000000
999,0,1.000000000,1.000000000
1000,0,0.302292189,0.080000000
1001,0,1.060184319,1.008222222
1002,0,-0.000000000,0.000000000
1003,0,1.000000000,1.000000000
1004,0,1.870950594,1.400000000
1005,0,1.532052555,1.123333333
1006,0,1.242499492,0.530171120
1007,0,1.069156653,1.009810351
1008,0,0.309840242,0.082424675
1009,0,1.061893066,1.008509430
1010,0,0.308931036,0.082134667
1011,0,1.061681346,1.008473229
1012,0,0.308904644,0.082126214
1013,0,1.000000000,1.000000000
1014,0,-0.000000000,0.000000000
1015,0,1.000000000,1.000000000
1016,0,1.870950594,1.400000000
1017,0,1.138751800,1.022289157
1018,0,1.904985459,1.396932795
1019,0,1.144300576,1.023463573
1020,0,1.066170364,2.000000000
1021,0,1.240523122,1.044054683
1022,0,1.932549529,1.271158738
1023,0,1.149413669,1.024559228
1024,0,-0.000000000,0.000000000
1025,0,1.000000000,1.000000000
1026,0,0.302292189,0.080000000
1027,0,1.000000000,1.000000000
1028,0,0.302292189,0.080000000
1029,0,1.000000000,1.000000000
1030,0,1.870950594,1.400000000
1031,0,1.532052555,1.123333333
1032,0,1.242499492,0.530171120
1033,0,1.292026721,1.056786417
1034,0,0.346458836,0.094456765
1035,0,1.000000000,1.000000000
1036,0,0.302292189,0.080000000
1037,0,1.012773762,1.001377513
1038,0,0.303367094,0.080344681
1039,0,1.012827240,1.001384331
1040,0,-0.000000000,0.000000000
1041,0,1.000000000,1.000000000
1042,0,-0.000000000,0.000000000
1043,0,1.000000000,1.000000000
1044,0,-0.000000000,0.000000000
1045,0,1.000000000,1.000000000
1046,0,0.302292189,0.080000000
1047,0,1.012773762,1.001377513
1048,0,0.303367094,0.080344681
1049,0,1.012827240,1.001384331
1050,0,0.303372157,0.080346297
1051,0,1.012827496,1.001384364
1052,0,0.303372181,0.080346304
1053,0,1.000000000,1.000000000
1054,0,-0.000000000,0.000000000
1055,0,1.000000000,1.000000000
1056,0,1.870950594,2.000000000
1057,0,1.532052555,3.000000000
1058,0,1.242499492,2.000000000
1059,0,1.000000000,1.000000000
1060,0,-0.000000000,0.000000000
1061,0,1.000000000,1.000000000
1062,0,1.870950594,1.400000000
1063,0,1.138751800,1.022289157
1064,0,0.319766260,0.085651291
1065,0,1.064128623,1.008886137
1066,0,0.310243349,0.082491291
1067,0,1.050069812,1.009584793
1068,0,0.311962836,0.083060536
1069,0,1.065982771,1.009001201
1070,0,1.038634993,1.999539697
1071,0,1.232789712,2.999706703
1072,0,2.229243600,2.459709968
1073,0,2.721743779,3.170241164
1074,0,2.127234422,2.249859507
1075,0,1.556687288,1.378547869
1076,0,2.252718442,2.225346639
1077,0,1.831313694,1.379627982
1078,0,1.537613143,0.862766467
1079,0,1.150928849,1.114014067
1080,0,0.390831838,0.146681414
1081,0,1.050688710,1.012468413
1082,0,1.904959292,1.212820451
1083,0,1.613485342,1.085567811
1084,0,1.306501659,0.895721753
1085,0,1.696719019,1.151088942
1086,0,0.846900512,0.864771865
1087,0,1.562650315,1.542635954
1088,0,2.499966837,1.981878724
1089,0,1.569852427,1.579345782
1090,0,0.710379402,0.644310144
1091,0,1.209567248,1.121615921
1092,0,0.618932052,0.935415973
1093,0,1.186154911,1.183929037
1094,0,0.762230711,1.244968794
1095,0,1.010193712,1.004797269
1096,0,1.032470445,0.405865157
1097,0,1.057191654,1.008711687
1098,0,1.042366361,1.799525678
1099,0,1.056902405,1.008602981
1100,0,0.002572908,0.001494283
1101,0,1.000521281,1.000200235
1102,0,0.000691043,0.000337919
1103,0,1.000644811,1.000326768
1104,0,1.022208296,1.800096206
1105,0,1.228123544,1.041112452
1106,0,0.338464551,0.091794152
1107,0,1.072625325,1.011276386
1108,0,1.916763123,1.407370082
1109,0,1.999723987,1.677007719
1110,0,2.558908047,2.364314799
1111,0,2.238765101,2.998620187
1112,0,0.950488034,3.147050486
1113,0,1.798331980,4.000597083
1114,0,1.393916644,0.697600025
1115,0,1.617078904,0.920979113
1116,0,1.558690782,0.735976790
1117,0,1.049628324,0.443147230
1118,0,1.922936674,1.221397034
1119,0,0.528032896,0.166926450
1120,0,1.164687136,1.058407229
1121,0,0.365771961,0.106969227
1122,0,1.078950178,1.017641463
1123,0,0.892904849,1.460184513
1124,0,1.069133910,0.704795002
1125,0,1.289402121,1.846741504
1126,0,1.506446337,0.628556651
1127,0,0.558107461,0.154338705
1128,0,1.234943018,1.069414973
1129,0,1.191861510,2.018169848
1130,0,2.597024257,2.291090413
1131,0,1.912527290,2.483481424
1132,0,2.808578083,2.563866531
1133,0,2.064759840,3.738454129
1134,0,2.175179926,3.572878492
1135,0,2.282991885,2.889848774
1136,0,1.817188751,2.497116897
1137,0,1.502012782,2.311038495
1138,0,1.705568311,3.401140628
1139,0,2.208110082,3.061646803
1140,0,1.729823334,2.779164284
1141,0,2.081148738,4.428641384
1142,0,2.438171806,3.803848309
1143,0,1.825045755,3.528060445
1144,0,1.338095940,2.917914500
1145,0,1.716924407,1.263082798
1146,0,0.816823481,0.479774366
1147,0,0.827293809,0.549302542
1148,0,0.349558247,0.149092126
1149,0,0.343888649,0.104789060
1150,0,1.022284466,0.470093383
1151,0,0.508162824,0.174126649
1152,0,0.998485565,0.954188229
1153,0,0.302261900,0.080000000
1154,0,0.999999990,0.999884199
1155,0,-0.000000000,0.000000000
1156,0,1.000000000,1.000000000
1157,0,-0.000000000,0.000000000
1158,0,1.000000000,1.000000000
1159,0,-0.000000000,0.000000000
1160,0,1.000000000,1.000000000
1161,0,1.500000000,2.000000000
1162,0,2.242595798,1.646666667
1163,0,0.941859537,0.351998895
1164,0,0.999880239,1.012884856
1165,0,1.021916119,0.400000000
1166,0,1.191326520,1.030080323
1167,0,1.089278945,0.438319580
1168,0,0.999996239,0.997716728
1169,0,1.021927719,0.400000000
1170,0,1.044190252,1.009286291
1171,0,-0.000000000,0.000000000
1172,0,1.000000000,1.000000000
1173,0,1.021928095,1.800000000
1174,0,0.999984960,0.995433790
1175,0,1.499992480,1.000000000
1176,0,1.507457928,1.537699924
1177,0,2.498289199,2.779969143
1178,0,0.991041482,1.111325718
1179,0,1.021032243,0.400000000
1180,0,1.194217594,1.043231099
1181,0,1.090229596,0.438832222
1182,0,0.999999523,0.999186582
1183,0,-0.000000000,0.000000000
1184,0,1.000000000,1.000000000
1185,0,-0.000000000,0.000000000
1186,0,1.000000000,1.000000000
1187,0,0.302292189,0.080000000
1188,0,1.010784836,1.000334821
1189,0,1.024228392,0.401277276
1190,0,1.191443368,1.031195086
1191,0,-0.000000000,0.000000000
1192,0,1.000000000,1.000000000
1193,0,1.021928095,0.400000000
1194,0,1.044208200,1.001704545
1195,0,0.307114252,0.081566298
1196,0,0.999999427,1.000891185
1197,0,-0.000000000,0.000000000
1198,0,1.000000000,1.000000000
1199,0,1.870950594,1.200000000
1200,0,1.442705945,1.096666667
1201,0,0.389175081,0.109395083
1202,0,0.999999903,0.999633131
1203,0,0.302292187,0.080000000
1204,0,1.010785489,1.000341223
1205,0,0.303238445,0.080306757
1206,0,0.999999425,0.999106953
1207,0,-0.000000000,0.000000000
1208,0,1.000000000,1.000000000
1209,0,-0.000000000,0.000000000
1210,0,1.000000000,1.000000000
1211,0,0.302292189,0.080000000
1212,0,1.050654972,1.006444444
1213,0,0.307950877,0.081838984
1214,0,1.011021502,1.001729189
1215,0,1.024285301,0.401308584
1216,0,1.044342104,1.001743899
1217,0,1.033644743,0.406527829
1218,0,0.999985153,1.004536755
1219,0,1.021926610,0.400000000
1220,0,0.999982256,1.004959707
1221,0,-0.000000000,0.000000000
1222,0,1.000000000,1.000000000
1223,0,0.302292189,0.080000000
1224,0,1.010784836,1.000334821
1225,0,0.303238394,0.080306742
1226,0,0.999999425,1.000893171
1227,0,1.021928037,1.800000000
1228,0,1.658980453,1.190064556
1229,0,2.005457450,2.095093828
1230,0,2.203720214,1.609780081
1231,0,0.823263495,0.292279629
1232,0,1.035920822,1.021660468
1233,0,0.306039213,1.959540072
1234,0,1.010979537,1.000772002
1235,0,0.303256832,0.080312618
1236,0,1.010824683,1.000349242
1237,0,1.872760202,1.202053540
1238,0,1.115370278,1.005454501
1239,0,1.895578032,1.232054333
1240,0,0.999861450,1.013858757
1241,0,-0.000000000,0.000000000
1242,0,1.000000000,1.000000000
1243,0,1.870950594,1.400000000
1244,0,0.999848483,0.985507246
1245,0,1.870905139,1.200000000
1246,0,1.441615766,1.096811594
1247,0,0.388997949,0.109332431
1248,0,1.067093385,1.010691220
1249,0,-0.000000000,0.000000000
1250,0,1.000000000,1.000000000
1251,0,0.302292189,0.080000000
1252,0,1.050654972,1.006222222
1253,0,1.035616201,0.407633189
1254,0,1.045017245,1.002266287
1255,0,0.307216057,0.081599268
1256,0,1.051556606,1.006320694
1257,0,1.035901138,0.407791907
1258,0,0.999987674,0.995866232
1259,0,1.870946897,1.200000000
1260,0,2.101180575,1.460479691
1261,0,0.721905180,0.243736876
1262,0,1.030095294,1.011435013
1263,0,-0.000000000,0.000000000
1264,0,1.000000000,1.000000000
1265,0,1.021928095,0.400000000
1266,0,1.044208200,1.009090909
1267,0,1.033603662,0.406505016
1268,0,1.044868282,1.009144184
1269,0,-0.000000000,0.000000000
1270,0,1.000000000,1.000000000
1271,0,1.021928095,0.400000000
1272,0,0.999984960,0.995433790
1273,0,-0.000000000,0.000000000
1274,0,1.000000000,1.000000000
1275,0,-0.000000000,0.000000000
1276,0,1.000000000,1.000000000
1277,0,1.021928095,0.400000000
1278,0,1.659062487,1.145098039
1279,0,-0.000000000,0.000000000
1280,0,1.000000000,1.000000000
1281,0,-0.000000000,0.000000000
1282,0,1.000000000,1.000000000
1283,0,1.021928095,0.400000000
1284,0,1.044208200,1.001704545
1285,0,-0.000000000,0.000000000
1286,0,1.000000000,1.000000000
1287,0,1.500000000,2.000000000
1288,0,1.180906651,1.009375000
1289,0,1.602279637,1.033351282
1290,0,1.194030349,1.049320354
1291,0,0.331283130,0.089519948
1292,0,1.056050299,1.006686723
1293,0,1.882046280,1.995493636
1294,0,0.999884411,1.012658464
1295,0,0.302289877,0.080000000
1296,0,1.010762225,1.000113957
1297,0,-0.000000000,0.000000000
1298,0,1.000000000,1.000000000
1299,0,0.302292189,0.080000000
1300,0,1.010784836,1.000334821
1301,0,1.024228392,0.401277276
1302,0,1.660383312,1.190817050
1303,0,1.347101228,0.605619404
1304,0,1.065366173,1.018844458
1305,0,-0.000000000,0.000000000
1306,0,1.000000000,1.000000000
1307,0,1.021928095,0.400000000
1308,0,1.659062487,1.145098039
1309,0,0.459121683,0.134821453
1310,0,0.999997559,0.998160361
1311,0,1.870949862,1.200000000
1312,0,1.115181914,1.028077093
1313,0,1.895532197,1.231988504
1314,0,1.118792417,1.028359948
1315,0,-0.000000000,0.000000000
1316,0,1.000000000,1.000000000
1317,0,0.302292189,0.080000000
1318,0,1.050654972,1.006444444
1319,0,1.035616201,1.796983858
1320,0,1.194126817,1.031257201
1321,0,1.886486332,1.972964372
1322,0,1.257123491,1.050016785
1323,0,0.343303428,0.093517161
1324,0,1.058727206,1.006114631
1325,0,0.309008789,0.082181594
1326,0,1.011071242,1.001671251
1327,0,-0.000000000,0.000000000
1328,0,1.000000000,1.000000000
1329,0,0.302292189,0.080000000
1330,0,1.010784836,1.000334821
1331,0,1.872752561,1.399489841
1332,0,0.999849282,0.985545527
1333,0,1.870905379,1.200000000
1334,0,1.441618686,1.092378506
1335,0,1.969647789,1.359446874
1336,0,1.134359548,1.027464217
1337,0,0.320523422,0.085955646
1338,0,1.054200217,1.007575925
1339,0,-0.000000000,0.000000000
1340,0,1.000000000,1.000000000
1341,0,0.302292189,0.080000000
1342,0,1.050654972,1.006444444
1343,0,-0.000000000,0.000000000
1344,0,1.000000000,1.000000000
1345,0,0.302292189,0.080000000
1346,0,1.010784836,1.001785714
1347,0,1.506220607,1.001305566
1348,0,1.635277725,1.161963254
1349,0,1.331235406,2.031001946
1350,0,1.064112264,1.016282804
1351,0,1.039919227,0.410017188
1352,0,1.045353283,1.007801222
1353,0,-0.000000000,0.000000000
1354,0,1.000000000,1.000000000
1355,0,1.021928095,0.400000000
1356,0,0.999984960,1.004566210
1357,0,0.302291888,0.080000000
1358,0,1.050617556,1.006354135
1359,0,1.035606365,0.407628479
1360,0,1.194119656,1.033458224
1361,0,1.914234329,1.259619842
1362,0,2.129973080,1.364284405
1363,0,1.713661935,0.934111452
1364,0,1.096935453,1.052720298
1365,0,1.891720568,1.395110570
1366,0,2.120271962,1.716929488
1367,0,2.012413016,1.801736783
1368,0,1.172508391,0.953323574
1369,0,0.327437815,0.088279079
1370,0,1.012025787,1.002589560
1371,0,0.303358347,0.080345116
1372,0,0.999999479,0.999150138
1373,0,0.302292179,1.960000000
1374,0,1.050648013,1.006427636
1375,0,1.035614371,2.001202067
1376,0,1.194125484,1.033471391
1377,0,-0.000000000,0.000000000
1378,0,1.000000000,1.000000000
1379,0,1.021928095,0.400000000
1380,0,1.044208200,1.009090909
1381,0,-0.000000000,0.000000000
1382,0,1.000000000,1.000000000
1383,0,1.021928095,0.400000000
1384,0,0.999984960,1.004566210
1385,0,1.021926591,0.400000000
1386,0,0.999982237,1.004962262
1387,0,1.499991119,2.004962262
1388,0,1.507381995,1.209540437
1389,0,2.020137146,1.743381491
1390,0,0.991063519,0.888811007
1391,0,1.868269650,1.200000000
1392,0,1.450062175,1.066647975
1393,0,0.390491739,0.109876489
1394,0,0.999998569,1.001408601
1395,0,0.302292160,0.080000000
1396,0,1.010787343,1.000359399
1397,0,0.303238591,0.080306801
1398,0,1.050827419,1.006242561
1399,0,-0.000000000,0.000000000
1400,0,1.000000000,1.000000000
1401,0,0.302292189,0.080000000
1402,0,0.999999424,0.999106345
1403,0,1.499999712,1.999106345
1404,0,1.633775013,1.160669248
1405,0,1.330390219,0.593431413
1406,0,0.999973489,1.006062365
1407,0,1.021925444,0.400000000
1408,0,1.044255519,1.008572131
1409,0,-0.000000000,0.000000000
1410,0,1.000000000,1.000000000
1411,0,0.302292189,0.080000000
1412,0,1.216063438,1.032034632
1413,0,-0.000000000,0.000000000
1414,0,1.000000000,1.000000000
1415,0,1.021928095,0.400000000
1416,0,1.190930197,1.031111111
1417,0,1.913428813,1.385414483
1418,0,1.465379569,1.112255300
1419,0,0.395137111,0.111495591
1420,0,1.068520020,1.011595573
1421,0,0.310351453,0.082618471
1422,0,1.011130988,1.001627616
1423,0,0.303272342,0.080317680
1424,0,0.999999430,1.000888637
1425,0,1.021928038,0.400000000
1426,0,0.999984448,0.995356712
1427,0,1.499992224,1.000000000
1428,0,1.633350773,1.158815263
1429,0,0.449913690,0.131364055
1430,0,0.999998895,1.001237871
1431,0,1.021927984,2.000247574
1432,0,1.508560394,1.542740986
1433,0,2.020285912,1.293719828
1434,0,1.897627817,1.141380151
1435,0,0.559379461,0.174949490
1436,0,1.023258738,1.016973229
1437,0,0.304552032,2.000777800
1438,0,1.051223622,1.006892504
1439,0,0.308020795,0.081861327
1440,0,1.011025695,1.001717270
1441,0,-0.000000000,0.000000000
1442,0,1.000000000,1.000000000
1443,0,1.021928095,0.400000000
1444,0,1.044208200,1.009090909
1445,0,-0.000000000,0.000000000
1446,0,1.000000000,1.000000000
1447,0,1.021928095,0.400000000
1448,0,0.999984960,0.995433790
1449,0,1.021926591,0.400000000
1450,0,0.999982237,1.004962262
1451,0,0.302291834,1.960000000
1452,0,0.999999310,0.999022093
1453,0,1.870950388,1.400000000
1454,0,1.115110907,1.005084085
1455,0,-0.000000000,0.000000000
1456,0,1.000000000,1.000000000
1457,0,1.021928095,0.400000000
1458,0,0.999984960,0.995433790
1459,0,-0.000000000,0.000000000
1460,0,1.000000000,1.000000000
1461,0,-0.000000000,0.000000000
1462,0,1.000000000,1.000000000
1463,0,1.870950594,1.400000000
1464,0,1.442705945,1.096666667
1465,0,0.389175081,0.109395083
1466,0,1.067192530,1.007072092
1467,0,0.310172099,0.082560557
1468,0,1.011121584,1.000554273
1469,0,1.024309203,0.401321610
1470,0,0.999985132,0.995460040
1471,0,0.302291892,0.080000000
1472,0,0.999999320,1.000970737
1473,0,1.021928027,0.400000000
1474,0,1.190900169,1.031188770
1475,0,-0.000000000,0.000000000
1476,0,1.000000000,1.000000000
1477,0,1.870950594,1.400000000
1478,0,0.999848483,1.014492754
1479,0,0.302289159,0.080000000
1480,0,1.010758937,1.002029395
1481,0,-0.000000000,0.000000000
1482,0,1.000000000,1.000000000
1483,0,0.302292189,0.080000000
1484,0,1.010784836,1.001785714
1485,0,-0.000000000,0.000000000
1486,0,1.000000000,1.000000000
1487,0,1.021928095,0.400000000
1488,0,1.190930197,1.031111111
1489,0,1.913428813,1.982691867
1490,0,0.999959289,1.007512472
1491,0,1.021924024,0.400000000
1492,0,1.044148886,1.009733745
1493,0,0.307108797,0.081564659
1494,0,1.010978117,1.001814303
1495,0,1.872788751,1.999829353
1496,0,1.115374016,1.028564222
1497,0,0.317527825,0.084974703
1498,0,1.011402323,1.000428923
1499,0,1.024377961,0.401359915
1500,0,0.999985047,0.995447126
1501,0,-0.000000000,0.000000000
1502,0,1.000000000,1.000000000
1503,0,1.021928095,0.400000000
1504,0,1.190930197,1.031111111
1505,0,1.089151666,0.438252490
1506,0,1.048237665,1.004524964
1507,0,0.307625337,0.081731886
1508,0,1.219927075,1.043091666
1509,0,0.336354897,2.001690712
1510,0,0.999999924,0.999676208
1511,0,1.021928087,1.800000000
1512,0,1.659032756,1.935257518
1513,0,1.802424527,2.185115171
1514,0,2.318577139,1.865366317
1515,0,-0.000000000,0.000000000
1516,0,1.000000000,1.000000000
1517,0,1.021928095,1.800000000
1518,0,0.999984960,1.004566210
1519,0,0.302291888,0.080000000
1520,0,0.999999320,0.999028817
1521,0,1.021928027,0.400000000
1522,0,1.190900155,1.031188806
1523,0,1.089142045,1.993980248
1524,0,1.699182556,1.156078502
1525,0,1.817423132,1.867470732
1526,0,1.238057280,0.995936894
1527,0,1.641988081,1.058032832
1528,0,2.289646652,1.771173707
1529,0,-0.000000000,0.000000000
1530,0,1.000000000,1.000000000
1531,0,0.302292189,0.080000000
1532,0,1.216063438,1.032034632
1533,0,1.100187131,0.444732109
1534,0,1.209543962,1.039989773
1535,0,0.334237706,0.090517654
1536,0,1.056761951,1.008175265
1537,0,1.037553327,2.001690943
1538,0,1.194630126,1.033807724
1539,0,0.331438902,0.089585808
1540,0,0.999999850,0.999543793
1541,0,0.302292186,0.080000000
1542,0,1.050651237,1.006435422
1543,0,-0.000000000,0.000000000
1544,0,1.000000000,1.000000000
1545,0,-0.000000000,0.000000000
1546,0,1.000000000,1.000000000
1547,0,0.302292189,0.080000000
1548,0,1.010784836,1.001785714
1549,0,-0.000000000,0.000000000
1550,0,1.000000000,1.000000000
1551,0,1.021928095,0.400000000
1552,0,1.190930197,1.031111111
1553,0,1.913428813,1.385414483
1554,0,1.465379569,1.112255300
1555,0,1.227045995,2.023430841
1556,0,1.057131066,1.012590937
1557,0,0.308784409,0.082107911
1558,0,1.011069380,1.000585185
1559,0,0.303266177,0.080315683
1560,0,1.216759609,1.042182179
1561,0,1.919526899,1.268092926
1562,0,0.999980574,1.005189452
1563,0,0.302291801,0.080000000
1564,0,0.999999305,0.999018235
1565,0,1.870950386,1.400000000
1566,0,2.101585078,1.461566360
1567,0,1.691986115,1.598881844
1568,0,1.376704975,1.120456561
1569,0,0.370639033,0.102919070
1570,0,1.268433366,1.039417853
1571,0,-0.000000000,0.000000000
1572,0,1.000000000,1.000000000
1573,0,-0.000000000,0.000000000
1574,0,1.000000000,1.000000000
1575,0,0.302292189,0.080000000
1576,0,0.999999424,0.999106345
1577,0,-0.000000000,0.000000000
1578,0,1.000000000,1.000000000
1579,0,1.021928095,2.000000000
1580,0,1.044208200,1.001704545
1581,0,0.307114252,0.081566298
1582,0,1.010979715,1.001801506
1583,0,-0.000000000,0.000000000
1584,0,1.000000000,1.000000000
1585,0,-0.000000000,0.000000000
1586,0,1.000000000,1.000000000
1587,0,-0.000000000,0.000000000
1588,0,1.000000000,1.000000000
1589,0,1.021928095,0.400000000
1590,0,1.044208200,1.009090909
1591,0,-0.000000000,0.000000000
1592,0,1.000000000,1.000000000
1593,0,1.021928095,0.400000000
1594,0,0.999984960,1.004566210
1595,0,1.499992480,2.004566210
1596,0,2.241997273,2.756516443
1597,0,2.467310510,1.856358250
1598,0,0.995185407,0.918348207
1599,0,0.302195897,0.080000000
1600,0,0.999999825,0.999507217
1601,0,0.302292186,0.080000000
1602,0,1.010785713,1.000343420
1603,0,-0.000000000,0.000000000
1604,0,1.000000000,1.000000000
1605,0,1.870950594,1.200000000
1606,0,1.442705945,1.093333333
1607,0,0.389175081,1.947871215
1608,0,1.067192530,1.007072092
1609,0,-0.000000000,0.000000000
1610,0,1.000000000,1.000000000
1611,0,0.302292189,0.080000000
1612,0,0.999999424,1.000893655
1613,0,0.302292178,0.080000000
1614,0,0.999999404,0.999091172
1615,0,1.499999702,1.999091172
1616,0,1.633773307,1.160661746
1617,0,1.330389709,0.593430999
1618,0,1.064036447,1.016035154
1619,0,1.039894876,0.410003681
1620,0,1.045349693,1.007825265
1621,0,1.526502666,1.006838867
1622,0,1.641335408,1.156375391
1623,0,1.334704310,1.722824745
1624,0,1.268602209,1.034145313
1625,0,-0.000000000,0.000000000
1626,0,1.000000000,1.000000000
1627,0,1.021928095,0.400000000
1628,0,0.999984960,1.004566210
1629,0,1.870946082,1.400000000
1630,0,0.999821074,1.015749074
1631,0,-0.000000000,0.000000000
1632,0,1.000000000,1.000000000
1633,0,0.302292189,0.080000000
1634,0,1.050654972,1.006222222
1635,0,0.307950877,0.081838984
1636,0,1.079938364,1.008490749
1637,0,1.052146708,0.417570205
1638,0,0.999938089,1.009264233
1639,0,-0.000000000,0.000000000
1640,0,1.000000000,1.000000000
1641,0,1.870950594,1.200000000
1642,0,1.442705945,1.093333333
1643,0,1.969897878,1.361152455
1644,0,2.170431899,1.553337321
1645,0,-0.000000000,0.000000000
1646,0,1.000000000,1.000000000
1647,0,1.021928095,0.400000000
1648,0,1.659062487,1.145098039
1649,0,1.346252956,0.605008431
1650,0,0.999947465,0.991466036
1651,0,0.302291138,0.080000000
1652,0,0.999999596,1.000748759
1653,0,1.021928054,1.800000000
1654,0,1.508185212,1.208515346
1655,0,1.537217596,1.710042051
1656,0,1.186172579,0.917582884
1657,0,1.088454974,0.438528794
1658,0,0.999928988,1.009921804
1659,0,1.021920994,0.400000000
1660,0,0.999990095,1.003705582
1661,0,1.021927104,1.800000000
1662,0,0.999982768,1.004887616
1663,0,1.021926372,0.400000000
1664,0,1.190778765,1.031502120
1665,0,1.089103212,0.438227041
1666,0,0.999995315,1.002548563
1667,0,1.499997657,1.000000000
1668,0,0.999478705,1.026880877
1669,0,0.302281763,0.080000000
1670,0,1.215154564,1.041100095
1671,0,-0.000000000,0.000000000
1672,0,1.000000000,1.000000000
1673,0,-0.000000000,0.000000000
1674,0,1.000000000,1.000000000
1675,0,0.302292189,0.080000000
1676,0,1.050654972,1.006222222
1677,0,-0.000000000,0.000000000
1678,0,1.000000000,1.000000000
1679,0,-0.000000000,0.000000000
1680,0,1.000000000,1.000000000
1681,0,0.302292189,0.080000000
1682,0,0.999999424,0.999106345
1683,0,1.870950422,1.200000000
1684,0,0.999843298,1.014738642
1685,0,-0.000000000,0.000000000
1686,0,1.000000000,1.000000000
1687,0,1.870950594,1.400000000
1688,0,1.442705945,1.096666667
1689,0,0.389175081,0.109395083
1690,0,0.999999903,1.000366869
1691,0,0.302292187,0.080000000
1692,0,0.999999432,1.000887426
1693,0,1.499999716,1.000000000
1694,0,2.242480216,1.646249354
1695,0,0.941806265,0.351965637
1696,0,0.999881093,1.012838824
1697,0,0.302289811,0.080000000
1698,0,1.010807620,1.001569838
1699,0,0.303240188,0.080307277
1700,0,1.010823575,1.000344955
1701,0,1.024237722,0.401282423
1702,0,1.191445783,1.031194581
1703,0,1.607383441,1.972585397
1704,0,0.999885513,1.012597980
1705,0,1.021916646,0.400000000
1706,0,1.044108310,1.000585492
1707,0,-0.000000000,0.000000000
1708,0,1.000000000,1.000000000
1709,0,0.302292189,1.960000000
1710,0,1.050654972,1.006444444
1711,0,-0.000000000,0.000000000
1712,0,1.000000000,1.000000000
1713,0,-0.000000000,0.000000000
1714,0,1.000000000,1.000000000
1715,0,0.302292189,0.080000000
1716,0,0.999999424,1.000893655
1717,0,1.870950422,2.000536193
1718,0,2.101596346,1.728674781
1719,0,1.922772649,1.816762010
1720,0,1.264146072,0.974686318
1721,0,1.121102250,0.457297306
1722,0,1.218433520,1.054356805
1723,0,1.920768678,1.385295917
1724,0,1.471472204,1.085382226
1725,0,0.396580196,0.112010347
1726,0,1.014885508,1.003003385
1727,0,0.303651549,2.000133357
1728,0,1.010845101,1.000394398
1729,0,0.303244254,2.000013401
1730,0,1.010823398,1.000341688
1731,0,0.303242211,0.080307976
1732,0,1.010823207,1.000340633
1733,0,-0.000000000,0.000000000
1734,0,1.000000000,1.000000000
1735,0,1.021928095,0.400000000
1736,0,0.999984960,0.995433790
1737,0,0.302291888,0.080000000
1738,0,0.999999320,0.999028817
1739,0,0.302292175,0.080000000
1740,0,1.010783106,1.001802044
1741,0,-0.000000000,0.000000000
1742,0,1.000000000,1.000000000
1743,0,0.302292189,0.080000000
1744,0,1.010784836,1.000334821
1745,0,1.872752561,1.202045054
1746,0,1.115368889,1.005449796
1747,0,1.895577654,1.392012868
1748,0,1.118788277,1.006844314
1749,0,-0.000000000,0.000000000
1750,0,1.000000000,1.000000000
1751,0,0.302292189,0.080000000
1752,0,1.050654972,1.006222222
1753,0,0.307950877,0.081838984
1754,0,0.999999521,1.000814952
1755,0,0.302292180,0.080000000
1756,0,1.010783384,1.000320602
1757,0,0.303238280,0.080306708
1758,0,1.050826995,1.006243261
1759,0,1.880857802,1.996390013
1760,0,1.447486668,1.093118467
1761,0,0.390415229,0.109830687
1762,0,0.999999848,1.000459146
1763,0,-0.000000000,0.000000000
1764,0,1.000000000,1.000000000
1765,0,1.870950594,2.000000000
1766,0,1.115135655,1.005357143
1767,0,0.317490439,0.084962493
1768,0,1.011400571,1.001835755
1769,0,1.872868757,1.399462501
1770,0,0.999849843,1.014427585
1771,0,0.302289186,0.080000000
1772,0,1.010759054,1.002028299
1773,0,1.872743730,1.202040486
1774,0,0.999847635,1.014533265
1775,0,0.302289142,0.080000000
1776,0,1.050535642,1.006454754
1777,0,0.307938836,0.081835359
1778,0,0.999999511,1.000823427
1779,0,-0.000000000,0.000000000
1780,0,1.000000000,1.000000000
1781,0,0.302292189,0.080000000
1782,0,1.050654972,1.006222222
1783,0,1.035616201,0.407633189
1784,0,1.194126817,1.031257201
1785,0,1.090509921,0.439038689
1786,0,1.048329495,1.007363779
1787,0,1.034869075,0.407205572
1788,0,0.999986951,0.995746860
1789,0,1.021926790,1.999149372
1790,0,1.044174712,1.001326736
1791,0,0.307111165,0.081565370
1792,0,1.051528718,1.006595727
1793,0,1.035892764,0.407787423
1794,0,0.999987653,1.004137224
1795,0,0.302291942,0.080000000
1796,0,0.999999330,1.000963899
1797,0,0.302292176,0.080000000
1798,0,1.010783119,1.000318003
1799,0,-0.000000000,0.000000000
1800,0,1.000000000,1.000000000
1801,0,0.302292189,2.000000000
1802,0,1.508326883,1.208333333
1803,0,1.674237161,1.715144877
1804,0,2.298450941,1.559448191
1805,0,1.975861919,1.328271270
1806,0,0.967881762,1.210223503
1807,0,1.861315123,2.126134102
1808,0,0.998632872,1.043527494
1809,0,1.021791382,0.400000000
1810,0,0.999999550,0.999209991
1811,0,0.302292180,0.080000000
1812,0,0.999999406,1.000907068
1813,0,0.302292177,0.080000000
1814,0,1.216032979,1.032044967
1815,0,0.335599990,0.090979970
1816,0,1.012194465,1.001078932
1817,0,0.303378254,0.080351872
1818,0,1.010830175,1.001775594
1819,0,0.303242854,1.959872885
1820,0,0.999999425,0.999107213
1821,0,-0.000000000,0.000000000
1822,0,1.000000000,1.000000000
1823,0,1.021928095,2.000000000
1824,0,1.190930197,1.031111111
1825,0,0.330757837,0.089359612
1826,0,0.999999825,0.999507126
1827,0,0.302292186,0.080000000
1828,0,0.999999413,0.999097977
1829,0,1.499999707,1.000000000
1830,0,0.999509313,1.026079870
1831,0,-0.000000000,0.000000000
1832,0,1.000000000,1.000000000
1833,0,1.021928095,2.000000000
1834,0,1.044208200,1.001704545
1835,0,0.307114252,0.081566298
1836,0,1.010979715,1.000363770
1837,0,-0.000000000,0.000000000
1838,0,1.000000000,1.000000000
1839,0,1.021928095,0.400000000
1840,0,0.999984960,1.004566210
1841,0,-0.000000000,0.000000000
1842,0,1.000000000,1.000000000
1843,0,-0.000000000,0.000000000
1844,0,1.000000000,1.000000000
1845,0,0.302292189,0.080000000
1846,0,1.216063438,1.041991342
1847,0,1.100187131,0.444732109
1848,0,1.706076420,1.157672617
1849,0,1.376139115,0.626896484
1850,0,1.067639079,0.995483852
1851,0,1.041081547,0.410668130
1852,0,1.045476906,1.004020383
1853,0,-0.000000000,0.000000000
1854,0,1.000000000,1.000000000
1855,0,1.021928095,0.400000000
1856,0,1.659062487,1.145098039
1857,0,-0.000000000,0.000000000
1858,0,1.000000000,1.000000000
1859,0,0.302292189,0.080000000
1860,0,1.010784836,1.001785714
1861,0,0.303238394,0.080306742
1862,0,1.050827150,1.006475769
1863,0,-0.000000000,0.000000000
1864,0,1.000000000,1.000000000
1865,0,-0.000000000,0.000000000
1866,0,1.000000000,1.000000000
1867,0,1.500000000,2.000000000
1868,0,1.180906651,3.011458333
1869,0,1.085086471,1.998503660
1870,0,1.694986613,1.879266814
1871,0,1.497505202,1.489954027
1872,0,1.623710317,1.188376830
1873,0,1.551480544,1.370246927
1874,0,0.882753120,0.602400481
1875,0,-0.000000000,0.000000000
1876,0,1.000000000,1.000000000
1877,0,-0.000000000,0.000000000
1878,0,1.000000000,1.000000000
1879,0,0.302292189,0.080000000
1880,0,1.010784836,1.000334821
1881,0,-0.000000000,0.000000000
1882,0,1.000000000,1.000000000
1883,0,1.021928095,0.400000000
1884,0,0.999984960,0.995433790
1885,0,0.302291888,0.080000000
1886,0,0.999999320,1.000971183
1887,0,1.021928027,0.400000000
1888,0,0.999984400,0.995349553
1889,0,-0.000000000,0.000000000
1890,0,1.000000000,1.000000000
1891,0,-0.000000000,0.000000000
1892,0,1.000000000,1.000000000
1893,0,1.870950594,1.400000000
1894,0,1.442705945,1.096666667
1895,0,-0.000000000,0.000000000
1896,0,1.000000000,1.000000000
1897,0,0.302292189,0.080000000
1898,0,1.050654972,1.006222222
1899,0,1.035616201,0.407633189
1900,0,1.045017245,1.002266287
1901,0,-0.000000000,0.000000000
1902,0,1.000000000,1.000000000
1903,0,1.021928095,0.400000000
1904,0,0.999984960,1.004566210
1905,0,-0.000000000,0.000000000
1906,0,1.000000000,1.000000000
1907,0,1.021928095,0.400000000
1908,0,1.190930197,1.032222222
1909,0,1.913428813,1.258468394
1910,0,0.999959289,0.992487528
1911,0,0.302291375,0.080000000
1912,0,1.010771435,1.000203743
1913,0,-0.000000000,0.000000000
1914,0,1.000000000,1.000000000
1915,0,0.302292189,0.080000000
1916,0,1.010784836,1.000334821
1917,0,1.872752561,2.000229400
1918,0,1.115368889,1.005449796
1919,0,1.895577654,1.392012868
1920,0,1.118788277,1.028483407
1921,0,0.318065914,1.957883962
1922,0,0.999999474,0.999145964
1923,0,1.021928042,0.400000000
1924,0,0.999984468,1.004640286
1925,0,0.302291878,0.080000000
1926,0,1.215907466,1.032087505
1927,0,-0.000000000,0.000000000
1928,0,1.000000000,1.000000000
1929,0,-0.000000000,0.000000000
1930,0,1.000000000,1.000000000
1931,0,0.302292189,0.080000000
1932,0,1.216063438,1.041991342
1933,0,1.100187131,0.444732109
1934,0,1.048946092,1.005391001
1935,0,1.035059092,0.407310601
1936,0,0.999987370,1.004184372
1937,0,1.021926832,0.400000000
1938,0,0.999982474,1.004929144
1939,0,1.870945337,1.200000000
1940,0,1.115009791,1.003980857
1941,0,0.317478615,0.084958849
1942,0,1.053410339,1.006919365
1943,0,1.036491643,0.408121559
1944,0,1.194336812,1.033570192
1945,0,1.914290612,1.259697519
1946,0,1.465951456,1.112944614
1947,0,-0.000000000,0.000000000
1948,0,1.000000000,1.000000000
1949,0,-0.000000000,0.000000000
1950,0,1.000000000,1.000000000
1951,0,-0.000000000,0.000000000
1952,0,1.000000000,1.000000000
1953,0,-0.000000000,0.000000000
1954,0,1.000000000,1.000000000
1955,0,0.302292189,0.080000000
1956,0,1.010784836,1.001785714
1957,0,1.506220607,1.001305566
1958,0,0.999529813,0.974470676
1959,0,0.302282785,0.080000000
1960,0,1.010739087,0.999889390
1961,0,1.024218956,0.401272852
1962,0,1.660330906,1.145534364
1963,0,0.459596864,0.134999035
1964,0,1.017629730,0.999714720
1965,0,1.025941921,0.402220559
1966,0,1.044467071,1.002116978
1967,0,1.879508464,2.001445912
1968,0,0.999855136,0.985828983
1969,0,1.499927568,1.000000000
1970,0,0.999236392,1.032533033
1971,0,1.870721512,1.400000000
1972,0,0.999603629,0.976559927
1973,0,-0.000000000,0.000000000
1974,0,1.000000000,1.000000000
1975,0,1.500000000,2.000000000
1976,0,1.633875355,1.894444444
1977,0,2.002821462,1.926466338
1978,0,0.999820894,0.984242990
1979,0,1.021910184,0.400000000
1980,0,1.044330178,1.007742476
1981,0,1.525869014,1.997097856
1982,0,0.999573479,1.024315138
1983,0,1.021885443,0.400000000
1984,0,1.044013515,1.011171403
1985,0,-0.000000000,0.000000000
1986,0,1.000000000,1.000000000
1987,0,-0.000000000,0.000000000
1988,0,1.000000000,1.000000000
1989,0,1.870950594,2.000000000
1990,0,0.999848483,1.014492754
1991,0,0.302289159,0.080000000
1992,0,1.050535975,1.006157810
1993,0,1.880773259,1.396949987
1994,0,1.447413840,1.099744006
1995,0,0.390400095,0.109825360
1996,0,1.014547484,1.000799894
1997,0,1.025154135,0.401786752
1998,0,0.999986157,1.004380741
1999,0,1.499993078,2.004380741
2000,0,1.180686770,1.052057848
2001,0,1.911229689,1.386253604
2002,0,1.121320364,1.029101265
2003,0,1.897095623,1.391750425
2004,0,1.455297929,1.095167516
2005,0,1.221811084,0.519758539
2006,0,1.239422161,1.032904642
2007,0,1.110357732,0.450641104
2008,0,1.212446709,1.042435481
2009,0,0.334767587,0.090693570
2010,0,1.056892886,1.008272213
2011,0,0.308769297,0.082104387
2012,0,1.051891178,1.006256058
2013,0,1.036004530,0.407848467
2014,0,1.045042839,1.002310479
2015,0,0.307219197,0.081600279
2016,0,0.999999442,0.999120233
2017,0,0.302292178,0.080000000
2018,0,0.999999404,0.999091408
2019,0,1.870950416,1.200000000
2020,0,0.999843210,1.014742752
2021,0,1.870903558,1.200000000
2022,0,1.441596694,1.096871594
2023,0,0.388994882,1.996451406
2024,0,0.999999962,0.999771030
2025,0,1.499999981,1.999771030
2026,0,1.633901017,2.949874066
2027,0,2.002823636,1.926370333
2028,0,1.144672623,1.003301292
2029,0,1.069502991,0.426801579
2030,0,1.047263597,1.006177249
2031,0,-0.000000000,0.000000000
2032,0,1.000000000,1.000000000
2033,0,0.302292189,0.080000000
2034,0,0.999999424,0.999106345
2035,0,1.021928037,0.400000000
2036,0,1.658980408,1.145146141
2037,0,0.459104163,0.134814817
2038,0,1.080914384,1.007460419
2039,0,1.045626421,0.413212104
2040,0,0.999992626,1.003197370
2041,0,0.302292042,2.000127895
2042,0,1.010779138,1.001839475
2043,0,0.303237947,0.080306609
2044,0,0.999999423,1.000894250
2045,0,0.302292178,0.080000000
2046,0,1.010783243,1.000319218
2047,0,1.024228062,0.401277121
2048,0,0.999984983,1.004562686
2049,0,0.302291889,0.080000000
2050,0,0.999999320,1.000971123
2051,0,-0.000000000,0.000000000
2052,0,1.000000000,1.000000000
2053,0,0.302292189,0.080000000
2054,0,1.050654972,1.006222222
2055,0,1.880819478,1.996411420
2056,0,2.107730681,2.817733812
2057,0,1.924871923,1.810608055
2058,0,0.996269292,0.928115374
2059,0,1.021555024,0.400000000
2060,0,0.999997986,0.998329096
2061,0,1.499998993,1.998329096
2062,0,1.575670328,1.225018164
2063,0,1.634561200,1.626796009
2064,0,1.306776579,0.895795430
2065,0,1.610604378,1.812182401
2066,0,1.182370137,0.915391746
2067,0,-0.000000000,0.000000000
2068,0,1.000000000,1.000000000
2069,0,1.021928095,0.400000000
2070,0,0.999984960,1.004566210
2071,0,-0.000000000,0.000000000
2072,0,1.000000000,1.000000000
2073,0,-0.000000000,0.000000000
2074,0,1.000000000,1.000000000
2075,0,1.021928095,2.000000000
2076,0,1.659062487,1.888235294
2077,0,1.802450237,1.132402084
2078,0,0.999290913,1.031350322
2079,0,1.021857186,0.400000000
2080,0,0.999997540,1.001846583
2081,0,-0.000000000,0.000000000
2082,0,1.000000000,1.000000000
2083,0,-0.000000000,0.000000000
2084,0,1.000000000,1.000000000
2085,0,0.302292189,0.080000000
2086,0,0.999999424,0.999106345
2087,0,-0.000000000,0.000000000
2088,0,1.000000000,1.000000000
2089,0,1.870950594,1.200000000
2090,0,1.115135655,1.005357143
2091,0,-0.000000000,0.000000000
2092,0,1.000000000,1.000000000
2093,0,1.870950594,2.000000000
2094,0,1.115135655,1.005357143
2095,0,-0.000000000,0.000000000
2096,0,1.000000000,1.000000000
2097,0,0.302292189,0.080000000
2098,0,0.999999424,0.999106345
2099,0,1.021928037,0.400000000
2100,0,0.999984445,0.995356277
2101,0,-0.000000000,0.000000000
2102,0,1.000000000,1.000000000
2103,0,0.302292189,0.080000000
2104,0,0.999999424,1.000893655
2105,0,0.302292178,0.080000000
2106,0,1.010783244,1.000319229
2107,0,-0.000000000,0.000000000
2108,0,1.000000000,1.000000000
2109,0,1.021928095,0.400000000
2110,0,1.044208200,1.009090909
2111,0,-0.000000000,0.000000000
2112,0,1.000000000,1.000000000
2113,0,-0.000000000,0.000000000
2114,0,1.000000000,1.000000000
2115,0,1.021928095,0.400000000
2116,0,1.044208200,1.001704545
2117,0,1.879446735,1.397419158
2118,0,0.999852509,0.985701062
2119,0,-0.000000000,0.000000000
2120,0,1.000000000,1.000000000
2121,0,-0.000000000,0.000000000
2122,0,1.000000000,1.000000000
2123,0,0.302292189,0.080000000
2124,0,1.010784836,1.001785714
2125,0,1.024228392,0.401277276
2126,0,1.044337928,1.009101367
2127,0,-0.000000000,0.000000000
2128,0,1.000000000,1.000000000
2129,0,0.302292189,0.080000000
2130,0,1.010784836,1.001785714
2131,0,0.303238394,0.080306742
2132,0,1.050827150,1.006475769
2133,0,1.880857859,1.396966043
2134,0,1.116633133,1.007148322
2135,0,0.317719039,0.085036998
2136,0,1.011413740,1.001800938
2137,0,0.303300863,0.080326939
2138,0,1.050839653,1.006480483
2139,0,-0.000000000,0.000000000
2140,0,1.000000000,1.000000000
2141,0,1.870950594,1.400000000
2142,0,0.999848483,0.985507246
2143,0,1.870905139,1.200000000
2144,0,0.999753648,1.018479630
2145,0,1.870876689,2.011087778
2146,0,1.114649386,1.033535951
2147,0,1.058219000,0.420409715
2148,0,1.679261352,1.151935095
2149,0,1.359460150,0.614571052
2150,0,1.066263964,0.998145789
2151,0,0.310026434,0.082512275
2152,0,1.052230564,1.006074608
2153,0,-0.000000000,0.000000000
2154,0,1.000000000,1.000000000
2155,0,1.500000000,2.000000000
2156,0,0.999525689,1.025641026
2157,0,-0.000000000,0.000000000
2158,0,1.000000000,1.000000000
2159,0,0.302292189,0.080000000
2160,0,1.010784836,1.000334821
2161,0,-0.000000000,0.000000000
2162,0,1.000000000,1.000000000
2163,0,1.021928095,0.400000000
2164,0,0.999984960,0.995433790
2165,0,-0.000000000,0.000000000
2166,0,1.000000000,1.000000000
2167,0,1.021928095,0.400000000
2168,0,0.999984960,0.995433790
2169,0,1.021926591,0.400000000
2170,0,1.190788742,1.031770675
2171,0,-0.000000000,0.000000000
2172,0,1.000000000,1.000000000
2173,0,1.500000000,1.000000000
2174,0,1.180906651,1.050000000
2175,0,0.328975528,0.088762375
2176,0,1.011868799,1.001874092
2177,0,1.506884528,1.999547145
2178,0,1.635464907,1.894070415
2179,0,0.450522267,1.993116144
2180,0,0.999998674,0.998644014
2181,0,1.021927962,1.800000000
2182,0,1.044218826,1.001825001
2183,0,1.033606220,0.406506241
2184,0,1.193543897,1.031527914
2185,0,1.608563587,1.036009962
2186,0,0.999890663,1.012311381
2187,0,0.302290002,2.000492455
2188,0,1.050553931,1.995802401
2189,0,1.880780225,1.396953889
2190,0,1.447421798,1.099767260
2191,0,2.169313693,2.311331689
2192,0,1.356204273,1.102908776
2193,0,1.710341425,2.195277210
2194,0,0.998586328,1.044262006
2195,0,0.302263916,0.080000000
2196,0,0.999999985,0.999857884
2197,0,1.021928093,1.999971577
2198,0,1.044207085,1.001691921
2199,0,1.033603394,0.406504887
2200,0,1.193538555,1.032913131
2201,0,0.331245460,0.089521850
2202,0,0.999999834,1.000480361
2203,0,0.302292186,0.080000000
2204,0,0.999999413,1.000901811
2205,0,-0.000000000,0.000000000
2206,0,1.000000000,1.000000000
2207,0,1.021928095,0.400000000
2208,0,1.659062487,1.190196078
2209,0,-0.000000000,0.000000000
2210,0,1.000000000,1.000000000
2211,0,1.021928095,2.000000000
2212,0,1.190930197,1.031111111
2213,0,1.089151666,1.784885093
2214,0,1.699202911,1.877561046
2215,0,2.010755444,1.332803153
2216,0,1.148523415,1.056320651
2217,0,-0.000000000,0.000000000
2218,0,1.000000000,1.000000000
2219,0,-0.000000000,0.000000000
2220,0,1.000000000,1.000000000
2221,0,1.500000000,2.000000000
2222,0,1.633875355,1.894444444
2223,0,1.330420236,1.723558790
2224,0,1.064044027,1.016106829
2225,0,0.309722476,0.082413257
2226,0,1.011114350,1.000657396
2227,0,1.024307091,0.401320255
2228,0,1.044345220,1.001765370
2229,0,-0.000000000,0.000000000
2230,0,1.000000000,1.000000000
2231,0,0.302292189,0.080000000
2232,0,1.010784836,1.001785714
2233,0,-0.000000000,0.000000000
2234,0,1.000000000,1.000000000
2235,0,-0.000000000,0.000000000
2236,0,1.000000000,1.000000000
2237,0,1.870950594,1.200000000
2238,0,1.442705945,1.096666667
2239,0,1.969897878,1.361152455
2240,0,1.134532388,1.029330768
2241,0,1.065564227,1.790640364
2242,0,0.999997021,1.002032250
2243,0,-0.000000000,0.000000000
2244,0,1.000000000,1.000000000
2245,0,0.302292189,0.080000000
2246,0,1.050654972,1.006444444
2247,0,-0.000000000,0.000000000
2248,0,1.000000000,1.000000000
2249,0,-0.000000000,0.000000000
2250,0,1.000000000,1.000000000
2251,0,-0.000000000,0.000000000
2252,0,1.000000000,1.000000000
2253,0,1.021928095,0.400000000
2254,0,1.190930197,1.032222222
2255,0,-0.000000000,0.000000000
2256,0,1.000000000,1.000000000
2257,0,1.870950594,2.000000000
2258,0,1.115135655,1.005357143
2259,0,1.566267123,1.019830492
2260,0,1.188721228,1.049597607
2261,0,1.088279113,0.437654820
2262,0,1.206109796,1.036901442
2263,0,-0.000000000,0.000000000
2264,0,1.000000000,1.000000000
2265,0,0.302292189,0.080000000
2266,0,0.999999424,1.000893655
2267,0,1.021928037,0.400000000
2268,0,1.190902555,1.032133850
2269,0,0.330754178,0.089358451
2270,0,1.056033824,1.006495232
2271,0,1.882055002,1.396715403
2272,0,0.999886143,0.987436729
2273,0,1.870916437,1.200000000
2274,0,1.441762662,1.092939563
2275,0,0.389021605,0.109340771
2276,0,1.014467554,1.002004213
2277,0,1.025134588,0.401776316
2278,0,1.191702311,1.031083693
2279,0,-0.000000000,0.000000000
2280,0,1.000000000,1.000000000
2281,0,1.870950594,2.000000000
2282,0,1.442705945,1.093333333
2283,0,1.215018433,0.515411726
2284,0,1.056194187,1.010254910
2285,0,-0.000000000,0.000000000
2286,0,1.000000000,1.000000000
2287,0,0.302292189,0.080000000
2288,0,1.050654972,1.006222222
2289,0,1.035616201,0.407633189
2290,0,1.045017245,1.008772716
2291,0,1.033850329,0.406641487
2292,0,1.193613579,1.032990574
2293,0,1.914095095,2.019881143
2294,0,1.122408887,1.014240954
2295,0,0.318611742,0.085328496
2296,0,0.999999640,0.999293123
2297,0,0.302292182,0.080000000
2298,0,1.216039702,1.032042686
2299,0,-0.000000000,0.000000000
2300,0,1.000000000,1.000000000
2301,0,0.302292189,0.080000000
2302,0,0.999999424,1.000893655
2303,0,1.870950422,1.200000000
2304,0,0.999843298,0.985261358
2305,0,1.021912425,0.400000000
2306,0,1.190471717,1.030764734
2307,0,0.330697405,0.089340470
2308,0,0.999999792,1.000536659
2309,0,1.499999896,2.000536659
2310,0,2.242525944,1.493444008
2311,0,-0.000000000,0.000000000
2312,0,1.000000000,1.000000000
2313,0,1.500000000,2.000000000
2314,0,1.508326883,1.208333333
2315,0,1.537151611,1.167783599
2316,0,1.186149354,0.917335042
2317,0,1.088455576,0.438532485
2318,0,0.999928614,1.009947897
2319,0,0.302290761,0.080000000
2320,0,1.050736245,1.006641192
2321,0,0.307959115,0.081841466
2322,0,1.051726166,1.006727641
2323,0,-0.000000000,0.000000000
2324,0,1.000000000,1.000000000
2325,0,1.870950594,2.000000000
2326,0,1.115135655,1.028571429
2327,0,0.317490439,0.084962493
2328,0,1.053425562,1.006951216
2329,0,1.628817172,1.027823640
2330,0,1.199117809,1.050019137
2331,0,-0.000000000,0.000000000
2332,0,1.000000000,1.000000000
2333,0,0.302292189,0.080000000
2334,0,1.010784836,1.001785714
2335,0,1.024228392,0.401277276
2336,0,0.999984993,0.995438855
2337,0,0.302291889,0.080000000
2338,0,0.999999320,1.000971097
2339,0,-0.000000000,0.000000000
2340,0,1.000000000,1.000000000
2341,0,0.302292189,0.080000000
2342,0,1.050654972,1.006222222
2343,0,1.880819478,1.996411420
2344,0,0.999877104,1.013052399
2345,0,1.021915805,0.400000000
2346,0,1.044104667,1.010207769
2347,0,1.525555319,1.999967736
2348,0,1.183412618,1.050476153
2349,0,1.911999057,1.994810615
2350,0,1.121529949,1.028102550
2351,0,1.897155104,1.234043205
2352,0,0.999880156,0.987110660
2353,0,-0.000000000,0.000000000
2354,0,1.000000000,1.000000000
2355,0,0.302292189,0.080000000
2356,0,1.010784836,1.001785714
2357,0,0.303238394,0.080306742
2358,0,1.050827150,1.006243004
2359,0,0.307973430,0.081846315
2360,0,1.011022473,1.001728750
2361,0,-0.000000000,0.000000000
2362,0,1.000000000,1.000000000
2363,0,-0.000000000,0.000000000
2364,0,1.000000000,1.000000000
2365,0,0.302292189,0.080000000
2366,0,1.050654972,1.006222222
2367,0,1.880819478,1.212122538
2368,0,1.116626838,1.007137749
2369,0,1.058874650,0.420768288
2370,0,0.999986644,1.004302901
2371,0,1.870946588,1.400000000
2372,0,1.115025937,1.004155704
2373,0,0.317480121,0.084959312
2374,0,1.226698931,1.044790106
2375,0,-0.000000000,0.000000000
2376,0,1.000000000,1.000000000
2377,0,-0.000000000,0.000000000
2378,0,1.000000000,1.000000000
2379,0,0.302292189,0.080000000
2380,0,0.999999424,0.999106345
2381,0,0.302292178,0.080000000
2382,0,0.999999404,0.999091172
2383,0,-0.000000000,0.000000000
2384,0,1.000000000,1.000000000
2385,0,1.021928095,0.400000000
2386,0,1.659062487,1.190196078
2387,0,0.459121683,0.134821453
2388,0,0.999997559,0.998160361
2389,0,1.021927851,0.400000000
2390,0,0.999985992,0.995593356
2391,0,1.499992996,1.000000000
2392,0,0.999443055,1.027784713
2393,0,-0.000000000,0.000000000
2394,0,1.000000000,1.000000000
2395,0,0.302292189,2.000000000
2396,0,1.216063438,1.975324675
2397,0,1.919354858,1.383078329
2398,0,1.123498747,1.016521993
2399,0,1.061392736,1.791384620
2400,0,1.682773000,1.934801852
2401,0,2.008694777,1.333788309
2402,0,0.999522667,0.974277420
2403,0,1.499761333,1.000000000
2404,0,0.999875862,1.013118164
2405,0,1.021915681,1.800000000
2406,0,1.044104140,1.000539288
2407,0,1.033578777,1.797426581
2408,0,1.193492261,1.031643958
2409,0,-0.000000000,0.000000000
2410,0,1.000000000,1.000000000
2411,0,0.302292189,0.080000000
2412,0,1.010784836,1.000334821
2413,0,1.024228392,0.401277276
2414,0,0.999984993,0.995438855
2415,0,1.021926594,0.400000000
2416,0,1.044172277,1.009481207
2417,0,0.307110942,0.081565303
2418,0,0.999999417,0.999100955
2419,0,1.870950420,1.400000000
2420,0,1.115112907,1.028813006
2421,0,0.317488287,0.084961829
2422,0,1.226741378,1.033984925
2423,0,-0.000000000,0.000000000
2424,0,1.000000000,1.000000000
2425,0,1.021928095,0.400000000
2426,0,1.044208200,1.001704545
2427,0,1.879446735,2.001160510
2428,0,1.116314986,1.005826178
2429,0,1.567032632,1.020154280
2430,0,1.655229304,1.159874186
2431,0,0.457042286,0.134007298
2432,0,1.017528161,1.004084930
2433,0,1.025915266,0.402205561
2434,0,1.191948523,1.032865751
2435,0,1.913697852,2.019891775
2436,0,2.129577642,1.496686086
2437,0,2.011679905,1.707893993
2438,0,1.173267529,1.102636271
2439,0,0.327523251,0.088303387
2440,0,1.056232701,1.009597397
2441,0,1.533688855,2.015815754
2442,0,0.999697225,0.979513288
2443,0,-0.000000000,0.000000000
2444,0,1.000000000,1.000000000
2445,0,0.302292189,0.080000000
2446,0,1.010784836,1.000334821
2447,0,1.024228392,0.401277276
2448,0,1.191443368,1.032358167
2449,0,0.330853587,2.001241116
2450,0,0.999999827,0.999509591
2451,0,-0.000000000,0.000000000
2452,0,1.000000000,1.000000000
2453,0,1.021928095,0.400000000
2454,0,1.044208200,1.009090909
2455,0,0.307114252,0.081566298
2456,0,0.999999427,0.999108815
2457,0,1.870950423,1.200000000
2458,0,1.442639786,1.093547218
2459,0,1.214996691,0.515397471
2460,0,1.056189398,1.010213219
2461,0,0.308662629,0.082068528
2462,0,0.999999615,0.999269023
2463,0,0.302292181,0.080000000
2464,0,0.999999408,1.000906066
2465,0,-0.000000000,0.000000000
2466,0,1.000000000,1.000000000
2467,0,1.021928095,0.400000000
2468,0,1.044208200,1.001704545
2469,0,1.879446735,2.001160510
2470,0,1.446495066,1.098309834
2471,0,0.390183420,0.109748977
2472,0,0.999999879,0.999590002
2473,0,-0.000000000,0.000000000
2474,0,1.000000000,1.000000000
2475,0,0.302292189,0.080000000
2476,0,0.999999424,1.000893655
2477,0,0.302292178,0.080000000
2478,0,1.010783244,1.000319229
2479,0,-0.000000000,0.000000000
2480,0,1.000000000,1.000000000
2481,0,0.302292189,0.080000000
2482,0,1.050654972,1.006444444
2483,0,-0.000000000,0.000000000
2484,0,1.000000000,1.000000000
2485,0,1.021928095,0.400000000
2486,0,1.044208200,1.001704545
2487,0,1.033603662,0.406505016
2488,0,0.999985129,1.004540402
2489,0,0.302291892,0.080000000
2490,0,0.999999320,0.999029255
2491,0,0.302292175,0.080000000
2492,0,1.010783107,1.001802037
2493,0,0.303238258,0.080306702
2494,0,0.999999424,0.999106501
2495,0,0.302292178,0.080000000
2496,0,0.999999404,1.000908825
2497,0,-0.000000000,0.000000000
2498,0,1.000000000,1.000000000
2499,0,1.021928095,1.800000000
2500,0,1.044208200,1.009090909
2501,0,1.879446735,1.999192347
2502,0,1.116314986,1.028552720
2503,0,-0.000000000,0.000000000
2504,0,1.000000000,1.000000000
2505,0,0.302292189,0.080000000
2506,0,1.010784836,1.000334821
2507,0,-0.000000000,0.000000000
2508,0,1.000000000,1.000000000
2509,0,1.500000000,1.000000000
2510,0,2.242595798,1.493333333
2511,0,1.975921004,1.800784537
2512,0,0.996235585,1.072208358
2513,0,-0.000000000,0.000000000
2514,0,1.000000000,1.000000000
2515,0,1.021928095,0.400000000
2516,0,1.190930197,1.032222222
2517,0,-0.000000000,0.000000000
2518,0,1.000000000,1.000000000
2519,0,0.302292189,0.080000000
2520,0,0.999999424,1.000893655
2521,0,0.302292178,0.080000000
2522,0,1.010783244,1.000319229
2523,0,0.303238269,0.080306705
2524,0,1.050826980,1.006243285
2525,0,1.035670541,0.407663479
2526,0,1.045020568,1.002269599
2527,0,0.307216472,0.081599402
2528,0,1.010984988,1.001791369
2529,0,1.024276697,0.401303946
2530,0,0.999985017,1.004557477
2531,0,0.302291889,0.080000000
2532,0,1.050617627,1.006295142
2533,0,0.307947102,0.081837847
2534,0,1.051719668,1.006277802
2535,0,1.881062853,1.212417019
2536,0,0.999878886,1.012957452
2537,0,0.302289767,0.080000000
2538,0,0.999999105,0.998886347
2539,0,1.021928005,0.400000000
2540,0,0.999984317,0.995337195
2541,0,1.021926527,1.800000000
2542,0,1.044171473,1.009489906
2543,0,-0.000000000,0.000000000
2544,0,1.000000000,1.000000000
2545,0,0.302292189,0.080000000
2546,0,1.050654972,1.006444444
2547,0,1.035616201,0.407633189
2548,0,0.999987577,0.995850012
2549,0,1.021926853,0.400000000
2550,0,0.999982495,0.995073839
2551,0,1.870945343,1.200000000
2552,0,1.115009868,1.003981689
2553,0,-0.000000000,0.000000000
2554,0,1.000000000,1.000000000
2555,0,0.302292189,0.080000000
2556,0,1.010784836,1.000334821
2557,0,-0.000000000,0.000000000
2558,0,1.000000000,1.000000000
2559,0,1.021928095,0.400000000
2560,0,1.044208200,1.009090909
2561,0,1.525698309,1.006551145
2562,0,1.640884844,1.157033463
2563,0,1.334502950,0.596322924
2564,0,1.064386009,1.016990314
2565,0,1.040007852,0.410066439
2566,0,0.999993223,1.003065098
2567,0,0.302292054,0.080000000
2568,0,1.010779374,1.000281341
2569,0,1.024227261,0.401276745
2570,0,1.191441218,1.031199912
2571,0,-0.000000000,0.000000000
2572,0,1.000000000,1.000000000
2573,0,-0.000000000,0.000000000
2574,0,1.000000000,1.000000000
2575,0,0.302292189,0.080000000
2576,0,0.999999424,0.999106345
2577,0,0.302292178,0.080000000
2578,0,1.050647655,1.006236521
2579,0,1.622353780,1.994200218
2580,0,0.999622516,1.022874833
2581,0,0.302284639,0.080000000
2582,0,0.999998814,0.998717969
2583,0,-0.000000000,0.000000000
2584,0,1.000000000,1.000000000
2585,0,-0.000000000,0.000000000
2586,0,1.000000000,1.000000000
2587,0,0.302292189,0.080000000
2588,0,0.999999424,0.999106345
2589,0,-0.000000000,0.000000000
2590,0,1.000000000,1.000000000
2591,0,-0.000000000,0.000000000
2592,0,1.000000000,1.000000000
2593,0,0.302292189,0.080000000
2594,0,1.106096315,1.011200000
2595,0,0.317755182,0.085100731
2596,0,1.011335017,0.999742848
2597,0,0.303294728,0.080325131
2598,0,1.010824059,1.000328685
2599,0,1.872759748,2.000225556
2600,0,1.443458844,1.096990445
2601,0,0.389375078,0.109465246
2602,0,0.999999898,1.000375349
2603,0,1.499999949,1.000000000
2604,0,1.633917412,1.161296700
2605,0,0.450017041,0.131404352
2606,0,1.017164904,1.003477848
2607,0,0.303891934,0.080517793
2608,0,1.010855693,1.001733453
2609,0,1.024245280,0.401286498
2610,0,0.999985037,0.995445607
2611,0,0.302291890,0.080000000
2612,0,1.050617653,1.006295093
2613,0,-0.000000000,0.000000000
2614,0,1.000000000,1.000000000
2615,0,0.302292189,0.080000000
2616,0,0.999999424,1.000893655
2617,0,1.021928037,0.400000000
2618,0,1.190902555,1.032133850
2619,0,1.089142813,0.438247837
2620,0,1.048235946,1.007506396
2621,0,1.034840688,1.797188473
2622,0,1.193912433,1.031337874
2623,0,-0.000000000,0.000000000
2624,0,1.000000000,1.000000000
2625,0,-0.000000000,0.000000000
2626,0,1.000000000,1.000000000
2627,0,1.021928095,0.400000000
2628,0,1.190930197,1.031111111
2629,0,1.089151666,1.784885093
2630,0,0.999995579,0.997524393
2631,0,-0.000000000,0.000000000
2632,0,1.000000000,1.000000000
2633,0,0.302292189,0.080000000
2634,0,1.010784836,1.001785714
2635,0,-0.000000000,0.000000000
2636,0,1.000000000,1.000000000
2637,0,1.021928095,0.400000000
2638,0,1.190930197,1.032222222
2639,0,1.089151666,0.438252490
2640,0,1.699202911,1.211817484
2641,0,0.474048379,0.140439773
2642,0,1.018322786,0.999150338
2643,0,1.511125002,1.002684656
2644,0,1.182135742,1.012274063
2645,0,-0.000000000,0.000000000
2646,0,1.000000000,1.000000000
2647,0,0.302292189,0.080000000
2648,0,0.999999424,0.999106345
2649,0,1.021928037,0.400000000
2650,0,0.999984445,1.004643723
2651,0,0.302291878,0.080000000
2652,0,1.010776558,1.000253797
2653,0,1.024226678,0.401276471
2654,0,1.044337102,1.001724182
2655,0,-0.000000000,0.000000000
2656,0,1.000000000,1.000000000
2657,0,-0.000000000,0.000000000
2658,0,1.000000000,1.000000000
2659,0,1.870950594,1.400000000
2660,0,1.508326883,1.208333333
2661,0,1.674237161,1.190764712
2662,0,2.298450941,1.559448191
2663,0,2.488770321,1.709665571
2664,0,2.117660853,1.335575840
2665,0,1.636571903,1.149682174
2666,0,1.516953619,1.312990814
2667,0,1.376051364,0.841301108
2668,0,1.013918456,0.491531203
2669,0,1.083287359,0.453472328
2670,0,0.997499090,0.941135801
2671,0,-0.000000000,0.000000000
2672,0,1.000000000,1.000000000
2673,0,-0.000000000,0.000000000
2674,0,1.000000000,1.000000000
2675,0,-0.000000000,0.000000000
2676,0,1.000000000,1.000000000
2677,0,0.302292189,0.080000000
2678,0,1.050654972,1.006222222
2679,0,-0.000000000,0.000000000
2680,0,1.000000000,1.000000000
2681,0,-0.000000000,0.000000000
2682,0,1.000000000,1.000000000
2683,0,1.870950594,1.400000000
2684,0,1.115135655,1.005357143
2685,0,0.317490439,0.084962493
2686,0,1.053425562,1.006558435
2687,0,0.308315773,0.081957617
2688,0,1.051792476,1.006742572
2689,0,1.035974052,0.407831822
2690,0,1.045040472,1.008743248
2691,0,-0.000000000,0.000000000
2692,0,1.000000000,1.000000000
2693,0,1.870950594,1.400000000
2694,0,0.999848483,1.014492754
2695,0,-0.000000000,0.000000000
2696,0,1.000000000,1.000000000
2697,0,0.302292189,0.080000000
2698,0,1.010784836,1.001785714
2699,0,1.872752561,1.202045054
2700,0,1.115368889,1.005449796
2701,0,1.058419467,0.420514270
2702,0,1.199122804,1.032450740
2703,0,1.092682574,1.993411235
2704,0,1.207651128,1.031800524
2705,0,0.333882608,0.090399369
2706,0,0.999999916,1.000341692
2707,0,0.302292187,2.000013668
2708,0,1.010784227,1.001791460
2709,0,1.024228266,0.401277217
2710,0,0.999984989,1.004561733
2711,0,1.870946091,1.400000000
2712,0,0.999821102,1.015747842
2713,0,1.870896925,1.200000000
2714,0,1.441519924,1.091994807
2715,0,1.969624597,2.048838162
2716,0,1.556213882,1.645014219
2717,0,1.671535324,1.213387175
2718,0,0.983800775,1.149575115
2719,0,-0.000000000,0.000000000
2720,0,1.000000000,1.000000000
2721,0,1.870950594,1.200000000
2722,0,1.115135655,1.028571429
2723,0,0.317490439,0.084962493
2724,0,0.999999434,0.999114174
2725,0,-0.000000000,0.000000000
2726,0,1.000000000,1.000000000
2727,0,-0.000000000,0.000000000
2728,0,1.000000000,1.000000000
2729,0,-0.000000000,0.000000000
2730,0,1.000000000,1.000000000
2731,0,0.302292189,0.080000000
2732,0,1.050654972,1.006222222
2733,0,0.307950877,0.081838984
2734,0,1.011021502,1.000446708
2735,0,-0.000000000,0.000000000
2736,0,1.000000000,1.000000000
2737,0,1.870950594,1.400000000
2738,0,1.115135655,1.005357143
2739,0,0.317490439,0.084962493
2740,0,1.053425562,1.006558435
2741,0,-0.000000000,0.000000000
2742,0,1.000000000,1.000000000
2743,0,-0.000000000,0.000000000
2744,0,1.000000000,1.000000000
2745,0,-0.000000000,0.000000000
2746,0,1.000000000,1.000000000
2747,0,-0.000000000,0.000000000
2748,0,1.000000000,1.000000000
2749,0,1.021928095,0.400000000
2750,0,1.190930197,1.031111111
2751,0,1.607093530,1.035360396
2752,0,1.672905446,1.155499235
2753,0,-0.000000000,0.000000000
2754,0,1.000000000,1.000000000
2755,0,-0.000000000,0.000000000
2756,0,1.000000000,1.000000000
2757,0,-0.000000000,0.000000000
2758,0,1.000000000,1.000000000
2759,0,1.500000000,2.000000000
2760,0,1.633875355,1.155555556
2761,0,-0.000000000,0.000000000
2762,0,1.000000000,1.000000000
2763,0,1.870950594,1.400000000
2764,0,0.999848483,1.014492754
2765,0,1.021912943,0.400000000
2766,0,1.190479411,1.030789050
2767,0,1.089007713,0.438177030
2768,0,0.999994773,1.002691929
2769,0,0.302292085,0.080000000
2770,0,1.010780040,1.001830977
2771,0,1.872750917,1.399489031
2772,0,1.115367380,1.005434827
2773,0,-0.000000000,0.000000000
2774,0,1.000000000,1.000000000
2775,0,0.302292189,0.080000000
2776,0,0.999999424,1.000893655
2777,0,0.302292178,0.080000000
2778,0,0.999999404,0.999091172
2779,0,-0.000000000,0.000000000
2780,0,1.000000000,1.000000000
2781,0,0.302292189,0.080000000
2782,0,0.999999424,0.999106345
2783,0,1.870950422,1.200000000
2784,0,1.442639602,1.096401549
2785,0,0.389164196,0.109391219
2786,0,1.014485257,1.002117532
2787,0,1.025138713,0.401778400
2788,0,0.999986091,0.995608876
2789,0,0.302291911,0.080000000
2790,0,1.010777009,1.001859547
2791,0,0.303237780,0.080306559
2792,0,1.050826312,1.006474017
2793,0,0.307973342,0.081846288
2794,0,1.011022463,1.000447324
2795,0,0.303261800,2.000015837
2796,0,0.999999427,0.999108918
2797,0,0.302292178,0.080000000
2798,0,0.999999404,1.000908784
2799,0,-0.000000000,0.000000000
2800,0,1.000000000,1.000000000
2801,0,-0.000000000,0.000000000
2802,0,1.000000000,1.000000000
2803,0,0.302292189,0.080000000
2804,0,1.010784836,1.000334821
2805,0,0.303238394,0.080306742
2806,0,0.999999425,1.000893171
2807,0,1.870950422,2.000535903
2808,0,0.999843301,1.014738509
2809,0,1.021912425,0.400000000
2810,0,1.657699616,1.145891575
2811,0,0.458832080,0.134711997
2812,0,1.017579407,0.999869360
2813,0,1.025929240,0.402213816
2814,0,1.044464827,1.008775587
2815,0,-0.000000000,0.000000000
2816,0,1.000000000,1.000000000
2817,0,1.021928095,0.400000000
2818,0,1.044208200,1.009090909
2819,0,0.307114252,0.081566298
2820,0,0.999999427,0.999108815
2821,0,1.021928038,0.400000000
2822,0,1.190902631,1.031182406
2823,0,-0.000000000,0.000000000
2824,0,1.000000000,1.000000000
2825,0,-0.000000000,0.000000000
2826,0,1.000000000,1.000000000
2827,0,1.870950594,1.400000000
2828,0,0.999848483,1.014492754
2829,0,0.302289159,0.080000000
2830,0,1.010758937,1.002029395
2831,0,-0.000000000,0.000000000
2832,0,1.000000000,1.000000000
2833,0,0.302292189,0.080000000
2834,0,1.010784836,1.001785714
2835,0,1.024228392,0.401277276
2836,0,1.660383312,1.145508827
2837,0,1.347101228,1.963417001
2838,0,1.272197361,1.033429619
2839,0,0.346793534,0.094736516
2840,0,0.999999921,1.000330624
2841,0,0.302292188,0.080000000
2842,0,1.216074536,1.042002303
2843,0,-0.000000000,0.000000000
2844,0,1.000000000,1.000000000
2845,0,0.302292189,0.080000000
2846,0,1.216063438,1.032034632
2847,0,0.335604248,0.090981315
2848,0,1.012194851,1.001080875
2849,0,0.303378289,0.080351883
2850,0,0.999999442,0.999120744
2851,0,0.302292178,0.080000000
2852,0,0.999999405,0.999091416
2853,0,-0.000000000,0.000000000
2854,0,1.000000000,1.000000000
2855,0,-0.000000000,0.000000000
2856,0,1.000000000,1.000000000
2857,0,0.302292189,0.080000000
2858,0,1.010784836,1.001785714
2859,0,1.024228392,0.401277276
2860,0,1.044337928,1.009101367
2861,0,-0.000000000,0.000000000
2862,0,1.000000000,1.000000000
2863,0,1.021928095,2.000000000
2864,0,1.044208200,1.009090909
2865,0,1.879446735,1.999192347
2866,0,0.999852509,1.014298938
2867,0,1.021913346,0.400000000
2868,0,0.999975680,1.005806378
2869,0,-0.000000000,0.000000000
2870,0,1.000000000,1.000000000
2871,0,0.302292189,2.000000000
2872,0,1.050654972,1.006444444
2873,0,0.307950877,0.081838984
2874,0,1.011021502,1.000446708
2875,0,-0.000000000,0.000000000
2876,0,1.000000000,1.000000000
2877,0,0.302292189,0.080000000
2878,0,0.999999424,0.999106345
2879,0,0.302292178,0.080000000
2880,0,1.050647655,1.006426770
2881,0,0.307950137,0.081838761
2882,0,1.220196630,1.032706421
2883,0,1.102010172,0.445797715
2884,0,0.999998148,1.001602419
2885,0,1.021927910,2.000320484
2886,0,0.999984030,1.004705198
2887,0,0.302291870,0.080000000
2888,0,1.050616416,1.006351386
2889,0,1.035606065,0.407628336
2890,0,1.194119438,1.031269674
2891,0,1.608981891,1.971228035
2892,0,1.673806698,1.155130245
2893,0,0.463072616,0.136275397
2894,0,1.017873325,1.004933441
2895,0,1.026003337,0.402253004
2896,0,0.999987770,0.995882477
2897,0,0.302291944,0.080000000
2898,0,0.999999330,1.000963565
2899,0,1.499999665,1.000000000
2900,0,1.180858855,1.008904080
2901,0,0.328971273,0.088761026
2902,0,1.055521044,1.006824525
2903,0,-0.000000000,0.000000000
2904,0,1.000000000,1.000000000
2905,0,0.302292189,0.080000000
2906,0,1.010784836,1.001785714
2907,0,1.872752561,1.999840350
2908,0,0.999849282,1.014454473
2909,0,1.499924641,2.014454473
2910,0,0.999229908,1.032670840
2911,0,0.302276787,0.080000000
2912,0,1.050385720,1.005798288
2913,0,1.880715085,1.396917466
2914,0,1.524743151,1.209572446
2915,0,2.501490240,1.930400038
2916,0,1.826600429,1.798560146
2917,0,2.484930906,2.571235229
2918,0,1.794226683,1.457545676
2919,0,2.030837776,2.712937705
2920,0,1.683739310,1.366425959
2921,0,1.440562238,0.904602966
2922,0,0.779429653,0.461630374
2923,0,0.297880782,0.080000000
2924,0,1.011616615,1.009732148
2925,0,1.873053361,1.202215571
2926,0,1.444346877,1.100215396
2927,0,1.215735681,0.515874054
2928,0,1.237878066,1.032864985
2929,0,0.339762995,0.092366489
2930,0,0.999999998,1.000047653
2931,0,0.302292189,0.080000000
2932,0,1.050654582,1.006222985
2933,0,-0.000000000,0.000000000
2934,0,1.000000000,1.000000000
2935,0,0.302292189,0.080000000
2936,0,0.999999424,1.000893655
2937,0,1.870950422,1.400000000
2938,0,1.115113043,1.028811558
2939,0,0.317488300,0.084961833
2940,0,0.999999428,0.999109293
2941,0,0.302292178,0.080000000
2942,0,1.010783250,1.001800691
2943,0,1.872752017,1.399489573
2944,0,1.115368390,1.005444843
2945,0,0.317526992,0.084974433
2946,0,0.999999436,1.000883940
2947,0,1.870950425,1.200000000
2948,0,1.115113290,1.005110322
2949,0,-0.000000000,0.000000000
2950,0,1.000000000,1.000000000
2951,0,1.021928095,0.400000000
2952,0,1.044208200,1.009090909
2953,0,0.307114252,0.081566298
2954,0,1.051532863,1.006604395
2955,0,1.035893888,0.407787975
2956,0,0.999987661,0.995864076
2957,0,0.302291942,0.080000000
2958,0,0.999999330,0.999036123
2959,0,1.870950393,1.999421674
2960,0,1.115111263,1.005088002
2961,0,1.058326684,0.420462564
2962,0,1.046277161,1.009284903
2963,0,1.879904602,1.397306579
2964,0,2.106703880,1.843370216
2965,0,2.014436898,1.277100391
2966,0,1.172009489,0.967601972
2967,0,-0.000000000,0.000000000
2968,0,1.000000000,1.000000000
2969,0,-0.000000000,0.000000000
2970,0,1.000000000,1.000000000
2971,0,1.870950594,1.200000000
2972,0,0.999848483,1.014492754
2973,0,1.021912943,0.400000000
2974,0,1.044093104,1.000417193
2975,0,1.033576155,0.406491923
2976,0,1.193487355,1.031654978
2977,0,1.090254623,1.993829653
2978,0,1.207040565,1.031849790
2979,0,1.917490736,1.384500809
2980,0,1.468088996,1.115508845
2981,0,1.975311550,2.069685768
2982,0,1.508984505,1.149023110
2983,0,0.407065165,0.115751523
2984,0,1.015406663,0.999435553
2985,0,1.025368193,1.799280969
2986,0,1.509323762,1.545872607
2987,0,1.536761842,1.168565117
2988,0,1.186004866,0.915784404
2989,0,0.330737905,0.089435394
2990,0,1.012250702,1.003483830
2991,0,0.303379709,0.080351873
2992,0,0.999999500,1.000832603
2993,0,1.021928045,0.400000000
2994,0,1.190904444,1.032139887
2995,0,1.089143418,0.438248155
2996,0,0.999995535,1.002488035
2997,0,1.870949255,2.001492821
2998,0,0.999833831,1.015177318
2999,0,1.870900744,1.200000000
3000,0,0.999748602,0.981332091
3001,0,0.302287161,0.080000000
3002,0,1.050501563,1.006075235
3003,0,1.035575964,0.407613934
3004,0,1.194097539,1.031306687
3005,0,-0.000000000,0.000000000
3006,0,1.000000000,1.000000000
3007,0,-0.000000000,0.000000000
3008,0,1.000000000,1.000000000
3009,0,1.500000000,1.000000000
3010,0,1.180906651,1.009375000
3011,0,0.328975528,0.088762375
3012,0,1.055526300,1.007339261
3013,0,-0.000000000,0.000000000
3014,0,1.000000000,1.000000000
3015,0,0.302292189,0.080000000
3016,0,1.050654972,1.006222222
3017,0,1.529419530,1.007662958
3018,0,0.999623000,1.022860171
3019,0,0.302284649,0.080000000
3020,0,0.999998815,1.001281782
3021,0,-0.000000000,0.000000000
3022,0,1.000000000,1.000000000
3023,0,0.302292189,0.080000000
3024,0,1.010784836,1.001785714
3025,0,0.303238394,0.080306742
3026,0,1.010823040,1.001788807
3027,0,1.872759752,1.202053221
3028,0,0.999849317,1.014452811
3029,0,1.499924658,2.014452811
3030,0,1.632216280,1.161336680
3031,0,0.449710586,0.131285313
3032,0,1.078804879,1.013870335
3033,0,0.311814869,0.083095718
3034,0,1.052503223,1.007028167
3035,0,0.308190454,0.081916586
3036,0,1.051772086,1.006268325
3037,0,-0.000000000,0.000000000
3038,0,1.000000000,1.000000000
3039,0,-0.000000000,0.000000000
3040,0,1.000000000,1.000000000
3041,0,1.500000000,2.000000000
3042,0,1.633875355,1.161111111
3043,0,0.450009325,0.131401338
3044,0,1.017163927,1.000201062
3045,0,1.025822128,0.402155025
3046,0,0.999986897,1.004261923
3047,0,-0.000000000,0.000000000
3048,0,1.000000000,1.000000000
3049,0,1.021928095,0.400000000
3050,0,1.190930197,1.032222222
3051,0,1.089151666,0.438252490
3052,0,1.206774753,1.031843218
3053,0,1.917423444,1.264228831
3054,0,0.999979432,0.994660203
3055,0,-0.000000000,0.000000000
3056,0,1.000000000,1.000000000
3057,0,0.302292189,0.080000000
3058,0,1.050654972,1.006444444
3059,0,1.035616201,0.407633189
3060,0,1.194126817,1.033474402
3061,0,-0.000000000,0.000000000
3062,0,1.000000000,1.000000000
3063,0,0.302292189,0.080000000
3064,0,1.010784836,1.000334821
3065,0,-0.000000000,0.000000000
3066,0,1.000000000,1.000000000
3067,0,1.870950594,1.400000000
3068,0,1.442705945,1.093333333
3069,0,1.215018433,0.515411726
3070,0,0.999997720,0.998222073
3071,0,1.870949910,1.200000000
3072,0,1.115180368,1.028093676
3073,0,-0.000000000,0.000000000
3074,0,1.000000000,1.000000000
3075,0,0.302292189,0.080000000
3076,0,1.216063438,1.032034632
3077,0,0.335604248,0.090981315
3078,0,0.999999913,0.999652116
3079,0,1.021928086,0.400000000
3080,0,1.044205470,1.009120678
3081,0,1.033603005,0.406504701
3082,0,1.044867967,1.001843308
3083,0,0.307198228,0.081593555
3084,0,1.219524577,1.032659150
3085,0,1.920203054,1.382816686
3086,0,1.123665994,1.016817146
3087,0,1.897719498,1.391833015
3088,0,1.119424905,1.025011410
3089,0,1.569203424,1.021146038
3090,0,0.999680936,1.021030548
3091,0,-0.000000000,0.000000000
3092,0,1.000000000,1.000000000
3093,0,0.302292189,0.080000000
3094,0,0.999999424,1.000893655
3095,0,1.499999712,2.000893655
3096,0,0.999509466,1.026075799
3097,0,1.499754733,1.000000000
3098,0,1.630825912,1.148218077
3099,0,-0.000000000,0.000000000
3100,0,1.000000000,1.000000000
3101,0,1.500000000,2.000000000
3102,0,1.633875355,1.938888889
3103,0,1.795188558,1.127604907
3104,0,1.764424079,1.280600303
3105,0,1.407809512,2.081693859
3106,0,1.294246674,1.094680643
3107,0,1.135320454,0.465602843
3108,0,0.999978413,0.994529504
3109,0,0.302291757,1.960000000
3110,0,1.050699706,1.006134694
3111,0,-0.000000000,0.000000000
3112,0,1.000000000,1.000000000
3113,0,0.302292189,0.080000000
3114,0,1.010784836,1.000334821
3115,0,1.024228392,0.401277276
3116,0,1.191443368,1.032358167
3117,0,-0.000000000,0.000000000
3118,0,1.000000000,1.000000000
3119,0,1.021928095,0.400000000
3120,0,0.999984960,0.995433790
3121,0,0.302291888,0.080000000
3122,0,1.010776696,1.001862491
3123,0,1.872749771,1.399488467
3124,0,1.115366330,1.005424405
3125,0,-0.000000000,0.000000000
3126,0,1.000000000,1.000000000
3127,0,-0.000000000,0.000000000
3128,0,1.000000000,1.000000000
3129,0,1.870950594,1.400000000
3130,0,0.999848483,0.985507246
3131,0,1.021912943,0.400000000
3132,0,0.999975539,1.005823187
3133,0,-0.000000000,0.000000000
3134,0,1.000000000,1.000000000
3135,0,1.021928095,2.000000000
3136,0,1.190930197,1.032222222
3137,0,0.330757837,0.089359612
3138,0,1.056035831,1.006492827
3139,0,1.882055682,1.213622489
3140,0,1.116845436,1.026911613
3141,0,-0.000000000,0.000000000
3142,0,1.000000000,1.000000000
3143,0,-0.000000000,0.000000000
3144,0,1.000000000,1.000000000
3145,0,-0.000000000,0.000000000
3146,0,1.000000000,1.000000000
3147,0,0.302292189,0.080000000
3148,0,1.010784836,1.001785714
3149,0,1.024228392,1.799495303
3150,0,1.044337928,1.001732399
3151,0,1.033643524,2.000278017
3152,0,1.193548874,1.032919737
3153,0,-0.000000000,0.000000000
3154,0,1.000000000,1.000000000
3155,0,0.302292189,0.080000000
3156,0,1.050654972,1.006222222
3157,0,0.307950877,0.081838984
3158,0,0.999999521,0.999185048
3159,0,-0.000000000,0.000000000
3160,0,1.000000000,1.000000000
3161,0,0.302292189,0.080000000
3162,0,1.050654972,1.006444444
3163,0,1.899798477,1.216305625
3164,0,1.620489864,1.196592993
3165,0,0.755048318,0.402374530
3166,0,1.198837243,1.104114014
3167,0,0.100248058,0.078159472
3168,0,1.003040106,1.000733071
3169,0,0.003608040,0.001629003
3170,0,1.003097617,1.001221783
3171,0,0.003568314,0.002145197
3172,0,1.000461236,1.000208611
3173,0,0.302391087,0.080041962
3174,0,0.999999424,0.999106345
3175,0,1.021928037,0.400000000
3176,0,1.190902555,1.032133850
3177,0,1.089142813,1.784883830
3178,0,1.048235946,1.004511185
3179,0,-0.000000000,0.000000000
3180,0,1.000000000,1.000000000
3181,0,0.302292189,0.080000000
3182,0,0.999999424,0.999106345
3183,0,1.499999712,1.000000000
3184,0,1.180862334,1.050419824
3185,0,0.328971582,1.999715634
3186,0,0.999999431,1.000888448
3187,0,0.302292178,0.080000000
3188,0,1.010783254,1.001800653
3189,0,1.024228064,0.401277122
3190,0,0.999984983,0.995437324
3191,0,-0.000000000,0.000000000
3192,0,1.000000000,1.000000000
3193,0,0.302292189,0.080000000
3194,0,0.999999424,1.000893655
3195,0,1.870950422,1.200000000
3196,0,1.115113043,1.005107610
3197,0,1.566242619,2.014328969
3198,0,1.654849969,1.173920765
3199,0,0.456931546,0.133965744
3200,0,1.080542587,1.015051896
3201,0,-0.000000000,0.000000000
3202,0,1.000000000,1.000000000
3203,0,0.302292189,0.080000000
3204,0,0.999999424,0.999106345
3205,0,0.302292178,0.080000000
3206,0,1.010783244,1.001800740
3207,0,-0.000000000,0.000000000
3208,0,1.000000000,1.000000000
3209,0,-0.000000000,0.000000000
3210,0,1.000000000,1.000000000
3211,0,0.302292189,0.080000000
3212,0,1.010784836,1.001785714
3213,0,1.024228392,1.799495303
3214,0,0.999984993,0.995438855
3215,0,1.021926594,0.400000000
3216,0,1.044172277,1.009481207
3217,0,-0.000000000,0.000000000
3218,0,1.000000000,1.000000000
3219,0,1.021928095,2.000000000
3220,0,0.999984960,1.004566210
3221,0,0.302291888,0.080000000
3222,0,1.010776696,1.001862491
3223,0,1.024226707,0.401276485
3224,0,1.191440165,1.032349075
3225,0,1.089370625,0.438379597
3226,0,1.048251418,1.004538679
3227,0,1.880366674,1.211437800
3228,0,1.116522030,1.006740392
3229,0,0.317703429,0.085031930
3230,0,1.053478366,1.006991234
3231,0,0.308322350,0.081959721
3232,0,0.999999532,1.000805280
3233,0,1.021928048,1.800000000
3234,0,0.999984496,1.004636057
3235,0,-0.000000000,0.000000000
3236,0,1.000000000,1.000000000
3237,0,0.302292189,0.080000000
3238,0,1.010784836,1.001785714
3239,0,-0.000000000,0.000000000
3240,0,1.000000000,1.000000000
3241,0,-0.000000000,0.000000000
3242,0,1.000000000,1.000000000
3243,0,0.302292189,0.080000000
3244,0,1.010784836,1.001785714
3245,0,1.024228392,0.401277276
3246,0,1.044337928,1.009101367
3247,0,1.033643524,0.406527170
3248,0,0.999985146,0.995462112
3249,0,-0.000000000,0.000000000
3250,0,1.000000000,1.000000000
3251,0,0.302292189,0.080000000
3252,0,1.010784836,1.000334821
3253,0,-0.000000000,0.000000000
3254,0,1.000000000,1.000000000
3255,0,1.021928095,0.400000000
3256,0,1.190930197,1.032222222
3257,0,1.913428813,2.019302288
3258,0,0.999959289,0.992487528
3259,0,1.870938381,1.995492517
3260,0,2.100744006,1.840761078
3261,0,2.015023105,1.276360397
3262,0,1.171669789,0.970684746
3263,0,1.080657856,0.433386678
3264,0,1.048305244,1.001110933
3265,0,1.034833541,1.997590101
3266,0,0.999990528,1.003623707
3267,0,1.021927148,0.400000000
3268,0,1.044179683,1.001382648
3269,0,0.307111623,0.081565507
3270,0,1.010978944,1.001807679
3271,0,1.024275296,1.999941443
3272,0,1.191454499,1.031195145
3273,0,1.913558611,1.982596059
3274,0,1.122303438,1.022693063
3275,0,1.769520677,1.072263710
3276,0,0.999735783,1.019137938
3277,0,1.870871329,2.011482763
3278,0,1.114631339,1.033712764
3279,0,1.058214870,0.420407729
3280,0,1.046225174,1.001608158
3281,0,1.879886841,1.210896365
3282,0,1.446686679,1.098349161
3283,0,0.390235607,0.109767281
3284,0,1.014535971,1.002177886
3285,0,1.025151358,1.799313648
3286,0,1.191712213,1.032611952
3287,0,0.330900332,0.089406878
3288,0,0.999999831,0.999516595
3289,0,-0.000000000,0.000000000
3290,0,1.000000000,1.000000000
3291,0,0.302292189,0.080000000
3292,0,1.010784836,1.001785714
3293,0,-0.000000000,0.000000000
3294,0,1.000000000,1.000000000
3295,0,1.021928095,0.400000000
3296,0,1.044208200,1.009090909
3297,0,0.307114252,0.081566298
3298,0,0.999999427,1.000891185
3299,0,1.021928038,0.400000000
3300,0,1.044201203,1.001625380
3301,0,0.307113605,0.081566104
3302,0,1.051531994,1.006329771
3303,0,1.881014998,1.396925361
3304,0,1.447568637,1.963577635
3305,0,1.970959834,2.056097440
3306,0,1.558391126,1.655222601
3307,0,2.031159016,1.325112001
3308,0,0.982934521,1.153506831
3309,0,0.301950880,0.080000000
3310,0,1.011047629,1.003013540
3311,0,-0.000000000,0.000000000
3312,0,1.000000000,1.000000000
3313,0,0.302292189,0.080000000
3314,0,0.999999424,0.999106345
3315,0,0.302292178,0.080000000
3316,0,0.999999404,1.000908828
3317,0,-0.000000000,0.000000000
3318,0,1.000000000,1.000000000
3319,0,1.021928095,2.000000000
3320,0,1.044208200,1.001704545
3321,0,1.033603662,0.406505016
3322,0,1.044868282,1.001846444
3323,0,0.307198258,0.081593565
3324,0,0.999999430,1.000888715
3325,0,0.302292178,0.080000000
3326,0,1.216033595,1.041961880
3327,0,1.100177040,0.444726862
3328,0,1.048944670,1.006858130
3329,0,-0.000000000,0.000000000
3330,0,1.000000000,1.000000000
3331,0,0.302292189,0.080000000
3332,0,0.999999424,1.000893655
3333,0,1.870950422,1.200000000
3334,0,1.115113043,1.028811558
3335,0,1.058327107,0.420462776
3336,0,1.199089542,1.034371898
3337,0,0.332291196,0.089870072
3338,0,0.999999851,1.000454194
3339,0,1.021928080,0.400000000
3340,0,1.190916151,1.032177307
3341,0,1.089147167,2.006037675
3342,0,1.699193392,1.211804482
3343,0,0.474045825,0.140438791
3344,0,0.999995552,1.002483143
3345,0,0.302292100,0.080000000
3346,0,0.999999477,0.999148505
3347,0,1.021928043,0.400000000
3348,0,1.044201515,1.001628906
3349,0,-0.000000000,0.000000000
3350,0,1.000000000,1.000000000
3351,0,1.021928095,1.800000000
3352,0,0.999984960,1.004566210
3353,0,0.302291888,0.080000000
3354,0,1.050617556,1.006354135
3355,0,1.035606365,0.407628479
3356,0,1.194119656,1.033458224
3357,0,1.090507386,0.439037312
3358,0,1.207133065,1.031770965
3359,0,1.917517982,1.977543894
3360,0,1.468116505,1.090882532
3361,0,0.395828884,0.111740856
3362,0,1.068699292,1.006724652
3363,0,0.310375176,0.082626082
3364,0,1.222142366,1.043882973
3365,0,0.336775263,0.091372125
3366,0,1.012248415,1.001139315
3367,0,-0.000000000,0.000000000
3368,0,1.000000000,1.000000000
3369,0,1.870950594,2.000000000
3370,0,1.508326883,1.541666667
3371,0,2.020257248,2.416176471
3372,0,1.291705741,1.183070332
3373,0,-0.000000000,0.000000000
3374,0,1.000000000,1.000000000
3375,0,-0.000000000,0.000000000
3376,0,1.000000000,1.000000000
3377,0,1.500000000,2.000000000
3378,0,2.242595798,1.493333333
3379,0,1.975921004,1.800784537
3380,0,0.996235585,0.927791642
3381,0,1.021551653,0.400000000
3382,0,1.193097585,1.039362827
3383,0,-0.000000000,0.000000000
3384,0,1.000000000,1.000000000
3385,0,1.500000000,2.000000000
3386,0,1.508326883,2.458333333
3387,0,2.498494282,3.216589534
3388,0,2.261689468,2.357512855
3389,0,1.800756226,1.629556529
3390,0,1.106553818,0.863781208
3391,0,-0.000000000,0.000000000
3392,0,1.000000000,1.000000000
3393,0,0.302292189,0.080000000
3394,0,0.999999424,0.999106345
3395,0,0.302292178,0.080000000
3396,0,1.216033429,1.032044814
3397,0,1.619965402,1.040640425
3398,0,0.999943769,0.991170982
3399,0,1.499971885,1.000000000
3400,0,0.999353476,1.029935565
3401,0,1.021863443,0.400000000
3402,0,1.043967397,1.011652254
3403,0,0.307092420,0.081559766
3404,0,1.051503680,1.006543393
3405,0,0.308062962,0.081875482
3406,0,1.011026134,1.000448262
3407,0,1.506375485,1.001346653
3408,0,2.243891097,1.648806697
3409,0,1.853400910,2.129850474
3410,0,0.998593820,1.044144609
3411,0,-0.000000000,0.000000000
3412,0,1.000000000,1.000000000
3413,0,1.021928095,0.400000000
3414,0,0.999984960,0.995433790
3415,0,0.302291888,0.080000000
3416,0,1.010776696,1.001862491
3417,0,1.024226707,0.401276485
3418,0,0.999984941,0.995430987
3419,0,-0.000000000,0.000000000
3420,0,1.000000000,1.000000000
3421,0,-0.000000000,0.000000000
3422,0,1.000000000,1.000000000
3423,0,1.021928095,0.400000000
3424,0,1.044208200,1.009090909
3425,0,-0.000000000,0.000000000
3426,0,1.000000000,1.000000000
3427,0,1.021928095,2.000000000
3428,0,1.190930197,1.032222222
3429,0,1.089151666,0.438252490
3430,0,1.048237665,1.004524964
3431,0,0.307625337,0.081731886
3432,0,1.051652073,1.006289940
3433,0,-0.000000000,0.000000000
3434,0,1.000000000,1.000000000
3435,0,1.021928095,0.400000000
3436,0,1.044208200,1.009090909
3437,0,1.033603662,0.406505016
3438,0,1.665756767,1.147186767
3439,0,1.350559882,0.608115640
3440,0,1.065622434,1.019147953
3441,0,-0.000000000,0.000000000
3442,0,1.000000000,1.000000000
3443,0,0.302292189,0.080000000
3444,0,0.999999424,1.000893655
3445,0,0.302292178,0.080000000
3446,0,1.010783244,1.000319229
3447,0,1.872752015,1.202044771
3448,0,1.115368388,1.028572492
3449,0,1.058419341,0.420514206
3450,0,0.999985553,0.995524707
3451,0,0.302291900,0.080000000
3452,0,1.050618301,1.006355933
3453,0,1.035606561,0.407628573
3454,0,0.999987497,0.995836716
3455,0,0.302291939,0.080000000
3456,0,1.046279076,1.009611280
3457,0,1.051306161,0.412473640
3458,0,1.048961858,1.004760815
3459,0,1.041264498,0.409118033
3460,0,1.174479796,1.049641523
3461,0,1.450797785,1.640078952
3462,0,1.121093078,0.754559129
3463,0,0.778986762,0.369097151
3464,0,0.220746195,0.070782313
3465,0,0.574885769,0.272915128
3466,0,0.264964750,0.090090641
3467,0,0.183720833,0.055789167
3468,0,0.168534350,0.049952108
3469,0,0.165946612,0.048975856
3470,0,1.013995369,1.053852552
3471,0,0.473373391,1.797228244
3472,0,0.705908475,1.615737659
3473,0,0.966188146,0.642240112
3474,0,0.517534756,0.231851306
3475,0,0.729663571,0.407803784
3476,0,-0.000000000,0.000000000
3477,0,-0.000000000,0.000000000
3478,0,-0.000000000,0.000000000
3479,0,0.143726170,0.040816327
3480,0,-0.000000000,0.000000000
3481,0,0.143726170,0.040816327
3482,0,-0.000000000,0.000000000
3483,0,-0.000000000,0.000000000
3484,0,-0.000000000,0.000000000
3485,0,0.503258335,1.777777778
3486,0,0.021519932,0.004158004
3487,0,-0.000000000,0.000000000
3488,0,-0.000000000,0.000000000
3489,0,0.143726170,0.040816327
3490,0,-0.000000000,0.000000000
3491,0,-0.000000000,0.000000000
3492,0,-0.000000000,0.000000000
3493,0,-0.000000000,0.000000000
3494,0,-0.000000000,0.000000000
3495,0,-0.000000000,0.000000000
3496,0,-0.000000000,0.000000000
3497,0,0.985228136,0.857142857
3498,0,-0.000000000,0.000000000
3499,0,0.503258335,0.222222222
3500,0,0.021519932,0.004158004
3501,0,-0.000000000,0.000000000
3502,0,-0.000000000,0.000000000
3503,0,-0.000000000,0.000000000
3504,0,0.143726170,0.040816327
3505,0,0.161893568,0.047457627
3506,0,-0.000000000,0.000000000
3507,0,0.503258335,0.222222222
3508,0,-0.000000000,0.000000000
3509,0,0.143726170,0.040816327
3510,0,0.004850167,0.000757289
3511,0,0.144064358,0.040937481
3512,0,-0.000000000,0.000000000
3513,0,0.143726170,0.040816327
3514,0,0.004850167,0.000757289
3515,0,0.144064358,0.040937481
3516,0,0.004862963,0.000759541
3517,0,0.506290319,0.223277140
3518,0,0.002170198,0.000615262
3519,0,0.505141855,0.223012202
3520,0,0.023340947,0.004904517
3521,0,0.001775824,0.000984450
3522,0,0.008122552,0.005329521
3523,0,0.144030280,0.040950689
3524,0,0.082229858,0.020431889
3525,0,1.065494260,1.028345040
3526,0,0.526934910,0.237061788
3527,0,0.990532502,0.883799222
3528,0,0.897727940,0.347114409
3529,0,1.168066139,0.919926495
3530,0,1.276720604,1.786880178
3531,0,0.683969271,1.757916235
3532,0,0.000204814,0.000045886
3533,0,0.985494759,0.857180362
3534,0,0.550105814,0.254581617
3535,0,0.747585330,0.426261188
3536,0,0.335049493,0.123808237
3537,0,0.198654209,0.061698142
3538,0,-0.000000000,0.000000000
3539,0,0.985228136,1.142857143
3540,0,0.735955550,0.344827586
3541,0,0.462225111,0.134782609
3542,0,0.302660354,0.082066518
3543,0,0.106289017,0.024414955
3544,0,1.606898248,1.201048520
3545,0,0.990370742,0.465231128
3546,0,1.245372564,1.203253320
3547,0,-0.000000000,0.000000000
3548,0,1.000000000,1.000000000
3549,0,0.302292189,0.080000000
3550,0,0.999999424,1.000893655
3551,0,-0.000000000,0.000000000
3552,0,1.000000000,1.000000000
3553,0,0.302292189,0.080000000
3554,0,1.010784836,1.001785714
3555,0,0.303238394,0.080306742
3556,0,1.010823040,1.001788807
3557,0,1.872759752,1.399488151
3558,0,1.115369978,1.028566247
3559,0,1.058419854,0.420514484
3560,0,1.046285865,1.009249076
3561,0,0.307379507,0.081652400
3562,0,1.219663615,1.042956533
3563,0,1.621975183,1.041562730
3564,0,1.198357035,1.031615187
3565,0,1.916110189,1.386594347
3566,0,0.999977855,1.005540636
3567,0,0.302291746,0.080000000
3568,0,1.050609562,1.006334863
3569,0,1.035604265,2.001169623
3570,0,0.999987478,0.995833551
3571,0,0.302291939,0.080000000
3572,0,0.999999329,0.999035605
3573,0,1.021928028,0.400000000
3574,0,1.044200627,1.009173434
3575,0,1.033601841,0.406504144
3576,0,1.044867409,1.009152524
3577,0,-0.000000000,0.000000000
3578,0,1.000000000,1.000000000
3579,0,1.870950594,2.000000000
3580,0,2.101710523,1.842857143
3581,0,1.692014435,1.598907061
3582,0,2.027741867,1.269796659
3583,0,0.644298776,0.209788007
3584,0,1.120661793,1.033348112
3585,0,-0.000000000,0.000000000
3586,0,1.000000000,1.000000000
3587,0,0.302292189,0.080000000
3588,0,1.216063438,1.041991342
3589,0,1.100187131,0.444732109
3590,0,1.048946092,1.006849209
3591,0,0.307715253,1.999775142
3592,0,1.011011477,1.001734879
3593,0,-0.000000000,0.000000000
3594,0,1.000000000,1.000000000
3595,0,-0.000000000,0.000000000
3596,0,1.000000000,1.000000000
3597,0,1.500000000,2.000000000
3598,0,1.633875355,1.161111111
3599,0,1.330420236,0.593455810
3600,0,1.064044027,1.000932885
3601,0,-0.000000000,0.000000000
3602,0,1.000000000,1.000000000
3603,0,-0.000000000,0.000000000
3604,0,1.000000000,1.000000000
3605,0,1.500000000,1.000000000
3606,0,0.999525689,1.025641026
3607,0,-0.000000000,0.000000000
3608,0,1.000000000,1.000000000
3609,0,0.302292189,0.080000000
3610,0,1.010784836,1.000334821
3611,0,1.872752561,1.202045054
3612,0,1.115368889,1.005449796
3613,0,-0.000000000,0.000000000
3614,0,1.000000000,1.000000000
3615,0,1.870950594,2.000000000
3616,0,1.442705945,1.093333333
3617,0,-0.000000000,0.000000000
3618,0,1.000000000,1.000000000
3619,0,0.302292189,0.080000000
3620,0,1.010784836,1.001785714
3621,0,1.024228392,1.799495303
3622,0,0.999984993,0.995438855
3623,0,0.302291889,0.080000000
3624,0,1.010776705,1.001862406
3625,0,-0.000000000,0.000000000
3626,0,1.000000000,1.000000000
3627,0,0.302292189,0.080000000
3628,0,1.050654972,1.006444444
3629,0,-0.000000000,0.000000000
3630,0,1.000000000,1.000000000
3631,0,-0.000000000,0.000000000
3632,0,1.000000000,1.000000000
3633,0,-0.000000000,0.000000000
3634,0,1.000000000,1.000000000
3635,0,-0.000000000,0.000000000
3636,0,1.000000000,1.000000000
3637,0,-0.000000000,0.000000000
3638,0,1.000000000,1.000000000
3639,0,-0.000000000,0.000000000
3640,0,1.000000000,1.000000000
3641,0,1.021928095,0.400000000
3642,0,1.044208200,1.001704545
3643,0,1.033603662,0.406505016
3644,0,1.193539062,1.031538786
3645,0,-0.000000000,0.000000000
3646,0,1.000000000,1.000000000
3647,0,1.021928095,0.400000000
3648,0,0.999984960,1.004566210
3649,0,-0.000000000,0.000000000
3650,0,1.000000000,1.000000000
3651,0,0.302292189,0.080000000
3652,0,1.216063438,1.032034632
3653,0,-0.000000000,0.000000000
3654,0,1.000000000,1.000000000
3655,0,-0.000000000,0.000000000
3656,0,1.000000000,1.000000000
3657,0,0.302292189,0.080000000
3658,0,1.050654972,1.006222222
3659,0,-0.000000000,0.000000000
3660,0,1.000000000,1.000000000
3661,0,1.021928095,0.400000000
3662,0,1.044208200,1.009090909
3663,0,1.033603662,0.406505016
3664,0,0.999985129,0.995459598
3665,0,0.302291892,0.080000000
3666,0,0.999999320,1.000970745
3667,0,-0.000000000,0.000000000
3668,0,1.000000000,1.000000000
3669,0,1.870950594,1.200000000
3670,0,0.999848483,0.985507246
3671,0,1.021912943,0.400000000
3672,0,0.999975539,1.005823187
3673,0,0.302291700,0.080000000
3674,0,0.999999289,1.000992524
3675,0,-0.000000000,0.000000000
3676,0,1.000000000,1.000000000
3677,0,0.302292189,0.080000000
3678,0,0.999999424,0.999106345
3679,0,0.302292178,0.080000000
3680,0,1.010783244,1.000319229
3681,0,0.303238269,0.080306705
3682,0,1.050826980,1.006475412
3683,0,-0.000000000,0.000000000
3684,0,1.000000000,1.000000000
3685,0,-0.000000000,0.000000000
3686,0,1.000000000,1.000000000
3687,0,1.500000000,1.000000000
3688,0,1.633875355,1.155555556
3689,0,-0.000000000,0.000000000
3690,0,1.000000000,1.000000000
3691,0,-0.000000000,0.000000000
3692,0,1.000000000,1.000000000
3693,0,-0.000000000,0.000000000
3694,0,1.000000000,1.000000000
3695,0,1.021928095,0.400000000
3696,0,1.044208200,1.009090909
3697,0,0.307114252,1.959353725
3698,0,1.010979715,1.000363770
3699,0,0.303257717,0.080312992
3700,0,0.999999425,0.999107315
3701,0,1.499999713,1.999107315
3702,0,0.999509484,0.973924673
3703,0,1.021879043,0.400000000
3704,0,0.999966373,1.006827640
3705,0,0.302291517,0.080000000
3706,0,1.010772658,1.001900515
3707,0,0.303237439,0.080306458
3708,0,1.010822756,1.000338116
3709,0,1.872759660,2.000232025
3710,0,0.999849301,0.985546445
3711,0,0.302289175,0.080000000
3712,0,1.010759007,1.000082636
3713,0,1.872743714,1.399485492
3714,0,1.115360784,1.005369427
3715,0,1.895575178,1.232052176
3716,0,1.118785737,1.028507506
3717,0,1.059698477,0.421232292
3718,0,1.199465368,1.034664030
3719,0,1.092825021,0.440385911
3720,0,0.999996382,1.002239645
3721,0,1.021927733,0.400000000
3722,0,1.190860882,1.032000746
3723,0,1.913402749,1.385395015
3724,0,0.999958181,1.007613993
3725,0,1.870938049,1.200000000
3726,0,1.114940058,1.003231277
3727,0,-0.000000000,0.000000000
3728,0,1.000000000,1.000000000
3729,0,1.870950594,1.200000000
3730,0,0.999848483,0.985507246
3731,0,-0.000000000,0.000000000
3732,0,1.000000000,1.000000000
3733,0,1.870950594,1.400000000
3734,0,1.115135655,1.028571429
3735,0,0.317490439,0.084962493
3736,0,1.011400571,1.000426557
3737,0,1.024377542,1.799464479
3738,0,1.044347059,1.009094441
3739,0,0.307131877,0.081572017
3740,0,1.219474300,1.032651779
3741,0,1.101703655,0.445621116
3742,0,1.707002164,1.157905817
3743,0,-0.000000000,0.000000000
3744,0,1.000000000,1.000000000
3745,0,1.021928095,0.400000000
3746,0,1.190930197,1.031111111
3747,0,1.913428813,1.258468394
3748,0,0.999959289,0.992487528
3749,0,0.302291375,0.080000000
3750,0,1.050593377,1.006295864
3751,0,-0.000000000,0.000000000
3752,0,1.000000000,1.000000000
3753,0,1.870950594,1.400000000
3754,0,2.101710523,1.728571429
3755,0,1.692014435,1.598907061
3756,0,0.999404745,1.028724297
3757,0,1.021868569,0.400000000
3758,0,1.044428096,1.006632657
3759,0,0.307134958,0.081572568
3760,0,0.999999489,1.000841678
3761,0,1.870950441,1.400000000
3762,0,1.115114361,1.028797591
3763,0,0.317488425,0.084961871
3764,0,1.053422963,1.006945777
3765,0,1.881437798,1.396815843
3766,0,0.999879821,0.987092661
3767,0,1.870914541,1.992255597
3768,0,1.114800149,1.001753575
3769,0,-0.000000000,0.000000000
3770,0,1.000000000,1.000000000
3771,0,1.021928095,0.400000000
3772,0,1.044208200,1.001704545
3773,0,1.033603662,0.406505016
3774,0,1.044868282,1.009144184
3775,0,1.033806725,0.406617882
3776,0,1.044880941,1.001861603
3777,0,0.307199831,0.081594073
3778,0,1.010983477,1.000367082
3779,0,1.872790024,1.202087556
3780,0,2.102671961,1.352912726
3781,0,1.692784229,1.909191905
3782,0,1.094488191,0.982678518
3783,0,-0.000000000,0.000000000
3784,0,1.000000000,1.000000000
3785,0,0.302292189,0.080000000
3786,0,1.010784836,1.001785714
3787,0,1.506220607,1.999734453
3788,0,0.999529813,1.025529324
3789,0,0.302282785,0.080000000
3790,0,1.010739087,1.002214960
3791,0,0.303234821,0.080305679
3792,0,1.216710609,1.042149915
3793,0,1.919510616,1.268076856
3794,0,1.123528570,1.020650770
3795,0,0.318783270,0.085384602
3796,0,1.053772545,1.006376331
3797,0,1.036600840,0.408179847
3798,0,0.999988099,1.004061850
3799,0,-0.000000000,0.000000000
3800,0,1.000000000,1.000000000
3801,0,-0.000000000,0.000000000
3802,0,1.000000000,1.000000000
3803,0,1.021928095,0.400000000
3804,0,1.044208200,1.001704545
3805,0,1.033603662,0.406505016
3806,0,1.044868282,1.009144184
3807,0,-0.000000000,0.000000000
3808,0,1.000000000,1.000000000
3809,0,-0.000000000,0.000000000
3810,0,1.000000000,1.000000000
3811,0,0.302292189,0.080000000
3812,0,1.216063438,1.041991342
3813,0,1.100187131,0.444732109
3814,0,1.209543962,1.031619762
3815,0,1.097130836,0.442883896
3816,0,1.208912736,1.039999859
3817,0,1.917989821,2.025885974
3818,0,0.999983828,0.995265185
3819,0,0.302291866,0.080000000
3820,0,0.999999316,1.000974045
3821,0,-0.000000000,0.000000000
3822,0,1.000000000,1.000000000
3823,0,1.021928095,0.400000000
3824,0,1.659062487,1.145098039
3825,0,1.346252956,0.605008431
3826,0,1.065303413,1.018770190
3827,0,-0.000000000,0.000000000
3828,0,1.000000000,1.000000000
3829,0,1.021928095,0.400000000
3830,0,1.044208200,1.001704545
3831,0,-0.000000000,0.000000000
3832,0,1.000000000,1.000000000
3833,0,1.021928095,0.400000000
3834,0,1.044208200,1.009090909
3835,0,0.307114252,0.081566298
3836,0,1.051532863,1.006604395
3837,0,1.035893888,0.407787975
3838,0,1.045034250,1.002283480
3839,0,1.879634249,2.001567040
3840,0,1.512554198,1.547376603
3841,0,2.021758043,2.420803080
3842,0,2.359739839,1.973492159
3843,0,2.170856481,1.505401087
3844,0,1.396495547,1.315138998
3845,0,-0.000000000,0.000000000
3846,0,1.000000000,1.000000000
3847,0,-0.000000000,0.000000000
3848,0,1.000000000,1.000000000
3849,0,1.021928095,0.400000000
3850,0,1.044208200,1.009090909
3851,0,-0.000000000,0.000000000
3852,0,1.000000000,1.000000000
3853,0,1.870950594,1.200000000
3854,0,0.999848483,0.985507246
3855,0,-0.000000000,0.000000000
3856,0,1.000000000,1.000000000
3857,0,1.021928095,2.000000000
3858,0,1.044208200,1.009090909
3859,0,1.033603662,0.406505016
3860,0,1.665756767,1.193353521
3861,0,-0.000000000,0.000000000
3862,0,1.000000000,1.000000000
3863,0,1.870950594,2.000000000
3864,0,1.115135655,1.028571429
3865,0,-0.000000000,0.000000000
3866,0,1.000000000,1.000000000
3867,0,0.302292189,0.080000000
3868,0,1.010784836,1.000334821
3869,0,1.024228392,1.799495303
3870,0,1.191443368,1.032358167
3871,0,1.089371690,0.438380164
3872,0,0.999995624,1.002463086
3873,0,1.499997812,2.002463086
3874,0,0.999480317,1.026839296
3875,0,1.021876127,0.400000000
3876,0,0.999965717,1.006893889
3877,0,0.302291503,0.080000000
3878,0,1.050598456,1.006308099
3879,0,-0.000000000,0.000000000
3880,0,1.000000000,1.000000000
3881,0,1.500000000,1.000000000
3882,0,1.633875355,1.155555556
3883,0,2.288386350,1.357230840
3884,0,0.999619349,0.977029425
3885,0,-0.000000000,0.000000000
3886,0,1.000000000,1.000000000
3887,0,1.021928095,0.400000000
3888,0,0.999984960,1.004566210
3889,0,0.302291888,0.080000000
3890,0,1.010776696,1.001862491
3891,0,1.506208431,1.999825102
3892,0,2.243823249,1.494184452
3893,0,-0.000000000,0.000000000
3894,0,1.000000000,1.000000000
3895,0,0.302292189,0.080000000
3896,0,0.999999424,0.999106345
3897,0,-0.000000000,0.000000000
3898,0,1.000000000,1.000000000
3899,0,1.021928095,0.400000000
3900,0,1.044208200,1.001704545
3901,0,1.033603662,0.406505016
3902,0,1.044868282,1.009144184
3903,0,0.307198258,0.081593565
3904,0,0.999999430,0.999111285
3905,0,-0.000000000,0.000000000
3906,0,1.000000000,1.000000000
3907,0,0.302292189,0.080000000
3908,0,1.216063438,1.032034632
3909,0,1.962371119,1.399353822
3910,0,1.518281150,1.145551774
3911,0,1.275816041,0.558379030
3912,0,1.045309204,1.024886455
3913,0,1.070015142,0.442428735
3914,0,1.203492024,1.036682319
3915,0,0.014362677,0.010420817
3916,0,1.013715621,1.011433952
3917,0,0.309067302,0.084509964
3918,0,1.051224912,1.006706484
3919,0,0.000664979,0.000332557
3920,0,1.000644330,1.000281749
3921,0,1.871576657,2.000197584
3922,0,1.442761113,1.093347966
3923,0,0.389187388,0.109399535
3924,0,1.067203214,1.007075599
3925,0,1.884663464,1.992876332
3926,0,1.449638315,1.092203865
3927,0,0.390947736,0.110017992
3928,0,1.067603225,1.011114158
3929,0,0.310227159,0.082578315
3930,0,1.011124700,1.001639517
3931,0,0.303271757,0.080317497
3932,0,0.999999430,0.999111102
3933,0,1.870950423,1.400000000
3934,0,0.999843326,0.985262667
3935,0,-0.000000000,0.000000000
3936,0,1.000000000,1.000000000
3937,0,-0.000000000,0.000000000
3938,0,1.000000000,1.000000000
3939,0,0.302292189,0.080000000
3940,0,0.999999424,1.000893655
3941,0,1.021928037,0.400000000
3942,0,0.999984445,1.004643723
3943,0,1.021926539,0.400000000
3944,0,1.044171624,1.009488273
3945,0,1.879433710,1.210338176
3946,0,1.446456001,1.098169181
3947,0,-0.000000000,0.000000000
3948,0,1.000000000,1.000000000
3949,0,0.302292189,0.080000000
3950,0,1.010784836,1.001785714
3951,0,0.303238394,0.080306742
3952,0,1.010823040,1.000340490
3953,0,0.303242178,0.080307966
3954,0,1.010823204,1.000340609
3955,0,1.024237648,2.000054648
3956,0,1.044338495,1.001733012
3957,0,0.307130812,0.081571673
3958,0,1.010980439,1.000364372
3959,0,0.303257788,0.080313014
3960,0,1.050830928,1.006476986
3961,0,0.307973918,0.081846473
3962,0,0.999999522,0.999185606
3963,0,1.021928047,0.400000000
3964,0,1.044201806,1.009160598
3965,0,1.037374381,0.407497696
3966,0,1.173742073,1.054966647
3967,0,1.146398320,0.464960508
3968,0,1.305247202,1.067156349
3969,0,1.063656939,0.667067362
3970,0,0.707633749,0.282145445
3971,0,1.255014794,0.583615792
3972,0,1.348319376,1.359044113
3973,0,1.008523335,1.668808216
3974,0,0.361644106,2.036762418
3975,0,1.759252098,1.465046525
3976,0,1.593771072,1.108691495
3977,0,1.488959732,1.422040910
3978,0,1.446974973,2.112057356
3979,0,1.426313013,3.156380009
3980,0,1.311664613,4.100171915
3981,0,0.530962829,7.330536372
3982,0,1.146903411,1.077281769
3983,0,0.187022367,0.171247106
3984,0,1.172844772,1.193445805
3985,0,1.198745163,0.603031074
3986,0,1.181520363,1.235028609
3987,0,1.097925027,0.475773373
3988,0,1.079938326,1.084764379
3989,0,0.077258436,0.094699544
3990,0,1.010953277,1.009550347
3991,0,1.871754356,1.200401281
3992,0,0.999973505,0.985557242
3993,0,0.302335521,0.080015661
3994,0,1.045959466,1.009704399
3995,0,0.345059619,0.098338787
3996,0,1.079841819,1.015728429
3997,0,0.897394458,0.562757115
3998,0,1.393360462,1.045025315
3999,0,1.373943836,0.623568718
4000,0,1.305926053,1.023391052
4001,0,1.609957798,0.844851351
4002,0,1.551795949,1.155910992
4003,0,1.160903944,0.811146376
4004,0,1.610699188,1.557798379
4005,0,2.054506052,1.847046104
4006,0,1.583878776,1.360773803
4007,0,1.667376876,1.705286688
4008,0,1.601009311,3.529911903
4009,0,1.831165802,1.235974435
4010,0,1.269856474,0.670036642
4011,0,2.043225372,1.420793477
4012,0,1.608160078,0.978414654
4013,0,2.167111317,1.362327382
4014,0,2.114126791,1.723504846
4015,0,2.139684443,2.146942153
4016,0,2.200448650,1.476936865
4017,0,1.864741897,2.298122366
4018,0,2.246790246,1.762341424
4019,0,1.891733222,1.223713828
4020,0,1.626698318,1.248678325
4021,0,2.116246687,1.523344516
4022,0,2.277922965,1.768745893
4023,0,1.565805624,2.263678361
4024,0,1.423772706,1.117844477
4025,0,1.138329346,1.175717589
4026,0,1.247726668,1.389779069
4027,0,0.918570239,1.459659028
4028,0,-0.000000000,0.000000000
4029,0,0.503258335,1.777777778
4030,0,0.721928095,1.600000000
4031,0,0.845350937,1.454545455
4032,0,0.892994822,0.517374517
4033,0,0.927158740,1.315068493
4034,0,-0.000000000,0.000000000
4035,0,0.503258335,0.222222222
4036,0,-0.000000000,0.000000000
4037,0,0.503258335,0.222222222
4038,0,0.386030597,0.121739130
4039,0,1.032423384,1.076010782
4040,0,0.996485990,1.069767442
4041,0,0.989434022,1.120879121
4042,0,0.336394986,0.124542125
4043,0,-0.000000000,0.000000000
4044,0,-0.000000000,0.000000000
4045,0,-0.000000000,0.000000000
4046,0,-0.000000000,0.000000000
4047,0,-0.000000000,0.000000000
4048,0,0.143726170,0.040816327
4049,0,0.549910905,0.254545455
4050,0,0.107140664,0.028282828
4051,0,0.156326381,0.045393858
4052,0,-0.000000000,0.000000000
4053,0,0.143726170,0.040816327
4054,0,0.023187512,0.004535147
4055,0,0.145750730,0.041543027
4056,0,-0.000000000,0.000000000
4057,0,0.503258335,0.222222222
4058,0,-0.000000000,0.000000000
4059,0,0.503258335,0.222222222
4060,0,0.021519932,0.004158004
4061,0,0.145582434,0.041482489
4062,0,-0.000000000,0.000000000
4063,0,-0.000000000,0.000000000
4064,0,-0.000000000,0.000000000
4065,0,0.985228136,1.142857143
4066,0,-0.000000000,0.000000000
4067,0,0.143726170,0.040816327
4068,0,0.023187512,0.004535147
4069,0,0.145750730,0.041543027
4070,0,0.004926853,0.000770798
4071,0,0.985968778,0.858737973
4072,0,0.069185142,0.016566798
4073,0,0.151113835,0.043484403
4074,0,-0.000000000,0.000000000
4075,0,-0.000000000,0.000000000
4076,0,-0.000000000,0.000000000
4077,0,-0.000000000,0.000000000
4078,0,-0.000000000,0.000000000
4079,0,-0.000000000,0.000000000
4080,0,-0.000000000,0.000000000
4081,0,-0.000000000,0.000000000
4082,0,-0.000000000,0.000000000
4083,0,0.143726170,0.040816327
4084,0,0.023187512,0.004535147
4085,0,-0.000000000,0.000000000
4086,0,-0.000000000,0.000000000
4087,0,-0.000000000,0.000000000
4088,0,-0.000000000,0.000000000
4089,0,0.503258335,0.222222222
4090,0,0.021519932,0.004158004
4091,0,0.508167846,0.225508318
4092,0,-0.000000000,0.000000000
4093,0,-0.000000000,0.000000000
4094,0,-0.000000000,0.000000000
4095,0,0.503258335,0.222222222
4096,0,0.021519932,0.004158004
4097,0,0.145582434,0.041482489
4098,0,-0.000000000,0.000000000
4099,0,0.143726170,0.040816327
4100,0,0.004850167,0.000757289
4101,0,0.144064358,0.040937481
4102,0,0.103144358,0.026984796
4103,0,-0.000000000,0.000000000
4104,0,-0.000000000,0.000000000
4105,0,-0.000000000,0.000000000
4106,0,-0.000000000,0.000000000
4107,0,0.503258335,0.222222222
4108,0,0.021519932,0.004158004
4109,0,0.988808991,0.865711331
4110,0,-0.000000000,0.000000000
4111,0,-0.000000000,0.000000000
4112,0,0.143726170,0.040816327
4113,0,0.161893568,0.047457627
4114,0,0.005545087,0.000880780
4115,0,0.144119502,0.040957245
4116,0,0.023256240,0.004550805
4117,0,0.145757717,0.041545540
4118,0,0.004927118,0.000770845
4119,0,0.144070412,0.040939650
4120,0,0.004863193,0.000759581
4121,0,0.504157960,0.222822411
4122,0,0.096181134,0.024758046
4123,0,1.002496305,0.906887893
4124,0,0.073114956,0.017713465
4125,0,0.998306372,0.893040201
4126,0,-0.000000000,0.000000000
4127,0,0.143726170,0.040816327
4128,0,-0.000000000,0.000000000
4129,0,-0.000000000,0.000000000
4130,0,-0.000000000,0.000000000
4131,0,-0.000000000,0.000000000
4132,0,-0.000000000,0.000000000
4133,0,-0.000000000,0.000000000
4134,0,-0.000000000,0.000000000
4135,0,0.503258335,0.222222222
4136,0,0.021519932,0.004158004
4137,0,0.508167846,0.225508318
4138,0,-0.000000000,0.000000000
4139,0,0.503258335,0.222222222
4140,0,-0.000000000,0.000000000
4141,0,0.503258335,0.222222222
4142,0,0.095970403,0.024691358
4143,0,1.002458636,1.096663815
4144,0,0.802560594,1.513343942
4145,0,0.363237832,1.861436349
4146,0,-0.000000000,0.000000000
4147,0,0.503258335,0.222222222
4148,0,0.095970403,0.024691358
4149,0,0.162624268,0.047594808
4150,0,0.016212966,0.004586142
4151,0,0.146201442,0.041844697
4152,0,0.023541249,0.004616673
4153,0,0.024742689,0.009707871
4154,0,-0.000000000,0.000000000
4155,0,0.143726170,0.040816327
4156,0,-0.000000000,0.000000000
4157,0,0.143726170,0.040816327
4158,0,0.963514488,0.429090909
4159,0,0.957013903,1.435672020
4160,0,0.848442527,0.549848943
4161,0,-0.000000000,0.000000000
4162,0,0.143726170,0.040816327
4163,0,1.010576317,0.937586685
4164,0,0.591672779,0.285714286
4165,0,0.270718086,0.092715232
4166,0,-0.000000000,0.000000000
4167,0,0.503258335,0.222222222
4168,0,1.019386443,1.217391304
4169,0,1.156091989,1.314285714
4170,0,0.979359469,1.477987013
4171,0,1.361207540,0.640029147
4172,0,1.917390274,1.362616479
4173,0,1.572047329,1.005175979
4174,0,1.019735234,0.580678322
4175,0,1.060116011,0.432580860
4176,0,1.049936417,1.051937549
4177,0,1.035487524,2.011773486
4178,0,1.195749025,1.038713260
4179,0,1.914843113,2.025689335
4180,0,1.122723174,1.016921039
4181,0,-0.000000000,0.000000000
4182,0,1.000000000,1.000000000
4183,0,0.302292189,2.000000000
4184,0,1.010784836,1.000334821
4185,0,-0.000000000,0.000000000
4186,0,1.000000000,1.000000000
4187,0,1.021928095,0.400000000
4188,0,0.999984960,0.995433790
4189,0,1.870946082,1.200000000
4190,0,1.442365746,1.095312024
4191,0,0.389119410,0.109375341
4192,0,1.067161309,1.007110653
4193,0,1.040960765,0.410607536
4194,0,0.999990222,0.996318346
4195,0,1.499995111,1.000000000
4196,0,2.242113956,1.778546617
4197,0,1.852631071,2.127117234
4198,0,1.113808901,1.063299145
4199,0,1.057656315,0.420110215
4200,0,1.201068583,1.027009786
4201,0,0.332556780,0.089954825
4202,0,0.999999955,0.999750431
4203,0,1.499999978,1.000000000
4204,0,1.633847363,1.155655383
4205,0,2.002819082,1.448395073
4206,0,1.534430681,1.162860653
4207,0,-0.000000000,0.000000000
4208,0,1.000000000,1.000000000
4209,0,1.021928095,0.400000000
4210,0,0.999984960,1.004566210
4211,0,0.302291888,0.080000000
4212,0,1.010776696,1.001862491
4213,0,1.024226707,0.401276485
4214,0,1.044337116,1.009109118
4215,0,-0.000000000,0.000000000
4216,0,1.000000000,1.000000000
4217,0,1.500000000,1.000000000
4218,0,1.633875355,1.161111111
4219,0,-0.000000000,0.000000000
4220,0,1.000000000,1.000000000
4221,0,-0.000000000,0.000000000
4222,0,1.000000000,1.000000000
4223,0,-0.000000000,0.000000000
4224,0,1.000000000,1.000000000
4225,0,1.870950594,2.000000000
4226,0,1.115135655,1.005357143
4227,0,1.058332487,0.420465473
4228,0,0.999985490,1.004484935
4229,0,-0.000000000,0.000000000
4230,0,1.000000000,1.000000000
4231,0,1.500000000,2.000000000
4232,0,2.242595798,1.493333333
4233,0,-0.000000000,0.000000000
4234,0,1.000000000,1.000000000
4235,0,0.302292189,0.080000000
4236,0,1.216063438,1.032034632
4237,0,1.620006358,1.040668538
4238,0,1.198011690,1.031044592
4239,0,-0.000000000,0.000000000
4240,0,1.000000000,1.000000000
4241,0,1.500000000,1.000000000
4242,0,0.999525689,1.025641026
4243,0,1.870808301,2.015384615
4244,0,2.098348818,1.731540342
4245,0,1.921155330,1.830018105
4246,0,1.835729646,1.152066773
4247,0,-0.000000000,0.000000000
4248,0,1.000000000,1.000000000
4249,0,0.302292189,0.080000000
4250,0,1.050654972,1.006444444
4251,0,-0.000000000,0.000000000
4252,0,1.000000000,1.000000000
4253,0,0.302292189,0.080000000
4254,0,1.010784836,1.000334821
4255,0,0.303238394,0.080306742
4256,0,1.010823040,1.001788807
4257,0,0.303242178,0.080307966
4258,0,1.010823204,1.001788727
4259,0,0.303242194,0.080307971
4260,0,1.050827891,1.006476008
4261,0,0.307973526,0.081846346
4262,0,0.999999522,1.000814416
4263,0,-0.000000000,0.000000000
4264,0,1.000000000,1.000000000
4265,0,-0.000000000,0.000000000
4266,0,1.000000000,1.000000000
4267,0,1.021928095,0.400000000
4268,0,1.044208200,1.001704545
4269,0,0.307114252,0.081566298
4270,0,1.010979715,1.001801506
4271,0,1.024275460,1.799485576
4272,0,0.999985010,0.995441392
4273,0,-0.000000000,0.000000000
4274,0,1.000000000,1.000000000
4275,0,1.021928095,0.400000000
4276,0,0.999984960,0.995433790
4277,0,1.870946082,1.200000000
4278,0,0.999821074,1.015749074
4279,0,-0.000000000,0.000000000
4280,0,1.000000000,1.000000000
4281,0,1.500000000,2.000000000
4282,0,0.999525689,0.974358974
4283,0,1.021880664,0.400000000
4284,0,1.190129033,1.033162393
4285,0,1.088896410,0.438118986
4286,0,0.999994107,1.002858320
4287,0,1.021927506,0.400000000
4288,0,1.044185721,1.001450637
4289,0,-0.000000000,0.000000000
4290,0,1.000000000,1.000000000
4291,0,-0.000000000,0.000000000
4292,0,1.000000000,1.000000000
4293,0,1.500000000,1.000000000
4294,0,2.242595798,1.646666667
4295,0,1.852646566,1.123402380
4296,0,0.998630922,0.956441484
4297,0,1.021791187,0.400000000
4298,0,1.192253231,1.027626430
4299,0,1.089579288,0.438479303
4300,0,1.700113050,1.155760599
4301,0,2.010888977,1.479048858
4302,0,1.547075167,1.181734498
4303,0,-0.000000000,0.000000000
4304,0,1.000000000,1.000000000
4305,0,1.021928095,0.400000000
4306,0,0.999984960,0.995433790
4307,0,0.302291888,0.080000000
4308,0,1.050617556,1.006295282
4309,0,0.307947095,1.999763827
4310,0,1.051719665,1.006277806
4311,0,1.881062851,1.396924463
4312,0,1.447602374,1.093065651
4313,0,-0.000000000,0.000000000
4314,0,1.000000000,1.000000000
4315,0,0.302292189,0.080000000
4316,0,1.010784836,1.000334821
4317,0,-0.000000000,0.000000000
4318,0,1.000000000,1.000000000
4319,0,1.500000000,1.000000000
4320,0,0.999525689,1.025641026
4321,0,1.021880664,0.400000000
4322,0,1.044002673,0.999427018
4323,0,-0.000000000,0.000000000
4324,0,1.000000000,1.000000000
4325,0,1.870950594,2.000000000
4326,0,0.999848483,1.014492754
4327,0,1.021912943,2.002898551
4328,0,0.999975539,1.005823187
4329,0,1.021925649,2.001164637
4330,0,1.190749710,1.978947121
4331,0,1.880291689,1.975213145
4332,0,2.328039801,1.527065666
4333,0,1.138883463,1.899707520
4334,0,0.998990295,0.962591147
4335,0,0.302271995,0.080000000
4336,0,1.010850811,1.000987555
4337,0,1.024242152,0.401283759
4338,0,0.999985414,1.004496676
4339,0,1.870946219,1.400000000
4340,0,1.115020946,1.004101601
4341,0,1.058305304,0.420451903
4342,0,1.046267088,1.002023691
4343,0,0.307377528,0.081651784
4344,0,1.010990949,1.000370677
4345,0,1.506347365,1.001337973
4346,0,1.181435808,1.049956499
4347,0,0.329067152,0.088792394
4348,0,1.011873455,1.001866476
4349,0,0.303346989,0.080341864
4350,0,1.050848358,1.006482709
4351,0,-0.000000000,0.000000000
4352,0,1.000000000,1.000000000
4353,0,0.302292189,0.080000000
4354,0,1.010784836,1.000334821
4355,0,-0.000000000,0.000000000
4356,0,1.000000000,1.000000000
4357,0,0.302292189,0.080000000
4358,0,0.999999424,1.000893655
4359,0,1.499999712,1.000000000
4360,0,2.242479404,1.646246425
4361,0,0.941805891,0.351965404
4362,0,0.999881099,0.987161499
4363,0,0.302289811,0.080000000
4364,0,1.050759799,1.006698361
4365,0,1.880860304,2.004270292
4366,0,1.447513479,1.100035352
4367,0,-0.000000000,0.000000000
4368,0,1.000000000,1.000000000
4369,0,0.302292189,0.080000000
4370,0,1.216063438,1.032034632
4371,0,1.919354858,1.267833243
4372,0,1.469221152,1.091165427
4373,0,1.975531197,1.936162813
4374,0,1.136280413,1.005413053
4375,0,0.320825050,0.086055882
4376,0,1.011604838,1.001216051
4377,0,1.024425087,0.401384777
4378,0,1.044355810,1.001810936
4379,0,1.879480294,1.397412928
4380,0,1.116322618,1.028521430
4381,0,1.058775181,0.420713829
4382,0,0.999985842,0.995569811
4383,0,1.021926679,0.400000000
4384,0,0.999982322,0.995049536
4385,0,1.021926327,0.400000000
4386,0,1.044169198,1.001264793
4387,0,0.307110659,1.959353585
4388,0,1.010978662,1.001809939
4389,0,-0.000000000,0.000000000
4390,0,1.000000000,1.000000000
4391,0,1.021928095,0.400000000
4392,0,1.190930197,1.032222222
4393,0,1.089151666,0.438252490
4394,0,1.048237665,1.007493312
4395,0,0.307625337,0.081731886
4396,0,1.051652073,1.006289940
4397,0,-0.000000000,0.000000000
4398,0,1.000000000,1.000000000
4399,0,0.302292189,0.080000000
4400,0,0.999999424,0.999106345
4401,0,0.302292178,0.080000000
4402,0,1.010783244,1.000319229
4403,0,-0.000000000,0.000000000
4404,0,1.000000000,1.000000000
4405,0,1.500000000,1.000000000
4406,0,1.633875355,1.161111111
4407,0,-0.000000000,0.000000000
4408,0,1.000000000,1.000000000
4409,0,0.302292189,0.080000000
4410,0,0.999999424,1.000893655
4411,0,0.302292178,0.080000000
4412,0,1.010783244,1.000319229
4413,0,1.872752015,1.399489572
4414,0,0.999849181,1.014459353
4415,0,1.021913013,0.400000000
4416,0,0.999975564,1.005820290
4417,0,1.021925651,0.400000000
4418,0,0.999981450,1.005071032
4419,0,1.499990725,2.005071032
4420,0,0.999430022,1.028107874
4421,0,1.021871097,0.400000000
4422,0,1.190051077,1.033359741
4423,0,1.088871714,0.438106142
4424,0,1.048183456,1.007904809
4425,0,1.034826600,1.999178085
4426,0,1.044958289,3.001756816
4427,0,1.879615471,1.998925105
4428,0,1.116349352,1.028440057
4429,0,-0.000000000,0.000000000
4430,0,1.000000000,1.000000000
4431,0,0.302292189,0.080000000
4432,0,1.050654972,1.006444444
4433,0,1.035616201,0.407633189
4434,0,1.045017245,1.002266287
4435,0,-0.000000000,0.000000000
4436,0,1.000000000,1.000000000
4437,0,0.302292189,0.080000000
4438,0,1.010784836,1.001785714
4439,0,0.303238394,0.080306742
4440,0,1.010823040,1.001788807
4441,0,-0.000000000,0.000000000
4442,0,1.000000000,1.000000000
4443,0,-0.000000000,0.000000000
4444,0,1.000000000,1.000000000
4445,0,1.500000000,2.000000000
4446,0,0.999525689,1.025641026
4447,0,-0.000000000,0.000000000
4448,0,1.000000000,1.000000000
4449,0,0.302292189,0.080000000
4450,0,0.999999424,0.999106345
4451,0,0.302292178,0.080000000
4452,0,0.999999404,0.999091172
4453,0,-0.000000000,0.000000000
4454,0,1.000000000,1.000000000
4455,0,0.302292189,0.080000000
4456,0,1.050654972,1.006444444
4457,0,0.307950877,0.081838984
4458,0,0.999999521,0.999185048
4459,0,1.021928047,0.400000000
4460,0,0.999984490,1.004636896
4461,0,1.021926544,0.400000000
4462,0,1.190786548,1.031763685
4463,0,0.330738843,0.089353589
4464,0,0.999999815,0.999493350
4465,0,-0.000000000,0.000000000
4466,0,1.000000000,1.000000000
4467,0,0.302292189,0.080000000
4468,0,0.999999424,0.999106345
4469,0,0.302292178,0.080000000
4470,0,1.216033429,1.041961716
4471,0,0.335600053,0.090979990
4472,0,1.056989690,1.008178608
4473,0,0.308783939,0.082109299
4474,0,1.011059288,1.000489467
4475,0,1.506399347,2.001164253
4476,0,0.999532954,0.974556068
4477,0,0.302282848,0.080000000
4478,0,1.050445589,1.006629325
4479,0,0.307929791,0.081832637
4480,0,0.999999503,1.000829789
4481,0,-0.000000000,0.000000000
4482,0,1.000000000,1.000000000
4483,0,0.302292189,0.080000000
4484,0,1.078705002,1.008423586
4485,0,0.314864041,0.084170364
4486,0,1.089159181,1.015585001
4487,0,-0.000000000,0.000000000
4488,0,1.000000000,1.000000000
4489,0,0.302292189,0.080000000
4490,0,1.216063438,1.041991342
4491,0,0.336247836,0.091184843
4492,0,1.012232373,1.001173653
4493,0,1.872934959,1.202373114
4494,0,1.443637584,1.093233353
4495,0,1.218968963,0.517727819
4496,0,1.331882378,1.047390913
4497,0,1.610858560,1.462358443
4498,0,0.952143966,0.743863935
4499,0,0.301335068,0.080000000
4500,0,1.010298407,0.995866568
4501,0,-0.000000000,0.000000000
4502,0,1.000000000,1.000000000
4503,0,-0.000000000,0.000000000
4504,0,1.000000000,1.000000000
4505,0,1.870950594,1.400000000
4506,0,1.115135655,1.028571429
4507,0,0.317490439,0.084962493
4508,0,0.999999434,0.999114174
4509,0,0.302292178,0.080000000
4510,0,1.010783258,1.001800609
4511,0,0.303238270,0.080306705
4512,0,1.050826981,1.006243283
4513,0,1.880857797,1.996390043
4514,0,1.116633111,1.027357035
4515,0,1.058876896,0.420769537
4516,0,0.999986651,1.004301840
4517,0,0.302291922,0.080000000
4518,0,1.010777168,1.001858046
4519,0,0.303237792,0.080306563
4520,0,1.010822862,1.001790242
4521,0,0.303242163,0.080307962
4522,0,1.050827870,1.006475970
4523,0,0.307973524,0.081846345
4524,0,0.999999522,0.999185582
4525,0,1.021928047,0.400000000
4526,0,0.999984491,1.004636850
4527,0,1.021926544,0.400000000
4528,0,0.999982194,1.004968389
4529,0,0.302291833,2.000198736
4530,0,1.010775979,1.001869253
4531,0,0.303237699,0.080306535
4532,0,1.010822834,1.000338762
4533,0,0.303242161,0.080307961
4534,0,0.999999425,0.999106891
4535,0,-0.000000000,0.000000000
4536,0,1.000000000,1.000000000
4537,0,1.870950594,1.400000000
4538,0,0.999848483,1.014492754
4539,0,1.499924241,2.014492754
4540,0,1.505527516,1.211864407
4541,0,1.538398817,1.719712090
4542,0,0.991586158,0.892104825
4543,0,-0.000000000,0.000000000
4544,0,1.000000000,1.000000000
4545,0,-0.000000000,0.000000000
4546,0,1.000000000,1.000000000
4547,0,-0.000000000,0.000000000
4548,0,1.000000000,1.000000000
4549,0,0.302292189,0.080000000
4550,0,0.999999424,0.999106345
4551,0,1.021928037,0.400000000
4552,0,1.190902555,1.032133850
4553,0,0.330754178,0.089358451
4554,0,0.999999823,1.000495529
4555,0,1.021928077,0.400000000
4556,0,1.044204311,1.001660527
4557,0,-0.000000000,0.000000000
4558,0,1.000000000,1.000000000
4559,0,-0.000000000,0.000000000
4560,0,1.000000000,1.000000000
4561,0,0.302292189,0.080000000
4562,0,1.050654972,1.006222222
4563,0,1.035616201,0.407633189
4564,0,1.194126817,1.031257201
4565,0,1.090509921,0.439038689
4566,0,1.700107365,1.156237803
4567,0,0.474378517,0.140565072
4568,0,1.018339857,1.004857196
4569,0,1.874267110,1.399215568
4570,0,0.999876932,0.986938454
4571,0,0.302289728,0.080000000
4572,0,1.050547758,1.006431207
4573,0,0.307940055,0.081835726
4574,0,0.999999512,1.000822569
4575,0,1.021928046,0.400000000
4576,0,1.044201742,1.009161297
4577,0,-0.000000000,0.000000000
4578,0,1.000000000,1.000000000
4579,0,0.302292189,0.080000000
4580,0,1.010784836,1.001785714
4581,0,1.024228392,0.401277276
4582,0,1.044337928,1.009101367
4583,0,0.307130741,0.081571650
4584,0,1.010980435,1.001801088
4585,0,1.024275633,1.799485544
4586,0,1.660413159,1.145515733
4587,0,1.347119627,0.605632678
4588,0,1.065367639,0.998658040
4589,0,1.040330062,0.410247069
4590,0,1.671340564,1.198003208
4591,0,1.807703351,1.136842907
4592,0,1.772698312,1.147540745
4593,0,2.017403277,1.347770322
4594,0,0.995981731,1.074601142
4595,0,0.302211824,0.080000000
4596,0,1.010915162,1.000531290
4597,0,-0.000000000,0.000000000
4598,0,1.000000000,1.000000000
4599,0,-0.000000000,0.000000000
4600,0,1.000000000,1.000000000
4601,0,1.021928095,0.400000000
4602,0,0.999984960,0.995433790
4603,0,1.499992480,1.000000000
4604,0,1.180677315,1.052144963
4605,0,0.328955296,0.088755982
4606,0,1.011863333,1.001917614
4607,0,0.303346086,0.080341584
4608,0,0.999999427,0.999108673
4609,0,1.021928038,0.400000000
4610,0,0.999984446,0.995356479
4611,0,1.870945928,1.400000000
4612,0,2.101114906,1.841561725
4613,0,1.691879550,1.598787773
4614,0,0.999427700,1.028165079
4615,0,0.302280743,0.080000000
4616,0,1.010834625,1.001312133
4617,0,1.024238759,0.401282157
4618,0,1.044342930,1.009053554
4619,0,0.307131223,0.081571797
4620,0,1.010980557,1.000365358
4621,0,-0.000000000,0.000000000
4622,0,1.000000000,1.000000000
4623,0,1.021928095,0.400000000
4624,0,1.190930197,1.031111111
4625,0,1.607093530,1.972727511
4626,0,1.195681322,1.039735494
4627,0,-0.000000000,0.000000000
4628,0,1.000000000,1.000000000
4629,0,1.870950594,2.000000000
4630,0,1.115135655,1.028571429
4631,0,0.317490439,0.084962493
4632,0,0.999999434,1.000885826
4633,0,-0.000000000,0.000000000
4634,0,1.000000000,1.000000000
4635,0,0.302292189,0.080000000
4636,0,0.999999424,0.999106345
4637,0,1.021928037,0.400000000
4638,0,1.044201183,1.009167380
4639,0,0.307113604,0.081566103
4640,0,0.999999425,0.999107275
4641,0,0.302292178,0.080000000
4642,0,1.050647662,1.006426788
4643,0,0.307950138,0.081838761
4644,0,1.011021415,1.000446167
4645,0,-0.000000000,0.000000000
4646,0,1.000000000,1.000000000
4647,0,1.500000000,1.000000000
4648,0,1.180906651,1.050000000
4649,0,-0.000000000,0.000000000
4650,0,1.000000000,1.000000000
4651,0,1.870950594,1.400000000
4652,0,1.115135655,1.005357143
4653,0,0.317490439,2.000172582
4654,0,1.011400571,1.000426557
4655,0,-0.000000000,0.000000000
4656,0,1.000000000,1.000000000
4657,0,0.302292189,0.080000000
4658,0,0.999999424,1.000893655
4659,0,0.302292178,0.080000000
4660,0,1.010783244,1.001800740
4661,0,0.303238269,0.080306705
4662,0,0.999999424,1.000893473
4663,0,0.302292178,0.080000000
4664,0,0.999999404,0.999091175
4665,0,1.870950416,1.400000000
4666,0,2.101594406,1.728676535
4667,0,2.014913430,1.276902746
4668,0,1.615370836,1.077728953
4669,0,1.999049255,1.841598281
4670,0,1.539544063,2.866415442
4671,0,1.772887746,1.804836559
4672,0,1.228562089,0.964013255
4673,0,0.337899741,0.091772743
4674,0,1.246016920,1.053793468
4675,0,1.927410234,1.278830094
4676,0,1.475076693,1.124767603
4677,0,0.397589349,0.112367176
4678,0,0.999998960,0.998799075
4679,0,-0.000000000,0.000000000
4680,0,1.000000000,1.000000000
4681,0,-0.000000000,0.000000000
4682,0,1.000000000,1.000000000
4683,0,-0.000000000,0.000000000
4684,0,1.000000000,1.000000000
4685,0,0.302292189,0.080000000
4686,0,1.050654972,1.006222222
4687,0,1.035616201,0.407633189
4688,0,0.999987577,1.004149988
4689,0,-0.000000000,0.000000000
4690,0,1.000000000,1.000000000
4691,0,-0.000000000,0.000000000
4692,0,1.000000000,1.000000000
4693,0,1.021928095,0.400000000
4694,0,1.044208200,1.009090909
4695,0,0.307114252,0.081566298
4696,0,1.051532863,1.006604395
4697,0,1.035893888,0.407787975
4698,0,1.045034250,1.008760732
4699,0,-0.000000000,0.000000000
4700,0,1.000000000,1.000000000
4701,0,0.302292189,0.080000000
4702,0,1.050654972,1.006444444
4703,0,1.035616201,0.407633189
4704,0,0.999987577,0.995850012
4705,0,-0.000000000,0.000000000
4706,0,1.000000000,1.000000000
4707,0,0.302292189,0.080000000
4708,0,0.999999424,0.999106345
4709,0,1.021928037,0.400000000
4710,0,1.044201183,1.009167380
4711,0,0.307113604,0.081566103
4712,0,1.010979525,1.001803028
4713,0,1.506339700,1.001335856
4714,0,2.243869348,1.619276575
4715,0,1.961094386,1.789337419
4716,0,1.274525532,0.962337393
4717,0,1.934142268,1.291026667
4718,0,1.128513520,0.981874506
4719,0,0.319584052,0.085654929
4720,0,1.054325013,1.008254284
4721,0,0.308420348,0.081990378
4722,0,1.051830745,1.006242564
4723,0,1.035985193,1.998694160
4724,0,1.045041753,1.008736382
4725,0,1.526243694,1.997983257
4726,0,0.999558146,1.024748276
4727,0,-0.000000000,0.000000000
4728,0,1.000000000,1.000000000
4729,0,-0.000000000,0.000000000
4730,0,1.000000000,1.000000000
4731,0,1.021928095,0.400000000
4732,0,1.190930197,1.032222222
4733,0,-0.000000000,0.000000000
4734,0,1.000000000,1.000000000
4735,0,1.021928095,0.400000000
4736,0,1.044208200,1.001704545
4737,0,1.879446735,2.001160510
4738,0,0.999852509,0.985701062
4739,0,0.302289239,0.080000000
4740,0,0.999999068,0.998863571
4741,0,1.021928002,0.400000000
4742,0,0.999984303,1.004664780
4743,0,-0.000000000,0.000000000
4744,0,1.000000000,1.000000000
4745,0,0.302292189,0.080000000
4746,0,1.010784836,1.000334821
4747,0,0.303238394,2.000010668
4748,0,1.216730444,1.985675408
4749,0,1.620369143,2.057155762
4750,0,1.746889094,1.707393883
4751,0,1.707173013,2.404216311
4752,0,2.303935773,1.994253484
4753,0,1.916242915,1.315495718
4754,0,0.965694938,1.217206717
4755,0,1.860659076,1.200000000
4756,0,1.455426366,1.041203721
4757,0,-0.000000000,0.000000000
4758,0,1.000000000,1.000000000
4759,0,1.021928095,0.400000000
4760,0,1.044208200,1.009090909
4761,0,-0.000000000,0.000000000
4762,0,1.000000000,1.000000000
4763,0,1.870950594,2.000000000
4764,0,1.115135655,1.005357143
4765,0,1.895518114,2.003587170
4766,0,1.118776469,1.006809472
4767,0,-0.000000000,0.000000000
4768,0,1.000000000,1.000000000
4769,0,1.021928095,2.000000000
4770,0,0.999984960,1.004566210
4771,0,0.302291888,0.080000000
4772,0,0.999999320,0.999028817
4773,0,-0.000000000,0.000000000
4774,0,1.000000000,1.000000000
4775,0,1.021928095,0.400000000
4776,0,1.044208200,1.001704545
4777,0,0.307114252,0.081566298
4778,0,1.051532863,1.006328340
4779,0,0.308066041,0.081876421
4780,0,1.051744044,1.006275449
4781,0,0.308092686,0.081884991
4782,0,1.011027893,1.001723849
4783,0,1.024286826,0.401309415
4784,0,0.999985068,0.995450201
4785,0,0.302291890,0.080000000
4786,0,1.050617690,1.006354460
4787,0,1.880804984,1.212114092
4788,0,0.999876301,0.986905035
4789,0,-0.000000000,0.000000000
4790,0,1.000000000,1.000000000
4791,0,1.500000000,2.000000000
4792,0,1.180906651,1.050000000
4793,0,-0.000000000,0.000000000
4794,0,1.000000000,1.000000000
4795,0,1.021928095,0.400000000
4796,0,0.999984960,0.995433790
4797,0,1.870946082,1.997260274
4798,0,1.442365746,1.095312024
4799,0,1.214906783,0.515338685
4800,0,1.301288237,1.098703804
4801,0,-0.000000000,0.000000000
4802,0,1.000000000,1.000000000
4803,0,1.500000000,2.000000000
4804,0,1.633875355,1.155555556
4805,0,-0.000000000,0.000000000
4806,0,1.000000000,1.000000000
4807,0,0.302292189,0.080000000
4808,0,1.010784836,1.000334821
4809,0,1.872752561,1.399489841
4810,0,0.999849282,1.014454473
4811,0,0.302289175,0.080000000
4812,0,1.010759006,1.002028751
4813,0,1.024223054,0.401274771
4814,0,1.191433230,1.032329388
4815,0,-0.000000000,0.000000000
4816,0,1.000000000,1.000000000
4817,0,1.021928095,0.400000000
4818,0,1.044208200,1.001704545
4819,0,1.608011863,2.022029227
4820,0,1.672363074,1.182403346
4821,0,0.463077579,0.136260599
4822,0,0.999996493,0.997795152
4823,0,1.021927744,1.800000000
4824,0,0.999986193,0.995625034
4825,0,1.021926714,0.400000000
4826,0,0.999982356,1.004945674
4827,0,1.021926330,0.400000000
4828,0,1.044169236,1.009514111
4829,0,-0.000000000,0.000000000
4830,0,1.000000000,1.000000000
4831,0,0.302292189,0.080000000
4832,0,1.216063438,1.041991342
4833,0,1.100187131,0.444732109
4834,0,0.999997810,1.001742249
4835,0,1.021927876,2.000348450
4836,0,1.044194511,1.009239995
4837,0,0.307112988,0.081565918
4838,0,0.999999423,0.999105813
4839,0,1.021928037,0.400000000
4840,0,0.999984444,1.004643769
4841,0,1.499992222,1.000000000
4842,0,1.180673358,1.007105638
4843,0,-0.000000000,0.000000000
4844,0,1.000000000,1.000000000
4845,0,1.021928095,0.400000000
4846,0,1.190930197,1.032222222
4847,0,1.089151666,1.784885093
4848,0,1.206774753,1.038497320
4849,0,-0.000000000,0.000000000
4850,0,1.000000000,1.000000000
4851,0,1.021928095,2.000000000
4852,0,1.190930197,1.032222222
4853,0,1.089151666,0.438252490
4854,0,0.999995579,0.997524393
4855,0,1.499997790,1.000000000
4856,0,1.180783208,1.008165141
4857,0,1.085059888,0.435841429
4858,0,1.047816111,1.009503264
4859,0,-0.000000000,0.000000000
4860,0,1.000000000,1.000000000
4861,0,1.500000000,2.000000000
4862,0,0.999525689,0.974358974
4863,0,1.021880664,0.400000000
4864,0,0.999966743,1.006789979
4865,0,0.302291524,0.080000000
4866,0,0.999999266,1.001008939
4867,0,0.302292174,0.080000000
4868,0,1.050646710,1.006424490
4869,0,0.307950041,0.081838732
4870,0,0.999999520,1.000815540
4871,0,1.021928047,0.400000000
4872,0,0.999984490,1.004636947
4873,0,1.021926544,0.400000000
4874,0,1.658635820,1.145347648
4875,0,2.005391201,1.334915584
4876,0,0.999677963,0.978871711
4877,0,-0.000000000,0.000000000
4878,0,1.000000000,1.000000000
4879,0,0.302292189,0.080000000
4880,0,0.999999424,0.999106345
4881,0,0.302292178,0.080000000
4882,0,1.010783244,1.000319229
4883,0,-0.000000000,0.000000000
4884,0,1.000000000,1.000000000
4885,0,-0.000000000,0.000000000
4886,0,1.000000000,1.000000000
4887,0,0.302292189,0.080000000
4888,0,1.050654972,1.006222222
4889,0,0.307950877,0.081838984
4890,0,0.999999521,0.999185048
4891,0,-0.000000000,0.000000000
4892,0,1.000000000,1.000000000
4893,0,0.302292189,0.080000000
4894,0,1.010784836,1.000334821
4895,0,1.872752561,2.000229400
4896,0,2.102647815,1.462870468
4897,0,-0.000000000,0.000000000
4898,0,1.000000000,1.000000000
4899,0,1.021928095,0.400000000
4900,0,1.190930197,1.032222222
4901,0,0.330757837,0.089359612
4902,0,0.999999825,0.999507126
4903,0,1.870950542,1.999704276
4904,0,0.999845634,0.985371632
4905,0,1.870904285,1.991222979
4906,0,1.441605421,1.092326917
4907,0,1.214658559,0.515177738
4908,0,0.999999103,1.001114916
4909,0,1.499999552,2.001114916
4910,0,0.999545548,0.974901421
4911,0,1.021882650,1.800000000
4912,0,0.999967202,0.993257060
4913,0,1.021924815,0.400000000
4914,0,1.190721124,1.031555420
4915,0,-0.000000000,0.000000000
4916,0,1.000000000,1.000000000
4917,0,1.021928095,0.400000000
4918,0,1.190930197,1.032222222
4919,0,1.089151666,0.438252490
4920,0,1.206774753,1.038497320
4921,0,0.333718274,0.090344662
4922,0,1.012118137,1.001370544
4923,0,1.873013568,1.999337770
4924,0,1.443625204,1.093305197
4925,0,0.389412906,0.109478545
4926,0,0.999999894,1.000384237
4927,0,-0.000000000,0.000000000
4928,0,1.000000000,1.000000000
4929,0,1.870950594,1.400000000
4930,0,1.442705945,1.963333333
4931,0,1.969897878,1.359798932
4932,0,1.134532388,1.029330768
4933,0,0.320547510,2.001346426
4934,0,1.011576944,1.000941404
4935,0,1.024418801,0.401381583
4936,0,0.999985377,0.995497652
4937,0,0.302291897,0.080000000
4938,0,1.010776810,1.001861417
4939,0,0.303237764,0.080306555
4940,0,0.999999423,0.999105309
4941,0,-0.000000000,0.000000000
4942,0,1.000000000,1.000000000
4943,0,1.021928095,2.000000000
4944,0,0.999984960,0.995433790
4945,0,-0.000000000,0.000000000
4946,0,1.000000000,1.000000000
4947,0,1.021928095,0.400000000
4948,0,0.999984960,1.004566210
4949,0,0.302291888,0.080000000
4950,0,0.999999320,1.000971183
4951,0,0.302292175,0.080000000
4952,0,0.999999402,1.000910144
4953,0,1.870950415,1.200000000
4954,0,1.442638377,1.093551768
4955,0,1.214996228,0.515397167
4956,0,1.056189296,1.004288061
4957,0,0.308662617,0.082068525
4958,0,0.999999615,0.999269006
4959,0,-0.000000000,0.000000000
4960,0,1.000000000,1.000000000
4961,0,1.870950594,2.000000000
4962,0,1.442705945,1.096666667
4963,0,0.389175081,0.109395083
4964,0,1.067192530,1.007072092
4965,0,1.884655048,1.396160574
4966,0,2.110590598,1.473308264
4967,0,0.729075303,0.247047729
4968,0,1.030518850,0.994948348
4969,0,1.029467229,0.404168997
4970,0,0.999991606,1.003411202
4971,0,1.021927256,2.000682240
4972,0,1.190824572,1.031384007
4973,0,1.089117858,0.438234729
4974,0,0.999995395,0.997473475
4975,0,0.302292097,0.080000000
4976,0,0.999999367,1.000936552
4977,0,1.021928032,0.400000000
4978,0,1.190901227,1.032129608
4979,0,-0.000000000,0.000000000
4980,0,1.000000000,1.000000000
4981,0,0.302292189,0.080000000
4982,0,1.010784836,1.000334821
4983,0,1.024228392,1.799495303
4984,0,1.044337928,1.001732399
4985,0,1.879475398,1.397412166
4986,0,0.999852680,1.014290646
4987,0,-0.000000000,0.000000000
4988,0,1.000000000,1.000000000
4989,0,1.021928095,0.400000000
4990,0,1.044208200,1.001704545
4991,0,0.307114252,0.081566298
4992,0,1.010979715,1.001801506
4993,0,-0.000000000,0.000000000
4994,0,1.000000000,1.000000000
4995,0,1.870950594,2.000000000
4996,0,0.999848483,1.014492754
4997,0,-0.000000000,0.000000000
4998,0,1.000000000,1.000000000
4999,0,0.302292189,0.080000000
5000,0,1.050654972,1.006222222
5001,0,0.307950877,0.081838984
5002,0,1.051721710,1.006720530
5003,0,0.308089788,0.081884053
5004,0,0.999999528,0.999190829
5005,0,1.499999764,1.000000000
5006,0,1.180866535,1.050380135
5007,0,0.328971955,0.088761242
5008,0,1.055521886,1.007330021
5009,0,-0.000000000,0.000000000
5010,0,1.000000000,1.000000000
5011,0,1.021928095,2.000000000
5012,0,1.508326883,2.458333333
5013,0,1.674237161,1.715144877
5014,0,1.205327552,0.921096093
5015,0,0.334261445,0.090611706
5016,0,1.058014251,1.004068181
5017,0,0.308889390,0.082140674
5018,0,1.011073314,1.000580530
5019,0,0.303266574,0.080315812
5020,0,1.084738522,1.008909914
5021,0,1.454401969,1.112717275
5022,0,0.995119212,1.448423297
5023,0,0.320238787,0.087009686
5024,0,1.010665182,0.991994323
5025,0,1.872534610,1.399304119
5026,0,1.115115066,1.002813847
5027,0,1.059109923,2.000747436
5028,0,1.510918863,1.549809929
5029,0,1.534648339,1.185285689
5030,0,1.666685648,1.332355723
5031,0,1.351666305,1.727770687
5032,0,1.067542859,0.971161908
5033,0,1.041662536,1.796197932
5034,0,1.045744320,1.006728187
5035,0,1.034321195,0.406879356
5036,0,1.193904427,1.031047499
5037,0,0.331871223,1.998495147
5038,0,1.012040630,1.001395228
5039,0,-0.000000000,0.000000000
5040,0,1.000000000,1.000000000
5041,0,0.302292189,0.080000000
5042,0,1.050654972,1.006444444
5043,0,1.524730606,1.006683846
5044,0,1.666165717,1.232974733
5045,0,1.899411007,1.512135688
5046,0,1.315433145,0.742323329
5047,0,-0.000000000,0.000000000
5048,0,1.000000000,1.000000000
5049,0,1.021928095,0.400000000
5050,0,0.999984960,1.004566210
5051,0,1.870946082,1.400000000
5052,0,1.442365746,1.095312024
5053,0,1.969820680,1.359687733
5054,0,1.134478342,1.012886200
5055,0,1.579236005,1.969587613
5056,0,0.999911813,1.011056706
5057,0,0.302290425,0.080000000
5058,0,0.999999156,0.998918619
5059,0,1.021928011,0.400000000
5060,0,0.999984335,1.004660005
5061,0,0.302291876,0.080000000
5062,0,0.999999317,0.999027225
5063,0,1.021928027,1.800000000
5064,0,1.044200562,1.009174151
5065,0,1.033601825,0.406504137
5066,0,0.999985073,0.995451057
5067,0,-0.000000000,0.000000000
5068,0,1.000000000,1.000000000
5069,0,1.021928095,0.400000000
5070,0,1.044208200,1.009090909
5071,0,0.307114252,0.081566298
5072,0,1.051532863,1.006604395
5073,0,1.035893888,2.001245560
5074,0,1.045034250,1.002283480
5075,0,0.307218182,0.081599955
5076,0,0.999999441,0.999119710
5077,0,0.302292178,0.080000000
5078,0,0.999999404,0.999091399
5079,0,1.870950416,1.200000000
5080,0,0.999843210,0.985257246
5081,0,-0.000000000,0.000000000
5082,0,1.000000000,1.000000000
5083,0,1.021928095,0.400000000
5084,0,0.999984960,1.004566210
5085,0,-0.000000000,0.000000000
5086,0,1.000000000,1.000000000
5087,0,0.302292189,0.080000000
5088,0,0.999999424,1.000893655
5089,0,1.021928037,0.400000000
5090,0,1.190902555,1.031182604
5091,0,1.105497049,0.444063271
5092,0,1.020047966,1.006940854
5093,0,0.325817496,0.093808512
5094,0,1.054287220,1.007183900
5095,0,1.899938412,1.398601999
5096,0,1.004526728,0.986390518
5097,0,0.006469933,0.002896067
5098,0,1.000000000,1.000000000
5099,0,1.009051350,0.575824176
5100,0,1.436837769,1.011510739
5101,0,0.841550758,0.571678728
5102,0,1.531821232,1.595853917
5103,0,2.289053549,2.384820030
5104,0,2.052851388,2.733709863
5105,0,1.172324198,2.054589827
5106,0,1.760666646,3.170237940
5107,0,0.573680687,0.559143810
5108,0,1.233260787,1.395546235
5109,0,-0.000000000,0.000000000
5110,0,1.000000000,1.000000000
5111,0,0.302292189,0.080000000
5112,0,1.010784836,1.000334821
5113,0,1.024228392,0.401277276
5114,0,1.191443368,1.031195086
5115,0,-0.000000000,0.000000000
5116,0,1.000000000,1.000000000
5117,0,-0.000000000,0.000000000
5118,0,1.000000000,1.000000000
5119,0,1.021928095,0.400000000
5120,0,0.999984960,1.004566210
5121,0,0.302291888,0.080000000
5122,0,1.010776696,1.000255150
5123,0,0.303237755,0.080306552
5124,0,1.216726897,1.042164438
5125,0,1.100481957,0.444904932
5126,0,1.706255421,1.157718512
5127,0,1.376253341,0.626981541
5128,0,0.999894050,1.012119176
5129,0,0.302290070,0.080000000
5130,0,1.010806347,1.000546281
5131,0,1.024232858,0.401279376
5132,0,0.999985130,1.004540259
5133,0,1.021926608,0.400000000
5134,0,1.190789547,1.031773241
5135,0,0.330739239,0.089353715
5136,0,1.056025633,1.007833060
5137,0,0.308656777,0.082068104
5138,0,0.999999554,1.000786001
5139,0,0.302292180,0.080000000
5140,0,1.010783436,1.001798930
5141,0,-0.000000000,0.000000000
5142,0,1.000000000,1.000000000
5143,0,-0.000000000,0.000000000
5144,0,1.000000000,1.000000000
5145,0,1.870950594,2.000000000
5146,0,1.442705945,1.093333333
5147,0,1.215018433,0.515411726
5148,0,1.056194187,1.004247644
5149,0,1.037347669,1.796698463
5150,0,1.045155012,1.002728005
5151,0,1.610484051,2.023879119
5152,0,1.673546829,1.183602601
5153,0,-0.000000000,0.000000000
5154,0,1.000000000,1.000000000
5155,0,1.021928095,0.400000000
5156,0,0.999984960,1.004566210
5157,0,0.302291888,2.000182648
5158,0,1.215909959,1.032086661
5159,0,1.100135266,1.782316889
5160,0,1.518023205,1.581372478
5161,0,1.672392444,2.344058346
5162,0,1.204126022,1.171311270
5163,0,1.096636165,0.443546609
5164,0,1.049925603,0.992810447
5165,0,0.307822176,0.081794642
5166,0,0.999999791,1.000537874
5167,0,1.021928074,0.400000000
5168,0,1.044203978,1.009136936
5169,0,1.033602647,1.999739445
5170,0,1.044867795,1.009148836
5171,0,-0.000000000,0.000000000
5172,0,1.000000000,1.000000000
5173,0,1.021928095,2.000000000
5174,0,0.999984960,0.995433790
5175,0,-0.000000000,0.000000000
5176,0,1.000000000,1.000000000
5177,0,0.302292189,0.080000000
5178,0,0.999999424,1.000893655
5179,0,-0.000000000,0.000000000
5180,0,1.000000000,1.000000000
5181,0,1.870950594,1.400000000
5182,0,1.442705945,1.093333333
5183,0,0.389175081,0.109395083
5184,0,1.067192530,1.007072092
5185,0,-0.000000000,0.000000000
5186,0,1.000000000,1.000000000
5187,0,0.302292189,0.080000000
5188,0,0.999999424,1.000893655
5189,0,1.021928037,0.400000000
5190,0,1.190902555,1.032133850
5191,0,-0.000000000,0.000000000
5192,0,1.000000000,1.000000000
5193,0,0.302292189,0.080000000
5194,0,0.999999424,1.000893655
5195,0,1.499999712,1.000000000
5196,0,1.180862334,1.008938246
5197,0,1.911272686,1.254957734
5198,0,1.121578653,1.007777529
5199,0,0.321222378,0.086129292
5200,0,1.079515611,1.014801416
5201,0,0.315614960,0.084273449
5202,0,1.016189564,1.002787441
5203,0,0.307688808,0.081715850
5204,0,1.073505907,1.017159927
5205,0,1.047834091,0.592168404
5206,0,0.802891496,0.315442690
5207,0,1.518768009,1.195087437
5208,0,1.126446309,0.673685162
5209,0,1.787065826,1.591764176
5210,0,0.689075175,0.227788088
5211,0,0.430128837,0.125156601
5212,0,1.280875562,1.139306269
5213,0,1.209861322,1.203504006
5214,0,0.998037790,1.052143713
5215,0,0.659305417,0.341401611
5216,0,0.295912770,0.104516163
5217,0,0.616414087,0.305285196
5218,0,0.784574261,0.467596841
5219,0,0.882227120,0.601535093
5220,0,0.940140046,0.713941797
5221,0,0.474723290,0.203630347
5222,0,1.096736956,0.546460682
5223,0,0.391727861,0.154116440
5224,0,0.650252546,0.333531596
5225,0,0.899809883,0.631697527
5226,0,-0.000000000,0.000000000
5227,0,0.143726170,0.040816327
5228,0,0.102899790,0.026905830
5229,0,0.155714199,0.045168456
5230,0,-0.000000000,0.000000000
5231,0,0.143726170,0.040816327
5232,0,0.004850167,0.000757289
5233,0,0.504155247,0.222820599
5234,0,-0.000000000,0.000000000
5235,0,-0.000000000,0.000000000
5236,0,-0.000000000,0.000000000
5237,0,-0.000000000,0.000000000
5238,0,-0.000000000,0.000000000
5239,0,0.985228136,1.142857143
5240,0,0.276195428,0.095238095
5241,0,0.185997890,0.056680162
5242,0,0.133509146,0.037201063
5243,0,0.545913123,0.251676529
5244,0,0.106163371,0.027964059
5245,0,0.535583050,0.244351660
5246,0,-0.000000000,0.000000000
5247,0,0.503258335,0.222222222
5248,0,0.021519932,0.004158004
5249,0,-0.000000000,0.000000000
5250,0,-0.000000000,0.000000000
5251,0,0.143726170,0.040816327
5252,0,0.023187512,0.004535147
5253,0,0.145750730,0.041543027
5254,0,-0.000000000,0.000000000
5255,0,0.143726170,0.040816327
5256,0,0.023187512,0.004535147
5257,0,0.145750730,0.041543027
5258,0,0.004926853,0.000770798
5259,0,0.985968778,0.858737973
5260,0,-0.000000000,0.000000000
5261,0,-0.000000000,0.000000000
5262,0,0.503258335,0.222222222
5263,0,-0.000000000,0.000000000
5264,0,-0.000000000,0.000000000
5265,0,-0.000000000,0.000000000
5266,0,-0.000000000,0.000000000
5267,0,0.503258335,0.222222222
5268,0,0.095970403,0.024691358
5269,0,0.531882603,1.758241758
5270,0,0.386174950,0.151029748
5271,0,0.210680827,0.066600199
5272,0,0.007485392,0.001237152
5273,0,0.007452917,0.001231060
5274,0,0.144220971,0.040993618
5275,0,-0.000000000,0.000000000
5276,0,-0.000000000,0.000000000
5277,0,0.503258335,0.222222222
5278,0,0.095970403,0.024691358
5279,0,0.154729451,0.044806517
5280,0,-0.000000000,0.000000000
5281,0,-0.000000000,0.000000000
5282,0,-0.000000000,0.000000000
5283,0,0.143726170,0.040816327
5284,0,-0.000000000,0.000000000
5285,0,0.143726170,0.040816327
5286,0,0.023187512,0.004535147
5287,0,0.022832202,0.004454343
5288,0,0.507993491,0.225391167
5289,0,1.018698077,1.221399322
5290,0,0.098112835,0.025371280
5291,0,-0.000000000,0.000000000
5292,0,-0.000000000,0.000000000
5293,0,0.143726170,0.040816327
5294,0,-0.000000000,0.000000000
5295,0,0.503258335,0.222222222
5296,0,-0.000000000,0.000000000
5297,0,-0.000000000,0.000000000
5298,0,-0.000000000,0.000000000
5299,0,-0.000000000,0.000000000
5300,0,-0.000000000,0.000000000
5301,0,0.503258335,0.222222222
5302,0,0.021519932,0.004158004
5303,0,0.508167846,1.774491682
5304,0,-0.000000000,0.000000000
5305,0,-0.000000000,0.000000000
5306,0,-0.000000000,0.000000000
5307,0,-0.000000000,0.000000000
5308,0,-0.000000000,0.000000000
5309,0,0.503258335,0.222222222
5310,0,0.021519932,0.004158004
5311,0,0.988808991,0.865711331
5312,0,-0.000000000,0.000000000
5313,0,-0.000000000,0.000000000
5314,0,-0.000000000,0.000000000
5315,0,0.143726170,0.040816327
5316,0,-0.000000000,0.000000000
5317,0,-0.000000000,0.000000000
5318,0,-0.000000000,0.000000000
5319,0,-0.000000000,0.000000000
5320,0,-0.000000000,0.000000000
5321,0,0.143726170,0.040816327
5322,0,0.004850167,0.000757289
5323,0,0.144064358,0.040937481
5324,0,0.023246603,0.004548609
5325,0,0.145756737,0.041545188
5326,0,0.004927081,0.000770838
5327,0,-0.000000000,0.000000000
5328,0,-0.000000000,0.000000000
5329,0,0.503258335,0.222222222
5330,0,0.021519932,0.004158004
5331,0,0.508167846,0.225508318
5332,0,0.097122578,0.025056480
5333,0,0.154891837,0.044866147
5334,0,0.005275465,0.000832584
5335,0,-0.000000000,0.000000000
5336,0,-0.000000000,0.000000000
5337,0,0.503258335,0.222222222
5338,0,0.095970403,0.024691358
5339,0,0.154729451,0.044806517
5340,0,0.025118958,0.004978502
5341,0,0.509132290,0.226156942
5342,0,-0.000000000,0.000000000
5343,0,0.503258335,0.222222222
5344,0,0.021519932,0.004158004
5345,0,-0.000000000,0.000000000
5346,0,-0.000000000,0.000000000
5347,0,-0.000000000,0.000000000
5348,0,-0.000000000,0.000000000
5349,0,-0.000000000,0.000000000
5350,0,-0.000000000,0.000000000
5351,0,0.503258335,0.222222222
5352,0,-0.000000000,0.000000000
5353,0,0.143726170,0.040816327
5354,0,0.004850167,0.000757289
5355,0,0.144064358,0.040937481
5356,0,0.004862963,0.000759541
5357,0,-0.000000000,0.000000000
5358,0,-0.000000000,0.000000000
5359,0,0.143726170,0.040816327
5360,0,0.102899790,0.026905830
5361,0,0.534388846,1.756487026
5362,0,0.023300611,0.004560918
5363,0,0.145762230,0.041547164
5364,0,-0.000000000,0.000000000
5365,0,-0.000000000,0.000000000
5366,0,-0.000000000,0.000000000
5367,0,-0.000000000,0.000000000
5368,0,-0.000000000,0.000000000
5369,0,0.143726170,0.040816327
5370,0,-0.000000000,0.000000000
5371,0,0.143726170,0.040816327
5372,0,-0.000000000,0.000000000
5373,0,-0.000000000,0.000000000
5374,0,-0.000000000,0.000000000
5375,0,0.143726170,0.040816327
5376,0,0.004850167,0.000757289
5377,0,0.144064358,0.040937481
5378,0,0.103144358,0.026984796
5379,0,1.003733304,0.911215993
5380,0,0.073466615,0.017816864
5381,0,0.524039467,0.236313693
5382,0,0.100884061,0.026257077
5383,0,0.155425738,0.045062352
5384,0,0.025241792,0.005006928
5385,0,0.989476381,1.133260984
5386,0,0.279114123,0.096592099
5387,0,0.186596813,0.056915197
5388,0,-0.000000000,0.000000000
5389,0,0.143726170,0.040816327
5390,0,0.004850167,0.000757289
5391,0,0.144064358,0.040937481
5392,0,0.023246603,0.004548609
5393,0,-0.000000000,0.000000000
5394,0,-0.000000000,0.000000000
5395,0,0.143726170,0.040816327
5396,0,0.023187512,0.004535147
5397,0,0.989107139,0.866484136
5398,0,0.278841263,0.096465232
5399,0,0.186540696,0.056893163
5400,0,0.030804293,0.006321463
5401,0,-0.000000000,0.000000000
5402,0,-0.000000000,0.000000000
5403,0,-0.000000000,0.000000000
5404,0,-0.000000000,0.000000000
5405,0,0.143726170,0.040816327
5406,0,0.004850167,0.000757289
5407,0,0.144064358,0.040937481
5408,0,-0.000000000,0.000000000
5409,0,0.143726170,0.040816327
5410,0,-0.000000000,0.000000000
5411,0,0.985228136,0.857142857
5412,0,0.069054382,0.016528926
5413,0,0.151096971,0.043478261
5414,0,0.024479319,0.004830918
5415,0,-0.000000000,0.000000000
5416,0,-0.000000000,0.000000000
5417,0,0.503258335,0.222222222
5418,0,0.021519932,0.004158004
5419,0,0.145582434,0.041482489
5420,0,-0.000000000,0.000000000
5421,0,-0.000000000,0.000000000
5422,0,-0.000000000,0.000000000
5423,0,-0.000000000,0.000000000
5424,0,-0.000000000,0.000000000
5425,0,0.503258335,0.222222222
5426,0,0.095970403,0.024691358
5427,0,0.154729451,0.044806517
5428,0,0.005269238,0.000831475
5429,0,-0.000000000,0.000000000
5430,0,-0.000000000,0.000000000
5431,0,0.503258335,0.222222222
5432,0,0.021519932,0.004158004
5433,0,0.145582434,0.041482489
5434,0,0.023512068,0.004609165
5435,0,0.145783759,0.041554910
5436,0,0.023547299,0.004617212
5437,0,-0.000000000,0.000000000
5438,0,-0.000000000,0.000000000
5439,0,-0.000000000,0.000000000
5440,0,-0.000000000,0.000000000
5441,0,-0.000000000,0.000000000
5442,0,-0.000000000,0.000000000
5443,0,-0.000000000,0.000000000
5444,0,-0.000000000,0.000000000
5445,0,-0.000000000,0.000000000
5446,0,-0.000000000,0.000000000
5447,0,-0.000000000,0.000000000
5448,0,-0.000000000,0.000000000
5449,0,0.985228136,0.857142857
5450,0,0.276195428,0.095238095
5451,0,0.607171655,0.297872340
5452,0,-0.000000000,0.000000000
5453,0,0.503258335,0.222222222
5454,0,0.021519932,0.004158004
5455,0,0.145582434,0.041482489
5456,0,0.004920471,0.000769672
5457,0,0.504169903,0.222830384
5458,0,0.096183933,0.024758932
5459,0,-0.000000000,0.000000000
5460,0,-0.000000000,0.000000000
5461,0,0.503258335,0.222222222
5462,0,0.095970403,0.024691358
5463,0,0.154729451,0.044806517
5464,0,0.025118958,0.004978502
5465,0,-0.000000000,0.000000000
5466,0,-0.000000000,0.000000000
5467,0,0.143726170,0.040816327
5468,0,0.004850167,0.000757289
5469,0,0.144064358,0.040937481
5470,0,0.023246603,0.004548609
5471,0,0.508627155,0.225817093
5472,0,0.021822253,0.004225978
5473,0,0.508247800,0.225562051
5474,0,0.097141385,0.025062450
5475,0,0.154894492,0.044867122
5476,0,0.005275567,0.000832602
5477,0,0.504244378,0.222880111
5478,0,0.021575311,0.004170442
5479,0,0.145587985,0.041484485
5480,0,0.023513039,0.004609387
5481,0,-0.000000000,0.000000000
5482,0,-0.000000000,0.000000000
5483,0,-0.000000000,0.000000000
5484,0,-0.000000000,0.000000000
5485,0,0.143726170,0.040816327
5486,0,0.004850167,0.000757289
5487,0,0.504155247,0.222820599
5488,0,0.096180499,0.024757844
5489,0,0.531957992,0.241810919
5490,0,0.023159105,0.004528678
5491,0,0.508603727,1.774198662
5492,0,0.021820929,0.004225681
5493,0,-0.000000000,0.000000000
5494,0,-0.000000000,0.000000000
5495,0,0.503258335,0.222222222
5496,0,-0.000000000,0.000000000
5497,0,-0.000000000,0.000000000
5498,0,-0.000000000,0.000000000
5499,0,-0.000000000,0.000000000
5500,0,-0.000000000,0.000000000
5501,0,0.143726170,0.040816327
5502,0,0.023187512,0.004535147
5503,0,0.508611331,0.225806452
5504,0,-0.000000000,0.000000000
5505,0,0.985228136,1.142857143
5506,0,0.276195428,0.095238095
5507,0,0.185997890,0.056680162
5508,0,0.030706032,0.006297796
5509,0,-0.000000000,0.000000000
5510,0,-0.000000000,0.000000000
5511,0,0.143726170,0.040816327
5512,0,0.004850167,0.000757289
5513,0,0.504155247,0.222820599
5514,0,0.021570303,0.004169317
5515,0,0.988817974,1.134858006
5516,0,0.069758239,0.016733003
5517,0,-0.000000000,0.000000000
5518,0,-0.000000000,0.000000000
5519,0,-0.000000000,0.000000000
5520,0,-0.000000000,0.000000000
5521,0,0.143726170,0.040816327
5522,0,0.023187512,0.004535147
5523,0,0.145750730,0.041543027
5524,0,0.004926853,0.000770798
5525,0,0.144070391,0.040939643
5526,0,-0.000000000,0.000000000
5527,0,0.143726170,0.040816327
5528,0,0.004850167,0.000757289
5529,0,0.144064358,0.040937481
5530,0,-0.000000000,0.000000000
5531,0,-0.000000000,0.000000000
5532,0,-0.000000000,0.000000000
5533,0,-0.000000000,0.000000000
5534,0,-0.000000000,0.000000000
5535,0,0.143726170,0.040816327
5536,0,-0.000000000,0.000000000
5537,0,0.143726170,0.040816327
5538,0,0.004850167,0.000757289
5539,0,0.504155247,1.777179401
5540,0,0.096180499,0.024757844
5541,0,-0.000000000,0.000000000
5542,0,-0.000000000,0.000000000
5543,0,-0.000000000,0.000000000
5544,0,0.143726170,0.040816327
5545,0,0.161893568,0.047457627
5546,0,0.116045630,0.031226766
5547,0,0.539251011,0.246938100
5548,0,0.023584939,0.004625812
5549,0,0.508717899,0.225878124
5550,0,-0.000000000,0.000000000
5551,0,0.503258335,0.222222222
5552,0,0.021519932,0.004158004
5553,0,-0.000000000,0.000000000
5554,0,-0.000000000,0.000000000
5555,0,-0.000000000,0.000000000
5556,0,-0.000000000,0.000000000
5557,0,0.503258335,1.777777778
5558,0,-0.000000000,0.000000000
5559,0,0.143726170,0.040816327
5560,0,-0.000000000,0.000000000
5561,0,0.143726170,0.040816327
5562,0,0.004850167,0.000757289
5563,0,0.144064358,0.040937481
5564,0,0.004862963,0.000759541
5565,0,-0.000000000,0.000000000
5566,0,-0.000000000,0.000000000
5567,0,0.143726170,0.040816327
5568,0,0.023187512,0.004535147
5569,0,0.145750730,0.041543027
5570,0,0.004926853,0.000770798
5571,0,0.504171235,0.222831274
5572,0,0.021571201,0.004169519
5573,0,0.988818135,0.865734937
5574,0,-0.000000000,0.000000000
5575,0,0.143726170,0.040816327
5576,0,-0.000000000,0.000000000
5577,0,0.985228136,1.142857143
5578,0,0.276195428,0.095238095
5579,0,0.607171655,0.297872340
5580,0,0.121595633,0.033096927
5581,0,0.158465745,0.046183953
5582,0,0.025778939,0.005131550
5583,0,-0.000000000,0.000000000
5584,0,-0.000000000,0.000000000
5585,0,0.503258335,0.222222222
5586,0,0.021519932,0.004158004
5587,0,0.508167846,0.225508318
5588,0,0.097122578,0.025056480
5589,0,0.154891837,0.044866147
5590,0,-0.000000000,0.000000000
5591,0,0.503258335,0.222222222
5592,0,-0.000000000,0.000000000
5593,0,0.503258335,0.222222222
5594,0,0.095970403,0.024691358
5595,0,0.531882603,0.241758242
5596,0,0.023154724,0.004527681
5597,0,0.989101262,1.134174329
5598,0,0.069818347,0.016750455
5599,0,-0.000000000,0.000000000
5600,0,-0.000000000,0.000000000
5601,0,0.143726170,0.040816327
5602,0,0.004850167,0.000757289
5603,0,-0.000000000,0.000000000
5604,0,-0.000000000,0.000000000
5605,0,0.143726170,0.040816327
5606,0,0.004850167,0.000757289
5607,0,0.144064358,0.040937481
5608,0,-0.000000000,0.000000000
5609,0,0.503258335,0.222222222
5610,0,0.021519932,0.004158004
5611,0,-0.000000000,0.000000000
5612,0,-0.000000000,0.000000000
5613,0,-0.000000000,0.000000000
5614,0,-0.000000000,0.000000000
5615,0,0.503258335,0.222222222
5616,0,0.021519932,0.004158004
5617,0,0.508167846,0.225508318
5618,0,0.021796313,0.004220139
5619,0,0.145610162,0.041492461
5620,0,0.023516920,0.004610273
5621,0,0.989166208,0.866637990
5622,0,-0.000000000,0.000000000
5623,0,0.143726170,0.040816327
5624,0,-0.000000000,0.000000000
5625,0,0.143726170,0.040816327
5626,0,0.102899790,0.026905830
5627,0,0.155714199,0.045168456
5628,0,0.005307016,0.000838206
5629,0,0.504251010,0.222884539
5630,0,0.021575684,0.004170526
5631,0,0.988818934,0.865737001
5632,0,-0.000000000,0.000000000
5633,0,0.143726170,0.040816327
5634,0,-0.000000000,0.000000000
5635,0,0.503258335,0.222222222
5636,0,-0.000000000,0.000000000
5637,0,0.503258335,0.222222222
5638,0,0.021519932,0.004158004
5639,0,0.508167846,0.225508318
5640,0,0.097122578,0.025056480
5641,0,0.154891837,0.044866147
5642,0,0.005275465,0.000832584
5643,0,0.504244357,0.222880097
5644,0,0.021575310,0.004170442
5645,0,-0.000000000,0.000000000
5646,0,-0.000000000,0.000000000
5647,0,-0.000000000,0.000000000
5648,0,-0.000000000,0.000000000
5649,0,0.143726170,0.040816327
5650,0,-0.000000000,0.000000000
5651,0,-0.000000000,0.000000000
5652,0,-0.000000000,0.000000000
5653,0,0.143726170,0.040816327
5654,0,-0.000000000,0.000000000
5655,0,0.503258335,0.222222222
5656,0,-0.000000000,0.000000000
5657,0,0.503258335,0.222222222
5658,0,0.021519932,0.004158004
5659,0,-0.000000000,0.000000000
5660,0,-0.000000000,0.000000000
5661,0,-0.000000000,0.000000000
5662,0,-0.000000000,0.000000000
5663,0,0.143726170,0.040816327
5664,0,0.102899790,0.026905830
5665,0,-0.000000000,0.000000000
5666,0,-0.000000000,0.000000000
5667,0,0.503258335,1.777777778
5668,0,-0.000000000,0.000000000
5669,0,0.143726170,0.040816327
5670,0,0.023187512,0.004535147
5671,0,0.508611331,0.225806452
5672,0,0.097226916,0.025089606
5673,0,-0.000000000,0.000000000
5674,0,-0.000000000,0.000000000
5675,0,0.985228136,0.857142857
5676,0,0.069054382,0.016528926
5677,0,0.065490821,0.015503876
5678,0,-0.000000000,0.000000000
5679,0,0.503258335,0.222222222
5680,0,0.021519932,0.004158004
5681,0,0.988808991,0.865711331
5682,0,0.069756341,0.016732452
5683,0,0.997687371,0.891092853
5684,0,-0.000000000,0.000000000
5685,0,0.143726170,0.040816327
5686,0,0.004850167,0.000757289
5687,0,-0.000000000,0.000000000
5688,0,-0.000000000,0.000000000
5689,0,0.143726170,0.040816327
5690,0,0.102899790,0.026905830
5691,0,1.003690120,0.911062907
5692,0,-0.000000000,0.000000000
5693,0,0.503258335,0.222222222
5694,0,-0.000000000,0.000000000
5695,0,0.143726170,0.040816327
5696,0,0.023187512,0.004535147
5697,0,0.145750730,0.041543027
5698,0,0.004926853,0.000770798
5699,0,-0.000000000,0.000000000
5700,0,-0.000000000,0.000000000
5701,0,0.985228136,1.142857143
5702,0,0.069054382,0.016528926
5703,0,0.151096971,1.956521739
5704,0,-0.000000000,0.000000000
5705,0,0.143726170,0.040816327
5706,0,0.023187512,0.004535147
5707,0,0.145750730,0.041543027
5708,0,-0.000000000,0.000000000
5709,0,0.985228136,1.142857143
5710,0,0.069054382,0.016528926
5711,0,0.522559375,0.235294118
5712,0,-0.000000000,0.000000000
5713,0,0.143726170,0.040816327
5714,0,0.102899790,0.026905830
5715,0,0.155714199,0.045168456
5716,0,0.005307016,0.000838206
5717,0,0.005291299,0.000835405
5718,0,0.144061950,0.040936618
5719,0,0.161946960,0.047477541
5720,0,-0.000000000,0.000000000
5721,0,-0.000000000,0.000000000
5722,0,-0.000000000,0.000000000
5723,0,0.143726170,0.040816327
5724,0,0.102899790,0.026905830
5725,0,0.155714199,0.045168456
5726,0,0.005307016,0.000838206
5727,0,0.144100491,0.040950431
5728,0,0.023252918,0.004550048
5729,0,0.989118863,1.134131677
5730,0,0.069822096,0.016751544
5731,0,-0.000000000,0.000000000
5732,0,-0.000000000,0.000000000
5733,0,0.503258335,0.222222222
5734,0,0.021519932,0.004158004
5735,0,-0.000000000,0.000000000
5736,0,-0.000000000,0.000000000
5737,0,0.503258335,1.777777778
5738,0,-0.000000000,0.000000000
5739,0,0.143726170,0.040816327
5740,0,0.023187512,0.004535147
5741,0,0.508611331,0.225806452
5742,0,0.097226916,0.025089606
5743,0,0.089941788,0.022801303
5744,0,-0.000000000,0.000000000
5745,0,0.985228136,1.142857143
5746,0,-0.000000000,0.000000000
5747,0,-0.000000000,0.000000000
5748,0,-0.000000000,0.000000000
5749,0,0.985228136,1.142857143
5750,0,-0.000000000,0.000000000
5751,0,0.143726170,0.040816327
5752,0,0.004850167,0.000757289
5753,0,0.504155247,0.222820599
5754,0,0.096180499,0.024757844
5755,0,0.154759021,1.955182626
5756,0,0.025124173,0.004979708
5757,0,0.509133707,0.226157895
5758,0,-0.000000000,0.000000000
5759,0,-0.000000000,0.000000000
5760,0,-0.000000000,0.000000000
5761,0,0.143726170,0.040816327
5762,0,-0.000000000,0.000000000
5763,0,-0.000000000,0.000000000
5764,0,-0.000000000,0.000000000
5765,0,0.985228136,0.857142857
5766,0,0.276195428,0.095238095
5767,0,0.607171655,0.297872340
5768,0,0.121595633,0.033096927
5769,0,0.541343992,0.248421053
5770,0,-0.000000000,0.000000000
5771,0,0.143726170,0.040816327
5772,0,0.004850167,0.000757289
5773,0,-0.000000000,0.000000000
5774,0,-0.000000000,0.000000000
5775,0,-0.000000000,0.000000000
5776,0,-0.000000000,0.000000000
5777,0,0.143726170,0.040816327
5778,0,0.023187512,0.004535147
5779,0,-0.000000000,0.000000000
5780,0,-0.000000000,0.000000000
5781,0,0.985228136,0.857142857
5782,0,0.069054382,0.016528926
5783,0,0.522559375,0.235294118
5784,0,0.100530878,0.026143791
5785,0,0.155375364,0.045043830
5786,0,-0.000000000,0.000000000
5787,0,0.143726170,0.040816327
5788,0,0.004850167,0.000757289
5789,0,-0.000000000,0.000000000
5790,0,-0.000000000,0.000000000
5791,0,0.143726170,0.040816327
5792,0,0.004850167,0.000757289
5793,0,0.504155247,0.222820599
5794,0,0.096180499,0.024757844
5795,0,0.154759021,0.044817374
5796,0,0.005270372,0.000831677
5797,0,0.144097576,0.040949386
5798,0,0.004864221,0.000759762
5799,0,0.504158174,0.222822554
5800,0,0.021570467,0.004169354
5801,0,0.145587499,0.041484311
5802,0,-0.000000000,0.000000000
5803,0,0.985228136,0.857142857
5804,0,-0.000000000,0.000000000
5805,0,0.143726170,0.040816327
5806,0,0.023187512,0.004535147
5807,0,0.145750730,0.041543027
5808,0,-0.000000000,0.000000000
5809,0,-0.000000000,0.000000000
5810,0,-0.000000000,0.000000000
5811,0,0.985228136,0.857142857
5812,0,0.276195428,0.095238095
5813,0,0.607171655,0.297872340
5814,0,0.027750437,0.005593288
5815,0,0.509853998,0.226642984
5816,0,-0.000000000,0.000000000
5817,0,0.143726170,0.040816327
5818,0,0.004850167,0.000757289
5819,0,0.985956528,1.141398038
5820,0,-0.000000000,0.000000000
5821,0,0.143726170,0.040816327
5822,0,0.004850167,0.000757289
5823,0,0.985956528,0.858710044
5824,0,-0.000000000,0.000000000
5825,0,-0.000000000,0.000000000
5826,0,-0.000000000,0.000000000
5827,0,-0.000000000,0.000000000
5828,0,-0.000000000,0.000000000
5829,0,0.503258335,0.222222222
5830,0,0.021519932,0.004158004
5831,0,0.145582434,0.041482489
5832,0,0.023512068,0.004609165
5833,0,0.145783759,0.041554910
5834,0,0.004928106,0.000771019
5835,0,-0.000000000,0.000000000
5836,0,-0.000000000,0.000000000
5837,0,0.143726170,0.040816327
5838,0,0.004850167,0.000757289
5839,0,0.144064358,0.040937481
5840,0,0.004862963,0.000759541
5841,0,0.144065364,0.040937841
5842,0,0.004863002,0.000759548
5843,0,0.504157920,0.222822384
5844,0,0.021570453,0.004169351
5845,0,0.508181193,0.225517287
5846,0,-0.000000000,0.000000000
5847,0,-0.000000000,0.000000000
5848,0,-0.000000000,0.000000000
5849,0,-0.000000000,0.000000000
5850,0,-0.000000000,0.000000000
5851,0,0.143726170,0.040816327
5852,0,0.023187512,0.004535147
5853,0,-0.000000000,0.000000000
5854,0,-0.000000000,0.000000000
5855,0,-0.000000000,0.000000000
5856,0,-0.000000000,0.000000000
5857,0,0.143726170,0.040816327
5858,0,0.004850167,0.000757289
5859,0,0.144064358,0.040937481
5860,0,0.004862963,0.000759541
5861,0,0.504157912,0.222822379
5862,0,-0.000000000,0.000000000
5863,0,0.143726170,0.040816327
5864,0,-0.000000000,0.000000000
5865,0,0.143726170,0.040816327
5866,0,0.004850167,0.000757289
5867,0,-0.000000000,0.000000000
5868,0,-0.000000000,0.000000000
5869,0,0.503258335,0.222222222
5870,0,0.021519932,0.004158004
5871,0,0.145582434,0.041482489
5872,0,-0.000000000,0.000000000
5873,0,0.503258335,0.222222222
5874,0,0.095970403,0.024691358
5875,0,-0.000000000,0.000000000
5876,0,-0.000000000,0.000000000
5877,0,0.143726170,0.040816327
5878,0,-0.000000000,0.000000000
5879,0,0.143726170,0.040816327
5880,0,0.023187512,0.004535147
5881,0,0.145750730,0.041543027
5882,0,-0.000000000,0.000000000
5883,0,0.143726170,0.040816327
5884,0,0.004850167,0.000757289
5885,0,0.144064358,0.040937481
5886,0,0.004862963,0.000759541
5887,0,-0.000000000,0.000000000
5888,0,-0.000000000,0.000000000
5889,0,0.503258335,0.222222222
5890,0,0.021519932,0.004158004
5891,0,0.145582434,0.041482489
5892,0,0.023512068,0.004609165
5893,0,0.145783759,0.041554910
5894,0,0.023547299,0.004617212
5895,0,0.989171658,0.866652199
5896,0,0.069833354,0.016754813
5897,0,0.151197557,0.043514896
5898,0,-0.000000000,0.000000000
5899,0,-0.000000000,0.000000000
5900,0,-0.000000000,0.000000000
5901,0,0.985228136,1.142857143
5902,0,0.779349837,1.538461538
5903,0,0.932558826,0.578397213
5904,0,0.428148360,0.175046555
5905,0,-0.000000000,0.000000000
5906,0,-0.000000000,0.000000000
5907,0,0.143726170,0.040816327
5908,0,0.004850167,0.000757289
5909,0,0.144064358,0.040937481
5910,0,-0.000000000,0.000000000
5911,0,0.143726170,0.040816327
5912,0,-0.000000000,0.000000000
5913,0,-0.000000000,0.000000000
5914,0,-0.000000000,0.000000000
5915,0,0.143726170,0.040816327
5916,0,0.102899790,0.026905830
5917,0,0.155714199,0.045168456
5918,0,0.005307016,0.000838206
5919,0,-0.000000000,0.000000000
5920,0,-0.000000000,0.000000000
5921,0,-0.000000000,0.000000000
5922,0,-0.000000000,0.000000000
5923,0,0.503258335,0.222222222
5924,0,0.021519932,0.004158004
5925,0,0.508167846,0.225508318
5926,0,0.097122578,0.025056480
5927,0,0.154891837,0.044866147
5928,0,-0.000000000,0.000000000
5929,0,-0.000000000,0.000000000
5930,0,-0.000000000,0.000000000
5931,0,0.503258335,0.222222222
5932,0,0.095970403,0.024691358
5933,0,0.531882603,1.758241758
5934,0,-0.000000000,0.000000000
5935,0,0.503258335,1.777777778
5936,0,-0.000000000,0.000000000
5937,0,0.503258335,0.222222222
5938,0,-0.000000000,0.000000000
5939,0,0.503258335,0.222222222
5940,0,-0.000000000,0.000000000
5941,0,0.143726170,0.040816327
5942,0,0.004850167,0.000757289
5943,0,-0.000000000,0.000000000
5944,0,-0.000000000,0.000000000
5945,0,0.503258335,0.222222222
5946,0,-0.000000000,0.000000000
5947,0,0.503258335,0.222222222
5948,0,-0.000000000,0.000000000
5949,0,0.143726170,0.040816327
5950,0,0.004850167,0.000757289
5951,0,0.985956528,0.858710044
5952,0,-0.000000000,0.000000000
5953,0,0.985228136,0.857142857
5954,0,0.069054382,0.016528926
5955,0,0.151096971,0.043478261
5956,0,-0.000000000,0.000000000
5957,0,0.985228136,1.142857143
5958,0,0.069054382,0.016528926
5959,0,-0.000000000,0.000000000
5960,0,-0.000000000,0.000000000
5961,0,0.143726170,0.040816327
5962,0,-0.000000000,0.000000000
5963,0,0.143726170,0.040816327
5964,0,-0.000000000,0.000000000
5965,0,0.503258335,0.222222222
5966,0,0.021519932,0.004158004
5967,0,0.508167846,0.225508318
5968,0,-0.000000000,0.000000000
5969,0,0.143726170,0.040816327
5970,0,0.023187512,0.004535147
5971,0,0.145750730,0.041543027
5972,0,-0.000000000,0.000000000
5973,0,0.503258335,0.222222222
5974,0,0.021519932,0.004158004
5975,0,-0.000000000,0.000000000
5976,0,-0.000000000,0.000000000
5977,0,0.143726170,0.040816327
5978,0,0.004850167,0.000757289
5979,0,-0.000000000,0.000000000
5980,0,-0.000000000,0.000000000
5981,0,0.503258335,0.222222222
5982,0,0.095970403,0.024691358
5983,0,0.154729451,0.044806517
5984,0,0.005269238,0.000831475
5985,0,-0.000000000,0.000000000
5986,0,-0.000000000,0.000000000
5987,0,0.503258335,0.222222222
5988,0,0.021519932,0.004158004
5989,0,-0.000000000,0.000000000
5990,0,-0.000000000,0.000000000
5991,0,-0.000000000,0.000000000
5992,0,-0.000000000,0.000000000
5993,0,0.143726170,0.040816327
5994,0,-0.000000000,0.000000000
5995,0,0.143726170,0.040816327
5996,0,-0.000000000,0.000000000
5997,0,-0.000000000,0.000000000
5998,0,-0.000000000,0.000000000
5999,0,0.503258335,0.222222222
