0,0,4.756836229,5.166433843
1,0,4.332749790,5.343497623
2,0,4.072768934,6.526236694
3,0,4.151836123,5.389399310
4,0,2.998489170,6.220695974
5,0,3.693567171,6.347117418
6,0,3.750617268,5.175820822
7,0,3.958408113,5.552992395
8,0,4.010028480,6.605934501
9,0,3.770216801,5.790539511
10,0,3.971939167,5.613403089
11,0,3.514372924,4.382514769
12,0,3.741340883,4.354960380
13,0,3.804942451,3.995382086
14,0,3.637817094,3.201983914
15,0,3.555742080,2.868122534
16,0,2.932625209,2.876483853
17,0,2.800247322,2.999260279
18,0,3.281436993,3.213946329
19,0,3.251086361,2.833372031
20,0,3.443931995,2.721906058
21,0,3.704189201,3.681094130
22,0,2.864474255,1.747483704
23,0,2.965237966,1.850311750
24,0,2.890724604,1.985536618
25,0,1.252005893,0.554078359
26,0,1.871585549,1.213192322
27,0,2.568136502,2.022137107
28,0,1.737188094,1.299511791
29,0,1.388124941,0.728810758
30,0,0.104990540,0.022317810
31,0,1.108944766,1.014395494
32,0,0.408070527,0.103655666
33,0,1.112239022,1.019398243
34,0,1.181284067,0.436570726
35,0,1.319592749,1.048905495
36,0,0.407361626,0.102517575
37,0,1.062883764,1.005024110
38,0,1.946572632,2.001128988
39,0,1.583348041,1.126512430
40,0,1.305239097,0.536659597
41,0,1.072503450,1.004029000
42,0,0.372346993,0.089846266
43,0,1.059314148,1.003901769
44,0,0.343615647,0.085533797
45,0,1.039480260,1.002565484
46,0,1.061029049,0.405056540
47,0,1.042422180,1.001903041
48,0,0.017947442,0.002007948
49,0,1.017869436,1.000148923
50,0,1.048603178,2.000041322
51,0,1.071909685,1.007239724
52,0,-0.000000000,0.000000000
53,0,1.000000000,1.000000000
54,0,1.021928095,1.800000000
55,0,1.905928216,1.642857143
56,0,2.227829068,1.920454545
57,0,2.455428028,2.261531268
58,0,2.717985899,2.453483304
59,0,2.774295417,2.616807881
60,0,2.666312767,2.545167688
61,0,1.538592583,2.404433665
62,0,2.004739469,2.474417165
63,0,1.718724905,2.246832584
64,0,0.933005116,0.686390929
65,0,0.999999918,1.000336300
66,0,1.021928087,0.400000000
67,0,0.999999999,0.999972232
68,0,1.021928095,0.400000000
69,0,1.179522852,1.059319008
70,0,0.343809119,0.094905917
71,0,1.063958156,1.018540205
72,0,0.059646451,0.027314375
73,0,1.014913053,1.002811094
74,0,1.433598994,1.807635287
75,0,1.780569166,2.585955935
76,0,1.783937474,2.123049112
77,0,1.387255660,1.045281402
78,0,1.033496090,1.390207675
79,0,1.051130735,0.423376726
80,0,0.998989987,1.037414543
81,0,0.302271989,0.080000000
82,0,1.012773002,1.000763224
83,0,0.303367085,0.080344681
84,0,1.012827240,1.001371879
85,0,-0.000000000,0.000000000
86,0,1.000000000,1.000000000
87,0,0.302292189,0.080000000
88,0,1.000000000,1.000000000
89,0,0.302292189,0.080000000
90,0,1.000000000,1.000000000
91,0,0.302292189,0.080000000
92,0,1.000000000,1.000000000
93,0,0.302292189,0.080000000
94,0,1.000000000,1.000000000
95,0,-0.000000000,0.000000000
96,0,1.000000000,1.000000000
97,0,-0.000000000,0.000000000
98,0,1.000000000,1.000000000
99,0,1.021928095,0.400000000
100,0,1.743175848,1.177129522
101,0,1.502840143,0.689008043
102,0,1.346550962,1.116868531
103,0,0.326946264,0.224324635
104,0,1.144577055,1.070538994
105,0,1.055325941,0.595723257
106,0,1.330769926,1.048257137
107,0,1.179970248,0.690873289
108,0,1.534910516,1.049475362
109,0,0.940486349,0.683919750
110,0,1.138769078,1.029287395
111,0,0.079328333,0.038976027
112,0,1.031397906,1.007841206
113,0,0.336472354,0.095534825
114,0,1.069127351,1.026101290
115,0,1.088013237,0.430987845
116,0,1.205620454,1.054063329
117,0,1.202506390,0.501273710
118,0,1.258257430,1.072600796
119,0,0.544120128,0.229959042
120,0,1.148704499,1.041288188
121,0,1.157947450,1.835208116
122,0,1.566520743,1.180168609
123,0,0.731139980,0.280905887
124,0,0.999910053,0.988833505
125,0,1.639220788,1.162062429
126,0,1.500000000,2.000000000
127,0,1.785388989,3.431953028
128,0,2.392882101,4.437501872
129,0,1.739370508,4.999308033
130,0,1.424455080,5.373757605
131,0,1.951149405,5.753500694
132,0,2.468803757,4.761692027
133,0,2.899211586,5.753847301
134,0,1.296206558,5.860135832
135,0,2.284111656,4.583096421
136,0,1.243493793,2.782062833
137,0,1.327637170,1.516226098
138,0,1.244437508,0.912230671
139,0,0.886736010,0.917024318
140,0,0.722144418,0.910497441
141,0,0.316712975,0.121627217
142,0,1.124858764,0.460706139
143,0,1.386718653,1.755255970
144,0,1.533882555,1.560946384
145,0,2.119199510,1.437984076
146,0,1.631217568,0.911369988
147,0,1.690625037,1.880333509
148,0,1.791027461,1.193016426
149,0,1.076399981,0.679623149
150,0,1.032019805,0.471363647
151,0,0.797152419,0.302223033
152,0,-0.000000000,0.000000000
153,0,1.000000000,1.000000000
154,0,-0.000000000,0.000000000
155,0,1.000000000,1.000000000
156,0,-0.000000000,0.000000000
157,0,1.000000000,1.000000000
158,0,1.500000000,2.000000000
159,0,1.000000000,1.000000000
160,0,1.500000000,1.000000000
161,0,1.220308818,1.039361702
162,0,-0.000000000,0.000000000
163,0,1.000000000,1.000000000
164,0,1.870950594,1.400000000
165,0,1.532052555,1.123333333
166,0,2.005036854,1.382798460
167,0,1.619002908,1.153878287
168,0,2.122312390,1.437291967
169,0,1.757511760,1.233446690
170,0,2.090226001,2.141011317
171,0,2.855057225,2.074702092
172,0,1.823367511,1.438616045
173,0,1.355145919,1.129973744
174,0,0.372418866,0.252206613
175,0,1.015907491,1.004410624
176,0,1.014574994,0.577545416
177,0,1.692767769,1.685361668
178,0,2.094304352,1.350388792
179,0,1.879257492,1.555732731
180,0,2.091428484,1.541993421
181,0,1.898676441,1.565363296
182,0,0.269032969,0.090697924
183,0,0.173816196,0.051609053
184,0,1.648032252,1.205383077
185,0,1.425414630,1.480688666
186,0,0.719053513,0.397133684
187,0,0.993834483,0.400000176
188,0,0.998213058,0.950222184
189,0,0.302257016,0.080000071
190,0,1.000000102,1.000801459
191,0,0.000000725,0.000000063
192,0,1.000000016,1.000000003
193,0,0.302292207,0.080000002
194,0,1.000000018,1.000000002
195,0,1.500000001,1.000000000
196,0,1.764492377,1.205555556
197,0,2.049186635,2.008300589
198,0,1.190629985,1.035824421
199,0,0.010493039,0.005452934
200,0,1.000498837,1.000151604
201,0,0.002926723,0.001286730
202,0,1.000155679,1.000035185
203,0,0.000198955,0.000065578
204,0,1.000178881,1.000061561
205,0,0.302346802,0.080016763
206,0,1.060207519,1.008227134
207,0,1.037656348,0.408577559
208,0,1.000017863,1.000005522
209,0,1.021945404,0.400005261
210,0,1.784348638,1.213469671
211,0,1.445655639,0.657533488
212,0,1.404171746,1.104755746
213,0,1.156143372,2.005898453
214,0,1.062622554,1.011198052
215,0,0.309008798,0.082157213
216,0,0.999999998,0.999950332
217,0,0.302292189,0.080000000
218,0,1.060184319,1.008221328
219,0,1.041964305,0.409739145
220,0,1.237511020,1.043908422
221,0,0.344305257,0.094396922
222,0,1.314470922,1.063750125
223,0,1.144185149,0.469031386
224,0,1.276459530,1.060994229
225,0,0.368547688,0.108854103
226,0,1.352686706,1.083000950
227,0,2.043512103,1.336650503
228,0,1.667836725,1.194283324
229,0,0.593955242,0.224970300
230,0,1.190997049,1.046457387
231,0,2.020100554,1.423663899
232,0,1.650322754,1.298075188
233,0,1.619103615,0.798505898
234,0,1.500316052,1.158146372
235,0,1.479272110,0.741045825
236,0,1.407985514,1.198354774
237,0,1.954419321,1.255196755
238,0,1.843596065,1.563199741
239,0,1.772255593,0.825603676
240,0,0.372043095,0.141596787
241,0,0.241100640,0.078868955
242,0,1.677285967,1.207530503
243,0,1.066033433,0.479207091
244,0,1.463138410,0.787612152
245,0,0.664979282,0.346405631
246,0,0.295591775,0.080000000
247,0,1.012531990,1.012108530
248,0,0.303364575,0.080344681
249,0,1.060426003,1.008024237
250,0,1.884642710,2.000088812
251,0,1.539034840,2.999826290
252,0,1.926210037,2.082828759
253,0,1.414455294,1.146765445
254,0,0.379374224,0.117722266
255,0,1.046122673,1.025636678
256,0,1.058742816,0.424884039
257,0,1.025814406,1.014614684
258,0,1.021928095,2.000010783
259,0,1.052690404,1.007038741
260,0,1.882728310,2.000357215
261,0,1.000000000,1.000001465
262,0,0.302292189,0.080000000
263,0,1.257422929,1.047844867
264,0,0.344348102,0.093783079
265,0,1.020038001,1.003327150
266,0,0.005706697,0.002729503
267,0,1.002229796,1.000879773
268,0,0.002560975,0.001157839
269,0,1.000000000,1.000000000
270,0,-0.000000000,0.000000000
271,0,1.000000000,1.000000000
272,0,1.021928095,0.400000000
273,0,1.273804171,1.086561955
274,0,0.418902318,1.996675227
275,0,1.129144321,1.024148828
276,0,0.391900580,0.122472036
277,0,1.085771417,1.003245388
278,0,1.265536832,1.061180740
279,0,1.019844818,0.550706561
280,0,1.456253952,0.620116480
281,0,1.864914335,1.421023434
282,0,2.079785136,2.079144756
283,0,1.585606200,1.782442188
284,0,1.029034444,2.089865550
285,0,1.941808245,1.448539832
286,0,1.538104714,0.820347495
287,0,1.107271345,0.483014364
288,0,1.418658384,0.600384987
289,0,0.000204395,0.000045783
290,0,1.000058727,1.000005511
291,0,1.870972645,2.000000848
292,0,1.138764273,1.022290653
293,0,0.319778110,0.085653353
294,0,1.013650184,1.001489904
295,0,1.024777961,0.401545712
296,0,1.052890721,1.007066992
297,0,1.035438127,0.407364941
298,0,1.053639712,1.007189904
299,0,0.307903061,0.081803235
300,0,1.013053344,1.001413209
301,0,1.024636519,0.401470335
302,0,1.000000017,1.000000001
303,0,0.000000021,0.000000002
304,0,1.000000020,1.000000001
305,0,1.021928098,0.400000000
306,0,1.052690405,1.007034221
307,0,1.035378563,0.407332871
308,0,1.053635336,1.007189192
309,0,0.307902432,0.081803056
310,0,1.061449039,1.008434177
311,0,0.000000000,0.000000000
312,0,1.000000000,1.000000000
313,0,0.000000000,0.000000000
314,0,1.000000000,1.000000000
315,0,0.000000000,0.000000000
316,0,1.000000000,1.000000000
317,0,1.870950594,1.200000000
318,0,1.138751800,1.022289157
319,0,1.064163411,0.423273040
320,0,1.000000000,1.000000000
321,0,0.000000000,0.000000000
322,0,1.000000000,1.000000000
323,0,1.021928095,0.400000000
324,0,1.000000000,1.000000000
325,0,1.021928095,0.400000000
326,0,1.228118215,1.041111111
327,0,1.929031819,1.394469234
328,0,1.564697597,1.134457026
329,0,1.259909242,0.540911767
330,0,1.071656622,1.010352706
331,0,1.042003931,0.410594737
332,0,1.054500109,1.007370435
333,0,0.308339053,0.081904405
334,0,1.013168829,1.001436800
335,0,0.000139645,0.000021128
336,0,1.000127499,1.000007907
337,0,0.000167362,0.000020489
338,0,1.000032357,1.000005122
339,0,0.302306264,0.080001910
340,0,1.012777108,1.001378014
341,0,1.873461790,1.202352339
342,0,1.139114715,1.022365197
343,0,0.319822023,0.085668994
344,0,1.013651960,1.001490151
345,0,0.303453100,0.080371708
346,0,1.012832244,1.001384989
347,0,1.873473961,1.202364160
348,0,1.000000344,1.000000024
349,0,0.000001416,0.000000122
350,0,1.000000024,1.000000002
351,0,0.302292215,0.080000003
352,0,1.012773770,1.001377513
353,0,0.303367099,0.080344681
354,0,1.000000005,1.000000000
355,0,0.000000007,0.000000000
356,0,1.000000000,1.000000000
357,0,0.302292189,0.080000000
358,0,1.000000000,1.000000000
359,0,0.302292189,0.080000000
360,0,1.060184319,1.008222222
361,0,1.546468512,2.004071504
362,0,1.000000000,1.000000000
363,0,0.000000000,0.000000000
364,0,1.000000000,1.000000000
365,0,1.021928095,0.400000000
366,0,1.052690404,1.007034221
367,0,0.000000000,0.000000000
368,0,1.000000000,1.000000000
369,0,1.021928095,0.400000000
370,0,1.000000000,1.000000000
371,0,0.000000000,0.000000000
372,0,1.000000000,1.000000000
373,0,0.000000000,0.000000000
374,0,1.000000000,1.000000000
375,0,0.000000000,0.000000000
376,0,1.000000000,1.000000000
377,0,0.000000000,0.000000000
378,0,1.000000000,1.000000000
379,0,1.021928095,0.400000000
380,0,1.052690404,1.007034221
381,0,1.882728310,1.211927297
382,0,1.140580750,1.022673289
383,0,1.064857309,0.423639453
384,0,1.055778145,1.007545769
385,0,1.036333858,0.407832662
386,0,1.794499125,1.217732604
387,0,1.391178104,0.631816627
388,0,1.081678746,1.012021682
389,0,1.754035654,1.064904038
390,0,1.261772927,1.050337311
391,0,0.340051469,0.092387815
392,0,1.069590219,1.010002937
393,0,0.310762493,0.082664559
394,0,1.000961999,1.000212119
395,0,0.001250607,0.000194694
396,0,1.001123525,1.000240687
397,0,1.871053064,1.200017792
398,0,1.138796398,1.022298955
399,0,0.319796508,0.085656769
400,0,1.064133873,1.008887399
401,0,0.309217784,0.082226110
402,0,1.013120560,1.001421802
403,0,0.303400865,0.080355280
404,0,1.000001008,1.000000060
405,0,1.500000201,1.000000054
406,0,1.220309013,1.039361750
407,0,0.333275066,0.090089460
408,0,1.067190727,1.009407582
409,0,0.309600691,0.082349759
410,0,1.013138550,1.001424156
411,0,1.873541989,1.399805150
412,0,1.139126301,1.022367687
413,0,0.000000014,0.000000007
414,0,1.000000022,1.000000008
415,0,0.302292194,0.080000001
416,0,1.000000002,1.000000000
417,0,1.870950595,2.000000000
418,0,1.138751800,1.022289157
419,0,0.319766260,0.085651291
420,0,1.013646706,1.001489339
421,0,0.303450145,0.080371189
422,0,1.012831428,1.001384869
423,0,0.303372553,0.080346423
424,0,1.000000000,1.000000000
425,0,0.302292189,0.080000000
426,0,1.000000000,1.000000000
427,0,0.000000000,0.000000000
428,0,1.000000000,1.000000000
429,0,0.000000000,0.000000000
430,0,1.000000000,1.000000000
431,0,0.000000000,0.000000000
432,0,1.000000000,1.000000000
433,0,1.870950594,1.200000000
434,0,1.138751800,1.022289157
435,0,1.064163411,0.423273040
436,0,1.055681397,1.007526645
437,0,0.308151796,0.081882976
438,0,1.262551274,1.049096469
439,0,1.113408507,0.451336110
440,0,1.000000000,1.000000000
441,0,1.870950594,1.200000000
442,0,1.532052555,1.123333333
443,0,0.401554049,0.113415966
444,0,1.017831718,1.002040046
445,0,1.874602388,2.000105500
446,0,1.000000000,1.000000000
447,0,0.000000000,0.000000000
448,0,1.000000000,1.000000000
449,0,1.870950594,1.200000000
450,0,1.000000000,1.000000000
451,0,1.021928095,0.400000000
452,0,1.000000000,1.000000000
453,0,1.021928095,0.400000000
454,0,1.000000000,1.000000000
455,0,1.021928095,0.400000000
456,0,1.228118215,1.041111111
457,0,0.000000000,0.000000000
458,0,1.000000000,1.000000000
459,0,1.021928095,2.000000000
460,0,1.052690404,1.007034221
461,0,0.307787926,0.081766365
462,0,1.000000000,1.000000000
463,0,1.021928095,1.800000000
464,0,1.052690404,1.007034221
465,0,1.540702475,1.012017043
466,0,1.000000000,1.000000000
467,0,0.302292189,0.080000000
468,0,1.060184319,1.008222222
469,0,1.037639028,1.797315197
470,0,1.000000000,1.000000000
471,0,1.870950594,1.200000000
472,0,1.000000000,1.000000000
473,0,1.021928095,0.400000000
474,0,1.052690404,1.007034221
475,0,0.000000000,0.000000000
476,0,1.000000000,1.000000000
477,0,1.021928095,2.000000000
478,0,1.228118215,1.041111111
479,0,0.334665510,0.090549664
480,0,1.000000000,1.000000000
481,0,1.870950594,1.400000000
482,0,1.000000000,1.000000000
483,0,0.302292189,0.080000000
484,0,1.012773762,1.001377513
485,0,1.024571058,0.401435139
486,0,1.000000000,1.000000000
487,0,1.021928095,1.800000000
488,0,1.000000000,1.000000000
489,0,0.302292189,0.080000000
490,0,1.060184319,1.008222222
491,0,1.884579970,2.000413041
492,0,1.538974315,1.125639290
493,0,1.246182145,0.532404152
494,0,1.293408046,1.057134204
495,0,0.000315920,0.000073586
496,0,1.000039538,1.000006132
497,0,1.021968617,0.400007813
498,0,1.052705284,1.007035705
499,0,0.000048677,0.000005618
500,0,1.000045006,1.000002437
501,0,1.021934892,0.400001114
502,0,1.228119198,1.041111307
503,0,0.334666612,0.090549834
504,0,1.000001092,1.000000054
505,0,0.302292682,0.080000056
506,0,1.012773881,1.001377520
507,0,0.303367164,0.080344689
508,0,1.060426414,1.008262716
509,0,0.000000008,0.000000001
510,0,1.000000008,1.000000001
511,0,0.000000010,0.000000001
512,0,1.000000000,1.000000000
513,0,0.302292189,0.080000000
514,0,1.012773762,1.001377513
515,0,1.024571058,0.401435139
516,0,1.052875527,1.007064537
517,0,0.000000000,0.000000000
518,0,1.000000000,1.000000000
519,0,0.302292189,0.080000000
520,0,1.012773762,1.001377513
521,0,0.303367094,0.080344681
522,0,1.012827240,1.001384331
523,0,0.303372157,0.080346297
524,0,1.060427563,1.008262910
525,0,0.000000000,0.000000000
526,0,1.000000000,1.000000000
527,0,1.021928095,0.400000000
528,0,1.000000000,1.000000000
529,0,0.302292189,0.080000000
530,0,1.012773762,1.001377513
531,0,1.024571058,0.401435139
532,0,1.052875527,1.007064537
533,0,0.307810326,0.081773543
534,0,1.000000000,1.000000000
535,0,0.302292189,0.080000000
536,0,1.060184319,1.008222222
537,0,0.000000000,0.000000000
538,0,1.000000000,1.000000000
539,0,0.302292189,0.080000000
540,0,1.000000000,1.000000000
541,0,1.870950594,1.200000000
542,0,1.138751800,1.022289157
543,0,0.319766260,0.085651291
544,0,1.013646706,1.001489339
545,0,1.024776119,0.401545426
546,0,1.228910656,1.041297624
547,0,1.099296758,0.443195143
548,0,1.058224504,1.007949658
549,0,0.308464394,0.081983191
550,0,1.000000000,1.000000000
551,0,0.000000000,0.000000000
552,0,1.000000000,1.000000000
553,0,0.000000000,0.000000000
554,0,1.000000000,1.000000000
555,0,0.000000000,0.000000000
556,0,1.000000000,1.000000000
557,0,0.302292189,0.080000000
558,0,1.060184319,1.008222222
559,0,0.308717777,1.959288542
560,0,1.000000000,1.000000000
561,0,0.302292189,0.080000000
562,0,1.000000000,1.000000000
563,0,0.000000000,0.000000000
564,0,1.000000000,1.000000000
565,0,0.302292189,0.080000000
566,0,1.012773762,1.001377513
567,0,1.024571058,0.401435139
568,0,1.000000000,1.000000000
569,0,0.302292189,0.080000000
570,0,1.060184319,1.008222222
571,0,0.308717777,0.082066230
572,0,1.000000000,1.000000000
573,0,1.021928095,0.400000000
574,0,1.052690404,1.007034221
575,0,1.035378563,2.000000000
576,0,1.231864424,1.041994141
577,0,1.930093964,1.394484966
578,0,2.347665581,1.866319410
579,0,1.781535970,2.001855053
580,0,1.961750704,1.746260935
581,0,2.285657303,1.519412871
582,0,2.172100713,1.419156226
583,0,1.648297398,0.829643515
584,0,1.475033351,1.120348953
585,0,1.854708430,2.066374271
586,0,1.328093918,1.081639894
587,0,2.000171277,2.016872622
588,0,1.196080634,1.041853362
589,0,0.368723477,0.106802714
590,0,1.044927428,1.006634322
591,0,1.034339051,1.802754536
592,0,1.057325081,1.007779211
593,0,0.311335277,0.082730303
594,0,1.061885989,1.008519240
595,0,1.885291621,2.000448088
596,0,1.539364563,1.966640394
597,0,1.246487068,2.000076945
598,0,1.293509760,2.999997490
599,0,1.947746165,2.002819888
600,0,1.000423736,1.000067457
601,0,0.000512851,0.000099555
602,0,1.000468418,1.000092992
603,0,1.022024344,0.400019511
604,0,1.052722608,1.007040453
605,0,0.000118432,0.000014165
606,0,1.000022924,1.000001325
607,0,1.870953837,2.000000072
608,0,1.905930090,3.000000000
609,0,1.584009784,2.000000160
610,0,1.239469492,1.045344169
611,0,0.336325291,0.091048138
612,0,1.287449258,1.055335402
613,0,0.000000339,0.000000049
614,0,1.000000094,1.000000006
615,0,0.000000115,0.000000011
616,0,1.000000025,1.000000001
617,0,0.000000031,0.000000003
618,0,1.000000001,1.000000000
619,0,0.302292190,0.080000000
620,0,1.012773763,1.001377513
621,0,0.303367094,0.080344681
622,0,1.012827240,1.001384331
623,0,1.024583561,0.401441863
624,0,1.052876414,1.007064684
625,0,0.000000000,0.000000000
626,0,1.000000000,1.000000000
627,0,1.021928095,0.400000000
628,0,1.052690404,1.007034221
629,0,1.035378563,0.407332871
630,0,1.053635335,1.007189192
631,0,1.541475700,1.012306784
632,0,1.777120275,1.210773581
633,0,0.475954095,0.140459802
634,0,1.000486691,1.000117630
635,0,1.022430006,0.400120862
636,0,1.228237734,1.041142675
637,0,2.079322908,2.101557996
638,0,1.000098959,1.000025626
639,0,0.000115161,0.000024560
640,0,1.000014276,1.000002047
641,0,0.000019276,0.000004264
642,0,1.000000000,1.000000000
643,0,0.302292189,0.080000000
644,0,1.083711990,1.003225806
645,0,1.605677215,1.412280859
646,0,1.331240721,0.713902803
647,0,1.898393798,1.553019532
648,0,1.790052989,1.231067965
649,0,1.568589719,1.964058735
650,0,2.192736896,1.582809571
651,0,2.310136196,1.560319852
652,0,1.721455962,0.824763378
653,0,0.583300398,0.237591377
654,0,1.421889114,1.132951245
655,0,1.300318859,2.078190181
656,0,2.094631608,2.390076027
657,0,1.564445915,2.322774835
658,0,1.338964211,2.309384162
659,0,1.008375406,2.323686970
660,0,1.583761219,2.309467870
661,0,2.115627122,2.268272306
662,0,1.654825693,2.088522067
663,0,2.098870001,2.312225018
664,0,1.286178142,2.150340919
665,0,2.075448884,1.876899576
666,0,1.883379057,2.175501366
667,0,2.448608812,2.816151801
668,0,2.461427079,3.076394069
669,0,2.567616038,2.771034177
670,0,2.627131959,3.440278037
671,0,2.523799707,3.122710864
672,0,2.362421428,4.180159253
673,0,2.436891124,3.304710726
674,0,1.746859623,1.838803538
675,0,1.596973853,0.797398040
676,0,0.970511592,0.395575288
677,0,1.965856852,1.401565843
678,0,1.555221908,0.890472170
679,0,1.648640740,0.766553412
680,0,0.562331815,0.249421373
681,0,0.356590295,0.135034945
682,0,1.677927683,1.400000000
683,0,1.096326384,1.252078066
684,0,1.888756976,1.396932795
685,0,1.543801345,1.204179998
686,0,0.405754281,0.114999198
687,0,1.018059804,0.998983771
688,0,1.874655286,1.203477463
689,0,1.139281811,1.023412348
690,0,1.605909425,2.011863634
691,0,1.232879502,1.043045949
692,0,1.100817219,0.443984332
693,0,0.999999999,0.999954945
694,0,-0.000000000,0.000000000
695,0,1.000000000,1.000000000
696,0,0.302292189,0.080000000
697,0,1.012773762,1.001377513
698,0,0.303367094,0.080344681
699,0,1.012827240,1.001384331
700,0,1.024583561,0.401441863
701,0,1.052876414,1.007064684
702,0,-0.000000000,0.000000000
703,0,1.000000000,1.000000000
704,0,0.302292189,0.080000000
705,0,1.012773762,1.001377513
706,0,1.024571058,0.401435139
707,0,1.052875527,1.007064537
708,0,1.035433409,0.407362557
709,0,1.000000000,1.000000000
710,0,1.021928095,0.400000000
711,0,1.000000000,1.000000000
712,0,0.302292189,1.960000000
713,0,1.257422929,1.047844828
714,0,-0.000000000,0.000000000
715,0,1.000000000,1.000000000
716,0,1.021928095,0.400000000
717,0,1.052690404,1.007034221
718,0,1.882728310,1.211927297
719,0,1.140549722,1.022667574
720,0,0.320036584,1.958029848
721,0,1.013660635,1.001491251
722,0,1.510522568,1.002609869
723,0,1.221198496,1.039583205
724,0,-0.000000000,0.000000000
725,0,1.000000000,1.000000000
726,0,0.302292189,0.080000000
727,0,1.000000000,1.000000000
728,0,1.870950594,1.400000000
729,0,1.532052555,1.123333333
730,0,0.401554049,0.113415966
731,0,1.017831718,1.002040046
732,0,1.874602388,1.203424809
733,0,1.139274417,1.022399739
734,0,1.064351508,0.423376003
735,0,1.000000000,0.999999869
736,0,1.021928095,1.800000000
737,0,1.784319623,1.213461523
738,0,0.478971583,0.141605494
739,0,1.100894659,1.015459650
740,0,0.314115324,0.083803699
741,0,1.062867710,1.008674480
742,0,0.309053149,1.959255341
743,0,1.013110853,1.001420579
744,0,1.873535766,2.000072114
745,0,1.533223671,1.123729544
746,0,0.401849800,0.113519274
747,0,1.000000000,0.999999893
748,0,0.302292189,0.080000000
749,0,1.060184319,1.008222220
750,0,1.546468512,2.004071500
751,0,1.000000000,0.999999998
752,0,0.302292189,0.080000000
753,0,1.012773762,1.001377513
754,0,0.303367094,0.080344681
755,0,1.012827240,1.001384331
756,0,0.303372157,0.080346297
757,0,1.012827496,1.001384364
758,0,-0.000000000,0.000000000
759,0,1.000000000,1.000000000
760,0,1.870950594,1.200000000
761,0,1.138751800,1.022289157
762,0,1.064163411,0.423273040
763,0,1.000000000,1.000000000
764,0,-0.000000000,0.000000000
765,0,1.000000000,1.000000000
766,0,1.870950594,1.200000000
767,0,1.138751800,1.022289157
768,0,1.904985459,1.396932795
769,0,1.549824119,1.129392752
770,0,0.406086678,0.115002411
771,0,1.018075178,1.002074954
772,0,0.303883438,0.080509511
773,0,1.060544330,1.008282638
774,0,-0.000000000,0.000000000
775,0,1.000000000,1.000000000
776,0,-0.000000000,0.000000000
777,0,1.000000000,1.000000000
778,0,1.870950594,2.000000000
779,0,1.138751800,1.022289157
780,0,-0.000000000,0.000000000
781,0,1.000000000,1.000000000
782,0,-0.000000000,0.000000000
783,0,1.000000000,1.000000000
784,0,1.021928095,0.400000000
785,0,1.052690404,1.007034221
786,0,1.035378563,0.407332871
787,0,1.000000000,1.000000000
788,0,0.302292189,0.080000000
789,0,1.012773762,1.001377513
790,0,-0.000000000,0.000000000
791,0,1.000000000,1.000000000
792,0,0.302292189,0.080000000
793,0,1.012773762,1.001377513
794,0,-0.000000000,0.000000000
795,0,1.000000000,1.000000000
796,0,0.302292189,0.080000000
797,0,1.012773762,1.001377513
798,0,1.873460820,1.202352203
799,0,1.533188612,1.123717540
800,0,0.401841006,2.000000256
801,0,1.000000000,1.000000103
802,0,-0.000000000,0.000000000
803,0,1.000000000,1.000000000
804,0,0.302292189,0.080000000
805,0,1.060184319,1.008222222
806,0,1.041964123,0.409739087
807,0,1.237510801,1.043908152
808,0,1.974048616,1.284709729
809,0,1.382575762,1.218810521
810,0,1.386832801,0.639528329
811,0,1.498301318,1.272606734
812,0,1.382991829,0.672364127
813,0,1.258135599,1.102695429
814,0,0.037435137,0.023283629
815,0,1.007934459,1.003305083
816,0,1.896331172,1.921428571
817,0,1.187200307,1.208333333
818,0,1.623426985,1.021518924
819,0,1.918603736,1.444492055
820,0,1.471696694,1.308635246
821,0,1.964503927,1.997972558
822,0,2.029648715,2.816659780
823,0,0.914039477,0.341426951
824,0,0.614962143,0.197067795
825,0,0.180063204,0.054366556
826,0,0.390382296,0.108748720
827,0,1.059976439,0.465680525
828,0,1.899102225,1.792812649
829,0,0.724630983,0.394664543
830,0,1.323755960,0.541728960
831,0,1.494125903,0.720439660
832,0,0.210480879,0.066198729
833,0,1.662946701,1.404639169
834,0,1.577336926,1.568937085
835,0,2.116952507,1.509937466
836,0,1.815380420,1.491837640
837,0,1.589508846,1.510676905
838,0,1.313644590,0.730067941
839,0,1.522602099,0.777830952
840,0,1.464298288,0.627964986
841,0,0.848769107,0.301011289
842,0,1.106513269,0.499363705
843,0,0.992370259,0.897245883
844,0,-0.000000000,0.000000000
845,0,1.000000000,1.000000000
846,0,0.302292189,0.080000000
847,0,1.000000000,1.000000000
848,0,1.870950594,2.000000000
849,0,1.532052555,1.123333333
850,0,0.401554049,0.113415966
851,0,1.342829059,1.069731435
852,0,0.356701652,0.097900548
853,0,1.000000000,1.000000000
854,0,1.870950594,2.000000000
855,0,1.138751800,1.022289157
856,0,0.319766260,0.085651291
857,0,1.013646706,1.001489339
858,0,1.024776119,0.401545426
859,0,1.052890066,1.007066939
860,0,1.035437713,0.407364882
861,0,1.000000000,1.000000000
862,0,1.500000000,1.000000000
863,0,1.764492375,1.205555556
864,0,2.049186634,1.479764244
865,0,1.000000000,1.000000000
866,0,0.302292189,0.080000000
867,0,1.012773762,1.001377513
868,0,1.873460820,1.399805497
869,0,1.139104175,1.022363362
870,0,1.905087842,1.237201494
871,0,1.549766668,1.129370242
872,0,-0.000000000,0.000000000
873,0,1.000000000,1.000000000
874,0,1.870950594,1.200000000
875,0,1.138751800,1.022289157
876,0,1.064163411,2.000000000
877,0,1.000000000,1.000000000
878,0,1.021928095,2.000000000
879,0,1.000000000,1.000000000
880,0,1.870950594,2.000000000
881,0,1.000000000,1.000000000
882,0,0.302292189,0.080000000
883,0,1.012773762,1.001377513
884,0,1.873460820,2.000069790
885,0,2.306664179,3.000004793
886,0,2.228404461,4.000009008
887,0,2.175973394,3.018138421
888,0,1.809342977,2.037080160
889,0,1.915893342,1.284568269
890,0,1.458237383,1.731116845
891,0,1.088610846,1.013366015
892,0,1.892379609,1.399343495
893,0,1.142089170,1.023000521
894,0,1.065366220,0.423930589
895,0,1.055769935,1.007541583
896,0,1.677838734,2.022138906
897,0,1.243381532,1.045067453
898,0,0.337294928,0.091405942
899,0,1.014536739,1.001605004
900,0,0.303535600,0.080398452
901,0,1.000000000,1.000000000
902,0,0.302292189,0.080000000
903,0,1.000000000,1.000000000
904,0,1.870950594,1.200000000
905,0,1.000000000,1.000000000
906,0,1.870950594,1.200000000
907,0,1.000000000,1.000000000
908,0,1.870950594,2.000000000
909,0,1.138751800,1.022289157
910,0,0.319766260,0.085651291
911,0,1.000000000,1.000000000
912,0,0.302292189,0.080000000
913,0,1.012773762,1.001377513
914,0,-0.000000000,0.000000000
915,0,1.000000000,1.000000000
916,0,1.021928095,0.400000000
917,0,1.000000000,1.000000000
918,0,-0.000000000,0.000000000
919,0,1.000000000,1.000000000
920,0,1.021928095,1.800000000
921,0,1.052690404,1.007034221
922,0,1.882728310,1.211927297
923,0,1.140537854,1.022665803
924,0,-0.000000000,0.000000000
925,0,1.000000000,1.000000000
926,0,1.021928095,0.400000000
927,0,1.000000000,1.000000000
928,0,-0.000000000,0.000000000
929,0,1.000000000,1.000000000
930,0,1.021928095,0.400000000
931,0,1.000000000,1.000000000
932,0,0.302292189,0.080000000
933,0,1.060184319,1.008222222
934,0,-0.000000000,0.000000000
935,0,1.000000000,1.000000000
936,0,0.302292189,0.080000000
937,0,1.257422929,1.047844828
938,0,1.111242665,0.450092421
939,0,1.059100504,1.008096207
940,0,0.308572754,0.082017939
941,0,1.000000000,1.000000000
942,0,-0.000000000,0.000000000
943,0,1.000000000,1.000000000
944,0,1.021928095,0.400000000
945,0,1.052690404,1.007034221
946,0,-0.000000000,0.000000000
947,0,1.000000000,1.000000000
948,0,0.302292189,0.080000000
949,0,1.000000000,1.000000000
950,0,1.870950594,1.200000000
951,0,1.532052555,1.123333333
952,0,-0.000000000,0.000000000
953,0,1.000000000,1.000000000
954,0,1.021928095,0.400000000
955,0,1.228118215,1.041111111
956,0,0.334665510,0.090549664
957,0,1.067506413,1.009461600
958,0,-0.000000000,0.000000000
959,0,1.000000000,1.000000000
960,0,1.021928095,0.400000000
961,0,1.228118215,1.041111111
962,0,1.668546004,1.063790075
963,0,1.000000000,1.000000000
964,0,1.870950594,1.400000000
965,0,1.000000000,1.000000000
966,0,1.021928095,2.000000000
967,0,1.784319623,3.000000000
968,0,1.385153104,2.000000000
969,0,1.000000000,1.000000000
970,0,0.302292189,0.080000000
971,0,1.000000000,1.000000000
972,0,-0.000000000,0.000000000
973,0,1.000000000,1.000000000
974,0,-0.000000000,0.000000000
975,0,1.000000000,1.000000000
976,0,-0.000000000,0.000000000
977,0,1.000000000,1.000000000
978,0,-0.000000000,0.000000000
979,0,1.000000000,1.000000000
980,0,0.302292189,0.080000000
981,0,1.012773762,1.001377513
982,0,-0.000000000,0.000000000
983,0,1.000000000,1.000000000
984,0,1.870950594,1.200000000
985,0,1.138751800,1.022289157
986,0,-0.000000000,0.000000000
987,0,1.000000000,1.000000000
988,0,1.021928095,0.400000000
989,0,1.052690404,1.007034221
990,0,0.307787926,0.081766365
991,0,1.013047487,1.001412456
992,0,0.303393045,0.080352964
993,0,1.000000000,1.000000000
994,0,-0.000000000,0.000000000
995,0,1.000000000,1.000000000
996,0,1.870950594,1.400000000
997,0,1.138751800,1.022289157
998,0,1.064163411,0.423273040
999,0,1.055681397,1.007526645
1000,0,0.308151796,0.081882976
1001,0,1.000000000,1.000000000
1002,0,1.021928095,0.400000000
1003,0,1.000000000,1.000000000
1004,0,1.021928095,1.800000000
1005,0,1.228118215,1.041111111
1006,0,1.098973413,0.443011606
1007,0,1.000000000,1.000000000
1008,0,1.021928095,1.800000000
1009,0,1.052690404,1.998098859
1010,0,1.882728310,2.000353882
1011,0,1.140537854,1.022665803
1012,0,-0.000000000,0.000000000
1013,0,1.000000000,1.000000000
1014,0,1.021928095,1.800000000
1015,0,1.228118215,1.041111111
1016,0,1.098973413,0.443011606
1017,0,1.249825024,1.046290602
1018,0,0.338552698,0.091832391
1019,0,1.014596732,1.001612529
1020,0,1.511285416,1.002841571
1021,0,1.221246495,1.039595282
1022,0,1.663987621,2.017966354
1023,0,1.240966790,1.044572775
1024,0,1.104097661,0.445811546
1025,0,1.000000000,1.000000000
1026,0,1.021928095,2.000000000
1027,0,1.228118215,1.041111111
1028,0,0.334665510,0.090549664
1029,0,1.000000000,1.000000000
1030,0,-0.000000000,0.000000000
1031,0,1.000000000,1.000000000
1032,0,0.302292189,0.080000000
1033,0,1.012773762,1.001377513
1034,0,0.303367094,0.080344681
1035,0,1.060426407,1.008262715
1036,0,0.308747931,0.082075909
1037,0,1.263066992,1.049222152
1038,0,0.341073766,0.092677073
1039,0,1.000000000,1.000000000
1040,0,-0.000000000,0.000000000
1041,0,1.000000000,1.000000000
1042,0,1.500000000,2.000000000
1043,0,1.220308818,1.039361702
1044,0,0.333274852,0.090089391
1045,0,1.000000000,1.000000000
1046,0,-0.000000000,0.000000000
1047,0,1.000000000,1.000000000
1048,0,1.870950594,2.000000000
1049,0,1.000000000,1.000000000
1050,0,1.021928095,2.000000000
1051,0,1.052690404,1.007034221
1052,0,-0.000000000,0.000000000
1053,0,1.000000000,1.000000000
1054,0,0.302292189,0.080000000
1055,0,1.060184319,1.008222222
1056,0,1.037639028,0.408572389
1057,0,1.795425933,1.218125073
1058,0,0.482836773,0.143053872
1059,0,1.000000000,1.000000000
1060,0,1.021928095,0.400000000
1061,0,1.052690404,1.007034221
1062,0,0.307787926,0.081766365
1063,0,1.000000000,1.000000000
1064,0,1.021928095,0.400000000
1065,0,1.228118215,1.041111111
1066,0,1.098973413,2.000000000
1067,0,1.058200532,1.007945613
1068,0,1.037026519,0.408225387
1069,0,1.000000000,1.000000000
1070,0,1.870950594,1.400000000
1071,0,2.305215896,1.863636364
1072,0,2.129487735,2.592925659
1073,0,2.622774582,1.883433388
1074,0,2.012350627,2.026058091
1075,0,2.556654912,1.797426256
1076,0,1.940013160,1.238510640
1077,0,1.155600504,1.026709674
1078,0,0.322185349,0.086408406
1079,0,1.275035095,1.052206456
1080,0,1.118714701,0.454383737
1081,0,1.000000000,1.000000000
1082,0,0.302292189,0.080000000
1083,0,1.000000000,1.000000000
1084,0,-0.000000000,0.000000000
1085,0,1.000000000,1.000000000
1086,0,0.302292189,0.080000000
1087,0,1.060184319,1.008222222
1088,0,1.037639028,0.408572389
1089,0,1.053794829,1.007215404
1090,0,0.307921800,0.081809263
1091,0,1.013054267,1.001413330
1092,0,1.873523159,2.000071722
1093,0,1.000000000,1.000000000
1094,0,1.870950594,1.200000000
1095,0,1.138751800,1.022289157
1096,0,1.904985459,1.396932795
1097,0,2.326950978,1.522134481
1098,0,1.765403009,2.000000000
1099,0,1.122236143,1.019691888
1100,0,-0.000000000,0.000000000
1101,0,1.000000000,1.000000000
1102,0,0.302292189,0.080000000
1103,0,1.000000000,1.000000000
1104,0,-0.000000000,0.000000000
1105,0,1.000000000,1.000000000
1106,0,1.021928095,0.400000000
1107,0,1.052690404,1.007034221
1108,0,0.307787926,0.081766365
1109,0,1.013047487,1.001412456
1110,0,-0.000000000,0.000000000
1111,0,1.000000000,1.000000000
1112,0,0.302292189,0.080000000
1113,0,1.000000000,1.000000000
1114,0,-0.000000000,0.000000000
1115,0,1.000000000,1.000000000
1116,0,1.021928095,0.400000000
1117,0,1.000000000,1.000000000
1118,0,-0.000000000,0.000000000
1119,0,1.000000000,1.000000000
1120,0,0.302292189,0.080000000
1121,0,1.012773762,1.001377513
1122,0,-0.000000000,0.000000000
1123,0,1.000000000,1.000000000
1124,0,-0.000000000,0.000000000
1125,0,1.000000000,1.000000000
1126,0,1.500000000,2.000000000
1127,0,1.220308818,1.039361702
1128,0,1.926928570,2.001904011
1129,0,1.562416931,1.133744770
1130,0,1.865624021,2.048951353
1131,0,2.573190212,3.002509342
1132,0,2.030522398,2.022930918
1133,0,1.242943958,1.046540510
1134,0,0.336884829,0.091222684
1135,0,1.014536634,1.001606544
1136,0,0.303535372,0.080398331
1137,0,1.060464942,1.008269222
1138,0,0.308752723,0.082077445
1139,0,1.000000000,1.000000000
1140,0,1.500000000,2.000000000
1141,0,1.220308818,1.039361702
1142,0,-0.000000000,0.000000000
1143,0,1.000000000,1.000000000
1144,0,1.021928095,0.400000000
1145,0,1.052690404,1.007034221
1146,0,0.307787926,0.081766365
1147,0,1.061422809,1.008429735
1148,0,0.308872313,0.082115836
1149,0,1.013101689,1.001419396
1150,0,1.024647849,0.401476435
1151,0,1.000000000,1.000000000
1152,0,0.302292189,0.080000000
1153,0,1.000000000,1.000000000
1154,0,1.021928095,2.000000000
1155,0,1.000000000,1.000000000
1156,0,1.021928095,1.800000000
1157,0,1.000000000,1.000000000
1158,0,1.021928095,0.400000000
1159,0,1.000000000,1.000000000
1160,0,1.021928095,0.400000000
1161,0,1.052690404,1.007034221
1162,0,-0.000000000,0.000000000
1163,0,1.000000000,1.000000000
1164,0,-0.000000000,0.000000000
1165,0,1.000000000,1.000000000
1166,0,-0.000000000,0.000000000
1167,0,1.000000000,1.000000000
1168,0,1.500000000,2.000000000
1169,0,1.905928216,1.642857143
1170,0,1.776700037,2.025299401
1171,0,1.264946138,1.051798364
1172,0,0.340924774,0.092562219
1173,0,1.014743336,1.001633604
1174,0,1.511419413,1.002889689
1175,0,1.221259132,1.039598608
1176,0,0.333435965,0.090141853
1177,0,1.067228788,1.009414217
1178,0,1.039804664,0.409749318
1179,0,1.053949590,1.007241067
1180,0,0.307940566,0.081815270
1181,0,1.262363752,1.049050224
1182,0,0.340943183,0.092633756
1183,0,1.014715397,1.001627791
1184,0,-0.000000000,0.000000000
1185,0,1.000000000,1.000000000
1186,0,1.021928095,0.400000000
1187,0,1.000000000,1.000000000
1188,0,-0.000000000,0.000000000
1189,0,1.000000000,1.000000000
1190,0,0.302292189,0.080000000
1191,0,1.000000000,1.000000000
1192,0,1.021928095,0.400000000
1193,0,1.228118215,1.041111111
1194,0,-0.000000000,0.000000000
1195,0,1.000000000,1.000000000
1196,0,0.302292189,0.080000000
1197,0,1.048419662,1.009171844
1198,0,0.885699156,0.557302769
1199,0,1.450401779,1.007475946
1200,0,1.526574971,0.849447146
1201,0,1.232335261,0.692943680
1202,0,1.608819050,1.449817507
1203,0,1.519150039,1.212132955
1204,0,1.899291506,1.151234244
1205,0,2.040891458,1.785790765
1206,0,1.828299173,2.880463276
1207,0,2.243554448,2.916451489
1208,0,1.959401640,2.403656826
1209,0,0.606670627,0.278526880
1210,0,1.266163846,0.510174559
1211,0,0.725546089,0.238135265
1212,0,1.750496826,1.360480271
1213,0,0.110891527,0.029748450
1214,0,0.974470997,0.410370480
1215,0,1.277024173,0.681445328
1216,0,0.031042732,0.006818613
1217,0,0.937583621,1.804318237
1218,0,1.333334837,0.850910288
1219,0,0.996797150,0.483934476
1220,0,1.807212552,1.301674816
1221,0,1.633423630,1.338863266
1222,0,0.233615142,0.076039948
1223,0,1.044841484,0.427068705
1224,0,1.665699461,1.535181825
1225,0,0.872362806,1.414318198
1226,0,0.299739445,0.080000000
1227,0,0.999967902,0.993329403
1228,0,1.870940965,1.995997642
1229,0,0.999997751,0.998234254
1230,0,1.870949920,1.400000000
1231,0,1.532052313,1.123810085
1232,0,-0.000000000,0.000000000
1233,0,1.000000000,1.000000000
1234,0,1.870950594,2.000000000
1235,0,1.532052555,3.000000000
1236,0,2.476451191,2.526155187
1237,0,2.712350574,3.051838362
1238,0,2.013605309,2.091627538
1239,0,1.269492593,1.081100399
1240,0,-0.000000000,0.000000000
1241,0,1.000000000,1.000000000
1242,0,0.302292189,0.080000000
1243,0,1.038594890,1.010875847
1244,0,0.310594254,1.960929266
1245,0,1.013869832,1.001993617
1246,0,1.873890391,1.202528795
1247,0,1.139530332,1.022267657
1248,0,1.094360435,0.433556802
1249,0,1.205530444,1.067741092
1250,0,0.188308224,0.112577345
1251,0,1.181201469,1.077951832
1252,0,1.420573948,0.732126852
1253,0,1.680322794,1.233149656
1254,0,1.225945232,0.490355826
1255,0,1.438576752,0.719046798
1256,0,0.844182544,0.327903672
1257,0,2.105403841,1.440025920
1258,0,1.341707568,1.075422154
1259,0,0.743692836,0.727119227
1260,0,1.225257951,1.115198816
1261,0,1.249136853,0.551404158
1262,0,1.342185092,1.203472054
1263,0,0.390203042,0.286226167
1264,0,1.258642163,1.155397150
1265,0,-0.000000000,0.000000000
1266,0,1.000000000,1.000000000
1267,0,1.009051350,0.575824176
1268,0,0.675238019,0.221787505
1269,0,0.468321834,0.155053974
1270,0,1.049688872,0.428354522
1271,0,0.100359313,0.026088802
1272,0,1.601058388,1.200000000
1273,0,0.951512950,0.742199977
1274,0,1.017079390,0.400000000
1275,0,1.052243358,1.028648253
1276,0,1.035328463,1.797703404
1277,0,0.999996494,1.002204541
1278,0,-0.000000000,0.000000000
1279,0,1.000000000,1.000000000
1280,0,1.870950594,1.400000000
1281,0,1.000000000,1.000000000
1282,0,0.302292189,0.080000000
1283,0,1.060184319,1.008222222
1284,0,-0.000000000,0.000000000
1285,0,1.000000000,1.000000000
1286,0,-0.000000000,0.000000000
1287,0,1.000000000,1.000000000
1288,0,-0.000000000,0.000000000
1289,0,1.000000000,1.000000000
1290,0,1.021928095,0.400000000
1291,0,1.000000000,1.000000000
1292,0,1.500000000,1.000000000
1293,0,1.933721860,1.602150538
1294,0,1.835777129,1.542004049
1295,0,1.844236954,1.008545405
1296,0,1.431268547,1.010443590
1297,0,1.764761010,2.057515768
1298,0,1.652781106,2.765608895
1299,0,0.949065642,3.581844253
1300,0,1.713390814,2.953512285
1301,0,1.468542082,2.581286264
1302,0,1.686929799,2.904315618
1303,0,1.478443868,2.560986350
1304,0,-0.000000000,0.000000000
1305,0,1.000000000,1.000000000
1306,0,-0.000000000,0.000000000
1307,0,1.000000000,1.000000000
1308,0,0.302292189,0.080000000
1309,0,1.060184319,1.008222222
1310,0,1.884579970,1.213921204
1311,0,1.000000000,1.000000000
1312,0,0.302292189,0.080000000
1313,0,1.060184319,1.008222222
1314,0,1.546468512,1.013997302
1315,0,1.000000000,1.000000000
1316,0,1.870950594,2.000000000
1317,0,1.138751800,1.022289157
1318,0,1.064163411,0.423273040
1319,0,1.000000000,1.000000000
1320,0,0.302292189,0.080000000
1321,0,1.060184319,1.008222222
1322,0,1.546468512,1.013997302
1323,0,1.000000000,1.000000000
1324,0,0.302292189,0.080000000
1325,0,1.012773762,1.001377513
1326,0,1.024571058,1.799550526
1327,0,1.228852925,1.041283932
1328,0,-0.000000000,0.000000000
1329,0,1.000000000,1.000000000
1330,0,-0.000000000,0.000000000
1331,0,1.000000000,1.000000000
1332,0,1.021928095,1.800000000
1333,0,1.228118215,1.041111111
1334,0,0.334665510,0.090549664
1335,0,1.000000000,1.000000000
1336,0,1.021928095,0.400000000
1337,0,1.784319623,1.213461538
1338,0,1.385153104,0.627492130
1339,0,1.081126596,1.011921259
1340,0,1.890221893,1.219631450
1341,0,1.542086945,1.126712924
1342,0,2.007524828,1.386537128
1343,0,1.166762428,1.028407474
1344,0,0.324085922,0.087049694
1345,0,1.013869602,1.001520959
1346,0,1.024828754,0.401573622
1347,0,1.052893814,1.007067812
1348,0,0.307812534,0.081774249
1349,0,1.000000000,0.999999995
1350,0,0.302292189,0.080000000
1351,0,1.000000000,1.000000000
1352,0,-0.000000000,0.000000000
1353,0,1.000000000,1.000000000
1354,0,0.302292189,0.080000000
1355,0,1.257422929,1.047844828
1356,0,1.936898942,1.393614425
1357,0,1.000000000,1.000000000
1358,0,-0.000000000,0.000000000
1359,0,1.000000000,1.000000000
1360,0,1.021928095,0.400000000
1361,0,1.228118215,1.041111111
1362,0,0.334665510,0.090549664
1363,0,1.000000000,1.000000000
1364,0,1.870950594,2.000000000
1365,0,1.000000000,1.000000000
1366,0,1.500000000,2.000000000
1367,0,1.220308818,1.039361702
1368,0,1.095770152,1.787104738
1369,0,1.000000000,1.000000000
1370,0,-0.000000000,0.000000000
1371,0,1.000000000,1.000000000
1372,0,-0.000000000,0.000000000
1373,0,1.000000000,1.000000000
1374,0,0.302292189,0.080000000
1375,0,1.012773762,1.001377513
1376,0,0.303367094,0.080344681
1377,0,1.000000000,1.000000000
1378,0,0.302292189,0.080000000
1379,0,1.257422929,1.047844828
1380,0,-0.000000000,0.000000000
1381,0,1.000000000,1.000000000
1382,0,1.870950594,2.000000000
1383,0,1.532052555,1.123333333
1384,0,-0.000000000,0.000000000
1385,0,1.000000000,1.000000000
1386,0,-0.000000000,0.000000000
1387,0,1.000000000,1.000000000
1388,0,-0.000000000,0.000000000
1389,0,1.000000000,1.000000000
1390,0,1.021928095,0.400000000
1391,0,1.052690404,1.007034221
1392,0,0.307787926,0.081766365
1393,0,1.013047487,1.001412456
1394,0,1.024635137,0.401469601
1395,0,1.000000000,1.000000000
1396,0,0.302292189,0.080000000
1397,0,1.012773762,1.001377513
1398,0,-0.000000000,0.000000000
1399,0,1.000000000,1.000000000
1400,0,1.021928095,0.400000000
1401,0,1.000000000,1.000000000
1402,0,-0.000000000,0.000000000
1403,0,1.000000000,1.000000000
1404,0,0.302292189,0.080000000
1405,0,1.012773762,1.001377513
1406,0,0.303367094,0.080344681
1407,0,1.000000000,1.000000000
1408,0,1.870950594,1.400000000
1409,0,1.000000000,1.000000000
1410,0,0.302292189,0.080000000
1411,0,1.060184319,1.008222222
1412,0,1.037639028,0.408572389
1413,0,1.000000000,1.000000000
1414,0,0.302292189,0.080000000
1415,0,1.000000000,1.000000000
1416,0,0.302292189,0.080000000
1417,0,1.000000000,1.000000000
1418,0,1.021928095,0.400000000
1419,0,1.052690404,1.007034221
1420,0,-0.000000000,0.000000000
1421,0,1.000000000,1.000000000
1422,0,1.021928095,0.400000000
1423,0,1.228118215,1.041111111
1424,0,-0.000000000,0.000000000
1425,0,1.000000000,1.000000000
1426,0,0.302292189,0.080000000
1427,0,1.000000000,1.000000000
1428,0,0.302292189,0.080000000
1429,0,1.257422929,1.047844828
1430,0,1.111242665,0.450092421
1431,0,1.059100504,1.008096207
1432,0,-0.000000000,0.000000000
1433,0,1.000000000,1.000000000
1434,0,1.021928095,0.400000000
1435,0,1.000000000,1.000000000
1436,0,1.021928095,1.800000000
1437,0,1.000000000,1.000000000
1438,0,0.302292189,0.080000000
1439,0,1.000000000,1.000000000
1440,0,0.302292189,0.080000000
1441,0,1.060184319,1.008222222
1442,0,1.884579970,1.213921204
1443,0,1.140850104,1.022731944
1444,0,-0.000000000,0.000000000
1445,0,1.000000000,1.000000000
1446,0,1.870950594,1.200000000
1447,0,1.000000000,1.000000000
1448,0,0.302292189,0.080000000
1449,0,1.012773762,1.001377513
1450,0,1.024571058,0.401435139
1451,0,1.000000000,1.000000000
1452,0,1.021928095,0.400000000
1453,0,1.052690404,1.007034221
1454,0,0.307787926,0.081766365
1455,0,1.013047487,1.001412456
1456,0,1.873521637,1.399805129
1457,0,1.000000000,1.000000000
1458,0,0.302292189,0.080000000
1459,0,1.257422929,1.047844828
1460,0,-0.000000000,0.000000000
1461,0,1.000000000,1.000000000
1462,0,0.302292189,0.080000000
1463,0,1.060184319,1.008222222
1464,0,1.037639028,0.408572389
1465,0,1.053794829,1.007215404
1466,0,-0.000000000,0.000000000
1467,0,1.000000000,1.000000000
1468,0,0.302292189,0.080000000
1469,0,1.000000000,1.000000000
1470,0,1.500000000,2.000000000
1471,0,1.000000000,1.000000000
1472,0,1.500000000,2.000000000
1473,0,1.220308818,1.039361702
1474,0,-0.000000000,0.000000000
1475,0,1.000000000,1.000000000
1476,0,1.021928095,0.400000000
1477,0,1.052690404,1.007034221
1478,0,-0.000000000,0.000000000
1479,0,1.000000000,1.000000000
1480,0,0.302292189,1.960000000
1481,0,1.012773762,1.999627699
1482,0,2.227829068,1.920454545
1483,0,1.995444490,1.907335843
1484,0,1.576233830,1.434917246
1485,0,0.999922210,0.989615514
1486,0,0.302290633,0.080000000
1487,0,1.012773704,1.001207016
1488,0,0.303367093,0.080344681
1489,0,1.000000000,1.000003389
1490,0,1.021928095,0.400000000
1491,0,1.000000000,0.999999720
1492,0,-0.000000000,0.000000000
1493,0,1.000000000,1.000000000
1494,0,0.302292189,0.080000000
1495,0,1.000000000,1.000000000
1496,0,0.302292189,0.080000000
1497,0,1.012773762,1.001377513
1498,0,0.303566849,0.080385332
1499,0,1.000212257,1.000054630
1500,0,0.302344855,0.080012502
1501,0,1.038643564,1.010887580
1502,0,0.310602586,0.082611501
1503,0,1.066202879,1.009259011
1504,0,0.018074679,0.006860970
1505,0,1.006941975,1.001373650
1506,0,-0.000000000,0.000000000
1507,0,1.000000000,1.000000000
1508,0,-0.000000000,0.000000000
1509,0,1.000000000,1.000000000
1510,0,-0.000000000,0.000000000
1511,0,1.000000000,1.000000000
1512,0,1.413276880,0.729411765
1513,0,1.385552802,1.056231884
1514,0,2.130205710,1.922943630
1515,0,1.804497523,1.070936331
1516,0,2.014824895,1.420843705
1517,0,1.500307697,0.840794767
1518,0,0.788027705,0.416274800
1519,0,0.804440520,0.307374557
1520,0,0.648157678,0.214129098
1521,0,0.330461055,0.094746721
1522,0,1.068157940,0.989794417
1523,0,1.040793874,0.410358626
1524,0,1.054018132,1.003384236
1525,0,-0.000000000,0.000000000
1526,0,1.000000000,1.000000000
1527,0,1.021928095,0.400000000
1528,0,1.312452296,1.078169935
1529,0,1.523133057,1.837056819
1530,0,1.432605847,1.977335572
1531,0,1.966510908,2.220597644
1532,0,1.883850827,2.439935837
1533,0,2.066209535,1.332454301
1534,0,1.289076077,0.821231554
1535,0,0.882815685,0.572451138
1536,0,1.522570872,1.333176620
1537,0,0.955538167,0.709818130
1538,0,1.435568038,1.332245295
1539,0,1.529783194,2.042373376
1540,0,1.435118316,1.293420393
1541,0,0.308924424,0.082114277
1542,0,1.013111785,1.001277215
1543,0,0.303399073,0.080354870
1544,0,1.000000000,0.999997137
1545,0,0.302292189,0.080000000
1546,0,1.012773762,1.001377466
1547,0,0.303367094,0.080344681
1548,0,1.258363482,1.048073652
1549,0,0.340203288,2.000000000
1550,0,1.915853422,1.661820020
1551,0,1.584445359,1.308011412
1552,0,1.000000000,0.999999996
1553,0,0.302292189,0.080000000
1554,0,1.012773762,1.001377513
1555,0,1.024571058,0.401435139
1556,0,1.000000000,1.000000000
1557,0,1.870950594,2.000000000
1558,0,1.000000000,1.000000000
1559,0,0.302292189,0.080000000
1560,0,1.257422929,1.047844828
1561,0,1.936898942,1.277223427
1562,0,1.150286205,1.024744443
1563,0,0.321517042,0.086217298
1564,0,1.000000000,1.000000000
1565,0,0.302292189,0.080000000
1566,0,1.012773762,1.001377513
1567,0,1.024571058,2.000000000
1568,0,1.052875527,1.007064537
1569,0,0.308648545,0.081982882
1570,0,1.049736395,1.012003030
1571,0,0.346933801,0.099235816
1572,0,1.094835594,1.018874475
1573,0,0.360581434,0.105186499
1574,0,1.053040743,1.024551265
1575,0,1.655764056,1.070640253
1576,0,0.999999929,0.999686890
1577,0,0.302292188,0.080000000
1578,0,1.048428783,1.011680417
1579,0,1.063640061,0.417406204
1580,0,1.176831323,1.074912901
1581,0,1.587127178,1.025618674
1582,0,1.568520721,1.703449781
1583,0,1.685453718,2.483003790
1584,0,1.330072473,2.976697976
1585,0,1.462850523,3.684799017
1586,0,-0.000000000,0.000000000
1587,0,1.000000000,1.000000000
1588,0,0.302292189,0.080000000
1589,0,1.012773762,1.001377513
1590,0,0.303566849,0.080385332
1591,0,1.013044103,1.001439745
1592,0,0.303619840,0.080399893
1593,0,1.060706291,1.008321903
1594,0,0.309763479,0.082337303
1595,0,1.264884476,1.049655628
1596,0,0.345869671,0.094305365
1597,0,1.020491973,1.003465257
1598,0,-0.000000000,0.000000000
1599,0,1.000000000,1.000000000
1600,0,1.413276880,2.370588235
1601,0,1.505074777,2.774225043
1602,0,1.722895027,1.181686192
1603,0,1.463278411,1.557062058
1604,0,2.039084186,2.363734571
1605,0,2.229479286,2.842186494
1606,0,2.036345530,4.238429012
1607,0,1.733215846,3.815617830
1608,0,0.600290091,1.707567352
1609,0,-0.000000000,0.000000000
1610,0,1.000000000,1.000000000
1611,0,0.302292189,0.080000000
1612,0,1.000000000,1.000000000
1613,0,-0.000000000,0.000000000
1614,0,1.000000000,1.000000000
1615,0,0.302292189,0.080000000
1616,0,1.012773762,1.001377513
1617,0,-0.000000000,0.000000000
1618,0,1.000000000,1.000000000
1619,0,1.021928095,0.400000000
1620,0,1.052690404,1.007034221
1621,0,0.307787926,0.081766365
1622,0,1.013047487,1.001412456
1623,0,0.303393045,0.080352964
1624,0,1.012828549,1.001384499
1625,0,0.303372281,0.080346336
1626,0,1.012827502,1.001384365
1627,0,1.024583623,0.401441896
1628,0,1.052876418,1.007064684
1629,0,0.308648670,0.081982921
1630,0,1.040471132,1.008501823
1631,0,0.045316451,0.019844634
1632,0,1.044595912,1.022726031
1633,0,0.313922037,0.084611054
1634,0,1.239851421,1.048255057
1635,0,1.970859481,1.284797839
1636,0,1.045823678,1.019399286
1637,0,0.316225677,0.085773684
1638,0,1.014974524,1.001979490
1639,0,1.027474118,0.402316976
1640,0,1.055347878,1.007679840
1641,0,-0.000000000,0.000000000
1642,0,1.000000000,1.000000000
1643,0,1.021928095,0.400000000
1644,0,1.179520228,1.046609604
1645,0,-0.000000000,0.000000000
1646,0,1.000000000,1.000000000
1647,0,1.021928095,0.400000000
1648,0,1.052690404,1.007034221
1649,0,0.317750852,0.085114389
1650,0,1.053346194,1.010334178
1651,0,0.350351583,0.100858155
1652,0,1.033916387,1.012136709
1653,0,1.954439733,1.245712558
1654,0,1.597603260,1.168813082
1655,0,-0.000000000,0.000000000
1656,0,1.000000000,1.000000000
1657,0,-0.000000000,0.000000000
1658,0,1.000000000,1.000000000
1659,0,1.500000000,2.000000000
1660,0,1.764492375,1.205555556
1661,0,2.157870405,1.435009324
1662,0,1.325110847,1.139443946
1663,0,1.663659633,1.043784775
1664,0,2.582055867,1.832992576
1665,0,2.306444201,1.542685169
1666,0,2.116839059,1.538136143
1667,0,0.638107679,0.244193682
1668,0,1.209988539,1.120377538
1669,0,-0.000000000,0.000000000
1670,0,1.000000000,1.000000000
1671,0,-0.000000000,0.000000000
1672,0,1.000000000,1.000000000
1673,0,1.870950594,2.000000000
1674,0,2.280023028,1.538616715
1675,0,2.318800880,1.882614880
1676,0,2.787238655,2.040918264
1677,0,2.760111282,2.840511630
1678,0,2.276929306,2.799006443
1679,0,2.131707144,3.313531569
1680,0,1.725123311,2.193021555
1681,0,2.034398683,2.992055361
1682,0,-0.000000000,0.000000000
1683,0,1.000000000,1.000000000
1684,0,0.302292189,2.000000000
1685,0,1.084886310,1.014810458
1686,0,0.043331460,0.018914517
1687,0,1.142418053,1.114164905
1688,0,1.051370111,0.595693829
1689,0,1.453827621,1.505796743
1690,0,1.529951040,0.842169422
1691,0,1.654709475,1.608487690
1692,0,1.653030814,2.566264753
1693,0,1.338742388,1.052886963
1694,0,2.042243834,1.429660223
1695,0,1.669791357,1.346072469
1696,0,0.679133556,0.270133366
1697,0,1.288033209,1.105667121
1698,0,0.622313048,0.307828472
1699,0,1.195638931,1.051178878
1700,0,0.463793968,0.168806626
1701,0,1.098083186,1.044969036
1702,0,-0.000000000,0.000000000
1703,0,1.000000000,1.000000000
1704,0,0.302292189,0.080000000
1705,0,1.060184319,1.008222222
1706,0,-0.000000000,0.000000000
1707,0,1.000000000,1.000000000
1708,0,1.500000000,2.000000000
1709,0,1.000000000,1.000000000
1710,0,0.302292189,0.080000000
1711,0,1.060184319,1.008222222
1712,0,0.308717777,0.082066230
1713,0,1.000000000,1.000000000
1714,0,-0.000000000,0.000000000
1715,0,1.000000000,1.000000000
1716,0,0.302292189,0.080000000
1717,0,1.012773762,1.001377513
1718,0,-0.000000000,0.000000000
1719,0,1.000000000,1.000000000
1720,0,0.302292189,0.080000000
1721,0,1.060184319,1.008222222
1722,0,1.884579970,2.000413041
1723,0,2.313514362,1.511207384
1724,0,0.778168227,0.267457022
1725,0,1.000000000,1.000003424
1726,0,-0.000000000,0.000000000
1727,0,1.000000000,1.000000000
1728,0,1.500000000,1.000000000
1729,0,1.220308818,1.039361702
1730,0,0.333274852,0.090089391
1731,0,1.000000000,1.000000000
1732,0,-0.000000000,0.000000000
1733,0,1.000000000,1.000000000
1734,0,1.870950594,2.000000000
1735,0,1.138751800,1.022289157
1736,0,-0.000000000,0.000000000
1737,0,1.000000000,1.000000000
1738,0,1.500000000,2.000000000
1739,0,1.220308818,1.039361702
1740,0,-0.000000000,0.000000000
1741,0,1.000000000,1.000000000
1742,0,1.021928095,1.800000000
1743,0,1.228118215,1.041111111
1744,0,1.098973413,0.443011606
1745,0,1.249825024,1.046290602
1746,0,1.684215804,1.071825015
1747,0,1.827355348,1.233475354
1748,0,0.492993023,0.146815796
1749,0,1.419794410,1.091388867
1750,0,-0.000000000,0.000000000
1751,0,1.000000000,1.000000000
1752,0,-0.000000000,0.000000000
1753,0,1.000000000,1.000000000
1754,0,0.302292189,0.080000000
1755,0,1.060184319,1.008222222
1756,0,0.308717777,0.082066230
1757,0,1.013093875,1.001418389
1758,0,1.024646017,0.401475452
1759,0,1.000000000,1.000000000
1760,0,0.302292189,0.080000000
1761,0,1.060184319,1.008222222
1762,0,0.308717777,0.082066230
1763,0,1.000000000,1.000000000
1764,0,1.021928095,0.400000000
1765,0,1.000000000,1.000000000
1766,0,1.870950594,1.400000000
1767,0,1.309912665,1.129332206
1768,0,2.142581975,1.506508876
1769,0,1.831775221,1.278982472
1770,0,0.916108521,0.556646082
1771,0,1.369054209,1.278628034
1772,0,0.751262294,0.613436354
1773,0,1.443633903,1.589803579
1774,0,1.256980469,0.623114371
1775,0,1.246214520,1.187463166
1776,0,0.810581395,1.367434275
1777,0,1.297310186,1.282978131
1778,0,1.513708316,2.001685427
1779,0,1.776007687,1.209356077
1780,0,0.015139438,0.008250874
1781,0,1.012150624,1.007640871
1782,0,1.872727216,2.000734385
1783,0,1.533855915,3.000822816
1784,0,1.935825307,3.337424286
1785,0,1.940373837,1.997881594
1786,0,1.834657295,1.026456329
1787,0,1.562355439,0.839909005
1788,0,1.917779223,1.105658783
1789,0,1.642389580,1.289507542
1790,0,0.065580773,0.045502574
1791,0,1.051473433,1.043387593
1792,0,0.313273317,0.087751570
1793,0,1.000000000,1.000000000
1794,0,-0.000000000,0.000000000
1795,0,1.000000000,1.000000000
1796,0,1.870950594,2.000000000
1797,0,2.305215896,3.000000000
1798,0,2.129487735,2.101318945
1799,0,1.000000000,1.000000000
1800,0,1.870950594,1.400000000
1801,0,1.000000000,1.000000000
1802,0,0.302292189,0.080000000
1803,0,1.000000000,1.000000000
1804,0,1.021928095,2.000000000
1805,0,1.000000000,1.000000000
1806,0,0.302292189,0.080000000
1807,0,1.000000000,1.000000000
1808,0,1.021928095,0.400000000
1809,0,1.052690404,1.007034221
1810,0,1.035378563,0.407332871
1811,0,1.053635335,1.007189192
1812,0,0.307902432,0.081803056
1813,0,1.061449039,1.008434177
1814,0,1.038024310,0.408781629
1815,0,1.232604759,1.042169389
1816,0,1.100808030,1.786251633
1817,0,1.250357366,1.046420708
1818,0,1.108155713,0.448242049
1819,0,1.252493261,1.046943650
1820,0,0.339037277,0.091992451
1821,0,1.014621744,1.001615819
1822,0,-0.000000000,0.000000000
1823,0,1.000000000,1.000000000
1824,0,-0.000000000,0.000000000
1825,0,1.000000000,1.000000000
1826,0,0.302292189,0.080000000
1827,0,1.060184319,1.008222222
1828,0,0.308717777,0.082066230
1829,0,1.013093875,1.001418389
1830,0,1.873531956,2.000071995
1831,0,1.139116886,1.022366096
1832,0,0.319821065,0.085668994
1833,0,1.064141368,1.008888309
1834,0,0.309213846,0.082225498
1835,0,1.013118960,1.001421624
1836,0,1.024651900,0.401478609
1837,0,1.228875688,1.041289331
1838,0,0.334799065,0.090593651
1839,0,1.067537243,1.009466926
1840,0,1.552413186,1.016272099
1841,0,1.225828987,1.040729906
1842,0,1.928619462,2.001935785
1843,0,2.342621497,1.865164081
1844,0,1.776780459,1.999830006
1845,0,1.123900591,1.019954994
1846,0,0.317398204,0.084860881
1847,0,1.013535568,1.001477143
1848,0,1.024749834,0.401531140
1849,0,1.000000000,0.999999844
1850,0,0.302292189,0.080000000
1851,0,1.000000000,1.000000003
1852,0,0.302292189,0.080000000
1853,0,1.000000000,1.000000000
1854,0,-0.000000000,0.000000000
1855,0,1.000000000,1.000000000
1856,0,0.302292189,0.080000000
1857,0,1.012773762,1.001377513
1858,0,1.024571058,1.799550526
1859,0,1.052875527,1.007064537
1860,0,-0.000000000,0.000000000
1861,0,1.000000000,1.000000000
1862,0,-0.000000000,0.000000000
1863,0,1.000000000,1.000000000
1864,0,1.021928095,0.400000000
1865,0,1.052690404,1.007034221
1866,0,0.307787926,0.081766365
1867,0,1.000000000,1.000000000
1868,0,-0.000000000,0.000000000
1869,0,1.000000000,1.000000000
1870,0,1.021928095,0.400000000
1871,0,1.784319623,1.213461538
1872,0,-0.000000000,0.000000000
1873,0,1.000000000,1.000000000
1874,0,1.021928095,0.400000000
1875,0,1.228118215,1.041111111
1876,0,0.334665510,0.090549664
1877,0,1.014397000,1.001586340
1878,0,1.024953970,0.401641094
1879,0,1.786467462,1.214360276
1880,0,0.479714320,0.141883432
1881,0,1.021981218,1.002607133
1882,0,1.026824275,0.402647907
1883,0,1.000000000,1.000000000
1884,0,1.021928095,0.400000000
1885,0,1.000000000,1.000000000
1886,0,1.021928095,1.800000000
1887,0,1.000000000,1.000000000
1888,0,0.302292189,0.080000000
1889,0,1.000000000,1.000000000
1890,0,1.500000000,2.000000000
1891,0,2.473808192,1.693750000
1892,0,2.042035234,2.018861607
1893,0,1.235055863,1.044377013
1894,0,-0.000000000,0.000000000
1895,0,1.000000000,1.000000000
1896,0,1.500000000,1.000000000
1897,0,1.000000000,1.000000000
1898,0,1.500000000,1.000000000
1899,0,1.968231785,1.370261438
1900,0,1.854142810,1.003482049
1901,0,1.588556760,1.089218127
1902,0,1.440738099,0.671137267
1903,0,1.412682544,1.064192446
1904,0,1.303217972,1.081811236
1905,0,1.483753570,0.750686862
1906,0,1.618404875,1.521306460
1907,0,1.204667596,0.877728850
1908,0,2.252402266,1.532616546
1909,0,1.744106243,1.122357673
1910,0,1.360691587,0.719812770
1911,0,0.778975921,0.405678793
1912,0,0.753310831,0.282454431
1913,0,1.422665451,1.173671441
1914,0,0.878950177,0.596190674
1915,0,1.009823113,1.800000000
1916,0,1.774450950,1.164538485
1917,0,-0.000000000,0.000000000
1918,0,1.000000000,1.000000000
1919,0,0.302292189,0.080000000
1920,0,1.000000000,1.000000000
1921,0,0.302292189,0.080000000
1922,0,1.000000000,1.000000000
1923,0,-0.000000000,0.000000000
1924,0,1.000000000,1.000000000
1925,0,0.302292189,0.080000000
1926,0,1.012773762,1.001377513
1927,0,0.303566849,0.080385332
1928,0,1.060603819,1.008299019
1929,0,1.037726501,0.408618940
1930,0,1.000000000,0.999996954
1931,0,1.021928095,0.400000000
1932,0,1.228118215,1.041110837
1933,0,1.098973413,1.786529114
1934,0,1.838206190,1.236565142
1935,0,1.417370550,0.650958821
1936,0,1.347520610,1.071449220
1937,0,1.150664238,0.472941281
1938,0,1.062092992,1.008606966
1939,0,1.885181616,1.399049419
1940,0,1.140985345,1.022759763
1941,0,0.320089739,0.085755787
1942,0,1.064203868,1.008898612
1943,0,-0.000000000,0.000000000
1944,0,1.000000000,1.000000000
1945,0,1.021928095,1.800000000
1946,0,1.228118215,1.041111111
1947,0,-0.000000000,0.000000000
1948,0,1.000000000,1.000000000
1949,0,1.021928095,0.400000000
1950,0,1.052690404,1.007034221
1951,0,0.307787926,0.081766365
1952,0,1.061422809,1.008429735
1953,0,1.547471394,1.014377623
1954,0,1.000000000,1.000000000
1955,0,0.302292189,0.080000000
1956,0,1.000000000,1.000000000
1957,0,-0.000000000,0.000000000
1958,0,1.000000000,1.000000000
1959,0,-0.000000000,0.000000000
1960,0,1.000000000,1.000000000
1961,0,1.021928095,0.400000000
1962,0,1.179520228,1.046609604
1963,0,0.163929445,0.096437182
1964,0,1.162047186,1.110902759
1965,0,1.180779696,0.504522740
1966,0,1.175630798,1.064092634
1967,0,0.193155649,0.123739081
1968,0,1.168799019,1.074594174
1969,0,1.185340186,0.510516766
1970,0,1.543881905,1.368802060
1971,0,0.775592123,0.754566410
1972,0,1.368148812,1.234117058
1973,0,1.456976886,0.752676037
1974,0,1.477991390,1.062148738
1975,0,2.261859029,1.482783180
1976,0,1.698418655,1.453174852
1977,0,1.324551084,0.764145156
1978,0,0.756356779,0.256576881
1979,0,1.160096722,0.479503811
1980,0,1.392269034,1.744392794
1981,0,1.515422553,0.778630290
1982,0,1.675924937,0.774365183
1983,0,0.948494178,0.347674492
1984,0,-0.000000000,0.000000000
1985,0,1.000000000,1.000000000
1986,0,-0.000000000,0.000000000
1987,0,1.000000000,1.000000000
1988,0,1.021928095,0.400000000
1989,0,1.228118215,1.041111111
1990,0,1.929031819,1.266885862
1991,0,2.342889771,1.535927665
1992,0,1.777030226,0.985982666
1993,0,1.123934847,1.019973822
1994,0,1.058688611,0.420057338
1995,0,1.810505928,1.224601913
1996,0,2.056589266,1.499148264
1997,0,1.183568073,1.032144053
1998,0,0.326785401,0.087926834
1999,0,1.000000000,0.999997443
2000,0,-0.000000000,0.000000000
2001,0,1.000000000,1.000000000
2002,0,0.302292189,0.080000000
2003,0,1.257422929,1.047844828
2004,0,1.731525009,2.040046214
2005,0,2.616028285,1.779248913
2006,0,1.078574427,0.422695756
2007,0,1.260738305,1.057226721
2008,0,1.717384547,2.054604328
2009,0,1.851570319,1.261032115
2010,0,0.499602011,2.005332990
2011,0,1.999243200,3.080485403
2012,0,1.810300165,2.056885296
2013,0,2.592524193,1.839597750
2014,0,1.986929185,1.292907035
2015,0,1.167628134,1.032156255
2016,0,0.001638530,0.001113280
2017,0,1.000566180,1.000324894
2018,0,1.022295572,0.400214716
2019,0,1.228227122,1.041162438
2020,0,0.000115609,0.000062933
2021,0,1.000112505,1.000054296
2022,0,0.302392940,0.080062002
2023,0,1.012851996,1.001430172
2024,0,1.873543346,1.202404606
2025,0,1.000028153,1.000018268
2026,0,1.500245519,1.000190715
2027,0,1.000268239,1.000233222
2028,0,1.871123050,1.200137956
2029,0,1.138845706,1.022370058
2030,0,1.064222615,0.423328856
2031,0,1.055693478,1.007535894
2032,0,0.308163957,0.081892775
2033,0,1.061506267,1.008443908
2034,0,0.000000114,0.000000066
2035,0,1.000000021,1.000000010
2036,0,0.000000022,0.000000012
2037,0,1.000000022,1.000000011
2038,0,0.302292192,0.080000002
2039,0,1.012773762,1.001377513
2040,0,-0.000000000,0.000000000
2041,0,1.000000000,1.000000000
2042,0,1.870950594,1.200000000
2043,0,1.532052555,1.123333333
2044,0,1.847974610,1.156688242
2045,0,1.274329736,1.053320839
2046,0,0.342850923,0.093226978
2047,0,1.000000000,1.000012867
2048,0,-0.000000000,0.000000000
2049,0,1.000000000,1.000000000
2050,0,1.870950594,1.400000000
2051,0,1.532052555,1.123333333
2052,0,1.242499492,0.530171120
2053,0,1.000000000,1.000000000
2054,0,-0.000000000,0.000000000
2055,0,1.000000000,1.000000000
2056,0,-0.000000000,0.000000000
2057,0,1.000000000,1.000000000
2058,0,-0.000000000,0.000000000
2059,0,1.000000000,1.000000000
2060,0,1.870950594,1.200000000
2061,0,1.532052555,1.123333333
2062,0,1.847974610,1.156688242
2063,0,1.274329736,1.053196684
2064,0,1.705818457,1.086200431
2065,0,0.999999924,0.999674648
2066,0,0.302292188,0.080000000
2067,0,1.060184319,1.008216366
2068,0,1.037639028,0.408572389
2069,0,1.000000000,1.000001100
2070,0,0.302292189,0.080000000
2071,0,1.000000000,0.999999982
2072,0,0.302292189,0.080000000
2073,0,1.257422929,1.047844827
2074,0,1.936898942,2.002291213
2075,0,1.000000000,0.999999999
2076,0,-0.000000000,0.000000000
2077,0,1.000000000,1.000000000
2078,0,0.302292189,0.080000000
2079,0,1.000000000,1.000000000
2080,0,1.021928095,0.400000000
2081,0,1.052690404,1.007034221
2082,0,1.035378563,0.407332871
2083,0,1.053635335,1.007189192
2084,0,0.307902432,0.081803056
2085,0,1.013053286,1.001413204
2086,0,-0.000000000,0.000000000
2087,0,1.000000000,1.000000000
2088,0,-0.000000000,0.000000000
2089,0,1.000000000,1.000000000
2090,0,1.021928095,0.400000000
2091,0,1.228118215,1.041111111
2092,0,1.098973413,0.443011606
2093,0,1.249825024,1.046290602
2094,0,1.107933826,0.448115543
2095,0,1.252428464,1.046927733
2096,0,0.339025496,0.091988559
2097,0,1.068513764,1.009635941
2098,0,1.040204452,0.409966439
2099,0,1.053978232,1.007245824
2100,0,-0.000000000,0.000000000
2101,0,1.000000000,1.000000000
2102,0,-0.000000000,0.000000000
2103,0,1.000000000,1.000000000
2104,0,0.302292189,0.080000000
2105,0,1.000000000,1.000000000
2106,0,-0.000000000,0.000000000
2107,0,1.000000000,1.000000000
2108,0,-0.000000000,0.000000000
2109,0,1.000000000,1.000000000
2110,0,0.302292189,2.000000000
2111,0,1.012773762,1.001377513
2112,0,1.024571058,0.401435139
2113,0,1.052875527,1.007064537
2114,0,1.035433409,0.407362557
2115,0,1.053639254,1.007189842
2116,0,0.307902906,0.081803208
2117,0,1.013053310,1.001413207
2118,0,1.024636502,1.799540899
2119,0,1.228871350,1.041288302
2120,0,1.669095183,1.064068592
2121,0,1.000000000,1.000000000
2122,0,1.500000000,2.000000000
2123,0,2.473808192,3.000000000
2124,0,1.908049904,2.000000000
2125,0,1.000000000,1.000000000
2126,0,0.302292189,0.080000000
2127,0,1.000000000,1.000000000
2128,0,0.302292189,0.080000000
2129,0,1.000000000,1.000000000
2130,0,-0.000000000,0.000000000
2131,0,1.000000000,1.000000000
2132,0,0.302292189,0.080000000
2133,0,1.012773762,1.001377513
2134,0,1.873460820,1.202352203
2135,0,1.000000000,1.000000000
2136,0,1.021928095,0.400000000
2137,0,1.000000000,1.000000000
2138,0,0.302292189,0.080000000
2139,0,1.060184319,1.008222222
2140,0,-0.000000000,0.000000000
2141,0,1.000000000,1.000000000
2142,0,0.302292189,0.080000000
2143,0,1.060184319,1.008222222
2144,0,-0.000000000,0.000000000
2145,0,1.000000000,1.000000000
2146,0,1.870950594,1.400000000
2147,0,1.532052555,1.123333333
2148,0,1.242499492,0.530171120
2149,0,1.292026721,1.056786417
2150,0,0.351647479,1.956591489
2151,0,1.006381905,1.002445357
2152,0,0.304026526,0.080559843
2153,0,1.001269337,1.000281223
2154,0,-0.000000000,0.000000000
2155,0,1.000000000,1.000000000
2156,0,1.870950594,1.200000000
2157,0,1.138751800,1.022289157
2158,0,0.322015486,0.086317345
2159,0,1.016345905,1.002398165
2160,0,0.006043623,0.002064526
2161,0,1.001378734,1.000296524
2162,0,-0.000000000,0.000000000
2163,0,1.000000000,1.000000000
2164,0,0.302292189,0.080000000
2165,0,1.012773762,1.001377513
2166,0,1.025497140,0.401630653
2167,0,1.000934339,1.000240921
2168,0,0.001304487,0.000406955
2169,0,1.000474353,1.000111240
2170,0,1.871276267,2.000066835
2171,0,1.310218740,1.175062613
2172,0,1.469746870,0.747526708
2173,0,1.392710969,1.054667277
2174,0,1.172138913,1.936600545
2175,0,1.359329745,0.878301628
2176,0,0.796497817,0.444446783
2177,0,0.803378608,0.311149690
2178,0,1.288853556,1.912570730
2179,0,1.735130029,1.138487540
2180,0,1.070186393,0.636768080
2181,0,-0.000000000,0.000000000
2182,0,1.000000000,1.000000000
2183,0,-0.000000000,0.000000000
2184,0,1.000000000,1.000000000
2185,0,-0.000000000,0.000000000
2186,0,1.000000000,1.000000000
2187,0,-0.000000000,0.000000000
2188,0,1.000000000,1.000000000
2189,0,0.302292189,0.080000000
2190,0,1.000000000,1.000000000
2191,0,1.870950594,2.000000000
2192,0,1.138751800,1.022289157
2193,0,-0.000000000,0.000000000
2194,0,1.000000000,1.000000000
2195,0,1.870950594,2.000000000
2196,0,1.532052555,1.123333333
2197,0,-0.000000000,0.000000000
2198,0,1.000000000,1.000000000
2199,0,1.021928095,0.400000000
2200,0,1.052690404,1.007034221
2201,0,-0.000000000,0.000000000
2202,0,1.000000000,1.000000000
2203,0,0.302292189,0.080000000
2204,0,1.012773762,1.001377513
2205,0,0.303367094,0.080344681
2206,0,1.060426407,1.008262715
2207,0,1.884642797,2.000415191
2208,0,1.538747090,1.125602478
2209,0,1.245921152,0.532327007
2210,0,1.069437684,1.009859938
2211,0,1.887106066,1.399043478
2212,0,1.540341641,1.126121258
2213,0,0.403542630,0.114110984
2214,0,1.017938556,1.002057555
2215,0,1.025811853,2.000000722
2216,0,1.229202350,1.041367151
2217,0,-0.000000000,0.000000000
2218,0,1.000000000,1.000000000
2219,0,1.021928095,0.400000000
2220,0,1.784319623,1.213461538
2221,0,2.052217958,2.008552632
2222,0,1.191447221,1.036061835
2223,0,1.705351502,1.080228619
2224,0,1.254004103,1.054724786
2225,0,1.938754214,1.398293418
2226,0,1.150141764,1.024041984
2227,0,0.321483233,0.086204664
2228,0,1.013735938,1.001496471
2229,0,-0.000000000,0.000000000
2230,0,1.000000000,1.000000000
2231,0,1.021928095,2.000000000
2232,0,1.052690404,1.007034221
2233,0,0.307787926,0.081766365
2234,0,1.262228148,1.049016779
2235,0,1.132204775,1.789832846
2236,0,1.179735195,1.074913189
2237,0,0.505341263,0.202919015
2238,0,1.133796608,1.052503008
2239,0,1.579284496,1.017043968
2240,0,1.465344991,1.329874380
2241,0,0.603479314,0.567539358
2242,0,1.204847858,1.064489007
2243,0,2.035708159,1.282886150
2244,0,1.081775149,1.031814013
2245,0,0.328533372,0.091924338
2246,0,1.018430843,1.009828068
2247,0,0.027120635,0.012193920
2248,0,1.024735329,1.011462284
2249,0,1.925238695,1.418202295
2250,0,2.410452735,1.952459997
2251,0,2.231922724,2.249457211
2252,0,1.387733367,1.112068060
2253,0,1.152171287,0.473024862
2254,0,0.999993694,1.002956758
2255,0,-0.000000000,0.000000000
2256,0,1.000000000,1.000000000
2257,0,1.870950594,2.000000000
2258,0,1.138751800,1.022289157
2259,0,-0.000000000,0.000000000
2260,0,1.000000000,1.000000000
2261,0,-0.000000000,0.000000000
2262,0,1.000000000,1.000000000
2263,0,1.021928095,2.000000000
2264,0,1.052690404,1.007034221
2265,0,0.307787926,0.081766365
2266,0,1.000000000,1.000000000
2267,0,0.302292189,0.080000000
2268,0,1.000000000,1.000000000
2269,0,0.302292189,0.080000000
2270,0,1.000000000,1.000000000
2271,0,1.021928095,1.800000000
2272,0,1.052690404,1.007034221
2273,0,1.035378563,0.407332871
2274,0,1.053635335,1.007189192
2275,0,1.035658901,0.407484620
2276,0,1.231943807,1.042013069
2277,0,0.335341583,0.090772394
2278,0,1.067662488,1.009488571
2279,0,-0.000000000,0.000000000
2280,0,1.000000000,1.000000000
2281,0,-0.000000000,0.000000000
2282,0,1.000000000,1.000000000
2283,0,1.870950594,1.200000000
2284,0,1.532052555,1.123333333
2285,0,1.242499492,0.530171120
2286,0,1.000000000,1.000000000
2287,0,-0.000000000,0.000000000
2288,0,1.000000000,1.000000000
2289,0,0.302292189,0.080000000
2290,0,1.060184319,1.008222222
2291,0,1.037639028,0.408572389
2292,0,1.232495761,1.042143405
2293,0,-0.000000000,0.000000000
2294,0,1.000000000,1.000000000
2295,0,1.870950594,1.200000000
2296,0,1.532052555,1.123333333
2297,0,0.401554049,0.113415966
2298,0,1.017831718,1.002040046
2299,0,-0.000000000,0.000000000
2300,0,1.000000000,1.000000000
2301,0,1.021928095,1.800000000
2302,0,1.052690404,1.007034221
2303,0,1.035378563,0.407332871
2304,0,1.000000000,1.000000000
2305,0,0.302292189,0.080000000
2306,0,1.000000000,1.000000000
2307,0,1.021928095,2.000000000
2308,0,1.000000000,1.000000000
2309,0,1.021928095,0.400000000
2310,0,1.052690404,1.007034221
2311,0,1.035378563,0.407332871
2312,0,1.053635335,1.007189192
2313,0,-0.000000000,0.000000000
2314,0,1.000000000,1.000000000
2315,0,1.870950594,1.200000000
2316,0,1.000000000,1.000000000
2317,0,1.870950594,1.200000000
2318,0,1.138751800,1.022289157
2319,0,0.346471544,0.096336082
2320,0,1.035110771,1.008541304
2321,0,1.032215490,0.403837247
2322,0,1.315424004,1.078899116
2323,0,1.324615182,0.979845480
2324,0,1.633850073,1.609086455
2325,0,0.990314371,0.726179233
2326,0,1.540053998,1.407047124
2327,0,1.220846567,2.032143447
2328,0,1.299563393,1.135218798
2329,0,1.223077895,0.709078761
2330,0,1.233701968,1.445062526
2331,0,1.433439032,0.703510103
2332,0,1.527487162,0.627969098
2333,0,1.153243015,1.973246433
2334,0,1.459024194,2.871381438
2335,0,1.616079402,1.650692271
2336,0,1.621667833,1.904294217
2337,0,1.580514539,1.208722625
2338,0,0.704692007,0.589460999
2339,0,1.275596848,1.105450606
2340,0,1.200221723,0.507634889
2341,0,1.779460289,1.194682164
2342,0,0.654636580,0.255916008
2343,0,1.118085532,1.032860992
2344,0,1.456922253,1.811063657
2345,0,1.492946186,1.244296371
2346,0,1.243246042,0.705341933
2347,0,0.026345046,0.005269012
2348,0,0.297841175,0.082808189
2349,0,0.010572895,0.001838501
2350,0,0.288526267,0.080984743
2351,0,0.003996498,0.000612408
2352,0,1.572603554,1.400381601
2353,0,1.504262083,1.088525121
2354,0,1.234315142,0.554733829
2355,0,0.844261398,0.353699129
2356,0,0.711515147,0.231516640
2357,0,1.301202361,1.042334227
2358,0,2.256517996,1.377798274
2359,0,1.887380129,1.226344712
2360,0,1.416737387,0.760044334
2361,0,0.926663955,0.458521142
2362,0,0.870361905,0.337622884
2363,0,1.343732452,0.562081378
2364,0,1.590783656,0.948603352
2365,0,1.772467975,0.832247141
2366,0,1.061312795,0.413991796
2367,0,0.715647587,0.243203508
2368,0,1.063539876,0.469813336
2369,0,1.053875726,0.913920230
2370,0,-0.000000000,0.000000000
2371,0,1.000000000,1.000000000
2372,0,1.500000000,1.000000000
2373,0,1.000000000,1.000000000
2374,0,0.302292189,0.080000000
2375,0,1.012773762,1.001377513
2376,0,1.024571058,0.401435139
2377,0,1.052875527,1.007064537
2378,0,1.035433409,0.407362557
2379,0,1.000000000,1.000000000
2380,0,1.870950594,1.400000000
2381,0,2.305215896,1.504545455
2382,0,-0.000000000,0.000000000
2383,0,1.000000000,1.000000000
2384,0,0.302292189,0.080000000
2385,0,1.060184319,1.008222222
2386,0,1.037639028,0.408572389
2387,0,1.232495761,1.042143405
2388,0,1.930272903,1.394487622
2389,0,1.565559870,1.134705331
2390,0,0.422339704,0.121433638
2391,0,1.099681270,1.017047861
2392,0,0.312484589,0.083265486
2393,0,1.062517483,1.008544821
2394,0,1.885191767,1.398855641
2395,0,1.140933743,1.993946955
2396,0,1.898873124,2.061473440
2397,0,1.922158345,1.278108463
2398,0,-0.000000000,0.000000000
2399,0,1.000000000,1.000000000
2400,0,1.021928095,1.800000000
2401,0,1.052690404,1.007034221
2402,0,0.307787926,0.081766365
2403,0,1.000000000,1.000000000
2404,0,0.302292189,0.080000000
2405,0,1.060184319,1.008222222
2406,0,1.546468512,2.004071504
2407,0,1.000000000,1.000000000
2408,0,-0.000000000,0.000000000
2409,0,1.000000000,1.000000000
2410,0,-0.000000000,0.000000000
2411,0,1.000000000,1.000000000
2412,0,1.870950594,1.200000000
2413,0,1.000000000,1.000000000
2414,0,0.302292189,0.080000000
2415,0,1.257422929,1.047844828
2416,0,1.129757858,0.456871060
2417,0,1.080522983,1.017990447
2418,0,0.331358543,0.091092344
2419,0,1.090633690,1.016216050
2420,0,0.048191873,0.021246237
2421,0,1.000000000,1.000000000
2422,0,1.009051350,1.491208791
2423,0,-0.000000000,0.000000000
2424,0,1.570950594,1.400000000
2425,0,1.534262880,0.784313725
2426,0,0.997575131,0.417026172
2427,0,1.380039686,0.587937862
2428,0,0.758793024,0.254025577
2429,0,1.106202162,0.512740474
2430,0,1.055934256,0.893032035
2431,0,-0.000000000,0.000000000
2432,0,1.000000000,1.000000000
2433,0,1.021928095,2.000000000
2434,0,1.905928216,3.000000000
2435,0,2.257345289,2.134126984
2436,0,1.000000000,1.000000000
2437,0,1.870950594,1.400000000
2438,0,1.532052555,1.123333333
2439,0,-0.000000000,0.000000000
2440,0,1.000000000,1.000000000
2441,0,0.302292189,0.080000000
2442,0,1.060184319,1.008222222
2443,0,1.037639028,0.408572389
2444,0,1.053794829,1.007215404
2445,0,-0.000000000,0.000000000
2446,0,1.000000000,1.000000000
2447,0,-0.000000000,0.000000000
2448,0,1.000000000,1.000000000
2449,0,1.021928095,0.400000000
2450,0,1.000000000,1.000000000
2451,0,1.021928095,0.400000000
2452,0,1.052690404,1.007034221
2453,0,-0.000000000,0.000000000
2454,0,1.000000000,1.000000000
2455,0,0.302292189,0.080000000
2456,0,1.060184319,1.008222222
2457,0,1.884579970,1.398848861
2458,0,2.314558506,1.864155937
2459,0,2.078404861,2.016396142
2460,0,1.001829817,1.000513098
2461,0,0.002163067,0.000613011
2462,0,1.000277326,1.000085152
2463,0,0.302607492,0.080073450
2464,0,1.012869970,1.001397365
2465,0,1.024622481,2.000011134
2466,0,1.052894158,1.007068130
2467,0,1.540860778,1.012075327
2468,0,1.776909602,1.210681939
2469,0,1.381127095,1.731424138
2470,0,1.001899395,1.000533717
2471,0,1.023892170,0.400548336
2472,0,1.008092390,1.002234767
2473,0,1.871811132,1.200188221
2474,0,1.139134538,1.022384241
2475,0,1.064424761,0.423332140
2476,0,1.000267447,1.000052841
2477,0,1.022011795,0.400016918
2478,0,1.228135167,1.041115170
2479,0,0.334683562,0.090553004
2480,0,1.067509245,1.009461964
2481,0,0.309643984,0.082363189
2482,0,1.013141475,1.001424547
2483,0,0.000001108,0.000000124
2484,0,1.000005294,1.000000239
2485,0,0.000006940,0.000000656
2486,0,1.000001303,1.000000164
2487,0,0.302292723,0.080000058
2488,0,1.000000510,1.000000060
2489,0,1.021928189,0.400000012
2490,0,1.052690434,1.007034224
2491,0,0.307787947,0.081766368
2492,0,1.061422812,1.008429736
2493,0,1.884901651,1.214251604
2494,0,1.539435296,1.125765753
2495,0,2.007528482,2.005681819
2496,0,1.168216532,1.028729825
2497,0,0.325096927,0.087328749
2498,0,1.014394129,1.001630868
2499,0,0.001082941,0.000168938
2500,0,1.000037405,1.000005776
2501,0,1.021966427,0.400007359
2502,0,1.052704474,1.007035618
2503,0,0.000016883,0.000002384
2504,0,1.000003943,1.000000596
2505,0,1.021929653,0.400000237
2506,0,1.000001595,1.000000086
2507,0,1.870950906,1.400000038
2508,0,2.305216056,1.504545472
2509,0,0.771659180,1.896490618
2510,0,1.038804377,1.005074192
2511,0,0.306114537,0.081222865
2512,0,1.012965879,1.001402162
2513,0,0.303385286,0.080350481
2514,0,1.060430567,1.008263417
2515,0,0.000000001,0.000000000
2516,0,1.000000001,1.000000000
2517,0,1.870950595,2.000000000
2518,0,1.532052555,1.123333333
2519,0,0.000000000,0.000000000
2520,0,1.000000000,1.000000000
2521,0,1.870950594,1.400000000
2522,0,1.532052555,1.966666667
2523,0,2.165350906,1.460630776
2524,0,2.503010662,1.549170093
2525,0,2.176955823,1.287567854
2526,0,2.274111250,2.458269708
2527,0,2.795889388,2.454369599
2528,0,2.123418741,3.661913565
2529,0,2.484468901,2.763690028
2530,0,1.984828402,3.969105236
2531,0,2.189016979,2.054394604
2532,0,2.639067356,1.857940843
2533,0,1.375717165,1.732181349
2534,0,2.183275245,2.203941685
2535,0,1.802575137,1.122845707
2536,0,1.692607950,1.369443397
2537,0,1.627368807,1.281005713
2538,0,0.716110046,0.285973423
2539,0,1.217601660,1.001024394
2540,0,1.674643652,1.111547412
2541,0,1.303039037,0.501970322
2542,0,0.496635195,0.168154516
2543,0,0.535565399,0.155452068
2544,0,1.120348406,0.479165281
2545,0,1.349587119,0.723877768
2546,0,1.503529340,1.585167361
2547,0,0.633121624,1.680992017
2548,0,-0.000000000,0.000000000
2549,0,1.000000000,1.000000000
2550,0,0.302292189,0.080000000
2551,0,1.000000000,1.000000000
2552,0,-0.000000000,0.000000000
2553,0,1.000000000,1.000000000
2554,0,1.021928095,0.400000000
2555,0,1.000000000,1.000000000
2556,0,0.302292189,0.080000000
2557,0,1.012773762,1.001377513
2558,0,1.873460820,1.399805497
2559,0,1.139104175,1.022363362
2560,0,0.319819149,0.085668373
2561,0,1.064140925,1.008888253
2562,0,1.549670312,1.015216533
2563,0,1.000000000,1.000000000
2564,0,1.500000000,2.000000000
2565,0,1.220308818,1.039361702
2566,0,1.095770152,1.787104738
2567,0,1.248910246,1.046069277
2568,0,1.107552005,0.447897333
2569,0,1.252317341,1.046900494
2570,0,0.339005279,0.091981880
2571,0,1.000000000,1.000000000
2572,0,0.302292189,0.080000000
2573,0,1.012773762,1.001377513
2574,0,0.303367094,1.959881317
2575,0,1.012827240,1.001384331
2576,0,0.303372157,0.080346297
2577,0,1.012827496,1.001384364
2578,0,0.303372181,0.080346304
2579,0,1.060427568,1.008262911
2580,0,0.308748076,2.000000000
2581,0,1.013095407,1.001418586
2582,0,0.303397596,0.080354416
2583,0,1.060433371,1.008263889
2584,0,1.884644619,2.000415255
2585,0,1.000000000,1.000000000
2586,0,-0.000000000,0.000000000
2587,0,1.000000000,1.000000000
2588,0,1.021928095,0.400000000
2589,0,1.784319623,1.213461538
2590,0,0.478971583,0.141605494
2591,0,1.100894659,1.015459652
2592,0,-0.000000000,0.000000000
2593,0,1.000000000,1.000000000
2594,0,0.302292189,0.080000000
2595,0,1.000000000,1.000000000
2596,0,1.021928095,0.400000000
2597,0,1.000000000,1.000000000
2598,0,0.302292189,0.080000000
2599,0,1.000000000,1.000000000
2600,0,-0.000000000,0.000000000
2601,0,1.000000000,1.000000000
2602,0,0.302292189,0.080000000
2603,0,1.060184319,1.008222222
2604,0,0.308717777,0.082066230
2605,0,1.000000000,1.000000000
2606,0,-0.000000000,0.000000000
2607,0,1.000000000,1.000000000
2608,0,-0.000000000,0.000000000
2609,0,1.000000000,1.000000000
2610,0,1.021928095,0.400000000
2611,0,1.052690404,1.007034221
2612,0,-0.000000000,0.000000000
2613,0,1.000000000,1.000000000
2614,0,1.021928095,0.400000000
2615,0,1.000000000,1.000000000
2616,0,1.500000000,2.000000000
2617,0,1.764492375,1.205555556
2618,0,0.471983100,2.000000000
2619,0,1.021563656,1.002549160
2620,0,1.026718214,0.402590788
2621,0,1.000000000,1.000000000
2622,0,1.021928095,2.000000000
2623,0,1.052690404,1.007034221
2624,0,1.540702475,2.003495491
2625,0,1.941969111,1.655515773
2626,0,2.914703932,2.484403118
2627,0,2.567703067,3.086236997
2628,0,2.713332333,4.060221426
2629,0,2.343215734,3.094566093
2630,0,2.509622985,2.309745450
2631,0,2.811814581,3.094068898
2632,0,2.549391239,2.370810871
2633,0,2.324361633,1.655939999
2634,0,1.611404213,2.010876687
2635,0,1.105243282,1.021290840
2636,0,-0.000000000,0.000000000
2637,0,1.000000000,1.000000000
2638,0,0.302292189,0.080000000
2639,0,1.257422929,1.047844828
2640,0,1.111242665,0.450092421
2641,0,1.000000000,1.000000000
2642,0,1.870950594,1.200000000
2643,0,1.532052555,1.123333333
2644,0,2.005036854,1.384884467
2645,0,1.000000000,1.000000000
2646,0,1.870950594,2.000000000
2647,0,2.305215896,3.000000000
2648,0,2.076761654,2.015706320
2649,0,1.218517770,1.040344887
2650,0,1.673101653,1.070084614
2651,0,1.823307277,1.232477179
2652,0,1.404594400,0.640932374
2653,0,0.999999997,0.999932097
2654,0,-0.000000000,0.000000000
2655,0,1.000000000,1.000000000
2656,0,1.870950594,2.000000000
2657,0,2.305215896,1.504545455
2658,0,1.750420183,0.955185659
2659,0,1.473207825,1.107966994
2660,0,-0.000000000,0.000000000
2661,0,1.000000000,1.000000000
2662,0,1.500000000,1.000000000
2663,0,1.000000000,1.000000000
2664,0,1.870950594,1.200000000
2665,0,1.138751800,1.022289157
2666,0,0.322015486,0.086317345
2667,0,1.067080010,1.009858279
2668,0,0.313123858,0.083735799
2669,0,1.063789361,1.009133107
2670,0,0.311923951,0.083222638
2671,0,1.064576288,1.009357625
2672,0,1.038184081,0.408862278
2673,0,1.000000000,0.999980215
2674,0,1.500000000,1.000000000
2675,0,1.764492375,1.205546652
2676,0,0.471983100,0.138986509
2677,0,1.099250015,1.015151555
2678,0,1.801011171,2.043827796
2679,0,1.876237475,1.256138056
2680,0,1.438456370,0.665971787
2681,0,2.061754724,1.347748826
2682,0,-0.000000000,0.000000000
2683,0,1.000000000,1.000000000
2684,0,1.500000000,2.000000000
2685,0,2.473808192,3.000000000
2686,0,2.232578003,2.171143780
2687,0,0.998554098,0.955236449
2688,0,1.870516824,1.200000000
2689,0,2.304891800,1.517364108
2690,0,-0.000000000,0.000000000
2691,0,1.000000000,1.000000000
2692,0,-0.000000000,0.000000000
2693,0,1.000000000,1.000000000
2694,0,-0.000000000,0.000000000
2695,0,1.000000000,1.000000000
2696,0,1.870950594,2.000000000
2697,0,2.305215896,1.504545455
2698,0,0.771659036,0.264445232
2699,0,1.038804322,1.005074184
2700,0,1.879623227,1.399766754
2701,0,1.000000000,1.000000000
2702,0,0.302292189,0.080000000
2703,0,1.000000000,1.000000000
2704,0,-0.000000000,0.000000000
2705,0,1.000000000,1.000000000
2706,0,-0.000000000,0.000000000
2707,0,1.000000000,1.000000000
2708,0,0.302292189,0.080000000
2709,0,1.012773762,1.001377513
2710,0,1.509801233,1.002393429
2711,0,1.000000000,1.000000000
2712,0,1.021928095,0.400000000
2713,0,1.000000000,1.000000000
2714,0,1.500000000,2.000000000
2715,0,1.905928216,1.642857143
2716,0,1.776700037,2.025299401
2717,0,2.108414475,3.013372925
2718,0,1.583864404,2.000000000
2719,0,1.829076882,1.964996899
2720,0,1.406565366,2.000000000
2721,0,1.942499763,3.000000000
2722,0,1.782519535,2.027154968
2723,0,1.267925328,1.052821624
2724,0,-0.000000000,0.000000000
2725,0,1.000000000,1.000000000
2726,0,0.302292189,0.080000000
2727,0,1.000000000,1.000000000
2728,0,1.500000000,1.000000000
2729,0,1.764492375,1.205555556
2730,0,0.471983100,0.138986509
2731,0,1.021563656,1.002549160
2732,0,0.304237436,0.080622596
2733,0,1.000000000,1.000000000
2734,0,-0.000000000,0.000000000
2735,0,1.000000000,1.000000000
2736,0,0.302292189,0.080000000
2737,0,1.012773762,1.001377513
2738,0,-0.000000000,0.000000000
2739,0,1.000000000,1.000000000
2740,0,0.302292189,0.080000000
2741,0,1.000000000,1.000000000
2742,0,-0.000000000,0.000000000
2743,0,1.000000000,1.000000000
2744,0,1.021928095,0.400000000
2745,0,1.228118215,1.041111111
2746,0,1.098973413,0.443011606
2747,0,1.000000000,1.000000000
2748,0,1.870950594,1.200000000
2749,0,1.138751800,1.022289157
2750,0,0.319766260,0.085651291
2751,0,1.000000000,1.000000000
2752,0,0.302292189,0.080000000
2753,0,1.060184319,1.008222222
2754,0,-0.000000000,0.000000000
2755,0,1.000000000,1.000000000
2756,0,0.302292189,0.080000000
2757,0,1.012773762,1.001377513
2758,0,1.873460820,1.399805497
2759,0,1.000000000,1.000000000
2760,0,-0.000000000,0.000000000
2761,0,1.000000000,1.000000000
2762,0,0.302292189,0.080000000
2763,0,1.257422929,1.047844828
2764,0,1.111242665,1.784311460
2765,0,1.000000000,1.000000000
2766,0,1.870950594,2.000000000
2767,0,1.905928216,1.642857143
2768,0,2.257345289,1.461111111
2769,0,1.000000000,1.000000000
2770,0,-0.000000000,0.000000000
2771,0,1.000000000,1.000000000
2772,0,1.021928095,0.400000000
2773,0,1.052690404,1.007034221
2774,0,0.307787926,0.081766365
2775,0,1.061422809,1.008429735
2776,0,0.309851382,0.082366557
2777,0,1.013299015,1.001421490
2778,0,0.000141657,0.000046112
2779,0,1.000141057,1.000036890
2780,0,1.871035240,1.400019248
2781,0,1.000061295,1.000022996
2782,0,1.500000000,2.000000000
2783,0,1.220308818,1.039361702
2784,0,1.926928570,1.264173051
2785,0,1.002578785,1.001014513
2786,0,0.305069819,0.081193067
2787,0,1.002781576,1.001328123
2788,0,0.305654634,0.081608554
2789,0,1.015342022,1.002742368
2790,0,1.024571161,0.401435189
2791,0,1.786192319,1.214244354
2792,0,1.961866947,1.226881659
2793,0,1.949246674,1.293615080
2794,0,2.080726741,2.011771995
2795,0,1.701303816,1.186005385
2796,0,0.448069542,1.944767227
2797,0,0.999999996,0.999927342
2798,0,0.302292189,0.080000000
2799,0,1.012773762,1.001376320
2800,0,1.024571058,0.401435139
2801,0,1.000000000,0.999999878
2802,0,-0.000000000,0.000000000
2803,0,1.000000000,1.000000000
2804,0,1.870950594,1.400000000
2805,0,1.138751800,1.022289157
2806,0,1.064163411,2.000000000
2807,0,1.055681397,1.007526645
2808,0,1.036269170,0.407815076
2809,0,1.232116644,1.042054288
2810,0,0.335372114,0.090782444
2811,0,1.014433285,1.001591094
2812,0,0.303525682,0.080395300
2813,0,1.012835237,1.001385359
2814,0,1.024585431,0.401442866
2815,0,1.228856973,1.041284892
2816,0,-0.000000000,0.000000000
2817,0,1.000000000,1.000000000
2818,0,0.302292189,0.080000000
2819,0,1.000000000,1.000000000
2820,0,-0.000000000,0.000000000
2821,0,1.000000000,1.000000000
2822,0,1.500000000,1.000000000
2823,0,1.220308818,1.989361702
2824,0,1.926928570,2.001904011
2825,0,1.148341524,1.024326725
2826,0,1.067643695,0.425182580
2827,0,1.240949830,1.044158346
2828,0,-0.000000000,0.000000000
2829,0,1.000000000,1.000000000
2830,0,-0.000000000,0.000000000
2831,0,1.000000000,1.000000000
2832,0,1.021928095,1.800000000
2833,0,1.784319623,1.213461538
2834,0,0.478971583,0.141605494
2835,0,1.021940398,1.002601409
2836,0,1.517259690,1.004715714
2837,0,1.768524901,1.207316485
2838,0,1.375476863,0.620447111
2839,0,1.080284479,1.011771523
2840,0,0.311290419,0.082890677
2841,0,1.013225017,1.001435382
2842,0,1.024676782,0.401491946
2843,0,1.228882720,1.041291003
2844,0,-0.000000000,0.000000000
2845,0,1.000000000,1.000000000
2846,0,1.500000000,2.000000000
2847,0,1.905928216,1.642857143
2848,0,2.901583079,2.556074766
2849,0,1.823674497,1.984451853
2850,0,2.072840688,2.011050520
2851,0,2.456052454,1.648675612
2852,0,0.912686662,0.332774436
2853,0,1.000000000,1.000000000
2854,0,1.500000000,1.000000000
2855,0,1.220308818,1.039361702
2856,0,1.926928570,1.394693556
2857,0,2.341783733,1.865181561
2858,0,2.075915343,2.016552838
2859,0,1.767851623,1.212820872
2860,0,-0.000000000,0.000000000
2861,0,1.000000000,1.000000000
2862,0,1.021928095,0.400000000
2863,0,1.000000000,1.000000000
2864,0,0.302292189,0.080000000
2865,0,1.000000000,1.000000000
2866,0,0.302292189,0.080000000
2867,0,1.012773762,1.001377513
2868,0,1.024571058,0.401435139
2869,0,1.000000000,1.000000000
2870,0,0.302292189,0.080000000
2871,0,1.012773762,1.001377513
2872,0,0.303367094,0.080344681
2873,0,1.060426407,1.008262715
2874,0,1.037712657,0.408612372
2875,0,1.232516589,1.042148369
2876,0,0.335443184,0.090805884
2877,0,1.000000000,1.000000000
2878,0,0.302292189,1.960000000
2879,0,1.060184319,1.008222222
2880,0,1.546468512,1.013997302
2881,0,1.224989277,1.040527721
2882,0,1.097638446,0.442211540
2883,0,1.000000000,1.000000000
2884,0,0.302292189,0.080000000
2885,0,1.012773762,1.001377513
2886,0,1.024571058,2.000000000
2887,0,1.000000000,1.000000000
2888,0,-0.000000000,0.000000000
2889,0,1.000000000,1.000000000
2890,0,1.021928095,0.400000000
2891,0,1.000000000,1.000000000
2892,0,1.021928095,0.400000000
2893,0,1.228118215,1.041111111
2894,0,1.098973413,0.443011606
2895,0,1.000000000,1.000000000
2896,0,1.021928095,0.400000000
2897,0,1.052690404,1.007034221
2898,0,0.307787926,0.081766365
2899,0,1.013047487,1.001412456
2900,0,0.303393045,0.080352964
2901,0,1.012828549,1.001384499
2902,0,1.873472985,1.399805428
2903,0,1.000000000,1.000000000
2904,0,-0.000000000,0.000000000
2905,0,1.000000000,1.000000000
2906,0,1.870950594,1.200000000
2907,0,1.532052555,1.123333333
2908,0,2.005036854,1.382798460
2909,0,1.616352293,1.153004872
2910,0,1.286598994,0.558446246
2911,0,1.000000000,1.000000000
2912,0,-0.000000000,0.000000000
2913,0,1.000000000,1.000000000
2914,0,0.302292189,0.080000000
2915,0,1.012773762,1.001377513
2916,0,-0.000000000,0.000000000
2917,0,1.000000000,1.000000000
2918,0,0.302292189,0.080000000
2919,0,1.012773762,1.001377513
2920,0,1.024571058,0.401435139
2921,0,1.228852925,1.041283932
2922,0,1.099273232,0.443181816
2923,0,1.058222756,1.007949362
2924,0,1.884160677,1.399022617
2925,0,1.538488581,1.125517790
2926,0,-0.000000000,0.000000000
2927,0,1.000000000,1.000000000
2928,0,1.021928095,1.800000000
2929,0,1.228118215,1.041111111
2930,0,1.929031819,1.266885862
2931,0,1.148745910,1.024413463
2932,0,-0.000000000,0.000000000
2933,0,1.000000000,1.000000000
2934,0,0.302292189,0.080000000
2935,0,1.060184319,1.008222222
2936,0,0.308717777,0.082066230
2937,0,1.263040278,1.049215565
2938,0,1.113615912,2.000000000
2939,0,1.848311121,1.938847668
2940,0,1.423503162,1.721469331
2941,0,1.084630763,1.012559913
2942,0,1.045329326,0.412737320
2943,0,1.800965826,1.220493308
2944,0,1.968435414,1.231998711
2945,0,1.298289591,1.059859221
2946,0,0.347322435,0.094699857
2947,0,1.015069008,1.001676173
2948,0,0.303586896,0.080414773
2949,0,1.060476718,1.008271209
2950,0,-0.000000000,0.000000000
2951,0,1.000000000,1.000000000
2952,0,1.021928095,0.400000000
2953,0,1.000000000,1.000000000
2954,0,1.500000000,2.000000000
2955,0,1.220308818,1.039361702
2956,0,1.926928570,2.001904011
2957,0,1.000000000,1.000000000
2958,0,1.870950594,1.200000000
2959,0,1.000000000,1.000000000
2960,0,1.870950594,2.000000000
2961,0,1.000000000,1.000000000
2962,0,1.870950594,1.400000000
2963,0,1.138751800,1.022289157
2964,0,1.904985459,1.237092993
2965,0,1.549710964,1.129350639
2966,0,-0.000000000,0.000000000
2967,0,1.000000000,1.000000000
2968,0,-0.000000000,0.000000000
2969,0,1.000000000,1.000000000
2970,0,0.302292189,0.080000000
2971,0,1.012773762,1.001377513
2972,0,1.024571058,0.401435139
2973,0,1.228852925,1.041283932
2974,0,0.334795061,0.090592334
2975,0,1.067536316,1.009466766
2976,0,0.309644750,0.082363912
2977,0,1.000000000,1.000000000
2978,0,0.302292189,0.080000000
2979,0,1.000000000,1.000000000
2980,0,0.302292189,0.080000000
2981,0,1.012773762,1.001377513
2982,0,0.303367094,1.959881317
2983,0,1.012827240,1.001384331
2984,0,1.544269219,2.004183893
2985,0,2.484685702,1.704647720
2986,0,-0.000000000,0.000000000
2987,0,1.000000000,1.000000000
2988,0,1.021928095,0.400000000
2989,0,1.228118215,1.041111111
2990,0,1.098973413,2.000000000
2991,0,1.249825024,1.988140506
2992,0,1.684215804,2.020801259
2993,0,1.244082800,1.045386323
2994,0,1.934240088,1.396100487
2995,0,2.346859764,1.539083225
2996,0,-0.000000000,0.000000000
2997,0,1.000000000,1.000000000
2998,0,0.302292189,0.080000000
2999,0,1.012773762,1.001377513
3000,0,1.873460820,2.000069790
3001,0,1.000000000,1.000000000
3002,0,1.500000000,2.000000000
3003,0,1.000000000,1.000000000
3004,0,1.870950594,1.200000000
3005,0,1.138751800,1.022289157
3006,0,1.064163411,1.792711073
3007,0,1.055681397,1.007526645
3008,0,0.308151796,0.081882976
3009,0,1.000000000,1.000000000
3010,0,1.021928095,0.400000000
3011,0,1.000000000,1.000000000
3012,0,0.302292189,0.080000000
3013,0,1.012773762,1.001377513
3014,0,0.303367094,0.080344681
3015,0,1.012827240,1.001384331
3016,0,0.303372157,0.080346297
3017,0,1.000000000,1.000000000
3018,0,0.302292189,0.080000000
3019,0,1.012773762,1.001377513
3020,0,0.303367094,0.080344681
3021,0,1.012827240,1.001384331
3022,0,1.873472692,1.399805426
3023,0,1.000000000,1.000000000
3024,0,-0.000000000,0.000000000
3025,0,1.000000000,1.000000000
3026,0,0.302292189,0.080000000
3027,0,1.060184319,1.008222222
3028,0,1.037639028,0.408572389
3029,0,1.232495761,1.042143405
3030,0,0.335439500,0.090804672
3031,0,1.014436738,1.001591546
3032,0,-0.000000000,0.000000000
3033,0,1.000000000,1.000000000
3034,0,-0.000000000,0.000000000
3035,0,1.000000000,1.000000000
3036,0,-0.000000000,0.000000000
3037,0,1.000000000,1.000000000
3038,0,0.302292189,0.080000000
3039,0,1.000000000,1.000000000
3040,0,-0.000000000,0.000000000
3041,0,1.000000000,1.000000000
3042,0,-0.000000000,0.000000000
3043,0,1.000000000,1.000000000
3044,0,0.302292189,0.080000000
3045,0,1.000000000,1.000000000
3046,0,1.021928095,0.400000000
3047,0,1.228118215,1.041111111
3048,0,-0.000000000,0.000000000
3049,0,1.000000000,1.000000000
3050,0,-0.000000000,0.000000000
3051,0,1.000000000,1.000000000
3052,0,0.302292189,0.080000000
3053,0,1.060184319,1.008222222
3054,0,-0.000000000,0.000000000
3055,0,1.000000000,1.000000000
3056,0,-0.000000000,0.000000000
3057,0,1.000000000,1.000000000
3058,0,1.870950594,1.200000000
3059,0,1.138751800,1.022289157
3060,0,0.319766260,0.085651291
3061,0,1.013646706,1.001489339
3062,0,-0.000000000,0.000000000
3063,0,1.000000000,1.000000000
3064,0,0.302292189,0.080000000
3065,0,1.060184319,1.008222222
3066,0,1.884579970,1.213921204
3067,0,1.000000000,1.000000000
3068,0,0.302292189,0.080000000
3069,0,1.060184319,1.008222222
3070,0,0.308717777,0.082066230
3071,0,1.013093875,1.001418389
3072,0,1.024646017,0.401475452
3073,0,1.000000000,1.000000000
3074,0,1.021928095,0.400000000
3075,0,1.228118215,1.041111111
3076,0,1.098973413,0.443011606
3077,0,1.249825024,1.046290602
3078,0,1.935176299,1.274393548
3079,0,1.567351881,1.135484855
3080,0,-0.000000000,0.000000000
3081,0,1.000000000,1.000000000
3082,0,0.302292189,0.080000000
3083,0,1.060184319,1.008222222
3084,0,1.037639028,0.408572389
3085,0,1.053794829,1.007215404
3086,0,1.541606177,1.012355766
3087,0,1.775399254,1.210302717
3088,0,-0.000000000,0.000000000
3089,0,1.000000000,1.000000000
3090,0,0.302292189,0.080000000
3091,0,1.000000000,1.000000000
3092,0,0.302292189,0.080000000
3093,0,1.060184319,1.008222222
3094,0,1.884579970,1.213921204
3095,0,1.538715035,1.125591448
3096,0,0.403241590,0.114005786
3097,0,1.017922327,1.002052410
3098,0,-0.000000000,0.000000000
3099,0,1.000000000,1.000000000
3100,0,1.500000000,1.000000000
3101,0,1.905928216,1.642857143
3102,0,1.584007906,2.000000000
3103,0,2.521004162,1.873277012
3104,0,1.058428890,2.000000000
3105,0,1.250980863,1.048109748
3106,0,1.107967931,0.447731193
3107,0,1.058931743,1.008076408
3108,0,1.037245924,1.797441922
3109,0,1.053769142,1.007211430
3110,0,0.307918634,0.081808240
3111,0,1.000000000,1.000000000
3112,0,0.302292189,0.080000000
3113,0,1.060184319,1.008222222
3114,0,1.546468512,1.013997302
3115,0,1.000000000,1.000000000
3116,0,1.021928095,0.400000000
3117,0,1.052690404,1.007034221
3118,0,1.035378563,0.407332871
3119,0,1.231864424,1.041994141
3120,0,1.100504734,1.786297332
3121,0,1.000000000,1.000000000
3122,0,0.302292189,0.080000000
3123,0,1.257422929,1.047844828
3124,0,0.340029904,0.092331027
3125,0,1.000000000,1.000000000
3126,0,0.302292189,0.080000000
3127,0,1.012773762,1.001377513
3128,0,-0.000000000,0.000000000
3129,0,1.000000000,1.000000000
3130,0,-0.000000000,0.000000000
3131,0,1.000000000,1.000000000
3132,0,1.500000000,2.000000000
3133,0,1.000000000,1.000000000
3134,0,1.870950594,1.200000000
3135,0,1.138751800,1.022289157
3136,0,0.319766260,0.085651291
3137,0,1.000000000,1.000000000
3138,0,-0.000000000,0.000000000
3139,0,1.000000000,1.000000000
3140,0,0.302292189,0.080000000
3141,0,1.012773762,1.001377513
3142,0,1.024571058,2.000000000
3143,0,1.228852925,3.000000000
3144,0,1.669081586,4.000000000
3145,0,2.046856889,3.010827120
3146,0,2.303165270,2.152273659
3147,0,2.642879484,2.026137396
3148,0,-0.000000000,0.000000000
3149,0,1.000000000,1.000000000
3150,0,1.870950594,1.200000000
3151,0,1.138751800,1.022289157
3152,0,0.319766260,0.085651291
3153,0,1.013646706,1.001489339
3154,0,0.303450145,0.080371189
3155,0,1.012831428,1.001384869
3156,0,0.303372553,0.080346423
3157,0,1.012827516,1.001384366
3158,0,1.024583626,2.000000000
3159,0,1.052876418,1.007064684
3160,0,1.035433672,0.407362700
3161,0,1.000000000,1.000000000
3162,0,0.302292189,0.080000000
3163,0,1.060184319,1.008222222
3164,0,0.308717777,0.082066230
3165,0,1.061632540,1.008464963
3166,0,-0.000000000,0.000000000
3167,0,1.000000000,1.000000000
3168,0,0.302292189,0.080000000
3169,0,1.012773762,1.001377513
3170,0,1.024571058,0.401435139
3171,0,1.228852925,1.041283932
3172,0,-0.000000000,0.000000000
3173,0,1.000000000,1.000000000
3174,0,-0.000000000,0.000000000
3175,0,1.000000000,1.000000000
3176,0,1.500000000,1.000000000
3177,0,1.220308818,1.039361702
3178,0,1.095770152,0.441173678
3179,0,1.000000000,1.000000000
3180,0,1.021928095,0.400000000
3181,0,1.228118215,1.041111111
3182,0,1.098973413,0.443011606
3183,0,1.249825024,1.046290602
3184,0,1.684215804,2.020801259
3185,0,1.000000000,1.000000000
3186,0,1.500000000,1.000000000
3187,0,1.220308818,1.039361702
3188,0,0.333274852,0.090089391
3189,0,1.067190573,1.009407527
3190,0,1.039792821,0.409742917
3191,0,1.233105242,1.042288744
3192,0,1.101012884,0.444169888
3193,0,1.250416992,1.046435310
3194,0,1.108180564,0.448256212
3195,0,1.058884856,1.008061212
3196,0,0.308545843,0.082009273
3197,0,1.061596508,1.008459163
3198,0,0.308893991,0.082122787
3199,0,1.061672850,1.008471788
3200,0,-0.000000000,0.000000000
3201,0,1.000000000,1.000000000
3202,0,-0.000000000,0.000000000
3203,0,1.000000000,1.000000000
3204,0,-0.000000000,0.000000000
3205,0,1.000000000,1.000000000
3206,0,-0.000000000,0.000000000
3207,0,1.000000000,1.000000000
3208,0,1.021928095,0.400000000
3209,0,1.228118215,1.041111111
3210,0,0.334665510,0.090549664
3211,0,1.000000000,1.000000000
3212,0,1.500000000,2.000000000
3213,0,2.473808192,1.693750000
3214,0,2.042035234,2.018861607
3215,0,1.800693504,1.226711889
3216,0,2.061785307,1.397192426
3217,0,1.668195512,1.173061227
3218,0,0.438512613,0.126523164
3219,0,1.091719595,1.013787557
3220,0,0.312840103,0.083391408
3221,0,1.013302888,1.001445395
3222,0,-0.000000000,0.000000000
3223,0,1.000000000,1.000000000
3224,0,1.870950594,1.400000000
3225,0,1.138751800,1.022289157
3226,0,1.064163411,0.423273040
3227,0,1.000000000,1.000000000
3228,0,-0.000000000,0.000000000
3229,0,1.000000000,1.000000000
3230,0,1.870950594,1.200000000
3231,0,1.000000000,1.000000000
3232,0,-0.000000000,0.000000000
3233,0,1.000000000,1.000000000
3234,0,1.021928095,0.400000000
3235,0,1.000000000,1.000000000
3236,0,1.870950594,1.400000000
3237,0,1.138751800,1.022289157
3238,0,0.319766260,0.085651291
3239,0,1.064128623,1.008886137
3240,0,0.309212244,0.082224984
3241,0,1.061745614,1.008484107
3242,0,1.038114864,0.408830791
3243,0,1.232630395,1.042175503
3244,0,1.671830752,1.065459591
3245,0,1.000000000,1.000000000
3246,0,1.021928095,0.400000000
3247,0,1.052690404,1.007034221
3248,0,0.307787926,0.081766365
3249,0,1.061422809,1.008429735
3250,0,0.308872313,0.082115836
3251,0,1.000000000,1.000000000
3252,0,-0.000000000,0.000000000
3253,0,1.000000000,1.000000000
3254,0,1.870950594,2.000000000
3255,0,1.138751800,1.022289157
3256,0,0.319766260,0.085651291
3257,0,1.064128623,1.008886137
3258,0,-0.000000000,0.000000000
3259,0,1.000000000,1.000000000
3260,0,1.870950594,1.200000000
3261,0,1.138751800,1.022289157
3262,0,-0.000000000,0.000000000
3263,0,1.000000000,1.000000000
3264,0,0.302292189,0.080000000
3265,0,1.012773762,1.001377513
3266,0,1.024571058,1.799550526
3267,0,1.052875527,1.998094385
3268,0,1.882776001,2.000355511
3269,0,1.140545371,1.022667415
3270,0,-0.000000000,0.000000000
3271,0,1.000000000,1.000000000
3272,0,0.302292189,0.080000000
3273,0,1.257422929,1.047844828
3274,0,0.340029904,0.092331027
3275,0,1.290237975,1.055990924
3276,0,0.346214100,0.094386363
3277,0,1.000000000,1.000000000
3278,0,-0.000000000,0.000000000
3279,0,1.000000000,1.000000000
3280,0,1.870950594,1.200000000
3281,0,1.138751800,1.022289157
3282,0,0.319766260,0.085651291
3283,0,1.013646706,1.001489339
3284,0,1.024776119,0.401545426
3285,0,1.052890066,1.007066939
3286,0,0.307812082,0.081774105
3287,0,1.061428344,1.008430673
3288,0,1.038017999,0.408778208
3289,0,1.232602969,1.042168961
3290,0,0.335458461,2.000000000
3291,0,1.014437714,1.001591674
3292,0,1.873832412,2.000081343
3293,0,2.306888403,1.863712082
3294,0,2.076743377,1.356465085
3295,0,2.508429038,1.717182641
3296,0,1.903655710,1.166835373
3297,0,1.146273333,1.024674398
3298,0,0.320750531,0.085944601
3299,0,1.013707708,1.001498073
3300,0,0.303455855,0.080372985
3301,0,1.000000000,1.000000000
3302,0,-0.000000000,0.000000000
3303,0,1.000000000,1.000000000
3304,0,-0.000000000,0.000000000
3305,0,1.000000000,1.000000000
3306,0,1.021928095,2.000000000
3307,0,1.052690404,1.007034221
3308,0,-0.000000000,0.000000000
3309,0,1.000000000,1.000000000
3310,0,1.021928095,0.400000000
3311,0,1.052690404,1.007034221
3312,0,-0.000000000,0.000000000
3313,0,1.000000000,1.000000000
3314,0,0.302292189,1.960000000
3315,0,1.000000000,1.000000000
3316,0,-0.000000000,0.000000000
3317,0,1.000000000,1.000000000
3318,0,-0.000000000,0.000000000
3319,0,1.000000000,1.000000000
3320,0,-0.000000000,0.000000000
3321,0,1.000000000,1.000000000
3322,0,1.500000000,2.000000000
3323,0,1.000000000,1.000000000
3324,0,1.870950594,2.000000000
3325,0,1.000000000,1.000000000
3326,0,-0.000000000,0.000000000
3327,0,1.000000000,1.000000000
3328,0,1.500000000,2.000000000
3329,0,1.905928216,3.000000000
3330,0,2.901583079,2.556074766
3331,0,2.555994401,2.020482101
3332,0,2.536418469,1.715546219
3333,0,1.489277882,1.121492876
3334,0,0.388103394,0.108409676
3335,0,1.017290387,1.001979256
3336,0,0.303803787,0.080483738
3337,0,1.258753656,1.048169613
3338,0,1.111803236,0.450413890
3339,0,1.253502334,1.047183329
3340,0,1.109472229,0.448995296
3341,0,1.058981109,1.008077488
3342,0,0.308557732,0.082013081
3343,0,1.061599241,1.008459627
3344,0,0.308894332,0.082122897
3345,0,1.000000000,1.000000000
3346,0,0.302292189,0.080000000
3347,0,1.060184319,1.008222222
3348,0,-0.000000000,0.000000000
3349,0,1.000000000,1.000000000
3350,0,1.021928095,1.800000000
3351,0,1.052690404,1.007034221
3352,0,0.307787926,0.081766365
3353,0,1.000000000,1.000000000
3354,0,0.302292189,0.080000000
3355,0,1.000000000,1.000000000
3356,0,0.302292189,0.080000000
3357,0,1.012773762,1.001377513
3358,0,-0.000000000,0.000000000
3359,0,1.000000000,1.000000000
3360,0,0.302292189,0.080000000
3361,0,1.000000000,1.000000000
3362,0,0.302292189,0.080000000
3363,0,1.060184319,1.008222222
3364,0,1.037639028,0.408572389
3365,0,1.795425933,1.218125073
3366,0,2.054070802,1.492889845
3367,0,1.664243501,1.170965973
3368,0,0.437586250,0.126206568
3369,0,1.091451259,1.013733475
3370,0,1.047580325,0.413984891
3371,0,1.054507710,1.007333845
3372,0,1.542196275,2.003653532
3373,0,2.484466658,3.000205831
3374,0,2.864983538,2.554314244
3375,0,2.561548631,1.935374791
3376,0,2.331642163,2.177678497
3377,0,1.000000000,1.000000000
3378,0,0.302292189,0.080000000
3379,0,1.012773762,1.001377513
3380,0,-0.000000000,0.000000000
3381,0,1.000000000,1.000000000
3382,0,-0.000000000,0.000000000
3383,0,1.000000000,1.000000000
3384,0,0.302292189,1.960000000
3385,0,1.000000000,1.000000000
3386,0,0.302292189,0.080000000
3387,0,1.012773762,1.001377513
3388,0,1.509801233,1.002393429
3389,0,1.221108985,1.039560442
3390,0,1.096088762,0.441350557
3391,0,1.249004787,1.046092678
3392,0,-0.000000000,0.000000000
3393,0,1.000000000,1.000000000
3394,0,1.021928095,0.400000000
3395,0,1.000000000,1.000000000
3396,0,1.021928095,0.400000000
3397,0,1.228118215,1.041111111
3398,0,1.098973413,2.000000000
3399,0,1.058200532,1.007945613
3400,0,1.545206317,2.003972705
3401,0,1.000000000,1.000000000
3402,0,-0.000000000,0.000000000
3403,0,1.000000000,1.000000000
3404,0,-0.000000000,0.000000000
3405,0,1.000000000,1.000000000
3406,0,1.500000000,2.000000000
3407,0,1.000000000,1.000000000
3408,0,1.021928095,0.400000000
3409,0,1.052690404,1.007034221
3410,0,1.540702475,2.003495491
3411,0,1.224326969,1.040362209
3412,0,1.097373397,0.442064205
3413,0,1.000000000,1.000000000
3414,0,0.302292189,0.080000000
3415,0,1.060184319,1.008222222
3416,0,-0.000000000,0.000000000
3417,0,1.000000000,1.000000000
3418,0,0.302292189,0.080000000
3419,0,1.012773762,1.001377513
3420,0,1.544083508,1.007659218
3421,0,2.484633438,1.814679146
3422,0,2.184958160,2.115233586
3423,0,2.630181311,1.892356060
3424,0,2.007643785,2.026782285
3425,0,2.558947368,1.899689369
3426,0,2.044553315,1.413832983
3427,0,1.242092937,1.046511967
3428,0,1.935899796,1.400955172
3429,0,1.149841211,1.024688317
3430,0,1.614715345,2.011844913
3431,0,1.233762820,1.042751123
3432,0,-0.000000000,0.000000000
3433,0,1.000000000,1.000000000
3434,0,0.302292189,0.080000000
3435,0,1.012773762,1.001377513
3436,0,-0.000000000,0.000000000
3437,0,1.000000000,1.000000000
3438,0,1.500000000,2.000000000
3439,0,1.764492375,1.205555556
3440,0,2.049186634,1.376866405
3441,0,1.000000000,1.000000000
3442,0,1.021928095,1.800000000
3443,0,1.052690404,1.007034221
3444,0,-0.000000000,0.000000000
3445,0,1.000000000,1.000000000
3446,0,0.302292189,2.000000000
3447,0,1.012773762,1.001377513
3448,0,0.303367094,0.080344681
3449,0,1.060426407,1.008262715
3450,0,1.037712657,0.408612372
3451,0,1.232516589,1.042148369
3452,0,-0.000000000,0.000000000
3453,0,1.000000000,1.000000000
3454,0,-0.000000000,0.000000000
3455,0,1.000000000,1.000000000
3456,0,1.021928095,0.400000000
3457,0,1.000000000,1.000000000
3458,0,-0.000000000,0.000000000
3459,0,1.000000000,1.000000000
3460,0,1.021928095,0.400000000
3461,0,1.000000000,1.000000000
3462,0,-0.000000000,0.000000000
3463,0,1.000000000,1.000000000
3464,0,-0.000000000,0.000000000
3465,0,1.000000000,1.000000000
3466,0,0.302292189,0.080000000
3467,0,1.012773762,1.001377513
3468,0,-0.000000000,0.000000000
3469,0,1.000000000,1.000000000
3470,0,1.021928095,0.400000000
3471,0,1.000000000,1.000000000
3472,0,-0.000000000,0.000000000
3473,0,1.000000000,1.000000000
3474,0,0.302292189,0.080000000
3475,0,1.060184319,1.008222222
3476,0,-0.000000000,0.000000000
3477,0,1.000000000,1.000000000
3478,0,0.302292189,0.080000000
3479,0,1.060184319,1.008222222
3480,0,-0.000000000,0.000000000
3481,0,1.000000000,1.000000000
3482,0,0.302292189,0.080000000
3483,0,1.000000000,1.000000000
3484,0,1.870950594,2.000000000
3485,0,1.532052555,1.123333333
3486,0,-0.000000000,0.000000000
3487,0,1.000000000,1.000000000
3488,0,0.302292189,0.080000000
3489,0,1.012773762,1.001377513
3490,0,-0.000000000,0.000000000
3491,0,1.000000000,1.000000000
3492,0,1.021928095,1.800000000
3493,0,1.228118215,1.041111111
3494,0,1.929031819,2.001984500
3495,0,1.148745910,3.000000000
3496,0,1.613611799,2.011674434
3497,0,1.000000000,1.000000000
3498,0,1.021928095,0.400000000
3499,0,1.052690404,1.007034221
3500,0,1.035378563,0.407332871
3501,0,1.053635335,1.007189192
3502,0,0.307902432,0.081803056
3503,0,1.262329836,1.049041854
3504,0,0.340936913,0.092631679
3505,0,1.068935097,1.009707139
3506,0,-0.000000000,0.000000000
3507,0,1.000000000,1.000000000
3508,0,1.500000000,1.000000000
3509,0,1.000000000,1.000000000
3510,0,0.302292189,2.000000000
3511,0,1.012773762,1.001377513
3512,0,1.544083508,2.004162083
3513,0,1.775914791,1.210435550
3514,0,0.475736052,0.140378123
3515,0,1.021773121,1.002578743
3516,0,0.304258934,0.080629447
3517,0,1.012872224,1.001390114
3518,0,0.303376412,0.080347654
3519,0,1.000000000,1.000000000
3520,0,0.302292189,0.080000000
3521,0,1.060184319,1.008222222
3522,0,-0.000000000,0.000000000
3523,0,1.000000000,1.000000000
3524,0,1.870950594,1.400000000
3525,0,1.000000000,1.000000000
3526,0,1.021928095,0.400000000
3527,0,1.052690404,1.007034221
3528,0,1.035378563,0.407332871
3529,0,1.231864424,1.041994141
3530,0,1.100504734,0.443881362
3531,0,1.058314079,1.007964773
3532,0,1.037060771,0.408243900
3533,0,1.232340924,1.042107794
3534,0,0.335411743,0.090795489
3535,0,1.286256293,1.054986133
3536,0,1.944948461,1.287462216
3537,0,1.573437649,1.137622769
3538,0,1.263862411,0.543728116
3539,0,1.949340691,1.288418657
3540,0,2.075513415,2.011079114
3541,0,1.192552633,1.034239696
3542,0,1.084348031,0.434405476
3543,0,1.245814941,1.045345915
3544,0,1.106253314,0.447149002
3545,0,1.058742263,1.008037213
3546,0,-0.000000000,0.000000000
3547,0,1.000000000,1.000000000
3548,0,0.302292189,0.080000000
3549,0,1.012773762,1.001377513
3550,0,1.509801233,2.000696195
3551,0,1.000000000,1.000000000
3552,0,1.870950594,2.000000000
3553,0,1.532052555,3.000000000
3554,0,1.242499492,2.000000000
3555,0,1.069156653,1.009810351
3556,0,0.309840242,0.082424675
3557,0,1.013151465,1.001425877
3558,0,1.873544981,1.399805350
3559,0,1.139116355,1.022365963
3560,0,1.605771993,2.010636133
3561,0,1.796516087,1.219641482
3562,0,1.391378165,0.631630165
3563,0,1.000000000,1.000000000
3564,0,0.302292189,0.080000000
3565,0,1.257422929,1.047844828
3566,0,0.340029904,0.092331027
3567,0,1.000000000,1.000000000
3568,0,0.302292189,0.080000000
3569,0,1.012773762,1.001377513
3570,0,0.303367094,0.080344681
3571,0,1.060426407,1.008262715
3572,0,0.308747931,0.082075909
3573,0,1.000000000,1.000000000
3574,0,1.870950594,1.400000000
3575,0,1.138751800,1.022289157
3576,0,1.064163411,0.423273040
3577,0,1.055681397,1.007526645
3578,0,0.308151796,0.081882976
3579,0,1.000000000,1.000000000
3580,0,0.302292189,0.080000000
3581,0,1.060184319,1.008222222
3582,0,1.037639028,0.408572389
3583,0,1.000000000,1.000000000
3584,0,1.500000000,2.000000000
3585,0,1.764492375,1.205555556
3586,0,-0.000000000,0.000000000
3587,0,1.000000000,1.000000000
3588,0,0.302292189,0.080000000
3589,0,1.012773762,1.001377513
3590,0,0.002344960,0.000670728
3591,0,1.000000000,1.000000000
3592,0,1.021928095,0.400000000
3593,0,1.273804171,1.086561955
3594,0,1.558874726,1.632601316
3595,0,1.201985962,1.550976106
3596,0,1.582198824,2.757466270
3597,0,1.197527998,1.418076115
3598,0,1.182153986,1.457504992
3599,0,1.080230279,0.661983527
3600,0,0.021365297,0.004123305
3601,0,0.294629386,0.082110745
3602,0,0.326261504,0.094612036
3603,0,1.014866363,1.788542105
3604,0,1.582212523,1.015403833
3605,0,1.404432099,1.833345514
3606,0,1.788191829,1.419152726
3607,0,1.909609928,1.440676402
3608,0,1.301559387,1.884486964
3609,0,1.349453731,0.824940538
3610,0,0.721595300,0.399667330
3611,0,0.510517230,0.227090149
3612,0,0.348821751,0.130958379
3613,0,0.494493874,0.148879063
3614,0,0.457129322,0.131617980
3615,0,1.088302949,0.478186862
3616,0,0.506926022,0.171924782
3617,0,1.024305189,1.048381108
3618,0,0.304760348,0.080802310
3619,0,1.012898651,1.002307290
3620,0,1.873488778,1.202378314
3621,0,1.533201874,1.124027263
3622,0,-0.000000000,0.000000000
3623,0,1.000000000,1.000000000
3624,0,1.021928095,1.800000000
3625,0,1.228118215,1.041111111
3626,0,-0.000000000,0.000000000
3627,0,1.000000000,1.000000000
3628,0,1.021928095,0.400000000
3629,0,1.784319623,1.213461538
3630,0,1.385153104,0.627492130
3631,0,1.336749569,1.068505888
3632,0,1.743785819,2.029807757
3633,0,2.538770109,1.837247737
3634,0,2.213994011,1.437106465
3635,0,2.089953573,1.376772115
3636,0,0.602720952,0.189938151
3637,0,1.029187335,1.003929162
3638,0,-0.000000000,0.000000000
3639,0,1.000000000,1.000000000
3640,0,0.302292189,0.080000000
3641,0,1.060184319,1.008222222
3642,0,0.308717777,0.082066230
3643,0,1.000000000,1.000000000
3644,0,-0.000000000,0.000000000
3645,0,1.000000000,1.000000000
3646,0,1.870950594,1.400000000
3647,0,1.000000000,1.000000000
3648,0,0.302292189,0.080000000
3649,0,1.012773762,1.001377513
3650,0,-0.000000000,0.000000000
3651,0,1.000000000,1.000000000
3652,0,1.021928095,0.400000000
3653,0,1.052690404,1.007034221
3654,0,1.035378563,1.797703404
3655,0,1.053635335,1.007189192
3656,0,1.882971918,1.399015222
3657,0,1.140588374,1.022676740
3658,0,1.905518969,1.237659228
3659,0,1.550116242,1.129478904
3660,0,1.251766009,0.536024884
3661,0,1.294923208,1.057548505
3662,0,0.347014691,0.094641648
3663,0,1.070362520,1.009957693
3664,0,0.310006300,0.082479964
3665,0,1.000000000,1.000000014
3666,0,-0.000000000,0.000000000
3667,0,1.000000000,1.000000000
3668,0,0.302292189,0.080000000
3669,0,1.012773762,1.001377513
3670,0,0.303367094,0.080344681
3671,0,1.060426407,1.008262715
3672,0,1.884642797,1.213985690
3673,0,1.538790303,1.125618399
3674,0,0.403261438,0.114012782
3675,0,1.017923366,1.002051922
3676,0,1.513991663,2.001057291
3677,0,1.000000000,0.999999635
3678,0,-0.000000000,0.000000000
3679,0,1.000000000,1.000000000
3680,0,0.302292189,0.080000000
3681,0,1.060184319,1.008222222
3682,0,0.309673025,0.082309867
3683,0,1.013285943,1.001420423
3684,0,0.303402797,0.080355962
3685,0,1.012829085,1.001384450
3686,0,-0.000000000,0.000000000
3687,0,1.000000000,1.000000000
3688,0,1.021928095,0.400000000
3689,0,1.052690404,1.007034221
3690,0,-0.000000000,0.000000000
3691,0,1.000000000,1.000000000
3692,0,0.302292189,0.080000000
3693,0,1.012773762,1.001377513
3694,0,-0.000000000,0.000000000
3695,0,1.000000000,1.000000000
3696,0,1.021928095,0.400000000
3697,0,1.228118215,1.041111111
3698,0,0.334665510,0.090549664
3699,0,1.014397000,1.001586340
3700,0,1.024953970,0.401641094
3701,0,1.000000000,1.000000000
3702,0,0.302292189,0.080000000
3703,0,1.060184319,1.008222222
3704,0,0.308717777,0.082066230
3705,0,1.000000000,1.000000000
3706,0,0.302292189,0.080000000
3707,0,1.060184319,1.008222222
3708,0,-0.000000000,0.000000000
3709,0,1.000000000,1.000000000
3710,0,-0.000000000,0.000000000
3711,0,1.000000000,1.000000000
3712,0,1.021928095,1.800000000
3713,0,1.052690404,1.007034221
3714,0,0.009991295,0.003437410
3715,0,1.003950140,1.000687876
3716,0,1.010165997,0.576120268
3717,0,0.992332523,0.536346297
3718,0,0.808319324,0.264671349
3719,0,0.592756763,0.175173415
3720,0,1.277373984,1.130104150
3721,0,1.651319618,2.078733998
3722,0,2.288505235,2.674828535
3723,0,2.664770525,1.713415503
3724,0,2.404661604,2.027897756
3725,0,1.420699554,1.245610837
3726,0,1.141749044,0.687002282
3727,0,-0.000000000,0.000000000
3728,0,1.000000000,1.000000000
3729,0,0.302292189,0.080000000
3730,0,1.237449000,1.047715088
3731,0,0.339953955,0.092277866
3732,0,1.004258296,1.001141858
3733,0,-0.000000000,0.000000000
3734,0,1.000000000,1.000000000
3735,0,0.302292189,0.080000000
3736,0,1.012773762,1.001377513
3737,0,-0.000000000,0.000000000
3738,0,1.000000000,1.000000000
3739,0,1.021928095,2.000000000
3740,0,1.052690404,1.007034221
3741,0,0.317750852,0.085114389
3742,0,1.007301712,1.002124693
3743,0,1.029879111,0.403053706
3744,0,1.314009131,1.078607566
3745,0,1.211958246,1.207719731
3746,0,1.135748923,0.665278128
3747,0,0.341462668,0.094179449
3748,0,1.035136465,1.001505667
3749,0,1.056637388,0.413880975
3750,0,1.401776951,1.115995978
3751,0,1.205737073,0.475739055
3752,0,0.730817389,0.255339456
3753,0,1.147024202,1.789762464
3754,0,2.145569412,1.848957532
3755,0,2.458177762,2.632457086
3756,0,1.093615735,0.586859460
3757,0,2.114190990,1.714401254
3758,0,1.207988610,0.965588234
3759,0,1.486398883,1.219539992
3760,0,1.328253779,0.928198040
3761,0,1.645441755,1.090055582
3762,0,0.530092645,0.187957254
3763,0,0.999827570,1.015460554
3764,0,-0.000000000,0.000000000
3765,0,1.000000000,1.000000000
3766,0,-0.000000000,0.000000000
3767,0,1.000000000,1.000000000
3768,0,1.413276880,1.629411765
3769,0,-0.000000000,0.000000000
3770,0,0.921928095,0.400000000
3771,0,-0.000000000,0.000000000
3772,0,1.000000000,1.000000000
3773,0,1.021928095,0.400000000
3774,0,1.052690404,1.007034221
3775,0,0.307787926,0.081766365
3776,0,1.061422809,1.008429735
3777,0,-0.000000000,0.000000000
3778,0,1.000000000,1.000000000
3779,0,1.870950594,1.400000000
3780,0,1.000000000,1.000000000
3781,0,0.302292189,0.080000000
3782,0,1.012773762,1.001377513
3783,0,1.873460820,1.202352203
3784,0,1.533239146,1.123726125
3785,0,0.411714493,0.117458935
3786,0,1.110215885,1.052570264
3787,0,-0.000000000,0.000000000
3788,0,1.000000000,1.000000000
3789,0,1.021928095,0.400000000
3790,0,1.052690404,1.007034221
3791,0,0.307787926,0.081766365
3792,0,1.061422809,1.008429735
3793,0,-0.000000000,0.000000000
3794,0,1.000000000,1.000000000
3795,0,0.302292189,0.080000000
3796,0,1.060184319,1.008222222
3797,0,0.309673025,0.082309867
3798,0,1.044935272,1.013453646
3799,0,1.066402935,2.018686207
3800,0,1.030825395,1.018128806
3801,0,0.046049558,0.022494706
3802,0,1.017582692,1.004512475
3803,0,1.038684784,0.406919129
3804,0,1.155149846,1.062374068
3805,0,1.066341621,0.595278992
3806,0,1.010741962,0.542063499
3807,0,0.814599645,2.164094099
3808,0,1.224798045,1.009131119
3809,0,1.114301623,0.589757399
3810,0,0.902525663,0.370222148
3811,0,1.340105048,1.939385418
3812,0,1.616026820,0.985490739
3813,0,1.950313486,1.316055706
3814,0,1.989194110,1.997320647
3815,0,2.265024272,2.988433387
3816,0,2.521774945,2.600323613
3817,0,1.759160944,2.254390814
3818,0,1.008357677,0.778731536
3819,0,1.458388243,1.359331625
3820,0,1.560121202,2.120032451
3821,0,1.456804017,2.201092516
3822,0,2.480281255,2.255626235
3823,0,2.523912860,2.007149856
3824,0,2.861799076,2.490401414
3825,0,2.517623536,2.451894104
3826,0,-0.000000000,0.000000000
3827,0,1.000000000,1.000000000
3828,0,0.302292189,0.080000000
3829,0,1.114974079,1.024468512
3830,0,0.990482377,0.776661521
3831,0,1.024647879,1.011026107
3832,0,1.060501842,0.578487393
3833,0,0.602429731,0.290183037
3834,0,0.399550532,0.158511046
3835,0,0.290283200,0.080000000
3836,0,0.999867591,1.013548123
3837,0,1.870910872,1.400000000
3838,0,1.312747085,1.180798014
3839,0,0.686268017,0.379088418
3840,0,1.202422150,1.069083731
3841,0,0.345836827,0.097112114
3842,0,0.999999471,1.000856732
3843,0,1.870950436,2.000514039
3844,0,0.999999963,1.000226782
3845,0,1.021928091,0.400000000
3846,0,1.228118214,1.041131522
3847,0,-0.000000000,0.000000000
3848,0,1.000000000,1.000000000
3849,0,0.302292189,0.080000000
3850,0,1.012773762,1.001377513
3851,0,0.303566849,0.080385332
3852,0,1.259211550,1.048384558
3853,0,0.340233651,0.092397917
3854,0,1.068774081,1.009684119
3855,0,1.040285965,0.410011149
3856,0,1.000000000,1.000000897
3857,0,1.021928095,0.400000000
3858,0,1.052690404,1.007034145
3859,0,-0.000000000,0.000000000
3860,0,1.000000000,1.000000000
3861,0,1.500000000,1.000000000
3862,0,1.000000000,1.000000000
3863,0,1.500000000,1.000000000
3864,0,1.426537740,1.307578009
3865,0,0.567578538,0.534918276
3866,0,1.194141466,1.089850250
3867,0,2.027206225,2.078797997
3868,0,1.503347269,1.239330759
3869,0,-0.000000000,0.000000000
3870,0,1.000000000,1.000000000
3871,0,-0.000000000,0.000000000
3872,0,1.000000000,1.000000000
3873,0,1.021928095,0.400000000
3874,0,1.743175848,1.177129522
3875,0,0.163929445,0.096437182
3876,0,1.073048655,1.031037299
3877,0,0.383178852,0.121886731
3878,0,1.110287899,1.052865567
3879,0,1.940873235,2.030746198
3880,0,1.445229985,1.201765343
3881,0,2.190387291,1.507905316
3882,0,1.608944386,1.236858137
3883,0,2.397133725,1.805934996
3884,0,2.849702637,2.311003674
3885,0,2.363001778,1.802616887
3886,0,1.987434335,1.735974695
3887,0,1.876765756,1.952939842
3888,0,2.751243508,1.891618926
3889,0,2.544456235,2.251544874
3890,0,2.379956856,1.787974898
3891,0,2.168958626,1.468499273
3892,0,1.843092394,1.362004461
3893,0,-0.000000000,0.000000000
3894,0,1.000000000,1.000000000
3895,0,-0.000000000,0.000000000
3896,0,1.000000000,1.000000000
3897,0,-0.000000000,0.000000000
3898,0,1.000000000,1.000000000
3899,0,1.021928095,0.400000000
3900,0,1.052690404,1.007034221
3901,0,0.009991295,0.003437410
3902,0,1.002398894,1.000343978
3903,0,0.844549033,0.541302975
3904,0,1.508094923,1.016034799
3905,0,0.864415065,0.588146595
3906,0,1.578191349,1.601301296
3907,0,1.609869274,0.991696476
3908,0,1.387507613,1.545835641
3909,0,-0.000000000,0.000000000
3910,0,1.000000000,1.000000000
3911,0,-0.000000000,0.000000000
3912,0,1.000000000,1.000000000
3913,0,0.302292189,0.080000000
3914,0,1.012773762,1.001377513
3915,0,1.024571058,0.401435139
3916,0,1.052875527,1.007064537
3917,0,0.307810326,0.081773543
3918,0,1.013048622,1.001412602
3919,0,0.303393152,0.080352998
3920,0,1.258386608,1.048079319
3921,0,0.340207542,0.092389888
3922,0,1.000000000,1.000000000
3923,0,-0.000000000,0.000000000
3924,0,1.000000000,1.000000000
3925,0,1.870950594,1.200000000
3926,0,1.532052555,1.123333333
3927,0,1.242499492,0.530171120
3928,0,1.069156653,1.009810351
3929,0,0.309840242,0.082424675
3930,0,1.000000000,1.000000000
3931,0,-0.000000000,0.000000000
3932,0,1.000000000,1.000000000
3933,0,1.500000000,1.000000000
3934,0,2.473808192,1.812500000
3935,0,1.908049904,2.000000000
3936,0,1.000000000,1.000000000
3937,0,1.870950594,1.200000000
3938,0,1.532052555,1.123333333
3939,0,-0.000000000,0.000000000
3940,0,1.000000000,1.000000000
3941,0,-0.000000000,0.000000000
3942,0,1.000000000,1.000000000
3943,0,1.021928095,0.400000000
3944,0,1.052690404,1.007034221
3945,0,0.307787926,0.081766365
3946,0,1.000000000,1.000000000
3947,0,1.021928095,0.400000000
3948,0,1.052690404,1.007034221
3949,0,0.307787926,0.081766365
3950,0,1.013047487,1.001412456
3951,0,0.303393045,0.080352964
3952,0,1.012828549,1.001384499
3953,0,1.024583867,0.401442027
3954,0,1.000000000,1.000000000
3955,0,1.870950594,2.000000000
3956,0,1.699198829,1.234509804
3957,0,0.388205881,0.304311074
3958,0,1.297858465,1.190068493
3959,0,1.366864411,1.940610731
3960,0,1.551244701,1.339149298
3961,0,1.433798535,0.730934188
3962,0,1.322240713,1.172193901
3963,0,0.429144601,0.341925520
3964,0,1.116650493,1.050688089
3965,0,0.328950136,0.091898621
3966,0,1.058315122,1.015420603
3967,0,1.072037002,0.421427718
3968,0,1.326113427,1.083308865
3969,0,0.176670101,0.104431481
3970,0,1.077911697,1.021252813
3971,0,2.004998585,2.010476566
3972,0,1.258347008,1.075755235
3973,0,1.064965409,0.423684191
3974,0,0.999999826,1.000490888
3975,0,0.302292186,0.080000000
3976,0,1.000000000,1.000007903
3977,0,-0.000000000,0.000000000
3978,0,1.000000000,1.000000000
3979,0,0.302292189,0.080000000
3980,0,1.060184319,1.008222222
3981,0,0.308717777,0.082066230
3982,0,1.263040278,1.049215565
3983,0,-0.000000000,0.000000000
3984,0,1.000000000,1.000000000
3985,0,-0.000000000,0.000000000
3986,0,1.000000000,1.000000000
3987,0,1.021928095,2.000000000
3988,0,1.312452296,2.962941176
3989,0,1.239414216,3.924906446
3990,0,-0.000000000,0.000000000
3991,0,1.000000000,1.000000000
3992,0,1.870950594,2.000000000
3993,0,1.138751800,1.022289157
3994,0,0.346471544,0.096336082
3995,0,1.035110771,1.008541304
3996,0,-0.000000000,0.000000000
3997,0,1.000000000,1.000000000
3998,0,-0.000000000,0.000000000
3999,0,1.000000000,1.000000000
4000,0,1.021928095,2.000000000
4001,0,1.139609612,2.944548620
4002,0,0.163929445,3.903562818
4003,0,1.300758320,3.877583050
4004,0,1.306486234,5.497227308
4005,0,1.485126033,4.794885354
4006,0,1.359378329,3.862801228
4007,0,2.406205816,2.772394002
4008,0,2.776442117,2.352506719
4009,0,1.925832356,1.812230157
4010,0,2.511591545,2.624066781
4011,0,2.201717769,2.163912043
4012,0,2.411314813,1.649624207
4013,0,1.616213491,1.226236412
4014,0,0.559620340,0.251012643
4015,0,1.271759659,1.170822252
4016,0,-0.000000000,0.000000000
4017,0,1.000000000,1.000000000
4018,0,1.021928095,0.400000000
4019,0,1.000000000,1.000000000
4020,0,1.021928095,1.800000000
4021,0,1.052690404,1.007034221
4022,0,1.039167888,0.408331041
4023,0,1.146417426,1.058221606
4024,0,-0.000000000,0.000000000
4025,0,1.000000000,1.000000000
4026,0,-0.000000000,0.000000000
4027,0,1.000000000,1.000000000
4028,0,0.302292189,0.080000000
4029,0,1.000000000,1.000000000
4030,0,0.302292189,0.080000000
4031,0,1.000000000,1.000000000
4032,0,1.021928095,0.400000000
4033,0,1.052690404,1.007034221
4034,0,-0.000000000,0.000000000
4035,0,1.000000000,1.000000000
4036,0,0.302292189,0.080000000
4037,0,1.000000000,1.000000000
4038,0,1.021928095,0.400000000
4039,0,1.000000000,1.000000000
4040,0,0.302292189,0.080000000
4041,0,1.257422929,1.047844828
4042,0,1.111242665,0.450092421
4043,0,1.000000000,1.000000000
4044,0,1.500000000,1.000000000
4045,0,1.220308818,1.039361702
4046,0,-0.000000000,0.000000000
4047,0,1.000000000,1.000000000
4048,0,1.870950594,1.200000000
4049,0,1.138751800,1.022289157
4050,0,1.605473788,2.010596940
4051,0,1.000000000,1.000000000
4052,0,1.021928095,0.400000000
4053,0,1.052690404,1.007034221
4054,0,0.307787926,2.000000000
4055,0,1.061422809,1.008429735
4056,0,0.308872313,0.082115836
4057,0,1.013101689,1.001419396
4058,0,0.303398192,0.080354606
4059,0,1.012828808,1.001384532
4060,0,-0.000000000,0.000000000
4061,0,1.000000000,1.000000000
4062,0,0.302292189,0.080000000
4063,0,1.000000000,1.000000000
4064,0,1.021928095,2.000000000
4065,0,1.052690404,1.007034221
4066,0,1.035378563,0.407332871
4067,0,1.793831720,1.217452590
4068,0,-0.000000000,0.000000000
4069,0,1.000000000,1.000000000
4070,0,0.302292189,0.080000000
4071,0,1.012773762,1.001377513
4072,0,-0.000000000,0.000000000
4073,0,1.000000000,1.000000000
4074,0,1.021928095,1.800000000
4075,0,1.228118215,1.041111111
4076,0,0.334665510,0.090549664
4077,0,1.067506413,1.009461600
4078,0,0.309640942,0.082362690
4079,0,1.000000000,1.000000000
4080,0,1.021928095,1.800000000
4081,0,1.000000000,1.000000000
4082,0,-0.000000000,0.000000000
4083,0,1.000000000,1.000000000
4084,0,1.021928095,0.400000000
4085,0,1.228118215,1.041111111
4086,0,1.929031819,1.266885862
4087,0,1.000000000,1.000000000
4088,0,0.302292189,0.080000000
4089,0,1.012773762,1.001377513
4090,0,1.024571058,0.401435139
4091,0,1.052875527,1.007064537
4092,0,1.035433409,0.407362557
4093,0,1.231879954,1.041997844
4094,0,-0.000000000,0.000000000
4095,0,1.000000000,1.000000000
4096,0,0.302292189,0.080000000
4097,0,1.000000000,1.000000000
4098,0,0.302292189,0.080000000
4099,0,1.012773762,1.001377513
4100,0,0.303367094,0.080344681
4101,0,1.012827240,1.001384331
4102,0,1.024583561,0.401441863
4103,0,1.000000000,1.000000000
4104,0,1.021928095,0.400000000
4105,0,1.228118215,1.041111111
4106,0,1.929031819,2.001984500
4107,0,1.148811807,1.024428354
4108,0,1.907911490,2.001235056
4109,0,1.144843843,1.023590531
4110,0,1.066367301,0.424481135
4111,0,1.000000000,0.999997629
4112,0,-0.000000000,0.000000000
4113,0,1.000000000,1.000000000
4114,0,-0.000000000,0.000000000
4115,0,1.000000000,1.000000000
4116,0,-0.000000000,0.000000000
4117,0,1.000000000,1.000000000
4118,0,1.021928095,0.400000000
4119,0,1.228118215,1.041111111
4120,0,1.098973413,0.443011606
4121,0,1.249825024,1.046290602
4122,0,1.107933826,0.448115543
4123,0,1.252428464,1.046927733
4124,0,1.109020159,2.000000000
4125,0,1.000000000,1.000000000
4126,0,0.302292189,0.080000000
4127,0,1.012773762,1.001377513
4128,0,0.303367094,0.080344681
4129,0,1.012827240,1.001384331
4130,0,1.509844711,2.000699856
4131,0,1.767150365,1.206608962
4132,0,2.049789778,1.480656859
4133,0,1.181528773,1.031656261
4134,0,1.079632677,0.431809401
4135,0,1.056820262,1.007777170
4136,0,1.036610147,0.407998968
4137,0,1.000000000,1.000005972
4138,0,1.021928095,0.400000000
4139,0,1.228118215,1.041110574
4140,0,2.050354679,1.169694068
4141,0,2.683419960,1.879739331
4142,0,1.368958860,0.606005743
4143,0,1.423799977,1.093258973
4144,0,0.570483419,0.237282862
4145,0,1.096768238,1.023667603
4146,0,0.975295012,0.401842860
4147,0,0.588168231,0.213207179
4148,0,0.417142568,0.130395630
4149,0,1.017930294,1.747665937
4150,0,0.992058636,0.895172269
4151,0,1.021133958,0.400000000
4152,0,1.783666930,1.200761256
4153,0,0.478917770,0.141605494
4154,0,0.999998584,0.998598845
4155,0,0.302292161,0.080000000
4156,0,1.012773761,1.001400518
4157,0,1.024571058,2.000005676
4158,0,1.228852925,1.041286486
4159,0,0.334795061,0.090592334
4160,0,1.067536316,1.009466659
4161,0,1.886498744,2.000478888
4162,0,1.000000000,0.999999936
4163,0,1.870950594,1.999999962
4164,0,1.138751800,1.022289140
4165,0,1.064163411,1.999999996
4166,0,1.910910358,1.652234976
4167,0,1.777532718,1.334123161
4168,0,1.291476813,1.061236766
4169,0,1.194821928,0.488254104
4170,0,1.121922106,1.037113188
4171,0,2.025928229,2.027039996
4172,0,1.683225110,2.978278779
4173,0,0.694309075,3.851091582
4174,0,1.381825863,0.731886366
4175,0,1.072745707,0.832282629
4176,0,-0.000000000,0.000000000
4177,0,1.000000000,1.000000000
4178,0,-0.000000000,0.000000000
4179,0,1.000000000,1.000000000
4180,0,0.302292189,0.080000000
4181,0,1.084886310,1.015633987
4182,0,0.350564491,0.100210388
4183,0,1.085361739,1.019959245
4184,0,1.947572105,2.088646577
4185,0,1.792326410,2.665131946
4186,0,1.501489890,3.106023163
4187,0,1.340585389,1.468675740
4188,0,1.311782487,1.466060544
4189,0,1.053144150,0.626933321
4190,0,0.958417321,0.761065224
4191,0,0.301460536,0.080000000
4192,0,1.060051448,1.012523048
4193,0,0.309864717,0.082368078
4194,0,1.001303598,1.000563918
4195,0,0.302628800,0.080092866
4196,0,1.000249934,1.000044102
4197,0,1.871634011,1.400118515
4198,0,1.411688546,1.185599374
4199,0,0.423603268,0.129082921
4200,0,1.047862674,1.013675344
4201,0,0.302291855,0.080000000
4202,0,1.012773750,1.001456477
4203,0,0.303367093,0.080344681
4204,0,1.000000000,1.000001570
4205,0,-0.000000000,0.000000000
4206,0,1.000000000,1.000000000
4207,0,1.021928095,1.800000000
4208,0,1.228118215,1.041111111
4209,0,1.668546004,2.018555116
4210,0,1.243317811,1.045216330
4211,0,1.934275941,2.002949284
4212,0,0.999999940,1.000289314
4213,0,1.021928089,0.400000000
4214,0,1.784319618,1.213496590
4215,0,2.163157024,2.048797809
4216,0,1.329636126,1.127829863
4217,0,1.279991599,0.566210631
4218,0,1.279451472,1.104730948
4219,0,0.560942334,0.243363301
4220,0,1.152292267,1.042744943
4221,0,0.115268456,0.061097453
4222,0,1.005994467,1.001496969
4223,0,1.566329619,1.412223238
4224,0,1.316483168,0.708730812
4225,0,0.985047444,0.454171156
4226,0,0.811693906,0.330684235
4227,0,0.451098386,0.188867458
4228,0,0.291314157,0.080000000
4229,0,1.012389642,0.988059961
4230,0,1.024551680,0.401435139
4231,0,0.999998672,1.001356811
4232,0,0.302292163,0.080000000
4233,0,1.012773761,1.001399790
4234,0,1.024571058,0.401435139
4235,0,1.228852925,1.041281458
4236,0,-0.000000000,0.000000000
4237,0,1.000000000,1.000000000
4238,0,1.021928095,0.400000000
4239,0,1.228118215,1.041111111
4240,0,-0.000000000,0.000000000
4241,0,1.000000000,1.000000000
4242,0,1.021928095,0.400000000
4243,0,1.052690404,1.007034221
4244,0,0.307787926,0.081766365
4245,0,1.013047487,1.001412456
4246,0,-0.000000000,0.000000000
4247,0,1.000000000,1.000000000
4248,0,0.302292189,0.080000000
4249,0,1.012773762,1.001377513
4250,0,0.303367094,0.080344681
4251,0,1.000000000,1.000000000
4252,0,1.500000000,2.000000000
4253,0,1.000000000,1.000000000
4254,0,1.870950594,1.200000000
4255,0,2.305215896,1.504545455
4256,0,0.771659036,0.264445232
4257,0,1.038804322,1.005074184
4258,0,-0.000000000,0.000000000
4259,0,1.000000000,1.000000000
4260,0,1.021928095,0.400000000
4261,0,1.052690404,1.007034221
4262,0,1.540702475,2.003495491
4263,0,2.483395472,1.704119490
4264,0,2.041353202,2.018875860
4265,0,1.804307514,1.228033825
4266,0,-0.000000000,0.000000000
4267,0,1.000000000,1.000000000
4268,0,1.870950594,1.200000000
4269,0,1.000000000,1.000000000
4270,0,1.021928095,0.400000000
4271,0,1.052690404,1.007034221
4272,0,1.035378563,2.000000000
4273,0,1.000000000,1.000000000
4274,0,0.302292189,0.080000000
4275,0,1.012773762,1.001377513
4276,0,1.025497140,0.401630653
4277,0,1.229875693,1.041579430
4278,0,1.116522805,0.449357010
4279,0,1.062061621,1.010070875
4280,0,0.310282111,0.082505872
4281,0,0.999999997,0.999935717
4282,0,0.302292189,0.080000000
4283,0,1.012773762,1.001376458
4284,0,0.303367094,0.080344681
4285,0,1.000000000,0.999999979
4286,0,0.302292189,0.080000000
4287,0,1.012773762,1.001377513
4288,0,-0.000000000,0.000000000
4289,0,1.000000000,1.000000000
4290,0,-0.000000000,0.000000000
4291,0,1.000000000,1.000000000
4292,0,1.021928095,0.400000000
4293,0,1.312452296,1.074052288
4294,0,2.226915830,1.311995097
4295,0,2.357917500,1.813518049
4296,0,2.094121760,2.198927851
4297,0,1.910397999,2.665557766
4298,0,2.517099702,1.899946007
4299,0,2.265821177,1.790451904
4300,0,2.652756298,2.022945484
4301,0,2.139463804,1.582145586
4302,0,0.838101771,0.834281823
4303,0,1.526565739,1.802497271
4304,0,1.666801534,1.146746816
4305,0,2.571638387,2.193410412
4306,0,1.239353369,1.617204088
4307,0,1.476900341,1.308043689
4308,0,0.540727411,0.463708040
4309,0,1.449508764,1.279389768
4310,0,1.364009938,1.011642541
4311,0,1.644900392,1.092573961
4312,0,0.682462453,0.637784350
4313,0,1.225356281,1.107435992
4314,0,1.450275947,0.747322323
4315,0,0.870753299,0.308569053
4316,0,0.657136979,0.202677717
4317,0,1.174116295,0.499830077
4318,0,1.686619869,1.576624101
4319,0,1.593357684,1.776024772
4320,0,0.981607195,1.861555668
4321,0,-0.000000000,0.000000000
4322,0,1.000000000,1.000000000
4323,0,0.302292189,0.080000000
4324,0,1.060184319,1.008222222
4325,0,-0.000000000,0.000000000
4326,0,1.000000000,1.000000000
4327,0,1.021928095,0.400000000
4328,0,1.000000000,1.000000000
4329,0,0.302292189,0.080000000
4330,0,1.000000000,1.000000000
4331,0,1.870950594,1.400000000
4332,0,1.000000000,1.000000000
4333,0,-0.000000000,0.000000000
4334,0,1.000000000,1.000000000
4335,0,0.302292189,0.080000000
4336,0,1.012773762,1.001377513
4337,0,-0.000000000,0.000000000
4338,0,1.000000000,1.000000000
4339,0,-0.000000000,0.000000000
4340,0,1.000000000,1.000000000
4341,0,1.500000000,2.000000000
4342,0,1.905928216,1.642857143
4343,0,2.885122632,1.931693667
4344,0,2.676547219,1.568290236
4345,0,2.643886345,1.792337678
4346,0,0.892482317,0.618804610
4347,0,-0.000000000,0.000000000
4348,0,1.000000000,1.000000000
4349,0,0.302292189,0.080000000
4350,0,1.012773762,1.001377513
4351,0,1.024571058,0.401435139
4352,0,1.052875527,1.007064537
4353,0,-0.000000000,0.000000000
4354,0,1.000000000,1.000000000
4355,0,1.870950594,1.400000000
4356,0,1.699198829,1.222156863
4357,0,0.487468576,0.151244391
4358,0,1.144833688,1.024832777
4359,0,-0.000000000,0.000000000
4360,0,1.000000000,1.000000000
4361,0,1.021928095,0.400000000
4362,0,1.228118215,1.041111111
4363,0,1.115356030,1.791403423
4364,0,2.176813645,1.752152359
4365,0,1.584366713,1.955211649
4366,0,2.523834642,1.863948507
4367,0,2.354023807,1.589046554
4368,0,2.352441681,1.655040151
4369,0,0.756291802,0.300146415
4370,0,1.243897819,1.142624501
4371,0,1.256698377,0.558063785
4372,0,1.158407277,1.085772851
4373,0,-0.000000000,0.000000000
4374,0,1.000000000,1.000000000
4375,0,1.021928095,0.400000000
4376,0,1.000000000,1.000000000
4377,0,1.870950594,2.000000000
4378,0,1.532052555,1.123333333
4379,0,1.921274362,2.086054001
4380,0,0.999758200,0.981691894
4381,0,1.870878055,1.200000000
4382,0,0.999983058,1.004846263
4383,0,1.870945512,1.400000000
4384,0,1.138750497,1.023576628
4385,0,1.904984957,1.237092993
4386,0,2.329238426,1.522325331
4387,0,-0.000000000,0.000000000
4388,0,1.000000000,1.000000000
4389,0,1.021928095,0.400000000
4390,0,1.000000000,1.000000000
4391,0,0.302292189,0.080000000
4392,0,1.012773762,1.001377513
4393,0,1.024571058,1.799550526
4394,0,1.228852925,1.041283932
4395,0,1.099273232,0.443181816
4396,0,1.058222756,1.007949362
4397,0,-0.000000000,0.000000000
4398,0,1.000000000,1.000000000
4399,0,1.870950594,1.400000000
4400,0,1.309912665,1.129332206
4401,0,0.682726436,0.375181741
4402,0,1.407234182,1.216051789
4403,0,1.433332688,1.969044865
4404,0,1.854655117,1.968503054
4405,0,1.497183734,1.783089455
4406,0,1.312065853,1.110273776
4407,0,0.289510081,0.192684608
4408,0,1.080097597,1.029598180
4409,0,0.390450823,0.125135889
4410,0,1.058246810,1.039254196
4411,0,1.714015001,1.113977735
4412,0,1.187885187,1.180357948
4413,0,1.987108559,2.073474618
4414,0,1.245969924,1.104045646
4415,0,-0.000000000,0.000000000
4416,0,1.000000000,1.000000000
4417,0,-0.000000000,0.000000000
4418,0,1.000000000,1.000000000
4419,0,1.870950594,1.200000000
4420,0,1.138751800,1.022289157
4421,0,0.322015486,0.086317345
4422,0,1.014140682,1.001494914
4423,0,-0.000000000,0.000000000
4424,0,1.000000000,1.000000000
4425,0,0.302292189,0.080000000
4426,0,1.060184319,1.008222222
4427,0,-0.000000000,0.000000000
4428,0,1.000000000,1.000000000
4429,0,0.302292189,0.080000000
4430,0,1.038594890,1.010875847
4431,0,0.310594254,0.082609092
4432,0,1.017416183,1.003552728
4433,0,1.886790007,2.005344108
4434,0,2.322246491,3.006820192
4435,0,0.817509757,2.023853949
4436,0,1.233973151,2.025143130
4437,0,1.151410508,2.036075447
4438,0,1.929979474,1.290817703
4439,0,-0.000000000,0.000000000
4440,0,1.000000000,1.000000000
4441,0,0.302292189,1.960000000
4442,0,1.000000000,1.000000000
4443,0,-0.000000000,0.000000000
4444,0,1.000000000,1.000000000
4445,0,0.302292189,0.080000000
4446,0,1.038594890,1.010875847
4447,0,1.923282674,1.421259452
4448,0,1.585377044,1.159490538
4449,0,1.329351729,0.577517312
4450,0,1.383931928,1.115154035
4451,0,0.346827536,0.094566266
4452,0,1.015029184,1.001650133
4453,0,1.514829995,1.002433721
4454,0,1.431188379,1.229395399
4455,0,2.284162237,1.743440208
4456,0,1.432050409,1.301019751
4457,0,2.186456296,1.998891297
4458,0,1.653216431,2.898620410
4459,0,1.625102644,3.753830972
4460,0,1.369059647,0.979911749
4461,0,1.381501999,1.476954021
4462,0,0.389327301,0.111406887
4463,0,1.334306731,1.046475893
4464,0,1.146532835,0.471185882
4465,0,1.061731841,0.997067513
4466,0,-0.000000000,0.000000000
4467,0,1.000000000,1.000000000
4468,0,1.870950594,1.200000000
4469,0,1.000000000,1.000000000
4470,0,1.021928095,0.400000000
4471,0,1.052690404,1.007034221
4472,0,-0.000000000,0.000000000
4473,0,1.000000000,1.000000000
4474,0,0.302292189,0.080000000
4475,0,1.060184319,1.008222222
4476,0,1.037639028,0.408572389
4477,0,1.000000000,1.000000000
4478,0,0.302292189,0.080000000
4479,0,1.257422929,1.047844828
4480,0,-0.000000000,0.000000000
4481,0,1.000000000,1.000000000
4482,0,1.500000000,1.000000000
4483,0,1.220308818,1.039361702
4484,0,-0.000000000,0.000000000
4485,0,1.000000000,1.000000000
4486,0,0.302292189,0.080000000
4487,0,1.012773762,1.001377513
4488,0,0.303367094,0.080344681
4489,0,1.012827240,1.001384331
4490,0,1.024583561,0.401441863
4491,0,1.000000000,1.000000000
4492,0,-0.000000000,0.000000000
4493,0,1.000000000,1.000000000
4494,0,0.302292189,0.080000000
4495,0,1.048419662,1.011672062
4496,0,1.063629952,0.417401255
4497,0,1.323836176,1.082416172
4498,0,-0.000000000,0.000000000
4499,0,1.000000000,1.000000000
4500,0,0.302292189,0.080000000
4501,0,1.000000000,1.000000000
4502,0,0.302292189,0.080000000
4503,0,1.012773762,1.001377513
4504,0,0.303367094,0.080344681
4505,0,1.000000000,1.000000000
4506,0,-0.000000000,0.000000000
4507,0,1.000000000,1.000000000
4508,0,0.302292189,0.080000000
4509,0,1.012773762,1.001377513
4510,0,0.305752795,0.080998600
4511,0,1.049498929,1.009398676
4512,0,0.044333343,0.019360161
4513,0,1.002272873,1.000485788
4514,0,0.304754395,0.080747409
4515,0,1.049238957,1.009328271
4516,0,1.001658500,1.474732071
4517,0,1.151167469,0.722162705
4518,0,0.831540273,0.363554469
4519,0,-0.000000000,0.000000000
4520,0,1.000000000,1.000000000
4521,0,0.302292189,0.080000000
4522,0,1.012773762,1.001377513
4523,0,1.025497140,0.401630653
4524,0,1.053826918,1.007347205
4525,0,0.308857695,0.082048046
4526,0,1.001075444,1.000334147
4527,0,0.001504002,0.000475902
4528,0,1.000547559,1.000095186
4529,0,0.302401796,0.080027939
4530,0,1.060284397,1.008238288
4531,0,1.037639914,0.408572833
4532,0,1.000000000,0.999999755
4533,0,0.302292189,0.080000000
4534,0,1.012773762,1.001377509
4535,0,0.303367094,0.080344681
4536,0,1.012827240,1.001384331
4537,0,-0.000000000,0.000000000
4538,0,1.000000000,1.000000000
4539,0,1.500000000,2.000000000
4540,0,2.473808192,1.812500000
4541,0,2.042035234,1.347433036
4542,0,1.808443513,1.229730688
4543,0,1.465628111,1.769763672
4544,0,1.467980499,1.126766488
4545,0,1.360759708,0.605625462
4546,0,1.433389498,1.122375191
4547,0,1.160990414,0.641718189
4548,0,0.821934482,0.322876822
4549,0,0.585946657,0.179151923
4550,0,1.250344515,0.566993699
4551,0,1.684376372,1.191609075
4552,0,1.847114242,1.365572718
4553,0,1.374335917,1.754581527
4554,0,2.200978831,2.516757771
4555,0,2.006281539,1.978523592
4556,0,2.447167104,1.527310806
4557,0,2.601014873,2.096459210
4558,0,2.273579764,1.734579353
4559,0,2.902105157,2.185933122
4560,0,2.946914404,1.952048141
4561,0,2.803731238,2.225493894
4562,0,2.495979661,2.589169406
4563,0,2.560540553,2.593054130
4564,0,1.982782364,2.205482953
4565,0,1.953867237,1.108009560
4566,0,0.941294297,0.383865757
4567,0,0.768703907,0.341715684
4568,0,1.349845449,0.704954728
4569,0,1.430369283,0.799994438
4570,0,1.170818577,1.248519685
4571,0,2.092597233,1.399759835
4572,0,2.375088995,1.987523507
4573,0,2.889876403,2.581825418
4574,0,2.471229204,2.545751121
4575,0,2.034914235,1.922160748
4576,0,1.947856456,1.619451796
4577,0,2.290987846,1.479857875
4578,0,1.628412605,0.892748647
4579,0,0.927440002,0.545657555
4580,0,0.714993328,0.398069761
4581,0,1.400583473,0.651593016
4582,0,1.695343442,1.069254651
4583,0,1.934575173,1.941474736
4584,0,2.696969526,2.136667860
4585,0,2.501965933,1.647583468
4586,0,2.262208138,1.391573915
4587,0,1.416558589,0.996938076
4588,0,2.503804884,1.621858036
4589,0,2.677694298,1.955213482
4590,0,2.681074847,2.092564241
4591,0,2.758149055,1.761227932
4592,0,2.892389614,2.278156161
4593,0,1.520855774,1.397778092
4594,0,1.227157512,0.775177991
4595,0,0.402073997,0.123516485
4596,0,1.037628296,1.012504213
4597,0,0.320693174,0.086041498
4598,0,1.015818388,1.004819169
4599,0,1.025862067,2.001284500
4600,0,1.228888848,1.041359742
4601,0,1.099759113,0.443212288
4602,0,1.003162626,1.000275561
4603,0,0.017697043,0.003341508
4604,0,1.003415737,1.000836506
4605,0,1.500052560,1.000014316
4606,0,1.764546818,1.205564129
4607,0,1.953164324,1.221092854
4608,0,1.000045978,1.000012031
4609,0,1.021975231,1.800005829
4610,0,1.052707733,1.007035968
4611,0,0.307801578,1.959393063
4612,0,1.000062394,1.000003461
4613,0,1.021937451,0.400001568
4614,0,1.228119561,1.041111275
4615,0,1.668546819,1.063790239
4616,0,1.000000797,1.000000094
4617,0,0.302293082,0.080000136
4618,0,1.060184445,1.008222244
4619,0,1.037639155,0.408572406
4620,0,1.053794876,1.007215407
4621,0,0.307921838,0.081809268
4622,0,1.013054277,1.001413331
4623,0,0.000000043,0.000000003
4624,0,1.000000041,1.000000001
4625,0,1.021928100,0.400000001
4626,0,1.000000029,1.000000001
4627,0,1.021928099,0.400000000
4628,0,1.784319623,1.213461539
4629,0,0.478971584,0.141605494
4630,0,1.021940399,1.002601409
4631,0,0.000000000,0.000000000
4632,0,1.000000000,1.000000000
4633,0,1.870950594,1.400000000
4634,0,1.138751800,1.022289157
4635,0,0.319766260,0.085651291
4636,0,1.064128623,1.008886137
4637,0,1.038845782,0.409227992
4638,0,1.053881040,1.007229697
4639,0,0.307932252,0.081812609
4640,0,1.061455877,1.008435336
4641,0,0.000000000,0.000000000
4642,0,1.000000000,1.000000000
4643,0,1.021928095,0.400000000
4644,0,1.052690404,1.007034221
4645,0,1.882728310,1.399013736
4646,0,2.313257572,1.864081852
4647,0,2.078208080,2.016299457
4648,0,1.001604392,1.000442902
4649,0,0.304122502,0.080510308
4650,0,1.257735225,1.047905414
4651,0,1.688518603,2.021264781
4652,0,1.835460587,1.236198425
4653,0,0.000356704,0.000084021
4654,0,1.000103006,1.000010114
4655,0,1.870989320,1.200007123
4656,0,1.532071538,1.123337939
4657,0,1.242518613,0.530174718
4658,0,1.000019264,1.000003235
4659,0,1.500003360,2.000000891
4660,0,2.473812044,1.693750820
4661,0,0.000003760,0.000000625
4662,0,1.000003682,1.000000191
4663,0,0.302293811,0.080000195
4664,0,1.000007746,1.000000361
4665,0,1.870951171,1.200000067
4666,0,1.532052664,1.123333345
4667,0,0.000000127,0.000000017
4668,0,1.000000035,1.000000004
4669,0,1.021928112,0.400000002
4670,0,1.052690410,1.007034221
4671,0,0.307787931,0.081766366
4672,0,1.013047489,1.001412456
4673,0,1.024635138,0.401469601
4674,0,1.228870965,1.041288210
4675,0,1.967553349,1.408485511
4676,0,1.739766378,1.249376471
4677,0,2.170670456,1.543078788
4678,0,2.915325556,1.950796120
4679,0,2.467119169,1.943479304
4680,0,1.619397628,1.553261840
4681,0,0.528203353,0.268807183
4682,0,1.123215641,1.032863815
4683,0,0.384527566,0.126009220
4684,0,1.043072275,1.011492700
4685,0,0.313157012,0.083804550
4686,0,1.050260668,1.012158988
4687,0,1.024944234,0.580238841
4688,0,1.695429688,1.224958039
4689,0,2.094948987,2.005955008
4690,0,1.932107601,2.542026532
4691,0,-0.000000000,0.000000000
4692,0,1.000000000,1.000000000
4693,0,-0.000000000,0.000000000
4694,0,1.143726170,1.020408163
4695,0,1.136717091,2.000000000
4696,0,1.000000000,2.000000000
4697,0,1.208754374,1.917021277
4698,0,1.225821401,1.816867738
4699,0,1.755618017,1.837297528
4700,0,0.968667103,1.584686915
4701,0,0.951636881,1.485051776
4702,0,0.931378673,1.388080899
4703,0,-0.000000000,0.000000000
4704,0,0.143726170,0.040816327
4705,0,-0.000000000,0.000000000
4706,0,0.503258335,0.222222222
4707,0,1.121908040,1.470085470
4708,0,1.196953652,1.930399641
4709,0,0.440108014,0.182186235
4710,0,0.553029085,2.062329317
4711,0,1.695375218,1.384183872
4712,0,0.945625343,0.727186135
4713,0,1.016490629,1.945437227
4714,0,1.198445861,1.009286002
4715,0,1.916150323,1.955722861
4716,0,1.123597078,1.010739672
4717,0,0.318760372,0.085377039
4718,0,1.053865737,1.007490638
4719,0,-0.000000000,0.000000000
4720,0,1.000000000,1.000000000
4721,0,-0.000000000,0.000000000
4722,0,1.000000000,1.000000000
4723,0,1.500000000,1.000000000
4724,0,1.180906651,1.050000000
4725,0,1.866424153,1.108355030
4726,0,2.326054664,1.533469536
4727,0,2.502805068,1.873921471
4728,0,2.123564048,1.331321032
4729,0,1.671401052,1.168443317
4730,0,1.123167401,0.655457483
4731,0,1.090717516,0.447917830
4732,0,1.222840874,1.088076530
4733,0,0.336450105,0.091263317
4734,0,1.012394530,1.002618606
4735,0,-0.000000000,0.000000000
4736,0,1.000000000,1.000000000
4737,0,1.021928095,0.400000000
4738,0,1.044208200,1.009090909
4739,0,1.033603662,1.797429639
4740,0,1.193539062,1.032914572
4741,0,0.331245531,2.001269057
4742,0,0.999999834,0.999519682
4743,0,1.021928078,0.400000000
4744,0,0.999984684,0.995392129
4745,0,1.870946000,1.997235277
4746,0,1.442362628,1.095299665
4747,0,0.389118902,0.109375161
4748,0,1.014479626,1.002081461
4749,0,0.303610967,0.080427036
4750,0,1.010841560,1.000375870
4751,0,0.303243941,1.959872773
4752,0,1.050828541,1.006242399
4753,0,0.307973601,0.081846370
4754,0,0.999999522,0.999185608
4755,0,1.499999761,1.999185608
4756,0,1.180866275,1.008976983
4757,0,0.328971932,0.088761235
4758,0,1.055521857,1.007329961
4759,0,-0.000000000,0.000000000
4760,0,1.000000000,1.000000000
4761,0,1.870950594,1.400000000
4762,0,1.442705945,1.096666667
4763,0,-0.000000000,0.000000000
4764,0,1.000000000,1.000000000
4765,0,1.021928095,0.400000000
4766,0,0.999984960,0.995433790
4767,0,0.302291888,0.080000000
4768,0,1.010776696,1.000255150
4769,0,1.024226707,0.401276485
4770,0,1.044337116,1.009109118
4771,0,1.879475120,1.397412029
4772,0,1.116319517,1.005832995
4773,0,0.317676420,0.085023241
4774,0,1.011409259,1.001826397
4775,0,0.303300472,0.080326818
4776,0,0.999999427,1.000891409
4777,0,1.021928038,0.400000000
4778,0,1.190902624,1.032134072
4779,0,1.089142836,0.438247849
4780,0,1.699184228,1.211791967
4781,0,1.371793082,0.623662521
4782,0,1.279427111,1.072991180
4783,0,1.128710132,0.461571857
4784,0,0.999996178,1.002301861
4785,0,1.499998089,1.000000000
4786,0,1.181019532,1.010500059
4787,0,1.085110966,0.435868310
4788,0,0.999986588,1.004312013
4789,0,1.021926754,0.400000000
4790,0,0.999982395,0.995059786
4791,0,-0.000000000,0.000000000
4792,0,1.000000000,1.000000000
4793,0,-0.000000000,0.000000000
4794,0,1.000000000,1.000000000
4795,0,-0.000000000,0.000000000
4796,0,1.000000000,1.000000000
4797,0,1.500000000,1.000000000
4798,0,1.633875355,1.155555556
4799,0,-0.000000000,0.000000000
4800,0,1.000000000,1.000000000
4801,0,1.021928095,0.400000000
4802,0,0.999984960,0.995433790
4803,0,1.021926591,1.999086758
4804,0,1.044172237,1.001298926
4805,0,1.033595028,0.406500890
4806,0,1.193522776,1.032868261
4807,0,1.885170794,1.116339819
4808,0,0.999889838,0.987642275
4809,0,0.302289986,0.080000000
4810,0,1.010762764,1.000119204
4811,0,1.024223829,1.799494717
4812,0,1.191434700,1.987745858
4813,0,1.913552610,2.019376531
4814,0,2.129396315,1.850727979
4815,0,1.713292193,2.106581713
4816,0,0.999082047,1.035669077
4817,0,0.302273830,0.080000000
4818,0,1.010847770,1.000957198
4819,0,0.303243374,0.080308228
4820,0,1.050833957,1.006231783
4821,0,0.307974146,0.081846533
4822,0,0.999999522,1.000814003
4823,0,1.021928047,0.400000000
4824,0,1.044201809,1.001632236
4825,0,-0.000000000,0.000000000
4826,0,1.000000000,1.000000000
4827,0,0.302292189,0.080000000
4828,0,0.999999424,0.999106345
4829,0,1.021928037,0.400000000
4830,0,0.999984445,1.004643723
4831,0,0.302291878,0.080000000
4832,0,1.050616920,1.006352602
4833,0,0.307947030,0.081837826
4834,0,0.999999518,1.000817660
4835,0,-0.000000000,0.000000000
4836,0,1.000000000,1.000000000
4837,0,0.302292189,0.080000000
4838,0,1.010784836,1.001785714
4839,0,1.024228392,0.401277276
4840,0,0.999984993,0.995438855
4841,0,1.021926594,0.400000000
4842,0,1.190788899,1.031771176
4843,0,0.330739154,0.089353688
4844,0,0.999999815,1.000506425
4845,0,1.499999907,2.000506425
4846,0,0.999516529,1.025887409
4847,0,1.870805553,2.015532445
4848,0,0.999663015,1.021613062
4849,0,0.302285449,0.080000000
4850,0,1.010746143,0.999957719
4851,0,-0.000000000,0.000000000
4852,0,1.000000000,1.000000000
4853,0,-0.000000000,0.000000000
4854,0,1.000000000,1.000000000
4855,0,-0.000000000,0.000000000
4856,0,1.000000000,1.000000000
4857,0,1.500000000,1.000000000
4858,0,1.180906651,1.050000000
4859,0,0.328975528,0.088762375
4860,0,0.999999442,1.000879828
4861,0,-0.000000000,0.000000000
4862,0,1.000000000,1.000000000
4863,0,-0.000000000,0.000000000
4864,0,1.000000000,1.000000000
4865,0,0.302292189,0.080000000
4866,0,1.010784836,1.001785714
4867,0,0.303238394,0.080306742
4868,0,1.050827150,1.006475769
4869,0,-0.000000000,0.000000000
4870,0,1.000000000,1.000000000
4871,0,1.021928095,0.400000000
4872,0,1.044208200,1.009090909
4873,0,-0.000000000,0.000000000
4874,0,1.000000000,1.000000000
4875,0,-0.000000000,0.000000000
4876,0,1.000000000,1.000000000
4877,0,-0.000000000,0.000000000
4878,0,1.000000000,1.000000000
4879,0,0.302292189,0.080000000
4880,0,1.050654972,1.006222222
4881,0,0.307950877,0.081838984
4882,0,0.999999521,1.000814952
4883,0,0.302292180,0.080000000
4884,0,1.010783384,1.001799417
4885,0,0.303238280,0.080306708
4886,0,1.050826995,1.006243261
4887,0,1.880857802,1.212170331
4888,0,2.107756304,1.354874790
4889,0,1.696586964,0.914120916
4890,0,1.094932774,1.046484092
4891,0,1.050613531,0.416065326
4892,0,1.198903482,1.038858871
4893,0,-0.000000000,0.000000000
4894,0,1.000000000,1.000000000
4895,0,1.021928095,0.400000000
4896,0,0.999984960,0.995433790
4897,0,0.302291888,1.999817352
4898,0,1.010776696,1.000255150
4899,0,0.303237755,0.080306552
4900,0,1.050826279,1.006473947
4901,0,-0.000000000,0.000000000
4902,0,1.000000000,1.000000000
4903,0,1.500000000,1.000000000
4904,0,0.999525689,0.974358974
4905,0,0.302282703,0.080000000
4906,0,0.999998726,1.001328995
4907,0,-0.000000000,0.000000000
4908,0,1.000000000,1.000000000
4909,0,0.302292189,0.080000000
4910,0,1.010784836,1.000334821
4911,0,-0.000000000,0.000000000
4912,0,1.000000000,1.000000000
4913,0,1.021928095,0.400000000
4914,0,1.044208200,1.001704545
4915,0,1.879446735,2.001160510
4916,0,1.446495066,1.098309834
4917,0,0.390183420,0.109748977
4918,0,1.014533683,1.002176721
4919,0,0.303616405,0.080428777
4920,0,1.050912819,1.006219275
4921,0,1.035696776,1.998767726
4922,0,1.510137740,2.451309248
4923,0,2.020630758,1.735624367
4924,0,1.897968200,1.140010363
4925,0,0.559636489,0.175076175
4926,0,1.023282118,1.017095965
4927,0,1.027445013,1.798947328
4928,0,0.999993867,0.997084212
4929,0,0.302292066,0.080000000
4930,0,1.010779640,1.000283946
4931,0,1.024227316,0.401276771
4932,0,1.044337409,1.001727240
4933,0,1.033643395,0.406527107
4934,0,1.193548662,1.032919146
4935,0,1.090275912,0.438905086
4936,0,0.999995806,0.997588722
4937,0,1.870949336,1.400000000
4938,0,0.999834293,1.015156199
4939,0,0.302288875,0.080000000
4940,0,1.010757747,1.002040550
4941,0,1.024222794,0.401274650
4942,0,1.044335234,1.001705581
4943,0,-0.000000000,0.000000000
4944,0,1.000000000,1.000000000
4945,0,0.302292189,0.080000000
4946,0,0.999999424,1.000893655
4947,0,0.302292178,0.080000000
4948,0,1.010783244,1.001800740
4949,0,1.872752015,1.999851016
4950,0,1.509218372,2.457392637
4951,0,2.020439363,1.739738573
4952,0,1.897697067,1.141487457
4953,0,1.884375167,1.604880807
4954,0,2.045290259,1.384023612
4955,0,1.710077700,1.280583994
4956,0,1.746378271,0.918839448
4957,0,1.412942582,0.679326604
4958,0,1.073277194,1.098839065
4959,0,-0.000000000,0.000000000
4960,0,1.000000000,1.000000000
4961,0,1.021928095,0.400000000
4962,0,1.659062487,1.190196078
4963,0,1.802450237,2.185242518
4964,0,1.958994530,1.961274788
4965,0,2.235752401,2.757327323
4966,0,0.964936908,1.219573873
4967,0,1.018421786,0.400000000
4968,0,1.045612739,0.990285975
4969,0,1.879952929,1.985926027
4970,0,1.516803349,2.433823363
4971,0,1.673132318,1.696393526
4972,0,1.204612394,0.912135555
4973,0,0.334354374,0.090658405
4974,0,1.058128748,1.003888649
4975,0,1.882765995,1.396994927
4976,0,1.117074564,1.009367361
4977,0,1.059016967,0.420845343
4978,0,1.046355983,1.008862952
4979,0,-0.000000000,0.000000000
4980,0,1.000000000,1.000000000
4981,0,1.021928095,0.400000000
4982,0,1.190930197,1.032222222
4983,0,-0.000000000,0.000000000
4984,0,1.000000000,1.000000000
4985,0,0.302292189,0.080000000
4986,0,0.999999424,1.000893655
4987,0,0.302292178,0.080000000
4988,0,1.010783244,1.001800740
4989,0,0.303238269,0.080306705
4990,0,1.050826980,1.006243285
4991,0,0.307973412,0.081846310
4992,0,1.011022471,1.000447366
4993,0,1.024285534,0.401308711
4994,0,1.044342123,1.001743967
4995,0,0.307131240,0.081571810
4996,0,1.010980479,1.001800869
4997,0,0.303257791,0.080313016
4998,0,1.010823878,1.001788383
4999,0,1.024237810,0.401282479
5000,0,1.191445666,1.032359341
5001,0,0.330854005,0.089391601
5002,0,0.999999827,0.999509620
5003,0,-0.000000000,0.000000000
5004,0,1.000000000,1.000000000
5005,0,0.302292189,0.080000000
5006,0,1.010784836,1.000334821
5007,0,1.872752561,1.399489841
5008,0,1.115368889,1.028567733
5009,0,0.317527042,0.084974448
5010,0,1.011402279,1.001833933
5011,0,0.303299793,0.080326600
5012,0,1.050839116,1.006479633
5013,0,-0.000000000,0.000000000
5014,0,1.000000000,1.000000000
5015,0,1.870950594,2.000000000
5016,0,2.101710523,1.352380952
5017,0,1.922828068,1.816284747
5018,0,1.837447426,1.147141912
5019,0,0.528273785,0.161934549
5020,0,1.021493381,0.992077880
5021,0,1.875016918,1.204464533
5022,0,1.445443375,1.090296782
5023,0,1.216274813,0.516219827
5024,0,1.056335568,1.011027707
5025,0,0.308680521,0.082074261
5026,0,1.051904809,1.006861854
5027,0,-0.000000000,0.000000000
5028,0,1.000000000,1.000000000
5029,0,1.021928095,0.400000000
5030,0,1.659062487,1.145098039
5031,0,1.346252956,0.605008431
5032,0,0.999947465,1.008533964
5033,0,0.302291138,0.080000000
5034,0,1.050724714,1.006613227
5035,0,1.880846628,2.004180352
5036,0,0.999878603,0.987027439
5037,0,1.021915955,0.400000000
5038,0,1.044105307,1.000552221
5039,0,1.033579055,0.406493296
5040,0,0.999984374,1.004654294
5041,0,-0.000000000,0.000000000
5042,0,1.000000000,1.000000000
5043,0,0.302292189,0.080000000
5044,0,1.216063438,1.041991342
5045,0,1.100187131,0.444732109
5046,0,1.209543962,1.031619762
5047,0,1.918133123,1.976498115
5048,0,1.123535339,1.020236477
5049,0,0.318806995,0.085391397
5050,0,1.000084591,1.000677106
5051,0,0.000086161,0.000035884
5052,0,1.000075269,1.000036465
5053,0,1.021939356,0.400003980
5054,0,0.999995088,1.004569512
5055,0,1.021927881,0.400000399
5056,0,1.190788903,1.031476437
5057,0,0.000000190,0.000000053
5058,0,1.000000004,1.000000001
5059,0,0.302292194,0.080000001
5060,0,1.010784836,1.001785714
5061,0,1.025153773,0.401472638
5062,0,1.044502617,1.009171784
5063,0,0.307135833,0.081573179
5064,0,1.051537090,1.006328466
5065,0,0.308066588,0.081876597
5066,0,0.999999524,0.999187782
5067,0,-0.000000000,0.000000000
5068,0,1.000000000,1.000000000
5069,0,1.500000000,1.000000000
5070,0,0.999525689,1.025641026
5071,0,0.302282703,0.080000000
5072,0,1.050443959,1.005937322
5073,0,1.035560918,0.407606741
5074,0,1.667197276,1.147345887
5075,0,1.351399609,0.608726933
5076,0,1.065697154,1.019385631
5077,0,-0.000000000,0.000000000
5078,0,1.000000000,1.000000000
5079,0,1.870950594,1.400000000
5080,0,1.508326883,1.208333333
5081,0,1.537151611,1.709516267
5082,0,1.665379410,1.046819111
5083,0,1.344256852,0.606347750
5084,0,1.279028845,1.013522109
5085,0,1.935549086,1.929491472
5086,0,1.483437144,1.074736637
5087,0,1.978237688,1.377941029
5088,0,2.182404685,1.584187203
5089,0,0.794902142,0.278499766
5090,0,1.034413712,0.988184639
5091,0,-0.000000000,0.000000000
5092,0,1.000000000,1.000000000
5093,0,1.870950594,1.200000000
5094,0,0.999848483,1.014492754
5095,0,-0.000000000,0.000000000
5096,0,1.000000000,1.000000000
5097,0,-0.000000000,0.000000000
5098,0,1.000000000,1.000000000
5099,0,1.870950594,1.400000000
5100,0,1.115135655,1.028571429
5101,0,0.317490439,0.084962493
5102,0,0.999999434,0.999114174
5103,0,0.302292178,0.080000000
5104,0,1.216033692,1.041961975
5105,0,1.619965761,2.056789422
5106,0,1.198002037,1.030995973
5107,0,-0.000000000,0.000000000
5108,0,1.000000000,1.000000000
5109,0,1.870950594,1.400000000
5110,0,1.442705945,1.936666667
5111,0,1.969897878,1.359798932
5112,0,0.999982304,1.004952963
5113,0,1.870945286,1.200000000
5114,0,2.102339436,1.351684782
5115,0,2.014809004,1.833707622
5116,0,2.258225897,1.435505903
5117,0,-0.000000000,0.000000000
5118,0,1.000000000,1.000000000
5119,0,1.021928095,0.400000000
5120,0,1.190930197,1.031111111
5121,0,-0.000000000,0.000000000
5122,0,1.000000000,1.000000000
5123,0,1.021928095,0.400000000
5124,0,0.999984960,1.004566210
5125,0,0.302291888,0.080000000
5126,0,1.050617556,1.006295282
5127,0,0.307947095,0.081837845
5128,0,0.999999518,0.999182385
5129,0,1.870950450,1.400000000
5130,0,1.442645252,1.936691195
5131,0,1.724163344,1.931724422
5132,0,0.999958942,0.992455634
5133,0,0.302291368,0.080000000
5134,0,1.050716639,1.006593655
5135,0,-0.000000000,0.000000000
5136,0,1.000000000,1.000000000
5137,0,-0.000000000,0.000000000
5138,0,1.000000000,1.000000000
5139,0,-0.000000000,0.000000000
5140,0,1.000000000,1.000000000
5141,0,-0.000000000,0.000000000
5142,0,1.000000000,1.000000000
5143,0,0.302292189,0.080000000
5144,0,0.999999424,1.000893655
5145,0,-0.000000000,0.000000000
5146,0,1.000000000,1.000000000
5147,0,-0.000000000,0.000000000
5148,0,1.000000000,1.000000000
5149,0,0.302292189,0.080000000
5150,0,1.216063438,1.032034632
5151,0,1.919354858,1.977455488
5152,0,1.123498747,1.020678234
5153,0,1.061392736,1.996462421
5154,0,1.046558504,1.008157660
5155,0,1.527233040,1.996808289
5156,0,1.183756017,1.049027405
5157,0,1.086228608,0.436497270
5158,0,0.999987686,0.995868386
5159,0,-0.000000000,0.000000000
5160,0,1.000000000,1.000000000
5161,0,1.021928095,2.000000000
5162,0,0.999984960,1.004566210
5163,0,0.302291888,0.080000000
5164,0,1.010776696,1.000255150
5165,0,1.024226707,0.401276485
5166,0,1.660373940,1.145513395
5167,0,0.459606691,0.135002747
5168,0,0.999997524,1.001852555
5169,0,0.302292140,0.080000000
5170,0,0.999999464,0.999137799
5171,0,1.021928041,0.400000000
5172,0,0.999984463,0.995359005
5173,0,0.302291878,0.080000000
5174,0,1.010776563,1.000253845
5175,0,0.303237745,0.080306549
5176,0,1.010822847,1.001790355
5177,0,0.303242162,0.080307961
5178,0,0.999999425,0.999106893
5179,0,-0.000000000,0.000000000
5180,0,1.000000000,1.000000000
5181,0,-0.000000000,0.000000000
5182,0,1.000000000,1.000000000
5183,0,1.021928095,0.400000000
5184,0,1.044208200,1.001704545
5185,0,1.033603662,0.406505016
5186,0,1.044868282,1.009144184
5187,0,-0.000000000,0.000000000
5188,0,1.000000000,1.000000000
5189,0,-0.000000000,0.000000000
5190,0,1.000000000,1.000000000
5191,0,1.500000000,2.000000000
5192,0,1.180906651,1.050000000
5193,0,-0.000000000,0.000000000
5194,0,1.000000000,1.000000000
5195,0,-0.000000000,0.000000000
5196,0,1.000000000,1.000000000
5197,0,1.500000000,1.000000000
5198,0,1.837614765,1.346405229
5199,0,0.958905646,0.620583892
5200,0,1.434084599,1.564506394
5201,0,1.483970485,1.009209443
5202,0,1.344827487,1.107908131
5203,0,0.189859961,0.174602175
5204,0,1.147709477,1.129754489
5205,0,0.344086297,0.117335507
5206,0,1.091293638,1.047793204
5207,0,0.316599201,0.089289477
5208,0,0.999999521,0.999185048
5209,0,1.021928047,0.400000000
5210,0,1.190904990,1.031176307
5211,0,-0.000000000,0.000000000
5212,0,1.000000000,1.000000000
5213,0,1.021928095,2.000000000
5214,0,1.044208200,1.001704545
5215,0,-0.000000000,0.000000000
5216,0,1.000000000,1.000000000
5217,0,-0.000000000,0.000000000
5218,0,1.000000000,1.000000000
5219,0,0.302292189,0.080000000
5220,0,1.010784836,1.000334821
5221,0,0.303238394,0.080306742
5222,0,1.010823040,1.001788807
5223,0,1.872759752,1.399488151
5224,0,1.443459803,1.093475260
5225,0,-0.000000000,0.000000000
5226,0,1.000000000,1.000000000
5227,0,1.021928095,0.400000000
5228,0,1.659062487,1.145098039
5229,0,2.005473110,1.335105463
5230,0,1.539276972,1.085016908
5231,0,0.415990057,0.118973833
5232,0,0.999995378,0.997468823
5233,0,0.302292097,0.080000000
5234,0,0.999999478,1.000850679
5235,0,1.870950438,2.000510407
5236,0,1.115114133,1.028800010
5237,0,0.317488403,0.084961864
5238,0,1.011399996,1.001840347
5239,0,0.303299580,0.080326533
5240,0,0.999999426,0.999108278
5241,0,0.302292178,0.080000000
5242,0,1.050647670,1.006426808
5243,0,1.035614281,0.407632270
5244,0,1.045016892,1.002263550
5245,0,0.307216020,0.081599256
5246,0,1.051556573,1.006320744
5247,0,1.529975675,1.993883515
5248,0,1.184213770,1.047711267
5249,0,1.086390998,0.436588554
5250,0,1.205628446,1.033108408
5251,0,1.095496952,0.441940713
5252,0,1.703194180,1.156983307
5253,0,1.374305081,1.955433951
5254,0,1.067490704,0.995736134
5255,0,-0.000000000,0.000000000
5256,0,1.000000000,1.000000000
5257,0,1.870950594,1.400000000
5258,0,0.999848483,1.014492754
5259,0,-0.000000000,0.000000000
5260,0,1.000000000,1.000000000
5261,0,1.021928095,0.400000000
5262,0,1.044208200,1.009090909
5263,0,-0.000000000,0.000000000
5264,0,1.000000000,1.000000000
5265,0,1.870950594,1.200000000
5266,0,2.101710523,1.461904762
5267,0,-0.000000000,0.000000000
5268,0,1.000000000,1.000000000
5269,0,-0.000000000,0.000000000
5270,0,1.000000000,1.000000000
5271,0,1.021928095,0.400000000
5272,0,0.999984960,0.995433790
5273,0,-0.000000000,0.000000000
5274,0,1.000000000,1.000000000
5275,0,-0.000000000,0.000000000
5276,0,1.000000000,1.000000000
5277,0,-0.000000000,0.000000000
5278,0,1.000000000,1.000000000
5279,0,-0.000000000,0.000000000
5280,0,1.000000000,1.000000000
5281,0,1.021928095,0.400000000
5282,0,0.999984960,1.004566210
5283,0,1.021926591,0.400000000
5284,0,1.044172237,1.001298926
5285,0,1.879433928,2.000883421
5286,0,0.999849892,0.985574804
5287,0,1.021913084,0.400000000
5288,0,1.044093647,1.010325229
5289,0,0.307103764,0.081563150
5290,0,0.999999395,1.000916042
5291,0,0.302292177,0.080000000
5292,0,1.010783204,1.000318838
5293,0,0.303238266,0.080306704
5294,0,1.010823002,1.000340172
5295,0,-0.000000000,0.000000000
5296,0,1.000000000,1.000000000
5297,0,0.302292189,0.080000000
5298,0,0.999999424,1.000893655
5299,0,0.302292178,0.080000000
5300,0,1.050647655,1.006236521
5301,0,0.307950137,0.081838761
5302,0,1.011021415,1.001729702
5303,0,1.872798348,1.999763797
5304,0,2.102687687,2.823074071
5305,0,2.014809886,1.835457897
5306,0,1.615621377,1.077366942
5307,0,0.440340606,0.127953786
5308,0,1.017106384,0.996942860
5309,0,1.025800110,0.402137564
5310,0,1.044483590,1.008491927
5311,0,1.879515497,1.210416644
5312,0,1.446581507,1.093875667
5313,0,1.970745194,1.359647369
5314,0,0.999977158,1.005627187
5315,0,-0.000000000,0.000000000
5316,0,1.000000000,1.000000000
5317,0,0.302292189,0.080000000
5318,0,1.010784836,1.000334821
5319,0,-0.000000000,0.000000000
5320,0,1.000000000,1.000000000
5321,0,1.021928095,0.400000000
5322,0,0.999984960,1.004566210
5323,0,0.302291888,0.080000000
5324,0,1.010776696,1.001862491
5325,0,0.303237755,0.080306552
5326,0,0.999999423,1.000894712
5327,0,1.021928037,0.400000000
5328,0,1.044201175,1.001625066
5329,0,1.525688553,2.004733575
5330,0,2.248493876,1.785227459
5331,0,0.949156548,2.042419390
5332,0,1.643428156,1.211533355
5333,0,-0.000000000,0.000000000
5334,0,1.000000000,1.000000000
5335,0,-0.000000000,0.000000000
5336,0,1.000000000,1.000000000
5337,0,0.302292189,0.080000000
5338,0,1.010784836,1.001785714
5339,0,0.303238394,0.080306742
5340,0,1.010823040,1.001788807
5341,0,1.872759752,1.202053221
5342,0,1.115369978,1.028566247
5343,0,0.317527204,0.084974501
5344,0,1.053433303,1.006954818
5345,0,0.308316768,0.081957938
5346,0,1.051792704,1.006742713
5347,0,1.881080141,1.396921896
5348,0,0.999879070,0.987052405
5349,0,0.302289770,0.080000000
5350,0,1.010761707,1.000108912
5351,0,1.872744638,1.399485945
5352,0,0.999847804,1.014525182
5353,0,1.021912875,0.400000000
5354,0,0.999975516,0.994174001
5355,0,0.302291699,0.080000000
5356,0,1.084625909,1.015184792
5357,0,0.895365789,0.379961990
5358,0,1.028449732,1.088802333
5359,0,1.030596641,0.405327966
5360,0,1.043926859,0.993398814
5361,0,1.033806790,0.406620044
5362,0,1.044810515,1.001064906
5363,0,1.521883197,1.005790906
5364,0,1.183129991,1.049807625
5365,0,1.910315964,1.386361878
5366,0,1.746608683,1.677797369
5367,0,-0.000000000,0.000000000
5368,0,1.000000000,1.000000000
5369,0,1.870950594,1.400000000
5370,0,1.115135655,1.028571429
5371,0,0.317490439,0.084962493
5372,0,0.999999434,1.000885826
5373,0,1.021928038,0.400000000
5374,0,0.999984449,0.995356956
5375,0,0.302291878,0.080000000
5376,0,1.010776559,1.001863783
5377,0,1.506208226,1.001300741
5378,0,0.999528162,1.025574109
5379,0,0.302282752,0.080000000
5380,0,0.999998728,1.001327859
5381,0,0.302292164,0.080000000
5382,0,1.010782471,1.001808041
5383,0,1.024227902,0.401277046
5384,0,0.999984978,0.995436567
5385,0,-0.000000000,0.000000000
5386,0,1.000000000,1.000000000
5387,0,1.021928095,0.400000000
5388,0,1.190930197,1.032222222
5389,0,0.330757837,0.089359612
5390,0,1.011981691,1.001497894
5391,0,1.024518120,1.999815901
5392,0,1.044359191,1.009049710
5393,0,1.033649731,1.797420558
5394,0,1.193552327,1.032926686
5395,0,0.331247853,0.089522639
5396,0,1.012003130,1.000920567
5397,0,-0.000000000,0.000000000
5398,0,1.000000000,1.000000000
5399,0,-0.000000000,0.000000000
5400,0,1.000000000,1.000000000
5401,0,1.021928095,0.400000000
5402,0,0.999984960,0.995433790
5403,0,0.302291888,0.080000000
5404,0,1.010776696,1.000255150
5405,0,-0.000000000,0.000000000
5406,0,1.000000000,1.000000000
5407,0,1.021928095,0.400000000
5408,0,0.999984960,0.995433790
5409,0,0.302291888,0.080000000
5410,0,0.999999320,0.999028817
5411,0,1.870950390,1.999417290
5412,0,1.442633841,1.096378549
5413,0,1.214994738,2.018162172
5414,0,0.999997831,1.001733905
5415,0,-0.000000000,0.000000000
5416,0,1.000000000,1.000000000
5417,0,-0.000000000,0.000000000
5418,0,1.000000000,1.000000000
5419,0,1.500000000,2.000000000
5420,0,0.999525689,1.025641026
5421,0,1.870808301,1.200000000
5422,0,2.098348818,1.453056235
5423,0,2.015280512,1.274868692
5424,0,1.614131337,1.230554309
5425,0,-0.000000000,0.000000000
5426,0,1.000000000,1.000000000
5427,0,1.021928095,0.400000000
5428,0,0.999984960,0.995433790
5429,0,1.870946082,1.200000000
5430,0,1.554597046,1.235626419
5431,0,1.440010740,1.200890964
5432,0,1.065410863,0.615595444
5433,0,1.084702452,0.444640265
5434,0,0.998582373,1.044323859
5435,0,0.302263837,0.080000000
5436,0,0.999998045,1.001646184
5437,0,1.499999023,2.001646184
5438,0,1.508014989,1.208733557
5439,0,1.921618634,1.708037447
5440,0,1.862218485,1.116938553
5441,0,1.782774518,1.617533825
5442,0,1.354863665,0.951634588
5443,0,2.044644899,1.554439328
5444,0,1.814660342,1.122605412
5445,0,0.844449613,0.307079742
5446,0,1.032500726,0.975741733
5447,0,1.030320040,0.404742668
5448,0,1.287963423,1.076592627
5449,0,-0.000000000,0.000000000
5450,0,1.000000000,1.000000000
5451,0,-0.000000000,0.000000000
5452,0,1.000000000,1.000000000
5453,0,-0.000000000,0.000000000
5454,0,1.000000000,1.000000000
5455,0,1.870950594,2.000000000
5456,0,1.442705945,1.093333333
5457,0,-0.000000000,0.000000000
5458,0,1.000000000,1.000000000
5459,0,-0.000000000,0.000000000
5460,0,1.000000000,1.000000000
5461,0,0.302292189,0.080000000
5462,0,0.999999424,0.999106345
5463,0,-0.000000000,0.000000000
5464,0,1.000000000,1.000000000
5465,0,0.302292189,0.080000000
5466,0,0.999999424,1.000893655
5467,0,1.021928037,0.400000000
5468,0,1.190902555,1.031182604
5469,0,-0.000000000,0.000000000
5470,0,1.000000000,1.000000000
5471,0,1.870950594,1.400000000
5472,0,0.999848483,1.014492754
5473,0,0.302289159,0.080000000
5474,0,0.999999063,1.001139719
5475,0,-0.000000000,0.000000000
5476,0,1.000000000,1.000000000
5477,0,0.302292189,2.000000000
5478,0,1.010784836,1.001785714
5479,0,0.303238394,0.080306742
5480,0,1.216730444,1.032155189
5481,0,0.335734516,0.091024882
5482,0,1.012200525,1.001370666
5483,0,1.024571356,0.401465863
5484,0,1.044363779,1.001809384
5485,0,-0.000000000,0.000000000
5486,0,1.000000000,1.000000000
5487,0,1.021928095,0.400000000
5488,0,1.044208200,1.009090909
5489,0,1.033603662,0.406505016
5490,0,1.193539062,1.031538786
5491,0,0.331245531,0.089521873
5492,0,1.012002999,1.001487366
5493,0,-0.000000000,0.000000000
5494,0,1.000000000,1.000000000
5495,0,1.500000000,1.000000000
5496,0,1.180906651,1.009375000
5497,0,-0.000000000,0.000000000
5498,0,1.000000000,1.000000000
5499,0,0.302292189,0.080000000
5500,0,1.010784836,1.001785714
5501,0,0.303238394,0.080306742
5502,0,0.999999425,0.999106829
5503,0,1.870950422,1.200000000
5504,0,0.999843301,1.014738509
5505,0,-0.000000000,0.000000000
5506,0,1.000000000,1.000000000
5507,0,0.302292189,0.080000000
5508,0,1.050654972,1.006444444
5509,0,-0.000000000,0.000000000
5510,0,1.000000000,1.000000000
5511,0,0.302292189,0.080000000
5512,0,1.010784836,1.000334821
5513,0,-0.000000000,0.000000000
5514,0,1.000000000,1.000000000
5515,0,0.302292189,0.080000000
5516,0,1.010784836,1.001785714
5517,0,-0.000000000,0.000000000
5518,0,1.000000000,1.000000000
5519,0,1.021928095,0.400000000
5520,0,1.044208200,1.001704545
5521,0,0.307114252,0.081566298
5522,0,1.051532863,1.006604395
5523,0,-0.000000000,0.000000000
5524,0,1.000000000,1.000000000
5525,0,-0.000000000,0.000000000
5526,0,1.000000000,1.000000000
5527,0,-0.000000000,0.000000000
5528,0,1.000000000,1.000000000
5529,0,-0.000000000,0.000000000
5530,0,1.000000000,1.000000000
5531,0,1.870950594,2.000000000
5532,0,1.442705945,1.093333333
5533,0,0.389175081,0.109395083
5534,0,1.014486611,1.000880689
5535,0,1.025139029,0.401778560
5536,0,1.044404767,1.001916543
5537,0,0.307138701,0.081574199
5538,0,1.010981136,1.000368061
5539,0,1.024275789,0.401303456
5540,0,0.999985012,0.995441815
5541,0,1.021926596,0.400000000
5542,0,1.044172301,1.009480954
5543,0,-0.000000000,0.000000000
5544,0,1.000000000,1.000000000
5545,0,0.302292189,0.080000000
5546,0,1.010784836,1.000334821
5547,0,1.024228392,0.401277276
5548,0,1.044337928,1.001732399
5549,0,1.033643524,0.406527170
5550,0,0.999985146,1.004537888
5551,0,-0.000000000,0.000000000
5552,0,1.000000000,1.000000000
5553,0,1.021928095,0.400000000
5554,0,1.659062487,1.145098039
5555,0,-0.000000000,0.000000000
5556,0,1.000000000,1.000000000
5557,0,-0.000000000,0.000000000
5558,0,1.000000000,1.000000000
5559,0,1.021928095,0.400000000
5560,0,1.044208200,1.009090909
5561,0,0.307114252,0.081566298
5562,0,0.999999427,0.999108815
5563,0,-0.000000000,0.000000000
5564,0,1.000000000,1.000000000
5565,0,0.302292189,0.080000000
5566,0,1.050654972,1.006222222
5567,0,1.035616201,0.407633189
5568,0,0.999987577,0.995850012
5569,0,1.021926853,0.400000000
5570,0,1.190801658,1.031811835
5571,0,1.913380468,1.385378409
5572,0,1.122256427,1.013786219
5573,0,1.060943836,0.421928487
5574,0,0.999990533,0.996377382
5575,0,1.021927148,1.800000000
5576,0,1.190818016,1.031863986
5577,0,-0.000000000,0.000000000
5578,0,1.000000000,1.000000000
5579,0,-0.000000000,0.000000000
5580,0,1.000000000,1.000000000
5581,0,-0.000000000,0.000000000
5582,0,1.000000000,1.000000000
5583,0,1.021928095,2.000000000
5584,0,0.999984960,0.995433790
5585,0,0.302291888,0.080000000
5586,0,1.010776696,1.000255150
5587,0,0.303237755,0.080306552
5588,0,1.010822851,1.001790330
5589,0,-0.000000000,0.000000000
5590,0,1.000000000,1.000000000
5591,0,0.302292189,0.080000000
5592,0,1.050654972,1.006444444
5593,0,1.035616201,0.407633189
5594,0,0.999987577,1.004149988
5595,0,0.302291941,0.080000000
5596,0,1.010777439,1.001855493
5597,0,1.872750025,1.202043740
5598,0,1.443449403,1.093495577
5599,0,1.970060595,1.359763076
5600,0,1.557450536,1.651308545
5601,0,1.526549346,2.370193690
5602,0,2.273991781,1.851743755
5603,0,0.973451838,1.850351574
5604,0,0.999085341,0.964394958
5605,0,-0.000000000,0.000000000
5606,0,1.000000000,1.000000000
5607,0,0.302292189,0.080000000
5608,0,1.010784836,1.000334821
5609,0,-0.000000000,0.000000000
5610,0,1.000000000,1.000000000
5611,0,1.870950594,2.000000000
5612,0,0.999848483,0.985507246
5613,0,1.021912943,1.997101449
5614,0,1.657722502,1.933655486
5615,0,2.005212087,2.091486660
5616,0,1.146026635,1.047099699
5617,0,0.322464867,0.086598062
5618,0,0.999999999,0.999955605
5619,0,1.870950594,1.200000000
5620,0,0.999848227,0.985495031
5621,0,1.499924114,1.000000000
5622,0,1.180153283,1.056812255
5623,0,-0.000000000,0.000000000
5624,0,1.000000000,1.000000000
5625,0,-0.000000000,0.000000000
5626,0,1.000000000,1.000000000
5627,0,-0.000000000,0.000000000
5628,0,1.000000000,1.000000000
5629,0,0.302292189,0.080000000
5630,0,1.106096315,1.019200000
5631,0,1.891264221,1.980123070
5632,0,1.117435420,0.996147987
5633,0,0.317929427,0.085108846
5634,0,0.999999177,1.001067891
5635,0,-0.000000000,0.000000000
5636,0,1.000000000,1.000000000
5637,0,-0.000000000,0.000000000
5638,0,1.000000000,1.000000000
5639,0,1.021928095,0.400000000
5640,0,0.999984960,0.995433790
5641,0,-0.000000000,0.000000000
5642,0,1.000000000,1.000000000
5643,0,1.021928095,0.400000000
5644,0,1.190930197,1.032222222
5645,0,1.880992224,2.131965605
5646,0,0.999884257,0.987333132
5647,0,1.021916521,0.400000000
5648,0,0.999976852,0.994335166
5649,0,0.302291726,0.080000000
5650,0,0.999999293,1.000989836
5651,0,-0.000000000,0.000000000
5652,0,1.000000000,1.000000000
5653,0,1.021928095,0.400000000
5654,0,1.659062487,1.190196078
5655,0,1.346252956,0.605008431
5656,0,0.999947465,1.008533964
5657,0,-0.000000000,0.000000000
5658,0,1.000000000,1.000000000
5659,0,-0.000000000,0.000000000
5660,0,1.000000000,1.000000000
5661,0,1.021928095,0.400000000
5662,0,0.999984960,0.995433790
5663,0,-0.000000000,0.000000000
5664,0,1.000000000,1.000000000
5665,0,1.021928095,0.400000000
5666,0,1.190930197,1.032222222
5667,0,1.089151666,0.438252490
5668,0,1.048237665,1.004524964
5669,0,-0.000000000,0.000000000
5670,0,1.000000000,1.000000000
5671,0,0.302292189,0.080000000
5672,0,0.999999424,1.000893655
5673,0,-0.000000000,0.000000000
5674,0,1.000000000,1.000000000
5675,0,1.021928095,1.800000000
5676,0,1.044208200,1.009090909
5677,0,0.307114252,0.081566298
5678,0,1.051532863,1.006604395
5679,0,-0.000000000,0.000000000
5680,0,1.000000000,1.000000000
5681,0,-0.000000000,0.000000000
5682,0,1.000000000,1.000000000
5683,0,-0.000000000,0.000000000
5684,0,1.000000000,1.000000000
5685,0,1.021928095,0.400000000
5686,0,1.044208200,1.001704545
5687,0,-0.000000000,0.000000000
5688,0,1.000000000,1.000000000
5689,0,0.302292189,0.080000000
5690,0,0.999999424,0.999106345
5691,0,0.302292178,0.080000000
5692,0,1.050647655,1.006236521
5693,0,0.307950137,0.081838761
5694,0,1.011021415,1.001729702
5695,0,1.024285282,1.999921133
5696,0,1.191459856,1.031187493
5697,0,1.089378346,0.438383957
5698,0,1.048252184,1.007480479
5699,0,1.618098248,1.025117806
5700,0,2.274096047,1.706452438
5701,0,-0.000000000,0.000000000
5702,0,1.000000000,1.000000000
5703,0,1.870950594,2.000000000
5704,0,0.999848483,0.985507246
5705,0,-0.000000000,0.000000000
5706,0,1.000000000,1.000000000
5707,0,-0.000000000,0.000000000
5708,0,1.000000000,1.000000000
5709,0,1.021928095,0.400000000
5710,0,1.190930197,1.031111111
5711,0,0.330757837,1.998765709
5712,0,0.999999825,1.000492874
5713,0,-0.000000000,0.000000000
5714,0,1.000000000,1.000000000
5715,0,0.302292189,1.960000000
5716,0,1.050654972,1.995777778
5717,0,1.622394312,2.478237329
5718,0,1.587869597,2.372192422
5719,0,1.677842262,1.655168083
5720,0,1.203898365,0.892533157
5721,0,1.097302091,0.444187041
5722,0,0.999854705,0.985807920
5723,0,-0.000000000,0.000000000
5724,0,1.000000000,1.000000000
5725,0,-0.000000000,0.000000000
5726,0,1.000000000,1.000000000
5727,0,0.302292189,0.080000000
5728,0,1.010784836,1.000334821
5729,0,1.506220607,1.001305566
5730,0,1.181422270,1.009638774
5731,0,1.085295845,0.435973121
5732,0,0.999986126,1.004385546
5733,0,-0.000000000,0.000000000
5734,0,1.000000000,1.000000000
5735,0,1.021928095,0.400000000
5736,0,0.999984960,1.004566210
5737,0,1.021926591,0.400000000
5738,0,1.190788742,1.031770675
5739,0,0.330739133,0.089353681
5740,0,0.999999815,0.999493560
5741,0,0.302292185,0.080000000
5742,0,1.050650825,1.006434428
5743,0,1.035615111,0.407632667
5744,0,0.999987568,0.995848508
5745,0,-0.000000000,0.000000000
5746,0,1.000000000,1.000000000
5747,0,1.021928095,2.000000000
5748,0,1.044208200,1.001704545
5749,0,-0.000000000,0.000000000
5750,0,1.000000000,1.000000000
5751,0,1.870950594,1.200000000
5752,0,1.442705945,1.096666667
5753,0,-0.000000000,0.000000000
5754,0,1.000000000,1.000000000
5755,0,1.021928095,0.400000000
5756,0,0.999984960,1.004566210
5757,0,1.021926591,0.400000000
5758,0,0.999982237,1.004962262
5759,0,0.302291834,0.080000000
5760,0,1.010775989,1.001869150
5761,0,0.303237700,0.080306536
5762,0,0.999999422,1.000894846
5763,0,-0.000000000,0.000000000
5764,0,1.000000000,1.000000000
5765,0,-0.000000000,0.000000000
5766,0,1.000000000,1.000000000
5767,0,-0.000000000,0.000000000
5768,0,1.000000000,1.000000000
5769,0,1.021928095,0.400000000
5770,0,1.044208200,1.001704545
5771,0,1.525698309,1.006551145
5772,0,0.999546242,1.025079403
5773,0,0.302283114,0.080000000
5774,0,0.999998744,0.998680540
5775,0,0.302292164,0.080000000
5776,0,1.050644167,1.006418348
5777,0,-0.000000000,0.000000000
5778,0,1.000000000,1.000000000
5779,0,-0.000000000,0.000000000
5780,0,1.000000000,1.000000000
5781,0,1.021928095,0.400000000
5782,0,1.044208200,1.001704545
5783,0,1.879446735,1.210345721
5784,0,0.999852509,1.014298938
5785,0,-0.000000000,0.000000000
5786,0,1.000000000,1.000000000
5787,0,1.021928095,2.000000000
5788,0,1.659062487,1.935294118
5789,0,0.459121683,1.937379972
5790,0,0.999997559,0.998160361
5791,0,1.021927851,0.400000000
5792,0,1.044222610,1.001867966
5793,0,0.307115585,0.081566700
5794,0,0.999999431,0.999111986
5795,0,0.302292178,0.080000000
5796,0,1.050647701,1.006426881
5797,0,0.307950142,0.081838763
5798,0,1.051721312,1.006275861
5799,0,1.035951720,0.407819471
5800,0,1.194212574,1.031242938
5801,0,1.090545670,0.439059254
5802,0,1.048332203,1.004691459
5803,0,0.307637150,0.081735696
5804,0,0.999999497,1.000834907
5805,0,1.870950444,1.400000000
5806,0,0.999843641,0.985277523
5807,0,0.302289062,0.080000000
5808,0,1.215567255,1.041503238
5809,0,0.335535092,0.090959489
5810,0,1.056962967,1.008142684
5811,0,1.042661439,0.410145261
5812,0,1.673515474,1.197487521
5813,0,1.356757233,0.611437021
5814,0,1.277842759,1.034858790
5815,0,1.937139020,1.291094846
5816,0,1.128996380,1.011858549
5817,0,0.002927601,0.001938324
5818,0,1.000086853,1.000033566
5819,0,0.000101021,0.000042623
5820,0,1.000012509,1.000002960
5821,0,1.870960543,1.200002736
5822,0,1.115141725,1.005359072
5823,0,0.317496408,0.084964519
5824,0,1.053426389,1.006951442
5825,0,1.036496648,0.408123847
5826,0,1.045071435,1.008734810
5827,0,1.033866971,0.406650586
5828,0,0.999985616,1.004481028
5829,0,1.499992814,2.004481008
5830,0,1.180681679,1.052104943
5831,0,1.602093847,1.995489004
5832,0,1.193895867,1.050392940
5833,0,-0.000000000,0.000000000
5834,0,1.000000000,1.000000000
5835,0,1.870950594,1.200000000
5836,0,1.115135655,1.005357143
5837,0,0.317490439,0.084962493
5838,0,0.999999434,1.000885826
5839,0,-0.000000000,0.000000000
5840,0,1.000000000,1.000000000
5841,0,1.021928095,0.400000000
5842,0,1.659062487,1.145098039
5843,0,2.005473110,1.335105463
5844,0,0.999660713,1.021686734
5845,0,0.302285403,0.080000000
5846,0,1.010823236,1.001421064
5847,0,-0.000000000,0.000000000
5848,0,1.000000000,1.000000000
5849,0,0.302292189,0.080000000
5850,0,0.999999424,0.999106345
5851,0,-0.000000000,0.000000000
5852,0,1.000000000,1.000000000
5853,0,0.302292189,0.080000000
5854,0,0.999999424,1.000893655
5855,0,0.302292178,0.080000000
5856,0,1.050647655,1.006426770
5857,0,1.035614277,0.407632268
5858,0,1.194125415,1.033471236
5859,0,0.331348104,0.089555741
5860,0,1.012008872,1.000936554
5861,0,-0.000000000,0.000000000
5862,0,1.000000000,1.000000000
5863,0,-0.000000000,0.000000000
5864,0,1.000000000,1.000000000
5865,0,-0.000000000,0.000000000
5866,0,1.000000000,1.000000000
5867,0,0.302292189,0.080000000
5868,0,1.010784836,1.000334821
5869,0,1.872752561,1.399489841
5870,0,0.999849282,0.985545527
5871,0,1.021913023,1.997109105
5872,0,0.999975567,0.994180133
5873,0,0.302291700,0.080000000
5874,0,0.999999289,1.000992468
5875,0,0.302292175,0.080000000
5876,0,1.010783068,1.001802402
5877,0,-0.000000000,0.000000000
5878,0,1.000000000,1.000000000
5879,0,0.302292189,0.080000000
5880,0,1.050654972,1.006222222
5881,0,0.307950877,1.999757485
5882,0,1.011021502,1.001729189
5883,0,1.024285301,0.401308584
5884,0,1.191459880,1.031187444
5885,0,0.330856460,0.089392410
5886,0,1.011986038,1.000908062
5887,0,1.024519176,0.401437270
5888,0,1.044359282,1.001791321
5889,0,1.033649757,0.406530539
5890,0,1.193552346,1.031532912
5891,0,0.331247856,0.089522640
5892,0,1.012003130,1.001487044
5893,0,0.303359221,0.080345740
5894,0,1.010829086,1.001778487
5895,0,1.024239029,0.401283133
5896,0,1.044338678,1.009099799
5897,0,0.307130831,0.081571679
5898,0,1.010980442,1.001801054
5899,0,0.303257788,0.080313015
5900,0,1.050830929,1.006476987
5901,0,0.307973918,0.081846473
5902,0,1.051726187,1.006275387
5903,0,1.035953238,0.407820305
5904,0,0.999987755,1.004120048
5905,0,0.302291944,0.080000000
5906,0,1.050621215,1.006288143
5907,0,0.307947464,0.081837956
5908,0,1.051719864,1.006277570
5909,0,1.035951311,0.407819263
5910,0,0.999987752,1.004120652
5911,0,-0.000000000,0.000000000
5912,0,1.000000000,1.000000000
5913,0,0.302292189,0.080000000
5914,0,0.999999424,0.999106345
5915,0,-0.000000000,0.000000000
5916,0,1.000000000,1.000000000
5917,0,1.021928095,0.400000000
5918,0,1.190930197,1.032222222
5919,0,0.330757837,0.089359612
5920,0,1.011981691,1.001497894
5921,0,0.303357090,0.080345054
5922,0,1.010828967,1.000352024
5923,0,-0.000000000,0.000000000
5924,0,1.000000000,1.000000000
5925,0,0.302292189,0.080000000
5926,0,1.050654972,1.006222222
5927,0,1.880819478,1.996411420
5928,0,0.999877104,1.013052399
5929,0,0.302289731,0.080000000
5930,0,1.050547833,1.006186297
5931,0,1.880777859,2.003729306
5932,0,0.999874794,0.986825489
5933,0,-0.000000000,0.000000000
5934,0,1.000000000,1.000000000
5935,0,-0.000000000,0.000000000
5936,0,1.000000000,1.000000000
5937,0,0.302292189,0.080000000
5938,0,0.999999424,0.999106345
5939,0,0.302292178,0.080000000
5940,0,1.050647655,1.006426770
5941,0,0.307950137,0.081838761
5942,0,1.051721310,1.006719891
5943,0,0.308089744,0.081884039
5944,0,1.011027754,1.000453406
5945,0,-0.000000000,0.000000000
5946,0,1.000000000,1.000000000
5947,0,0.302292189,0.080000000
5948,0,1.050654972,1.006444444
5949,0,1.035616201,0.407633189
5950,0,0.999987577,1.004149988
5951,0,0.302291941,0.080000000
5952,0,1.010777439,1.000262412
5953,0,1.024226861,0.401276557
5954,0,1.044337190,1.001725056
5955,0,1.879475145,1.397412041
5956,0,1.116319540,1.028547446
5957,0,1.567035855,1.995362218
5958,0,2.259594639,2.722759908
5959,0,1.968397810,1.765042995
5960,0,1.865442612,1.137821379
5961,0,0.542148827,0.167757379
5962,0,0.999895535,1.012033966
5963,0,1.870919255,1.200000000
5964,0,1.115431199,1.025337349
5965,0,0.317519026,0.084971392
5966,0,1.011408695,1.001770785
5967,0,-0.000000000,0.000000000
5968,0,1.000000000,1.000000000
5969,0,1.021928095,0.400000000
5970,0,1.659062487,1.145098039
5971,0,0.459121683,0.134821453
5972,0,1.017608339,1.004069166
5973,0,1.025936367,2.000910240
5974,0,1.044466655,1.002115762
5975,0,1.879508358,1.210413578
5976,0,0.999855128,0.985828605
5977,0,1.021913608,0.400000000
5978,0,1.044095686,1.000445737
5979,0,0.307103949,0.081563206
5980,0,1.051519051,1.006575515
5981,0,-0.000000000,0.000000000
5982,0,1.000000000,1.000000000
5983,0,0.302292189,0.080000000
5984,0,1.050654972,1.006444444
5985,0,0.307950877,0.081838984
5986,0,1.079938364,1.014828674
5987,0,1.052146708,0.417570205
5988,0,0.999938089,0.990735767
5989,0,1.499969044,1.990735767
5990,0,1.896419526,1.477220730
5991,0,1.756573181,1.106343085
5992,0,0.967433636,0.788326128
5993,0,0.301640862,0.080000000
5994,0,1.208544081,1.034448675
5995,0,-0.000000000,0.000000000
5996,0,1.000000000,1.000000000
5997,0,1.021928095,0.400000000
5998,0,1.044208200,1.009090909
5999,0,0.307114252,0.081566298
