0,0,4.839865453,7.416368195
1,0,3.792038070,7.836338639
2,0,3.974369323,7.447346193
3,0,3.836824092,7.109028041
4,0,3.199934299,5.656910121
5,0,3.293581547,5.752296192
6,0,1.919529553,5.841409456
7,0,1.507569122,5.161740478
8,0,2.133337895,6.419171935
9,0,2.654219094,9.263474059
10,0,2.036355726,10.582089926
11,0,2.703732614,11.755518707
12,0,2.911166963,11.071468111
13,0,2.994452652,10.031583099
14,0,2.256277677,8.831902065
15,0,0.756935294,8.040046264
16,0,1.421572108,6.841072542
17,0,1.668152571,6.102896277
18,0,1.994971093,5.366427546
19,0,0.900619920,1.759463673
20,0,0.724618407,0.184999161
21,0,0.186300305,0.023842939
22,0,1.104694246,1.003810377
23,0,1.659642997,1.002832006
24,0,1.302508674,1.013929580
25,0,1.235350950,0.448500741
26,0,1.300795536,1.039276060
27,0,0.035278359,0.003302423
28,0,1.022676643,1.000220602
29,0,1.053372159,0.401966918
30,0,1.066803738,1.001925742
31,0,1.916935753,1.395730152
32,0,1.146643495,1.028802118
33,0,0.011969353,0.000960122
34,0,1.009440414,1.000385048
35,0,0.309225941,0.080490184
36,0,1.109237746,1.011261941
37,0,1.584839390,1.422838864
38,0,1.556751010,1.098305466
39,0,0.580142606,0.189717680
40,0,1.021243320,1.031048922
41,0,1.029098806,0.402886364
42,0,1.192340010,1.029410338
43,0,1.092323746,0.439109864
44,0,1.001995728,1.002565022
45,0,0.304085305,0.080108619
46,0,1.011972584,1.000297991
47,0,-0.000000000,0.000000000
48,0,1.000000000,1.000000000
49,0,1.021928095,0.400000000
50,0,1.044208200,1.001704545
51,0,1.879094040,2.001451501
52,0,2.106254473,1.466748922
53,0,0.732329364,0.248488008
54,0,1.512059959,1.151252045
55,0,1.255575124,0.541760880
56,0,0.999861943,0.986165908
57,0,1.021914289,0.400000000
58,0,0.999991826,1.003366205
59,0,0.302292026,0.080000000
60,0,0.999999348,0.999049192
61,0,1.499999674,1.000000000
62,0,1.180859490,1.050446673
63,0,0.329491974,0.088923480
64,0,0.999999514,0.999179461
65,0,0.302292179,0.080000000
66,0,1.010783375,1.000320505
67,0,1.505231755,1.001138035
68,0,0.999532103,1.025467082
69,0,0.302282831,0.080000000
70,0,1.215202689,1.041146976
71,0,-0.000000000,0.000000000
72,0,1.000000000,1.000000000
73,0,0.302292189,0.080000000
74,0,0.999999424,0.999106345
75,0,-0.000000000,0.000000000
76,0,1.000000000,1.000000000
77,0,1.021928095,0.400000000
78,0,0.999984960,0.995433790
79,0,0.302291888,1.960000000
80,0,0.999999320,0.999028817
81,0,1.021928027,0.400000000
82,0,1.044200574,1.001618273
83,0,-0.000000000,0.000000000
84,0,1.000000000,1.000000000
85,0,0.302292189,0.080000000
86,0,1.010784836,1.000334821
87,0,1.872666384,2.000286964
88,0,0.999850101,0.985584854
89,0,0.302289191,0.080000000
90,0,1.010759076,1.002028090
91,0,0.303254970,0.080311777
92,0,1.010823501,1.000338032
93,0,0.303261181,2.000016806
94,0,1.010824282,1.000343165
95,0,0.303261254,0.080313750
96,0,1.050832844,1.006479642
97,0,-0.000000000,0.000000000
98,0,1.000000000,1.000000000
99,0,0.302292189,0.080000000
100,0,1.010784836,1.001785714
101,0,0.303257257,0.080312460
102,0,1.010824117,1.001786508
103,0,-0.000000000,0.000000000
104,0,1.000000000,1.000000000
105,0,0.302292189,0.080000000
106,0,0.999999424,1.000893655
107,0,-0.000000000,0.000000000
108,0,1.000000000,1.000000000
109,0,1.021928095,0.400000000
110,0,1.044208200,1.001704545
111,0,1.879094040,2.001451501
112,0,1.116311602,1.006015994
113,0,0.317979704,0.085116767
114,0,0.999999500,1.000832950
115,0,-0.000000000,0.000000000
116,0,1.000000000,1.000000000
117,0,0.302292189,0.080000000
118,0,1.050654972,1.006222222
119,0,0.308063149,1.959241940
120,0,0.999999538,1.000800577
121,0,1.021928049,0.400000000
122,0,1.044201915,1.001633429
123,0,1.033848826,0.406624964
124,0,0.999985491,0.995515123
125,0,1.499992745,1.995515123
126,0,1.180681463,1.007183280
127,0,-0.000000000,0.000000000
128,0,1.000000000,1.000000000
129,0,-0.000000000,0.000000000
130,0,1.000000000,1.000000000
131,0,1.021928095,0.400000000
132,0,0.999984960,0.995433790
133,0,0.302291888,0.080000000
134,0,1.050617556,1.006354135
135,0,0.308058858,0.081871939
136,0,1.011027451,1.001718095
137,0,0.303281782,0.080320359
138,0,1.216771939,1.032157704
139,0,0.336388884,0.091231962
140,0,1.057188742,1.008317898
141,0,0.308945169,0.082158908
142,0,0.999999587,1.000756539
143,0,1.499999794,2.000756539
144,0,1.633790428,1.155858171
145,0,1.745277422,1.111240941
146,0,0.999368573,0.970415946
147,0,1.021864952,0.400000000
148,0,1.191833958,1.028744387
149,0,-0.000000000,0.000000000
150,0,1.000000000,1.000000000
151,0,1.021928095,1.800000000
152,0,1.044208200,1.001704545
153,0,1.033850526,0.406625784
154,0,1.263382952,1.043036356
155,0,0.367071335,0.102277467
156,0,1.060077136,1.002827406
157,0,1.882094039,1.215038057
158,0,1.116705287,1.005230177
159,0,1.059701197,0.421188465
160,0,1.046377505,1.009080235
161,0,-0.000000000,0.000000000
162,0,1.000000000,1.000000000
163,0,0.897880003,0.384158416
164,0,1.324858949,1.127821740
165,0,1.322279590,1.046822653
166,0,0.833435450,1.471035030
167,0,0.298960898,0.080000000
168,0,0.999943017,0.991112172
169,0,-0.000000000,0.000000000
170,0,1.000000000,1.000000000
171,0,1.500000000,2.000000000
172,0,1.180906651,1.009375000
173,0,1.909765504,2.007705471
174,0,2.124803115,1.487267164
175,0,1.993897303,1.279398610
176,0,0.996201258,1.072536552
177,0,-0.000000000,0.000000000
178,0,1.000000000,1.000000000
179,0,-0.000000000,0.000000000
180,0,1.000000000,1.000000000
181,0,1.870950594,1.200000000
182,0,2.101710523,1.352380952
183,0,0.728267085,0.246618571
184,0,1.030555631,0.994345271
185,0,-0.000000000,0.000000000
186,0,1.000000000,1.000000000
187,0,-0.000000000,0.000000000
188,0,1.000000000,1.000000000
189,0,1.870950594,2.000000000
190,0,1.115135655,1.028571429
191,0,1.894580989,1.232192560
192,0,1.454276184,1.102200423
193,0,1.967561188,1.359755947
194,0,2.170755444,1.557075047
195,0,1.981459996,1.730639076
196,0,1.172654795,0.926533599
197,0,1.906601911,1.906585240
198,0,1.471564873,1.061594582
199,0,-0.000000000,0.000000000
200,0,1.000000000,1.000000000
201,0,0.302292189,0.080000000
202,0,1.010784836,1.000334821
203,0,1.872666384,1.202059835
204,0,1.115368265,1.028528840
205,0,-0.000000000,0.000000000
206,0,1.000000000,1.000000000
207,0,0.302292189,0.080000000
208,0,0.999999424,1.000893655
209,0,1.870950422,2.000536193
210,0,2.101596346,1.728674781
211,0,1.997823805,1.279326500
212,0,1.612090811,1.242598163
213,0,1.737236556,2.277047588
214,0,1.224304764,1.138949596
215,0,-0.000000000,0.000000000
216,0,1.000000000,1.000000000
217,0,-0.000000000,0.000000000
218,0,1.000000000,1.000000000
219,0,1.500000000,1.000000000
220,0,1.633875355,1.938888889
221,0,1.995401706,2.088599401
222,0,1.144250763,1.047044400
223,0,-0.000000000,0.000000000
224,0,1.000000000,1.000000000
225,0,1.021928095,0.400000000
226,0,1.044208200,1.001704545
227,0,-0.000000000,0.000000000
228,0,1.000000000,1.000000000
229,0,1.021928095,0.400000000
230,0,0.999984960,1.004566210
231,0,-0.000000000,0.000000000
232,0,1.000000000,1.000000000
233,0,-0.000000000,0.000000000
234,0,1.000000000,1.000000000
235,0,1.021928095,1.800000000
236,0,1.190930197,1.031111111
237,0,1.090501971,1.993058265
238,0,1.700385921,2.912587778
239,0,1.762189734,1.849059985
240,0,0.998247873,0.950725467
241,0,1.021752882,0.400000000
242,0,1.044578719,1.006082528
243,0,1.033953386,2.001430723
244,0,1.044933885,1.002361131
245,0,1.879252330,1.210614497
246,0,1.446596084,1.093704045
247,0,0.410304213,0.119573944
248,0,1.097904929,1.002980281
249,0,1.259417478,1.901714079
250,0,1.620654307,1.606858926
251,0,2.079305709,2.505997452
252,0,1.610127599,3.037933943
253,0,1.842574099,1.945322147
254,0,1.362025058,1.432225561
255,0,0.917247191,0.664576475
256,0,-0.000000000,0.000000000
257,0,0.921928095,0.400000000
258,0,-0.000000000,0.000000000
259,0,0.143726170,0.040816327
260,0,-0.000000000,0.000000000
261,0,0.143726170,0.040816327
262,0,-0.000000000,0.000000000
263,0,-0.000000000,0.000000000
264,0,-0.000000000,0.000000000
265,0,0.143726170,0.040816327
266,0,1.010576317,0.937586685
267,0,1.000000000,1.000000000
268,0,0.840677936,0.312318138
269,0,0.540875670,1.751911221
270,0,1.507932759,0.926742078
271,0,0.505242624,0.223547215
272,0,1.161722788,1.029337943
273,0,1.144595286,2.000000000
274,0,2.501070072,3.325295398
275,0,1.812254615,2.326566935
276,0,1.976401172,3.665426292
277,0,1.890992229,5.187604489
278,0,1.874471036,3.859787897
279,0,1.542599211,4.930649095
280,0,2.548077139,2.059869747
281,0,2.612717456,2.365646684
282,0,2.022369797,1.537265905
283,0,1.345430684,1.550456204
284,0,2.376215741,2.261435406
285,0,0.656792699,1.660796710
286,0,1.767988404,2.396478026
287,0,0.977815795,1.174916776
288,0,0.301848505,0.080000000
289,0,1.012757107,1.004249378
290,0,-0.000000000,0.000000000
291,0,1.000000000,1.000000000
292,0,0.302292189,0.080000000
293,0,1.012773762,1.001377513
294,0,-0.000000000,0.000000000
295,0,1.000000000,1.000000000
296,0,1.500000000,1.000000000
297,0,1.220308818,1.039361702
298,0,0.333274852,0.090089391
299,0,1.000000000,1.000000000
300,0,0.302292189,0.080000000
301,0,1.060184319,1.008222222
302,0,1.884579970,2.000413041
303,0,1.140836257,1.022728858
304,0,1.064915128,0.423685045
305,0,1.240159774,1.043966460
306,0,1.103917829,0.445823395
307,0,1.058567566,1.008007579
308,0,-0.000000000,0.000000000
309,0,1.000000000,1.000000000
310,0,-0.000000000,0.000000000
311,0,1.000000000,1.000000000
312,0,-0.000000000,0.000000000
313,0,1.000000000,1.000000000
314,0,-0.000000000,0.000000000
315,0,1.000000000,1.000000000
316,0,0.302292189,0.080000000
317,0,1.012773762,1.001377513
318,0,-0.000000000,0.000000000
319,0,1.000000000,1.000000000
320,0,-0.000000000,0.000000000
321,0,1.000000000,1.000000000
322,0,-0.000000000,0.000000000
323,0,1.000000000,1.000000000
324,0,-0.000000000,0.000000000
325,0,1.000000000,1.000000000
326,0,1.870950594,1.200000000
327,0,1.138751800,1.022289157
328,0,1.605473788,2.010596940
329,0,2.236008681,1.731297612
330,0,2.383924891,2.181365303
331,0,1.420960004,1.096676938
332,0,-0.000000000,0.000000000
333,0,1.000000000,1.000000000
334,0,0.302292189,0.080000000
335,0,1.257422929,1.047844828
336,0,2.131562934,1.210895118
337,0,1.342954420,1.071705932
338,0,1.148137351,0.471071676
339,0,1.264488206,1.049945839
340,0,0.341227664,0.092715669
341,0,1.014735425,1.001630823
342,0,0.303554811,0.080404586
343,0,1.060469292,1.008269948
344,0,1.037725694,2.000000000
345,0,1.232520286,1.042149252
346,0,1.100773466,0.444034088
347,0,1.250347306,1.046418244
348,0,1.935325463,2.002247528
349,0,1.949784167,3.002234660
350,0,2.270161579,2.139733824
351,0,1.383053155,1.084674194
352,0,1.975999112,1.321723743
353,0,1.000000000,1.000000000
354,0,1.500000000,2.000000000
355,0,1.220308818,1.039361702
356,0,-0.000000000,0.000000000
357,0,1.000000000,1.000000000
358,0,-0.000000000,0.000000000
359,0,1.000000000,1.000000000
360,0,0.302292189,0.080000000
361,0,1.060184319,1.008222222
362,0,1.037639028,0.408572389
363,0,1.000000000,1.000000000
364,0,1.870950594,1.200000000
365,0,1.000000000,1.000000000
366,0,-0.000000000,0.000000000
367,0,1.000000000,1.000000000
368,0,0.302292189,0.080000000
369,0,1.060184319,1.008222222
370,0,0.308717777,1.959288542
371,0,1.000000000,1.000000000
372,0,1.021928095,0.400000000
373,0,1.784319623,1.213461538
374,0,1.385153104,0.627492130
375,0,1.000000000,1.000000000
376,0,1.870950594,1.200000000
377,0,1.000000000,1.000000000
378,0,1.021928095,0.400000000
379,0,1.784319623,1.213461538
380,0,0.478971583,0.141605494
381,0,1.000000000,1.000000000
382,0,-0.000000000,0.000000000
383,0,1.000000000,1.000000000
384,0,1.870950594,1.200000000
385,0,1.000000000,1.000000000
386,0,1.021928095,0.400000000
387,0,1.052690404,1.007034221
388,0,1.035378563,0.407332871
389,0,1.000000000,1.000000000
390,0,0.302292189,0.080000000
391,0,1.012773762,1.001377513
392,0,0.303367094,0.080344681
393,0,1.012827240,1.001384331
394,0,-0.000000000,0.000000000
395,0,1.000000000,1.000000000
396,0,1.021928095,0.400000000
397,0,1.000000000,1.000000000
398,0,1.021928095,0.400000000
399,0,1.000000000,1.000000000
400,0,-0.000000000,0.000000000
401,0,1.000000000,1.000000000
402,0,-0.000000000,0.000000000
403,0,1.000000000,1.000000000
404,0,0.302292189,0.080000000
405,0,1.060184319,1.008222222
406,0,1.037639028,2.000000000
407,0,1.795425933,1.218125073
408,0,1.965937962,2.066839453
409,0,1.297737571,1.059698831
410,0,-0.000000000,0.000000000
411,0,1.000000000,1.000000000
412,0,0.302292189,0.080000000
413,0,1.012773762,1.001377513
414,0,-0.000000000,0.000000000
415,0,1.000000000,1.000000000
416,0,1.500000000,2.000000000
417,0,2.473808192,1.693750000
418,0,1.013899932,0.386792453
419,0,1.808267612,1.228749577
420,0,0.484307945,0.143434863
421,0,1.000000000,1.000000000
422,0,0.302292189,0.080000000
423,0,1.060184319,1.008222222
424,0,1.546468512,2.004071504
425,0,1.946996491,3.002573919
426,0,1.780976215,2.026188163
427,0,1.881278034,1.263378970
428,0,2.074430152,2.010990472
429,0,2.044427667,3.008717102
430,0,1.584794359,2.000000000
431,0,1.000000000,1.000000000
432,0,0.302292189,0.080000000
433,0,1.060184319,1.008222222
434,0,1.884579970,2.000413041
435,0,1.538715035,1.125591448
436,0,1.245904823,0.532316743
437,0,1.000000000,1.000000000
438,0,1.021928095,0.400000000
439,0,1.228118215,1.041111111
440,0,1.098973413,0.443011606
441,0,1.058200532,1.007945613
442,0,1.884154835,1.399022467
443,0,1.000000000,1.000000000
444,0,-0.000000000,0.000000000
445,0,1.000000000,1.000000000
446,0,1.870950594,1.400000000
447,0,2.305215896,1.504545455
448,0,-0.000000000,0.000000000
449,0,1.000000000,1.000000000
450,0,0.302292189,0.080000000
451,0,1.012773762,1.001377513
452,0,0.303367094,1.959881317
453,0,1.906258362,1.643470234
454,0,1.584024099,1.299187518
455,0,1.239486164,1.045349907
456,0,-0.000000000,0.000000000
457,0,1.000000000,1.000000000
458,0,-0.000000000,0.000000000
459,0,1.000000000,1.000000000
460,0,-0.000000000,0.000000000
461,0,1.000000000,1.000000000
462,0,1.870950594,2.000000000
463,0,1.000000000,1.000000000
464,0,-0.000000000,0.000000000
465,0,1.000000000,1.000000000
466,0,-0.000000000,0.000000000
467,0,1.000000000,1.000000000
468,0,-0.000000000,0.000000000
469,0,1.000000000,1.000000000
470,0,1.021928095,0.400000000
471,0,1.052690404,1.007034221
472,0,1.035378563,0.407332871
473,0,1.231864424,1.041994141
474,0,0.335327563,0.090767779
475,0,1.067659240,1.009488008
476,0,1.039938499,0.409822098
477,0,1.053959163,1.007242655
478,0,1.039655816,0.408569494
479,0,1.183954967,1.048154669
480,0,1.007702282,1.477116723
481,0,1.160919283,0.725219616
482,0,1.925032027,2.267213719
483,0,1.257859577,1.579746468
484,0,0.960107186,1.824361930
485,0,0.798563613,1.975848825
486,0,0.459612299,0.149610102
487,0,0.845822686,0.424694095
488,0,0.888922396,0.432271376
489,0,1.125503008,0.453731912
490,0,1.431775222,1.339168957
491,0,0.737102742,1.584563030
492,0,1.263194680,1.962956618
493,0,0.758555691,1.954674508
494,0,0.239906878,1.921039981
495,0,0.158312084,0.046126680
496,0,0.103265997,0.027023631
497,0,0.969699090,0.408902199
498,0,0.040789855,0.008802743
499,0,0.306002653,0.084505234
500,0,0.319251629,0.093385850
501,0,0.999709751,0.979941490
502,0,-0.000000000,0.000000000
503,0,1.000000000,1.000000000
504,0,1.870950594,1.200000000
505,0,1.138751800,1.022289157
506,0,0.319766260,0.085651291
507,0,1.272670312,1.051588390
508,0,1.986488225,1.300073621
509,0,1.162833478,1.025060553
510,0,1.070065685,1.999753189
511,0,1.056126256,2.999889986
512,0,1.667796812,3.992310922
513,0,1.842953123,3.000956653
514,0,1.978628314,3.286722280
515,0,2.145674526,2.584423161
516,0,1.978506024,2.021143860
517,0,1.789576487,3.300249770
518,0,1.826656510,1.928461847
519,0,2.455341793,3.574906843
520,0,2.601116015,3.182428017
521,0,1.564294404,2.446230254
522,0,1.314669937,1.833123749
523,0,1.956084569,2.099874249
524,0,1.389728428,2.060626982
525,0,1.692429084,2.106302733
526,0,0.858263514,0.591364656
527,0,1.380443057,1.438090598
528,0,0.304362868,0.080647347
529,0,1.060682601,1.008457759
530,0,-0.000000000,0.000000000
531,0,1.000000000,1.000000000
532,0,0.302292189,0.080000000
533,0,1.176621560,1.017097416
534,0,1.062493052,0.596324755
535,0,1.460099148,1.019566285
536,0,-0.000000000,0.000000000
537,0,1.000000000,1.000000000
538,0,1.500000000,1.000000000
539,0,1.426537740,1.227340267
540,0,-0.000000000,0.000000000
541,0,1.000000000,1.000000000
542,0,1.500000000,1.000000000
543,0,1.000000000,1.000000000
544,0,0.302292189,0.080000000
545,0,1.000000000,1.000000000
546,0,1.021928095,0.400000000
547,0,1.052690404,1.007034221
548,0,0.307787926,0.081766365
549,0,1.013047487,1.001412456
550,0,1.873521637,1.202408815
551,0,1.139115381,1.022365775
552,0,0.319820840,0.085668921
553,0,1.000000000,0.999999982
554,0,1.021928095,0.400000000
555,0,1.000000000,0.999999999
556,0,0.302292189,0.080000000
557,0,1.060184319,1.008222222
558,0,0.308717777,0.082066230
559,0,1.061632540,1.008464963
560,0,1.038080351,0.408812080
561,0,1.053826350,1.007220629
562,0,0.307925621,0.081810486
563,0,1.000000000,1.000000000
564,0,-0.000000000,0.000000000
565,0,1.000000000,1.000000000
566,0,1.021928095,1.800000000
567,0,1.000000000,1.000000000
568,0,1.021928095,0.400000000
569,0,1.052690404,1.007034221
570,0,1.035378563,0.407332871
571,0,1.000000000,1.000000000
572,0,1.500000000,2.000000000
573,0,2.473808192,1.693750000
574,0,2.042035234,1.835714286
575,0,2.527216806,1.751060866
576,0,1.922936375,1.203132405
577,0,0.999999813,0.999490282
578,0,1.870950538,1.400000000
579,0,1.138751785,1.022153744
580,0,-0.000000000,0.000000000
581,0,1.000000000,1.000000000
582,0,1.021928095,0.400000000
583,0,1.052690404,1.007034221
584,0,1.882728310,1.211927297
585,0,2.312344669,1.510257496
586,0,0.777237743,0.267025642
587,0,1.039159409,1.005132652
588,0,0.306154948,0.081235783
589,0,1.000000000,0.999999941
590,0,1.021928095,0.400000000
591,0,1.228118215,1.041111106
592,0,0.334665510,0.090549664
593,0,1.014397000,1.001586340
594,0,1.024953970,2.000000000
595,0,1.786467462,3.000000000
596,0,1.961991195,2.066010358
597,0,1.000000000,1.000000000
598,0,-0.000000000,0.000000000
599,0,1.000000000,1.000000000
600,0,0.302292189,0.080000000
601,0,1.060184319,1.008222222
602,0,-0.000000000,0.000000000
603,0,1.000000000,1.000000000
604,0,-0.000000000,0.000000000
605,0,1.000000000,1.000000000
606,0,0.302292189,2.000000000
607,0,1.060184319,1.008222222
608,0,0.308717777,0.082066230
609,0,1.000000000,1.000000000
610,0,1.021928095,2.000000000
611,0,1.784319623,1.213461538
612,0,0.478971583,0.141605494
613,0,1.000000000,1.000000000
614,0,1.500000000,2.000000000
615,0,2.473808192,1.812500000
616,0,1.908049904,2.000000000
617,0,1.146110347,1.024510266
618,0,0.320746553,0.085947202
619,0,1.000000000,1.000000000
620,0,0.302292189,0.080000000
621,0,1.048419662,1.011672062
622,0,0.345736289,0.098657856
623,0,1.177589055,1.043275314
624,0,0.331120991,0.089394312
625,0,1.043927622,1.011272674
626,0,0.048982586,0.021684104
627,0,1.012252241,1.003254550
628,0,0.315664177,0.084998256
629,0,1.087638822,1.015422980
630,0,1.936676758,1.420124118
631,0,1.048413496,1.016240984
632,0,1.021927649,0.400000000
633,0,1.228118119,1.041334780
634,0,1.668545889,2.019046264
635,0,1.243883184,1.045656768
636,0,1.104275284,0.445931690
637,0,1.058608673,1.007918826
638,0,0.319818026,0.085880571
639,0,1.245390769,1.049780092
640,0,1.997713755,1.401906927
641,0,1.477274715,1.202359419
642,0,0.442304118,0.138337329
643,0,0.999982750,0.995109806
644,0,-0.000000000,0.000000000
645,0,1.000000000,1.000000000
646,0,-0.000000000,0.000000000
647,0,1.000000000,1.000000000
648,0,1.021928095,0.400000000
649,0,1.228118215,1.041111111
650,0,-0.000000000,0.000000000
651,0,1.000000000,1.000000000
652,0,0.302292189,0.080000000
653,0,1.000000000,1.000000000
654,0,0.302292189,0.080000000
655,0,1.012773762,1.001377513
656,0,1.024571058,0.401435139
657,0,1.052875527,1.007064537
658,0,1.035433409,0.407362557
659,0,1.231879954,1.041997844
660,0,0.335330306,0.090768682
661,0,1.014431131,1.001590811
662,0,0.303525474,0.080395234
663,0,1.060462570,1.008268812
664,0,0.308752429,0.082077351
665,0,1.061640467,1.008466305
666,0,0.308899539,0.082124576
667,0,1.013103066,1.001419574
668,0,1.025602652,0.401678971
669,0,1.053042001,1.007067435
670,0,1.892710886,2.003372857
671,0,1.142558493,1.022697761
672,0,0.320115408,1.999993100
673,0,1.013665231,1.001488967
674,0,1.876271724,2.000701855
675,0,1.413312967,1.186224375
676,0,1.518263479,2.360036048
677,0,1.648350738,1.181648498
678,0,1.912828077,1.672783667
679,0,1.585536883,0.952475795
680,0,1.788570537,2.048265409
681,0,1.971431298,1.443850593
682,0,1.248737422,1.855524907
683,0,1.179908573,4.899361415
684,0,1.493785352,4.116299282
685,0,2.496354300,3.504325470
686,0,2.110110043,3.023115074
687,0,2.123450147,2.638758847
688,0,-0.000000000,0.000000000
689,0,1.000000000,1.000000000
690,0,1.021928095,0.400000000
691,0,1.052690404,1.007034221
692,0,1.540702475,1.012017043
693,0,1.777271927,1.210700509
694,0,0.494448259,0.148683177
695,0,1.023670749,1.011162656
696,0,0.326858953,0.094114500
697,0,1.085012128,1.015628803
698,0,1.920704696,2.007215775
699,0,1.437294997,1.194986644
700,0,2.182321463,1.407326075
701,0,1.608909199,1.283765752
702,0,1.492376162,0.761136524
703,0,1.390009137,1.114126257
704,0,1.227929328,0.721936053
705,0,1.267994090,1.077242425
706,0,0.340907877,0.119976591
707,0,1.287721466,1.115920361
708,0,1.152361080,0.580345615
709,0,1.322095389,1.149996419
710,0,1.250028139,0.531023503
711,0,0.278974300,0.099000426
712,0,1.657492799,1.210469251
713,0,0.132020697,0.041453777
714,0,0.370418643,0.108184787
715,0,0.388638111,0.114778315
716,0,1.058834212,0.476767511
717,0,0.048139236,0.013472858
718,0,1.596283361,1.402897240
719,0,1.546570672,2.039399851
720,0,1.643066863,1.204410164
721,0,1.116828535,0.756470263
722,0,1.136350780,0.537691875
723,0,1.488124889,1.017832417
724,0,2.556647408,1.634731099
725,0,2.394884664,1.736767545
726,0,1.980728132,1.211114259
727,0,2.041819197,2.053771790
728,0,1.982930844,1.444023573
729,0,1.883421268,1.616303244
730,0,2.206136152,1.293704087
731,0,0.908626916,0.520295220
732,0,0.663608232,0.317331173
733,0,1.903402710,1.248206085
734,0,0.324310214,0.116822180
735,0,1.097248945,0.443549560
736,0,-0.000000000,0.000000000
737,0,1.000000000,1.000000000
738,0,0.302292189,0.080000000
739,0,1.000000000,1.000000000
740,0,0.302292189,0.080000000
741,0,1.012773762,1.001377513
742,0,0.002344960,0.000670728
743,0,1.002331868,1.000469510
744,0,1.871566999,2.000016398
745,0,2.305989778,1.863669492
746,0,2.245510048,2.088946733
747,0,2.746823013,1.933086629
748,0,1.925352600,1.216101622
749,0,0.998686526,0.957334917
750,0,1.021796747,0.400000000
751,0,1.183512359,1.044732855
752,0,2.002526641,1.999531918
753,0,2.342670130,1.906869148
754,0,2.662393968,1.890970008
755,0,2.318633468,1.591529653
756,0,2.046308539,1.686014428
757,0,1.462679618,0.883048901
758,0,1.638859793,1.897346880
759,0,1.735949847,1.948064095
760,0,1.698226809,1.636100851
761,0,1.635390477,0.899278960
762,0,1.013122496,0.520732481
763,0,1.072270106,0.443610367
764,0,0.998493624,1.055457489
765,0,0.302674456,0.080086152
766,0,1.000400118,0.999187178
767,0,1.500025145,1.000006524
768,0,1.000024679,0.999583773
769,0,1.021953485,0.400004725
770,0,1.000025898,0.999969344
771,0,1.870956035,1.400000789
772,0,1.138754658,1.022280428
773,0,1.605475206,2.010586275
774,0,2.515081002,1.825773022
775,0,2.886436787,1.818686548
776,0,1.025340752,1.012188368
777,0,1.891730273,1.407665209
778,0,2.319385010,1.510995648
779,0,1.764459255,0.960993283
780,0,1.014543794,1.005186535
781,0,1.504749651,1.002132253
782,0,1.225111532,1.040736907
783,0,1.930951099,1.265417892
784,0,1.004319854,1.001286496
785,0,0.005393096,0.001203558
786,0,1.000369026,1.000116549
787,0,0.000431991,0.000103599
788,0,1.000419126,1.000083455
789,0,1.871015785,1.200011767
790,0,1.532077801,1.123337102
791,0,1.242525014,0.530175999
792,0,1.069167940,1.009812595
793,0,0.000013254,0.000001976
794,0,1.000001138,1.000000229
795,0,1.870951497,1.400000123
796,0,1.309913575,1.174978928
797,0,0.410045445,0.124568428
798,0,0.999980559,0.994722313
799,0,1.021926230,0.400000019
800,0,1.140165846,1.056174528
801,0,0.463602710,0.174034188
802,0,1.217702297,1.073952010
803,0,0.431555919,0.149639424
804,0,1.096911788,1.052790888
805,0,0.321618588,0.090613084
806,0,1.026992448,1.010994023
807,0,0.307225346,0.082252429
808,0,1.003686716,1.001387198
809,0,0.004700724,0.002353272
810,0,1.000000000,1.000000000
811,0,0.302292189,0.080000000
812,0,1.060184319,1.008222222
813,0,1.041964123,0.409739087
814,0,1.236303412,1.043222898
815,0,1.101165420,0.444230197
816,0,0.999999994,1.000091532
817,0,0.302292189,0.080000000
818,0,1.000000000,0.999998526
819,0,0.000000000,0.000000000
820,0,1.000000000,1.000000000
821,0,0.302292189,0.080000000
822,0,1.000000000,1.000000000
823,0,1.021928095,2.000000000
824,0,1.905928216,3.000000000
825,0,1.584007906,2.000000000
826,0,1.239467618,3.000000000
827,0,1.103181203,2.000000000
828,0,1.058575605,1.008016225
829,0,1.037138302,2.000000000
830,0,1.053761423,1.007210146
831,0,1.883004845,1.212205676
832,0,1.000000000,1.000000000
833,0,0.302292189,0.080000000
834,0,1.000000000,1.000000000
835,0,0.000000000,0.000000000
836,0,1.000000000,1.000000000
837,0,1.021928095,0.400000000
838,0,1.000000000,1.000000000
839,0,1.500000000,1.000000000
840,0,1.764492375,1.205555556
841,0,2.049186634,1.376866405
842,0,1.673463996,1.172850054
843,0,0.000000000,0.000000000
844,0,1.000000000,1.000000000
845,0,0.000000000,0.000000000
846,0,1.000000000,1.000000000
847,0,0.302292189,0.080000000
848,0,1.084886310,1.014810458
849,0,1.931355448,2.089350930
850,0,1.298404460,1.693527824
851,0,0.991331716,0.388819245
852,0,1.323037425,0.550831608
853,0,1.575429786,0.948317882
854,0,1.764920585,0.830340387
855,0,1.055740856,0.411181287
856,0,0.733873909,0.249686100
857,0,1.373412819,1.158490627
858,0,0.905237139,0.550542606
859,0,0.848408206,0.354641853
860,0,-0.000000000,0.000000000
861,0,1.000000000,1.000000000
862,0,1.021928095,0.400000000
863,0,1.052690404,1.007034221
864,0,0.307787926,2.000000000
865,0,1.013047487,1.001412456
866,0,0.303393045,0.080352964
867,0,1.000000000,1.000000000
868,0,1.500000000,1.000000000
869,0,1.764492375,1.205555556
870,0,0.471983100,0.138986509
871,0,1.000000000,1.000000000
872,0,1.500000000,1.000000000
873,0,1.000000000,1.000000000
874,0,1.021928095,0.400000000
875,0,1.228118215,1.041111111
876,0,0.334665510,0.090549664
877,0,1.014397000,1.001586340
878,0,1.024953970,0.401641094
879,0,1.052902676,1.007069022
880,0,1.035441447,2.000000000
881,0,1.793876878,1.217471771
882,0,-0.000000000,0.000000000
883,0,1.000000000,1.000000000
884,0,-0.000000000,0.000000000
885,0,1.000000000,1.000000000
886,0,1.021928095,1.800000000
887,0,1.228118215,1.041111111
888,0,1.098973413,0.443011606
889,0,1.000000000,1.000000000
890,0,1.500000000,2.000000000
891,0,1.000000000,1.000000000
892,0,-0.000000000,0.000000000
893,0,1.000000000,1.000000000
894,0,1.500000000,2.000000000
895,0,1.764492375,1.944444444
896,0,2.049186634,2.008300589
897,0,1.180302409,1.031377039
898,0,1.079624400,0.431796175
899,0,1.000000000,1.000000000
900,0,0.302292189,0.080000000
901,0,1.000000000,1.000000000
902,0,-0.000000000,0.000000000
903,0,1.000000000,1.000000000
904,0,0.302292189,0.080000000
905,0,1.060184319,1.008222222
906,0,1.037639028,1.797315197
907,0,1.000000000,1.000000000
908,0,0.302292189,0.080000000
909,0,1.000000000,1.000000000
910,0,-0.000000000,0.000000000
911,0,1.000000000,1.000000000
912,0,0.302292189,0.080000000
913,0,1.000000000,1.000000000
914,0,0.302292189,1.960000000
915,0,1.257422929,1.047844828
916,0,1.936898942,1.277223427
917,0,1.000000000,1.000000000
918,0,1.021928095,0.400000000
919,0,1.052690404,1.007034221
920,0,-0.000000000,0.000000000
921,0,1.000000000,1.000000000
922,0,0.302292189,0.080000000
923,0,1.000000000,1.000000000
924,0,1.021928095,2.000000000
925,0,1.228118215,1.041111111
926,0,1.098973413,0.443011606
927,0,1.058200532,1.007945613
928,0,0.308461441,0.081982245
929,0,1.061577104,1.008455870
930,0,1.884942132,1.214292754
931,0,1.538899896,1.125655076
932,0,1.245998981,0.532375925
933,0,1.069444117,1.009861077
934,0,0.309876935,0.082436430
935,0,1.013153336,1.001426120
936,0,1.024659957,1.799537565
937,0,1.052881834,1.007065580
938,0,0.307811088,0.081773786
939,0,1.262248720,1.049021852
940,0,1.113280659,0.451262795
941,0,1.848077229,1.240935084
942,0,2.062300303,2.009513781
943,0,1.185759278,1.032640746
944,0,1.918769289,1.252021898
945,0,1.146715575,1.023992922
946,0,0.320967454,0.086039038
947,0,1.000000000,1.000000000
948,0,1.870950594,2.000000000
949,0,2.305215896,3.000000000
950,0,0.771659036,2.000000000
951,0,1.172412230,1.029890898
952,0,-0.000000000,0.000000000
953,0,1.000000000,1.000000000
954,0,-0.000000000,0.000000000
955,0,1.000000000,1.000000000
956,0,1.870950594,2.000000000
957,0,1.000000000,1.000000000
958,0,0.302292189,0.080000000
959,0,1.060184319,1.008222222
960,0,0.308717777,0.082066230
961,0,1.013093875,1.001418389
962,0,-0.000000000,0.000000000
963,0,1.000000000,1.000000000
964,0,1.870950594,1.400000000
965,0,1.000000000,1.000000000
966,0,0.302292189,0.080000000
967,0,1.060184319,1.008222222
968,0,1.037639028,0.408572389
969,0,1.053794829,1.007215404
970,0,0.307921800,1.959378649
971,0,1.262347036,1.986877853
972,0,1.938278678,1.393616644
973,0,1.150555326,1.024803214
974,0,1.068454719,0.425628087
975,0,1.241184968,1.044215516
976,0,0.336989368,0.091315750
977,0,1.000000000,1.000000000
978,0,1.500000000,2.000000000
979,0,1.000000000,1.000000000
980,0,0.302292189,0.080000000
981,0,1.060184319,1.008222222
982,0,1.037639028,0.408572389
983,0,1.000000000,1.000000000
984,0,-0.000000000,0.000000000
985,0,1.000000000,1.000000000
986,0,0.302292189,0.080000000
987,0,1.000000000,1.000000000
988,0,1.870950594,1.200000000
989,0,1.000000000,1.000000000
990,0,-0.000000000,0.000000000
991,0,1.000000000,1.000000000
992,0,-0.000000000,0.000000000
993,0,1.000000000,1.000000000
994,0,-0.000000000,0.000000000
995,0,1.000000000,1.000000000
996,0,0.302292189,0.080000000
997,0,1.000000000,1.000000000
998,0,-0.000000000,0.000000000
999,0,1.000000000,1.000000000
1000,0,1.021928095,1.800000000
1001,0,1.139609612,1.055451380
1002,0,-0.000000000,0.000000000
1003,0,1.000000000,1.000000000
1004,0,0.302292189,0.080000000
1005,0,1.000000000,1.000000000
1006,0,0.302292189,0.080000000
1007,0,1.060184319,1.008222222
1008,0,1.678437780,1.039546567
1009,0,0.999998307,1.001531936
1010,0,-0.000000000,0.000000000
1011,0,1.000000000,1.000000000
1012,0,0.302292189,0.080000000
1013,0,1.012773762,1.001377513
1014,0,0.303566849,0.080385332
1015,0,1.048684589,1.011736365
1016,0,1.051954063,0.412767243
1017,0,1.191481668,1.065892802
1018,0,0.004110522,0.001885559
1019,0,1.004085607,1.002074007
1020,0,0.003369233,0.002011359
1021,0,1.001303906,1.000653787
1022,0,0.303374451,0.080567381
1023,0,1.000983155,1.000535170
1024,0,0.001249051,0.000732951
1025,0,1.000000000,1.000000000
1026,0,1.021928095,0.400000000
1027,0,1.179520228,1.046609604
1028,0,1.004374127,0.625751058
1029,0,0.693902230,0.276823901
1030,0,1.103410691,1.089986913
1031,0,0.839714900,0.344628891
1032,0,1.196656572,1.067940964
1033,0,1.772292553,1.103312236
1034,0,1.199008245,1.997918409
1035,0,2.434223035,2.000391881
1036,0,1.819631753,1.490091546
1037,0,1.424251463,2.023369673
1038,0,1.405685647,1.212151754
1039,0,1.549994940,1.833994947
1040,0,1.512889020,1.263344318
1041,0,1.365555937,1.578258254
1042,0,1.169443585,0.592420381
1043,0,1.032918200,1.029909127
1044,0,0.317315869,0.091434418
1045,0,1.015697933,1.002994952
1046,0,1.025766560,1.799792328
1047,0,1.180415995,1.059606511
1048,0,0.344192931,0.095044372
1049,0,1.018300464,1.004536345
1050,0,-0.000000000,0.000000000
1051,0,1.000000000,1.000000000
1052,0,1.021928095,0.400000000
1053,0,1.000000000,1.000000000
1054,0,-0.000000000,0.000000000
1055,0,1.000000000,1.000000000
1056,0,0.302292189,0.080000000
1057,0,1.000000000,1.000000000
1058,0,1.021928095,0.400000000
1059,0,1.784319623,1.213461538
1060,0,2.052217958,1.488259109
1061,0,1.000000000,1.000000000
1062,0,-0.000000000,0.000000000
1063,0,1.000000000,1.000000000
1064,0,1.870950594,1.200000000
1065,0,1.138751800,1.022289157
1066,0,1.064163411,1.792711073
1067,0,1.055681397,1.007526645
1068,0,1.036269170,2.000000000
1069,0,1.232116644,3.000000000
1070,0,1.100607844,2.000000000
1071,0,1.250299324,1.046406527
1072,0,0.338638698,0.091860792
1073,0,1.068424069,1.009620370
1074,0,0.309757969,0.082400250
1075,0,1.000000000,1.000000000
1076,0,0.302292189,0.080000000
1077,0,1.060184319,1.008222222
1078,0,1.037639028,0.408572389
1079,0,1.000000000,1.000000000
1080,0,0.302292189,0.080000000
1081,0,1.060184319,1.008222222
1082,0,1.037639028,0.408572389
1083,0,1.053794829,1.007215404
1084,0,1.541606177,1.012355766
1085,0,2.484295148,1.704423690
1086,0,-0.000000000,0.000000000
1087,0,1.000000000,1.000000000
1088,0,1.870950594,1.400000000
1089,0,1.000000000,1.000000000
1090,0,1.021928095,1.800000000
1091,0,1.052690404,1.007034221
1092,0,1.035378563,1.797703404
1093,0,1.053635335,1.007189192
1094,0,0.307902432,0.081803056
1095,0,1.061449039,1.008434177
1096,0,1.547492865,2.004180993
1097,0,1.777184250,1.211084415
1098,0,1.380376252,1.730596600
1099,0,1.000000000,1.000000000
1100,0,0.302292189,0.080000000
1101,0,1.257422929,1.047844828
1102,0,1.936898942,1.393614425
1103,0,1.150286205,1.024744443
1104,0,1.908344216,1.397214525
1105,0,1.000000000,1.000000000
1106,0,1.500000000,2.000000000
1107,0,1.000000000,1.000000000
1108,0,0.302292189,0.080000000
1109,0,1.000000000,1.000000000
1110,0,1.021928095,0.400000000
1111,0,1.052690404,1.007034221
1112,0,1.035378563,0.407332871
1113,0,1.231864424,1.041994141
1114,0,1.930093964,1.268171918
1115,0,1.000000000,1.000000000
1116,0,-0.000000000,0.000000000
1117,0,1.000000000,1.000000000
1118,0,1.021928095,0.400000000
1119,0,1.228118215,1.041111111
1120,0,-0.000000000,0.000000000
1121,0,1.000000000,1.000000000
1122,0,1.021928095,0.400000000
1123,0,1.000000000,1.000000000
1124,0,-0.000000000,0.000000000
1125,0,1.000000000,1.000000000
1126,0,1.021928095,0.400000000
1127,0,1.052690404,1.007034221
1128,0,-0.000000000,0.000000000
1129,0,1.000000000,1.000000000
1130,0,1.870950594,1.400000000
1131,0,1.138751800,1.022289157
1132,0,0.319766260,0.085651291
1133,0,1.013646706,1.001489339
1134,0,1.873655188,1.399804320
1135,0,1.139132357,1.022369377
1136,0,1.064300425,0.423348095
1137,0,1.055691453,1.007528339
1138,0,0.308153021,0.081883368
1139,0,1.061506446,1.008443900
1140,0,1.547539857,2.004186079
1141,0,1.225113975,1.040559515
1142,0,1.097688135,0.442238989
1143,0,1.000000000,1.000000000
1144,0,1.870950594,1.200000000
1145,0,1.000000000,1.000000000
1146,0,0.302292189,0.080000000
1147,0,1.012773762,1.001377513
1148,0,0.303367094,0.080344681
1149,0,1.012827240,1.001384331
1150,0,-0.000000000,0.000000000
1151,0,1.000000000,1.000000000
1152,0,1.870950594,1.400000000
1153,0,1.000000000,1.000000000
1154,0,0.302292189,0.080000000
1155,0,1.000000000,1.000000000
1156,0,1.021928095,0.400000000
1157,0,1.228118215,1.041111111
1158,0,-0.000000000,0.000000000
1159,0,1.000000000,1.000000000
1160,0,-0.000000000,0.000000000
1161,0,1.000000000,1.000000000
1162,0,-0.000000000,0.000000000
1163,0,1.000000000,1.000000000
1164,0,1.870950594,1.200000000
1165,0,1.000000000,1.000000000
1166,0,-0.000000000,0.000000000
1167,0,1.000000000,1.000000000
1168,0,1.021928095,0.400000000
1169,0,1.228118215,1.041111111
1170,0,1.098973413,0.443011606
1171,0,1.058200532,1.007945613
1172,0,1.884154835,1.399022467
1173,0,2.313334007,1.864008740
1174,0,2.076655563,2.015890297
1175,0,2.509320593,1.718474636
1176,0,2.055841872,2.021117447
1177,0,2.537516781,1.888112270
1178,0,2.050245143,2.022390036
1179,0,0.999999999,1.000031177
1180,0,0.302292189,1.960000000
1181,0,1.060184319,1.008222783
1182,0,1.884579970,1.398848861
1183,0,2.313599983,1.511203484
1184,0,0.778123328,0.267435995
1185,0,1.174112647,1.030263272
1186,0,0.325201660,0.087403203
1187,0,1.065411010,1.009108650
1188,0,1.039240334,0.409441193
1189,0,1.000000000,1.000000000
1190,0,-0.000000000,0.000000000
1191,0,1.000000000,1.000000000
1192,0,1.021928095,0.400000000
1193,0,1.228118215,1.041111111
1194,0,0.334665510,0.090549664
1195,0,1.000000000,1.000000000
1196,0,1.021928095,0.400000000
1197,0,1.179520228,1.059315251
1198,0,1.072390896,0.598202994
1199,0,1.454071557,1.517946835
1200,0,1.968099046,2.045213470
1201,0,1.782520184,1.297706315
1202,0,1.364110087,0.941739548
1203,0,1.675411103,1.127571940
1204,0,0.112900708,0.089776302
1205,0,1.006246600,1.002016200
1206,0,0.006991509,0.003469012
1207,0,1.005336391,1.003062023
1208,0,-0.000000000,0.000000000
1209,0,1.000000000,1.000000000
1210,0,-0.000000000,0.000000000
1211,0,1.000000000,1.000000000
1212,0,1.870950594,1.400000000
1213,0,1.905928216,1.642857143
1214,0,1.584007906,2.000000000
1215,0,1.000000000,1.000000000
1216,0,1.021928095,0.400000000
1217,0,1.052690404,1.007034221
1218,0,0.307787926,1.959391793
1219,0,1.061422809,1.008429735
1220,0,1.884901649,1.214251604
1221,0,1.140943882,1.022749807
1222,0,0.320099503,0.085758240
1223,0,1.064217836,1.008902658
1224,0,1.549746369,2.004424968
1225,0,1.000023416,1.000006510
1226,0,0.302316817,0.080009226
1227,0,1.060190225,1.008223965
1228,0,0.308723954,0.082068392
1229,0,1.013096096,1.001419065
1230,0,1.024647518,0.401475925
1231,0,1.052881486,1.007065595
1232,0,0.308649485,0.081983171
1233,0,1.013215268,1.001482186
1234,0,0.000120086,0.000038542
1235,0,1.000092604,1.000025701
1236,0,0.000097758,0.000041121
1237,0,1.000000000,1.000000000
1238,0,1.021928095,0.400000000
1239,0,1.052690404,1.007034221
1240,0,1.035378563,0.407332871
1241,0,1.053635335,1.007189192
1242,0,0.308755564,0.082016722
1243,0,1.014030343,1.001663670
1244,0,0.001022815,0.000400776
1245,0,1.000235594,1.000053440
1246,0,0.302391891,0.080028596
1247,0,1.075249583,1.016683681
1248,0,0.890205338,0.560834889
1249,0,1.186172795,1.001131989
1250,0,1.149866245,0.678978907
1251,0,1.474214522,1.074531658
1252,0,1.603008641,0.869618100
1253,0,1.572435883,1.096582791
1254,0,1.534370605,1.974827490
1255,0,1.618537670,1.141989376
1256,0,-0.000000000,0.000000000
1257,0,1.000000000,1.000000000
1258,0,1.021928095,0.400000000
1259,0,1.052690404,1.007034221
1260,0,1.540702475,2.003495491
1261,0,1.777004393,1.210622371
1262,0,1.381017514,0.623775368
1263,0,1.337026059,1.068954645
1264,0,1.171616907,0.480198772
1265,0,1.030817816,1.013187974
1266,0,0.034484169,0.021416561
1267,0,1.013777291,1.006792348
1268,0,1.871780023,1.200246352
1269,0,2.280104473,1.437482936
1270,0,2.332247020,1.977526586
1271,0,2.136294000,1.200754539
1272,0,-0.000000000,0.000000000
1273,0,1.000000000,1.000000000
1274,0,1.870950594,1.200000000
1275,0,1.138751800,1.022289157
1276,0,1.929082026,1.244870357
1277,0,1.028634099,1.012200787
1278,0,0.308653764,0.083132077
1279,0,1.015338404,1.002195569
1280,0,1.027708420,2.000359723
1281,0,1.142863056,1.041877809
1282,0,1.986844858,1.253566504
1283,0,1.476868225,1.224055044
1284,0,1.269728110,0.853579255
1285,0,0.702147756,0.279939345
1286,0,1.692152646,1.341529833
1287,0,1.249245215,1.565373488
1288,0,1.693706885,3.135218917
1289,0,2.088935294,1.837912052
1290,0,1.389415550,2.640889837
1291,0,1.270971148,5.370778766
1292,0,1.580923276,5.331897120
1293,0,1.320092290,1.174564618
1294,0,1.815347657,1.670431655
1295,0,1.465403489,1.234662102
1296,0,1.901988709,1.155847857
1297,0,1.801282877,1.120694620
1298,0,1.810073089,1.123191599
1299,0,2.438622914,2.060854336
1300,0,2.823456012,3.948738451
1301,0,3.460250158,3.468587785
1302,0,3.202867775,4.565842404
1303,0,2.734118448,2.657465681
1304,0,2.719283081,4.687165611
1305,0,3.148491414,4.185442649
1306,0,2.368032816,2.261995302
1307,0,0.870387250,0.317653305
1308,0,0.644334062,0.209871903
1309,0,0.332423283,0.095711003
1310,0,1.068739680,0.989283175
1311,0,-0.000000000,0.000000000
1312,0,1.000000000,1.000000000
1313,0,-0.000000000,0.000000000
1314,0,1.000000000,1.000000000
1315,0,1.500000000,1.000000000
1316,0,1.582718941,1.323002421
1317,0,1.583861092,0.807684833
1318,0,1.458534333,1.427503693
1319,0,1.519951138,0.816190061
1320,0,1.405921962,1.109099495
1321,0,0.411056596,0.120986853
1322,0,1.213429985,1.022623658
1323,0,1.078347861,0.604019005
1324,0,1.431605256,1.194785251
1325,0,1.085125644,1.263028404
1326,0,1.776313219,1.188947166
1327,0,2.045546882,1.561868229
1328,0,1.813347950,1.457839254
1329,0,1.910071037,2.570514845
1330,0,1.567021118,0.968382570
1331,0,0.001794850,0.000996122
1332,0,1.504980701,1.111943971
1333,0,1.001383574,2.000605150
1334,0,1.001520254,2.000672381
1335,0,1.210505527,2.145274079
1336,0,0.994086346,2.210470886
1337,0,1.684712488,2.512068365
1338,0,1.312835770,2.487400765
1339,0,1.758121162,2.759040710
1340,0,1.953622805,2.073744337
1341,0,1.980019579,1.845105301
1342,0,1.511259613,1.669931522
1343,0,1.257797638,1.170203266
1344,0,1.307019885,0.616833231
1345,0,1.317263842,1.098679274
1346,0,0.578654172,0.227554040
1347,0,1.284612805,1.133817757
1348,0,1.152087156,0.463933171
1349,0,1.361011177,1.096483423
1350,0,1.261105991,0.531177920
1351,0,1.271951876,1.080218425
1352,0,1.747361589,1.092044280
1353,0,2.157786024,1.481172921
1354,0,1.880967985,1.064477769
1355,0,1.693307993,1.293648878
1356,0,0.468559703,0.359722740
1357,0,1.125845539,1.036410115
1358,0,1.149946713,0.468953802
1359,0,1.256468031,1.134074702
1360,0,1.208585920,0.507096151
1361,0,1.260619020,1.073630112
1362,0,0.527116607,0.214165539
1363,0,1.238620622,1.164370017
1364,0,0.323950665,0.234047576
1365,0,1.029378612,1.006280184
1366,0,0.041216176,0.017909162
1367,0,1.000000026,1.000000004
1368,0,0.302292219,0.080000004
1369,0,1.126391383,1.023354284
1370,0,0.240865681,0.056702298
1371,0,1.576818998,1.138536991
1372,0,1.729771306,2.025929056
1373,0,1.547972594,1.339096253
1374,0,1.332698414,0.879449676
1375,0,1.089750335,0.577851356
1376,0,1.608647250,1.066273994
1377,0,1.675459962,1.148793839
1378,0,1.339957117,1.336714961
1379,0,0.853714383,0.557459667
1380,0,1.007299579,0.400000014
1381,0,1.051366562,0.969931507
1382,0,0.308905558,0.082066826
1383,0,1.062565821,1.007870642
1384,0,0.308911472,0.082127595
1385,0,1.000000005,1.000034840
1386,0,0.000000001,0.000000000
1387,0,1.000000000,1.000000000
1388,0,0.841852190,0.540540541
1389,0,1.017904652,1.324324324
1390,0,1.676433028,1.530252708
1391,0,2.023794000,1.333506100
1392,0,1.595563099,1.568335880
1393,0,1.968948378,1.998502517
1394,0,1.978144643,2.472077554
1395,0,1.297706920,0.589872881
1396,0,1.990394139,1.215214054
1397,0,1.516709646,0.741460567
1398,0,0.997157266,0.937244305
1399,0,0.302235334,0.080000000
1400,0,1.012771623,1.000347161
1401,0,0.303577910,0.080387884
1402,0,1.000000000,0.999988970
1403,0,0.302292189,0.080000000
1404,0,1.038595241,1.008038581
1405,0,0.000000000,0.000000000
1406,0,1.000000000,1.000000000
1407,0,0.302292189,0.080000000
1408,0,1.012773762,1.001377513
1409,0,0.303367094,0.080344681
1410,0,1.060426407,1.008262715
1411,0,1.037712657,0.408612372
1412,0,1.000000000,1.000000000
1413,0,0.302292189,0.080000000
1414,0,1.060184319,1.008222222
1415,0,0.000000000,0.000000000
1416,0,1.000000000,1.000000000
1417,0,0.302292189,0.080000000
1418,0,1.012773762,1.001377513
1419,0,0.303566849,0.080385332
1420,0,1.048684589,1.009235446
1421,0,1.063851121,0.417502598
1422,0,1.082608383,1.016897579
1423,0,0.355473905,0.104547965
1424,0,1.179776256,1.044045611
1425,0,0.331541139,0.089535088
1426,0,1.264101508,1.043036241
1427,0,0.049039518,0.021712944
1428,0,1.000000000,1.000000000
1429,0,1.413276880,1.841176471
1430,0,1.480079359,1.154759661
1431,0,1.299032505,1.081262802
1432,0,1.045708819,0.566309938
1433,0,2.030789684,1.404586187
1434,0,1.615265375,0.951791464
1435,0,1.815832315,0.860878617
1436,0,2.001366185,1.361288694
1437,0,1.675225864,1.002167153
1438,0,1.260004344,0.570296119
1439,0,0.587977308,0.282864360
1440,0,1.747343787,1.569718616
1441,0,0.973847514,0.810169978
1442,0,0.301769139,0.080000000
1443,0,1.012754137,1.004494231
1444,0,-0.000000000,0.000000000
1445,0,1.000000000,1.000000000
1446,0,1.500000000,1.000000000
1447,0,1.000000000,1.000000000
1448,0,1.021928095,1.800000000
1449,0,1.000000000,1.000000000
1450,0,-0.000000000,0.000000000
1451,0,1.000000000,1.000000000
1452,0,-0.000000000,0.000000000
1453,0,1.000000000,1.000000000
1454,0,1.021928095,1.800000000
1455,0,1.000000000,1.000000000
1456,0,0.302292189,0.080000000
1457,0,1.012773762,1.001377513
1458,0,1.877748858,1.400073355
1459,0,1.000855855,1.000603772
1460,0,1.503740879,2.000721753
1461,0,1.767001695,1.944876602
1462,0,2.050080236,2.008319212
1463,0,1.000000000,0.999973808
1464,0,-0.000000000,0.000000000
1465,0,1.000000000,1.000000000
1466,0,0.962412735,0.772727273
1467,0,2.210021409,2.046987952
1468,0,1.836812538,1.726265833
1469,0,1.826044371,1.199104551
1470,0,1.935115164,1.359122162
1471,0,1.406187184,0.796527670
1472,0,2.024895748,1.682082917
1473,0,1.916433201,1.373373722
1474,0,0.903446339,1.361715331
1475,0,1.841984496,2.217029199
1476,0,1.131473202,1.118383410
1477,0,1.063218488,1.792711073
1478,0,0.999930282,0.990169014
1479,0,1.021921123,1.998033803
1480,0,1.228116727,1.040226322
1481,0,1.098973156,0.443011606
1482,0,1.058200505,1.007775830
1483,0,1.037026516,0.408225387
1484,0,1.053753132,1.007226320
1485,0,-0.000000000,0.000000000
1486,0,1.000000000,1.000000000
1487,0,-0.000000000,0.000000000
1488,0,1.000000000,1.000000000
1489,0,0.302292189,0.080000000
1490,0,1.000000000,1.000000000
1491,0,-0.000000000,0.000000000
1492,0,1.000000000,1.000000000
1493,0,-0.000000000,0.000000000
1494,0,1.000000000,1.000000000
1495,0,1.870950594,2.000000000
1496,0,1.532052555,1.123333333
1497,0,1.281822019,0.547591566
1498,0,1.246837900,1.073454765
1499,0,0.531758517,0.221960559
1500,0,1.249145860,1.171148826
1501,0,1.268477347,0.573205225
1502,0,1.169889801,1.093727261
1503,0,1.222510890,0.544352616
1504,0,0.999999999,1.000035440
1505,0,0.302292189,0.080000000
1506,0,1.000000000,1.000000571
1507,0,-0.000000000,0.000000000
1508,0,1.000000000,1.000000000
1509,0,1.021928095,0.400000000
1510,0,1.052690404,1.007034221
1511,0,0.307787926,0.081766365
1512,0,1.262228148,1.049016779
1513,0,-0.000000000,0.000000000
1514,0,1.000000000,1.000000000
1515,0,1.870950594,1.200000000
1516,0,1.138751800,1.022289157
1517,0,1.904985459,1.237092993
1518,0,1.549710964,1.129350639
1519,0,2.009404988,1.385667154
1520,0,1.622507584,1.155009234
1521,0,0.424602499,0.121552008
1522,0,1.088331467,1.013191059
1523,0,1.046553130,0.413425496
1524,0,1.054433612,1.007314607
1525,0,1.035896280,0.407612888
1526,0,1.000000000,0.999999298
1527,0,1.021928095,0.400000000
1528,0,1.228118215,1.041111174
1529,0,-0.000000000,0.000000000
1530,0,1.000000000,1.000000000
1531,0,1.021928095,0.400000000
1532,0,1.228118215,1.041111111
1533,0,0.338458490,0.091792241
1534,0,1.055893415,1.013641516
1535,0,1.534429614,2.005531987
1536,0,1.950718812,1.664260496
1537,0,1.848119315,1.738073421
1538,0,2.089638877,2.267143343
1539,0,2.268488795,1.593697066
1540,0,1.931530289,1.187307272
1541,0,0.600760084,0.585604076
1542,0,1.210021236,1.066328903
1543,0,1.703702190,1.283494399
1544,0,1.901174498,1.707266639
1545,0,1.384309453,1.941164693
1546,0,1.181950220,2.061711529
1547,0,1.552203212,2.306973626
1548,0,2.061974725,3.002424089
1549,0,1.664600990,1.792203228
1550,0,1.292234642,0.677431151
1551,0,2.300073844,2.419472122
1552,0,1.508889772,0.971237009
1553,0,2.141759717,1.213801967
1554,0,2.325212658,1.727578156
1555,0,2.691103298,1.526451547
1556,0,2.262502099,1.605472124
1557,0,2.033566363,1.472318216
1558,0,1.585012938,1.450149447
1559,0,1.340570131,1.068921932
1560,0,1.317554146,0.854507624
1561,0,1.149846463,0.701827170
1562,0,1.584351071,0.871778535
1563,0,1.611530324,0.967439464
1564,0,1.685245514,1.906083796
1565,0,1.150726801,0.639075352
1566,0,1.906170566,1.356640779
1567,0,1.402262762,0.618508681
1568,0,1.984886760,1.274194185
1569,0,1.824538378,2.043629249
1570,0,1.642606056,1.964741685
1571,0,1.949332544,2.740366114
1572,0,2.382437169,3.149343475
1573,0,1.365662183,1.515828374
1574,0,1.599444877,1.568274505
1575,0,1.397892691,0.722001054
1576,0,1.352064815,1.097069093
1577,0,1.226047889,0.516902802
1578,0,1.119808264,1.039831381
1579,0,0.076251290,0.027779933
1580,0,1.063827446,1.009492789
1581,0,0.088783048,0.023878898
1582,0,1.018726265,1.002268238
1583,0,0.025263922,0.005535162
1584,0,1.021648510,1.002416731
1585,0,1.025632421,0.401100339
1586,0,1.053943775,1.007194970
1587,0,1.883232539,2.000380324
1588,0,1.538239979,1.966652016
1589,0,1.852325835,1.996708988
1590,0,1.912514627,1.954312872
1591,0,2.108088637,2.028147077
1592,0,1.729670107,1.199053928
1593,0,0.046816559,0.020736832
1594,0,1.044241347,1.006336254
1595,0,1.033487885,2.000128532
1596,0,1.012112439,1.001456267
1597,0,0.016069986,0.003379407
1598,0,1.000543288,1.000107114
1599,0,1.500308734,1.000099181
1600,0,1.220616280,1.039418691
1601,0,0.333620437,0.090170627
1602,0,1.014433730,1.001599612
1603,0,0.303591611,0.080406158
1604,0,1.060469506,1.008270554
1605,0,0.309722850,0.082324274
1606,0,1.267480640,1.050236004
1607,0,0.349358830,0.095872254
1608,0,1.021747824,1.004336087
1609,0,1.029911654,0.402967200
1610,0,1.794894289,1.217200738
1611,0,1.453991986,2.035927963
1612,0,1.100950538,1.013802781
1613,0,0.328736137,2.008161822
1614,0,1.273912116,1.052745598
1615,0,1.141488563,0.462695630
1616,0,1.003802452,1.003296745
1617,0,1.026040652,0.402079628
1618,0,1.056073375,1.008758894
1619,0,1.038936833,0.409100383
1620,0,1.799660068,1.219686853
1621,0,1.396031879,0.634272013
1622,0,1.343901689,1.071848721
1623,0,0.000000000,0.000000000
1624,0,1.000000000,1.000000000
1625,0,1.021928095,2.000000000
1626,0,1.139609612,1.055451380
1627,0,0.163929445,0.096437182
1628,0,1.073048655,1.031037299
1629,0,1.072255329,0.422667467
1630,0,1.324532997,1.082852143
1631,0,0.000000000,0.000000000
1632,0,1.000000000,1.000000000
1633,0,0.000000000,0.000000000
1634,0,1.000000000,1.000000000
1635,0,1.021928095,0.400000000
1636,0,1.312452296,1.078169935
1637,0,1.239414216,1.831920439
1638,0,1.171000958,1.061757088
1639,0,1.123373334,2.025033998
1640,0,1.301859535,1.092206347
1641,0,0.000000000,0.000000000
1642,0,1.000000000,1.000000000
1643,0,0.000000000,0.000000000
1644,0,1.000000000,1.000000000
1645,0,0.302292189,0.080000000
1646,0,1.000000000,1.000000000
1647,0,0.302292189,0.080000000
1648,0,1.060184319,1.008222222
1649,0,0.308717777,0.082066230
1650,0,1.013093875,1.001418389
1651,0,1.873531956,2.000071995
1652,0,1.000000000,1.000000000
1653,0,0.302292189,0.080000000
1654,0,1.257422929,1.047844828
1655,0,0.340029904,0.092331027
1656,0,1.068725833,1.009670875
1657,0,1.886811085,2.000489836
1658,0,1.540496093,1.126116583
1659,0,1.247128429,0.532888868
1660,0,1.293922942,1.057304053
1661,0,1.127158750,0.458995025
1662,0,1.258298162,1.048391847
1663,0,0.000557355,0.000192706
1664,0,1.000530930,1.000140591
1665,0,1.022336665,1.800097198
1666,0,1.905941728,1.642859292
1667,0,2.901592647,2.556075613
1668,0,2.189249582,1.965107910
1669,0,2.704280304,2.710792253
1670,0,2.873421638,2.547025939
1671,0,2.662166252,2.713652775
1672,0,2.299864826,2.144006583
1673,0,1.776362884,1.938744589
1674,0,2.220889085,1.982375236
1675,0,1.410843731,1.371362935
1676,0,1.575329369,1.490181915
1677,0,0.132202553,0.043283935
1678,0,1.030389080,1.004529030
1679,0,0.040361496,0.010018800
1680,0,1.133905397,1.067792983
1681,0,0.368937239,0.100175208
1682,0,1.028786697,1.003602764
1683,0,0.021019638,0.004799929
1684,0,1.004507830,1.000483353
1685,0,1.023274516,0.400356205
1686,0,1.053175448,1.007154330
1687,0,1.882954185,1.211976616
1688,0,1.538105804,1.125329387
1689,0,0.403177563,0.113964560
1690,0,1.018003463,1.002065944
1691,0,1.025882903,0.402114789
1692,0,1.229220198,1.041370944
1693,0,0.334876771,0.090616295
1694,0,1.014413188,1.001588182
1695,0,1.024959880,0.401642923
1696,0,1.000003649,1.000000212
1697,0,0.000004623,0.000000475
1698,0,1.000000925,1.000000119
1699,0,1.021928339,1.800000021
1700,0,1.052690485,1.007034226
1701,0,1.882728347,2.000353883
1702,0,1.537989697,1.125309000
1703,0,1.245658947,0.532084242
1704,0,1.000234800,1.000052769
1705,0,1.022169654,0.400054218
1706,0,1.052780520,1.007045375
1707,0,0.000292593,0.000038987
1708,0,1.000008047,1.000001107
1709,0,0.302301241,0.080001591
1710,0,1.257424388,1.047845009
1711,0,0.340031343,0.092331253
1712,0,1.014668921,1.001621698
1713,0,0.303548727,0.080402597
1714,0,1.012836471,1.001385511
1715,0,0.000000109,0.000000010
1716,0,1.000000103,1.000000011
1717,0,0.302292229,0.080000004
1718,0,1.000000038,1.000000001
1719,0,0.302292204,0.080000001
1720,0,1.000000014,1.000000001
1721,0,0.000000018,0.000000001
1722,0,1.000000003,1.000000000
1723,0,1.021928096,0.400000000
1724,0,1.052690404,1.007034221
1725,0,0.307787926,0.081766365
1726,0,1.000000000,1.000000000
1727,0,0.302292189,0.080000000
1728,0,1.257422929,1.047844828
1729,0,0.340029904,0.092331027
1730,0,1.068725833,1.009670875
1731,0,1.886811085,2.000489836
1732,0,1.000000000,1.000000000
1733,0,0.302292189,0.080000000
1734,0,1.060184319,1.008222222
1735,0,0.308717777,0.082066230
1736,0,1.000000000,1.000000000
1737,0,0.000000000,0.000000000
1738,0,1.000000000,1.000000000
1739,0,1.021928095,0.400000000
1740,0,1.139609612,1.040985802
1741,0,0.462942290,0.173544066
1742,0,1.193304818,1.048681508
1743,0,1.647996318,1.423569657
1744,0,1.521443714,1.633663547
1745,0,1.924417763,1.303363625
1746,0,2.027687239,1.341117779
1747,0,1.221080745,0.582185032
1748,0,1.332582028,0.581347901
1749,0,0.705903942,0.234041362
1750,0,1.985014969,1.587501595
1751,0,0.843302837,1.552122345
1752,0,1.069251753,0.431400827
1753,0,1.046731394,0.985905946
1754,0,1.061549353,0.427204099
1755,0,1.071265685,1.018041544
1756,0,0.322643399,0.087281704
1757,0,1.244792879,1.040277772
1758,0,2.034169141,1.874283552
1759,0,1.778754106,1.048819787
1760,0,1.442053219,0.885134790
1761,0,1.645579248,1.159684219
1762,0,1.647179288,0.933069463
1763,0,0.995596442,0.921907655
1764,0,-0.000000000,0.000000000
1765,0,1.000000000,1.000000000
1766,0,0.302292189,0.080000000
1767,0,1.084886310,1.014810458
1768,0,1.618052237,1.051819147
1769,0,2.001105667,1.412707527
1770,0,0.631065272,0.216420047
1771,0,1.190950648,1.053173599
1772,0,1.072696344,0.601538341
1773,0,0.801575473,0.314895677
1774,0,1.231824340,1.007152308
1775,0,1.609064066,1.923403819
1776,0,1.599191428,0.963044754
1777,0,1.788737311,1.688527892
1778,0,2.359678932,3.182307202
1779,0,2.622505772,3.318876090
1780,0,1.102778965,2.756048164
1781,0,2.016840580,3.198065284
1782,0,1.631738770,3.055552538
1783,0,1.759284091,2.210269339
1784,0,2.584077708,3.171342451
1785,0,1.517096042,1.686730876
1786,0,0.490012498,0.828698777
1787,0,1.000000000,1.000000000
1788,0,0.302292189,0.080000000
1789,0,1.060184319,1.008222222
1790,0,0.308717777,0.082066230
1791,0,1.013093875,1.001418389
1792,0,1.873531956,1.202418427
1793,0,1.139114477,1.022365561
1794,0,1.905090880,2.001104721
1795,0,1.549768313,1.129370823
1796,0,-0.000000000,0.000000000
1797,0,1.000000000,1.000000000
1798,0,-0.000000000,0.000000000
1799,0,1.000000000,1.000000000
1800,0,1.021928095,0.400000000
1801,0,1.052690404,1.007034221
1802,0,-0.000000000,0.000000000
1803,0,1.000000000,1.000000000
1804,0,0.302292189,0.080000000
1805,0,1.060184319,1.008222222
1806,0,0.308717777,0.082066230
1807,0,1.061632540,1.008464963
1808,0,1.038080351,0.408812080
1809,0,1.232620608,1.042173166
1810,0,1.100814516,0.444057371
1811,0,1.000000000,1.000000000
1812,0,-0.000000000,0.000000000
1813,0,1.000000000,1.000000000
1814,0,1.021928095,0.400000000
1815,0,1.784319623,1.213461538
1816,0,1.385153104,0.627492130
1817,0,1.081126596,1.011921259
1818,0,-0.000000000,0.000000000
1819,0,1.000000000,1.000000000
1820,0,-0.000000000,0.000000000
1821,0,1.000000000,1.000000000
1822,0,1.021928095,1.800000000
1823,0,1.052690404,1.007034221
1824,0,-0.000000000,0.000000000
1825,0,1.000000000,1.000000000
1826,0,0.302292189,0.080000000
1827,0,1.038594890,1.010875847
1828,0,0.344756991,0.098347081
1829,0,1.101065544,1.021048131
1830,0,-0.000000000,0.000000000
1831,0,1.000000000,1.000000000
1832,0,-0.000000000,0.000000000
1833,0,1.000000000,1.000000000
1834,0,-0.000000000,0.000000000
1835,0,1.000000000,1.000000000
1836,0,1.432977717,1.807633588
1837,0,-0.000000000,0.000000000
1838,0,0.921928095,0.400000000
1839,0,0.525942861,0.186500000
1840,0,0.366884277,0.115856713
1841,0,-0.000000000,0.000000000
1842,0,1.000000000,1.000000000
1843,0,1.554393044,0.755555556
1844,0,1.067896729,0.487248322
1845,0,1.064759378,0.581260569
1846,0,1.525414796,0.899073694
1847,0,1.850036652,1.420418506
1848,0,2.166706943,2.288415593
1849,0,0.567914819,0.267708723
1850,0,0.634325519,0.219470503
1851,0,0.263183229,0.089283203
1852,0,1.043274335,0.429410937
1853,0,1.329971520,0.857066409
1854,0,1.517481148,0.738780087
1855,0,0.935170406,0.367447495
1856,0,0.350551566,0.131861723
1857,0,0.495575687,0.147119845
1858,0,1.021611789,1.774137033
1859,0,0.993656695,0.906294120
1860,0,1.869047603,1.400000000
1861,0,0.999556136,1.024804498
1862,0,0.302283312,0.080000000
1863,0,1.060182897,1.008668703
1864,0,-0.000000000,0.000000000
1865,0,1.000000000,1.000000000
1866,0,-0.000000000,0.000000000
1867,0,1.000000000,1.000000000
1868,0,0.302292189,0.080000000
1869,0,1.012773762,1.001377513
1870,0,-0.000000000,0.000000000
1871,0,1.000000000,1.000000000
1872,0,0.302292189,0.080000000
1873,0,1.060184319,1.008222222
1874,0,1.546468512,2.004071504
1875,0,1.225563542,1.040660599
1876,0,1.097615008,0.442202947
1877,0,1.000000000,0.999973910
1878,0,1.021928095,0.400000000
1879,0,1.052690404,1.007032033
1880,0,0.307787926,1.959391793
1881,0,1.000000000,0.999999956
1882,0,1.870950594,1.999999974
1883,0,1.905928216,1.642857115
1884,0,2.885122630,1.931693669
1885,0,2.395757418,2.520758297
1886,0,2.361143758,1.504072464
1887,0,2.569890955,1.927110656
1888,0,2.148392358,1.954432313
1889,0,1.698221082,1.334630017
1890,0,1.426673094,1.565612077
1891,0,1.843816854,1.206196416
1892,0,1.112306863,0.858127900
1893,0,1.377382407,1.178834464
1894,0,0.395251767,0.123092067
1895,0,1.083672253,1.016831061
1896,0,0.319210561,0.085937739
1897,0,1.072543569,1.013671834
1898,0,1.052705018,0.414477420
1899,0,1.244035326,1.047480101
1900,0,2.160654345,1.247021304
1901,0,2.625343541,1.925420331
1902,0,-0.000000000,0.000000000
1903,0,1.000000000,1.000000000
1904,0,1.500000000,2.000000000
1905,0,1.764492375,3.000000000
1906,0,2.049186634,2.008300589
1907,0,1.663089607,1.170292247
1908,0,1.309269435,0.573449469
1909,0,0.999999942,1.000284197
1910,0,0.302292188,0.080000000
1911,0,1.012773762,1.001372847
1912,0,0.303566799,0.080385321
1913,0,1.060603772,1.008299112
1914,0,1.547179802,2.004092756
1915,0,1.000000000,0.999983015
1916,0,0.302292189,0.080000000
1917,0,1.012773762,1.001377792
1918,0,-0.000000000,0.000000000
1919,0,1.000000000,1.000000000
1920,0,1.500000000,2.000000000
1921,0,1.764492375,1.205555556
1922,0,0.487677989,0.145890317
1923,0,1.042285292,1.012064674
1924,0,0.310369858,0.082891975
1925,0,1.066355854,1.010479837
1926,0,0.308793578,0.082090153
1927,0,1.000000000,1.000001518
1928,0,0.302292189,0.080000000
1929,0,1.060184319,1.008222250
1930,0,-0.000000000,0.000000000
1931,0,1.000000000,1.000000000
1932,0,1.021928095,0.400000000
1933,0,1.228118215,1.041111111
1934,0,0.334665510,0.090549664
1935,0,1.000000000,1.000000000
1936,0,1.500000000,1.000000000
1937,0,1.220308818,1.039361702
1938,0,0.333274852,0.090089391
1939,0,1.000000000,1.000000000
1940,0,0.302292189,0.080000000
1941,0,1.060184319,1.008222222
1942,0,0.308717777,0.082066230
1943,0,1.263040278,1.049215565
1944,0,-0.000000000,0.000000000
1945,0,1.000000000,1.000000000
1946,0,1.021928095,2.000000000
1947,0,1.052690404,1.007034221
1948,0,0.317750852,0.085114389
1949,0,1.053346194,1.013099267
1950,0,0.890221083,0.559278489
1951,0,0.977818993,0.533405632
1952,0,0.801005269,0.260490584
1953,0,1.740241135,1.287433953
1954,0,1.427238069,1.508028012
1955,0,1.367779336,0.874682832
1956,0,0.970462565,0.520631282
1957,0,1.053219112,1.872879892
1958,0,0.998000512,0.947363534
1959,0,1.870350748,1.968418120
1960,0,-0.000000000,0.000000000
1961,0,0.282292189,0.080000000
1962,0,-0.000000000,0.000000000
1963,0,1.000000000,1.000000000
1964,0,1.870950594,2.000000000
1965,0,1.309912665,1.174978867
1966,0,0.410044780,0.124568340
1967,0,1.133574192,1.051338127
1968,0,0.097811453,0.052442940
1969,0,1.063955373,1.044023054
1970,0,1.500000000,1.000000000
1971,0,1.885221128,1.600000000
1972,0,0.746357830,0.273948559
1973,0,1.059399618,1.011705060
1974,0,1.061352788,0.416431911
1975,0,1.195539252,1.065653135
1976,0,1.453950056,1.840698925
1977,0,1.491662829,1.155494497
1978,0,1.636103327,0.885448307
1979,0,1.584398938,1.530486502
1980,0,2.352599006,1.867188135
1981,0,1.458768552,1.337568737
1982,0,1.658650613,1.151525239
1983,0,1.714513034,3.509155736
1984,0,1.553498857,2.819814958
1985,0,1.839678064,1.616977536
1986,0,2.034252998,2.100073978
1987,0,1.713565689,0.901859728
1988,0,1.890483312,0.951293882
1989,0,1.822729538,1.054437284
1990,0,0.242487206,0.080085083
1991,0,0.287141933,0.080000000
1992,0,1.012261654,1.016481105
1993,0,1.514258433,1.003580489
1994,0,1.774035451,1.200293596
1995,0,1.374060768,0.619481931
1996,0,0.999998059,0.998359600
1997,0,0.302292150,0.080000000
1998,0,0.999999999,1.000026411
1999,0,0.302292189,0.080000000
2000,0,1.000000000,0.999999575
2001,0,0.302292189,0.080000000
2002,0,1.012773762,1.001377520
2003,0,0.303367094,0.080344681
2004,0,1.012827240,1.001384331
2005,0,1.873472692,2.000070157
2006,0,1.533244960,1.123725702
2007,0,2.005328541,1.383239945
2008,0,1.000000000,1.000005202
2009,0,1.021928095,0.400000000
2010,0,1.228118215,1.041110643
2011,0,1.115355960,0.448837715
2012,0,1.342960531,1.085045831
2013,0,-0.000000000,0.000000000
2014,0,1.000000000,1.000000000
2015,0,-0.000000000,0.000000000
2016,0,1.000000000,1.000000000
2017,0,-0.000000000,0.000000000
2018,0,1.000000000,1.000000000
2019,0,0.302292189,0.080000000
2020,0,1.060184319,1.008222222
2021,0,1.884579970,2.000413041
2022,0,1.538715035,1.125591448
2023,0,2.006694264,1.385395319
2024,0,1.000000000,1.000000000
2025,0,0.302292189,0.080000000
2026,0,1.060184319,1.008222222
2027,0,1.884579970,2.000413041
2028,0,1.944675413,1.652092858
2029,0,1.780927176,1.332732267
2030,0,1.265760995,1.052034571
2031,0,1.114106961,0.451178167
2032,0,1.000000000,0.999997222
2033,0,1.021928095,0.400000000
2034,0,1.000000000,1.000000229
2035,0,1.870950594,1.200000000
2036,0,1.000000000,1.000000061
2037,0,1.500000000,1.000000000
2038,0,1.000000000,1.000000029
2039,0,0.302292189,0.080000000
2040,0,1.060184319,1.008222222
2041,0,1.546468512,2.004071503
2042,0,1.779006660,1.211457726
2043,0,0.475828716,0.140410478
2044,0,1.100193426,1.015358683
2045,0,1.895241739,1.398799158
2046,0,1.545839713,1.127798388
2047,0,1.933678555,2.089934201
2048,0,1.850755923,1.192629545
2049,0,1.392353692,0.931055424
2050,0,2.130374373,1.486332971
2051,0,2.162336398,1.263449332
2052,0,1.402791347,1.492874976
2053,0,1.512499342,2.319702455
2054,0,1.330787108,2.923863906
2055,0,2.326643339,2.117259960
2056,0,-0.000000000,0.000000000
2057,0,1.000000000,1.000000000
2058,0,1.500000000,2.000000000
2059,0,1.764492375,1.205555556
2060,0,0.471983100,0.138986509
2061,0,1.000000000,1.000000000
2062,0,1.021928095,1.800000000
2063,0,1.228118215,1.041111111
2064,0,1.098973413,0.443011606
2065,0,1.249825024,1.046290602
2066,0,-0.000000000,0.000000000
2067,0,1.000000000,1.000000000
2068,0,-0.000000000,0.000000000
2069,0,1.000000000,1.000000000
2070,0,1.870950594,2.000000000
2071,0,1.000000000,1.000000000
2072,0,1.500000000,2.000000000
2073,0,1.220308818,1.039361702
2074,0,1.095770152,0.441173678
2075,0,1.057966617,1.007906550
2076,0,0.308432569,1.959328480
2077,0,1.262800581,1.986862547
2078,0,1.938406889,1.393619712
2079,0,1.150658027,1.024820485
2080,0,-0.000000000,0.000000000
2081,0,1.000000000,1.000000000
2082,0,0.302292189,0.080000000
2083,0,1.012773762,1.001377513
2084,0,0.303367094,0.080344681
2085,0,1.060426407,1.008262715
2086,0,-0.000000000,0.000000000
2087,0,1.000000000,1.000000000
2088,0,1.021928095,0.400000000
2089,0,1.052690404,1.007034221
2090,0,0.317750852,0.085114389
2091,0,1.007301712,1.003186100
2092,0,-0.000000000,0.000000000
2093,0,1.000000000,1.000000000
2094,0,1.021928095,0.400000000
2095,0,1.052690404,1.007034221
2096,0,1.035378563,0.407332871
2097,0,1.053635335,1.007189192
2098,0,-0.000000000,0.000000000
2099,0,1.000000000,1.000000000
2100,0,1.500000000,2.000000000
2101,0,1.764492375,1.205555556
2102,0,1.373220565,0.618879354
2103,0,1.000000000,1.000000000
2104,0,1.021928095,0.400000000
2105,0,1.000000000,1.000000000
2106,0,0.302292189,0.080000000
2107,0,1.012773762,1.001377513
2108,0,1.875875874,2.000643312
2109,0,1.910547265,1.644251224
2110,0,2.141670796,1.429132129
2111,0,1.561502891,1.394786356
2112,0,-0.000000000,0.000000000
2113,0,1.000000000,1.000000000
2114,0,1.021928095,0.400000000
2115,0,1.052690404,1.007034221
2116,0,0.307787926,0.081766365
2117,0,1.061422809,1.008429735
2118,0,1.051452973,0.412583416
2119,0,1.711848042,1.627174093
2120,0,1.085636469,0.929474456
2121,0,1.569995591,1.890901433
2122,0,0.308908304,0.082057549
2123,0,1.061829331,1.007660164
2124,0,1.038138745,1.797256088
2125,0,1.053831045,1.007058827
2126,0,1.035717064,0.407516080
2127,0,1.053659527,1.007210049
2128,0,1.039540829,0.408513236
2129,0,1.057818389,1.008677636
2130,0,1.901909782,2.000938277
2131,0,1.615135720,1.084237455
2132,0,1.430597069,1.831409826
2133,0,0.000796604,0.000202794
2134,0,1.990728363,1.466874782
2135,0,1.849791080,1.519388643
2136,0,2.501511477,1.780640027
2137,0,0.981346958,1.160458619
2138,0,1.020062791,0.400000000
2139,0,1.052517471,0.993581321
2140,0,-0.000000000,0.000000000
2141,0,1.000000000,1.000000000
2142,0,1.870950594,2.000000000
2143,0,1.000000000,1.000000000
2144,0,0.302292189,0.080000000
2145,0,1.038594890,1.008038670
2146,0,0.310594254,1.999239387
2147,0,1.066197351,1.009257563
2148,0,1.767730498,1.078171933
2149,0,0.999999800,1.000527001
2150,0,-0.000000000,0.000000000
2151,0,1.000000000,1.000000000
2152,0,0.302292189,0.080000000
2153,0,1.000000000,1.000000000
2154,0,0.302292189,0.080000000
2155,0,1.012773762,1.001377513
2156,0,0.303367094,0.080344681
2157,0,1.000000000,1.000000000
2158,0,0.302292189,0.080000000
2159,0,1.012773762,1.001377513
2160,0,0.303367094,0.080344681
2161,0,1.060426407,1.008262715
2162,0,1.037712657,1.797304260
2163,0,1.232516589,1.042148369
2164,0,1.930278862,1.268396202
2165,0,1.149049108,1.024480145
2166,0,0.321327566,2.000001272
2167,0,1.000000000,1.000000512
2168,0,1.870950594,1.200000000
2169,0,1.000000000,0.999999864
2170,0,-0.000000000,0.000000000
2171,0,1.000000000,1.000000000
2172,0,-0.000000000,0.000000000
2173,0,1.000000000,1.000000000
2174,0,0.302292189,0.080000000
2175,0,1.012773762,1.001377513
2176,0,-0.000000000,0.000000000
2177,0,1.000000000,1.000000000
2178,0,0.302292189,0.080000000
2179,0,1.012773762,1.001377513
2180,0,-0.000000000,0.000000000
2181,0,1.000000000,1.000000000
2182,0,1.021928095,0.400000000
2183,0,1.052690404,1.007034221
2184,0,1.035378563,2.000000000
2185,0,1.793831720,1.941804159
2186,0,1.390777646,2.000000000
2187,0,1.081633675,1.012013295
2188,0,1.044358340,0.412209551
2189,0,1.234411464,1.042602517
2190,0,0.335778224,0.090916152
2191,0,1.067763644,1.009506089
2192,0,-0.000000000,0.000000000
2193,0,1.000000000,1.000000000
2194,0,1.021928095,2.000000000
2195,0,1.000000000,1.000000000
2196,0,1.021928095,0.400000000
2197,0,1.052690404,1.007034221
2198,0,1.035378563,0.407332871
2199,0,1.053635335,1.007189192
2200,0,0.307902432,0.081803056
2201,0,1.061449039,1.008434177
2202,0,-0.000000000,0.000000000
2203,0,1.000000000,1.000000000
2204,0,0.302292189,2.000000000
2205,0,1.012773762,1.001377513
2206,0,1.509801233,1.002393429
2207,0,1.221130363,1.039564070
2208,0,-0.000000000,0.000000000
2209,0,1.000000000,1.000000000
2210,0,1.870950594,1.400000000
2211,0,1.532052555,1.123333333
2212,0,-0.000000000,0.000000000
2213,0,1.000000000,1.000000000
2214,0,0.302292189,0.080000000
2215,0,1.012773762,1.001377513
2216,0,1.024571058,0.401435139
2217,0,1.228852925,1.041283932
2218,0,1.099273232,0.443181816
2219,0,1.058222756,1.007949362
2220,0,0.308464179,0.081983122
2221,0,1.061577733,1.008455977
2222,0,-0.000000000,0.000000000
2223,0,1.000000000,1.000000000
2224,0,0.302292189,0.080000000
2225,0,1.000000000,1.000000000
2226,0,-0.000000000,0.000000000
2227,0,1.000000000,1.000000000
2228,0,0.302292189,0.080000000
2229,0,1.000000000,1.000000000
2230,0,1.021928095,0.400000000
2231,0,1.052690404,1.007034221
2232,0,0.308622511,0.081974652
2233,0,1.086686423,1.015238362
2234,0,-0.000000000,0.000000000
2235,0,1.000000000,1.000000000
2236,0,0.841852190,1.459459459
2237,0,1.017904652,0.702702703
2238,0,1.653387354,1.044429757
2239,0,1.247154470,0.595163638
2240,0,0.789023567,0.295064036
2241,0,0.262099940,0.088793440
2242,0,1.042776507,1.803656200
2243,0,1.329980542,1.338653303
2244,0,0.997505623,0.487064029
2245,0,0.530089919,0.240507567
2246,0,1.166184815,0.479226022
2247,0,0.233921997,0.076376151
2248,0,1.673269361,1.206847097
2249,0,0.091921975,0.023418316
2250,0,0.969753408,0.408326512
2251,0,1.275786313,0.681298867
2252,0,0.636730934,0.234182756
2253,0,1.129241845,0.556908075
2254,0,0.557290878,0.196730679
2255,0,0.004445832,0.000686576
2256,0,-0.000000000,0.000000000
2257,0,1.000000000,1.000000000
2258,0,1.870950594,1.400000000
2259,0,2.305215896,1.504545455
2260,0,-0.000000000,0.000000000
2261,0,1.000000000,1.000000000
2262,0,1.870950594,2.000000000
2263,0,2.305215896,3.000000000
2264,0,2.129487735,2.101318945
2265,0,2.309406111,1.873080160
2266,0,1.838788688,2.039947681
2267,0,2.585149140,3.002162729
2268,0,2.245470588,2.143096886
2269,0,2.644414456,1.938731321
2270,0,2.003790195,2.028795492
2271,0,1.000000000,1.000000000
2272,0,1.500000000,2.000000000
2273,0,1.220308818,1.039361702
2274,0,1.095770152,0.441173678
2275,0,1.248910246,1.046069277
2276,0,1.107552005,0.447897333
2277,0,1.252317341,1.046900494
2278,0,0.339005279,0.091981880
2279,0,1.014620091,1.001615601
2280,0,1.873873771,1.399803802
2281,0,1.000000000,1.000000000
2282,0,1.021928095,1.800000000
2283,0,1.000000000,1.000000000
2284,0,-0.000000000,0.000000000
2285,0,1.000000000,1.000000000
2286,0,0.302292189,0.080000000
2287,0,1.060184319,1.008222222
2288,0,1.884579970,1.213921204
2289,0,1.140836257,1.022728858
2290,0,-0.000000000,0.000000000
2291,0,1.000000000,1.000000000
2292,0,1.021928095,0.400000000
2293,0,1.000000000,1.000000000
2294,0,-0.000000000,0.000000000
2295,0,1.000000000,1.000000000
2296,0,-0.000000000,0.000000000
2297,0,1.000000000,1.000000000
2298,0,0.302292189,0.080000000
2299,0,1.060184319,1.008222222
2300,0,0.308717777,0.082066230
2301,0,1.013093875,1.001418389
2302,0,0.303397451,0.080354370
2303,0,1.000000000,1.000000000
2304,0,0.302292189,0.080000000
2305,0,1.060184319,1.008222222
2306,0,0.308717777,0.082066230
2307,0,1.000000000,1.000000000
2308,0,1.021928095,0.400000000
2309,0,1.000000000,1.000000000
2310,0,1.021928095,0.400000000
2311,0,1.000000000,1.000000000
2312,0,1.021928095,0.400000000
2313,0,1.228118215,1.041111111
2314,0,1.929031819,1.266885862
2315,0,1.563681373,1.134185017
2316,0,0.409682751,0.116265471
2317,0,1.000000000,1.000000000
2318,0,1.021928095,2.000000000
2319,0,1.052690404,1.007034221
2320,0,0.307787926,0.081766365
2321,0,1.013047487,1.001412456
2322,0,-0.000000000,0.000000000
2323,0,1.000000000,1.000000000
2324,0,1.021928095,0.400000000
2325,0,1.052690404,1.007034221
2326,0,0.307787926,0.081766365
2327,0,1.013047487,1.001412456
2328,0,1.024635137,0.401469601
2329,0,1.228870965,1.041288210
2330,0,1.099280584,0.443185980
2331,0,1.058223302,1.007949455
2332,0,1.884160821,1.399022622
2333,0,1.000000000,1.000000000
2334,0,-0.000000000,0.000000000
2335,0,1.000000000,1.000000000
2336,0,1.021928095,0.400000000
2337,0,1.052690404,1.007034221
2338,0,0.307787926,0.081766365
2339,0,1.000000000,1.000000000
2340,0,0.302292189,0.080000000
2341,0,1.012773762,1.001377513
2342,0,1.024571058,0.401435139
2343,0,1.000000000,1.000000000
2344,0,1.500000000,2.000000000
2345,0,1.000000000,1.000000000
2346,0,0.302292189,0.080000000
2347,0,1.060184319,1.008222222
2348,0,0.308717777,0.082066230
2349,0,1.061632540,1.008464963
2350,0,1.884956188,1.214307678
2351,0,1.140896350,1.022741731
2352,0,1.064936785,0.423696871
2353,0,1.000000000,1.000000000
2354,0,-0.000000000,0.000000000
2355,0,1.000000000,1.000000000
2356,0,-0.000000000,0.000000000
2357,0,1.000000000,1.000000000
2358,0,-0.000000000,0.000000000
2359,0,1.000000000,1.000000000
2360,0,0.302292189,0.080000000
2361,0,1.060184319,1.008222222
2362,0,1.037639028,0.408572389
2363,0,1.000000000,1.000000000
2364,0,1.021928095,0.400000000
2365,0,1.000000000,1.000000000
2366,0,-0.000000000,0.000000000
2367,0,1.000000000,1.000000000
2368,0,-0.000000000,0.000000000
2369,0,1.000000000,1.000000000
2370,0,0.302292189,0.080000000
2371,0,1.060184319,1.008222222
2372,0,1.037639028,0.408572389
2373,0,1.232495761,1.042143405
2374,0,1.100763432,0.444028398
2375,0,1.250344386,1.046417529
2376,0,1.935324628,1.274574140
2377,0,1.567440970,1.135516559
2378,0,0.410659953,0.116608776
2379,0,1.018321864,1.002107075
2380,0,-0.000000000,0.000000000
2381,0,1.000000000,1.000000000
2382,0,1.870950594,2.000000000
2383,0,1.000000000,1.000000000
2384,0,1.021928095,0.400000000
2385,0,1.000000000,1.000000000
2386,0,-0.000000000,0.000000000
2387,0,1.000000000,1.000000000
2388,0,0.302292189,0.080000000
2389,0,1.012773762,1.001377513
2390,0,-0.000000000,0.000000000
2391,0,1.000000000,1.000000000
2392,0,1.500000000,2.000000000
2393,0,1.220308818,1.039361702
2394,0,1.926928570,2.001904011
2395,0,1.562416931,1.133744770
2396,0,0.409352033,0.116149125
2397,0,1.018251033,1.002097349
2398,0,0.303900978,0.080515101
2399,0,1.000000000,1.000000000
2400,0,-0.000000000,0.000000000
2401,0,1.000000000,1.000000000
2402,0,1.500000000,1.000000000
2403,0,1.000000000,1.000000000
2404,0,0.302292189,0.080000000
2405,0,1.012773762,1.001377513
2406,0,1.024571058,0.401435139
2407,0,1.228852925,1.041283932
2408,0,0.334795061,0.090592334
2409,0,1.014403650,1.001587211
2410,0,1.511126695,1.002792511
2411,0,1.000000000,1.000000000
2412,0,0.302292189,1.960000000
2413,0,1.000000000,1.000000000
2414,0,1.021928095,0.400000000
2415,0,1.052690404,1.007034221
2416,0,-0.000000000,0.000000000
2417,0,1.000000000,1.000000000
2418,0,-0.000000000,0.000000000
2419,0,1.000000000,1.000000000
2420,0,0.302292189,0.080000000
2421,0,1.060184319,1.008222222
2422,0,0.308717777,2.000000000
2423,0,1.013093875,3.000000000
2424,0,1.510061501,2.000718140
2425,0,1.221132909,1.039566501
2426,0,0.333414729,0.090134960
2427,0,1.014334100,1.001578200
2428,0,-0.000000000,0.000000000
2429,0,1.000000000,1.000000000
2430,0,1.021928095,0.400000000
2431,0,1.000000000,1.000000000
2432,0,1.870950594,1.200000000
2433,0,1.138751800,1.022289157
2434,0,-0.000000000,0.000000000
2435,0,1.000000000,1.000000000
2436,0,1.500000000,2.000000000
2437,0,1.220308818,1.039361702
2438,0,1.926928570,1.264173051
2439,0,1.148341524,1.024326725
2440,0,0.321219063,0.086120889
2441,0,1.013721611,1.001499138
2442,0,1.024793792,0.401554894
2443,0,1.786352407,1.214311825
2444,0,-0.000000000,0.000000000
2445,0,1.000000000,1.000000000
2446,0,1.021928095,0.400000000
2447,0,1.000000000,1.000000000
2448,0,0.302292189,0.080000000
2449,0,1.012773762,1.001377513
2450,0,0.303367094,0.080344681
2451,0,1.012827240,1.001384331
2452,0,0.303372157,0.080346297
2453,0,1.012827496,1.001384364
2454,0,-0.000000000,0.000000000
2455,0,1.000000000,1.000000000
2456,0,-0.000000000,0.000000000
2457,0,1.000000000,1.000000000
2458,0,1.870950594,1.200000000
2459,0,1.138751800,1.022289157
2460,0,0.319766260,0.085651291
2461,0,1.272670312,1.051588390
2462,0,0.342868853,0.093272997
2463,0,1.000000000,1.000000000
2464,0,0.302292189,0.080000000
2465,0,1.060184319,1.008222222
2466,0,1.037639028,0.408572389
2467,0,1.232495761,1.042143405
2468,0,1.100763432,0.444028398
2469,0,1.000000000,1.000000000
2470,0,1.870950594,1.200000000
2471,0,1.138751800,1.022289157
2472,0,-0.000000000,0.000000000
2473,0,1.000000000,1.000000000
2474,0,1.021928095,1.800000000
2475,0,1.000000000,1.000000000
2476,0,1.021928095,0.400000000
2477,0,1.228118215,1.041111111
2478,0,1.098973413,0.443011606
2479,0,1.249825024,1.046290602
2480,0,0.338552698,0.091832391
2481,0,1.068404126,1.009616908
2482,0,1.040170298,1.796940270
2483,0,1.053975782,1.007245417
2484,0,1.883060216,1.212261525
2485,0,1.140590184,1.022677031
2486,0,-0.000000000,0.000000000
2487,0,1.000000000,1.000000000
2488,0,1.870950594,1.400000000
2489,0,1.532052555,1.123333333
2490,0,2.005036854,2.005423620
2491,0,1.000000000,1.000000000
2492,0,0.302292189,0.080000000
2493,0,1.000000000,1.000000000
2494,0,-0.000000000,0.000000000
2495,0,1.000000000,1.000000000
2496,0,0.302292189,0.080000000
2497,0,1.060184319,1.008222222
2498,0,0.308717777,0.082066230
2499,0,1.013093875,1.001418389
2500,0,0.303397451,0.080354370
2501,0,1.012828771,1.001384528
2502,0,0.303372302,0.080346343
2503,0,1.060427596,1.008262916
2504,0,1.037713018,0.408612568
2505,0,1.053800113,1.007216280
2506,0,0.307922441,0.081809468
2507,0,1.061453623,1.008434953
2508,0,1.884909733,2.000424338
2509,0,1.916300196,3.000450928
2510,0,1.777725050,2.025528659
2511,0,1.000000000,1.000000000
2512,0,1.021928095,0.400000000
2513,0,1.784319623,1.213461538
2514,0,-0.000000000,0.000000000
2515,0,1.000000000,1.000000000
2516,0,-0.000000000,0.000000000
2517,0,1.000000000,1.000000000
2518,0,0.302292189,0.080000000
2519,0,1.000000000,1.000000000
2520,0,-0.000000000,0.000000000
2521,0,1.000000000,1.000000000
2522,0,-0.000000000,0.000000000
2523,0,1.000000000,1.000000000
2524,0,0.302292189,0.080000000
2525,0,1.012773762,1.001377513
2526,0,-0.000000000,0.000000000
2527,0,1.000000000,1.000000000
2528,0,1.021928095,0.400000000
2529,0,1.228118215,1.041111111
2530,0,0.334665510,0.090549664
2531,0,1.067506413,1.009461600
2532,0,0.309640942,0.082362690
2533,0,1.000000000,1.000000000
2534,0,0.302292189,0.080000000
2535,0,1.000000000,1.000000000
2536,0,0.302292189,0.080000000
2537,0,1.012773762,1.001377513
2538,0,0.303367094,0.080344681
2539,0,1.060426407,1.008262715
2540,0,0.308747931,0.082075909
2541,0,1.061639435,1.008466131
2542,0,1.694466443,1.045347555
2543,0,1.830387914,1.944734582
2544,0,2.682056211,1.577965506
2545,0,2.619860730,1.924384620
2546,0,1.672846094,2.000000000
2547,0,2.230688159,3.000000000
2548,0,2.095628049,2.016433781
2549,0,1.000000000,1.000000000
2550,0,0.302292189,0.080000000
2551,0,1.000000000,1.000000000
2552,0,1.500000000,2.000000000
2553,0,1.905928216,3.000000000
2554,0,1.584007906,2.000000000
2555,0,1.000000000,1.000000000
2556,0,0.302292189,0.080000000
2557,0,1.000000000,1.000000000
2558,0,0.302292189,0.080000000
2559,0,1.012773762,1.001377513
2560,0,-0.000000000,0.000000000
2561,0,1.000000000,1.000000000
2562,0,0.302292189,0.080000000
2563,0,1.000000000,1.000000000
2564,0,1.021928095,0.400000000
2565,0,1.052690404,1.007034221
2566,0,0.307787926,0.081766365
2567,0,1.013047487,1.001412456
2568,0,-0.000000000,0.000000000
2569,0,1.000000000,1.000000000
2570,0,1.870950594,2.000000000
2571,0,2.305215896,1.504545455
2572,0,1.750420183,0.955185659
2573,0,1.120102331,1.019260932
2574,0,-0.000000000,0.000000000
2575,0,1.000000000,1.000000000
2576,0,0.302292189,0.080000000
2577,0,1.000000000,1.000000000
2578,0,1.021928095,0.400000000
2579,0,1.228118215,1.041111111
2580,0,1.098973413,2.000000000
2581,0,1.058200532,1.007945613
2582,0,-0.000000000,0.000000000
2583,0,1.000000000,1.000000000
2584,0,1.500000000,2.000000000
2585,0,1.000000000,1.000000000
2586,0,1.870950594,1.200000000
2587,0,1.000000000,1.000000000
2588,0,1.021928095,2.000000000
2589,0,1.052690404,1.007034221
2590,0,0.307787926,0.081766365
2591,0,1.000000000,1.000000000
2592,0,-0.000000000,0.000000000
2593,0,1.000000000,1.000000000
2594,0,1.870950594,2.000000000
2595,0,1.138751800,1.022289157
2596,0,1.904985459,1.396932795
2597,0,1.000000000,1.000000000
2598,0,0.302292189,0.080000000
2599,0,1.060184319,1.008222222
2600,0,-0.000000000,0.000000000
2601,0,1.000000000,1.000000000
2602,0,1.021928095,0.400000000
2603,0,1.052690404,1.007034221
2604,0,-0.000000000,0.000000000
2605,0,1.000000000,1.000000000
2606,0,1.021928095,1.800000000
2607,0,1.052690404,1.007034221
2608,0,1.540702475,2.003495491
2609,0,1.000000000,1.000000000
2610,0,1.021928095,0.400000000
2611,0,1.784319623,1.213461538
2612,0,-0.000000000,0.000000000
2613,0,1.000000000,1.000000000
2614,0,1.870950594,1.200000000
2615,0,1.138751800,1.022289157
2616,0,0.319766260,0.085651291
2617,0,1.013646706,1.001489339
2618,0,1.024776119,0.401545426
2619,0,1.000000000,1.000000000
2620,0,-0.000000000,0.000000000
2621,0,1.000000000,1.000000000
2622,0,1.870950594,2.000000000
2623,0,1.138751800,1.022289157
2624,0,1.064163411,0.423273040
2625,0,1.000000000,1.000000000
2626,0,-0.000000000,0.000000000
2627,0,1.000000000,1.000000000
2628,0,1.870950594,1.400000000
2629,0,1.138751800,1.022289157
2630,0,0.319766260,0.085651291
2631,0,1.000000000,1.000000000
2632,0,-0.000000000,0.000000000
2633,0,1.000000000,1.000000000
2634,0,0.302292189,0.080000000
2635,0,1.000000000,1.000000000
2636,0,0.302292189,0.080000000
2637,0,1.257422929,1.047844828
2638,0,1.111242665,0.450092421
2639,0,1.059100504,1.008096207
2640,0,-0.000000000,0.000000000
2641,0,1.000000000,1.000000000
2642,0,-0.000000000,0.000000000
2643,0,1.000000000,1.000000000
2644,0,0.302292189,0.080000000
2645,0,1.012773762,1.001377513
2646,0,1.024571058,0.401435139
2647,0,1.052875527,1.007064537
2648,0,-0.000000000,0.000000000
2649,0,1.000000000,1.000000000
2650,0,1.021928095,0.400000000
2651,0,1.228118215,1.041111111
2652,0,1.668546004,2.018555116
2653,0,1.000000000,1.000000000
2654,0,-0.000000000,0.000000000
2655,0,1.000000000,1.000000000
2656,0,1.021928095,1.800000000
2657,0,1.000000000,1.000000000
2658,0,1.021928095,0.400000000
2659,0,1.784319623,1.213461538
2660,0,-0.000000000,0.000000000
2661,0,1.000000000,1.000000000
2662,0,-0.000000000,0.000000000
2663,0,1.000000000,1.000000000
2664,0,1.500000000,2.000000000
2665,0,1.000000000,1.000000000
2666,0,1.870950594,1.200000000
2667,0,1.532052555,1.123333333
2668,0,-0.000000000,0.000000000
2669,0,1.000000000,1.000000000
2670,0,1.021928095,0.400000000
2671,0,1.228118215,1.041111111
2672,0,1.115356030,0.448837745
2673,0,1.270013900,1.055137185
2674,0,0.367587645,0.106314065
2675,0,1.036779048,1.011896868
2676,0,1.038436987,0.407368817
2677,0,1.060496341,1.010282649
2678,0,1.050059311,2.004032369
2679,0,1.155497027,2.946847527
2680,0,1.174385962,1.998949287
2681,0,1.416045262,3.032849681
2682,0,0.235560366,0.078093191
2683,0,0.488171824,0.134872741
2684,0,1.791136988,1.429472709
2685,0,2.338989365,1.414995611
2686,0,2.294006242,1.586357677
2687,0,2.247171887,1.430391533
2688,0,2.069862315,1.814627582
2689,0,2.277923973,1.895581436
2690,0,2.015342193,1.138591237
2691,0,2.164096339,1.319623224
2692,0,1.764161379,1.799769111
2693,0,2.355252758,2.268903583
2694,0,1.440971153,2.406154274
2695,0,1.294907923,2.232120112
2696,0,2.019097149,2.311162895
2697,0,1.549464361,2.142589133
2698,0,1.941950758,2.092131114
2699,0,2.821591429,2.228912351
2700,0,2.473780276,2.501082025
2701,0,1.226191062,1.660967820
2702,0,1.151908723,1.435204026
2703,0,1.450704383,4.300451204
2704,0,1.960256230,3.473294643
2705,0,2.389295077,2.707575271
2706,0,1.668455385,2.267604869
2707,0,1.102494730,1.009370369
2708,0,1.468647321,1.113653739
2709,0,1.215477416,1.534022024
2710,0,0.957539535,0.384337255
2711,0,0.732768830,0.251436580
2712,0,0.277474784,0.095830771
2713,0,1.654193030,1.400000000
2714,0,2.155332640,1.763466643
2715,0,0.752678497,0.264445232
2716,0,1.619353768,1.218118680
2717,0,1.291336578,0.564657016
2718,0,0.999417653,1.028411187
2719,0,1.021869860,0.400000000
2720,0,1.052684987,1.004652218
2721,0,1.039259350,0.408359397
2722,0,1.236345258,1.043058318
2723,0,0.335317909,0.090764134
2724,0,1.000000000,1.000005623
2725,0,0.302292189,0.080000000
2726,0,1.000000000,0.999999909
2727,0,-0.000000000,0.000000000
2728,0,1.000000000,1.000000000
2729,0,1.021928095,0.400000000
2730,0,1.052690404,1.007034221
2731,0,1.035378563,0.407332871
2732,0,1.053635335,1.007189192
2733,0,1.882971918,1.399015222
2734,0,1.538138830,1.125368922
2735,0,-0.000000000,0.000000000
2736,0,1.000000000,1.000000000
2737,0,1.021928095,0.400000000
2738,0,1.179520228,1.046609604
2739,0,0.467629129,0.175072361
2740,0,1.117434055,1.043449136
2741,0,0.327906401,0.089894746
2742,0,0.999999826,1.000491546
2743,0,0.302292186,0.080000000
2744,0,1.012773762,1.001385583
2745,0,0.303367094,0.080344681
2746,0,1.000000000,1.000000160
2747,0,0.302292189,0.080000000
2748,0,1.000000000,1.000000003
2749,0,1.021928095,0.400000000
2750,0,1.052690404,1.007034221
2751,0,1.035378563,0.407332871
2752,0,1.000000000,1.000000000
2753,0,0.302292189,0.080000000
2754,0,1.000000000,1.000000000
2755,0,1.500000000,2.000000000
2756,0,1.764492375,1.205555556
2757,0,1.431933590,0.647809814
2758,0,1.398200501,1.102344439
2759,0,0.379794372,0.107782716
2760,0,1.070936921,1.017763874
2761,0,0.379729534,0.117576050
2762,0,1.102178233,1.019176293
2763,0,0.368159380,0.109271844
2764,0,1.100432974,1.018670911
2765,0,0.318847693,0.085438765
2766,0,1.053392633,1.010084985
2767,0,0.048249298,0.021314717
2768,0,1.037648395,1.013037404
2769,0,1.062760794,0.420148731
2770,0,1.195017805,1.051046977
2771,0,0.346934897,0.096262136
2772,0,1.069918954,1.026718558
2773,0,-0.000000000,0.000000000
2774,0,1.000000000,1.000000000
2775,0,1.870950594,1.400000000
2776,0,1.000000000,1.000000000
2777,0,1.021928095,0.400000000
2778,0,1.000000000,1.000000000
2779,0,1.500000000,2.000000000
2780,0,1.220308818,1.039361702
2781,0,-0.000000000,0.000000000
2782,0,1.000000000,1.000000000
2783,0,1.021928095,1.800000000
2784,0,1.052690404,1.007034221
2785,0,1.892317675,1.214437227
2786,0,1.142482163,1.023775629
2787,0,1.064998574,0.423720160
2788,0,1.000000000,0.999986088
2789,0,-0.000000000,0.000000000
2790,0,1.000000000,1.000000000
2791,0,1.500000000,2.000000000
2792,0,1.000000000,1.000000000
2793,0,0.302292189,0.080000000
2794,0,1.000000000,1.000000000
2795,0,1.021928095,0.400000000
2796,0,1.052690404,1.007034221
2797,0,0.308622511,0.081974652
2798,0,1.013213171,1.001414195
2799,0,1.547436883,2.005119565
2800,0,1.785025244,1.213116364
2801,0,-0.000000000,0.000000000
2802,0,1.000000000,1.000000000
2803,0,-0.000000000,0.000000000
2804,0,1.000000000,1.000000000
2805,0,1.021928095,0.400000000
2806,0,1.000000000,1.000000000
2807,0,1.870950594,2.000000000
2808,0,1.532052555,1.123333333
2809,0,2.005036854,1.382798460
2810,0,1.006556683,1.002932948
2811,0,0.302292189,0.080000000
2812,0,1.257422929,1.047844828
2813,0,-0.000000000,0.000000000
2814,0,1.000000000,1.000000000
2815,0,1.009051350,1.491208791
2816,0,1.409582904,1.007617491
2817,0,0.547813331,0.506075542
2818,0,1.537935761,1.354252880
2819,0,1.212452173,0.701568721
2820,0,1.429452380,1.064429048
2821,0,2.189509266,1.449196384
2822,0,1.669518188,1.234237379
2823,0,2.361423577,1.981304925
2824,0,2.037943398,1.498652803
2825,0,1.654098929,1.111704686
2826,0,1.435345829,0.898308757
2827,0,1.395276725,0.837753209
2828,0,1.333343808,0.551411627
2829,0,1.584528823,0.994540191
2830,0,1.728101319,1.485759599
2831,0,1.984190267,1.119062231
2832,0,2.014346955,1.014015221
2833,0,0.616450222,0.305314423
2834,0,0.294621194,0.080000000
2835,0,1.012498807,1.012783185
2836,0,1.024556845,0.401435139
2837,0,1.052874200,1.008244432
2838,0,-0.000000000,0.000000000
2839,0,1.000000000,1.000000000
2840,0,-0.000000000,0.000000000
2841,0,1.000000000,1.000000000
2842,0,0.302292189,0.080000000
2843,0,1.060184319,1.008222222
2844,0,1.546468512,2.004071504
2845,0,1.225113985,1.040559634
2846,0,1.928396028,2.002008690
2847,0,1.148673719,1.024417934
2848,0,0.321269750,0.086137267
2849,0,1.000000000,0.999999154
2850,0,0.302292189,0.080000000
2851,0,1.060184319,1.008222207
2852,0,0.308717777,0.082066230
2853,0,1.000000000,0.999999999
2854,0,-0.000000000,0.000000000
2855,0,1.000000000,1.000000000
2856,0,-0.000000000,0.000000000
2857,0,1.000000000,1.000000000
2858,0,0.302292189,0.080000000
2859,0,1.060184319,1.008222222
2860,0,-0.000000000,0.000000000
2861,0,1.000000000,1.000000000
2862,0,1.021928095,2.000000000
2863,0,1.784319623,3.000000000
2864,0,2.227829068,2.460227273
2865,0,2.135712581,3.041321163
2866,0,1.804857157,2.057150334
2867,0,1.283038034,1.067960619
2868,0,-0.000000000,0.000000000
2869,0,1.000000000,1.000000000
2870,0,0.302292189,0.080000000
2871,0,1.012773762,1.001377513
2872,0,0.303566849,0.080385332
2873,0,1.060663733,1.008313493
2874,0,1.051113563,0.412405833
2875,0,1.189942998,1.050091488
2876,0,1.453385187,0.742923742
2877,0,1.491296242,1.126082463
2878,0,1.753618416,1.190886848
2879,0,1.625729369,1.278946277
2880,0,1.111123981,0.525149781
2881,0,-0.000000000,0.000000000
2882,0,1.000000000,1.000000000
2883,0,1.021928095,0.400000000
2884,0,1.000000000,1.000000000
2885,0,-0.000000000,0.000000000
2886,0,1.000000000,1.000000000
2887,0,1.021928095,0.400000000
2888,0,1.052690404,1.007034221
2889,0,1.039167888,2.001047398
2890,0,1.752424396,2.955590243
2891,0,1.605477153,3.063779503
2892,0,1.958181618,1.458767883
2893,0,1.869513402,1.179537049
2894,0,1.198757767,0.656774737
2895,0,0.366116351,0.105344120
2896,0,1.124822014,1.018644380
2897,0,0.945165673,0.585904503
2898,0,0.643501278,0.210032479
2899,0,0.542616181,0.154409323
2900,0,0.194963521,0.050939081
2901,0,0.110301915,0.029319836
2902,0,0.284498227,0.080000000
2903,0,0.999823812,1.015628124
2904,0,1.021910476,0.400000000
2905,0,1.784305134,1.215354946
2906,0,0.478970388,0.141605494
2907,0,0.999999969,1.000208890
2908,0,0.302292188,0.080000000
2909,0,1.257422928,1.047839155
2910,0,1.688198602,1.072916667
2911,0,1.245370250,1.045690869
2912,0,1.105908588,2.000066443
2913,0,0.999999999,1.000027546
2914,0,1.021928095,0.400000000
2915,0,1.784319623,1.213458201
2916,0,0.478971583,1.999999090
2917,0,1.100894659,1.015459243
2918,0,1.579057667,2.007735692
2919,0,1.000000000,0.999999575
2920,0,-0.000000000,0.000000000
2921,0,1.000000000,1.000000000
2922,0,0.302292189,0.080000000
2923,0,1.012773762,1.001377513
2924,0,1.024571058,0.401435139
2925,0,1.228852925,1.041283932
2926,0,1.929240175,2.001993110
2927,0,2.349346903,1.865052165
2928,0,2.077752081,1.361381147
2929,0,1.769487633,1.211903872
2930,0,1.372004561,0.616397139
2931,0,1.333775694,1.068289691
2932,0,0.354675834,2.000037061
2933,0,1.072150531,1.010287580
2934,0,1.041343536,0.410584730
2935,0,1.000000000,1.000003134
2936,0,1.021928095,2.000000627
2937,0,1.228118215,1.041111393
2938,0,-0.000000000,0.000000000
2939,0,1.000000000,1.000000000
2940,0,-0.000000000,0.000000000
2941,0,1.000000000,1.000000000
2942,0,0.302292189,0.080000000
2943,0,1.084886310,1.015633987
2944,0,0.892983424,0.560844001
2945,0,1.182887214,1.000402602
2946,0,2.013236935,1.427435809
2947,0,1.480840578,1.206722575
2948,0,0.443814023,0.138826012
2949,0,1.102282000,1.037684753
2950,0,1.093388439,0.434290831
2951,0,1.099476201,1.020461535
2952,0,0.321935547,0.087581590
2953,0,1.010191288,1.002899520
2954,0,1.033073883,1.802146979
2955,0,1.183554152,1.047589383
2956,0,-0.000000000,0.000000000
2957,0,1.000000000,1.000000000
2958,0,-0.000000000,0.000000000
2959,0,1.000000000,1.000000000
2960,0,0.302292189,0.080000000
2961,0,1.048419662,1.009171844
2962,0,1.024669587,0.580162849
2963,0,0.791563893,0.311226915
2964,0,1.119305188,0.987992815
2965,0,1.296955715,0.931484620
2966,0,1.147578919,1.100319072
2967,0,1.070326500,0.608100483
2968,0,0.928186283,0.390904738
2969,0,0.749960649,0.265654274
2970,0,0.610072537,0.193562488
2971,0,1.112829738,0.494654977
2972,0,1.127240581,1.148814194
2973,0,0.332851951,0.092961024
2974,0,1.244943027,1.047280552
2975,0,2.000389581,2.036732286
2976,0,1.385455890,2.815418983
2977,0,2.291730670,1.855363082
2978,0,1.955705380,1.282000596
2979,0,-0.000000000,0.000000000
2980,0,1.000000000,1.000000000
2981,0,0.302292189,0.080000000
2982,0,1.012773762,1.001377513
2983,0,1.873460820,1.202352203
2984,0,2.306871681,1.505716439
2985,0,2.076803987,1.356428543
2986,0,1.217217674,1.040001078
2987,0,1.667537227,1.067933165
2988,0,1.243226406,1.045303427
2989,0,0.336740438,0.091219432
2990,0,1.068013977,1.009528437
2991,0,1.040048285,0.409880988
2992,0,1.233178103,1.042311019
2993,0,-0.000000000,0.000000000
2994,0,1.000000000,1.000000000
2995,0,1.021928095,0.400000000
2996,0,1.228118215,1.041111111
2997,0,0.334665510,0.090549664
2998,0,1.014397000,1.001586340
2999,0,1.024953970,1.799494153
3000,0,1.228960731,1.041309501
3001,0,1.669161130,1.064102590
3002,0,1.827609980,1.233256402
3003,0,0.489727627,0.145596129
3004,0,1.103611632,1.016111634
3005,0,1.896193179,2.000991125
3006,0,0.999999996,1.000073321
3007,0,-0.000000000,0.000000000
3008,0,1.000000000,1.000000000
3009,0,0.302292189,0.080000000
3010,0,1.012773762,1.001377513
3011,0,0.303566849,0.080385332
3012,0,1.048684589,1.011736365
3013,0,1.051956811,0.412767431
3014,0,1.248194398,1.051730274
3015,0,1.134215802,0.458008155
3016,0,1.074120207,1.015445159
3017,0,-0.000000000,0.000000000
3018,0,1.000000000,1.000000000
3019,0,1.021928095,0.400000000
3020,0,1.228118215,1.041111111
3021,0,-0.000000000,0.000000000
3022,0,1.000000000,1.000000000
3023,0,0.302292189,0.080000000
3024,0,1.060184319,1.008222222
3025,0,1.037639028,0.408572389
3026,0,1.000000000,1.000000000
3027,0,1.870950594,2.000000000
3028,0,1.138751800,1.022289157
3029,0,-0.000000000,0.000000000
3030,0,1.000000000,1.000000000
3031,0,0.302292189,0.080000000
3032,0,1.257422929,1.047844828
3033,0,0.340029904,0.092331027
3034,0,1.014668473,1.001621632
3035,0,1.514590342,1.003601328
3036,0,0.999999929,0.999686602
3037,0,1.021928088,0.400000000
3038,0,1.139576553,1.040998740
3039,0,0.163889394,0.096407177
3040,0,1.073029297,1.031027485
3041,0,1.091518992,0.434620141
3042,0,1.203578354,1.092447247
3043,0,0.231978445,0.143977377
3044,0,1.061592412,1.021713465
3045,0,0.369510423,0.112938680
3046,0,1.098002355,1.029007700
3047,0,0.114431348,0.061907645
3048,0,1.028177345,1.008961787
3049,0,1.019410100,0.579503609
3050,0,0.790982455,0.311059423
3051,0,0.175137249,0.052396963
3052,0,0.386705539,0.106808399
3053,0,0.067617757,0.016114034
3054,0,1.591235922,1.400000000
3055,0,0.950502866,0.739559597
3056,0,1.016978382,0.400000000
3057,0,1.052234131,0.985198818
3058,0,0.307777662,0.081766365
3059,0,1.061421157,1.008916717
3060,0,0.308872296,0.082115836
3061,0,1.013101688,1.001437658
3062,0,0.303398192,1.959878227
3063,0,1.060433507,1.008263507
3064,0,0.308748815,0.082076192
3065,0,1.000000000,1.000000015
3066,0,1.500000000,2.000000015
3067,0,1.000000000,1.000000007
3068,0,-0.000000000,0.000000000
3069,0,1.000000000,1.000000000
3070,0,-0.000000000,0.000000000
3071,0,1.000000000,1.000000000
3072,0,0.302292189,0.080000000
3073,0,1.012773762,1.001377513
3074,0,1.873460820,2.000069790
3075,0,1.533188612,1.123716590
3076,0,1.243079348,0.530536119
3077,0,1.069204216,1.009818231
3078,0,1.040407679,1.796973928
3079,0,1.053995172,1.007248868
3080,0,-0.000000000,0.000000000
3081,0,1.000000000,1.000000000
3082,0,-0.000000000,0.000000000
3083,0,1.000000000,1.000000000
3084,0,-0.000000000,0.000000000
3085,0,1.000000000,1.000000000
3086,0,1.021928095,0.400000000
3087,0,1.784319623,1.213461538
3088,0,-0.000000000,0.000000000
3089,0,1.000000000,1.000000000
3090,0,-0.000000000,0.000000000
3091,0,1.000000000,1.000000000
3092,0,-0.000000000,0.000000000
3093,0,1.000000000,1.000000000
3094,0,1.870950594,2.000000000
3095,0,1.532052555,1.123333333
3096,0,1.847974610,1.156688242
3097,0,1.898485788,1.267171078
3098,0,-0.000000000,0.000000000
3099,0,1.000000000,1.000000000
3100,0,0.302292189,0.080000000
3101,0,1.012773762,1.001377513
3102,0,0.303367094,0.080344681
3103,0,1.012827240,1.001384331
3104,0,-0.000000000,0.000000000
3105,0,1.000000000,1.000000000
3106,0,-0.000000000,0.000000000
3107,0,1.000000000,1.000000000
3108,0,0.302292189,0.080000000
3109,0,1.257422929,1.047844828
3110,0,-0.000000000,0.000000000
3111,0,1.000000000,1.000000000
3112,0,1.870950594,2.000000000
3113,0,2.305215896,1.504545455
3114,0,-0.000000000,0.000000000
3115,0,1.000000000,1.000000000
3116,0,-0.000000000,0.000000000
3117,0,1.000000000,1.000000000
3118,0,-0.000000000,0.000000000
3119,0,1.000000000,1.000000000
3120,0,0.302292189,0.080000000
3121,0,1.012773762,1.001377513
3122,0,1.873460820,1.202352203
3123,0,1.139106519,1.022363883
3124,0,-0.000000000,0.000000000
3125,0,1.000000000,1.000000000
3126,0,1.021928095,0.400000000
3127,0,1.052690404,1.007034221
3128,0,1.882728310,2.000353882
3129,0,2.313213583,3.000085672
3130,0,0.777498488,2.000057763
3131,0,1.640539268,1.968732954
3132,0,1.298977209,1.752714190
3133,0,1.973653675,1.932900840
3134,0,2.216832778,1.464560164
3135,0,1.887969053,2.037268529
3136,0,1.593144471,2.086578847
3137,0,1.447188944,2.952838505
3138,0,1.476484340,2.819355500
3139,0,1.836934364,2.124238493
3140,0,1.202803022,0.600599308
3141,0,0.056382696,0.012947921
3142,0,0.948058081,0.404265197
3143,0,0.021816718,0.004224732
3144,0,1.580018844,1.400281781
3145,0,1.538147635,1.577822723
3146,0,2.154246425,1.419982508
3147,0,1.776722579,1.160010758
3148,0,1.361578619,0.638338453
3149,0,1.513482578,0.650740464
3150,0,1.619301949,0.784127226
3151,0,1.619545765,0.919415684
3152,0,0.908467623,0.344844904
3153,0,1.269767556,0.618144852
3154,0,1.604475345,1.532742498
3155,0,1.147591939,0.493047723
3156,0,0.832074886,0.302070331
3157,0,1.278422609,1.798459117
3158,0,1.722446307,1.120791717
3159,0,0.876003910,0.591452407
3160,0,1.009528464,0.400000000
3161,0,0.999178998,1.033733292
3162,0,1.021845995,2.006746658
3163,0,0.999994404,1.002785318
3164,0,1.021927535,0.400000000
3165,0,0.999999962,1.000229980
3166,0,0.302292188,0.080000000
3167,0,1.000000000,0.999996297
3168,0,1.870950594,1.200000000
3169,0,1.138751800,1.022288173
3170,0,1.064163411,0.423273040
3171,0,1.055681397,1.007526748
3172,0,1.040319625,0.408894852
3173,0,1.236801546,1.043687407
3174,0,0.004638696,0.002160588
3175,0,1.001805425,1.000528271
3176,0,1.023715765,0.400749184
3177,0,1.784883260,1.213629474
3178,0,0.000587453,0.000230813
3179,0,1.000212639,1.000055246
3180,0,1.022136717,0.400074020
3181,0,1.000209144,1.000076337
3182,0,0.000271958,0.000100954
3183,0,1.000000414,1.000000074
3184,0,0.302292645,0.080000107
3185,0,1.060184756,1.008222301
3186,0,1.050795681,0.412282654
3187,0,1.308873294,1.102589661
3188,0,1.595700408,0.829319108
3189,0,1.529132107,1.088968761
3190,0,0.489735607,0.165034881
3191,0,1.151797696,1.051511606
3192,0,1.141338017,0.459379080
3193,0,1.431052118,1.141466313
3194,0,1.578304941,1.367120713
3195,0,0.723314105,1.798441374
3196,0,0.555990562,1.943104579
3197,0,0.473166847,1.958300331
3198,0,1.336716162,0.985694527
3199,0,1.663315773,1.826256054
3200,0,2.029044552,1.408432104
3201,0,1.696721318,1.043528848
3202,0,1.288348653,0.580935035
3203,0,0.848985377,0.359648136
3204,0,1.292048772,0.527317678
3205,0,0.471194627,0.149431009
3206,0,1.022025026,0.970276572
3207,0,0.304450866,0.080691385
3208,0,1.060672314,1.007580714
3209,0,1.884710633,1.999426896
3210,0,2.314618277,1.510989098
3211,0,0.778490853,0.267567201
3212,0,1.000302810,1.000141068
3213,0,0.302634843,0.080080365
3214,0,1.012878318,1.001389576
3215,0,1.873503068,1.202360085
3216,0,1.139138428,1.022368380
3217,0,0.000028389,0.000004771
3218,0,1.000128119,1.000007504
3219,0,1.021946905,0.400003315
3220,0,1.228120874,1.041111676
3221,0,0.000003090,0.000000508
3222,0,1.000003027,1.000000409
3223,0,0.000003880,0.000000376
3224,0,1.000000755,1.000000036
3225,0,0.000000963,0.000000086
3226,0,1.000000025,1.000000002
3227,0,0.302292217,0.080000004
3228,0,1.000000028,1.000000003
3229,0,0.302292201,0.080000001
3230,0,1.000000012,1.000000001
3231,0,0.302292194,0.080000000
3232,0,1.060184320,1.008222222
3233,0,0.000000000,0.000000000
3234,0,1.000000000,1.000000000
3235,0,0.000000002,0.000000000
3236,0,1.000000000,1.000000000
3237,0,0.000000000,0.000000000
3238,0,1.000000000,1.000000000
3239,0,0.302292189,0.080000000
3240,0,1.012773762,1.001377513
3241,0,0.000000000,0.000000000
3242,0,1.000000000,1.000000000
3243,0,1.021928095,0.400000000
3244,0,1.052690404,1.007034221
3245,0,1.035378563,0.407332871
3246,0,1.231864424,1.041994141
3247,0,1.671273073,1.065174851
3248,0,1.827860345,1.232837854
3249,0,2.077140336,1.510927434
3250,0,1.018274890,1.007189540
3251,0,1.885887808,1.405198973
3252,0,1.149557264,1.025741048
3253,0,1.073646750,0.427436058
3254,0,1.061618546,1.010742512
3255,0,0.311748040,0.083281648
3256,0,1.013937068,1.001571965
3257,0,1.874154101,1.202620129
3258,0,1.000446989,1.000081178
3259,0,0.001556933,0.000444572
3260,0,1.001117941,1.000103429
3261,0,0.006336373,0.001076187
3262,0,1.001178493,1.000086231
3263,0,1.022109547,2.000001353
3264,0,1.052755823,1.007041681
3265,0,0.308672092,0.081985280
3266,0,1.013261578,1.001490669
3267,0,0.303454109,2.000006019
3268,0,1.000053643,1.000010519
3269,0,1.500023569,1.000005539
3270,0,1.000025669,1.000007429
3271,0,0.000033876,0.000010633
3272,0,1.000015409,1.000004464
3273,0,0.000067804,0.000024222
3274,0,1.000062434,1.000023916
3275,0,1.021931676,0.400000776
3276,0,1.052691564,1.007034443
3277,0,1.039168528,0.408331169
3278,0,1.058375738,1.008529075
3279,0,0.314164144,0.084381761
3280,0,1.018058551,1.003692742
3281,0,1.027906977,0.402479076
3282,0,1.180601498,1.059643456
3283,0,0.165023531,0.097020608
3284,0,1.176858017,1.115748736
3285,0,1.520516510,1.004125163
3286,0,0.999999693,1.000652711
3287,0,0.302292183,0.080000000
3288,0,1.000000000,0.999989491
3289,0,-0.000000000,0.000000000
3290,0,1.000000000,1.000000000
3291,0,1.021928095,0.400000000
3292,0,1.139609612,1.055451380
3293,0,0.462942290,0.173544066
3294,0,1.231384222,1.075674526
3295,0,1.933467812,2.005790171
3296,0,1.172786941,1.033779871
3297,0,0.360531485,0.102835880
3298,0,1.064386709,1.016813454
3299,0,0.007975882,0.003624313
3300,0,1.003081108,1.001165512
3301,0,1.023977472,2.000750614
3302,0,1.312977648,2.963092663
3303,0,2.200648847,2.422861766
3304,0,2.908297439,2.619867079
3305,0,2.873462467,1.744600479
3306,0,2.298270024,1.724296773
3307,0,1.045903605,0.704801680
3308,0,1.289967727,1.097234405
3309,0,1.941011814,1.251249930
3310,0,1.321789155,1.164611805
3311,0,0.695537093,0.453236884
3312,0,1.470235191,1.403272308
3313,0,0.657206548,0.342176619
3314,0,1.087271699,1.016183048
3315,0,1.062958370,0.418853531
3316,0,1.076336215,1.018712849
3317,0,0.313076209,0.084059683
3318,0,1.004472847,1.002152031
3319,0,0.005068341,0.002404216
3320,0,1.000872274,1.000344800
3321,0,0.000986363,0.000420215
3322,0,1.000316524,1.000093273
3323,0,1.022198425,0.400114682
3324,0,1.000725710,1.000301913
3325,0,0.000928722,0.000491313
3326,0,1.000047545,1.000017222
3327,0,1.021969757,0.400018682
3328,0,1.000196821,1.000088340
3329,0,0.302311242,0.080005541
3330,0,1.000008813,1.000001267
3331,0,1.021929689,0.400000254
3332,0,1.000001677,1.000000122
3333,0,1.870951109,1.200000089
3334,0,1.532052837,1.123333373
3335,0,2.442388362,2.258131964
3336,0,1.616207713,1.204972522
3337,0,0.232047556,0.187676600
3338,0,1.366180409,1.291439976
3339,0,0.572513216,0.301017544
3340,0,1.135107002,1.089891438
3341,0,1.127179548,0.482543829
3342,0,1.095012943,1.062698412
3343,0,0.114882176,0.096023302
3344,0,1.001855132,1.000420216
3345,0,1.023920228,1.800448230
3346,0,1.053408674,1.007244848
3347,0,0.317945119,0.085160207
3348,0,1.008921337,1.002374002
3349,0,0.304389048,0.080814954
3350,0,1.002069611,1.000881821
3351,0,1.022664049,0.400250397
3352,0,1.000655276,1.000169088
3353,0,1.022475685,0.400204529
3354,0,1.052937407,1.007118206
3355,0,0.001024844,0.000416572
3356,0,1.000318203,1.000092783
3357,0,0.000347478,0.000091577
3358,0,1.000149234,1.000067402
3359,0,0.302330795,0.080013387
3360,0,1.257427707,1.047846609
3361,0,0.000001555,0.000000245
3362,0,1.000000188,1.000000020
3363,0,1.021928286,0.400000026
3364,0,1.052690472,1.007034230
3365,0,0.000000082,0.000000009
3366,0,1.000000019,1.000000002
3367,0,1.500000000,1.000000000
3368,0,1.764492375,1.205555556
3369,0,2.049186634,1.479764244
3370,0,1.000000000,1.000000000
3371,0,1.021928095,0.400000000
3372,0,1.000000000,1.000000000
3373,0,1.021928095,0.400000000
3374,0,1.052690404,1.007034221
3375,0,-0.000000000,0.000000000
3376,0,1.000000000,1.000000000
3377,0,-0.000000000,0.000000000
3378,0,1.000000000,1.000000000
3379,0,0.302292189,0.080000000
3380,0,1.000000000,1.000000000
3381,0,1.021928095,0.400000000
3382,0,1.000000000,1.000000000
3383,0,-0.000000000,0.000000000
3384,0,1.000000000,1.000000000
3385,0,0.302292189,0.080000000
3386,0,1.012773762,1.001377513
3387,0,-0.000000000,0.000000000
3388,0,1.000000000,1.000000000
3389,0,-0.000000000,0.000000000
3390,0,1.000000000,1.000000000
3391,0,1.500000000,2.000000000
3392,0,1.000000000,1.000000000
3393,0,-0.000000000,0.000000000
3394,0,1.000000000,1.000000000
3395,0,-0.000000000,0.000000000
3396,0,1.000000000,1.000000000
3397,0,-0.000000000,0.000000000
3398,0,1.000000000,1.000000000
3399,0,1.021928095,2.000000000
3400,0,1.784319623,1.213461538
3401,0,0.478971583,0.141605494
3402,0,1.000000000,1.000000000
3403,0,0.302292189,0.080000000
3404,0,1.012773762,1.001377513
3405,0,-0.000000000,0.000000000
3406,0,1.000000000,1.000000000
3407,0,1.021928095,0.400000000
3408,0,1.052690404,1.007034221
3409,0,-0.000000000,0.000000000
3410,0,1.000000000,1.000000000
3411,0,0.302292189,0.080000000
3412,0,1.060184319,1.008222222
3413,0,0.308717777,1.959288542
3414,0,1.061632540,1.008464963
3415,0,0.308898549,0.082124259
3416,0,1.263200419,1.049255057
3417,0,1.113683648,0.451494377
3418,0,1.059282550,1.008126991
3419,0,-0.000000000,0.000000000
3420,0,1.000000000,1.000000000
3421,0,0.302292189,0.080000000
3422,0,1.000000000,1.000000000
3423,0,-0.000000000,0.000000000
3424,0,1.000000000,1.000000000
3425,0,1.870950594,1.400000000
3426,0,1.532052555,1.123333333
3427,0,1.242499492,0.530171120
3428,0,1.000000000,1.000000000
3429,0,1.021928095,0.400000000
3430,0,1.000000000,1.000000000
3431,0,1.021928095,0.400000000
3432,0,1.052690404,1.007034221
3433,0,1.035378563,0.407332871
3434,0,1.231864424,1.041994141
3435,0,1.100504734,0.443881362
3436,0,1.000000000,1.000000000
3437,0,1.021928095,2.000000000
3438,0,1.228118215,1.988888889
3439,0,1.935823881,1.630287310
3440,0,2.609066822,1.785388401
3441,0,2.150930279,2.059375881
3442,0,1.791215737,1.488682864
3443,0,1.729881016,1.167897570
3444,0,1.562223760,1.226032648
3445,0,0.470868828,0.166025193
3446,0,1.482596702,1.185625047
3447,0,2.074090235,1.494109262
3448,0,1.224053824,1.070501707
3449,0,1.969448558,1.271479620
3450,0,1.066316787,1.016737876
3451,0,0.213081901,0.069590841
3452,0,1.046783459,1.017833768
3453,0,0.064143159,0.016387663
3454,0,1.013483231,1.004120029
3455,0,1.025360406,0.401014255
3456,0,1.003579770,1.000363818
3457,0,0.304109718,0.080388214
3458,0,1.001668905,1.000139217
3459,0,1.022279880,0.400080316
3460,0,1.000366503,1.000028681
3461,0,1.022025815,2.000000719
3462,0,1.000100990,1.000007176
3463,0,1.021955974,0.400005147
3464,0,1.228123720,1.041112385
3465,0,1.098979028,1.786529832
3466,0,1.249827284,1.046290946
3467,0,1.935178958,1.394561600
3468,0,1.000002893,1.000000690
3469,0,0.302293674,0.080000278
3470,0,1.038599837,1.010876720
3471,0,1.060926770,0.416077413
3472,0,1.320325869,1.081197689
3473,0,0.366116162,2.011703928
3474,0,1.037793493,1.013466495
3475,0,1.596458583,1.054454839
3476,0,1.037367023,1.013076928
3477,0,0.346521149,0.099596192
3478,0,1.067390570,1.011458540
3479,0,0.008297101,0.002781427
3480,0,1.007951689,1.000849880
3481,0,0.010600478,0.002059980
3482,0,1.009254465,1.000896473
3483,0,1.871814208,2.000012726
3484,0,1.532262107,1.123370538
3485,0,2.005221509,1.384926873
3486,0,1.166570732,1.028341956
3487,0,1.074889697,1.791648848
3488,0,1.057070005,1.007808327
3489,0,0.000736743,0.000183408
3490,0,1.000211218,1.000045872
3491,0,0.302435395,0.080027536
3492,0,1.012813075,1.001384877
3493,0,1.024590276,0.401438626
3494,0,1.000019648,1.000003126
3495,0,1.870954610,2.000000820
3496,0,1.000004273,1.000000667
3497,0,0.000005294,0.000000606
3498,0,1.000004926,1.000000235
3499,0,1.021928926,0.400000119
3500,0,1.052690665,1.007034257
3501,0,1.882728419,1.399013750
3502,0,1.538236636,1.966665739
3503,0,2.484160888,2.527451442
3504,0,2.356399176,2.003307359
3505,0,1.806761069,1.770802146
3506,0,1.254995338,1.116162981
3507,0,0.400901208,0.127645090
3508,0,1.082212674,1.035705634
3509,0,0.113059968,0.032723057
3510,0,1.024419321,1.003191893
3511,0,1.875407931,1.201274649
3512,0,1.533927632,1.124031998
3513,0,1.244408001,1.759606686
3514,0,1.292710277,1.056923985
3515,0,0.347156434,0.094632910
3516,0,1.070353999,1.009955241
3517,0,0.310118983,0.082502511
3518,0,1.000127087,1.000022895
3519,0,1.021960284,0.400005998
3520,0,1.228124309,1.041112475
3521,0,0.334672048,0.090550791
3522,0,1.067507422,1.009461801
3523,0,1.039892022,1.796980500
3524,0,1.053956146,1.007242121
3525,0,0.000000458,0.000000053
3526,0,1.000000108,1.000000006
3527,0,1.021928138,0.400000005
3528,0,1.228118224,1.041111112
3529,0,0.334665519,0.090549666
3530,0,1.000000009,1.000000000
3531,0,1.870950596,1.200000000
3532,0,1.699198829,1.234509804
3533,0,1.698268974,0.886764853
3534,0,1.470375766,1.097269651
3535,0,0.553186037,0.513820429
3536,0,1.517270801,1.579178074
3537,0,1.115668746,0.451652662
3538,0,1.250308928,1.124852441
3539,0,1.015160537,0.634316775
3540,0,1.704385967,1.225259306
3541,0,1.623645624,1.518745346
3542,0,2.204289656,1.640873773
3543,0,2.432717360,1.727318024
3544,0,2.040200824,1.343804944
3545,0,2.073070746,1.248104823
3546,0,1.879956599,1.723620254
3547,0,1.130805716,0.912814159
3548,0,1.382207779,1.158161009
3549,0,2.129547484,1.470515390
3550,0,1.568593871,1.206955966
3551,0,1.458121884,0.690152283
3552,0,1.601503365,1.335343139
3553,0,0.687311870,0.397795432
3554,0,1.185937478,1.078954998
3555,0,1.589079172,2.007557551
3556,0,1.490815260,1.249744445
3557,0,1.506510775,1.841917286
3558,0,1.498718114,1.427465854
3559,0,1.272718072,0.756396822
3560,0,1.915710833,1.330556656
3561,0,1.495968531,1.209701937
3562,0,2.073999235,1.474835580
3563,0,1.283299862,1.169161725
3564,0,1.220931227,1.113740341
3565,0,1.437602647,0.742556962
3566,0,1.459845122,1.431459909
3567,0,0.820737834,0.539048463
3568,0,1.612420089,1.565309851
3569,0,0.622507895,0.678919788
3570,0,1.192926064,1.087091017
3571,0,0.381990910,0.121704657
3572,0,1.075901086,1.005053678
3573,0,0.936668535,0.582862292
3574,0,1.753835151,1.101137768
3575,0,2.371411024,1.537093030
3576,0,2.121694275,1.389782512
3577,0,1.927140725,1.299830063
3578,0,1.785951920,1.872757257
3579,0,0.762761672,0.423439556
3580,0,1.150120086,1.061513154
3581,0,0.394522748,0.308865445
3582,0,1.162611622,1.063019112
3583,0,0.477805551,0.202237002
3584,0,1.105565676,1.030188309
3585,0,0.329439079,0.090436981
3586,0,1.055917239,1.009046448
3587,0,1.037533233,0.406623613
3588,0,1.229733097,1.041467872
3589,0,0.002293027,0.000763388
3590,0,1.001471175,1.000533493
3591,0,0.303411391,0.080352955
3592,0,1.000982901,1.000186863
3593,0,0.000796740,0.000158319
3594,0,1.000084448,1.000004653
3595,0,0.897929148,0.384164430
3596,0,1.967136482,1.876338890
3597,0,1.960748523,2.461437926
3598,0,1.906929727,3.159790135
3599,0,2.040263761,3.057339475
3600,0,2.288880717,1.778497125
3601,0,2.288039701,1.305460763
3602,0,2.205704648,1.492673720
3603,0,2.715822509,2.219152875
3604,0,2.730078148,3.328503480
3605,0,2.274565583,4.184005851
3606,0,2.263472417,3.756549511
3607,0,1.197867651,3.295471516
3608,0,0.241694241,0.318957237
3609,0,-0.000000000,0.000000000
3610,0,-0.000000000,0.000000000
3611,0,0.143726170,0.040816327
3612,0,0.004850167,0.000757289
3613,0,-0.000000000,0.000000000
3614,0,-0.000000000,0.000000000
3615,0,0.503258335,0.222222222
3616,0,0.021519932,0.004158004
3617,0,-0.000000000,0.000000000
3618,0,-0.000000000,0.000000000
3619,0,0.143726170,0.040816327
3620,0,0.023187512,0.004535147
3621,0,0.989107139,1.134160090
3622,0,0.071652161,0.017257804
3623,0,-0.000000000,0.000000000
3624,0,-0.000000000,0.000000000
3625,0,0.143726170,0.040816327
3626,0,0.023187512,0.004535147
3627,0,-0.000000000,0.000000000
3628,0,-0.000000000,0.000000000
3629,0,-0.000000000,0.000000000
3630,0,-0.000000000,0.000000000
3631,0,0.985228136,1.142857143
3632,0,0.069054382,0.016528926
3633,0,0.151096971,0.043478261
3634,0,0.005130273,0.000806777
3635,0,0.506461307,0.223342746
3636,0,0.023929979,0.004836620
3637,0,0.149665081,0.042920528
3638,0,0.004460406,0.001554333
3639,0,0.004681459,0.002295824
3640,0,0.000362910,0.000085620
3641,0,0.503305001,0.222231207
3642,0,0.129697823,0.035874696
3643,0,0.502582997,0.221772169
3644,0,0.740864094,0.419353036
3645,0,0.000000082,0.000000011
3646,0,0.921928177,0.400000009
3647,0,0.468166741,0.153846169
3648,0,0.372657352,0.108029212
3649,0,0.642682881,0.308094008
3650,0,0.273191112,0.091872804
3651,0,0.608035489,0.295101387
3652,0,0.275712351,0.094644782
3653,0,0.185874090,0.056574807
3654,0,0.168907809,0.050083515
3655,0,0.510338992,0.226762877
3656,0,0.000171589,0.000037854
3657,0,0.000000000,0.000000000
3658,0,0.503258335,0.222222222
3659,0,0.242292189,0.080000000
3660,0,0.179256067,0.054054054
3661,0,0.976208476,0.438554217
3662,0,1.283878767,0.726310380
3663,0,-0.000000000,0.000000000
3664,0,1.000000000,1.000000000
3665,0,0.302292189,0.080000000
3666,0,1.050654972,1.006444444
3667,0,-0.000000000,0.000000000
3668,0,1.000000000,1.000000000
3669,0,1.021928095,2.000000000
3670,0,1.044208200,1.009090909
3671,0,0.307114252,0.081566298
3672,0,1.051532863,1.006604395
3673,0,1.035893888,0.407787975
3674,0,1.194193949,1.033506445
3675,0,-0.000000000,0.000000000
3676,0,1.000000000,1.000000000
3677,0,1.500000000,2.000000000
3678,0,0.999525689,0.974358974
3679,0,0.302282703,0.080000000
3680,0,0.999998726,1.001328995
3681,0,1.021927967,0.400000000
3682,0,1.044197761,1.001586488
3683,0,0.307113288,0.081566008
3684,0,1.051531568,1.006330474
3685,0,0.308065905,0.081876379
3686,0,0.999999524,0.999187674
3687,0,0.302292180,0.080000000
3688,0,1.050648321,1.006235219
3689,0,0.307950204,0.081838781
3690,0,1.051721346,1.006275821
3691,0,0.308089748,0.081884040
3692,0,1.051749916,1.006731867
3693,0,1.881070338,1.212425233
3694,0,1.447607269,1.093061120
3695,0,1.217595895,1.980612033
3696,0,1.056395473,1.003809792
3697,0,1.533626102,1.988491545
3698,0,1.644495426,1.153693501
3699,0,-0.000000000,0.000000000
3700,0,1.000000000,1.000000000
3701,0,0.302292189,0.080000000
3702,0,1.216063438,1.032034632
3703,0,-0.000000000,0.000000000
3704,0,1.000000000,1.000000000
3705,0,0.302292189,0.080000000
3706,0,1.010784836,1.001785714
3707,0,1.872752561,1.999840350
3708,0,0.999849282,1.014454473
3709,0,1.870905379,2.008672684
3710,0,0.999753929,1.018469102
3711,0,1.499876964,1.000000000
3712,0,0.999135140,0.965377603
3713,0,-0.000000000,0.000000000
3714,0,1.000000000,1.000000000
3715,0,1.500000000,2.000000000
3716,0,1.180906651,1.009375000
3717,0,0.328975528,0.088762375
3718,0,0.999999442,1.000879828
3719,0,0.302292178,0.080000000
3720,0,1.010783269,1.000319470
3721,0,-0.000000000,0.000000000
3722,0,1.000000000,1.000000000
3723,0,0.302292189,0.080000000
3724,0,1.050654972,1.006222222
3725,0,1.035616201,0.407633189
3726,0,1.194126817,1.033474402
3727,0,0.331348313,0.089555809
3728,0,1.056157959,1.006480258
3729,0,-0.000000000,0.000000000
3730,0,1.000000000,1.000000000
3731,0,0.302292189,0.080000000
3732,0,1.050654972,1.006222222
3733,0,0.307950877,0.081838984
3734,0,1.011021502,1.001729189
3735,0,0.303261705,0.080314266
3736,0,1.010824204,1.001786837
3737,0,0.303242288,0.080308001
3738,0,1.010823213,1.001788684
3739,0,1.872759787,1.202053258
3740,0,0.999849318,0.985547240
3741,0,0.302289175,0.080000000
3742,0,0.999999064,1.001139040
3743,0,1.021928001,1.800000000
3744,0,1.508111240,1.540677729
3745,0,2.020230416,2.415348555
3746,0,1.897523939,1.453225951
3747,0,-0.000000000,0.000000000
3748,0,1.000000000,1.000000000
3749,0,-0.000000000,0.000000000
3750,0,1.000000000,1.000000000
3751,0,1.021928095,0.400000000
3752,0,1.190930197,1.032222222
3753,0,0.330757837,0.089359612
3754,0,1.011981691,1.001497894
3755,0,1.872985182,1.999448722
3756,0,1.443600167,1.093346365
3757,0,1.970094531,1.951835463
3758,0,1.503722979,1.090382501
3759,0,2.223633805,1.313046829
3760,0,2.036736583,1.501867757
3761,0,2.009479717,1.645489656
3762,0,1.612879796,0.994197940
3763,0,1.310724285,0.584632082
3764,0,0.998906168,1.038935718
3765,0,1.870622445,2.023361431
3766,0,0.999989729,0.996226547
3767,0,-0.000000000,0.000000000
3768,0,1.000000000,1.000000000
3769,0,0.302292189,0.080000000
3770,0,0.999999424,1.000893655
3771,0,1.021928037,0.400000000
3772,0,0.999984445,1.004643723
3773,0,-0.000000000,0.000000000
3774,0,1.000000000,1.000000000
3775,0,1.021928095,1.800000000
3776,0,1.659062487,1.145098039
3777,0,0.459121683,0.134821453
3778,0,1.017608339,0.999721090
3779,0,0.303938530,0.080532790
3780,0,1.010858780,1.000416010
3781,0,-0.000000000,0.000000000
3782,0,1.000000000,1.000000000
3783,0,-0.000000000,0.000000000
3784,0,1.000000000,1.000000000
3785,0,1.021928095,0.400000000
3786,0,0.999984960,0.995433790
3787,0,0.302291888,0.080000000
3788,0,1.050617556,1.006354135
3789,0,-0.000000000,0.000000000
3790,0,1.000000000,1.000000000
3791,0,-0.000000000,0.000000000
3792,0,1.000000000,1.000000000
3793,0,0.302292189,0.080000000
3794,0,0.999999424,0.999106345
3795,0,0.302292178,0.080000000
3796,0,1.216033429,1.041961716
3797,0,1.100176984,2.007926034
3798,0,0.999997787,0.998248573
3799,0,0.302292145,0.080000000
3800,0,0.999999385,0.999076608
3801,0,0.302292177,1.999963064
3802,0,1.508152124,1.540864988
3803,0,2.020235530,1.293320743
3804,0,1.740392951,2.069992870
3805,0,1.639382960,2.699519111
3806,0,1.713595219,1.541243579
3807,0,0.491698080,0.149154624
3808,0,1.093871446,1.032732541
3809,0,0.313928605,0.083774551
3810,0,0.999999990,0.999880817
3811,0,1.870950591,1.200000000
3812,0,1.115132645,1.028603454
3813,0,0.317490154,0.084962405
3814,0,1.011400491,1.001836399
3815,0,0.303299621,0.080326545
3816,0,0.999999427,0.999108357
3817,0,-0.000000000,0.000000000
3818,0,1.000000000,1.000000000
3819,0,1.870950594,1.400000000
3820,0,1.442705945,1.096666667
3821,0,0.389175081,1.947871215
3822,0,0.999999903,1.000366869
3823,0,0.302292187,0.080000000
3824,0,1.010785489,1.000341223
3825,0,0.303238445,0.080306757
3826,0,0.999999425,1.000893047
3827,0,0.302292178,0.080000000
3828,0,1.216033450,1.032044808
3829,0,-0.000000000,0.000000000
3830,0,1.000000000,1.000000000
3831,0,0.302292189,0.080000000
3832,0,0.999999424,0.999106345
3833,0,1.499999712,1.000000000
3834,0,1.180862334,1.050419824
3835,0,1.085076904,1.998603657
3836,0,1.047824018,1.009427741
3837,0,1.034723394,0.407127689
3838,0,1.044937710,1.009086351
3839,0,-0.000000000,0.000000000
3840,0,1.000000000,1.000000000
3841,0,-0.000000000,0.000000000
3842,0,1.000000000,1.000000000
3843,0,1.021928095,0.400000000
3844,0,0.999984960,0.995433790
3845,0,0.302291888,0.080000000
3846,0,1.010776696,1.001862491
3847,0,1.506208431,1.999825102
3848,0,1.181416695,1.050016019
3849,0,1.085294450,1.998421767
3850,0,1.512618056,1.209584403
3851,0,1.674055203,1.705588504
3852,0,1.205018701,0.916564580
3853,0,1.096572003,0.443360477
3854,0,0.999905334,0.988544341
3855,0,-0.000000000,0.000000000
3856,0,1.000000000,1.000000000
3857,0,1.870950594,1.200000000
3858,0,1.115135655,1.005357143
3859,0,-0.000000000,0.000000000
3860,0,1.000000000,1.000000000
3861,0,-0.000000000,0.000000000
3862,0,1.000000000,1.000000000
3863,0,-0.000000000,0.000000000
3864,0,1.000000000,1.000000000
3865,0,1.021928095,0.400000000
3866,0,1.044208200,1.009090909
3867,0,1.033603662,0.406505016
3868,0,1.193539062,1.032914572
3869,0,1.090271862,0.438902747
3870,0,1.207052473,1.038637215
3871,0,1.908208883,1.127163355
3872,0,1.721531195,1.229489094
3873,0,1.495488652,1.236304490
3874,0,2.265767646,1.926042553
3875,0,0.981559330,0.381137720
3876,0,1.046168452,1.052069846
3877,0,0.307412706,0.081665147
3878,0,0.999999993,1.000101634
3879,0,1.870950592,1.200000000
3880,0,1.115138221,1.028544119
3881,0,-0.000000000,0.000000000
3882,0,1.000000000,1.000000000
3883,0,1.870950594,2.000000000
3884,0,0.999848483,1.014492754
3885,0,-0.000000000,0.000000000
3886,0,1.000000000,1.000000000
3887,0,1.870950594,2.000000000
3888,0,1.115135655,1.005357143
3889,0,-0.000000000,0.000000000
3890,0,1.000000000,1.000000000
3891,0,1.021928095,0.400000000
3892,0,1.044208200,1.009090909
3893,0,0.307114252,0.081566298
3894,0,1.219460527,1.042890981
3895,0,0.336269242,0.091203777
3896,0,1.012223818,1.001360094
3897,0,-0.000000000,0.000000000
3898,0,1.000000000,1.000000000
3899,0,-0.000000000,0.000000000
3900,0,1.000000000,1.000000000
3901,0,1.500000000,2.000000000
3902,0,2.242595798,1.493333333
3903,0,0.941859537,0.351998895
3904,0,0.999880239,1.012884856
3905,0,-0.000000000,0.000000000
3906,0,1.000000000,1.000000000
3907,0,1.500000000,2.000000000
3908,0,2.242595798,1.646666667
3909,0,1.852646566,1.123402380
3910,0,1.442772885,1.039336957
3911,0,-0.000000000,0.000000000
3912,0,1.000000000,1.000000000
3913,0,1.870950594,1.400000000
3914,0,0.999848483,1.014492754
3915,0,-0.000000000,0.000000000
3916,0,1.000000000,1.000000000
3917,0,0.302292189,0.080000000
3918,0,1.010784836,1.001785714
3919,0,-0.000000000,0.000000000
3920,0,1.000000000,1.000000000
3921,0,1.021928095,0.400000000
3922,0,1.190930197,1.032222222
3923,0,1.607093530,2.046125679
3924,0,0.999884257,0.987333132
3925,0,-0.000000000,0.000000000
3926,0,1.000000000,1.000000000
3927,0,1.870950594,2.000000000
3928,0,1.115135655,1.005357143
3929,0,0.317490439,0.084962493
3930,0,1.011400571,1.000426557
3931,0,0.303299627,0.080326547
3932,0,1.050839064,1.006242931
3933,0,1.880860647,1.212173638
3934,0,0.999877303,0.986958171
3935,0,1.021915825,0.400000000
3936,0,1.190524780,1.030932530
3937,0,0.330704371,0.089342673
3938,0,1.056006532,1.007802096
3939,0,1.037315021,0.408577330
3940,0,1.194558971,1.031190372
3941,0,-0.000000000,0.000000000
3942,0,1.000000000,1.000000000
3943,0,-0.000000000,0.000000000
3944,0,1.000000000,1.000000000
3945,0,-0.000000000,0.000000000
3946,0,1.000000000,1.000000000
3947,0,1.870950594,2.000000000
3948,0,1.115135655,1.005357143
3949,0,0.317490439,0.084962493
3950,0,0.999999434,1.000885826
3951,0,1.021928038,0.400000000
3952,0,1.190902797,1.031181977
3953,0,-0.000000000,0.000000000
3954,0,1.000000000,1.000000000
3955,0,1.021928095,0.400000000
3956,0,1.659062487,1.145098039
3957,0,-0.000000000,0.000000000
3958,0,1.000000000,1.000000000
3959,0,-0.000000000,0.000000000
3960,0,1.000000000,1.000000000
3961,0,-0.000000000,0.000000000
3962,0,1.000000000,1.000000000
3963,0,-0.000000000,0.000000000
3964,0,1.000000000,1.000000000
3965,0,1.021928095,0.400000000
3966,0,1.659062487,1.190196078
3967,0,1.346252956,0.605008431
3968,0,1.065303413,0.998713446
3969,0,0.309893886,0.082469087
3970,0,1.052198054,1.006087554
3971,0,1.036096725,1.796898224
3972,0,0.999988045,1.004070991
3973,0,1.870947008,1.400000000
3974,0,0.999824157,1.015612830
3975,0,-0.000000000,0.000000000
3976,0,1.000000000,1.000000000
3977,0,1.500000000,1.000000000
3978,0,1.633875355,1.161111111
3979,0,-0.000000000,0.000000000
3980,0,1.000000000,1.000000000
3981,0,0.302292189,0.080000000
3982,0,1.010784836,1.001785714
3983,0,1.872752561,1.399489841
3984,0,0.999849282,0.985545527
3985,0,1.499924641,1.985545527
3986,0,1.632216085,1.153964177
3987,0,0.449710551,0.131285299
3988,0,1.078804860,1.007921533
3989,0,-0.000000000,0.000000000
3990,0,1.000000000,1.000000000
3991,0,0.302292189,0.080000000
3992,0,1.010784836,1.000334821
3993,0,1.024228392,0.401277276
3994,0,0.999984993,1.004561145
3995,0,1.021926594,0.400000000
3996,0,1.044172277,1.009481207
3997,0,1.879433943,1.999467753
3998,0,1.446456696,1.935970076
3999,0,1.970716933,1.951135231
4000,0,0.999978455,0.994534837
4001,0,0.302291758,0.080000000
4002,0,1.050699663,1.006552533
4003,0,-0.000000000,0.000000000
4004,0,1.000000000,1.000000000
4005,0,1.500000000,1.000000000
4006,0,2.242595798,1.780000000
4007,0,1.960530610,1.241225714
4008,0,1.274398684,0.963214760
4009,0,1.126124683,0.460504634
4010,0,1.051609449,1.019490726
4011,0,1.035856202,0.407744570
4012,0,1.194671858,1.030012241
4013,0,0.331424210,0.089580081
4014,0,0.999999874,1.000417533
4015,0,1.870950557,1.200000000
4016,0,1.115125102,1.028683622
4017,0,0.317489440,0.084962185
4018,0,1.011400289,1.000424207
4019,0,1.024377482,1.799464474
4020,0,1.044347034,1.009094670
4021,0,-0.000000000,0.000000000
4022,0,1.000000000,1.000000000
4023,0,-0.000000000,0.000000000
4024,0,1.000000000,1.000000000
4025,0,-0.000000000,0.000000000
4026,0,1.000000000,1.000000000
4027,0,0.302292189,0.080000000
4028,0,1.050654972,1.006444444
4029,0,0.307950877,0.081838984
4030,0,1.220198238,1.032706176
4031,0,0.336405886,0.091249124
4032,0,0.999999926,1.000320049
4033,0,1.021928087,0.400000000
4034,0,0.999984776,0.995406030
4035,0,1.870946027,1.400000000
4036,0,1.115018438,1.029805795
4037,0,-0.000000000,0.000000000
4038,0,1.000000000,1.000000000
4039,0,1.021928095,0.400000000
4040,0,1.190930197,1.032222222
4041,0,0.330757837,0.089359612
4042,0,0.999999825,0.999507126
4043,0,0.302292186,0.080000000
4044,0,1.010783958,1.001794002
4045,0,0.303238325,0.080306722
4046,0,0.999999424,1.000893338
4047,0,1.021928037,0.400000000
4048,0,1.044201186,1.001625189
4049,0,-0.000000000,0.000000000
4050,0,1.000000000,1.000000000
4051,0,1.870950594,1.200000000
4052,0,1.442705945,1.093333333
4053,0,-0.000000000,0.000000000
4054,0,1.000000000,1.000000000
4055,0,1.021928095,1.800000000
4056,0,1.044208200,1.001704545
4057,0,0.307114252,0.081566298
4058,0,1.051532863,1.006328340
4059,0,1.881015317,1.396925522
4060,0,1.447568984,1.935680257
4061,0,1.970959916,1.949515466
4062,0,0.999972173,0.993789079
4063,0,1.870942246,1.400000000
4064,0,1.115290270,1.026902384
4065,0,0.317505243,0.084967086
4066,0,1.053444735,1.006526851
4067,0,0.308317819,0.081958242
4068,0,0.999999532,1.000805196
4069,0,0.302292180,0.080000000
4070,0,1.010783402,1.000320772
4071,0,1.024228095,2.000050095
4072,0,1.191442803,1.032356564
4073,0,0.330853509,0.089391437
4074,0,1.011985866,1.000907557
4075,0,0.303357505,0.080345188
4076,0,0.999999438,0.999117467
4077,0,1.499999719,1.999117467
4078,0,1.633776264,1.160674747
4079,0,0.449991173,0.131394251
4080,0,1.017161629,1.000215294
4081,0,0.303891621,0.080517696
4082,0,0.999999497,1.000835184
4083,0,1.870950444,2.000501110
4084,0,1.442643946,1.093533778
4085,0,1.214998058,0.515398367
4086,0,1.771893803,1.177435935
4087,0,0.503547349,0.151761455
4088,0,0.999989693,0.996219963
4089,0,1.499994846,1.000000000
4090,0,1.634296516,1.154043541
4091,0,1.330546578,0.593559007
4092,0,1.267317405,1.034559749
4093,0,1.123149688,0.458239181
4094,0,1.721736899,1.160242707
4095,0,2.013439052,1.883408032
4096,0,1.551526112,1.076161923
4097,0,0.419557482,0.120290242
4098,0,1.074219032,1.005238544
4099,0,1.545403506,1.013645880
4100,0,0.999796793,1.016783675
4101,0,-0.000000000,0.000000000
4102,0,1.000000000,1.000000000
4103,0,1.500000000,2.000000000
4104,0,1.633875355,1.155555556
4105,0,-0.000000000,0.000000000
4106,0,1.000000000,1.000000000
4107,0,-0.000000000,0.000000000
4108,0,1.000000000,1.000000000
4109,0,0.302292189,0.080000000
4110,0,0.999999424,0.999106345
4111,0,0.302292178,0.080000000
4112,0,1.010783244,1.001800740
4113,0,1.024228062,0.401277121
4114,0,0.999984983,0.995437315
4115,0,1.021926593,1.800000000
4116,0,1.044172265,1.009481339
4117,0,-0.000000000,0.000000000
4118,0,1.000000000,1.000000000
4119,0,-0.000000000,0.000000000
4120,0,1.000000000,1.000000000
4121,0,-0.000000000,0.000000000
4122,0,1.000000000,1.000000000
4123,0,1.500000000,1.000000000
4124,0,1.180906651,1.009375000
4125,0,-0.000000000,0.000000000
4126,0,1.000000000,1.000000000
4127,0,0.302292189,2.000000000
4128,0,1.010784836,1.001785714
4129,0,-0.000000000,0.000000000
4130,0,1.000000000,1.000000000
4131,0,1.500000000,2.000000000
4132,0,0.999525689,0.974358974
4133,0,0.302282703,0.080000000
4134,0,1.010738885,1.002216838
4135,0,1.024218915,0.401272833
4136,0,0.999984701,1.004605331
4137,0,0.302291883,0.080000000
4138,0,0.999999319,1.000971847
4139,0,1.499999659,2.000971847
4140,0,1.180858443,1.050456556
4141,0,0.328971236,0.088761014
4142,0,1.011867636,1.001883356
4143,0,1.024491547,1.999911269
4144,0,0.999985080,1.004547903
4145,0,1.870946118,1.200000000
4146,0,1.442367116,1.094424830
4147,0,0.389119634,1.947869222
4148,0,0.999999924,0.999675677
4149,0,1.870950572,1.200000000
4150,0,0.999850343,1.014403515
4151,0,-0.000000000,0.000000000
4152,0,1.000000000,1.000000000
4153,0,-0.000000000,0.000000000
4154,0,1.000000000,1.000000000
4155,0,1.021928095,0.400000000
4156,0,1.044208200,1.009090909
4157,0,1.879446735,1.999192347
4158,0,1.116314986,1.028552720
4159,0,1.058772731,0.420712499
4160,0,1.199217342,1.034485115
4161,0,1.894391278,2.139916015
4162,0,2.329887345,1.900251299
4163,0,2.001096863,2.573834280
4164,0,1.279913627,1.257696282
4165,0,1.133717191,0.467194049
4166,0,0.999578856,0.975838601
4167,0,-0.000000000,0.000000000
4168,0,1.000000000,1.000000000
4169,0,1.500000000,2.000000000
4170,0,1.180906651,1.009375000
4171,0,-0.000000000,0.000000000
4172,0,1.000000000,1.000000000
4173,0,1.021928095,0.400000000
4174,0,1.044208200,1.009090909
4175,0,1.033603662,0.406505016
4176,0,0.999985129,1.004540402
4177,0,0.302291892,0.080000000
4178,0,1.050617767,1.006354645
4179,0,0.307947116,0.081837851
4180,0,0.999999518,0.999182400
4181,0,0.302292179,0.080000000
4182,0,1.010783380,1.000320556
4183,0,-0.000000000,0.000000000
4184,0,1.000000000,1.000000000
4185,0,1.870950594,1.400000000
4186,0,0.999848483,0.985507246
4187,0,1.870905139,1.991304348
4188,0,1.114757617,1.001311023
4189,0,-0.000000000,0.000000000
4190,0,1.000000000,1.000000000
4191,0,0.302292189,0.080000000
4192,0,1.010784836,1.001785714
4193,0,1.872752561,1.399489841
4194,0,0.999849282,0.985545527
4195,0,-0.000000000,0.000000000
4196,0,1.000000000,1.000000000
4197,0,1.870950594,1.200000000
4198,0,1.115135655,1.028571429
4199,0,0.317490439,0.084962493
4200,0,1.011400571,1.000426557
4201,0,1.872868757,1.399462501
4202,0,2.102721548,1.352928162
4203,0,0.722937498,0.244217013
4204,0,0.999960614,1.007389201
4205,0,1.021924156,0.400000000
4206,0,0.999988886,1.003925270
4207,0,0.302291967,0.080000000
4208,0,0.999999335,1.000960301
4209,0,1.870950395,1.200000000
4210,0,1.442634650,1.093563805
4211,0,0.389163384,1.947870794
4212,0,0.999999908,0.999642115
4213,0,0.302292187,0.080000000
4214,0,1.050657901,1.006451523
4215,0,0.307951174,0.081839073
4216,0,1.011021537,1.001728983
4217,0,1.872798384,1.399481058
4218,0,1.511797582,1.208674864
4219,0,2.499244708,1.661674114
4220,0,2.234095668,1.276967320
4221,0,2.283281765,1.392878096
4222,0,2.540151105,2.135435382
4223,0,-0.000000000,0.000000000
4224,0,1.000000000,1.000000000
4225,0,0.302292189,0.080000000
4226,0,1.050654972,1.006222222
4227,0,0.307950877,0.081838984
4228,0,0.999999521,0.999185048
4229,0,0.302292180,0.080000000
4230,0,1.216036073,1.041964325
4231,0,0.335600422,0.090980107
4232,0,0.999999912,0.999650445
4233,0,1.021928086,1.800000000
4234,0,1.508260784,1.208418299
4235,0,1.493706914,1.476146362
4236,0,1.538864163,1.168698079
4237,0,1.542689226,1.167179900
4238,0,0.885058948,0.606219279
4239,0,-0.000000000,0.000000000
4240,0,1.000000000,1.000000000
4241,0,0.302292189,0.080000000
4242,0,0.999999424,0.999106345
4243,0,0.302292178,0.080000000
4244,0,0.999999404,1.000908828
4245,0,1.021928035,2.000181766
4246,0,1.044201064,1.009168679
4247,0,0.307113593,0.081566100
4248,0,1.219456929,1.032650919
4249,0,-0.000000000,0.000000000
4250,0,1.000000000,1.000000000
4251,0,1.021928095,0.400000000
4252,0,1.044208200,1.001704545
4253,0,-0.000000000,0.000000000
4254,0,1.000000000,1.000000000
4255,0,0.302292189,0.080000000
4256,0,0.999999424,1.000893655
4257,0,1.021928037,0.400000000
4258,0,0.999984445,1.004643723
4259,0,-0.000000000,0.000000000
4260,0,1.000000000,1.000000000
4261,0,1.870950594,1.400000000
4262,0,0.999848483,0.985507246
4263,0,-0.000000000,0.000000000
4264,0,1.000000000,1.000000000
4265,0,1.021928095,2.000000000
4266,0,0.999984960,0.995433790
4267,0,0.302291888,0.080000000
4268,0,1.050617556,1.006295282
4269,0,1.035606365,0.407628479
4270,0,1.045015437,1.008786029
4271,0,1.526223509,1.006727175
4272,0,1.183581599,1.011020315
4273,0,0.329438044,0.088913939
4274,0,0.999999497,1.000835284
4275,0,0.302292179,0.080000000
4276,0,1.050648133,1.006235587
4277,0,0.307950185,0.081838776
4278,0,1.220196735,1.032706405
4279,0,1.102010211,0.445797736
4280,0,0.999998148,0.998397604
4281,0,0.302292152,0.080000000
4282,0,1.216009620,1.041938220
4283,0,1.919333222,2.024746118
4284,0,2.133831417,1.502856322
4285,0,0.749327176,0.256465210
4286,0,1.140750794,1.008632241
4287,0,0.321471592,0.086259357
4288,0,1.054523148,1.005959629
4289,0,1.036828102,0.408301090
4290,0,0.999988673,1.003962711
4291,0,-0.000000000,0.000000000
4292,0,1.000000000,1.000000000
4293,0,0.302292189,0.080000000
4294,0,1.010784836,1.000334821
4295,0,-0.000000000,0.000000000
4296,0,1.000000000,1.000000000
4297,0,1.021928095,0.400000000
4298,0,1.190930197,1.032222222
4299,0,1.913428813,1.258468394
4300,0,1.465379569,1.112255300
4301,0,0.395137111,0.111495591
4302,0,1.283570427,1.063145298
4303,0,-0.000000000,0.000000000
4304,0,1.000000000,1.000000000
4305,0,-0.000000000,0.000000000
4306,0,1.000000000,1.000000000
4307,0,1.021928095,2.000000000
4308,0,0.999984960,1.004566210
4309,0,-0.000000000,0.000000000
4310,0,1.000000000,1.000000000
4311,0,0.302292189,0.080000000
4312,0,0.999999424,0.999106345
4313,0,-0.000000000,0.000000000
4314,0,1.000000000,1.000000000
4315,0,0.302292189,0.080000000
4316,0,0.999999424,1.000893655
4317,0,0.302292178,0.080000000
4318,0,0.999999404,0.999091172
4319,0,1.499999702,1.999091172
4320,0,0.999509188,0.973916820
4321,0,1.021879014,0.400000000
4322,0,0.999966366,0.993171679
4323,0,1.021924732,0.400000000
4324,0,0.999980805,0.994841539
4325,0,0.302291805,0.080000000
4326,0,0.999999305,1.000981238
4327,0,-0.000000000,0.000000000
4328,0,1.000000000,1.000000000
4329,0,0.302292189,0.080000000
4330,0,0.999999424,1.000893655
4331,0,1.021928037,0.400000000
4332,0,1.044201183,1.001625160
4333,0,-0.000000000,0.000000000
4334,0,1.000000000,1.000000000
4335,0,1.870950594,1.200000000
4336,0,1.115135655,1.028571429
4337,0,1.058332487,0.420465473
4338,0,1.046279906,1.009258658
4339,0,0.307378777,0.081652165
4340,0,1.010991263,1.000373234
4341,0,1.506347792,2.001023252
4342,0,1.635314367,1.162002310
4343,0,2.003078713,1.338096474
4344,0,0.999811158,0.983820397
4345,0,1.021909211,0.400000000
4346,0,1.044333405,1.007706309
4347,0,0.307125944,0.081569829
4348,0,0.999999462,1.000863300
4349,0,0.302292178,0.080000000
4350,0,1.050647903,1.006236035
4351,0,0.307950162,0.081838769
4352,0,1.011021418,1.001729684
4353,0,1.024285283,0.401308575
4354,0,1.191459857,1.031187491
4355,0,0.330856456,0.089392409
4356,0,1.011986038,1.001495419
4357,0,0.303357521,0.080345193
4358,0,1.010828992,1.000352096
4359,0,1.506248666,2.000985377
4360,0,1.181425789,1.009649153
4361,0,-0.000000000,0.000000000
4362,0,1.000000000,1.000000000
4363,0,0.302292189,0.080000000
4364,0,0.999999424,1.000893655
4365,0,1.021928037,1.800000000
4366,0,0.999984445,1.004643723
4367,0,0.302291878,0.080000000
4368,0,0.999999318,1.000972499
4369,0,0.302292175,0.080000000
4370,0,0.999999402,0.999089833
4371,0,0.302292177,0.080000000
4372,0,1.050647519,1.006426443
4373,0,1.035614241,0.407632250
4374,0,1.045016884,1.008775370
4375,0,-0.000000000,0.000000000
4376,0,1.000000000,1.000000000
4377,0,0.302292189,0.080000000
4378,0,0.999999424,0.999106345
4379,0,1.021928037,0.400000000
4380,0,1.190902555,1.032133850
4381,0,1.089142813,0.438247837
4382,0,0.999995531,1.002488947
4383,0,-0.000000000,0.000000000
4384,0,1.000000000,1.000000000
4385,0,0.302292189,0.080000000
4386,0,1.010784836,1.000334821
4387,0,-0.000000000,0.000000000
4388,0,1.000000000,1.000000000
4389,0,-0.000000000,0.000000000
4390,0,1.000000000,1.000000000
4391,0,1.870950594,1.200000000
4392,0,0.999848483,0.985507246
4393,0,-0.000000000,0.000000000
4394,0,1.000000000,1.000000000
4395,0,-0.000000000,0.000000000
4396,0,1.000000000,1.000000000
4397,0,0.302292189,0.080000000
4398,0,1.010784836,1.001785714
4399,0,0.303238394,0.080306742
4400,0,1.216730444,1.042167601
4401,0,1.100483205,0.444905593
4402,0,1.209617174,1.040025584
4403,0,1.097162416,2.008277167
4404,0,1.208921501,1.040006750
4405,0,0.334113527,2.001695576
4406,0,1.056740847,1.008174779
4407,0,-0.000000000,0.000000000
4408,0,1.000000000,1.000000000
4409,0,0.302292189,0.080000000
4410,0,1.010784836,1.000334821
4411,0,1.872752561,1.399489841
4412,0,0.999849282,0.985545527
4413,0,-0.000000000,0.000000000
4414,0,1.000000000,1.000000000
4415,0,0.302292189,0.080000000
4416,0,0.999999424,1.000893655
4417,0,-0.000000000,0.000000000
4418,0,1.000000000,1.000000000
4419,0,1.021928095,0.400000000
4420,0,1.392849654,1.118689702
4421,0,1.704704342,1.472475659
4422,0,1.365016234,0.735486147
4423,0,1.620319838,1.619121995
4424,0,1.967158460,1.721004310
4425,0,1.738611397,1.490307947
4426,0,1.703594686,1.417902004
4427,0,1.650430076,0.885480650
4428,0,2.275659434,1.889566842
4429,0,1.095411521,0.678065392
4430,0,1.412490913,1.350669536
4431,0,0.612714123,0.392140535
4432,0,1.056564198,1.011885193
4433,0,0.349949584,0.100688960
4434,0,1.074631560,1.017476159
4435,0,1.046438110,1.492158225
4436,0,1.416904832,1.114660034
4437,0,0.755717079,0.399232780
4438,0,1.230805367,0.971234568
4439,0,0.809928641,0.322349775
4440,0,0.328944294,0.097269636
4441,0,1.029613016,1.057237526
4442,0,0.479364634,0.206596620
4443,0,0.693278098,0.372234579
4444,0,0.828659823,0.522544060
4445,0,0.380257884,0.147770347
4446,0,0.657642421,0.339945485
4447,0,0.808085975,0.495991492
4448,0,-0.000000000,0.000000000
4449,0,0.985228136,0.857142857
4450,0,0.996791632,1.066666667
4451,0,0.464514944,0.197183099
4452,0,-0.000000000,0.000000000
4453,0,0.985228136,1.142857143
4454,0,1.267137940,1.080000000
4455,0,0.652254534,1.664739884
4456,0,1.053887428,0.725203252
4457,0,0.162636157,0.040361865
4458,0,-0.000000000,0.000000000
4459,0,0.143726170,0.040816327
4460,0,0.160114853,0.046795524
4461,0,-0.000000000,0.000000000
4462,0,-0.000000000,0.000000000
4463,0,0.503258335,0.222222222
4464,0,0.095970403,0.024691358
4465,0,-0.000000000,0.000000000
4466,0,-0.000000000,0.000000000
4467,0,0.985228136,0.857142857
4468,0,-0.000000000,0.000000000
4469,0,0.143726170,0.040816327
4470,0,0.004850167,0.000757289
4471,0,0.144064358,0.040937481
4472,0,0.103144358,0.026984796
4473,0,0.534478036,0.243575554
4474,0,-0.000000000,0.000000000
4475,0,0.143726170,0.040816327
4476,0,0.023187512,0.004535147
4477,0,0.145750730,0.041543027
4478,0,0.023541519,0.004615892
4479,0,0.145786760,0.041555990
4480,0,0.004928220,0.000771039
4481,0,-0.000000000,0.000000000
4482,0,-0.000000000,0.000000000
4483,0,0.985228136,0.857142857
4484,0,0.069054382,0.016528926
4485,0,0.151096971,0.043478261
4486,0,0.024479319,0.004830918
4487,0,0.145882706,0.041590516
4488,0,-0.000000000,0.000000000
4489,0,0.143726170,0.040816327
4490,0,-0.000000000,0.000000000
4491,0,-0.000000000,0.000000000
4492,0,-0.000000000,0.000000000
4493,0,0.985228136,1.142857143
4494,0,0.276195428,1.904761905
4495,0,0.216396932,0.068965517
4496,0,1.037945485,1.033409611
4497,0,0.999223087,0.967184801
4498,0,0.316949916,0.114757244
4499,0,0.194631119,0.060095442
4500,0,0.006835265,0.001115983
4501,0,0.504579646,0.223104042
4502,0,0.096279972,0.024789338
4503,0,0.154773028,0.044822517
4504,0,0.025126644,0.004980280
4505,0,0.509134378,0.226158347
4506,0,-0.000000000,0.000000000
4507,0,-0.000000000,0.000000000
4508,0,-0.000000000,0.000000000
4509,0,0.503258335,0.222222222
4510,0,0.095970403,0.024691358
4511,0,0.154729451,0.044806517
4512,0,0.025118958,0.004978502
4513,0,-0.000000000,0.000000000
4514,0,-0.000000000,0.000000000
4515,0,0.143726170,0.040816327
4516,0,0.023187512,0.004535147
4517,0,0.989107139,1.134160090
4518,0,-0.000000000,0.000000000
4519,0,-0.000000000,0.000000000
4520,0,-0.000000000,0.000000000
4521,0,-0.000000000,0.000000000
4522,0,-0.000000000,0.000000000
4523,0,-0.000000000,0.000000000
4524,0,-0.000000000,0.000000000
4525,0,0.143726170,0.040816327
4526,0,0.023187512,0.004535147
4527,0,0.145750730,0.041543027
4528,0,-0.000000000,0.000000000
4529,0,-0.000000000,0.000000000
4530,0,0.143726170,0.040816327
4531,0,0.161893568,0.047457627
4532,0,0.005545087,0.000880780
4533,0,0.144119502,0.040957245
4534,0,0.004865051,0.000759908
4535,0,0.985958904,0.858715459
4536,0,0.276641676,0.095444678
4537,0,1.026359142,0.978405327
4538,0,0.083326766,0.020767564
4539,0,0.152983824,0.044166864
4540,0,0.005202381,0.000819581
4541,0,0.144092174,0.040947450
4542,0,-0.000000000,0.000000000
4543,0,0.503258335,0.222222222
4544,0,-0.000000000,0.000000000
4545,0,0.143726170,0.040816327
4546,0,0.004850167,0.000757289
4547,0,-0.000000000,0.000000000
4548,0,-0.000000000,0.000000000
4549,0,0.143726170,0.040816327
4550,0,-0.000000000,0.000000000
4551,0,-0.000000000,0.000000000
4552,0,-0.000000000,0.000000000
4553,0,0.503258335,0.222222222
4554,0,0.095970403,0.024691358
4555,0,0.154729451,0.044806517
4556,0,0.005269238,0.000831475
4557,0,-0.000000000,0.000000000
4558,0,-0.000000000,0.000000000
4559,0,0.503258335,0.222222222
4560,0,-0.000000000,0.000000000
4561,0,0.503258335,0.222222222
4562,0,-0.000000000,0.000000000
4563,0,0.143726170,0.040816327
4564,0,-0.000000000,0.000000000
4565,0,-0.000000000,0.000000000
4566,0,-0.000000000,0.000000000
4567,0,0.985228136,0.857142857
4568,0,0.276195428,0.095238095
4569,0,0.185997890,0.056680162
4570,0,0.006490338,0.001052394
4571,0,0.504504428,0.223053792
4572,0,-0.000000000,0.000000000
4573,0,-0.000000000,0.000000000
4574,0,-0.000000000,0.000000000
4575,0,0.143726170,0.040816327
4576,0,0.102899790,0.026905830
4577,0,0.155714199,0.045168456
4578,0,0.005307016,0.000838206
4579,0,0.504251010,0.222884539
4580,0,-0.000000000,0.000000000
4581,0,-0.000000000,0.000000000
4582,0,-0.000000000,0.000000000
4583,0,-0.000000000,0.000000000
4584,0,-0.000000000,0.000000000
4585,0,-0.000000000,0.000000000
4586,0,-0.000000000,0.000000000
4587,0,0.985228136,0.857142857
4588,0,-0.000000000,0.000000000
4589,0,0.503258335,0.222222222
4590,0,0.095970403,0.024691358
4591,0,0.154729451,0.044806517
4592,0,0.005269238,0.000831475
4593,0,0.005253757,0.000828719
4594,0,0.144059263,0.040935655
4595,0,0.550042429,0.254640168
4596,0,0.024222247,0.004771813
4597,0,-0.000000000,0.000000000
4598,0,-0.000000000,0.000000000
4599,0,0.143726170,0.040816327
4600,0,0.004850167,0.000757289
4601,0,0.504155247,0.222820599
4602,0,-0.000000000,0.000000000
4603,0,0.143726170,0.040816327
4604,0,-0.000000000,0.000000000
4605,0,0.143726170,0.040816327
4606,0,0.004850167,0.000757289
4607,0,0.504155247,0.222820599
4608,0,0.021570303,0.004169317
4609,0,0.508181153,0.225517261
4610,0,0.021797064,0.004220308
4611,0,0.988858434,1.134760689
4612,0,0.278658924,0.096380486
4613,0,0.186503210,0.056878446
4614,0,0.133875486,0.037329179
4615,0,0.160345473,0.046881225
4616,0,-0.000000000,0.000000000
4617,0,0.503258335,0.222222222
4618,0,-0.000000000,0.000000000
4619,0,0.143726170,0.040816327
4620,0,-0.000000000,0.000000000
4621,0,0.143726170,0.040816327
4622,0,0.004850167,0.000757289
4623,0,0.504155247,0.222820599
4624,0,-0.000000000,0.000000000
4625,0,0.503258335,0.222222222
4626,0,0.021519932,0.004158004
4627,0,0.988808991,0.865711331
4628,0,0.279464585,0.096542455
4629,0,0.186454808,0.056859444
4630,0,0.006508510,0.001055732
4631,0,0.144197623,0.040985248
4632,0,0.023269893,0.004553916
4633,0,0.989121906,0.866522577
4634,0,0.783944763,0.466441603
4635,0,0.930414528,0.574693539
4636,0,-0.000000000,0.000000000
4637,0,0.503258335,1.777777778
4638,0,0.095970403,0.024691358
4639,0,-0.000000000,0.000000000
4640,0,-0.000000000,0.000000000
4641,0,0.143726170,0.040816327
4642,0,-0.000000000,0.000000000
4643,0,0.503258335,0.222222222
4644,0,-0.000000000,0.000000000
4645,0,0.143726170,0.040816327
4646,0,0.004850167,0.000757289
4647,0,0.504155247,0.222820599
4648,0,0.096180499,0.024757844
4649,0,0.531957992,1.758189081
4650,0,0.386230667,1.848939415
4651,0,0.660657362,1.657411118
4652,0,0.031322301,0.006446484
4653,0,0.510854257,0.227317565
4654,0,0.097755275,0.025257507
4655,0,-0.000000000,0.000000000
4656,0,-0.000000000,0.000000000
4657,0,0.503258335,0.222222222
4658,0,0.021519932,0.004158004
4659,0,0.145582434,0.041482489
4660,0,0.004920471,0.000769672
4661,0,0.144069888,0.040939462
4662,0,0.004863173,0.000759578
4663,0,0.144065380,0.040937847
4664,0,-0.000000000,0.000000000
4665,0,0.985228136,0.857142857
4666,0,0.069054382,0.016528926
4667,0,0.522559375,0.235294118
4668,0,0.100530878,0.026143791
4669,0,-0.000000000,0.000000000
4670,0,-0.000000000,0.000000000
4671,0,-0.000000000,0.000000000
4672,0,-0.000000000,0.000000000
4673,0,0.143726170,0.040816327
4674,0,0.004850167,0.000757289
4675,0,0.144064358,0.040937481
4676,0,0.004862963,0.000759541
4677,0,0.504157912,0.222822379
4678,0,0.021570452,0.004169351
4679,0,-0.000000000,0.000000000
4680,0,-0.000000000,0.000000000
4681,0,-0.000000000,0.000000000
4682,0,0.503258335,0.222222222
4683,0,-0.000000000,0.000000000
4684,0,-0.000000000,0.000000000
4685,0,0.143726170,0.040816327
4686,0,0.004850167,0.000757289
4687,0,0.144064358,0.040937481
4688,0,0.023246603,0.004548609
4689,0,0.508627155,0.225817093
4690,0,0.369011392,0.141658896
4691,0,-0.000000000,0.000000000
4692,0,-0.000000000,0.000000000
4693,0,0.143726170,0.040816327
4694,0,-0.000000000,0.000000000
4695,0,0.503258335,0.222222222
4696,0,0.021519932,0.004158004
4697,0,0.147382062,0.041948234
4698,0,0.083635118,0.020811018
4699,0,0.083454674,0.041507136
4700,0,0.023658378,0.006255011
4701,0,0.523749109,0.230098902
4702,0,0.131101733,0.036273431
4703,0,0.130405352,0.072197511
4704,0,0.117188719,0.059742886
4705,0,0.525169659,0.230697398
4706,0,0.393698754,0.152791874
4707,0,0.784733511,0.425696480
4708,0,0.445022869,0.174702170
4709,0,1.082281546,1.042986937
4710,0,1.010458779,0.902714860
4711,0,1.369033630,1.026549735
4712,0,0.884990617,0.373245061
4713,0,1.029647855,0.628551777
4714,0,0.458340062,0.153943369
4715,0,0.216373637,0.068241311
4716,0,0.334106720,0.098817436
4717,0,0.618005997,0.300932841
4718,0,0.273991120,0.092917607
4719,0,0.192085612,0.058469488
4720,0,0.007413136,0.002439357
4721,0,0.006735183,0.002188538
4722,0,0.149983727,0.042770522
4723,0,0.556300984,0.255901073
4724,0,0.752219587,1.574748492
4725,0,0.950720511,0.606975671
4726,0,0.863124143,0.571429718
4727,0,1.003560784,1.356923477
4728,0,1.011534128,0.467720470
4729,0,1.414846723,1.867597574
4730,0,1.528087245,1.591647483
4731,0,1.445022932,1.356607180
4732,0,0.942975220,0.720704561
4733,0,-0.000000000,0.000000000
4734,0,1.000000000,1.000000000
4735,0,-0.000000000,0.000000000
4736,0,1.000000000,1.000000000
4737,0,1.021928095,0.400000000
4738,0,1.044208200,1.009090909
4739,0,0.307114252,0.081566298
4740,0,1.219460527,1.042890981
4741,0,-0.000000000,0.000000000
4742,0,1.000000000,1.000000000
4743,0,1.870950594,1.200000000
4744,0,0.999848483,1.014492754
4745,0,0.302289159,0.080000000
4746,0,1.010758937,1.000081952
4747,0,1.024223040,0.401274765
4748,0,1.191433203,1.032329312
4749,0,1.089368310,1.784837536
4750,0,0.999995608,0.997532564
4751,0,1.021927656,0.400000000
4752,0,1.190853825,1.031978220
4753,0,-0.000000000,0.000000000
4754,0,1.000000000,1.000000000
4755,0,0.302292189,0.080000000
4756,0,1.050654972,1.006444444
4757,0,0.307950877,0.081838984
4758,0,1.051721710,1.006720530
4759,0,0.308089788,0.081884053
4760,0,1.011027758,1.001723994
4761,0,1.024286794,0.401309398
4762,0,1.044342248,1.009090584
4763,0,1.879476496,1.397412195
4764,0,0.999852758,0.985713145
4765,0,1.870906422,1.200000000
4766,0,1.441631467,1.092428233
4767,0,1.214667033,0.515183201
4768,0,1.237212374,1.033892431
4769,0,0.339650139,0.092329059
4770,0,1.012389837,1.001369450
4771,0,0.303397437,0.080358016
4772,0,0.999999449,0.999126296
4773,0,1.021928040,0.400000000
4774,0,0.999984456,0.995358008
4775,0,-0.000000000,0.000000000
4776,0,1.000000000,1.000000000
4777,0,1.021928095,0.400000000
4778,0,1.044208200,1.001704545
4779,0,1.879446735,2.001160510
4780,0,1.116314986,1.005826178
4781,0,-0.000000000,0.000000000
4782,0,1.000000000,1.000000000
4783,0,-0.000000000,0.000000000
4784,0,1.000000000,1.000000000
4785,0,-0.000000000,0.000000000
4786,0,1.000000000,1.000000000
4787,0,0.302292189,0.080000000
4788,0,1.010784836,1.000334821
4789,0,1.872752561,1.202045054
4790,0,2.102647815,1.352906048
4791,0,0.722881509,0.244191267
4792,0,0.999960676,1.007383397
4793,0,1.021924162,0.400000000
4794,0,1.044265766,1.002360447
4795,0,0.307119597,0.081567910
4796,0,1.051540057,1.006316483
4797,0,0.308066801,0.081876652
4798,0,1.220286259,1.032718993
4799,0,-0.000000000,0.000000000
4800,0,1.000000000,1.000000000
4801,0,1.021928095,0.400000000
4802,0,1.190930197,1.032222222
4803,0,0.330757837,2.001234291
4804,0,1.011981691,1.000904528
4805,0,1.024518120,0.401436693
4806,0,1.044359191,1.001790958
4807,0,0.307133273,0.081572461
4808,0,1.010980658,1.001799978
4809,0,1.506340693,1.001336180
4810,0,0.999530434,1.025512476
4811,0,1.021881138,2.005102495
4812,0,1.044003725,1.011273842
4813,0,0.307095662,0.081560731
4814,0,1.051507993,1.006369306
4815,0,1.881006161,1.212360908
4816,0,0.999877519,0.986969667
4817,0,-0.000000000,0.000000000
4818,0,1.000000000,1.000000000
4819,0,-0.000000000,0.000000000
4820,0,1.000000000,1.000000000
4821,0,1.021928095,0.400000000
4822,0,1.190930197,1.031111111
4823,0,0.330757837,0.089359612
4824,0,1.056035831,1.006492827
4825,0,0.308657943,0.082068466
4826,0,1.011053349,1.001702740
4827,0,0.303264804,0.080315261
4828,0,1.010824399,1.000343444
4829,0,1.024237927,0.401282539
4830,0,0.999984998,0.995439643
4831,0,-0.000000000,0.000000000
4832,0,1.000000000,1.000000000
4833,0,1.021928095,0.400000000
4834,0,1.044208200,1.001704545
4835,0,1.033603662,0.406505016
4836,0,1.044868282,1.001846444
4837,0,1.033806725,0.406617882
4838,0,0.999985213,0.995472407
4839,0,1.021926616,0.400000000
4840,0,1.190789940,1.031473319
4841,0,0.330739291,0.089353731
4842,0,0.999999815,1.000506325
4843,0,1.021928076,2.000101265
4844,0,0.999984669,1.004610127
4845,0,1.021926562,0.400000000
4846,0,1.044171890,1.009485398
4847,0,1.033594945,0.406500851
4848,0,1.193522619,1.031575748
4849,0,0.331243245,0.089521143
4850,0,0.999999833,1.000481721
4851,0,1.870950544,2.000289033
4852,0,1.508235774,1.208450428
4853,0,1.537194082,1.167713672
4854,0,0.990812737,1.112735056
4855,0,-0.000000000,0.000000000
4856,0,1.000000000,1.000000000
4857,0,-0.000000000,0.000000000
4858,0,1.000000000,1.000000000
4859,0,0.302292189,0.080000000
4860,0,1.216063438,1.041991342
4861,0,1.100187131,1.782324767
4862,0,1.048946092,1.005391001
4863,0,0.307715253,0.081760981
4864,0,1.051676563,1.006705549
4865,0,1.881053172,2.004223759
4866,0,1.116667908,1.007238051
4867,0,1.058888947,0.420776189
4868,0,1.046329289,1.009072979
4869,0,0.307384500,0.081653985
4870,0,1.051587905,1.006323430
4871,0,0.308073102,0.081878701
4872,0,1.051745613,1.006728372
4873,0,-0.000000000,0.000000000
4874,0,1.000000000,1.000000000
4875,0,-0.000000000,0.000000000
4876,0,1.000000000,1.000000000
4877,0,-0.000000000,0.000000000
4878,0,1.000000000,1.000000000
4879,0,0.302292189,0.080000000
4880,0,0.999999424,0.999106345
4881,0,-0.000000000,0.000000000
4882,0,1.000000000,1.000000000
4883,0,-0.000000000,0.000000000
4884,0,1.000000000,1.000000000
4885,0,0.302292189,0.080000000
4886,0,1.010784836,1.000334821
4887,0,0.303238394,0.080306742
4888,0,1.010823040,1.000340490
4889,0,1.872759752,1.399488151
4890,0,1.115369978,1.028566247
4891,0,1.058419854,0.420514484
4892,0,1.046285865,1.009249076
4893,0,1.526984125,1.998141037
4894,0,0.999555281,1.024828381
4895,0,-0.000000000,0.000000000
4896,0,1.000000000,1.000000000
4897,0,1.021928095,0.400000000
4898,0,0.999984960,0.995433790
4899,0,0.302291888,0.080000000
4900,0,0.999999320,1.000971183
4901,0,1.870950390,1.200000000
4902,0,1.115111077,1.028832390
4903,0,1.058326640,0.420462542
4904,0,1.046277140,1.009285102
4905,0,-0.000000000,0.000000000
4906,0,1.000000000,1.000000000
4907,0,-0.000000000,0.000000000
4908,0,1.000000000,1.000000000
4909,0,-0.000000000,0.000000000
4910,0,1.000000000,1.000000000
4911,0,1.870950594,1.200000000
4912,0,1.115135655,1.005357143
4913,0,1.058332487,0.420465473
4914,0,0.999985490,0.995515065
4915,0,0.302291899,0.080000000
4916,0,1.050618222,1.006293981
4917,0,1.035606540,1.796982580
4918,0,1.045015469,1.008785792
4919,0,1.033849863,0.406641252
4920,0,1.044887011,1.001902939
4921,0,0.307200478,0.081594275
4922,0,1.010983589,1.000367910
4923,0,1.024276384,0.401303786
4924,0,1.191455116,1.032364266
4925,0,1.089376614,0.438383002
4926,0,1.048251959,1.007481822
4927,0,-0.000000000,0.000000000
4928,0,1.000000000,1.000000000
4929,0,-0.000000000,0.000000000
4930,0,1.000000000,1.000000000
4931,0,1.870950594,2.000000000
4932,0,1.115135655,1.005357143
4933,0,0.317490439,0.084962493
4934,0,1.011400571,1.000426557
4935,0,1.506597729,1.001401855
4936,0,1.181461794,1.049930646
4937,0,1.085311003,0.435981573
4938,0,1.047845721,1.002536695
4939,0,1.616667076,2.025234062
4940,0,0.999562579,0.975376162
4941,0,-0.000000000,0.000000000
4942,0,1.000000000,1.000000000
4943,0,0.302292189,0.080000000
4944,0,0.999999424,1.000893655
4945,0,1.021928037,0.400000000
4946,0,0.999984445,1.004643723
4947,0,1.021926539,0.400000000
4948,0,1.190786336,1.031763010
4949,0,0.334503449,1.957101234
4950,0,1.012913360,1.000919270
4951,0,1.024595208,0.401472967
4952,0,0.999985322,0.995489126
4953,0,1.021926627,0.400000000
4954,0,1.190790459,1.031471981
4955,0,0.330739360,0.089353753
4956,0,1.011979464,1.001511083
4957,0,-0.000000000,0.000000000
4958,0,1.000000000,1.000000000
4959,0,-0.000000000,0.000000000
4960,0,1.000000000,1.000000000
4961,0,1.500000000,1.000000000
4962,0,1.633875355,1.161111111
4963,0,2.002821462,2.082005839
4964,0,1.144669295,1.042589449
4965,0,0.322230931,0.086519551
4966,0,0.999999987,0.999866500
4967,0,1.499999994,1.999866500
4968,0,0.999523283,0.974294024
4969,0,1.870807579,1.200000000
4970,0,1.114448555,1.035476704
4971,0,1.895306863,1.231845076
4972,0,1.118549712,1.004569191
4973,0,1.059638203,0.421201404
4974,0,0.999985075,1.004548651
4975,0,-0.000000000,0.000000000
4976,0,1.000000000,1.000000000
4977,0,1.870950594,2.000000000
4978,0,0.999848483,0.985507246
4979,0,0.302289159,0.080000000
4980,0,0.999999063,0.998860281
4981,0,0.302292170,0.080000000
4982,0,1.010782806,1.001804878
4983,0,-0.000000000,0.000000000
4984,0,1.000000000,1.000000000
4985,0,1.021928095,0.400000000
4986,0,1.139009150,1.050666667
4987,0,1.061346059,0.591526636
4988,0,1.222685347,1.020192331
4989,0,1.562272337,0.830979990
4990,0,1.540585956,1.187475201
4991,0,2.119426871,1.435142620
4992,0,1.797985412,1.650190090
4993,0,1.650332307,1.043982500
4994,0,1.466593438,1.056739001
4995,0,1.693051911,1.098734510
4996,0,1.845522424,1.527832856
4997,0,2.236846158,2.229797115
4998,0,2.033237046,1.766290474
4999,0,1.865074281,2.792288345
5000,0,2.226022359,2.174108457
5001,0,1.880731074,1.381209862
5002,0,1.678684993,1.880063341
5003,0,2.020237002,1.420519879
5004,0,1.613444152,0.999462516
5005,0,-0.000000000,0.000000000
5006,0,1.000000000,1.000000000
5007,0,1.870950594,2.000000000
5008,0,0.999848483,0.985507246
5009,0,1.499924241,1.985507246
5010,0,0.999229031,0.967310550
5011,0,1.021850998,0.400000000
5012,0,0.999960486,0.992598824
5013,0,0.302291399,0.080000000
5014,0,0.999999251,1.001019316
5015,0,-0.000000000,0.000000000
5016,0,1.000000000,1.000000000
5017,0,-0.000000000,0.000000000
5018,0,1.000000000,1.000000000
5019,0,-0.000000000,0.000000000
5020,0,1.000000000,1.000000000
5021,0,0.302292189,0.080000000
5022,0,1.010784836,1.001785714
5023,0,-0.000000000,0.000000000
5024,0,1.000000000,1.000000000
5025,0,1.021928095,0.400000000
5026,0,1.044208200,1.009090909
5027,0,1.879446735,1.397419158
5028,0,1.116314986,1.028552720
5029,0,1.895819217,1.232358554
5030,0,0.999864021,0.986270446
5031,0,0.302289470,0.080000000
5032,0,0.999999084,0.998873239
5033,0,-0.000000000,0.000000000
5034,0,1.000000000,1.000000000
5035,0,0.302292189,0.080000000
5036,0,0.999999424,1.000893655
5037,0,-0.000000000,0.000000000
5038,0,1.000000000,1.000000000
5039,0,0.302292189,0.080000000
5040,0,1.010784836,1.000334821
5041,0,1.872752561,2.000229400
5042,0,0.999849282,0.985545527
5043,0,-0.000000000,0.000000000
5044,0,1.000000000,1.000000000
5045,0,1.500000000,1.000000000
5046,0,1.180906651,1.050000000
5047,0,-0.000000000,0.000000000
5048,0,1.000000000,1.000000000
5049,0,1.870950594,1.200000000
5050,0,0.999848483,1.014492754
5051,0,0.302289159,0.080000000
5052,0,1.010758937,1.002029395
5053,0,-0.000000000,0.000000000
5054,0,1.000000000,1.000000000
5055,0,1.021928095,0.400000000
5056,0,0.999984960,1.004566210
5057,0,1.870946082,1.200000000
5058,0,0.999821074,0.984250926
5059,0,-0.000000000,0.000000000
5060,0,1.000000000,1.000000000
5061,0,0.302292189,0.080000000
5062,0,1.216063438,1.032034632
5063,0,0.335604248,0.090981315
5064,0,1.056991416,1.006468630
5065,0,0.308784143,0.082109363
5066,0,1.051892260,1.006791568
5067,0,0.308111670,0.081891119
5068,0,1.011028838,1.001722337
5069,0,1.024287049,0.401309535
5070,0,1.044342280,1.009090398
5071,0,0.307131258,0.081571815
5072,0,1.010980481,1.001800853
5073,0,0.303257791,0.080313016
5074,0,1.010823878,1.001788382
5075,0,1.024237810,0.401282479
5076,0,0.999984997,1.004560587
5077,0,0.302291889,0.080000000
5078,0,1.010776706,1.001862396
5079,0,1.506208446,1.001300827
5080,0,0.999528191,1.025573314
5081,0,1.021880914,1.800000000
5082,0,0.999966800,0.993215893
5083,0,-0.000000000,0.000000000
5084,0,1.000000000,1.000000000
5085,0,-0.000000000,0.000000000
5086,0,1.000000000,1.000000000
5087,0,1.870950594,2.000000000
5088,0,1.442705945,1.096666667
5089,0,1.215018433,0.515411726
5090,0,1.431999570,1.063883913
5091,0,1.634499420,1.477148448
5092,0,1.302249991,0.834045089
5093,0,-0.000000000,0.000000000
5094,0,1.000000000,1.000000000
5095,0,1.500000000,1.000000000
5096,0,1.664176538,1.403539823
5097,0,0.779613653,0.287586672
5098,0,1.027037575,0.955432712
5099,0,1.029111234,0.404184859
5100,0,1.190920890,1.027490915
5101,0,1.605827720,2.037791422
5102,0,1.195178510,1.022638820
5103,0,1.915261015,1.259835695
5104,0,1.122430289,1.013073985
5105,0,1.897408495,1.391841061
5106,0,0.999906231,1.011401254
5107,0,0.302290314,0.080000000
5108,0,1.010764477,1.000135892
5109,0,-0.000000000,0.000000000
5110,0,1.000000000,1.000000000
5111,0,0.302292189,0.080000000
5112,0,0.999999424,1.000893655
5113,0,-0.000000000,0.000000000
5114,0,1.000000000,1.000000000
5115,0,1.870950594,1.200000000
5116,0,1.115135655,1.005357143
5117,0,0.317490439,0.084962493
5118,0,0.999999434,0.999114174
5119,0,0.302292178,0.080000000
5120,0,1.050647719,1.006426925
5121,0,1.622354135,1.026020606
5122,0,1.679035594,1.188068404
5123,0,-0.000000000,0.000000000
5124,0,1.000000000,1.000000000
5125,0,-0.000000000,0.000000000
5126,0,1.000000000,1.000000000
5127,0,1.021928095,0.400000000
5128,0,1.190930197,1.031111111
5129,0,1.913428813,1.258468394
5130,0,0.999959289,0.992487528
5131,0,0.302291375,0.080000000
5132,0,0.999999248,1.001021206
5133,0,0.302292174,0.080000000
5134,0,1.050646610,1.006424247
5135,0,-0.000000000,0.000000000
5136,0,1.000000000,1.000000000
5137,0,0.302292189,0.080000000
5138,0,1.050654972,1.006222222
5139,0,-0.000000000,0.000000000
5140,0,1.000000000,1.000000000
5141,0,1.021928095,0.400000000
5142,0,0.999984960,1.004566210
5143,0,1.021926591,2.000913242
5144,0,1.507457928,1.209444021
5145,0,2.498289199,1.781346002
5146,0,2.137876039,2.180262068
5147,0,1.710326014,1.349597877
5148,0,2.253487368,2.095599424
5149,0,1.819320406,1.232289009
5150,0,2.149933254,1.264840455
5151,0,0.770952070,0.273047235
5152,0,1.034964292,1.041290585
5153,0,0.305973312,0.081193901
5154,0,1.011018129,1.001167333
5155,0,1.024282063,2.000243827
5156,0,1.191484831,1.032455091
5157,0,1.089386257,0.438388085
5158,0,1.206837829,1.031827964
5159,0,-0.000000000,0.000000000
5160,0,1.000000000,1.000000000
5161,0,0.302292189,0.080000000
5162,0,1.050654972,1.006222222
5163,0,-0.000000000,0.000000000
5164,0,1.000000000,1.000000000
5165,0,-0.000000000,0.000000000
5166,0,1.000000000,1.000000000
5167,0,0.302292189,0.080000000
5168,0,1.010784836,1.000334821
5169,0,-0.000000000,0.000000000
5170,0,1.000000000,1.000000000
5171,0,0.302292189,0.080000000
5172,0,1.010784836,1.001785714
5173,0,0.303238394,0.080306742
5174,0,1.010823040,1.001788807
5175,0,0.303242178,0.080307966
5176,0,1.050827887,1.006243000
5177,0,0.307973525,0.081846346
5178,0,1.011022477,1.001728745
5179,0,0.303261801,1.959870551
5180,0,0.999999427,1.000891081
5181,0,1.021928038,0.400000000
5182,0,0.999984446,1.004643500
5183,0,1.021926540,0.400000000
5184,0,1.044171626,1.009488254
5185,0,0.307110882,0.081565285
5186,0,0.999999417,0.999100813
5187,0,1.021928037,1.999820163
5188,0,1.658979900,1.190063670
5189,0,0.459104054,0.134814776
5190,0,1.080914336,1.015101745
5191,0,1.045626405,1.795001368
5192,0,1.045672388,1.003343739
5193,0,1.034047024,0.406749216
5194,0,0.999986158,1.004380475
5195,0,-0.000000000,0.000000000
5196,0,1.000000000,1.000000000
5197,0,1.500000000,2.000000000
5198,0,0.999525689,1.025641026
5199,0,1.021880664,0.400000000
5200,0,1.190129033,1.033162393
5201,0,1.088896410,0.438118986
5202,0,1.698664613,1.211083427
5203,0,-0.000000000,0.000000000
5204,0,1.000000000,1.000000000
5205,0,0.302292189,0.080000000
5206,0,1.010784836,1.000334821
5207,0,1.872752561,1.202045054
5208,0,1.443456332,1.096991470
5209,0,2.165097398,2.305104049
5210,0,1.997357882,1.438163855
5211,0,1.916026458,1.272405513
5212,0,1.256712269,0.882134565
5213,0,0.345924482,0.094670153
5214,0,1.061181155,1.013871947
5215,0,1.038904667,1.796532567
5216,0,1.045298085,1.003355239
5217,0,1.033930865,0.406684461
5218,0,0.999986170,1.004378575
5219,0,-0.000000000,0.000000000
5220,0,1.000000000,1.000000000
5221,0,0.302292189,0.080000000
5222,0,0.999999424,1.000893655
5223,0,1.870950422,2.000536193
5224,0,2.101596346,2.824257384
5225,0,1.691988660,1.909822273
5226,0,0.999409197,0.971383317
5227,0,-0.000000000,0.000000000
5228,0,1.000000000,1.000000000
5229,0,-0.000000000,0.000000000
5230,0,1.000000000,1.000000000
5231,0,0.302292189,0.080000000
5232,0,1.050654972,1.006222222
5233,0,0.307950877,0.081838984
5234,0,1.051721710,1.006720530
5235,0,-0.000000000,0.000000000
5236,0,1.000000000,1.000000000
5237,0,-0.000000000,0.000000000
5238,0,1.000000000,1.000000000
5239,0,-0.000000000,0.000000000
5240,0,1.000000000,1.000000000
5241,0,1.021928095,0.400000000
5242,0,1.190930197,1.032222222
5243,0,0.330757837,0.089359612
5244,0,1.056035831,1.006492827
5245,0,0.308657943,0.082068466
5246,0,0.999999555,0.999214483
5247,0,0.302292180,0.080000000
5248,0,0.999999407,0.999093008
5249,0,-0.000000000,0.000000000
5250,0,1.000000000,1.000000000
5251,0,1.500000000,1.000000000
5252,0,1.180906651,1.050000000
5253,0,-0.000000000,0.000000000
5254,0,1.000000000,1.000000000
5255,0,-0.000000000,0.000000000
5256,0,1.000000000,1.000000000
5257,0,1.021928095,0.400000000
5258,0,1.044208200,1.001704545
5259,0,1.033603662,0.406505016
5260,0,1.044868282,1.001846444
5261,0,0.307198258,0.081593565
5262,0,1.010983382,1.000366775
5263,0,1.024276338,0.401303763
5264,0,1.044340885,1.001735774
5265,0,-0.000000000,0.000000000
5266,0,1.000000000,1.000000000
5267,0,1.021928095,0.400000000
5268,0,0.999984960,0.995433790
5269,0,-0.000000000,0.000000000
5270,0,1.000000000,1.000000000
5271,0,0.302292189,0.080000000
5272,0,1.010784836,1.001785714
5273,0,0.303238394,0.080306742
5274,0,0.999999425,1.000893171
5275,0,1.021928037,0.400000000
5276,0,0.999984445,0.995356319
5277,0,0.302291878,0.080000000
5278,0,1.010776558,1.001863794
5279,0,1.872749723,1.202043584
5280,0,1.115366286,1.005423974
5281,0,1.566415827,2.014729398
5282,0,0.999588293,0.976110818
5283,0,-0.000000000,0.000000000
5284,0,1.000000000,1.000000000
5285,0,-0.000000000,0.000000000
5286,0,1.000000000,1.000000000
5287,0,0.302292189,0.080000000
5288,0,1.216063438,1.032034632
5289,0,-0.000000000,0.000000000
5290,0,1.000000000,1.000000000
5291,0,1.021928095,0.400000000
5292,0,1.190930197,1.031111111
5293,0,1.913428813,1.982691867
5294,0,2.129309952,1.364187898
5295,0,0.745470788,0.254648884
5296,0,0.999938305,1.009248063
5297,0,1.021921925,0.400000000
5298,0,1.191215080,1.033136753
5299,0,-0.000000000,0.000000000
5300,0,1.000000000,1.000000000
5301,0,0.302292189,0.080000000
5302,0,1.216063438,1.032034632
5303,0,1.919354858,1.267833243
5304,0,0.999980132,1.005248084
5305,0,-0.000000000,0.000000000
5306,0,1.000000000,1.000000000
5307,0,0.302292189,0.080000000
5308,0,1.010784836,1.000334821
5309,0,1.024228392,0.401277276
5310,0,0.999984993,0.995438855
5311,0,0.302291889,0.080000000
5312,0,0.999999320,1.000971097
5313,0,-0.000000000,0.000000000
5314,0,1.000000000,1.000000000
5315,0,-0.000000000,0.000000000
5316,0,1.000000000,1.000000000
5317,0,0.302292189,0.080000000
5318,0,1.050654972,1.006444444
5319,0,0.307950877,0.081838984
5320,0,1.051721710,1.006720530
5321,0,0.308089788,0.081884053
5322,0,1.051749932,1.006273097
5323,0,0.308093413,0.081885224
5324,0,1.011027936,1.001723732
5325,0,1.024286836,0.401309420
5326,0,0.999985068,0.995450214
5327,0,0.302291890,0.080000000
5328,0,1.050617690,1.006295019
5329,0,1.035606400,0.407628496
5330,0,1.045015443,1.002252320
5331,0,-0.000000000,0.000000000
5332,0,1.000000000,1.000000000
5333,0,-0.000000000,0.000000000
5334,0,1.000000000,1.000000000
5335,0,1.500000000,2.000000000
5336,0,0.999525689,1.025641026
5337,0,-0.000000000,0.000000000
5338,0,1.000000000,1.000000000
5339,0,-0.000000000,0.000000000
5340,0,1.000000000,1.000000000
5341,0,-0.000000000,0.000000000
5342,0,1.000000000,1.000000000
5343,0,0.302292189,0.080000000
5344,0,0.999999424,1.000893655
5345,0,-0.000000000,0.000000000
5346,0,1.000000000,1.000000000
5347,0,1.870950594,1.400000000
5348,0,1.115135655,1.028571429
5349,0,0.317490439,0.084962493
5350,0,1.053425562,1.006558435
5351,0,1.036495808,1.796800466
5352,0,0.999987842,1.004105429
5353,0,1.870946947,1.200000000
5354,0,0.999823943,1.015622304
5355,0,1.870897777,1.400000000
5356,0,1.505304243,1.528070237
5357,0,2.019850832,1.290598889
5358,0,2.328310190,2.021119841
5359,0,1.870348485,1.318736218
5360,0,1.676312686,1.462059748
5361,0,-0.000000000,0.000000000
5362,0,1.000000000,1.000000000
5363,0,0.302292189,0.080000000
5364,0,0.999999424,0.999106345
5365,0,1.021928037,0.400000000
5366,0,1.044201183,1.009167380
5367,0,1.525688565,1.998756545
5368,0,2.248493893,1.497516292
5369,0,1.856271769,1.130038917
5370,0,1.445230281,1.037489967
5371,0,-0.000000000,0.000000000
5372,0,1.000000000,1.000000000
5373,0,0.302292189,1.960000000
5374,0,0.999999424,1.000893655
5375,0,1.021928037,0.400000000
5376,0,1.044201183,1.009167380
5377,0,-0.000000000,0.000000000
5378,0,1.000000000,1.000000000
5379,0,1.870950594,1.200000000
5380,0,0.999848483,0.985507246
5381,0,-0.000000000,0.000000000
5382,0,1.000000000,1.000000000
5383,0,1.021928095,0.400000000
5384,0,0.999984960,1.004566210
5385,0,1.870946082,1.400000000
5386,0,1.442365746,1.094429224
5387,0,1.214906783,0.515338685
5388,0,1.056169616,1.004450411
5389,0,-0.000000000,0.000000000
5390,0,1.000000000,1.000000000
5391,0,-0.000000000,0.000000000
5392,0,1.000000000,1.000000000
5393,0,-0.000000000,0.000000000
5394,0,1.000000000,1.000000000
5395,0,1.870950594,1.200000000
5396,0,1.115135655,1.028571429
5397,0,0.317490439,0.084962493
5398,0,1.053425562,1.006558435
5399,0,-0.000000000,0.000000000
5400,0,1.000000000,1.000000000
5401,0,1.021928095,0.400000000
5402,0,0.999984960,0.995433790
5403,0,-0.000000000,0.000000000
5404,0,1.000000000,1.000000000
5405,0,1.021928095,0.400000000
5406,0,1.044208200,1.009090909
5407,0,1.525698309,1.006551145
5408,0,0.999546242,0.974920597
5409,0,-0.000000000,0.000000000
5410,0,1.000000000,1.000000000
5411,0,1.021928095,0.400000000
5412,0,1.044208200,1.009090909
5413,0,1.879446735,1.210345721
5414,0,1.116314986,1.028552720
5415,0,1.058772731,0.420712499
5416,0,1.046309870,1.009211107
5417,0,1.879912872,1.210916040
5418,0,2.106720446,1.467235029
5419,0,0.726342604,0.245774269
5420,0,1.030345973,1.011859855
5421,0,-0.000000000,0.000000000
5422,0,1.000000000,1.000000000
5423,0,0.302292189,0.080000000
5424,0,1.010784836,1.000334821
5425,0,-0.000000000,0.000000000
5426,0,1.000000000,1.000000000
5427,0,1.500000000,2.000000000
5428,0,2.242595798,1.646666667
5429,0,1.975921004,1.250128379
5430,0,0.996235585,0.927791642
5431,0,0.302216901,1.960000000
5432,0,1.051237474,1.005066888
5433,0,-0.000000000,0.000000000
5434,0,1.000000000,1.000000000
5435,0,0.302292189,0.080000000
5436,0,0.999999424,0.999106345
5437,0,-0.000000000,0.000000000
5438,0,1.000000000,1.000000000
5439,0,-0.000000000,0.000000000
5440,0,1.000000000,1.000000000
5441,0,1.870950594,1.200000000
5442,0,1.442705945,1.093333333
5443,0,-0.000000000,0.000000000
5444,0,1.000000000,1.000000000
5445,0,0.302292189,0.080000000
5446,0,1.050654972,1.006444444
5447,0,1.035616201,0.407633189
5448,0,1.045017245,1.008772716
5449,0,-0.000000000,0.000000000
5450,0,1.000000000,1.000000000
5451,0,-0.000000000,0.000000000
5452,0,1.000000000,1.000000000
5453,0,0.302292189,0.080000000
5454,0,1.010784836,1.001785714
5455,0,0.303238394,0.080306742
5456,0,0.999999425,0.999106829
5457,0,1.499999712,1.000000000
5458,0,0.999509475,1.026075563
5459,0,-0.000000000,0.000000000
5460,0,1.000000000,1.000000000
5461,0,1.500000000,1.000000000
5462,0,2.242595798,1.646666667
5463,0,0.941859537,0.351998895
5464,0,1.181699486,1.049455875
5465,0,1.084498147,0.435370325
5466,0,1.048245430,1.007638911
5467,0,-0.000000000,0.000000000
5468,0,1.000000000,1.000000000
5469,0,1.021928095,0.400000000
5470,0,1.044208200,1.009090909
5471,0,1.033603662,1.999728528
5472,0,1.665756767,1.147186767
5473,0,1.804846075,1.883458014
5474,0,1.770756534,1.149990331
5475,0,-0.000000000,0.000000000
5476,0,1.000000000,1.000000000
5477,0,1.870950594,2.000000000
5478,0,1.442705945,1.963333333
5479,0,1.724218031,2.116013072
5480,0,1.217406518,1.053288253
5481,0,0.335439820,0.090901148
5482,0,0.999999982,0.999844216
5483,0,1.870950589,1.200000000
5484,0,1.115139588,1.005400643
5485,0,1.058333424,0.420465943
5486,0,1.199101271,1.032452693
5487,0,0.332292844,0.089870600
5488,0,1.237929207,1.035618527
5489,0,1.632426861,1.046619314
5490,0,0.999982857,1.004874886
5491,0,0.302291846,0.080000000
5492,0,1.010776145,1.001867681
5493,0,0.303237712,0.080306539
5494,0,1.050826220,1.006473824
5495,0,1.035670336,0.407663379
5496,0,1.194139802,1.033480327
5497,0,0.331350700,0.089556601
5498,0,0.999999844,1.000464780
5499,0,0.302292186,0.080000000
5500,0,1.010784008,1.000326712
5501,0,1.506219368,1.001305083
5502,0,2.243837191,1.619296106
5503,0,1.961079850,1.789399556
5504,0,1.727412713,1.212999936
5505,0,1.595745140,1.831563101
5506,0,1.584786025,2.558640702
5507,0,2.410430610,2.096336296
5508,0,2.157138845,3.115203627
5509,0,1.152386443,3.211020482
5510,0,0.977088759,1.617259842
5511,0,-0.000000000,0.000000000
5512,0,1.000000000,1.000000000
5513,0,1.021928095,0.400000000
5514,0,1.659062487,1.145098039
5515,0,-0.000000000,0.000000000
5516,0,1.000000000,1.000000000
5517,0,0.302292189,0.080000000
5518,0,0.999999424,1.000893655
5519,0,1.870950422,2.000536193
5520,0,0.999843298,1.014738642
5521,0,1.021912425,0.400000000
5522,0,1.190471717,1.032290202
5523,0,-0.000000000,0.000000000
5524,0,1.000000000,1.000000000
5525,0,1.021928095,0.400000000
5526,0,1.659062487,1.190196078
5527,0,1.346252956,0.605008431
5528,0,0.999947465,1.008533964
5529,0,-0.000000000,0.000000000
5530,0,1.000000000,1.000000000
5531,0,1.021928095,0.400000000
5532,0,1.260700163,1.042596349
5533,0,1.510094582,1.117963958
5534,0,1.869610606,1.177156955
5535,0,0.830988326,0.303378767
5536,0,0.999241882,1.032415910
5537,0,0.302277027,0.080000000
5538,0,0.999998496,0.998555983
5539,0,1.870950143,1.400000000
5540,0,1.554387009,1.138215207
5541,0,1.411833796,0.680461078
5542,0,0.996013189,0.925691180
5543,0,0.302212453,0.080000000
5544,0,1.086222533,1.014588223
5545,0,0.315745605,0.084459293
5546,0,1.052621319,1.007391641
5547,0,1.036556446,0.408149053
5548,0,1.287549292,1.078777460
5549,0,0.369862056,0.103191580
5550,0,0.999977759,0.994447266
5551,0,-0.000000000,0.000000000
5552,0,1.000000000,1.000000000
5553,0,1.870950594,2.000000000
5554,0,2.101710523,1.728571429
5555,0,1.997789212,1.279401184
5556,0,0.996945554,1.065049001
5557,0,0.302231100,0.080000000
5558,0,1.082954369,1.007736358
5559,0,1.885906079,1.226543526
5560,0,1.116425863,1.041259351
5561,0,1.059766117,1.791706780
5562,0,0.999978014,0.994479280
5563,0,1.499989007,1.000000000
5564,0,1.576237225,1.385795014
5565,0,1.571731176,1.564515902
5566,0,1.294252679,1.179072800
5567,0,1.893327947,2.130757594
5568,0,1.831398798,1.283698602
5569,0,0.543384020,0.167411297
5570,0,1.021380619,1.005438454
5571,0,1.510722206,2.007357029
5572,0,1.182170250,1.012743738
5573,0,1.086853198,1.785855518
5574,0,1.047997902,1.008702543
5575,0,0.307705984,0.081756083
5576,0,1.219968632,1.043089526
5577,0,1.602318421,1.036356587
5578,0,1.196095891,1.032805286
5579,0,0.332217068,0.089826985
5580,0,0.999999940,1.000288283
5581,0,-0.000000000,0.000000000
5582,0,1.000000000,1.000000000
5583,0,0.302292189,0.080000000
5584,0,1.050654972,1.006222222
5585,0,0.308063149,0.081873234
5586,0,0.999999538,0.999199423
5587,0,-0.000000000,0.000000000
5588,0,1.000000000,1.000000000
5589,0,-0.000000000,0.000000000
5590,0,1.000000000,1.000000000
5591,0,-0.000000000,0.000000000
5592,0,1.000000000,1.000000000
5593,0,1.500000000,2.000000000
5594,0,-0.000000000,0.000000000
5595,0,1.000000000,1.000000000
5596,0,0.897880003,0.384158416
5597,0,0.538088307,0.202739033
5598,0,0.900674132,0.474834549
5599,0,1.615702446,1.042769376
5600,0,-0.000000000,0.000000000
5601,0,-0.000000000,0.000000000
5602,0,-0.000000000,0.000000000
5603,0,0.143726170,0.040816327
5604,0,0.549910905,0.254545455
5605,0,0.747394446,1.573770492
5606,0,0.948346395,0.606569901
5607,0,0.473312145,0.162972413
5608,0,0.245198821,0.068239142
5609,0,0.183254551,0.051981039
5610,0,0.171526150,0.049638997
5611,0,0.166154480,0.048854894
5612,0,0.305517267,0.088508925
5613,0,0.195185468,0.060134631
5614,0,0.022323433,0.009749905
5615,0,0.024496001,0.012386965
5616,0,0.007488114,0.002508502
5617,0,0.506716589,0.223605437
5618,0,0.365724674,0.139725113
5619,0,0.205706784,0.064550465
5620,0,0.034384327,0.007193011
5621,0,-0.000000000,0.000000000
5622,0,-0.000000000,0.000000000
5623,0,-0.000000000,0.000000000
5624,0,-0.000000000,0.000000000
5625,0,0.503258335,0.222222222
5626,0,0.021519932,0.004158004
5627,0,0.021216584,0.004089980
5628,0,0.147130487,0.041864217
5629,0,-0.000000000,0.000000000
5630,0,-0.000000000,0.000000000
5631,0,0.143726170,0.040816327
5632,0,0.004850167,0.000757289
5633,0,0.985956528,0.858710044
5634,0,0.276825153,0.095476663
5635,0,0.607557432,0.298087995
5636,0,0.000195281,0.000051352
5637,0,0.001532291,0.000369706
5638,0,0.145179471,0.041233705
5639,0,0.162413617,0.047615242
5640,0,0.000275004,0.000066797
5641,0,0.000432488,0.000094435
5642,0,0.144148061,0.040925145
5643,0,0.162325741,0.047589498
5644,0,0.005557328,0.000883040
5645,0,0.144124226,0.040958263
5646,0,0.004865843,0.000760041
5647,0,0.504158704,1.777177360
5648,0,0.096181588,0.024758133
5649,0,0.000000319,0.000000062
5650,0,0.000000034,0.000000005
5651,0,0.985228170,1.142857146
5652,0,0.000000035,0.000000005
5653,0,-0.000000000,0.000000000
5654,0,0.503258335,0.222222222
5655,0,0.242292189,0.080000000
5656,0,0.008799665,0.001486989
5657,0,-0.000000000,0.000000000
5658,0,-0.000000000,0.000000000
5659,0,-0.000000000,0.000000000
5660,0,-0.000000000,0.000000000
5661,0,0.503258335,0.222222222
5662,0,-0.000000000,0.000000000
5663,0,0.143726170,0.040816327
5664,0,0.004850167,0.000757289
5665,0,0.985956528,0.858710044
5666,0,-0.000000000,0.000000000
5667,0,0.143726170,0.040816327
5668,0,0.004850167,0.000757289
5669,0,-0.000000000,0.000000000
5670,0,-0.000000000,0.000000000
5671,0,-0.000000000,0.000000000
5672,0,-0.000000000,0.000000000
5673,0,0.143726170,0.040816327
5674,0,0.004850167,0.000757289
5675,0,0.985956528,0.858710044
5676,0,-0.000000000,0.000000000
5677,0,-0.000000000,0.000000000
5678,0,-0.000000000,0.000000000
5679,0,0.503258335,0.222222222
5680,0,-0.000000000,0.000000000
5681,0,-0.000000000,0.000000000
5682,0,-0.000000000,0.000000000
5683,0,0.143726170,0.040816327
5684,0,0.004850167,0.000757289
5685,0,0.504155247,0.222820599
5686,0,-0.000000000,0.000000000
5687,0,0.143726170,0.040816327
5688,0,-0.000000000,0.000000000
5689,0,0.143726170,1.959183673
5690,0,0.004850167,0.000757289
5691,0,0.144064358,0.040937481
5692,0,-0.000000000,0.000000000
5693,0,-0.000000000,0.000000000
5694,0,-0.000000000,0.000000000
5695,0,-0.000000000,0.000000000
5696,0,-0.000000000,0.000000000
5697,0,-0.000000000,0.000000000
5698,0,-0.000000000,0.000000000
5699,0,-0.000000000,0.000000000
5700,0,-0.000000000,0.000000000
5701,0,0.503258335,0.222222222
5702,0,0.021519932,0.004158004
5703,0,0.988808991,0.865711331
5704,0,-0.000000000,0.000000000
5705,0,0.503258335,0.222222222
5706,0,-0.000000000,0.000000000
5707,0,0.503258335,0.222222222
5708,0,0.021519932,0.004158004
5709,0,0.508167846,0.225508318
5710,0,0.097122578,0.025056480
5711,0,0.154891837,0.044866147
5712,0,0.005275465,0.000832584
5713,0,-0.000000000,0.000000000
5714,0,-0.000000000,0.000000000
5715,0,-0.000000000,0.000000000
5716,0,-0.000000000,0.000000000
5717,0,0.143726170,0.040816327
5718,0,0.004850167,0.000757289
5719,0,0.504155247,1.777179401
5720,0,0.021570303,0.004169317
5721,0,0.508181153,0.225517261
5722,0,0.097125708,0.025057473
5723,0,0.532297633,0.242048319
5724,0,0.023178851,0.004533175
5725,0,0.508609013,0.225804892
5726,0,0.021821228,0.004225748
5727,0,-0.000000000,0.000000000
5728,0,-0.000000000,0.000000000
5729,0,0.143726170,0.040816327
5730,0,0.023187512,0.004535147
5731,0,-0.000000000,0.000000000
5732,0,-0.000000000,0.000000000
5733,0,-0.000000000,0.000000000
5734,0,-0.000000000,0.000000000
5735,0,-0.000000000,0.000000000
5736,0,-0.000000000,0.000000000
5737,0,0.143726170,0.040816327
5738,0,0.004850167,0.000757289
5739,0,-0.000000000,0.000000000
5740,0,-0.000000000,0.000000000
5741,0,-0.000000000,0.000000000
5742,0,-0.000000000,0.000000000
5743,0,0.503258335,0.222222222
5744,0,-0.000000000,0.000000000
5745,0,0.143726170,0.040816327
5746,0,-0.000000000,0.000000000
5747,0,0.503258335,0.222222222
5748,0,0.095970403,0.024691358
5749,0,0.154729451,0.044806517
5750,0,-0.000000000,0.000000000
5751,0,0.143726170,0.040816327
5752,0,-0.000000000,0.000000000
5753,0,0.143726170,0.040816327
5754,0,-0.000000000,0.000000000
5755,0,-0.000000000,0.000000000
5756,0,-0.000000000,0.000000000
5757,0,0.985228136,0.857142857
5758,0,-0.000000000,0.000000000
5759,0,0.143726170,0.040816327
5760,0,0.004850167,0.000757289
5761,0,0.144064358,0.040937481
5762,0,0.103144358,0.026984796
5763,0,-0.000000000,0.000000000
5764,0,-0.000000000,0.000000000
5765,0,-0.000000000,0.000000000
5766,0,-0.000000000,0.000000000
5767,0,-0.000000000,0.000000000
5768,0,-0.000000000,0.000000000
5769,0,-0.000000000,0.000000000
5770,0,-0.000000000,0.000000000
5771,0,-0.000000000,0.000000000
5772,0,-0.000000000,0.000000000
5773,0,0.143726170,0.040816327
5774,0,0.004850167,0.000757289
5775,0,0.144064358,0.040937481
5776,0,0.023246603,0.004548609
5777,0,0.989117731,1.134134421
5778,0,-0.000000000,0.000000000
5779,0,0.143726170,0.040816327
5780,0,0.102899790,0.026905830
5781,0,0.155714199,0.045168456
5782,0,0.025292702,0.005018717
5783,0,0.145966501,0.041620676
5784,0,0.004935038,0.000772241
5785,0,-0.000000000,0.000000000
5786,0,-0.000000000,0.000000000
5787,0,0.143726170,0.040816327
5788,0,-0.000000000,0.000000000
5789,0,-0.000000000,0.000000000
5790,0,-0.000000000,0.000000000
5791,0,0.503258335,1.777777778
5792,0,-0.000000000,0.000000000
5793,0,0.503258335,0.222222222
5794,0,0.021519932,0.004158004
5795,0,0.145582434,0.041482489
5796,0,0.004920471,0.000769672
5797,0,0.504169903,1.777169616
5798,0,-0.000000000,0.000000000
5799,0,-0.000000000,0.000000000
5800,0,-0.000000000,0.000000000
5801,0,-0.000000000,0.000000000
5802,0,-0.000000000,0.000000000
5803,0,-0.000000000,0.000000000
5804,0,-0.000000000,0.000000000
5805,0,0.143726170,0.040816327
5806,0,-0.000000000,0.000000000
5807,0,0.143726170,0.040816327
5808,0,0.004850167,0.000757289
5809,0,0.985956528,0.858710044
5810,0,-0.000000000,0.000000000
5811,0,-0.000000000,0.000000000
5812,0,-0.000000000,0.000000000
5813,0,-0.000000000,0.000000000
5814,0,0.985228136,0.857142857
5815,0,-0.000000000,0.000000000
5816,0,-0.000000000,0.000000000
5817,0,0.503258335,0.222222222
5818,0,0.021519932,0.004158004
5819,0,0.145582434,0.041482489
5820,0,-0.000000000,0.000000000
5821,0,0.503258335,0.222222222
5822,0,0.021519932,0.004158004
5823,0,-0.000000000,0.000000000
5824,0,-0.000000000,0.000000000
5825,0,0.143726170,1.959183673
5826,0,-0.000000000,0.000000000
5827,0,-0.000000000,0.000000000
5828,0,-0.000000000,0.000000000
5829,0,-0.000000000,0.000000000
5830,0,-0.000000000,0.000000000
5831,0,0.143726170,0.040816327
5832,0,-0.000000000,0.000000000
5833,0,0.143726170,0.040816327
5834,0,-0.000000000,0.000000000
5835,0,0.143726170,0.040816327
5836,0,0.004850167,0.000757289
5837,0,-0.000000000,0.000000000
5838,0,-0.000000000,0.000000000
5839,0,-0.000000000,0.000000000
5840,0,-0.000000000,0.000000000
5841,0,0.143726170,0.040816327
5842,0,0.023187512,0.004535147
5843,0,-0.000000000,0.000000000
5844,0,-0.000000000,0.000000000
5845,0,0.143726170,0.040816327
5846,0,-0.000000000,0.000000000
5847,0,-0.000000000,0.000000000
5848,0,-0.000000000,0.000000000
5849,0,0.143726170,0.040816327
5850,0,-0.000000000,0.000000000
5851,0,-0.000000000,0.000000000
5852,0,-0.000000000,0.000000000
5853,0,-0.000000000,0.000000000
5854,0,-0.000000000,0.000000000
5855,0,0.143726170,0.040816327
5856,0,0.004850167,0.000757289
5857,0,0.504155247,0.222820599
5858,0,0.021570303,0.004169317
5859,0,0.508181153,0.225517261
5860,0,0.097125708,0.025057473
5861,0,-0.000000000,0.000000000
5862,0,-0.000000000,0.000000000
5863,0,0.985228136,1.142857143
5864,0,0.069054382,0.016528926
5865,0,0.997557797,0.890688259
5866,0,0.071796460,0.017326932
5867,0,-0.000000000,0.000000000
5868,0,-0.000000000,0.000000000
5869,0,0.143726170,0.040816327
5870,0,0.023187512,0.004535147
5871,0,-0.000000000,0.000000000
5872,0,-0.000000000,0.000000000
5873,0,0.985228136,1.142857143
5874,0,0.276195428,0.095238095
5875,0,0.607171655,0.297872340
5876,0,0.027750437,0.005593288
5877,0,0.989929878,1.132144983
5878,0,0.070199488,0.016844338
5879,0,0.151261470,0.043534821
5880,0,0.005143918,0.000809512
5881,0,0.504223574,0.222862454
5882,0,0.021582085,0.004171702
5883,0,0.145596298,0.041486371
5884,0,0.004920900,0.000769741
5885,0,0.504170170,0.222830452
5886,0,0.021571219,0.004169516
5887,0,0.508181454,0.225517421
5888,0,0.097125765,0.025057490
5889,0,0.154892288,0.044866312
5890,0,0.005275483,0.000832587
5891,0,0.144097983,0.040949532
5892,0,0.103168674,0.026992650
5893,0,0.000000000,0.000000000
5894,0,-0.000000000,0.000000000
5895,0,0.503258335,0.222222222
5896,0,-0.000000000,0.000000000
5897,0,-0.000000000,0.000000000
5898,0,-0.000000000,0.000000000
5899,0,0.143726170,0.040816327
5900,0,-0.000000000,0.000000000
5901,0,-0.000000000,0.000000000
5902,0,-0.000000000,0.000000000
5903,0,0.503258335,0.222222222
5904,0,-0.000000000,0.000000000
5905,0,0.143726170,0.040816327
5906,0,0.004850167,0.000757289
5907,0,0.144064358,0.040937481
5908,0,-0.000000000,0.000000000
5909,0,0.985228136,0.857142857
5910,0,0.276195428,0.095238095
5911,0,-0.000000000,0.000000000
5912,0,-0.000000000,0.000000000
5913,0,-0.000000000,0.000000000
5914,0,-0.000000000,0.000000000
5915,0,0.143726170,0.040816327
5916,0,0.102899790,0.026905830
5917,0,-0.000000000,0.000000000
5918,0,-0.000000000,0.000000000
5919,0,0.143726170,0.040816327
5920,0,0.004850167,0.000757289
5921,0,0.144064358,0.040937481
5922,0,-0.000000000,0.000000000
5923,0,0.985228136,1.142857143
5924,0,0.069054382,0.016528926
5925,0,-0.000000000,0.000000000
5926,0,-0.000000000,0.000000000
5927,0,0.143726170,0.040816327
5928,0,0.023187512,0.004535147
5929,0,0.508611331,0.225806452
5930,0,-0.000000000,0.000000000
5931,0,0.143726170,0.040816327
5932,0,-0.000000000,0.000000000
5933,0,-0.000000000,0.000000000
5934,0,-0.000000000,0.000000000
5935,0,0.503258335,0.222222222
5936,0,0.095970403,0.024691358
5937,0,0.531882603,0.241758242
5938,0,0.102764055,0.026862027
5939,0,0.534339367,0.243478261
5940,0,0.023297726,0.004560261
5941,0,0.145761936,0.041547058
5942,0,-0.000000000,0.000000000
5943,0,0.143726170,0.040816327
5944,0,-0.000000000,0.000000000
5945,0,-0.000000000,0.000000000
5946,0,-0.000000000,0.000000000
5947,0,0.985228136,0.857142857
5948,0,0.276195428,0.095238095
5949,0,0.185997890,0.056680162
5950,0,-0.000000000,0.000000000
5951,0,-0.000000000,0.000000000
5952,0,-0.000000000,0.000000000
5953,0,0.143726170,0.040816327
5954,0,-0.000000000,0.000000000
5955,0,-0.000000000,0.000000000
5956,0,-0.000000000,0.000000000
5957,0,0.503258335,0.222222222
5958,0,0.095970403,0.024691358
5959,0,0.154729451,0.044806517
5960,0,-0.000000000,0.000000000
5961,0,0.143726170,0.040816327
5962,0,0.023187512,0.004535147
5963,0,0.989107139,1.134160090
5964,0,0.069819599,0.016750819
5965,0,-0.000000000,0.000000000
5966,0,-0.000000000,0.000000000
5967,0,0.143726170,0.040816327
5968,0,0.102899790,0.026905830
5969,0,-0.000000000,0.000000000
5970,0,-0.000000000,0.000000000
5971,0,0.143726170,0.040816327
5972,0,0.102899790,0.026905830
5973,0,0.534388846,0.243512974
5974,0,0.103367827,0.027056997
5975,0,1.003772746,1.092382893
5976,0,-0.000000000,0.000000000
5977,0,0.503258335,0.222222222
5978,0,0.021519932,0.004158004
5979,0,-0.000000000,0.000000000
5980,0,-0.000000000,0.000000000
5981,0,0.503258335,0.222222222
5982,0,0.021519932,0.004158004
5983,0,-0.000000000,0.000000000
5984,0,-0.000000000,0.000000000
5985,0,-0.000000000,0.000000000
5986,0,-0.000000000,0.000000000
5987,0,0.503258335,0.222222222
5988,0,0.021519932,0.004158004
5989,0,-0.000000000,0.000000000
5990,0,-0.000000000,0.000000000
5991,0,0.143726170,0.040816327
5992,0,-0.000000000,0.000000000
5993,0,-0.000000000,0.000000000
5994,0,-0.000000000,0.000000000
5995,0,-0.000000000,0.000000000
5996,0,-0.000000000,0.000000000
5997,0,-0.000000000,0.000000000
5998,0,-0.000000000,0.000000000
5999,0,0.503258335,0.222222222
