0,0,4.340173325,3.490196078
1,0,4.335695118,4.491104024
2,0,4.452585379,3.828086934
3,0,4.527534277,3.475151142
4,0,4.630635623,3.530697819
5,0,3.745124253,3.545587466
6,0,4.226419092,3.891262698
7,0,4.401416597,3.822667591
8,0,4.281073717,3.261708199
9,0,3.368297358,1.945694118
10,0,3.427163531,2.809385156
11,0,4.196722769,2.803382360
12,0,4.319010682,3.360704724
13,0,4.410322916,3.183369528
14,0,4.308027595,4.197480747
15,0,4.452697576,5.184237070
16,0,4.599305830,6.158030161
17,0,4.208552298,4.337009562
18,0,4.210384316,3.525533473
19,0,4.566392647,5.289012561
20,0,4.447174942,2.785351082
21,0,4.138927663,2.745353827
22,0,3.975923355,2.484409576
23,0,3.641990162,2.209354680
24,0,3.773700712,2.171460125
25,0,4.086319979,2.330025961
26,0,4.238060849,2.383746730
27,0,4.107096064,2.523266726
28,0,4.311508080,3.021075291
29,0,3.763818492,1.916038367
30,0,3.840334880,2.312447910
31,0,2.378101966,1.667508239
32,0,2.159390985,1.177567217
33,0,1.993234917,1.304778584
34,0,2.165914343,2.275930008
35,0,2.971858617,3.343171152
36,0,2.597038053,4.118289166
37,0,2.179626686,2.715124465
38,0,2.782838331,3.789310979
39,0,2.607164229,4.255682532
40,0,2.203802344,3.820380574
41,0,2.189038313,4.323162028
42,0,3.064610784,5.110066744
43,0,1.774416954,4.995996890
44,0,2.130387590,6.180118216
45,0,1.857849474,6.664204327
46,0,2.679299165,5.748144320
47,0,2.999065957,4.792685591
48,0,2.946801594,3.654856228
49,0,2.716935435,4.333619769
50,0,2.957488165,5.369484181
51,0,3.199742658,4.759008974
52,0,3.056093494,5.053099883
53,0,2.494335570,5.235617708
54,0,3.307663307,4.871770959
55,0,3.160993368,3.944972143
56,0,2.764226868,2.843294362
57,0,3.117173445,3.526722917
58,0,1.748934145,1.791443560
59,0,2.692680504,1.547348053
60,0,2.553717639,1.578815901
61,0,2.128259513,1.373596724
62,0,2.614698958,2.167367089
63,0,2.442072603,1.631757477
64,0,2.844098456,2.747490486
65,0,2.954227101,3.050203405
66,0,2.891847431,3.307445624
67,0,2.988709078,4.082680623
68,0,3.289606491,3.119725418
69,0,3.228687461,2.473186642
70,0,2.927171456,1.976751384
71,0,2.725778087,1.746552856
72,0,2.988409995,2.300283449
73,0,2.290534803,3.325778534
74,0,1.937166814,2.389835938
75,0,2.264709238,3.495535668
76,0,3.132330475,2.951475373
77,0,3.423358977,3.865688951
78,0,3.287219300,4.716696481
79,0,3.117318312,5.831830829
80,0,3.122725617,4.992172642
81,0,3.119314835,3.801026655
82,0,3.495616208,3.855212500
83,0,3.328624166,3.036872872
84,0,3.284627766,3.837474702
85,0,3.219157442,3.298125912
86,0,3.124615374,4.024653058
87,0,2.632295985,4.584688125
88,0,2.587392374,5.914208646
89,0,2.952834971,6.550206144
90,0,3.486583438,5.808091196
91,0,3.619338487,7.232129950
92,0,3.279610212,8.188197999
93,0,3.408683922,6.573698047
94,0,3.489766760,7.552070000
95,0,3.494830401,8.734009553
96,0,2.515526632,7.563111344
97,0,3.219863538,9.248968562
98,0,3.543130104,5.558751268
99,0,4.010138663,6.763750105
100,0,4.064407941,7.931113326
101,0,3.896945868,10.098625056
102,0,4.468151935,10.994220452
103,0,3.422741127,8.816014894
104,0,3.216214659,8.521185807
105,0,0.155698008,0.078100736
106,0,1.107400771,1.042586781
107,0,1.852367380,1.527374372
108,0,1.379851376,1.085983720
109,0,0.922768131,0.337824401
110,0,1.156372951,1.033534901
111,0,1.815872577,2.014799966
112,0,1.072709771,1.024145592
113,0,0.074437328,0.047207458
114,0,1.048064870,1.022674225
115,0,0.838617485,0.302540865
116,0,1.118293667,1.024005599
117,0,0.830916510,0.295928434
118,0,1.107898942,1.018024545
119,0,1.584132124,2.008158470
120,0,2.371321801,1.550155463
121,0,2.482025701,2.207241297
122,0,2.554660765,3.028419467
123,0,2.637447162,2.286807106
124,0,1.832951382,1.230730570
125,0,2.022064902,1.196822745
126,0,1.536737911,1.126790222
127,0,-0.000000000,0.000000000
128,0,1.000000000,1.000000000
129,0,1.877387064,2.000000000
130,0,1.000000000,1.000000000
131,0,1.750000000,2.000000000
132,0,1.288492994,1.054621849
133,0,-0.000000000,0.000000000
134,0,1.000000000,1.000000000
135,0,0.805958493,0.285714286
136,0,1.092885007,1.013569937
137,0,1.755599515,1.006462882
138,0,1.290476579,1.055123041
139,0,-0.000000000,0.000000000
140,0,1.000000000,1.000000000
141,0,-0.000000000,0.000000000
142,0,1.000000000,1.000000000
143,0,1.750000000,2.000000000
144,0,1.288492994,1.054621849
145,0,0.833473094,2.000000000
146,0,2.115321863,1.887534553
147,0,2.055639716,1.209921362
148,0,1.550794916,1.129558795
149,0,1.961698212,1.168682897
150,0,2.469264722,1.705513590
151,0,2.702410416,2.535972673
152,0,3.041835946,2.358793898
153,0,3.292212498,2.967211900
154,0,2.978462969,3.254662914
155,0,2.526623863,3.015156408
156,0,3.023271704,3.003461838
157,0,2.381396428,1.981787492
158,0,1.773395916,1.110549553
159,0,-0.000000000,0.000000000
160,0,1.000000000,1.000000000
161,0,0.805958493,0.285714286
162,0,1.000000000,1.000000000
163,0,1.877387064,1.714285714
164,0,1.493369980,1.110169492
165,0,1.950956795,2.008157581
166,0,1.953733647,3.006370968
167,0,2.809456448,2.716485599
168,0,0.999999820,0.999500267
169,0,1.749999955,1.999750133
170,0,2.502901353,1.754918465
171,0,1.428748259,1.999902993
172,0,1.922279925,2.999657622
173,0,2.293691952,2.370165662
174,0,2.746178826,2.155334915
175,0,2.529438435,2.123670093
176,0,2.603014646,1.496599556
177,0,2.534798970,2.067183384
178,0,2.757513246,2.026561987
179,0,2.581218867,1.659323860
180,0,2.302341753,1.629877261
181,0,2.306778988,1.639959768
182,0,1.825605890,1.113144586
183,0,1.753745521,0.852539751
184,0,2.071461497,1.828545109
185,0,2.444561837,1.422021424
186,0,1.931308899,0.968846496
187,0,2.153480469,1.323765925
188,0,2.112870757,1.318059470
189,0,2.764182275,1.824619623
190,0,2.789969982,2.799868630
191,0,2.971523529,1.973704977
192,0,2.673116343,1.807783947
193,0,2.959862536,1.907748812
194,0,2.913392227,2.601577461
195,0,2.841173273,1.938542478
196,0,2.806457941,1.929103483
197,0,2.584309605,1.852939700
198,0,2.845203720,2.338465711
199,0,3.030100392,3.165140014
200,0,2.653455667,3.750306456
201,0,2.284286008,2.609948700
202,0,3.024170055,3.462873675
203,0,2.452985559,2.976857958
204,0,3.236971824,3.495200239
205,0,2.587081693,3.075180865
206,0,2.770947940,2.245443990
207,0,2.532153925,1.765850437
208,0,2.704980884,1.817819774
209,0,2.635201120,1.710400384
210,0,2.533267584,2.301595662
211,0,3.253020795,2.860213748
212,0,3.045529704,3.647735428
213,0,1.193296649,1.425287950
214,0,1.041719583,0.653689470
215,0,1.306866285,1.894542835
216,0,2.406660804,2.062361989
217,0,2.752235409,1.924886076
218,0,2.289038410,2.051571288
219,0,2.241626614,2.921450054
220,0,3.112046735,3.992470429
221,0,2.882401794,4.794464098
222,0,3.103599490,5.706869970
223,0,2.252572348,4.744943540
224,0,1.157552242,3.205456676
225,0,1.247535420,4.589088525
226,0,2.365742212,5.403602755
227,0,1.998832882,4.580616412
228,0,1.512121990,3.043147526
229,0,0.884435755,1.394816905
230,0,1.442217877,1.000000000
231,0,2.028692855,1.572624415
232,0,1.061991477,0.420700902
233,0,1.402633557,1.088737815
234,0,-0.000000000,0.000000000
235,0,1.000000000,1.000000000
236,0,0.805958493,0.285714286
237,0,1.280958051,1.073809524
238,0,1.956228617,1.998095771
239,0,1.993236667,1.459654069
240,0,1.022307438,0.393938761
241,0,2.018956186,1.456875535
242,0,1.909168206,1.938316022
243,0,1.261302335,1.074532115
244,0,1.774336391,1.025313180
245,0,0.999533932,0.974582722
246,0,1.749883483,1.500000000
247,0,1.689796427,1.263628600
248,0,1.997345960,1.218020396
249,0,2.005038875,1.476646904
250,0,2.061485829,1.965102051
251,0,1.791492124,1.627951465
252,0,2.033539595,1.800939253
253,0,1.534714667,1.109209630
254,0,0.878078824,0.319777379
255,0,0.999995072,0.997386285
256,0,1.749998768,1.500000000
257,0,0.999546236,0.974920432
258,0,1.877192594,1.978503228
259,0,2.218523008,1.934457112
260,0,2.112654476,1.446720872
261,0,1.469227507,1.132103072
262,0,1.876524534,1.160027770
263,0,1.435786278,1.071657369
264,0,1.797449733,1.051030140
265,0,1.723017064,1.208187457
266,0,-0.000000000,0.000000000
267,0,1.000000000,1.000000000
268,0,1.500000000,1.000000000
269,0,2.181435350,1.626229508
270,0,2.107217629,1.865843621
271,0,1.477821459,1.121969601
272,0,-0.000000000,0.000000000
273,0,1.000000000,1.000000000
274,0,-0.000000000,0.000000000
275,0,1.000000000,1.000000000
276,0,1.500000000,1.000000000
277,0,1.392419949,1.041121495
278,0,1.942136303,1.751811992
279,0,0.997278253,0.938593407
280,0,1.498639126,1.000000000
281,0,0.994680949,0.914182146
282,0,0.805578561,0.285714286
283,0,0.999928414,1.009961831
284,0,1.749982103,1.000000000
285,0,0.999499412,1.026341636
286,0,0.805922737,0.285714286
287,0,0.999960780,1.007373582
288,0,-0.000000000,0.000000000
289,0,1.000000000,1.000000000
290,0,1.877387064,1.142857143
291,0,1.337944419,1.033587786
292,0,0.845215697,0.304074399
293,0,1.072438636,1.003630813
294,0,1.755061993,1.005203339
295,0,0.999520089,1.025791930
296,0,1.749880022,1.500000000
297,0,0.999390791,0.970941034
298,0,1.877125975,1.142857143
299,0,1.952241641,1.324298263
300,0,1.014870554,1.832379614
301,0,1.503924158,1.576760167
302,0,1.927576895,2.258379922
303,0,2.162781253,2.352350464
304,0,3.225576907,3.785865051
305,0,1.494822836,1.851772923
306,0,2.560556382,2.124396076
307,0,2.222567334,1.916179953
308,0,2.193778634,1.710679575
309,0,2.811709780,2.133957786
310,0,2.118867784,1.253825693
311,0,0.876031456,0.591496706
312,0,1.824257688,1.649854319
313,0,1.379914837,1.147144746
314,0,1.857035193,1.667235941
315,0,2.795371665,2.151300776
316,0,2.618549712,2.601728049
317,0,3.507864731,3.280434400
318,0,3.261479400,3.839300668
319,0,3.657693930,3.411517525
320,0,2.884850077,3.510499656
321,0,3.053883366,4.246293291
322,0,2.732272343,5.730280934
323,0,3.597544302,6.710093857
324,0,3.311374219,5.736763756
325,0,3.127155238,4.827953255
326,0,3.344133391,4.369669493
327,0,3.663446570,5.265015797
328,0,3.846165908,4.792051253
329,0,3.790802539,4.396031716
330,0,3.330860696,3.983871019
331,0,3.872770080,4.267472081
332,0,2.828760324,4.205275811
333,0,3.700522347,4.918495147
334,0,3.381348248,4.089998642
335,0,3.406851921,5.013740929
336,0,3.347325265,4.270829187
337,0,3.720764776,4.811973238
338,0,2.842096624,4.846812744
339,0,2.390169306,3.669791496
340,0,2.671766535,4.341702486
341,0,2.326008306,2.850883080
342,0,2.677980254,3.698099801
343,0,2.125843243,2.426847217
344,0,2.599192262,2.233147935
345,0,3.005166411,2.556384545
346,0,3.318337191,3.051153773
347,0,3.573994569,3.514160072
348,0,2.809576573,3.606942643
349,0,3.116605061,3.196629343
350,0,3.341680212,3.250574904
351,0,3.606223016,3.299480457
352,0,3.526128075,3.294655848
353,0,2.584074167,3.016827759
354,0,3.281096584,3.117937323
355,0,2.923626853,3.597524671
356,0,2.794716653,3.292742008
357,0,3.635143409,3.581532980
358,0,3.856821834,3.896635251
359,0,3.588699035,3.894953366
360,0,3.331300255,3.439871883
361,0,3.139186279,3.156280853
362,0,2.657051159,2.851359902
363,0,3.111337847,3.031886036
364,0,3.278954248,3.380995406
365,0,2.568345812,2.281701234
366,0,2.716623526,2.610991564
367,0,2.323756155,2.601910078
368,0,2.493290235,2.716759996
369,0,3.062801737,2.647838689
370,0,2.662146978,2.468390362
371,0,3.073150979,2.641432969
372,0,2.497844883,2.480890668
373,0,3.019666783,2.558729605
374,0,3.235925158,2.938197411
375,0,3.137336254,3.093519534
376,0,2.670311085,3.367633525
377,0,3.017135908,2.726120095
378,0,2.284735607,1.629305611
379,0,1.597327991,0.988894440
380,0,-0.000000000,0.000000000
381,0,1.000000000,1.000000000
382,0,1.750000000,1.500000000
383,0,0.999562340,1.024630542
384,0,1.749890585,1.000000000
385,0,1.689844948,1.263464696
386,0,1.839876219,1.984108054
387,0,1.756319950,2.961803746
388,0,1.923658592,2.244029430
389,0,2.938571870,3.034629613
390,0,3.022969880,3.723639104
391,0,1.517241267,1.990722203
392,0,2.519023645,2.924675592
393,0,2.182523606,1.875371157
394,0,2.543843709,2.293774506
395,0,2.752239147,2.090669706
396,0,3.294242929,2.596760477
397,0,2.993477792,2.698224523
398,0,2.463592520,1.532306042
399,0,2.980448182,2.331014114
400,0,2.571981734,2.491740238
401,0,0.886095014,0.607948736
402,0,0.797822422,0.285714286
403,0,1.857864734,1.287971804
404,0,-0.000000000,0.000000000
405,0,1.000000000,1.000000000
406,0,1.500000000,2.000000000
407,0,1.392419949,1.162616822
408,0,1.942136303,2.031803207
409,0,0.997278253,1.061406593
410,0,0.805764082,0.285714286
411,0,1.279217566,1.077464678
412,0,-0.000000000,0.000000000
413,0,1.000000000,1.000000000
414,0,1.877387064,2.000000000
415,0,2.217329124,2.793846154
416,0,1.984456732,1.833675565
417,0,2.255364352,1.720432572
418,0,2.673551604,2.264366375
419,0,2.302233576,1.740166700
420,0,2.417063300,2.100475424
421,0,1.480788899,1.788379526
422,0,1.906812250,1.328751169
423,0,2.154207799,1.408898199
424,0,1.166105565,0.489091894
425,0,1.464442589,1.088804794
426,0,0.865307944,0.313995861
427,0,1.309189024,1.070236612
428,0,0.840244837,0.301725632
429,0,0.999976148,0.994249715
430,0,1.877376842,1.995071184
431,0,1.464175173,3.315244503
432,0,2.633716940,4.305076183
433,0,2.281330375,3.375060931
434,0,1.297083498,2.082291550
435,0,1.139681306,1.037789475
436,0,-0.000000000,0.000000000
437,0,1.000000000,1.000000000
438,0,1.877387064,1.142857143
439,0,1.463877590,1.486486486
440,0,1.915972651,2.288343558
441,0,1.531010373,1.564032698
442,0,2.611662863,1.944595822
443,0,2.261082244,1.681041942
444,0,2.087056337,1.604600966
445,0,2.217821306,1.537029864
446,0,1.690182680,1.710790773
447,0,1.225485894,1.112478037
448,0,1.685854876,1.062051432
449,0,0.999505555,1.026179540
450,0,1.877175159,2.022439605
451,0,2.218567007,2.825312576
452,0,2.112713290,3.814385643
453,0,2.272943213,2.632429021
454,0,2.603954319,2.428266619
455,0,2.483928499,2.489050039
456,0,3.281466484,3.101745035
457,0,3.626484016,4.010961390
458,0,3.282942066,3.046916811
459,0,3.406336840,3.658905942
460,0,3.388086845,4.473792259
461,0,3.127250497,3.743837103
462,0,2.120288299,3.856629837
463,0,2.271291515,3.176595273
464,0,2.675324248,2.364986380
465,0,3.046869839,3.070530229
466,0,3.327666466,4.143917471
467,0,3.586761173,3.862221915
468,0,3.396292407,4.408765087
469,0,2.928561823,4.943800233
470,0,3.300534476,4.262472762
471,0,3.423661035,3.854398359
472,0,2.736582669,2.975090020
473,0,3.093072534,2.731939638
474,0,2.353302318,2.128049754
475,0,3.109312194,2.883276304
476,0,3.368253736,3.374168241
477,0,2.911710737,3.385076308
478,0,2.902114739,3.639485056
479,0,2.686405710,3.799799756
480,0,2.595016155,4.133051934
481,0,2.327945850,4.031659479
482,0,3.332959752,3.387141300
483,0,2.912868275,3.743812914
484,0,3.820206396,3.591433350
485,0,3.804241279,3.878693892
486,0,3.949335807,4.015272030
487,0,3.870526789,3.837310358
488,0,3.382032395,5.122384452
489,0,3.144928701,4.759444722
490,0,3.191108457,5.451997286
491,0,2.889245041,4.543707106
492,0,3.816141071,4.683286956
493,0,3.270461591,4.185857577
494,0,2.668549097,4.239613986
495,0,3.092476699,3.919714940
496,0,2.735813753,4.320278919
497,0,3.018182808,5.379431091
498,0,3.388537839,4.445140330
499,0,3.674044063,4.128675094
500,0,3.360371064,3.556478406
501,0,3.667062548,4.060732013
502,0,3.359400878,4.364981540
503,0,3.150382550,4.810420868
504,0,3.367983235,5.592674950
505,0,3.689853455,6.523511477
506,0,3.379338848,5.544129942
507,0,3.694570199,6.476738802
508,0,3.830829933,5.655917862
509,0,3.710554005,5.251959594
510,0,1.925870709,3.737264943
511,0,2.267664912,3.279151343
512,0,1.485618746,2.078290422
513,0,1.500659393,1.079318616
514,0,0.001542824,0.001606298
515,0,1.001450837,1.001422412
516,0,1.750979012,1.500914310
517,0,1.205715402,1.018189586
518,0,0.826240946,0.295181805
519,0,1.289288580,1.077857710
520,0,2.228198106,2.159399339
521,0,2.148447965,2.864059632
522,0,2.091526389,1.923627223
523,0,1.416161201,1.128099560
524,0,1.948315206,1.754202598
525,0,1.353205712,1.135399066
526,0,0.847433985,0.305095015
527,0,1.072744245,1.003831864
528,0,1.755086255,1.005227723
529,0,1.694379885,1.196176898
530,0,1.998154891,1.218330348
531,0,2.248599566,1.675631100
532,0,2.114310994,1.470765789
533,0,1.995432699,1.713015780
534,0,1.521032825,1.509310853
535,0,2.160781784,1.513978645
536,0,2.381835017,1.987073706
537,0,2.405047992,2.489509891
538,0,2.687047474,3.249094390
539,0,2.222198363,2.406885160
540,0,2.669699957,1.960498210
541,0,2.230337241,2.651450514
542,0,2.565496436,2.907583614
543,0,2.525520002,3.638155887
544,0,2.719826545,2.725741006
545,0,1.353197540,1.405483812
546,0,2.429874610,1.486191743
547,0,1.642646874,0.865256439
548,0,1.927275794,1.501469510
549,0,1.997626681,1.281382313
550,0,1.880302736,1.218345804
551,0,1.826435140,1.368685132
552,0,1.858017891,2.114323855
553,0,1.245276384,1.063677797
554,0,1.697686730,1.066092445
555,0,0.998252575,1.049208399
556,0,0.805833677,0.285714286
557,0,1.279574603,1.076738595
558,0,1.776733249,1.498672954
559,0,2.248345659,1.735998487
560,0,2.110970581,1.901536901
561,0,2.270763570,2.641086440
562,0,2.671009051,2.260692012
563,0,2.114865964,2.666495089
564,0,2.084419733,1.799256499
565,0,1.426426738,1.079269344
566,0,1.949419326,1.181984049
567,0,0.999750854,1.025901743
568,0,1.877254948,1.142884479
569,0,0.997635232,1.057240484
570,0,-0.000000000,0.000000000
571,0,1.000000000,1.000000000
572,0,1.877387064,2.000000000
573,0,0.998299484,1.048543689
574,0,0.805837027,0.285714286
575,0,1.067682365,1.020164338
576,0,0.811092127,0.288080546
577,0,1.282982098,1.074968639
578,0,-0.000000000,0.000000000
579,0,1.000000000,1.000000000
580,0,1.750000000,1.000000000
581,0,0.999562340,0.975369458
582,0,1.749890585,1.000000000
583,0,1.204293076,1.013009534
584,0,1.663014513,2.009834487
585,0,1.404352602,1.038025252
586,0,1.793253073,1.980756814
587,0,1.478670897,3.249188505
588,0,2.604189590,4.240962517
589,0,2.299355012,4.122601954
590,0,2.696237046,3.049897715
591,0,2.859104954,3.098598445
592,0,3.245162081,3.344639526
593,0,3.183555843,3.013601723
594,0,3.439218958,3.014341098
595,0,1.576274888,1.826378587
596,0,1.933445792,2.281506954
597,0,1.545311919,2.103992923
598,0,2.530025087,2.492443966
599,0,2.179626846,1.475378142
600,0,1.923704205,1.304369979
601,0,1.889044771,1.425184153
602,0,-0.000000000,0.000000000
603,0,1.000000000,1.000000000
604,0,1.500000000,2.000000000
605,0,1.392419949,1.162616822
606,0,-0.000000000,0.000000000
607,0,1.000000000,1.000000000
608,0,1.750000000,1.000000000
609,0,1.205039102,1.069322709
610,0,1.767958509,1.498959522
611,0,1.209403971,1.073986754
612,0,1.768478043,2.008111144
613,0,1.209440448,1.074709394
614,0,1.910214773,1.158144947
615,0,1.342549456,1.141849547
616,0,1.773261201,2.070428058
617,0,0.995866444,1.075662746
618,0,-0.000000000,0.000000000
619,0,1.000000000,1.000000000
620,0,-0.000000000,0.000000000
621,0,1.000000000,1.000000000
622,0,1.750000000,1.500000000
623,0,1.205039102,1.017529880
624,0,1.663731866,1.053276574
625,0,1.404853860,1.173435990
626,0,0.856463727,1.851573707
627,0,1.301538239,1.084130527
628,0,0.839369825,0.301259709
629,0,1.295436729,1.060279341
630,0,1.924967066,1.166440092
631,0,0.998431411,1.046623367
632,0,-0.000000000,0.000000000
633,0,1.000000000,1.000000000
634,0,1.500000000,2.000000000
635,0,0.997380663,1.060240964
636,0,1.876264491,2.051635112
637,0,1.949516094,2.990877797
638,0,2.740772199,3.879224119
639,0,2.778280452,4.627676855
640,0,3.370663206,6.098084027
641,0,3.505811475,5.350206126
642,0,1.986574909,3.862687278
643,0,3.011124035,3.062522018
644,0,2.755589280,3.621112122
645,0,2.826293245,4.816826481
646,0,3.325352145,4.326734863
647,0,3.116903097,3.951818249
648,0,3.075713898,3.808142166
649,0,3.172675260,3.511693169
650,0,3.883744720,4.005566524
651,0,3.721485355,3.728979870
652,0,3.953652623,4.127843625
653,0,2.741865254,4.138706116
654,0,3.485518909,3.663163661
655,0,2.675205417,3.114179431
656,0,2.127258559,2.008977681
657,0,1.569372982,1.203388504
658,0,0.885419341,0.322840574
659,0,1.077839616,1.020935504
660,0,1.888943826,2.004246959
661,0,2.220557334,2.799111610
662,0,2.678274896,2.327453387
663,0,2.892962242,2.827061616
664,0,3.057973542,2.383716588
665,0,3.066477106,2.727915957
666,0,3.184289120,3.050590570
667,0,3.192290443,4.100525707
668,0,2.764667547,3.952355630
669,0,3.024896834,2.930016944
670,0,2.517035273,3.609990877
671,0,2.688924030,3.131725018
672,0,3.496527083,3.804017187
673,0,3.200902048,2.460291299
674,0,3.463636883,3.083956392
675,0,3.064983447,2.697480548
676,0,3.111031188,3.176353149
677,0,2.347303315,2.224077243
678,0,2.287420023,1.438918662
679,0,2.060960739,1.956800681
680,0,1.946770254,2.283862703
681,0,1.702844550,2.334187696
682,0,2.125603800,2.476446290
683,0,1.323971060,1.333155415
684,0,1.254734988,0.863783417
685,0,1.966964888,1.289375177
686,0,2.490897160,2.218014812
687,0,2.747781389,3.068813460
688,0,2.583306822,2.384751508
689,0,2.044790949,1.356617242
690,0,2.489941721,2.079206110
691,0,2.444673570,1.573071599
692,0,2.659297174,1.594271453
693,0,2.947729091,1.952530765
694,0,3.138436612,2.039745806
695,0,3.343494587,2.514446112
696,0,3.367156361,2.291096777
697,0,3.093630588,2.678384761
698,0,2.458684035,1.530720071
699,0,2.666144669,2.463113882
700,0,2.666890232,2.047316857
701,0,1.379614654,1.147755122
702,0,1.506527348,1.717441606
703,0,1.826555936,1.365646014
704,0,1.852240143,1.271063444
705,0,2.782284897,1.753364300
706,0,2.680211421,1.909854296
707,0,2.627602572,1.733310491
708,0,2.836724289,1.982221285
709,0,2.765476325,2.190670839
710,0,2.115634062,1.309820322
711,0,0.510812587,0.227289440
712,0,1.667735316,1.142857143
713,0,1.322595151,1.314187526
714,0,1.769930549,1.492981614
715,0,2.227820734,1.598795621
716,0,2.086570018,1.365832782
717,0,2.233660735,2.252090039
718,0,2.584169032,2.860345183
719,0,2.518954995,2.664874491
720,0,2.219189898,2.766946540
721,0,2.402828299,3.910774201
722,0,1.916867499,2.540363391
723,0,2.102806209,1.666366931
724,0,-0.000000000,0.000000000
725,0,1.000000000,1.000000000
726,0,1.750000000,1.000000000
727,0,1.205039102,1.069322709
728,0,1.663731866,1.053276574
729,0,2.050914611,1.404710911
730,0,2.300276919,1.454583276
731,0,2.329778096,2.287375036
732,0,-0.000000000,0.000000000
733,0,1.000000000,1.000000000
734,0,1.750000000,1.500000000
735,0,1.205039102,1.069322709
736,0,1.663731866,1.053276574
737,0,1.404853860,1.040271563
738,0,0.856463727,0.309420570
739,0,0.999945769,1.008670554
740,0,1.749986442,2.004335277
741,0,0.999507806,1.026119887
742,0,1.749876951,1.000000000
743,0,1.204246726,1.073967071
744,0,2.064773124,1.216438091
745,0,0.996578590,0.931157201
746,0,1.875920746,1.940991886
747,0,1.948707283,3.003285243
748,0,2.253544984,2.146971406
749,0,2.217791083,3.183918569
750,0,1.716431921,3.886577321
751,0,2.837009796,2.923622828
752,0,1.529765017,1.154514931
753,0,1.879077835,1.299836447
754,0,1.535526106,1.535732230
755,0,1.955283619,1.810447785
756,0,2.046613284,1.270829626
757,0,2.099634159,1.147100729
758,0,2.135746445,1.845920573
759,0,1.829703827,2.545018134
760,0,1.803526591,3.229278101
761,0,2.453638900,1.828904504
762,0,1.624306499,1.581251359
763,0,2.246333297,2.836430486
764,0,2.531596081,1.873075360
765,0,1.848878861,2.401332061
766,0,2.028237033,1.822095758
767,0,2.926157498,1.879045246
768,0,2.702478240,2.054679636
769,0,2.337889071,2.686322861
770,0,2.745390576,3.464232001
771,0,3.073913360,2.603277190
772,0,3.177254095,2.474273570
773,0,2.883003838,2.795155508
774,0,2.715225958,2.485913207
775,0,3.206183361,2.276269273
776,0,2.316259184,2.024256550
777,0,2.395293002,2.143339783
778,0,3.326079187,2.685162454
779,0,3.107492211,3.236504735
780,0,3.285229319,2.723362176
781,0,3.015895109,3.192977277
782,0,3.064093599,3.491540223
783,0,3.009632651,2.877897994
784,0,3.302588933,3.209401223
785,0,3.191571277,2.741120793
786,0,3.465491579,3.236943067
787,0,3.361563416,3.235170441
788,0,3.047215011,2.974404278
789,0,3.580856827,3.525527132
790,0,3.583831131,4.361476357
791,0,1.946241253,2.215878362
792,0,2.007641045,1.798989005
793,0,3.011156043,2.428255327
794,0,2.859851485,3.098382704
795,0,2.914678639,2.398593415
796,0,2.359100831,2.533344100
797,0,2.658399063,1.794799589
798,0,2.340107241,1.937567711
799,0,2.723625039,1.815557265
800,0,0.915241145,0.660616783
801,0,0.799904289,0.285714286
802,0,1.092389110,0.999753710
803,0,0.812649968,0.288894460
804,0,1.093855163,1.014415479
805,0,1.890288993,1.720113063
806,0,2.458956407,2.002647661
807,0,1.719805049,0.922358932
808,0,0.999999997,1.000067373
809,0,-0.000000000,0.000000000
810,0,1.000000000,1.000000000
811,0,1.500000000,1.000000000
812,0,2.347073298,1.541666667
813,0,2.098026347,1.237476809
814,0,1.000000000,1.000000000
815,0,1.750000000,2.000000000
816,0,2.389551185,1.770786517
817,0,2.517230282,2.625404732
818,0,1.900572437,0.971037135
819,0,2.175126446,1.583433778
820,0,2.259071759,1.871905684
821,0,2.635032567,1.956714982
822,0,1.250024911,1.482937253
823,0,1.040972370,0.636208234
824,0,2.030820492,1.635525963
825,0,1.933635354,1.153763694
826,0,2.407000746,1.364562669
827,0,2.242781132,1.422192150
828,0,1.934762519,1.117469819
829,0,2.688215373,2.030146646
830,0,2.166616207,1.382511955
831,0,1.653375566,0.864574549
832,0,2.062898993,1.232425642
833,0,1.487049996,0.993907125
834,0,1.462669943,1.624820567
835,0,0.997056319,0.842737518
836,0,1.466758680,1.006925523
837,0,2.394551483,1.852957779
838,0,2.157253061,1.791744804
839,0,2.093848494,1.771777930
840,0,2.245272899,1.993553727
841,0,1.136099251,1.002113774
842,0,2.155930055,1.278514205
843,0,2.405181051,1.499366818
844,0,2.304304023,1.339956510
845,0,2.473058562,1.560045827
846,0,1.802882326,0.879676489
847,0,1.350383010,0.621332142
848,0,1.828178549,1.351940951
849,0,2.047799719,1.824307986
850,0,1.905969217,1.201543408
851,0,0.921262324,0.672657817
852,0,1.460631162,1.672657817
853,0,2.034323923,2.682520772
854,0,2.714097318,3.351717638
855,0,2.240256542,2.303814833
856,0,2.073619514,1.559818249
857,0,1.461163026,0.986222089
858,0,1.794276580,1.056518756
859,0,0.999919244,1.010580594
860,0,1.499959622,2.010580594
861,0,1.393284023,1.045692753
862,0,1.942302841,1.989030979
863,0,1.349219818,1.027094305
864,0,0.847016277,0.304908205
865,0,0.999947179,0.991442901
866,0,1.749986795,1.000000000
867,0,0.999508540,1.026100403
868,0,1.877176439,1.142857143
869,0,2.218563865,1.934042800
870,0,2.112709078,1.446833060
871,0,1.476905349,1.134706004
872,0,1.806447296,1.057210531
873,0,1.002891501,0.980917814
874,0,1.877818822,1.714481754
875,0,1.337084078,1.026437406
876,0,1.768792110,1.099736261
877,0,2.299230887,2.066413431
878,0,2.497942760,1.755247644
879,0,2.691990879,1.944274324
880,0,2.677126025,2.056891695
881,0,2.511743969,2.343568768
882,0,2.133816280,1.640853778
883,0,0.751845330,0.383652996
884,0,1.253983135,0.505405647
885,0,0.488778087,0.204246413
886,0,1.219802710,1.022119118
887,0,2.251710949,1.884457532
888,0,2.174768185,1.477520169
889,0,2.530148970,2.051503601
890,0,2.593403947,2.002449665
891,0,2.975379633,1.988574204
892,0,2.564403206,1.885934988
893,0,2.660808537,1.723037889
894,0,2.911105930,2.094798455
895,0,2.862337201,2.003868818
896,0,2.818188143,1.934939539
897,0,2.513177755,1.860674233
898,0,2.584396267,1.844370956
899,0,2.428137675,2.300367986
900,0,2.735037162,2.129237300
901,0,2.898238135,2.744574685
902,0,3.451821702,2.896168444
903,0,1.757718148,1.557821910
904,0,1.820785085,1.446996676
905,0,1.101894042,0.646306886
906,0,1.266015461,1.211545004
907,0,0.964718173,0.458572444
908,0,1.103364047,1.019241297
909,0,0.025368813,0.011393073
910,0,1.011922710,1.002295500
911,0,1.883231653,1.999799551
912,0,2.312448003,2.934780886
913,0,2.304020869,3.736396845
914,0,1.905419013,2.666963004
915,0,0.872550088,0.438383244
916,0,1.818474236,1.163326483
917,0,1.642827279,0.995216488
918,0,1.083075037,0.613811741
919,0,1.400697871,0.599534849
920,0,1.916224277,1.395472738
921,0,2.335959817,1.346487504
922,0,2.607643535,1.660816081
923,0,2.338977865,2.736559304
924,0,2.504450367,1.452883091
925,0,2.253513566,1.387408513
926,0,2.366824029,1.558797050
927,0,2.771482084,1.799470232
928,0,2.922477660,2.019383902
929,0,2.800303727,2.251143047
930,0,3.336963578,2.458882324
931,0,2.683082182,2.066404699
932,0,2.623170998,2.292660302
933,0,2.949881373,2.486959818
934,0,2.761196796,2.661542046
935,0,3.078522608,2.175735520
936,0,2.335718250,1.590031405
937,0,2.546333689,1.625442058
938,0,2.262221778,1.916191296
939,0,2.109691436,1.328796295
940,0,1.845313866,1.079976668
941,0,1.794798995,2.609105259
942,0,2.166474816,2.598836832
943,0,2.482945092,3.028050088
944,0,2.548797183,1.755654031
945,0,2.505644477,2.084921332
946,0,2.136616871,1.670535270
947,0,2.330091240,1.930290376
948,0,2.543898219,2.408371042
949,0,1.589986679,1.340287404
950,0,2.629427629,2.650817988
951,0,2.643009201,3.431367061
952,0,2.508706275,2.313216957
953,0,1.819191787,1.716992476
954,0,2.765458083,1.768529987
955,0,1.440225145,1.087373362
956,0,2.480672465,1.869627410
957,0,2.307167604,1.520393007
958,0,1.808618459,1.598542372
959,0,1.604000758,0.991416447
960,0,1.750427824,0.883816401
961,0,2.227384273,1.299535137
962,0,2.067569002,1.420156126
963,0,2.411167894,1.974167551
964,0,2.246044477,2.385960646
965,0,2.435391921,3.278494961
966,0,2.540961243,4.294263349
967,0,2.660236737,5.500733727
968,0,2.784490613,4.833143338
969,0,2.106596282,3.635035096
970,0,2.342120400,4.150238628
971,0,1.453958718,2.676158296
972,0,2.349373141,3.507118722
973,0,2.084150126,2.432560246
974,0,1.566060076,1.298069189
975,0,1.800350996,1.067451811
976,0,1.308526548,1.027931093
977,0,1.922108190,1.971625408
978,0,2.093669527,2.968019396
979,0,2.102936475,2.583448232
980,0,2.425459379,3.212807457
981,0,3.322518188,2.904530062
982,0,3.500083458,3.537344594
983,0,3.521459048,3.090669115
984,0,1.998936472,2.013875681
985,0,1.574405387,1.970646773
986,0,2.458595517,2.155333884
987,0,1.928911010,1.373677802
988,0,0.999959139,0.992473753
989,0,1.499979570,1.992473753
990,0,1.881273388,2.990968504
991,0,1.578499484,1.993897638
992,0,2.446031574,1.759501999
993,0,2.781773839,2.381463886
994,0,2.172931383,1.589010846
995,0,2.455137722,2.395719081
996,0,1.787340727,1.235824165
997,0,0.897365574,0.330053465
998,0,0.999999711,0.999367246
999,0,1.499999856,1.999367246
1000,0,2.347073215,1.541429384
1001,0,1.228097953,2.037643750
1002,0,1.316568922,1.110145334
1003,0,2.046342791,1.234649492
1004,0,2.405025498,1.997111254
1005,0,2.902154232,2.660531051
1006,0,2.759081615,3.396238982
1007,0,2.686164161,3.427530829
1008,0,3.213725545,2.540681545
1009,0,2.990141176,2.013775674
1010,0,2.908787085,1.850323560
1011,0,3.196370201,2.345254574
1012,0,2.291971205,1.667797634
1013,0,2.481028087,2.336158339
1014,0,2.793814243,3.044368256
1015,0,1.956145961,2.319125375
1016,0,2.878989171,2.048616735
1017,0,2.829131448,2.810457844
1018,0,2.939143832,2.358877292
1019,0,1.708780782,1.523435192
1020,0,2.577400404,2.478476292
1021,0,2.910170814,2.078160589
1022,0,2.288013991,1.484684290
1023,0,2.498464775,1.796592783
1024,0,2.236763859,1.811883778
1025,0,1.572092272,1.067424295
1026,0,2.180442582,1.265413159
1027,0,2.542451249,2.155494598
1028,0,2.198877259,2.020221593
1029,0,1.555989179,1.572092142
1030,0,2.098380148,1.366420327
1031,0,1.770856656,1.547719767
1032,0,1.986960471,1.451930543
1033,0,1.573956191,1.094438332
1034,0,1.949966894,1.881067729
1035,0,1.397956294,2.521298120
1036,0,2.723795314,4.191699436
1037,0,3.036911040,5.525467472
1038,0,3.300688168,6.265993876
1039,0,3.543764566,5.422487381
1040,0,3.438719562,6.166871940
1041,0,3.255969876,6.971244934
1042,0,3.427139631,5.998038103
1043,0,3.297091158,6.869401307
1044,0,3.027142997,5.992205737
1045,0,2.155797630,7.090352697
1046,0,1.343999104,2.730083461
1047,0,1.202983258,1.332633065
1048,0,2.612008879,2.448130589
1049,0,2.902249589,2.043538614
1050,0,2.791921079,1.993556946
1051,0,2.483839618,1.880610033
1052,0,2.591144295,2.451605861
1053,0,3.499386805,2.437616359
1054,0,3.199599777,2.414663136
1055,0,2.735306066,2.534481765
1056,0,2.697878351,2.371403767
1057,0,3.448431088,2.959723934
1058,0,3.631626617,2.958603333
1059,0,3.402455276,2.879213432
1060,0,3.122004438,3.410956482
1061,0,3.196428317,2.850699629
1062,0,2.127750704,2.412140305
1063,0,3.013793119,3.193293780
1064,0,3.166354090,2.814074006
1065,0,3.404867834,3.096007051
1066,0,3.348594369,3.947014736
1067,0,2.889361146,2.683428362
1068,0,2.404847340,2.242821985
1069,0,2.482755961,2.349622369
1070,0,2.276077284,3.583257113
1071,0,2.636413484,2.700736058
1072,0,2.102050828,1.682112976
1073,0,2.728028582,2.036863998
1074,0,1.357733942,1.118571150
1075,0,1.844973296,2.792817611
1076,0,1.985943673,1.647834940
1077,0,2.220884122,1.448780917
1078,0,2.331197183,1.792170682
1079,0,2.384775695,1.495354099
1080,0,2.211487980,1.349715972
1081,0,2.698827548,2.239756857
1082,0,2.574597520,2.785253534
1083,0,2.474987849,3.957529057
1084,0,2.235863411,3.612897255
1085,0,2.772388564,3.777127321
1086,0,2.843794848,3.108919450
1087,0,2.984052628,3.070957326
1088,0,1.977818335,1.459947530
1089,0,2.834276840,2.667411731
1090,0,2.703833020,2.844493545
1091,0,2.904832100,3.725475383
1092,0,3.083703023,3.697469892
1093,0,3.167682495,3.784470854
1094,0,2.951275914,2.732570865
1095,0,1.834545405,1.283032428
1096,0,2.444579184,1.730938960
1097,0,2.913906812,2.577475972
1098,0,2.552018556,1.859978524
1099,0,1.960089794,2.383044614
1100,0,2.570383143,2.708413614
1101,0,3.017220024,2.698217104
1102,0,3.052109048,2.659232465
1103,0,2.648307395,2.639375171
1104,0,2.616284363,3.346779801
1105,0,2.681862831,3.005189887
1106,0,3.303933641,3.164819389
1107,0,3.149818601,3.412706219
1108,0,3.148059910,2.698139738
1109,0,3.032856190,3.207152934
1110,0,2.939140663,2.947979779
1111,0,3.108483674,3.461793485
1112,0,2.821028735,2.694532641
1113,0,2.550798196,2.163608736
1114,0,3.282017869,2.323798145
1115,0,1.991922573,1.878023703
1116,0,1.696297864,1.614292349
1117,0,2.636998894,2.826359260
1118,0,2.292158690,2.061308260
1119,0,2.576130485,1.969938608
1120,0,3.030692599,2.524484940
1121,0,2.786326916,2.728436975
1122,0,3.022165503,2.349912054
1123,0,2.815463932,2.025687482
1124,0,3.059839516,2.147074395
1125,0,1.472938659,1.386922101
1126,0,2.378103048,1.985016773
1127,0,1.879805982,1.751161206
1128,0,0.982122172,1.157103112
1129,0,-0.000000000,0.000000000
1130,0,1.000000000,1.000000000
1131,0,1.750000000,1.000000000
1132,0,2.502901402,1.795918367
1133,0,2.134322096,2.054232804
1134,0,1.609469603,1.150424846
1135,0,1.972967613,1.174872470
1136,0,1.996438161,1.637917527
1137,0,2.816466928,1.855169133
1138,0,2.462005142,1.856646462
1139,0,2.257068503,2.514766233
1140,0,3.137425358,2.307663419
1141,0,2.431498902,2.224398105
1142,0,1.769192368,1.219367135
1143,0,2.008810448,2.018259359
1144,0,2.484251277,1.718899677
1145,0,2.148260617,1.326733598
1146,0,2.510412184,2.146148766
1147,0,2.756177856,1.687101505
1148,0,2.546148346,1.880169303
1149,0,2.162893635,1.330817924
1150,0,2.515224463,1.776513829
1151,0,2.868339901,2.739536631
1152,0,2.408830732,1.614516588
1153,0,2.951821008,2.680416148
1154,0,2.609899449,1.962659833
1155,0,1.776962836,2.000088838
1156,0,2.392997544,3.000066628
1157,0,2.122503312,2.044574029
1158,0,1.580335909,1.140485555
1159,0,-0.000000000,0.000000000
1160,0,1.000000000,1.000000000
1161,0,1.877387064,1.142857143
1162,0,2.457265914,1.692307692
1163,0,2.139871732,2.042207792
1164,0,2.507235488,1.764841155
1165,0,2.752843534,2.342043642
1166,0,2.589519252,3.025736861
1167,0,1.963475457,2.000000000
1168,0,2.543505227,1.813184495
1169,0,1.983935669,1.383552915
1170,0,1.935829076,1.703971659
1171,0,1.583416816,1.289460907
1172,0,1.628093200,1.158577932
1173,0,1.811818515,2.000000000
1174,0,1.971575666,1.914232357
1175,0,2.857143023,1.731273251
1176,0,1.000000000,1.000000000
1177,0,1.750000000,2.000000000
1178,0,2.502901402,3.000000000
1179,0,2.134322096,2.054232804
1180,0,1.609469603,1.150424846
1181,0,1.972967613,1.174872470
1182,0,2.284721420,1.487586217
1183,0,1.111986572,0.447083886
1184,0,1.539922191,1.126057128
1185,0,1.800407588,2.000000000
1186,0,1.307286493,1.059436452
1187,0,-0.000000000,0.000000000
1188,0,1.000000000,1.000000000
1189,0,1.877387064,1.714285714
1190,0,1.493369980,1.110169492
1191,0,1.794738373,1.054014599
1192,0,1.957473208,1.288199513
1193,0,-0.000000000,0.000000000
1194,0,1.000000000,1.000000000
1195,0,1.877387064,1.142857143
1196,0,2.255032708,1.464285714
1197,0,1.920485871,2.000000000
1198,0,1.367877609,1.979802956
1199,0,2.389231103,1.965705478
1200,0,2.542998969,1.749720522
1201,0,2.765804957,2.555969172
1202,0,2.546956083,3.000000000
1203,0,2.648256224,2.294098954
1204,0,1.000000000,1.000000000
1205,0,1.500000000,2.000000000
1206,0,1.000000000,1.000000000
1207,0,1.750000000,2.000000000
1208,0,1.921887137,3.000000000
1209,0,2.021556659,2.019654842
1210,0,2.306160256,1.505195328
1211,0,2.434829559,2.195149645
1212,0,2.478679025,3.000000000
1213,0,2.572140111,2.252618842
1214,0,2.695294338,1.933281619
1215,0,2.893545047,1.869926229
1216,0,1.000000000,1.000000000
1217,0,0.805958493,0.285714286
1218,0,1.000000000,1.000000000
1219,0,1.750000000,2.000000000
1220,0,1.288492994,1.054621849
1221,0,0.833473094,0.298860104
1222,0,1.392203952,1.081329879
1223,0,0.847335674,0.305573161
1224,0,1.000000000,1.000000000
1225,0,0.805958493,1.857142857
1226,0,1.378009505,1.077380952
1227,0,0.845363157,0.304619970
1228,0,1.098642671,1.014619218
1229,0,1.891006218,1.145625314
1230,0,2.459569004,1.693687306
1231,0,2.692445039,2.297975682
1232,0,1.000000000,1.000000000
1233,0,1.500000000,1.000000000
1234,0,1.000000000,1.000000000
1235,0,1.877387064,1.142857143
1236,0,1.493369980,1.110169492
1237,0,0.862958392,0.313232104
1238,0,1.101252913,1.015099751
1239,0,1.756209685,1.498201475
1240,0,1.926689617,1.273140022
1241,0,1.856927756,1.140788623
1242,0,2.011921302,1.316119903
1243,0,-0.000000000,0.000000000
1244,0,1.000000000,1.000000000
1245,0,1.750000000,2.000000000
1246,0,1.921887137,3.000000000
1247,0,2.021556659,2.019654842
1248,0,2.313871784,1.508560665
1249,0,2.467967485,1.417917972
1250,0,0.999927816,1.010003342
1251,0,1.877356128,2.008574293
1252,0,2.457240266,2.003077951
1253,0,-0.000000000,0.000000000
1254,0,1.000000000,1.000000000
1255,0,1.750000000,1.000000000
1256,0,1.614779337,1.197594502
1257,0,1.661238480,1.027013623
1258,0,2.029261822,1.785903047
1259,0,1.972414421,1.465769335
1260,0,1.710717846,1.627496515
1261,0,1.929594546,1.176335266
1262,0,2.129506337,1.425293013
1263,0,1.513617647,1.286922253
1264,0,-0.000000000,0.000000000
1265,0,1.000000000,1.000000000
1266,0,1.465536041,1.153846154
1267,0,1.674612860,2.715488722
1268,0,0.948748584,1.759075238
1269,0,1.838637205,1.956374318
1270,0,2.040296170,1.287301604
1271,0,2.172132735,2.070644943
1272,0,2.433285285,1.567952291
1273,0,2.137357793,1.369394291
1274,0,1.780108772,2.071497489
1275,0,2.111474758,1.560289170
1276,0,2.005754487,2.186454615
1277,0,2.201331367,2.117219531
1278,0,2.301799595,2.137535518
1279,0,3.010091419,1.988312179
1280,0,2.564845138,1.705981415
1281,0,2.822645240,2.601590989
1282,0,2.505855765,3.744825744
1283,0,2.319711279,5.154175371
1284,0,2.755194077,4.808007540
1285,0,3.066319712,3.942544147
1286,0,3.274174103,3.295598679
1287,0,2.627119390,2.495818485
1288,0,2.493713120,3.374754497
1289,0,2.479875437,2.770150480
1290,0,2.880448107,2.547811876
1291,0,2.799850106,2.590309289
1292,0,2.527974473,1.872472652
1293,0,2.173180768,1.535933274
1294,0,2.530466117,1.890356803
1295,0,2.231078224,1.517066785
1296,0,3.008087110,2.533214630
1297,0,2.573356801,2.176469063
1298,0,2.310226779,1.363079636
1299,0,1.473407976,1.174682623
1300,0,1.760804351,0.973011009
1301,0,1.658748365,1.210005518
1302,0,2.405558134,1.506473120
1303,0,2.670040420,1.820846885
1304,0,2.429201889,1.684422539
1305,0,1.505454646,1.142965254
1306,0,1.789811030,1.513642228
1307,0,-0.000000000,0.000000000
1308,0,1.500000000,1.000000000
1309,0,-0.000000000,0.000000000
1310,0,-0.000000000,0.000000000
1311,0,-0.000000000,0.000000000
1312,0,0.734529921,1.857142857
1313,0,0.323814475,0.095238095
1314,0,1.308332216,1.075757576
1315,0,1.434098279,2.149305556
1316,0,2.499224798,1.932422778
1317,0,1.919566641,1.533564534
1318,0,1.451640629,0.677595984
1319,0,0.265427010,0.085564179
1320,0,1.570473224,1.500096862
1321,0,1.638589939,1.970855742
1322,0,1.981048636,1.431390427
1323,0,0.686578273,1.982051710
1324,0,2.377285304,2.868921285
1325,0,1.751701518,3.577652953
1326,0,2.058734468,2.478338171
1327,0,1.833747052,2.855540071
1328,0,2.040687326,1.936578753
1329,0,1.901972855,1.539915786
1330,0,1.984599764,1.621495187
1331,0,1.270757157,0.815246792
1332,0,1.025028253,0.399404871
1333,0,0.148466527,0.041041096
1334,0,1.522337101,1.723543121
1335,0,0.415961038,0.130990478
1336,0,1.598557357,1.748902797
1337,0,1.714868114,1.498785109
1338,0,1.997941651,1.509774038
1339,0,0.761662545,0.319951617
1340,0,1.757328608,1.351984578
1341,0,-0.000000000,0.000000000
1342,0,0.734529921,0.285714286
1343,0,-0.000000000,0.000000000
1344,0,1.000000000,1.000000000
1345,0,-0.000000000,0.000000000
1346,0,1.000000000,1.000000000
1347,0,1.000000000,2.000000000
1348,0,2.418295834,1.833333333
1349,0,1.898845078,1.475409836
1350,0,1.973351919,1.732394366
1351,0,0.579982249,0.228359909
1352,0,1.712297162,1.194457417
1353,0,0.475217962,0.158061547
1354,0,1.631362499,1.753869916
1355,0,1.743049100,1.523919928
1356,0,2.425764734,1.848656897
1357,0,1.864433623,1.927124859
1358,0,2.491186046,2.604840512
1359,0,2.105093626,2.785270231
1360,0,2.651338073,2.259746237
1361,0,1.938690894,2.630221313
1362,0,2.585700249,2.056121957
1363,0,2.343871260,1.637074958
1364,0,2.021026703,1.639969799
1365,0,-0.000000000,0.000000000
1366,0,1.500000000,1.500000000
1367,0,0.816689088,0.333333333
1368,0,1.728983634,1.236641221
1369,0,0.488295284,0.163692671
1370,0,0.805201959,0.311767260
1371,0,-0.000000000,0.000000000
1372,0,1.500000000,1.000000000
1373,0,-0.000000000,0.000000000
1374,0,0.734529921,1.857142857
1375,0,0.077318845,0.016528926
1376,0,1.515097483,1.005524862
1377,0,-0.000000000,0.000000000
1378,0,-0.000000000,0.000000000
1379,0,-0.000000000,0.000000000
1380,0,1.448815636,1.142857143
1381,0,-0.000000000,0.000000000
1382,0,1.500000000,1.000000000
1383,0,0.237850573,0.064516129
1384,0,1.534255076,1.160060976
1385,0,0.419350255,0.132374020
1386,0,0.793974022,0.308070090
1387,0,0.087422574,0.019298020
1388,0,1.481853074,1.148797133
1389,0,1.167432878,0.580012345
1390,0,1.778268304,1.500207410
1391,0,-0.000000000,0.000000000
1392,0,1.448815636,1.142857143
1393,0,1.579863401,2.000000000
1394,0,2.334801991,3.000000000
1395,0,2.099685921,2.020202020
1396,0,2.078207877,2.280353982
1397,0,1.865888193,1.793913246
1398,0,1.367357345,1.794340037
1399,0,1.803573032,1.374480820
1400,0,1.323197428,0.577742875
1401,0,0.841555639,0.387485535
1402,0,1.871509648,1.500045634
1403,0,1.606501343,0.989193800
1404,0,1.917710849,1.325106678
1405,0,1.935759589,1.735859967
1406,0,-0.000000000,0.000000000
1407,0,-0.000000000,0.000000000
1408,0,1.000000000,1.000000000
1409,0,1.561278124,2.000000000
1410,0,1.964319606,1.484848485
1411,0,1.900493942,2.957589286
1412,0,2.565395032,2.258797769
1413,0,2.033514263,2.279596445
1414,0,1.496218954,0.619414653
1415,0,0.963733677,0.520955447
1416,0,1.623026796,1.305152787
1417,0,0.619597940,0.237553105
1418,0,1.835152982,1.249708735
1419,0,0.799600270,0.366831338
1420,0,1.840254657,1.168339102
1421,0,0.547660669,0.234772203
1422,0,0.842989446,0.328088754
1423,0,0.408521237,0.134628381
1424,0,1.408210594,1.135386181
1425,0,0.527807780,0.179649732
1426,0,1.615143418,1.058492771
1427,0,0.923116716,0.390823153
1428,0,0.905390565,0.357039799
1429,0,-0.000000000,0.000000000
1430,0,-0.000000000,0.000000000
1431,0,-0.000000000,0.000000000
1432,0,1.500000000,1.000000000
1433,0,0.237850573,0.064516129
1434,0,1.229238271,1.052083333
1435,0,1.322650422,0.709903593
1436,0,1.819729701,1.510919921
1437,0,1.186920882,2.162916391
1438,0,2.042285117,1.509119386
1439,0,2.174866061,2.872773836
1440,0,2.816191977,3.889575669
1441,0,2.434353656,3.566164525
1442,0,2.103359109,3.690960304
1443,0,2.556868960,5.715836143
1444,0,2.992817480,3.589552002
1445,0,3.095533366,2.887539777
1446,0,3.319591434,2.741670208
1447,0,3.002204030,2.347165534
1448,0,3.071974458,3.039727672
1449,0,3.046522486,3.737980751
1450,0,3.189289754,3.098804685
1451,0,3.143604551,2.599941038
1452,0,2.604494574,2.883282385
1453,0,3.517518460,3.649151607
1454,0,3.365496176,4.498422228
1455,0,3.267227237,3.808260634
1456,0,2.904144673,3.738357409
1457,0,3.225845329,4.614074097
1458,0,1.429356547,1.279414253
1459,0,1.951016452,1.288460017
1460,0,1.847951853,1.678295143
1461,0,2.124539758,1.433095256
1462,0,2.438986641,1.916624876
1463,0,2.615099138,1.801818631
1464,0,2.612824520,2.708118414
1465,0,2.683899801,2.427330827
1466,0,0.947681942,0.941952635
1467,0,1.296908971,1.013656015
1468,0,1.786144687,1.528425808
1469,0,1.859157875,1.547340627
1470,0,1.802524541,1.099271096
1471,0,0.651764817,0.500742843
1472,0,1.045723503,0.538738173
1473,0,0.111983595,0.103952232
1474,0,0.844101646,0.395602110
1475,0,0.397095623,0.155157764
1476,0,0.849743902,0.368380274
1477,0,0.137304661,0.059882469
1478,0,1.521035944,1.177604947
1479,0,0.444430026,0.155695924
1480,0,0.829506894,0.335626628
1481,0,0.121024643,0.081764621
1482,0,1.550626079,1.523684400
1483,0,0.942496477,0.417466892
1484,0,1.792728071,1.258649086
1485,0,1.420045338,2.007151623
1486,0,2.218275425,2.650339198
1487,0,1.132562168,3.508125910
1488,0,2.371664401,1.863715760
1489,0,1.852656613,1.928804161
1490,0,2.163705826,1.381060056
1491,0,2.377503746,1.514074941
1492,0,1.398744511,0.962804434
1493,0,2.160977725,1.706683492
1494,0,2.437547773,2.725141544
1495,0,1.910527332,2.493514945
1496,0,2.152887741,1.586885749
1497,0,1.945901805,1.142915672
1498,0,2.304428959,1.351259901
1499,0,2.614202702,1.607915116
1500,0,2.388227026,2.036138125
1501,0,2.707139668,3.099908907
1502,0,3.050068871,3.566602767
1503,0,2.709858486,2.613794648
1504,0,3.035687951,2.176042621
1505,0,2.762214505,1.995612304
1506,0,3.095206078,2.345176117
1507,0,2.884269889,1.973267887
1508,0,2.277458867,2.200040267
1509,0,1.005663295,0.968123841
1510,0,1.504524061,1.001582933
1511,0,1.846026768,1.582231367
1512,0,1.672022065,1.105766899
1513,0,1.178395236,0.971022183
1514,0,2.265906058,2.092147319
1515,0,2.076878845,1.757831069
1516,0,2.939037880,1.843854395
1517,0,2.097729272,1.393431936
1518,0,2.348824838,2.054969255
1519,0,1.566193358,2.945499234
1520,0,1.640633885,1.548683930
1521,0,1.368634686,2.777243740
1522,0,1.643714765,1.495635231
1523,0,1.351493413,1.062137668
1524,0,2.090116510,1.911120321
1525,0,0.769968864,0.347901357
1526,0,0.000218011,0.000145402
1527,0,0.000139676,0.000085553
1528,0,1.000017494,1.000007447
1529,0,1.561304902,1.500012273
1530,0,0.000109526,0.000070221
1531,0,0.000063171,0.000034109
1532,0,0.734550788,0.285726649
1533,0,0.000005480,0.000003275
1534,0,1.500005358,1.500002772
1535,0,1.539488966,2.000001657
1536,0,1.896197956,1.500001856
1537,0,1.492790774,2.823529412
1538,0,2.618057695,3.862745098
1539,0,3.094417763,3.562036055
1540,0,3.301302459,3.785925217
1541,0,3.536853042,4.560447699
1542,0,2.779619370,4.100473828
1543,0,3.081963933,4.663299782
1544,0,3.285951436,4.069509803
1545,0,3.098797892,4.441565554
1546,0,3.335142482,5.411330566
1547,0,3.710625733,4.510561960
1548,0,3.595214944,3.923899394
1549,0,2.534502372,3.054808385
1550,0,3.252179553,3.839334939
1551,0,3.129141570,3.257688376
1552,0,3.163585392,2.998925970
1553,0,3.330145974,3.153800105
1554,0,2.668812118,3.514798310
1555,0,3.075689727,4.607617648
1556,0,2.736298808,3.764548325
1557,0,2.306037880,3.356062745
1558,0,2.757731110,3.293937738
1559,0,2.326979962,2.783825370
1560,0,2.507909373,2.797786260
1561,0,2.251803564,4.081134266
1562,0,2.059584922,2.983671584
1563,0,1.868418844,2.124007905
1564,0,1.955352002,2.522501999
1565,0,1.446282343,4.388684803
1566,0,1.347160276,3.034040793
1567,0,1.295215839,2.838814003
1568,0,2.063674381,1.876680049
1569,0,1.921641745,3.336642936
1570,0,2.640495190,4.578606757
1571,0,1.864255655,3.777657585
1572,0,2.062250694,2.641295078
1573,0,0.000790320,0.000702609
1574,0,1.500761353,1.000719243
1575,0,0.238345263,0.064921890
1576,0,1.548895597,1.500309393
1577,0,0.251165115,0.069103331
1578,0,1.551755214,1.022888031
1579,0,0.000162667,0.000143290
1580,0,1.000000000,1.000000000
1581,0,-0.000000000,0.000000000
1582,0,-0.000000000,0.000000000
1583,0,-0.000000000,0.000000000
1584,0,0.734529921,0.285714286
1585,0,-0.000000000,0.000000000
1586,0,1.000000000,1.000000000
1587,0,0.468166641,0.153846154
1588,0,1.599684294,1.052631579
1589,0,0.907761240,0.381578947
1590,0,0.902007437,1.846040516
1591,0,1.281100273,2.122061982
1592,0,1.809876251,1.547094188
1593,0,0.369809651,0.118300592
1594,0,0.785307074,1.857364426
1595,0,0.086305328,0.019019297
1596,0,1.517549584,1.500589351
1597,0,0.830535912,0.339277829
1598,0,1.732280080,1.245278007
1599,0,0.827740331,0.363362826
1600,0,0.872784326,1.867240849
1601,0,0.130341868,0.042130044
1602,0,0.750289121,1.858587638
1603,0,0.003151743,0.001866608
1604,0,1.006068822,1.003032531
1605,0,1.256486854,0.669803178
1606,0,2.038900770,1.503479905
1607,0,1.651231393,1.985531627
1608,0,1.910471569,1.515620056
1609,0,1.341678028,0.723683498
1610,0,1.843405650,1.216692876
1611,0,0.388934289,0.128507801
1612,0,1.409325099,1.104149977
1613,0,0.000040392,0.000020330
1614,0,1.500004117,1.000001740
1615,0,0.237854240,0.064517582
1616,0,0.764759354,0.296530257
1617,0,0.000000761,0.000000291
1618,0,0.000001264,0.000000557
1619,0,0.000000805,0.000000329
1620,0,1.448815761,1.714285757
1621,0,0.000000091,0.000000034
1622,0,1.500000089,1.500000027
1623,0,0.237850638,0.064516153
1624,0,0.000000083,0.000000036
1625,0,0.000000042,0.000000016
1626,0,1.000000026,1.000000008
1627,0,1.251629193,0.666666676
1628,0,1.051237191,0.434782621
1629,0,0.549457585,0.195652174
1630,0,1.626641726,1.057943926
1631,0,0.000000007,0.000000002
1632,0,1.448815637,1.142857143
1633,0,0.399790068,0.125000000
1634,0,0.791288977,0.307210032
1635,0,1.108541407,0.519801980
1636,0,1.759784442,1.182679296
1637,0,0.340728514,0.104925452
1638,0,0.780260377,0.301381262
1639,0,0.356072200,0.107351251
1640,0,1.575504061,1.035173916
1641,0,0.883331736,0.367240256
1642,0,1.755373511,1.243926638
1643,0,1.415894515,1.995148898
1644,0,2.401078821,2.030627313
1645,0,2.158526953,1.669120904
1646,0,2.259222421,2.292739062
1647,0,1.076909101,2.246017555
1648,0,2.191125863,3.018099508
1649,0,1.790243787,3.656349474
1650,0,1.809128059,1.242092616
1651,0,2.565389857,2.089597400
1652,0,2.500771457,1.510800818
1653,0,2.374734193,1.717376471
1654,0,2.523821734,1.780603746
1655,0,2.391626014,2.549396882
1656,0,2.966501144,2.683345208
1657,0,2.776987614,2.645506451
1658,0,2.628952990,2.798436700
1659,0,2.909264080,2.346935393
1660,0,3.228810095,3.156893229
1661,0,3.555277547,2.825243270
1662,0,2.866261085,2.665919756
1663,0,2.153014111,1.635583173
1664,0,2.688182593,2.388293665
1665,0,2.040205258,1.646822425
1666,0,2.604075753,1.626367287
1667,0,1.976616351,1.552958082
1668,0,2.583845653,1.552399407
1669,0,2.340827585,1.594816438
1670,0,2.637773253,1.576931274
1671,0,2.771089982,1.790913727
1672,0,3.316225989,2.392233210
1673,0,1.683174300,1.749639730
1674,0,1.966636907,1.197833992
1675,0,1.452824307,1.066593925
1676,0,1.577854252,1.550584878
1677,0,1.197118544,2.114607409
1678,0,2.122077954,1.412913289
1679,0,1.972443942,1.121951227
1680,0,2.163698348,1.397181613
1681,0,1.913387861,2.275116264
1682,0,2.168236501,1.524911878
1683,0,2.396329735,1.586343897
1684,0,2.067050621,1.340190230
1685,0,2.163943191,1.376733146
1686,0,2.339716447,1.490833767
1687,0,2.716697220,1.639218015
1688,0,3.310573921,2.543177123
1689,0,3.355974295,2.058296820
1690,0,3.595047871,2.413206578
1691,0,3.358638018,2.430658323
1692,0,2.898056573,1.989706009
1693,0,1.178760378,0.824251253
1694,0,2.125134339,1.799877233
1695,0,1.898822173,1.427857913
1696,0,1.660589691,1.016827898
1697,0,2.253254998,1.692584289
1698,0,2.156968314,1.369372066
1699,0,2.496183079,1.916958718
1700,0,2.319997709,2.569663511
1701,0,2.020325865,1.538925102
1702,0,2.664034874,1.691813729
1703,0,2.994186515,2.174786080
1704,0,1.527369240,1.455104753
1705,0,2.353991731,2.569859157
1706,0,1.742920705,1.308050340
1707,0,2.238315984,2.398067114
1708,0,2.619950786,1.826296316
1709,0,1.280861601,0.562838663
1710,0,2.510678393,1.639086260
1711,0,2.246709872,1.518141067
1712,0,2.742932852,2.091564233
1713,0,2.396990520,1.674177599
1714,0,1.909454355,1.548526593
1715,0,2.509985984,1.718097665
1716,0,1.066686494,1.033483537
1717,0,-0.000000000,0.000000000
1718,0,1.000000000,1.000000000
1719,0,0.805958493,0.285714286
1720,0,1.980075389,1.335885167
1721,0,1.277094983,0.932720150
1722,0,1.687471687,1.099731576
1723,0,2.212248077,1.597237261
1724,0,1.720004961,1.596652079
1725,0,1.680747664,1.507529263
1726,0,2.045256637,1.138466294
1727,0,2.131229397,1.534510764
1728,0,2.013623070,1.524499469
1729,0,1.860879057,1.260318094
1730,0,1.577998384,1.601070538
1731,0,1.750134240,1.838351618
1732,0,2.108537597,1.679702470
1733,0,2.431809534,1.496464022
1734,0,2.675034223,1.945466146
1735,0,2.591950796,2.597374221
1736,0,1.991819541,1.792482612
1737,0,2.524714291,1.683346764
1738,0,2.279142944,1.986088213
1739,0,2.790765850,2.485555778
1740,0,2.968627595,2.668973157
1741,0,3.387488388,2.432380715
1742,0,1.749222768,1.837241598
1743,0,1.926373728,1.654959259
1744,0,2.989248010,2.619110177
1745,0,2.988680876,3.081218017
1746,0,3.033680346,3.912628587
1747,0,3.248405028,4.311485591
1748,0,3.563320543,4.275574637
1749,0,3.315759741,5.112812106
1750,0,3.135156987,4.360621065
1751,0,3.459569539,4.120074674
1752,0,2.752840730,3.342869248
1753,0,2.182590704,2.835293434
1754,0,2.173294337,2.269136480
1755,0,0.173382151,0.258300834
1756,0,1.120763406,1.124110534
1757,0,0.937960865,0.477488420
1758,0,1.383409165,1.080945400
1759,0,0.000000138,0.000000070
1760,0,1.000000069,1.000000031
1761,0,0.000000104,0.000000052
1762,0,1.000000032,1.000000013
1763,0,0.805958534,1.857142873
1764,0,2.091425885,1.889908257
1765,0,1.886670414,1.451282052
1766,0,1.347282565,1.069986481
1767,0,1.928795058,2.005298880
1768,0,1.942554361,3.003781945
1769,0,2.775723757,2.347352287
1770,0,1.000000001,1.000000000
1771,0,0.805958494,0.285714286
1772,0,1.092885007,1.013569937
1773,0,0.812663694,0.288894460
1774,0,1.093856303,1.013745904
1775,0,1.890289274,1.145427622
1776,0,2.459435832,2.002458213
1777,0,0.000000000,0.000000000
1778,0,1.000000000,1.000000000
1779,0,1.750000000,1.000000000
1780,0,1.921887137,1.270833333
1781,0,2.137726621,2.159292035
1782,0,0.999736601,1.019108280
1783,0,-0.000000000,0.000000000
1784,0,1.000000000,1.000000000
1785,0,1.877387064,2.000000000
1786,0,2.255032708,1.464285714
1787,0,2.396139566,2.179824561
1788,0,2.612755116,1.748716250
1789,0,1.284372317,0.553574018
1790,0,1.014543491,1.008725517
1791,0,1.892775573,1.150455652
1792,0,2.269823707,1.471361484
1793,0,2.094874019,1.231467422
1794,0,2.363167028,1.543020807
1795,0,2.125620570,1.258166557
1796,0,1.028457004,1.016343549
1797,0,1.898954379,1.726340022
1798,0,2.482805860,2.013466303
1799,0,1.992441351,1.696828517
1800,0,2.514234586,2.051451086
1801,0,2.179273398,2.085133525
1802,0,1.725362864,1.211902487
1803,0,0.005448282,0.003422319
1804,0,1.000470717,1.000174226
1805,0,1.877387064,2.000000000
1806,0,2.457265914,1.692307692
1807,0,2.586663507,2.978102190
1808,0,2.363601335,2.502814259
1809,0,1.188806974,4.385026738
1810,0,0.467559595,0.199095023
1811,0,1.747551457,1.516591252
1812,0,1.282420861,1.776888652
1813,0,1.680702447,1.396397995
1814,0,1.577848426,1.094097098
1815,0,2.066706581,1.772103367
1816,0,1.813731769,1.323514021
1817,0,2.718876798,1.916666667
1818,0,2.555063249,1.755393006
1819,0,2.919759315,2.233368674
1820,0,3.190440253,2.851210687
1821,0,2.574799665,3.335972973
1822,0,2.953182111,4.196556550
1823,0,2.428986021,3.484445425
1824,0,2.271403142,2.884407639
1825,0,3.115642268,2.824181799
1826,0,3.151338553,3.458498885
1827,0,2.761632968,3.607377499
1828,0,2.700636207,4.433344605
1829,0,2.592093759,3.793258516
1830,0,3.479459416,3.366986179
1831,0,2.895560300,4.477758009
1832,0,2.989566828,3.655337001
1833,0,3.597840735,3.959109017
1834,0,2.378016644,3.240786766
1835,0,3.159943954,2.948336118
1836,0,3.052171940,2.726277239
1837,0,2.613474310,2.219243883
1838,0,2.979900039,2.338612871
1839,0,2.767115406,2.655118443
1840,0,2.312801580,1.894996802
1841,0,1.968274766,1.773054811
1842,0,2.140149344,1.517446586
1843,0,2.306816544,1.685389991
1844,0,2.095384556,1.542203815
1845,0,2.669055257,1.697215856
1846,0,2.370821149,1.619175094
1847,0,2.642116968,2.301228450
1848,0,2.268735078,2.728869530
1849,0,2.246161425,2.317625327
1850,0,1.838278975,1.522345456
1851,0,1.538174574,1.253764342
1852,0,1.809526946,1.975856367
1853,0,2.756678903,1.787971508
1854,0,2.490577169,1.547243200
1855,0,2.077264579,1.562473745
1856,0,2.575967309,2.436936024
1857,0,2.416205209,2.219145467
1858,0,2.316611728,1.579593484
1859,0,1.905361986,1.025520284
1860,0,1.890599885,1.204037136
1861,0,1.573782116,0.933759244
1862,0,1.555956272,0.755613001
1863,0,1.470146089,0.636184786
1864,0,1.749971557,1.233255269
1865,0,1.746132962,0.943455215
1866,0,2.111131184,1.238162971
1867,0,2.504547214,1.918641653
1868,0,0.854383361,0.558436394
1869,0,1.713595840,1.000000000
1870,0,1.282531253,0.982264787
1871,0,0.833092427,1.852435233
1872,0,2.114691840,1.362284726
1873,0,1.067433577,0.417217858
1874,0,1.133955819,1.020840235
1875,0,-0.000000000,0.000000000
1876,0,1.000000000,1.000000000
1877,0,1.750000000,2.000000000
1878,0,2.502901402,3.000000000
1879,0,2.611414908,2.525316456
1880,0,2.559553250,3.125840708
1881,0,2.977694020,2.505525333
1882,0,2.748246007,2.028022956
1883,0,2.161181964,1.565514244
1884,0,1.628275686,1.247771342
1885,0,1.873793670,1.140892527
1886,0,1.374827080,1.124887450
1887,0,1.747538912,1.063692311
1888,0,1.642901006,1.163165735
1889,0,2.747156021,1.542172053
1890,0,2.587667173,1.842821764
1891,0,2.572238885,1.770837460
1892,0,2.739296690,1.916420829
1893,0,1.861922605,1.258903156
1894,0,1.688313363,1.807948150
1895,0,2.281350580,1.593624523
1896,0,1.655227606,1.484853067
1897,0,2.106294887,2.427434467
1898,0,2.209918007,3.374465842
1899,0,2.316121790,4.128988278
1900,0,3.235873883,5.533239214
1901,0,3.265046486,4.058545080
1902,0,3.165117829,4.844732227
1903,0,3.361780109,4.335601839
1904,0,3.538956177,4.531437735
1905,0,3.753707703,4.273626436
1906,0,3.856426841,4.888482460
1907,0,3.790600036,4.355274136
1908,0,3.524680450,5.153316126
1909,0,3.958900423,4.345417501
1910,0,3.781637584,4.162018821
1911,0,3.647125046,3.753160364
1912,0,3.745715928,4.595370517
1913,0,3.115458726,3.006187058
1914,0,3.275873703,3.662469127
1915,0,2.137975059,2.347720490
1916,0,1.769790516,1.472037523
1917,0,2.078051376,1.269647369
1918,0,1.571060844,1.152257566
1919,0,2.674340435,1.482862718
1920,0,2.557903883,1.774654842
1921,0,2.196641308,1.398981817
1922,0,2.546960977,1.802277776
1923,0,1.971766938,2.017912338
1924,0,1.593420737,1.159563239
1925,0,0.300508379,0.337566224
1926,0,1.028733231,1.013269514
1927,0,1.881865676,2.001066817
1928,0,2.259460299,1.465848289
1929,0,0.000233052,0.000181845
1930,0,1.000125419,1.000091466
1931,0,0.805980448,0.285730902
1932,0,1.000024345,1.000017743
1933,0,0.805971418,0.285722971
1934,0,1.378009505,1.077380952
1935,0,1.793635683,2.038389513
1936,0,2.391530462,1.576323889
1937,0,2.923162706,2.591098087
1938,0,2.818095566,3.184179950
1939,0,2.944287871,2.568142382
1940,0,2.064065000,1.383465192
1941,0,2.065748645,2.054169973
1942,0,2.489077620,1.751570132
1943,0,2.723820574,1.950918106
1944,0,2.520063185,1.852781608
1945,0,2.803245656,1.994340339
1946,0,2.557445086,1.852633519
1947,0,2.665457562,2.533920300
1948,0,2.533559892,2.928583644
1949,0,2.803239579,2.538085086
1950,0,3.082087371,3.407019266
1951,0,3.155451249,4.361833679
1952,0,3.196395795,3.727072812
1953,0,2.774456712,4.073211717
1954,0,3.031380686,3.496801393
1955,0,3.321335505,3.685987724
1956,0,3.018676492,2.634822941
1957,0,3.179609800,2.844093979
1958,0,2.292739184,1.622051525
1959,0,2.207530901,1.957939078
1960,0,1.667893763,1.200696201
1961,0,2.072569438,1.189904182
1962,0,2.186910252,2.190659003
1963,0,1.396872211,1.324270612
1964,0,1.746799853,1.230359742
1965,0,2.271304059,1.876905578
1966,0,2.363698421,4.151467396
1967,0,2.216119036,5.175628773
1968,0,2.311897392,4.362547434
1969,0,2.776802772,1.905347205
1970,0,2.353015475,2.228101296
1971,0,1.012854282,1.543907133
1972,0,1.539119565,1.988970531
1973,0,2.352218385,2.996961107
1974,0,2.417668009,2.138194361
1975,0,0.330512423,0.571840149
1976,0,1.190625957,1.258663614
1977,0,1.909592601,1.168209130
1978,0,2.288505067,1.877715056
1979,0,2.292298644,1.870917421
1980,0,2.941259147,2.249076539
1981,0,1.583799128,1.330681818
1982,0,1.633766087,1.133473249
1983,0,1.979249215,1.984237153
1984,0,0.999909824,0.988819335
1985,0,1.499954912,1.000000000
1986,0,2.347047534,1.836128500
1987,0,1.941851592,2.004435305
1988,0,1.383942902,1.081659459
1989,0,1.801055474,2.042627673
1990,0,2.379461897,1.838107577
1991,0,2.485788230,1.424050753
1992,0,2.493213987,1.855306817
1993,0,2.139831276,1.290149475
1994,0,2.494317789,1.745357298
1995,0,2.861382720,2.711112119
1996,0,2.467767649,2.147156265
1997,0,1.931862051,1.744192813
1998,0,2.325358322,1.545627209
1999,0,2.459523525,1.422758596
2000,0,0.999851576,0.985655930
2001,0,0.805947891,0.285714286
2002,0,1.092884131,1.012985993
2003,0,1.890143786,1.720041681
2004,0,1.495510862,1.111100429
2005,0,1.951354117,2.008463782
2006,0,1.510753116,1.116013586
2007,0,1.892708254,2.056643904
2008,0,2.391821222,1.586886483
2009,0,1.952055361,2.002266789
2010,0,2.120992702,1.903885013
2011,0,1.891802708,2.000849310
2012,0,1.905235232,1.642412892
2013,0,2.092808521,2.088136981
2014,0,2.834623769,3.159179788
2015,0,2.931267994,2.672266164
2016,0,1.997781800,1.955347960
2017,0,2.137565886,2.128382438
2018,0,2.510595529,1.862364151
2019,0,1.887700253,2.011927179
2020,0,1.348948420,1.986503425
2021,0,1.778599442,1.493539269
2022,0,1.944297364,1.280843872
2023,0,0.964418793,1.828945223
2024,0,0.999999996,0.999922782
2025,0,-0.000000000,0.000000000
2026,0,1.000000000,1.000000000
2027,0,0.805958493,0.285714286
2028,0,1.000000000,1.000000000
2029,0,0.805958493,1.857142857
2030,0,2.091425884,1.889908257
2031,0,2.288242432,1.294964029
2032,0,2.455868648,1.834068288
2033,0,2.550079288,2.230619501
2034,0,2.539167083,3.104849663
2035,0,2.883861968,2.588144831
2036,0,2.753809360,3.410322465
2037,0,2.932037315,3.968759131
2038,0,3.047077136,5.039757120
2039,0,3.283272992,4.540565319
2040,0,2.986235381,5.297899465
2041,0,3.313918109,6.259569289
2042,0,3.623007860,5.590372313
2043,0,3.260163290,6.314855793
2044,0,3.539441757,5.675431030
2045,0,3.376717519,5.020662983
2046,0,3.392216488,4.580845804
2047,0,2.868762221,4.668560023
2048,0,3.085029727,4.000453228
2049,0,2.874968440,3.317482199
2050,0,2.502764622,2.470283738
2051,0,1.608308413,2.190216581
2052,0,2.457510328,3.188241603
2053,0,2.251410079,4.236845460
2054,0,2.533920985,3.445339089
2055,0,3.068963709,4.397308821
2056,0,2.795887245,3.611183278
2057,0,2.567761256,4.560749743
2058,0,2.821461605,4.186241971
2059,0,2.812578771,3.563373769
2060,0,3.093047117,2.951495024
2061,0,2.942744522,2.206350735
2062,0,2.592340988,2.245668350
2063,0,2.572254619,1.757749304
2064,0,2.514289579,2.070754160
2065,0,2.487640729,1.482655556
2066,0,2.216959659,1.909192555
2067,0,1.710194316,1.419070356
2068,0,1.974546612,1.194691429
2069,0,2.464599395,1.453129942
2070,0,1.919926182,0.951358575
2071,0,2.225097602,1.517283911
2072,0,1.239775157,0.897627404
2073,0,2.188580458,1.327542618
2074,0,1.868965587,1.339775969
2075,0,2.273840761,1.289932681
2076,0,2.807328027,2.096868550
2077,0,0.976649708,0.762736731
2078,0,1.448339471,1.009221118
2079,0,2.382255878,1.890376706
2080,0,2.794318427,1.845152416
2081,0,2.549289405,1.747433678
2082,0,2.933792726,2.599728569
2083,0,2.667676841,2.853357124
2084,0,2.396593185,2.073058783
2085,0,2.663451351,3.020451686
2086,0,2.459707934,2.565415180
2087,0,3.380647210,3.367630469
2088,0,3.196182231,4.149371673
2089,0,3.454293387,4.992498155
2090,0,3.157006128,4.194205047
2091,0,3.458152901,3.593043147
2092,0,1.909978469,2.513240495
2093,0,2.059939315,1.661718406
2094,0,2.380051271,2.460160498
2095,0,1.328718709,1.314013165
2096,0,1.751777755,1.008634862
2097,0,1.998005040,1.318797458
2098,0,1.879849089,2.064503754
2099,0,2.199923144,1.930888201
2100,0,3.045678011,2.558123793
2101,0,2.942930267,2.144852418
2102,0,2.204275378,1.864866418
2103,0,2.080011578,1.567145535
2104,0,1.868006286,1.516429868
2105,0,1.146999103,1.414483784
2106,0,1.910169584,1.207629949
2107,0,1.809191272,1.313799109
2108,0,2.099157394,1.985092779
2109,0,1.470363609,1.188105974
2110,0,0.212954859,0.204528598
2111,0,1.152401565,1.130786381
2112,0,1.800034307,1.043647455
2113,0,1.248504065,1.098691915
2114,0,1.810292067,1.042323088
2115,0,1.758203701,1.296439491
2116,0,1.411422012,1.382990715
2117,0,1.344494920,0.916255142
2118,0,1.236038611,1.001128251
2119,0,1.063741333,1.381502509
2120,0,2.119245718,2.218950392
2121,0,2.224012105,1.540941033
2122,0,2.587266717,1.464489055
2123,0,1.566657487,1.333489777
2124,0,2.847382063,1.684369818
2125,0,2.814713796,2.205953843
2126,0,2.917656777,2.098074708
2127,0,2.611944781,1.685696373
2128,0,2.783428128,1.775463531
2129,0,2.538157889,1.655610564
2130,0,2.231367284,1.749900918
2131,0,2.438582777,2.741171725
2132,0,2.402660353,1.753784331
2133,0,1.349547341,1.073674805
2134,0,1.514962101,1.696379031
2135,0,2.515643608,1.539278401
2136,0,2.470112872,1.450498527
2137,0,2.640558632,1.905963190
2138,0,2.583034066,1.555805665
2139,0,1.402873663,1.330064465
2140,0,2.329133222,1.724755833
2141,0,1.845293009,1.865847085
2142,0,2.750049163,2.817462937
2143,0,2.790984425,3.681667646
2144,0,3.025289788,3.033893623
2145,0,3.056413546,1.998965816
2146,0,2.923196477,1.818317833
2147,0,2.890120230,2.067888519
2148,0,2.358508951,1.924429847
2149,0,2.089925672,2.320235181
2150,0,2.666695231,1.897764260
2151,0,2.716750374,2.367968334
2152,0,1.740245192,1.723252186
2153,0,2.639110043,2.908403835
2154,0,2.406659705,2.091359281
2155,0,2.704703067,1.817414960
2156,0,1.887300478,2.612976847
2157,0,2.182397864,2.306261727
2158,0,2.925386862,2.734404117
2159,0,2.989561369,2.241513109
2160,0,2.987794525,2.390695749
2161,0,2.696128574,2.179438433
2162,0,2.455745114,2.332471786
2163,0,3.133968204,3.263565108
2164,0,3.009852959,3.778384548
2165,0,2.746837972,3.004723007
2166,0,2.429811950,2.313152127
2167,0,3.204528366,3.278782236
2168,0,1.939672069,2.379202108
2169,0,2.105642780,1.729302364
2170,0,2.359716211,2.615614359
2171,0,2.134360184,3.097731796
2172,0,1.660402733,4.001296782
2173,0,2.527311904,4.027056840
2174,0,3.017261174,4.474863367
2175,0,3.302669648,3.280158869
2176,0,3.040426187,2.737216375
2177,0,3.073551139,3.158511607
2178,0,1.600139832,0.720470645
2179,0,1.687364731,1.131751840
2180,0,2.125976088,2.253970766
2181,0,1.791627125,1.229962755
2182,0,2.177464780,1.218289436
2183,0,1.506864487,0.733678102
2184,0,-0.000000000,0.000000000
2185,0,1.000000000,1.000000000
2186,0,0.805958493,1.857142857
2187,0,1.068080165,1.004531411
2188,0,-0.000000000,0.000000000
2189,0,1.000000000,1.000000000
2190,0,1.500000000,1.000000000
2191,0,2.032457417,1.516666667
2192,0,1.916402752,1.220046985
2193,0,1.262928849,1.038871768
2194,0,1.711513253,1.075199700
2195,0,2.059176509,1.541078832
2196,0,-0.000000000,0.000000000
2197,0,1.000000000,1.000000000
2198,0,1.877387064,1.142857143
2199,0,0.998299484,0.951456311
2200,0,1.876658272,1.958391123
2201,0,1.334626627,1.016511318
2202,0,1.766772489,2.008364156
2203,0,0.995343296,0.919696742
2204,0,1.748835824,1.500000000
2205,0,0.998936069,1.038399979
2206,0,1.749734017,1.000000000
2207,0,1.688981516,1.187033338
2208,0,0.919308099,1.844244179
2209,0,1.945444144,1.883576954
2210,0,1.892268222,1.950768001
2211,0,1.253194798,1.075105407
2212,0,1.773405734,2.000251678
2213,0,1.471572168,1.508409373
2214,0,2.601835953,2.237392926
2215,0,2.477431121,2.780449028
2216,0,3.259904770,3.128704670
2217,0,3.093173825,3.511845806
2218,0,2.651610641,4.617277876
2219,0,3.061984775,3.842579477
2220,0,2.758867821,4.413962482
2221,0,2.307143576,3.825545416
2222,0,2.666323630,3.034867620
2223,0,2.665693882,4.096971168
2224,0,2.127965026,2.820507125
2225,0,0.968061536,1.209638751
2226,0,0.803677174,0.285714286
2227,0,1.069560666,1.014478433
2228,0,1.887536361,2.008130162
2229,0,1.481268144,3.337735892
2230,0,2.013580548,2.402146562
2231,0,1.524707336,1.206720317
2232,0,1.968834008,1.200428028
2233,0,1.363445337,1.071814243
2234,0,1.787067575,1.039655104
2235,0,1.716936339,1.209706900
2236,0,2.002924904,2.056247124
2237,0,1.684774537,3.376569211
2238,0,2.026270254,2.411593269
2239,0,1.530570665,3.105525155
2240,0,1.970321823,2.099839205
2241,0,2.236855178,3.316473674
2242,0,1.593289045,2.112246210
2243,0,2.262147184,1.787639565
2244,0,1.973292633,2.168572269
2245,0,0.999803444,1.016506746
2246,0,1.877302826,1.714285714
2247,0,1.338967326,1.127234332
2248,0,1.932560148,2.020364205
2249,0,1.971771808,1.465296131
2250,0,1.022582968,0.393981691
2251,0,0.999964855,0.993020008
2252,0,0.805955983,0.285714286
2253,0,0.999969235,0.993469400
2254,0,0.805956295,0.285714286
2255,0,1.068027842,1.004221889
2256,0,-0.000000000,0.000000000
2257,0,1.000000000,1.000000000
2258,0,0.805958493,0.285714286
2259,0,1.280958051,1.055952381
2260,0,1.776729711,1.028335182
2261,0,1.212502771,1.070932540
2262,0,1.768786963,2.005818711
2263,0,1.470376967,2.701189912
2264,0,2.015271957,1.828195610
2265,0,2.262556480,1.723961824
2266,0,2.657589538,2.347485424
2267,0,2.592086213,2.498800360
2268,0,1.991682489,2.443557037
2269,0,2.961828384,2.234461465
2270,0,2.723505832,2.228109831
2271,0,2.472182950,2.774725651
2272,0,3.259519094,2.818830621
2273,0,3.119238283,2.978976360
2274,0,2.657206147,2.363569510
2275,0,2.996252243,2.435124826
2276,0,3.062905096,2.693880666
2277,0,3.044340836,2.431802499
2278,0,3.107200884,2.464089405
2279,0,3.274056397,2.715798385
2280,0,2.677885263,2.398652391
2281,0,3.067591465,2.897432313
2282,0,3.157550793,3.116068914
2283,0,2.566722718,2.747118489
2284,0,2.745598565,2.993021759
2285,0,3.608835673,3.325604337
2286,0,3.313614536,3.141779575
2287,0,2.951023077,3.611780528
2288,0,3.848116436,3.962863748
2289,0,3.318966999,3.972570400
2290,0,2.726158137,4.376366945
2291,0,3.092846334,3.877756616
2292,0,2.749790528,3.128930439
2293,0,0.995760742,1.076623114
2294,0,0.805655689,0.285714286
2295,0,1.282930373,1.060969371
2296,0,0.836522407,0.299981948
2297,0,1.880478811,1.354096126
2298,0,-0.000000000,0.000000000
2299,0,1.000000000,1.000000000
2300,0,1.750000000,1.500000000
2301,0,1.205039102,1.069322709
2302,0,1.909404858,2.013659089
2303,0,2.226541314,1.666387255
2304,0,2.679469066,2.221290001
2305,0,2.316040728,1.738627305
2306,0,1.699742049,1.534194389
2307,0,1.524377295,2.231910751
2308,0,2.565109339,3.181654912
2309,0,2.226609355,2.044306850
2310,0,2.605916792,1.831886903
2311,0,0.952890461,0.745847127
2312,0,1.476445230,1.000000000
2313,0,1.404130614,1.152190944
2314,0,1.790645513,1.046558716
2315,0,0.999930823,0.990207213
2316,0,1.499965411,1.990207213
2317,0,2.031687575,3.050580711
2318,0,2.285685853,4.106960211
2319,0,3.040673849,5.247693354
2320,0,2.735427061,6.375824784
2321,0,3.412959582,5.312341959
2322,0,3.867955165,5.842375544
2323,0,3.694788006,5.064088209
2324,0,3.377570898,5.665419796
2325,0,3.686983455,6.594763520
2326,0,3.352267120,5.599290424
2327,0,3.144295052,4.721202308
2328,0,3.389077063,4.122349916
2329,0,3.285549391,3.771590597
2330,0,2.823194508,3.050786599
2331,0,2.417688308,3.478916790
2332,0,2.361709165,2.595743421
2333,0,1.492457516,1.161084991
2334,0,1.972528979,1.770995248
2335,0,2.261436829,2.004841080
2336,0,-0.000000000,0.000000000
2337,0,1.000000000,1.000000000
2338,0,0.805958493,0.285714286
2339,0,0.999972032,0.993773350
2340,0,1.877375078,1.994662871
2341,0,1.337544639,1.031393868
2342,0,1.769077604,1.099504717
2343,0,0.996116047,1.073344862
2344,0,1.498058023,2.073344862
2345,0,1.465786354,2.792557228
2346,0,1.914027317,3.818223604
2347,0,2.945590700,4.631279811
2348,0,3.298258335,4.489425821
2349,0,3.118261128,3.690444562
2350,0,2.261308603,3.943327280
2351,0,3.012560435,4.758161919
2352,0,3.424451318,4.504418076
2353,0,3.246969009,5.227963126
2354,0,2.815613873,4.128016612
2355,0,3.243246494,3.339304453
2356,0,2.422662828,2.026883102
2357,0,2.296905540,1.721220155
2358,0,2.115630248,1.841280456
2359,0,0.999756906,0.981642944
2360,0,1.499878453,1.981642944
2361,0,1.393898738,1.155029551
2362,0,1.791635889,1.497380843
2363,0,0.999323176,0.969371089
2364,0,1.877096997,1.714285714
2365,0,0.997499102,1.058864050
2366,0,1.498749551,1.000000000
2367,0,0.994811114,0.915237417
2368,0,1.748702778,1.000000000
2369,0,0.998893356,0.960836982
2370,0,1.876912788,1.142857143
2371,0,1.335303640,1.019806281
2372,0,1.783833877,1.036318623
2373,0,0.999188110,0.966454397
2374,0,1.749797027,1.983227199
2375,0,1.204013519,1.011374480
2376,0,-0.000000000,0.000000000
2377,0,1.000000000,1.000000000
2378,0,1.750000000,2.000000000
2379,0,2.240656600,1.731764706
2380,0,1.983491520,1.882096070
2381,0,2.271092168,2.699126997
2382,0,2.118268593,1.834687250
2383,0,1.977944672,1.687757753
2384,0,2.039457501,1.642149566
2385,0,0.993111115,1.097646363
2386,0,1.748277779,2.048823181
2387,0,1.207613908,1.035494271
2388,0,0.826321254,0.295182975
2389,0,0.999972315,0.993804894
2390,0,1.749993079,1.000000000
2391,0,0.999523700,1.025694743
2392,0,0.805924471,1.857142857
2393,0,1.067872157,1.019107939
2394,0,0.811101390,0.288085708
2395,0,0.999969425,0.993489590
2396,0,1.749992356,1.000000000
2397,0,1.204845674,1.070480773
2398,0,1.909369774,2.014833806
2399,0,1.521444324,2.706055203
2400,0,2.017787013,1.829383050
2401,0,0.999067014,0.964040100
2402,0,-0.000000000,0.000000000
2403,0,1.000000000,1.000000000
2404,0,1.877387064,1.142857143
2405,0,0.998299484,1.048543689
2406,0,1.749574871,1.000000000
2407,0,1.203531802,1.008625087
2408,0,1.767871689,1.499115272
2409,0,1.209084338,1.075810641
2410,0,1.768459737,1.019346768
2411,0,1.209372736,1.075095758
2412,0,1.768484932,1.019373068
2413,0,1.702599649,1.269758231
2414,0,2.000069991,1.220684075
2415,0,1.369239298,1.139491657
2416,0,-0.000000000,0.000000000
2417,0,1.000000000,1.000000000
2418,0,1.877387064,1.714285714
2419,0,0.998299484,1.048543689
2420,0,1.876658272,2.041608877
2421,0,2.219308659,1.679400300
2422,0,2.554177437,1.761852103
2423,0,2.560495728,1.961908503
2424,0,2.718922768,2.794343190
2425,0,2.283822256,2.286296522
2426,0,2.050070427,1.560869213
2427,0,1.541055191,0.997993517
2428,0,1.805269648,1.500480763
2429,0,1.746849490,1.275285412
2430,0,2.005723050,1.222674503
2431,0,0.999894498,0.987906504
2432,0,1.877341849,1.142857143
2433,0,0.998001594,0.947377763
2434,0,-0.000000000,0.000000000
2435,0,1.000000000,1.000000000
2436,0,1.750000000,2.000000000
2437,0,2.240656600,1.722352941
2438,0,1.983491520,1.477438137
2439,0,0.999991857,1.003359892
2440,0,1.749997964,1.000000000
2441,0,1.204939616,1.069920401
2442,0,1.909386902,2.014265376
2443,0,1.342608215,1.140494254
2444,0,1.933329168,2.031706402
2445,0,1.346702159,1.149402488
2446,0,-0.000000000,0.000000000
2447,0,1.000000000,1.000000000
2448,0,1.877387064,2.000000000
2449,0,0.998299484,1.048543689
2450,0,1.876658272,1.714285714
2451,0,0.996960833,1.064886214
2452,0,1.876084564,2.055616755
2453,0,1.333406290,1.154730384
2454,0,1.783631933,2.025376089
2455,0,1.711087848,1.929354014
2456,0,1.918000934,2.334936583
2457,0,2.989272020,2.760986676
2458,0,2.695039106,2.794531086
2459,0,3.073624476,2.957550882
2460,0,3.384236372,3.000770635
2461,0,3.137466903,3.050430754
2462,0,2.457766011,2.917949171
2463,0,2.996235498,3.294409979
2464,0,2.765332347,2.586045474
2465,0,0.999998728,0.998672197
2466,0,-0.000000000,0.000000000
2467,0,1.000000000,1.000000000
2468,0,1.500000000,2.000000000
2469,0,2.032457417,1.391666667
2470,0,2.065537563,1.287910028
2471,0,0.999105661,0.964792606
2472,0,1.877003776,1.142857143
2473,0,1.335583983,1.144724091
2474,0,2.305783829,2.230223578
2475,0,2.164816218,1.651970563
2476,0,1.950926891,1.931174877
2477,0,1.283140542,1.083546619
2478,0,-0.000000000,0.000000000
2479,0,1.000000000,1.000000000
2480,0,1.877387064,1.142857143
2481,0,0.998299484,0.951456311
2482,0,1.876658272,1.714285714
2483,0,1.334626627,1.016511318
2484,0,0.844932482,0.303953428
2485,0,1.296367821,1.057480988
2486,0,1.778832770,1.030366393
2487,0,1.212942328,1.019297229
2488,0,1.768847812,1.993586888
2489,0,1.209640106,1.015552590
2490,0,-0.000000000,0.000000000
2491,0,1.000000000,1.000000000
2492,0,1.877387064,1.142857143
2493,0,1.337944419,1.132824427
2494,0,0.845215697,0.304074399
2495,0,1.072438636,1.020723540
2496,0,1.755061993,2.002571519
2497,0,0.999520089,1.025791930
2498,0,1.877181388,1.142857143
2499,0,2.218551583,1.934168002
2500,0,1.562617508,0.765240472
2501,0,0.999999964,1.000224547
2502,0,1.749999991,1.000000000
2503,0,0.999560968,1.024669120
2504,0,-0.000000000,0.000000000
2505,0,1.000000000,1.000000000
2506,0,1.750000000,1.000000000
2507,0,0.999562340,1.024630542
2508,0,1.749890585,2.012315271
2509,0,2.240818921,1.743563552
2510,0,2.719348383,2.272964050
2511,0,2.572042918,1.801617846
2512,0,2.840906806,2.197321994
2513,0,2.382653743,1.773330823
2514,0,1.907683145,1.826986790
2515,0,1.877874713,1.393120552
2516,0,1.916297298,1.169675337
2517,0,1.814207483,1.300673015
2518,0,1.853796381,1.123008504
2519,0,0.999858395,1.014010681
2520,0,0.805948378,0.285714286
2521,0,1.280573436,1.074643493
2522,0,1.776731659,1.028298463
2523,0,1.212460069,1.019899008
2524,0,1.768785078,1.499029502
2525,0,1.209648456,1.073986082
2526,0,0.826724416,0.295347625
2527,0,0.999961843,1.007272966
2528,0,-0.000000000,0.000000000
2529,0,1.000000000,1.000000000
2530,0,-0.000000000,0.000000000
2531,0,1.000000000,1.000000000
2532,0,1.877387064,1.714285714
2533,0,0.998299484,1.048543689
2534,0,0.805837027,0.285714286
2535,0,1.067682365,1.020164338
2536,0,0.811092127,2.000839744
2537,0,0.999968916,1.006564404
2538,0,1.749992229,1.500000000
2539,0,2.240725364,1.720236978
2540,0,2.108854864,2.209337824
2541,0,2.440649360,3.358545330
2542,0,2.740617605,4.182488661
2543,0,2.910037445,3.019073081
2544,0,2.827138381,2.249449187
2545,0,3.365599731,2.596322282
2546,0,3.263703414,2.416720263
2547,0,3.097020625,2.441359875
2548,0,2.784614482,2.689106455
2549,0,3.377147923,3.082355629
2550,0,2.240972940,2.561764848
2551,0,2.398145001,2.243986543
2552,0,2.678780273,2.336259764
2553,0,2.094551645,2.115939503
2554,0,1.960873785,3.198746316
2555,0,2.135648895,3.095343763
2556,0,2.345896787,3.203924710
2557,0,2.467580465,2.969178461
2558,0,2.749584140,2.306787982
2559,0,3.025915401,2.505393325
2560,0,2.808613082,2.918300913
2561,0,2.491415007,2.225647527
2562,0,2.152634400,1.602788025
2563,0,1.972947941,2.153863348
2564,0,2.348166600,2.283388545
2565,0,2.172228942,1.496427625
2566,0,1.919600089,1.142370856
2567,0,1.733921237,0.891838833
2568,0,2.138170862,1.309935563
2569,0,1.664525408,1.397768972
2570,0,0.909566002,0.649677490
2571,0,1.454783001,1.000000000
2572,0,1.563975772,0.992951299
2573,0,-0.000000000,0.000000000
2574,0,1.000000000,1.000000000
2575,0,1.877387064,2.000000000
2576,0,1.493369980,1.110169492
2577,0,1.950956795,1.163151612
2578,0,2.277415340,1.858522247
2579,0,2.086009306,1.230040672
2580,0,2.100585253,1.699915717
2581,0,2.838819487,2.480912180
2582,0,2.867447353,3.218430066
2583,0,2.952861138,4.038527212
2584,0,2.236364061,4.896455696
2585,0,2.687540875,4.401896263
2586,0,3.373693450,3.967296402
2587,0,3.758860423,3.823654446
2588,0,3.609111285,4.163725485
2589,0,3.827181825,4.896738179
2590,0,3.697256869,4.354225347
2591,0,2.992240514,4.512928695
2592,0,2.931188939,5.417706219
2593,0,3.089394323,5.998821326
2594,0,3.571537788,5.114854139
2595,0,3.470991391,5.667091908
2596,0,3.146180142,4.570899825
2597,0,2.956098809,4.967688720
2598,0,3.580319441,5.008266136
2599,0,3.718251284,4.672948990
2600,0,3.761145572,4.744044283
2601,0,2.087271974,3.165224067
2602,0,2.985209322,2.859993805
2603,0,2.833758896,2.537602651
2604,0,2.482642439,2.152106037
2605,0,3.208851730,2.740091481
2606,0,2.597376029,2.768827653
2607,0,2.899099274,3.585637796
2608,0,2.403379754,2.947252438
2609,0,2.680566258,3.550378670
2610,0,3.003988105,3.137111282
2611,0,3.239932641,3.234834646
2612,0,3.406357901,3.385214266
2613,0,2.848338998,2.814031244
2614,0,2.988746783,3.235907342
2615,0,2.751173498,2.978589904
2616,0,2.470310931,2.265155592
2617,0,2.864507116,2.535209265
2618,0,2.567357306,2.723264117
2619,0,2.271568379,2.343740921
2620,0,2.399533171,2.009223204
2621,0,2.891258518,2.494072635
2622,0,2.507672075,3.403050685
2623,0,2.606086951,4.159561385
2624,0,3.025918854,3.366455547
2625,0,3.390976991,4.004956233
2626,0,3.048382009,4.518791977
2627,0,3.327008167,3.862291656
2628,0,1.932295972,2.628064098
2629,0,2.271545342,3.601449116
2630,0,3.006688849,3.052355744
2631,0,2.381949334,2.085096935
2632,0,2.514500272,1.899619657
2633,0,2.161973626,1.337655444
2634,0,0.999112914,0.964935623
2635,0,0.805895130,0.285714286
2636,0,1.377985674,1.075502504
2637,0,1.803896502,1.082012498
2638,0,0.999999983,0.999848396
2639,0,1.877387057,1.142857143
2640,0,1.881290892,1.599909037
2641,0,2.795826101,1.828571429
2642,0,2.972914814,2.342690006
2643,0,2.858210922,2.631708024
2644,0,3.073083349,2.616352938
2645,0,3.086555487,2.502622643
2646,0,2.741138001,2.997435207
2647,0,3.467779337,3.329435665
2648,0,2.760916927,2.488680092
2649,0,2.377986037,2.184286781
2650,0,1.782068430,1.200849188
2651,0,2.099967201,1.225297289
2652,0,1.666232330,1.153499355
2653,0,1.816916823,1.989888622
2654,0,1.975996594,2.992416467
2655,0,2.858421757,2.456896421
2656,0,2.721421094,3.140371724
2657,0,2.959715220,2.533280076
2658,0,2.171505035,1.441018782
2659,0,1.915076025,1.198582825
2660,0,0.999984193,0.995318933
2661,0,1.749996048,1.000000000
2662,0,1.288492331,1.055388914
2663,0,0.833473051,2.000133883
2664,0,0.999999999,1.000035699
2665,0,1.877387064,1.142857143
2666,0,1.881290899,1.600021419
2667,0,2.768857206,1.683333333
2668,0,2.547091974,1.845491244
2669,0,1.989808809,1.484713290
2670,0,0.999975470,1.005831410
2671,0,1.499987735,2.005831410
2672,0,2.347066289,1.543853445
2673,0,2.459900266,2.204667901
2674,0,2.480304053,1.870947732
2675,0,2.180908544,2.138576544
2676,0,1.706470574,1.199215768
2677,0,-0.000000000,0.000000000
2678,0,1.000000000,1.000000000
2679,0,1.750000000,2.000000000
2680,0,1.921887137,1.270833333
2681,0,2.021556659,1.191754554
2682,0,1.535438162,1.124072767
2683,0,1.912113537,2.060184017
2684,0,2.459816239,2.102809163
2685,0,1.841452109,1.996626261
2686,0,1.934862640,2.992776808
2687,0,1.583340853,1.995051382
2688,0,1.627938946,1.156389300
2689,0,0.884862545,0.323813165
2690,0,1.419231918,1.088948034
2691,0,-0.000000000,0.000000000
2692,0,1.000000000,1.000000000
2693,0,-0.000000000,0.000000000
2694,0,1.000000000,1.000000000
2695,0,1.750000000,1.000000000
2696,0,1.288492994,1.054621849
2697,0,0.833473094,0.298860104
2698,0,1.096892652,1.014298728
2699,0,1.890743881,1.145552769
2700,0,1.000000000,1.000000000
2701,0,1.877387064,2.000000000
2702,0,2.255032708,3.000000000
2703,0,1.920485871,2.000000000
2704,0,2.078749629,3.000000000
2705,0,2.285494970,2.149576528
2706,0,1.824452170,1.265500240
2707,0,-0.000000000,0.000000000
2708,0,1.000000000,1.000000000
2709,0,1.877387064,2.000000000
2710,0,1.881290899,3.000000000
2711,0,1.578510287,2.000000000
2712,0,2.446040407,3.000000000
2713,0,2.223279148,4.000000000
2714,0,2.965264050,5.144256093
2715,0,2.421978823,6.396822097
2716,0,2.670477440,5.168456206
2717,0,3.577090142,6.124830793
2718,0,2.216573475,5.564476974
2719,0,3.200471546,4.994403941
2720,0,3.452940005,4.598547136
2721,0,2.347714315,4.972900429
2722,0,1.906609531,3.554826084
2723,0,1.505989019,2.390135606
2724,0,2.429921531,2.042714676
2725,0,2.155738098,1.422900377
2726,0,2.490380927,1.936972087
2727,0,2.158429726,2.278373988
2728,0,1.661269884,1.254885910
2729,0,1.982201167,2.097526011
2730,0,1.991737758,1.702078263
2731,0,1.926889315,1.535254220
2732,0,2.176016833,1.733539930
2733,0,2.745186177,2.437635948
2734,0,2.701215001,1.881740093
2735,0,2.289110880,1.790583783
2736,0,2.605966654,2.127707618
2737,0,2.689200618,1.777349070
2738,0,2.536707954,2.179302166
2739,0,1.805838274,1.634557335
2740,0,2.176135916,2.226983927
2741,0,2.039778571,2.900844799
2742,0,2.243237535,1.949735884
2743,0,2.579987624,1.555631613
2744,0,2.731010213,1.700843768
2745,0,2.823249440,2.163767402
2746,0,3.169274709,2.971509196
2747,0,2.971370072,3.508606352
2748,0,3.144799311,2.755460829
2749,0,3.071643778,2.454732810
2750,0,2.697996766,1.935461891
2751,0,3.103364554,2.225737655
2752,0,2.866594071,2.820295404
2753,0,3.069643402,2.261557667
2754,0,2.467677810,2.450817719
2755,0,3.219885445,3.202460158
2756,0,2.581674499,3.142292852
2757,0,2.621978739,2.205079178
2758,0,2.498555190,2.004386317
2759,0,2.662442446,2.642158719
2760,0,3.025588649,2.776112313
2761,0,2.308416233,1.622682689
2762,0,2.453233632,1.489536007
2763,0,2.065366564,1.481457626
2764,0,1.694354354,1.680963057
2765,0,2.256236083,2.121854640
2766,0,1.625011246,1.450127969
2767,0,2.089520004,1.186997898
2768,0,1.866338811,1.378876742
2769,0,2.138149184,2.204978790
2770,0,2.624937114,2.857823796
2771,0,2.640964735,2.326665581
2772,0,2.385989832,3.076726402
2773,0,2.518479175,2.222241169
2774,0,2.129830860,1.486088221
2775,0,1.961299873,2.311925398
2776,0,1.640095603,2.795000400
2777,0,1.434570578,3.074145677
2778,0,1.810815069,1.773079916
2779,0,1.066889395,0.654927427
2780,0,2.175362256,1.231429950
2781,0,1.589259506,0.709505735
2782,0,1.870526090,1.239440712
2783,0,1.332860646,0.794894558
2784,0,1.411578079,1.485542461
2785,0,1.556296694,1.930755866
2786,0,1.932680744,1.153579887
2787,0,2.465348888,1.996307496
2788,0,0.810558986,0.487250339
2789,0,1.624065393,1.340827725
2790,0,1.505576628,1.004148107
2791,0,1.006699647,0.965384206
2792,0,1.419313539,0.711124546
2793,0,1.274579209,0.578924346
2794,0,0.856047689,0.325161108
2795,0,1.081350172,0.982682813
2796,0,1.567155031,1.015820279
2797,0,2.191094720,1.598672425
2798,0,2.104085769,1.821846211
2799,0,2.145559737,2.758733723
2800,0,2.088714455,1.853854765
2801,0,2.259562496,2.581794069
2802,0,2.584363954,3.559878747
2803,0,3.072472518,2.936967350
2804,0,3.156178315,2.612418396
2805,0,3.123230897,2.559656728
2806,0,3.289100927,2.822645755
2807,0,3.120896795,3.073469623
2808,0,2.433928509,2.390352925
2809,0,2.234750475,1.746181323
2810,0,1.940310102,1.504598301
2811,0,1.919109680,1.281429165
2812,0,1.875532486,1.167663339
2813,0,0.999812943,1.016102956
2814,0,1.877306897,1.142857143
2815,0,1.955614738,1.437106087
2816,0,1.896036769,1.185568333
2817,0,1.254088700,1.037488431
2818,0,0.832306809,1.854412350
2819,0,1.071123125,1.004554748
2820,0,0.811385528,0.288215754
2821,0,1.068675556,1.004389782
2822,0,1.754730357,1.499740289
2823,0,1.694222761,1.921487180
2824,0,2.038476009,2.065046370
2825,0,0.998126510,1.050951784
2826,0,1.749531627,2.025475892
2827,0,1.203453126,1.078377939
2828,0,2.062679202,2.138122456
2829,0,2.952767922,2.242330741
2830,0,2.325605213,1.729322972
2831,0,0.998180100,1.050218091
2832,0,1.499090050,2.050218091
2833,0,2.177319483,3.283541551
2834,0,2.568348187,4.316455545
2835,0,2.558544817,5.575802270
2836,0,2.129605143,4.529628981
2837,0,2.191523856,3.884085793
2838,0,1.474510054,2.584665404
2839,0,0.977582411,1.175829672
2840,0,1.867779526,2.150711147
2841,0,0.999907878,1.011300714
2842,0,1.877347583,2.009686326
2843,0,2.216672009,3.219697580
2844,0,1.563166210,2.084738845
2845,0,1.643455309,3.071836835
2846,0,1.991839041,2.077934608
2847,0,0.999274984,0.968299579
2848,0,1.749818746,1.984149789
2849,0,1.465206683,3.274092404
2850,0,2.602104699,4.265556264
2851,0,2.174123381,3.582814131
2852,0,2.090650358,2.506473237
2853,0,2.008518117,3.818201602
2854,0,2.024287015,2.664572920
2855,0,1.538565370,1.325642401
2856,0,-0.000000000,0.000000000
2857,0,1.000000000,1.000000000
2858,0,1.877387064,1.714285714
2859,0,1.337944419,1.033587786
2860,0,1.932369573,1.170688725
2861,0,0.997483612,0.940954040
2862,0,1.876308612,1.142857143
2863,0,1.333848354,1.012825187
2864,0,1.783680964,1.036222859
2865,0,1.212665993,1.009300910
2866,0,1.910793145,1.983297742
2867,0,0.997559668,0.941852676
2868,0,0.805784183,0.285714286
2869,0,1.279313512,1.052145116
2870,0,1.721717133,1.078900188
2871,0,2.061012422,1.538921940
2872,0,-0.000000000,0.000000000
2873,0,1.000000000,1.000000000
2874,0,1.877387064,2.000000000
2875,0,1.463877590,3.324324324
2876,0,1.550992495,2.306049822
2877,0,1.479690258,1.183578466
2878,0,-0.000000000,0.000000000
2879,0,1.000000000,1.000000000
2880,0,1.877387064,2.000000000
2881,0,2.217329124,3.206153846
2882,0,2.111159800,4.209727626
2883,0,2.474160727,5.084210526
2884,0,3.257689048,4.212814428
2885,0,3.006495235,3.574685063
2886,0,2.504396712,4.280308896
2887,0,2.304172390,3.717440357
2888,0,2.668471334,3.426506555
2889,0,2.212193997,1.860503717
2890,0,1.178022287,0.488690764
2891,0,0.999811325,0.983827575
2892,0,-0.000000000,0.000000000
2893,0,1.000000000,1.000000000
2894,0,1.877387064,2.000000000
2895,0,1.337944419,1.132824427
2896,0,1.784071401,1.036507730
2897,0,0.999315975,0.969208612
2898,0,1.749828994,1.000000000
2899,0,1.204100426,1.074797199
2900,0,1.767907629,1.018798168
2901,0,1.209201917,1.014379580
2902,0,1.768466615,1.499089035
2903,0,1.702580625,1.197271911
2904,0,0.922687452,0.341875269
2905,0,0.999968710,1.006586146
2906,0,1.499984355,2.006586146
2907,0,1.464216351,2.686076514
2908,0,2.014020143,1.814536527
2909,0,2.260290311,2.535876182
2910,0,2.610314067,2.073430367
2911,0,1.688684272,1.157112586
2912,0,2.047809599,1.270523067
2913,0,1.472749064,1.136059391
2914,0,1.801669053,1.056417290
2915,0,0.999764846,1.018054794
2916,0,1.749941211,1.000000000
2917,0,1.204496033,1.072533537
2918,0,1.909304611,1.157532004
2919,0,1.342401789,1.141534669
2920,0,1.933286239,1.171757925
2921,0,1.971113543,1.470851809
2922,0,2.054278923,1.991542111
2923,0,1.390820239,1.147961112
2924,0,1.791250880,1.043652007
2925,0,1.215720953,1.015122923
2926,0,1.769212683,1.990662683
2927,0,1.470885510,3.287646182
2928,0,2.635524338,2.651752746
2929,0,2.633062323,3.716663649
2930,0,2.728756982,2.977539443
2931,0,0.990932553,1.111999082
2932,0,1.747733138,1.000000000
2933,0,1.207940463,1.038140703
2934,0,0.826344820,0.295198238
2935,0,0.999973503,1.006060780
2936,0,1.749993376,2.003030390
2937,0,1.204859120,1.070400804
2938,0,1.663557935,1.053298937
2939,0,1.404731203,1.039718523
2940,0,-0.000000000,0.000000000
2941,0,1.000000000,1.000000000
2942,0,1.750000000,1.000000000
2943,0,1.205039102,1.069322709
2944,0,1.909404858,1.157456844
2945,0,1.342655169,1.140256247
2946,0,0.845971830,0.304423744
2947,0,0.999950886,0.991748578
2948,0,1.749987721,1.000000000
2949,0,0.999510515,1.026047907
2950,0,0.805923530,0.285714286
2951,0,1.280237092,1.075359994
2952,0,1.922174031,1.738208974
2953,0,1.346724605,1.037819546
2954,0,0.846497972,0.304664994
2955,0,0.999954916,1.007905631
2956,0,-0.000000000,0.000000000
2957,0,1.000000000,1.000000000
2958,0,1.750000000,2.000000000
2959,0,1.205039102,1.069322709
2960,0,1.663731866,1.053276574
2961,0,0.996800124,0.933421553
2962,0,1.498400062,1.000000000
2963,0,2.184445843,1.670270992
2964,0,2.110868519,1.926640871
2965,0,2.170934423,1.881428801
2966,0,2.119962547,1.357535898
2967,0,1.019841371,1.028221496
2968,0,0.829548677,1.866698398
2969,0,1.146846544,1.035432446
2970,0,1.953495166,1.163107109
2971,0,1.651717962,1.307396155
2972,0,2.224872542,1.921516895
2973,0,1.865353642,1.497025353
2974,0,1.407480498,1.306359857
2975,0,1.904591916,1.365571225
2976,0,1.407798894,0.827986587
2977,0,1.319270979,0.507962631
2978,0,1.071658480,0.446914859
2979,0,1.345586942,1.453186981
2980,0,1.614292423,0.844953070
2981,0,1.513176799,0.728763791
2982,0,1.484105206,1.146014482
2983,0,1.741470112,1.362094072
2984,0,2.375129423,1.395719074
2985,0,0.920288276,0.526040778
2986,0,1.424182657,1.391351628
2987,0,1.759912432,1.018072388
2988,0,2.365829099,1.935560299
2989,0,2.478772407,1.628665017
2990,0,1.980810656,1.443949988
2991,0,1.800646185,1.518407788
2992,0,2.166578438,1.190651485
2993,0,2.282027948,1.463271742
2994,0,1.882709451,1.073365010
2995,0,2.304684342,1.641389833
2996,0,1.691575397,2.108520527
2997,0,2.064653162,3.046171617
2998,0,2.336035396,2.082202226
2999,0,2.703558981,2.148194937
3000,0,2.363757293,1.561581559
3001,0,2.755394163,1.909022808
3002,0,2.483407296,1.630284375
3003,0,2.411026021,2.119383593
3004,0,2.387617064,2.276968276
3005,0,3.278721498,2.905210893
3006,0,3.174414180,2.580343231
3007,0,2.487081875,1.818210822
3008,0,2.516028853,2.452973344
3009,0,2.843199072,2.157039869
3010,0,2.972672917,2.343185655
3011,0,2.808761936,2.301788794
3012,0,2.142910393,2.444295603
3013,0,2.812680811,2.401278329
3014,0,2.753583002,3.060805701
3015,0,2.908584542,3.506420787
3016,0,2.496221839,3.236463704
3017,0,2.200502012,2.577078066
3018,0,2.390699970,1.818824516
3019,0,2.940698898,2.125970578
3020,0,2.509184999,1.984092192
3021,0,2.943558957,2.664315718
3022,0,2.532530024,3.040877453
3023,0,2.769317246,2.399602875
3024,0,1.909036481,1.287693923
3025,0,0.946452843,1.836592240
3026,0,0.999999923,1.000327026
3027,0,0.805958487,0.285714286
3028,0,1.092885006,1.013583251
3029,0,1.755599515,1.006462882
3030,0,1.290476579,1.055125629
3031,0,1.727448399,2.027819759
3032,0,2.439006160,1.686881574
3033,0,2.837726902,2.448913610
3034,0,2.463938226,2.931779662
3035,0,2.868380783,2.467707837
3036,0,2.471179985,2.921512439
3037,0,3.059615605,2.758683160
3038,0,2.076434984,2.807598340
3039,0,2.936630789,3.778994802
3040,0,2.493103828,2.796913216
3041,0,2.266395441,2.352207114
3042,0,2.241022347,2.670043331
3043,0,2.399794226,2.084917530
3044,0,2.026830757,1.458709791
3045,0,2.215487526,1.323724211
3046,0,1.940669497,1.296778992
3047,0,2.156827732,1.354438504
3048,0,1.552151988,0.925978223
3049,0,1.841961092,1.799101938
3050,0,1.633739073,1.098180593
3051,0,1.429166562,1.330420506
3052,0,1.762816802,2.073147407
3053,0,1.206820940,0.560494150
3054,0,1.328259347,1.214269216
3055,0,0.484831516,0.378158803
3056,0,1.133466963,1.057917212
3057,0,-0.000000000,0.000000000
3058,0,1.000000000,1.000000000
3059,0,1.750000000,1.000000000
3060,0,1.614779337,1.137457045
3061,0,1.661238480,1.027013623
3062,0,2.016627329,1.354372661
3063,0,1.079112830,0.427117735
3064,0,1.566586686,1.137891574
3065,0,0.229888527,0.142439521
3066,0,1.145210801,1.096939447
3067,0,-0.000000000,0.000000000
3068,0,1.000000000,1.000000000
3069,0,1.750000000,1.500000000
3070,0,1.921887137,1.270833333
3071,0,0.958090575,0.361676647
3072,0,1.115810058,1.017833037
3073,0,-0.000000000,0.000000000
3074,0,1.000000000,1.000000000
3075,0,1.500000000,1.000000000
3076,0,2.414332410,1.675675676
3077,0,2.708037634,1.611940299
3078,0,1.886029411,1.946177425
3079,0,2.023653686,2.014042347
3080,0,1.555571353,1.128230303
3081,0,-0.000000000,0.000000000
3082,0,1.000000000,1.000000000
3083,0,1.500000000,1.000000000
3084,0,2.401819030,1.591666667
3085,0,2.361149735,1.608719586
3086,0,2.057218488,1.481505559
3087,0,1.863783331,0.911537708
3088,0,1.010920192,0.500784922
3089,0,1.258128403,0.530543157
3090,0,1.887020816,1.132423351
3091,0,1.811524835,1.431693080
3092,0,1.699813853,0.884828398
3093,0,2.236474106,1.679350162
3094,0,2.528273619,1.564220012
3095,0,2.342865188,1.909933783
3096,0,1.860845150,1.331099946
3097,0,2.566922149,2.228939216
3098,0,2.736701343,2.640316187
3099,0,2.375264132,1.882675992
3100,0,2.215915677,1.572162623
3101,0,2.203163625,1.866749996
3102,0,2.701606255,2.606097009
3103,0,1.963613122,2.865052639
3104,0,2.387733832,3.005489061
3105,0,2.199839354,2.494275395
3106,0,1.867751429,1.899174573
3107,0,2.513852531,2.583377055
3108,0,2.659093500,3.463347430
3109,0,2.852282889,2.310510412
3110,0,2.476804890,1.754067505
3111,0,2.460433081,2.082658278
3112,0,2.651986560,2.794727372
3113,0,2.866387339,2.489346344
3114,0,2.521985118,2.787902426
3115,0,2.084277903,1.615737165
3116,0,1.596058714,1.441399648
3117,0,2.464018781,2.074895484
3118,0,2.513508855,2.280882899
3119,0,2.464428563,2.665657813
3120,0,2.414867263,2.886478661
3121,0,2.182428311,1.940865750
3122,0,2.329789151,1.563231043
3123,0,2.031709833,1.165934844
3124,0,2.472840755,1.913048768
3125,0,2.820957521,2.081856406
3126,0,2.505433630,3.041063346
3127,0,2.169242815,1.862566736
3128,0,2.990847176,2.399187199
3129,0,3.117517717,2.184095484
3130,0,2.213749720,1.657453045
3131,0,1.554791462,1.738939672
3132,0,0.642443735,1.673147373
3133,0,1.762202166,1.718912731
3134,0,1.782207181,1.192691417
3135,0,0.257795412,0.086856414
3136,0,1.634592835,1.565142310
3137,0,1.668480742,1.213526463
3138,0,2.088243415,1.666554763
3139,0,2.506996760,1.545016260
3140,0,2.596996960,1.543571673
3141,0,2.511610835,1.981854669
3142,0,1.852928098,2.210443463
3143,0,1.977941156,2.861040321
3144,0,2.230878720,2.296685439
3145,0,1.570301459,2.704722455
3146,0,1.832415227,2.223535597
3147,0,1.703425349,1.446694628
3148,0,1.996549695,1.258405598
3149,0,2.494507211,2.386852299
3150,0,2.289729160,1.616002978
3151,0,2.554555740,2.358444311
3152,0,2.165083011,2.900319373
3153,0,3.046590323,2.630952992
3154,0,2.996247916,2.956105753
3155,0,3.202178390,2.547680652
3156,0,2.941568111,2.611966015
3157,0,2.478716491,2.352337492
3158,0,1.420063782,1.096136290
3159,0,1.744314531,0.953694210
3160,0,2.113621856,1.374707617
3161,0,1.332299480,1.386010484
3162,0,1.497812914,0.760067226
3163,0,0.874454012,0.324841317
3164,0,1.415704223,1.117941617
3165,0,0.851205316,0.307505978
3166,0,1.099522821,1.012594292
3167,0,0.813234085,0.289163769
3168,0,0.999999993,1.000099110
3169,0,1.749999998,1.000000000
3170,0,1.000000000,1.000015649
3171,0,-0.000000000,0.000000000
3172,0,1.000000000,1.000000000
3173,0,1.500000000,2.000000000
3174,0,1.582662942,1.138297872
3175,0,-0.000000000,0.000000000
3176,0,1.000000000,1.000000000
3177,0,1.500000000,1.000000000
3178,0,1.582662942,1.138297872
3179,0,-0.000000000,0.000000000
3180,0,1.000000000,1.000000000
3181,0,1.877387064,2.000000000
3182,0,1.493369980,1.110169492
3183,0,1.878966031,1.106770833
3184,0,2.203899959,1.686124402
3185,0,2.816449906,2.551041004
3186,0,2.854743178,3.156667795
3187,0,2.281036526,2.152926783
3188,0,2.546162350,3.012998632
3189,0,2.786174102,2.371425039
3190,0,2.599095460,3.027224906
3191,0,2.188772820,2.098285114
3192,0,2.451343260,1.653095100
3193,0,-0.000000000,0.000000000
3194,0,1.000000000,1.000000000
3195,0,0.805958493,0.285714286
3196,0,1.378009505,1.077380952
3197,0,1.781606957,1.037563452
3198,0,1.946778140,1.282910321
3199,0,2.194166818,1.245365221
3200,0,1.680317718,1.174747658
3201,0,1.984139791,2.013266397
3202,0,2.289214324,1.491219181
3203,0,1.927645144,1.268595953
3204,0,1.372550362,1.076953685
3205,0,1.933066867,1.746101887
3206,0,1.000000000,1.000000000
3207,0,1.750000000,1.000000000
3208,0,1.921887137,1.270833333
3209,0,2.021556659,1.191754554
3210,0,2.306160256,1.860410793
3211,0,2.434829559,2.195149645
3212,0,2.478679025,1.691584109
3213,0,1.972701920,2.000000000
3214,0,2.520508490,1.767106316
3215,0,1.978176616,2.000000000
3216,0,1.486182252,1.110720337
3217,0,1.793893124,1.051639218
3218,0,1.000000000,1.000000000
3219,0,0.805958493,0.285714286
3220,0,1.378009505,1.077380952
3221,0,1.781606957,1.490355330
3222,0,1.946778140,1.282910321
3223,0,-0.000000000,0.000000000
3224,0,1.000000000,1.000000000
3225,0,1.877387064,2.000000000
3226,0,2.255032708,1.464285714
3227,0,1.920485871,1.255172414
3228,0,1.367877609,1.075615764
3229,0,0.843601122,0.303713642
3230,0,1.098396592,1.014576875
3231,0,0.813135688,0.289117097
3232,0,1.381708429,1.078404720
3233,0,1.933437703,1.157402120
3234,0,2.467126276,2.013768151
3235,0,1.954163264,1.679724540
3236,0,2.284743223,1.490062825
3237,0,2.427008740,1.393561756
3238,0,1.000000000,1.000000000
3239,0,-0.000000000,0.000000000
3240,0,1.000000000,1.000000000
3241,0,-0.000000000,0.000000000
3242,0,1.000000000,1.000000000
3243,0,1.500000000,1.000000000
3244,0,2.347073298,1.833333333
3245,0,2.098026347,1.237476809
3246,0,2.496866964,2.084133998
3247,0,1.941369151,2.000000000
3248,0,1.936006106,3.000000000
3249,0,2.799419621,4.000000000
3250,0,2.454110243,5.000000000
3251,0,2.297478159,4.000000000
3252,0,3.156072102,3.632503279
3253,0,3.249843705,3.636823897
3254,0,2.984926360,3.236003584
3255,0,2.653600706,4.820589312
3256,0,0.970960769,0.800034791
3257,0,1.782083244,1.593762189
3258,0,1.929518625,1.478865573
3259,0,2.222450126,1.320491408
3260,0,2.432610997,1.546585784
3261,0,2.351859395,1.337906210
3262,0,2.732777808,2.017872266
3263,0,2.451488929,2.046813994
3264,0,2.952922619,2.071001512
3265,0,1.627728257,1.416635048
3266,0,2.214519868,1.456020295
3267,0,2.556106611,2.029244134
3268,0,2.787090121,1.850686984
3269,0,3.242669744,2.465630334
3270,0,2.548884113,2.188050002
3271,0,2.979807230,2.520696138
3272,0,2.297013067,2.188597965
3273,0,2.466336465,2.998294312
3274,0,2.378251827,2.421359219
3275,0,2.676776849,2.936522494
3276,0,3.058152571,2.497605707
3277,0,2.705748855,2.518140695
3278,0,3.071671642,2.262703693
3279,0,1.285500489,1.187871683
3280,0,1.147364911,0.782932876
3281,0,1.384616668,1.386424821
3282,0,2.332076316,1.349083229
3283,0,1.611100771,1.687075536
3284,0,2.377481733,1.433942751
3285,0,2.043564437,1.286934390
3286,0,2.343939546,1.386105849
3287,0,1.139572156,1.075364132
3288,0,2.231099174,2.322806865
3289,0,2.605978903,1.772075173
3290,0,2.331261590,2.137762871
3291,0,1.611065067,1.191415008
3292,0,2.209463805,2.008712155
3293,0,2.044880365,2.846373888
3294,0,2.880378479,2.654468460
3295,0,1.061872124,0.974908664
3296,0,2.104097968,1.925467979
3297,0,1.922906184,1.487385621
3298,0,2.836119423,1.871488378
3299,0,3.123372011,2.521673887
3300,0,3.024727995,2.173796873
3301,0,2.805547352,2.305474156
3302,0,3.113999817,2.396535695
3303,0,3.404987115,2.689065592
3304,0,3.105716397,2.652127954
3305,0,2.950013559,2.618126636
3306,0,1.965570865,2.471143001
3307,0,2.894022778,3.184110423
3308,0,2.574001022,2.485191540
3309,0,2.984786817,3.191441129
3310,0,2.579694883,2.905213450
3311,0,2.953012700,2.281450760
3312,0,2.568737700,1.937368110
3313,0,1.444747628,1.364128878
3314,0,1.818366825,1.642992513
3315,0,1.539147089,1.127933247
3316,0,1.429483054,0.950912219
3317,0,1.239582210,1.691362752
3318,0,2.255677507,1.403947005
3319,0,1.796353551,1.403917610
3320,0,-0.000000000,0.000000000
3321,0,-0.000000000,0.000000000
3322,0,-0.000000000,0.000000000
3323,0,-0.000000000,0.000000000
3324,0,1.500000000,1.000000000
3325,0,-0.000000000,0.000000000
3326,0,1.000000000,1.000000000
3327,0,1.561278124,2.000000000
3328,0,2.352745781,3.142857143
3329,0,1.840689377,2.465753425
3330,0,2.462022747,3.619883041
3331,0,2.428722114,3.782915361
3332,0,2.717568227,3.455248525
3333,0,2.695003592,3.916031799
3334,0,3.295304529,3.177131994
3335,0,3.110947681,3.454277199
3336,0,3.020896103,3.854032473
3337,0,2.560482179,4.429517781
3338,0,3.277524262,3.837387413
3339,0,2.604483910,3.310841565
3340,0,3.372071470,4.011101542
3341,0,3.143625646,3.244254383
3342,0,3.267181642,2.915532267
3343,0,3.569447874,3.254505920
3344,0,3.352574794,3.645352000
3345,0,3.689643964,3.424988622
3346,0,3.273449937,3.541416661
3347,0,3.617830808,4.275242411
3348,0,3.625370379,3.813637310
3349,0,2.879365030,3.640431947
3350,0,3.432240035,4.206155939
3351,0,3.331848177,4.720722026
3352,0,3.021909420,4.173108678
3353,0,3.187460123,4.517084914
3354,0,2.540979565,3.571559019
3355,0,2.172975520,1.818783738
3356,0,2.841823757,2.124733821
3357,0,2.813852837,2.047135294
3358,0,2.885658976,1.916779164
3359,0,2.913190075,2.594366545
3360,0,3.184825971,2.770343555
3361,0,3.207414616,3.485114869
3362,0,3.503467594,3.809338994
3363,0,2.761444785,3.245109660
3364,0,2.670892843,3.008496706
3365,0,1.679877517,2.161651596
3366,0,2.076968303,1.626961658
3367,0,2.027779154,1.723325699
3368,0,2.518038562,2.066103336
3369,0,1.447166781,0.837059474
3370,0,2.154156860,1.794412595
3371,0,1.456930875,1.005571384
3372,0,1.983679604,1.185571431
3373,0,1.436393807,1.309138281
3374,0,1.693096857,2.520728959
3375,0,1.495177938,3.312067405
3376,0,2.602458487,1.749902359
3377,0,1.559285177,1.416514768
3378,0,2.382530813,2.026665980
3379,0,1.862808689,1.943714180
3380,0,0.798450978,1.734547491
3381,0,1.977684259,1.118640166
3382,0,1.900402031,1.360100133
3383,0,1.682648650,0.849168216
3384,0,2.101718829,1.262190720
3385,0,1.884238858,1.431302495
3386,0,0.868398352,1.420499589
3387,0,0.796558375,0.285714286
3388,0,0.999816057,0.984031661
3389,0,-0.000000000,0.000000000
3390,0,1.000000000,1.000000000
3391,0,1.750000000,1.500000000
3392,0,2.502901402,1.795918367
3393,0,2.134322096,2.054232804
3394,0,2.385970614,3.000000000
3395,0,2.496887972,2.221311475
3396,0,2.491945471,1.711044286
3397,0,1.289256891,2.000000000
3398,0,1.924594890,1.679532590
3399,0,2.100238098,2.619636732
3400,0,3.011799869,2.085854360
3401,0,2.937051652,2.048291367
3402,0,3.132204670,2.291198840
3403,0,1.582339481,2.000000000
3404,0,1.643487633,1.165909256
3405,0,1.813956965,1.075645536
3406,0,1.312576274,1.060865970
3407,0,1.774792026,1.029072447
3408,0,2.507301140,1.810321108
3409,0,1.983281062,1.503094148
3410,0,1.000000000,1.000000000
3411,0,1.500000000,2.000000000
3412,0,1.582662942,1.138297872
3413,0,-0.000000000,0.000000000
3414,0,1.000000000,1.000000000
3415,0,-0.000000000,0.000000000
3416,0,1.000000000,1.000000000
3417,0,0.805958493,0.285714286
3418,0,2.091425884,1.357798165
3419,0,2.288242432,2.147482014
3420,0,1.702683589,1.183536367
3421,0,2.035637375,1.176042652
3422,0,2.410598872,1.843010060
3423,0,2.116120158,1.258872242
3424,0,2.191540781,1.723880657
3425,0,2.126814598,2.096999682
3426,0,2.487188188,1.667581392
3427,0,2.170107231,1.307057861
3428,0,1.105841144,1.071242736
3429,0,1.958860475,1.177225398
3430,0,2.320676794,1.491777570
3431,0,1.111180883,0.446500491
3432,0,1.008684722,1.005371669
3433,0,0.819532335,0.293795602
3434,0,1.101056206,1.016686335
3435,0,1.904289789,2.002894146
3436,0,2.319771657,1.879409143
3437,0,2.319138916,1.307944630
3438,0,2.628141248,1.736658012
3439,0,2.204657235,1.609231151
3440,0,2.064579909,2.009696009
3441,0,2.147653251,2.669314874
3442,0,2.834405228,2.289912542
3443,0,2.293691940,1.658134189
3444,0,2.547099259,1.483820500
3445,0,2.369975062,1.254584307
3446,0,2.498432613,1.770468364
3447,0,2.618019377,3.021086979
3448,0,2.749732415,1.987327015
3449,0,2.839756656,1.795956113
3450,0,2.332832432,2.366671656
3451,0,3.220233838,3.152944667
3452,0,3.134385903,2.643263620
3453,0,3.118633479,3.371164257
3454,0,1.912604636,1.731207828
3455,0,2.859034695,1.926997050
3456,0,2.744743917,1.887896932
3457,0,2.490132333,1.704687311
3458,0,2.774200557,1.882418942
3459,0,3.058565028,2.064657211
3460,0,2.665491895,1.882174818
3461,0,2.898025575,2.533353464
3462,0,2.718903794,2.114479209
3463,0,2.992507774,2.665860312
3464,0,2.756602589,2.844574197
3465,0,2.614457845,2.509343610
3466,0,2.482478933,2.208678977
3467,0,3.300631824,2.504523543
3468,0,2.856259390,1.847134839
3469,0,3.243860219,2.333709265
3470,0,3.108010449,2.033838834
3471,0,2.306846741,2.479865757
3472,0,2.378118943,3.087950027
3473,0,2.275585071,2.669521748
3474,0,2.745850837,2.038625166
3475,0,2.396573002,1.634806815
3476,0,2.752738510,1.390918918
3477,0,2.714032415,1.741253850
3478,0,2.784931916,2.290582533
3479,0,1.985787356,1.805760654
3480,0,2.645759678,2.017315159
3481,0,1.642106370,1.412490895
3482,0,2.496956587,1.554468549
3483,0,2.519118973,1.720201940
3484,0,2.873737694,2.059894175
3485,0,2.921877306,2.333362430
3486,0,3.073463159,3.069102145
3487,0,3.362034129,4.108368627
3488,0,3.280442676,5.156009739
3489,0,3.564069976,6.554483499
3490,0,2.831441183,6.137411724
3491,0,1.517509923,4.734824597
3492,0,2.286038555,4.140724016
3493,0,2.784702782,3.689390648
3494,0,2.375787910,2.423337894
3495,0,2.917488148,2.504504912
3496,0,2.547831137,2.549783295
3497,0,1.924882923,2.626172909
3498,0,2.175220663,1.939932371
3499,0,2.033339017,1.520099728
3500,0,2.421581424,2.236262387
3501,0,2.025129384,1.577300893
3502,0,1.803104129,2.208531622
3503,0,0.814338562,0.657954943
3504,0,1.888575041,1.258680331
3505,0,1.121081543,1.553712352
3506,0,2.156613251,2.447997594
3507,0,1.674206943,1.531894453
3508,0,2.592960266,1.931769110
3509,0,2.006615334,2.203652106
3510,0,2.848282305,2.046231522
3511,0,2.184230329,1.683564477
3512,0,2.324520020,2.393751861
3513,0,2.297990768,2.560362475
3514,0,2.509142892,3.373713809
3515,0,2.641112760,4.579304522
3516,0,1.502778226,4.821124758
3517,0,2.487153098,5.534431188
3518,0,2.392586837,4.125655840
3519,0,0.873214595,1.703579600
3520,0,1.997101683,2.254556017
3521,0,1.871736530,2.913454772
3522,0,2.285614486,2.215583695
3523,0,2.567890612,1.676831156
3524,0,2.428159019,1.545461974
3525,0,1.353043965,0.616333390
3526,0,0.998644576,1.043340840
3527,0,1.749661144,1.500000000
3528,0,1.921739382,1.911249062
3529,0,0.958078891,1.829940120
3530,0,0.999999672,1.000674274
3531,0,-0.000000000,0.000000000
3532,0,1.000000000,1.000000000
3533,0,1.877387064,1.714285714
3534,0,1.493369980,1.110169492
3535,0,-0.000000000,0.000000000
3536,0,1.000000000,1.000000000
3537,0,1.750000000,1.500000000
3538,0,1.921887137,1.270833333
3539,0,2.176717045,1.235632184
3540,0,1.676558274,1.173239242
3541,0,-0.000000000,0.000000000
3542,0,1.000000000,1.000000000
3543,0,1.877387064,1.714285714
3544,0,1.493369980,1.110169492
3545,0,1.950956795,1.163151612
3546,0,2.276765023,1.481184495
3547,0,1.925038235,1.263763735
3548,0,2.084094573,1.356008049
3549,0,1.010189837,0.389334909
3550,0,1.124211234,1.019467621
3551,0,0.815433545,0.290202017
3552,0,1.094261401,1.013820000
3553,0,1.755699067,1.006574755
3554,0,1.000000000,1.000000000
3555,0,1.750000000,1.000000000
3556,0,1.000000000,1.000000000
3557,0,1.500000000,1.000000000
3558,0,2.347073298,1.541666667
3559,0,2.459905673,2.200980392
3560,0,1.752766607,1.204007286
3561,0,1.998317873,2.015701258
3562,0,1.000000000,1.000000000
3563,0,1.750000000,2.000000000
3564,0,1.921887137,1.270833333
3565,0,0.958090575,0.361676647
3566,0,1.000000000,1.000000000
3567,0,1.500000000,2.000000000
3568,0,1.881290899,3.000000000
3569,0,1.578510287,2.000000000
3570,0,2.398791330,1.873873874
3571,0,2.118977360,1.266961504
3572,0,1.000000000,1.000000000
3573,0,1.500000000,1.000000000
3574,0,1.000000000,1.000000000
3575,0,1.500000000,2.000000000
3576,0,2.414332410,1.675675676
3577,0,2.708037634,2.529850746
3578,0,2.770218750,2.353465347
3579,0,2.904097791,2.584473263
3580,0,2.013731783,3.000000000
3581,0,1.871728797,2.000000000
3582,0,2.523270070,3.000000000
3583,0,2.197977110,2.416275701
3584,0,2.433729872,2.301205292
3585,0,2.289067417,2.092387174
3586,0,2.517266724,2.562772263
3587,0,3.407688716,3.013379552
3588,0,2.761204877,3.522039072
3589,0,3.504177617,4.331475379
3590,0,3.718508463,5.329276931
3591,0,3.398144260,6.000000000
3592,0,3.427116580,5.300702719
3593,0,2.642634961,3.648349888
3594,0,3.701549751,4.455967996
3595,0,3.877596266,5.347475938
3596,0,3.962547880,6.067449006
3597,0,3.670533513,6.455682920
3598,0,3.244951661,5.618229736
3599,0,2.886434698,6.192480984
3600,0,3.244416291,5.204824205
3601,0,2.535091928,2.092023432
3602,0,2.719982296,2.793919921
3603,0,2.533989794,3.322188648
3604,0,2.944708245,2.865305150
3605,0,2.782041635,3.770429264
3606,0,2.072421334,1.296925623
3607,0,1.776041718,0.972735733
3608,0,2.239885738,1.402247656
3609,0,1.667269269,0.967290425
3610,0,1.961323492,1.499443388
3611,0,1.910404400,1.449497029
3612,0,2.106196116,1.416922055
3613,0,2.251900265,1.646362850
3614,0,2.092996945,1.630377134
3615,0,1.932845810,1.244862624
3616,0,2.314275149,1.514381002
3617,0,1.363261414,0.921461113
3618,0,1.294290532,1.214246271
3619,0,1.890986267,2.166081161
3620,0,1.580133807,1.229637400
3621,0,2.044970236,2.054955416
3622,0,2.460635255,1.792347079
3623,0,2.603579106,2.079330168
3624,0,2.640145416,2.787900803
3625,0,2.888419456,3.799448858
3626,0,2.788440399,4.819736569
3627,0,2.427236725,6.022915615
3628,0,3.033979673,4.964752001
3629,0,3.192611378,4.091399012
3630,0,3.562290886,4.946967683
3631,0,3.400529299,4.276404346
3632,0,3.251903182,4.104309667
3633,0,3.393525942,4.687765986
3634,0,3.692407227,4.088981337
3635,0,3.718945806,3.890859803
3636,0,2.311792092,3.571375935
3637,0,3.243818733,3.160902400
3638,0,2.715615073,2.220725190
3639,0,2.915664313,2.581778608
3640,0,2.776413145,2.005087503
3641,0,-0.000000000,0.000000000
3642,0,1.000000000,1.000000000
3643,0,-0.000000000,0.000000000
3644,0,1.000000000,1.000000000
3645,0,1.750000000,1.000000000
3646,0,2.502901402,1.795918367
3647,0,-0.000000000,0.000000000
3648,0,1.000000000,1.000000000
3649,0,1.500000000,1.000000000
3650,0,1.582662942,1.138297872
3651,0,1.805861359,1.068391867
3652,0,1.309543741,1.060002525
3653,0,1.774485649,1.028751667
3654,0,1.941063799,1.280116331
3655,0,2.025248696,1.194005745
3656,0,2.477122858,2.046937617
3657,0,2.147736077,2.102113979
3658,0,2.420718050,1.618209342
3659,0,1.204025355,2.001342580
3660,0,0.999999898,1.000376150
3661,0,1.877387021,1.142857143
3662,0,1.493369966,1.110045171
3663,0,0.862958391,0.313232104
3664,0,1.101252913,1.015106203
3665,0,1.580379761,1.015779901
3666,0,2.423053656,2.061177729
3667,0,1.931839317,1.728566297
3668,0,2.303932287,1.505122099
3669,0,2.921904807,1.940563990
3670,0,0.999999975,1.000186454
3671,0,0.805958491,0.285714286
3672,0,1.092885006,1.013562347
3673,0,-0.000000000,0.000000000
3674,0,1.000000000,1.000000000
3675,0,-0.000000000,0.000000000
3676,0,1.000000000,1.000000000
3677,0,1.750000000,1.000000000
3678,0,1.921887137,1.270833333
3679,0,-0.000000000,0.000000000
3680,0,1.000000000,1.000000000
3681,0,0.805958493,0.285714286
3682,0,1.000000000,1.000000000
3683,0,1.750000000,1.500000000
3684,0,1.288492994,1.054621849
3685,0,1.772395739,1.026334520
3686,0,1.000000000,1.000000000
3687,0,-0.000000000,0.000000000
3688,0,1.000000000,1.000000000
3689,0,1.750000000,1.000000000
3690,0,1.000000000,1.000000000
3691,0,1.750000000,2.000000000
3692,0,1.921887137,3.000000000
3693,0,2.836746531,4.000000000
3694,0,2.500505587,3.069581749
3695,0,2.808087533,4.043578066
3696,0,2.531739034,3.099407295
3697,0,2.180110741,2.151676613
3698,0,2.504786456,3.074677591
3699,0,2.170898748,2.132624567
3700,0,1.679220224,1.197516181
3701,0,2.034000814,1.179995070
3702,0,2.270460177,1.774108962
3703,0,1.645820367,1.311048872
3704,0,2.520742270,1.799740383
3705,0,2.185428867,1.384098674
3706,0,1.695796107,1.198553627
3707,0,0.950667016,0.359511055
3708,0,1.151185921,1.037081887
3709,0,1.069612423,0.708963449
3710,0,1.796544509,1.608990254
3711,0,1.674751976,1.293862438
3712,0,1.643114776,0.855210860
3713,0,2.086715114,1.164745615
3714,0,2.254528687,1.519537723
3715,0,1.390952654,1.758441833
3716,0,0.883710388,1.612979502
3717,0,1.260331669,0.516617257
3718,0,1.185302363,0.462588924
3719,0,1.697625511,1.111012569
3720,0,1.138053494,0.548131097
3721,0,1.132743909,0.931531667
3722,0,1.895238253,1.899266069
3723,0,1.966432336,2.868471661
3724,0,2.048683630,1.908449248
3725,0,2.304115061,2.656736563
3726,0,2.599524644,3.187071615
3727,0,0.164875048,0.048573172
3728,0,0.118712541,0.032122070
3729,0,1.042911458,1.021529978
3730,0,2.078382823,1.193711475
3731,0,2.465267945,1.923350744
3732,0,2.385573134,2.123790742
3733,0,2.461524062,2.948477471
3734,0,2.454748737,2.052064671
3735,0,1.089175166,0.708789448
3736,0,0.723018349,0.401091596
3737,0,0.786174089,1.914441657
3738,0,2.059026129,1.791005952
3739,0,2.039258800,1.864704445
3740,0,2.472292643,1.634673308
3741,0,2.143938963,1.331654338
3742,0,2.489467536,1.710665978
3743,0,2.286699351,2.336755121
3744,0,2.929618539,3.257585699
3745,0,2.986316597,4.080152906
3746,0,3.074159993,4.613454777
3747,0,2.908539565,3.833121179
3748,0,2.281925929,3.214172292
3749,0,2.847961818,3.081171201
3750,0,2.014235559,2.129987020
3751,0,2.906821909,2.483056356
3752,0,3.102231802,3.059951082
3753,0,3.008204132,3.828310913
3754,0,3.271059619,3.338145972
3755,0,3.039271164,2.707877705
3756,0,3.230398289,3.367913539
3757,0,3.229976007,2.885884154
3758,0,3.373372465,3.268550079
3759,0,2.482125462,3.358327183
3760,0,3.482983633,4.201319212
3761,0,2.978779700,3.288322684
3762,0,1.989347758,2.372443907
3763,0,2.333456509,2.742416319
3764,0,2.118124884,2.118031141
3765,0,2.555179785,1.850223562
3766,0,2.336405793,1.986323808
3767,0,2.522939160,2.031556536
3768,0,2.420086838,2.317078875
3769,0,2.085429286,1.574300990
3770,0,2.140909257,2.406169538
3771,0,2.794483012,3.307871125
3772,0,2.432027636,2.543452892
3773,0,2.824889973,3.557898179
3774,0,3.052412362,4.250479558
3775,0,3.250213166,3.560524245
3776,0,2.933450236,2.720023764
3777,0,2.924941638,2.318312438
3778,0,2.555141473,1.849638899
3779,0,2.181732863,1.432485211
3780,0,2.500211423,1.937140975
3781,0,2.757497902,1.715729392
3782,0,1.906643516,1.355909173
3783,0,0.947510919,0.355640712
3784,0,1.114435402,1.022482801
3785,0,1.893429976,1.146358301
3786,0,0.999997367,1.001910567
3787,0,1.877385936,1.142857143
3788,0,1.493369617,1.966198842
3789,0,1.950956624,1.163151612
3790,0,1.510645760,1.965935706
3791,0,0.865628153,1.846937946
3792,0,1.000000000,0.999992954
3793,0,1.877387064,1.999993960
3794,0,1.881290899,1.599995772
3795,0,2.768857206,2.533328753
3796,0,2.644012567,3.128715871
3797,0,2.913570130,4.017813003
3798,0,2.403228085,3.063027189
3799,0,2.806854700,2.660170172
3800,0,3.097451754,2.656542555
3801,0,2.613232674,1.734434872
3802,0,3.133577057,2.697508051
3803,0,2.557213480,2.358447726
3804,0,2.530571829,3.050861890
3805,0,2.267420334,2.602854787
3806,0,1.992067396,3.163108300
3807,0,2.132847092,2.220302660
3808,0,0.998157157,1.050533496
3809,0,1.499078579,1.000000000
3810,0,1.880501192,1.630320098
3811,0,2.768268408,1.683333333
3812,0,2.592724658,1.818874988
3813,0,2.870656905,2.556044664
3814,0,2.597668171,1.859002244
3815,0,2.265478217,2.068118506
3816,0,1.020272935,0.981259062
3817,0,1.899473696,1.154671027
3818,0,2.263809173,1.853074053
3819,0,2.277313214,1.273977671
3820,0,2.546046752,1.760174889
3821,0,2.477332812,2.271055552
3822,0,2.686991393,1.826898166
3823,0,1.222850085,1.298947396
3824,0,1.620863937,1.326384125
3825,0,1.767826990,1.081392076
3826,0,1.813578634,1.203128247
3827,0,1.832787563,1.211074233
3828,0,1.479101952,0.690299618
3829,0,2.173215010,1.668767981
3830,0,1.707000033,1.918907972
3831,0,2.145072120,2.828772894
3832,0,2.259107863,1.949164505
3833,0,1.827877472,1.270830488
3834,0,2.262165181,1.965673551
3835,0,2.608553919,2.939897460
3836,0,2.423720375,2.234735561
3837,0,2.258442453,1.651303900
3838,0,2.531350798,1.645016249
3839,0,2.562212002,1.854950944
3840,0,2.575171543,2.033011681
3841,0,3.087243838,2.726536127
3842,0,2.936040765,2.681827335
3843,0,2.138315331,1.972407763
3844,0,2.462137566,1.726684841
3845,0,2.420601322,2.179179355
3846,0,2.407929648,1.837319564
3847,0,2.644772049,2.004551420
3848,0,2.111789850,2.006959982
3849,0,2.699401930,2.583567121
3850,0,2.462992192,2.202431818
3851,0,2.129513218,1.869488729
3852,0,1.599728120,1.222734046
3853,0,1.664223501,0.985373650
3854,0,1.658835827,1.258096813
3855,0,1.711827856,1.093003011
3856,0,1.608910626,1.548223526
3857,0,1.836446826,1.148298077
3858,0,1.008086491,0.647082027
3859,0,1.718373975,1.603115871
3860,0,1.904883398,1.119038642
3861,0,2.106234843,1.218642895
3862,0,2.149276176,1.516175535
3863,0,2.426711203,1.574327154
3864,0,1.988200934,2.222274560
3865,0,2.577357061,1.671766729
3866,0,2.538597762,2.104576868
3867,0,2.665654884,1.994861138
3868,0,2.648162310,1.581947380
3869,0,2.493511794,1.745994951
3870,0,2.493488961,1.756491368
3871,0,2.662381513,2.501759064
3872,0,2.680222205,2.911611242
3873,0,2.334626273,1.793413436
3874,0,2.512376422,1.731025204
3875,0,3.193062682,2.959080941
3876,0,2.321514188,1.523124114
3877,0,1.892621689,1.211594952
3878,0,2.049090849,1.338529252
3879,0,1.038810303,1.835172630
3880,0,1.175580985,1.081837037
3881,0,1.889710182,1.069239325
3882,0,1.857759146,1.187269124
3883,0,1.872650509,1.483319952
3884,0,1.633285033,1.167670889
3885,0,2.100977920,2.195288374
3886,0,2.652811759,2.965401769
3887,0,2.262855363,3.803995374
3888,0,2.832080381,4.879488350
3889,0,2.001971122,5.621232570
3890,0,3.169863439,5.029077396
3891,0,3.207289827,4.533391879
3892,0,3.040501187,4.112734041
3893,0,3.144703032,3.958639125
3894,0,3.091304047,3.419514091
3895,0,3.209841508,2.899998091
3896,0,3.304546994,2.614355845
3897,0,2.791292463,2.896942114
3898,0,3.092554860,3.939157307
3899,0,3.209928029,3.293123599
3900,0,2.334748083,1.833414724
3901,0,3.085147326,1.981138737
3902,0,3.187152867,2.145855133
3903,0,2.877589537,2.763713259
3904,0,2.997121478,2.243796166
3905,0,2.511568684,1.789606236
3906,0,2.728855369,2.520507853
3907,0,3.010678968,2.514888441
3908,0,3.004091628,2.705131326
3909,0,2.961301952,2.236633186
3910,0,2.647119802,2.385765473
3911,0,3.213235536,3.119311945
3912,0,2.927170010,3.005158116
3913,0,2.151652180,2.889918901
3914,0,2.890467598,3.420332226
3915,0,2.732499161,2.678858860
3916,0,2.973671306,2.211471479
3917,0,1.193182838,0.990378416
3918,0,1.624290090,0.836865372
3919,0,1.913550487,1.878438559
3920,0,1.594218609,1.760606181
3921,0,1.340425512,1.477799446
3922,0,0.850019838,0.311597785
3923,0,0.999862703,1.013795953
3924,0,1.877328223,1.142857143
3925,0,0.998610307,0.956114866
3926,0,0.805859229,0.285714286
3927,0,0.999952236,0.991862772
3928,0,1.877366594,1.993025233
3929,0,2.217756488,3.196386911
3930,0,2.677779768,4.279624373
3931,0,2.066861031,3.238287478
3932,0,2.076589238,2.221984102
3933,0,0.999951436,1.008205093
3934,0,1.749987859,1.500000000
3935,0,2.240544622,1.727841782
3936,0,1.915939314,2.214786020
3937,0,2.930085571,2.821833539
3938,0,2.741322494,3.370373057
3939,0,2.304885048,2.198777838
3940,0,2.357467508,3.036109843
3941,0,2.910150310,2.641107881
3942,0,2.669703214,2.054293025
3943,0,2.974637862,2.514717654
3944,0,2.971522866,2.152818722
3945,0,2.741164171,2.222853464
3946,0,2.323185740,1.523630803
3947,0,2.843014396,1.887116657
3948,0,3.000032881,2.458506206
3949,0,2.670890192,2.703080514
3950,0,2.636427900,1.772620696
3951,0,2.887330263,2.199017891
3952,0,2.888041457,2.081178726
3953,0,2.230985046,1.878342765
3954,0,2.373677735,1.371427223
3955,0,1.886631123,1.448447142
3956,0,2.406342549,1.973225131
3957,0,2.302368723,1.476664449
3958,0,2.188660273,1.439016914
3959,0,1.859640484,1.594751864
3960,0,1.067954232,0.590526285
3961,0,1.968894555,1.574006547
3962,0,1.772018602,2.195492895
3963,0,2.097813132,1.607913925
3964,0,1.322317439,1.040259473
3965,0,1.686543997,0.893307695
3966,0,2.062269105,1.246393686
3967,0,2.409132046,1.864396200
3968,0,2.119660945,2.116091714
3969,0,0.872003567,0.485319234
3970,0,1.980115058,1.863989425
3971,0,1.862633027,2.216465640
3972,0,2.414074716,2.010387922
3973,0,2.554335222,1.596757148
3974,0,2.256890865,1.935164409
3975,0,2.043448159,1.420935478
3976,0,2.399330435,1.505935165
3977,0,2.094291665,1.413953738
3978,0,1.630209300,0.956261031
3979,0,0.889380980,0.327877290
3980,0,1.422212085,1.106175605
3981,0,1.786492531,2.014405001
3982,0,1.301912845,1.062817218
3983,0,1.736560080,2.035380258
3984,0,2.048830525,1.647978484
3985,0,1.579517822,1.250647081
3986,0,2.446704654,1.765787545
3987,0,2.856818296,2.733941039
3988,0,2.463506104,2.991119790
3989,0,2.178771861,3.944838922
3990,0,1.703017328,2.969564158
3991,0,2.764599337,2.479225264
3992,0,3.069488278,3.431514066
3993,0,2.432780692,4.567123067
3994,0,2.928917656,5.665115225
3995,0,2.273883100,4.323591313
3996,0,2.362030433,5.341725965
3997,0,3.310203956,6.302744344
3998,0,3.175235405,5.584999693
3999,0,2.875091332,5.178644360
4000,0,3.066738344,5.073106607
4001,0,3.472089355,5.269241335
4002,0,3.095637074,4.778372262
4003,0,3.337471668,5.565331427
4004,0,3.513414120,4.977086929
4005,0,3.327749995,4.774009035
4006,0,3.314724271,5.178301192
4007,0,1.483897557,1.225138793
4008,0,2.733009659,2.035191587
4009,0,2.353293435,2.438063923
4010,0,2.796140851,2.509001212
4011,0,2.568486762,2.440316207
4012,0,2.347980386,3.798297151
4013,0,2.952130712,2.517106920
4014,0,2.958742326,2.123388072
4015,0,3.084181011,2.806071520
4016,0,3.054575929,2.390760299
4017,0,2.669080967,2.120387618
4018,0,2.369902669,2.041665535
4019,0,2.263757382,1.734404114
4020,0,1.637555715,1.492607799
4021,0,1.648425598,1.767759986
4022,0,1.907445857,1.883263121
4023,0,2.175363601,1.581555199
4024,0,2.112638763,1.735761002
4025,0,2.100567742,1.846519334
4026,0,1.641023783,1.904793563
4027,0,1.993182641,1.187351505
4028,0,2.207265742,2.151102100
4029,0,1.275318209,1.767986753
4030,0,2.358715711,2.131249411
4031,0,1.933785463,1.090062234
4032,0,1.785132434,1.365169467
4033,0,1.324066196,0.662360443
4034,0,1.249439218,1.154262196
4035,0,1.928872731,2.013003652
4036,0,1.624846270,2.673077007
4037,0,2.011013890,1.819025759
4038,0,2.211317312,1.362687664
4039,0,2.098394458,1.931225206
4040,0,2.192625833,2.866422532
4041,0,2.411765858,2.151634714
4042,0,2.385475339,2.096078731
4043,0,3.026213565,2.387641990
4044,0,2.158022047,1.389152752
4045,0,0.967176971,0.365310508
4046,0,1.463798248,1.098950284
4047,0,1.791233058,1.049008468
4048,0,1.954562741,1.285549086
4049,0,2.199693897,1.248563421
4050,0,1.690478424,1.178089053
4051,0,1.985699078,1.179363146
4052,0,2.290842424,1.491899957
4053,0,1.928016937,1.433929911
4054,0,2.087648853,1.358444815
4055,0,2.054023198,1.212861546
4056,0,2.333495676,1.865251591
4057,0,2.229964832,2.226074102
4058,0,2.457155193,1.480292465
4059,0,2.755877270,2.285528616
4060,0,2.397155241,1.481896280
4061,0,2.984928848,2.057814266
4062,0,2.617780489,2.082506215
4063,0,2.641124849,1.945035572
4064,0,2.786506871,2.096930174
4065,0,2.836403395,1.985315073
4066,0,2.319626706,1.464223184
4067,0,1.894882610,0.969352413
4068,0,1.728144710,0.824012783
4069,0,0.972032570,0.380297349
4070,0,0.999379441,1.029328394
4071,0,1.877121110,1.714285714
4072,0,0.999931058,1.009776131
4073,0,0.805953568,0.285714286
4074,0,1.398386355,1.084977701
4075,0,0.862426472,0.311015454
4076,0,1.109797244,1.019493187
4077,0,1.597459837,1.022888203
4078,0,2.446358695,1.691377707
4079,0,2.035353004,2.192239879
4080,0,1.669997533,1.310311236
4081,0,0.579896636,0.467176936
4082,0,1.308837308,1.162489882
4083,0,2.156936669,1.878353106
4084,0,1.562144522,1.121931916
4085,0,2.051144087,2.003183610
4086,0,2.388984597,3.316427360
4087,0,2.012137724,2.707438412
4088,0,2.187750160,2.000266643
4089,0,2.102568040,1.409185138
4090,0,2.435122375,1.978228410
4091,0,2.539972679,2.482106666
4092,0,2.502025931,3.325414852
4093,0,1.872422559,2.191993615
4094,0,1.933659753,1.846264493
4095,0,2.796131733,2.534034248
4096,0,1.979594606,1.382415025
4097,0,2.258080760,1.305360158
4098,0,2.593515659,1.894807497
4099,0,2.226761201,1.339092683
4100,0,1.204374129,1.155446299
4101,0,1.916355705,1.123078048
4102,0,1.535801637,1.208277129
4103,0,2.121085592,1.224031899
4104,0,1.601040520,1.141053791
4105,0,0.879123125,0.321652177
4106,0,1.422311032,1.093638267
4107,0,1.981713023,1.177326531
4108,0,1.556423388,1.989589507
4109,0,2.523840998,1.907891199
4110,0,2.780409877,1.920245431
4111,0,1.714338274,1.249028560
4112,0,2.055065518,2.179923462
4113,0,2.104947196,1.372084816
4114,0,1.603931623,0.834408621
4115,0,1.938270047,1.186415829
4116,0,0.984782694,1.144987942
4117,0,0.804871609,2.020712590
4118,0,0.999978184,1.005505898
4119,0,1.749994553,1.000000010
4120,0,1.288492079,1.055524072
4121,0,1.725867925,2.028697120
4122,0,2.467907680,1.703531921
4123,0,2.162566138,2.087433033
4124,0,2.272467778,1.805072385
4125,0,2.194654640,2.131909220
4126,0,2.587273798,3.030436502
4127,0,2.384781660,4.000094391
4128,0,3.030950307,4.930840475
4129,0,1.856379836,5.696591016
4130,0,1.938927912,6.620824379
4131,0,2.306163635,6.186973182
4132,0,1.983077979,6.624209888
4133,0,0.791695221,5.453483179
4134,0,1.568283726,6.392091643
4135,0,2.096273443,7.404087527
4136,0,1.585839689,8.479630929
4137,0,2.289434664,7.341163753
4138,0,1.876242368,5.773507071
4139,0,1.490796517,2.193561600
4140,0,-0.000000000,0.000000000
4141,0,1.000000000,1.000000000
4142,0,1.500000000,2.000000000
4143,0,1.392419949,1.041121495
4144,0,1.942136303,1.176850428
4145,0,1.348851220,1.150253264
4146,0,1.934598202,1.173124850
4147,0,1.971195688,1.473857436
4148,0,2.054431864,1.277039279
4149,0,0.998418044,0.953178479
4150,0,-0.000000000,0.000000000
4151,0,1.000000000,1.000000000
4152,0,1.750000000,1.500000000
4153,0,2.240656600,1.722352941
4154,0,1.308488972,0.568742656
4155,0,1.137642346,1.025785476
4156,0,0.817894867,0.291202045
4157,0,1.069527693,1.004945288
4158,0,-0.000000000,0.000000000
4159,0,1.000000000,1.000000000
4160,0,0.805958493,0.285714286
4161,0,1.068080165,1.017919670
4162,0,1.887317319,2.003545457
4163,0,2.220060164,2.798192444
4164,0,2.677941615,3.712910206
4165,0,2.067865726,2.758377455
4166,0,2.748270147,2.371644588
4167,0,1.870501031,1.295851552
4168,0,1.868434838,1.144840794
4169,0,1.248364368,1.058725217
4170,0,0.831369252,1.854376961
4171,0,1.292426819,1.076457961
4172,0,1.778087215,1.498437006
4173,0,1.212949045,1.020632193
4174,0,1.910860360,1.994810845
4175,0,1.343036700,1.030573888
4176,0,1.933418759,1.171770361
4177,0,1.565153605,1.557496574
4178,0,2.021629361,1.579502948
4179,0,1.526600239,1.131515627
4180,0,1.810141159,1.064684896
4181,0,0.999825114,1.015570294
4182,0,1.877312113,1.142857143
4183,0,1.336930462,1.028103653
4184,0,-0.000000000,0.000000000
4185,0,1.000000000,1.000000000
4186,0,1.750000000,1.000000000
4187,0,1.205039102,1.017529880
4188,0,0.826136758,1.854890449
4189,0,1.070309725,1.019347928
4190,0,1.887681974,1.146862528
4191,0,1.339324259,1.135139944
4192,0,1.973766069,2.031557263
4193,0,2.287451389,2.816667483
4194,0,2.569282272,3.345902158
4195,0,2.065416113,3.960557241
4196,0,1.458862448,4.363962211
4197,0,2.310901723,4.573768771
4198,0,1.958433424,3.777181690
4199,0,2.380827844,2.430772190
4200,0,1.215262058,1.537865534
4201,0,2.069594046,1.592704650
4202,0,1.964788424,1.280668011
4203,0,1.749693005,0.933099027
4204,0,2.163511760,1.231448218
4205,0,1.840083825,1.360634040
4206,0,2.080222151,1.200429026
4207,0,2.806441159,2.096596525
4208,0,2.881047356,2.559274917
4209,0,2.738397735,2.876483241
4210,0,2.890927972,2.684597438
4211,0,3.128685526,3.110276842
4212,0,2.782591965,2.266631123
4213,0,2.585765505,2.033546834
4214,0,2.830606731,2.780813610
4215,0,2.549940954,2.380401944
4216,0,2.213930816,2.068203046
4217,0,2.687089222,1.966888891
4218,0,2.473543459,1.647897087
4219,0,1.945376442,1.450432382
4220,0,1.881478085,1.443071276
4221,0,2.772322748,2.084193692
4222,0,2.436173385,1.734713547
4223,0,2.830894915,2.175921789
4224,0,1.964894371,1.202563495
4225,0,-0.000000000,0.000000000
4226,0,1.000000000,1.000000000
4227,0,0.805958493,0.285714286
4228,0,1.378009505,1.077380952
4229,0,1.781606957,1.490355330
4230,0,1.300037935,1.982719449
4231,0,1.920959136,2.004307497
4232,0,2.266916168,2.999679076
4233,0,2.083430656,3.999744134
4234,0,2.097515673,5.000597377
4235,0,2.838079954,4.303966247
4236,0,2.200527342,3.616040715
4237,0,3.279098481,3.301857211
4238,0,1.987354211,2.180897875
4239,0,2.142865288,2.229323380
4240,0,2.517149718,1.923985875
4241,0,2.347837561,2.074973976
4242,0,1.995015859,1.925537894
4243,0,2.842571629,1.868817048
4244,0,1.972308096,1.318164604
4245,0,1.864578526,1.480420593
4246,0,2.018350182,1.317531315
4247,0,-0.000000000,0.000000000
4248,0,1.000000000,1.000000000
4249,0,1.877387064,1.142857143
4250,0,1.000000000,1.000000000
4251,0,1.750000000,1.000000000
4252,0,1.288492994,1.054621849
4253,0,1.772395739,1.493238434
4254,0,1.000000000,1.000000000
4255,0,-0.000000000,0.000000000
4256,0,1.000000000,1.000000000
4257,0,1.877387064,2.000000000
4258,0,1.881290899,1.600000000
4259,0,2.084114886,1.979591837
4260,0,2.487029701,1.770422101
4261,0,2.869852390,2.498510974
4262,0,2.593362339,3.165312423
4263,0,1.903379637,2.182407521
4264,0,2.521149870,1.962726108
4265,0,1.519985316,1.171335754
4266,0,2.083012399,1.324571250
4267,0,2.767938423,1.938805721
4268,0,2.599253119,1.626038565
4269,0,2.765749930,1.842270067
4270,0,1.979180561,1.049080058
4271,0,1.832732329,1.143410272
4272,0,0.995845553,1.075853522
4273,0,1.875606587,1.142857143
4274,0,0.999538789,0.974715493
4275,0,0.805925549,0.285714286
4276,0,1.092882285,1.012540610
4277,0,1.755599250,1.006462882
4278,0,1.290476534,1.055323084
4279,0,-0.000000000,0.000000000
4280,0,1.000000000,1.000000000
4281,0,0.805958493,0.285714286
4282,0,1.092885007,1.013569937
4283,0,-0.000000000,0.000000000
4284,0,1.000000000,1.000000000
4285,0,1.750000000,1.000000000
4286,0,2.502901402,1.795918367
4287,0,2.134322096,1.277777778
4288,0,2.406814550,1.871535790
4289,0,2.513126862,1.452321100
4290,0,1.015121335,1.009589248
4291,0,0.822518351,0.297424949
4292,0,1.017500651,1.009996707
4293,0,0.810606601,0.288748953
4294,0,1.095791845,1.015479278
4295,0,1.894480730,1.147848786
4296,0,1.499728646,1.113182702
4297,0,1.954243475,1.164615539
4298,0,2.283655673,1.860250837
4299,0,2.088739930,2.035223931
4300,0,2.357576281,1.543724425
4301,0,1.153272109,0.470797887
4302,0,1.565060965,1.134923880
4303,0,-0.000000000,0.000000000
4304,0,1.000000000,1.000000000
4305,0,-0.000000000,0.000000000
4306,0,1.000000000,1.000000000
4307,0,1.877387064,2.000000000
4308,0,2.255032708,1.464285714
4309,0,1.920485871,1.434482759
4310,0,1.000000000,1.000000000
4311,0,0.805958493,0.285714286
4312,0,1.378009505,1.077380952
4313,0,1.781606957,2.000000000
4314,0,2.508322583,1.755519481
4315,0,2.137060553,1.282849937
4316,0,1.616160462,1.153012237
4317,0,1.974103298,2.012571279
4318,0,1.517155930,1.118451609
4319,0,2.577277942,1.426385264
4320,0,0.999999962,1.000228349
4321,0,1.877387048,1.142857143
4322,0,0.999999996,0.999923884
4323,0,1.749999999,1.999961942
4324,0,2.502901401,2.999939418
4325,0,2.611414907,2.259445978
4326,0,2.510044614,1.767510281
4327,0,2.167056809,2.065908290
4328,0,0.999924762,0.989787261
4329,0,1.499962381,1.000000000
4330,0,0.999986181,0.995623112
4331,0,1.499993090,1.000000000
4332,0,2.347069350,1.832239111
4333,0,2.459902627,1.950980392
4334,0,2.503551693,1.747506607
4335,0,1.890310025,1.329725141
4336,0,0.999956122,1.007799219
4337,0,1.749989030,1.000000000
4338,0,1.921882353,1.272295687
4339,0,2.021554447,2.021931795
4340,0,2.026994155,3.015739156
4341,0,2.101871984,2.094167209
4342,0,1.689309076,1.183316962
4343,0,-0.000000000,0.000000000
4344,0,1.000000000,1.000000000
4345,0,0.805958493,0.285714286
4346,0,2.091425884,1.357798165
4347,0,2.878930815,1.791338583
4348,0,1.000000000,1.000000000
4349,0,1.500000000,1.000000000
4350,0,2.347073298,1.833333333
4351,0,1.941861348,1.421487603
4352,0,1.911553273,1.653465347
4353,0,2.810699899,2.465468838
4354,0,2.442541265,2.987405136
4355,0,2.927347128,2.539107150
4356,0,3.074930836,3.556756782
4357,0,3.003043700,4.267591776
4358,0,2.690926207,3.816181867
4359,0,2.863951394,3.025293146
4360,0,3.117219197,3.563171467
4361,0,3.305398400,4.210567338
4362,0,3.544734217,4.100119410
4363,0,3.190536172,2.678027936
4364,0,3.612296415,2.971581440
4365,0,3.506815975,3.086153164
4366,0,2.499224936,2.462611853
4367,0,2.351917082,3.151331043
4368,0,2.469274290,3.718151266
4369,0,2.903303749,2.823968973
4370,0,2.982827005,3.449725792
4371,0,2.172405706,2.932219170
4372,0,2.321527870,2.374096447
4373,0,1.891101846,2.211879257
4374,0,1.889233995,2.303534101
4375,0,2.302455277,2.097328460
4376,0,1.882928763,2.041982563
4377,0,1.919036621,2.394319504
4378,0,1.584175160,0.984100403
4379,0,1.348221340,0.756297418
4380,0,1.263444854,2.654388171
4381,0,0.999871427,1.013350467
4382,0,2.070825769,1.729964200
4383,0,2.507728805,1.950669166
4384,0,2.438984628,1.373232668
4385,0,2.355623325,1.732826969
4386,0,2.145600648,3.154025787
4387,0,1.945005071,1.666992478
4388,0,2.668547300,1.866572285
4389,0,2.489848921,1.398005439
4390,0,2.187324723,1.790580896
4391,0,1.866588322,1.383834753
4392,0,-0.000000000,0.000000000
4393,0,0.734529921,0.285714286
4394,0,1.448346023,1.194472876
4395,0,2.033807968,1.875897731
4396,0,1.471718361,0.954399803
4397,0,1.817846624,1.052846931
4398,0,1.012464357,0.410063268
4399,0,1.094063213,1.057938219
4400,0,1.326336648,1.508327812
4401,0,1.234498754,0.952777445
4402,0,1.762965538,2.336924522
4403,0,1.770828243,1.485233425
4404,0,0.861066853,1.455262476
4405,0,1.187604196,0.931054702
4406,0,1.419150857,1.123870066
4407,0,0.999455230,1.073249085
4408,0,0.007771568,0.002798873
4409,0,0.926229824,0.668432146
4410,0,1.296748168,1.219727968
4411,0,0.006305995,0.001305375
4412,0,0.006124281,0.001246467
4413,0,1.451973682,1.143138571
4414,0,1.486037397,2.199827189
4415,0,1.408260780,1.233264951
4416,0,1.243895318,0.921971576
4417,0,1.610354902,0.806508491
4418,0,2.078604507,1.268840335
4419,0,1.757353597,1.156262302
4420,0,1.757598883,0.901505732
4421,0,2.145352984,1.284118609
4422,0,1.904303871,1.280198544
4423,0,2.782221917,1.767447376
4424,0,2.271697820,1.381386865
4425,0,2.528574639,1.517809016
4426,0,2.373121164,1.896295655
4427,0,2.158882616,1.537427752
4428,0,2.427624882,1.395947015
4429,0,1.088423883,0.683455007
4430,0,1.501262011,1.970058841
4431,0,1.706205750,1.166009734
4432,0,2.658841337,2.081146043
4433,0,2.602810403,2.352568465
4434,0,2.373184860,2.559677144
4435,0,2.817226351,2.045912554
4436,0,2.726373812,1.835042482
4437,0,2.563941914,1.586423605
4438,0,2.626404721,2.078343321
4439,0,3.108113331,2.620051388
4440,0,2.038454523,2.177758806
4441,0,2.874289195,1.933339988
4442,0,3.140374186,2.983447708
4443,0,3.015639111,2.135921695
4444,0,2.931028487,2.068944656
4445,0,2.949822768,2.182113768
4446,0,2.737056193,1.743424676
4447,0,2.786264226,2.060816992
4448,0,2.755839833,2.033289886
4449,0,2.902529053,2.743844098
4450,0,2.756290070,2.105085918
4451,0,2.937800622,1.972152174
4452,0,3.285223593,2.766012753
4453,0,3.368885678,3.153379350
4454,0,2.119335951,1.352201415
4455,0,2.364215598,1.800882199
4456,0,2.535687544,1.656398701
4457,0,2.608665073,1.756962463
4458,0,1.889465404,1.558982653
4459,0,2.113380068,2.582114648
4460,0,2.510698589,2.142318699
4461,0,2.914680071,2.663490612
4462,0,2.316518071,1.640481637
4463,0,3.048084719,2.468636901
4464,0,2.059361270,2.364917790
4465,0,2.652119303,2.279782170
4466,0,2.785392330,2.249636109
4467,0,3.148332732,2.363989974
4468,0,2.003536019,1.858934168
4469,0,3.141552424,2.160876310
4470,0,3.017317557,2.300220319
4471,0,2.726077320,2.637351421
4472,0,2.124501964,2.725461864
4473,0,2.383977388,2.350270890
4474,0,2.422955485,2.437452378
4475,0,2.079973135,2.748286834
4476,0,2.385050150,3.571135432
4477,0,2.229226646,2.439502381
4478,0,2.482204433,3.341898290
4479,0,1.299029127,3.035272804
4480,0,2.374091154,4.110475110
4481,0,2.483867269,2.847410493
4482,0,2.768667054,2.611078478
4483,0,2.739584312,2.911071674
4484,0,2.635309872,2.899421519
4485,0,1.991600476,3.540404739
4486,0,1.973939556,2.689091393
4487,0,2.606163901,2.489940852
4488,0,2.766116506,2.400751569
4489,0,2.303320316,2.887886719
4490,0,3.156036394,3.330866189
4491,0,1.466273979,2.405995050
4492,0,1.000000000,1.000000000
4493,0,1.561278124,2.000000000
4494,0,2.369709077,3.352941176
4495,0,2.804564398,3.115537849
4496,0,2.672095945,3.071806098
4497,0,3.034739700,2.530735182
4498,0,2.743433636,3.291457109
4499,0,3.091670886,2.669303026
4500,0,2.573998680,2.690682841
4501,0,3.017667856,3.313065614
4502,0,2.993823798,2.915604862
4503,0,3.447542708,2.729064918
4504,0,3.421685597,2.978654292
4505,0,3.587631753,2.784112080
4506,0,3.717578381,2.993178191
4507,0,3.325473176,3.378931661
4508,0,3.345482352,2.623152747
4509,0,2.175185122,2.427844150
4510,0,2.440567726,1.914305487
4511,0,2.714729929,2.073823352
4512,0,3.611154048,2.595046570
4513,0,3.412426500,3.234063256
4514,0,2.853032540,2.779919896
4515,0,3.201612413,2.620796345
4516,0,3.318231385,2.612322616
4517,0,3.577364725,2.674895980
4518,0,2.758024678,1.956979084
4519,0,2.197394635,1.615007412
4520,0,1.695464238,1.425439618
4521,0,1.981178151,1.195933150
4522,0,2.465211280,1.595049366
4523,0,2.834116147,2.502435856
4524,0,2.653206660,2.164658951
4525,0,2.107678719,1.564436653
4526,0,1.736552983,1.346736575
4527,0,1.162212479,0.594136797
4528,0,1.157217613,1.170743858
4529,0,-0.000000000,0.000000000
4530,0,1.000000000,1.000000000
4531,0,1.877387064,1.142857143
4532,0,1.000000000,1.000000000
4533,0,0.805958493,0.285714286
4534,0,1.000000000,1.000000000
4535,0,1.877387064,2.000000000
4536,0,2.255032708,1.464285714
4537,0,1.920485871,2.000000000
4538,0,1.000000000,1.000000000
4539,0,1.500000000,1.000000000
4540,0,1.582662942,1.138297872
4541,0,1.849596466,2.003310649
4542,0,1.035513038,1.013889438
4543,0,1.788718913,1.019231530
4544,0,1.320131829,1.066774101
4545,0,0.920160021,0.339884058
4546,0,1.147806447,1.040563431
4547,0,1.933557650,1.168906462
4548,0,2.509835363,1.709961457
4549,0,2.743644050,2.311951701
4550,0,2.614518010,3.024917783
4551,0,2.807353299,2.579571432
4552,0,2.604262245,1.878973295
4553,0,2.913383309,2.553041493
4554,0,3.204792587,3.370903295
4555,0,2.847663974,3.995669783
4556,0,3.279249654,4.991414155
4557,0,2.962408689,3.993731147
4558,0,2.533397975,2.995921795
4559,0,2.790203251,2.400448410
4560,0,2.560681107,2.997331073
4561,0,1.387335495,1.999378905
4562,0,1.937143971,2.997717215
4563,0,2.221768072,2.448653040
4564,0,2.467116284,1.971513355
4565,0,2.665385904,2.611765574
4566,0,2.531206111,3.077376552
4567,0,2.200872648,2.132398771
4568,0,1.722056805,1.975016615
4569,0,2.063416589,1.200085494
4570,0,2.358376462,1.767111207
4571,0,2.875835588,2.257524686
4572,0,0.999999952,1.000258038
4573,0,1.499999976,1.000000000
4574,0,0.999999991,1.000110588
4575,0,1.499999996,1.000000000
4576,0,1.582662941,1.138343755
4577,0,1.805861359,1.068391867
4578,0,1.309543741,1.059993132
4579,0,1.742597364,1.060729519
4580,0,1.000000000,0.999995292
4581,0,0.805958493,0.285714286
4582,0,1.092885007,1.013570129
4583,0,-0.000000000,0.000000000
4584,0,1.000000000,1.000000000
4585,0,1.877387064,1.142857143
4586,0,1.493369980,1.110169492
4587,0,1.878966031,1.106770833
4588,0,1.623402770,1.153067790
4589,0,1.975047818,1.146250306
4590,0,1.000000000,1.000000000
4591,0,-0.000000000,0.000000000
4592,0,1.000000000,1.000000000
4593,0,-0.000000000,0.000000000
4594,0,1.000000000,1.000000000
4595,0,1.500000000,1.000000000
4596,0,1.582662942,1.138297872
4597,0,1.805861359,1.482439926
4598,0,1.309543741,1.060002525
4599,0,1.922528380,2.004502825
4600,0,2.094174109,3.018755862
4601,0,2.105337923,2.089906764
4602,0,2.372601916,1.814414613
4603,0,1.584084468,1.300379799
4604,0,2.450760531,1.783672321
4605,0,1.834098146,1.607747085
4606,0,1.941915494,1.716624448
4607,0,2.225600138,1.913272501
4608,0,2.468889988,1.979479197
4609,0,2.899724295,2.472075060
4610,0,1.981183682,1.319302923
4611,0,2.050357535,2.027171049
4612,0,2.316588907,1.514816532
4613,0,2.097270379,2.038029976
4614,0,2.346899056,1.865614410
4615,0,2.104266486,2.039777385
4616,0,2.171166413,3.025359553
4617,0,2.811786659,2.379976928
4618,0,0.999999981,1.000162789
4619,0,1.749999995,2.000081395
4620,0,2.502901397,1.755161841
4621,0,2.134322093,2.054325181
4622,0,2.504122320,1.752835168
4623,0,2.284422432,2.449897767
4624,0,2.214598041,2.022515787
4625,0,1.815178300,1.630015647
4626,0,1.247567556,1.277740916
4627,0,1.249670064,0.869998960
4628,0,1.615837589,1.279721449
4629,0,0.905869315,0.350248284
4630,0,1.038967001,1.023604969
4631,0,0.830802136,0.305103525
4632,0,1.397255786,1.087778935
4633,0,1.798030721,1.049010755
4634,0,1.959638028,1.290349674
4635,0,2.212800560,1.256842158
4636,0,2.451565467,1.851929564
4637,0,1.962078667,2.000000864
4638,0,1.000000000,1.000000304
4639,0,1.877387064,1.142857143
4640,0,1.493369980,1.110169391
4641,0,1.950956795,1.163151612
4642,0,1.510029224,1.115663575
4643,0,2.568192524,1.419097683
4644,0,1.789150388,1.218151688
4645,0,0.919468113,0.341306442
4646,0,1.109902829,1.016731971
4647,0,0.814140081,0.289590642
4648,0,1.094072276,1.013785422
4649,0,0.812764858,0.288942185
4650,0,1.000000000,1.000000000
4651,0,-0.000000000,0.000000000
4652,0,1.000000000,1.000000000
4653,0,1.750000000,1.000000000
4654,0,1.288492994,1.054621849
4655,0,0.833473094,0.298860104
4656,0,1.096892652,1.014298728
4657,0,1.890743881,1.720337301
4658,0,2.258551286,1.466686268
4659,0,1.098650877,0.439424304
4660,0,1.000000000,0.999998674
4661,0,1.750000000,1.999999337
4662,0,1.288492994,1.983193244
4663,0,1.919058450,2.004072895
4664,0,1.930779245,3.002891302
4665,0,1.581950493,2.001503253
4666,0,1.624383686,1.157007124
4667,0,0.910406273,0.334499750
4668,0,1.122903418,1.024029312
4669,0,1.780861034,1.017327739
4670,0,2.537674444,1.811199090
4671,0,2.637014922,2.263804771
4672,0,2.745365015,3.115449799
4673,0,2.570678175,3.584390175
4674,0,2.292718928,2.412748187
4675,0,0.402654220,0.159873328
4676,0,0.296142044,0.104019069
4677,0,1.046620750,0.988204578
4678,0,1.450675251,1.541659000
4679,0,1.270332178,0.950477189
4680,0,2.184882198,1.225392484
4681,0,1.457409753,1.022225734
4682,0,1.769161172,2.158620644
4683,0,1.026405056,1.062440280
4684,0,0.877805343,0.558351132
4685,0,1.006119403,1.118592828
4686,0,2.130720206,1.597309306
4687,0,1.420753579,1.203311811
4688,0,1.560657963,0.815736427
4689,0,1.550168037,1.722074305
4690,0,2.336562036,1.766078036
4691,0,1.383375676,1.626190750
4692,0,2.336392342,2.074659226
4693,0,1.948479732,2.195863142
4694,0,2.036672018,1.508689340
4695,0,2.451707413,1.568126512
4696,0,2.582081085,1.895256357
4697,0,2.315028186,2.038368842
4698,0,2.583128823,2.662099429
4699,0,3.468611347,3.380947136
4700,0,3.182457032,3.780564416
4701,0,3.598157064,3.334982937
4702,0,3.317183305,3.706336807
4703,0,3.097027718,3.099128191
4704,0,2.665000085,2.563979703
4705,0,2.290604085,1.811459457
4706,0,2.073642078,1.490807750
4707,0,1.851925886,1.361341149
4708,0,1.972853528,1.217056094
4709,0,2.369854038,1.800508721
4710,0,1.332974328,0.925142320
4711,0,1.502938588,1.064062697
4712,0,2.389878438,1.741438728
4713,0,2.142381862,1.715126652
4714,0,2.230176583,1.471756363
4715,0,1.821939641,1.280147174
4716,0,2.272752100,1.300691682
4717,0,1.493983281,1.468827807
4718,0,2.223965326,1.796727396
4719,0,2.321657452,1.486648998
4720,0,1.742650762,0.866461095
4721,0,2.343260609,1.478020252
4722,0,1.738874991,0.887761918
4723,0,1.525393478,1.109935525
4724,0,1.690507399,1.153299452
4725,0,0.995596954,3.438835080
4726,0,2.078216637,4.139681027
4727,0,2.061322920,2.855383370
4728,0,2.440081230,2.043335349
4729,0,2.824152152,2.305283100
4730,0,3.281335992,2.649441041
4731,0,2.520055285,1.796259310
4732,0,2.792521732,2.574095945
4733,0,2.945520768,2.143846926
4734,0,2.651572611,2.401564332
4735,0,2.065446364,2.248740163
4736,0,2.507855496,1.688253153
4737,0,2.754779424,2.239801718
4738,0,1.884080059,1.730872264
4739,0,1.343232138,1.339151442
4740,0,1.769823327,1.649026890
4741,0,-0.000000000,0.000000000
4742,0,1.000000000,1.000000000
4743,0,0.468166641,0.153846154
4744,0,2.004887128,1.500000000
4745,0,1.564885310,0.946236559
4746,0,1.959824694,1.419660911
4747,0,1.962668344,2.664416048
4748,0,2.598196284,2.228981931
4749,0,0.014667640,0.008006913
4750,0,0.750150766,1.861527595
4751,0,1.015228115,2.000693564
4752,0,2.022928480,1.357402213
4753,0,0.000995314,0.000407352
4754,0,1.000858907,1.000283787
4755,0,0.000825501,0.000340585
4756,0,0.735413656,0.286159635
4757,0,0.077877709,0.016757485
4758,0,1.525175954,1.502482782
4759,0,0.021442099,0.007597235
4760,0,0.756450378,0.293557972
4761,0,0.091413158,0.023018527
4762,0,1.100280612,1.026414654
4763,0,0.489559613,0.164376379
4764,0,1.605977355,1.502480598
4765,0,1.211609556,1.984395673
4766,0,1.949045696,1.638600921
4767,0,0.916778443,0.431354299
4768,0,0.932081368,0.381952413
4769,0,0.052453338,0.044509078
4770,0,0.797028539,1.898693702
4771,0,0.391431608,2.034994807
4772,0,1.637845347,1.233541042
4773,0,0.123162292,0.120059532
4774,0,1.055087790,1.035435269
4775,0,1.275931063,0.682974201
4776,0,1.171276501,0.510956526
4777,0,0.305076594,0.188402431
4778,0,1.753971013,1.266715466
4779,0,1.984219560,2.065982562
4780,0,2.670383446,3.072628965
4781,0,2.388264513,2.076710322
4782,0,1.907989864,2.376125871
4783,0,2.505112227,2.349998929
4784,0,2.683913897,1.553974971
4785,0,1.870209167,2.293503711
4786,0,2.689899449,2.234744080
4787,0,1.752298275,1.561673001
4788,0,2.974621558,2.178915999
4789,0,2.562821094,1.735278817
4790,0,2.815045672,2.170094691
4791,0,2.867159954,2.802126075
4792,0,2.861559062,2.231929869
4793,0,2.834610723,1.903800714
4794,0,2.785824530,2.233606916
4795,0,3.003935362,2.198226623
4796,0,3.260253115,2.280912742
4797,0,2.886320875,2.144015902
4798,0,3.317801590,2.462895729
4799,0,2.930973715,2.231384661
4800,0,3.594614666,2.669428985
4801,0,3.400879179,2.591116559
4802,0,2.008368826,2.153178631
4803,0,2.837793287,2.002345829
4804,0,3.041292031,2.625561579
4805,0,2.759441856,2.626004453
4806,0,1.561503341,1.324118413
4807,0,1.842400722,1.092227252
4808,0,0.812520341,0.501570494
4809,0,1.703130085,1.750785247
4810,0,0.995527642,0.921300604
4811,0,1.875470340,1.142857143
4812,0,1.492753189,1.084158674
4813,0,-0.000000000,0.000000000
4814,0,1.000000000,1.000000000
4815,0,-0.000000000,0.000000000
4816,0,1.000000000,1.000000000
4817,0,1.877387064,2.000000000
4818,0,2.127772060,1.725714286
4819,0,2.414224462,2.766545143
4820,0,0.648065666,1.668348955
4821,0,0.483904520,1.790480528
4822,0,0.356460893,0.134966625
4823,0,1.687285381,1.511247219
4824,0,1.693980984,1.345696376
4825,0,2.138633840,2.023495815
4826,0,2.058623809,1.388345578
4827,0,1.881263560,1.095825422
4828,0,1.694881376,0.847398485
4829,0,2.257944255,1.942726409
4830,0,2.152302226,1.251408083
4831,0,2.022131141,1.408981298
4832,0,2.383104984,1.798757921
4833,0,2.370072392,1.268189253
4834,0,2.180609845,2.022476467
4835,0,2.560773399,2.273960353
4836,0,2.727085512,1.864293842
4837,0,2.795845864,1.929552240
4838,0,2.825790508,1.853598228
4839,0,2.678542678,1.925914513
4840,0,0.935692097,0.434320665
4841,0,1.815887726,1.287659017
4842,0,1.708675379,1.920523798
4843,0,2.722204566,2.980469924
4844,0,-0.000000000,0.000000000
4845,0,0.734529921,0.285714286
4846,0,1.448346023,1.054247697
4847,0,2.282367761,1.679572098
4848,0,2.509188002,1.449383521
4849,0,2.426033639,1.579663300
4850,0,2.557897782,1.779153260
4851,0,2.777720448,2.170868117
4852,0,2.836859101,2.028624585
4853,0,2.692128715,2.577460341
4854,0,2.795604929,3.497672643
4855,0,3.389281729,3.305195811
4856,0,3.175403371,3.730036633
4857,0,3.382424467,4.442297757
4858,0,3.223245905,4.073867803
4859,0,3.274763033,2.068708378
4860,0,3.284798821,2.360381946
4861,0,3.615681792,2.981292195
4862,0,3.815854565,3.700743539
4863,0,3.854296150,3.312178707
4864,0,3.551193002,3.275614153
4865,0,2.771290772,3.003587226
4866,0,3.241950409,2.676444153
4867,0,3.671308008,3.016170605
4868,0,3.445440753,3.052016537
4869,0,3.610325214,3.179323228
4870,0,3.410870723,2.907953525
4871,0,1.538005984,1.610941028
4872,0,1.972819507,1.554345223
4873,0,1.538925093,1.003550744
4874,0,-0.000000000,0.000000000
4875,0,1.000000000,1.000000000
4876,0,1.877387064,1.142857143
4877,0,1.954490080,1.335714286
4878,0,2.049458348,2.088906883
4879,0,2.037869109,3.090051198
4880,0,1.914569793,2.053934915
4881,0,0.999783964,0.982694678
4882,0,1.749945991,1.991347339
4883,0,0.999450339,0.972397547
4884,0,0.805919231,0.285714286
4885,0,1.067856485,1.019196149
4886,0,1.887280542,1.146678155
4887,0,1.956709234,1.335635883
4888,0,1.896847795,1.185952417
4889,0,1.253902487,1.034697118
4890,0,2.168597887,2.193101706
4891,0,1.476581050,1.073606850
4892,0,1.959330021,1.189462559
4893,0,2.241027165,1.690496953
4894,0,2.565797694,2.102527012
4895,0,2.351827270,1.740142244
4896,0,1.874702823,1.677853213
4897,0,1.537031230,2.366273365
4898,0,1.997294345,1.667435122
4899,0,1.537755440,1.053300674
4900,0,1.808423883,1.501141395
4901,0,1.743317472,1.249813261
4902,0,-0.000000000,0.000000000
4903,0,1.000000000,1.000000000
4904,0,1.750000000,2.000000000
4905,0,1.691314180,1.258333333
4906,0,1.839813907,1.979389032
4907,0,1.756801655,2.958017421
4908,0,1.923561734,3.637682980
4909,0,2.346649153,2.363008155
4910,0,2.855521338,2.158983702
4911,0,2.847740456,2.704191786
4912,0,2.770028346,1.752986902
4913,0,2.984867517,2.465745534
4914,0,2.997272862,2.825933081
4915,0,2.793808468,1.872698452
4916,0,3.070910323,2.213290999
4917,0,3.189116279,2.225177199
4918,0,3.056952655,2.479924383
4919,0,2.569713792,2.865860438
4920,0,2.420925143,3.040653478
4921,0,3.097121186,3.926913294
4922,0,3.149649176,4.834021778
4923,0,2.547586440,6.086301184
4924,0,1.698631270,7.098265223
4925,0,1.470181866,1.499993311
4926,0,1.666948214,1.196152150
4927,0,1.905003905,1.267407639
4928,0,2.334040377,1.417448655
4929,0,1.813263863,1.448725137
4930,0,0.962897119,0.774183606
4931,0,1.740724280,1.000000000
4932,0,0.999082760,1.035655220
4933,0,1.876993962,2.030561617
4934,0,2.456940028,1.708763948
4935,0,2.139666894,2.637615559
4936,0,2.414382144,1.870295787
4937,0,2.919901592,1.931911266
4938,0,2.491546646,2.491469360
4939,0,2.509074151,3.040106541
4940,0,3.025003953,3.332711803
4941,0,2.877082405,2.739176657
4942,0,2.991940190,2.494697416
4943,0,1.570530576,1.464208250
4944,0,2.436874096,1.909878599
4945,0,2.251004210,2.004049255
4946,0,2.943441415,2.309219807
4947,0,1.582253763,2.065757461
4948,0,2.454736053,1.838228979
4949,0,2.240369544,2.544949025
4950,0,2.356295436,2.034803675
4951,0,2.169573779,2.732955698
4952,0,2.351226115,1.961888235
4953,0,2.887946612,2.067226608
4954,0,2.506517275,1.902814230
4955,0,2.615577338,1.583074616
4956,0,1.822339591,1.197152872
4957,0,0.925523404,0.344193760
4958,0,2.191322121,1.413709047
4959,0,2.071259040,1.882271228
4960,0,2.333626926,1.535826505
4961,0,2.455841710,1.407564724
4962,0,2.508704883,1.750733966
4963,0,2.361198151,1.949463328
4964,0,2.935230382,2.180033126
4965,0,2.346568963,1.574037371
4966,0,2.496821131,1.686588404
4967,0,2.597371082,2.217651422
4968,0,0.999569237,0.975564256
4969,0,0.805927724,0.285714286
4970,0,0.999999379,0.999072060
4971,0,1.499999689,1.999072060
4972,0,2.414332173,2.999021901
4973,0,1.803826581,1.999643930
4974,0,1.308674585,1.061007107
4975,0,1.745594710,2.031898184
4976,0,2.372503328,2.997594291
4977,0,2.899886650,3.995134714
4978,0,2.476944768,2.984231575
4979,0,2.172349362,2.054335002
4980,0,2.503481608,2.949064109
4981,0,2.169642721,2.043006976
4982,0,2.272799640,1.787262845
4983,0,2.513267591,2.523526702
4984,0,2.387814077,1.919380934
4985,0,2.175880639,2.032215469
4986,0,2.511134944,2.904803586
4987,0,2.877296701,2.455874426
4988,0,2.460800796,1.821323281
4989,0,2.178548809,1.982940961
4990,0,1.672653944,1.130784748
4991,0,0.893178297,0.327951992
4992,0,1.105928408,1.018590657
4993,0,1.584257788,2.011780438
4994,0,2.353974849,3.003285473
4995,0,2.180773573,4.007210926
4996,0,2.884194619,3.226407582
4997,0,2.325939281,2.232306684
4998,0,2.490805227,3.053363498
4999,0,2.931150892,4.073199973
5000,0,2.527777694,3.110969113
5001,0,2.756450388,2.439902558
5002,0,1.902433120,1.311245664
5003,0,1.852411793,1.127142403
5004,0,1.329305429,1.074868988
5005,0,1.776482428,1.492529517
5006,0,1.298088181,1.058951061
5007,0,1.920643570,2.006199947
5008,0,2.266815571,3.001780730
5009,0,2.083404584,2.034997682
5010,0,2.341981638,1.537626044
5011,0,2.102332132,2.041489108
5012,0,2.352636375,1.548077752
5013,0,-0.000000000,0.000000000
5014,0,1.000000000,1.000000000
5015,0,1.500000000,2.000000000
5016,0,1.000000000,1.000000000
5017,0,1.750000000,1.000000000
5018,0,1.288492994,1.054621849
5019,0,1.725868583,1.055107527
5020,0,2.369522101,1.562583358
5021,0,2.898579778,2.577135366
5022,0,0.999999659,0.999312527
5023,0,1.749999915,1.000000000
5024,0,1.921887100,1.270704432
5025,0,1.856128711,1.139622642
5026,0,1.331628617,1.065835090
5027,0,1.776730761,2.000025358
5028,0,1.298181423,1.057094730
5029,0,1.920658490,1.738303059
5030,0,1.000000000,1.000003302
5031,0,1.877387064,1.142857143
5032,0,2.457265914,1.692306168
5033,0,2.691142010,1.927536232
5034,0,2.117342515,2.310176232
5035,0,3.232308520,3.042104634
5036,0,2.646986719,3.428670076
5037,0,2.992016644,4.117709679
5038,0,3.294953638,3.727708662
5039,0,3.579062917,4.195858626
5040,0,3.279098462,3.171751212
5041,0,3.168642112,4.489997578
5042,0,2.894767771,5.507196102
5043,0,2.744194836,4.097337139
5044,0,3.322825380,5.110167704
5045,0,-0.000000000,0.000000000
5046,0,1.811278124,1.250000000
5047,0,1.508874525,1.432432432
5048,0,1.923873960,1.204545455
5049,0,2.812611629,2.293939394
5050,0,2.523612477,3.114005382
5051,0,2.648331565,4.083752334
5052,0,3.085165100,5.007536129
5053,0,1.128478639,3.240651621
5054,0,1.529671146,3.556449325
5055,0,1.500181103,1.889844689
5056,0,1.929015092,1.298951461
5057,0,2.402040778,2.249465021
5058,0,2.553337883,2.005984086
5059,0,2.912630332,2.921749619
5060,0,2.913326115,2.295930822
5061,0,2.843121630,1.985221327
5062,0,2.998993586,1.910912120
5063,0,2.864874579,2.431377811
5064,0,3.091708606,1.776891081
5065,0,3.028773693,2.510945306
5066,0,2.772844227,2.625491226
5067,0,2.653819683,2.254730481
5068,0,2.925029246,2.602727325
5069,0,2.887391601,2.327343487
5070,0,2.615190583,2.551081841
5071,0,2.171924238,2.949033233
5072,0,2.693668205,3.267701949
5073,0,2.825329248,2.967212813
5074,0,3.170004600,2.954293932
5075,0,2.214515264,3.223630562
5076,0,2.448781157,2.570773363
5077,0,2.358639504,2.107133951
5078,0,2.447775448,1.636131798
5079,0,2.633992387,2.427675629
5080,0,2.946870893,3.206154809
5081,0,2.424223415,2.190633717
5082,0,1.779572781,1.224664594
5083,0,2.107947686,1.220491439
5084,0,0.999999999,0.999965396
5085,0,-0.000000000,0.000000000
5086,0,1.000000000,1.000000000
5087,0,0.805958493,0.285714286
5088,0,1.378009505,1.077380952
5089,0,2.397512965,2.189522342
5090,0,1.000000000,1.000000000
5091,0,0.805958493,0.285714286
5092,0,1.092885007,1.013569937
5093,0,1.573581555,1.014118457
5094,0,1.934147948,1.610864534
5095,0,1.578761303,1.245031004
5096,0,1.939363952,1.712607301
5097,0,2.801436260,1.963383455
5098,0,2.556847772,1.887028472
5099,0,2.911565644,1.993798463
5100,0,2.186310969,2.561233808
5101,0,2.686485584,2.822363688
5102,0,2.478306691,2.249114675
5103,0,2.204850864,2.125070590
5104,0,2.529800902,1.895399112
5105,0,2.186288442,2.083223152
5106,0,2.300060060,1.852249586
5107,0,2.536402681,2.096901884
5108,0,3.030439334,2.874216264
5109,0,2.841297816,2.710594946
5110,0,2.592244057,3.045085187
5111,0,2.903838796,2.895200898
5112,0,2.497523885,2.567676134
5113,0,1.702823321,2.055251743
5114,0,2.463645896,1.840643375
5115,0,2.168327373,1.391369631
5116,0,1.664445010,1.155199953
5117,0,1.816710707,1.079882671
5118,0,2.514698702,1.841549011
5119,0,2.140652380,1.289877430
5120,0,2.394732764,1.871599688
5121,0,2.116366804,1.262767227
5122,0,0.999987406,1.004178467
5123,0,1.749996851,1.500000000
5124,0,1.921885764,1.916144358
5125,0,2.021556024,1.191754554
5126,0,2.307596287,1.507204504
5127,0,1.931689180,2.001210924
5128,0,2.092186508,1.905828206
5129,0,2.054980043,2.027289126
5130,0,0.999999945,1.000275374
5131,0,1.877387041,2.000236035
5132,0,1.493369972,1.110260505
5133,0,1.950956792,1.163151612
5134,0,2.277415375,1.481501796
5135,0,2.086009305,2.033837375
5136,0,2.343404660,1.860819445
5137,0,2.204026516,1.849114860
5138,0,1.975545259,1.873773798
5139,0,2.825215219,2.662568335
5140,0,2.563251556,3.094987881
5141,0,2.171736046,2.134455348
5142,0,2.502001985,3.088355670
5143,0,2.754857936,2.617342031
5144,0,2.526933848,1.896174039
5145,0,1.856130437,2.070469818
5146,0,2.359471091,1.582459628
5147,0,2.483292504,2.265181176
5148,0,2.494697238,1.879951850
5149,0,2.141851533,2.093568637
5150,0,1.602061779,3.021681471
5151,0,2.217253031,2.497033471
5152,0,2.911269401,2.269849566
5153,0,2.961936799,2.698593899
5154,0,2.556434368,3.153211265
5155,0,2.897467565,4.130674849
5156,0,2.486238663,3.220590726
5157,0,2.869428525,2.745112188
5158,0,2.224699665,3.510285747
5159,0,2.677962286,4.252081335
5160,0,2.466798530,3.253557428
5161,0,2.897980784,4.129944670
5162,0,2.826753539,3.370881121
5163,0,2.932007058,2.857223909
5164,0,3.046232631,3.629671407
5165,0,2.832788479,4.267927339
5166,0,2.490934750,3.288125905
5167,0,2.203984031,2.271493077
5168,0,2.419213466,2.072409400
5169,0,2.179666086,2.225611239
5170,0,2.475662736,1.729237182
5171,0,1.970340191,1.368105334
5172,0,0.999795539,1.016835383
5173,0,1.877299438,1.714285714
5174,0,2.254986810,1.458874341
5175,0,1.920469627,1.255172414
5176,0,0.999997396,0.998100082
5177,0,0.805958307,1.999728583
5178,0,1.378009435,1.077279171
5179,0,-0.000000000,0.000000000
5180,0,1.000000000,1.000000000
5181,0,0.805958493,0.285714286
5182,0,1.000000000,1.000000000
5183,0,1.750000000,1.500000000
5184,0,1.000000000,1.000000000
5185,0,-0.000000000,0.000000000
5186,0,1.000000000,1.000000000
5187,0,0.805958493,0.285714286
5188,0,1.092885007,1.013569937
5189,0,1.570279261,1.011726160
5190,0,1.476915228,1.196043150
5191,0,1.584495832,1.430312851
5192,0,2.030522994,1.860076434
5193,0,2.446532979,2.049512063
5194,0,1.469439033,1.440306627
5195,0,2.489749094,2.434267373
5196,0,2.800129887,3.553940998
5197,0,3.057851037,4.834250481
5198,0,2.715568773,3.336700482
5199,0,2.033045807,3.451973254
5200,0,2.709876260,4.564671307
5201,0,2.026834268,3.366917793
5202,0,2.438635671,4.282098018
5203,0,2.706575584,3.982356827
5204,0,2.618639169,2.855780979
5205,0,2.570115938,3.437773194
5206,0,2.918107940,4.490101374
5207,0,3.144726505,3.678422388
5208,0,3.405848291,4.729351007
5209,0,3.279563104,3.955846013
5210,0,3.452049470,3.382977181
5211,0,3.594869334,4.186563262
5212,0,3.443732747,3.461654914
5213,0,2.953647767,2.797061955
5214,0,3.418840433,3.729207884
5215,0,3.382733394,5.089268675
5216,0,3.109163504,6.569968975
5217,0,3.390449039,5.605851352
5218,0,2.836064943,3.122181338
5219,0,3.107249687,2.545175884
5220,0,2.889801240,2.740037282
5221,0,3.202150045,3.472518193
5222,0,2.672182705,2.065644728
5223,0,2.035454932,2.262361095
5224,0,2.154864514,1.992283680
5225,0,3.024093479,2.712419159
5226,0,2.639087356,2.000943376
5227,0,2.323247426,2.286658840
5228,0,2.430057328,1.961364024
5229,0,2.935127229,2.548851320
5230,0,2.629913958,3.128543741
5231,0,2.756949300,2.780899616
5232,0,3.057146254,3.765818273
5233,0,2.501113091,3.675770895
5234,0,2.433595733,2.859336492
5235,0,2.476599125,1.832610617
5236,0,2.058362265,2.224916570
5237,0,2.422247770,1.443452245
5238,0,1.801716174,1.170711331
5239,0,1.488601785,1.121733827
5240,0,1.540879065,1.555064221
5241,0,2.227884850,2.102939925
5242,0,2.488885858,1.624959200
5243,0,2.518721124,2.021747017
5244,0,2.791336084,2.217204096
5245,0,1.750095186,2.638925016
5246,0,2.126572913,1.867493285
5247,0,2.277032446,2.221351007
5248,0,1.577219598,0.953300486
5249,0,1.783985260,2.069169331
5250,0,1.533547753,1.112033195
5251,0,2.265325092,1.277407206
5252,0,2.230390885,1.326898067
5253,0,2.503834488,2.144158111
5254,0,2.248509100,1.725981383
5255,0,2.609641431,1.688087261
5256,0,2.599616388,1.721395075
5257,0,2.829296554,1.795512851
5258,0,2.570925074,1.975575156
5259,0,2.805657511,1.696565507
5260,0,2.465493448,2.193112219
5261,0,2.551899818,2.621829501
5262,0,2.415989286,2.209381278
5263,0,2.281576691,2.457065511
5264,0,2.649091831,3.138315766
5265,0,2.263842434,2.905094474
5266,0,2.527145628,2.308632522
5267,0,2.364351601,1.777687577
5268,0,2.745146907,1.775005000
5269,0,2.547941248,2.090006531
5270,0,2.840518574,2.197208353
5271,0,2.816771464,1.876798429
5272,0,2.682938520,1.935599854
5273,0,2.621767764,1.810839293
5274,0,2.416463083,1.875884371
5275,0,1.893884480,1.135124442
5276,0,2.384537251,1.896298230
5277,0,2.600129256,2.136965633
5278,0,2.607722987,1.538615979
5279,0,2.523703394,1.690011993
5280,0,2.731489902,1.572146635
5281,0,3.001968649,2.325449187
5282,0,2.708122776,2.222711968
5283,0,2.696353029,2.417905134
5284,0,2.704236295,2.349449924
5285,0,1.632829277,0.873910144
5286,0,1.006769312,0.469740623
5287,0,1.109901360,1.001067366
5288,0,1.900589999,1.971832825
5289,0,1.964116889,1.855705148
5290,0,2.639425826,1.955187148
5291,0,2.416181010,1.374247538
5292,0,2.466546262,1.269105609
5293,0,2.418626857,1.983942443
5294,0,2.455986515,3.271325566
5295,0,2.535315786,2.524631965
5296,0,2.655746340,1.806069695
5297,0,2.443014205,1.524181802
5298,0,2.636254446,2.512153340
5299,0,2.568265816,3.753921077
5300,0,1.875923323,3.074150299
5301,0,2.257977720,2.870815961
5302,0,3.067883992,3.597760045
5303,0,1.672527519,1.373512059
5304,0,1.522338667,1.494552311
5305,0,1.872008751,1.717997169
5306,0,2.390759588,1.731614411
5307,0,2.197835951,1.477925412
5308,0,2.526111657,1.483400022
5309,0,1.976560993,2.482251858
5310,0,2.221480469,2.202205870
5311,0,2.423124475,2.166588199
5312,0,2.998732365,1.981359629
5313,0,2.781422645,1.859814726
5314,0,2.567755043,2.097149803
5315,0,2.317350458,1.721802665
5316,0,2.064508767,1.250517857
5317,0,1.453677482,0.962482861
5318,0,1.550101873,1.206445527
5319,0,1.473802891,1.653075166
5320,0,2.402660758,1.526346755
5321,0,1.815237479,0.919455592
5322,0,1.945190694,1.730425154
5323,0,2.497522977,2.365191363
5324,0,1.739702752,2.521837256
5325,0,2.710671207,3.350624716
5326,0,2.944153858,4.210450653
5327,0,2.851167181,3.229871494
5328,0,2.532335108,2.856011954
5329,0,2.953497975,3.039809846
5330,0,3.086837935,3.849316070
5331,0,3.369633648,4.888234077
5332,0,3.391817856,5.650863451
5333,0,3.558266934,4.470939410
5334,0,3.431572596,3.906818118
5335,0,3.732626641,3.579933450
5336,0,2.993829608,2.717097159
5337,0,3.244755679,3.254025958
5338,0,3.310695137,4.040743881
5339,0,3.249507494,4.747603396
5340,0,3.007151189,4.146401028
5341,0,2.938938180,4.452614333
5342,0,3.376819465,5.492135572
5343,0,2.447421764,3.418903171
5344,0,2.520454054,3.300537072
5345,0,1.969064889,1.407279601
5346,0,2.296720535,2.201129571
5347,0,2.703215479,1.969125722
5348,0,2.247276287,1.532147136
5349,0,2.698473151,2.196221278
5350,0,2.411995034,2.415469974
5351,0,1.832323865,1.513603009
5352,0,1.942516431,2.092178539
5353,0,2.885417511,1.848016424
5354,0,2.821526850,2.303101513
5355,0,2.930364179,3.102762736
5356,0,2.527439971,2.248639387
5357,0,2.499063708,2.618230190
5358,0,2.677368705,3.435235792
5359,0,2.553578691,4.018377677
5360,0,1.832180285,2.807276218
5361,0,1.997443550,2.910271824
5362,0,1.379266164,1.716576978
5363,0,0.805914886,1.506712800
5364,0,-0.000000000,0.000000000
5365,0,1.000000000,1.000000000
5366,0,1.500000000,2.000000000
5367,0,0.997380663,0.939759036
5368,0,1.749345166,1.000000000
5369,0,0.999117934,1.034965035
5370,0,0.805895488,0.285714286
5371,0,1.279984414,1.053663004
5372,0,1.722468600,2.046578831
5373,0,0.997499515,0.941140798
5374,0,0.805779887,1.991591543
5375,0,1.067595193,1.001742496
5376,0,1.754669575,1.004809778
5377,0,1.694020197,1.195724187
5378,0,-0.000000000,0.000000000
5379,0,1.000000000,1.000000000
5380,0,1.500000000,2.000000000
5381,0,0.997380663,0.939759036
5382,0,0.805771397,1.857142857
5383,0,0.999943514,1.008849027
5384,0,-0.000000000,0.000000000
5385,0,1.000000000,1.000000000
5386,0,1.877387064,2.000000000
5387,0,1.463877590,2.675675676
5388,0,2.600466767,2.303415409
5389,0,3.011500571,3.163515500
5390,0,2.668290069,3.637547316
5391,0,3.000123597,2.845534565
5392,0,3.068833153,3.680211071
5393,0,1.509732319,1.952471601
5394,0,1.880784656,2.783576339
5395,0,2.397241547,3.911659662
5396,0,2.496847792,2.908354120
5397,0,2.840860983,2.680384620
5398,0,2.783977779,2.966416653
5399,0,3.232580735,2.664607818
5400,0,2.511054828,2.852473592
5401,0,2.542549096,2.578762025
5402,0,2.460169662,3.740131613
5403,0,3.050758294,3.089174123
5404,0,3.511280778,3.863718510
5405,0,3.781332150,3.656435566
5406,0,3.706428704,3.475931903
5407,0,3.456267499,3.644834136
5408,0,3.309382088,3.279926571
5409,0,2.997313369,2.650821912
5410,0,3.075298853,3.045016639
5411,0,2.692929524,2.649866510
5412,0,2.754403616,2.411974508
5413,0,2.559057289,2.809477704
5414,0,2.742535513,2.513298021
5415,0,2.514801933,2.169916151
5416,0,2.872976401,2.578115369
5417,0,2.555831234,1.880236674
5418,0,2.883867536,2.552086922
5419,0,2.198903434,1.605392177
5420,0,2.407051530,2.610722667
5421,0,2.542860647,2.061770095
5422,0,2.669740036,1.652231692
5423,0,1.171523469,0.813472047
5424,0,1.555877258,0.758810868
5425,0,1.929480515,1.249000339
5426,0,1.293805936,1.390119005
5427,0,1.619446201,0.814859432
5428,0,1.409857810,0.615089154
5429,0,1.842866584,1.402823592
5430,0,0.957224136,0.757695439
5431,0,1.478612068,1.000000000
5432,0,1.573753595,1.972913057
5433,0,1.858384152,1.460934014
5434,0,2.714782031,2.266645827
5435,0,2.874466737,2.584096906
5436,0,3.019630907,2.546262740
5437,0,3.230592953,2.906576045
5438,0,2.866501405,2.936155085
5439,0,2.767247966,3.119213927
5440,0,3.227832121,2.875500465
5441,0,3.289666303,3.530605744
5442,0,3.491626516,3.036488855
5443,0,2.434430007,3.554015633
5444,0,2.948928827,4.322081475
5445,0,2.371006413,4.685527008
5446,0,3.292021082,5.766105388
5447,0,3.441343913,3.245602282
5448,0,3.071309983,3.223994185
5449,0,2.626089707,3.887969800
5450,0,2.211569425,4.949988608
5451,0,1.708993728,4.236575015
5452,0,2.484499390,3.267017017
5453,0,1.645741245,1.590699875
5454,0,1.948488049,1.224726231
5455,0,2.167531592,2.194045412
5456,0,2.039201737,1.426431583
5457,0,1.464536348,0.955749492
5458,0,1.876841129,1.803292254
5459,0,2.222479671,2.416546086
5460,0,1.917782574,1.600472222
5461,0,2.031246400,2.675622534
5462,0,1.899440296,1.830423469
5463,0,1.481009791,2.338143687
5464,0,2.577325911,2.070829260
5465,0,2.831509683,2.762694772
5466,0,2.773023844,3.077089461
5467,0,2.853065385,4.070203667
5468,0,1.967986142,2.957561621
5469,0,2.946631829,2.665153647
5470,0,3.282264771,3.610311482
5471,0,3.077449301,4.306731809
5472,0,3.342467092,4.093155087
5473,0,3.626570537,4.707153230
5474,0,3.563896265,4.207563708
5475,0,3.844476039,3.811847579
5476,0,3.589329481,4.270009872
5477,0,1.559721160,2.243851276
5478,0,2.617538355,2.033848005
5479,0,2.280506709,2.424964355
5480,0,1.327645834,1.874145941
5481,0,1.148156349,1.989056127
5482,0,1.761564981,1.981829067
5483,0,1.701129969,1.915955259
5484,0,1.999189248,1.972425510
5485,0,2.007112874,1.469480283
5486,0,1.037054201,0.401960204
5487,0,2.029547027,1.463355985
5488,0,-0.000000000,0.000000000
5489,0,1.000000000,1.000000000
5490,0,0.805958493,0.285714286
5491,0,1.280958051,1.055952381
5492,0,0.836365490,0.299879437
5493,0,1.071695314,1.005303712
5494,0,1.887908954,1.146938192
5495,0,2.220213340,1.653778404
5496,0,2.111701843,1.876894495
5497,0,1.981471220,1.703066589
5498,0,2.655764331,2.338319566
5499,0,2.892021614,2.444069536
5500,0,2.990557438,2.646979910
5501,0,3.213405495,3.078595171
5502,0,2.676227598,3.540060310
5503,0,3.024986852,3.056513530
5504,0,3.336301828,3.485941826
5505,0,3.429034694,3.131828386
5506,0,3.384975145,3.430894221
5507,0,2.953515430,2.915002707
5508,0,2.677264457,3.046729128
5509,0,3.101546307,2.716974125
5510,0,2.690991332,2.580350595
5511,0,3.039735063,2.401556336
5512,0,2.746230556,2.410210249
5513,0,2.323302862,2.460833893
5514,0,2.632530112,2.071716364
5515,0,2.283070230,2.695625623
5516,0,1.866633333,1.263495989
5517,0,0.990730145,0.886760429
5518,0,1.873414269,1.142857143
5519,0,1.343874350,1.073669709
5520,0,0.845729768,1.852458549
5521,0,1.298404576,1.061964025
5522,0,1.737779728,2.057073674
5523,0,2.064058870,1.427619277
5524,0,1.073883756,0.422501907
5525,0,1.400845047,1.098092122
5526,0,1.820043131,1.127374979
5527,0,2.247603675,1.647002947
5528,0,1.684644386,1.888552993
5529,0,1.535139012,1.598734086
5530,0,1.522253484,1.607665305
5531,0,1.490300673,1.062134255
5532,0,-0.000000000,0.000000000
5533,0,1.000000000,1.000000000
5534,0,1.750000000,2.000000000
5535,0,1.691314180,1.258333333
5536,0,0.919645759,1.993641422
5537,0,1.081899812,1.020760464
5538,0,-0.000000000,0.000000000
5539,0,1.000000000,1.000000000
5540,0,-0.000000000,0.000000000
5541,0,1.000000000,1.000000000
5542,0,1.877387064,1.142857143
5543,0,1.337944419,1.033587786
5544,0,1.790547946,2.038294798
5545,0,2.303101842,2.082467190
5546,0,2.128708165,2.287102307
5547,0,2.035753394,3.539599973
5548,0,1.523151955,2.374649634
5549,0,1.491808254,1.217672589
5550,0,1.803509797,2.060945437
5551,0,1.223844744,1.041397592
5552,0,1.912791550,2.013348785
5553,0,2.226233505,3.217727913
5554,0,1.572334192,2.083865436
5555,0,2.259239351,1.756257084
5556,0,1.974711824,1.371381301
5557,0,1.309325128,1.069172338
5558,0,-0.000000000,0.000000000
5559,0,1.000000000,1.000000000
5560,0,1.877387064,2.000000000
5561,0,1.954490080,1.335714286
5562,0,1.015399508,0.390275667
5563,0,1.094220094,1.010317076
5564,0,0.813520149,1.856368473
5565,0,1.860702446,1.889213548
5566,0,2.158601562,2.483605359
5567,0,2.475350764,3.238546233
5568,0,2.548221056,2.523232473
5569,0,3.022142755,2.301395343
5570,0,1.474312744,1.531938151
5571,0,1.488261943,0.986954128
5572,0,1.954577776,1.822561498
5573,0,0.999637233,0.977575454
5574,0,0.805932581,0.285714286
5575,0,1.281558243,1.057420655
5576,0,2.215077210,1.304560649
5577,0,2.322211997,1.650679122
5578,0,2.610702884,2.407321991
5579,0,2.269090981,2.601007133
5580,0,2.478214464,3.544565683
5581,0,2.232280441,2.587498463
5582,0,2.098857082,1.745789045
5583,0,1.438962331,1.059859300
5584,0,0.860445804,0.311527640
5585,0,1.307463314,1.075886310
5586,0,1.779685083,1.031702116
5587,0,0.999641020,1.022307192
5588,0,0.805932851,0.285714286
5589,0,1.067899909,1.003474234
5590,0,0.811102750,0.288086473
5591,0,1.068637290,1.004357659
5592,0,0.811162800,0.288114567
5593,0,0.999969857,1.006464227
5594,0,-0.000000000,0.000000000
5595,0,1.000000000,1.000000000
5596,0,-0.000000000,0.000000000
5597,0,1.000000000,1.000000000
5598,0,1.750000000,1.000000000
5599,0,0.999562340,0.975369458
5600,0,1.749890585,1.987684729
5601,0,1.204293076,1.013009534
5602,0,1.804095082,1.996607875
5603,0,1.739672173,1.211140642
5604,0,0.031631368,0.019563839
5605,0,1.015839587,1.008164911
5606,0,0.808925383,0.287516421
5607,0,1.003378862,1.008180101
5608,0,1.750779198,1.000346260
5609,0,1.298566051,1.213492790
5610,0,1.852098373,1.122394102
5611,0,1.538383480,1.434523802
5612,0,1.009921209,0.396234001
5613,0,1.400423209,1.078029081
5614,0,1.916103065,1.107893285
5615,0,1.258564018,1.032078814
5616,0,0.024040373,0.018920284
5617,0,1.012033406,1.008287424
5618,0,1.756760401,1.503850012
5619,0,1.481071725,1.496903051
5620,0,1.550992495,1.444839858
5621,0,1.479690258,1.183578466
5622,0,1.885907937,2.176515072
5623,0,1.440665803,1.092841671
5624,0,1.851858808,1.140339953
5625,0,0.997608930,1.057557759
5626,0,1.876362320,1.714285714
5627,0,1.949763352,1.313102309
5628,0,2.224816238,1.391422225
5629,0,0.997579813,1.057906952
5630,0,1.876349841,2.049634530
5631,0,0.996659007,1.068029577
5632,0,0.805719851,0.285714286
5633,0,0.999939104,1.009187933
5634,0,1.877360966,1.142857143
5635,0,1.337351841,1.030350846
5636,0,-0.000000000,0.000000000
5637,0,1.000000000,1.000000000
5638,0,1.877387064,2.000000000
5639,0,1.337944419,1.033587786
5640,0,1.769396709,1.099470135
5641,0,0.996224141,0.927682068
5642,0,1.749056035,1.500000000
5643,0,1.686726000,1.273399569
5644,0,-0.000000000,0.000000000
5645,0,1.000000000,1.000000000
5646,0,1.750000000,2.000000000
5647,0,1.463877590,2.675675676
5648,0,2.013451439,1.807463494
5649,0,2.259191079,2.527399345
5650,0,2.655184974,3.393093474
5651,0,3.017318144,4.413411449
5652,0,3.211480256,3.860597702
5653,0,3.340444819,4.892179082
5654,0,3.375731703,4.171276452
5655,0,3.637201371,3.710246459
5656,0,3.479503372,4.252780848
5657,0,3.220967974,4.908993702
5658,0,2.708686437,5.733119102
5659,0,3.112293492,4.808022123
5660,0,3.283492921,4.243490444
5661,0,3.164379617,5.209580411
5662,0,3.446346009,4.880915141
5663,0,3.417632898,4.306409108
5664,0,3.828406611,5.016901026
5665,0,3.831626550,4.572561262
5666,0,3.317510572,4.644883760
5667,0,3.876646644,4.868723516
5668,0,3.638521247,4.569556623
5669,0,3.575744695,4.784248158
5670,0,2.565721309,4.255169381
5671,0,2.465750665,4.644003180
5672,0,2.811930711,4.360390402
5673,0,3.022330069,4.947428027
5674,0,2.816150039,4.092628948
5675,0,3.312251326,4.728938662
5676,0,2.782857611,5.288635750
5677,0,2.374408266,4.750895947
5678,0,1.430310214,1.579448945
5679,0,1.520894559,2.861087436
5680,0,1.921862031,2.446705195
5681,0,2.260247071,2.593267330
5682,0,2.666938552,2.181835628
5683,0,2.277285333,2.221993835
5684,0,2.626686423,3.054393493
5685,0,2.538456246,2.677098877
5686,0,2.528428310,3.530932320
5687,0,3.466317867,4.425514057
5688,0,3.455087222,3.675214346
5689,0,3.760610687,4.730519984
5690,0,3.818938133,5.437634399
5691,0,3.778894421,6.230370318
5692,0,3.441052730,5.282665123
5693,0,3.272238324,4.403859839
5694,0,3.022610538,3.556611970
5695,0,3.137593181,4.243540959
5696,0,2.724721518,3.226024005
5697,0,2.948316057,2.824559197
5698,0,3.025019618,3.333801816
5699,0,3.041114742,2.794619060
5700,0,3.361813397,3.926497155
5701,0,2.874554324,2.471004754
5702,0,2.155463919,1.437533713
5703,0,2.186347454,1.518870867
5704,0,2.613871967,1.905785070
5705,0,2.109013252,1.727500620
5706,0,1.897651668,1.160096403
5707,0,1.973592927,1.722441769
5708,0,2.513903205,1.888328346
5709,0,2.458769354,2.267031449
5710,0,2.661846897,2.544641988
5711,0,2.891392004,3.451084110
5712,0,3.094394428,4.461876517
5713,0,2.737357424,5.457316420
5714,0,3.613414589,4.781916415
5715,0,3.687907559,4.239421540
5716,0,1.945831058,2.744608319
5717,0,2.441517912,2.545295186
5718,0,1.941574959,1.970816068
5719,0,2.864382339,2.277190870
5720,0,3.316449040,2.974592932
5721,0,3.060806266,2.514371008
5722,0,2.615528939,2.504921073
5723,0,3.019559647,2.411796761
5724,0,3.294620173,2.899733433
5725,0,2.988404701,3.019560155
5726,0,3.249180457,2.784247094
5727,0,3.129652135,3.043192237
5728,0,3.330243780,2.966426851
5729,0,3.111420439,3.034536362
5730,0,3.656574184,3.231432655
5731,0,3.920528860,3.925212002
5732,0,4.001338050,4.334147087
5733,0,3.893596250,3.901666023
5734,0,3.460498139,3.855007766
5735,0,3.774826081,3.574270654
5736,0,2.894200461,2.833167768
5737,0,3.145492520,2.848861187
5738,0,2.699469054,2.684479340
5739,0,3.106040626,3.040761759
5740,0,3.285002683,3.494120305
5741,0,3.403742779,4.102260220
5742,0,2.932559469,3.620796872
5743,0,3.295136306,3.781758123
5744,0,3.317708849,4.157798042
5745,0,3.316000739,2.888453864
5746,0,2.986977832,3.200098680
5747,0,3.523697318,3.309246946
5748,0,1.992573982,2.673457049
5749,0,2.492375603,2.661381238
5750,0,2.511620197,2.607280252
5751,0,2.918352802,2.735677809
5752,0,3.300607258,3.024784698
5753,0,3.521171510,2.802475798
5754,0,3.610934852,3.080343759
5755,0,3.237117891,4.158678974
5756,0,2.641804269,3.768151321
5757,0,3.539588531,4.741425233
5758,0,3.352668528,6.174067299
5759,0,2.602509241,6.257535947
5760,0,3.253491206,7.269245001
5761,0,3.299236631,6.535784912
5762,0,3.030830194,7.078746121
5763,0,2.344461828,8.612319011
5764,0,2.577415398,7.541296596
5765,0,1.389511549,8.077026623
5766,0,1.034536806,7.767007883
5767,0,2.591898281,5.243649810
5768,0,2.947592880,5.090996563
5769,0,2.255748894,2.327523720
5770,0,1.986865728,1.761140144
5771,0,1.864679115,1.668300521
5772,0,2.262110885,1.629559007
5773,0,1.963852776,1.200567295
5774,0,2.564234568,1.838466950
5775,0,2.346346235,1.818723622
5776,0,2.078370361,1.259521578
5777,0,2.383420282,2.015560413
5778,0,2.674251631,2.107453130
5779,0,3.143889870,2.401892804
5780,0,3.284427276,2.291629407
5781,0,3.316055045,2.643038217
5782,0,2.993289355,3.072393412
5783,0,3.285200476,2.437597263
5784,0,2.998121278,3.437782050
5785,0,2.670115189,2.338758054
5786,0,2.877600543,2.896029004
5787,0,2.691959155,2.648439366
5788,0,3.425132523,2.866606113
5789,0,-0.000000000,0.000000000
5790,0,1.000000000,1.000000000
5791,0,-0.000000000,0.000000000
5792,0,1.000000000,1.000000000
5793,0,-0.000000000,0.000000000
5794,0,1.000000000,1.000000000
5795,0,-0.000000000,0.000000000
5796,0,1.000000000,1.000000000
5797,0,1.500000000,1.000000000
5798,0,1.881290899,1.600000000
5799,0,2.768857206,2.341666667
5800,0,1.966411021,1.300553360
5801,0,1.044631725,2.017001958
5802,0,1.533801273,1.136004013
5803,0,1.955814695,2.075563970
5804,0,1.637833805,1.159479595
5805,0,0.888802465,0.326268422
5806,0,1.422503202,1.090478278
5807,0,0.855675624,0.310302192
5808,0,1.004804822,1.002429124
5809,0,0.807235868,2.000420501
5810,0,1.378624137,1.077672201
5811,0,0.845363157,0.304619970
5812,0,1.398356553,1.083060092
5813,0,-0.000000000,0.000000000
5814,0,1.000000000,1.000000000
5815,0,1.500000000,1.000000000
5816,0,2.347073298,1.541666667
5817,0,2.459905673,2.200980392
5818,0,1.767421524,1.955738469
5819,0,1.831418301,2.002112805
5820,0,1.895995340,1.627212170
5821,0,2.803083842,2.163660220
5822,0,2.461671941,1.657386081
5823,0,-0.000000000,0.000000000
5824,0,1.000000000,1.000000000
5825,0,1.877387064,2.000000000
5826,0,1.493369980,1.110169492
5827,0,1.950956795,1.760445682
5828,0,1.510646136,1.115807874
5829,0,1.892620579,1.112662841
5830,0,2.482445475,1.707826149
5831,0,2.779832228,1.688932394
5832,0,2.814047112,1.938391038
5833,0,2.844014408,2.529630598
5834,0,2.826579710,2.972250006
5835,0,3.044726213,3.716377911
5836,0,1.715812483,4.051757773
5837,0,2.161209060,5.287712031
5838,0,1.758633045,6.076540120
5839,0,1.802195675,1.371844214
5840,0,1.567385361,1.535359248
5841,0,1.465616572,0.878374799
5842,0,0.145026910,0.041282828
5843,0,1.575162145,1.006880471
5844,0,1.628409729,0.942077177
5845,0,1.115643240,0.597590463
5846,0,1.970638761,1.916076363
5847,0,1.968336045,1.235319298
5848,0,2.390311874,2.383552016
5849,0,2.031559517,1.784857352
5850,0,2.267186451,1.239228129
5851,0,2.385855179,1.470848903
5852,0,2.224606233,1.148495116
5853,0,2.518192088,2.056179138
5854,0,2.115327772,1.157480546
5855,0,2.492302840,1.718547320
5856,0,2.535055479,1.936315289
5857,0,2.003040965,1.550851663
5858,0,2.682858321,1.569185632
5859,0,2.872846627,2.367618422
5860,0,2.994759917,1.857930204
5861,0,2.837563837,2.154909877
5862,0,3.258108247,3.105637017
5863,0,3.051705879,2.620122716
5864,0,3.428999203,3.653170940
5865,0,2.825201843,3.669513151
5866,0,3.506961957,3.818655733
5867,0,3.154835244,2.639768645
5868,0,3.084616441,3.195984565
5869,0,3.383004474,2.816458671
5870,0,3.150420570,3.326153477
5871,0,3.228050937,2.967232344
5872,0,2.452164397,2.042540647
5873,0,2.032932882,2.028705263
5874,0,2.807833028,2.509364537
5875,0,2.813120902,3.167959569
5876,0,3.164773144,3.691749854
5877,0,2.550405316,2.094712220
5878,0,2.687408949,2.655230107
5879,0,2.267386767,1.810957520
5880,0,2.757530313,1.838144153
5881,0,2.597559828,1.771740368
5882,0,1.978195640,0.994230255
5883,0,1.856711519,1.317048199
5884,0,2.285946602,1.322155920
5885,0,2.060088253,1.340368733
5886,0,1.653539203,1.602786723
5887,0,1.541094327,2.364427905
5888,0,1.660076351,1.654667170
5889,0,-0.000000000,0.000000000
5890,0,1.448815636,1.142857143
5891,0,1.000000000,2.000000000
5892,0,2.311278124,2.750000000
5893,0,2.214700801,3.181818182
5894,0,2.991995302,4.250000000
5895,0,2.535429809,4.511811024
5896,0,2.792941525,3.741868211
5897,0,3.393750261,3.365581595
5898,0,3.141522575,2.654435468
5899,0,3.451467077,3.252044983
5900,0,2.647891612,2.579605789
5901,0,2.939328462,3.664381844
5902,0,2.476515176,2.509235683
5903,0,2.332742328,3.113177109
5904,0,3.030493578,4.192033828
5905,0,3.199296909,3.275824266
5906,0,2.500862102,2.643553973
5907,0,2.254439510,2.453958721
5908,0,2.585514326,3.364889248
5909,0,3.062462939,4.209349882
5910,0,3.112969084,5.016065688
5911,0,3.631426231,3.936489779
5912,0,3.309056662,3.403737150
5913,0,3.128204802,3.090897532
5914,0,2.803794806,3.800318916
5915,0,2.258163606,2.406974633
5916,0,1.931241339,1.813338560
5917,0,2.175729171,2.677442159
5918,0,2.112992860,1.963610590
5919,0,3.054065410,1.988920139
5920,0,2.817872212,2.237643850
5921,0,1.413162546,1.879768754
5922,0,2.520005791,3.052176598
5923,0,1.040029521,2.130656103
5924,0,2.558829571,3.280005376
5925,0,2.018108395,2.601814462
5926,0,2.222926436,1.824078031
5927,0,2.195306819,3.196789020
5928,0,2.762029651,2.630858774
5929,0,2.291943278,3.864465022
5930,0,2.314161739,2.811488626
5931,0,0.418775159,0.577434902
5932,0,1.380839657,1.353116854
5933,0,1.685329542,1.134053936
5934,0,0.405328830,0.565919335
5935,0,0.468642700,0.611832349
5936,0,-0.000000000,0.000000000
5937,0,-0.000000000,0.000000000
5938,0,1.000000000,1.000000000
5939,0,0.468166641,0.153846154
5940,0,1.436384455,1.119047619
5941,0,0.537605780,2.016561130
5942,0,1.674139630,2.805405405
5943,0,2.149937858,2.721960073
5944,0,2.637646858,2.327352969
5945,0,1.261404114,0.698468922
5946,0,0.993579629,0.389761262
5947,0,-0.000000000,0.000000000
5948,0,1.000000000,1.000000000
5949,0,1.251629167,2.000000000
5950,0,1.862972137,2.764705882
5951,0,1.911846247,3.554933218
5952,0,2.608426879,2.953076596
5953,0,2.859021191,2.784075472
5954,0,2.732266574,2.553043797
5955,0,2.265522322,2.003718678
5956,0,2.682603761,2.255619446
5957,0,2.538465086,1.914466021
5958,0,2.687596134,2.042823180
5959,0,1.866021510,2.165391126
5960,0,2.062802576,1.525931105
5961,0,1.728620600,1.847003645
5962,0,1.936444980,3.104175036
5963,0,1.633641410,1.534453177
5964,0,2.399336254,1.475559684
5965,0,2.521419454,1.741836546
5966,0,1.902385221,2.650995722
5967,0,2.483948314,2.013533388
5968,0,2.443703229,2.686621595
5969,0,3.336701098,3.703112510
5970,0,3.444220899,4.327822290
5971,0,2.545460143,3.644398672
5972,0,2.496936316,2.755278973
5973,0,1.394076517,1.517792111
5974,0,2.395308876,2.100649957
5975,0,1.582845117,1.324296174
5976,0,1.851637036,1.597484477
5977,0,-0.000000000,0.000000000
5978,0,-0.000000000,0.000000000
5979,0,-0.000000000,0.000000000
5980,0,0.734529921,0.285714286
5981,0,0.077318845,0.016528926
5982,0,1.515097483,1.005524862
5983,0,0.241416842,0.065613283
5984,0,1.549959770,1.022147615
5985,0,0.283052591,0.083555824
5986,0,1.528650791,1.165526249
5987,0,0.864594151,1.502409027
5988,0,1.337757676,3.045915413
5989,0,1.464764516,3.252196389
5990,0,1.946829398,3.206305381
5991,0,2.225490063,3.515332818
5992,0,2.635944228,5.527519979
5993,0,2.267256692,6.252473572
5994,0,2.796756350,6.354028808
5995,0,2.485495454,6.716166698
5996,0,2.486037886,5.802067722
5997,0,2.557339276,6.573316259
5998,0,2.192894249,7.061206216
5999,0,1.232845205,5.178505964
