0,0,5.113955360,5.162775718
1,0,4.772332301,5.035207631
2,0,4.782256864,5.188914902
3,0,4.400583888,5.302490681
4,0,4.605807883,4.887584930
5,0,4.266240543,4.952140776
6,0,3.940819582,4.262885517
7,0,3.728648801,3.587085697
8,0,3.205451582,2.783226899
9,0,3.068533682,2.478536465
10,0,2.567805926,2.089612910
11,0,3.149615971,2.689734764
12,0,2.443968465,1.961753589
13,0,2.759236661,2.680118826
14,0,2.949194146,2.573095325
15,0,3.461321870,2.674934112
16,0,2.917562511,2.767735105
17,0,2.643703379,2.787931242
18,0,2.265441974,1.737662625
19,0,2.187799589,1.716656131
20,0,0.347723476,0.052580409
21,0,1.202306298,1.006195870
22,0,0.075785466,0.008075379
23,0,1.041577732,1.001121795
24,0,1.073404873,0.403578413
25,0,1.191055235,1.037824145
26,0,0.349428481,0.089314989
27,0,1.025861855,0.999637816
28,0,1.916212543,1.397786144
29,0,1.057945866,1.014407943
30,0,0.026009911,0.002324401
31,0,1.016742884,1.000154954
32,0,0.316653139,0.081117302
33,0,1.018403713,1.002060986
34,0,1.037181025,0.401722091
35,0,1.015388805,0.995513449
36,0,1.045162245,0.401369167
37,0,1.026617755,0.995140535
38,0,1.062134691,0.402606904
39,0,1.065428114,1.010743039
40,0,0.011369911,0.000905946
41,0,1.011922787,1.000022746
42,0,1.039916467,0.401017177
43,0,1.049346421,1.000924089
44,0,0.317186633,0.082045196
45,0,1.048731664,1.007643961
46,0,1.041172844,1.998596601
47,0,1.019356264,1.004035481
48,0,0.008442868,0.000647730
49,0,1.008917012,1.000016191
50,0,0.310507913,0.080593358
51,0,1.188433689,1.036297634
52,0,0.334000151,0.088910555
53,0,1.005472548,0.999750966
54,0,1.030178548,0.400416052
55,0,1.009600938,1.004577796
56,0,1.888165115,1.199662308
57,0,1.022084928,1.015496032
58,0,1.528404831,2.015442982
59,0,1.170140873,1.992047670
60,0,1.949249683,1.999660121
61,0,1.418744554,1.118773297
62,0,2.021170030,1.944997576
63,0,1.465053281,1.110937884
64,0,1.246056159,0.512830477
65,0,1.070773300,0.999033876
66,0,1.919600893,1.988293815
67,0,2.052247914,1.849431549
68,0,2.102024191,1.458788579
69,0,1.590773546,1.093415741
70,0,1.317621464,1.924964031
71,0,1.076633058,0.983492086
72,0,1.921392432,1.400325845
73,0,1.126932112,1.014177711
74,0,0.340358225,0.086116826
75,0,1.027159822,1.000685820
76,0,0.011617413,0.000937703
77,0,1.007495025,1.000065078
78,0,0.002796819,0.000188830
79,0,1.001815102,1.000012529
80,0,1.024496981,0.400112604
81,0,1.038299383,1.010060353
82,0,0.307661785,0.081307194
83,0,1.185956462,1.036872171
84,0,0.000396481,0.000022144
85,0,1.000439711,1.000000569
86,0,0.302680462,0.080020285
87,0,1.042209092,1.005401936
88,0,1.033469667,1.798796811
89,0,1.162765299,1.037142673
90,0,0.325605201,0.087430340
91,0,1.199302913,1.041579268
92,0,1.928531106,1.261005569
93,0,1.407093249,1.108742107
94,0,0.000035481,0.000001638
95,0,1.000018454,1.000000241
96,0,1.021952772,2.000000011
97,0,1.036505558,1.010048879
98,0,1.879848335,1.401086724
99,0,1.096593520,1.003316595
100,0,1.599653805,2.002239330
101,0,1.551268863,1.294691274
102,0,0.504803182,0.169934440
103,0,1.171519739,1.086876227
104,0,0.330995768,0.094274885
105,0,1.063921779,1.016267615
106,0,0.324681961,1.969122198
107,0,1.192370042,1.040626068
108,0,0.330733801,0.089351810
109,0,1.000002098,1.000227501
110,0,1.500000195,1.000000007
111,0,2.186277688,1.599457622
112,0,0.000000231,0.000000008
113,0,1.000000152,1.000000000
114,0,1.021928314,0.400000005
115,0,1.159956028,1.036993465
116,0,1.077335741,0.429862767
117,0,0.999997014,0.997899819
118,0,1.499998659,1.000000000
119,0,1.148395216,1.055170780
120,0,0.323090591,0.086644643
121,0,1.009697633,1.002036240
122,0,0.303128784,0.080264029
123,0,1.008910298,1.001979812
124,0,0.000000018,0.000000001
125,0,1.000000012,1.000000000
126,0,1.500000017,1.000000000
127,0,1.148484281,1.054186603
128,0,0.323098836,1.958338985
129,0,1.009699688,1.002015546
130,0,1.024018944,0.401099767
131,0,1.036605852,1.010035926
132,0,0.306150993,0.081220937
133,0,1.009029020,1.000197876
134,0,0.303064173,0.080243791
135,0,1.008907448,1.001981647
136,0,0.303052518,0.080240137
137,0,0.999999431,1.000889614
138,0,1.499999717,2.000889614
139,0,1.543560760,2.976682501
140,0,0.418692216,1.992459296
141,0,1.013772139,1.000103719
142,0,1.874029480,1.400430798
143,0,1.095322686,1.030299824
144,0,1.051659307,0.415837688
145,0,0.999987555,1.004153825
146,0,0.000000001,0.000000000
147,0,1.000000001,1.000000000
148,0,1.870950596,2.000000000
149,0,1.094879387,1.002520718
150,0,0.000000000,0.000000000
151,0,1.000000000,1.000000000
152,0,0.000000000,0.000000000
153,0,1.000000000,1.000000000
154,0,0.000000000,0.000000000
155,0,1.000000000,1.000000000
156,0,0.000000000,0.000000000
157,0,1.000000000,1.000000000
158,0,1.021928095,0.400000000
159,0,1.036488422,1.010048802
160,0,1.528734964,2.000004859
161,0,1.551749022,1.187406914
162,0,2.024433907,1.914180056
163,0,1.124029589,1.001080994
164,0,1.905451397,1.234534803
165,0,1.394386380,1.102624266
166,0,0.000000000,0.000000000
167,0,1.000000000,1.000000000
168,0,0.000000000,0.000000000
169,0,1.000000000,1.000000000
170,0,1.021928095,2.000000000
171,0,1.036488422,1.000809672
172,0,0.000000000,0.000000000
173,0,1.000000000,1.000000000
174,0,-0.000000000,0.000000000
175,0,1.000000000,1.000000000
176,0,1.500000000,1.000000000
177,0,1.543635402,1.134967320
178,0,1.859987547,2.194520687
179,0,1.702304507,1.274670848
180,0,1.372930243,0.618012286
181,0,1.060162036,0.982924417
182,0,1.044994165,0.410804722
183,0,1.038983761,1.005422396
184,0,0.306500747,0.081333955
185,0,1.042927353,1.007495078
186,0,0.307061109,0.081524554
187,0,1.009125964,1.001929022
188,0,0.303311296,0.080296949
189,0,1.008962041,1.001981241
190,0,0.000001317,0.000000513
191,0,1.000001304,1.000000537
192,0,0.302293306,0.080000505
193,0,1.000004063,0.999109482
194,0,0.000006066,0.000003415
195,0,1.000002865,1.000001367
196,0,1.021930429,0.400001338
197,0,1.159957778,1.036994558
198,0,0.328796415,1.959147035
199,0,1.010687213,1.000787219
200,0,1.539064637,2.008265868
201,0,1.154644579,1.007089152
202,0,1.076926307,0.429408026
203,0,1.007426267,1.001523565
204,0,1.501417483,1.996676595
205,0,1.493581123,3.424161653
206,0,2.335690780,2.728142221
207,0,2.151641470,3.584799627
208,0,1.736182628,2.447342634
209,0,1.281306969,1.352028977
210,0,1.278894776,2.310716500
211,0,1.284659198,3.119629718
212,0,1.981502935,4.545294110
213,0,2.685731550,4.010111223
214,0,2.263823075,2.682332339
215,0,0.982370809,1.156011341
216,0,1.020165176,2.031202268
217,0,1.037382517,1.014614614
218,0,0.306240624,0.081253074
219,0,1.009057328,1.001705830
220,0,0.303066619,0.080244613
221,0,1.042144002,1.007414589
222,0,1.881340217,1.209693126
223,0,1.096353383,1.029961251
224,0,1.897208181,1.403502506
225,0,1.098732514,1.030471665
226,0,1.052904043,0.416482316
227,0,1.038356417,1.009914661
228,0,1.032155475,0.405397300
229,0,1.037120688,1.010020054
230,0,1.529261919,1.999777194
231,0,0.999637222,1.024002999
232,0,0.000021625,0.000008691
233,0,1.000000252,1.000000054
234,0,1.021928350,0.400000069
235,0,0.999985380,0.995458246
236,0,1.870946194,1.400000010
237,0,1.318215898,1.190981272
238,0,1.335893744,1.894918438
239,0,1.331050576,1.077471813
240,0,1.431860950,0.743273581
241,0,0.816774785,0.497193907
242,0,0.909943386,0.388660643
243,0,1.017422437,1.393712505
244,0,1.153913403,0.843135047
245,0,0.448514786,0.149302978
246,0,0.004527900,0.000797479
247,0,0.003156718,0.000520320
248,0,0.002139780,0.000331998
249,0,0.923167977,0.400143330
250,0,0.000927665,0.000128971
251,0,0.922450764,0.400053660
252,0,2.087272555,1.206929741
253,0,0.725487737,0.403494411
254,0,0.498834449,0.219255746
255,0,0.591508839,0.191179075
256,0,0.324282669,0.092688354
257,0,0.325760326,0.095630235
258,0,0.182380252,0.055170667
259,0,0.165917515,0.048948685
260,0,0.305452161,0.088525439
261,0,-0.000000000,0.000000000
262,0,-0.000000000,0.000000000
263,0,-0.000000000,0.000000000
264,0,-0.000000000,0.000000000
265,0,-0.000000000,0.000000000
266,0,0.921928095,0.400000000
267,0,0.039584219,0.007547170
268,0,0.287297754,0.081292059
269,0,0.211377816,0.055699255
270,0,1.014198476,0.438956889
271,0,0.236621644,0.066743435
272,0,-0.000000000,0.000000000
273,0,-0.000000000,0.000000000
274,0,0.282292189,0.080000000
275,0,0.200458409,0.052173913
276,0,1.008985203,0.437209302
277,0,0.231766653,0.064728682
278,0,-0.000000000,0.000000000
279,0,-0.000000000,0.000000000
280,0,0.921928095,0.400000000
281,0,0.039584219,0.007547170
282,0,0.936957107,0.405369128
283,0,0.185279412,0.047371365
284,0,-0.000000000,0.000000000
285,0,-0.000000000,0.000000000
286,0,1.570950594,1.400000000
287,0,0.420026002,0.133333333
288,0,1.918732985,1.408163265
289,0,1.247403187,1.987179487
290,0,2.039660522,2.363721838
291,0,1.913506421,2.612374404
292,0,2.081877832,3.270152997
293,0,1.629186938,1.559288446
294,0,1.475925640,0.895798315
295,0,1.073081857,1.094218728
296,0,1.943664978,1.119390363
297,0,1.701522383,1.211488490
298,0,1.307278456,0.650246215
299,0,1.219554305,1.079588469
300,0,1.716560977,0.859815638
301,0,1.652727724,1.300773574
302,0,1.650723674,1.663613170
303,0,0.217479415,0.347081594
304,0,0.348586877,0.143687744
305,0,0.228733611,0.346485592
306,0,0.560856957,0.448691815
307,0,0.129397134,0.081786342
308,0,0.325072123,0.109040631
309,0,0.034261173,0.018515449
310,0,1.580637709,1.401362797
311,0,0.428315708,0.136663458
312,0,1.125919865,0.497279781
313,0,0.073533896,0.017705507
314,0,0.959419610,0.412207882
315,0,0.051666224,0.012254592
316,0,0.289587689,0.082080269
317,0,0.001353858,0.000712602
318,0,1.571083448,1.200043155
319,0,0.104047011,0.023530695
320,0,0.974885863,0.421185012
321,0,0.035796889,0.013715775
322,0,0.298813096,0.084737427
323,0,0.056272903,0.012196408
324,0,0.301102822,0.085880122
325,0,0.111093181,0.026619815
326,0,0.089401582,0.045202370
327,0,0.099742419,0.042933054
328,0,0.344064233,0.110509013
329,0,0.131539971,0.041393771
330,0,1.332107658,1.082573511
331,0,1.045126579,1.109637778
332,0,1.594069868,1.708627386
333,0,0.044928983,0.009986523
334,0,0.308152135,0.085023396
335,0,0.334939992,0.096340319
336,0,0.334221515,0.097250453
337,0,1.617384705,1.300514753
338,0,1.539992548,1.854563472
339,0,0.989969887,2.226660910
340,0,1.955615639,1.476599545
341,0,2.447700253,1.440621125
342,0,1.860597888,0.930495514
343,0,2.429915653,1.867329632
344,0,1.699131350,2.098974373
345,0,1.600789882,2.437211285
346,0,1.021020895,2.045627788
347,0,2.074474457,1.568759383
348,0,2.309812249,2.697219635
349,0,2.063147172,1.995693374
350,0,1.975710347,1.794500718
351,0,1.628236197,1.071658460
352,0,1.061107381,0.773219809
353,0,0.706344829,0.372786816
354,0,0.512697086,0.217942619
355,0,0.216747890,0.088055945
356,0,0.324773852,0.115754997
357,0,1.033486840,0.986853127
358,0,1.032095297,0.405164104
359,0,1.037306100,1.013026852
360,0,0.306321757,0.081284090
361,0,1.042798045,1.007611024
362,0,-0.000000000,0.000000000
363,0,1.000000000,1.000000000
364,0,-0.000000000,0.000000000
365,0,1.000000000,1.000000000
366,0,-0.000000000,0.000000000
367,0,1.000000000,1.000000000
368,0,1.021928095,0.400000000
369,0,1.036488422,1.000809672
370,0,1.035258697,0.406045752
371,0,1.248127746,1.071295892
372,0,0.165561752,0.097512236
373,0,1.073736294,1.019820789
374,0,0.090494860,0.047559633
375,0,1.056521098,1.021900591
376,0,1.076253131,0.433213936
377,0,1.160634787,1.053003713
378,0,1.173035410,0.483622602
379,0,1.281314240,1.148765581
380,0,1.227619621,0.522062845
381,0,1.279964421,1.025776743
382,0,1.243856897,0.519759855
383,0,1.319496302,1.105842642
384,0,1.172060229,0.470258629
385,0,0.728901030,0.257762113
386,0,1.557286372,1.023751196
387,0,1.145337502,0.566655585
388,0,1.545684368,0.668461038
389,0,1.905713768,1.581537531
390,0,1.446669331,0.776092982
391,0,1.487986540,0.929213516
392,0,0.831736319,0.330325080
393,0,1.180577002,0.607891110
394,0,1.295587979,0.893884703
395,0,-0.000000000,0.000000000
396,0,1.000000000,1.000000000
397,0,0.302292189,0.080000000
398,0,1.000000000,1.000000000
399,0,1.021928095,0.400000000
400,0,1.052690404,1.007034221
401,0,1.035378563,0.407332871
402,0,1.000000000,1.000000000
403,0,1.021928095,0.400000000
404,0,1.000000000,1.000000000
405,0,0.302292189,0.080000000
406,0,1.012773762,1.001377513
407,0,0.303367094,0.080344681
408,0,1.060426407,1.008262715
409,0,1.546664596,2.004092426
410,0,1.225137324,1.040554882
411,0,-0.000000000,0.000000000
412,0,1.000000000,1.000000000
413,0,-0.000000000,0.000000000
414,0,1.000000000,1.000000000
415,0,1.870950594,1.200000000
416,0,1.532052555,1.123333333
417,0,0.401554049,0.113415966
418,0,1.000000000,1.000000000
419,0,-0.000000000,0.000000000
420,0,1.000000000,1.000000000
421,0,1.021928095,0.400000000
422,0,1.052690404,1.007034221
423,0,0.307787926,0.081766365
424,0,1.013047487,1.001412456
425,0,1.024635137,0.401469601
426,0,1.228870965,1.041288210
427,0,-0.000000000,0.000000000
428,0,1.000000000,1.000000000
429,0,-0.000000000,0.000000000
430,0,1.000000000,1.000000000
431,0,-0.000000000,0.000000000
432,0,1.000000000,1.000000000
433,0,-0.000000000,0.000000000
434,0,1.000000000,1.000000000
435,0,-0.000000000,0.000000000
436,0,1.000000000,1.000000000
437,0,1.870950594,2.000000000
438,0,1.138751800,1.022289157
439,0,1.064163411,0.423273040
440,0,1.000000000,1.000000000
441,0,1.021928095,0.400000000
442,0,1.052690404,1.007034221
443,0,-0.000000000,0.000000000
444,0,1.000000000,1.000000000
445,0,-0.000000000,0.000000000
446,0,1.000000000,1.000000000
447,0,0.302292189,0.080000000
448,0,1.060184319,1.008222222
449,0,1.037639028,0.408572389
450,0,1.000000000,1.000000000
451,0,1.021928095,0.400000000
452,0,1.052690404,1.007034221
453,0,-0.000000000,0.000000000
454,0,1.000000000,1.000000000
455,0,-0.000000000,0.000000000
456,0,1.000000000,1.000000000
457,0,1.021928095,1.800000000
458,0,1.000000000,1.000000000
459,0,-0.000000000,0.000000000
460,0,1.000000000,1.000000000
461,0,0.302292189,0.080000000
462,0,1.012773762,1.001377513
463,0,-0.000000000,0.000000000
464,0,1.000000000,1.000000000
465,0,1.870950594,1.200000000
466,0,1.138751800,1.022289157
467,0,-0.000000000,0.000000000
468,0,1.000000000,1.000000000
469,0,-0.000000000,0.000000000
470,0,1.000000000,1.000000000
471,0,-0.000000000,0.000000000
472,0,1.000000000,1.000000000
473,0,0.302292189,0.080000000
474,0,1.012773762,1.001377513
475,0,0.303367094,0.080344681
476,0,1.012827240,1.001384331
477,0,1.024583561,0.401441863
478,0,1.786201223,1.214248139
479,0,-0.000000000,0.000000000
480,0,1.000000000,1.000000000
481,0,-0.000000000,0.000000000
482,0,1.000000000,1.000000000
483,0,1.021928095,0.400000000
484,0,1.784319623,1.213461538
485,0,2.163180655,1.546516920
486,0,1.217419427,1.059847859
487,0,0.026411611,0.015836971
488,0,1.010718453,1.003878084
489,0,0.311320092,0.084580290
490,0,1.019566804,1.005238778
491,0,1.031489690,0.405606407
492,0,1.053697062,1.007377372
493,0,0.000570434,0.000282497
494,0,1.002216560,1.001163910
495,0,1.500076324,1.000021587
496,0,1.220388030,1.039390534
497,0,1.926998144,1.394713607
498,0,1.562674000,1.133837613
499,0,0.409405931,0.116168346
500,0,1.000000000,0.999997158
501,0,1.021928095,1.999999432
502,0,1.000000000,0.999999765
503,0,0.302292189,0.080000000
504,0,1.012773762,1.001377509
505,0,0.303367094,0.080344681
506,0,1.000000000,1.000000000
507,0,1.500000000,2.000000000
508,0,1.582718941,1.253813559
509,0,2.058650865,1.335039847
510,0,1.402269950,0.763336542
511,0,1.781199358,1.618725368
512,0,2.049766114,1.298369296
513,0,1.573930106,0.681237002
514,0,0.818434710,0.342179926
515,0,0.747240804,0.254726686
516,0,1.293891269,1.885684044
517,0,2.327812965,2.390040995
518,0,2.349515823,1.995257312
519,0,2.861040812,1.823494765
520,0,2.689794501,2.714032684
521,0,1.982549663,1.204791553
522,0,1.787547124,1.219293595
523,0,1.126220837,0.495579553
524,0,0.480464827,0.160160674
525,0,1.096150069,0.969775889
526,0,0.314991321,0.084117052
527,0,0.999999224,1.001037316
528,0,1.870950362,1.200000000
529,0,1.094901760,1.002806337
530,0,0.314283963,0.083812237
531,0,1.044159619,1.007745585
532,0,-0.000000000,0.000000000
533,0,1.000000000,1.000000000
534,0,1.870950594,1.200000000
535,0,1.094879386,1.031284530
536,0,1.051507921,0.415755879
537,0,1.038141718,1.001391093
538,0,0.306338352,0.081279869
539,0,1.009037349,1.001979127
540,0,0.303269116,0.080285707
541,0,1.042384387,1.005489798
542,0,1.037818307,0.407230417
543,0,1.038134472,1.001498918
544,0,0.306272256,0.081260673
545,0,1.000021507,1.000874578
546,0,-0.000000000,0.000000000
547,0,1.000000000,1.000000000
548,0,1.021928095,0.400000000
549,0,1.159955911,1.026993464
550,0,0.325026163,0.087275700
551,0,1.009811919,1.001630194
552,0,1.873053435,1.999376505
553,0,2.016048591,1.454171727
554,0,-0.000000000,0.000000000
555,0,1.000000000,1.000000000
556,0,0.302292189,0.080000000
557,0,0.999999425,1.000892716
558,0,1.870950422,1.200000000
559,0,1.094860034,1.002274920
560,0,1.051503516,1.796853147
561,0,1.166652521,1.029032226
562,0,1.080139515,0.431388075
563,0,1.039933198,1.008029978
564,0,0.306556006,0.081348815
565,0,1.009050777,1.000261848
566,0,1.506979284,1.002392169
567,0,1.545307461,1.135997792
568,0,1.279365756,0.551650635
569,0,1.223799899,1.040666847
570,0,-0.000000000,0.000000000
571,0,1.000000000,1.000000000
572,0,-0.000000000,0.000000000
573,0,1.000000000,1.000000000
574,0,-0.000000000,0.000000000
575,0,1.000000000,1.000000000
576,0,1.870950594,2.000000000
577,0,1.094879386,1.031284530
578,0,1.776781592,1.095900460
579,0,1.654664344,1.195980768
580,0,2.044249578,1.442064652
581,0,1.493886465,1.098635596
582,0,1.244670816,0.530157113
583,0,0.999811840,0.983849647
584,0,1.021909279,0.400000000
585,0,0.999992850,0.996851643
586,0,0.302292046,0.080000000
587,0,1.181926590,1.039186542
588,0,1.922937679,1.254786074
589,0,1.402241411,1.101566336
590,0,-0.000000000,0.000000000
591,0,1.000000000,1.000000000
592,0,0.302292189,0.080000000
593,0,0.999999425,0.999107284
594,0,0.302292178,0.080000000
595,0,0.999999405,1.000907858
596,0,1.021928035,2.000181572
597,0,1.159933042,1.037076180
598,0,-0.000000000,0.000000000
599,0,1.000000000,1.000000000
600,0,-0.000000000,0.000000000
601,0,1.000000000,1.000000000
602,0,0.302292189,0.080000000
603,0,1.042002482,1.007398693
604,0,1.033196137,0.405959040
605,0,1.162612820,1.028215286
606,0,0.325487256,0.087424805
607,0,1.046346672,1.006771712
608,0,-0.000000000,0.000000000
609,0,1.000000000,1.000000000
610,0,-0.000000000,0.000000000
611,0,1.000000000,1.000000000
612,0,1.870950594,1.200000000
613,0,2.014604098,1.453412463
614,0,2.270501597,1.771630463
615,0,1.662900200,1.285208296
616,0,0.744834668,0.705820364
617,0,1.651207474,1.464313142
618,0,1.383731587,0.675828486
619,0,1.340577271,1.112450447
620,0,0.266486555,0.170642968
621,0,1.189401117,1.161461731
622,0,-0.000000000,0.000000000
623,0,1.000000000,1.000000000
624,0,-0.000000000,0.000000000
625,0,1.000000000,1.000000000
626,0,-0.000000000,0.000000000
627,0,1.000000000,1.000000000
628,0,0.302292189,0.080000000
629,0,1.042002482,1.005398693
630,0,0.307777270,0.081677705
631,0,1.044847304,1.012624866
632,0,1.055845125,0.414379302
633,0,1.185190270,1.040599649
634,0,-0.000000000,0.000000000
635,0,1.000000000,1.000000000
636,0,0.302292189,0.080000000
637,0,1.042002482,1.007398693
638,0,-0.000000000,0.000000000
639,0,1.000000000,1.000000000
640,0,1.870950594,1.400000000
641,0,0.999853521,1.014249790
642,0,1.021913447,0.400000000
643,0,0.999975975,0.994228885
644,0,1.021925692,1.800000000
645,0,0.999981679,1.005039694
646,0,1.021926263,0.400000000
647,0,0.999982135,1.004976595
648,0,1.870945235,1.200000000
649,0,1.375505482,1.079504002
650,0,1.181599151,0.490013311
651,0,1.678666950,1.226622427
652,0,0.464121230,0.135831661
653,0,1.015905629,0.997990797
654,0,-0.000000000,0.000000000
655,0,1.000000000,1.000000000
656,0,1.021928095,0.400000000
657,0,0.999985120,1.004541811
658,0,0.302291891,0.080000000
659,0,1.008869806,1.002058921
660,0,-0.000000000,0.000000000
661,0,1.000000000,1.000000000
662,0,0.302292189,0.080000000
663,0,0.999999425,1.000892716
664,0,1.870950422,1.400000000
665,0,1.094860034,1.031526306
666,0,1.776727803,2.030438869
667,0,0.999629718,1.022655602
668,0,0.302284783,0.080000000
669,0,1.181392785,1.039665239
670,0,1.086548703,0.434953369
671,0,1.175393761,1.037756804
672,0,-0.000000000,0.000000000
673,0,1.000000000,1.000000000
674,0,0.302292189,0.080000000
675,0,1.042002482,1.007398693
676,0,0.306823294,0.081434444
677,0,0.999999539,1.000799228
678,0,-0.000000000,0.000000000
679,0,1.000000000,1.000000000
680,0,0.302292189,0.080000000
681,0,1.042002482,1.007398693
682,0,-0.000000000,0.000000000
683,0,1.000000000,1.000000000
684,0,1.500000000,2.000000000
685,0,1.148484269,1.054186603
686,0,1.913018267,1.243083179
687,0,1.100700279,1.005805606
688,0,1.792467171,1.103674370
689,0,1.662618106,1.229784023
690,0,0.457541454,0.133349604
691,0,1.072220127,1.008215008
692,0,1.043129055,0.411225858
693,0,0.999994469,0.997230914
694,0,0.302292078,0.080000000
695,0,1.008872622,1.002028482
696,0,0.303049232,0.080239098
697,0,1.042137917,1.005426406
698,0,-0.000000000,0.000000000
699,0,1.000000000,1.000000000
700,0,1.021928095,0.400000000
701,0,0.999985120,1.004541811
702,0,0.302291891,0.080000000
703,0,0.999999322,1.000969749
704,0,1.021928027,0.400000000
705,0,1.036481812,1.010133242
706,0,1.031495679,0.405054819
707,0,0.999985628,0.995536384
708,0,1.021926658,1.999107277
709,0,1.036457890,1.000414940
710,0,1.879811262,2.001320828
711,0,1.095980758,1.003015534
712,0,-0.000000000,0.000000000
713,0,1.000000000,1.000000000
714,0,0.302292189,0.080000000
715,0,1.008877014,1.000159612
716,0,0.303049604,0.080239223
717,0,0.999999429,0.999110257
718,0,0.302292178,0.080000000
719,0,1.008875603,1.000144101
720,0,-0.000000000,0.000000000
721,0,1.000000000,1.000000000
722,0,1.021928095,0.400000000
723,0,1.036488422,1.000809672
724,0,1.031497217,0.405055762
725,0,1.037020225,1.000996120
726,0,1.031658779,2.000457253
727,0,1.037030591,1.001013376
728,0,-0.000000000,0.000000000
729,0,1.000000000,1.000000000
730,0,-0.000000000,0.000000000
731,0,1.000000000,1.000000000
732,0,0.302292189,0.080000000
733,0,1.042002482,1.007398693
734,0,-0.000000000,0.000000000
735,0,1.000000000,1.000000000
736,0,1.021928095,0.400000000
737,0,0.999985120,1.004541811
738,0,1.870946130,1.400000000
739,0,1.375530621,1.112221821
740,0,1.181607693,0.490020802
741,0,1.046178597,1.009889587
742,0,0.307337845,0.081596082
743,0,1.009092086,1.001823362
744,0,1.023870820,1.999867217
745,0,1.160400153,2.995146908
746,0,1.928349874,2.474357726
747,0,2.339085382,2.664827490
748,0,2.718383703,2.125079069
749,0,2.242687574,1.595978409
750,0,1.812166222,1.133872686
751,0,1.099974931,1.177799539
752,0,1.056864673,0.420135383
753,0,1.039686676,1.019179542
754,0,1.531615401,1.012598033
755,0,1.554372424,1.150947421
756,0,0.421792531,0.120342894
757,0,1.064807893,1.008333744
758,0,-0.000000000,0.000000000
759,0,1.000000000,1.000000000
760,0,0.302292189,0.080000000
761,0,0.999999425,1.000892716
762,0,1.021928037,0.400000000
763,0,1.036482338,1.010126534
764,0,1.031495802,0.405054894
765,0,0.999985632,1.004462919
766,0,1.870946284,2.002677751
767,0,0.999827647,1.015457125
768,0,-0.000000000,0.000000000
769,0,1.000000000,1.000000000
770,0,-0.000000000,0.000000000
771,0,1.000000000,1.000000000
772,0,0.302292189,0.080000000
773,0,1.008877014,1.001980934
774,0,1.023819627,0.400996265
775,0,1.036593315,1.000846404
776,0,-0.000000000,0.000000000
777,0,1.000000000,1.000000000
778,0,1.500000000,1.000000000
779,0,0.999553063,1.024890190
780,0,1.021883401,0.400000000
781,0,1.160065368,1.049224227
782,0,0.341006525,0.093885935
783,0,1.066375786,1.023878496
784,0,1.074720056,0.422864589
785,0,1.183629481,1.054856769
786,0,1.919338094,2.094156145
787,0,0.067610796,0.016095100
788,0,0.957473784,1.800844580
789,0,1.633814112,1.442325772
790,0,1.220884017,1.609264355
791,0,1.424591668,0.604744349
792,0,1.546511163,0.755940471
793,0,0.829802813,0.292142536
794,0,0.524147428,0.157763467
795,0,1.314012936,0.962267659
796,0,1.629378498,0.773945812
797,0,1.372449779,0.666123788
798,0,0.991227985,1.110163192
799,0,1.868318990,2.066097915
800,0,1.901775154,1.713676337
801,0,1.773747597,1.329491018
802,0,1.263887753,1.100576468
803,0,1.941448968,2.037562635
804,0,1.571034755,1.152701003
805,0,1.262580770,0.542905740
806,0,1.298360304,1.061741996
807,0,-0.000000000,0.000000000
808,0,1.000000000,1.000000000
809,0,1.021928095,0.400000000
810,0,1.228118215,1.041111111
811,0,-0.000000000,0.000000000
812,0,1.000000000,1.000000000
813,0,0.302292189,0.080000000
814,0,1.000000000,1.000000000
815,0,-0.000000000,0.000000000
816,0,1.000000000,1.000000000
817,0,0.302292189,0.080000000
818,0,1.012773762,1.001377513
819,0,1.024571058,0.401435139
820,0,1.052875527,1.007064537
821,0,1.882776001,1.211975359
822,0,1.000000000,1.000000000
823,0,0.302292189,0.080000000
824,0,1.012773762,1.001377513
825,0,0.303367094,0.080344681
826,0,1.012827240,1.001384331
827,0,1.024583561,0.401441863
828,0,1.052876414,1.007064684
829,0,0.307810433,0.081773577
830,0,1.061427965,1.008430608
831,0,1.038017883,1.797258922
832,0,1.000000000,1.000000000
833,0,1.021928095,0.400000000
834,0,1.052690404,1.007034221
835,0,1.882728310,2.000353882
836,0,1.000000000,1.000000000
837,0,-0.000000000,0.000000000
838,0,1.000000000,1.000000000
839,0,-0.000000000,0.000000000
840,0,1.000000000,1.000000000
841,0,-0.000000000,0.000000000
842,0,1.000000000,1.000000000
843,0,1.021928095,0.400000000
844,0,1.000000000,1.000000000
845,0,-0.000000000,0.000000000
846,0,1.000000000,1.000000000
847,0,-0.000000000,0.000000000
848,0,1.000000000,1.000000000
849,0,1.500000000,1.000000000
850,0,1.764492375,1.205555556
851,0,1.373220565,1.731448763
852,0,2.018882497,1.928372677
853,0,2.054043240,1.998766122
854,0,2.000334725,1.955938692
855,0,2.776123612,2.034446947
856,0,2.441437769,2.038033027
857,0,1.933360741,1.546634767
858,0,2.033091794,2.024641567
859,0,2.256602150,2.227476308
860,0,2.709820093,2.483985474
861,0,2.271506023,2.692184792
862,0,3.032161655,2.740524707
863,0,1.429871223,2.384207935
864,0,0.999999004,1.001175033
865,0,1.870950296,1.200000000
866,0,1.532052448,1.123016074
867,0,2.005036783,1.384884467
868,0,0.999999979,0.999830802
869,0,0.302292189,0.080000000
870,0,1.000000000,1.000002724
871,0,0.302292189,0.080000000
872,0,1.257422929,1.047844902
873,0,1.111242665,1.784311460
874,0,1.000000000,1.000000036
875,0,0.302292189,0.080000000
876,0,1.000000000,0.999999999
877,0,0.302292189,0.080000000
878,0,1.012773762,1.001377513
879,0,0.303367094,0.080344681
880,0,1.000000000,1.000000000
881,0,1.500000000,2.000000000
882,0,1.000000000,1.000000000
883,0,1.870950594,2.000000000
884,0,1.532052555,1.123333333
885,0,1.281822019,0.547591566
886,0,1.046671479,1.025644256
887,0,1.060747625,2.027824405
888,0,1.270357622,1.072064932
889,0,-0.000000000,0.000000000
890,0,1.000000000,1.000000000
891,0,1.021928095,0.400000000
892,0,1.000000000,1.000000000
893,0,1.870950594,1.400000000
894,0,1.138751800,1.022289157
895,0,0.322015486,0.086317345
896,0,1.014140682,1.001494914
897,0,0.303528071,0.080394898
898,0,1.060498776,1.008280042
899,0,0.308760152,0.082080146
900,0,1.013103349,1.001421070
901,0,0.303399427,0.080355045
902,0,1.060434748,1.008264394
903,0,0.308748798,0.082076186
904,0,1.013095444,1.001418591
905,0,-0.000000000,0.000000000
906,0,1.000000000,1.000000000
907,0,1.870950594,2.000000000
908,0,1.138751800,1.022289157
909,0,1.605473788,2.010596940
910,0,1.232819581,1.042471075
911,0,-0.000000000,0.000000000
912,0,1.000000000,1.000000000
913,0,1.870950594,1.400000000
914,0,1.905928216,1.642857143
915,0,1.776700037,2.025299401
916,0,2.584058119,1.824315892
917,0,1.980936999,1.285712076
918,0,1.629366699,1.170828465
919,0,0.450913062,0.146185257
920,0,1.370259705,1.080065510
921,0,0.371690155,0.107008654
922,0,1.024318364,1.008644798
923,0,1.554586882,2.005507269
924,0,2.494702128,1.817781490
925,0,2.043523196,1.351183055
926,0,1.234567685,1.045340261
927,0,1.101137126,0.443826625
928,0,1.840513499,1.237926224
929,0,-0.000000000,0.000000000
930,0,1.000000000,1.000000000
931,0,0.302292189,0.080000000
932,0,1.012773762,1.001377513
933,0,0.303367094,0.080344681
934,0,1.000000000,1.000000000
935,0,1.021928095,0.400000000
936,0,1.052690404,1.007034221
937,0,-0.000000000,0.000000000
938,0,1.000000000,1.000000000
939,0,0.302292189,0.080000000
940,0,1.000000000,1.000000000
941,0,-0.000000000,0.000000000
942,0,1.000000000,1.000000000
943,0,1.021928095,0.400000000
944,0,1.228118215,1.041111111
945,0,-0.000000000,0.000000000
946,0,1.000000000,1.000000000
947,0,1.870950594,1.400000000
948,0,2.305215896,1.504545455
949,0,-0.000000000,0.000000000
950,0,1.000000000,1.000000000
951,0,1.870950594,1.200000000
952,0,1.138751800,1.022289157
953,0,0.319766260,0.085651291
954,0,1.013646706,1.001489339
955,0,1.024776119,0.401545426
956,0,1.228910656,1.041297624
957,0,1.099296758,0.443195143
958,0,1.000000000,1.000000000
959,0,1.021928095,0.400000000
960,0,1.000000000,1.000000000
961,0,0.302292189,0.080000000
962,0,1.060184319,1.008222222
963,0,1.884579970,1.213921204
964,0,1.000000000,1.000000000
965,0,1.021928095,0.400000000
966,0,1.000000000,1.000000000
967,0,1.870950594,2.000000000
968,0,1.532052555,1.123333333
969,0,0.401554049,0.113415966
970,0,1.000000000,1.000000000
971,0,0.302292189,0.080000000
972,0,1.012773762,1.001377513
973,0,-0.000000000,0.000000000
974,0,1.000000000,1.000000000
975,0,-0.000000000,0.000000000
976,0,1.000000000,1.000000000
977,0,0.302292189,0.080000000
978,0,1.060184319,1.008222222
979,0,1.037639028,0.408572389
980,0,1.000000000,1.000000000
981,0,1.500000000,1.000000000
982,0,1.764492375,1.205555556
983,0,-0.000000000,0.000000000
984,0,1.000000000,1.000000000
985,0,-0.000000000,0.000000000
986,0,1.000000000,1.000000000
987,0,1.021928095,1.800000000
988,0,1.228118215,1.041111111
989,0,0.338458490,0.091792241
990,0,1.004580144,1.001439848
991,0,0.004969346,0.002334888
992,0,1.001936583,1.000752548
993,0,1.872100111,1.200369202
994,0,1.411647263,1.185588690
995,0,1.174692025,0.648728323
996,0,1.056266318,0.564833622
997,0,1.514762344,1.061838290
998,0,1.034341571,0.436258871
999,0,0.200924138,0.062117864
1000,0,1.029007873,0.422755463
1001,0,0.545153534,0.173649599
1002,0,1.656120849,1.356615800
1003,0,1.463907642,1.640536366
1004,0,1.413474482,0.615079203
1005,0,2.040803864,1.644188747
1006,0,1.498161977,1.655554237
1007,0,1.034530956,1.535602721
1008,0,-0.000000000,0.000000000
1009,0,1.000000000,1.000000000
1010,0,1.500000000,1.000000000
1011,0,2.175762200,1.555789474
1012,0,2.102866866,1.334912585
1013,0,1.667014978,1.018920355
1014,0,2.556141716,2.190243868
1015,0,2.032039035,1.521757387
1016,0,2.389759430,2.007461095
1017,0,2.099001311,1.410903686
1018,0,1.981384345,1.257640956
1019,0,0.780137235,0.413868357
1020,0,1.950694092,1.266598659
1021,0,1.331667665,0.572855987
1022,0,1.498350573,1.786536300
1023,0,1.560465300,1.602161746
1024,0,2.115975931,1.500260009
1025,0,1.541158660,0.723654977
1026,0,1.581378404,1.557122331
1027,0,2.178682771,1.269328073
1028,0,1.889133888,1.844441292
1029,0,1.759918171,1.191830278
1030,0,1.466683434,1.867685546
1031,0,1.070135830,1.813057211
1032,0,1.273994349,1.240614410
1033,0,0.938027846,0.484479789
1034,0,0.361924997,0.132108412
1035,0,0.638625076,0.316248016
1036,0,1.169905760,0.628291945
1037,0,0.059135508,0.012273026
1038,0,-0.000000000,0.000000000
1039,0,-0.000000000,0.000000000
1040,0,-0.000000000,0.000000000
1041,0,-0.000000000,0.000000000
1042,0,0.282292189,0.080000000
1043,0,0.009543159,0.001486989
1044,0,1.577225042,1.400243389
1045,0,0.424855202,2.001386092
1046,0,1.795248180,1.421848765
1047,0,0.176169223,0.049032342
1048,0,-0.000000000,0.000000000
1049,0,-0.000000000,0.000000000
1050,0,0.921928095,1.800000000
1051,0,0.175964403,0.044444444
1052,0,0.309486490,0.087726358
1053,0,-0.000000000,0.000000000
1054,0,0.921928095,0.400000000
1055,0,-0.000000000,0.000000000
1056,0,1.570950594,1.200000000
1057,0,0.420026002,0.133333333
1058,0,-0.000000000,0.000000000
1059,0,-0.000000000,0.000000000
1060,0,0.282292189,0.080000000
1061,0,-0.000000000,0.000000000
1062,0,0.921928095,0.400000000
1063,0,0.175964403,0.044444444
1064,0,0.309486490,0.087726358
1065,0,-0.000000000,0.000000000
1066,0,-0.000000000,0.000000000
1067,0,-0.000000000,0.000000000
1068,0,-0.000000000,0.000000000
1069,0,-0.000000000,0.000000000
1070,0,-0.000000000,0.000000000
1071,0,-0.000000000,0.000000000
1072,0,0.921928095,0.400000000
1073,0,0.039584219,0.007547170
1074,0,1.596273766,1.401333056
1075,0,-0.000000000,0.000000000
1076,0,0.921928095,0.400000000
1077,0,0.039584219,0.007547170
1078,0,-0.000000000,0.000000000
1079,0,-0.000000000,0.000000000
1080,0,-0.000000000,0.000000000
1081,0,-0.000000000,0.000000000
1082,0,0.282292189,0.080000000
1083,0,0.045570069,0.008888889
1084,0,1.599986441,1.210095565
1085,0,0.444815129,0.142977722
1086,0,0.365219789,0.105295662
1087,0,0.087500676,0.021525322
1088,0,-0.000000000,0.000000000
1089,0,-0.000000000,0.000000000
1090,0,-0.000000000,0.000000000
1091,0,-0.000000000,0.000000000
1092,0,1.570950594,1.200000000
1093,0,-0.000000000,0.000000000
1094,0,0.282292189,0.080000000
1095,0,0.045570069,0.008888889
1096,0,1.065179155,1.013343037
1097,0,0.216088673,0.062910575
1098,0,1.054224425,0.455958494
1099,0,0.122956223,0.043234583
1100,0,0.116761387,0.048380944
1101,0,0.017009199,0.004665688
1102,0,0.293179759,0.082959983
1103,0,0.023153234,0.004526926
1104,0,1.573522225,1.205163924
1105,0,0.813098670,0.365967518
1106,0,1.644037042,0.837480723
1107,0,0.193781129,0.054667044
1108,0,1.169242119,1.023796719
1109,0,0.864375964,0.522081578
1110,0,1.461944792,1.059066877
1111,0,0.930079627,0.567359933
1112,0,1.197683103,0.897661951
1113,0,1.128851619,1.085007786
1114,0,1.298647554,1.226586248
1115,0,0.874915593,1.369777483
1116,0,1.236535748,0.652926229
1117,0,0.558095154,0.353052455
1118,0,1.232893083,0.660896639
1119,0,0.514351708,0.358167004
1120,0,0.498267682,0.237335393
1121,0,0.215700749,0.142994490
1122,0,1.552764392,1.495597441
1123,0,0.952234975,0.520087370
1124,0,0.481823401,0.173255693
1125,0,0.035809410,0.013308548
1126,0,0.934746323,0.403189804
1127,0,0.041740293,0.008082818
1128,0,0.287613418,0.081352198
1129,0,-0.000000000,0.000000000
1130,0,1.000000000,1.000000000
1131,0,0.164134333,0.040816327
1132,0,0.307356812,0.087084871
1133,0,0.012135728,0.002049434
1134,0,-0.000000000,0.000000000
1135,0,-0.000000000,0.000000000
1136,0,0.282292189,0.080000000
1137,0,-0.000000000,0.000000000
1138,0,-0.000000000,0.000000000
1139,0,-0.000000000,0.000000000
1140,0,0.282292189,0.080000000
1141,0,-0.000000000,0.000000000
1142,0,-0.000000000,0.000000000
1143,0,-0.000000000,0.000000000
1144,0,0.282292189,0.080000000
1145,0,0.045570069,0.008888889
1146,0,0.288142907,0.081522601
1147,0,0.010139645,0.001607767
1148,0,0.925645504,0.401136808
1149,0,0.000119452,0.000038329
1150,0,0.282411641,0.080037563
1151,0,0.045602598,0.008897703
1152,0,0.000032864,0.000009889
1153,0,0.000033732,0.000011687
1154,0,0.921939785,1.800003066
1155,0,0.000012391,0.000003935
1156,0,1.570950829,1.200000041
1157,0,0.000000229,0.000000049
1158,0,0.000000240,0.000000057
1159,0,0.000000199,0.000000055
1160,0,1.570951048,1.200000121
1161,0,0.000000388,0.000000141
1162,0,0.921928095,0.400000000
1163,0,0.039584219,0.007547170
1164,0,0.936957107,1.798993289
1165,0,0.041656256,0.008051331
1166,0,-0.000000000,0.000000000
1167,0,-0.000000000,0.000000000
1168,0,0.282292189,0.080000000
1169,0,0.045570069,0.008888889
1170,0,0.288142907,0.081522601
1171,0,0.010139645,0.001607767
1172,0,1.577902460,1.400282270
1173,0,0.425414271,0.135158911
1174,0,-0.000000000,0.000000000
1175,0,-0.000000000,0.000000000
1176,0,1.570950594,1.400000000
1177,0,0.104041954,0.023529412
1178,0,-0.000000000,0.000000000
1179,0,-0.000000000,0.000000000
1180,0,-0.000000000,0.000000000
1181,0,-0.000000000,0.000000000
1182,0,-0.000000000,0.000000000
1183,0,-0.000000000,0.000000000
1184,0,0.282292189,0.080000000
1185,0,-0.000000000,0.000000000
1186,0,0.921928095,0.400000000
1187,0,0.175964403,0.044444444
1188,0,0.997329770,0.431683168
1189,0,0.224142085,0.061716172
1190,0,0.317933835,0.089833436
1191,0,0.065571620,0.014626350
1192,0,0.291352628,0.082194030
1193,0,0.050924530,0.010297554
1194,0,0.942177078,0.406998645
1195,0,0.189210220,0.048728304
1196,0,-0.000000000,0.000000000
1197,0,-0.000000000,0.000000000
1198,0,-0.000000000,0.000000000
1199,0,-0.000000000,0.000000000
1200,0,0.921928095,0.400000000
1201,0,0.039584219,0.007547170
1202,0,-0.000000000,0.000000000
1203,0,-0.000000000,0.000000000
1204,0,0.282292189,0.080000000
1205,0,-0.000000000,0.000000000
1206,0,0.921928095,0.400000000
1207,0,0.175964403,0.044444444
1208,0,0.997329770,1.794059406
1209,0,0.718039217,2.000000000
1210,0,1.759567866,2.906168354
1211,0,0.892347625,3.515666730
1212,0,2.372885938,2.377818541
1213,0,1.987404739,2.089533395
1214,0,2.194513121,1.717227365
1215,0,0.829660295,0.478727576
1216,0,1.397703298,0.640580886
1217,0,0.672825262,0.323768236
1218,0,0.014041732,0.009983745
1219,0,0.010736049,0.009329223
1220,0,0.014207679,0.010492929
1221,0,0.003502652,0.001983848
1222,0,0.922551799,1.800200499
1223,0,0.039604700,0.007554252
1224,0,0.023810173,0.006301150
1225,0,0.021788497,0.007565527
1226,0,0.942748376,0.407011305
1227,0,0.197672390,0.054176358
1228,0,0.325299623,0.095758653
1229,0,0.022334691,0.005785014
1230,0,0.000975968,0.000388223
1231,0,0.001009652,0.000459517
1232,0,0.000458946,0.000172060
1233,0,0.000178705,0.000060547
1234,0,0.282338483,0.080013345
1235,0,0.009551206,0.001488820
1236,0,0.925286110,0.401059288
1237,0,0.040029264,0.007647576
1238,0,1.596894698,1.401388905
1239,0,0.441947707,0.141745743
1240,0,1.806624553,1.342097965
1241,0,0.690625219,0.276684897
1242,0,1.777390419,1.523542716
1243,0,0.070892262,0.051172359
1244,0,0.992795367,0.446047859
1245,0,0.095985919,0.054946247
1246,0,0.049933158,0.044784568
1247,0,0.022612429,0.016482483
1248,0,-0.000000000,0.000000000
1249,0,-0.000000000,0.000000000
1250,0,-0.000000000,0.000000000
1251,0,-0.000000000,0.000000000
1252,0,0.282292189,0.080000000
1253,0,0.045570069,0.008888889
1254,0,0.288142907,0.081522601
1255,0,0.010139645,0.001607767
1256,0,0.283435175,0.080268338
1257,0,0.009661557,0.001509466
1258,0,0.925334006,1.799799771
1259,0,-0.000000000,0.000000000
1260,0,0.282292189,0.080000000
1261,0,0.045570069,0.008888889
1262,0,-0.000000000,0.000000000
1263,0,-0.000000000,0.000000000
1264,0,-0.000000000,0.000000000
1265,0,-0.000000000,0.000000000
1266,0,0.921928095,1.800000000
1267,0,0.175964403,0.044444444
1268,0,0.997329770,0.431683168
1269,0,0.224142085,0.061716172
1270,0,0.319572919,0.090447172
1271,0,0.014020855,0.002555094
1272,0,0.928309113,0.401780884
1273,0,0.043720428,0.008779469
1274,0,0.004056540,0.001234550
1275,0,0.000953784,0.000230861
1276,0,0.922784109,0.400189156
1277,0,0.000566583,0.000199951
1278,0,0.282539287,0.080071061
1279,0,0.000168694,0.000049327
1280,0,0.282307289,0.080003147
1281,0,0.000014817,0.000003365
1282,0,0.282294700,0.080000447
1283,0,0.085674843,0.020779271
1284,0,1.625605063,1.214898946
1285,0,0.863564124,0.558706186
1286,0,1.406464283,0.945387364
1287,0,0.106100841,0.027858483
1288,0,0.952976302,0.420223814
1289,0,0.435823742,0.178791796
1290,0,0.818141325,0.361656712
1291,0,0.056200869,0.012785180
1292,0,1.051832576,1.012770022
1293,0,0.000819276,0.000214680
1294,0,1.073332080,1.010523818
1295,0,0.810721892,0.495874761
1296,0,1.449924556,1.056601780
1297,0,1.336132976,0.753274725
1298,0,1.566778656,1.088853554
1299,0,0.988803256,0.570276612
1300,0,2.023012771,1.151655991
1301,0,2.113143217,1.962906968
1302,0,2.512367529,1.973215051
1303,0,2.018054131,1.460776634
1304,0,1.129189141,0.724567490
1305,0,0.880380838,0.485351731
1306,0,0.916428682,0.383562418
1307,0,1.504028327,0.641477223
1308,0,0.792320725,0.272417149
1309,0,1.102758487,0.505307174
1310,0,0.991252773,0.889992258
1311,0,0.302117245,0.080000000
1312,0,1.012767185,1.003183671
1313,0,-0.000000000,0.000000000
1314,0,1.000000000,1.000000000
1315,0,-0.000000000,0.000000000
1316,0,1.000000000,1.000000000
1317,0,1.021928095,0.400000000
1318,0,1.228118215,1.041111111
1319,0,0.338458490,0.091792241
1320,0,1.019079741,1.003045324
1321,0,1.551159136,2.006205804
1322,0,2.499143597,1.709865218
1323,0,1.916933815,1.555584361
1324,0,1.149103372,1.023323477
1325,0,1.080712982,0.429390061
1326,0,1.059977355,1.009733615
1327,0,1.043944952,0.410436364
1328,0,1.015931328,1.006734566
1329,0,0.001878399,0.001309815
1330,0,1.000720321,1.000331849
1331,0,1.871411147,1.200256168
1332,0,1.532520296,1.123534797
1333,0,2.005351548,2.005522172
1334,0,1.000356221,1.000137327
1335,0,0.302620979,0.080187560
1336,0,1.257525193,1.047881658
1337,0,0.344407511,0.093805893
1338,0,1.020051877,1.003609697
1339,0,1.031753426,0.404404579
1340,0,1.003652684,1.001586235
1341,0,0.302292785,0.080000223
1342,0,1.000000473,0.999998835
1343,0,-0.000000000,0.000000000
1344,0,1.000000000,1.000000000
1345,0,0.302292189,2.000000000
1346,0,1.012773762,1.001377513
1347,0,1.024571058,0.401435139
1348,0,1.228852925,1.041283932
1349,0,1.929240175,1.267137759
1350,0,1.148785250,1.024422043
1351,0,0.321286923,0.086142837
1352,0,1.064482415,1.008947010
1353,0,-0.000000000,0.000000000
1354,0,1.000000000,1.000000000
1355,0,1.870950594,1.400000000
1356,0,1.000000000,1.000000000
1357,0,0.302292189,0.080000000
1358,0,1.012773762,1.001377513
1359,0,0.303367094,2.000000000
1360,0,1.258363482,1.048073651
1361,0,0.340203288,0.092388480
1362,0,1.000000000,1.000000000
1363,0,1.021928095,0.400000000
1364,0,1.784319623,1.213461538
1365,0,2.052217958,1.488259109
1366,0,1.000000000,1.000000000
1367,0,1.500000000,2.000000000
1368,0,1.220308818,1.039361702
1369,0,1.095770152,2.000000000
1370,0,1.000000000,1.000000000
1371,0,-0.000000000,0.000000000
1372,0,1.000000000,1.000000000
1373,0,1.021928095,0.400000000
1374,0,1.000000000,1.000000000
1375,0,0.302292189,0.080000000
1376,0,1.012773762,1.001377513
1377,0,-0.000000000,0.000000000
1378,0,1.000000000,1.000000000
1379,0,0.302292189,0.080000000
1380,0,1.012773762,1.001377513
1381,0,0.303367094,0.080344681
1382,0,1.012827240,1.001384331
1383,0,-0.000000000,0.000000000
1384,0,1.000000000,1.000000000
1385,0,0.302292189,0.080000000
1386,0,1.000000000,1.000000000
1387,0,1.021928095,0.400000000
1388,0,1.052690404,1.007034221
1389,0,1.882728310,1.211927297
1390,0,1.140537854,1.022665803
1391,0,1.064807350,2.000000000
1392,0,1.055728648,1.007534601
1393,0,0.308157553,0.081884817
1394,0,1.000000000,1.000000000
1395,0,0.302292189,0.080000000
1396,0,1.060184319,1.008222222
1397,0,1.884579970,1.398848861
1398,0,1.538715035,1.125591448
1399,0,-0.000000000,0.000000000
1400,0,1.000000000,1.000000000
1401,0,1.021928095,1.800000000
1402,0,1.000000000,1.000000000
1403,0,-0.000000000,0.000000000
1404,0,1.000000000,1.000000000
1405,0,0.302292189,0.080000000
1406,0,1.012773762,1.001377513
1407,0,1.024571058,0.401435139
1408,0,1.052875527,1.007064537
1409,0,0.307810326,0.081773543
1410,0,1.061427940,1.008430604
1411,0,-0.000000000,0.000000000
1412,0,1.000000000,1.000000000
1413,0,1.021928095,0.400000000
1414,0,1.228118215,1.041111111
1415,0,-0.000000000,0.000000000
1416,0,1.000000000,1.000000000
1417,0,-0.000000000,0.000000000
1418,0,1.000000000,1.000000000
1419,0,1.870950594,2.000000000
1420,0,2.305215896,3.000000000
1421,0,2.202373745,1.949667995
1422,0,1.910451225,1.471813181
1423,0,0.650137101,0.258207423
1424,0,1.186501084,1.138598563
1425,0,1.156706437,0.519182192
1426,0,0.999999017,0.998832761
1427,0,0.302292169,0.080000000
1428,0,1.060184316,1.008243233
1429,0,1.041968397,0.409740448
1430,0,1.318718169,1.079960264
1431,0,2.084079509,1.490147511
1432,0,2.100811475,1.676510390
1433,0,2.161132655,1.662069696
1434,0,1.898564129,1.566759478
1435,0,1.637520587,0.833966773
1436,0,1.548077304,1.118151264
1437,0,1.572222592,0.856824542
1438,0,1.353392895,1.105318855
1439,0,1.581095038,0.829098627
1440,0,1.641062707,2.868351007
1441,0,2.006955185,1.753126151
1442,0,1.648859587,1.232667202
1443,0,1.416433052,0.607251272
1444,0,0.483291357,0.200482344
1445,0,1.806272496,1.229794013
1446,0,1.671937736,1.300037371
1447,0,1.134173270,0.538932350
1448,0,1.599726524,1.587901470
1449,0,1.006078346,0.528900271
1450,0,0.831952884,0.331196689
1451,0,1.138492619,1.065485599
1452,0,1.577362863,0.767049012
1453,0,1.226077346,1.034963611
1454,0,0.838710958,1.469342224
1455,0,-0.000000000,0.000000000
1456,0,0.282292189,0.080000000
1457,0,0.045570069,0.008888889
1458,0,-0.000000000,0.000000000
1459,0,-0.000000000,0.000000000
1460,0,-0.000000000,0.000000000
1461,0,-0.000000000,0.000000000
1462,0,0.921928095,1.800000000
1463,0,0.175964403,0.044444444
1464,0,1.675578081,1.248989298
1465,0,-0.000000000,0.000000000
1466,0,0.282292189,0.080000000
1467,0,0.045570069,0.008888889
1468,0,1.599986441,1.401568243
1469,0,1.245761473,1.990083095
1470,0,1.618886165,1.714668599
1471,0,1.652541018,1.172178624
1472,0,1.812814136,1.045325955
1473,0,0.372180289,0.155150550
1474,0,0.353515369,0.098484930
1475,0,-0.000000000,0.000000000
1476,0,-0.000000000,0.000000000
1477,0,-0.000000000,0.000000000
1478,0,-0.000000000,0.000000000
1479,0,-0.000000000,0.000000000
1480,0,0.282292189,0.080000000
1481,0,0.045570069,0.008888889
1482,0,-0.000000000,0.000000000
1483,0,-0.000000000,0.000000000
1484,0,0.921928095,0.400000000
1485,0,0.039584219,0.007547170
1486,0,0.287297754,0.081292059
1487,0,0.010052757,0.001589476
1488,0,-0.000000000,0.000000000
1489,0,-0.000000000,0.000000000
1490,0,0.921928095,0.400000000
1491,0,0.039584219,0.007547170
1492,0,1.596273766,1.401333056
1493,0,0.441403071,0.141531312
1494,0,0.364565438,0.105112174
1495,0,0.018469842,0.003582802
1496,0,1.080620560,1.020956962
1497,0,0.176162843,0.044633820
1498,0,-0.000000000,0.000000000
1499,0,-0.000000000,0.000000000
1500,0,1.570950594,1.400000000
1501,0,0.104041954,0.023529412
1502,0,1.141948441,1.037453184
1503,0,0.190901518,0.049843431
1504,0,0.311809390,0.088179873
1505,0,0.061314753,0.013297226
1506,0,1.617299670,1.402166233
1507,0,0.114503554,0.026684618
1508,0,0.969765097,1.796586817
1509,0,0.756764454,0.294390781
1510,0,-0.000000000,0.000000000
1511,0,-0.000000000,0.000000000
1512,0,0.282292189,0.080000000
1513,0,0.045570069,0.008888889
1514,0,0.288142907,0.081522601
1515,0,0.048449749,0.009608776
1516,0,0.940796812,0.406681380
1517,0,0.187990730,0.048299642
1518,0,1.003200126,0.433559474
1519,0,0.823583109,0.334936583
1520,0,0.465040415,0.138993816
1521,0,-0.000000000,0.000000000
1522,0,-0.000000000,0.000000000
1523,0,-0.000000000,0.000000000
1524,0,-0.000000000,0.000000000
1525,0,-0.000000000,0.000000000
1526,0,0.921928095,1.800000000
1527,0,0.039584219,0.007547170
1528,0,-0.000000000,0.000000000
1529,0,-0.000000000,0.000000000
1530,0,0.921928095,0.400000000
1531,0,0.039584219,0.007547170
1532,0,0.287297754,0.081292059
1533,0,0.010052757,0.001589476
1534,0,-0.000000000,0.000000000
1535,0,-0.000000000,0.000000000
1536,0,0.282292189,0.080000000
1537,0,-0.000000000,0.000000000
1538,0,-0.000000000,0.000000000
1539,0,-0.000000000,0.000000000
1540,0,0.921928095,0.400000000
1541,0,0.175964403,0.044444444
1542,0,0.309486490,0.087726358
1543,0,0.058905047,0.012541918
1544,0,-0.000000000,0.000000000
1545,0,-0.000000000,0.000000000
1546,0,0.921928095,0.400000000
1547,0,0.039584219,0.007547170
1548,0,1.596273766,1.208581546
1549,0,1.237543553,0.630304696
1550,0,1.615341845,0.855162071
1551,0,0.179680044,0.056220892
1552,0,1.013043881,0.429165015
1553,0,-0.000000000,0.000000000
1554,0,-0.000000000,0.000000000
1555,0,-0.000000000,0.000000000
1556,0,1.000000000,1.000000000
1557,0,0.614369446,0.222222222
1558,0,1.230222672,0.560000000
1559,0,-0.000000000,0.000000000
1560,0,1.000000000,1.000000000
1561,0,0.164134333,0.040816327
1562,0,0.991774586,0.429090909
1563,0,0.220518994,0.060303030
1564,0,1.729926644,1.416175318
1565,0,0.168566975,0.052093981
1566,0,1.016037859,0.439445308
1567,0,0.238825684,0.070079601
1568,0,1.749422143,1.427847079
1569,0,-0.000000000,0.000000000
1570,0,0.282292189,0.080000000
1571,0,-0.000000000,0.000000000
1572,0,0.282292189,0.080000000
1573,0,0.009543159,0.001486989
1574,0,0.925278881,1.799801718
1575,0,0.177995377,0.045020930
1576,0,1.677160121,1.249419548
1577,0,0.131610068,0.032423984
1578,0,0.301657920,0.085096809
1579,0,0.056448032,0.011872992
1580,0,0.005511942,0.001749673
1581,0,0.002298105,0.000700073
1582,0,0.923450983,0.400403728
1583,0,0.040811697,0.007997154
1584,0,0.288453166,0.081739213
1585,0,0.049238467,0.010054613
1586,0,1.603713439,1.210939944
1587,0,0.448632304,0.144481303
1588,0,1.141209566,0.503055632
1589,0,0.001080812,0.000562656
1590,0,1.571076687,1.400032239
1591,0,0.104090850,0.023545016
1592,0,0.297133795,0.084066539
1593,0,0.011077574,0.001812071
1594,0,0.284394288,0.080516997
1595,0,0.047100712,0.009321020
1596,0,0.940163209,0.406558613
1597,0,0.042253039,0.008221473
1598,0,0.287876230,0.081433634
1599,0,0.048415042,0.009608138
1600,0,0.000149267,0.000048874
1601,0,0.000033898,0.000009367
1602,0,0.282327104,0.080010514
1603,0,0.009544791,0.001487350
1604,0,0.283561441,0.080311860
1605,0,0.000713673,0.000170159
1606,0,1.571611280,1.400062596
1607,0,0.669976543,1.702856142
1608,0,2.036733754,1.980200448
1609,0,1.512226568,1.810888674
1610,0,1.001391793,1.868912195
1611,0,1.324351400,0.558147343
1612,0,1.471788190,0.752317376
1613,0,0.774006540,0.275766221
1614,0,1.202785142,1.680315153
1615,0,1.491980381,0.802159503
1616,0,1.004074203,0.437651553
1617,0,1.100543025,0.471945673
1618,0,1.057032372,1.084662442
1619,0,1.037664003,0.408897067
1620,0,0.999956641,0.992247107
1621,0,0.302291322,0.080000000
1622,0,1.060184180,1.008361774
1623,0,-0.000000000,0.000000000
1624,0,1.000000000,1.000000000
1625,0,1.021928095,2.000000000
1626,0,1.000000000,1.000000000
1627,0,-0.000000000,0.000000000
1628,0,1.000000000,1.000000000
1629,0,0.302292189,0.080000000
1630,0,1.060184319,1.008222222
1631,0,-0.000000000,0.000000000
1632,0,1.000000000,1.000000000
1633,0,1.021928095,0.400000000
1634,0,1.000000000,1.000000000
1635,0,1.021928095,0.400000000
1636,0,1.052690404,1.007034221
1637,0,1.540702475,2.003495491
1638,0,2.049964816,1.674148532
1639,0,1.584228737,2.000000000
1640,0,1.000000000,1.000000000
1641,0,-0.000000000,0.000000000
1642,0,1.000000000,1.000000000
1643,0,0.302292189,0.080000000
1644,0,1.000000000,1.000000000
1645,0,0.302292189,0.080000000
1646,0,1.012773762,1.001377513
1647,0,1.509801233,2.000696195
1648,0,1.000000000,1.000000000
1649,0,0.302292189,0.080000000
1650,0,1.060184319,1.008222222
1651,0,-0.000000000,0.000000000
1652,0,1.000000000,1.000000000
1653,0,-0.000000000,0.000000000
1654,0,1.000000000,1.000000000
1655,0,1.870950594,1.400000000
1656,0,2.305215896,1.863636364
1657,0,2.076761654,2.015706320
1658,0,1.234000859,1.048233531
1659,0,0.387700465,0.114955399
1660,0,1.042622526,1.016537497
1661,0,0.047112011,0.030707679
1662,0,1.034731395,1.028378345
1663,0,1.628726274,1.097356881
1664,0,1.135220250,1.136321538
1665,0,1.500000000,1.000000000
1666,0,1.764492375,1.205555556
1667,0,0.487677989,2.003778023
1668,0,1.118861577,1.021356198
1669,0,1.052539314,0.416551130
1670,0,0.999999803,1.000522439
1671,0,-0.000000000,0.000000000
1672,0,1.000000000,1.000000000
1673,0,1.500000000,1.000000000
1674,0,1.968231785,2.129738562
1675,0,1.599934464,1.153597382
1676,0,1.212656926,0.631842210
1677,0,1.193620319,1.787195313
1678,0,1.388137605,1.150746580
1679,0,1.788732731,2.179809056
1680,0,2.612256954,3.304556364
1681,0,2.245400061,2.369709044
1682,0,0.979815332,1.166886634
1683,0,1.489907666,2.166886634
1684,0,1.215646250,1.117656389
1685,0,-0.000000000,0.000000000
1686,0,1.000000000,1.000000000
1687,0,-0.000000000,0.000000000
1688,0,1.000000000,1.000000000
1689,0,-0.000000000,0.000000000
1690,0,1.000000000,1.000000000
1691,0,1.021928095,0.400000000
1692,0,1.228118215,1.041111111
1693,0,1.668546004,1.063790075
1694,0,1.000000000,1.000000000
1695,0,1.021928095,0.400000000
1696,0,1.000000000,1.000000000
1697,0,1.021928095,0.400000000
1698,0,1.000000000,1.000000000
1699,0,0.302292189,0.080000000
1700,0,1.012773762,1.001377513
1701,0,1.024571058,2.000000000
1702,0,1.228852925,1.041283932
1703,0,0.334795061,0.090592334
1704,0,1.285713229,1.054848158
1705,0,1.123329218,0.457060471
1706,0,1.060004460,1.008249254
1707,0,0.308684682,0.082053793
1708,0,1.013092923,1.001418320
1709,0,-0.000000000,0.000000000
1710,0,1.000000000,1.000000000
1711,0,-0.000000000,0.000000000
1712,0,1.000000000,1.000000000
1713,0,0.302292189,0.080000000
1714,0,1.012773762,1.001377513
1715,0,0.303367094,0.080344681
1716,0,1.000000000,1.000000000
1717,0,0.302292189,0.080000000
1718,0,1.012773762,1.001377513
1719,0,0.303367094,0.080344681
1720,0,1.000000000,1.000000000
1721,0,1.500000000,2.000000000
1722,0,1.764492375,1.205555556
1723,0,0.471983100,0.138986509
1724,0,1.000000000,1.000000000
1725,0,0.302292189,0.080000000
1726,0,1.012773762,1.001377513
1727,0,-0.000000000,0.000000000
1728,0,1.000000000,1.000000000
1729,0,1.021928095,0.400000000
1730,0,1.228118215,1.041111111
1731,0,0.334665510,0.090549664
1732,0,1.000000000,1.000000000
1733,0,0.302292189,0.080000000
1734,0,1.060184319,1.008222222
1735,0,0.308717777,0.082066230
1736,0,1.263040278,1.049215565
1737,0,-0.000000000,0.000000000
1738,0,1.000000000,1.000000000
1739,0,-0.000000000,0.000000000
1740,0,1.000000000,1.000000000
1741,0,-0.000000000,0.000000000
1742,0,1.000000000,1.000000000
1743,0,0.302292189,0.080000000
1744,0,1.012773762,1.001377513
1745,0,1.509801233,2.000696195
1746,0,1.766618876,3.000000000
1747,0,2.228454715,2.461247036
1748,0,1.997110031,3.000000000
1749,0,1.786049613,2.032474221
1750,0,2.580684751,1.853309526
1751,0,-0.000000000,0.000000000
1752,0,1.000000000,1.000000000
1753,0,0.302292189,0.080000000
1754,0,1.012773762,1.001377513
1755,0,1.873460820,1.399805497
1756,0,1.139104175,1.022363362
1757,0,-0.000000000,0.000000000
1758,0,1.000000000,1.000000000
1759,0,0.302292189,0.080000000
1760,0,1.012773762,1.001377513
1761,0,1.873460820,1.399805497
1762,0,1.533181295,1.123714859
1763,0,0.401839028,0.113515505
1764,0,1.000000000,1.000000000
1765,0,-0.000000000,0.000000000
1766,0,1.000000000,1.000000000
1767,0,1.870950594,1.400000000
1768,0,1.138751800,1.022289157
1769,0,0.319766260,0.085651291
1770,0,1.272670312,1.051588390
1771,0,0.342868853,0.093272997
1772,0,1.069380963,1.009784480
1773,0,1.553904930,2.004875926
1774,0,1.779182976,1.211975646
1775,0,1.381494884,0.624656264
1776,0,1.080838544,1.011873607
1777,0,1.890150924,1.399072173
1778,0,2.317218375,1.514140327
1779,0,1.758552018,0.964393792
1780,0,1.477061136,1.109192525
1781,0,-0.000000000,0.000000000
1782,0,1.000000000,1.000000000
1783,0,-0.000000000,0.000000000
1784,0,1.000000000,1.000000000
1785,0,1.021928095,2.000000000
1786,0,1.000000000,1.000000000
1787,0,1.870950594,2.000000000
1788,0,1.138751800,1.022289157
1789,0,1.064163411,2.000000000
1790,0,1.814038860,3.000000000
1791,0,1.974029963,2.068552576
1792,0,1.000000000,1.000000000
1793,0,-0.000000000,0.000000000
1794,0,1.000000000,1.000000000
1795,0,1.021928095,0.400000000
1796,0,1.139609612,1.040985802
1797,0,1.288782485,0.958419796
1798,0,1.771035234,1.763782104
1799,0,1.694750036,1.491227980
1800,0,1.254262552,1.099507514
1801,0,1.713051221,1.518006067
1802,0,1.607442400,1.171285151
1803,0,1.862538979,1.100533918
1804,0,1.957055258,1.420780360
1805,0,1.526198407,2.043676362
1806,0,1.410336838,1.792100806
1807,0,2.199908001,1.262268308
1808,0,0.756877116,0.399287248
1809,0,0.747208971,0.280407808
1810,0,1.258740883,0.523733792
1811,0,1.107506722,0.948123075
1812,0,1.044121193,0.539309786
1813,0,1.534258797,1.658371905
1814,0,1.705107857,0.879856386
1815,0,1.317565878,1.053586446
1816,0,1.188527694,0.633148134
1817,0,1.570896146,1.225863891
1818,0,1.477649013,0.816726155
1819,0,1.614039845,1.299465407
1820,0,1.583128377,0.906882052
1821,0,1.624868126,1.333803025
1822,0,1.629977759,0.951806673
1823,0,1.628072538,2.136680140
1824,0,1.652583048,0.974687995
1825,0,1.420724131,1.354410719
1826,0,1.321074492,0.752737397
1827,0,1.603684139,2.015548564
1828,0,1.785186261,0.977223432
1829,0,1.614473847,1.275621291
1830,0,1.530520503,1.489516060
1831,0,-0.000000000,0.000000000
1832,0,1.570950594,1.200000000
1833,0,1.181290899,0.600000000
1834,0,0.650981982,0.215929204
1835,0,0.050526710,0.012481127
1836,0,1.622611615,1.401914992
1837,0,-0.000000000,0.000000000
1838,0,0.921928095,0.400000000
1839,0,0.039584219,0.007547170
1840,0,-0.000000000,0.000000000
1841,0,-0.000000000,0.000000000
1842,0,0.921928095,1.800000000
1843,0,0.649360865,0.240000000
1844,0,1.621099741,1.247747748
1845,0,-0.000000000,0.000000000
1846,0,1.570950594,1.400000000
1847,0,0.104041954,0.023529412
1848,0,0.297097590,0.084054910
1849,0,-0.000000000,0.000000000
1850,0,0.282292189,0.080000000
1851,0,0.045570069,0.008888889
1852,0,1.065179155,1.013343037
1853,0,1.497707314,0.908002992
1854,0,1.794286158,1.062363949
1855,0,0.865245817,0.427536970
1856,0,2.065203123,2.055383088
1857,0,-0.000000000,0.000000000
1858,0,0.921928095,0.400000000
1859,0,0.175964403,0.044444444
1860,0,0.309486490,0.087726358
1861,0,0.012358551,0.002100416
1862,0,1.580545913,1.401107085
1863,0,-0.000000000,0.000000000
1864,0,1.570950594,1.400000000
1865,0,0.104041954,0.023529412
1866,0,-0.000000000,0.000000000
1867,0,-0.000000000,0.000000000
1868,0,0.921928095,0.400000000
1869,0,0.175964403,0.044444444
1870,0,0.997329770,1.794059406
1871,0,0.224142085,0.061716172
1872,0,0.317933835,0.089833436
1873,0,0.013789323,0.002450954
1874,0,0.283985776,0.080366020
1875,0,0.046556294,0.009123890
1876,0,0.288279555,0.081549780
1877,0,0.048555025,0.009637311
1878,0,0.940854555,0.406694503
1879,0,-0.000000000,0.000000000
1880,0,1.000000000,1.000000000
1881,0,0.164134333,0.040816327
1882,0,0.991774586,0.429090909
1883,0,0.220518994,0.060303030
1884,0,0.023755904,0.009329809
1885,0,0.006311978,0.001869450
1886,0,0.923072709,0.400241046
1887,0,0.373729583,0.122245768
1888,0,0.642377345,0.243571112
1889,0,0.178691473,0.053816087
1890,0,0.488884950,0.163337717
1891,0,0.155394880,0.044897628
1892,0,1.276738614,1.063839927
1893,0,0.516390832,0.221035821
1894,0,1.257991079,1.028982359
1895,0,0.767305667,0.363666468
1896,0,1.668718373,2.258532922
1897,0,1.403303695,0.980235286
1898,0,1.860951305,1.380579314
1899,0,1.278857795,0.761092650
1900,0,1.062160041,0.485965746
1901,0,1.450528775,1.212218286
1902,0,1.821946612,0.929007927
1903,0,2.193734239,1.595283215
1904,0,1.879433560,1.561667184
1905,0,1.705526880,1.780563368
1906,0,2.145601278,1.574782832
1907,0,0.520931989,0.224319110
1908,0,1.833476177,1.552551416
1909,0,1.689854717,0.892293228
1910,0,1.751285505,0.823447237
1911,0,1.869373976,1.259308847
1912,0,1.112278953,0.691610656
1913,0,-0.000000000,0.000000000
1914,0,1.000000000,1.000000000
1915,0,0.302292189,0.080000000
1916,0,1.012773762,1.001377513
1917,0,1.873460820,2.000069790
1918,0,2.306664179,3.000004793
1919,0,1.751394714,2.000000000
1920,0,1.120239256,1.019288529
1921,0,1.900912448,2.001003102
1922,0,1.143530847,1.023309658
1923,0,-0.000000000,0.000000000
1924,0,1.000000000,1.000000000
1925,0,-0.000000000,0.000000000
1926,0,1.000000000,1.000000000
1927,0,0.302292189,0.080000000
1928,0,1.012773762,1.001377513
1929,0,0.303566849,0.080385332
1930,0,1.000212257,1.000047007
1931,0,1.871171745,1.400043196
1932,0,1.532245603,1.123379367
1933,0,1.242503194,0.530173257
1934,0,1.292028008,1.056785960
1935,0,1.713770546,2.025176862
1936,0,1.248796028,1.046632987
1937,0,1.686316350,1.074854185
1938,0,1.000000000,1.000000447
1939,0,0.302292189,0.080000000
1940,0,1.012773762,1.001377520
1941,0,0.303367094,1.959881317
1942,0,1.258363482,1.987032434
1943,0,1.937162566,1.393614702
1944,0,1.000000000,1.000000000
1945,0,0.302292189,0.080000000
1946,0,1.012773762,1.001377513
1947,0,-0.000000000,0.000000000
1948,0,1.000000000,1.000000000
1949,0,-0.000000000,0.000000000
1950,0,1.000000000,1.000000000
1951,0,1.870950594,1.200000000
1952,0,2.305215896,1.504545455
1953,0,1.750420183,1.626120359
1954,0,2.246630993,1.464537849
1955,0,-0.000000000,0.000000000
1956,0,1.000000000,1.000000000
1957,0,1.021928095,1.800000000
1958,0,1.000000000,1.000000000
1959,0,-0.000000000,0.000000000
1960,0,1.000000000,1.000000000
1961,0,-0.000000000,0.000000000
1962,0,1.000000000,1.000000000
1963,0,1.870950594,1.400000000
1964,0,1.000000000,1.000000000
1965,0,1.021928095,1.800000000
1966,0,1.000000000,1.000000000
1967,0,-0.000000000,0.000000000
1968,0,1.000000000,1.000000000
1969,0,-0.000000000,0.000000000
1970,0,1.000000000,1.000000000
1971,0,1.500000000,1.000000000
1972,0,1.220308818,1.039361702
1973,0,1.095770152,1.787104738
1974,0,1.057966617,1.007906550
1975,0,1.884093991,1.399022093
1976,0,1.141421785,1.022914763
1977,0,1.930742745,1.245865565
1978,0,1.029801770,1.012703757
1979,0,0.033164598,0.020608323
1980,0,1.032826401,1.022638825
1981,0,1.055539866,1.814202970
1982,0,1.262218534,1.063768237
1983,0,1.132442348,0.466564407
1984,0,1.069102696,1.013762167
1985,0,-0.000000000,0.000000000
1986,0,1.000000000,1.000000000
1987,0,-0.000000000,0.000000000
1988,0,1.000000000,1.000000000
1989,0,1.021928095,0.400000000
1990,0,1.000000000,1.000000000
1991,0,-0.000000000,0.000000000
1992,0,1.000000000,1.000000000
1993,0,1.870950594,1.400000000
1994,0,1.138751800,1.022289157
1995,0,0.319766260,0.085651291
1996,0,1.013646706,1.001489339
1997,0,0.303450145,0.080371189
1998,0,1.258437185,1.048091716
1999,0,2.133411764,2.115111708
2000,0,2.622038984,1.936745490
2001,0,1.302432567,0.562177028
2002,0,1.323084906,1.066436165
2003,0,-0.000000000,0.000000000
2004,0,1.000000000,1.000000000
2005,0,1.500000000,1.000000000
2006,0,1.000000000,1.000000000
2007,0,1.870950594,1.400000000
2008,0,1.138751800,1.022289157
2009,0,-0.000000000,0.000000000
2010,0,1.000000000,1.000000000
2011,0,0.302292189,0.080000000
2012,0,1.000000000,1.000000000
2013,0,1.870950594,2.000000000
2014,0,1.138751800,1.022289157
2015,0,0.319766260,0.085651291
2016,0,1.064128623,1.008886137
2017,0,0.309212244,0.082224984
2018,0,1.013118879,1.001421613
2019,0,0.303399823,0.080355126
2020,0,1.060433881,1.008263975
2021,0,1.037714929,2.000000000
2022,0,1.000000000,1.000000000
2023,0,-0.000000000,0.000000000
2024,0,1.000000000,1.000000000
2025,0,-0.000000000,0.000000000
2026,0,1.000000000,1.000000000
2027,0,1.021928095,0.400000000
2028,0,1.228118215,1.041111111
2029,0,-0.000000000,0.000000000
2030,0,1.000000000,1.000000000
2031,0,-0.000000000,0.000000000
2032,0,1.000000000,1.000000000
2033,0,1.021928095,0.400000000
2034,0,1.000000000,1.000000000
2035,0,1.021928095,2.000000000
2036,0,1.228118215,1.041111111
2037,0,0.334665510,0.090549664
2038,0,1.067506413,1.009461600
2039,0,1.039891005,0.409796323
2040,0,1.053955759,1.007242089
2041,0,1.035754134,0.407536119
2042,0,1.053662180,1.007193646
2043,0,-0.000000000,0.000000000
2044,0,1.000000000,1.000000000
2045,0,0.302292189,0.080000000
2046,0,1.060184319,1.008222222
2047,0,0.308717777,0.082066230
2048,0,1.013093875,1.001418389
2049,0,0.303397451,0.080354370
2050,0,1.012828771,1.001384528
2051,0,1.024583919,0.401442055
2052,0,1.786201481,1.214248248
2053,0,1.386263708,0.628289239
2054,0,1.337117575,1.068605868
2055,0,1.959466574,1.305779127
2056,0,1.154811537,1.025743941
2057,0,1.070016692,0.426481690
2058,0,1.056112435,1.007599367
2059,0,-0.000000000,0.000000000
2060,0,1.000000000,1.000000000
2061,0,1.870950594,2.000000000
2062,0,1.532052555,1.966666667
2063,0,2.227829068,2.460227273
2064,0,2.347713071,3.086736944
2065,0,2.578824188,2.368538978
2066,0,2.524867763,1.776494739
2067,0,0.198102943,0.171137775
2068,0,1.036318259,1.019139111
2069,0,1.060239710,0.422977599
2070,0,1.071272238,1.016029268
2071,0,0.323689614,0.087773516
2072,0,1.076948183,1.017187324
2073,0,1.048775940,0.592837455
2074,0,0.797047947,0.313196053
2075,0,1.263914397,1.024797315
2076,0,1.068902679,1.493855732
2077,0,1.497710676,0.641618553
2078,0,1.611217125,0.780021671
2079,0,0.289471911,0.099884984
2080,0,1.701408798,1.408301328
2081,0,1.461820283,1.476727288
2082,0,1.060081529,1.681865644
2083,0,0.850745868,0.306607037
2084,0,1.357822517,1.101388024
2085,0,1.723025486,0.845380121
2086,0,1.041223240,0.433130833
2087,0,0.426538614,0.174055192
2088,0,1.118405043,1.899311765
2089,0,1.368267148,1.644615257
2090,0,1.419763393,0.776356813
2091,0,1.004072198,0.432114997
2092,0,0.462659938,0.192100617
2093,0,0.297553389,0.105298501
2094,0,0.189765183,0.058161174
2095,0,0.124370155,0.034039488
2096,0,0.979431702,0.411214867
2097,0,1.289312923,0.688406151
2098,0,0.030097888,0.006151675
2099,0,0.282894245,0.080000024
2100,0,1.012571580,0.985123568
2101,0,0.303431001,0.080360233
2102,0,1.012835304,1.001057153
2103,0,0.000000002,0.000000000
2104,0,1.000000001,1.000000000
2105,0,-0.000000000,0.000000000
2106,0,1.000000000,1.000000000
2107,0,0.302292189,0.080000000
2108,0,1.060184319,1.008222222
2109,0,1.037639028,0.408572389
2110,0,1.000000000,1.000000000
2111,0,0.302292189,0.080000000
2112,0,1.000000000,1.000000000
2113,0,1.021928095,0.400000000
2114,0,1.228118215,1.041111111
2115,0,1.115356030,0.448837745
2116,0,1.266104094,1.053171993
2117,0,1.119291149,0.454093893
2118,0,1.010600327,1.003988377
2119,0,0.309034546,1.962208682
2120,0,1.017452762,1.003330042
2121,0,1.577782570,1.027326618
2122,0,1.227586208,1.042462394
2123,0,0.334054604,0.090344388
2124,0,1.000000000,1.000000207
2125,0,0.302292189,1.960000000
2126,0,1.012773762,1.001377516
2127,0,-0.000000000,0.000000000
2128,0,1.000000000,1.000000000
2129,0,1.870950594,1.200000000
2130,0,1.532052555,1.123333333
2131,0,0.401554049,0.113415966
2132,0,1.000000000,1.000000000
2133,0,0.302292189,0.080000000
2134,0,1.257422929,1.047844828
2135,0,1.111242665,0.450092421
2136,0,1.059100504,1.008096207
2137,0,1.037298651,0.408372878
2138,0,1.000000000,1.000000000
2139,0,0.302292189,0.080000000
2140,0,1.060184319,1.008222222
2141,0,0.308717777,0.082066230
2142,0,1.000000000,1.000000000
2143,0,1.021928095,0.400000000
2144,0,1.228118215,1.041111111
2145,0,1.098973413,0.443011606
2146,0,1.249825024,1.046290602
2147,0,-0.000000000,0.000000000
2148,0,1.000000000,1.000000000
2149,0,0.302292189,0.080000000
2150,0,1.060184319,1.008222222
2151,0,0.308717777,1.959288542
2152,0,1.013093875,1.001418389
2153,0,1.024646017,0.401475452
2154,0,1.052880842,1.007065415
2155,0,0.307810968,0.081773748
2156,0,1.000000000,1.000000000
2157,0,1.870950594,1.400000000
2158,0,1.532052555,1.123333333
2159,0,0.401554049,0.113415966
2160,0,1.000000000,1.000000000
2161,0,1.021928095,0.400000000
2162,0,1.228118215,1.041111111
2163,0,-0.000000000,0.000000000
2164,0,1.000000000,1.000000000
2165,0,-0.000000000,0.000000000
2166,0,1.000000000,1.000000000
2167,0,0.302292189,0.080000000
2168,0,1.000000000,1.000000000
2169,0,1.021928095,0.400000000
2170,0,1.228118215,1.041111111
2171,0,0.334665510,0.090549664
2172,0,1.014397000,1.001586340
2173,0,-0.000000000,0.000000000
2174,0,1.000000000,1.000000000
2175,0,0.302292189,2.000000000
2176,0,1.000000000,1.000000000
2177,0,1.021928095,0.400000000
2178,0,1.000000000,1.000000000
2179,0,1.021928095,0.400000000
2180,0,1.052690404,1.007034221
2181,0,-0.000000000,0.000000000
2182,0,1.000000000,1.000000000
2183,0,1.870950594,1.400000000
2184,0,1.000000000,1.000000000
2185,0,0.302292189,0.080000000
2186,0,1.012773762,1.001377513
2187,0,1.024571058,0.401435139
2188,0,1.000000000,1.000000000
2189,0,1.021928095,0.400000000
2190,0,1.000000000,1.000000000
2191,0,0.302292189,1.960000000
2192,0,1.060184319,1.008222222
2193,0,1.037639028,0.408572389
2194,0,1.053794829,1.007215404
2195,0,0.307921800,0.081809263
2196,0,1.000000000,1.000000000
2197,0,-0.000000000,0.000000000
2198,0,1.000000000,1.000000000
2199,0,-0.000000000,0.000000000
2200,0,1.000000000,1.000000000
2201,0,0.302292189,0.080000000
2202,0,1.012773762,1.001377513
2203,0,-0.000000000,0.000000000
2204,0,1.000000000,1.000000000
2205,0,-0.000000000,0.000000000
2206,0,1.000000000,1.000000000
2207,0,1.870950594,1.400000000
2208,0,1.138751800,1.022289157
2209,0,1.904985459,2.001100547
2210,0,1.144337314,1.023471811
2211,0,0.320609285,0.085923729
2212,0,1.000000000,0.999999724
2213,0,1.500000000,1.000000000
2214,0,2.473808192,1.693750109
2215,0,1.908049904,1.179856115
2216,0,1.000000000,1.000000062
2217,0,0.302292189,0.080000000
2218,0,1.060184319,1.008222223
2219,0,1.903538797,1.218102076
2220,0,1.679367848,1.333405014
2221,0,0.595946478,0.287598667
2222,0,0.398673525,0.157514587
2223,0,0.526440792,0.160226118
2224,0,0.163851985,0.048113431
2225,0,1.641739101,1.403259948
2226,0,1.549044549,1.615464526
2227,0,1.248138945,0.565319885
2228,0,0.879987266,0.326806486
2229,0,0.382792521,0.149162808
2230,0,-0.000000000,0.000000000
2231,0,1.000000000,1.000000000
2232,0,-0.000000000,0.000000000
2233,0,1.000000000,1.000000000
2234,0,1.021928095,0.400000000
2235,0,1.036488422,1.010048802
2236,0,0.306136756,0.081216458
2237,0,1.042692534,1.005545415
2238,0,1.033411720,0.406071934
2239,0,1.162665837,1.028241845
2240,0,0.325496450,0.087427779
2241,0,1.009833455,1.000808119
2242,0,0.303141487,0.080268119
2243,0,0.999999444,1.000877675
2244,0,1.499999722,1.000000000
2245,0,2.186261245,1.650609626
2246,0,-0.000000000,0.000000000
2247,0,1.000000000,1.000000000
2248,0,0.302292189,0.080000000
2249,0,1.042002482,1.007398693
2250,0,-0.000000000,0.000000000
2251,0,1.000000000,1.000000000
2252,0,0.302292189,0.080000000
2253,0,1.008877014,1.001980934
2254,0,0.303049604,0.080239223
2255,0,1.042138368,1.007420853
2256,0,0.306840303,0.081439804
2257,0,0.999999540,0.999201214
2258,0,-0.000000000,0.000000000
2259,0,1.000000000,1.000000000
2260,0,0.302292189,0.080000000
2261,0,0.999999425,0.999107284
2262,0,1.021928037,0.400000000
2263,0,1.036482338,1.000730725
2264,0,0.306136140,0.081216249
2265,0,1.042691794,1.007513073
2266,0,0.306909704,0.081461673
2267,0,0.999999542,1.000797042
2268,0,1.021928049,1.800000000
2269,0,1.575268466,1.166231310
2270,0,-0.000000000,0.000000000
2271,0,1.000000000,1.000000000
2272,0,0.302292189,0.080000000
2273,0,1.042002482,1.005398693
2274,0,1.632266199,1.038112045
2275,0,1.589756156,1.199983808
2276,0,0.432983678,0.124345130
2277,0,0.999995635,0.997540095
2278,0,1.499997818,1.000000000
2279,0,1.148586936,1.005539321
2280,0,1.072796370,0.427334085
2281,0,1.039358123,1.009975861
2282,0,1.880633493,1.208942665
2283,0,0.999866746,1.013591320
2284,0,1.870910618,1.200000000
2285,0,1.375001351,1.076948301
2286,0,0.371072091,2.004038955
2287,0,1.054887025,1.009351488
2288,0,-0.000000000,0.000000000
2289,0,1.000000000,1.000000000
2290,0,-0.000000000,0.000000000
2291,0,1.000000000,1.000000000
2292,0,1.021928095,0.400000000
2293,0,1.159955911,1.026993464
2294,0,1.916242722,1.406223402
2295,0,2.049280171,1.848816675
2296,0,2.657604225,1.880310736
2297,0,0.991631794,1.107602741
2298,0,1.868440133,1.200000000
2299,0,1.096546078,1.032185572
2300,0,1.896656721,1.225777412
2301,0,0.999989686,1.003781344
2302,0,1.021927063,0.400000000
2303,0,0.999982906,1.004868037
2304,0,0.302291847,0.080000000
2305,0,1.041968197,1.007487399
2306,0,1.881292945,1.209646412
2307,0,1.380481257,1.084353886
2308,0,0.372343369,0.103024467
2309,0,1.233542206,1.050822728
2310,0,0.338792689,0.091770017
2311,0,1.010417669,1.001455356
2312,0,0.303198106,0.080285968
2313,0,1.008914975,1.000192932
2314,0,1.872837136,2.000340707
2315,0,1.376548713,1.081350006
2316,0,-0.000000000,0.000000000
2317,0,1.000000000,1.000000000
2318,0,1.021928095,0.400000000
2319,0,1.036488422,1.000809672
2320,0,-0.000000000,0.000000000
2321,0,1.000000000,1.000000000
2322,0,-0.000000000,0.000000000
2323,0,1.000000000,1.000000000
2324,0,1.021928095,0.400000000
2325,0,1.036488422,1.000809672
2326,0,0.316045663,0.084541396
2327,0,1.048815123,1.011627056
2328,0,0.350880197,2.000499487
2329,0,1.061976683,1.014058011
2330,0,0.358740647,0.105088486
2331,0,1.051490514,1.024533040
2332,0,0.347768602,0.108598927
2333,0,1.055059715,1.011841767
2334,0,1.043761612,0.411647005
2335,0,1.171187136,1.033547779
2336,0,1.920556770,1.249930028
2337,0,1.102422473,1.012882291
2338,0,0.315298395,0.084135697
2339,0,0.999999690,1.000655096
2340,0,0.302292183,0.080000000
2341,0,0.999999411,0.999096173
2342,0,0.302292177,1.960000000
2343,0,1.041996124,1.007415163
2344,0,-0.000000000,0.000000000
2345,0,1.000000000,1.000000000
2346,0,1.870950594,1.200000000
2347,0,1.094879386,1.002520718
2348,0,0.314281662,0.083811437
2349,0,1.009349983,1.000276206
2350,0,-0.000000000,0.000000000
2351,0,1.000000000,1.000000000
2352,0,1.021928095,0.400000000
2353,0,0.999985120,0.995458189
2354,0,-0.000000000,0.000000000
2355,0,1.000000000,1.000000000
2356,0,1.021928095,1.800000000
2357,0,1.036488422,1.000809672
2358,0,0.306136756,0.081216458
2359,0,1.042692534,1.005545415
2360,0,0.306909789,0.081461702
2361,0,1.009066158,1.001910038
2362,0,1.506992328,1.002396724
2363,0,2.188545266,1.791877958
2364,0,2.076263934,1.809942670
2365,0,1.839928372,1.205351382
2366,0,1.970751297,1.412087212
2367,0,1.231396466,0.896672140
2368,0,1.933933394,1.279682156
2369,0,1.421894111,1.171902619
2370,0,0.382955399,0.106900781
2371,0,0.999990884,0.996445035
2372,0,1.021927183,1.800000000
2373,0,1.036512542,1.001124058
2374,0,1.879821441,2.001825001
2375,0,1.095999922,1.003246302
2376,0,1.896942825,1.225552757
2377,0,1.098356978,1.030751878
2378,0,-0.000000000,0.000000000
2379,0,1.000000000,1.000000000
2380,0,0.302292189,0.080000000
2381,0,1.042002482,1.005398693
2382,0,-0.000000000,0.000000000
2383,0,1.000000000,1.000000000
2384,0,-0.000000000,0.000000000
2385,0,1.000000000,1.000000000
2386,0,-0.000000000,0.000000000
2387,0,1.000000000,1.000000000
2388,0,0.302292189,0.080000000
2389,0,0.999999425,0.999107284
2390,0,-0.000000000,0.000000000
2391,0,1.000000000,1.000000000
2392,0,0.302292189,0.080000000
2393,0,1.008877014,1.000159612
2394,0,0.303049604,0.080239223
2395,0,1.008906805,1.000166928
2396,0,0.303052456,0.080240117
2397,0,1.042138939,1.007420827
2398,0,0.306840374,0.081439826
2399,0,1.042850456,1.007450409
2400,0,-0.000000000,0.000000000
2401,0,1.000000000,1.000000000
2402,0,-0.000000000,0.000000000
2403,0,1.000000000,1.000000000
2404,0,0.302292189,0.080000000
2405,0,1.008877014,1.000159612
2406,0,-0.000000000,0.000000000
2407,0,1.000000000,1.000000000
2408,0,1.870950594,1.200000000
2409,0,1.375791478,1.080980392
2410,0,-0.000000000,0.000000000
2411,0,1.000000000,1.000000000
2412,0,0.302292189,0.080000000
2413,0,0.999999425,0.999107284
2414,0,0.302292178,0.080000000
2415,0,1.008875599,1.000144049
2416,0,1.506832928,2.001093934
2417,0,1.149037676,1.004670118
2418,0,-0.000000000,0.000000000
2419,0,1.000000000,1.000000000
2420,0,-0.000000000,0.000000000
2421,0,1.000000000,1.000000000
2422,0,1.870950594,1.200000000
2423,0,0.999853521,0.985750210
2424,0,1.870906651,1.400000000
2425,0,1.094559646,0.998597832
2426,0,-0.000000000,0.000000000
2427,0,1.000000000,1.000000000
2428,0,1.021928095,0.400000000
2429,0,1.036488422,1.010048802
2430,0,1.879816967,1.208201663
2431,0,1.379577278,1.082782755
2432,0,0.372135105,0.102951016
2433,0,1.011785893,1.000861412
2434,0,1.539965315,1.009225443
2435,0,1.555072350,1.188026960
2436,0,0.422136365,0.120435450
2437,0,0.999997422,0.998109367
2438,0,-0.000000000,0.000000000
2439,0,1.000000000,1.000000000
2440,0,1.870950594,1.400000000
2441,0,1.094879386,1.031284530
2442,0,0.314281662,0.083811437
2443,0,1.009349983,1.002000776
2444,0,-0.000000000,0.000000000
2445,0,1.000000000,1.000000000
2446,0,1.870950594,1.200000000
2447,0,0.999853521,1.014249790
2448,0,1.870906651,2.008549874
2449,0,1.374962345,1.968941702
2450,0,1.980550645,1.951781704
2451,0,1.113343835,1.015019419
2452,0,1.902265698,1.404873524
2453,0,1.391616849,1.095653046
2454,0,0.374999868,0.103941791
2455,0,0.999999297,1.000987119
2456,0,0.302292175,0.080000000
2457,0,1.008878577,1.000176820
2458,0,1.023819936,0.400996451
2459,0,0.999985244,1.004522917
2460,0,1.021926619,0.400000000
2461,0,1.159841740,1.037405552
2462,0,0.328762650,0.088496655
2463,0,1.014433227,1.003083256
2464,0,0.009081901,0.003615983
2465,0,1.008562815,1.002660715
2466,0,1.029467052,0.402978924
2467,0,1.164101991,1.049585150
2468,0,1.177737806,0.485923201
2469,0,1.250813453,1.101372083
2470,0,1.501131141,1.137540713
2471,0,1.236985764,0.678481009
2472,0,1.610110693,1.031691633
2473,0,0.678205909,0.280651294
2474,0,1.187941122,1.142462197
2475,0,1.190345497,0.677193741
2476,0,0.715939420,0.362561002
2477,0,1.922934078,1.435497874
2478,0,1.610202927,0.904443503
2479,0,1.167505454,2.438607087
2480,0,2.002509663,1.618556316
2481,0,1.614935612,0.898786393
2482,0,1.189967096,0.588220734
2483,0,0.952479180,0.369818982
2484,0,0.708118064,0.247910047
2485,0,1.051292599,0.457971170
2486,0,1.053222585,1.096507462
2487,0,0.308578422,0.082072405
2488,0,1.013089968,0.999624055
2489,0,-0.000000000,0.000000000
2490,0,1.000000000,1.000000000
2491,0,-0.000000000,0.000000000
2492,0,1.000000000,1.000000000
2493,0,1.500000000,2.000000000
2494,0,1.220308818,1.039361702
2495,0,0.336929535,0.091277827
2496,0,1.055577463,1.013555532
2497,0,1.056866739,0.415014413
2498,0,1.322584713,1.075632125
2499,0,2.059379017,1.429573178
2500,0,1.514756099,1.232871221
2501,0,0.467984858,0.152520912
2502,0,1.012070313,1.013685261
2503,0,1.025127102,2.002500627
2504,0,1.055587909,1.008960124
2505,0,1.885486595,1.400112917
2506,0,1.539947715,1.126373228
2507,0,1.247578285,0.533086031
2508,0,1.069747418,1.009990011
2509,0,0.311280253,0.082831141
2510,0,1.014572149,1.001802943
2511,0,1.877398403,2.000602569
2512,0,1.004124896,1.001241133
2513,0,0.005121884,0.002160577
2514,0,1.000000000,1.000000000
2515,0,1.432977717,1.111450382
2516,0,1.339564398,0.684670560
2517,0,1.623731802,1.733880585
2518,0,2.219035089,1.501746903
2519,0,1.619945680,1.587735094
2520,0,1.570073622,1.835285630
2521,0,1.239024668,0.467700504
2522,0,1.453198704,1.052483451
2523,0,1.750564732,1.074848328
2524,0,1.917882896,1.542989428
2525,0,2.224514045,2.288123495
2526,0,2.768130362,1.895712690
2527,0,2.401859861,2.397454484
2528,0,1.946367953,2.047807203
2529,0,1.606819740,1.260154351
2530,0,1.958171891,2.112234061
2531,0,2.396289159,2.782479840
2532,0,1.603416763,1.653234752
2533,0,1.559370798,1.773513015
2534,0,1.354902312,1.835681306
2535,0,2.256855217,2.530047436
2536,0,1.833479492,1.576809517
2537,0,1.372837568,0.702840510
2538,0,1.645998640,0.745284511
2539,0,1.024388249,0.399645572
2540,0,1.411341349,0.619534743
2541,0,0.313101427,0.115942482
2542,0,0.078850439,0.038565746
2543,0,0.359220699,0.116105251
2544,0,0.080751148,0.027005675
2545,0,0.311281848,0.222843335
2546,0,0.817781758,0.373050136
2547,0,0.932417590,0.471836951
2548,0,0.515148405,0.170265006
2549,0,-0.000000000,0.000000000
2550,0,0.282292189,0.080000000
2551,0,-0.000000000,0.000000000
2552,0,-0.000000000,0.000000000
2553,0,-0.000000000,0.000000000
2554,0,0.921928095,0.400000000
2555,0,0.039584219,0.007547170
2556,0,-0.000000000,0.000000000
2557,0,-0.000000000,0.000000000
2558,0,0.282292189,0.080000000
2559,0,0.045570069,0.008888889
2560,0,1.599986441,1.401568243
2561,0,0.444815129,0.142977722
2562,0,-0.000000000,0.000000000
2563,0,-0.000000000,0.000000000
2564,0,0.282292189,0.080000000
2565,0,0.009543159,0.001486989
2566,0,-0.000000000,0.000000000
2567,0,-0.000000000,0.000000000
2568,0,0.921928095,1.800000000
2569,0,0.175964403,2.000000000
2570,0,1.675578081,3.377288942
2571,0,0.131122797,1.998050691
2572,0,1.662209461,2.585605196
2573,0,1.382003003,3.843465572
2574,0,2.022458426,2.392569357
2575,0,1.921436372,1.585853244
2576,0,2.084472221,1.526068818
2577,0,1.506704395,1.372199548
2578,0,1.117185130,0.746863786
2579,0,1.621738344,1.899787778
2580,0,1.660926432,1.088501185
2581,0,1.482029997,1.472286091
2582,0,1.341181970,0.730034452
2583,0,1.118581412,1.072575737
2584,0,1.103994453,0.607585933
2585,0,1.564344549,1.748370203
2586,0,1.729335679,0.904418350
2587,0,1.333690659,1.059332488
2588,0,1.198127106,0.638757355
2589,0,1.572773908,1.780404049
2590,0,1.734824475,0.912452803
2591,0,1.594140315,1.252154160
2592,0,2.299020584,1.547476061
2593,0,1.330932271,1.084559340
2594,0,1.641107591,0.786431691
2595,0,1.267503225,1.049889301
2596,0,1.535853931,1.022768089
2597,0,1.777787805,1.090868779
2598,0,1.853591432,0.894178556
2599,0,1.249740169,1.066942444
2600,0,1.120050150,0.587012609
2601,0,1.066883406,1.041850200
2602,0,1.066211378,0.588536495
2603,0,1.552083250,1.209101741
2604,0,1.477502930,1.000377103
2605,0,1.753274045,1.091637845
2606,0,1.154651219,0.557720228
2607,0,1.221032356,1.140181714
2608,0,1.141359351,1.992210995
2609,0,1.562249991,1.758695402
2610,0,2.278098568,1.533249840
2611,0,1.315510184,1.077578409
2612,0,1.640240112,0.784053991
2613,0,1.420024366,1.117406622
2614,0,1.260001028,1.615236008
2615,0,0.424248302,0.673148253
2616,0,0.703332744,0.744014527
2617,0,0.990030245,3.056306181
2618,0,1.857881102,3.043959635
2619,0,1.222455760,3.033308177
2620,0,2.261185364,5.651123342
2621,0,1.756978933,5.590846538
2622,0,1.984039625,7.290682109
2623,0,1.069074251,7.577822862
2624,0,1.600949914,7.170643073
2625,0,2.052281189,5.143213023
2626,0,1.569156841,5.362246553
2627,0,1.115486524,1.935335629
2628,0,2.406194995,5.118903571
2629,0,2.583152743,6.785815354
2630,0,2.299736803,7.307763951
2631,0,1.068564344,2.683997119
2632,0,0.339515735,0.095072881
2633,0,0.018531922,0.003704537
2634,0,0.930450123,1.800767133
2635,0,0.182253853,0.046378515
2636,0,1.000349949,1.794910274
2637,0,0.227062636,0.062907359
2638,0,1.024315816,0.440694312
2639,0,0.056803040,0.012400418
2640,0,1.098068346,1.018015015
2641,0,-0.000000000,0.000000000
2642,0,0.282292189,0.080000000
2643,0,-0.000000000,0.000000000
2644,0,-0.000000000,0.000000000
2645,0,-0.000000000,0.000000000
2646,0,0.921928095,0.400000000
2647,0,0.039584219,0.007547170
2648,0,0.287297754,0.081292059
2649,0,0.048034308,0.009499776
2650,0,0.940585690,0.406627283
2651,0,0.042229242,0.008200719
2652,0,1.621102301,1.407246795
2653,0,0.024927379,0.009856675
2654,0,0.294894022,0.085262249
2655,0,0.034673259,0.006847195
2656,0,1.078737052,1.012188797
2657,0,0.990773305,0.881293248
2658,0,1.566353165,1.354429400
2659,0,1.703247254,1.596229728
2660,0,1.726583406,2.356577175
2661,0,1.350320363,2.490807399
2662,0,1.177523220,3.627625989
2663,0,0.387202622,0.120964439
2664,0,1.055441789,1.851629839
2665,0,1.325645674,1.612487781
2666,0,2.137838720,2.130697794
2667,0,1.913796236,1.223418969
2668,0,1.397571834,0.725720725
2669,0,2.034473926,1.465680310
2670,0,1.161948072,0.814796466
2671,0,0.887100541,0.499286398
2672,0,0.654581051,0.310747844
2673,0,1.205520353,1.005835995
2674,0,1.687835733,0.858032069
2675,0,0.741755864,0.381005885
2676,0,1.939250401,1.439663101
2677,0,1.778387066,1.608471436
2678,0,1.425000512,0.689427538
2679,0,1.012837955,0.454437075
2680,0,1.006905313,0.728081575
2681,0,1.654649430,1.191712167
2682,0,0.100359083,0.034106449
2683,0,0.212935230,0.057012319
2684,0,-0.000000000,0.000000000
2685,0,1.000000000,1.000000000
2686,0,0.302292189,0.080000000
2687,0,0.999999425,1.000892716
2688,0,-0.000000000,0.000000000
2689,0,1.000000000,1.000000000
2690,0,0.302292189,0.080000000
2691,0,0.999999425,0.999107284
2692,0,1.870950422,1.200000000
2693,0,1.302524878,1.139469678
2694,0,0.674300198,2.104462143
2695,0,1.101345537,1.012620159
2696,0,0.044066000,0.019320694
2697,0,1.032630716,1.018119228
2698,0,1.030323462,0.403278622
2699,0,1.007269668,0.998490195
2700,0,0.305735395,0.081287373
2701,0,1.066878982,1.012753023
2702,0,-0.000000000,0.000000000
2703,0,1.000000000,1.000000000
2704,0,-0.000000000,0.000000000
2705,0,1.000000000,1.000000000
2706,0,0.302292189,0.080000000
2707,0,1.042002482,1.007398693
2708,0,0.011440617,0.004013194
2709,0,1.000545962,1.000066951
2710,0,1.009228416,1.491215560
2711,0,0.993391129,1.536624676
2712,0,1.075284162,0.747879599
2713,0,0.000109578,0.000012839
2714,0,1.570997958,1.400001324
2715,0,1.384442167,1.486439654
2716,0,2.058453580,1.309143242
2717,0,0.438796114,0.181393635
2718,0,1.156973339,0.464495622
2719,0,1.714343059,1.148983758
2720,0,1.533261610,0.794809906
2721,0,1.941564464,1.397102126
2722,0,1.603911267,0.957494160
2723,0,-0.000000000,0.000000000
2724,0,1.000000000,1.000000000
2725,0,1.021928095,0.400000000
2726,0,1.000000000,1.000000000
2727,0,1.870950594,1.200000000
2728,0,1.532052555,1.123333333
2729,0,2.005036854,2.005423620
2730,0,1.000000000,1.000000000
2731,0,1.021928095,0.400000000
2732,0,1.228118215,1.041111111
2733,0,-0.000000000,0.000000000
2734,0,1.000000000,1.000000000
2735,0,1.021928095,0.400000000
2736,0,1.000000000,1.000000000
2737,0,-0.000000000,0.000000000
2738,0,1.000000000,1.000000000
2739,0,-0.000000000,0.000000000
2740,0,1.000000000,1.000000000
2741,0,1.500000000,2.000000000
2742,0,2.462885963,1.868979592
2743,0,2.281976648,2.328579995
2744,0,1.408443365,1.208114568
2745,0,-0.000000000,0.000000000
2746,0,1.000000000,1.000000000
2747,0,1.021928095,0.400000000
2748,0,1.052690404,1.007034221
2749,0,1.035378563,0.407332871
2750,0,1.231864424,1.041994141
2751,0,-0.000000000,0.000000000
2752,0,1.000000000,1.000000000
2753,0,-0.000000000,0.000000000
2754,0,1.000000000,1.000000000
2755,0,1.021928095,2.000000000
2756,0,1.228118215,1.041111111
2757,0,1.098973413,0.443011606
2758,0,1.249825024,1.046290602
2759,0,-0.000000000,0.000000000
2760,0,1.000000000,1.000000000
2761,0,0.302292189,0.080000000
2762,0,1.000000000,1.000000000
2763,0,0.302292189,0.080000000
2764,0,1.000000000,1.000000000
2765,0,0.302292189,0.080000000
2766,0,1.012773762,1.001377513
2767,0,0.303367094,0.080344681
2768,0,1.000000000,1.000000000
2769,0,-0.000000000,0.000000000
2770,0,1.000000000,1.000000000
2771,0,-0.000000000,0.000000000
2772,0,1.000000000,1.000000000
2773,0,1.021928095,0.400000000
2774,0,1.000000000,1.000000000
2775,0,1.021928095,1.800000000
2776,0,1.228118215,1.041111111
2777,0,1.668546004,1.063790075
2778,0,1.821113911,1.945781201
2779,0,1.405617854,1.999677169
2780,0,1.083080737,1.012149758
2781,0,0.311660035,0.083009152
2782,0,1.000000000,0.999997242
2783,0,1.021928095,1.800000000
2784,0,1.000000000,0.999999772
2785,0,0.302292189,0.080000000
2786,0,1.048419655,1.011672056
2787,0,0.311426838,0.082878992
2788,0,1.017456226,1.002226750
2789,0,1.028722470,0.402493331
2790,0,1.055663793,1.007958510
2791,0,1.895025561,1.215452273
2792,0,1.707832812,1.237522449
2793,0,2.152269243,1.519809298
2794,0,2.276624666,1.521245263
2795,0,0.652013243,0.267080945
2796,0,1.148810468,1.029079204
2797,0,0.323925618,0.088466629
2798,0,1.007899959,1.003108519
2799,0,1.024840243,0.401319258
2800,0,1.002252362,1.000879628
2801,0,0.002466097,0.001402489
2802,0,1.000922131,1.000371107
2803,0,0.302588343,0.080129074
2804,0,1.012813270,1.001387921
2805,0,0.303592380,0.080393620
2806,0,1.085241976,1.015704523
2807,0,0.350788445,0.100316658
2808,0,1.065786911,1.018052403
2809,0,0.359295112,0.105340289
2810,0,1.084223085,1.003236663
2811,0,1.044099781,1.225168105
2812,0,1.456528779,0.885314502
2813,0,0.611688555,0.217171055
2814,0,1.315123391,1.111714934
2815,0,1.155383804,0.652634410
2816,0,1.510599168,1.048544939
2817,0,1.301933016,0.799941439
2818,0,1.170818363,0.680612711
2819,0,0.926909298,0.321295027
2820,0,1.225453422,1.801033330
2821,0,2.044957208,1.285189993
2822,0,1.983815720,1.077600599
2823,0,1.750175487,0.866193665
2824,0,0.416792933,0.164295435
2825,0,1.762874094,1.505734672
2826,0,1.631788548,0.848129825
2827,0,1.038718364,0.451112231
2828,0,0.457911570,0.193039769
2829,0,1.132831025,1.807949606
2830,0,0.467621860,1.911384172
2831,0,1.018530793,0.966201840
2832,0,1.026464436,1.990740100
2833,0,0.999999749,1.000589366
2834,0,1.870950519,1.200000000
2835,0,1.094866620,1.031444150
2836,0,0.000000000,0.000000000
2837,0,1.000000000,1.000000000
2838,0,1.021928095,0.400000000
2839,0,0.999985120,0.995458189
2840,0,1.870946130,1.997274913
2841,0,0.999827171,0.984521534
2842,0,1.870898746,1.990712920
2843,0,1.094530995,0.998259646
2844,0,0.000000000,0.000000000
2845,0,1.000000000,1.000000000
2846,0,0.302292189,0.080000000
2847,0,1.008877014,1.001980934
2848,0,1.872828063,1.999794330
2849,0,2.015855583,2.884125687
2850,0,2.069820568,1.800880922
2851,0,0.996024173,0.925793518
2852,0,0.302212673,1.960000000
2853,0,0.999999903,1.000365969
2854,0,0.302292187,0.080000000
2855,0,1.008877594,1.001974650
2856,0,1.506835033,1.002334867
2857,0,0.999558741,0.975268390
2858,0,1.870818217,1.985161034
2859,0,1.374332400,1.073643348
2860,0,0.370943405,0.102531759
2861,0,1.011712620,1.001150709
2862,0,1.513158701,1.999104239
2863,0,1.005618661,1.025841577
2864,0,1.023447393,0.400491630
2865,0,1.037712196,1.012490854
2866,0,0.308374115,0.081996305
2867,0,1.001080980,1.001347885
2868,0,0.302505013,1.960072455
2869,0,1.042159509,1.005465931
2870,0,1.033194379,0.405957956
2871,0,1.037144792,1.001419506
2872,0,0.306215985,0.081241457
2873,0,1.042711653,1.007501929
2874,0,0.306912133,0.081462453
2875,0,1.009066292,1.000284571
2876,0,0.303273199,0.080286886
2877,0,1.038916559,1.010078211
2878,0,1.901379475,1.210438012
2879,0,1.527325644,1.322863000
2880,0,1.357377349,0.846659240
2881,0,1.284189043,0.749283463
2882,0,0.985128481,0.350425621
2883,0,0.644798185,0.232954961
2884,0,0.596500800,0.175943225
2885,0,1.138870742,0.484639823
2886,0,1.362574793,0.726130560
2887,0,1.437474106,0.908338822
2888,0,0.781258768,0.315843560
2889,0,1.173234932,0.607850733
2890,0,1.294092444,0.892463437
2891,0,1.138216036,0.471020922
2892,0,1.060866711,1.043145794
2893,0,1.038036357,0.408838458
2894,0,1.053822844,1.003642942
2895,0,1.883019755,1.997725527
2896,0,1.140595372,1.021513458
2897,0,1.064828414,0.423637624
2898,0,0.999999990,1.000119463
2899,0,1.499999995,2.000119463
2900,0,1.764492372,1.205609314
2901,0,2.638988247,1.531927024
2902,0,1.559494273,1.140564572
2903,0,1.253749772,0.535497193
2904,0,1.070426962,1.009538877
2905,0,0.309996332,1.999973522
2906,0,1.013159891,1.001416134
2907,0,0.303403701,0.080356360
2908,0,1.060434774,1.008263885
2909,0,-0.000000000,0.000000000
2910,0,1.000000000,1.000000000
2911,0,1.500000000,2.000000000
2912,0,2.473808192,3.000000000
2913,0,2.180161288,2.113575269
2914,0,2.070533518,1.361812062
2915,0,2.801906174,2.409472003
2916,0,1.668177168,1.187760403
2917,0,2.047597765,1.422888907
2918,0,1.176770663,1.034262971
2919,0,-0.000000000,0.000000000
2920,0,1.000000000,1.000000000
2921,0,-0.000000000,0.000000000
2922,0,1.000000000,1.000000000
2923,0,1.021928095,0.400000000
2924,0,1.784319623,1.213461538
2925,0,2.052217958,2.008552632
2926,0,1.181830950,1.031726881
2927,0,-0.000000000,0.000000000
2928,0,1.000000000,1.000000000
2929,0,1.870950594,1.200000000
2930,0,2.305215896,1.504545455
2931,0,-0.000000000,0.000000000
2932,0,1.000000000,1.000000000
2933,0,-0.000000000,0.000000000
2934,0,1.000000000,1.000000000
2935,0,1.870950594,2.000000000
2936,0,1.000000000,1.000000000
2937,0,1.870950594,1.400000000
2938,0,1.138751800,1.022289157
2939,0,0.319766260,0.085651291
2940,0,1.000000000,1.000000000
2941,0,0.302292189,0.080000000
2942,0,1.012773762,1.001377513
2943,0,1.544083508,1.007659218
2944,0,1.776232940,1.210585309
2945,0,1.379942590,2.000072147
2946,0,2.023307835,1.928268262
2947,0,1.534723326,2.000049336
2948,0,1.388666638,1.983267388
2949,0,1.973518359,1.395658304
2950,0,1.157955864,1.026421626
2951,0,-0.000000000,0.000000000
2952,0,1.000000000,1.000000000
2953,0,-0.000000000,0.000000000
2954,0,1.000000000,1.000000000
2955,0,-0.000000000,0.000000000
2956,0,1.000000000,1.000000000
2957,0,0.302292189,0.080000000
2958,0,1.060184319,1.008222222
2959,0,-0.000000000,0.000000000
2960,0,1.000000000,1.000000000
2961,0,0.302292189,0.080000000
2962,0,1.000000000,1.000000000
2963,0,0.302292189,0.080000000
2964,0,1.000000000,1.000000000
2965,0,1.021928095,0.400000000
2966,0,1.052690404,1.007034221
2967,0,1.899445864,1.400372245
2968,0,2.293526831,1.547894803
2969,0,2.320446685,1.887092493
2970,0,1.750028260,1.471346151
2971,0,1.718730188,1.027491984
2972,0,1.349340998,1.124520403
2973,0,1.296569407,1.809880860
2974,0,1.083121396,1.029889053
2975,0,1.090433028,2.018056316
2976,0,1.905915132,1.638879145
2977,0,1.935386441,2.655406938
2978,0,2.148851781,2.018896650
2979,0,2.016877172,2.536429931
2980,0,2.293133768,1.856969320
2981,0,2.026818695,1.394313906
2982,0,1.389954959,1.178907218
2983,0,1.305927229,1.881967952
2984,0,1.304100216,1.100879127
2985,0,1.046070335,1.466632936
2986,0,0.456446089,0.148884679
2987,0,0.381534767,0.116870877
2988,0,0.459862245,0.126498477
2989,0,1.079228567,0.469911363
2990,0,0.555557363,0.181994308
2991,0,0.034963147,0.007336999
2992,0,0.022208531,0.004313089
2993,0,0.933372400,0.401533543
2994,0,0.486400495,0.161172860
2995,0,0.004747353,0.000739226
2996,0,0.285003411,0.080378471
2997,0,0.001658634,0.000228141
2998,0,0.283234291,0.080116807
2999,0,0.319333956,0.093480261
3000,0,1.708547182,1.344318357
3001,0,2.183258937,1.423290796
3002,0,1.880574454,1.044786723
3003,0,1.941910497,0.948901252
3004,0,0.583605582,0.279516685
3005,0,-0.000000000,0.000000000
3006,0,1.000000000,1.000000000
3007,0,1.021928095,0.400000000
3008,0,1.052690404,1.007034221
3009,0,0.307787926,0.081766365
3010,0,1.013047487,1.001412456
3011,0,-0.000000000,0.000000000
3012,0,1.000000000,1.000000000
3013,0,-0.000000000,0.000000000
3014,0,1.000000000,1.000000000
3015,0,-0.000000000,0.000000000
3016,0,1.000000000,1.000000000
3017,0,1.021928095,0.400000000
3018,0,1.228118215,1.041111111
3019,0,1.929031819,1.394469234
3020,0,1.563681373,1.134185017
3021,0,-0.000000000,0.000000000
3022,0,1.000000000,1.000000000
3023,0,1.500000000,2.000000000
3024,0,1.764492375,1.205555556
3025,0,0.471983100,0.138986509
3026,0,1.000000000,1.000000000
3027,0,-0.000000000,0.000000000
3028,0,1.000000000,1.000000000
3029,0,-0.000000000,0.000000000
3030,0,1.000000000,1.000000000
3031,0,-0.000000000,0.000000000
3032,0,1.000000000,1.000000000
3033,0,1.021928095,1.800000000
3034,0,1.000000000,1.000000000
3035,0,1.021928095,1.800000000
3036,0,1.228118215,1.041111111
3037,0,1.098973413,0.443011606
3038,0,1.058200532,1.007945613
3039,0,1.037026519,1.797464623
3040,0,1.053753132,1.007208735
3041,0,1.883002625,1.399015995
3042,0,1.000000000,1.000000000
3043,0,0.302292189,0.080000000
3044,0,1.060184319,1.008222222
3045,0,0.308717777,0.082066230
3046,0,1.061632540,1.008464963
3047,0,1.038080351,0.408812080
3048,0,1.232620608,1.042173166
3049,0,1.100814516,0.444057371
3050,0,1.000000000,1.000000000
3051,0,1.870950594,2.000000000
3052,0,1.532052555,1.123333333
3053,0,-0.000000000,0.000000000
3054,0,1.000000000,1.000000000
3055,0,-0.000000000,0.000000000
3056,0,1.000000000,1.000000000
3057,0,-0.000000000,0.000000000
3058,0,1.000000000,1.000000000
3059,0,-0.000000000,0.000000000
3060,0,1.000000000,1.000000000
3061,0,1.021928095,1.800000000
3062,0,1.052690404,1.007034221
3063,0,1.035378563,0.407332871
3064,0,1.231864424,1.041994141
3065,0,0.335327563,0.090767779
3066,0,1.067659240,1.009488008
3067,0,0.309660408,0.082368938
3068,0,1.061848126,1.008501471
3069,0,0.308925485,0.082132898
3070,0,1.061680052,1.008473008
3071,0,-0.000000000,0.000000000
3072,0,1.000000000,1.000000000
3073,0,1.021928095,1.800000000
3074,0,1.052690404,1.007034221
3075,0,1.035378563,0.407332871
3076,0,1.053635335,1.007189192
3077,0,1.035658901,0.407484620
3078,0,1.231943807,1.042013069
3079,0,1.100537183,0.443899756
3080,0,1.058316493,1.007965181
3081,0,1.545302188,2.003983079
3082,0,1.225299203,1.040596657
3083,0,1.929587196,1.266109227
3084,0,1.004247981,1.001737851
3085,0,-0.000000000,0.000000000
3086,0,1.000000000,1.000000000
3087,0,1.870950594,1.200000000
3088,0,1.138751800,1.022289157
3089,0,1.093816859,0.433325871
3090,0,1.076251529,1.015166729
3091,0,1.914998380,1.409222274
3092,0,1.152797109,1.027991359
3093,0,0.320218564,0.085794955
3094,0,1.013671029,1.001492621
3095,0,1.873660839,2.000076026
3096,0,1.533274391,1.123746730
3097,0,-0.000000000,0.000000000
3098,0,1.000000000,1.000000000
3099,0,0.302292189,0.080000000
3100,0,1.060184319,1.008222222
3101,0,1.884579970,2.000413041
3102,0,1.140836257,3.000000000
3103,0,1.064915128,2.000000000
3104,0,1.000000000,1.000000000
3105,0,1.021928095,0.400000000
3106,0,1.228118215,1.041111111
3107,0,1.115356030,0.448837745
3108,0,1.342960594,1.085045775
3109,0,-0.000000000,0.000000000
3110,0,1.000000000,1.000000000
3111,0,1.870950594,1.200000000
3112,0,2.305215896,1.504545455
3113,0,1.869166420,1.025114752
3114,0,1.148866999,1.113023663
3115,0,1.194676934,0.541936693
3116,0,1.177471204,1.100818501
3117,0,0.182084395,0.161462571
3118,0,1.007795172,1.002907027
3119,0,0.843584185,0.541212139
3120,0,1.718642373,1.559707215
3121,0,0.566496165,0.194148748
3122,0,1.042214424,1.032584669
3123,0,1.568509959,1.030992380
3124,0,2.017920322,1.656452937
3125,0,2.425549446,1.612309127
3126,0,1.366027899,1.436256989
3127,0,0.419493326,0.177755261
3128,0,1.148198993,1.100002862
3129,0,2.084936458,1.574542806
3130,0,1.216550792,1.197837851
3131,0,1.263090328,0.661885323
3132,0,1.216645280,1.167837296
3133,0,0.516153539,0.280240550
3134,0,1.168105337,1.136581812
3135,0,1.935893930,2.026695126
3136,0,1.207392095,1.067906190
3137,0,2.028815712,2.061884405
3138,0,2.104827283,3.023295458
3139,0,2.401638747,3.961729291
3140,0,1.420792628,3.004274322
3141,0,1.904176825,2.093251020
3142,0,1.031964644,1.024070516
3143,0,1.053813582,0.436132880
3144,0,1.236865436,1.046914913
3145,0,1.673084492,2.020335906
3146,0,1.263181777,1.052093650
3147,0,0.024203853,0.014185888
3148,0,1.000000000,1.000000000
3149,0,0.302292189,1.960000000
3150,0,1.075248292,1.985401951
3151,0,1.932033766,3.125574641
3152,0,1.421705216,3.847761014
3153,0,0.388819058,5.699167980
3154,0,0.038889828,1.991680394
3155,0,0.942030258,2.195470437
3156,0,0.014174312,0.002565935
3157,0,1.011652861,1.000997864
3158,0,1.047982875,1.508390621
3159,0,-0.000000000,0.000000000
3160,0,0.282292189,0.080000000
3161,0,0.045570069,0.008888889
3162,0,0.939392434,0.406324111
3163,0,-0.000000000,0.000000000
3164,0,0.921928095,0.400000000
3165,0,-0.000000000,0.000000000
3166,0,1.000000000,1.000000000
3167,0,0.164134333,0.040816327
3168,0,0.307356812,0.087084871
3169,0,0.252963026,0.071411483
3170,0,1.036378765,0.446753663
3171,0,-0.000000000,0.000000000
3172,0,0.282292189,0.080000000
3173,0,-0.000000000,0.000000000
3174,0,0.921928095,0.400000000
3175,0,-0.000000000,0.000000000
3176,0,0.921928095,0.400000000
3177,0,-0.000000000,0.000000000
3178,0,1.000000000,1.000000000
3179,0,0.614369446,2.000000000
3180,0,1.500000000,2.500000000
3181,0,1.670993808,2.339130435
3182,0,2.676387079,2.292321056
3183,0,-0.000000000,0.000000000
3184,0,-0.000000000,0.000000000
3185,0,-0.000000000,0.000000000
3186,0,-0.000000000,0.000000000
3187,0,-0.000000000,0.000000000
3188,0,0.282292189,0.080000000
3189,0,-0.000000000,0.000000000
3190,0,-0.000000000,0.000000000
3191,0,-0.000000000,0.000000000
3192,0,-0.000000000,0.000000000
3193,0,-0.000000000,0.000000000
3194,0,0.921928095,0.400000000
3195,0,0.175964403,0.044444444
3196,0,-0.000000000,0.000000000
3197,0,-0.000000000,0.000000000
3198,0,-0.000000000,0.000000000
3199,0,-0.000000000,0.000000000
3200,0,0.921928095,1.800000000
3201,0,0.039584219,0.007547170
3202,0,0.287297754,0.081292059
3203,0,0.048034308,0.009499776
3204,0,0.288495669,0.081595836
3205,0,0.048711198,0.009679657
3206,0,0.950510489,0.409381069
3207,0,0.709062776,0.265070285
3208,0,1.278106085,0.586143139
3209,0,0.006857572,0.003360339
3210,0,0.928785667,0.404144418
3211,0,0.007495789,0.004205536
3212,0,0.922457697,0.400222805
3213,0,0.176058310,0.044472117
3214,0,0.317340098,0.090506301
3215,0,0.023242979,0.005829613
3216,0,0.939435509,0.406850359
3217,0,0.296226785,0.103652364
3218,0,1.159942276,0.571777742
3219,0,0.094968978,0.024374199
3220,0,0.978384167,0.417356561
3221,0,0.050180205,0.010484561
3222,0,1.111292529,1.022459410
3223,0,0.873528249,0.545122283
3224,0,0.905227475,1.167988221
3225,0,0.457230477,0.223485642
3226,0,1.284091839,1.061051312
3227,0,1.008184038,1.158083976
3228,0,1.591636714,1.347044271
3229,0,1.453840646,1.045876335
3230,0,2.046617486,1.730895510
3231,0,0.660972801,0.495809466
3232,0,0.665167303,0.580806186
3233,0,0.430978255,0.212229332
3234,0,1.938899008,1.695187732
3235,0,-0.000000000,0.000000000
3236,0,0.921928095,0.400000000
3237,0,0.649360865,0.240000000
3238,0,1.250709847,0.572972973
3239,0,-0.000000000,0.000000000
3240,0,1.000000000,1.000000000
3241,0,0.164134333,0.040816327
3242,0,-0.000000000,0.000000000
3243,0,-0.000000000,0.000000000
3244,0,1.000000000,1.000000000
3245,0,-0.000000000,0.000000000
3246,0,0.282292189,0.080000000
3247,0,0.045570069,0.008888889
3248,0,-0.000000000,0.000000000
3249,0,-0.000000000,0.000000000
3250,0,0.282292189,0.080000000
3251,0,0.009543159,0.001486989
3252,0,0.925278881,0.401057502
3253,0,0.040025393,0.007646399
3254,0,1.596703602,1.401371535
3255,0,-0.000000000,0.000000000
3256,0,0.282292189,0.080000000
3257,0,0.200458409,0.052173913
3258,0,1.255347512,1.078740157
3259,0,-0.000000000,0.000000000
3260,0,0.921928095,0.400000000
3261,0,-0.000000000,0.000000000
3262,0,0.282292189,0.080000000
3263,0,0.009543159,0.001486989
3264,0,0.283354340,0.080253935
3265,0,0.009649889,0.001507128
3266,0,-0.000000000,0.000000000
3267,0,-0.000000000,0.000000000
3268,0,-0.000000000,0.000000000
3269,0,-0.000000000,0.000000000
3270,0,0.282292189,0.080000000
3271,0,0.009543159,0.001486989
3272,0,0.925278881,0.401057502
3273,0,0.040025393,0.007646399
3274,0,-0.000000000,0.000000000
3275,0,-0.000000000,0.000000000
3276,0,0.282292189,1.960000000
3277,0,0.045570069,0.008888889
3278,0,1.065179155,1.014556041
3279,0,0.659466545,0.241236348
3280,0,1.367075845,0.636402666
3281,0,1.612356501,0.932155979
3282,0,0.005103550,0.003208154
3283,0,0.005473261,0.003127950
3284,0,0.924051399,1.800702766
3285,0,0.039736298,0.007599286
3286,0,0.287421343,0.081345439
3287,0,0.010060346,0.001591614
3288,0,0.000009073,0.000003080
3289,0,-0.000000000,0.000000000
3290,0,1.570950594,1.200000000
3291,0,0.622634316,0.310344828
3292,0,1.412810420,2.106896552
3293,0,0.517582753,0.463768116
3294,0,0.716296731,0.816901408
3295,0,0.389693999,0.260061920
3296,0,0.495577182,0.220123737
3297,0,0.161951212,0.085545500
3298,0,0.420684943,0.186374854
3299,0,0.071068401,0.033209615
3300,0,0.967199841,0.425466394
3301,0,0.076030997,0.027568536
3302,0,0.309281971,0.092394587
3303,0,0.025606527,0.008615963
3304,0,0.292766736,0.084080722
3305,0,0.014675372,0.003456011
3306,0,1.586736590,1.204024462
3307,0,1.186917872,0.603352883
3308,0,1.828569346,1.093652616
3309,0,0.975640396,0.559568109
3310,0,2.187329781,1.577722345
3311,0,1.190920729,0.926929026
3312,0,0.793176439,0.327031509
3313,0,0.466825790,0.180237158
3314,0,0.192196051,0.050979647
3315,0,0.989594884,0.413857276
3316,0,1.249041263,0.812403905
3317,0,1.605703061,0.727302493
3318,0,0.962625874,0.360823807
3319,0,0.668742654,0.218630957
3320,0,0.215818842,0.068298885
3321,0,1.036205931,0.424636735
3322,0,0.551029797,0.175251017
3323,0,0.052876268,0.011977820
3324,0,0.032420223,0.006713437
3325,0,0.301236246,0.083472169
3326,0,1.614614627,1.321048220
3327,0,1.350199735,0.694332654
3328,0,1.068733725,1.791176726
3329,0,1.355973815,1.716486729
3330,0,1.037281440,1.283830434
3331,0,0.495236671,1.806971349
3332,0,1.107951344,1.642128700
3333,0,1.020375008,0.841774749
3334,0,1.031743403,0.406213570
3335,0,1.569934781,1.141568509
3336,0,2.032102349,1.436993057
3337,0,1.124503301,1.025188164
3338,0,1.906112801,1.984696842
3339,0,1.100044821,1.025923390
3340,0,1.790849426,2.023619933
3341,0,0.999750933,1.018581167
3342,0,-0.000000000,0.000000000
3343,0,1.000000000,1.000000000
3344,0,-0.000000000,0.000000000
3345,0,1.000000000,1.000000000
3346,0,0.302292189,0.080000000
3347,0,1.008877014,1.000159612
3348,0,0.303049604,0.080239223
3349,0,1.008906805,1.001982179
3350,0,-0.000000000,0.000000000
3351,0,1.000000000,1.000000000
3352,0,-0.000000000,0.000000000
3353,0,1.000000000,1.000000000
3354,0,-0.000000000,0.000000000
3355,0,1.000000000,1.000000000
3356,0,1.021928095,0.400000000
3357,0,0.999985120,0.995458189
3358,0,1.499992560,1.995458189
3359,0,0.999472708,0.972964981
3360,0,1.870792407,1.400000000
3361,0,0.999664633,1.021561108
3362,0,0.302285482,0.080000000
3363,0,1.181422961,1.035344409
3364,0,0.328919853,0.088539793
3365,0,1.009976279,1.000907715
3366,0,0.303155331,0.080272472
3367,0,1.182653283,1.036263867
3368,0,-0.000000000,0.000000000
3369,0,1.000000000,1.000000000
3370,0,1.870950594,1.400000000
3371,0,1.375791478,1.110980392
3372,0,1.181696492,0.490099053
3373,0,0.999994107,1.002858288
3374,0,1.021927506,0.400000000
3375,0,1.036507829,1.009799917
3376,0,1.031501739,1.798987829
3377,0,0.999985850,0.995571037
3378,0,0.302291906,0.080000000
3379,0,1.041971293,1.005311098
3380,0,0.307770104,0.081675425
3381,0,1.044042489,1.006009802
3382,0,1.901439690,1.214319579
3383,0,2.000117318,1.344472376
3384,0,1.900053489,1.021119683
3385,0,1.649381594,1.260799531
3386,0,0.541636439,0.441723866
3387,0,1.251484136,1.092112933
3388,0,0.311843251,0.210337034
3389,0,1.042913583,1.010969544
3390,0,1.065078460,0.419388270
3391,0,1.255174790,1.072885069
3392,0,1.227384182,0.512409340
3393,0,1.331461088,1.129859501
3394,0,0.357812508,0.105235237
3395,0,1.014405096,1.003889306
3396,0,0.303172373,0.080277885
3397,0,0.999999459,0.999133825
3398,0,1.021928041,0.400000000
3399,0,1.159934093,1.026907809
3400,0,-0.000000000,0.000000000
3401,0,1.000000000,1.000000000
3402,0,-0.000000000,0.000000000
3403,0,1.000000000,1.000000000
3404,0,-0.000000000,0.000000000
3405,0,1.000000000,1.000000000
3406,0,-0.000000000,0.000000000
3407,0,1.000000000,1.000000000
3408,0,1.870950594,1.200000000
3409,0,0.999853521,0.985750210
3410,0,-0.000000000,0.000000000
3411,0,1.000000000,1.000000000
3412,0,1.021928095,0.400000000
3413,0,0.999985120,0.995458189
3414,0,0.302291891,0.080000000
3415,0,0.999999322,0.999030251
3416,0,0.302292176,0.080000000
3417,0,1.041995660,1.005379513
3418,0,-0.000000000,0.000000000
3419,0,1.000000000,1.000000000
3420,0,-0.000000000,0.000000000
3421,0,1.000000000,1.000000000
3422,0,1.021928095,0.400000000
3423,0,0.999985120,0.995458189
3424,0,1.021926607,0.400000000
3425,0,0.999982442,1.004933643
3426,0,0.302291838,0.080000000
3427,0,1.041967734,1.005301116
3428,0,-0.000000000,0.000000000
3429,0,1.000000000,1.000000000
3430,0,0.302292189,0.080000000
3431,0,1.008877014,1.000159612
3432,0,1.023819627,0.400996265
3433,0,1.036593315,1.010050569
3434,0,1.879846726,1.998939609
3435,0,1.379839977,1.111980316
3436,0,0.382274654,0.106978836
3437,0,1.067148767,1.016058656
3438,0,0.126636558,0.073794786
3439,0,1.016052665,1.002994287
3440,0,0.860028184,1.461096740
3441,0,0.971081363,1.941279058
3442,0,0.798627577,0.259684931
3443,0,1.175450219,0.496442085
3444,0,0.625288925,0.202110620
3445,0,0.088066666,0.022205696
3446,0,0.334060238,0.091369832
3447,0,1.026869935,0.458319387
3448,0,0.518855497,0.173505727
3449,0,0.359645139,0.109234606
3450,0,0.999521784,1.025746356
3451,0,1.021880273,0.400000000
3452,0,1.228108009,1.038793939
3453,0,1.668533732,2.013466904
3454,0,0.999996298,0.997734593
3455,0,0.302292115,0.080000000
3456,0,0.999999999,1.000036473
3457,0,0.302292189,0.080000000
3458,0,1.000000000,1.000000587
3459,0,0.302292189,0.080000000
3460,0,1.060184319,1.008222233
3461,0,1.037639028,0.408572389
3462,0,1.795425933,1.218125076
3463,0,-0.000000000,0.000000000
3464,0,1.000000000,1.000000000
3465,0,0.302292189,0.080000000
3466,0,1.257422929,1.047844828
3467,0,-0.000000000,0.000000000
3468,0,1.000000000,1.000000000
3469,0,1.021928095,0.400000000
3470,0,1.000000000,1.000000000
3471,0,0.302292189,0.080000000
3472,0,1.012773762,1.001377513
3473,0,-0.000000000,0.000000000
3474,0,1.000000000,1.000000000
3475,0,-0.000000000,0.000000000
3476,0,1.000000000,1.000000000
3477,0,-0.000000000,0.000000000
3478,0,1.000000000,1.000000000
3479,0,1.021928095,0.400000000
3480,0,1.052690404,1.007034221
3481,0,-0.000000000,0.000000000
3482,0,1.000000000,1.000000000
3483,0,1.021928095,0.400000000
3484,0,1.000000000,1.000000000
3485,0,-0.000000000,0.000000000
3486,0,1.000000000,1.000000000
3487,0,1.870950594,2.000000000
3488,0,1.000000000,1.000000000
3489,0,1.021928095,0.400000000
3490,0,1.052690404,1.007034221
3491,0,1.882728310,1.399013736
3492,0,1.140549722,1.993953025
3493,0,1.905507548,2.001124442
3494,0,1.550110017,1.129494880
3495,0,2.009500235,1.385677947
3496,0,1.000000000,0.999977030
3497,0,0.302292189,0.080000000
3498,0,1.257422929,1.047844204
3499,0,0.390691376,0.115545325
3500,0,1.197169984,1.050418715
3501,0,0.334927499,0.090673798
3502,0,1.304914242,1.069801512
3503,0,1.145682165,0.646590539
3504,0,1.503839347,1.542115443
3505,0,0.899861607,0.630093632
3506,0,1.460265003,1.342562420
3507,0,0.441792156,0.198345428
3508,0,1.103002416,1.112184464
3509,0,1.138672858,0.518039317
3510,0,1.069687106,1.014650783
3511,0,1.899969965,1.400495208
3512,0,1.552316688,1.131047149
3513,0,0.420090187,1.953121208
3514,0,1.030435017,1.013268460
3515,0,0.326019402,0.093390952
3516,0,1.021127294,1.004308362
3517,0,0.310500742,0.083798487
3518,0,1.051358999,1.016871953
3519,0,0.348325337,0.099929631
3520,0,1.064962281,1.018010938
3521,0,1.073423556,0.422163346
3522,0,1.406821587,1.117365989
3523,0,1.203446700,1.477183549
3524,0,1.601632019,1.082386414
3525,0,2.324667104,1.569456446
3526,0,1.844598784,1.391513522
3527,0,1.845869997,1.164926265
3528,0,2.166247334,2.453481365
3529,0,1.308370881,1.523402626
3530,0,1.444748788,1.921071089
3531,0,1.583273077,3.242755042
3532,0,1.716347642,1.939563999
3533,0,0.375227975,1.855134312
3534,0,0.252002948,1.915864951
3535,0,0.166636963,1.950871245
3536,0,0.104127009,0.027290561
3537,0,0.343672339,0.093967849
3538,0,1.031998883,1.789513457
3539,0,1.453140889,0.845028201
3540,0,2.139230862,1.428871188
3541,0,1.677246037,1.452383769
3542,0,1.628134798,1.777106771
3543,0,0.538412762,1.753655349
3544,0,1.170039567,0.481149067
3545,0,0.674976086,0.219074962
3546,0,1.181792606,0.527540149
3547,0,1.372688011,0.758049580
3548,0,1.526800210,1.560041321
3549,0,1.076815516,1.718645618
3550,0,0.635719904,0.244323666
3551,0,0.491510612,0.166097307
3552,0,1.100570627,0.444136957
3553,0,1.353087077,0.691422015
3554,0,1.585277429,0.895972687
3555,0,1.501403563,1.065259292
3556,0,1.878297954,1.015335001
3557,0,0.874790054,0.489636619
3558,0,2.023981944,1.276143725
3559,0,1.015836221,0.437399164
3560,0,0.992273020,1.103405659
3561,0,1.868632501,1.200000000
3562,0,1.531221019,1.151252861
3563,0,2.004487333,1.382798460
3564,0,1.616118313,1.137955399
3565,0,-0.000000000,0.000000000
3566,0,1.000000000,1.000000000
3567,0,1.021928095,0.400000000
3568,0,1.000000000,1.000000000
3569,0,0.302292189,0.080000000
3570,0,1.000000000,1.000000000
3571,0,0.302292189,0.080000000
3572,0,1.000000000,1.000000000
3573,0,0.302292189,1.960000000
3574,0,1.000000000,1.000000000
3575,0,0.302292189,0.080000000
3576,0,1.060184319,1.008222222
3577,0,1.884579970,2.000413041
3578,0,1.140836257,1.022728858
3579,0,1.064915128,0.423685045
3580,0,1.000000000,1.000000000
3581,0,1.021928095,0.400000000
3582,0,1.052690404,1.007034221
3583,0,0.307787926,0.081766365
3584,0,1.061422809,1.008429735
3585,0,1.038016311,0.408777294
3586,0,1.000000000,1.000000000
3587,0,1.021928095,0.400000000
3588,0,1.052690404,1.007034221
3589,0,1.035378563,0.407332871
3590,0,1.231864424,1.041994141
3591,0,0.335327563,0.090767779
3592,0,1.000000000,1.000000000
3593,0,1.021928095,2.000000000
3594,0,1.784319623,3.000000000
3595,0,2.649496645,2.294083527
3596,0,2.425455386,1.992434835
3597,0,3.066832775,2.187095480
3598,0,0.999686667,1.020840826
3599,0,-0.000000000,0.000000000
3600,0,1.000000000,1.000000000
3601,0,1.021928095,2.000000000
3602,0,1.179520228,1.059315251
3603,0,0.163929445,0.096437182
3604,0,1.073048655,1.019602505
3605,0,1.026603352,1.492391398
3606,0,0.057930279,0.012875114
3607,0,0.055351235,0.011785568
3608,0,0.052999181,0.011000340
3609,0,0.311095055,0.085699791
3610,0,1.620449037,1.322562830
3611,0,1.079170994,0.721917373
3612,0,0.942300699,1.965199348
3613,0,1.180906339,1.019047894
3614,0,1.122118347,1.500462178
3615,0,1.252528848,1.020639656
3616,0,1.167435347,1.490053346
3617,0,1.255967351,0.989767870
3618,0,1.627243932,0.876584217
3619,0,-0.000000000,0.000000000
3620,0,1.000000000,1.000000000
3621,0,-0.000000000,0.000000000
3622,0,0.282292189,0.080000000
3623,0,0.009543159,0.001486989
3624,0,1.577225042,1.400243389
3625,0,1.040488411,2.021095379
3626,0,2.502402776,1.945726806
3627,0,1.008443551,0.474222047
3628,0,2.032839916,1.485274104
3629,0,1.121150529,0.626491755
3630,0,-0.000000000,0.000000000
3631,0,-0.000000000,0.000000000
3632,0,0.921928095,0.400000000
3633,0,0.175964403,0.044444444
3634,0,-0.000000000,0.000000000
3635,0,-0.000000000,0.000000000
3636,0,1.072527274,1.010309278
3637,0,0.668534865,0.349570201
3638,0,1.333183429,1.055008686
3639,0,1.531334059,0.802143685
3640,0,1.636993513,0.747456941
3641,0,0.380547176,0.147928994
3642,0,0.245749751,0.081512879
3643,0,0.429928392,0.121583944
3644,0,1.674128660,1.286667955
3645,0,1.051387394,0.514865357
3646,0,0.982858670,1.153846240
3647,0,1.491429335,2.153846240
3648,0,1.216347153,1.111538502
3649,0,-0.000000000,0.000000000
3650,0,1.000000000,1.000000000
3651,0,0.302292189,0.080000000
3652,0,1.060184319,1.008222222
3653,0,0.308717777,0.082066230
3654,0,1.013093875,1.001418389
3655,0,0.303397451,0.080354370
3656,0,1.000000000,1.000000000
3657,0,-0.000000000,0.000000000
3658,0,1.000000000,1.000000000
3659,0,-0.000000000,0.000000000
3660,0,1.000000000,1.000000000
3661,0,-0.000000000,0.000000000
3662,0,1.000000000,1.000000000
3663,0,-0.000000000,0.000000000
3664,0,1.000000000,1.000000000
3665,0,1.870950594,2.000000000
3666,0,1.138751800,1.022289157
3667,0,-0.000000000,0.000000000
3668,0,1.000000000,1.000000000
3669,0,1.021928095,0.400000000
3670,0,1.052690404,1.007034221
3671,0,-0.000000000,0.000000000
3672,0,1.000000000,1.000000000
3673,0,1.870950594,2.000000000
3674,0,1.138751800,1.022289157
3675,0,-0.000000000,0.000000000
3676,0,1.000000000,1.000000000
3677,0,1.500000000,2.000000000
3678,0,1.220308818,1.039361702
3679,0,1.095770152,0.441173678
3680,0,1.000000000,1.000000000
3681,0,1.021928095,0.400000000
3682,0,1.228118215,1.041111111
3683,0,-0.000000000,0.000000000
3684,0,1.000000000,1.000000000
3685,0,0.302292189,1.960000000
3686,0,1.000000000,1.000000000
3687,0,0.302292189,0.080000000
3688,0,1.012773762,1.001377513
3689,0,1.024571058,0.401435139
3690,0,1.000000000,1.000000000
3691,0,-0.000000000,0.000000000
3692,0,1.000000000,1.000000000
3693,0,1.870950594,1.400000000
3694,0,1.000000000,1.000000000
3695,0,1.021928095,0.400000000
3696,0,1.052690404,1.007034221
3697,0,-0.000000000,0.000000000
3698,0,1.000000000,1.000000000
3699,0,1.021928095,0.400000000
3700,0,1.000000000,1.000000000
3701,0,0.302292189,0.080000000
3702,0,1.060184319,1.008222222
3703,0,0.308717777,0.082066230
3704,0,1.000000000,1.000000000
3705,0,-0.000000000,0.000000000
3706,0,1.000000000,1.000000000
3707,0,-0.000000000,0.000000000
3708,0,1.000000000,1.000000000
3709,0,1.021928095,0.400000000
3710,0,1.000000000,1.000000000
3711,0,0.302292189,0.080000000
3712,0,1.038594890,1.010875847
3713,0,0.344756991,0.098347081
3714,0,1.094204755,1.016849891
3715,0,0.053107372,0.023789073
3716,0,1.002646939,1.000391480
3717,0,0.006322109,0.001163758
3718,0,1.571669562,1.200032224
3719,0,1.561200592,1.813023143
3720,0,2.055250636,2.464038338
3721,0,1.825758803,2.696261808
3722,0,1.281635013,0.699152219
3723,0,1.397631679,0.627547789
3724,0,0.872556821,0.324537231
3725,0,1.580608009,1.379687872
3726,0,1.630619003,1.495116457
3727,0,1.626577232,1.902164194
3728,0,1.645932393,1.477020151
3729,0,-0.000000000,0.000000000
3730,0,0.921928095,0.400000000
3731,0,-0.000000000,0.000000000
3732,0,0.282292189,0.080000000
3733,0,0.009543159,0.001486989
3734,0,0.283354340,0.080253935
3735,0,0.009649889,0.001507128
3736,0,0.283367875,0.080256336
3737,0,0.009651839,0.001507518
3738,0,0.283368143,0.080256380
3739,0,-0.000000000,0.000000000
3740,0,1.570950594,1.400000000
3741,0,0.104041954,0.023529412
3742,0,0.297097590,0.084054910
3743,0,-0.000000000,0.000000000
3744,0,0.921928095,0.400000000
3745,0,-0.000000000,0.000000000
3746,0,0.282292189,0.080000000
3747,0,0.045570069,0.008888889
3748,0,0.288142907,0.081522601
3749,0,-0.000000000,0.000000000
3750,0,-0.000000000,0.000000000
3751,0,-0.000000000,0.000000000
3752,0,0.921928095,0.400000000
3753,0,-0.000000000,0.000000000
3754,0,1.000000000,1.000000000
3755,0,1.413799565,2.000000000
3756,0,1.949340537,1.487671233
3757,0,0.381801564,0.142295547
3758,0,0.351157867,0.098447043
3759,0,0.020669057,0.004287276
3760,0,0.935293642,0.403159371
3761,0,0.436805904,0.179995001
3762,0,1.168129602,1.066288067
3763,0,0.021186414,0.004083107
3764,0,0.000012473,0.000002451
3765,0,0.143737664,0.040817959
3766,0,0.172139709,0.051436667
3767,0,1.593107780,1.251255859
3768,0,1.492616525,1.000000174
3769,0,1.810572966,1.421487793
3770,0,1.806123493,1.353663158
3771,0,2.420268065,2.192337737
3772,0,1.974772925,1.947602273
3773,0,2.405405631,2.664727134
3774,0,2.646645346,2.543952632
3775,0,2.748931588,2.747554393
3776,0,2.977480852,2.811482948
3777,0,3.063017812,3.055645157
3778,0,2.709205041,3.286862225
3779,0,2.670964673,3.908666618
3780,0,2.788705317,4.344769963
3781,0,2.917934418,4.262720491
3782,0,3.248573645,4.820882061
3783,0,3.521984642,3.814453022
3784,0,3.382594100,3.619737368
3785,0,3.420159747,4.721118293
3786,0,2.378395771,2.991619560
3787,0,2.051594254,1.986975676
3788,0,1.948084758,2.177070656
3789,0,1.900032219,1.740563152
3790,0,1.749873113,1.455014127
3791,0,1.635120726,1.238119639
3792,0,1.520253375,1.051772407
3793,0,0.992750153,0.769755902
3794,0,1.602852284,1.634868568
3795,0,2.030093236,1.283812999
3796,0,2.134483121,1.228209282
3797,0,1.424005283,0.768617702
3798,0,1.113861769,0.571519651
3799,0,0.623061174,0.332598325
3800,0,0.422742324,0.171863262
3801,0,-0.000000000,0.000000000
3802,0,1.000000000,1.000000000
3803,0,-0.000000000,0.000000000
3804,0,1.000000000,1.000000000
3805,0,-0.000000000,0.000000000
3806,0,1.000000000,1.000000000
3807,0,0.302292189,0.080000000
3808,0,1.012773762,1.001377513
3809,0,0.303367094,0.080344681
3810,0,1.000000000,1.000000000
3811,0,1.021928095,0.400000000
3812,0,1.228118215,1.041111111
3813,0,0.334665510,0.090549664
3814,0,1.285599185,1.054819201
3815,0,1.123279930,0.457031988
3816,0,1.855042260,1.244062295
3817,0,-0.000000000,0.000000000
3818,0,1.000000000,1.000000000
3819,0,1.021928095,0.400000000
3820,0,1.052690404,1.007034221
3821,0,-0.000000000,0.000000000
3822,0,1.000000000,1.000000000
3823,0,-0.000000000,0.000000000
3824,0,1.000000000,1.000000000
3825,0,0.302292189,0.080000000
3826,0,1.060184319,1.008222222
3827,0,0.308717777,0.082066230
3828,0,1.013093875,1.001418389
3829,0,1.024646017,0.401475452
3830,0,1.052880842,1.007065415
3831,0,1.882777382,1.211976736
3832,0,1.140557503,1.022669240
3833,0,0.320037750,0.085739000
3834,0,1.000000000,1.000000089
3835,0,0.302292189,0.080000000
3836,0,1.060184319,1.008222224
3837,0,1.037639028,2.000000001
3838,0,1.053794829,1.007215404
3839,0,0.307921800,0.081809263
3840,0,1.013054267,1.001413330
3841,0,0.303393687,0.080353168
3842,0,1.012828581,1.001384503
3843,0,1.873472992,1.202363526
3844,0,1.139108292,1.022364261
3845,0,1.905088955,1.237202791
3846,0,1.000000000,1.000000278
3847,0,1.021928095,0.400000000
3848,0,1.052690404,1.007034197
3849,0,-0.000000000,0.000000000
3850,0,1.000000000,1.000000000
3851,0,-0.000000000,0.000000000
3852,0,1.000000000,1.000000000
3853,0,1.021928095,1.800000000
3854,0,1.228118215,1.988888889
3855,0,2.227829068,2.460227273
3856,0,2.501021955,3.095642083
3857,0,2.525263024,2.283573941
3858,0,0.999922210,1.010384486
3859,0,0.302290633,0.080000000
3860,0,1.012773704,1.001548010
3861,0,1.509801189,2.000911801
3862,0,0.999999993,1.000099290
3863,0,1.870950592,1.200000000
3864,0,1.000000000,0.999973717
3865,0,0.302292189,0.080000000
3866,0,1.257422929,1.047844114
3867,0,-0.000000000,0.000000000
3868,0,1.000000000,1.000000000
3869,0,0.302292189,0.080000000
3870,0,1.012773762,1.001377513
3871,0,1.024571058,0.401435139
3872,0,1.228852925,1.041283932
3873,0,-0.000000000,0.000000000
3874,0,1.000000000,1.000000000
3875,0,1.870950594,2.000000000
3876,0,1.532052555,1.123333333
3877,0,0.401554049,0.113415966
3878,0,1.017831718,1.002040046
3879,0,-0.000000000,0.000000000
3880,0,1.000000000,1.000000000
3881,0,0.302292189,0.080000000
3882,0,1.012773762,1.001377513
3883,0,1.873460820,1.399805497
3884,0,1.907605954,1.643797242
3885,0,1.584029186,1.299280560
3886,0,1.817407554,1.233827550
3887,0,1.400307553,0.636721023
3888,0,1.343208734,1.070474014
3889,0,0.356596808,0.097845019
3890,0,1.015532182,1.001736107
3891,0,1.025225585,0.401786819
3892,0,1.000000000,0.999999994
3893,0,1.870950594,1.200000000
3894,0,1.532052555,1.123333335
3895,0,1.242499492,0.530171120
3896,0,1.069156653,1.009810351
3897,0,1.554123508,2.004941557
3898,0,1.226035184,1.040786533
3899,0,1.667885670,2.018482402
3900,0,2.517725251,1.746789957
3901,0,-0.000000000,0.000000000
3902,0,1.000000000,1.000000000
3903,0,0.302292189,0.080000000
3904,0,1.257422929,1.047844828
3905,0,-0.000000000,0.000000000
3906,0,1.000000000,1.000000000
3907,0,-0.000000000,0.000000000
3908,0,1.000000000,1.000000000
3909,0,-0.000000000,0.000000000
3910,0,1.000000000,1.000000000
3911,0,0.302292189,0.080000000
3912,0,1.000000000,1.000000000
3913,0,1.021928095,0.400000000
3914,0,1.052690404,1.007034221
3915,0,0.307787926,0.081766365
3916,0,1.013047487,1.001412456
3917,0,1.024635137,0.401469601
3918,0,1.228870965,1.041288210
3919,0,-0.000000000,0.000000000
3920,0,1.000000000,1.000000000
3921,0,1.021928095,0.400000000
3922,0,1.052690404,1.007034221
3923,0,1.540702475,1.012017043
3924,0,1.775394135,1.210259469
3925,0,1.379379832,0.623184338
3926,0,1.080641570,1.011811264
3927,0,-0.000000000,0.000000000
3928,0,1.000000000,1.000000000
3929,0,-0.000000000,0.000000000
3930,0,1.000000000,1.000000000
3931,0,-0.000000000,0.000000000
3932,0,1.000000000,1.000000000
3933,0,1.021928095,1.800000000
3934,0,1.784319623,1.213461538
3935,0,1.385153104,0.627492130
3936,0,1.336749569,1.068505888
3937,0,-0.000000000,0.000000000
3938,0,1.000000000,1.000000000
3939,0,-0.000000000,0.000000000
3940,0,1.000000000,1.000000000
3941,0,1.021928095,0.400000000
3942,0,1.052690404,1.007034221
3943,0,1.035378563,0.407332871
3944,0,1.053635335,1.007189192
3945,0,0.307902432,0.081803056
3946,0,1.000000000,1.000000000
3947,0,1.021928095,2.000000000
3948,0,1.905928216,1.642857143
3949,0,1.584007906,1.298892989
3950,0,1.817342747,1.233784338
3951,0,0.487042342,0.144433069
3952,0,1.103392644,1.015985627
3953,0,0.314456171,0.083912009
3954,0,1.062949060,1.008688610
3955,0,0.309063297,0.082177092
3956,0,1.000000000,1.000000000
3957,0,0.302292189,0.080000000
3958,0,1.000000000,1.000000000
3959,0,-0.000000000,0.000000000
3960,0,1.000000000,1.000000000
3961,0,0.302292189,0.080000000
3962,0,1.012773762,1.001377513
3963,0,-0.000000000,0.000000000
3964,0,1.000000000,1.000000000
3965,0,1.021928095,0.400000000
3966,0,1.784319623,1.213461538
3967,0,-0.000000000,0.000000000
3968,0,1.000000000,1.000000000
3969,0,1.500000000,2.000000000
3970,0,1.000000000,1.000000000
3971,0,-0.000000000,0.000000000
3972,0,1.000000000,1.000000000
3973,0,0.302292189,0.080000000
3974,0,1.000000000,1.000000000
3975,0,0.302292189,0.080000000
3976,0,1.000000000,1.000000000
3977,0,1.021928095,1.800000000
3978,0,1.228118215,1.041111111
3979,0,1.967198125,2.018263283
3980,0,1.377665520,1.215868776
3981,0,0.472382211,0.165485363
3982,0,1.152176355,1.033676946
3983,0,0.071753296,0.050738172
3984,0,1.070031662,1.055066505
3985,0,0.276487528,0.335021888
3986,0,1.093688398,1.078960231
3987,0,0.100841009,0.098833119
3988,0,1.072206088,1.086940322
3989,0,0.106393936,0.108657417
3990,0,1.074350194,1.070627817
3991,0,2.037684490,2.147856028
3992,0,1.585361612,1.165098952
3993,0,0.436106256,0.135054945
3994,0,1.025897619,1.013495200
3995,0,0.310132735,0.083190175
3996,0,1.043412470,1.009405112
3997,0,0.315165985,0.084727289
3998,0,1.019065570,1.002735506
3999,0,1.028883547,0.402555772
4000,0,1.055812570,1.007861243
4001,0,1.047769011,0.410822612
4002,0,1.061745954,1.009946744
4003,0,0.322344244,0.086962418
4004,0,1.085109570,1.019854684
4005,0,1.459195580,1.633480124
4006,0,1.116668131,1.565114650
4007,0,0.040609328,0.008752711
4008,0,0.024635427,0.004865310
4009,0,1.581215223,1.200435360
4010,0,0.008870861,0.001500700
4011,0,0.287483624,0.080796525
4012,0,0.000000020,0.000000005
4013,0,1.000000017,1.000000005
4014,0,0.302292206,0.080000005
4015,0,0.999999499,1.000892744
4016,0,1.870950422,2.000535630
4017,0,1.375740457,1.111224401
4018,0,0.371217612,0.102639820
4019,0,1.054959458,1.008223064
4020,0,1.037327775,0.408139192
4021,0,1.163687638,1.036913580
4022,0,1.078873283,0.430709634
4023,0,1.039864136,1.007932034
4024,0,0.306547381,0.081346131
4025,0,1.009050563,1.000263408
4026,0,0.303066176,0.080244431
4027,0,0.999999431,1.000887834
4028,0,0.000000000,0.000000000
4029,0,1.000000000,1.000000000
4030,0,0.302292189,0.080000000
4031,0,1.046979153,1.008886268
4032,0,1.892349534,1.208777816
4033,0,1.391139452,1.199422653
4034,0,0.717926302,2.131712259
4035,0,1.296960084,1.346351342
4036,0,1.279504638,0.714479729
4037,0,1.226250385,1.227684966
4038,0,1.216019490,0.684722072
4039,0,1.170017506,1.282962829
4040,0,1.217074694,0.688926440
4041,0,1.252010915,1.136947262
4042,0,0.344412832,0.105488996
4043,0,1.019349981,1.019348679
4044,0,0.025433539,0.025317550
4045,0,1.022313202,1.024897801
4046,0,1.881757197,1.209913296
4047,0,1.011239717,0.995397140
4048,0,0.305332296,0.082334102
4049,0,1.181865430,1.039587235
4050,0,0.329224326,0.088714339
4051,0,1.047008842,1.007664046
4052,0,0.000001514,0.000000595
4053,0,1.000001294,1.000000481
4054,0,1.021929145,0.400000440
4055,0,1.036488773,1.010048928
4056,0,0.000000178,0.000000077
4057,0,1.000000175,1.000000068
4058,0,1.870950819,2.000000077
4059,0,1.375791509,1.080980403
4060,0,0.371227830,0.102643883
4061,0,1.054964578,1.009522406
4062,0,0.308489505,0.081961618
4063,0,0.999999644,1.000710409
4064,0,1.021928066,0.400000003
4065,0,0.999984746,1.004603115
4066,0,0.000000031,0.000000016
4067,0,1.000000030,1.000000016
4068,0,1.500000003,1.000000001
4069,0,1.148484272,1.054186604
4070,0,1.072775483,1.794540372
4071,0,0.999988045,0.995928922
4072,0,1.021926900,0.400000000
4073,0,0.999982730,0.995106968
4074,0,0.000000000,0.000000000
4075,0,1.000000000,1.000000000
4076,0,0.302292189,0.080000000
4077,0,1.008877014,1.000159612
4078,0,0.303049604,0.080239223
4079,0,0.999999429,0.999110257
4080,0,0.302292178,0.080000000
4081,0,1.041996223,1.007414906
4082,0,-0.000000000,0.000000000
4083,0,1.000000000,1.000000000
4084,0,0.302292189,0.080000000
4085,0,1.008877014,1.000159612
4086,0,0.303049604,0.080239223
4087,0,1.042138368,1.005427547
4088,0,1.881338824,2.004553590
4089,0,1.096960261,1.004683657
4090,0,0.317404647,0.084793180
4091,0,1.070463594,1.014940547
4092,0,1.033595047,0.583932740
4093,0,1.700498805,1.686371113
4094,0,0.763234229,0.877850225
4095,0,1.000000000,1.000000000
4096,0,1.413276880,1.629411765
4097,0,-0.000000000,0.000000000
4098,0,0.282292189,0.080000000
4099,0,-0.000000000,0.000000000
4100,0,0.921928095,0.400000000
4101,0,-0.000000000,0.000000000
4102,0,-0.000000000,0.000000000
4103,0,0.921928095,0.400000000
4104,0,1.045473375,1.090874525
4105,0,0.307636367,0.081766365
4106,0,0.999997982,0.998327264
4107,0,1.021927893,1.999665453
4108,0,0.999999986,0.999861884
4109,0,1.021928094,1.800000000
4110,0,1.052690404,1.007022641
4111,0,0.307787926,0.081766365
4112,0,1.061422809,1.008429994
4113,0,1.884901649,1.214251604
4114,0,1.000000000,1.000000154
4115,0,0.302292189,0.080000000
4116,0,1.257422929,1.047844823
4117,0,0.340029904,0.092331027
4118,0,1.014668473,1.001621633
4119,0,1.873884179,1.399802928
4120,0,1.908340101,1.644068471
4121,0,2.014423909,2.142407912
4122,0,1.584573724,1.349758996
4123,0,2.335097993,1.627174402
4124,0,1.471692105,1.474611712
4125,0,1.409672219,0.796836933
4126,0,1.256483006,1.257990085
4127,0,0.469309803,0.225794267
4128,0,1.052561151,1.020760855
4129,0,1.048489073,0.415271366
4130,0,1.064138631,1.012168179
4131,0,0.318173940,0.086957843
4132,0,1.070813154,1.012269332
4133,0,1.043741102,0.412503513
4134,0,1.058645976,1.010008392
4135,0,-0.000000000,0.000000000
4136,0,1.000000000,1.000000000
4137,0,1.021928095,0.400000000
4138,0,1.052690404,1.007034221
4139,0,0.307787926,0.081766365
4140,0,1.013047487,1.001412456
4141,0,1.027580011,0.402107498
4142,0,1.142696815,1.056427175
4143,0,0.464983833,0.174645896
4144,0,1.155087249,1.033279803
4145,0,1.077152061,1.492107365
4146,0,0.694589663,1.944197300
4147,0,1.361292066,2.839481195
4148,0,0.038800336,0.008348247
4149,0,0.304897342,0.084261320
4150,0,1.011320754,1.789091800
4151,0,0.508402882,1.938746289
4152,0,1.075784839,1.786753158
4153,0,1.214121842,1.187171939
4154,0,-0.000000000,0.000000000
4155,0,1.000000000,1.000000000
4156,0,-0.000000000,0.000000000
4157,0,1.000000000,1.000000000
4158,0,0.302292189,0.080000000
4159,0,1.042002482,1.007398693
4160,0,-0.000000000,0.000000000
4161,0,1.000000000,1.000000000
4162,0,1.021928095,0.400000000
4163,0,1.159955911,1.026993464
4164,0,1.077335582,0.429862764
4165,0,1.173131488,1.037730192
4166,0,1.920395494,1.976401754
4167,0,1.400886863,1.109284936
4168,0,-0.000000000,0.000000000
4169,0,1.000000000,1.000000000
4170,0,1.870950594,1.200000000
4171,0,1.375791478,1.080980392
4172,0,1.181696492,0.490099053
4173,0,1.198743656,1.039216249
4174,0,1.093818020,0.438983077
4175,0,0.999999999,0.999972954
4176,0,0.302292189,0.080000000
4177,0,1.042002291,1.005398158
4178,0,1.033196087,2.001382123
4179,0,1.162612785,1.028215179
4180,0,0.325487251,0.087424803
4181,0,1.009833027,1.001605448
4182,0,-0.000000000,0.000000000
4183,0,1.000000000,1.000000000
4184,0,-0.000000000,0.000000000
4185,0,1.000000000,1.000000000
4186,0,0.302292189,0.080000000
4187,0,0.999999425,1.000892716
4188,0,1.870950422,1.200000000
4189,0,1.375740457,1.111224401
4190,0,-0.000000000,0.000000000
4191,0,1.000000000,1.000000000
4192,0,1.021928095,0.400000000
4193,0,0.999985120,0.995458189
4194,0,0.302291891,0.080000000
4195,0,0.999999322,0.999030251
4196,0,0.302292176,0.080000000
4197,0,1.041995660,1.007416364
4198,0,-0.000000000,0.000000000
4199,0,1.000000000,1.000000000
4200,0,-0.000000000,0.000000000
4201,0,1.000000000,1.000000000
4202,0,1.021928095,0.400000000
4203,0,1.036488422,1.010048802
4204,0,-0.000000000,0.000000000
4205,0,1.000000000,1.000000000
4206,0,1.021928095,0.400000000
4207,0,1.036488422,1.010048802
4208,0,0.306136756,0.081216458
4209,0,1.009028355,1.000196819
4210,0,1.023856090,0.401015199
4211,0,1.036595608,1.000849895
4212,0,0.306149765,0.081220550
4213,0,0.999999445,0.999123053
4214,0,1.499999723,1.000000000
4215,0,1.148447184,1.003947783
4216,0,-0.000000000,0.000000000
4217,0,1.000000000,1.000000000
4218,0,0.302292189,0.080000000
4219,0,0.999999425,1.000892716
4220,0,1.499999713,2.000892716
4221,0,1.491311538,2.571569531
4222,0,1.700458938,1.613987307
4223,0,1.693737197,1.083397384
4224,0,1.918073127,1.683072075
4225,0,1.217977786,0.896019858
4226,0,0.338107654,0.091801557
4227,0,1.050345761,1.003848855
4228,0,0.307878653,0.081772886
4229,0,1.009120631,1.000484625
4230,0,-0.000000000,0.000000000
4231,0,1.000000000,1.000000000
4232,0,0.302292189,0.080000000
4233,0,1.042002482,1.005398693
4234,0,0.306823294,0.081434444
4235,0,0.999999539,1.000799228
4236,0,1.870950456,2.000479537
4237,0,1.094862064,1.031500987
4238,0,0.314279887,0.083810821
4239,0,0.999999479,1.000849796
4240,0,0.302292179,2.000033992
4241,0,1.041996504,1.007414178
4242,0,1.545073811,1.011559150
4243,0,1.734730171,1.542921620
4244,0,1.644838067,0.812042611
4245,0,0.698403022,0.316607817
4246,0,0.504626126,0.187615265
4247,0,1.145169033,0.459905637
4248,0,0.628582345,0.199966684
4249,0,0.108643576,0.028729889
4250,0,0.346251633,0.094688086
4251,0,1.006173979,0.453988020
4252,0,1.234087905,0.940391829
4253,0,1.663835090,1.075271794
4254,0,1.817161928,1.130145130
4255,0,0.492725202,0.147023648
4256,0,1.104430190,1.022434860
4257,0,-0.000000000,0.000000000
4258,0,1.000000000,1.000000000
4259,0,1.870950594,1.200000000
4260,0,1.000000000,1.000000000
4261,0,1.870950594,1.400000000
4262,0,1.138751800,1.022289157
4263,0,0.319766260,0.085651291
4264,0,1.013646706,1.001489339
4265,0,1.024776119,1.799520338
4266,0,1.228910656,1.041297624
4267,0,1.669124184,1.064083543
4268,0,1.821342278,1.230926553
4269,0,1.405748655,0.641911841
4270,0,1.083093176,1.012428239
4271,0,1.890774278,1.220179879
4272,0,1.141851232,1.022993133
4273,0,0.320231813,0.085801563
4274,0,1.013670757,1.001493572
4275,0,-0.000000000,0.000000000
4276,0,1.000000000,1.000000000
4277,0,1.021928095,2.000000000
4278,0,1.228118215,1.041111111
4279,0,1.098973413,0.443011606
4280,0,1.249825024,1.046290602
4281,0,0.388440590,0.114631714
4282,0,1.092539792,1.022581686
4283,0,-0.000000000,0.000000000
4284,0,1.000000000,1.000000000
4285,0,1.896331172,1.228571429
4286,0,1.273650919,0.692307692
4287,0,1.712856722,1.552631579
4288,0,1.625676345,1.016138726
4289,0,1.894411851,1.083645759
4290,0,1.631227779,1.458299464
4291,0,1.915903965,1.175899785
4292,0,1.485094353,0.684906935
4293,0,0.877589467,0.320282002
4294,0,0.398103515,0.141297780
4295,0,1.115083984,1.880823283
4296,0,1.717369104,1.129444473
4297,0,1.241551045,0.590526272
4298,0,1.472430366,1.082957010
4299,0,1.146936987,1.401360425
4300,0,1.518009783,1.885393131
4301,0,0.463308218,0.196427883
4302,0,1.709943060,1.517856730
4303,0,1.074175773,0.811576818
4304,0,-0.000000000,0.000000000
4305,0,1.000000000,1.000000000
4306,0,-0.000000000,0.000000000
4307,0,1.000000000,1.000000000
4308,0,1.021928095,0.400000000
4309,0,1.036488422,1.000809672
4310,0,-0.000000000,0.000000000
4311,0,1.000000000,1.000000000
4312,0,-0.000000000,0.000000000
4313,0,1.000000000,1.000000000
4314,0,0.302292189,0.080000000
4315,0,0.999999425,0.999107284
4316,0,1.870950422,1.400000000
4317,0,1.094860034,1.031526306
4318,0,-0.000000000,0.000000000
4319,0,1.000000000,1.000000000
4320,0,-0.000000000,0.000000000
4321,0,1.000000000,1.000000000
4322,0,-0.000000000,0.000000000
4323,0,1.000000000,1.000000000
4324,0,-0.000000000,0.000000000
4325,0,1.000000000,1.000000000
4326,0,-0.000000000,0.000000000
4327,0,1.000000000,1.000000000
4328,0,1.870950594,1.400000000
4329,0,1.094879386,1.002520718
4330,0,1.051507921,1.796851345
4331,0,1.166660541,1.029061272
4332,0,-0.000000000,0.000000000
4333,0,1.000000000,1.000000000
4334,0,1.500000000,1.000000000
4335,0,0.999553063,0.975109810
4336,0,1.870816514,1.200000000
4337,0,0.999682430,1.020981269
4338,0,1.021896338,0.400000000
4339,0,1.036342516,1.011875579
4340,0,1.031463631,0.405035363
4341,0,1.162055908,1.037661125
4342,0,1.916932805,1.981058565
4343,0,1.101743237,1.024782125
4344,0,-0.000000000,0.000000000
4345,0,1.000000000,1.000000000
4346,0,-0.000000000,0.000000000
4347,0,1.000000000,1.000000000
4348,0,-0.000000000,0.000000000
4349,0,1.000000000,1.000000000
4350,0,0.302292189,0.080000000
4351,0,1.008877014,1.000159612
4352,0,0.303049604,0.080239223
4353,0,0.999999429,1.000889743
4354,0,0.302292178,0.080000000
4355,0,1.041996223,1.007414906
4356,0,0.306822586,0.081434202
4357,0,1.009062395,1.000280636
4358,0,1.023864002,0.401019424
4359,0,1.160395845,1.027140033
4360,0,1.625079502,1.064704371
4361,0,1.588989824,1.171659942
4362,0,1.304311622,0.568514507
4363,0,0.999881640,1.012809259
4364,0,-0.000000000,0.000000000
4365,0,1.000000000,1.000000000
4366,0,-0.000000000,0.000000000
4367,0,1.000000000,1.000000000
4368,0,1.870950594,1.400000000
4369,0,2.014604098,1.418100890
4370,0,0.645019414,0.208297699
4371,0,1.109012493,1.010802344
4372,0,1.056501940,0.418404499
4373,0,1.168757870,1.035609893
4374,0,0.326554311,0.087772978
4375,0,1.046590211,1.006956059
4376,0,1.034630843,0.406716170
4377,0,0.999989165,0.996124432
4378,0,1.021927011,1.800000000
4379,0,0.999982848,0.995123835
4380,0,1.870945449,1.200000000
4381,0,1.375511291,1.112313211
4382,0,-0.000000000,0.000000000
4383,0,1.000000000,1.000000000
4384,0,1.021928095,0.400000000
4385,0,1.036488422,1.000809672
4386,0,-0.000000000,0.000000000
4387,0,1.000000000,1.000000000
4388,0,1.021928095,1.800000000
4389,0,1.159955911,1.036993464
4390,0,-0.000000000,0.000000000
4391,0,1.000000000,1.000000000
4392,0,1.870950594,2.000000000
4393,0,0.999853521,1.014249790
4394,0,1.499926760,2.014249790
4395,0,1.542403515,1.191458891
4396,0,0.418437677,0.119090213
4397,0,1.013743013,1.000349575
4398,0,0.303531312,0.080390725
4399,0,1.008931254,1.001927791
4400,0,1.023832466,0.401003012
4401,0,1.036594552,1.010043928
4402,0,1.528825040,1.999966226
4403,0,0.999581336,1.024090164
4404,0,1.870824995,1.200000000
4405,0,0.999688944,0.979235022
4406,0,0.302285968,0.080000000
4407,0,0.999998882,1.001244901
4408,0,1.870950259,1.200000000
4409,0,2.014532967,1.417643564
4410,0,0.644965328,0.208267497
4411,0,0.999946215,0.991365157
4412,0,1.021922716,0.400000000
4413,0,1.036546705,1.001573317
4414,0,1.879827728,1.401077348
4415,0,0.999865593,0.986350041
4416,0,0.302289501,0.080000000
4417,0,0.999999088,1.001124228
4418,0,0.302292171,0.080000000
4419,0,1.041994573,1.005376458
4420,0,1.881298286,2.004506461
4421,0,2.022126787,1.426310410
4422,0,0.649696524,0.210336669
4423,0,1.110072716,1.010665074
4424,0,-0.000000000,0.000000000
4425,0,1.000000000,1.000000000
4426,0,1.021928095,0.400000000
4427,0,0.999985120,0.995458189
4428,0,0.302291891,1.999818328
4429,0,1.008869806,1.000080436
4430,0,1.529874449,2.004502579
4431,0,0.999557032,0.975220539
4432,0,0.302283330,0.080000000
4433,0,0.999998756,1.001312987
4434,0,-0.000000000,0.000000000
4435,0,1.000000000,1.000000000
4436,0,1.500000000,2.000000000
4437,0,1.543635402,1.134967320
4438,0,-0.000000000,0.000000000
4439,0,1.000000000,1.000000000
4440,0,0.302292189,0.080000000
4441,0,1.066729601,1.013986928
4442,0,1.929011185,1.230470318
4443,0,1.044387566,1.027138332
4444,0,1.877343108,1.202145772
4445,0,1.363680131,1.158290764
4446,0,1.324054581,2.191752444
4447,0,1.664326794,1.845926923
4448,0,1.640550188,2.079637739
4449,0,0.999935426,0.990538617
4450,0,-0.000000000,0.000000000
4451,0,1.000000000,1.000000000
4452,0,-0.000000000,0.000000000
4453,0,1.000000000,1.000000000
4454,0,1.870950594,2.000000000
4455,0,1.094879386,1.031284530
4456,0,1.896586502,1.225212090
4457,0,2.033204099,1.435267349
4458,0,1.633339240,0.834814394
4459,0,1.080392469,1.052076190
4460,0,-0.000000000,0.000000000
4461,0,1.000000000,1.000000000
4462,0,1.870950594,1.400000000
4463,0,1.094879386,1.031284530
4464,0,-0.000000000,0.000000000
4465,0,1.000000000,1.000000000
4466,0,0.302292189,0.080000000
4467,0,1.042002482,1.007398693
4468,0,0.306823294,0.081434444
4469,0,1.042847139,1.005659921
4470,0,-0.000000000,0.000000000
4471,0,1.000000000,1.000000000
4472,0,0.302292189,0.080000000
4473,0,1.042002482,1.007398693
4474,0,0.306823294,0.081434444
4475,0,1.042847139,1.007450294
4476,0,0.306928838,0.081467797
4477,0,0.999999546,1.000793609
4478,0,1.021928049,0.400000000
4479,0,1.159935921,1.037065771
4480,0,1.077329041,1.794035208
4481,0,0.999996777,1.002113642
4482,0,-0.000000000,0.000000000
4483,0,1.000000000,1.000000000
4484,0,1.021928095,0.400000000
4485,0,0.999985120,0.995458189
4486,0,-0.000000000,0.000000000
4487,0,1.000000000,1.000000000
4488,0,1.021928095,2.000000000
4489,0,1.036488422,1.000809672
4490,0,0.306136756,0.081216458
4491,0,1.009028355,1.000196819
4492,0,-0.000000000,0.000000000
4493,0,1.000000000,1.000000000
4494,0,1.500000000,1.000000000
4495,0,1.543635402,1.134967320
4496,0,-0.000000000,0.000000000
4497,0,1.000000000,1.000000000
4498,0,-0.000000000,0.000000000
4499,0,1.000000000,1.000000000
4500,0,1.021928095,0.400000000
4501,0,0.999985120,1.004541811
4502,0,0.302291891,0.080000000
4503,0,1.041970498,1.007481455
4504,0,0.306819678,0.081433211
4505,0,1.042845415,1.005656316
4506,0,-0.000000000,0.000000000
4507,0,1.000000000,1.000000000
4508,0,1.870950594,1.200000000
4509,0,1.375791478,1.080980392
4510,0,0.371227795,0.102643868
4511,0,1.011744545,1.002082122
4512,0,0.303329345,0.080327213
4513,0,0.999999474,1.000854038
4514,0,1.021928042,0.400000000
4515,0,1.159934399,1.026909009
4516,0,0.325022828,0.087274505
4517,0,0.999999872,0.999578780
4518,0,1.499999936,1.999578780
4519,0,0.999545890,0.974910872
4520,0,1.021882684,0.400000000
4521,0,1.159315086,1.024512428
4522,0,-0.000000000,0.000000000
4523,0,1.000000000,1.000000000
4524,0,-0.000000000,0.000000000
4525,0,1.000000000,1.000000000
4526,0,1.870950594,2.000000000
4527,0,1.094879386,1.002520718
4528,0,-0.000000000,0.000000000
4529,0,1.000000000,1.000000000
4530,0,1.870950594,2.000000000
4531,0,0.999853521,0.985750210
4532,0,0.302289259,0.080000000
4533,0,0.999999072,0.998865599
4534,0,0.302292171,0.080000000
4535,0,0.999999400,0.999088043
4536,0,0.302292177,0.080000000
4537,0,0.999999405,1.000908184
4538,0,-0.000000000,0.000000000
4539,0,1.000000000,1.000000000
4540,0,1.021928095,0.400000000
4541,0,1.159955911,1.026993464
4542,0,1.077335582,0.429862764
4543,0,1.039757332,1.003887133
4544,0,1.032487228,0.405576123
4545,0,1.037098827,1.001305637
4546,0,1.879988177,1.208358132
4547,0,1.379682976,1.082972197
4548,0,1.981616749,2.063158989
4549,0,1.113718299,1.030037702
4550,0,1.827232252,2.116152463
4551,0,2.310276502,3.326075971
4552,0,1.866888515,2.255568789
4553,0,1.107771993,1.119805428
4554,0,-0.000000000,0.000000000
4555,0,1.000000000,1.000000000
4556,0,0.302292189,0.080000000
4557,0,1.042002482,1.005398693
4558,0,1.881299887,1.401280084
4559,0,1.380494625,1.084411518
4560,0,1.184090341,0.491548303
4561,0,1.046377030,1.003936850
4562,0,1.034543370,0.406661790
4563,0,1.163083297,1.028907160
4564,0,-0.000000000,0.000000000
4565,0,1.000000000,1.000000000
4566,0,-0.000000000,0.000000000
4567,0,1.000000000,1.000000000
4568,0,1.021928095,0.400000000
4569,0,1.159955911,1.036993464
4570,0,1.624728505,1.979559622
4571,0,0.999917121,1.010718787
4572,0,-0.000000000,0.000000000
4573,0,1.000000000,1.000000000
4574,0,1.021928095,0.400000000
4575,0,1.036488422,1.010048802
4576,0,0.306136756,0.081216458
4577,0,0.999999444,1.000877595
4578,0,1.870950428,1.400000000
4579,0,1.094860362,1.031522211
4580,0,-0.000000000,0.000000000
4581,0,1.000000000,1.000000000
4582,0,-0.000000000,0.000000000
4583,0,1.000000000,1.000000000
4584,0,1.021928095,0.400000000
4585,0,1.036488422,1.000809672
4586,0,0.316045663,0.084541396
4587,0,1.204254844,1.044091023
4588,0,1.123534504,0.450909110
4589,0,1.193043914,1.057471497
4590,0,1.167510057,0.476983241
4591,0,1.100002437,1.076213484
4592,0,0.118185221,0.089667113
4593,0,1.090125288,1.063152557
4594,0,1.096343448,1.860868072
4595,0,1.237686235,1.103815466
4596,0,-0.000000000,0.000000000
4597,0,1.000000000,1.000000000
4598,0,-0.000000000,0.000000000
4599,0,1.000000000,1.000000000
4600,0,0.302292189,0.080000000
4601,0,0.999999425,0.999107284
4602,0,0.302292178,0.080000000
4603,0,1.008875599,1.001996263
4604,0,1.023819348,1.999921280
4605,0,1.036593178,1.010052174
4606,0,0.306149477,0.081220459
4607,0,1.184774688,1.036840186
4608,0,0.329520702,0.088737556
4609,0,1.010005775,1.001481845
4610,0,0.305969697,0.081061396
4611,0,1.187924291,1.040415964
4612,0,1.973469701,1.426154493
4613,0,1.000692425,1.008736767
4614,0,0.302661559,0.080148131
4615,0,1.041982113,1.007562185
4616,0,0.306824451,0.081434453
4617,0,1.009062946,1.001917759
4618,0,1.023864846,0.401019648
4619,0,0.999986316,0.995486591
4620,0,-0.000000000,0.000000000
4621,0,1.000000000,1.000000000
4622,0,-0.000000000,0.000000000
4623,0,1.000000000,1.000000000
4624,0,1.870950594,1.200000000
4625,0,2.014604098,1.418100890
4626,0,0.645019414,0.208297699
4627,0,0.999945617,1.008682718
4628,0,-0.000000000,0.000000000
4629,0,1.000000000,1.000000000
4630,0,0.302292189,0.080000000
4631,0,1.042002482,1.007398693
4632,0,1.033196137,0.405959040
4633,0,1.037145118,1.009672014
4634,0,1.880000438,1.208369988
4635,0,1.096029403,1.003335925
4636,0,-0.000000000,0.000000000
4637,0,1.000000000,1.000000000
4638,0,1.500000000,2.000000000
4639,0,0.999553063,0.975109810
4640,0,1.021883401,0.400000000
4641,0,0.999967725,0.993311060
4642,0,1.021924867,1.998662212
4643,0,0.999981099,0.994881126
4644,0,1.870944924,1.200000000
4645,0,1.375497249,1.079461793
4646,0,1.769564092,2.130049725
4647,0,1.655293136,1.228672982
4648,0,1.912219364,1.308435757
4649,0,1.219439697,1.126392600
4650,0,1.103228522,0.444823427
4651,0,1.182442594,1.028154572
4652,0,1.086590494,0.435114069
4653,0,0.999999535,1.000802659
4654,0,1.021928048,0.400000000
4655,0,1.036493883,1.000880655
4656,0,1.031498488,0.405056543
4657,0,0.999985731,0.995552429
4658,0,0.302291904,0.080000000
4659,0,1.008869956,1.002057303
4660,0,0.303247629,0.080279416
4661,0,0.999999416,1.000900130
4662,0,0.302292177,0.080000000
4663,0,1.066705553,1.012785983
4664,0,0.348614868,0.099543879
4665,0,1.076167531,1.018271811
4666,0,1.600824833,1.181745022
4667,0,0.045900108,0.010118722
4668,0,0.027935220,0.005634211
4669,0,0.016880887,0.003137942
4670,0,0.292045140,0.081612002
4671,0,0.006061294,0.000974309
4672,0,0.003595795,0.000540934
4673,0,0.282364105,0.080000000
4674,0,1.057295133,1.026212485
4675,0,1.884045273,2.025035554
4676,0,1.140752359,1.033518869
4677,0,1.064906164,1.792614831
4678,0,1.240157969,1.045188415
4679,0,-0.000000000,0.000000000
4680,0,1.000000000,1.000000000
4681,0,-0.000000000,0.000000000
4682,0,1.000000000,1.000000000
4683,0,1.500000000,1.000000000
4684,0,1.000000000,1.000000000
4685,0,0.302292189,0.080000000
4686,0,1.000000000,1.000000000
4687,0,1.021928095,2.000000000
4688,0,1.000000000,1.000000000
4689,0,-0.000000000,0.000000000
4690,0,1.000000000,1.000000000
4691,0,1.870950594,2.000000000
4692,0,1.138751800,1.022289157
4693,0,1.064163411,0.423273040
4694,0,1.055681397,1.007526645
4695,0,0.308151796,0.081882976
4696,0,1.013065914,1.001414833
4697,0,1.024639456,2.000000000
4698,0,1.052880377,1.007065338
4699,0,0.307810912,0.081773730
4700,0,1.061428075,1.008430627
4701,0,0.308872970,0.082116047
4702,0,1.061668028,1.008470971
4703,0,0.308902982,0.082125680
4704,0,1.013103240,1.001419596
4705,0,0.303398339,0.080354653
4706,0,1.060433541,1.008263918
4707,0,1.037714825,0.408613548
4708,0,1.232517204,1.042148516
4709,0,1.100772205,0.444033373
4710,0,1.000000000,1.000000000
4711,0,0.302292189,0.080000000
4712,0,1.060184319,1.008222222
4713,0,-0.000000000,0.000000000
4714,0,1.000000000,1.000000000
4715,0,1.021928095,2.000000000
4716,0,1.228118215,1.041111111
4717,0,0.334665510,0.090549664
4718,0,1.014397000,1.001586340
4719,0,-0.000000000,0.000000000
4720,0,1.000000000,1.000000000
4721,0,1.021928095,0.400000000
4722,0,1.000000000,1.000000000
4723,0,0.302292189,0.080000000
4724,0,1.060184319,1.008222222
4725,0,1.037639028,0.408572389
4726,0,1.232495761,1.042143405
4727,0,-0.000000000,0.000000000
4728,0,1.000000000,1.000000000
4729,0,1.021928095,0.400000000
4730,0,1.784319623,1.213461538
4731,0,1.385153104,0.627492130
4732,0,1.000000000,1.000000000
4733,0,1.021928095,0.400000000
4734,0,1.228118215,1.041111111
4735,0,1.098973413,2.000000000
4736,0,1.058200532,1.007945613
4737,0,1.545206317,1.013717418
4738,0,1.000000000,1.000000000
4739,0,0.302292189,0.080000000
4740,0,1.000000000,1.000000000
4741,0,-0.000000000,0.000000000
4742,0,1.000000000,1.000000000
4743,0,-0.000000000,0.000000000
4744,0,1.000000000,1.000000000
4745,0,0.302292189,0.080000000
4746,0,1.012773762,1.001377513
4747,0,0.303367094,0.080344681
4748,0,1.060426407,1.008262715
4749,0,1.884642797,1.213985690
4750,0,1.140860193,1.022733084
4751,0,1.905597788,1.237743225
4752,0,1.000000000,0.999998354
4753,0,1.021928095,0.400000000
4754,0,1.228118215,1.041111259
4755,0,0.334665510,0.090549664
4756,0,1.014397000,1.001586334
4757,0,0.303522188,0.080394186
4758,0,1.012835061,1.001385336
4759,0,0.303372897,0.080346533
4760,0,1.060427732,1.008262939
4761,0,1.546665680,2.004092543
4762,0,2.484935831,1.706058564
4763,0,1.913944887,1.190419457
4764,0,0.999999991,1.000111170
4765,0,1.870950592,1.400000000
4766,0,1.532052554,1.123303317
4767,0,-0.000000000,0.000000000
4768,0,1.000000000,1.000000000
4769,0,-0.000000000,0.000000000
4770,0,1.000000000,1.000000000
4771,0,-0.000000000,0.000000000
4772,0,1.000000000,1.000000000
4773,0,-0.000000000,0.000000000
4774,0,1.000000000,1.000000000
4775,0,1.500000000,1.000000000
4776,0,1.582718941,1.323002421
4777,0,1.586623185,0.882629741
4778,0,1.537839355,1.206222978
4779,0,1.452651250,2.234053199
4780,0,1.321637594,1.034446569
4781,0,1.177956643,0.672916662
4782,0,1.775416363,1.268074317
4783,0,1.668430174,0.955105807
4784,0,1.423424181,1.113646444
4785,0,1.184765997,0.476806763
4786,0,0.261806552,0.088656248
4787,0,1.637608727,1.401592024
4788,0,0.960812677,0.767966582
4789,0,1.484767738,1.795179753
4790,0,1.679635062,1.579588288
4791,0,1.414671760,1.898452142
4792,0,1.494682978,0.741992493
4793,0,2.019316261,2.002636139
4794,0,1.974749148,1.515212531
4795,0,1.861995290,1.845166997
4796,0,0.072270779,0.017465769
4797,0,0.044242149,0.009693808
4798,0,0.942444978,0.403193263
4799,0,0.488790228,0.160249019
4800,0,0.010188992,0.001757592
4801,0,0.927160999,0.400624926
4802,0,1.251946619,0.679079233
4803,0,1.377066932,0.879870753
4804,0,0.001254408,0.000167399
4805,0,0.922568474,1.800100440
4806,0,2.087296289,2.379385792
4807,0,2.035903199,1.407104726
4808,0,1.850505575,2.597368558
4809,0,1.902126516,2.134333860
4810,0,1.813653012,1.760301534
4811,0,1.741460896,0.949724230
4812,0,2.240441585,1.551665779
4813,0,-0.000000000,0.000000000
4814,0,1.000000000,1.000000000
4815,0,-0.000000000,0.000000000
4816,0,1.000000000,1.000000000
4817,0,-0.000000000,0.000000000
4818,0,1.000000000,1.000000000
4819,0,0.302292189,1.960000000
4820,0,1.012773762,1.001377513
4821,0,0.303566849,0.080385332
4822,0,1.013044103,1.001439745
4823,0,1.873940057,1.399949155
4824,0,1.533735787,1.123928022
4825,0,0.401838049,0.113515194
4826,0,1.017846947,1.002041677
4827,0,1.025789321,1.799371145
4828,0,1.000000000,1.000000045
4829,0,1.021928095,0.400000000
4830,0,1.000000000,0.999999996
4831,0,-0.000000000,0.000000000
4832,0,1.000000000,1.000000000
4833,0,0.302292189,0.080000000
4834,0,1.000000000,1.000000000
4835,0,0.302292189,0.080000000
4836,0,1.000000000,1.000000000
4837,0,0.302292189,0.080000000
4838,0,1.000000000,1.000000000
4839,0,1.021928095,0.400000000
4840,0,1.228118215,1.041111111
4841,0,1.098973413,0.443011606
4842,0,1.058200532,1.007945613
4843,0,1.545206317,1.013717418
4844,0,2.485333885,1.705529873
4845,0,-0.000000000,0.000000000
4846,0,1.000000000,1.000000000
4847,0,1.021928095,0.400000000
4848,0,1.784319623,1.213461538
4849,0,2.052217958,2.008552632
4850,0,1.000000000,1.000000000
4851,0,0.302292189,0.080000000
4852,0,1.060184319,1.008222222
4853,0,0.308717777,0.082066230
4854,0,1.013093875,1.001418389
4855,0,1.024646017,0.401475452
4856,0,1.000000000,1.000000000
4857,0,-0.000000000,0.000000000
4858,0,1.000000000,1.000000000
4859,0,0.302292189,0.080000000
4860,0,1.012773762,1.001377513
4861,0,-0.000000000,0.000000000
4862,0,1.000000000,1.000000000
4863,0,1.021928095,0.400000000
4864,0,1.052690404,1.007034221
4865,0,0.307787926,0.081766365
4866,0,1.013047487,1.001412456
4867,0,1.024635137,0.401469601
4868,0,1.228870965,1.041288210
4869,0,1.099280584,0.443185980
4870,0,1.058223302,1.007949455
4871,0,1.037033386,1.797463668
4872,0,1.000000000,1.000000000
4873,0,1.021928095,0.400000000
4874,0,1.052690404,1.007034221
4875,0,1.892317675,2.002029442
4876,0,1.548944103,1.129086369
4877,0,0.424776821,0.124114605
4878,0,1.024122236,1.009721385
4879,0,0.329051602,0.095812723
4880,0,1.066522327,1.010743083
4881,0,1.042825238,0.411142240
4882,0,1.236728337,1.044520968
4883,0,0.337349004,0.091840183
4884,0,1.067856839,1.009541957
4885,0,0.309697320,0.082380663
4886,0,1.000027507,1.000007245
4887,0,1.500097269,1.000026321
4888,0,1.220407972,1.039390589
4889,0,0.333280675,0.090091898
4890,0,1.014331589,1.001578715
4891,0,0.303516500,0.080392443
4892,0,1.060461361,1.008268796
4893,0,0.308753416,0.082077755
4894,0,1.013096083,1.001418741
4895,0,1.025600280,0.401677884
4896,0,1.000963081,1.000289581
4897,0,0.001030555,0.000404110
4898,0,1.001025174,1.000444470
4899,0,0.000000044,0.000000014
4900,0,1.000000036,1.000000008
4901,0,0.000000046,0.000000015
4902,0,1.000000016,1.000000004
4903,0,0.302292192,2.000000001
4904,0,1.012773765,1.001377514
4905,0,1.509801245,2.000696198
4906,0,1.766618886,1.206476508
4907,0,1.374416231,0.619712044
4908,0,1.333288173,1.067580168
4909,0,0.354628359,0.097190061
4910,0,1.072127084,1.010265660
4911,0,1.041336381,0.410581145
4912,0,1.054059416,1.007259317
4913,0,1.035784945,0.407552754
4914,0,1.000000000,1.000000000
4915,0,1.021928095,0.400000000
4916,0,1.052690404,1.007034221
4917,0,1.035378563,2.000000000
4918,0,1.231864424,1.041994141
4919,0,0.335327563,0.090767779
4920,0,1.067659240,1.009488008
4921,0,1.039938499,0.409822098
4922,0,1.233146520,1.042298597
4923,0,1.101029782,0.444179473
4924,0,1.058353086,1.007971363
4925,0,-0.000000000,0.000000000
4926,0,1.000000000,1.000000000
4927,0,1.021928095,1.800000000
4928,0,1.052690404,1.007034221
4929,0,0.307787926,0.081766365
4930,0,1.000000000,1.000000000
4931,0,0.302292189,0.080000000
4932,0,1.000000000,1.000000000
4933,0,-0.000000000,0.000000000
4934,0,1.000000000,1.000000000
4935,0,1.500000000,1.000000000
4936,0,1.764492375,1.205555556
4937,0,0.471983100,0.138986509
4938,0,1.099250015,1.015151973
4939,0,-0.000000000,0.000000000
4940,0,1.000000000,1.000000000
4941,0,-0.000000000,0.000000000
4942,0,1.000000000,1.000000000
4943,0,0.302292189,0.080000000
4944,0,1.060184319,1.008222222
4945,0,1.546468512,1.013997302
4946,0,1.000000000,1.000000000
4947,0,1.021928095,1.800000000
4948,0,1.000000000,1.000000000
4949,0,-0.000000000,0.000000000
4950,0,1.000000000,1.000000000
4951,0,-0.000000000,0.000000000
4952,0,1.000000000,1.000000000
4953,0,0.302292189,0.080000000
4954,0,1.237449000,1.047715088
4955,0,1.992872893,1.289537516
4956,0,1.838785242,1.398882494
4957,0,1.882501238,2.615895076
4958,0,2.245522769,3.262898195
4959,0,2.003683819,2.408111885
4960,0,2.783554225,2.504552776
4961,0,2.762566545,3.355568031
4962,0,1.900471007,2.560427896
4963,0,1.348648420,1.915571914
4964,0,1.670227217,1.734034581
4965,0,1.551047024,1.142113165
4966,0,1.030428814,1.024594122
4967,0,0.340631794,0.122190241
4968,0,1.044294831,1.026467374
4969,0,0.341818246,0.122632358
4970,0,1.014877859,1.002537262
4971,0,1.512641557,2.001254640
4972,0,1.769155094,1.207295098
4973,0,-0.000000000,0.000000000
4974,0,1.000000000,1.000000000
4975,0,1.021928095,0.400000000
4976,0,1.052690404,1.007034221
4977,0,1.035378563,0.407332871
4978,0,1.000000000,1.000000000
4979,0,-0.000000000,0.000000000
4980,0,1.000000000,1.000000000
4981,0,0.302292189,0.080000000
4982,0,1.012773762,1.001377513
4983,0,1.024571058,0.401435139
4984,0,1.052875527,1.007064537
4985,0,1.035433409,0.407362557
4986,0,1.000000000,1.000000000
4987,0,1.021928095,0.400000000
4988,0,1.052690404,1.007034221
4989,0,1.035378563,0.407332871
4990,0,1.053635335,1.007189192
4991,0,0.307902432,0.081803056
4992,0,1.061449039,1.008434177
4993,0,1.038024310,2.000000000
4994,0,1.232604759,1.042169389
4995,0,-0.000000000,0.000000000
4996,0,1.000000000,1.000000000
4997,0,-0.000000000,0.000000000
4998,0,1.000000000,1.000000000
4999,0,0.302292189,0.080000000
5000,0,1.060184319,1.008222222
5001,0,1.037639028,0.408572389
5002,0,1.232495761,1.042143405
5003,0,0.335439500,0.090804672
5004,0,1.286280451,1.054992240
5005,0,-0.000000000,0.000000000
5006,0,1.000000000,1.000000000
5007,0,1.870950594,1.200000000
5008,0,1.532052555,1.123333333
5009,0,1.242499492,2.000000000
5010,0,1.000000000,1.000000000
5011,0,0.302292189,0.080000000
5012,0,1.060184319,1.008222222
5013,0,-0.000000000,0.000000000
5014,0,1.000000000,1.000000000
5015,0,1.870950594,1.400000000
5016,0,1.138751800,1.022289157
5017,0,-0.000000000,0.000000000
5018,0,1.000000000,1.000000000
5019,0,1.500000000,1.000000000
5020,0,1.764492375,1.205555556
5021,0,2.049186634,1.376866405
5022,0,1.658520402,1.964637800
5023,0,2.591277857,2.274691333
5024,0,1.000000000,1.000000000
5025,0,0.302292189,0.080000000
5026,0,1.012773762,1.001377513
5027,0,-0.000000000,0.000000000
5028,0,1.000000000,1.000000000
5029,0,0.302292189,0.080000000
5030,0,1.000000000,1.000000000
5031,0,1.870950594,2.000000000
5032,0,1.138751800,1.022289157
5033,0,-0.000000000,0.000000000
5034,0,1.000000000,1.000000000
5035,0,0.302292189,0.080000000
5036,0,1.012773762,1.001377513
5037,0,1.873460820,1.202352203
5038,0,1.139104175,1.022363362
5039,0,-0.000000000,0.000000000
5040,0,1.000000000,1.000000000
5041,0,1.870950594,1.400000000
5042,0,1.000000000,1.000000000
5043,0,0.302292189,0.080000000
5044,0,1.060184319,1.008222222
5045,0,1.037639028,0.408572389
5046,0,1.053794829,1.007215404
5047,0,1.035706313,0.407510288
5048,0,1.000000000,1.000000000
5049,0,1.021928095,1.800000000
5050,0,1.000000000,1.000000000
5051,0,0.302292189,0.080000000
5052,0,1.060184319,1.008222222
5053,0,0.308717777,0.082066230
5054,0,1.061632540,1.008464963
5055,0,1.694445675,1.045341151
5056,0,2.527234093,1.755245429
5057,0,1.080322394,0.423838216
5058,0,1.000000000,1.000000000
5059,0,1.021928095,0.400000000
5060,0,1.052690404,1.007034221
5061,0,1.035378563,1.797703404
5062,0,1.231864424,1.041994141
5063,0,0.335327563,0.090767779
5064,0,1.067659240,1.009488008
5065,0,1.039938499,0.409822098
5066,0,1.000000000,1.000000000
5067,0,1.021928095,2.000000000
5068,0,1.000000000,1.000000000
5069,0,1.021928095,1.800000000
5070,0,1.228118215,1.041111111
5071,0,-0.000000000,0.000000000
5072,0,1.000000000,1.000000000
5073,0,0.302292189,0.080000000
5074,0,1.000000000,1.000000000
5075,0,-0.000000000,0.000000000
5076,0,1.000000000,1.000000000
5077,0,1.021928095,0.400000000
5078,0,1.000000000,1.000000000
5079,0,-0.000000000,0.000000000
5080,0,1.000000000,1.000000000
5081,0,1.021928095,2.000000000
5082,0,1.052690404,1.007034221
5083,0,-0.000000000,0.000000000
5084,0,1.000000000,1.000000000
5085,0,0.302292189,1.960000000
5086,0,1.012773762,1.999627699
5087,0,1.024571058,2.000000000
5088,0,1.228852925,1.041283932
5089,0,1.099273232,0.443181816
5090,0,1.000000000,1.000000000
5091,0,1.021928095,0.400000000
5092,0,1.000000000,1.000000000
5093,0,-0.000000000,0.000000000
5094,0,1.000000000,1.000000000
5095,0,1.870950594,1.400000000
5096,0,1.138751800,1.022289157
5097,0,1.064163411,1.792711073
5098,0,1.055681397,1.007526645
5099,0,1.036269170,0.407815076
5100,0,1.053698983,1.007199750
5101,0,0.307910141,0.081805524
5102,0,1.061450811,1.008434478
5103,0,0.308875807,0.082116957
5104,0,1.000000000,1.000000000
5105,0,-0.000000000,0.000000000
5106,0,1.000000000,1.000000000
5107,0,1.870950594,1.200000000
5108,0,1.000000000,1.000000000
5109,0,0.302292189,0.080000000
5110,0,1.012773762,1.001377513
5111,0,1.873460820,1.399805497
5112,0,1.139104175,1.022363362
5113,0,1.064290299,1.792694976
5114,0,1.239978974,1.043922577
5115,0,0.336774205,0.091244881
5116,0,1.014505303,1.001600534
5117,0,1.511210258,2.000815961
5118,0,1.000000000,1.000000000
5119,0,0.302292189,0.080000000
5120,0,1.060184319,1.008222222
5121,0,0.308717777,0.082066230
5122,0,1.263040278,1.049215565
5123,0,0.341068820,0.092675433
5124,0,1.000000000,1.000000000
5125,0,-0.000000000,0.000000000
5126,0,1.000000000,1.000000000
5127,0,1.870950594,2.000000000
5128,0,1.532052555,1.123333333
5129,0,1.242499492,0.530171120
5130,0,1.000000000,1.000000000
5131,0,-0.000000000,0.000000000
5132,0,1.000000000,1.000000000
5133,0,1.021928095,0.400000000
5134,0,1.228118215,1.041111111
5135,0,-0.000000000,0.000000000
5136,0,1.000000000,1.000000000
5137,0,1.870950594,1.200000000
5138,0,1.138751800,1.022289157
5139,0,1.064163411,0.423273040
5140,0,1.000000000,1.000000000
5141,0,1.870950594,1.200000000
5142,0,1.000000000,1.000000000
5143,0,0.302292189,0.080000000
5144,0,1.000000000,1.000000000
5145,0,1.870950594,2.000000000
5146,0,1.138751800,1.022289157
5147,0,1.064163411,0.423273040
5148,0,1.055681397,1.007526645
5149,0,0.308151796,0.081882976
5150,0,1.000000000,1.000000000
5151,0,1.500000000,1.000000000
5152,0,1.220308818,1.039361702
5153,0,1.926928570,1.394693556
5154,0,1.148341524,1.024326725
5155,0,1.067643695,0.425182580
5156,0,1.055936991,1.007569693
5157,0,0.308182950,0.081892939
5158,0,1.262579110,1.049103356
5159,0,0.340983005,0.092646948
5160,0,1.014717450,1.001628061
5161,0,0.303553131,0.080404062
5162,0,1.012836621,1.001385537
5163,0,-0.000000000,0.000000000
5164,0,1.000000000,1.000000000
5165,0,1.870950594,1.400000000
5166,0,1.138751800,1.022289157
5167,0,-0.000000000,0.000000000
5168,0,1.000000000,1.000000000
5169,0,1.021928095,0.400000000
5170,0,1.228118215,1.041111111
5171,0,0.334665510,0.090549664
5172,0,1.285599185,1.054819201
5173,0,0.345323073,0.094089452
5174,0,1.000000000,1.000000000
5175,0,1.870950594,1.200000000
5176,0,1.532052555,1.123333333
5177,0,1.242499492,0.530171120
5178,0,1.000000000,1.000000000
5179,0,1.021928095,0.400000000
5180,0,1.228118215,1.041111111
5181,0,0.334665510,0.090549664
5182,0,1.067506413,1.009461600
5183,0,1.039891005,0.409796323
5184,0,1.233133038,1.042295375
5185,0,1.672200278,2.019074901
5186,0,1.242224078,1.044896907
5187,0,0.337058692,0.091324482
5188,0,1.068087498,1.009564679
5189,0,1.040071164,0.409893406
5190,0,1.233184599,1.042307759
5191,0,1.101045342,0.444188277
5192,0,1.000000000,1.000000000
5193,0,-0.000000000,0.000000000
5194,0,1.000000000,1.000000000
5195,0,0.302292189,0.080000000
5196,0,1.060184319,1.008222222
5197,0,1.546468512,1.013997302
5198,0,1.224989277,1.040527721
5199,0,1.097638446,1.786910224
5200,0,1.058108041,1.007930763
5201,0,-0.000000000,0.000000000
5202,0,1.000000000,1.000000000
5203,0,1.870950594,1.400000000
5204,0,1.000000000,1.000000000
5205,0,1.870950594,1.400000000
5206,0,1.000000000,1.000000000
5207,0,-0.000000000,0.000000000
5208,0,1.000000000,1.000000000
5209,0,1.870950594,2.000000000
5210,0,1.138751800,1.022289157
5211,0,0.319766260,0.085651291
5212,0,1.013646706,1.001489339
5213,0,0.303450145,1.959873061
5214,0,1.906288951,1.643527097
5215,0,1.584025594,2.000000000
5216,0,1.000000000,1.000000000
5217,0,0.302292189,0.080000000
5218,0,1.060184319,1.008222222
5219,0,0.308717777,2.000000000
5220,0,1.263040278,1.049215565
5221,0,1.113615912,0.451455512
5222,0,1.059277483,1.008126133
5223,0,0.308594639,0.082024949
5224,0,1.000000000,1.000000000
5225,0,-0.000000000,0.000000000
5226,0,1.000000000,1.000000000
5227,0,1.021928095,0.400000000
5228,0,1.000000000,1.000000000
5229,0,1.870950594,1.200000000
5230,0,1.000000000,1.000000000
5231,0,0.302292189,2.000000000
5232,0,1.012773762,1.001377513
5233,0,-0.000000000,0.000000000
5234,0,1.000000000,1.000000000
5235,0,1.021928095,0.400000000
5236,0,1.228118215,1.041111111
5237,0,0.334665510,0.090549664
5238,0,1.000000000,1.000000000
5239,0,-0.000000000,0.000000000
5240,0,1.000000000,1.000000000
5241,0,0.302292189,0.080000000
5242,0,1.060184319,1.008222222
5243,0,1.037639028,2.000000000
5244,0,1.053794829,1.007215404
5245,0,0.308778063,0.082023839
5246,0,1.040511863,1.011474593
5247,0,1.925374792,1.225191322
5248,0,1.000354440,1.005291712
5249,0,1.871144939,1.400054312
5250,0,1.138786772,1.020937148
5251,0,1.064172328,0.423277086
5252,0,1.055682793,1.007668595
5253,0,1.036269168,2.000034920
5254,0,1.000000000,1.000014426
5255,0,-0.000000000,0.000000000
5256,0,1.000000000,1.000000000
5257,0,1.021928095,0.400000000
5258,0,1.000000000,1.000000000
5259,0,1.021928095,0.400000000
5260,0,1.000000000,1.000000000
5261,0,0.302292189,0.080000000
5262,0,1.000000000,1.000000000
5263,0,-0.000000000,0.000000000
5264,0,1.000000000,1.000000000
5265,0,0.302292189,0.080000000
5266,0,1.000000000,1.000000000
5267,0,1.021928095,0.400000000
5268,0,1.052690404,1.007034221
5269,0,0.307787926,0.081766365
5270,0,1.000000000,1.000000000
5271,0,-0.000000000,0.000000000
5272,0,1.000000000,1.000000000
5273,0,1.021928095,1.800000000
5274,0,1.052690404,1.007034221
5275,0,1.882728310,1.211927297
5276,0,1.140585632,1.022674083
5277,0,1.064800977,0.423622763
5278,0,1.055728137,1.007532807
5279,0,0.308157491,0.081884798
5280,0,1.000000000,0.999999966
5281,0,0.302292189,0.080000000
5282,0,1.012773762,1.001377514
5283,0,0.303367094,0.080344681
5284,0,1.060426407,1.008262715
5285,0,0.309707836,0.082320928
5286,0,1.062848250,1.008772237
5287,0,1.887296769,1.215210635
5288,0,1.002085687,1.001102636
5289,0,-0.000000000,0.000000000
5290,0,1.000000000,1.000000000
5291,0,1.021928095,0.400000000
5292,0,1.228118215,1.041111111
5293,0,1.967198125,2.018263283
5294,0,1.046671479,1.025644256
5295,0,1.921805572,2.026121358
5296,0,1.165400211,1.038742759
5297,0,0.034264639,0.022025420
5298,0,1.006585192,1.002728181
5299,0,0.309376398,0.083611932
5300,0,1.015381705,1.002230199
5301,0,0.002962484,0.001407373
5302,0,1.000910482,1.000273731
5303,0,1.022716799,0.400314072
5304,0,1.000813859,1.000261432
5305,0,0.000873417,0.000358180
5306,0,1.000041628,1.000010127
5307,0,0.302329475,0.080011646
5308,0,1.012787343,1.001380394
5309,0,1.025509187,0.401634118
5310,0,1.053831312,1.007308521
5311,0,1.040198576,2.000694727
5312,0,1.183928465,2.946655535
5313,0,0.038771083,0.007436163
5314,0,0.931490199,1.800227347
5315,0,1.254361122,1.743195733
5316,0,0.622187873,1.837938715
5317,0,1.031479822,0.937394150
5318,0,1.547042727,0.735662122
5319,0,1.241770803,1.117170062
5320,0,1.519824050,1.717024820
5321,0,1.211794084,0.905832915
5322,0,1.591835430,2.302884346
5323,0,1.232614027,1.097131842
5324,0,1.124376948,0.593665778
5325,0,1.249483515,1.180543867
5326,0,2.203243657,2.143188862
5327,0,2.297344940,1.442029213
5328,0,1.434585819,0.682409635
5329,0,1.190936068,1.047767045
5330,0,1.616614540,0.787770593
5331,0,1.258174153,1.040669317
5332,0,2.200081051,2.090401213
5333,0,1.536727229,1.651243342
5334,0,1.715714116,1.196037700
5335,0,1.404540108,1.170108457
5336,0,0.769627946,0.273679249
5337,0,1.316910128,0.990402016
5338,0,0.695132642,0.234638918
5339,0,0.414674576,0.182673312
5340,0,1.156521056,0.486626677
5341,0,0.100093918,0.027730455
5342,0,1.669720564,1.223516951
5343,0,0.517932813,0.178608176
5344,0,1.865759996,1.424327862
5345,0,0.776872082,0.336602858
5346,0,0.447361353,0.130768003
5347,0,0.158998003,0.049261239
5348,0,-0.000000000,0.000000000
5349,0,-0.000000000,0.000000000
5350,0,0.282292189,0.080000000
5351,0,0.200458409,0.052173913
5352,0,-0.000000000,0.000000000
5353,0,-0.000000000,0.000000000
5354,0,0.921928095,0.400000000
5355,0,0.039584219,0.007547170
5356,0,-0.000000000,0.000000000
5357,0,-0.000000000,0.000000000
5358,0,0.282292189,0.080000000
5359,0,-0.000000000,0.000000000
5360,0,1.000000000,1.000000000
5361,0,0.614369446,0.222222222
5362,0,1.230222672,0.560000000
5363,0,-0.000000000,0.000000000
5364,0,0.921928095,1.800000000
5365,0,0.039584219,0.007547170
5366,0,1.135742323,1.026573998
5367,0,0.682870174,0.254302103
5368,0,0.427912513,0.126892562
5369,0,0.025675616,0.005457974
5370,0,0.285803187,0.080724464
5371,0,0.010018857,0.001584754
5372,0,1.577817414,1.400274131
5373,0,0.105310300,0.023860084
5374,0,1.636202550,1.404147161
5375,0,0.119525246,0.028299202
5376,0,-0.000000000,0.000000000
5377,0,-0.000000000,0.000000000
5378,0,0.282292189,0.080000000
5379,0,-0.000000000,0.000000000
5380,0,1.570950594,1.400000000
5381,0,-0.000000000,0.000000000
5382,0,-0.000000000,0.000000000
5383,0,-0.000000000,0.000000000
5384,0,1.570950594,1.400000000
5385,0,1.181290899,0.600000000
5386,0,2.160057568,1.582721382
5387,0,0.972022486,0.759472817
5388,0,0.804513240,0.802539683
5389,0,0.492472446,0.339984374
5390,0,1.349663721,2.108161194
5391,0,0.146511233,0.162724931
5392,0,0.145603239,0.163633566
5393,0,0.070413438,0.060688108
5394,0,0.984960602,0.456839753
5395,0,0.068359056,0.066445606
5396,0,0.356119716,0.151302423
5397,0,0.220811616,0.066204374
5398,0,0.025946066,0.019107187
5399,0,0.010128887,0.006224319
5400,0,0.009153149,0.006361915
5401,0,0.003633557,0.002150610
5402,0,-0.000000000,0.000000000
5403,0,-0.000000000,0.000000000
5404,0,1.000000000,1.000000000
5405,0,-0.000000000,0.000000000
5406,0,0.921928095,1.800000000
5407,0,0.175964403,0.044444444
5408,0,0.309486490,0.087726358
5409,0,-0.000000000,0.000000000
5410,0,1.570950594,1.200000000
5411,0,0.104041954,0.023529412
5412,0,0.964387511,0.416753927
5413,0,-0.000000000,0.000000000
5414,0,0.282292189,0.080000000
5415,0,0.045570069,0.008888889
5416,0,-0.000000000,0.000000000
5417,0,-0.000000000,0.000000000
5418,0,0.282292189,0.080000000
5419,0,0.009543159,0.001486989
5420,0,0.927332644,0.401495312
5421,0,0.040398248,0.007730889
5422,0,0.000260660,0.000089495
5423,0,0.000102579,0.000026849
5424,0,0.000088028,0.000027346
5425,0,0.000037481,0.000009168
5426,0,0.000034933,0.000010299
5427,0,0.000011109,0.000002423
5428,0,1.072527784,1.010309331
5429,0,0.861084558,1.521640098
5430,0,1.130677691,0.925558335
5431,0,1.613328254,2.106645828
5432,0,2.072514850,3.261492684
5433,0,1.232276497,1.548903111
5434,0,1.292167205,2.327437578
5435,0,0.000000842,0.000000095
5436,0,0.282292813,0.080000065
5437,0,0.999451212,0.454382864
5438,0,0.000000369,0.000000038
5439,0,0.921928336,0.400000021
5440,0,1.425649204,0.864197545
5441,0,2.294105750,1.428374657
5442,0,1.184800826,1.405391005
5443,0,1.138893504,0.576985108
5444,0,0.675461906,0.325878624
5445,0,1.321015835,2.010976727
5446,0,2.269499654,1.737479813
5447,0,1.966182984,1.410911589
5448,0,1.233400499,0.862140338
5449,0,1.185369099,0.602440668
5450,0,1.321679099,0.601893650
5451,0,1.944742448,1.637321414
5452,0,1.267488586,0.783748280
5453,0,0.662630194,0.242618374
5454,0,0.374996661,0.113259867
5455,0,1.047176942,0.975284248
5456,0,1.036671447,1.799784908
5457,0,1.162023368,1.043463528
5458,0,1.917224111,1.987734459
5459,0,1.398242385,1.113794649
5460,0,0.376657476,0.104493506
5461,0,0.999999443,1.000878680
5462,0,1.021928039,0.400000000
5463,0,0.999985613,1.004466004
5464,0,1.499992806,2.004466004
5465,0,0.999474104,1.026999223
5466,0,0.302281671,0.080000000
5467,0,0.999998684,1.001350634
5468,0,0.302292163,0.080000000
5469,0,0.999999395,1.000915624
5470,0,1.499999698,2.000915624
5471,0,2.186260308,1.792278684
5472,0,2.043392679,1.474168307
5473,0,1.165325756,1.134059426
5474,0,1.633329265,1.075756711
5475,0,0.998646328,0.956687174
5476,0,1.870544493,1.974012304
5477,0,1.095709294,1.019547960
5478,0,0.314375093,0.083844843
5479,0,1.009375253,1.001755960
5480,0,1.872947651,1.999544930
5481,0,1.376614839,1.111075671
5482,0,-0.000000000,0.000000000
5483,0,1.000000000,1.000000000
5484,0,1.021928095,0.400000000
5485,0,1.159955911,1.036993464
5486,0,-0.000000000,0.000000000
5487,0,1.000000000,1.000000000
5488,0,-0.000000000,0.000000000
5489,0,1.000000000,1.000000000
5490,0,-0.000000000,0.000000000
5491,0,1.000000000,1.000000000
5492,0,0.302292189,1.960000000
5493,0,1.066729601,1.012810458
5494,0,1.917820843,2.011456873
5495,0,1.568577189,1.202278171
5496,0,0.746621874,0.400236365
5497,0,1.113917616,1.013183590
5498,0,1.965815582,2.039184557
5499,0,1.428946355,1.202563188
5500,0,2.203882935,1.416252598
5501,0,1.729177982,1.294197965
5502,0,1.661793775,0.884920802
5503,0,1.499900155,1.179170453
5504,0,0.738504041,0.390743503
5505,0,1.230835505,1.077367246
5506,0,1.187252025,0.493396532
5507,0,1.231716121,1.072133153
5508,0,0.381200498,0.116277814
5509,0,1.064729750,1.019366210
5510,0,1.948797230,1.238333687
5511,0,1.114181935,1.017434345
5512,0,0.329474001,0.090818663
5513,0,1.018742678,1.005849078
5514,0,1.543577218,2.030810995
5515,0,1.023280064,0.999199783
5516,0,0.309155674,0.084705000
5517,0,1.014079782,1.005489559
5518,0,-0.000000000,0.000000000
5519,0,1.000000000,1.000000000
5520,0,-0.000000000,0.000000000
5521,0,1.000000000,1.000000000
5522,0,-0.000000000,0.000000000
5523,0,1.000000000,1.000000000
5524,0,0.302292189,0.080000000
5525,0,0.999999425,0.999107284
5526,0,1.870950422,1.400000000
5527,0,1.375740457,1.080715553
5528,0,-0.000000000,0.000000000
5529,0,1.000000000,1.000000000
5530,0,1.021928095,0.400000000
5531,0,1.138458945,1.050397878
5532,0,0.162664414,0.095490716
5533,0,1.160800628,1.109814324
5534,0,1.184290544,0.518781219
5535,0,1.512420026,1.294197702
5536,0,0.600892738,0.519362227
5537,0,1.000000000,1.000000000
5538,0,1.009051350,0.575824176
5539,0,1.213890118,1.063912102
5540,0,0.995344237,0.651441173
5541,0,1.615186303,1.612177250
5542,0,0.657086667,0.634314849
5543,0,1.356178775,1.220220137
5544,0,1.106567706,0.622219479
5545,0,1.553971080,1.523058538
5546,0,0.579244936,0.531913020
5547,0,1.308126715,1.182921187
5548,0,2.240085072,2.351598193
5549,0,1.747173943,1.423478283
5550,0,1.443602811,0.776244657
5551,0,2.179990646,2.105015273
5552,0,0.469757784,0.138054028
5553,0,0.999980918,0.994856722
5554,0,0.302291807,0.080000000
5555,0,0.999999532,1.000805482
5556,0,1.021928048,2.000161096
5557,0,0.999984661,1.004611303
5558,0,-0.000000000,0.000000000
5559,0,1.000000000,1.000000000
5560,0,0.302292189,0.080000000
5561,0,1.182011943,1.036063476
5562,0,1.105445396,0.441943927
5563,0,1.178656947,1.057291100
5564,0,0.493222583,0.193791675
5565,0,1.216675274,1.087722680
5566,0,1.229322075,0.551069924
5567,0,1.159997012,1.065815932
5568,0,0.425192922,0.170461448
5569,0,1.057807780,1.023917472
5570,0,1.059387964,0.422005149
5571,0,1.195023984,1.053931111
5572,0,0.353472833,0.108527875
5573,0,1.026622879,1.018055704
5574,0,0.334280118,0.106658376
5575,0,1.189911886,1.040668969
5576,0,-0.000000000,0.000000000
5577,0,1.000000000,1.000000000
5578,0,0.302292189,0.080000000
5579,0,1.008877014,1.000159612
5580,0,0.303049604,0.080239223
5581,0,1.182554477,1.036215551
5582,0,-0.000000000,0.000000000
5583,0,1.000000000,1.000000000
5584,0,0.302292189,0.080000000
5585,0,1.042002482,1.005398693
5586,0,1.533107091,1.013763230
5587,0,2.198372642,1.657618522
5588,0,2.040669811,1.764273795
5589,0,0.992339182,1.102962798
5590,0,-0.000000000,0.000000000
5591,0,1.000000000,1.000000000
5592,0,0.302292189,0.080000000
5593,0,1.008877014,1.000159612
5594,0,-0.000000000,0.000000000
5595,0,1.000000000,1.000000000
5596,0,0.302292189,0.080000000
5597,0,1.008877014,1.001980934
5598,0,1.023819627,0.400996265
5599,0,1.160382413,1.037085781
5600,0,-0.000000000,0.000000000
5601,0,1.000000000,1.000000000
5602,0,1.021928095,0.400000000
5603,0,1.159955911,1.026993464
5604,0,1.093727255,0.435689334
5605,0,1.184363342,1.055433885
5606,0,0.351237227,0.098245687
5607,0,1.018061348,1.005500638
5608,0,1.030159456,0.404262986
5609,0,1.582990755,1.182727585
5610,0,1.300799176,0.565970439
5611,0,1.231132200,1.064221577
5612,0,1.107417377,0.446676579
5613,0,1.181356486,1.035265985
5614,0,-0.000000000,0.000000000
5615,0,1.000000000,1.000000000
5616,0,-0.000000000,0.000000000
5617,0,1.000000000,1.000000000
5618,0,1.870950594,1.200000000
5619,0,2.014604098,1.453412463
5620,0,1.620117238,0.821825364
5621,0,1.323808918,1.118671316
5622,0,-0.000000000,0.000000000
5623,0,1.000000000,1.000000000
5624,0,0.302292189,0.080000000
5625,0,1.042002482,1.007398693
5626,0,0.318241032,0.085354490
5627,0,1.054405941,1.010508229
5628,0,1.040690117,0.409751275
5629,0,1.005736587,0.999587282
5630,0,1.877048113,2.001063792
5631,0,1.380062506,1.082106474
5632,0,1.186193607,0.492591428
5633,0,1.004496617,0.999554453
5634,0,1.874014168,1.999412676
5635,0,2.016429419,2.882986027
5636,0,2.182953002,1.938807080
5637,0,2.080958108,1.442888692
5638,0,1.793710269,0.944535047
5639,0,1.564117501,1.212012817
5640,0,1.424867618,0.668582351
5641,0,1.285975221,1.224998547
5642,0,0.472182331,0.182071942
5643,0,1.114160078,1.049324734
5644,0,0.408578121,0.157708055
5645,0,1.088504872,1.054244465
5646,0,0.320090302,0.092950324
5647,0,1.016975769,1.011717252
5648,0,0.307538055,0.083186587
5649,0,1.004775874,1.003384768
5650,0,0.307867529,0.083671871
5651,0,1.183329674,1.039726722
5652,0,1.087827839,1.991363343
5653,0,1.000840243,1.001710351
5654,0,-0.000000000,0.000000000
5655,0,1.000000000,1.000000000
5656,0,1.870950594,1.400000000
5657,0,0.999853521,1.014249790
5658,0,1.499926760,2.014249790
5659,0,0.999278755,1.031617896
5660,0,1.021855970,2.006323579
5661,0,1.036266226,1.012801568
5662,0,1.031446344,0.405025023
5663,0,1.162025053,1.037762090
5664,0,-0.000000000,0.000000000
5665,0,1.000000000,1.000000000
5666,0,0.302292189,0.080000000
5667,0,0.999999425,1.000892716
5668,0,0.302292178,0.080000000
5669,0,1.041996202,1.005381037
5670,0,0.306822583,0.081434201
5671,0,0.999999539,0.999200178
5672,0,0.302292180,0.080000000
5673,0,1.041996855,1.007413267
5674,0,0.306822657,0.081434227
5675,0,1.042846835,1.007450851
5676,0,1.533824583,1.014114751
5677,0,1.152020285,1.051836914
5678,0,-0.000000000,0.000000000
5679,0,1.000000000,1.000000000
5680,0,-0.000000000,0.000000000
5681,0,1.000000000,1.000000000
5682,0,1.021928095,0.400000000
5683,0,1.036488422,1.010048802
5684,0,-0.000000000,0.000000000
5685,0,1.000000000,1.000000000
5686,0,0.302292189,0.080000000
5687,0,1.042002482,1.005398693
5688,0,1.881299887,2.004533111
5689,0,0.999884833,0.987364690
5690,0,0.302289886,0.080000000
5691,0,1.008856908,0.999939345
5692,0,0.303047906,0.080238651
5693,0,1.042136309,1.005422342
5694,0,0.306840067,0.081439724
5695,0,0.999999540,1.000798961
5696,0,-0.000000000,0.000000000
5697,0,1.000000000,1.000000000
5698,0,1.021928095,0.400000000
5699,0,1.036488422,1.000809672
5700,0,1.031497217,1.798989656
5701,0,1.162116671,1.027656984
5702,0,1.078236893,0.430352746
5703,0,1.173358587,1.037732988
5704,0,1.680500567,1.090992241
5705,0,1.643616785,1.213015974
5706,0,0.435728233,0.125349827
5707,0,0.999993225,0.996935324
5708,0,0.302292054,0.080000000
5709,0,1.182094815,1.036165672
5710,0,-0.000000000,0.000000000
5711,0,1.000000000,1.000000000
5712,0,0.302292189,0.080000000
5713,0,0.999999425,0.999107284
5714,0,0.302292178,0.080000000
5715,0,1.008875599,1.000144049
5716,0,1.506832928,1.002334915
5717,0,1.149037676,1.004670118
5718,0,0.323190667,0.086676991
5719,0,0.999999534,0.999196024
5720,0,0.302292180,1.960000000
5721,0,0.999999407,0.999093647
5722,0,0.302292177,0.080000000
5723,0,1.041996106,1.007415209
5724,0,-0.000000000,0.000000000
5725,0,1.000000000,1.000000000
5726,0,0.302292189,0.080000000
5727,0,1.008877014,1.001980934
5728,0,1.872828063,1.201624684
5729,0,0.999854966,0.985820680
5730,0,1.021913591,0.400000000
5731,0,1.159595994,1.025591287
5732,0,-0.000000000,0.000000000
5733,0,1.000000000,1.000000000
5734,0,0.302292189,0.080000000
5735,0,0.999999425,0.999107284
5736,0,-0.000000000,0.000000000
5737,0,1.000000000,1.000000000
5738,0,1.021928095,0.400000000
5739,0,0.999985120,1.004541811
5740,0,1.021926607,0.400000000
5741,0,1.159841262,1.037407274
5742,0,-0.000000000,0.000000000
5743,0,1.000000000,1.000000000
5744,0,0.302292189,0.080000000
5745,0,1.042002482,1.007398693
5746,0,-0.000000000,0.000000000
5747,0,1.000000000,1.000000000
5748,0,-0.000000000,0.000000000
5749,0,1.000000000,1.000000000
5750,0,-0.000000000,0.000000000
5751,0,1.000000000,1.000000000
5752,0,1.870950594,1.400000000
5753,0,1.094879386,1.002520718
5754,0,1.896586502,1.403342421
5755,0,1.098291850,1.030940973
5756,0,1.052757131,0.416415254
5757,0,0.999987840,1.004105840
5758,0,0.302291946,0.080000000
5759,0,0.999999332,1.000962355
5760,0,1.021928028,0.400000000
5761,0,1.159931669,1.037081145
5762,0,0.325022405,0.087274354
5763,0,0.999999872,1.000421586
5764,0,1.021928082,0.400000000
5765,0,0.999984881,1.004578183
5766,0,1.021926583,0.400000000
5767,0,0.999982419,1.004936780
5768,0,0.302291837,0.080000000
5769,0,1.008869178,1.002065703
5770,0,-0.000000000,0.000000000
5771,0,1.000000000,1.000000000
5772,0,-0.000000000,0.000000000
5773,0,1.000000000,1.000000000
5774,0,0.302292189,0.080000000
5775,0,1.042002482,1.005398693
5776,0,-0.000000000,0.000000000
5777,0,1.000000000,1.000000000
5778,0,0.302292189,1.960000000
5779,0,0.999999425,1.000892716
5780,0,0.302292178,0.080000000
5781,0,1.041996202,1.005381037
5782,0,-0.000000000,0.000000000
5783,0,1.000000000,1.000000000
5784,0,0.302292189,0.080000000
5785,0,1.008877014,1.000159612
5786,0,0.303049604,0.080239223
5787,0,1.182554477,1.036215551
5788,0,0.329116159,0.088606553
5789,0,0.999999953,1.000255792
5790,0,-0.000000000,0.000000000
5791,0,1.000000000,1.000000000
5792,0,0.302292189,0.080000000
5793,0,1.042002482,1.007398693
5794,0,-0.000000000,0.000000000
5795,0,1.000000000,1.000000000
5796,0,1.021928095,0.400000000
5797,0,1.159955911,1.026993464
5798,0,0.325026163,0.087275700
5799,0,1.046251143,1.007660419
5800,0,0.307358636,0.081603674
5801,0,0.999999572,1.000770715
5802,0,-0.000000000,0.000000000
5803,0,1.000000000,1.000000000
5804,0,1.500000000,2.000000000
5805,0,1.543635402,1.946732026
5806,0,1.859987547,1.922334045
5807,0,2.317276612,2.641859645
5808,0,1.990723064,1.609855828
5809,0,1.634015456,1.927381114
5810,0,2.021142213,1.448662637
5811,0,1.496722740,1.031315937
5812,0,-0.000000000,0.000000000
5813,0,1.000000000,1.000000000
5814,0,1.500000000,1.000000000
5815,0,1.148484269,1.054186603
5816,0,-0.000000000,0.000000000
5817,0,1.000000000,1.000000000
5818,0,1.021928095,0.400000000
5819,0,1.159955911,1.026993464
5820,0,1.077335582,0.429862764
5821,0,1.039757332,1.003887133
5822,0,1.880732920,2.003732994
5823,0,1.096181357,1.004106887
5824,0,-0.000000000,0.000000000
5825,0,1.000000000,1.000000000
5826,0,0.302292189,0.080000000
5827,0,1.008877014,1.000159612
5828,0,0.303049604,0.080239223
5829,0,1.042138368,1.007420853
5830,0,0.306840303,0.081439804
5831,0,1.042850441,1.005661032
5832,0,-0.000000000,0.000000000
5833,0,1.000000000,1.000000000
5834,0,0.302292189,0.080000000
5835,0,1.042002482,1.007398693
5836,0,1.033196137,0.405959040
5837,0,0.999988136,1.004055463
5838,0,1.021926908,1.800000000
5839,0,1.159853568,1.037362962
5840,0,1.077302124,0.429839835
5841,0,0.999996606,0.997831033
5842,0,1.870949576,1.200000000
5843,0,1.375667302,1.080336932
5844,0,0.380823640,0.106454631
5845,0,0.999999945,0.999724143
5846,0,-0.000000000,0.000000000
5847,0,1.000000000,1.000000000
5848,0,1.870950594,1.200000000
5849,0,1.094879386,1.002520718
5850,0,1.896586502,2.004922977
5851,0,1.098417668,1.004470976
5852,0,1.052738013,0.416405690
5853,0,0.999987810,1.004110804
5854,0,1.021926876,0.400000000
5855,0,1.036460314,1.010406740
5856,0,-0.000000000,0.000000000
5857,0,1.000000000,1.000000000
5858,0,1.870950594,2.000000000
5859,0,0.999853521,1.014249790
5860,0,0.302289259,0.080000000
5861,0,0.999999072,0.998865599
5862,0,-0.000000000,0.000000000
5863,0,1.000000000,1.000000000
5864,0,-0.000000000,0.000000000
5865,0,1.000000000,1.000000000
5866,0,-0.000000000,0.000000000
5867,0,1.000000000,1.000000000
5868,0,1.500000000,2.000000000
5869,0,0.999553063,1.024890190
5870,0,0.302283250,0.080000000
5871,0,1.008837251,0.999725715
5872,0,1.023811826,0.400991575
5873,0,0.999984941,1.004569062
5874,0,-0.000000000,0.000000000
5875,0,1.000000000,1.000000000
5876,0,1.021928095,1.800000000
5877,0,0.999985120,0.995458189
5878,0,1.870946130,1.400000000
5879,0,1.094779984,1.001270241
5880,0,0.314271552,0.083807936
5881,0,1.009347323,1.002026430
5882,0,0.305638841,0.080956421
5883,0,1.067549678,1.014166422
5884,0,1.553132295,1.014626423
5885,0,1.437078079,1.280381999
5886,0,2.271932239,2.299065031
5887,0,1.711571962,1.527404115
5888,0,1.606599208,0.905170786
5889,0,1.700825622,1.623385701
5890,0,1.695181308,1.067873812
5891,0,2.333074603,1.604651883
5892,0,0.708237741,0.675255910
5893,0,1.372148244,1.149568889
5894,0,2.303336211,2.040232200
5895,0,1.574175815,1.230547001
5896,0,1.222941815,1.522046162
5897,0,1.608914440,1.148157459
5898,0,1.891098494,2.701857733
5899,0,1.831564763,2.665620093
5900,0,1.883349036,1.198127198
5901,0,1.744507606,1.269659840
5902,0,1.930720737,2.211145166
5903,0,1.746289094,1.033068598
5904,0,1.691377426,1.065949490
5905,0,1.536895460,1.789342758
5906,0,1.666034551,2.138757536
5907,0,0.950423816,0.343904592
5908,0,2.070223642,1.209369518
5909,0,2.007620462,1.058033860
5910,0,1.867617346,1.055219075
5911,0,1.122796683,0.440657291
5912,0,0.666444125,0.214732582
5913,0,1.073920737,1.788942853
5914,0,0.991647823,1.107499837
5915,0,-0.000000000,0.000000000
5916,0,1.000000000,1.000000000
5917,0,1.870950594,1.200000000
5918,0,1.000000000,1.000000000
5919,0,-0.000000000,0.000000000
5920,0,1.000000000,1.000000000
5921,0,1.021928095,0.400000000
5922,0,1.000000000,1.000000000
5923,0,1.870950594,1.400000000
5924,0,1.532052555,1.123333333
5925,0,2.005036854,1.382798460
5926,0,2.397662030,1.587076482
5927,0,1.817379763,1.036367118
5928,0,1.130182503,1.021477749
5929,0,0.318324368,0.085159918
5930,0,1.000000000,0.999996680
5931,0,-0.000000000,0.000000000
5932,0,1.000000000,1.000000000
5933,0,1.500000000,1.000000000
5934,0,1.220308818,1.039361702
5935,0,1.095770152,0.441173678
5936,0,1.057966617,1.007906550
5937,0,0.308432569,0.081972988
5938,0,1.061570489,1.008454749
5939,0,0.308890744,0.082121746
5940,0,1.061672105,1.008471662
5941,0,0.308903491,0.082125844
5942,0,1.013103266,1.001419600
5943,0,0.303398342,0.080354654
5944,0,1.060433542,1.008263918
5945,0,0.308748819,0.082076193
5946,0,1.013095445,1.001418591
5947,0,1.024646385,0.401475649
5948,0,1.000000000,1.000000000
5949,0,1.500000000,2.000000000
5950,0,1.764492375,1.944444444
5951,0,2.638988250,2.534207526
5952,0,2.596218592,3.023398382
5953,0,2.304025164,2.178196613
5954,0,2.330612231,2.010567550
5955,0,2.432474836,2.242052392
5956,0,2.640919559,2.129863890
5957,0,-0.000000000,0.000000000
5958,0,1.000000000,1.000000000
5959,0,-0.000000000,0.000000000
5960,0,1.000000000,1.000000000
5961,0,1.870950594,1.200000000
5962,0,1.000000000,1.000000000
5963,0,-0.000000000,0.000000000
5964,0,1.000000000,1.000000000
5965,0,0.302292189,0.080000000
5966,0,1.012773762,1.001377513
5967,0,-0.000000000,0.000000000
5968,0,1.000000000,1.000000000
5969,0,-0.000000000,0.000000000
5970,0,1.000000000,1.000000000
5971,0,1.870950594,1.400000000
5972,0,1.000000000,1.000000000
5973,0,-0.000000000,0.000000000
5974,0,1.000000000,1.000000000
5975,0,-0.000000000,0.000000000
5976,0,1.000000000,1.000000000
5977,0,1.021928095,0.400000000
5978,0,1.000000000,1.000000000
5979,0,1.500000000,1.000000000
5980,0,2.473808192,1.693750000
5981,0,1.013899932,0.386792453
5982,0,1.054578211,1.007580841
5983,0,1.035905776,0.407556996
5984,0,1.000000000,1.000000000
5985,0,1.021928095,0.400000000
5986,0,1.000000000,1.000000000
5987,0,0.302292189,1.960000000
5988,0,1.060184319,1.008222222
5989,0,1.037639028,0.408572389
5990,0,1.000000000,1.000000000
5991,0,0.302292189,0.080000000
5992,0,1.084886310,1.014810458
5993,0,0.892983424,0.560844001
5994,0,0.631865646,0.205654031
5995,0,1.107323226,0.461214692
5996,0,0.114704562,0.030722406
5997,0,0.071049328,0.017087285
5998,0,0.323980576,0.088769366
5999,0,0.343878102,0.098183932
