0,0,4.078806680,4.925729443
1,0,3.904914767,4.785657051
2,0,3.916298618,4.072972236
3,0,4.023870839,4.678435238
4,0,4.030739680,4.018979835
5,0,3.159404991,3.347240409
6,0,3.511379934,3.555548829
7,0,3.366177043,3.114554855
8,0,3.370136045,2.809294438
9,0,3.339846903,2.955605801
10,0,3.555744942,3.342194154
11,0,3.445285814,2.983564828
12,0,2.880261037,2.574804765
13,0,3.241400638,2.748250134
14,0,2.748910202,2.691004577
15,0,3.434424070,3.269214511
16,0,3.429182152,2.528430797
17,0,3.693433550,3.215481561
18,0,3.645723012,2.989225057
19,0,4.156298261,3.408702198
20,0,3.966288835,3.202667788
21,0,3.908653599,3.568291005
22,0,3.796927232,3.789442208
23,0,3.989919111,3.050652279
24,0,4.279027257,3.775229994
25,0,4.358745617,4.526854947
26,0,4.122641536,4.664869301
27,0,4.322313819,4.056383115
28,0,3.843771029,3.094506656
29,0,4.086386652,2.863150752
30,0,3.903259479,3.820094802
31,0,4.294756683,4.252798519
32,0,4.223541784,5.349584932
33,0,4.544567414,4.717847316
34,0,4.477952382,4.089814109
35,0,4.157363355,6.249869837
36,0,4.224866469,5.158866315
37,0,4.258729403,3.953053141
38,0,4.046767512,5.257975510
39,0,4.424255623,4.449192675
40,0,3.410149706,3.100532916
41,0,3.946601275,3.946795690
42,0,4.308096010,4.625161798
43,0,3.995591664,4.993425033
44,0,3.973994176,3.960547522
45,0,3.989637987,3.410471608
46,0,3.627737314,3.194332386
47,0,3.758487331,4.462629820
48,0,3.760845180,4.335634827
49,0,3.044963975,2.572166613
50,0,2.983920008,2.993454247
51,0,2.893395048,2.163855515
52,0,3.573384637,1.946280419
53,0,3.408324236,1.709156963
54,0,3.423010373,1.829645870
55,0,3.106364590,1.920108151
56,0,2.265658925,1.618056405
57,0,2.899457636,2.219588842
58,0,3.087835046,1.573021316
59,0,3.360937445,2.321248688
60,0,3.396891123,1.855195907
61,0,3.499630615,1.931928318
62,0,3.657886254,2.451891278
63,0,3.595641991,3.211129624
64,0,3.692074869,2.619114499
65,0,3.218109205,1.540829083
66,0,3.271470991,1.762726232
67,0,0.745410446,0.158936878
68,0,1.565895606,1.041619572
69,0,2.272610092,2.015304574
70,0,2.884158039,3.001526529
71,0,3.140994448,2.468332085
72,0,3.096741395,1.781218034
73,0,3.139835346,1.697384016
74,0,3.342976789,2.021216231
75,0,2.959183064,1.442774708
76,0,3.125284584,1.532062914
77,0,3.281150021,2.092280619
78,0,3.316635985,1.998568301
79,0,2.249741686,1.177979695
80,0,3.097722511,1.976497532
81,0,3.208313709,2.436184030
82,0,3.588649811,2.207128723
83,0,3.463757995,2.777283932
84,0,3.406702847,3.242454847
85,0,3.094319297,3.290558200
86,0,1.478924755,1.382712928
87,0,1.858055184,1.397703155
88,0,2.578453292,1.886510314
89,0,1.184165474,1.521447308
90,0,2.551600864,2.362486596
91,0,2.381290899,2.350000000
92,0,2.468450531,3.024137931
93,0,2.854170399,2.432106216
94,0,2.512414562,3.000000000
95,0,2.849459142,4.000000000
96,0,2.207526666,2.930299978
97,0,2.041349082,2.560083023
98,0,2.974589284,3.133728347
99,0,2.521110222,3.798109554
100,0,3.453921006,4.699072159
101,0,3.130090025,5.635136612
102,0,3.423563656,6.323181811
103,0,2.107994227,6.026750494
104,0,2.663249128,7.554795098
105,0,2.980920666,8.752862834
106,0,2.740364817,6.609420482
107,0,2.417682389,4.720476899
108,0,3.396023669,3.403024745
109,0,3.068205131,3.411540318
110,0,2.954314127,4.438564003
111,0,3.130723511,4.494953079
112,0,3.098811445,5.514626581
113,0,3.133374907,4.368108311
114,0,3.015690025,3.908502989
115,0,2.919404813,2.564507287
116,0,2.880683077,3.707154983
117,0,2.582237493,3.037184398
118,0,2.138582232,1.821359466
119,0,2.534849533,1.450062316
120,0,2.281793600,1.581621929
121,0,2.536424295,1.940239311
122,0,2.698255774,2.510230512
123,0,1.811309869,1.663021166
124,0,1.733084341,1.189760000
125,0,0.984990568,1.143997330
126,0,1.513294480,1.606310053
127,0,1.903530847,2.588654980
128,0,1.492614068,1.000000000
129,0,1.505162656,1.604651163
130,0,2.074945262,2.296668429
131,0,2.142228846,1.421684498
132,0,2.117708313,1.566658198
133,0,1.810238509,1.309688772
134,0,1.929743929,1.745754191
135,0,2.622635162,2.445138317
136,0,2.497276634,2.549580113
137,0,3.038178343,3.023443257
138,0,3.053522511,2.403249063
139,0,2.349079056,2.986688305
140,0,2.319210148,2.063112496
141,0,2.715002350,1.810885591
142,0,2.176210337,1.841194975
143,0,2.198166480,1.878484650
144,0,1.633779658,1.172786028
145,0,2.143631348,1.952767265
146,0,2.099098384,1.982492854
147,0,2.238023451,1.456278544
148,0,2.093952170,1.308286380
149,0,1.885385151,1.496131463
150,0,1.657879073,2.022588556
151,0,1.525696394,1.320677375
152,0,2.526717670,2.455931266
153,0,2.587934198,1.922755314
154,0,2.369203625,1.538309398
155,0,2.399587170,1.384714223
156,0,2.770604885,2.019071791
157,0,2.620994061,1.941131355
158,0,2.839581097,2.124076493
159,0,3.024008203,2.780795715
160,0,1.804775954,2.056647303
161,0,2.669454693,3.208159280
162,0,2.111279106,2.426438136
163,0,2.779649368,2.702605757
164,0,2.773141194,2.573293772
165,0,3.279490788,2.672094189
166,0,3.103207732,3.073414902
167,0,2.914757241,3.162443368
168,0,1.940022610,2.058563754
169,0,2.033560550,1.895085470
170,0,2.271454830,2.436576501
171,0,2.847326940,3.130508471
172,0,2.954470227,2.748448217
173,0,3.295103444,2.839404461
174,0,3.198773359,3.003556598
175,0,3.133126285,2.878915139
176,0,3.242643290,3.119855918
177,0,2.218825940,2.362654739
178,0,2.341993386,2.794745482
179,0,2.819232832,2.454282309
180,0,2.848806490,2.471072544
181,0,3.150679609,2.556119963
182,0,1.735455537,1.666082468
183,0,2.180146597,2.180989541
184,0,2.686074536,2.144530298
185,0,3.203324945,2.755334166
186,0,2.846726755,2.829419783
187,0,2.996068185,2.399102598
188,0,2.924745927,3.311598571
189,0,3.076682979,2.761162317
190,0,2.525060526,2.633444336
191,0,2.974555646,3.198310904
192,0,2.938761385,4.013763472
193,0,3.444832991,3.553376960
194,0,3.291354609,4.105955823
195,0,3.210406197,4.834743604
196,0,3.127710086,5.641619942
197,0,3.120221299,6.345962445
198,0,3.432776454,7.177828763
199,0,3.163926240,7.954658580
200,0,2.532090962,8.370004253
201,0,3.047884035,7.707895600
202,0,2.835355876,6.547322205
203,0,2.820841433,3.833364001
204,0,2.261139863,2.132622926
205,0,2.829938492,3.007786819
206,0,3.737264209,2.790641361
207,0,2.690975356,2.151946913
208,0,3.269429825,2.457017725
209,0,3.044206809,2.827425281
210,0,2.763649482,1.560737066
211,0,2.754593994,2.853521595
212,0,2.627190036,2.026637029
213,0,2.893906051,2.652459546
214,0,2.696618343,1.995526995
215,0,2.597039441,1.668450625
216,0,2.337283994,1.522752188
217,0,3.133756601,2.860269388
218,0,2.041412857,2.393956298
219,0,3.084491137,2.778117952
220,0,2.917842147,1.872629280
221,0,2.305802636,1.230835435
222,0,1.868461881,1.291143254
223,0,2.899956811,2.637640727
224,0,3.052176287,3.613001861
225,0,3.283004376,2.698194904
226,0,3.213807549,2.592054371
227,0,2.512602622,1.878391271
228,0,2.742452191,3.215884597
229,0,2.902489925,3.867272906
230,0,3.071616654,3.585216237
231,0,2.947329201,4.436878042
232,0,3.545253602,5.494668847
233,0,3.712636088,5.445249166
234,0,2.477660244,4.525986809
235,0,2.857962403,5.471534228
236,0,3.055228371,4.820750484
237,0,3.044342013,5.791296338
238,0,3.237453284,4.757136574
239,0,1.762775271,4.678543939
240,0,2.995580094,5.656752911
241,0,2.538044629,3.574466242
242,0,2.744782348,3.367558459
243,0,2.869165438,3.111751541
244,0,2.935710618,4.029478963
245,0,2.736600322,6.245418071
246,0,2.656556227,5.408590966
247,0,1.022857226,2.294647427
248,0,2.579024836,3.284274284
249,0,2.491587857,2.593073460
250,0,2.636568779,2.911754127
251,0,2.670986262,2.606278460
252,0,2.664971446,2.886512647
253,0,1.678730310,2.512916709
254,0,2.837302345,2.438348854
255,0,2.795194395,2.925608776
256,0,2.697494106,2.136534167
257,0,1.685945793,2.643377505
258,0,2.393150052,3.262368334
259,0,2.554806422,3.379699250
260,0,2.521513189,2.400248153
261,0,2.351926894,3.031580150
262,0,2.268020714,2.578481797
263,0,2.228725756,2.195363457
264,0,2.363649344,2.463107463
265,0,2.608894169,3.363181718
266,0,2.687428717,2.059766534
267,0,1.688817890,1.834866978
268,0,2.299884227,1.616409215
269,0,2.433344454,1.700546762
270,0,2.556361207,2.055788232
271,0,2.001026411,1.496630753
272,0,2.513053746,1.679379955
273,0,2.320359661,1.624476491
274,0,1.801064254,1.457273411
275,0,1.739780307,2.249107302
276,0,2.278688085,1.517660601
277,0,2.649664340,1.810698312
278,0,2.512625543,1.924289412
279,0,2.449626541,2.121141897
280,0,2.754562412,2.052316091
281,0,2.392544804,1.573197965
282,0,2.799132017,2.035181799
283,0,2.409845092,1.746971679
284,0,2.337078799,1.558592302
285,0,2.219408421,1.950847848
286,0,2.043354010,2.397038365
287,0,2.521093698,1.963721755
288,0,2.354038918,1.742481040
289,0,1.899668058,1.954058400
290,0,2.441793477,1.711274062
291,0,2.319680832,2.038388057
292,0,2.150992522,1.655215971
293,0,1.489709023,0.902819438
294,0,0.986613056,1.136365589
295,0,0.919827399,1.330404224
296,0,0.000072038,0.000023235
297,0,1.585034181,1.333348334
298,0,2.141048194,1.277791785
299,0,0.696267106,0.375020121
300,0,1.709799609,1.087294906
301,0,1.640243326,2.414848093
302,0,1.746480124,1.314308428
303,0,1.731375669,1.046733911
304,0,2.294437124,1.506971950
305,0,1.874974230,1.368996440
306,0,2.279462001,2.643626817
307,0,2.505801609,1.927040332
308,0,2.563600791,1.596642296
309,0,2.304409743,1.508784800
310,0,2.772377721,2.148977364
311,0,2.415650089,2.812010166
312,0,2.452486931,1.707006103
313,0,2.334270448,2.096800327
314,0,2.739569928,1.875652643
315,0,2.388552964,1.715851457
316,0,2.429763069,1.705124919
317,0,2.315821243,1.463315032
318,0,2.545545022,1.713507484
319,0,2.402606284,1.857148610
320,0,2.695658465,1.988851048
321,0,2.660085242,1.683367290
322,0,1.895508908,1.750714872
323,0,2.060024249,2.456861222
324,0,2.277139335,1.481469694
325,0,2.381442757,1.711054877
326,0,2.563830512,1.700400132
327,0,1.439001575,1.396580794
328,0,1.391573808,1.538668968
329,0,2.233166877,2.216017433
330,0,1.862366697,1.864170115
331,0,2.009712459,1.259902462
332,0,2.389883294,1.555768626
333,0,2.045638847,1.385976982
334,0,1.715710514,1.020324514
335,0,1.813945409,1.861192286
336,0,1.980988209,1.355176284
337,0,2.455947112,1.535385357
338,0,1.974618467,1.821816562
339,0,2.147157765,1.223711177
340,0,1.824841003,1.150097548
341,0,2.427918867,2.418901527
342,0,2.084793900,1.611841492
343,0,2.101002182,2.198623684
344,0,1.038997031,0.932290263
345,0,1.916379337,1.335162722
346,0,0.858815739,0.564581986
347,0,1.078707634,0.427124331
348,0,1.744105453,1.394075445
349,0,1.107221199,1.419977076
350,0,2.185242914,2.555801146
351,0,1.309836626,0.576306102
352,0,1.912128591,1.300447145
353,0,2.048768772,2.291825958
354,0,2.308504852,2.504310509
355,0,2.239984774,3.621986228
356,0,3.006004031,2.996504143
357,0,2.595103038,2.109393754
358,0,2.328764706,1.977350583
359,0,2.766706742,2.408387722
360,0,2.650264733,2.719159787
361,0,2.517412843,2.296532415
362,0,2.490806563,1.867782134
363,0,2.269433993,2.249931887
364,0,1.945854301,1.510435463
365,0,2.552297477,1.966784284
366,0,2.315695387,1.679840358
367,0,2.387582129,2.099181023
368,0,2.635133764,2.633286646
369,0,2.696681107,3.323632664
370,0,2.497909545,4.013774723
371,0,2.519935783,4.947032385
372,0,2.185698952,5.253716004
373,0,2.711322920,4.400461485
374,0,1.583858342,4.425941572
375,0,2.388218090,4.145691423
376,0,2.244520640,4.725819481
377,0,2.077636035,5.448942027
378,0,2.411570920,5.248636813
379,0,1.547187608,4.598003488
380,0,2.260397576,3.381148861
381,0,2.284578687,2.652667457
382,0,2.388194467,2.854157648
383,0,2.185886684,3.461735551
384,0,2.112094261,2.806346201
385,0,2.457648010,2.656270582
386,0,2.496764312,2.228668539
387,0,2.721927928,2.488304106
388,0,2.732228444,2.960016278
389,0,2.446891799,3.252793559
390,0,2.458715433,3.367215754
391,0,2.448874493,3.200076256
392,0,2.693257855,2.802719041
393,0,2.641821567,5.062625196
394,0,2.741173888,4.715483675
395,0,2.913592667,4.174415733
396,0,2.675932398,2.846221212
397,0,2.579035958,2.986528651
398,0,1.789931504,4.672437194
399,0,1.916830502,4.140815474
400,0,2.664297039,5.072374574
401,0,2.451158628,4.955969482
402,0,2.152524211,3.629500435
403,0,2.452235501,3.297573953
404,0,2.591557506,4.123637819
405,0,1.875189002,3.016744915
406,0,2.035391582,3.018857788
407,0,2.610334057,3.493803193
408,0,2.638825793,2.364261830
409,0,2.720720687,2.862154249
410,0,2.626067547,2.213133605
411,0,2.618316423,2.683840295
412,0,2.791262938,2.226295113
413,0,2.890761546,2.479784180
414,0,2.860429577,2.430520618
415,0,2.636810628,2.554844714
416,0,2.628163726,2.802982438
417,0,2.923714070,3.757117325
418,0,2.641341721,2.925742861
419,0,2.618742787,2.615206236
420,0,2.899715533,2.584567575
421,0,2.999841768,3.592448747
422,0,2.967882298,4.674529295
423,0,3.452026237,4.142835018
424,0,3.103027269,4.774181342
425,0,3.178212334,3.921377402
426,0,3.028754579,3.313866282
427,0,3.290843767,4.298767843
428,0,2.854478960,3.715116034
429,0,3.587501626,3.926099871
430,0,3.330543403,3.306733627
431,0,3.176104400,3.547076498
432,0,2.659477164,2.948896948
433,0,2.799738978,2.719051798
434,0,2.430044929,2.354353856
435,0,2.083943474,2.343453474
436,0,2.687563927,2.803668820
437,0,3.229514117,2.891272940
438,0,3.069981398,2.787695278
439,0,2.701148754,2.943142384
440,0,3.364176404,3.857535556
441,0,3.171265949,3.360582451
442,0,3.431878801,2.919473112
443,0,3.200166460,3.343231991
444,0,3.288193025,3.358448530
445,0,2.725877495,2.686702150
446,0,3.470771945,3.729121602
447,0,3.766312163,4.815697020
448,0,3.579219215,4.205022347
449,0,3.884461132,4.833414117
450,0,4.170980276,5.217166227
451,0,4.141694875,5.966720079
452,0,3.729197890,5.549906465
453,0,3.456157408,8.284537824
454,0,2.974671594,4.437888545
455,0,3.175663484,4.273441265
456,0,2.381378312,2.957368880
457,0,2.733871482,2.675534717
458,0,3.207631469,3.380128593
459,0,2.973171938,2.584931490
460,0,2.894434148,2.545983777
461,0,2.858411702,2.510869516
462,0,2.586582561,2.342017103
463,0,2.233189198,2.517616004
464,0,2.394375133,1.888838344
465,0,2.423991548,2.702839697
466,0,2.704520030,2.244013079
467,0,3.012829129,3.036288850
468,0,2.876704407,3.739325273
469,0,2.852185103,4.550753654
470,0,2.894285921,3.751909234
471,0,2.878572404,3.136700423
472,0,3.217713353,3.875012240
473,0,2.904830693,4.387830199
474,0,2.846428491,4.234780999
475,0,2.842526669,3.170840059
476,0,2.804664350,2.720054293
477,0,2.749232667,3.051821947
478,0,3.039431353,3.452789256
479,0,2.245159891,3.063085670
480,0,2.098567119,2.999283893
481,0,1.860198214,2.614212445
482,0,2.227587085,3.251443124
483,0,2.748353085,4.527123296
484,0,2.637637498,4.698077573
485,0,2.243290165,4.355898499
486,0,2.752579252,4.985321667
487,0,2.021191627,5.182300769
488,0,1.913665938,5.370544298
489,0,2.613957277,6.381477278
490,0,2.175815082,6.048558848
491,0,3.146924810,7.105637608
492,0,3.107011497,5.942438969
493,0,3.213384809,5.408527863
494,0,3.055513518,4.660232478
495,0,3.017017342,4.858355621
496,0,3.018051735,5.357386224
497,0,3.364369000,6.350311517
498,0,2.714927823,3.711579279
499,0,2.637317913,3.436302619
500,0,2.191480216,2.830464081
501,0,2.524271096,3.672936032
502,0,2.417664332,4.508184126
503,0,1.806572347,4.677235168
504,0,2.175476779,5.189769260
505,0,2.256101610,4.208985055
506,0,2.404721435,3.440998115
507,0,2.252641101,2.280474811
508,0,2.474500572,1.940515665
509,0,2.358399916,1.623886200
510,0,2.224389911,1.994370413
511,0,2.480117850,1.763106856
512,0,1.669923436,1.373559639
513,0,1.883288695,1.381843934
514,0,2.885589018,2.024067713
515,0,2.683337635,1.681852487
516,0,2.995047949,2.244324641
517,0,2.080375661,2.057758560
518,0,2.652628600,1.938177562
519,0,2.722060948,2.547646005
520,0,2.009572514,2.200214079
521,0,1.857406597,1.807701340
522,0,1.629329790,1.396663415
523,0,1.929248918,1.429874690
524,0,2.153738132,1.998063934
525,0,2.841924423,1.986885124
526,0,3.254047649,2.561122364
527,0,3.117246402,2.998292446
528,0,3.062282363,2.737972106
529,0,3.394816423,3.511312531
530,0,3.187380156,2.539600093
531,0,3.405520892,2.423891848
532,0,3.074313317,2.353252630
533,0,2.819549028,3.339202002
534,0,3.190664223,2.962378477
535,0,3.168859338,2.696726991
536,0,3.742695575,3.560686421
537,0,3.327343483,2.744691552
538,0,3.310713314,2.664093766
539,0,3.214312892,2.547465654
540,0,3.127393375,2.650799756
541,0,3.042155109,2.727110462
542,0,2.868265600,3.017228142
543,0,3.004368719,2.838934007
544,0,3.082041691,2.420206973
545,0,3.077455688,2.573223624
546,0,3.042967910,2.574087731
547,0,2.488994672,2.542963403
548,0,3.452597266,3.202732721
549,0,2.975658057,2.408625450
550,0,2.868901751,3.081236167
551,0,3.003950783,2.525367297
552,0,2.464847543,2.283056911
553,0,2.468437884,2.428741044
554,0,2.961019330,2.680923451
555,0,3.195612689,3.677171905
556,0,3.461198342,3.030915698
557,0,3.614492251,2.741058838
558,0,3.355549490,2.667336335
559,0,3.398304422,2.729914913
560,0,3.452952899,3.220012991
561,0,3.677243230,3.586205526
562,0,3.681879056,3.235077818
563,0,3.658928839,3.668740228
564,0,3.761522603,3.570239712
565,0,3.665610368,3.604993446
566,0,3.456015210,3.921944794
567,0,3.996401792,3.670232141
568,0,3.638579068,3.457138844
569,0,3.545998576,3.323025858
570,0,3.610919318,3.901712909
571,0,4.015364571,3.472511840
572,0,3.742641725,3.437119295
573,0,3.718800944,3.514556129
574,0,3.535629679,3.485755302
575,0,3.586309481,3.900357196
576,0,3.815203341,3.606455903
577,0,3.308044239,2.908706069
578,0,3.429335915,3.250133234
579,0,3.227942309,3.381962994
580,0,3.269100933,4.122720679
581,0,3.696983283,3.819302210
582,0,3.953993907,3.871411093
583,0,3.795913865,3.874373120
584,0,3.641980706,4.292124464
585,0,3.697504563,3.763048446
586,0,3.823849384,4.087436664
587,0,3.726468493,4.533294546
588,0,3.284335398,4.971151012
589,0,3.445278379,4.002889785
590,0,2.758640550,4.140634490
591,0,2.785883591,3.586745838
592,0,3.296900849,3.389302416
593,0,3.533599416,4.088859310
594,0,3.524858081,4.805880448
595,0,3.109870997,5.385018324
596,0,3.259494301,5.663551396
597,0,3.528985859,6.147659165
598,0,3.181065800,4.341445413
599,0,3.226047798,3.791370239
600,0,3.005474004,3.647149244
601,0,3.801906288,3.497036860
602,0,3.745792880,3.277613336
603,0,3.537346671,3.608023197
604,0,3.660908133,4.020646069
605,0,3.376955608,4.343990961
606,0,3.427764800,4.274616460
607,0,3.422973082,5.241433269
608,0,3.303406842,4.439746003
609,0,3.086681029,3.646983223
610,0,3.310418836,3.206236313
611,0,3.490633499,3.682755466
612,0,3.422310669,3.316007550
613,0,3.204510357,3.414925089
614,0,3.447928316,3.238631699
615,0,2.908535001,3.443903096
616,0,3.152209868,2.616573114
617,0,3.473367011,2.669896549
618,0,3.004766783,3.113086757
619,0,2.595220814,2.805223923
620,0,3.074808601,2.790507829
621,0,3.148753702,2.741936655
622,0,3.540362402,3.062400845
623,0,3.602007067,2.986714103
624,0,3.366048018,3.015540803
625,0,3.400701987,3.334245693
626,0,3.419587482,3.284601175
627,0,3.810791286,3.697913152
628,0,3.610577931,4.191210556
629,0,1.982266985,2.208112557
630,0,2.280000606,2.245283086
631,0,1.992272786,1.925269898
632,0,2.686999723,2.146145279
633,0,2.313805230,1.880408943
634,0,2.949659546,2.466650224
635,0,3.103400131,2.157723640
636,0,2.553238083,2.161739180
637,0,2.503327970,1.772567049
638,0,2.932120926,2.476342197
639,0,2.641530869,1.836607450
640,0,2.802865683,1.965509026
641,0,2.555382681,2.102683861
642,0,3.389837956,2.735842108
643,0,3.180140679,3.546614395
644,0,3.123632589,3.602099207
645,0,2.722401647,4.397846177
646,0,3.127961598,5.660916343
647,0,2.584500060,3.426409439
648,0,2.835762621,3.235071329
649,0,3.114162438,3.880380869
650,0,3.112050645,3.945256562
651,0,2.526866118,2.058046144
652,0,2.899821612,1.995476136
653,0,2.145714031,2.659448470
654,0,2.818586058,2.486587232
655,0,3.271169041,3.537860053
656,0,3.216539247,3.210334080
657,0,3.068598229,3.523890417
658,0,2.777524800,2.279129447
659,0,2.917633666,3.164797791
660,0,2.089050743,2.247809783
661,0,2.498745674,2.891786766
662,0,2.589696629,2.239373329
663,0,2.182758892,1.085687879
664,0,1.911322989,1.326205951
665,0,2.540229831,1.631663744
666,0,2.577294415,1.776390678
667,0,2.631439047,1.801962846
668,0,2.487944173,1.925826074
669,0,2.524136310,1.649244563
670,0,1.886664713,1.599067311
671,0,2.706144844,2.314723358
672,0,2.429294575,1.351868864
673,0,2.201964017,1.446876610
674,0,2.351195783,1.875900182
675,0,2.707169447,2.501459302
676,0,2.847474539,3.357683664
677,0,2.902062023,2.901221790
678,0,3.061157055,3.095915832
679,0,2.930744850,3.303920130
680,0,1.564751522,2.007467413
681,0,1.917263731,1.259485278
682,0,2.386802073,1.862804346
683,0,2.523303290,2.732604342
684,0,2.545654292,2.274072984
685,0,2.943164497,2.065351118
686,0,3.003583141,1.845958483
687,0,2.724268237,1.938459175
688,0,2.979449361,2.060153435
689,0,1.488342719,1.229938244
690,0,2.710949937,2.134549685
691,0,2.601576144,1.634226411
692,0,2.558100983,1.664810160
693,0,2.901530577,1.918392361
694,0,1.908389206,1.586195938
695,0,2.951934689,2.007042816
696,0,2.743141825,2.350305264
697,0,2.716349760,1.893307183
698,0,2.634886963,1.819958740
699,0,2.963164564,1.940508823
700,0,1.959293625,1.666834848
701,0,2.546020013,1.754970067
702,0,2.619722803,2.337665088
703,0,2.762229483,2.696603960
704,0,3.055374926,3.494976813
705,0,3.171532908,3.127819472
706,0,3.153113748,4.097808818
707,0,2.939941604,2.812675511
708,0,2.797214139,2.891277667
709,0,2.910465089,2.284323525
710,0,3.160458726,2.122524764
711,0,3.225381823,2.505541602
712,0,3.245228545,2.523716099
713,0,2.279688834,2.297904413
714,0,2.460138106,2.333329098
715,0,2.448696160,2.659913015
716,0,2.587010333,2.490395300
717,0,2.594536415,2.796981775
718,0,2.970005302,2.802879243
719,0,3.272257501,2.620422260
720,0,2.896062395,2.071261557
721,0,2.824518460,2.490688759
722,0,2.245951675,1.820937317
723,0,3.294508186,2.585005173
724,0,3.183346655,2.435371662
725,0,2.980948915,2.397597366
726,0,2.370601821,2.344240648
727,0,3.028567914,2.056056080
728,0,2.753839042,2.018306629
729,0,2.810471908,2.936509032
730,0,2.573645883,2.114675447
731,0,2.569149572,1.640074307
732,0,1.706065602,1.556887866
733,0,2.270000107,1.634326144
734,0,2.333849423,1.901054565
735,0,2.525736265,1.681522875
736,0,2.569967845,1.812357521
737,0,2.761243082,1.744616297
738,0,2.760258892,1.914219856
739,0,2.771978487,1.937108861
740,0,2.721201709,1.797177555
741,0,3.022071689,2.012820099
742,0,3.120603261,2.551888131
743,0,2.311255628,2.120848669
744,0,3.097440475,3.091769248
745,0,0.999691441,1.020681469
746,0,1.918192981,2.013787646
747,0,2.420650425,3.019510820
748,0,2.438218857,3.745356479
749,0,2.399480830,2.760565705
750,0,2.467511032,3.382891053
751,0,2.626682199,2.490767812
752,0,2.078009926,2.262672521
753,0,2.055967477,2.220643044
754,0,2.736834477,3.451211780
755,0,2.625476005,4.944538276
756,0,2.606630191,6.453304461
757,0,3.474975491,5.351569225
758,0,3.494997343,6.084443211
759,0,3.576155853,4.888759128
760,0,3.215437572,5.360060104
761,0,3.472298912,5.322827159
762,0,3.248334825,5.010539693
763,0,3.088886309,5.636693321
764,0,3.168175121,4.957878570
765,0,2.988482666,3.678573703
766,0,2.415637186,4.744794171
767,0,2.081286441,2.974461620
768,0,1.922667842,2.155681588
769,0,2.076695031,2.250214671
770,0,2.519865323,1.792475866
771,0,2.727849660,1.923986965
772,0,3.172770969,2.361571579
773,0,2.921036139,2.026376022
774,0,3.339738352,2.472388727
775,0,2.954684325,2.803731262
776,0,3.015815402,2.425001533
777,0,3.231263980,3.091199907
778,0,3.161059769,3.043074722
779,0,0.572687623,0.542533286
780,0,1.303354235,1.363751732
781,0,2.031118681,1.353280382
782,0,2.148021763,1.787470814
783,0,3.079479925,2.095884670
784,0,1.975902098,2.320790456
785,0,2.377838238,1.919519047
786,0,1.500000000,2.000000000
787,0,2.147201607,2.759493671
788,0,2.381912699,2.121495327
789,0,2.630406631,3.325761651
790,0,2.826187017,4.157993887
791,0,3.220667651,5.093899692
792,0,2.771022801,3.433814498
793,0,2.548265656,2.384545528
794,0,2.260696908,2.619046854
795,0,1.885841118,1.450888578
796,0,1.943286989,2.152914342
797,0,2.412609209,1.769966808
798,0,1.907136131,1.264333742
799,0,1.008976388,0.965868311
800,0,1.788967421,1.853020762
801,0,2.301445838,2.137420770
802,0,1.844307222,1.240917135
803,0,1.810525602,1.233331920
804,0,1.939358939,1.325976231
805,0,2.414706632,1.662135676
806,0,2.147409964,2.346193165
807,0,2.765260253,2.092662066
808,0,2.989381946,2.777182716
809,0,2.886545852,4.217487520
810,0,1.969682074,3.818250976
811,0,2.988263569,3.911211474
812,0,2.427515019,2.790816723
813,0,2.430917717,1.483980576
814,0,1.493369713,0.686639896
815,0,1.348053586,1.000000000
816,0,1.877840059,1.955995996
817,0,2.913588209,1.879284398
818,0,2.805250414,2.344843877
819,0,2.798999499,3.313980488
820,0,2.707156737,2.604903330
821,0,2.485825259,1.966056548
822,0,2.662384656,1.819662929
823,0,1.783549033,2.033985660
824,0,2.150523409,3.022108285
825,0,2.419241101,2.198296428
826,0,2.549755214,1.760735591
827,0,2.757292931,2.464446362
828,0,3.296260783,2.328961857
829,0,2.953564685,2.121088553
830,0,2.978989471,2.201215654
831,0,3.128813443,2.681337838
832,0,2.980448702,3.022061327
833,0,2.082239887,2.223933978
834,0,2.929616553,2.118388192
835,0,2.036443359,1.267631666
836,0,1.711496845,1.479835241
837,0,2.017638451,1.371945535
838,0,2.770917115,2.070525479
839,0,2.219176964,1.835933582
840,0,1.926456926,1.312884335
841,0,2.095426056,1.295934074
842,0,2.667639556,1.953864514
843,0,2.266979286,1.877433581
844,0,2.898650435,2.226516181
845,0,3.128081810,2.255658891
846,0,2.864410492,2.299244029
847,0,3.112307130,2.566818100
848,0,2.953182166,2.660693841
849,0,2.697421791,2.734066980
850,0,2.951763648,2.425316744
851,0,2.574139881,2.555256075
852,0,2.285679709,1.553761741
853,0,2.269934071,2.251748877
854,0,2.134659472,1.435138293
855,0,2.390261287,2.225151707
856,0,2.177331968,1.426486117
857,0,2.181306216,1.592083967
858,0,1.789043068,1.245272316
859,0,2.040700262,2.002763105
860,0,1.174184343,1.131348158
861,0,1.893488513,2.111882542
862,0,2.575176130,1.781386503
863,0,2.070835264,1.365136941
864,0,1.754874263,1.204915942
865,0,2.024688487,2.014453618
866,0,1.636550774,1.159474417
867,0,1.935405014,1.139932695
868,0,2.330097874,1.687270516
869,0,2.709431462,2.409519852
870,0,3.262671480,3.294117891
871,0,2.797822208,2.354405992
872,0,3.343309076,3.410062383
873,0,2.935442558,2.430527771
874,0,2.870158893,2.962486032
875,0,2.536064900,2.237860302
876,0,2.843557970,2.020921963
877,0,2.264120606,1.623812248
878,0,2.232963919,2.067793337
879,0,3.129445000,2.203562180
880,0,2.881959660,2.273145224
881,0,2.595066507,1.792310142
882,0,2.894049578,2.086290900
883,0,2.521295196,1.705955642
884,0,2.229690080,1.658855609
885,0,2.470401869,2.539072472
886,0,2.808871495,2.105862939
887,0,2.963622543,2.806545127
888,0,2.982795714,2.317948245
889,0,2.941343935,2.245373812
890,0,3.467867414,2.729267634
891,0,3.328412360,2.555146026
892,0,3.189466820,2.680932640
893,0,3.192528487,2.481067724
894,0,2.967395095,2.248512822
895,0,2.692570352,2.089544200
896,0,2.897920197,2.228296638
897,0,2.991073410,2.495548691
898,0,3.252745631,2.691027268
899,0,3.251563336,3.186776171
900,0,3.249242572,4.585349675
901,0,3.588547402,3.380292519
902,0,3.573532476,3.606667914
903,0,3.131917728,2.915424182
904,0,3.234839452,2.594054969
905,0,3.294990025,2.729744425
906,0,3.283845605,2.578539121
907,0,2.714083328,2.591693219
908,0,2.886601091,2.420970897
909,0,2.658631739,1.979335736
910,0,2.992227939,2.501862286
911,0,3.090475943,2.214065947
912,0,1.387761850,1.560490190
913,0,1.683966907,2.596793346
914,0,1.597895569,1.589936535
915,0,1.744570634,1.314646066
916,0,2.765785124,2.059664337
917,0,2.315507245,1.977527094
918,0,2.950256292,2.342518388
919,0,1.901796451,1.791093824
920,0,2.297562500,2.351983742
921,0,2.272776331,1.523367223
922,0,2.678143195,2.104209992
923,0,3.110074579,2.915886959
924,0,2.939272793,3.627217418
925,0,2.691114743,3.183015605
926,0,2.941847778,3.638508422
927,0,2.567349532,2.723772696
928,0,2.764787527,3.758200768
929,0,2.950278884,4.679925365
930,0,3.497924841,5.707161905
931,0,3.249207951,4.939324857
932,0,3.239709474,5.431727274
933,0,3.067086950,4.973623129
934,0,3.577608626,4.235753248
935,0,3.131721334,5.033212499
936,0,3.557048787,4.279887280
937,0,3.385487561,4.954566626
938,0,3.114363407,3.735966733
939,0,2.905050673,2.128424018
940,0,3.318604973,2.725603677
941,0,3.068928640,2.874038550
942,0,3.112156068,4.052641822
943,0,3.593009838,4.220212995
944,0,2.916351471,2.748131212
945,0,2.335823899,2.836128131
946,0,1.832761326,1.215971189
947,0,2.088879433,2.062377189
948,0,0.855144168,0.559550172
949,0,2.078619959,1.379962514
950,0,1.995570172,1.257838091
951,0,2.410981849,1.536880161
952,0,2.085415305,1.073010901
953,0,2.220141420,2.513586527
954,0,2.448879909,1.447105089
955,0,2.653272427,1.870172156
956,0,2.697638761,1.555559174
957,0,2.510416153,2.189748324
958,0,2.691911908,2.532532035
959,0,3.219389156,3.023662991
960,0,2.996727921,2.407365161
961,0,3.088296755,2.785651959
962,0,2.718676884,2.174994230
963,0,2.739110844,2.709371994
964,0,2.665627686,3.354492578
965,0,1.554424442,8.255371667
966,0,2.047404364,9.516420367
967,0,2.539725003,8.625762305
968,0,2.736876863,5.974916771
969,0,2.489443985,4.819524340
970,0,2.792417339,2.127574278
971,0,3.256074218,2.315007271
972,0,3.177357281,3.200077187
973,0,3.075792992,3.095324971
974,0,2.808273603,5.659529549
975,0,2.943086864,2.587206161
976,0,2.851167526,2.890867628
977,0,2.747502537,2.705709485
978,0,1.822933140,1.605444039
979,0,1.398357919,1.125494080
980,0,2.188878579,2.111746182
981,0,2.085482325,2.941899171
982,0,2.251315633,3.731534696
983,0,2.652236692,2.801014473
984,0,2.747513149,3.183582801
985,0,2.625826610,4.523534202
986,0,3.406706486,3.861667561
987,0,3.193738557,2.906543371
988,0,3.076698141,2.363280554
989,0,3.402862256,2.208116571
990,0,3.429203105,2.484456694
991,0,3.600991578,2.665470166
992,0,1.687669685,1.115612373
993,0,2.723832220,1.540115347
994,0,2.737866004,2.051236680
995,0,2.634502163,2.191556353
996,0,2.954619916,1.951991328
997,0,1.506385985,1.564762274
998,0,2.118208938,2.609192961
999,0,1.786915282,2.011800596
1000,0,2.155004393,2.738195322
1001,0,1.908760772,1.532718064
1002,0,2.244643001,1.266079726
1003,0,2.574666419,1.946105037
1004,0,2.805109232,2.540985024
1005,0,2.857645889,1.882035415
1006,0,2.655802103,1.540932263
1007,0,2.794787451,2.052429508
1008,0,2.848823959,1.912318412
1009,0,2.957324434,2.470728412
1010,0,3.220316301,3.086613552
1011,0,2.995214591,2.428243733
1012,0,2.486370554,1.752838921
1013,0,2.838930330,1.735260242
1014,0,2.999541265,2.412109627
1015,0,2.978160887,1.866208898
1016,0,2.571377737,1.432862064
1017,0,2.871390844,1.734487493
1018,0,2.096925560,1.649598307
1019,0,2.492086400,1.794162733
1020,0,1.914998816,1.183366520
1021,0,2.854587920,1.800265396
1022,0,2.443914572,1.602994633
1023,0,2.671921886,2.279038202
1024,0,2.846638147,2.574720785
1025,0,2.932944297,3.635965638
1026,0,2.538894429,4.413095291
1027,0,3.046663305,3.468354951
1028,0,2.795208121,2.271846406
1029,0,2.412811253,2.682972664
1030,0,2.828427847,2.295969871
1031,0,3.008987244,2.797949103
1032,0,2.970973723,3.653902168
1033,0,3.590019969,3.117990703
1034,0,3.264252261,3.655316614
1035,0,2.462725689,2.396828847
1036,0,2.426143266,2.830668192
1037,0,3.000790618,2.357254620
1038,0,2.606056090,1.860049315
1039,0,2.818108631,2.556958777
1040,0,2.829941691,3.193818585
1041,0,3.337245449,2.817487071
1042,0,3.393976793,3.311303587
1043,0,3.370004962,2.986361478
1044,0,3.279317061,3.880959810
1045,0,3.105648360,4.764493949
1046,0,3.609535840,5.526614229
1047,0,3.621002607,6.506828269
1048,0,3.331859062,6.108046952
1049,0,2.590460323,5.939964863
1050,0,2.240804888,5.450958304
1051,0,2.307324283,5.011326624
1052,0,2.577707055,4.044765882
1053,0,2.217683655,3.539896934
1054,0,2.845881707,2.966871997
1055,0,2.154139738,3.642199701
1056,0,2.414979661,3.963248949
1057,0,2.315223220,2.904787088
1058,0,3.368795969,3.755789696
1059,0,2.986724636,2.916774567
1060,0,2.495303571,3.144781347
1061,0,2.806221778,2.735504230
1062,0,2.534505461,2.624805274
1063,0,2.945166921,2.455175654
1064,0,3.047936562,2.400412999
1065,0,2.766998818,2.434401922
1066,0,3.481929906,2.625463397
1067,0,2.982298117,2.281544937
1068,0,2.538193960,1.773376873
1069,0,1.870528151,1.235607989
1070,0,1.713085895,1.608572706
1071,0,2.148581576,2.514196416
1072,0,2.802977088,2.173673520
1073,0,2.938041395,2.221769060
1074,0,2.853705134,2.022560442
1075,0,2.639307529,2.562119676
1076,0,2.725264995,3.359602835
1077,0,3.475597821,3.061290372
1078,0,3.277488254,2.763601069
1079,0,3.347129865,3.452125986
1080,0,3.479492863,4.251894314
1081,0,2.400987052,3.746831187
1082,0,2.369402485,4.363636550
1083,0,3.184409571,5.309784776
1084,0,2.693615730,4.412280062
1085,0,2.428234260,5.313993707
1086,0,2.767762847,6.256260174
1087,0,2.651250932,5.269570108
1088,0,2.951997635,6.270818123
1089,0,2.569802073,5.299824917
1090,0,2.816109986,6.227105821
1091,0,2.404677902,5.261834913
1092,0,2.786815542,6.344257121
1093,0,2.449371495,7.367634684
1094,0,2.766315803,6.322346664
1095,0,2.468698543,7.348333278
1096,0,2.398179418,6.209583917
1097,0,3.214386045,7.214916792
1098,0,3.368631933,8.324445113
1099,0,3.479248151,7.485427381
1100,0,3.314334491,8.111187262
1101,0,2.842154887,6.905870243
1102,0,2.973065580,5.836824815
1103,0,2.227571561,4.763960011
1104,0,3.046973037,4.225040204
1105,0,0.779993276,3.075440037
1106,0,1.790177175,1.608340498
1107,0,1.029060917,0.482139097
1108,0,0.910559815,0.428069025
1109,0,0.696000040,0.324832532
1110,0,0.125642958,0.032924009
1111,0,1.006949445,1.007509648
1112,0,0.301379625,0.106565169
1113,0,1.000140996,1.027313197
1114,0,-0.000000000,0.000000000
1115,0,-0.000000000,0.000000000
1116,0,-0.000000000,0.000000000
1117,0,-0.000000000,0.000000000
1118,0,0.591672779,0.285714286
1119,0,0.676197461,0.285714286
1120,0,-0.000000000,0.000000000
1121,0,1.000000000,1.000000000
1122,0,0.297472249,0.105263158
1123,0,0.286396957,0.100000000
1124,0,0.602616781,1.705735661
1125,0,0.997202776,0.937748344
1126,0,0.740205657,0.418665790
1127,0,0.666986381,0.348189256
1128,0,-0.000000000,0.000000000
1129,0,0.591672779,0.285714286
1130,0,0.503258335,0.222222222
1131,0,0.629249224,0.315789474
1132,0,0.106792032,0.028169014
1133,0,0.606928783,0.285714286
1134,0,0.033541667,0.006230530
1135,0,0.999998244,0.998439938
1136,0,1.436130612,1.555093555
1137,0,1.198664120,2.000000000
1138,0,2.039740999,1.500311721
1139,0,0.254030573,0.170348259
1140,0,1.838993074,1.418507463
1141,0,1.636827624,2.016986599
1142,0,1.653430093,2.517619549
1143,0,2.109640166,2.383219122
1144,0,2.519616018,2.704959310
1145,0,2.135855755,3.268192015
1146,0,2.874446557,3.745216458
1147,0,2.756642296,3.886577239
1148,0,2.545749860,3.291969974
1149,0,2.504896040,3.964811168
1150,0,2.450335005,4.037454826
1151,0,3.135267106,3.952598153
1152,0,2.865138764,3.983276661
1153,0,2.422793756,3.206275583
1154,0,2.465675626,2.963943417
1155,0,3.053333930,3.573038878
1156,0,1.889500881,3.816184427
1157,0,2.327162593,4.149156537
1158,0,2.831580324,4.496821339
1159,0,3.331200976,3.875465283
1160,0,1.983450474,3.480342401
1161,0,2.558717699,2.427104448
1162,0,2.695133022,2.093316080
1163,0,2.734377163,2.099776497
1164,0,2.892209742,2.108034295
1165,0,2.727111107,1.995744859
1166,0,2.896979332,2.283502230
1167,0,2.900386203,2.459808405
1168,0,2.649323932,2.900574863
1169,0,2.546720135,2.278531075
1170,0,2.597143257,1.823605192
1171,0,2.752363898,2.311960645
1172,0,3.006913788,2.287256338
1173,0,2.857559232,2.419866319
1174,0,2.791858708,2.005762262
1175,0,3.082098732,2.342394480
1176,0,2.718465830,1.794605347
1177,0,3.164123979,2.209442567
1178,0,2.594028045,2.605357242
1179,0,2.492891632,1.565725424
1180,0,2.998209577,2.402978858
1181,0,0.934485823,1.299062881
1182,0,1.745621636,1.076923077
1183,0,2.092349474,1.359195018
1184,0,0.398081144,0.157681428
1185,0,1.556624231,1.210669355
1186,0,1.615312346,2.083795592
1187,0,2.419424085,1.755162184
1188,0,2.733375459,1.770755323
1189,0,3.203696795,2.390326362
1190,0,2.942667682,2.024666132
1191,0,2.909547256,2.104611129
1192,0,3.158960570,2.671745818
1193,0,2.922423614,3.422686560
1194,0,2.813635269,2.489618108
1195,0,2.955320405,2.648043522
1196,0,2.539494287,2.912564734
1197,0,3.078495552,2.599997607
1198,0,3.106365014,2.958877674
1199,0,3.257320505,3.554385360
1200,0,2.105427193,3.267240991
1201,0,3.065907907,3.116839410
1202,0,2.986940500,2.982496745
1203,0,3.088042497,3.239870431
1204,0,2.590756848,4.023394673
1205,0,3.449786244,4.663649254
1206,0,3.341447738,5.401593486
1207,0,3.246338130,4.832699031
1208,0,2.876157993,5.994253314
1209,0,3.462764122,4.718999547
1210,0,2.819826221,2.840209342
1211,0,2.821057396,2.066265436
1212,0,2.423975288,1.526996937
1213,0,2.654613392,2.253027095
1214,0,2.910706677,1.790491460
1215,0,2.641199799,1.803723770
1216,0,2.915817443,2.767805633
1217,0,2.742880995,2.158510045
1218,0,2.818576187,1.854337086
1219,0,2.678922242,1.558170428
1220,0,2.875073078,1.982146939
1221,0,2.431569640,1.576433925
1222,0,2.801742199,1.928440269
1223,0,2.652250778,2.082722188
1224,0,-0.000000000,0.000000000
1225,0,-0.000000000,0.000000000
1226,0,1.584962501,1.333333333
1227,0,1.943080513,2.530386740
1228,0,2.270616963,2.371185908
1229,0,2.360679641,1.674799754
1230,0,2.522147885,1.337100737
1231,0,2.636415914,1.997149547
1232,0,2.637142512,1.844926262
1233,0,2.336978886,1.745773914
1234,0,2.653266694,1.846936035
1235,0,2.170074319,1.634967136
1236,0,2.388808906,2.029822882
1237,0,2.001985429,2.027033739
1238,0,0.979597527,0.832219635
1239,0,-0.000000000,0.000000000
1240,0,1.584962501,1.333333333
1241,0,0.918295834,0.666666667
1242,0,1.866746146,1.333333333
1243,0,1.210914012,0.717948718
1244,0,1.783330241,1.065693431
1245,0,1.989376568,1.299328859
1246,0,2.559056146,1.904334828
1247,0,2.821945704,2.583383869
1248,0,2.512075675,2.889903518
1249,0,2.278261193,2.125940173
1250,0,2.305060305,1.726390180
1251,0,1.832032216,2.287899652
1252,0,2.976090627,3.328092514
1253,0,2.586102639,2.347175732
1254,0,3.113010180,3.192419366
1255,0,2.874381913,3.680454123
1256,0,2.596810186,4.201422045
1257,0,2.634012547,5.098733922
1258,0,2.887961090,6.052048715
1259,0,3.111968487,7.115402048
1260,0,3.071862446,8.298279884
1261,0,2.735879904,7.068876289
1262,0,3.056227947,7.984160984
1263,0,2.734066783,6.719637767
1264,0,0.374365256,7.664093894
1265,0,1.774155869,7.911571573
1266,0,2.572014140,8.022667950
1267,0,2.746430591,8.356100772
1268,0,2.980424495,8.126415016
1269,0,2.689594263,9.236719113
1270,0,2.774856434,7.224303139
1271,0,3.047636666,6.519283579
1272,0,2.446278409,6.782225205
1273,0,1.947294074,1.717543873
1274,0,2.314858687,1.600719044
1275,0,2.920054254,2.014280450
1276,0,2.683421524,2.038020785
1277,0,2.561614101,2.363158555
1278,0,2.886109371,2.060417719
1279,0,2.754373015,3.005432455
1280,0,2.721234380,3.714678606
1281,0,3.010122050,2.817336208
1282,0,3.090952256,3.481924390
1283,0,2.599441982,3.046176264
1284,0,2.559819124,3.894000934
1285,0,2.144661488,2.440378560
1286,0,2.806723515,2.040150282
1287,0,2.551546131,1.574466134
1288,0,1.382575845,1.035435204
1289,0,2.505262718,1.628692977
1290,0,2.341052007,1.458627728
1291,0,2.697740004,1.777974475
1292,0,2.444148956,1.828551311
1293,0,2.361348016,2.279532497
1294,0,2.191015569,1.629181446
1295,0,0.878001936,1.405341041
1296,0,1.719552150,2.374160961
1297,0,2.428293519,3.311800801
1298,0,2.751988241,4.452369560
1299,0,3.090717733,3.629858613
1300,0,2.570741493,2.475421017
1301,0,2.493375514,3.279110044
1302,0,1.989885164,2.120886547
1303,0,1.922504351,1.778298705
1304,0,2.908406206,1.901750893
1305,0,2.401626609,2.315990052
1306,0,2.934323913,2.150874308
1307,0,3.078513495,2.527822470
1308,0,3.489946836,3.123266077
1309,0,3.537452169,2.874304894
1310,0,3.425075754,2.862025070
1311,0,3.431948449,3.309923977
1312,0,3.752796428,3.243868391
1313,0,3.633282859,3.229933799
1314,0,3.279186286,3.250288451
1315,0,3.779700791,3.754422445
1316,0,3.546632908,3.569362658
1317,0,3.464267675,3.587604936
1318,0,3.268861178,4.098497074
1319,0,2.634904419,2.237292118
1320,0,2.707683537,1.664723477
1321,0,2.536071636,1.689549981
1322,0,2.774855117,2.287342083
1323,0,2.315234249,2.005265866
1324,0,2.629252656,2.128258741
1325,0,2.823346931,2.310874684
1326,0,2.987112669,2.208752151
1327,0,2.309002946,2.523639035
1328,0,2.540670065,2.077790945
1329,0,2.789770797,2.051461216
1330,0,2.478441937,1.940144730
1331,0,2.044321624,1.552794943
1332,0,2.640762991,2.361217177
1333,0,2.612168505,3.081834779
1334,0,2.865770318,2.752708848
1335,0,2.381806994,2.406295559
1336,0,2.172985960,1.651523276
1337,0,2.342324279,2.221376498
1338,0,2.590649204,1.881761262
1339,0,2.567517219,2.543988719
1340,0,2.621983673,1.921458380
1341,0,2.598690894,1.735480126
1342,0,2.524976711,2.178601278
1343,0,2.397459141,1.860174046
1344,0,2.514949338,1.917687109
1345,0,2.502892308,2.389881095
1346,0,2.368077557,1.616909893
1347,0,2.586757597,1.614732152
1348,0,2.663036623,1.972214752
1349,0,2.910500352,1.853224133
1350,0,2.979147563,1.935269913
1351,0,2.967977066,1.933809435
1352,0,3.171307799,2.149453748
1353,0,3.316138087,2.410646482
1354,0,1.309492698,1.290331982
1355,0,1.754126733,1.275939707
1356,0,2.767862887,1.945130763
1357,0,2.928755560,2.461076348
1358,0,1.195707058,1.131196251
1359,0,1.645585471,1.144770848
1360,0,2.433933009,1.778001749
1361,0,2.461872110,1.509961426
1362,0,2.717226947,1.933898094
1363,0,1.822948597,2.030752798
1364,0,2.178300659,2.985566143
1365,0,2.989033929,3.948044762
1366,0,3.167518178,3.323218742
1367,0,3.034399179,3.936161152
1368,0,2.455357797,4.545995525
1369,0,3.148262599,3.731693983
1370,0,3.298261649,3.269577032
1371,0,3.188665805,3.059295866
1372,0,2.982751861,3.282793338
1373,0,3.124578332,2.976324934
1374,0,2.880022074,2.227392201
1375,0,2.919552442,2.405190517
1376,0,2.854468088,2.371663011
1377,0,2.852629105,2.499662161
1378,0,2.802107953,2.210466306
1379,0,2.893752964,2.797126903
1380,0,2.844837246,2.340262981
1381,0,2.925992688,2.330736658
1382,0,3.015895928,2.662387713
1383,0,1.928479435,3.024048915
1384,0,2.367370512,1.993885515
1385,0,2.365149539,1.802695218
1386,0,2.721051743,2.323431011
1387,0,1.862674879,2.529322877
1388,0,2.844551842,3.519577754
1389,0,2.482743195,4.505836797
1390,0,2.541422948,5.516346412
1391,0,3.024946770,4.538661107
1392,0,2.942512267,3.828021189
1393,0,2.996125072,4.756379555
1394,0,3.080717462,4.003854607
1395,0,2.765194457,3.150718137
1396,0,3.002983992,3.965781220
1397,0,3.043657477,3.586555798
1398,0,3.519236270,3.017303554
1399,0,3.197563593,3.513889402
1400,0,2.645592993,3.045838112
1401,0,3.193521820,3.576184895
1402,0,3.447535036,3.305710220
1403,0,3.459808555,3.662206456
1404,0,2.966766771,2.779391253
1405,0,3.160889726,2.674312048
1406,0,3.056678171,2.775175870
1407,0,2.772916250,3.280402734
1408,0,3.164136377,4.024248955
1409,0,3.451290109,3.456578712
1410,0,3.299939594,2.889420150
1411,0,3.119541159,3.410513870
1412,0,3.514749947,3.030102617
1413,0,3.309008855,2.726918001
1414,0,3.179099734,2.360605578
1415,0,3.141423441,2.544410572
1416,0,2.869614892,2.167878517
1417,0,3.353017172,2.516535055
1418,0,3.302014608,2.254755191
1419,0,3.122686045,2.645251990
1420,0,2.871985185,2.143157661
1421,0,3.104533292,2.749420056
1422,0,2.970645552,3.251779081
1423,0,2.876996804,2.188969259
1424,0,2.768223227,2.815532548
1425,0,2.622857682,2.312094156
1426,0,2.567485085,2.011063693
1427,0,2.987658379,1.949773522
1428,0,3.002550002,2.433305166
1429,0,2.660406734,2.221517525
1430,0,2.526206250,3.004390615
1431,0,3.079050489,2.726469386
1432,0,3.245835898,2.651776176
1433,0,2.999560464,2.926483550
1434,0,3.066063169,3.717707996
1435,0,2.558289978,2.848658941
1436,0,3.439194671,2.630149118
1437,0,2.972813952,1.851719783
1438,0,2.820162716,2.066352597
1439,0,3.048963683,2.280727154
1440,0,2.986905634,2.922444732
1441,0,3.270076786,3.527552641
1442,0,2.950132044,3.886688300
1443,0,2.949268121,2.944772737
1444,0,3.128676249,3.759324090
1445,0,3.128831428,4.199512305
1446,0,2.878625339,4.433767385
1447,0,2.785690050,3.579511127
1448,0,3.057049324,2.702161075
1449,0,2.956932074,2.219794357
1450,0,2.881607274,3.280316314
1451,0,2.958260258,2.745555384
1452,0,2.975513123,1.965603144
1453,0,2.890286461,1.964914896
1454,0,2.689111251,1.652589146
1455,0,2.779107000,2.184426735
1456,0,1.509209266,1.019085780
1457,0,2.079449731,1.588386060
1458,0,1.948671653,1.619942702
1459,0,1.863944221,1.124204336
1460,0,1.751207857,1.393420312
1461,0,1.192201555,1.000000000
1462,0,1.509432699,1.025325092
1463,0,2.410972424,2.175417975
1464,0,2.392530520,1.506362970
1465,0,2.442644673,1.718001612
1466,0,2.709950370,1.745818657
1467,0,2.610961196,2.255702565
1468,0,2.405707376,2.222874283
1469,0,2.560745775,1.604359745
1470,0,2.581833159,2.065724702
1471,0,2.689379508,1.571567662
1472,0,2.626265312,1.647014561
1473,0,2.744138519,2.037283681
1474,0,1.743894162,2.356754228
1475,0,2.023939370,1.999355681
1476,0,1.925244081,1.661513724
1477,0,2.482340547,1.643178379
1478,0,2.165033222,2.033301970
1479,0,2.601534641,1.771636339
1480,0,2.860341629,1.902724757
1481,0,2.596316308,2.008233581
1482,0,2.882782768,3.023234495
1483,0,2.631297842,2.448508690
1484,0,2.554935392,1.945973364
1485,0,1.647016948,1.359087179
1486,0,1.029090501,0.764481817
1487,0,1.822734534,1.781049392
1488,0,1.922132521,2.720357430
1489,0,2.921294541,3.750064892
1490,0,3.057038279,3.128714450
1491,0,2.962791683,2.399242836
1492,0,2.735642031,3.037233030
1493,0,2.454551034,2.750310041
1494,0,2.629396749,1.896199936
1495,0,2.028865413,2.209533420
1496,0,1.229990344,1.177067972
1497,0,2.124129577,2.179092862
1498,0,2.467718292,1.964430648
1499,0,2.120990648,2.149098183
1500,0,2.555600042,3.151636244
1501,0,2.433244793,2.271322748
1502,0,2.701560692,1.947241503
1503,0,2.851149208,2.801919269
1504,0,3.245756519,3.369613370
1505,0,2.868069004,2.802155137
1506,0,2.839553523,3.386764650
1507,0,2.583523262,2.323536126
1508,0,2.878528337,1.906426832
1509,0,2.741920090,1.545305268
1510,0,2.697207251,1.778798094
1511,0,2.316281714,3.316877121
1512,0,2.685367099,2.951725196
1513,0,2.692167930,2.856230990
1514,0,2.657050779,2.182142348
1515,0,2.915414444,3.073680598
1516,0,2.820335352,4.017538403
1517,0,3.232237723,3.157989066
1518,0,3.345138192,2.755592798
1519,0,2.265651554,2.391574378
1520,0,2.314716591,1.980392847
1521,0,2.566913269,2.206652897
1522,0,1.602575055,1.382850072
1523,0,2.569164010,1.574090806
1524,0,2.714678259,3.186390109
1525,0,2.416886823,1.261694335
1526,0,2.316529294,1.675265201
1527,0,2.853710424,1.656715009
1528,0,2.063286729,0.855427960
1529,0,2.576694553,1.739534006
1530,0,2.699587845,1.457348321
1531,0,3.158461134,1.813955259
1532,0,3.065196741,1.937743595
1533,0,2.073228791,2.013176312
1534,0,1.921903760,1.814566701
1535,0,1.564836052,2.212451843
1536,0,2.320832318,2.839276857
1537,0,2.202482429,1.642760860
1538,0,2.761640513,1.482678700
1539,0,3.212459697,2.219376176
1540,0,2.275420169,1.214673956
1541,0,2.748753416,2.236142333
1542,0,2.553561017,1.568561557
1543,0,3.101477141,2.375737326
1544,0,3.085083547,2.525048505
1545,0,2.778427612,1.801646799
1546,0,3.107773383,2.039086565
1547,0,3.355068895,2.238084984
1548,0,3.236929038,2.341022702
1549,0,3.094847699,2.829788141
1550,0,3.383883939,2.644840200
1551,0,2.449660284,1.938481529
1552,0,2.629311772,2.287234388
1553,0,2.517992608,2.616744473
1554,0,3.067615499,3.551923126
1555,0,3.127788210,4.197148187
1556,0,3.102004407,5.290290216
1557,0,2.546038193,5.040564379
1558,0,2.704893212,4.780621131
1559,0,3.230309239,4.926285899
1560,0,2.995176687,4.807981925
1561,0,2.318083346,2.573282952
1562,0,2.352958946,2.929006178
1563,0,2.373463562,2.255099398
1564,0,2.434034359,2.105963075
1565,0,2.457416224,2.110130449
1566,0,2.531496788,2.305316469
1567,0,2.809896123,3.113578819
1568,0,2.795795141,2.669984491
1569,0,2.897686182,1.986957386
1570,0,2.626809231,2.100522262
1571,0,2.008495440,2.951305482
1572,0,2.579444947,3.590246453
1573,0,2.972974915,2.876551082
1574,0,1.492506799,1.522202417
1575,0,2.734429632,1.955966728
1576,0,2.833418575,2.227193241
1577,0,2.931162731,2.117162836
1578,0,2.655017011,1.961173161
1579,0,3.098609729,2.463491257
1580,0,3.015055457,2.653761743
1581,0,2.157895711,2.704536132
1582,0,2.806557254,3.471127451
1583,0,2.868503825,2.739567359
1584,0,2.736017477,2.847956822
1585,0,2.801520729,2.513083486
1586,0,2.791131292,2.398282836
1587,0,2.886883006,2.358770192
1588,0,1.859333620,2.264482949
1589,0,1.758984982,2.351331263
1590,0,1.673886101,2.009024540
1591,0,1.899064295,2.021254830
1592,0,2.837561996,2.589614873
1593,0,2.532507847,3.184120611
1594,0,2.619475282,2.517728389
1595,0,2.456745916,2.400596331
1596,0,2.851485635,2.392751659
1597,0,2.512252989,2.104270692
1598,0,2.467564145,2.074652669
1599,0,2.435247018,2.236827952
1600,0,2.157076346,2.109277285
1601,0,2.372615688,2.022419079
1602,0,2.796707395,2.483055283
1603,0,2.496762068,2.149956948
1604,0,2.503162391,2.278043528
1605,0,2.488666572,2.074536734
1606,0,2.496954644,2.224397515
1607,0,2.481705537,3.082901037
1608,0,2.509541172,2.443707033
1609,0,2.546919523,2.510336682
1610,0,2.302262899,2.253255713
1611,0,2.839664256,2.780952593
1612,0,2.525281202,2.811839143
1613,0,2.504140310,3.230156706
1614,0,1.672630361,1.881351095
1615,0,2.710051430,2.550997156
1616,0,2.527743150,2.264952198
1617,0,2.578814020,2.204463895
1618,0,2.491113927,2.205003743
1619,0,2.821750284,2.624724902
1620,0,3.182801004,3.190604627
1621,0,3.286792311,3.742060595
1622,0,3.399379509,4.401187526
1623,0,3.460220234,3.718270267
1624,0,3.000843451,2.655066574
1625,0,3.419802196,2.597243066
1626,0,2.967558373,2.853406436
1627,0,3.139641523,2.229149088
1628,0,2.736433946,1.963894731
1629,0,3.101172596,2.820376920
1630,0,2.220670847,4.215368974
1631,0,3.091235968,4.000752463
1632,0,3.284696098,3.662192757
1633,0,3.613881103,3.402240013
1634,0,2.214418958,3.620915685
1635,0,1.770726398,2.530885297
1636,0,2.485208221,2.541530594
1637,0,3.021484084,3.176149579
1638,0,2.052157810,2.982519457
1639,0,2.893345210,3.836877064
1640,0,2.846317627,4.294105241
1641,0,3.302705792,5.141533481
1642,0,3.530808466,4.485394786
1643,0,3.725273885,4.277268554
1644,0,2.289793878,3.840036621
1645,0,3.353777940,3.899872063
1646,0,3.425319858,3.524576021
1647,0,3.427390970,3.917767490
1648,0,3.210496072,4.545075764
1649,0,3.155450768,4.913344844
1650,0,3.013085373,3.780888893
1651,0,3.569039243,4.568654729
1652,0,3.440030063,3.862084535
1653,0,3.388034668,4.209257091
1654,0,3.541541361,5.004170217
1655,0,2.727661940,5.358619030
1656,0,3.303359761,6.053668235
1657,0,2.747558137,5.660568601
1658,0,2.759686686,6.540503242
1659,0,3.305293876,7.220104111
1660,0,3.228092427,5.902341521
1661,0,3.245209596,5.119683832
1662,0,3.286866921,5.429712219
1663,0,3.298918788,4.923631605
1664,0,2.871037383,4.025400392
1665,0,3.274985000,4.628632518
1666,0,3.382259264,4.949001669
1667,0,3.864586806,4.140141206
1668,0,3.979136362,4.837325727
1669,0,3.851724463,4.841448936
1670,0,3.757495943,4.961545844
1671,0,4.003255803,4.854000588
1672,0,3.935228828,4.793777976
1673,0,4.213434976,4.614568197
1674,0,4.148975627,5.259318347
1675,0,4.157543407,8.038972082
1676,0,4.003031413,7.494742161
1677,0,3.901555724,9.724575545
1678,0,3.998813950,9.558157930
1679,0,3.867029868,9.573219933
1680,0,3.347342733,9.773932756
1681,0,3.538417935,10.215388435
1682,0,3.511872913,12.212476383
1683,0,1.874319369,3.635780013
1684,0,2.147635280,2.961984035
1685,0,2.735741014,2.301160223
1686,0,2.674629285,1.744329329
1687,0,3.100808162,2.663092883
1688,0,3.018452684,2.016091234
1689,0,2.648966241,1.860727338
1690,0,2.613685093,2.118921750
1691,0,2.821524146,2.845283656
1692,0,2.670051659,2.240319234
1693,0,2.133932598,1.662341290
1694,0,2.547847602,2.466026815
1695,0,2.981349650,2.403863057
1696,0,2.927575818,3.141133798
1697,0,2.710906622,2.765205338
1698,0,2.654648027,2.035235871
1699,0,2.617144986,2.158738557
1700,0,1.928719978,1.608287128
1701,0,2.482015466,1.927044857
1702,0,2.583094240,2.209460957
1703,0,2.901708983,2.199258877
1704,0,2.871503666,2.536777730
1705,0,2.714079991,1.919369866
1706,0,3.048398294,2.552137911
1707,0,2.751403718,2.082433135
1708,0,2.186658963,1.780602395
1709,0,2.317968186,2.098481704
1710,0,2.554089180,3.067065999
1711,0,2.570245640,3.902588992
1712,0,3.348987769,3.532574793
1713,0,2.473698024,3.043838931
1714,0,3.206101077,2.444203733
1715,0,2.174241750,1.203289907
1716,0,2.794266260,1.480986171
1717,0,3.080320456,1.924400381
1718,0,2.886380037,1.638290250
1719,0,2.104744210,1.801780339
1720,0,2.652081954,2.514434932
1721,0,2.928660358,2.310873962
1722,0,3.269755961,3.210976661
1723,0,3.506232024,4.160084535
1724,0,3.045858372,3.981136043
1725,0,3.199126439,3.104660213
1726,0,3.087801534,2.428016249
1727,0,3.099649029,2.986060786
1728,0,2.720846131,2.300980296
1729,0,3.141783026,3.205431348
1730,0,3.000718923,2.363501311
1731,0,3.405596866,3.106448524
1732,0,3.137815571,2.597979802
1733,0,3.273735179,3.424173305
1734,0,3.078546036,3.863866387
1735,0,2.656700310,3.336665723
1736,0,3.270206091,2.776871975
1737,0,3.463889346,3.748406823
1738,0,3.130140984,4.804682249
1739,0,3.619966514,4.134692676
1740,0,3.469175483,2.403274627
1741,0,3.567485687,2.795426289
1742,0,2.230746676,2.846054425
1743,0,3.005212321,2.368575602
1744,0,2.979843744,1.946629651
1745,0,3.002952912,2.011523866
1746,0,2.062095322,1.512605684
1747,0,3.076232265,2.985110469
1748,0,3.538043045,4.121468994
1749,0,3.475209720,4.543358156
1750,0,3.184907397,3.359182981
1751,0,3.155091238,4.160096202
1752,0,2.776130311,5.917234759
1753,0,3.625236716,4.943537997
1754,0,3.241600652,5.181542092
1755,0,3.020662708,5.169938844
1756,0,3.502220184,6.138824080
1757,0,2.957108961,6.448371409
1758,0,2.785729040,7.155534783
1759,0,3.130966809,8.105250470
1760,0,3.299041943,9.098445501
1761,0,3.008172309,10.054084217
1762,0,3.024746901,8.815148335
1763,0,2.930839089,7.971508592
1764,0,3.060713349,8.677578071
1765,0,2.960155939,7.726085162
1766,0,3.067100544,6.520055825
1767,0,3.193432730,5.507582059
1768,0,3.437116614,4.698724159
1769,0,3.270997140,3.972406557
1770,0,3.529570092,3.358259996
1771,0,3.084335840,2.673455548
1772,0,3.121332626,2.934398173
1773,0,2.965430759,2.565957612
1774,0,3.108278939,2.865632800
1775,0,2.790362525,2.388267897
1776,0,3.056451429,2.352654795
1777,0,2.429151197,2.077100186
1778,0,2.433818956,2.687539768
1779,0,3.240517386,3.567389344
1780,0,3.462879836,3.068756156
1781,0,1.994986706,3.392268634
1782,0,2.506627834,4.494644003
1783,0,2.730002978,3.690771750
1784,0,3.093874003,4.714309647
1785,0,2.775577996,3.901622447
1786,0,2.614002118,2.702268281
1787,0,2.483600436,3.470603761
1788,0,1.673001901,2.077410597
1789,0,2.243257039,1.872252817
1790,0,2.385597595,2.178487602
1791,0,2.695142805,2.487772188
1792,0,2.945624029,2.984394698
1793,0,2.504768236,2.302737328
1794,0,2.967973840,2.423584032
1795,0,3.233152755,2.778754367
1796,0,3.457617229,2.739546385
1797,0,3.287361626,2.975307325
1798,0,3.590042581,3.334610011
1799,0,3.193840458,2.931607845
1800,0,3.585023340,3.175300475
1801,0,3.383942969,3.683929755
1802,0,2.517876515,3.849004125
1803,0,2.751152812,4.470579799
1804,0,3.000697319,3.845754470
1805,0,2.644465362,3.330232996
1806,0,3.608778760,4.174654043
1807,0,3.429283073,5.049683034
1808,0,3.301721219,4.772516755
1809,0,3.577569427,5.318321542
1810,0,3.473618005,6.637326813
1811,0,3.436106754,5.993572266
1812,0,3.417691307,5.843351115
1813,0,3.337170511,6.184425476
1814,0,3.361908161,6.827734533
1815,0,3.352701802,6.699323327
1816,0,3.290907628,6.100293622
1817,0,3.391748173,5.987377935
1818,0,3.685885231,6.450748143
1819,0,2.841261877,7.180069136
1820,0,3.352481244,6.448042598
1821,0,2.785294553,6.151778378
1822,0,3.052392780,6.623934473
1823,0,2.668987776,6.931965248
1824,0,3.236792814,6.011628925
1825,0,3.248356678,5.038874758
1826,0,3.581367719,5.735156503
1827,0,3.325674414,5.330305499
1828,0,3.236451633,5.564370346
1829,0,3.090850236,4.818676194
1830,0,3.290210378,6.044396466
1831,0,3.226294252,5.501658869
1832,0,2.832602300,4.622557775
1833,0,2.647340993,2.884322706
1834,0,2.830565775,2.420625342
1835,0,2.785649305,2.882275018
1836,0,2.977203799,2.413466688
1837,0,3.010991404,2.088262107
1838,0,2.922773436,1.964072072
1839,0,2.684013323,2.018968453
1840,0,2.630372095,1.887441091
1841,0,2.162352032,1.431103192
1842,0,2.614859065,1.867608664
1843,0,2.568918569,1.511992677
1844,0,-0.000000000,0.000000000
1845,0,1.061278124,1.750000000
1846,0,1.907925415,1.832512315
1847,0,2.348368727,1.758705248
1848,0,1.369465489,0.572517266
1849,0,2.100152062,1.365057042
1850,0,2.072690230,1.966168919
1851,0,1.901378721,1.567134694
1852,0,1.158325855,0.762283662
1853,0,2.646414007,2.499643032
1854,0,1.396913389,0.568516391
1855,0,-0.000000000,0.000000000
1856,0,1.584962501,1.333333333
1857,0,1.000000000,2.000000000
1858,0,1.556656707,1.428571429
1859,0,2.252516708,2.514851485
1860,0,2.660298287,1.831663327
1861,0,2.664949312,2.676728468
1862,0,2.941845605,3.064815241
1863,0,1.742808019,2.599968003
1864,0,2.362288387,3.989575118
1865,0,0.984101874,2.037596022
1866,0,2.310379530,2.001388988
1867,0,2.180999764,1.894833423
1868,0,2.081910506,2.097560976
1869,0,2.708913400,2.998826635
1870,0,2.745367189,2.892961659
1871,0,2.249780741,1.950851755
1872,0,2.758629648,2.066708138
1873,0,2.950240502,2.232509347
1874,0,2.825784725,2.427259043
1875,0,2.834214143,2.540693555
1876,0,2.942764679,2.694366739
1877,0,3.074176169,3.044443470
1878,0,2.709306420,3.136151402
1879,0,3.145909619,2.821608537
1880,0,3.031781244,2.621722368
1881,0,3.548914464,2.904162018
1882,0,3.124835985,2.887276705
1883,0,2.943695541,2.817030988
1884,0,3.092810691,2.687474381
1885,0,3.569191714,3.010553703
1886,0,3.257239741,3.194114163
1887,0,3.609432073,3.782954722
1888,0,3.534851713,3.364165654
1889,0,3.312133871,3.332744736
1890,0,3.308715168,2.831984398
1891,0,2.659152775,3.004771079
1892,0,3.116781013,2.796503677
1893,0,3.627854308,3.051137212
1894,0,3.315957878,2.870251041
1895,0,3.351011970,3.451290978
1896,0,3.229579374,4.491777011
1897,0,3.729801151,4.571561278
1898,0,3.411447830,5.292249589
1899,0,3.325873999,4.095329452
1900,0,3.655875741,4.532682525
1901,0,3.345293504,5.218023344
1902,0,3.010223477,4.778809830
1903,0,3.173778571,5.003368718
1904,0,3.116188463,3.529646583
1905,0,3.048466423,4.492110805
1906,0,3.377207309,3.617159205
1907,0,3.189235248,3.978571745
1908,0,3.017583458,3.569876512
1909,0,2.960784529,4.227013726
1910,0,3.287025468,3.547592727
1911,0,3.080800380,3.474381959
1912,0,2.905267914,2.601032581
1913,0,3.349119649,2.485835879
1914,0,3.041543514,3.170661754
1915,0,2.923882422,4.058583642
1916,0,2.970920340,3.832901229
1917,0,3.245429821,3.283381968
1918,0,3.108038955,4.239611224
1919,0,3.226089548,3.330821012
1920,0,2.230026090,3.007903145
1921,0,3.222778052,3.907447864
1922,0,2.853054910,4.585423462
1923,0,2.865092974,3.673544768
1924,0,2.626986147,3.992966108
1925,0,2.251191907,3.787804149
1926,0,3.242951304,3.246761738
1927,0,2.968179504,2.551349649
1928,0,3.265830609,2.426074939
1929,0,3.158237918,2.270254339
1930,0,3.263554327,2.556442053
1931,0,3.007280145,3.145684255
1932,0,2.494833873,2.150293354
1933,0,2.795240330,2.057570068
1934,0,2.513159193,2.536407244
1935,0,3.036954444,3.435284289
1936,0,1.728886487,2.883595456
1937,0,2.985433971,2.970512720
1938,0,1.506212009,1.620110130
1939,0,2.678491632,3.208470678
1940,0,3.011610076,2.672165670
1941,0,3.228782230,2.898808265
1942,0,3.572476904,3.756797863
1943,0,3.345217353,2.641716988
1944,0,2.992685918,2.466279527
1945,0,3.018309212,1.908157060
1946,0,2.967244997,1.996666314
1947,0,3.058363238,1.952896924
1948,0,2.851864890,2.481633646
1949,0,2.828483177,2.808946705
1950,0,2.819089024,2.087460740
1951,0,2.585168378,2.176758209
1952,0,2.619491431,1.854307174
1953,0,2.746376983,3.769377457
1954,0,2.729903332,3.119471661
1955,0,3.156574236,3.172872295
1956,0,2.767387732,2.838972812
1957,0,1.709610555,1.432823873
1958,0,1.869503313,1.922937063
1959,0,-0.000000000,0.000000000
1960,0,1.446616668,1.777777778
1961,0,2.294088484,1.695740365
1962,0,2.493391276,1.486774744
1963,0,2.051975309,2.251663539
1964,0,2.036756361,3.073858418
1965,0,2.216717656,3.517116088
1966,0,1.937528933,2.928936287
1967,0,2.686738245,2.707420135
1968,0,2.580740779,2.545613328
1969,0,2.276036893,2.730998048
1970,0,2.345530207,2.306138744
1971,0,2.650456996,1.854027560
1972,0,2.479048294,1.455454055
1973,0,2.525256889,1.671080144
1974,0,2.916658713,1.870183174
1975,0,2.755516723,1.792095014
1976,0,2.777427428,2.084606734
1977,0,2.589602081,2.503674394
1978,0,2.587317917,2.787447420
1979,0,2.751423463,2.499210149
1980,0,2.866555935,2.904463692
1981,0,3.123768197,3.752560301
1982,0,1.988084991,2.224299920
1983,0,1.649297790,2.497225015
1984,0,1.092710712,1.253739205
1985,0,0.191653991,0.117822132
1986,0,1.191653991,1.117822132
1987,0,2.049964320,1.407518457
1988,0,1.655938199,1.207466036
1989,0,0.209036300,0.114398329
1990,0,1.194699747,1.057199165
1991,0,2.048315698,1.405682126
1992,0,1.185833729,1.117206793
1993,0,0.376345791,0.200708879
1994,0,1.178047666,1.126364205
1995,0,2.062323788,1.420539797
1996,0,1.383594647,1.113665860
1997,0,1.581153014,1.065602293
1998,0,2.572402126,1.788268004
1999,0,1.674104213,0.843330620
2000,0,1.395864091,1.090005832
2001,0,1.884242335,1.122689943
2002,0,2.368107669,1.655103979
2003,0,2.359855063,1.388229156
2004,0,2.499720334,1.755781358
2005,0,1.896450046,1.329683540
2006,0,2.598345650,1.818921335
2007,0,2.271512411,2.139054008
2008,0,1.959058416,1.308805596
2009,0,2.270022748,1.276237653
2010,0,2.001327856,1.321418816
2011,0,0.087523664,0.044105874
2012,0,1.043982269,1.016631395
2013,0,1.811973086,2.007684221
2014,0,1.814724428,1.220426133
2015,0,0.050638277,0.021828707
2016,0,1.029643877,1.014891120
2017,0,1.517971320,1.010105461
2018,0,2.280999777,1.628883608
2019,0,2.337315040,2.142472681
2020,0,2.597936599,3.046633313
2021,0,2.232188198,4.066906461
2022,0,3.295454970,3.409256716
2023,0,2.884364054,3.817536915
2024,0,3.093678696,4.796232925
2025,0,2.783096067,3.005214400
2026,0,2.574927879,2.243332174
2027,0,3.127274867,3.116513970
2028,0,0.971052100,1.199652641
2029,0,2.077198829,1.142857143
2030,0,2.840724759,1.846049445
2031,0,2.725014060,1.419928311
2032,0,3.138976024,2.211883725
2033,0,3.187874631,1.917544475
2034,0,3.257514079,2.448587956
2035,0,1.986786274,2.418980001
2036,0,2.839243080,3.771045248
2037,0,3.005537027,4.902554312
2038,0,2.670226593,5.463177484
2039,0,3.357887684,4.641381119
2040,0,2.836920909,3.283547974
2041,0,3.421210074,3.742563347
2042,0,3.158523284,2.860896032
2043,0,2.922342811,1.822627752
2044,0,3.056749157,2.236675771
2045,0,2.894518314,1.860430899
2046,0,2.757995049,2.169358352
2047,0,3.204854558,2.157350357
2048,0,2.998686688,2.135231229
2049,0,3.257288206,2.146279964
2050,0,3.208967456,2.441583720
2051,0,3.091984005,2.063721261
2052,0,2.843299053,2.352316825
2053,0,2.224652851,2.341095642
2054,0,2.489943470,2.429469849
2055,0,3.225253416,2.483091952
2056,0,3.003063017,3.676801053
2057,0,3.156045705,4.503925421
2058,0,3.199528188,3.381790653
2059,0,2.924039344,3.792560476
2060,0,2.880761650,3.577030994
2061,0,3.631152593,3.708140419
2062,0,3.324865275,4.179653599
2063,0,3.349596658,5.751479341
2064,0,3.297968440,6.611848760
2065,0,3.136622090,5.396896444
2066,0,3.355095441,4.656106104
2067,0,3.436596565,5.868838851
2068,0,3.449189195,4.784253527
2069,0,3.430312826,4.223380873
2070,0,3.286580814,4.131062586
2071,0,3.403759704,5.621363724
2072,0,3.485334522,5.243519281
2073,0,3.479831335,4.328717908
2074,0,3.431867606,4.222422586
2075,0,3.322715931,3.950157910
2076,0,3.616334987,4.016908547
2077,0,3.126181677,3.409875289
2078,0,3.183720973,3.598230666
2079,0,3.408489483,4.487114237
2080,0,2.856992614,4.338614121
2081,0,1.761820201,4.227192334
2082,0,2.652958959,3.275489156
2083,0,2.557388336,2.396954775
2084,0,2.523533078,1.946146477
2085,0,2.975133298,1.987359602
2086,0,2.821092502,2.158943185
2087,0,2.929899645,1.910755479
2088,0,2.880501727,2.143441270
2089,0,2.693907498,1.858547832
2090,0,2.357153467,1.460366887
2091,0,2.245664974,1.426069275
2092,0,2.700502235,1.996367332
2093,0,2.751550398,1.986828039
2094,0,2.764965710,1.821697532
2095,0,2.645423289,1.870051992
2096,0,3.031000095,1.757286903
2097,0,2.789190208,2.178518015
2098,0,3.205736007,1.858771350
2099,0,2.717984254,1.707423973
2100,0,2.545881100,1.808503885
2101,0,1.216110075,0.581852007
2102,0,1.478146302,0.806705486
2103,0,-0.000000000,0.000000000
2104,0,-0.000000000,0.000000000
2105,0,1.314320487,1.076923077
2106,0,2.153065076,1.254901961
2107,0,-0.000000000,0.000000000
2108,0,-0.000000000,0.000000000
2109,0,1.061278124,0.500000000
2110,0,1.990204101,1.511627907
2111,0,2.167190775,2.002763703
2112,0,2.839931038,1.898932653
2113,0,2.726216730,2.595533889
2114,0,2.775298950,2.182331788
2115,0,1.253041216,1.009012321
2116,0,2.800952543,2.278511088
2117,0,2.325725149,1.399218173
2118,0,2.799195270,2.048127405
2119,0,3.139170908,3.230050283
2120,0,2.861769371,2.409840578
2121,0,3.343051916,2.450554590
2122,0,2.659008095,3.197812285
2123,0,2.997806406,2.866734662
2124,0,3.219384005,3.456635591
2125,0,3.538657837,4.107085481
2126,0,3.321189653,3.444942760
2127,0,3.686974620,4.362903176
2128,0,3.708710790,3.905229252
2129,0,3.784483244,5.026526352
2130,0,3.578764790,4.910441623
2131,0,3.578355215,5.855123929
2132,0,3.627581127,6.152817274
2133,0,3.321521241,5.155815356
2134,0,3.336897306,6.321979808
2135,0,3.616094502,5.307984753
2136,0,2.142755166,5.170680596
2137,0,3.153570453,4.159681782
2138,0,2.671974918,4.247472432
2139,0,2.752908580,3.916337870
2140,0,2.773643051,2.736652813
2141,0,3.135225390,3.495695183
2142,0,3.034471098,2.666890000
2143,0,3.088450414,2.179983663
2144,0,2.650313640,1.577755797
2145,0,0.012381078,0.004393438
2146,0,1.589092357,1.335043145
2147,0,2.448998268,2.557306077
2148,0,0.010100782,0.004449186
2149,0,1.315612672,1.077463617
2150,0,1.995842820,2.139044405
2151,0,2.159813402,2.957973247
2152,0,2.457025098,3.545087648
2153,0,1.785503735,3.753146444
2154,0,2.794150517,4.634042967
2155,0,1.095873416,0.837006661
2156,0,1.671851200,0.894026076
2157,0,1.671576248,0.848985068
2158,0,1.700675046,1.179767296
2159,0,1.708509611,1.010375976
2160,0,1.718523084,1.451663630
2161,0,2.076627164,1.484213121
2162,0,1.781217510,1.193789405
2163,0,1.869956858,1.299912399
2164,0,1.112959082,1.352573422
2165,0,1.016242852,0.683236146
2166,0,2.030017647,1.459846880
2167,0,2.185190923,1.521858104
2168,0,2.021165865,1.224748323
2169,0,1.945482208,1.509643220
2170,0,2.230280833,1.561714761
2171,0,2.385960223,1.785622986
2172,0,2.164348834,1.206096398
2173,0,2.404246176,1.937258697
2174,0,2.362957973,1.585244822
2175,0,2.639737326,1.541118499
2176,0,2.300416968,2.407174105
2177,0,2.482787718,1.551994176
2178,0,1.179869893,0.935485456
2179,0,1.461912560,1.344395374
2180,0,1.351900007,1.714212289
2181,0,1.508421836,1.439747513
2182,0,2.441715115,2.133711859
2183,0,1.306265083,1.723426341
2184,0,1.816935983,3.427525539
2185,0,2.324196384,3.968393063
2186,0,1.856248428,1.332989264
2187,0,2.074705181,1.415306386
2188,0,2.172348906,1.715927567
2189,0,0.966697848,0.614429301
2190,0,2.035210807,1.496215649
2191,0,2.063778396,1.796914062
2192,0,1.851136103,1.068864947
2193,0,2.055721769,1.715036280
2194,0,1.800778400,1.167186678
2195,0,2.105642144,1.485390953
2196,0,1.041520569,0.733166333
2197,0,2.059422232,1.881277482
2198,0,1.909558163,1.968329268
2199,0,1.781482654,1.253034120
2200,0,1.293962506,0.888998493
2201,0,1.148874054,0.930180048
2202,0,1.666680742,1.062063167
2203,0,2.076051540,1.506335936
2204,0,0.954597570,0.587572660
2205,0,1.166269169,0.995799604
2206,0,1.695076521,0.963472413
2207,0,1.731100803,1.375897545
2208,0,1.800601445,1.095426282
2209,0,2.134585294,1.888365866
2210,0,2.201028634,2.065103310
2211,0,2.496427641,2.397811158
2212,0,2.742567006,2.910037710
2213,0,2.702701024,2.726714416
2214,0,3.118575735,2.874586998
2215,0,2.661374393,2.092133704
2216,0,2.339470036,1.936322625
2217,0,2.108204486,1.879603214
2218,0,2.423638162,2.435910756
2219,0,2.180426381,1.469474498
2220,0,1.423958618,1.424279085
2221,0,1.680927930,1.180538019
2222,0,1.978829669,1.889535050
2223,0,2.278668768,1.470548880
2224,0,2.797538267,1.978847323
2225,0,2.761635682,2.440427110
2226,0,2.856647176,2.048559288
2227,0,2.469074302,1.606971817
2228,0,2.493185124,1.976548336
2229,0,2.459748519,2.381016081
2230,0,2.888553732,3.282377854
2231,0,2.850044824,4.094305325
2232,0,2.147303918,4.730854192
2233,0,3.168105137,4.122255646
2234,0,3.022715572,4.354237262
2235,0,2.894305641,5.008304753
2236,0,2.502784927,4.570216450
2237,0,3.227031074,4.303633913
2238,0,2.179353585,3.833036227
2239,0,2.768437825,4.658636015
2240,0,2.213977163,4.398182656
2241,0,2.122843829,4.282467597
2242,0,2.809835680,3.721369905
2243,0,3.223872304,3.576925706
2244,0,2.204583179,3.756297431
2245,0,2.762063811,3.917275699
2246,0,2.928760108,2.875852419
2247,0,2.665683785,2.134393823
2248,0,2.977807560,2.575341769
2249,0,2.982506364,2.224038462
2250,0,1.579810131,1.341784653
2251,0,2.539458899,1.789597902
2252,0,2.227801040,2.010958187
2253,0,1.893918077,1.231885980
2254,0,1.942270480,1.324574748
2255,0,2.334702337,1.538848848
2256,0,2.092613482,1.191033255
2257,0,2.348009850,1.674494612
2258,0,2.217645149,2.397872281
2259,0,2.983417583,2.320309338
2260,0,3.089191502,2.633576116
2261,0,2.927239279,2.708565667
2262,0,2.951215197,2.743641283
2263,0,3.199302513,2.813263569
2264,0,3.229069942,2.901567191
2265,0,2.884710578,2.407861804
2266,0,3.107928784,2.815820006
2267,0,3.102287070,3.773032372
2268,0,2.063195361,2.911850836
2269,0,2.695461675,2.430676894
2270,0,3.191308355,2.301652870
2271,0,2.836907321,2.260893344
2272,0,2.997652906,2.181730937
2273,0,3.012265161,2.608691485
2274,0,3.151342164,2.752845735
2275,0,3.270927796,2.707443364
2276,0,2.838453104,2.195385507
2277,0,2.507823323,2.139621893
2278,0,2.478859599,2.295198045
2279,0,1.968282591,1.694314953
2280,0,2.156278996,1.591415071
2281,0,2.063794265,2.844128312
2282,0,0.900119174,0.569971419
2283,0,0.797713837,0.458009405
2284,0,1.902130212,1.373141437
2285,0,1.538187669,0.759379107
2286,0,2.026123824,1.768240323
2287,0,2.245544322,2.619749811
2288,0,0.690562517,0.366040539
2289,0,1.007059274,1.003601672
2290,0,1.925297141,1.336244865
2291,0,1.820728206,1.208902136
2292,0,2.242696017,1.470759891
2293,0,0.308089494,0.110062427
2294,0,1.295671333,1.052034406
2295,0,2.080646913,2.229017346
2296,0,2.698447751,2.932801699
2297,0,2.633723952,3.127553945
2298,0,2.937387101,2.453631019
2299,0,2.752360258,3.330147481
2300,0,2.853943318,4.070688515
2301,0,2.542737491,3.242708669
2302,0,3.074918980,2.565649738
2303,0,2.545090731,2.668233876
2304,0,2.982436600,3.479271213
2305,0,3.044530346,2.844177035
2306,0,2.775590992,3.238173035
2307,0,2.932346556,2.447331804
2308,0,2.037148657,1.068625503
2309,0,2.340768890,2.058558663
2310,0,2.604984944,1.621618156
2311,0,2.866765074,2.478982842
2312,0,2.873744359,2.165673515
2313,0,2.377491756,2.200593361
2314,0,2.580565883,2.253436477
2315,0,2.258242503,1.912388184
2316,0,1.600924882,1.289932095
2317,0,1.522184781,1.074114633
2318,0,1.951846796,1.289378971
2319,0,1.893069614,1.148180292
2320,0,2.293845662,1.693027902
2321,0,1.764820487,0.672130567
2322,0,2.417723943,1.713493081
2323,0,2.163648976,1.206249149
2324,0,-0.000000000,0.000000000
2325,0,1.584962501,1.333333333
2326,0,1.943080513,1.138121547
2327,0,2.270616963,1.261402957
2328,0,1.800069740,0.736680700
2329,0,2.828624626,1.838212080
2330,0,2.529180088,1.915299094
2331,0,2.583471013,2.713793459
2332,0,2.547976816,2.232153939
2333,0,1.633664456,0.858067566
2334,0,2.010616969,1.506728080
2335,0,2.216733514,1.260968641
2336,0,2.562995264,1.857329308
2337,0,2.318307192,1.257843245
2338,0,2.394991481,1.918390784
2339,0,2.484407528,2.783273497
2340,0,2.188473658,2.260877547
2341,0,-0.000000000,0.000000000
2342,0,1.799015671,1.368421053
2343,0,1.760897335,0.830083565
2344,0,2.315182078,1.738234069
2345,0,2.227780475,2.432675889
2346,0,2.860887318,2.934070246
2347,0,2.395522512,2.088574815
2348,0,1.800753531,1.843013598
2349,0,1.585705163,1.541560992
2350,0,2.133270048,2.050662247
2351,0,1.913090696,1.126591065
2352,0,2.301159018,2.003027677
2353,0,1.889844456,1.565886465
2354,0,2.674256950,2.093053951
2355,0,2.435224342,1.765821485
2356,0,2.213103150,2.249112132
2357,0,2.415726512,2.606129819
2358,0,2.540502031,2.058823565
2359,0,2.622605027,1.685021713
2360,0,2.996736048,2.252621302
2361,0,2.649841439,2.712562010
2362,0,2.524560622,2.166441369
2363,0,2.461415834,2.601919676
2364,0,3.090843851,3.389096725
2365,0,2.960339882,2.848538277
2366,0,2.942519931,2.747304078
2367,0,3.099080882,2.300156350
2368,0,3.017840561,2.405684875
2369,0,2.290711403,2.256114740
2370,0,2.761353164,2.565662422
2371,0,3.102786006,2.378097078
2372,0,3.182188019,2.709301650
2373,0,2.606933844,2.623510783
2374,0,3.020151964,4.028775203
2375,0,3.072917602,4.439538725
2376,0,3.370808276,4.012579610
2377,0,2.577010993,2.725238863
2378,0,3.053320411,2.682084033
2379,0,3.290738086,3.482248940
2380,0,3.506912182,4.201684189
2381,0,3.399432126,3.290624378
2382,0,2.781224478,2.160270915
2383,0,2.699000127,1.902964731
2384,0,-0.000000000,0.000000000
2385,0,2.000000000,1.500000000
2386,0,2.489741697,2.176470588
2387,0,2.635784994,1.885289432
2388,0,3.079252679,2.614091864
2389,0,2.854677746,2.146439114
2390,0,3.112926594,2.373473384
2391,0,2.936821253,2.797806196
2392,0,3.185752581,1.888605180
2393,0,-0.000000000,0.000000000
2394,0,1.584962501,1.333333333
2395,0,2.441657289,1.757575758
2396,0,3.053908789,2.446428571
2397,0,2.573124183,2.438961039
2398,0,2.632208159,2.749952245
2399,0,2.486147904,2.329394758
2400,0,2.710514503,2.113005453
2401,0,2.527145482,2.405132119
2402,0,2.387163910,2.199114512
2403,0,1.615363361,1.246147636
2404,0,2.413534180,1.612972221
2405,0,2.818999061,1.957971175
2406,0,1.946965110,1.307507569
2407,0,1.892741711,1.514682256
2408,0,2.471292753,1.967568285
2409,0,2.757170416,2.108785828
2410,0,2.183815194,1.454108877
2411,0,2.214531819,1.644589508
2412,0,2.527451657,1.924058979
2413,0,2.144336565,1.844727672
2414,0,2.266315620,1.938965686
2415,0,1.984389519,1.383700053
2416,0,2.114679245,1.575544358
2417,0,1.820940575,2.231256304
2418,0,2.096739352,1.473341508
2419,0,1.722000138,1.906240912
2420,0,1.900290167,1.171535799
2421,0,1.654353184,0.870207550
2422,0,1.791626375,1.407536412
2423,0,1.809399569,0.948524264
2424,0,2.104862535,2.142960673
2425,0,2.665244140,2.167403027
2426,0,2.481390838,2.093919265
2427,0,2.761213021,1.947869000
2428,0,2.500487095,1.961802249
2429,0,2.332936790,1.564206429
2430,0,2.362348261,1.378380228
2431,0,1.846122625,1.431731413
2432,0,0.907235643,0.645291878
2433,0,2.239612924,1.446225677
2434,0,2.088973434,1.367876993
2435,0,2.644355701,2.114479370
2436,0,-0.000000000,0.000000000
2437,0,1.799015671,1.368421053
2438,0,1.516359733,1.550000000
2439,0,2.041595368,2.095035461
2440,0,2.275380536,2.413075271
2441,0,2.201612736,1.803269735
2442,0,2.485342086,2.566451495
2443,0,1.289769520,0.733251799
2444,0,-0.000000000,0.000000000
2445,0,1.000000000,1.000000000
2446,0,0.918295834,1.333333333
2447,0,0.863120569,0.571428571
2448,0,1.553417759,1.433962264
2449,0,2.425013603,2.672955975
2450,0,1.863931335,2.245521602
2451,0,2.034824052,1.650662845
2452,0,2.359591184,1.818390524
2453,0,1.231620847,0.893529927
2454,0,1.688097520,1.213856165
2455,0,2.720847310,1.968623669
2456,0,2.894755439,2.214925605
2457,0,2.630161721,2.020147093
2458,0,2.642867047,1.685540181
2459,0,2.622144916,2.133536159
2460,0,2.870450055,2.804253265
2461,0,2.810161585,2.494885763
2462,0,3.332615092,2.350720069
2463,0,2.968640330,2.154554823
2464,0,2.601560047,2.504548304
2465,0,3.188546683,3.566864527
2466,0,3.020420417,3.128048563
2467,0,2.697793669,1.971884030
2468,0,2.316662024,1.828079763
2469,0,1.694529545,1.203768931
2470,0,2.039357067,2.069612278
2471,0,1.575731181,1.966031902
2472,0,2.692685011,1.497223748
2473,0,2.580755718,1.798641662
2474,0,1.780470556,1.250361318
2475,0,2.511086640,1.818926039
2476,0,2.736536309,1.594172548
2477,0,2.139061580,1.389802722
2478,0,1.951443459,1.321982743
2479,0,2.409988950,1.666136425
2480,0,2.152737124,1.723141738
2481,0,2.974113651,2.302369778
2482,0,3.085960784,2.756269156
2483,0,2.856135115,2.566342950
2484,0,2.537571015,1.868096421
2485,0,2.551737146,2.168458784
2486,0,1.868720250,1.916527630
2487,0,2.243847508,2.271429325
2488,0,1.845950388,1.996508460
2489,0,2.443373033,3.198446194
2490,0,2.581246060,4.056163371
2491,0,1.765074530,4.450076830
2492,0,2.541272227,4.813008230
2493,0,2.787596544,3.850628947
2494,0,2.397636729,5.064970306
2495,0,1.088595155,4.740919037
2496,0,1.810518967,3.401284346
2497,0,2.353044787,2.940903251
2498,0,2.540783671,2.288095820
2499,0,2.655288981,2.088927266
2500,0,2.317623959,1.872001284
2501,0,2.100906552,1.306094531
2502,0,2.254022191,1.992011522
2503,0,2.509571759,1.717800730
2504,0,3.144382881,2.511689583
2505,0,0.998236628,0.950567662
2506,0,1.499118314,1.000000000
2507,0,1.862703188,1.261947371
2508,0,2.191845353,2.143865988
2509,0,2.467277192,1.692213602
2510,0,2.444325527,2.577363838
2511,0,2.608330128,3.174799319
2512,0,3.200338234,4.140145750
2513,0,3.008346554,4.983024776
2514,0,2.900632046,3.055493233
2515,0,2.874402035,2.673857178
2516,0,3.101956276,3.288572743
2517,0,2.723443439,3.825375157
2518,0,2.582595545,3.694039158
2519,0,1.394486652,1.457167390
2520,0,2.676835577,2.057613682
2521,0,2.678979308,2.690230766
2522,0,3.381508765,2.890717436
2523,0,3.312114443,3.042081208
2524,0,3.445811559,2.949159691
2525,0,3.414263439,3.262742184
2526,0,3.064494125,3.186200506
2527,0,3.106486563,4.154762668
2528,0,2.875042085,3.597966704
2529,0,2.395698827,1.836704660
2530,0,2.700058569,1.941018556
2531,0,2.297913175,1.495754706
2532,0,2.356513989,1.577447048
2533,0,2.251791136,1.720480167
2534,0,2.198995550,1.502070366
2535,0,1.760059958,0.977993349
2536,0,1.673822080,1.122601241
2537,0,2.012690380,1.948392049
2538,0,1.525759628,1.706706206
2539,0,2.315374819,3.111405787
2540,0,2.416502277,3.923616106
2541,0,2.246511736,2.595269219
2542,0,2.387507555,2.873489245
2543,0,2.668003503,3.632402553
2544,0,2.376510788,2.882920067
2545,0,1.992431008,1.791322215
2546,0,1.998406043,1.537545582
2547,0,1.630388861,1.682878198
2548,0,1.547443018,1.797589947
2549,0,1.855411543,1.457184242
2550,0,1.155875440,1.045351629
2551,0,1.480454204,1.602044924
2552,0,0.949984732,1.262075336
2553,0,0.962904482,0.773814783
2554,0,1.489674008,0.915589086
2555,0,1.559547179,1.341987938
2556,0,1.607755611,0.850032876
2557,0,1.545939866,1.224406641
2558,0,0.947052778,0.714070283
2559,0,1.906316346,1.808924992
2560,0,1.845316951,1.007846293
2561,0,1.875683589,1.310673301
2562,0,2.142018350,1.415450274
2563,0,2.209122557,1.457774903
2564,0,1.898418064,1.057027472
2565,0,1.934738512,1.110693990
2566,0,1.459652457,1.392799096
2567,0,2.320853509,2.102761231
2568,0,2.323236606,2.056645778
2569,0,2.061220922,2.094275474
2570,0,2.289235708,2.013296812
2571,0,2.501511752,2.575029164
2572,0,2.552902348,3.535673951
2573,0,2.996933315,4.425222003
2574,0,2.807491434,3.029715197
2575,0,2.615792943,2.648560971
2576,0,2.701402584,4.178937309
2577,0,1.842988028,3.957404819
2578,0,2.837271148,4.863013834
2579,0,1.634817835,2.726998207
2580,0,1.822011983,3.842608446
2581,0,2.405950503,2.695717817
2582,0,2.435375735,2.222913161
2583,0,2.550367936,3.053792087
2584,0,2.257257603,2.632147406
2585,0,2.543216149,1.945923537
2586,0,2.959817497,1.939595433
2587,0,2.882787308,2.376697557
2588,0,-0.000000000,0.000000000
2589,0,1.314320487,1.076923077
2590,0,-0.000000000,0.000000000
2591,0,1.061278124,0.500000000
2592,0,1.236640742,0.533333333
2593,0,1.655060441,1.169863014
2594,0,2.057993883,1.329386692
2595,0,2.109399568,1.305968522
2596,0,1.709929860,1.991735295
2597,0,3.104006205,2.564297603
2598,0,3.294113676,3.482301713
2599,0,2.842521245,3.818560366
2600,0,3.157621896,3.176603226
2601,0,3.102632702,3.787166852
2602,0,3.249940185,4.757427600
2603,0,3.448961022,5.587443203
2604,0,3.082988936,3.924760250
2605,0,3.343176456,3.429488241
2606,0,2.983109205,2.454993820
2607,0,3.116506944,2.132733270
2608,0,2.416314825,3.008851784
2609,0,1.635334344,1.863358523
2610,0,2.018089908,1.503200947
2611,0,2.012579317,1.433678205
2612,0,0.924256129,0.586450420
2613,0,2.200619228,1.354513170
2614,0,0.502180054,0.386868800
2615,0,1.680421344,2.143314121
2616,0,2.089424308,2.872453809
2617,0,2.819978169,2.174600374
2618,0,2.350213018,1.330322114
2619,0,2.394851321,1.666180107
2620,0,1.721728768,2.226608404
2621,0,1.846458728,1.489620355
2622,0,1.930949245,2.605548898
2623,0,2.187710330,3.207865624
2624,0,1.048927261,2.085664183
2625,0,1.510785197,1.988090304
2626,0,-0.000000000,0.000000000
2627,0,1.314320487,1.076923077
2628,0,1.721559505,2.524193548
2629,0,1.692765443,1.755725191
2630,0,1.913835048,1.246776149
2631,0,0.915528815,0.342286071
2632,0,1.727382214,0.745156273
2633,0,0.071577399,0.017262888
2634,0,1.114396727,0.507263190
2635,0,1.032429295,1.100177287
2636,0,1.022669699,1.009980284
2637,0,1.665723467,1.797135786
2638,0,2.123434919,1.833167142
2639,0,0.894037494,1.243000646
2640,0,1.894037494,2.243000646
2641,0,1.910993508,1.616295051
2642,0,2.212984486,1.657280016
2643,0,1.823272505,1.276420581
2644,0,2.439277543,1.856631295
2645,0,1.844653211,1.928723272
2646,0,2.484796958,2.073161256
2647,0,2.415120763,2.945841277
2648,0,2.430154370,2.013848797
2649,0,1.620119439,1.047085768
2650,0,2.290624362,1.832305102
2651,0,1.043105832,0.560869111
2652,0,0.837324936,0.380567454
2653,0,1.135296149,1.014454132
2654,0,0.967308802,1.532512697
2655,0,0.855126490,0.353169294
2656,0,0.145442837,0.070820654
2657,0,0.753800906,0.361857920
2658,0,1.142335541,0.907364621
2659,0,0.876927448,0.358815580
2660,0,0.633675608,0.293651058
2661,0,0.559582035,0.243374225
2662,0,0.048060037,0.019247452
2663,0,0.601821487,0.288491507
2664,0,-0.000000000,0.000000000
2665,0,0.591672779,0.285714286
2666,0,0.503258335,0.222222222
2667,0,0.629249224,0.315789474
2668,0,0.398459274,0.157894737
2669,0,0.998781393,1.041095890
2670,0,0.308881024,0.110787172
2671,0,0.609785591,0.299956275
2672,0,0.384271922,0.149978137
2673,0,0.646568767,0.285714286
2674,0,0.987869088,0.870501636
2675,0,0.774277157,0.455737094
2676,0,0.146914268,0.041962202
2677,0,0.598395345,0.290946612
2678,0,0.376054298,0.145473306
2679,0,0.998972286,0.962259100
2680,0,0.825892923,0.518870450
2681,0,-0.000000000,0.000000000
2682,0,-0.000000000,0.000000000
2683,0,0.591672779,0.285714286
2684,0,0.097940583,0.025316456
2685,0,0.368115005,0.141176471
2686,0,0.517374060,0.175824176
2687,0,0.485828213,0.161616162
2688,0,1.118242022,0.524324324
2689,0,-0.000000000,0.000000000
2690,0,1.000000000,1.000000000
2691,0,0.918295834,1.333333333
2692,0,1.561278124,1.250000000
2693,0,1.502220254,2.000000000
2694,0,2.477224502,1.870967742
2695,0,0.577401072,0.549618321
2696,0,0.577401072,0.549618321
2697,0,0.844606369,0.875912409
2698,0,1.902768116,2.678507993
2699,0,1.780751406,1.489156332
2700,0,2.604391069,2.638746679
2701,0,1.949495812,1.861822965
2702,0,1.681561947,1.624485456
2703,0,1.516165122,2.226730980
2704,0,2.875795893,3.438858805
2705,0,1.794811804,3.314366835
2706,0,2.126671675,3.954473376
2707,0,2.615553799,3.804535150
2708,0,2.914962970,3.670364209
2709,0,2.683080757,4.234924081
2710,0,2.349603131,4.731183641
2711,0,2.877327114,5.530276051
2712,0,2.910717001,5.573973741
2713,0,2.471510621,5.635546504
2714,0,2.649640451,5.570738032
2715,0,2.819474489,4.736838606
2716,0,2.826441557,5.176690816
2717,0,2.544777770,3.919674036
2718,0,2.528937529,3.810520025
2719,0,2.424960627,3.438239654
2720,0,2.073491667,1.706120475
2721,0,1.752332401,1.200556526
2722,0,1.810264652,1.380987582
2723,0,1.557409301,1.352048222
2724,0,1.484046755,1.814176912
2725,0,1.369811390,0.877741746
2726,0,1.320185904,0.791250467
2727,0,1.167089256,0.642026261
2728,0,1.377433309,0.704963044
2729,0,1.304720022,0.717083409
2730,0,2.339627374,2.346968177
2731,0,2.154124336,2.331090209
2732,0,2.545648121,2.535428042
2733,0,2.256148559,3.149346241
2734,0,2.552268675,2.936079526
2735,0,2.571429665,2.940585840
2736,0,2.551517920,2.780999484
2737,0,2.652145267,3.103712524
2738,0,2.594657444,2.757751555
2739,0,2.509124162,2.770834181
2740,0,2.705688683,3.135016631
2741,0,0.930124143,3.060135744
2742,0,1.762627385,4.086646474
2743,0,1.292127686,4.021323474
2744,0,2.295525702,4.301940348
2745,0,2.497592612,3.685872688
2746,0,1.991338311,3.720379004
2747,0,1.970074342,3.200260114
2748,0,2.588526977,3.310137209
2749,0,2.548052139,4.119380947
2750,0,3.002744775,3.914677154
2751,0,2.475304154,4.108421832
2752,0,2.846015903,5.714341163
2753,0,2.872222197,4.914510212
2754,0,3.512409448,4.309764171
2755,0,2.912627825,3.555357000
2756,0,3.194299370,4.010916800
2757,0,3.092436408,4.437314657
2758,0,3.369330021,4.132436730
2759,0,3.027633744,5.023265378
2760,0,3.227148099,4.106633691
2761,0,3.065845188,5.004494236
2762,0,3.600674541,5.849181544
2763,0,3.315064849,5.946564784
2764,0,1.270385882,3.046644311
2765,0,2.343643057,3.872203592
2766,0,2.017894589,3.373850049
2767,0,3.049842729,2.765492296
2768,0,2.565286925,2.913199079
2769,0,2.012872054,2.031639907
2770,0,2.853463568,1.886751463
2771,0,2.220569937,1.587687804
2772,0,1.952511780,1.454631645
2773,0,1.599901251,1.107876174
2774,0,1.989839878,2.027289088
2775,0,2.498139461,1.766294308
2776,0,2.736725053,2.299744857
2777,0,2.885981454,3.115917587
2778,0,1.579927946,1.976837827
2779,0,2.302404474,1.710733220
2780,0,2.679763239,1.850272689
2781,0,3.185420791,2.332868374
2782,0,3.273255466,2.774060148
2783,0,2.073605320,1.995695312
2784,0,2.397310946,1.566945350
2785,0,2.467389178,1.804486797
2786,0,2.374917372,2.145409581
2787,0,2.446705202,3.005538130
2788,0,2.361264290,2.140179177
2789,0,2.440826771,1.749837878
2790,0,2.362788958,1.866338813
2791,0,3.214963111,2.337709959
2792,0,2.925208489,2.008411265
2793,0,2.472122674,2.407776696
2794,0,3.478051570,3.018636190
2795,0,3.401695399,2.628653461
2796,0,2.620905061,2.992579023
2797,0,2.534528192,3.860288152
2798,0,3.095156358,3.967622165
2799,0,3.222719956,4.203941601
2800,0,2.569689793,4.073939768
2801,0,3.344386886,4.571138850
2802,0,3.195386732,4.442408716
2803,0,3.484311533,4.170824417
2804,0,3.551471932,3.652901973
2805,0,3.286181612,3.116647939
2806,0,2.535152859,2.422454224
2807,0,2.533474627,2.941764214
2808,0,2.306329338,2.429784258
2809,0,2.979548623,3.118927308
2810,0,3.044768559,2.967284793
2811,0,3.287409931,2.788596469
2812,0,3.005943209,2.379429723
2813,0,2.798046659,2.109863880
2814,0,2.482170665,2.095307655
2815,0,2.561312720,1.872993280
2816,0,-0.000000000,0.000000000
2817,0,1.000000000,1.000000000
2818,0,1.918295834,1.333333333
2819,0,2.299736764,1.500000000
2820,0,1.401627844,0.646153846
2821,0,1.000000000,1.000000000
2822,0,-0.000000000,0.000000000
2823,0,1.000000000,1.000000000
2824,0,-0.000000000,0.000000000
2825,0,1.000000000,1.000000000
2826,0,1.500000000,2.000000000
2827,0,2.260207823,3.000000000
2828,0,2.642443525,2.381496881
2829,0,3.148829046,2.258579556
2830,0,2.394133283,2.565068493
2831,0,2.436180257,2.271764253
2832,0,3.047688213,2.695487453
2833,0,3.235468430,2.876250438
2834,0,2.297060521,2.142839064
2835,0,2.745256868,2.462752967
2836,0,2.681936134,2.996758659
2837,0,3.691708405,3.000168504
2838,0,3.658313717,2.890079153
2839,0,3.513551833,2.955171776
2840,0,3.162989891,2.951664649
2841,0,3.111925429,3.337108060
2842,0,3.325751735,3.864988356
2843,0,3.353832613,3.421507327
2844,0,3.660673660,3.304882178
2845,0,3.699075873,3.131312692
2846,0,3.632167738,3.319061789
2847,0,3.271071705,3.621267121
2848,0,1.833159025,3.481188832
2849,0,2.584691590,3.640705160
2850,0,3.440183182,3.659234133
2851,0,2.636347262,3.261579441
2852,0,3.628689303,3.774031491
2853,0,3.794883261,3.469973061
2854,0,3.614259930,3.502429035
2855,0,2.170532603,2.160979428
2856,0,2.764822203,2.241246918
2857,0,2.783663461,2.288226824
2858,0,2.881866318,2.209857467
2859,0,3.321103670,2.978260499
2860,0,3.310581116,3.993322365
2861,0,3.105134077,4.186179469
2862,0,3.260138688,3.352434697
2863,0,1.899305418,2.330122075
2864,0,2.339107349,1.798775302
2865,0,3.093611732,2.014460734
2866,0,3.115439827,2.538245685
2867,0,2.951346714,2.149377847
2868,0,2.941045638,1.944653891
2869,0,2.900575479,2.117684762
2870,0,2.662065064,2.409095708
2871,0,2.714407722,3.159411837
2872,0,2.615242550,4.026832048
2873,0,2.721930810,3.135217009
2874,0,1.990279456,2.048005996
2875,0,1.924851999,3.073626696
2876,0,1.579598743,2.048460042
2877,0,1.916973772,1.942989058
2878,0,2.242790990,1.250112416
2879,0,0.999940287,0.990901730
2880,0,1.186270660,0.500000000
2881,0,0.999999858,1.000443818
2882,0,1.775858883,1.076923077
2883,0,2.460484643,1.692444252
2884,0,1.529552815,0.747826087
2885,0,1.000000000,0.999981834
2886,0,1.918295834,1.333333333
2887,0,1.000000000,1.000003303
2888,0,1.500000000,2.000003303
2889,0,1.871611675,1.481484019
2890,0,1.944500682,1.803419873
2891,0,1.682648644,3.339457406
2892,0,2.291729325,1.841325946
2893,0,2.239076882,1.216062964
2894,0,0.931692242,0.542486498
2895,0,1.440788404,1.055746805
2896,0,2.221020873,1.321134792
2897,0,2.836712757,2.026285007
2898,0,2.619435735,2.339403455
2899,0,3.053983110,2.300348944
2900,0,2.871516691,1.961014121
2901,0,2.759834927,1.864251068
2902,0,1.933023287,1.656413753
2903,0,2.536011886,1.814598616
2904,0,3.148810958,2.498533037
2905,0,3.150770364,2.165689227
2906,0,3.081265789,2.147649267
2907,0,2.993652336,2.186877050
2908,0,2.525338785,2.594416296
2909,0,2.870359355,2.186927390
2910,0,2.553876710,1.693051550
2911,0,3.135826304,2.229151440
2912,0,3.384063411,2.567719293
2913,0,3.540367808,2.972067215
2914,0,3.392579771,2.420350249
2915,0,3.546506900,2.926853247
2916,0,3.711700244,2.837655459
2917,0,3.303563029,2.165376021
2918,0,3.522589495,2.689028664
2919,0,3.305590891,3.851168866
2920,0,2.160817730,2.771027140
2921,0,3.061391224,2.573644090
2922,0,2.895049586,2.108574819
2923,0,2.065825631,2.279641577
2924,0,1.406193643,1.310246255
2925,0,0.725653831,0.549430024
2926,0,1.388332232,1.214934171
2927,0,1.621193660,0.888202319
2928,0,1.766787750,1.397023329
2929,0,2.135925290,2.116370272
2930,0,2.741001966,2.003275524
2931,0,2.263761642,1.833719848
2932,0,1.386615212,1.339652991
2933,0,2.000396223,1.291158403
2934,0,2.096317796,1.732817979
2935,0,2.516218094,1.632926777
2936,0,2.213834334,1.536885165
2937,0,2.172629027,1.334086376
2938,0,2.007395908,1.395399812
2939,0,0.335835156,0.204380880
2940,0,1.141729383,1.122753375
2941,0,1.371477803,0.621057404
2942,0,1.343238141,1.156878173
2943,0,1.558243887,0.724883604
2944,0,1.970509924,1.321655628
2945,0,2.290087725,1.311510126
2946,0,2.701874591,1.874010214
2947,0,2.747850057,1.739948620
2948,0,2.930956583,2.050134691
2949,0,3.105056984,2.398509261
2950,0,3.063939691,3.119389476
2951,0,3.176461985,3.629318030
2952,0,3.135356884,2.613230145
2953,0,2.896639390,1.874416379
2954,0,3.009087212,2.450937545
2955,0,1.290114520,1.203907075
2956,0,2.023330352,1.413137894
2957,0,2.144185983,2.146943873
2958,0,2.371743556,1.935618091
2959,0,2.295391416,1.877530839
2960,0,2.273086278,1.546645443
2961,0,3.213864880,2.410765544
2962,0,3.227056171,2.122502259
2963,0,2.465535917,1.512623457
2964,0,2.509166365,1.584849401
2965,0,2.746753493,1.994532568
2966,0,3.035208023,2.667048302
2967,0,2.491507455,2.883971824
2968,0,2.928713926,2.250689851
2969,0,2.533401284,2.775674334
2970,0,2.653434030,2.454471252
2971,0,2.621794657,2.678689781
2972,0,2.677882662,3.320678199
2973,0,2.600567711,2.468102312
2974,0,2.137039959,2.103580417
2975,0,3.034826877,2.383636558
2976,0,2.723385626,2.133747969
2977,0,2.683837008,1.840010862
2978,0,1.324929998,1.119239703
2979,0,1.441776308,1.516101337
2980,0,2.092758548,2.129898735
2981,0,2.850311605,2.800823029
2982,0,2.469843469,1.465039661
2983,0,0.247095071,0.200675235
2984,0,1.788556255,1.572601448
2985,0,2.233530155,1.958655089
2986,0,2.686250759,2.335950733
2987,0,0.034955994,0.012012743
2988,0,1.614367885,1.343645227
2989,0,0.860108566,0.562196605
2990,0,1.851725521,1.730546851
2991,0,1.378424272,1.820894806
2992,0,1.929897114,1.322185145
2993,0,1.952021583,2.285495410
2994,0,2.116596909,2.221097036
2995,0,2.002568691,1.539058832
2996,0,2.421414872,1.657496428
2997,0,2.366781542,1.521073141
2998,0,1.542186965,1.792893664
2999,0,1.956517244,2.668848968
3000,0,2.398791266,3.567627987
3001,0,1.783621286,2.586592202
3002,0,2.225349266,1.572357836
3003,0,1.963557109,1.454585503
3004,0,2.044739550,1.730068266
3005,0,1.950797509,1.560332256
3006,0,2.775127652,2.003339748
3007,0,2.593530137,1.796406937
3008,0,2.845950828,2.072404294
3009,0,2.929882530,2.077465373
3010,0,2.288092602,2.082401596
3011,0,2.198487265,2.222844956
3012,0,2.244847909,2.271752504
3013,0,2.077342628,2.672906834
3014,0,2.169109795,2.070497845
3015,0,2.998488766,2.883910833
3016,0,3.077051150,2.313419558
3017,0,3.101168594,2.254008665
3018,0,2.522463730,2.289831542
3019,0,2.588094581,2.684978381
3020,0,2.914752394,3.177290670
3021,0,2.404344323,3.898042869
3022,0,2.626049229,4.506876805
3023,0,3.099489729,4.882070978
3024,0,3.187618667,4.562478908
3025,0,3.300667230,5.581013487
3026,0,3.240377877,4.284067443
3027,0,3.280269254,4.454779754
3028,0,3.340697598,3.439830390
3029,0,3.273426497,3.781776625
3030,0,3.041479208,3.430169771
3031,0,3.037704638,3.639255781
3032,0,2.952175887,2.543091029
3033,0,2.900988146,2.730891033
3034,0,2.775573273,1.950613130
3035,0,2.622612728,1.769581916
3036,0,2.762555832,2.183465857
3037,0,2.478830116,1.990259439
3038,0,2.827041708,2.563573267
3039,0,2.696755195,1.411031826
3040,0,2.632836470,1.553745732
3041,0,2.622308642,1.830064744
3042,0,2.364724193,1.677535570
3043,0,1.799493392,1.367939978
3044,0,2.535682796,2.303516975
3045,0,2.432438877,3.228570659
3046,0,2.735817492,3.353004377
3047,0,3.250147562,4.198858190
3048,0,2.961323279,3.159203119
3049,0,3.265229890,3.971145106
3050,0,3.124531123,2.896824086
3051,0,3.228116053,3.691302705
3052,0,3.403285510,4.524502887
3053,0,3.236252969,3.049107396
3054,0,3.023774866,3.163506845
3055,0,2.257346895,1.744594397
3056,0,1.961865264,1.851415253
3057,0,2.447597097,2.439394088
3058,0,2.527773299,1.951923356
3059,0,1.998174442,2.000203259
3060,0,2.320805636,1.557847309
3061,0,2.276106775,2.110753176
3062,0,2.527946037,1.854848643
3063,0,2.431741455,1.943062901
3064,0,2.544412592,1.545552974
3065,0,2.736979117,2.052704123
3066,0,2.497164040,2.511677080
3067,0,2.342549465,3.010046498
3068,0,2.195620792,2.163764803
3069,0,2.737930973,3.126224556
3070,0,1.400736510,3.586877523
3071,0,2.211545747,4.125173549
3072,0,2.515698133,5.070772923
3073,0,2.770363134,4.309818587
3074,0,2.794311474,4.478463397
3075,0,2.122378158,1.461112973
3076,0,2.870409008,2.466304507
3077,0,3.467793847,3.125597664
3078,0,2.756245379,2.697413648
3079,0,3.287486071,3.748743973
3080,0,2.912975775,4.497827708
3081,0,2.708226794,3.781335686
3082,0,2.000318631,2.657868748
3083,0,2.670995151,3.204451730
3084,0,2.741864373,3.929509536
3085,0,3.149768501,3.351878531
3086,0,2.932374581,2.913820603
3087,0,2.887420898,2.842535216
3088,0,2.918683704,3.589224573
3089,0,3.059911612,2.465147639
3090,0,2.102525002,1.820340443
3091,0,2.665228323,1.755736661
3092,0,1.834871192,1.466132378
3093,0,2.438440165,1.691741541
3094,0,2.270110721,2.352408423
3095,0,2.517004056,2.001775398
3096,0,2.478615316,1.725246220
3097,0,2.598222422,2.310910225
3098,0,2.769415029,2.148626961
3099,0,1.319063190,1.236958445
3100,0,1.953828832,1.275221666
3101,0,1.060224686,0.849010107
3102,0,0.966963615,0.736179467
3103,0,2.167512583,1.975434051
3104,0,2.164124279,2.269956102
3105,0,2.048771830,1.579057115
3106,0,1.788024190,1.889344975
3107,0,1.972908720,2.274680915
3108,0,2.349297389,1.948897456
3109,0,2.356436041,2.055920966
3110,0,2.294096385,2.243347659
3111,0,2.557632049,2.049785718
3112,0,2.859265464,2.033856609
3113,0,2.608224540,1.583807998
3114,0,2.877098305,2.065964233
3115,0,2.579111322,2.414276293
3116,0,2.883833322,2.154608735
3117,0,2.651431537,2.280317324
3118,0,2.885361903,2.143190113
3119,0,2.626354964,3.434745762
3120,0,2.673902236,3.324343193
3121,0,2.572428691,2.119277988
3122,0,2.751776598,2.891052312
3123,0,1.414736198,2.932785823
3124,0,1.748077434,2.149601999
3125,0,2.775906854,1.900946238
3126,0,2.789161638,1.690324213
3127,0,2.900966181,2.100667385
3128,0,2.137007107,1.303329734
3129,0,2.058426203,1.035275701
3130,0,2.037080190,1.215468927
3131,0,2.459460393,1.866136231
3132,0,2.313181571,1.421978602
3133,0,2.139966357,1.465834584
3134,0,2.198971984,2.216627925
3135,0,1.996351275,1.361390051
3136,0,1.764098344,1.603777628
3137,0,1.880667941,0.918649453
3138,0,1.551680064,1.629146657
3139,0,2.368554849,1.918848323
3140,0,1.562283648,0.906012387
3141,0,0.948317674,0.733941371
3142,0,0.782442477,0.465114361
3143,0,1.542669953,0.682926126
3144,0,1.469891252,0.686056078
3145,0,1.584777207,1.121039450
3146,0,1.596602997,0.890050710
3147,0,2.241175680,1.492420680
3148,0,1.834444001,2.091324846
3149,0,1.984073861,1.131193126
3150,0,2.338403064,1.682210106
3151,0,2.521029461,2.185949329
3152,0,2.516518172,2.568656175
3153,0,2.790699782,3.267419748
3154,0,1.938929071,2.904431524
3155,0,2.515711319,2.120147736
3156,0,2.564744195,3.262706441
3157,0,2.377585168,3.586790974
3158,0,2.733397276,2.295524660
3159,0,2.533438419,1.692490439
3160,0,2.483839703,1.609290961
3161,0,2.474183426,1.574030147
3162,0,2.620853127,1.779066555
3163,0,2.640638818,2.666003883
3164,0,1.933471809,1.686472858
3165,0,2.505637351,1.655961681
3166,0,2.569461605,1.828930910
3167,0,2.929487333,1.921612491
3168,0,2.642168626,1.900031192
3169,0,2.596934547,2.198546989
3170,0,2.597545776,1.840932281
3171,0,2.629543860,1.790585688
3172,0,2.943251675,1.979206480
3173,0,1.920692410,2.426825877
3174,0,2.903497812,2.239378297
3175,0,2.672982654,1.894245184
3176,0,2.493150427,2.530387259
3177,0,2.184208118,2.982236871
3178,0,2.930735394,2.504720316
3179,0,1.855297952,2.230783778
3180,0,2.452535241,1.946998332
3181,0,2.559657106,2.729933574
3182,0,2.595349207,2.488969560
3183,0,2.596400698,2.518745373
3184,0,2.254754683,2.149167121
3185,0,2.526537241,2.331974132
3186,0,2.582714981,1.738417025
3187,0,2.575032925,2.178660150
3188,0,2.501469046,1.824635108
3189,0,2.978904347,2.012112722
3190,0,2.676078307,2.399104669
3191,0,3.215810321,2.641008326
3192,0,3.277944824,2.567276734
3193,0,3.048768063,3.354013866
3194,0,3.010108337,3.094323353
3195,0,3.562289189,4.029541716
3196,0,3.172591234,3.112427794
3197,0,2.717806545,2.831167405
3198,0,2.508814608,1.766716907
3199,0,2.802281202,1.867935435
3200,0,2.584360950,1.630235656
3201,0,2.662365521,2.115982163
3202,0,3.065492626,2.838541438
3203,0,3.015900429,2.344056180
3204,0,2.921660132,2.273280612
3205,0,2.815530896,2.350233828
3206,0,2.872075124,3.278363302
3207,0,3.270238899,2.785627691
3208,0,2.888742889,2.870350063
3209,0,2.994665265,2.506298183
3210,0,3.378356122,3.672137433
3211,0,3.184054323,3.007379397
3212,0,3.227472582,2.427635245
3213,0,3.495139535,2.917350403
3214,0,3.426262101,2.580901000
3215,0,3.402307106,2.996325087
3216,0,3.451860091,3.003823813
3217,0,3.196065759,3.651245917
3218,0,3.420835309,2.947284905
3219,0,3.480628710,3.722921125
3220,0,3.353135781,4.703234761
3221,0,3.369025485,5.130026900
3222,0,3.153527187,4.111976998
3223,0,2.859180107,5.016200020
3224,0,3.701612865,4.508575115
3225,0,2.521969524,3.147796393
3226,0,3.507983486,3.762251774
3227,0,3.215177416,3.100946894
3228,0,1.550420242,1.437337980
3229,0,1.940198543,1.602273966
3230,0,2.645313563,1.922983774
3231,0,2.946919002,2.769163922
3232,0,2.978837205,3.188787698
3233,0,2.406473759,2.081327394
3234,0,2.937601338,2.697636433
3235,0,3.087724041,3.449954011
3236,0,2.944720747,4.222299821
3237,0,3.305645229,5.161354617
3238,0,3.310946930,4.392754058
3239,0,3.171798020,3.252859175
3240,0,3.153596170,3.192921304
3241,0,3.164550255,3.115177434
3242,0,3.096825088,2.551745061
3243,0,3.356830279,3.153180034
3244,0,1.363364456,2.939432374
3245,0,2.381374785,3.110267896
3246,0,2.928545965,2.520530916
3247,0,3.186283821,2.555635704
3248,0,3.055008041,2.871173768
3249,0,2.118575454,2.083503642
3250,0,3.210745534,2.652049717
3251,0,2.524220009,1.764330518
3252,0,2.844041110,1.930694565
3253,0,2.982266249,2.067665643
3254,0,2.637754802,1.647649850
3255,0,2.854454914,2.089090411
3256,0,1.582357973,1.277791721
3257,0,2.305031591,1.720551361
3258,0,2.682387604,1.859766586
3259,0,2.951805243,2.608684172
3260,0,1.584581347,1.312907802
3261,0,2.308805571,1.751609494
3262,0,2.904395940,2.526029394
3263,0,2.621119323,3.410126905
3264,0,3.235235112,2.931760614
3265,0,2.616806211,3.414592031
3266,0,3.158363728,3.080021082
3267,0,3.317568268,2.780987818
3268,0,3.331986177,2.796808791
3269,0,3.357726160,2.834429037
3270,0,3.076826256,3.940000972
3271,0,3.075792297,4.248281794
3272,0,2.505570497,4.458070973
3273,0,2.493436716,4.073562877
3274,0,3.517135963,3.975186766
3275,0,2.711222495,4.156651884
3276,0,3.073375537,2.940371406
3277,0,3.806061482,2.823330086
3278,0,3.574949464,2.931856638
3279,0,3.439368567,2.958446796
3280,0,3.866361888,3.351603017
3281,0,3.899277166,3.402188383
3282,0,3.626692524,3.952653217
3283,0,3.292231955,2.716360865
3284,0,2.907662219,2.675077769
3285,0,3.486916508,3.448858489
3286,0,3.535119585,4.691837755
3287,0,2.652187979,5.537000781
3288,0,2.685601954,5.062495748
3289,0,2.708703600,5.915579650
3290,0,2.352933302,4.869332457
3291,0,1.814777636,3.843262183
3292,0,1.464727981,2.872645665
3293,0,1.656752406,3.603131693
3294,0,1.994704904,4.725094075
3295,0,2.286531776,5.738252074
3296,0,2.543271300,4.502054975
3297,0,1.074751110,4.652837800
3298,0,2.356186336,6.624488012
3299,0,2.600086509,6.075915899
3300,0,3.043691929,7.003783027
3301,0,2.871438627,7.468177441
3302,0,1.519765920,5.992546487
3303,0,2.033018006,6.254117239
3304,0,2.405905718,7.084738167
3305,0,2.370008667,6.022438912
3306,0,1.065445850,4.984962960
3307,0,1.271254782,3.963889810
3308,0,1.266846626,4.967089140
3309,0,1.975621364,3.979717623
3310,0,-0.000000000,0.000000000
3311,0,-0.000000000,0.000000000
3312,0,0.591672779,0.285714286
3313,0,0.640944185,0.325581395
3314,0,-0.000000000,0.000000000
3315,0,0.591672779,0.285714286
3316,0,0.684038436,0.363636364
3317,0,-0.000000000,0.000000000
3318,0,1.061278124,0.500000000
3319,0,0.921928095,0.400000000
3320,0,1.633846921,1.172000000
3321,0,0.963845085,0.391291556
3322,0,1.829612057,1.424892704
3323,0,1.741099233,1.720041137
3324,0,1.972509920,1.596224622
3325,0,1.117429560,0.791841514
3326,0,1.733884879,0.963944158
3327,0,1.667601726,1.136985836
3328,0,0.910624619,0.940777521
3329,0,1.906379425,1.559723015
3330,0,2.465646437,1.878778522
3331,0,2.018060315,1.954747931
3332,0,1.737316404,1.778465146
3333,0,-0.000000000,0.000000000
3334,0,-0.000000000,0.000000000
3335,0,0.591672779,0.285714286
3336,0,-0.000000000,0.000000000
3337,0,-0.000000000,0.000000000
3338,0,-0.000000000,0.000000000
3339,0,0.591672779,0.285714286
3340,0,0.985228136,0.857142857
3341,0,0.732419655,0.285714286
3342,0,0.497150184,0.166666667
3343,0,0.619382195,0.307692308
3344,0,0.997643296,0.942857143
3345,0,0.930255905,1.308411215
3346,0,1.556557647,1.242320819
3347,0,0.975174725,1.184979138
3348,0,0.944832192,0.359395629
3349,0,0.702075347,0.310675629
3350,0,1.396940458,1.102153570
3351,0,0.438619314,0.177601181
3352,0,1.600140578,1.366513423
3353,0,1.371566012,0.784731710
3354,0,1.816190226,1.498356786
3355,0,1.078194300,0.789244497
3356,0,0.730197448,0.386301761
3357,0,1.002913628,0.897941950
3358,0,-0.000000000,0.000000000
3359,0,0.591672779,0.285714286
3360,0,0.985228136,0.857142857
3361,0,0.770629069,0.451612903
3362,0,0.508611331,0.225806452
3363,0,0.664331540,1.778801843
3364,0,0.515508788,0.230471140
3365,0,0.665316891,0.285714286
3366,0,0.704914057,0.357027538
3367,0,0.043218781,0.008357617
3368,0,1.150319058,1.029254454
3369,0,1.523806321,2.006470243
3370,0,1.930744722,1.338174513
3371,0,1.197472047,0.590069450
3372,0,1.882842479,1.302567558
3373,0,1.289890516,0.901086776
3374,0,1.844936071,1.470846764
3375,0,1.892313325,2.369916652
3376,0,1.770613118,2.908499503
3377,0,1.673948793,3.044840266
3378,0,1.555621735,2.349273194
3379,0,1.882435708,3.154637777
3380,0,2.764414529,3.090872906
3381,0,2.300783904,3.661532039
3382,0,2.250367032,4.582658827
3383,0,1.900719412,3.942229197
3384,0,2.022591615,3.794880178
3385,0,2.995470368,4.747931614
3386,0,2.815583296,3.729143477
3387,0,2.672597496,3.498676754
3388,0,2.404080922,4.701197468
3389,0,2.602371032,3.863248854
3390,0,2.213242723,3.374545794
3391,0,1.942107040,2.013619049
3392,0,1.674568040,1.642479655
3393,0,1.810951012,1.598123933
3394,0,2.060670665,1.358313559
3395,0,2.086552206,1.589864993
3396,0,2.267298829,2.265806890
3397,0,2.135557610,2.222895617
3398,0,0.803521918,0.780933292
3399,0,1.069824076,1.205975233
3400,0,1.085464925,1.256798778
3401,0,1.839708525,1.974779292
3402,0,2.520187628,2.199905643
3403,0,2.694233294,2.536356648
3404,0,3.169242681,2.621996417
3405,0,1.377437290,1.746154272
3406,0,2.146857235,2.048775232
3407,0,2.538557279,2.475917958
3408,0,3.013490393,3.117182843
3409,0,3.218673743,3.556850289
3410,0,3.202748166,4.274936184
3411,0,3.344480051,4.959168557
3412,0,3.167903842,4.875302985
3413,0,3.132940894,4.975297855
3414,0,3.322598699,4.153530581
3415,0,3.152172556,3.854948447
3416,0,3.262304349,3.901497331
3417,0,3.138231255,3.725536016
3418,0,3.263172984,4.032983076
3419,0,3.305916176,4.482993437
3420,0,3.106611977,4.063673942
3421,0,3.491798816,3.962045141
3422,0,3.400540880,3.852855108
3423,0,3.458958499,4.028811213
3424,0,3.101834844,3.706173363
3425,0,2.690510639,4.866706252
3426,0,2.954066572,4.136680745
3427,0,2.200176437,2.371264392
3428,0,2.691675666,2.783030038
3429,0,3.214907523,2.992882137
3430,0,3.144508894,3.311065073
3431,0,2.987802051,3.789719848
3432,0,2.304857024,2.214368900
3433,0,2.356868714,2.108032984
3434,0,2.632858125,3.202408209
3435,0,2.732193487,2.833084969
3436,0,2.857822469,2.264263835
3437,0,3.337344170,2.144422340
3438,0,1.359113519,1.456342037
3439,0,2.778204793,2.268442224
3440,0,3.261870125,2.113702336
3441,0,3.206809281,2.754411693
3442,0,3.398597401,3.284101438
3443,0,3.005228435,3.434346331
3444,0,2.989863405,3.175564898
3445,0,2.922640038,3.141262802
3446,0,3.264585760,3.661165521
3447,0,2.537690504,5.131915435
3448,0,3.568435488,5.092565631
3449,0,2.230782022,2.950336144
3450,0,1.746986333,2.446844574
3451,0,2.688469656,2.572438607
3452,0,2.562519065,2.528363706
3453,0,2.571977141,2.589426398
3454,0,2.824146209,2.229631957
3455,0,2.849371780,2.370604364
3456,0,3.006904362,2.921144236
3457,0,1.708564105,1.585921076
3458,0,2.187644064,1.622801988
3459,0,2.620514946,2.563924004
3460,0,2.585995066,2.873913766
3461,0,2.473090498,3.945992217
3462,0,2.528988738,3.523372500
3463,0,2.526351698,2.533988487
3464,0,2.908496727,2.175301107
3465,0,2.724151751,1.751274793
3466,0,2.522230624,2.122381805
3467,0,2.907180110,2.067141347
3468,0,2.703119276,2.619838078
3469,0,2.606750494,2.066450512
3470,0,2.906835618,2.032068039
3471,0,2.997063938,2.393024891
3472,0,2.724760989,1.991797063
3473,0,2.872946381,1.981925263
3474,0,2.519256437,2.403301998
3475,0,2.961999027,2.116616728
3476,0,1.138374451,1.247014187
3477,0,1.894070602,1.907590133
3478,0,2.010875023,2.652799817
3479,0,3.053471828,2.353826168
3480,0,3.081482048,1.974857033
3481,0,3.134563708,2.221169475
3482,0,2.726850113,2.122359600
3483,0,2.641489836,3.002622180
3484,0,2.227676784,2.109591591
3485,0,2.827919911,2.582618987
3486,0,3.002087032,3.238277277
3487,0,2.638708818,2.643005901
3488,0,2.793037131,2.913745603
3489,0,2.926004348,3.760074538
3490,0,3.246602017,3.359304989
3491,0,3.377649827,2.966978844
3492,0,3.074115437,3.343374489
3493,0,3.467126997,2.986398507
3494,0,2.334455371,3.614584046
3495,0,2.419160452,2.780467849
3496,0,3.009787951,3.265633134
3497,0,2.512982869,2.531557587
3498,0,2.211972934,2.868777451
3499,0,2.791280608,3.450857144
3500,0,2.773427472,4.383993029
3501,0,2.875487045,3.640826351
3502,0,2.848840813,2.879143624
3503,0,2.944509125,3.383926602
3504,0,2.915556994,4.413055673
3505,0,3.045860280,3.726755426
3506,0,2.985661389,2.855306785
3507,0,2.998906592,2.786568887
3508,0,3.080490431,3.269958380
3509,0,3.445876937,3.179744632
3510,0,3.639292216,3.440876214
3511,0,3.737802205,4.045742127
3512,0,3.795333224,4.259341857
3513,0,3.366948851,2.912205405
3514,0,2.730002539,2.852542258
3515,0,3.000959275,3.506523416
3516,0,2.683438606,3.307822884
3517,0,3.561488802,4.330349183
3518,0,2.244896398,1.645710590
3519,0,2.477280062,1.823354566
3520,0,2.039556592,1.592067064
3521,0,1.854548704,1.990837233
3522,0,2.035405782,1.478916092
3523,0,2.179251148,1.750437318
3524,0,2.966122416,2.842804277
3525,0,2.699675288,1.980700128
3526,0,2.879936810,2.412116300
3527,0,0.992145491,0.895746046
3528,0,-0.000000000,0.000000000
3529,0,1.000000000,1.000000000
3530,0,-0.000000000,0.000000000
3531,0,1.000000000,1.000000000
3532,0,1.918295834,2.000000000
3533,0,1.863120569,1.571428571
3534,0,2.139968827,2.347826087
3535,0,2.030441033,2.129707113
3536,0,3.219608570,2.873779637
3537,0,2.983010251,3.307425618
3538,0,1.967526768,2.647374847
3539,0,3.012735229,2.744147334
3540,0,2.772460012,2.396980511
3541,0,2.755158736,2.506837754
3542,0,2.776121460,3.185730748
3543,0,2.592419230,3.591218611
3544,0,2.517093779,3.856871652
3545,0,2.741806949,2.711188957
3546,0,2.838657478,2.454042222
3547,0,2.595456371,2.384834403
3548,0,3.151641783,2.555420109
3549,0,2.991287770,2.819596366
3550,0,2.746013407,1.961200455
3551,0,2.506393797,1.701205300
3552,0,2.190301360,1.993936065
3553,0,3.023037822,2.809297655
3554,0,1.570328443,1.768060632
3555,0,1.924647057,1.191044276
3556,0,1.942056806,1.402124370
3557,0,1.573204624,1.112432494
3558,0,1.930864433,1.327611498
3559,0,2.317416296,1.509267232
3560,0,1.958963985,1.993043879
3561,0,1.616161306,1.147493994
3562,0,1.889979057,1.107107277
3563,0,2.316016875,2.138519380
3564,0,1.839164466,2.000411163
3565,0,2.496030284,3.000342635
3566,0,2.717315272,4.000349142
3567,0,2.973114515,3.440361497
3568,0,2.906613998,2.755905177
3569,0,2.180285408,1.884216579
3570,0,2.952831557,2.540346066
3571,0,2.523875248,2.050544490
3572,0,2.319940090,1.388767007
3573,0,2.398420141,1.778567316
3574,0,2.900463842,2.533807974
3575,0,2.515266723,3.111428929
3576,0,2.856401383,2.590022926
3577,0,2.808082891,2.130422273
3578,0,1.578904638,1.271435883
3579,0,0.998639228,1.043426222
3580,0,1.186108028,2.010856555
3581,0,1.862576301,3.049629968
3582,0,2.139480131,2.389364212
3583,0,1.935690431,3.187114050
3584,0,2.355705736,2.281363405
3585,0,2.405029222,3.163616106
3586,0,2.907591078,2.590888702
3587,0,0.998752771,1.041575573
3588,0,1.775283304,2.038377452
3589,0,0.999861454,1.013858524
3590,0,1.186260806,0.500000000
3591,0,1.206437536,1.036339997
3592,0,1.809912424,1.083728762
3593,0,2.303623073,1.628022584
3594,0,1.841335313,1.240601785
3595,0,2.494804025,1.730885531
3596,0,2.183423234,2.073685579
3597,0,1.877647590,3.002550523
3598,0,2.171496993,4.014247170
3599,0,2.427130851,2.947335217
3600,0,2.828641470,2.470197271
3601,0,3.037956049,2.668821720
3602,0,2.502133937,2.603911002
3603,0,2.388459254,2.946573445
3604,0,2.598108150,2.241947398
3605,0,2.202802220,1.533359959
3606,0,2.773378801,2.305430889
3607,0,2.859313760,2.100402512
3608,0,3.219564404,2.157440701
3609,0,2.232206566,1.958092323
3610,0,2.835804353,2.219457266
3611,0,2.986409168,2.152728968
3612,0,3.139779906,2.373182552
3613,0,3.172432199,2.884409624
3614,0,2.791279439,3.748958843
3615,0,2.356101556,3.425551645
3616,0,2.392530602,2.235192285
3617,0,2.784753321,3.223565072
3618,0,2.471764417,3.632458004
3619,0,2.797885342,2.855790667
3620,0,2.827588559,2.540959008
3621,0,2.831096490,1.842349687
3622,0,3.002849680,2.274874318
3623,0,2.562174374,1.648463184
3624,0,2.969610327,2.195450576
3625,0,2.662109394,2.562502210
3626,0,2.324783577,1.871139151
3627,0,2.965618396,2.830706747
3628,0,1.570668626,1.811935083
3629,0,2.524701180,1.752633581
3630,0,2.762417497,1.630842352
3631,0,0.998572366,0.955520023
3632,0,1.775200040,1.958941560
3633,0,0.999841420,0.985173341
3634,0,1.499920710,1.000000000
3635,0,1.863032730,1.920521801
3636,0,2.139911871,1.695652174
3637,0,1.938611229,1.786032333
3638,0,2.648366573,1.872434310
3639,0,2.989763739,2.159988182
3640,0,1.577203980,1.296552517
3641,0,0.996877690,0.934232851
3642,0,1.774417882,1.939291862
3643,0,2.297658984,2.931492553
3644,0,2.851642191,3.935185998
3645,0,2.030032608,3.421388349
3646,0,3.223489665,4.330087110
3647,0,3.088176853,5.167985863
3648,0,2.976754417,4.288326111
3649,0,3.139322388,5.190932356
3650,0,3.196965845,6.092889479
3651,0,2.929810528,7.220093376
3652,0,2.882400812,7.954283656
3653,0,2.830397988,7.000456123
3654,0,1.219733468,2.577449707
3655,0,1.167288426,2.242872433
3656,0,1.745942677,2.103559740
3657,0,2.407920672,1.657095463
3658,0,2.587907474,2.282883585
3659,0,2.481429131,1.784242764
3660,0,2.324995648,1.447279522
3661,0,2.492946812,2.269732042
3662,0,1.983103520,2.186118518
3663,0,2.321089221,1.331440411
3664,0,1.733911972,1.854781247
3665,0,1.569894953,1.278693832
3666,0,1.136761888,0.833264835
3667,0,1.492865984,1.859599413
3668,0,1.750266031,3.010288375
3669,0,1.446712813,4.302686516
3670,0,1.963389766,4.039517499
3671,0,2.705080307,3.149782324
3672,0,2.503495554,2.772478477
3673,0,2.789259001,3.110027010
3674,0,2.993517983,4.099948375
3675,0,2.961954284,4.786735001
3676,0,2.795150636,3.489221361
3677,0,2.407632885,3.973610144
3678,0,2.460108838,3.820094755
3679,0,2.356931954,3.741765044
3680,0,2.299791079,5.146574414
3681,0,2.591799321,5.893957231
3682,0,2.994710238,4.552495456
3683,0,3.282641939,4.366758684
3684,0,2.377245724,3.475007140
3685,0,3.376588899,3.074206626
3686,0,1.770835680,2.819721232
3687,0,2.715808411,2.412035666
3688,0,2.510248693,2.420196533
3689,0,3.000270703,2.744856251
3690,0,2.904555050,2.424917024
3691,0,2.626191406,2.456904148
3692,0,3.063152780,2.818139607
3693,0,1.054452484,1.389299916
3694,0,2.298422822,2.651631542
3695,0,2.384462968,3.461371256
3696,0,2.619978172,2.862526907
3697,0,2.112057879,1.788806901
3698,0,2.649505980,1.914183289
3699,0,2.770729858,2.180310320
3700,0,2.094682410,1.785086844
3701,0,1.905349734,1.778490649
3702,0,1.918946737,1.585431165
3703,0,2.899089750,2.227680076
3704,0,2.719520455,2.771793735
3705,0,2.613715772,1.904299613
3706,0,2.440455651,2.345940815
3707,0,2.596599618,3.002782208
3708,0,2.452049334,2.254541833
3709,0,2.937487257,2.158706171
3710,0,1.723818449,1.621690254
3711,0,2.361644278,1.562899671
3712,0,2.269837244,1.335788315
3713,0,2.532188325,2.213945005
3714,0,2.317180546,1.815978850
3715,0,2.415938447,2.435577226
3716,0,2.541556545,3.078826944
3717,0,2.591677026,2.129131995
3718,0,2.575375834,2.774911741
3719,0,2.580561199,2.003425830
3720,0,2.129572614,1.734303106
3721,0,2.941225812,2.431513638
3722,0,2.658262908,2.930748694
3723,0,2.612943169,4.275953413
3724,0,2.492267174,4.815796954
3725,0,2.867439055,3.184014711
3726,0,2.577665376,2.333542501
3727,0,2.931435760,1.912707148
3728,0,2.611010325,1.779848011
3729,0,2.636843878,2.353427736
3730,0,2.791759958,3.303273148
3731,0,1.997229600,2.037192702
3732,0,2.019804200,2.965094155
3733,0,2.596178390,2.543070414
3734,0,2.427643442,2.004536377
3735,0,2.685133138,1.856286705
3736,0,2.271392218,2.041254558
3737,0,2.575934530,1.692844272
3738,0,2.881650503,2.141839443
3739,0,2.662812517,1.768901495
3740,0,2.253444383,2.537183161
3741,0,2.563032296,1.795202373
3742,0,1.800420750,2.279976112
3743,0,2.373687161,2.015361145
3744,0,2.389026442,1.482035004
3745,0,2.477435698,1.559540830
3746,0,2.324111242,1.650104754
3747,0,2.891773775,2.368324476
3748,0,2.272361667,1.558364623
3749,0,2.483183158,1.439731832
3750,0,2.682540920,1.711986660
3751,0,2.809957651,1.972450028
3752,0,2.346699720,1.400401914
3753,0,2.483367580,1.859415701
3754,0,1.910352181,1.559137188
3755,0,2.494251282,1.825867667
3756,0,2.422625000,2.235575159
3757,0,2.546181319,2.573454299
3758,0,2.824685844,2.094395281
3759,0,2.631975681,1.763335485
3760,0,2.573123103,1.784280883
3761,0,2.916309820,2.447762284
3762,0,2.558245236,1.730200272
3763,0,2.773474742,2.297588942
3764,0,1.200030061,1.780052445
3765,0,1.075289814,1.819104872
3766,0,1.802836705,1.061012695
3767,0,1.943183759,1.417667519
3768,0,2.262003976,2.051910643
3769,0,1.958564420,2.977554675
3770,0,2.209619129,1.897667218
3771,0,1.997012321,1.600120770
3772,0,1.936245317,1.170054474
3773,0,2.112065615,1.418119947
3774,0,1.778684570,1.347574485
3775,0,1.588005407,1.062865528
3776,0,0.962372545,0.756231729
3777,0,1.392264665,1.077932926
3778,0,1.603446681,1.221269500
3779,0,0.928091628,0.672771420
3780,0,1.898039074,1.334379175
3781,0,1.732876740,0.933540032
3782,0,1.321210977,0.986785302
3783,0,1.713558272,2.472064006
3784,0,2.154909587,2.650093622
3785,0,2.197776405,3.145580144
3786,0,1.664584242,2.526485128
3787,0,2.606051223,2.136050534
3788,0,1.631168446,1.177205513
3789,0,1.905770218,1.630415556
3790,0,1.190081019,1.646987601
3791,0,1.509756123,0.988449342
3792,0,1.945179910,1.830698774
3793,0,1.764365077,1.844764257
3794,0,0.807040640,0.448261819
3795,0,1.617509208,1.406747719
3796,0,1.916670028,1.859692886
3797,0,2.009711186,1.193911112
3798,0,2.459106204,1.458167285
3799,0,2.472837017,1.541278441
3800,0,2.386192190,1.479390502
3801,0,2.759051181,1.787639539
3802,0,2.506449454,1.613069682
3803,0,2.693383585,1.588280421
3804,0,2.659581041,1.617118317
3805,0,2.590771713,1.545940753
3806,0,2.827743379,1.561251126
3807,0,3.105117722,1.888213231
3808,0,3.337719995,2.867258744
3809,0,2.929701609,1.713330682
3810,0,-0.000000000,0.000000000
3811,0,1.584962501,1.333333333
3812,0,2.241541933,2.800000000
3813,0,3.025665085,3.893536122
3814,0,3.303267077,2.989263236
3815,0,3.039941395,2.112129712
3816,0,2.919516127,2.648637301
3817,0,2.985680313,3.320753468
3818,0,2.659609430,2.110120077
3819,0,2.623163818,1.674560267
3820,0,1.738411792,1.195789553
3821,0,1.699747482,1.154789000
3822,0,2.547662428,1.731659673
3823,0,2.985122810,2.756778263
3824,0,3.299504872,2.157627973
3825,0,2.384689605,1.030033031
3826,0,2.346566315,1.727896188
3827,0,2.522252516,1.355024120
3828,0,1.797571702,0.765517719
3829,0,1.387608418,0.596246621
3830,0,2.182864154,1.419989054
3831,0,2.530321571,2.123674748
3832,0,1.809348332,0.683605393
3833,0,2.383222044,1.581246457
3834,0,2.830030221,2.807068440
3835,0,2.150651172,1.378301556
3836,0,2.679776427,1.767149272
3837,0,2.223731443,1.978607824
3838,0,2.240718284,2.223338350
3839,0,2.324804837,2.512572442
3840,0,2.743583071,3.433867641
3841,0,2.567436007,2.464446104
3842,0,2.757811731,3.350061547
3843,0,2.487890154,2.742817226
3844,0,2.507442919,2.685424618
3845,0,2.334702214,2.430559128
3846,0,2.018798620,2.413291269
3847,0,2.511213401,1.607547313
3848,0,2.873048716,2.337421021
3849,0,2.942912074,2.693185833
3850,0,2.289160443,1.586459207
3851,0,2.823191028,2.482973925
3852,0,3.099604131,2.600753674
3853,0,3.007975199,2.121322158
3854,0,3.047072011,2.899458246
3855,0,3.334181410,3.478141058
3856,0,3.242944532,4.310594155
3857,0,3.244458993,3.309709844
3858,0,2.969939823,2.432357152
3859,0,3.004798426,2.098725448
3860,0,3.116306226,3.602922165
3861,0,3.157443571,2.900370656
3862,0,3.108368246,2.898801640
3863,0,2.804067747,1.831640256
3864,0,2.686484951,1.930747008
3865,0,2.510413435,1.456080344
3866,0,2.349264251,1.852538056
3867,0,2.715540471,2.849905335
3868,0,2.518880132,2.129427636
3869,0,2.538140429,1.805171946
3870,0,2.855829481,2.065492544
3871,0,2.564242624,1.645608751
3872,0,2.285734269,2.047353322
3873,0,2.149757892,1.575001779
3874,0,2.523839305,2.110567375
3875,0,1.479724554,1.295791760
3876,0,2.225896106,1.351905223
3877,0,1.874068559,0.795818129
3878,0,2.650462886,2.006099228
3879,0,3.014170150,2.991167076
3880,0,2.725606020,3.638379437
3881,0,3.060002339,4.815256458
3882,0,3.162656745,3.962867345
3883,0,2.451276723,1.495583037
3884,0,3.088207358,2.163206769
3885,0,2.716415933,1.527361248
3886,0,2.626716447,2.662343665
3887,0,2.617669646,1.586616077
3888,0,3.090888024,1.990608473
3889,0,2.909442793,1.623416424
3890,0,3.278089534,2.205113895
3891,0,2.747592784,1.727713749
3892,0,2.806527904,1.953120504
3893,0,2.827528154,2.418630437
3894,0,2.569132759,2.039000378
3895,0,3.308611443,2.461456295
3896,0,3.023197297,2.826329838
3897,0,2.588399298,2.139301414
3898,0,2.536814973,1.876223678
3899,0,2.886968211,1.594406821
3900,0,2.875914008,2.020374960
3901,0,1.981910967,0.962542693
3902,0,2.532633055,1.911755961
3903,0,2.566496031,1.843628935
3904,0,2.260499512,1.135150841
3905,0,2.274619392,1.538855779
3906,0,1.559318683,1.047151856
3907,0,2.138149905,1.772865533
3908,0,2.683489587,2.487942077
3909,0,2.526873745,1.763456520
3910,0,2.551686916,1.453875661
3911,0,2.812334096,1.800394804
3912,0,3.018623750,2.148334398
3913,0,2.614030297,1.815433647
3914,0,1.427502368,1.386017261
3915,0,2.191671518,1.424253950
3916,0,2.112328084,1.533620401
3917,0,2.225494900,2.111677583
3918,0,2.372169021,2.465131246
3919,0,3.026450826,2.605661005
3920,0,3.020130592,2.555569840
3921,0,2.329588264,2.011646826
3922,0,2.124784791,1.820899038
3923,0,1.976261815,2.120802872
3924,0,1.966688326,2.496698937
3925,0,1.555722008,2.479676198
3926,0,2.037769250,1.319622556
3927,0,2.371855926,1.918008629
3928,0,2.395102038,1.994302367
3929,0,2.136121635,1.681037649
3930,0,2.399498600,2.487409112
3931,0,1.897098463,1.046518177
3932,0,1.853788739,1.282728250
3933,0,1.684104313,1.431070328
3934,0,1.960148449,1.342689166
3935,0,1.655923743,2.009835111
3936,0,1.292604430,1.323937047
3937,0,1.281028492,0.694434742
3938,0,1.651653358,0.766858589
3939,0,1.887523350,1.803981918
3940,0,0.897221148,0.627086265
3941,0,0.792872226,0.477400589
3942,0,1.441763822,1.266658454
3943,0,1.487839064,1.657886326
3944,0,0.781184302,0.463655964
3945,0,1.000000000,1.000000000
3946,0,0.918295834,0.666666667
3947,0,1.000000000,1.000000000
3948,0,1.918295834,1.333333333
3949,0,2.113669993,1.357142857
3950,0,2.118742282,1.201754386
3951,0,2.615417860,1.930332681
3952,0,2.185679206,2.592503834
3953,0,2.355772511,2.386959800
3954,0,1.794558324,1.403636100
3955,0,1.673468756,1.201905943
3956,0,1.787329506,2.082055107
3957,0,2.269120539,1.593623861
3958,0,2.763848043,1.470002716
3959,0,1.958618829,1.279591859
3960,0,2.608759074,1.736013421
3961,0,2.802985476,1.912857342
3962,0,3.080570814,2.639505979
3963,0,2.859505675,2.365582425
3964,0,2.984895226,2.622644127
3965,0,2.910252738,2.169142982
3966,0,2.966626809,2.826887994
3967,0,2.056274116,3.852744385
3968,0,2.529926087,3.236604210
3969,0,2.621198654,2.308448010
3970,0,2.815838871,3.065307797
3971,0,2.468255421,2.640791667
3972,0,2.561703791,1.904141851
3973,0,2.456111864,1.853142504
3974,0,2.566042723,1.450603044
3975,0,2.649430915,1.610535229
3976,0,2.103531119,1.310916680
3977,0,2.310852552,1.524924808
3978,0,2.574860934,1.977125443
3979,0,2.678573754,1.744855980
3980,0,2.590455818,2.072742336
3981,0,2.570004528,1.759638477
3982,0,2.355192028,1.908431844
3983,0,2.198317618,1.570861318
3984,0,2.228106877,1.607806390
3985,0,2.429886479,1.942983297
3986,0,2.358340535,1.737486851
3987,0,2.861361761,2.247312568
3988,0,2.472417432,1.664059997
3989,0,2.893471585,2.445859612
3990,0,2.539166963,1.941588743
3991,0,2.392403940,1.886857797
3992,0,2.565441744,1.775850131
3993,0,1.650891505,1.372536857
3994,0,1.969857369,2.371290059
3995,0,2.392200827,1.788842169
3996,0,2.715268097,2.379550203
3997,0,2.802922937,3.299920689
3998,0,2.578765925,2.509209135
3999,0,2.327233621,1.755132881
4000,0,2.542842575,1.690341564
4001,0,2.504835483,1.495317941
4002,0,2.518258840,1.469414308
4003,0,2.879697170,1.823905707
4004,0,2.649998877,1.528062289
4005,0,2.563907840,2.002223789
4006,0,1.324106186,1.711889651
4007,0,2.005295730,1.355649417
4008,0,2.487867446,2.086247238
4009,0,2.173591468,1.978175848
4010,0,2.953456673,1.779070515
4011,0,2.345139859,1.414480150
4012,0,0.935233742,0.702622675
4013,0,1.533306744,1.074663473
4014,0,2.354341181,1.502549827
4015,0,2.395321721,1.305760899
4016,0,1.992769801,1.944788161
4017,0,2.294742402,1.961730152
4018,0,2.398617432,1.622105729
4019,0,2.520983781,2.416037243
4020,0,2.610793567,1.890664367
4021,0,2.492747297,2.385116071
4022,0,2.714527012,2.064182381
4023,0,2.544808064,1.569667434
4024,0,2.707839705,1.919635000
4025,0,2.685997822,2.040370767
4026,0,2.554127689,2.501076019
4027,0,2.583097949,2.877607102
4028,0,2.558257066,2.605372617
4029,0,2.526087276,1.677354843
4030,0,1.880888904,1.580753363
4031,0,2.377160036,1.676957364
4032,0,2.441712925,1.195366787
4033,0,2.389092983,1.604215766
4034,0,2.154248406,1.446696948
4035,0,2.376238749,2.097568096
4036,0,2.226883376,1.741578722
4037,0,2.754339741,2.304924270
4038,0,2.587733739,1.560160198
4039,0,2.418990432,2.275242489
4040,0,2.464841916,1.524215746
4041,0,2.503598474,2.060191778
4042,0,2.439093025,2.401055515
4043,0,2.511201231,2.274062627
4044,0,2.419348593,2.091278336
4045,0,2.761372482,2.094898736
4046,0,2.320171389,2.678255251
4047,0,2.487055795,3.130071574
4048,0,3.110919203,2.574586168
4049,0,3.117434457,2.167762678
4050,0,3.143502914,2.271158653
4051,0,3.168300961,2.799521528
4052,0,2.902182471,2.214597336
4053,0,2.521300315,2.080737098
4054,0,2.530459506,3.206764401
4055,0,1.578209594,1.847874343
4056,0,2.602348916,2.914785680
4057,0,-0.000000000,0.000000000
4058,0,1.799015671,1.368421053
4059,0,2.235926351,1.714285714
4060,0,2.948452360,2.730263158
4061,0,2.919557077,2.211845103
4062,0,2.663674789,3.222383721
4063,0,2.960986898,2.560746132
4064,0,3.124684577,2.238225664
4065,0,2.805052961,2.071252019
4066,0,1.891696569,1.653637772
4067,0,2.641084744,1.769337349
4068,0,2.618651184,2.064463720
4069,0,2.198675497,1.690367875
4070,0,0.960516965,1.232881803
4071,0,1.725352004,1.815050360
4072,0,2.053389591,1.264663181
4073,0,2.098201909,1.640918566
4074,0,2.100286753,2.009726027
4075,0,2.399299397,1.663108328
4076,0,2.292174192,1.241483307
4077,0,2.605148466,1.857578008
4078,0,2.479703537,1.415600048
4079,0,2.540803231,1.876645132
4080,0,2.205686547,1.804496091
4081,0,2.933867051,2.528442564
4082,0,2.435920452,1.792110245
4083,0,3.044518994,2.814850803
4084,0,3.159724070,2.932227423
4085,0,2.758873419,1.997428721
4086,0,3.111416806,1.790714104
4087,0,2.866390260,1.815239889
4088,0,2.437734523,1.719972751
4089,0,2.551452030,1.359433044
4090,0,2.085749993,1.419622917
4091,0,2.769448698,1.782620738
4092,0,2.945711176,2.758363986
4093,0,3.122006586,3.492072972
4094,0,3.439681023,4.469766495
4095,0,3.663314827,3.675062841
4096,0,3.841691689,4.726823239
4097,0,3.738092687,5.578945409
4098,0,2.620221702,6.248042983
4099,0,1.883483604,2.741729262
4100,0,0.948654980,0.692358139
4101,0,1.761007256,1.715871368
4102,0,2.460004718,2.764202229
4103,0,2.664693052,1.990775838
4104,0,3.001714987,1.900237560
4105,0,2.973321228,1.995218471
4106,0,3.155739353,2.364432307
4107,0,2.067381580,2.857208636
4108,0,2.510838907,2.929904339
4109,0,2.447071233,3.633993728
4110,0,2.937490985,3.210913870
4111,0,2.807132359,4.447890962
4112,0,2.607098278,4.705061594
4113,0,2.151998845,3.821632756
4114,0,3.343938340,4.794994412
4115,0,3.083972677,5.869437007
4116,0,3.005872479,6.024101045
4117,0,2.009832243,5.965450352
4118,0,2.762426929,6.901589970
4119,0,2.900974555,5.560884993
4120,0,2.964352801,6.391507935
4121,0,3.226947584,5.710500207
4122,0,1.632284974,2.774254090
4123,0,2.526291428,2.135985891
4124,0,2.954158142,2.475371144
4125,0,2.462815831,1.753379200
4126,0,2.358608593,1.799003673
4127,0,2.762011217,1.907660201
4128,0,2.462304817,1.924423625
4129,0,2.816447158,1.875897593
4130,0,2.509817290,1.713312718
4131,0,2.820245348,2.032866074
4132,0,3.192066958,2.791080994
4133,0,3.149471276,2.203689262
4134,0,3.039502751,2.252620159
4135,0,2.987562435,1.886106469
4136,0,2.674408059,2.089314962
4137,0,2.544416539,1.537160594
4138,0,2.492102693,1.741468646
4139,0,2.516125832,2.398778169
4140,0,2.920546473,2.161436184
4141,0,2.941352615,1.882270313
4142,0,2.899973434,2.493709273
4143,0,1.589271769,1.416027308
4144,0,2.321517316,1.478701860
4145,0,2.501012777,1.600515372
4146,0,2.283008294,1.436103733
4147,0,0.922523950,0.659793285
4148,0,-0.000000000,0.000000000
4149,0,1.000000000,1.000000000
4150,0,1.775858948,1.076923077
4151,0,2.298794941,1.625000000
4152,0,2.649507130,2.381987578
4153,0,3.148033443,3.271828666
4154,0,3.001142780,3.946504382
4155,0,2.873621548,4.552713111
4156,0,3.220631013,4.112494178
4157,0,2.418713087,3.540003015
4158,0,3.113022499,2.760640914
4159,0,3.124179823,2.542459519
4160,0,2.952886281,2.530926960
4161,0,3.021308902,2.920939664
4162,0,3.131177242,3.253320663
4163,0,3.338461696,4.094031231
4164,0,2.784445048,3.261456371
4165,0,3.787636413,3.129798934
4166,0,3.504945963,2.773432512
4167,0,3.283626473,2.956459508
4168,0,2.931207988,2.967064130
4169,0,3.443100940,3.584028430
4170,0,3.462196884,3.204413046
4171,0,3.256707189,3.408877385
4172,0,3.125990204,4.246443763
4173,0,3.245200616,3.614575277
4174,0,1.867909813,1.541873987
4175,0,2.087418656,2.217813662
4176,0,2.117616789,2.916379410
4177,0,3.136214008,2.571252531
4178,0,2.845198985,1.952421467
4179,0,2.495818070,1.622088697
4180,0,2.370224490,2.269658821
4181,0,2.590035816,1.662526646
4182,0,3.269639650,2.430245369
4183,0,3.172270810,3.140989455
4184,0,3.095692719,3.516501258
4185,0,3.014176790,2.738705950
4186,0,3.404361868,2.537328092
4187,0,2.945299826,2.790879150
4188,0,3.428166359,2.594239983
4189,0,3.066493963,2.238805948
4190,0,2.329368109,2.152751931
4191,0,2.189681300,1.903998743
4192,0,2.432690139,2.297192172
4193,0,2.849270237,2.862899684
4194,0,3.522268691,2.729642106
4195,0,3.049881156,2.348418429
4196,0,2.929252181,2.087669464
4197,0,2.827420788,2.515033162
4198,0,3.021556014,3.104831788
4199,0,2.706340326,3.669760016
4200,0,3.048828354,4.479322712
4201,0,2.481488718,3.304939475
4202,0,2.232146609,2.058091721
4203,0,2.425504025,2.869937349
4204,0,2.767133991,3.747303229
4205,0,3.134523708,4.845889884
4206,0,2.593909440,5.856772165
4207,0,3.146602950,4.983952455
4208,0,3.371165104,5.677121146
4209,0,2.410744679,4.950755357
4210,0,2.597257920,4.095048379
4211,0,3.146173924,3.419312257
4212,0,2.321196477,3.213909824
4213,0,2.753645213,3.900082977
4214,0,3.252115528,4.260065408
4215,0,3.685112552,4.147164275
4216,0,3.417968240,4.194787136
4217,0,3.426381634,3.886367720
4218,0,3.345531419,4.282600541
4219,0,3.388865587,4.368104397
4220,0,3.433397818,4.589860361
4221,0,3.417016129,4.200286938
4222,0,2.790880534,4.602399995
4223,0,3.378457436,5.614935478
4224,0,3.380981981,5.999249374
4225,0,3.407693113,5.850487112
4226,0,2.521900213,4.261656095
4227,0,2.750373610,3.341673230
4228,0,2.037507904,1.386497001
4229,0,2.330716888,1.483810435
4230,0,2.369724544,1.710302721
4231,0,1.754133309,1.715794760
4232,0,1.016048571,1.062663423
4233,0,1.618744971,1.423520243
4234,0,2.303213129,2.197549601
4235,0,1.675559378,1.587334394
4236,0,2.356096319,2.486981141
4237,0,2.244795783,3.026813170
4238,0,2.735395138,2.285200976
4239,0,2.835923412,2.715817324
4240,0,2.896895550,3.218589731
4241,0,2.809842352,2.879591071
4242,0,2.768955874,2.067057457
4243,0,2.620790999,1.556547398
4244,0,2.654829412,2.053527783
4245,0,2.672243922,2.088061877
4246,0,2.594445057,1.625942500
4247,0,3.189767117,2.409357975
4248,0,2.950384168,2.823372726
4249,0,2.772696649,3.002152537
4250,0,1.754631065,2.867635264
4251,0,1.464731804,3.022379029
4252,0,1.888362958,4.045338955
4253,0,2.574699497,5.059416455
4254,0,2.733142900,5.804044670
4255,0,2.744784086,5.002990164
4256,0,3.289213236,4.132333687
4257,0,3.272935475,3.567356597
4258,0,3.234916814,3.572439081
4259,0,2.335827177,2.259599622
4260,0,2.246841038,2.287157133
4261,0,3.117177146,2.298945445
4262,0,2.950739005,2.300008171
4263,0,2.692185803,1.954301190
4264,0,2.921456403,2.178678480
4265,0,3.070032102,2.636180121
4266,0,2.937430329,3.134568989
4267,0,3.186241969,3.869328513
4268,0,3.345156519,4.923661808
4269,0,3.471388457,4.196737679
4270,0,3.449330064,3.458504486
4271,0,3.086629307,2.641717503
4272,0,2.630763986,3.316503269
4273,0,3.025014159,3.710152947
4274,0,3.140250014,4.433443783
4275,0,3.205268442,3.462395059
4276,0,2.624003320,4.550867085
4277,0,2.404573300,3.332676803
4278,0,3.524104523,4.356141504
4279,0,3.023874340,5.184420547
4280,0,2.869338388,4.489311036
4281,0,3.237577865,5.744857809
4282,0,3.001790734,6.217496213
4283,0,3.185602441,7.243914541
4284,0,3.729158286,6.159261203
4285,0,3.711984713,5.420961052
4286,0,3.744648132,5.876032527
4287,0,3.652637350,6.741066633
4288,0,3.378437607,5.862665283
4289,0,3.702937501,5.147384697
4290,0,3.395540571,5.575467696
4291,0,3.001389434,6.113951970
4292,0,2.707336877,4.431059344
4293,0,3.164222118,3.204991313
4294,0,3.049692514,2.784580611
4295,0,3.103578079,3.053336935
4296,0,3.237604585,4.068688930
4297,0,2.234307344,2.640466870
4298,0,2.740246833,2.862262724
4299,0,2.922873365,2.908610925
4300,0,2.865508122,3.428998849
4301,0,2.845292015,4.441913004
4302,0,3.071222770,4.479934071
4303,0,2.897605140,3.732394650
4304,0,2.777492599,2.298324171
4305,0,2.900080144,2.135125345
4306,0,2.714409589,2.196292966
4307,0,2.622029657,1.768843380
4308,0,2.628391814,2.550028914
4309,0,3.079585762,2.622621064
4310,0,2.965429410,2.806176874
4311,0,3.300048126,2.991104023
4312,0,2.139454651,1.961874628
4313,0,2.746645938,2.254088639
4314,0,2.748695094,2.887429301
4315,0,2.358223690,2.189004457
4316,0,2.696471385,2.639151437
4317,0,2.767664366,2.086931736
4318,0,2.769364677,2.648727674
4319,0,3.032142503,2.298619049
4320,0,2.817425453,2.472856307
4321,0,3.050621960,2.283009233
4322,0,2.916353407,2.257593133
4323,0,1.923611741,1.792916041
4324,0,2.954308287,2.782476061
4325,0,3.028949997,2.470300356
4326,0,2.945988498,2.134080835
4327,0,2.708537870,1.787875152
4328,0,2.802994889,1.918653544
4329,0,2.764822232,1.739393196
4330,0,2.572304341,2.097333573
4331,0,2.634205415,1.691251512
4332,0,2.075995552,1.796392267
4333,0,2.330276584,1.533177947
4334,0,2.608366075,1.719898064
4335,0,2.694707408,1.905124832
4336,0,2.404458875,1.428446628
4337,0,2.058729993,1.386922171
4338,0,2.634098023,1.990078884
4339,0,1.769308165,1.367414745
4340,0,2.019237210,1.654845152
4341,0,1.242024953,1.271404572
4342,0,1.250559423,0.925818222
4343,0,2.374656387,1.554212138
4344,0,2.504488793,1.963733580
4345,0,2.637626849,1.707877115
4346,0,2.992365424,2.310406835
4347,0,2.040583187,1.830036671
4348,0,1.746340641,1.619537582
4349,0,2.783375885,2.062686921
4350,0,2.868950839,2.031201418
4351,0,2.869616757,2.160365468
4352,0,2.059530676,2.107589437
4353,0,2.777905010,2.205892658
4354,0,2.689705312,2.522988976
4355,0,1.699395449,1.844820074
4356,0,2.725102195,2.121554677
4357,0,2.382443754,1.926783021
4358,0,2.185537330,2.152932492
4359,0,1.529667852,2.255844812
4360,0,2.486138646,2.195619907
4361,0,2.900330690,2.732860851
4362,0,2.429652908,4.188844095
4363,0,-0.000000000,0.000000000
4364,0,1.314320487,1.076923077
4365,0,1.232040702,1.734693878
4366,0,2.328816684,3.040000000
4367,0,1.634487422,0.832635983
4368,0,1.401830230,1.846935894
4369,0,1.972079549,1.446630668
4370,0,2.341301866,2.302104167
4371,0,2.708809361,1.882404458
4372,0,2.876269709,2.719845536
4373,0,3.041275033,3.084115630
4374,0,1.996735906,1.724822089
4375,0,2.431010642,1.838491355
4376,0,2.365920856,2.400658827
4377,0,2.234319292,1.974449208
4378,0,2.288686990,1.339763030
4379,0,2.250495344,1.429864731
4380,0,0.958198192,0.760442665
4381,0,1.756565806,1.778870152
4382,0,1.774881625,1.131306914
4383,0,1.935558798,1.323404255
4384,0,2.412157032,1.623351514
4385,0,2.833435595,1.722829716
4386,0,2.152293629,1.378343448
4387,0,1.954130236,1.437613999
4388,0,0.999976426,1.005716620
4389,0,1.499988213,1.000000000
4390,0,1.863111139,1.574695212
4391,0,1.876121223,1.474815665
4392,0,2.495688348,1.943376286
4393,0,2.891864303,2.587140673
4394,0,2.715632226,1.702865151
4395,0,2.537862701,1.562357624
4396,0,2.529710999,1.509385318
4397,0,1.458448578,1.036450396
4398,0,1.805506608,1.251417681
4399,0,2.426507325,2.146432179
4400,0,2.489233862,1.671225634
4401,0,3.120680207,2.209048862
4402,0,3.097029761,2.755936168
4403,0,3.001392677,2.410948252
4404,0,2.842633373,2.715673750
4405,0,2.896305141,1.973594359
4406,0,2.795501349,2.336758995
4407,0,2.896205070,2.112609957
4408,0,3.205849851,2.557055871
4409,0,3.185572302,2.893767170
4410,0,2.979503416,2.942710114
4411,0,2.309859440,2.615459715
4412,0,3.194295163,3.525499303
4413,0,2.902032442,3.964962260
4414,0,2.383604706,4.047994504
4415,0,2.801148625,4.577063581
4416,0,2.527595433,2.396007245
4417,0,2.437929152,2.148032783
4418,0,2.636763431,2.314976173
4419,0,0.859092751,0.565383674
4420,0,1.937285721,1.726640016
4421,0,1.740961987,1.769161951
4422,0,2.469557276,2.534033201
4423,0,2.756917985,2.700727639
4424,0,2.172190951,1.398216937
4425,0,1.642754567,0.855140801
4426,0,1.204913960,1.209766942
4427,0,1.595448440,0.995748799
4428,0,1.221478878,0.752093229
4429,0,1.948464299,1.491211020
4430,0,2.257436945,1.464733655
4431,0,2.144735690,1.229072225
4432,0,1.683509648,2.190961356
4433,0,1.356729944,1.210854532
4434,0,1.916887090,1.917070887
4435,0,2.391789474,1.786791297
4436,0,2.077900069,1.238094538
4437,0,2.381174195,1.611867098
4438,0,2.236497265,1.275849746
4439,0,2.437601246,1.690554620
4440,0,1.902479858,0.921662757
4441,0,2.243589434,1.551527044
4442,0,2.317241781,1.755973354
4443,0,2.695337534,1.978413197
4444,0,2.382510422,3.368837605
4445,0,2.487889870,3.879037850
4446,0,2.305740448,2.428905801
4447,0,1.721046160,1.407644242
4448,0,2.258008973,2.255869954
4449,0,2.271904402,2.859289304
4450,0,2.309438893,2.071200506
4451,0,2.864547311,2.957831681
4452,0,2.478357285,3.550712637
4453,0,1.178161940,0.982010432
4454,0,1.917992594,1.685609176
4455,0,1.916826379,1.532724767
4456,0,2.380904160,1.729786936
4457,0,1.145940485,0.780310759
4458,0,2.164930883,1.580437539
4459,0,2.156243888,1.699664640
4460,0,1.882023998,1.872807371
4461,0,1.777258769,1.201931634
4462,0,1.499300966,1.451503312
4463,0,2.102999255,2.263152809
4464,0,1.168681788,1.953972048
4465,0,1.779258377,1.427403088
4466,0,2.273775151,1.411380525
4467,0,2.008254698,1.490560122
4468,0,2.166619646,1.527291545
4469,0,2.573607632,1.737256737
4470,0,1.920947290,1.065716038
4471,0,1.689905221,1.235314608
4472,0,2.192404945,1.398466149
4473,0,2.240098096,1.427260126
4474,0,2.515497574,1.375644339
4475,0,2.053554075,1.897005282
4476,0,2.922966558,2.471291785
4477,0,2.658893203,3.131562842
4478,0,3.025702599,2.599006159
4479,0,2.744295701,3.585246815
4480,0,2.910598033,4.302406010
4481,0,2.853455054,5.521464694
4482,0,2.877377257,4.710094088
4483,0,2.867871930,4.294525358
4484,0,2.568894505,5.526989026
4485,0,2.050722757,3.489159871
4486,0,2.665692915,4.511530451
4487,0,2.629146263,5.314881512
4488,0,2.968477973,4.251809764
4489,0,2.941468314,3.799192399
4490,0,2.911024061,4.377378345
4491,0,3.134353841,3.810995231
4492,0,2.907583230,4.308804552
4493,0,3.132601267,3.744830503
4494,0,2.951463357,2.876236420
4495,0,2.650957777,3.157461313
4496,0,2.784857896,2.648128442
4497,0,2.609990349,3.047389944
4498,0,2.703924204,3.993389943
4499,0,2.598175674,2.966130991
4500,0,2.750155422,2.548000689
4501,0,2.640134630,3.462020652
4502,0,2.912881668,4.517398330
4503,0,2.894740213,4.949375365
4504,0,2.901610628,4.185746777
4505,0,2.886204669,4.458125003
4506,0,2.871480252,4.098927016
4507,0,2.886741377,4.271305101
4508,0,2.221934791,4.156539575
4509,0,3.167832369,4.982541425
4510,0,3.221265684,5.704409810
4511,0,3.068431609,4.735115486
4512,0,2.215765972,4.794141257
4513,0,2.928203926,4.722326843
4514,0,3.507404522,5.368068321
4515,0,3.401424589,6.195569061
4516,0,3.190733177,7.302387811
4517,0,3.210657492,6.038977788
4518,0,3.155243308,5.398815062
4519,0,3.291144506,6.469557021
4520,0,3.508840635,5.889107900
4521,0,3.305581173,6.946746476
4522,0,3.153942217,6.529255153
4523,0,2.861807956,3.158837283
4524,0,1.859765550,2.257221875
4525,0,1.387338135,1.273516217
4526,0,2.353086516,2.381161435
4527,0,1.903262820,2.063766936
4528,0,2.033668679,1.171452172
4529,0,2.179124188,1.245087771
4530,0,2.040390229,1.293873404
4531,0,2.146920508,1.875546671
4532,0,2.179141027,1.529967581
4533,0,2.342562355,1.410982262
4534,0,2.189531538,2.099702944
4535,0,2.586694776,1.742422846
4536,0,2.462561714,1.369830705
4537,0,2.527280383,1.482800960
4538,0,2.435929354,1.447900040
4539,0,2.641010368,1.783484173
4540,0,2.333929976,1.752422056
4541,0,2.462369250,2.326555702
4542,0,2.360514773,3.144756900
4543,0,2.908691086,4.091006559
4544,0,2.779145063,3.333527557
4545,0,2.924799984,2.767705581
4546,0,2.521728536,3.170308760
4547,0,2.042779677,3.594333152
4548,0,2.240623243,2.538561899
4549,0,2.288188016,1.914716956
4550,0,2.163465432,1.801264698
4551,0,2.245000414,1.502582944
4552,0,2.589712406,1.678663463
4553,0,2.672514499,2.155154717
4554,0,1.488733659,1.353424202
4555,0,2.063475538,1.212496905
4556,0,2.139403992,1.221294452
4557,0,2.385255166,1.367554639
4558,0,2.250933984,1.995737552
4559,0,2.280051825,2.129648740
4560,0,2.128756375,1.327816320
4561,0,2.237074103,1.278024734
4562,0,2.090652525,2.043918397
4563,0,1.909164556,1.552012047
4564,0,2.499895901,1.897290812
4565,0,2.884330032,2.693809225
4566,0,1.588810354,1.373717598
4567,0,0.877499354,0.593849768
4568,0,1.877462286,1.729233179
4569,0,2.128004658,1.205133803
4570,0,1.920711766,1.543181936
4571,0,2.073332116,1.505336353
4572,0,1.627172127,1.610458463
4573,0,1.563661009,1.775136719
4574,0,0.720472209,0.398546497
4575,0,0.991148094,1.110662680
4576,0,0.890617307,0.615599510
4577,0,1.466646680,0.952971057
4578,0,1.560169722,0.831839918
4579,0,1.557055076,2.166805984
4580,0,1.943997433,1.291549459
4581,0,1.777573317,2.260021802
4582,0,0.904030436,0.639355055
4583,0,1.470482187,1.340048199
4584,0,1.560418326,1.667805588
4585,0,1.528595119,1.115550888
4586,0,1.559403296,0.908849123
4587,0,1.474415747,1.039229380
4588,0,1.932941491,1.986436824
4589,0,1.819231716,1.578127063
4590,0,1.634628292,2.143657521
4591,0,1.924756296,1.367420364
4592,0,1.854611438,1.284011323
4593,0,1.636805643,1.016083175
4594,0,1.820592036,1.332551305
4595,0,0.957679216,1.241025111
4596,0,1.904188906,2.160683407
4597,0,1.737366512,2.044180431
4598,0,1.753439263,1.390328804
4599,0,1.609069614,1.604817757
4600,0,1.571780517,1.781950743
4601,0,1.444143143,2.388365092
4602,0,1.840492968,1.390192197
4603,0,2.239555474,1.241930228
4604,0,1.151047464,1.058749918
4605,0,1.587171272,1.046672223
4606,0,2.489761279,1.727651941
4607,0,2.569464027,1.952477020
4608,0,2.125973916,2.331764324
4609,0,2.090779898,1.197604726
4610,0,1.999566146,1.214636934
4611,0,2.579848973,1.579389561
4612,0,2.395418594,2.123646966
4613,0,2.302551033,1.176872527
4614,0,2.132906189,1.221079225
4615,0,1.910182221,1.304929000
4616,0,2.157716970,1.829849770
4617,0,2.733580920,2.667316000
4618,0,2.494964346,1.364283580
4619,0,1.249128535,0.923215770
4620,0,2.629345842,1.606092854
4621,0,2.493645688,2.019598477
4622,0,2.322539014,1.977420838
4623,0,2.581240490,2.212559831
4624,0,2.399970066,2.434594842
4625,0,2.435570559,1.589677991
4626,0,2.389058576,1.813288095
4627,0,2.559728091,1.607935570
4628,0,2.785393622,2.293954587
4629,0,2.739123600,1.867843967
4630,0,2.511120039,1.941395983
4631,0,2.651241148,1.729243941
4632,0,2.868886835,2.729447367
4633,0,3.169328234,2.171786682
4634,0,2.724284758,2.486366630
4635,0,2.588014739,2.729067116
4636,0,2.451805300,3.780066154
4637,0,3.389195700,4.901579942
4638,0,2.249528566,1.433811731
4639,0,2.726324743,1.483280732
4640,0,3.159672589,2.264987756
4641,0,3.055930989,2.851530737
4642,0,3.811247331,3.051756264
4643,0,3.610206265,2.534695148
4644,0,3.602504007,3.262396070
4645,0,3.235506063,2.746641362
4646,0,3.487761784,3.701962361
4647,0,3.546210360,3.583044011
4648,0,3.620583737,3.196384253
4649,0,3.658330444,3.687285203
4650,0,3.323119568,3.422253897
4651,0,2.878727526,2.840937223
4652,0,3.247512162,3.557257055
4653,0,2.795168097,3.742163804
4654,0,2.697060004,2.488929719
4655,0,2.882560461,2.770470039
4656,0,2.677932157,2.895907327
4657,0,2.937205025,2.442575922
4658,0,2.868196941,2.146497195
4659,0,2.595749459,1.953589188
4660,0,2.732345105,2.261719591
4661,0,3.034062974,2.036641155
4662,0,2.764904077,2.128384581
4663,0,2.682070429,2.595112054
4664,0,2.621722889,2.100495012
4665,0,2.629496889,2.068886260
4666,0,1.843312443,1.891615224
4667,0,2.979731674,2.749329675
4668,0,3.035483877,2.298271634
4669,0,2.959660606,1.942017310
4670,0,2.720274541,2.228195813
4671,0,2.356974088,1.718959321
4672,0,2.858015871,2.361596228
4673,0,2.681428818,2.461303124
4674,0,2.649575257,3.600794798
4675,0,2.538218795,3.260447955
4676,0,2.704220966,2.510649621
4677,0,2.991157560,2.026827864
4678,0,3.262117763,2.330409134
4679,0,3.431086824,2.934095083
4680,0,3.161315419,2.957688208
4681,0,3.249898833,2.814838552
4682,0,2.423252421,2.554403644
4683,0,2.953008573,3.578771578
4684,0,2.754116838,3.552453459
4685,0,2.978105116,4.161716344
4686,0,3.221133160,4.128098333
4687,0,3.047164960,3.580363463
4688,0,2.530653369,1.775491506
4689,0,2.816634289,1.573024966
4690,0,2.689072056,2.367746941
4691,0,2.864970949,2.165627438
4692,0,2.772842017,2.334147306
4693,0,2.477359164,2.395495603
4694,0,2.690512229,2.848196802
4695,0,2.763683454,2.075110419
4696,0,2.784047879,2.890646433
4697,0,3.168419565,3.662728972
4698,0,3.138526310,4.429241371
4699,0,3.344812358,3.736807792
4700,0,3.432498296,3.485342847
4701,0,3.258623716,2.741470849
4702,0,3.181166611,2.576806451
4703,0,3.106421782,2.949608114
4704,0,2.525688417,3.311479006
4705,0,2.614004779,2.518605856
4706,0,2.458552610,2.747007375
4707,0,2.559261806,1.994524574
4708,0,2.602241227,2.468154381
4709,0,3.039605388,3.312917788
4710,0,1.215225574,1.431968908
4711,0,2.610044236,1.590508927
4712,0,2.671935263,1.818573944
4713,0,2.500485036,1.387498140
4714,0,2.756859722,1.927155718
4715,0,2.306326332,1.540998031
4716,0,2.580547604,2.869994760
4717,0,2.435036590,1.871027496
4718,0,2.440099943,1.988161334
4719,0,2.587174406,2.329308280
4720,0,2.549787720,2.082089613
4721,0,2.797384878,1.901471064
4722,0,2.439553900,1.539506332
4723,0,2.475643974,1.624641811
4724,0,2.214229793,1.606054261
4725,0,2.641299684,2.221608318
4726,0,3.075501700,3.081090098
4727,0,2.805683292,2.148090694
4728,0,3.087241116,2.595571012
4729,0,2.758224648,2.088626165
4730,0,3.084709978,3.043858645
4731,0,2.673526348,2.434735775
4732,0,2.404478694,1.683237954
4733,0,2.354050986,2.280374077
4734,0,2.509042614,1.891397775
4735,0,2.916042321,2.670386631
4736,0,2.919191243,2.077838217
4737,0,1.670814315,1.690071306
4738,0,2.589476882,2.571094627
4739,0,2.610450846,2.186244853
4740,0,2.491060752,2.225741211
4741,0,2.532164553,1.939612521
4742,0,1.930447166,1.502495943
4743,0,2.440613034,1.632295409
4744,0,2.209810644,1.452413639
4745,0,2.086988150,1.193636949
4746,0,0.983617556,0.698187240
4747,0,1.737170106,1.235015982
4748,0,1.301112689,0.985435952
4749,0,2.105948678,1.419157553
4750,0,2.062028419,1.886748039
4751,0,2.202930599,1.467118892
4752,0,2.136676467,1.890546424
4753,0,2.236132958,1.486718782
4754,0,2.370390584,1.831265417
4755,0,2.238105784,1.643234722
4756,0,2.131984948,1.409869485
4757,0,2.365118543,2.125524074
4758,0,1.467150336,1.904766820
4759,0,1.462088471,1.387060036
4760,0,2.006594087,2.052837850
4761,0,2.488970242,2.827422529
4762,0,2.459068210,2.080011168
4763,0,2.843587993,3.044629557
4764,0,2.462221442,2.399483349
4765,0,2.726278101,1.998247409
4766,0,2.672132315,2.858334466
4767,0,2.127736370,2.842231044
4768,0,1.897685179,1.607553138
4769,0,2.486771380,2.108039571
4770,0,2.365337316,2.286931027
4771,0,2.654088015,2.079170822
4772,0,2.752972286,2.065445860
4773,0,2.935798699,1.869741529
4774,0,2.885767735,2.351502701
4775,0,2.815948348,3.121166884
4776,0,2.698940203,3.792752002
4777,0,2.126632552,2.517516624
4778,0,3.105541138,3.359471456
4779,0,2.222360453,3.085514404
4780,0,2.995431908,4.059020372
4781,0,2.074669394,2.535513958
4782,0,2.683992702,2.384833933
4783,0,2.730044233,2.438994448
4784,0,3.136471708,3.222975722
4785,0,3.150754149,4.091515934
4786,0,2.825090476,5.294818025
4787,0,3.109181301,3.650984111
4788,0,2.957068461,2.668552677
4789,0,2.712380261,1.877283573
4790,0,2.973890012,2.515780916
4791,0,2.853525252,2.778248639
4792,0,2.987048202,3.587426266
4793,0,2.928071384,3.000646164
4794,0,1.659177114,1.526132009
4795,0,2.555396626,2.549656308
4796,0,3.094488237,3.490460456
4797,0,3.001487549,3.124201532
4798,0,2.495354114,2.669223752
4799,0,2.585737617,3.215860837
4800,0,3.221201154,4.142179922
4801,0,3.163216011,4.291082030
4802,0,2.992631086,3.239643612
4803,0,3.132056118,2.122959921
4804,0,3.098596855,2.255326507
4805,0,2.891541478,3.109691242
4806,0,2.912632463,4.080065778
4807,0,2.829034041,4.538055617
4808,0,2.926683984,5.184646995
4809,0,3.149546737,4.497573020
4810,0,2.917152652,4.944884053
4811,0,2.505516432,6.516430618
4812,0,2.560719841,7.820662200
4813,0,2.896879254,7.862713951
4814,0,3.087897684,7.160162498
4815,0,3.254343495,6.565038285
4816,0,2.198456698,7.516576515
4817,0,2.873256945,9.143712638
4818,0,3.072539270,9.456470768
4819,0,2.678434570,12.588822825
4820,0,2.657492514,12.028220279
4821,0,2.604045125,12.332477620
4822,0,3.487477772,9.506717061
4823,0,3.382720344,8.601544047
4824,0,3.621791944,7.961701585
4825,0,2.052261319,8.172304401
4826,0,2.401347562,6.735257937
4827,0,2.650885440,2.827511387
4828,0,3.044737740,3.796282307
4829,0,3.020460943,2.625573587
4830,0,2.866644419,2.470077794
4831,0,2.168691086,2.157840674
4832,0,3.161574850,2.825962576
4833,0,3.376358137,2.754879453
4834,0,2.871101019,2.119111163
4835,0,3.028159753,2.423022390
4836,0,3.209162673,2.555837013
4837,0,3.296664974,2.728636996
4838,0,3.310970724,3.169569847
4839,0,3.728764352,3.109862082
4840,0,3.178422482,2.980642234
4841,0,3.317907386,4.234902138
4842,0,3.366204499,5.307248776
4843,0,2.723371070,3.196241170
4844,0,2.264195360,2.565100546
4845,0,2.659335751,1.887882041
4846,0,2.881086755,1.707265734
4847,0,2.817264967,1.944728371
4848,0,2.531525727,1.347575632
4849,0,2.682157874,1.758893847
4850,0,2.230911856,1.589591068
4851,0,1.839966518,0.915258176
4852,0,1.962373600,1.334870312
4853,0,1.329325222,1.340827549
4854,0,1.691608485,2.177957936
4855,0,2.251652418,3.093825516
4856,0,3.138778229,2.446660731
4857,0,2.729622388,1.978514831
4858,0,2.870201239,2.802682466
4859,0,3.316710315,3.645995300
4860,0,3.102729606,4.604973209
4861,0,3.290729723,5.541072714
4862,0,3.226291230,6.331261997
4863,0,3.182842666,5.457131154
4864,0,1.958866219,3.446661757
4865,0,2.517275830,4.699522200
4866,0,1.752742928,2.480352142
4867,0,2.374077739,3.510457977
4868,0,2.527840007,2.953393905
4869,0,2.580051251,3.610745362
4870,0,2.580761197,2.950935020
4871,0,2.038375588,2.506141577
4872,0,1.960357411,3.054793740
4873,0,2.934715702,2.564234796
4874,0,2.726897305,2.068670696
4875,0,1.940279974,1.665435654
4876,0,2.918225013,2.304734161
4877,0,2.633429513,2.734783383
4878,0,2.581766250,4.111178891
4879,0,1.910714873,2.064228271
4880,0,2.494072950,3.006563007
4881,0,2.573696478,2.565487397
4882,0,2.561070938,2.199222411
4883,0,2.850453528,2.051484872
4884,0,2.601234977,1.740462336
4885,0,2.578767604,2.165959940
4886,0,2.586061782,1.544776150
4887,0,2.434825792,1.428256924
4888,0,2.707597885,1.910881651
4889,0,3.176653716,2.396156714
4890,0,3.555826804,2.431829360
4891,0,3.382803607,3.129645959
4892,0,3.384605735,3.162917321
4893,0,3.187645093,2.920730324
4894,0,3.305452973,2.842366903
4895,0,3.602500214,2.978439537
4896,0,3.430516741,3.263614309
4897,0,3.125506095,3.294071385
4898,0,3.294839929,2.683876877
4899,0,3.079657739,2.412355021
4900,0,2.788099038,2.602299133
4901,0,2.692283279,2.546494194
4902,0,2.629204396,1.578045986
4903,0,3.102552985,1.791102322
4904,0,2.839406637,2.229187520
4905,0,2.742018047,1.757654904
4906,0,2.671442126,1.778060908
4907,0,2.969170676,1.788480596
4908,0,2.980744105,2.747088877
4909,0,2.923244737,3.310770547
4910,0,2.674826702,2.105474882
4911,0,2.967166739,1.956788607
4912,0,2.650692240,2.207476727
4913,0,3.100431951,2.931726975
4914,0,2.856904677,2.379596239
4915,0,3.153680342,2.123494849
4916,0,3.108877786,2.683662064
4917,0,2.961711542,2.378339498
4918,0,3.218744200,2.919880893
4919,0,3.468481913,2.845165173
4920,0,3.130759386,2.395971916
4921,0,3.221857999,2.441559108
4922,0,2.812046544,2.326009614
4923,0,3.168747242,2.554425341
4924,0,3.076825370,1.825604364
4925,0,3.033846653,1.932312428
4926,0,2.998454915,2.315081670
4927,0,2.260718168,0.973215606
4928,0,3.016925507,2.075339859
4929,0,3.081347461,2.348992970
4930,0,2.037324244,0.829410995
4931,0,1.860668298,1.919062490
4932,0,2.334835633,1.513478484
4933,0,3.103004506,1.913033598
4934,0,3.141781471,2.013090773
4935,0,2.864444081,1.798702227
4936,0,3.170912762,2.487415576
4937,0,2.870446081,2.456647736
4938,0,3.160816107,2.542770112
4939,0,2.997448845,1.858602487
4940,0,2.847489341,1.982963306
4941,0,3.080274917,2.310693209
4942,0,3.188055645,2.629423025
4943,0,3.413623456,2.880625168
4944,0,2.986570941,2.294939760
4945,0,3.408203935,2.432024335
4946,0,3.192071830,2.288801906
4947,0,2.992280952,2.234698905
4948,0,2.150776956,2.332740727
4949,0,2.559691413,1.783867947
4950,0,2.461914412,1.330881403
4951,0,2.452424276,1.810969725
4952,0,2.154278518,1.176263535
4953,0,2.439076016,1.392286594
4954,0,2.366783964,1.610426984
4955,0,2.055244670,1.750208232
4956,0,2.160408500,1.314612212
4957,0,2.710130691,1.838704779
4958,0,2.663557467,2.019006849
4959,0,2.404892427,1.773813970
4960,0,2.307334472,2.029207395
4961,0,2.135011050,1.419334814
4962,0,2.564179016,2.422520447
4963,0,2.258815524,1.662348843
4964,0,2.662290934,1.746288101
4965,0,2.831713613,2.121811267
4966,0,2.486488384,1.723837249
4967,0,1.910315093,1.128272320
4968,0,2.512712675,1.480470270
4969,0,2.366285766,2.000664985
4970,0,2.465623450,2.676628241
4971,0,2.880943281,2.245771092
4972,0,2.847921505,2.186899955
4973,0,2.713507700,1.941428954
4974,0,2.562428636,2.339774803
4975,0,2.721815264,2.418707573
4976,0,3.062876722,2.044613265
4977,0,3.067109962,2.494010225
4978,0,3.038009378,2.470520117
4979,0,3.391323534,2.361218942
4980,0,3.460610894,2.642485692
4981,0,3.226351583,2.938921978
4982,0,3.235288186,3.994477476
4983,0,3.485466087,3.549809747
4984,0,2.383001334,3.051407618
4985,0,2.909563867,2.574393355
4986,0,2.468327264,2.115091201
4987,0,2.582768077,1.768549895
4988,0,2.180983467,1.822892293
4989,0,2.889034636,2.372250185
4990,0,3.049715074,3.152082897
4991,0,3.164013547,3.592065380
4992,0,2.416552293,4.205709385
4993,0,2.499447089,3.557792743
4994,0,3.496865731,4.473483077
4995,0,3.282639988,3.755668462
4996,0,3.243787890,3.329047411
4997,0,3.019303697,3.000806206
4998,0,2.892686373,2.523327567
4999,0,2.871471041,2.499413190
5000,0,3.146775228,2.741367269
5001,0,3.108315670,2.569615314
5002,0,3.279021516,2.703729531
5003,0,3.461252932,3.010980929
5004,0,2.190710095,2.964372533
5005,0,3.339861358,4.082520712
5006,0,2.989778728,2.931604561
5007,0,2.572131996,1.813985141
5008,0,2.889096399,1.767203415
5009,0,2.666668537,1.925459882
5010,0,2.760450704,2.424349970
5011,0,2.666341329,2.779815845
5012,0,2.090248917,2.671718001
5013,0,2.512779184,2.508371072
5014,0,2.508543459,1.989366453
5015,0,0.029186310,0.011867498
5016,0,1.078616670,1.013252638
5017,0,1.796950742,1.085487721
5018,0,2.312714626,1.632106948
5019,0,1.884400118,1.481952348
5020,0,2.566043500,2.028267675
5021,0,2.729376563,1.801112913
5022,0,3.037574332,2.390318943
5023,0,3.386049127,2.641576200
5024,0,2.540934598,2.943139864
5025,0,2.960276862,2.590357729
5026,0,2.912464681,2.128744303
5027,0,3.218467339,2.580608618
5028,0,2.739516234,1.823545979
5029,0,2.831874080,2.354307640
5030,0,1.873324315,1.612174222
5031,0,2.826172895,1.941508033
5032,0,2.578992118,2.010967867
5033,0,2.594442260,2.727347579
5034,0,2.726785999,3.497031024
5035,0,3.097520623,4.297135273
5036,0,3.134815698,3.309881935
5037,0,3.156380434,3.529373920
5038,0,3.494204725,2.990369931
5039,0,3.385923345,2.501053466
5040,0,3.228198175,3.222599744
5041,0,3.046858799,2.839368261
5042,0,3.248101230,2.704263950
5043,0,3.163002385,3.338947215
5044,0,2.923781453,2.654900348
5045,0,2.822505286,2.964115608
5046,0,2.634238380,2.353864047
5047,0,3.169206159,2.883155554
5048,0,3.128453440,3.122006958
5049,0,3.118019802,2.204030940
5050,0,3.088445209,2.582629256
5051,0,2.630781201,1.478277145
5052,0,2.970670437,1.879458099
5053,0,2.367198643,1.843090913
5054,0,2.940536842,2.835281882
5055,0,2.745387052,3.064682784
5056,0,2.794395319,2.183159441
5057,0,2.249405799,1.894876017
5058,0,3.166049855,2.845131869
5059,0,3.301425470,2.708789739
5060,0,3.261066080,2.751260238
5061,0,3.328358588,3.167089377
5062,0,3.098580359,2.630587559
5063,0,1.766848921,1.749882134
5064,0,2.240838550,1.448993002
5065,0,3.058892092,1.977401709
5066,0,2.806946487,2.197099773
5067,0,3.071074617,1.983792034
5068,0,3.223926456,2.714089558
5069,0,1.918323616,2.235689062
5070,0,2.896515238,2.046166212
5071,0,3.058698679,2.184995264
5072,0,2.961158083,2.234588717
5073,0,3.303908936,2.352113078
5074,0,1.556521212,1.681197357
5075,0,2.528107499,2.734331131
5076,0,2.222875907,1.910450253
5077,0,0.996529847,0.930668942
5078,0,1.498264923,1.930668942
5079,0,2.482315021,1.726889647
5080,0,1.958262005,1.285714286
5081,0,1.670806387,1.179353227
5082,0,1.934227071,1.374926723
5083,0,2.322065531,1.516558704
5084,0,2.549013713,2.230060659
5085,0,2.482206047,3.015823736
5086,0,2.703616681,3.995133623
5087,0,2.448104621,4.993598945
5088,0,3.018838685,5.813784900
5089,0,3.395413627,4.848309444
5090,0,3.182713521,4.128699025
5091,0,3.490277985,3.344937686
5092,0,2.942107990,3.944174380
5093,0,2.484353099,2.971553830
5094,0,2.750135662,2.514197472
5095,0,2.369150256,1.889040396
5096,0,2.257286836,2.494597654
5097,0,2.948007822,2.405778885
5098,0,3.095403540,2.745588872
5099,0,3.183075437,3.363388060
5100,0,3.241879081,3.167958762
5101,0,3.632234969,2.964114437
5102,0,3.520515860,3.319775845
5103,0,3.777137543,3.848290883
5104,0,3.616377859,3.223399857
5105,0,3.415399523,3.255824794
5106,0,3.360069995,3.734326252
5107,0,3.385951789,4.141173938
5108,0,3.422854805,4.292335101
5109,0,3.489958808,4.047765401
5110,0,3.731806932,4.844750748
5111,0,3.363359241,4.201853655
5112,0,3.593867415,5.072741368
5113,0,3.438746691,4.143334911
5114,0,3.025650629,2.137664871
5115,0,3.058183613,2.182092350
5116,0,3.310564661,2.762065392
5117,0,3.217344169,3.003889641
5118,0,3.317517500,2.622880956
5119,0,3.078353921,2.215018303
5120,0,2.903482885,2.419441106
5121,0,3.559782338,2.691092409
5122,0,3.217845811,2.716143469
5123,0,3.289544759,2.772928874
5124,0,3.256467411,2.651379788
5125,0,2.945079068,2.556645326
5126,0,3.227505597,2.834621407
5127,0,3.357796120,3.113372693
5128,0,3.152687981,2.789462879
5129,0,3.301938514,2.747900120
5130,0,3.301199646,2.974348288
5131,0,3.052681255,2.832528033
5132,0,2.619146059,2.454341539
5133,0,2.994740472,3.019861216
5134,0,3.495409135,2.915514176
5135,0,2.843083588,3.023720585
5136,0,3.323065806,3.078683600
5137,0,3.519174368,3.496526562
5138,0,3.139956836,4.299057686
5139,0,3.438376372,5.529144250
5140,0,3.280583096,6.559429432
5141,0,3.669908847,7.683134861
5142,0,3.647377807,7.311905790
5143,0,3.624641223,8.218925346
5144,0,3.783769133,7.414021378
5145,0,3.884034415,8.453755328
5146,0,3.613912268,9.053919854
5147,0,2.869198607,8.774266245
5148,0,3.330988480,7.836471856
5149,0,3.216877448,6.743613584
5150,0,3.303740759,5.540953415
5151,0,2.787602667,4.474023768
5152,0,2.736289504,3.840026311
5153,0,2.731159586,3.460672599
5154,0,3.207484245,3.705160566
5155,0,3.499656845,4.375241679
5156,0,3.109715488,3.288837096
5157,0,3.187450398,4.050285261
5158,0,2.820953069,3.569730446
5159,0,3.325265199,3.175084492
5160,0,3.630457198,3.751625794
5161,0,3.514976820,4.440367750
5162,0,2.791883014,4.352732538
5163,0,3.315021392,3.788167949
5164,0,2.851962693,3.333673087
5165,0,3.564039253,3.247632700
5166,0,2.765888439,2.471624916
5167,0,2.583980745,2.835949758
5168,0,2.782570403,2.781041003
5169,0,3.513987394,3.042549288
5170,0,3.441212054,3.233976634
5171,0,3.042972360,3.837436991
5172,0,2.988802957,3.153045911
5173,0,0.998927714,2.077100849
5174,0,1.998927714,3.077100849
5175,0,2.106230236,3.848184283
5176,0,1.676851755,2.233507261
5177,0,2.237747385,2.509566395
5178,0,2.597311254,3.036623927
5179,0,2.831271926,3.830107353
5180,0,2.538218748,3.643139883
5181,0,1.837355090,3.106194061
5182,0,2.261374906,2.720306811
5183,0,2.544069521,3.480515184
5184,0,2.614909359,3.179391320
5185,0,3.228753666,3.754645360
5186,0,2.874644319,4.638164143
5187,0,2.923339754,2.910534393
5188,0,3.028033994,2.560252721
5189,0,3.014818081,2.599079524
5190,0,3.106543569,2.376411011
5191,0,2.841452754,2.365464853
5192,0,2.375856761,2.253000821
5193,0,2.324801399,1.438143340
5194,0,2.262419747,1.516192447
5195,0,2.478654751,2.318278655
5196,0,2.714775227,2.454040797
5197,0,1.384294934,1.299040790
5198,0,1.970984846,2.191579486
5199,0,2.490419818,1.936137638
5200,0,2.622889803,1.774719192
5201,0,2.525453778,1.954115607
5202,0,2.236118419,2.177368194
5203,0,2.802477485,3.069746822
5204,0,2.563290386,2.441652485
5205,0,3.005456336,2.355418839
5206,0,3.270987579,2.657386004
5207,0,3.309381783,3.873239576
5208,0,3.270226038,4.622031739
5209,0,3.191705297,5.329938656
5210,0,3.280398915,6.578847222
5211,0,3.478555539,5.948829347
5212,0,3.456005377,5.838533285
5213,0,3.406519428,4.005586699
5214,0,3.435225208,3.729791489
5215,0,3.116864195,3.037959710
5216,0,2.852520462,3.125120433
5217,0,3.025964069,2.407881804
5218,0,2.756840269,2.263315751
5219,0,3.375547443,2.932025829
5220,0,3.265663448,2.427106061
5221,0,3.173477908,2.526038992
5222,0,2.266500525,2.248980396
5223,0,2.379918703,2.911664746
5224,0,3.038755437,2.770040134
5225,0,3.018557108,3.049780723
5226,0,3.008229620,3.760945736
5227,0,2.397717384,1.549445807
5228,0,2.406942694,2.057464648
5229,0,2.724737711,2.811341671
5230,0,2.120741180,2.157767513
5231,0,2.902635506,2.982694635
5232,0,3.144232512,3.596007163
5233,0,2.996335361,2.969758153
5234,0,3.163511442,2.544546054
5235,0,3.317085947,2.385692297
5236,0,3.576077361,2.196391427
5237,0,3.059633788,2.093910650
5238,0,3.283262875,2.662887142
5239,0,3.250240590,2.358249802
5240,0,3.163725662,2.334100907
5241,0,3.221266068,2.810945654
5242,0,2.545417351,2.559580887
5243,0,2.783086176,2.631411715
5244,0,3.290763500,2.804856097
5245,0,3.171899069,2.665755719
5246,0,3.076153634,2.273296252
5247,0,2.571975704,2.436064674
5248,0,2.891624540,2.237090842
5249,0,3.168211431,2.514443979
5250,0,3.275996381,3.074755393
5251,0,3.215098159,2.356427008
5252,0,3.323734369,2.279697669
5253,0,3.149612165,2.615632084
5254,0,3.012903252,3.204653080
5255,0,3.154017070,2.625778054
5256,0,2.918891110,1.973737676
5257,0,2.985538834,2.569992955
5258,0,2.886618987,2.029858297
5259,0,2.794476003,2.239695724
5260,0,2.858886432,2.017858647
5261,0,3.162551110,2.495950936
5262,0,2.836244872,2.417555753
5263,0,2.998465384,3.274406091
5264,0,3.285471324,3.681572695
5265,0,2.306787076,3.783245445
5266,0,3.283710236,3.241779362
5267,0,3.388126015,2.731123600
5268,0,3.122504077,2.555423815
5269,0,2.806629638,2.597045670
5270,0,2.247047364,3.262515319
5271,0,3.368492798,4.344417167
5272,0,3.160453662,3.521760550
5273,0,2.829540143,4.438816001
5274,0,3.192772242,3.734001059
5275,0,2.896950232,4.217302003
5276,0,2.670067773,3.256828511
5277,0,3.282523216,3.287539587
5278,0,3.048808058,3.183710879
5279,0,3.168164393,3.603843849
5280,0,2.963222574,2.880553446
5281,0,2.951319700,3.493624530
5282,0,2.942229483,4.063054230
5283,0,2.864110062,2.812159133
5284,0,2.825028086,2.189076867
5285,0,2.972130465,2.407698458
5286,0,2.488369473,1.451916005
5287,0,2.632798199,2.321708339
5288,0,3.096450973,1.960343024
5289,0,2.657599208,1.567860995
5290,0,2.684024517,1.572621025
5291,0,2.462657885,1.685409761
5292,0,2.390956863,1.421289178
5293,0,2.505461861,1.777047258
5294,0,2.554772236,1.649315016
5295,0,3.039606112,2.311025908
5296,0,2.994902242,1.881916106
5297,0,2.879286757,1.847915173
5298,0,2.517619427,2.037543561
5299,0,2.527801208,2.004870350
5300,0,2.469017971,1.964452192
5301,0,2.787090466,2.362950770
5302,0,2.579051037,2.834857700
5303,0,2.246281736,2.159324209
5304,0,2.878436110,3.193033925
5305,0,2.721037951,2.530258297
5306,0,2.784380406,3.112826664
5307,0,2.608693213,1.270052797
5308,0,2.519104046,1.475242959
5309,0,2.257298815,1.331505897
5310,0,2.351110639,1.486895910
5311,0,2.681805135,1.826499831
5312,0,2.739167715,2.425411345
5313,0,2.669433523,1.613659936
5314,0,2.805753256,2.480517499
5315,0,2.757320408,2.924342826
5316,0,1.870187161,2.871234312
5317,0,2.807577877,2.333867935
5318,0,1.513612492,1.258752035
5319,0,-0.000000000,0.000000000
5320,0,1.584962501,1.333333333
5321,0,2.670045679,1.855421687
5322,0,3.273949923,2.985576923
5323,0,3.868983027,3.576748812
5324,0,3.763379090,4.724577714
5325,0,3.052832419,2.501954750
5326,0,3.237528154,2.432645451
5327,0,2.522148809,1.725417035
5328,0,2.827873600,2.349905237
5329,0,-0.000000000,0.000000000
5330,0,1.584962501,1.333333333
5331,0,2.050593648,1.083969466
5332,0,2.491216548,1.648501362
5333,0,2.222701832,1.061026487
5334,0,2.291304731,1.407789898
5335,0,1.842626016,1.422748388
5336,0,2.442821272,2.300061706
5337,0,2.650260403,1.651848160
5338,0,2.879559942,2.699182564
5339,0,2.333212702,1.921044517
5340,0,2.792103898,3.087336145
5341,0,2.738790899,2.838179413
5342,0,2.043143923,0.966512552
5343,0,2.662140447,2.037651724
5344,0,2.212563506,2.357241697
5345,0,3.147392155,2.993281136
5346,0,3.210855971,3.888995144
5347,0,3.400958201,4.643701389
5348,0,3.291168984,4.927057764
5349,0,1.610912702,1.427307405
5350,0,2.055279124,2.818816805
5351,0,2.413316604,1.942956642
5352,0,2.425833657,1.542474777
5353,0,1.829670042,1.468249148
5354,0,2.189301582,1.601217387
5355,0,2.139225848,1.291860807
5356,0,2.261624140,2.102696975
5357,0,2.638682397,2.020987231
5358,0,2.314727927,2.024282913
5359,0,2.404618191,2.756095766
5360,0,2.664385260,2.159853378
5361,0,2.831474415,1.971369769
5362,0,2.728983949,2.323605678
5363,0,2.841667398,2.706411534
5364,0,2.804758787,3.571703822
5365,0,2.868050932,2.654581055
5366,0,2.816043664,3.516249782
5367,0,2.619323123,3.934409381
5368,0,2.496015347,2.661534655
5369,0,2.369787372,2.826903944
5370,0,2.625753511,1.869557293
5371,0,2.556900435,1.901900799
5372,0,2.677743704,2.443898462
5373,0,3.135845947,2.198413123
5374,0,2.202916636,2.880244511
5375,0,2.679842200,2.118443375
5376,0,3.021698238,2.792561024
5377,0,2.924475373,3.671185827
5378,0,2.859280118,3.609913036
5379,0,2.929563828,2.355175481
5380,0,2.603987722,2.511756688
5381,0,2.839731387,3.308458793
5382,0,3.163392586,4.304466760
5383,0,3.071181856,4.753307932
5384,0,3.236242848,3.806006903
5385,0,3.107914958,3.241216145
5386,0,3.305242535,2.616708659
5387,0,3.229673917,3.500821286
5388,0,3.286700642,2.589921933
5389,0,3.594225391,2.817335275
5390,0,3.324482011,2.469865688
5391,0,2.781151104,3.329893791
5392,0,2.793342026,1.996849817
5393,0,2.466414483,1.556442175
5394,0,2.781066386,2.014893839
5395,0,2.950922794,2.715267638
5396,0,3.055108903,3.583933953
5397,0,3.484492722,3.242328680
5398,0,3.428721188,4.113974680
5399,0,3.338710950,3.475974263
5400,0,3.198384312,2.799695586
5401,0,3.620364460,3.380328873
5402,0,3.526977592,4.085936647
5403,0,3.308400344,4.386523176
5404,0,3.264484700,3.772167567
5405,0,3.235467468,3.115923682
5406,0,3.498320013,3.684389838
5407,0,1.964544727,2.242753778
5408,0,2.942475467,2.924352381
5409,0,2.658425802,2.143130108
5410,0,1.735294035,2.220037857
5411,0,0.994263208,1.089119781
5412,0,1.773211198,1.846153846
5413,0,1.780545719,1.180286583
5414,0,1.937308212,1.323404255
5415,0,1.565188164,1.139022418
5416,0,1.961073117,1.122647121
5417,0,0.999992731,1.003174400
5418,0,1.775855593,1.076923077
5419,0,1.863117661,1.573242514
5420,0,2.321065187,2.144629676
5421,0,2.432674809,3.015427942
5422,0,2.772425577,2.509502828
5423,0,2.999354135,3.578507864
5424,0,3.426044854,4.212902890
5425,0,1.994406003,3.002146492
5426,0,2.958432090,2.593244710
5427,0,0.999999774,1.000560278
5428,0,1.186278096,1.750000000
5429,0,1.206439387,1.035542119
5430,0,-0.000000000,0.000000000
5431,0,1.000000000,1.000000000
5432,0,1.775858948,2.000000000
5433,0,1.863120569,3.000000000
5434,0,1.573051621,2.000000000
5435,0,2.523668635,1.802631579
5436,0,2.213550643,2.082286056
5437,0,2.348841331,1.733739837
5438,0,2.723271443,2.437561684
5439,0,2.829386809,2.029677606
5440,0,2.849935236,2.538345148
5441,0,2.742217485,3.369968487
5442,0,2.264230764,4.130736798
5443,0,2.838929803,3.116633548
5444,0,3.161263623,3.872187192
5445,0,3.031404735,3.073364711
5446,0,2.852611404,2.014757697
5447,0,3.017468516,2.637951598
5448,0,2.305259761,2.661397906
5449,0,1.416313613,1.267710174
5450,0,2.688263788,2.230103140
5451,0,2.236389158,1.693076800
5452,0,2.871127136,3.228879443
5453,0,2.820052761,3.705478039
5454,0,0.715323917,1.677753954
5455,0,-0.000000000,0.000000000
5456,0,2.000000000,1.500000000
5457,0,2.542913058,2.212121212
5458,0,2.773995569,2.888355342
5459,0,2.655049010,2.468712753
5460,0,2.867027845,2.984615800
5461,0,2.713622393,2.280926963
5462,0,2.503402410,1.861549765
5463,0,1.575908402,1.234584406
5464,0,1.539669680,1.322769983
5465,0,1.482570602,0.736583022
5466,0,-0.000000000,0.000000000
5467,0,1.000000000,1.000000000
5468,0,1.685815709,0.909090909
5469,0,1.992786007,2.043478261
5470,0,2.549094781,3.269969666
5471,0,2.524419740,3.515045342
5472,0,2.017036883,1.296079887
5473,0,2.635791922,1.427408508
5474,0,2.977444998,2.718253260
5475,0,2.910485053,1.872943766
5476,0,2.665139617,2.535641608
5477,0,2.364283000,3.083950977
5478,0,2.257389680,2.372741978
5479,0,2.766913850,3.347278730
5480,0,2.493763145,2.209085698
5481,0,2.667249080,1.808951132
5482,0,2.614639069,1.797223259
5483,0,2.880745778,2.261687912
5484,0,2.794751892,3.282528789
5485,0,2.664525323,2.382483551
5486,0,2.880593295,2.241483455
5487,0,3.007966413,1.974343350
5488,0,3.006996348,2.647433361
5489,0,3.533850984,2.853820037
5490,0,3.559283353,3.634054292
5491,0,1.845679107,1.507894624
5492,0,2.778462586,1.729504382
5493,0,2.684182032,1.624273966
5494,0,2.781748119,2.505903551
5495,0,2.957031657,2.595841144
5496,0,2.870919322,3.052684528
5497,0,3.089185472,3.684238594
5498,0,3.306933884,2.863929053
5499,0,3.121466783,3.139356762
5500,0,3.144550788,2.405175089
5501,0,2.818793515,1.924386708
5502,0,2.788173330,1.772037909
5503,0,2.052006048,1.776630694
5504,0,2.180863341,1.930327698
5505,0,2.257792865,1.689459622
5506,0,2.765514860,2.248559465
5507,0,2.535920420,1.647070516
5508,0,2.463754349,2.267040500
5509,0,2.191282868,1.409623825
5510,0,1.967680096,1.334058905
5511,0,1.481594663,1.182085451
5512,0,0.986279968,1.137693981
5513,0,1.913722490,1.333333333
5514,0,1.830225553,1.276067081
5515,0,1.839770387,1.773346405
5516,0,1.947723870,1.351059576
5517,0,2.204170500,1.334720884
5518,0,2.388909639,1.427457912
5519,0,2.574832909,1.521890860
5520,0,2.717285828,1.805223149
5521,0,2.288972861,1.456560635
5522,0,2.777180284,2.017992974
5523,0,1.693509033,1.239863398
5524,0,2.094245851,2.524425260
5525,0,2.780258600,3.370363897
5526,0,1.000000000,1.000000000
5527,0,0.734529921,2.000000000
5528,0,2.005130990,2.315789474
5529,0,1.324267403,2.156499521
5530,0,0.999773447,1.964556962
5531,0,1.979393285,2.894117647
5532,0,2.927127030,2.956739930
5533,0,1.547594866,2.230883666
5534,0,2.989873950,2.874814043
5535,0,2.594876651,2.926099453
5536,0,2.268595405,2.555130308
5537,0,2.883500492,2.249299551
5538,0,2.215059550,2.665038004
5539,0,2.903434584,2.542155465
5540,0,2.141781108,2.578099599
5541,0,2.553411372,3.254457828
5542,0,2.197041318,2.659493854
5543,0,2.439300795,3.269630600
5544,0,1.828696039,4.102277624
5545,0,2.282410026,3.648203948
5546,0,1.610077647,4.771614620
5547,0,2.153557167,5.505323707
5548,0,2.449023090,2.694037674
5549,0,2.428907788,2.739627450
5550,0,2.034822701,3.937265267
5551,0,2.493049698,1.875749649
5552,0,2.238944495,2.374619584
5553,0,2.192687710,2.185179081
5554,0,2.190268928,1.541063977
5555,0,2.540404489,1.801624683
5556,0,2.586079540,1.705130205
5557,0,2.293548963,1.496224301
5558,0,2.546621837,1.358256633
5559,0,2.595553174,1.929529525
5560,0,2.741298019,2.681626366
5561,0,2.155205588,1.402616272
5562,0,2.231580084,1.318965867
5563,0,1.895267774,0.733276384
5564,0,2.640988963,1.555326165
5565,0,2.657033511,1.846579581
5566,0,2.676116993,1.600278871
5567,0,2.642062626,2.222767835
5568,0,2.456100391,2.312865316
5569,0,2.730766765,2.478906588
5570,0,2.506673795,1.978108932
5571,0,2.165466927,1.517594448
5572,0,3.005780151,2.430137793
5573,0,3.585940453,2.843476767
5574,0,3.222326836,4.087093589
5575,0,1.885145665,1.997619664
5576,0,2.531267922,1.794731320
5577,0,1.801193131,2.302243991
5578,0,2.471855510,2.412247068
5579,0,2.714587972,2.739158009
5580,0,1.929075823,2.020620217
5581,0,2.418966517,2.424372363
5582,0,2.591378226,1.737480962
5583,0,2.675756256,1.903233963
5584,0,2.383579446,2.088709507
5585,0,2.275489312,1.497356625
5586,0,2.490382094,1.523546966
5587,0,1.793000902,1.564010929
5588,0,2.015438997,1.163391854
5589,0,1.891366645,1.352158436
5590,0,2.236531496,1.908582177
5591,0,1.641952919,1.016368899
5592,0,1.842649212,0.899678207
5593,0,1.954238698,1.178870035
5594,0,1.995605156,1.511249080
5595,0,1.646011045,2.277564560
5596,0,1.867795351,2.658287850
5597,0,2.779432718,3.775209179
5598,0,2.879977753,2.796703805
5599,0,2.111578338,2.190152277
5600,0,2.519297295,1.933557907
5601,0,2.537693277,2.320093164
5602,0,2.871894469,3.112176650
5603,0,2.684301372,1.769599776
5604,0,2.899644749,2.408068072
5605,0,2.448364289,1.540746624
5606,0,2.201915954,1.644902690
5607,0,2.380982373,1.403567384
5608,0,2.598520115,1.861344300
5609,0,2.505290121,2.603760301
5610,0,2.538762804,3.961409624
5611,0,2.285773591,1.801914383
5612,0,2.453343782,1.579416285
5613,0,2.350236605,2.113732509
5614,0,2.660750059,1.708470639
5615,0,2.640555560,2.585967756
5616,0,1.423676132,1.294378160
5617,0,2.008462798,2.525711069
5618,0,2.448373820,1.900380599
5619,0,2.688980568,1.565674970
5620,0,3.070966493,2.246096766
5621,0,2.399944891,2.124206981
5622,0,3.049280172,2.181313629
5623,0,3.108583248,2.084405420
5624,0,2.736068472,1.560276750
5625,0,2.784387318,1.854453130
5626,0,3.196398491,2.490626948
5627,0,3.014340958,3.395494889
5628,0,2.668531906,1.779245152
5629,0,2.530628040,2.560444192
5630,0,2.391229932,1.644668652
5631,0,2.466238657,2.249418401
5632,0,2.477452192,1.666171870
5633,0,2.735154120,2.716872878
5634,0,2.798246250,2.610978055
5635,0,2.952639835,3.066077860
5636,0,2.978156336,2.060807513
5637,0,2.257962851,2.022860347
5638,0,2.525262470,2.102945607
5639,0,1.529716879,1.177669311
5640,0,2.217406904,1.328438064
5641,0,2.139175635,1.770238253
5642,0,2.725122370,2.607106634
5643,0,2.439040898,2.278944680
5644,0,2.855532535,2.393149266
5645,0,2.919932855,2.587081507
5646,0,3.084207228,2.670877805
5647,0,3.228451460,2.270698965
5648,0,3.078282889,2.152775218
5649,0,2.990536983,2.789636263
5650,0,3.216670244,2.629611923
5651,0,2.100357347,2.477198199
5652,0,2.304418703,2.109480037
5653,0,3.108468580,2.938771069
5654,0,3.273369117,4.110122329
5655,0,2.928988198,4.038139859
5656,0,2.996588331,4.911323868
5657,0,2.138897364,2.946608511
5658,0,2.822950955,3.829372462
5659,0,3.025565365,4.556106815
5660,0,3.115502305,3.722670568
5661,0,3.077513245,2.563893408
5662,0,3.141793541,2.989943059
5663,0,2.792308885,2.329460796
5664,0,2.747121151,2.353483559
5665,0,2.352774143,1.676841085
5666,0,2.500282122,1.966314797
5667,0,2.310727578,1.719985270
5668,0,2.364581528,2.769588533
5669,0,2.452693041,1.847061170
5670,0,2.367227739,1.275186339
5671,0,1.853950881,0.756107173
5672,0,-0.000000000,0.000000000
5673,0,1.314320487,1.076923077
5674,0,2.030539329,2.046511628
5675,0,2.451475440,1.650717703
5676,0,2.861036541,2.051622070
5677,0,2.752532780,2.697016764
5678,0,2.377930836,2.592633666
5679,0,2.761210561,2.773946829
5680,0,3.185852557,2.600694958
5681,0,3.187404764,2.978646857
5682,0,2.845755764,1.695574111
5683,0,3.332533305,2.480079630
5684,0,3.208439855,2.292848754
5685,0,3.008611885,2.035491748
5686,0,2.584142044,2.036775631
5687,0,3.234922170,2.448141959
5688,0,2.987549769,2.204579172
5689,0,3.322039456,2.665247076
5690,0,3.194107744,3.301870301
5691,0,3.053533651,2.249568704
5692,0,3.341128199,2.728362790
5693,0,2.881687197,2.100654741
5694,0,2.410770669,2.866526323
5695,0,1.542972366,2.185661427
5696,0,2.700207871,1.955334435
5697,0,2.519438040,1.402986097
5698,0,2.870425081,2.009285579
5699,0,2.783725791,1.699580394
5700,0,2.556860493,2.419881741
5701,0,2.517185980,1.554292808
5702,0,1.742831696,1.380428286
5703,0,2.212466505,2.156503167
5704,0,2.304596800,1.805801593
5705,0,2.776774024,1.545118781
5706,0,2.746409076,1.779133847
5707,0,2.930516853,1.773870835
5708,0,2.601481178,1.630650193
5709,0,2.521013254,1.435482223
5710,0,2.959318457,2.133290122
5711,0,2.692076369,1.511089231
5712,0,2.650374680,1.483817630
5713,0,3.177852785,2.014100873
5714,0,2.181900821,0.867693557
5715,0,2.653881817,1.789837473
5716,0,-0.000000000,0.000000000
5717,0,2.000000000,1.500000000
5718,0,2.602243071,1.380952381
5719,0,-0.000000000,0.000000000
5720,0,1.799015671,1.368421053
5721,0,1.500000000,1.000000000
5722,0,0.998000884,1.052631579
5723,0,1.000000000,1.000000000
5724,0,1.921928095,2.000000000
5725,0,1.878726134,2.200000000
5726,0,2.230807596,2.358333333
5727,0,2.407036381,1.415589607
5728,0,2.457498769,1.537732566
5729,0,1.606149742,1.103352918
5730,0,2.231924236,1.402837196
5731,0,2.716940299,2.236814679
5732,0,2.648507190,1.514314638
5733,0,2.136276749,0.953814895
5734,0,2.640470856,1.961459248
5735,0,1.873162615,0.706916594
5736,0,2.568689805,1.602724610
5737,0,2.756124088,2.313299171
5738,0,2.739401300,2.963085873
5739,0,2.335127662,2.499120292
5740,0,2.794143936,2.455344271
5741,0,2.488217581,2.077661242
5742,0,2.715528152,2.428031261
5743,0,2.805684429,3.396505008
5744,0,3.188248611,2.787765315
5745,0,2.962799851,3.298671473
5746,0,2.318583258,1.553680166
5747,0,2.784503998,1.997172340
5748,0,2.471485146,3.269235002
5749,0,2.906984924,3.297092352
5750,0,2.437488056,2.191054721
5751,0,2.662919337,1.927131334
5752,0,2.543882514,1.574124723
5753,0,2.671947090,1.925558050
5754,0,2.642438712,2.085175405
5755,0,2.697486871,2.752006536
5756,0,2.299761493,1.845428771
5757,0,2.449388195,1.582600021
5758,0,2.324177110,1.514693043
5759,0,2.465796203,1.639166972
5760,0,2.706245598,1.887258708
5761,0,2.818657887,2.559823081
5762,0,2.643410471,1.966446693
5763,0,2.540625667,1.708098861
5764,0,2.401314598,1.710350854
5765,0,2.577142243,1.824658739
5766,0,2.545399748,1.851662437
5767,0,2.492806356,1.414529020
5768,0,1.391207263,1.255697348
5769,0,2.241709582,1.534154082
5770,0,2.326701162,1.771929691
5771,0,2.456238725,1.739296166
5772,0,2.859114739,2.275640295
5773,0,2.516572085,3.042732588
5774,0,2.656250311,2.350998354
5775,0,2.588454396,1.813826637
5776,0,2.905911576,2.339404093
5777,0,2.709043447,2.006437778
5778,0,2.689057631,2.115157921
5779,0,2.949984598,2.806609553
5780,0,3.086022154,3.759206307
5781,0,2.764290826,2.823568291
5782,0,2.511840374,2.057377048
5783,0,1.011316972,2.011181926
5784,0,2.594544876,2.342031876
5785,0,2.123465262,2.655149650
5786,0,2.781141441,2.345528819
5787,0,2.658377386,2.273806434
5788,0,2.718194257,1.979845435
5789,0,2.080175023,1.253046859
5790,0,2.054964790,1.351489329
5791,0,2.145440456,1.517541798
5792,0,2.588891437,1.501516433
5793,0,2.501272186,1.826154476
5794,0,2.348809390,1.574146375
5795,0,3.002311843,2.078567419
5796,0,2.453123542,1.542925084
5797,0,2.912761650,1.866601285
5798,0,2.143486225,2.099451515
5799,0,2.843764920,1.964786061
5800,0,2.517209377,1.676804096
5801,0,2.696715189,1.721760633
5802,0,2.645909159,2.206719310
5803,0,2.522695078,1.861172639
5804,0,1.916476887,1.134589966
5805,0,2.667250150,1.808550588
5806,0,3.022655722,2.155972180
5807,0,3.550800252,2.262476984
5808,0,3.200473971,1.913961066
5809,0,2.314861569,0.996664319
5810,0,2.645396368,1.839643093
5811,0,2.940529880,2.400524239
5812,0,2.635157697,1.981180380
5813,0,2.894831645,2.241185916
5814,0,2.885423203,1.829492660
5815,0,2.563788193,2.186878473
5816,0,2.916438742,3.384843184
5817,0,3.052391858,2.378474685
5818,0,3.247752516,2.535552908
5819,0,3.441901731,2.804961354
5820,0,3.457690110,2.486718702
5821,0,3.271039497,3.141881185
5822,0,2.975441962,2.280276576
5823,0,2.158509779,1.668817108
5824,0,3.259972560,2.287123279
5825,0,3.236169749,2.105405934
5826,0,2.867587881,3.242061423
5827,0,2.736307563,2.454714045
5828,0,2.640447399,3.105087174
5829,0,3.012387955,2.438227899
5830,0,2.329510975,1.492286671
5831,0,2.784111680,1.902283673
5832,0,3.194868554,2.028094842
5833,0,3.048312414,2.097400225
5834,0,3.172262599,2.231426217
5835,0,3.422254881,2.496763226
5836,0,2.882045431,1.899995461
5837,0,3.062555273,2.167170847
5838,0,2.061220587,1.883757310
5839,0,2.944573812,1.902096242
5840,0,2.547299882,1.585944819
5841,0,2.658576128,1.493893686
5842,0,2.593134946,1.827124561
5843,0,2.579332907,1.836382023
5844,0,2.443812923,2.453895914
5845,0,2.987787091,3.425022383
5846,0,2.679435070,2.812848279
5847,0,2.744751982,3.515108484
5848,0,3.015975952,2.783374699
5849,0,3.013738267,3.357645112
5850,0,2.965049529,4.292819459
5851,0,3.092102598,3.162862576
5852,0,2.520019924,3.479057449
5853,0,2.929065071,3.148277574
5854,0,3.195094801,2.878550878
5855,0,3.355870981,3.113898000
5856,0,2.680693798,2.851297375
5857,0,2.799635574,2.349308510
5858,0,2.786284071,2.298732021
5859,0,2.810851141,1.915703177
5860,0,2.729734822,2.123565751
5861,0,2.701636590,1.891796242
5862,0,2.336011390,2.300574265
5863,0,2.981570156,2.225699722
5864,0,2.771267371,2.137946306
5865,0,2.543304188,1.663124902
5866,0,2.846490370,2.013791360
5867,0,2.421401172,1.748884876
5868,0,1.771449019,1.328431777
5869,0,1.181295815,1.341446288
5870,0,1.723004037,2.177213954
5871,0,2.183976474,1.612532422
5872,0,2.382732883,2.464046998
5873,0,2.441553110,1.961784886
5874,0,2.558673495,1.684016402
5875,0,2.422282407,2.293292335
5876,0,3.108438411,2.968626239
5877,0,2.894240807,4.443545321
5878,0,2.683335703,1.999997029
5879,0,2.597237595,2.487401252
5880,0,2.946017001,3.402208735
5881,0,2.732785128,1.806072393
5882,0,2.941404579,1.779749818
5883,0,2.509165267,1.878998642
5884,0,2.422592575,1.748651536
5885,0,2.581399262,1.412408786
5886,0,2.305798402,1.579508072
5887,0,2.766257199,2.516422676
5888,0,3.179050420,3.258906853
5889,0,3.273260625,2.604536314
5890,0,3.483784881,2.746804642
5891,0,2.695083160,1.781660237
5892,0,3.064254587,2.180479744
5893,0,3.556756276,2.800997498
5894,0,3.518138176,3.572671276
5895,0,3.532371097,4.206746248
5896,0,1.890933424,1.797240418
5897,0,2.366875246,1.883661340
5898,0,2.644436744,1.520081130
5899,0,2.101366610,1.953397915
5900,0,2.413326278,2.466319677
5901,0,2.914568846,2.096067843
5902,0,2.141725509,1.582962642
5903,0,1.936571201,1.511350622
5904,0,2.379820198,1.924025915
5905,0,0.999142441,1.034475983
5906,0,1.186170930,0.500000000
5907,0,1.141983882,1.022969812
5908,0,0.166596051,0.098440716
5909,0,1.135085637,1.056442368
5910,0,0.918295834,1.333333333
5911,0,1.945559225,1.117647059
5912,0,2.342569272,1.346727155
5913,0,2.165380410,1.288677130
5914,0,2.059692133,1.412518713
5915,0,2.949049845,2.229236839
5916,0,2.736996172,3.074167438
5917,0,0.998190348,1.050076547
5918,0,1.775023724,1.076923077
5919,0,1.862396781,1.600043741
5920,0,1.427847366,1.304386412
5921,0,1.953598066,1.277254346
5922,0,2.692272791,2.140559422
5923,0,2.865420956,1.961834752
5924,0,3.166318517,2.633420980
5925,0,1.891140995,1.384927044
5926,0,2.870008096,1.905633122
5927,0,3.558934613,2.885530952
5928,0,3.535915512,2.953106847
5929,0,3.660896904,2.503915413
5930,0,3.617230862,2.859311551
5931,0,3.411250928,3.486200038
5932,0,3.220366254,2.323153693
5933,0,3.212325534,2.355492878
5934,0,3.358593300,2.536663115
5935,0,2.886677464,2.457540420
5936,0,2.984247881,1.918048969
5937,0,3.179646136,2.147210491
5938,0,2.559976226,2.135439466
5939,0,2.792582260,2.880359928
5940,0,2.511551816,2.582450131
5941,0,3.541112430,3.457762436
5942,0,3.281788548,2.591785369
5943,0,3.185682398,2.781476324
5944,0,3.179114141,3.299445031
5945,0,2.714838434,2.045336308
5946,0,-0.000000000,0.000000000
5947,0,1.000000000,1.000000000
5948,0,1.918295834,2.000000000
5949,0,1.000000000,1.000000000
5950,0,1.186278124,0.500000000
5951,0,1.206439390,1.035573123
5952,0,1.197846344,0.507206068
5953,0,1.732810612,1.190455120
5954,0,1.914961138,2.016488120
5955,0,2.014645521,1.605843244
5956,0,2.621787409,2.421653107
5957,0,2.796010810,2.217203399
5958,0,2.961061579,2.001303750
5959,0,3.346977496,2.297747341
5960,0,3.484702505,2.246061507
5961,0,3.500163573,2.416078325
5962,0,3.432403544,2.695327470
5963,0,3.297238508,2.388005602
5964,0,2.776014698,2.375529309
5965,0,3.046392392,3.424759020
5966,0,3.667720791,4.426347769
5967,0,3.646599656,3.944567957
5968,0,3.580100263,3.514708582
5969,0,3.009569245,2.170122115
5970,0,2.519932061,2.221007271
5971,0,1.854847583,2.152836568
5972,0,2.126702117,3.032880029
5973,0,3.137392443,4.082790072
5974,0,2.217454734,4.293180176
5975,0,2.218180885,3.476504223
5976,0,2.916406242,2.809528016
5977,0,2.937748970,2.182367530
5978,0,2.711588714,2.371266525
5979,0,1.687812499,1.591716754
5980,0,1.575775581,1.355021887
5981,0,2.635070150,2.523293985
5982,0,2.384876632,3.794629131
5983,0,2.808385409,4.098762892
5984,0,2.617110293,5.010404292
5985,0,1.718804885,2.483689618
5986,0,2.778262802,2.077098317
5987,0,2.863624437,2.946444371
5988,0,3.114242995,2.598296115
5989,0,2.097001801,2.214657645
5990,0,3.081359954,2.271835316
5991,0,2.846402056,1.948518816
5992,0,2.833066240,2.284053206
5993,0,2.320310745,3.063387698
5994,0,2.162911803,2.122104612
5995,0,2.783759745,2.070748119
5996,0,3.179293918,2.208773442
5997,0,2.940423659,2.141720593
5998,0,3.224558811,2.805221181
5999,0,3.175136620,2.651526262
