0,0,4.756836229,6.111326213
1,0,4.150188794,6.213624585
2,0,3.898867551,6.102063741
3,0,4.087548408,5.609980195
4,0,3.887903924,5.743498743
5,0,3.296836003,5.350909732
6,0,3.441296546,4.996436502
7,0,3.686714433,4.639330256
8,0,3.696110058,4.241623196
9,0,3.891642691,3.886691907
10,0,4.300929847,3.850581936
11,0,4.012096954,3.485904639
12,0,3.649519246,3.110939795
13,0,3.261291654,3.114095111
14,0,3.105114442,2.511322228
15,0,2.653823555,2.606770972
16,0,2.247462802,1.454863303
17,0,2.139381794,0.801096653
18,0,1.958597182,1.160638385
19,0,0.562868454,0.236337433
20,0,1.496087877,1.209187646
21,0,1.779468639,1.020259792
22,0,2.220670217,1.424527478
23,0,2.574428813,2.252971631
24,0,1.904100990,1.419219136
25,0,1.879703159,0.949045397
26,0,1.725095665,1.176412580
27,0,1.587857076,0.633676316
28,0,1.731328588,1.205913059
29,0,1.695910441,1.663009716
30,0,1.981104721,2.694332691
31,0,0.485595703,3.674523791
32,0,1.477938884,2.901467623
33,0,0.625078115,3.761886916
34,0,1.343204128,4.793315291
35,0,1.022599082,4.723613131
36,0,0.423940336,0.107645842
37,0,1.074425740,1.016361201
38,0,0.375463782,0.087462695
39,0,1.074368808,0.999989767
40,0,1.134492574,0.409157175
41,0,1.363082200,1.053736530
42,0,1.493032451,0.497749499
43,0,1.430635071,1.052290932
44,0,1.569469695,0.476377265
45,0,1.518790809,1.003736919
46,0,0.948673862,0.199130051
47,0,1.479337610,1.028409575
48,0,0.166475742,0.020764482
49,0,1.106207136,1.001393965
50,0,0.396156626,0.089971474
51,0,1.075073181,1.002096417
52,0,0.000000104,0.000000020
53,0,1.000000250,1.000000032
54,0,0.302292263,0.080000014
55,0,1.012773773,1.001377515
56,0,0.303367101,0.080344682
57,0,1.060426407,1.008262715
58,0,1.037712657,1.797304260
59,0,1.232516589,1.042148369
60,0,0.335443184,0.090805884
61,0,1.000000000,1.000000000
62,0,0.302292189,0.080000000
63,0,1.012773762,1.001377513
64,0,0.000000000,0.000000000
65,0,1.000000000,1.000000000
66,0,0.302292189,0.080000000
67,0,1.000000000,1.000000000
68,0,1.870950594,1.200000000
69,0,1.000000000,1.000000000
70,0,1.021928095,2.000000000
71,0,1.052690404,1.007034221
72,0,0.000000000,0.000000000
73,0,1.000000000,1.000000000
74,0,0.000000000,0.000000000
75,0,1.000000000,1.000000000
76,0,1.870950594,2.000000000
77,0,1.138751800,1.022289157
78,0,1.904985459,1.396932795
79,0,1.000000000,1.000000000
80,0,0.000000000,0.000000000
81,0,1.000000000,1.000000000
82,0,0.302292189,0.080000000
83,0,1.012773762,1.001377513
84,0,0.000000000,0.000000000
85,0,1.000000000,1.000000000
86,0,1.870950594,1.400000000
87,0,1.000000000,1.000000000
88,0,1.870950594,1.200000000
89,0,1.138751800,1.022289157
90,0,0.000000000,0.000000000
91,0,1.000000000,1.000000000
92,0,0.302292189,0.080000000
93,0,1.000000000,1.000000000
94,0,1.500000000,2.000000000
95,0,1.220308818,1.039361702
96,0,1.095770152,0.441173678
97,0,1.000000000,1.000000000
98,0,1.870950594,1.200000000
99,0,1.000000000,1.000000000
100,0,1.021928095,0.400000000
101,0,1.000000000,1.000000000
102,0,1.500000000,2.000000000
103,0,1.000000000,1.000000000
104,0,1.021928095,0.400000000
105,0,1.000000000,1.000000000
106,0,0.302292189,0.080000000
107,0,1.000000000,1.000000000
108,0,0.302292189,0.080000000
109,0,1.012773762,1.001377513
110,0,0.303367094,0.080344681
111,0,1.000000000,1.000000000
112,0,0.000000000,0.000000000
113,0,1.000000000,1.000000000
114,0,0.302292189,0.080000000
115,0,1.012773762,1.001377513
116,0,0.303367094,0.080344681
117,0,1.012827240,1.001384331
118,0,0.303372157,0.080346297
119,0,1.060427563,1.008262910
120,0,1.037713008,0.408612563
121,0,1.232516688,1.042148393
122,0,0.000000000,0.000000000
123,0,1.000000000,1.000000000
124,0,0.302292189,0.080000000
125,0,1.048419662,1.009171844
126,0,0.345736289,0.098657856
127,0,1.175214328,1.074417438
128,0,2.181598341,1.584709029
129,0,2.675586839,2.188710193
130,0,1.173034495,2.042166090
131,0,1.263391104,1.171445833
132,0,0.406604613,0.140550629
133,0,1.070404970,1.049731714
134,0,1.021928094,0.400000000
135,0,1.052690404,1.007040671
136,0,1.899446489,2.000409626
137,0,1.716129244,1.239320411
138,0,0.774466748,0.410743424
139,0,1.424467156,1.362178163
140,0,1.153800164,0.653976135
141,0,1.727698106,1.699439388
142,0,0.786326001,0.896938925
143,0,1.750111045,1.625182414
144,0,2.397754128,2.103740763
145,0,0.899318637,1.685912923
146,0,1.048011997,0.877181863
147,0,0.308729185,0.082167148
148,0,1.013108575,1.004121600
149,0,0.303399948,0.080355195
150,0,1.012828908,1.001329838
151,0,1.024583952,1.999986501
152,0,1.052876442,1.007059029
153,0,1.882776239,1.211975596
154,0,2.312375076,1.510284184
155,0,1.755380653,0.960798342
156,0,1.475542868,1.108718060
157,0,0.386172890,0.107946617
158,0,1.017075051,1.001942425
159,0,-0.000000000,0.000000000
160,0,1.000000000,1.000000000
161,0,0.302292189,0.080000000
162,0,1.000000000,1.000000000
163,0,1.870950594,1.200000000
164,0,1.138751800,1.022289157
165,0,0.319766260,0.085651291
166,0,1.064128623,1.008886137
167,0,1.701875125,1.047622194
168,0,1.000000000,1.000000000
169,0,-0.000000000,0.000000000
170,0,1.000000000,1.000000000
171,0,-0.000000000,0.000000000
172,0,1.000000000,1.000000000
173,0,1.870950594,1.400000000
174,0,1.699198829,1.979019608
175,0,1.950693680,1.173877392
176,0,1.916053097,1.571804079
177,0,1.637167716,2.926173937
178,0,0.909472610,1.619934005
179,0,0.787221346,0.309826730
180,0,0.336832250,0.095598720
181,0,1.083788483,1.043378840
182,0,-0.000000000,0.000000000
183,0,1.000000000,1.000000000
184,0,1.870950594,1.200000000
185,0,1.532052555,1.123333333
186,0,2.005036854,1.384884467
187,0,1.166501266,1.028295282
188,0,1.913077021,1.245619762
189,0,1.145875104,1.023885346
190,0,-0.000000000,0.000000000
191,0,1.000000000,1.000000000
192,0,-0.000000000,0.000000000
193,0,1.000000000,1.000000000
194,0,1.870950594,1.200000000
195,0,1.138751800,1.022289157
196,0,0.319766260,0.085651291
197,0,1.013646706,1.001489339
198,0,0.303450145,0.080371189
199,0,1.012831428,1.001384869
200,0,1.873473629,1.399805432
201,0,1.907936186,1.643802559
202,0,2.257852607,1.461680588
203,0,1.000000000,1.000000000
204,0,1.021928095,0.400000000
205,0,1.052690404,1.007034221
206,0,1.540702475,2.003495491
207,0,1.775126592,1.210181282
208,0,1.379214383,0.623063402
209,0,1.080627293,1.011834561
210,0,1.044033292,0.412031967
211,0,1.234319407,1.042580534
212,0,1.970145349,1.283541426
213,0,0.999986208,0.995627321
214,0,-0.000000000,0.000000000
215,0,1.000000000,1.000000000
216,0,0.302292189,0.080000000
217,0,1.012773762,1.001377513
218,0,-0.000000000,0.000000000
219,0,1.000000000,1.000000000
220,0,0.302292189,0.080000000
221,0,1.012773762,1.001377513
222,0,1.024571058,0.401435139
223,0,1.052875527,1.007064537
224,0,-0.000000000,0.000000000
225,0,1.000000000,1.000000000
226,0,-0.000000000,0.000000000
227,0,1.000000000,1.000000000
228,0,-0.000000000,0.000000000
229,0,1.000000000,1.000000000
230,0,1.500000000,1.000000000
231,0,1.764492375,1.205555556
232,0,0.471983100,0.138986509
233,0,1.099250015,1.015151973
234,0,-0.000000000,0.000000000
235,0,1.000000000,1.000000000
236,0,0.302292189,0.080000000
237,0,1.060184319,1.008222222
238,0,0.308717777,0.082066230
239,0,1.061632540,1.008464963
240,0,0.308898549,0.082124259
241,0,1.263200419,1.049255057
242,0,-0.000000000,0.000000000
243,0,1.000000000,1.000000000
244,0,1.021928095,0.400000000
245,0,1.000000000,1.000000000
246,0,1.021928095,2.000000000
247,0,1.228118215,1.041111111
248,0,0.334665510,0.090549664
249,0,1.067506413,1.009461600
250,0,0.309640942,0.082362690
251,0,1.061843661,1.008500713
252,0,0.308924927,0.082132719
253,0,1.013104353,1.001419740
254,0,0.303398445,0.080354687
255,0,1.000000000,1.000000000
256,0,1.021928095,1.800000000
257,0,1.000000000,1.000000000
258,0,0.302292189,0.080000000
259,0,1.257422929,1.047844828
260,0,0.340029904,0.092331027
261,0,1.014668473,1.001621632
262,0,1.026107681,0.401911138
263,0,1.054030770,1.007362163
264,0,1.555479943,2.006732981
265,0,1.995951819,1.675970092
266,0,1.584335035,1.995920481
267,0,1.239882877,1.043539513
268,0,2.119633296,2.115748122
269,0,1.338197257,1.069958638
270,0,1.962452286,2.002743598
271,0,1.155210771,1.025487519
272,0,-0.000000000,0.000000000
273,0,1.000000000,1.000000000
274,0,-0.000000000,0.000000000
275,0,1.000000000,1.000000000
276,0,1.500000000,2.000000000
277,0,1.220308818,1.039361702
278,0,1.926928570,1.264173051
279,0,1.000000000,1.000000000
280,0,1.500000000,1.000000000
281,0,1.000000000,1.000000000
282,0,0.302292189,0.080000000
283,0,1.000000000,1.000000000
284,0,1.021928095,0.400000000
285,0,1.000000000,1.000000000
286,0,0.302292189,0.080000000
287,0,1.000000000,1.000000000
288,0,-0.000000000,0.000000000
289,0,1.000000000,1.000000000
290,0,1.870950594,2.000000000
291,0,1.138751800,1.022289157
292,0,1.904985459,1.396932795
293,0,1.144431557,1.023489389
294,0,1.610538384,2.011305363
295,0,0.999999999,1.000028253
296,0,1.021928095,2.000005651
297,0,1.000000000,1.000002333
298,0,0.302292189,0.080000000
299,0,1.060184319,1.008222264
300,0,-0.000000000,0.000000000
301,0,1.000000000,1.000000000
302,0,1.021928095,0.400000000
303,0,1.052690404,1.007034221
304,0,1.882728310,1.211927297
305,0,1.000000000,1.000000000
306,0,1.021928095,1.800000000
307,0,1.052690404,1.007034221
308,0,1.540702475,2.003495491
309,0,1.948757512,1.657469075
310,0,1.782771928,1.334598720
311,0,1.881377560,1.961163023
312,0,2.074538387,2.011711423
313,0,2.066679775,1.766579737
314,0,2.430741680,2.551398215
315,0,2.026916796,3.012311353
316,0,2.331931198,2.193485797
317,0,1.426830457,1.102317402
318,0,0.368026728,0.101930750
319,0,1.075443178,1.011107693
320,0,0.310666332,0.082693865
321,0,1.000017821,1.000000440
322,0,1.021942640,0.400007911
323,0,1.052695949,1.007035873
324,0,0.000006522,0.000003335
325,0,1.000000141,1.000000053
326,0,1.870950605,2.000000003
327,0,1.138751811,1.022289160
328,0,0.319766272,0.085651295
329,0,1.064128625,1.008886138
330,0,0.000000003,0.000000001
331,0,1.000000001,1.000000000
332,0,1.021928095,0.400000000
333,0,1.228118215,1.041111111
334,0,1.929031819,1.394469234
335,0,1.951720423,1.669370870
336,0,1.783301589,1.340724983
337,0,1.893554717,1.268246950
338,0,0.509609495,0.152994087
339,0,0.999999974,0.999810586
340,0,1.021928092,0.400000000
341,0,1.052690404,1.007050101
342,0,0.307787926,0.081766365
343,0,1.000000000,1.000000317
344,0,1.870950594,2.000000190
345,0,1.138751800,1.022289241
346,0,0.319766260,0.085651291
347,0,1.064128623,1.008886135
348,0,0.310243349,0.082491291
349,0,1.013327740,1.001510091
350,0,0.303787812,0.080453128
351,0,1.000151278,1.000049802
352,0,1.500659309,2.000162217
353,0,1.000586927,1.000255684
354,0,0.302549206,0.080116286
355,0,1.060341922,1.008294459
356,0,0.000148421,0.000076535
357,0,1.000050730,1.000018891
358,0,0.302332180,0.080018384
359,0,1.012775220,1.001378000
360,0,0.303566943,2.000041054
361,0,1.012862589,1.001384679
362,0,0.303373066,0.080346567
363,0,1.012827557,1.001384353
364,0,1.509844974,2.000699854
365,0,1.221305161,1.039600606
366,0,0.337234419,0.091376093
367,0,1.005188348,1.001934630
368,0,1.026987539,0.402207255
369,0,1.054044105,1.007538455
370,0,1.899470862,1.400376880
371,0,1.615022163,1.748080870
372,0,1.307145596,1.470446990
373,0,1.544961238,1.919147542
374,0,0.874661282,0.359927660
375,0,0.713593079,0.223359726
376,0,1.752162595,1.396306922
377,0,1.606211387,0.804996267
378,0,1.067748074,0.447898655
379,0,0.765947976,0.272579436
380,0,1.235847978,1.189505184
381,0,1.645183730,2.120179886
382,0,1.453259123,1.342563170
383,0,1.222028462,0.877156353
384,0,1.683776509,0.805140549
385,0,1.776243587,0.852243943
386,0,0.538705694,0.236572803
387,0,0.349807980,0.133954167
388,0,1.176211323,1.130060470
389,0,0.882694491,0.595153935
390,0,1.017480228,0.404394943
391,0,1.273435536,1.692872364
392,0,0.954328216,0.482461617
393,0,0.732909739,0.212335858
394,0,1.134647103,1.020057705
395,0,1.724817143,1.503393828
396,0,1.122441378,2.040448562
397,0,1.749475609,2.847772278
398,0,2.077761119,3.218732409
399,0,2.756540993,2.630753114
400,0,2.305875429,2.844418210
401,0,1.939652577,1.762930926
402,0,1.343729036,1.444841970
403,0,1.584342621,1.404065895
404,0,0.353392280,0.266701280
405,0,1.130852200,1.070139446
406,0,1.091141565,0.434260474
407,0,1.081669485,1.019231076
408,0,0.331135278,0.090067867
409,0,1.021653433,1.007152938
410,0,0.313194359,0.082786850
411,0,1.061118338,1.008546169
412,0,0.001081670,0.000284213
413,0,1.000137325,1.000039477
414,0,0.302447898,0.080034052
415,0,1.012820961,1.001382033
416,0,1.024596240,1.799553476
417,0,1.786199529,1.942209722
418,0,2.052541662,2.008581328
419,0,1.182401464,1.031877797
420,0,1.081057519,0.432427547
421,0,1.000912147,1.000234450
422,0,0.303330245,0.080271799
423,0,1.060338596,1.008265948
424,0,0.308887825,0.082103732
425,0,1.061658148,1.008471292
426,0,0.308926454,0.082129581
427,0,1.061678045,1.008472510
428,0,0.308908233,0.082126675
429,0,1.000004465,1.000000241
430,0,0.302294223,0.080000252
431,0,1.060184486,1.008222252
432,0,0.000000188,0.000000026
433,0,1.000000185,1.000000008
434,0,0.302292269,2.000000002
435,0,1.257422935,3.000000000
436,0,1.111242672,2.000000000
437,0,1.915805845,1.661726338
438,0,2.906151280,2.563325025
439,0,2.680385549,2.111009142
440,0,2.680861517,1.876272072
441,0,1.236609051,1.215599343
442,0,1.283683044,0.592539392
443,0,1.308525789,1.093477186
444,0,0.422311954,0.135263095
445,0,1.045639301,1.008097612
446,0,0.327114114,1.964468393
447,0,1.019840028,1.002449254
448,0,1.511640729,1.003109311
449,0,1.001763361,1.000660057
450,0,0.304315807,0.080570685
451,0,1.013405231,1.001453292
452,0,0.002386624,0.000372884
453,0,1.000467698,1.000093233
454,0,1.022028844,2.000022745
455,0,1.784340366,1.213466616
456,0,0.478991786,0.141609295
457,0,1.407427455,1.087740018
458,0,0.370562966,0.102599126
459,0,1.075798177,1.010909357
460,0,0.310712196,0.082706611
461,0,1.013195141,1.001431465
462,0,1.024669874,2.000000026
463,0,1.052882586,3.000000008
464,0,1.882777851,2.000355579
465,0,1.140588767,1.022676376
466,0,0.320046597,0.085741196
467,0,1.000010660,1.000001853
468,0,1.870959060,2.000000547
469,0,1.000008874,1.000000833
470,0,1.021932672,0.400000750
471,0,1.228118829,1.041111190
472,0,0.379313243,0.110432812
473,0,1.133431720,1.027644529
474,0,1.137678898,0.741757556
475,0,1.411373921,1.206909062
476,0,0.618085121,0.282591847
477,0,1.373998498,1.238498656
478,0,0.000000000,0.000000000
479,0,1.000000001,1.000000000
480,0,0.302292189,0.080000000
481,0,1.000000002,1.000000000
482,0,0.302292190,0.080000000
483,0,1.060184319,1.008222222
484,0,1.546468512,2.004071504
485,0,1.784005129,1.212681040
486,0,2.061911751,1.488463051
487,0,1.011025502,1.004908723
488,0,1.033514584,0.405868965
489,0,1.009522235,1.003843820
490,0,1.024468070,0.400997141
491,0,1.002447953,1.000928307
492,0,1.023448060,0.400755517
493,0,1.053690039,1.007642475
494,0,0.308772086,0.082411228
495,0,1.000966263,1.000678238
496,0,0.303150222,0.080609524
497,0,1.000210970,1.000106794
498,0,0.302317176,0.080005567
499,0,1.257424280,1.047844995
500,0,0.340031440,0.092331276
501,0,1.014668977,1.001621680
502,0,1.873884416,1.399802965
503,0,1.139183824,1.022379118
504,0,0.319830097,0.085671699
505,0,1.013652006,1.001490083
506,0,0.303452753,0.080371657
507,0,1.012832133,1.001384972
508,0,1.024584918,0.401442444
509,0,1.786202048,1.214248453
510,0,0.000000085,0.000000011
511,0,1.000000024,1.000000001
512,0,1.021928107,2.000000000
513,0,1.052690408,1.007034221
514,0,0.000000005,0.000000000
515,0,1.000000005,1.000000000
516,0,0.000000006,0.000000000
517,0,1.000000001,1.000000000
518,0,0.302292190,0.080000000
519,0,1.060184319,1.008222222
520,0,1.884579970,1.213921204
521,0,1.000000000,1.000000000
522,0,0.302292189,0.080000000
523,0,1.012773762,1.001377513
524,0,1.873460820,1.202352203
525,0,1.139114187,1.022365105
526,0,0.319821528,0.085668923
527,0,1.013651831,1.001490072
528,0,1.024779205,0.401546159
529,0,1.228911466,1.041297748
530,0,0.334805893,0.090595782
531,0,1.014404372,1.001587294
532,0,0.303523020,0.080394424
533,0,1.060461992,1.008268713
534,0,0.000000019,0.000000002
535,0,1.000000002,1.000000000
536,0,1.021928097,0.400000000
537,0,1.228118215,1.041111111
538,0,0.334665510,0.090549664
539,0,1.000000003,1.000000000
540,0,1.870950595,1.400000000
541,0,1.000000001,1.000000000
542,0,0.000000001,0.000000000
543,0,1.000000001,1.000000000
544,0,1.021928095,0.400000000
545,0,1.000000000,1.000000000
546,0,1.021928095,0.400000000
547,0,1.052690404,1.007034221
548,0,0.307787926,0.081766365
549,0,1.061422809,1.008429735
550,0,1.038016311,0.408777294
551,0,1.232602490,1.042168847
552,0,0.000000000,0.000000000
553,0,1.000000000,1.000000000
554,0,1.021928095,0.400000000
555,0,1.000000000,1.000000000
556,0,0.302292189,0.080000000
557,0,1.060184319,1.008222222
558,0,1.037639028,2.000000000
559,0,1.053794829,1.007215404
560,0,1.883013080,1.399015474
561,0,1.140626797,1.022684551
562,0,1.905660371,2.001163112
563,0,1.144652924,1.993964183
564,0,1.907127284,1.397213957
565,0,1.145166259,1.023657548
566,0,1.907441900,2.001308027
567,0,1.000778571,1.000151927
568,0,1.871423921,2.000040641
569,0,1.532299853,2.999996910
570,0,1.242749218,2.000010469
571,0,1.000252350,1.000024486
572,0,0.302441690,0.080027485
573,0,1.000658429,1.000132743
574,0,0.302551263,0.080040381
575,0,1.012832470,1.001387987
576,0,0.303399425,0.080349836
577,0,1.060429634,1.008263408
578,0,0.000003634,0.000000603
579,0,1.000003559,1.000000184
580,0,1.021928907,0.400000118
581,0,1.000000837,1.000000042
582,0,1.021928316,0.400000030
583,0,1.052690477,1.007034226
584,0,1.035378606,0.407332877
585,0,1.053635351,1.007189193
586,0,0.000000018,0.000000002
587,0,1.000000001,1.000000000
588,0,0.302292191,0.080000000
589,0,1.000000007,1.000000001
590,0,1.021928096,0.400000000
591,0,1.228118215,1.041111111
592,0,0.334665510,0.090549664
593,0,1.014397000,1.001586340
594,0,1.024953971,0.401641094
595,0,1.000000000,1.000000000
596,0,1.021928095,0.400000000
597,0,1.000000000,1.000000000
598,0,1.500000000,1.000000000
599,0,1.220308818,1.039361702
600,0,1.663221696,1.061364597
601,0,1.824409548,1.231656626
602,0,1.411164129,1.731312915
603,0,1.352488600,1.073474185
604,0,1.158177475,0.475131897
605,0,1.066620011,1.010120411
606,0,0.005599132,0.001446412
607,0,1.001436314,1.000361718
608,0,1.022565707,0.400156412
609,0,1.052924353,1.007089074
610,0,0.000284284,0.000049041
611,0,1.000066512,1.000005431
612,0,0.000083662,0.000011166
613,0,1.000017582,1.000002791
614,0,1.870954337,1.400000530
615,0,1.138753767,1.022289518
616,0,1.064164992,0.423273284
617,0,1.000001606,1.000000219
618,0,0.000008351,0.000000764
619,0,1.000000070,1.000000007
620,0,0.000000081,0.000000011
621,0,1.000000010,1.000000001
622,0,1.021928105,2.000000001
623,0,1.052690407,1.007034221
624,0,1.035378565,0.407332871
625,0,1.053635336,1.007189192
626,0,0.000000003,0.000000000
627,0,1.000000000,1.000000000
628,0,0.302292189,0.080000000
629,0,1.060184319,1.008222222
630,0,1.884579970,1.398848861
631,0,1.000000000,1.000000000
632,0,0.000000000,0.000000000
633,0,1.000000000,1.000000000
634,0,1.021928095,0.400000000
635,0,1.000000000,1.000000000
636,0,0.302292189,0.080000000
637,0,1.000000000,1.000000000
638,0,0.302292189,0.080000000
639,0,1.000000000,1.000000000
640,0,0.302292189,0.080000000
641,0,1.060184319,1.008222222
642,0,0.000000000,0.000000000
643,0,1.000000000,1.000000000
644,0,0.302292189,0.080000000
645,0,1.060184319,1.008222222
646,0,0.308717777,0.082066230
647,0,1.000000000,1.000000000
648,0,0.000000000,0.000000000
649,0,1.000000000,1.000000000
650,0,0.000000000,0.000000000
651,0,1.000000000,1.000000000
652,0,1.021928095,0.400000000
653,0,1.000000000,1.000000000
654,0,1.021928095,0.400000000
655,0,1.052690404,1.007034221
656,0,0.307787926,0.081766365
657,0,1.013047487,1.001412456
658,0,0.303393045,0.080352964
659,0,1.012828549,1.001384499
660,0,0.303372281,0.080346336
661,0,1.012827502,1.001384365
662,0,0.303372182,0.080346305
663,0,1.060427569,1.008262911
664,0,1.037713010,2.000000000
665,0,1.907864039,1.646468630
666,0,2.258125623,2.134568388
667,0,2.145785347,1.402229198
668,0,1.627354371,0.815056381
669,0,2.228361073,1.440152981
670,0,1.703879668,2.025005674
671,0,1.482944743,1.127359541
672,0,1.249600924,0.536446244
673,0,1.096223713,1.027722243
674,0,1.062737566,0.422736569
675,0,1.017254850,1.006521402
676,0,0.020790182,0.005971130
677,0,1.001008172,1.000292395
678,0,0.303157859,0.080249549
679,0,1.000726435,1.000061807
680,0,0.302556407,2.000016316
681,0,1.000246723,1.000019202
682,0,1.021957999,0.400005430
683,0,1.394357077,1.123732740
684,0,1.192106982,0.768129743
685,0,1.595801179,1.073509380
686,0,0.577601815,0.222461695
687,0,1.164330319,1.113077297
688,0,1.052175493,2.014135936
689,0,1.276712406,1.027021523
690,0,1.283839171,1.071733525
691,0,1.475808316,0.744674610
692,0,1.710200243,0.789813598
693,0,0.955360911,0.344163082
694,0,0.419317626,0.131863562
695,0,1.000000000,1.000000000
696,0,1.000000000,2.000000000
697,0,1.282292189,2.060000000
698,0,1.246204790,2.157730144
699,0,1.774307064,2.444496323
700,0,1.352895653,2.393394985
701,0,0.968667103,2.415313085
702,0,1.536517713,2.375528432
703,0,1.437243262,2.163354982
704,0,1.970690269,2.300238143
705,0,2.030011154,2.428948753
706,0,1.922447010,2.301395374
707,0,1.955500694,1.696752306
708,0,2.409748532,2.078443714
709,0,2.204318590,1.414084146
710,0,1.787394057,1.461113269
711,0,0.893726630,0.585959336
712,0,1.295518477,1.137998878
713,0,0.540361588,0.202854967
714,0,1.232692664,1.090741903
715,0,0.458640038,0.155408647
716,0,1.090760426,1.022028557
717,0,1.921179064,1.219531082
718,0,1.767755906,1.237218435
719,0,2.248721465,1.517582283
720,0,1.634439013,1.271600097
721,0,0.890061724,0.567976457
722,0,1.568038032,1.580437200
723,0,1.327965583,0.615373182
724,0,1.434741744,1.311286721
725,0,0.551204580,0.438079182
726,0,1.074308520,1.037297218
727,0,0.384843151,0.122271356
728,0,1.104845580,1.023719459
729,0,1.573548243,1.025949653
730,0,2.073448086,1.423045595
731,0,2.371392377,1.691480558
732,0,1.701074693,1.395952767
733,0,1.634559272,0.940990210
734,0,1.757370840,1.733340425
735,0,0.956181247,0.603363727
736,0,1.219459634,1.098591992
737,0,2.017744889,1.459158252
738,0,1.499422250,1.181165507
739,0,0.464497185,0.358877626
740,0,1.431785102,1.415885546
741,0,1.118979008,1.952330782
742,0,1.057138854,1.015863132
743,0,0.366245449,0.111742691
744,0,1.274483622,1.052849480
745,0,0.053951823,0.024262652
746,0,1.021334166,1.004810225
747,0,0.025694253,0.011141687
748,0,1.006133642,1.002211611
749,0,1.025636904,2.001315491
750,0,1.847188755,1.417072924
751,0,1.932008957,1.905643245
752,0,2.250314806,1.471620770
753,0,0.727288791,0.702838257
754,0,1.774661937,2.544998015
755,0,1.755734574,1.253658959
756,0,1.542821351,1.258749501
757,0,2.201418629,1.547447211
758,0,1.593841307,1.282496522
759,0,1.505683757,0.776890529
760,0,1.436101377,1.147315112
761,0,0.558098760,0.364268630
762,0,1.226771079,1.136591191
763,0,0.315039388,0.197613657
764,0,1.156724241,1.091036844
765,0,1.165782016,1.855354263
766,0,1.391460508,1.120239676
767,0,0.549286153,0.221178545
768,0,1.140631060,1.038672235
769,0,0.151087991,0.083300776
770,0,1.045929640,1.012648237
771,0,0.339706185,0.096868520
772,0,1.068454973,1.018819267
773,0,0.081262106,0.040603011
774,0,1.215627645,1.178154898
775,0,0.304314829,0.246259493
776,0,1.015303648,1.006333719
777,0,0.017535628,0.007351066
778,0,1.003218982,1.001086904
779,0,0.305839500,0.081228192
780,0,1.089608908,1.015433214
781,0,0.349416243,2.000328226
782,0,1.064393785,2.988042911
783,0,1.072654305,3.981121078
784,0,1.199711757,4.943076182
785,0,0.207318156,5.885197554
786,0,0.730455917,1.946348729
787,0,0.674706871,1.855947065
788,0,0.000000000,0.000000000
789,0,1.000000000,1.000000000
790,0,1.870950594,1.200000000
791,0,1.000000000,1.000000000
792,0,1.870950594,1.200000000
793,0,1.532052555,1.123333333
794,0,1.242499492,2.000000000
795,0,1.292026721,1.056786417
796,0,0.000000000,0.000000000
797,0,1.000000000,1.000000000
798,0,0.302292189,0.080000000
799,0,1.060184319,1.008222222
800,0,0.000000000,0.000000000
801,0,1.000000000,1.000000000
802,0,0.302292189,0.080000000
803,0,1.012773762,1.001377513
804,0,1.877748858,1.400073355
805,0,2.284365855,1.540706841
806,0,2.332428324,2.519667420
807,0,1.949515269,1.117061359
808,0,0.350510948,0.131840483
809,0,-0.000000000,0.000000000
810,0,1.000000000,1.000000000
811,0,1.500000000,1.000000000
812,0,1.764492375,1.205555556
813,0,0.471983100,0.138986509
814,0,1.000000000,1.000000000
815,0,-0.000000000,0.000000000
816,0,1.000000000,1.000000000
817,0,1.500000000,1.000000000
818,0,1.220308818,1.039361702
819,0,1.926928570,1.394693556
820,0,2.341458529,1.534788540
821,0,2.143203722,1.364100735
822,0,0.999999987,0.999867032
823,0,-0.000000000,0.000000000
824,0,1.000000000,1.000000000
825,0,0.302292189,0.080000000
826,0,1.060184319,1.008222222
827,0,1.895478206,1.401753699
828,0,1.143092844,1.024027735
829,0,1.934202330,1.247462628
830,0,1.150827435,1.027363433
831,0,1.909567140,2.001649048
832,0,1.145255019,1.023793335
833,0,-0.000000000,0.000000000
834,0,1.000000000,1.000000000
835,0,-0.000000000,0.000000000
836,0,1.000000000,1.000000000
837,0,0.302292189,0.080000000
838,0,1.060184319,1.008222222
839,0,-0.000000000,0.000000000
840,0,1.000000000,1.000000000
841,0,-0.000000000,0.000000000
842,0,1.000000000,1.000000000
843,0,1.021928095,0.400000000
844,0,1.052690404,1.007034221
845,0,1.035378563,0.407332871
846,0,1.053635335,1.007189192
847,0,0.307902432,0.081803056
848,0,1.061449039,1.008434177
849,0,0.308875586,0.082116886
850,0,1.013101855,1.001419418
851,0,-0.000000000,0.000000000
852,0,1.000000000,1.000000000
853,0,-0.000000000,0.000000000
854,0,1.000000000,1.000000000
855,0,1.021928095,1.800000000
856,0,1.743175848,1.962543757
857,0,2.205593117,2.923286409
858,0,1.951299281,3.736043519
859,0,0.461509797,0.195305051
860,0,0.968079075,0.400000000
861,0,1.048210844,1.074500090
862,0,0.307689846,0.081766365
863,0,1.013043755,1.002785074
864,0,0.303393003,0.080352964
865,0,0.999999999,1.000027286
866,0,1.021928095,0.400000000
867,0,1.000000000,0.999997747
868,0,0.302292189,0.080000000
869,0,1.257422929,1.047844766
870,0,0.344348116,0.093783085
871,0,1.015690016,1.001633840
872,0,1.025103024,0.401715530
873,0,1.000000000,0.999996352
874,0,1.870950594,1.200000000
875,0,1.138751800,1.022288188
876,0,1.605473788,2.010595787
877,0,2.515396630,1.729678184
878,0,2.203632999,2.124377503
879,0,0.999997379,0.998093948
880,0,1.021927833,0.400000000
881,0,1.228118159,1.041282656
882,0,1.098973403,0.443011606
883,0,0.999999999,0.999967560
884,0,0.302292189,0.080000000
885,0,1.000000000,1.000000522
886,0,1.500000000,2.000000522
887,0,1.764492375,1.205555791
888,0,0.188104111,0.115015916
889,0,1.084857024,1.037133531
890,0,1.102746519,2.037263824
891,0,1.900237159,1.279709135
892,0,0.483494547,0.143263290
893,0,1.102088250,1.016425599
894,0,1.051145992,0.415941678
895,0,0.999999986,1.000137230
896,0,1.021928094,0.400000000
897,0,1.052690404,1.007045726
898,0,-0.000000000,0.000000000
899,0,1.000000000,1.000000000
900,0,-0.000000000,0.000000000
901,0,1.000000000,1.000000000
902,0,1.870950594,1.200000000
903,0,1.000000000,1.000000000
904,0,1.870950594,2.000000000
905,0,1.138751800,1.022289157
906,0,1.929082026,2.010135862
907,0,1.173020217,1.037529665
908,0,0.320577850,0.085913151
909,0,0.999999999,0.999957552
910,0,0.302292189,0.080000000
911,0,1.012773762,1.001378210
912,0,1.024571058,0.401435139
913,0,1.228852925,1.041284009
914,0,1.967544650,1.408483638
915,0,1.377926650,1.162330718
916,0,0.750292417,0.435324394
917,0,1.263627793,1.087772842
918,0,-0.000000000,0.000000000
919,0,1.000000000,1.000000000
920,0,1.870950594,1.400000000
921,0,1.411439881,1.185535466
922,0,0.696515394,0.379529691
923,0,1.832256123,1.655368815
924,0,1.487435581,1.132876992
925,0,1.624810569,1.226835904
926,0,1.701601466,1.148340821
927,0,1.223679758,1.485401593
928,0,0.829315939,0.377525513
929,0,1.248957201,1.201530247
930,0,2.280280618,1.529909208
931,0,2.102322670,1.695101243
932,0,1.716383986,0.972064543
933,0,2.251829305,1.399136444
934,0,1.842094519,1.909654401
935,0,1.357597990,1.827363336
936,0,0.952180658,0.454242095
937,0,1.065413466,0.443632392
938,0,0.997333546,1.060780033
939,0,0.302238860,0.080000000
940,0,1.012771756,1.002375428
941,0,-0.000000000,0.000000000
942,0,1.000000000,1.000000000
943,0,-0.000000000,0.000000000
944,0,1.000000000,1.000000000
945,0,0.302292189,0.080000000
946,0,1.060184319,1.008222222
947,0,0.308717777,0.082066230
948,0,1.263040278,1.049215565
949,0,-0.000000000,0.000000000
950,0,1.000000000,1.000000000
951,0,-0.000000000,0.000000000
952,0,1.000000000,1.000000000
953,0,-0.000000000,0.000000000
954,0,1.000000000,1.000000000
955,0,-0.000000000,0.000000000
956,0,1.000000000,1.000000000
957,0,0.302292189,0.080000000
958,0,1.000000000,1.000000000
959,0,-0.000000000,0.000000000
960,0,1.000000000,1.000000000
961,0,1.021928095,0.400000000
962,0,1.052690404,1.007034221
963,0,1.035378563,0.407332871
964,0,1.000000000,1.000000000
965,0,1.021928095,2.000000000
966,0,1.228118215,1.041111111
967,0,1.098973413,0.443011606
968,0,1.249825024,1.046290602
969,0,1.107933826,2.000000000
970,0,1.058866413,1.008058086
971,0,-0.000000000,0.000000000
972,0,1.000000000,1.000000000
973,0,0.302292189,0.080000000
974,0,1.012773762,1.001377513
975,0,1.024571058,0.401435139
976,0,1.052875527,1.007064537
977,0,0.307810326,0.081773543
978,0,1.262248041,1.049021685
979,0,0.340921791,1.955662090
980,0,1.068931597,1.009706531
981,0,1.886865610,2.000491744
982,0,1.539937431,1.126013584
983,0,1.246529119,0.532709880
984,0,1.000000000,0.999996512
985,0,-0.000000000,0.000000000
986,0,1.000000000,1.000000000
987,0,1.021928095,1.800000000
988,0,1.000000000,1.000000000
989,0,1.021928095,0.400000000
990,0,1.228118215,1.041111111
991,0,-0.000000000,0.000000000
992,0,1.000000000,1.000000000
993,0,1.021928095,0.400000000
994,0,1.052690404,1.007034221
995,0,1.035378563,0.407332871
996,0,1.053635335,1.007189192
997,0,0.307902432,0.081803056
998,0,1.000000000,1.000000000
999,0,1.870950594,1.200000000
1000,0,1.532052555,1.123333333
1001,0,-0.000000000,0.000000000
1002,0,1.000000000,1.000000000
1003,0,1.870950594,2.000000000
1004,0,1.905928216,1.642857143
1005,0,2.257345289,1.461111111
1006,0,1.000000000,1.000000000
1007,0,1.021928095,0.400000000
1008,0,1.052690404,1.007034221
1009,0,0.307787926,0.081766365
1010,0,1.061422809,1.008429735
1011,0,1.038016311,0.408777294
1012,0,1.232602490,1.042168847
1013,0,1.100807102,0.444053166
1014,0,1.250357096,1.046420642
1015,0,-0.000000000,0.000000000
1016,0,1.000000000,1.000000000
1017,0,-0.000000000,0.000000000
1018,0,1.000000000,1.000000000
1019,0,-0.000000000,0.000000000
1020,0,1.000000000,1.000000000
1021,0,1.021928095,0.400000000
1022,0,1.052690404,1.007034221
1023,0,-0.000000000,0.000000000
1024,0,1.000000000,1.000000000
1025,0,0.302292189,0.080000000
1026,0,1.012773762,1.001377513
1027,0,1.873460820,1.202352203
1028,0,1.139106519,1.022363883
1029,0,0.319819515,0.085668494
1030,0,1.013649450,1.001489716
1031,0,1.024776766,0.401545773
1032,0,1.228910839,1.041297665
1033,0,1.099296833,0.443195186
1034,0,1.000000000,1.000000000
1035,0,-0.000000000,0.000000000
1036,0,1.000000000,1.000000000
1037,0,0.302292189,0.080000000
1038,0,1.012773762,1.001377513
1039,0,1.024571058,2.000000000
1040,0,1.228852925,1.988863918
1041,0,1.929240175,1.394472316
1042,0,1.148851385,1.024432054
1043,0,0.321297444,0.086146297
1044,0,1.013725633,1.001499150
1045,0,-0.000000000,0.000000000
1046,0,1.000000000,1.000000000
1047,0,1.021928095,0.400000000
1048,0,1.228118215,1.041111111
1049,0,-0.000000000,0.000000000
1050,0,1.000000000,1.000000000
1051,0,1.021928095,0.400000000
1052,0,1.000000000,1.000000000
1053,0,-0.000000000,0.000000000
1054,0,1.000000000,1.000000000
1055,0,-0.000000000,0.000000000
1056,0,1.000000000,1.000000000
1057,0,-0.000000000,0.000000000
1058,0,1.000000000,1.000000000
1059,0,1.870950594,2.000000000
1060,0,1.000000000,1.000000000
1061,0,1.500000000,1.000000000
1062,0,1.000000000,1.000000000
1063,0,0.302292189,0.080000000
1064,0,1.257422929,1.047844828
1065,0,1.111242665,0.450092421
1066,0,1.000000000,1.000000000
1067,0,1.870950594,1.400000000
1068,0,1.000000000,1.000000000
1069,0,0.302292189,0.080000000
1070,0,1.000000000,1.000000000
1071,0,-0.000000000,0.000000000
1072,0,1.000000000,1.000000000
1073,0,1.021928095,0.400000000
1074,0,1.000000000,1.000000000
1075,0,-0.000000000,0.000000000
1076,0,1.000000000,1.000000000
1077,0,0.897880003,0.384158416
1078,0,0.473526989,0.157859532
1079,0,1.171531131,1.835385889
1080,0,1.653445751,1.020954684
1081,0,0.837714573,0.534807653
1082,0,1.005699552,0.400000000
1083,0,1.051226326,1.046036088
1084,0,-0.000000000,0.000000000
1085,0,1.000000000,1.000000000
1086,0,1.021928095,2.000000000
1087,0,1.000000000,1.000000000
1088,0,1.021928095,0.400000000
1089,0,1.228118215,1.041111111
1090,0,0.334665510,0.090549664
1091,0,1.067506413,1.009461600
1092,0,1.886490825,1.215892152
1093,0,1.141142695,1.022794518
1094,0,1.607431475,2.010855047
1095,0,1.000000000,1.000000000
1096,0,1.021928095,0.400000000
1097,0,1.228118215,1.041111111
1098,0,1.098973413,0.443011606
1099,0,1.000000000,1.000000000
1100,0,-0.000000000,0.000000000
1101,0,1.000000000,1.000000000
1102,0,1.021928095,0.400000000
1103,0,1.052690404,1.007034221
1104,0,-0.000000000,0.000000000
1105,0,1.000000000,1.000000000
1106,0,-0.000000000,0.000000000
1107,0,1.000000000,1.000000000
1108,0,1.021928095,0.400000000
1109,0,1.052690404,1.007034221
1110,0,-0.000000000,0.000000000
1111,0,1.000000000,1.000000000
1112,0,0.302292189,0.080000000
1113,0,1.012773762,1.001377513
1114,0,1.873460820,1.202352203
1115,0,1.000129092,1.000022142
1116,0,0.302323941,2.000001476
1117,0,1.000000000,1.000000000
1118,0,1.500000000,2.000000000
1119,0,1.220308818,1.039361702
1120,0,-0.000000000,0.000000000
1121,0,1.000000000,1.000000000
1122,0,1.021928095,0.400000000
1123,0,1.179520228,1.059315251
1124,0,1.181735052,0.488460312
1125,0,1.441073476,1.146562026
1126,0,2.036048110,1.304405351
1127,0,1.818994207,1.255274773
1128,0,-0.000000000,0.000000000
1129,0,1.000000000,1.000000000
1130,0,1.021928095,0.400000000
1131,0,1.228118215,1.041111111
1132,0,1.993785121,1.287343648
1133,0,1.479500981,1.183282230
1134,0,0.443691479,0.139075401
1135,0,1.031649965,1.013106671
1136,0,1.563733061,1.022943724
1137,0,1.607848292,1.259163495
1138,0,0.589735064,0.554595481
1139,0,1.000000000,1.000000000
1140,0,1.413276880,0.729411765
1141,0,1.444370919,1.048428978
1142,0,0.464338413,0.151368437
1143,0,1.120606888,1.051951742
1144,0,0.422244129,0.142965862
1145,0,1.095483438,1.032266441
1146,0,2.001171579,1.274529495
1147,0,1.634941616,1.155720110
1148,0,-0.000000000,0.000000000
1149,0,1.000000000,1.000000000
1150,0,0.302292189,0.080000000
1151,0,1.257422929,1.047844828
1152,0,0.340029904,0.092331027
1153,0,1.290237975,1.055990924
1154,0,1.994473804,1.412699230
1155,0,1.756744369,2.088408374
1156,0,1.504986610,2.179083658
1157,0,1.258002068,1.185477699
1158,0,0.374875370,0.116464498
1159,0,0.999999970,0.999795977
1160,0,0.302292188,0.080000000
1161,0,1.012773762,1.001374163
1162,0,0.303367094,0.080344681
1163,0,1.000000000,1.000000067
1164,0,0.302292189,0.080000000
1165,0,1.084886312,1.015633989
1166,0,1.920667002,2.007235342
1167,0,1.395413526,1.228714162
1168,0,0.762557597,0.443887286
1169,0,1.458312183,1.258342732
1170,0,2.164203118,1.401931465
1171,0,1.604608287,1.290021450
1172,0,0.968267594,0.683395723
1173,0,1.393704382,1.559959479
1174,0,1.525071095,2.447667938
1175,0,2.380483552,2.772197336
1176,0,-0.000000000,0.000000000
1177,0,1.000000000,1.000000000
1178,0,0.302292189,0.080000000
1179,0,1.012773762,1.001377513
1180,0,0.303367094,0.080344681
1181,0,1.012827240,1.001384331
1182,0,1.024583561,0.401441863
1183,0,1.052876414,1.007064684
1184,0,1.035433671,0.407362699
1185,0,1.000000000,1.000000000
1186,0,0.302292189,0.080000000
1187,0,1.000000000,1.000000000
1188,0,0.302292189,0.080000000
1189,0,1.257422929,1.047844828
1190,0,0.340029904,0.092331027
1191,0,1.068725833,1.009670875
1192,0,1.045322476,0.411405472
1193,0,1.005382852,1.001731329
1194,0,0.006941499,0.003119349
1195,0,1.000135573,1.000026915
1196,0,1.022071222,0.400043107
1197,0,1.000116208,1.000042194
1198,0,0.000725207,0.000326822
1199,0,1.000024867,1.000005570
1200,0,0.302293587,0.080000321
1201,0,1.114974112,1.022462900
1202,0,0.067794271,0.032329772
1203,0,1.067163252,1.022630840
1204,0,0.068723816,0.043145107
1205,0,1.007393357,1.002247241
1206,0,0.009165584,0.004323343
1207,0,1.008844826,1.003373946
1208,0,0.002819066,0.001169965
1209,0,1.000115747,1.000025464
1210,0,1.021961589,0.400008353
1211,0,1.312457601,1.074053130
1212,0,0.163934371,0.096438868
1213,0,1.044778022,1.014750231
1214,0,1.457712892,0.748147405
1215,0,1.697147673,1.472834935
1216,0,0.519023152,0.465736360
1217,0,1.040569911,1.013120117
1218,0,0.046291638,0.020889925
1219,0,1.042477629,1.013408417
1220,0,0.354622768,0.106293945
1221,0,1.067564825,1.019096539
1222,0,1.080857178,0.425925699
1223,0,1.202625460,1.068905265
1224,0,1.024984131,0.638112179
1225,0,1.541941494,1.678888309
1226,0,1.886832315,1.115044363
1227,0,1.347039603,0.627513485
1228,0,1.150791929,0.666807780
1229,0,2.000801448,1.556324392
1230,0,1.164260756,1.333999326
1231,0,1.067876776,0.429578054
1232,0,0.999379581,0.970642322
1233,0,1.499689327,1.000000080
1234,0,0.999860492,1.013906599
1235,0,1.870908742,2.008343960
1236,0,1.138741075,1.025983621
1237,0,0.319765978,0.085651291
1238,0,1.013646695,1.001413425
1239,0,1.025781077,1.799698652
1240,0,1.909561501,1.644366441
1241,0,1.937654104,1.887265858
1242,0,2.355852960,1.685732887
1243,0,1.842087297,1.902633900
1244,0,2.053912620,1.332028365
1245,0,-0.000000000,0.000000000
1246,0,1.000000000,1.000000000
1247,0,0.302292189,0.080000000
1248,0,1.060184319,1.008222222
1249,0,1.546468512,2.004071504
1250,0,1.000000000,1.000000000
1251,0,1.870950594,2.000000000
1252,0,2.305215896,1.504545455
1253,0,-0.000000000,0.000000000
1254,0,1.000000000,1.000000000
1255,0,1.021928095,0.400000000
1256,0,1.052690404,1.007034221
1257,0,0.307787926,0.081766365
1258,0,1.000000000,1.000000000
1259,0,0.302292189,0.080000000
1260,0,1.000000000,1.000000000
1261,0,1.870950594,2.000000000
1262,0,1.532052555,1.123333333
1263,0,-0.000000000,0.000000000
1264,0,1.000000000,1.000000000
1265,0,-0.000000000,0.000000000
1266,0,1.000000000,1.000000000
1267,0,-0.000000000,0.000000000
1268,0,1.000000000,1.000000000
1269,0,1.870950594,2.000000000
1270,0,1.000000000,1.000000000
1271,0,1.021928095,2.000000000
1272,0,1.228118215,1.041111111
1273,0,1.098973413,0.443011606
1274,0,1.000000000,1.000000000
1275,0,1.870950594,2.000000000
1276,0,1.000000000,1.000000000
1277,0,-0.000000000,0.000000000
1278,0,1.000000000,1.000000000
1279,0,1.021928095,0.400000000
1280,0,1.052690404,1.007034221
1281,0,-0.000000000,0.000000000
1282,0,1.000000000,1.000000000
1283,0,0.302292189,0.080000000
1284,0,1.012773762,1.001377513
1285,0,1.024571058,1.799550526
1286,0,1.052875527,1.007064537
1287,0,1.882776001,1.211975359
1288,0,1.000000000,1.000000000
1289,0,0.302292189,2.000000000
1290,0,1.012773762,1.001377513
1291,0,0.303367094,0.080344681
1292,0,1.012827240,1.001384331
1293,0,0.303372157,0.080346297
1294,0,1.012827496,1.001384364
1295,0,1.024583621,0.401441895
1296,0,1.786201266,1.214248158
1297,0,1.386263581,0.628289149
1298,0,1.081226532,1.011939387
1299,0,-0.000000000,0.000000000
1300,0,1.000000000,1.000000000
1301,0,-0.000000000,0.000000000
1302,0,1.000000000,1.000000000
1303,0,1.870950594,1.200000000
1304,0,1.532052555,1.123333333
1305,0,-0.000000000,0.000000000
1306,0,1.000000000,1.000000000
1307,0,-0.000000000,0.000000000
1308,0,1.000000000,1.000000000
1309,0,-0.000000000,0.000000000
1310,0,1.000000000,1.000000000
1311,0,1.021928095,1.800000000
1312,0,1.000000000,1.000000000
1313,0,1.021928095,0.400000000
1314,0,1.228118215,1.041111111
1315,0,1.115356030,0.448837745
1316,0,1.342960594,1.087132843
1317,0,1.232236981,0.886457720
1318,0,1.644023357,1.588945168
1319,0,1.776158333,1.759548136
1320,0,0.717398971,1.677181534
1321,0,0.719869165,0.262720718
1322,0,0.326405257,0.092304176
1323,0,0.999810499,1.016207782
1324,0,0.302288399,0.080000000
1325,0,0.999999951,1.000260948
1326,0,0.302292188,0.080000000
1327,0,1.060184319,1.008217525
1328,0,0.308717777,0.082066230
1329,0,1.061632540,1.008465156
1330,0,0.308898549,0.082124259
1331,0,1.013103016,1.001419574
1332,0,0.303398318,0.080354646
1333,0,1.012828815,1.001384533
1334,0,1.873473045,1.202363574
1335,0,1.139117071,1.022365380
1336,0,1.905092700,1.237202320
1337,0,2.329334361,1.522702672
1338,0,0.788713982,0.272367243
1339,0,1.039891774,1.005209451
1340,0,1.031640884,0.405246679
1341,0,1.000000000,1.000003556
1342,0,0.302292189,0.080000000
1343,0,1.000000000,1.000000057
1344,0,1.021928095,0.400000000
1345,0,1.000000000,0.999999995
1346,0,1.021928095,0.400000000
1347,0,1.228118215,1.041111111
1348,0,1.668546004,2.018555115
1349,0,2.046430577,1.704425251
1350,0,1.584816471,1.319896638
1351,0,1.240788713,1.045770118
1352,0,1.934947918,2.002354447
1353,0,1.149698580,1.024650165
1354,0,1.908221575,1.240474118
1355,0,2.329132625,1.523960383
1356,0,2.138753270,1.358814295
1357,0,1.000000000,1.000000000
1358,0,1.500000000,2.000000000
1359,0,1.220308818,1.039361702
1360,0,1.095770152,0.441173678
1361,0,1.000000000,1.000000000
1362,0,1.021928095,0.400000000
1363,0,1.228118215,1.041111111
1364,0,0.334665510,0.090549664
1365,0,1.000000000,1.000000000
1366,0,1.021928095,1.800000000
1367,0,1.228118215,1.041111111
1368,0,1.929031819,1.394469234
1369,0,1.148745910,1.024413463
1370,0,0.321280934,0.086140904
1371,0,1.000000000,1.000000000
1372,0,1.021928095,0.400000000
1373,0,1.000000000,1.000000000
1374,0,0.302292189,2.000000000
1375,0,1.048419662,1.011672062
1376,0,1.064554003,0.417596149
1377,0,1.176828218,1.074954654
1378,0,1.353536121,1.008197680
1379,0,1.778222671,1.270869445
1380,0,1.172343597,1.062009169
1381,0,1.468144333,1.161404878
1382,0,1.518060008,1.627733074
1383,0,1.516831174,2.560526997
1384,0,0.882517926,3.502530209
1385,0,1.800087920,2.967766933
1386,0,1.738008958,3.893558542
1387,0,1.657028917,1.047672943
1388,0,1.588342691,1.278770766
1389,0,1.892199168,1.672894543
1390,0,0.936845368,0.536013040
1391,0,0.714704729,0.350937982
1392,0,1.931172452,1.455304609
1393,0,1.620821267,1.475835801
1394,0,1.605911942,1.843451431
1395,0,0.956703999,1.859979500
1396,0,0.372653097,0.111030492
1397,0,1.033700120,1.751229687
1398,0,1.028612948,2.554937048
1399,0,1.498873043,1.092782404
1400,0,0.405388688,0.115260041
1401,0,1.035661890,0.480276215
1402,0,0.869161901,0.580682884
1403,0,1.766062350,1.330304310
1404,0,1.797522648,2.061656387
1405,0,2.231668625,2.924107601
1406,0,0.992036665,2.209944751
1407,0,1.795535854,1.935226879
1408,0,1.762727488,2.424868999
1409,0,1.514947969,1.379420885
1410,0,0.702360900,0.380471169
1411,0,1.147227715,1.042644641
1412,0,1.119535698,0.450604281
1413,0,1.081674724,1.015160005
1414,0,0.351505529,0.097023696
1415,0,1.043171378,1.005966905
1416,0,1.032216091,0.403546727
1417,0,1.056445105,1.008176661
1418,0,0.310616285,0.082511180
1419,0,1.013863625,1.001613263
1420,0,1.025047530,0.401566644
1421,0,1.053032430,1.007083255
1422,0,0.307930261,0.081797309
1423,0,1.061443517,1.008432851
1424,0,1.038033588,0.408780999
1425,0,1.053827842,1.007220973
1426,0,1.035718311,0.407515278
1427,0,1.231960455,1.042017003
1428,0,0.335345330,0.090773456
1429,0,1.000000960,1.000000048
1430,0,0.000005341,0.000000469
1431,0,1.000005067,1.000000227
1432,0,1.021928761,0.400000094
1433,0,1.052690603,1.007034234
1434,0,1.540702524,2.003495494
1435,0,1.776850217,1.210583171
1436,0,1.381087637,2.000582385
1437,0,1.001885185,1.000530544
1438,0,1.023881901,0.400545122
1439,0,1.228592265,1.041212100
1440,0,0.000504452,0.000122780
1441,0,1.000146168,1.000030696
1442,0,1.500035911,1.000009474
1443,0,1.000035058,1.000008975
1444,0,0.302331768,0.080007742
1445,0,1.012785631,1.001378541
1446,0,0.000014523,0.000001887
1447,0,1.000003231,1.000000472
1448,0,1.021929251,1.800000109
1449,0,1.000001184,1.000000063
1450,0,1.021928427,0.400000046
1451,0,1.052690515,1.007034236
1452,0,0.307788010,0.081766376
1453,0,1.262228160,1.049016781
1454,0,1.113271980,2.000000000
1455,0,1.000000011,1.000000001
1456,0,0.302292196,1.960000000
1457,0,1.012773764,1.999627699
1458,0,1.509801233,1.002393429
1459,0,1.000000000,1.000000000
1460,0,1.021928095,2.000000000
1461,0,1.905928216,1.642857143
1462,0,1.776700038,2.025299401
1463,0,1.269141518,1.053136304
1464,0,1.949293371,1.281807025
1465,0,1.158235574,1.026939840
1466,0,1.075957166,1.793820311
1467,0,1.243503873,1.044775677
1468,0,1.106655330,0.446743596
1469,0,1.843094407,1.238632344
1470,0,0.500510011,0.149632924
1471,0,1.000840104,1.000080212
1472,0,0.302752412,0.080089982
1473,0,1.000429689,1.000031430
1474,0,0.302482338,0.080031156
1475,0,1.060198791,1.008225676
1476,0,0.308733917,0.082069185
1477,0,1.013098710,1.001419193
1478,0,0.303400838,0.080354875
1479,0,1.012829696,1.001384593
1480,0,0.303372915,0.080346424
1481,0,1.000002906,1.000000375
1482,0,0.000003793,0.000000347
1483,0,1.000000063,1.000000006
1484,0,0.302292259,0.080000009
1485,0,1.000000070,1.000000003
1486,0,0.000000089,0.000000007
1487,0,1.000000017,1.000000002
1488,0,0.302292197,0.080000001
1489,0,1.012773764,1.001377513
1490,0,0.000000002,0.000000000
1491,0,1.000000000,1.000000000
1492,0,0.000000000,0.000000000
1493,0,1.000000000,1.000000000
1494,0,0.000000000,0.000000000
1495,0,1.000000000,1.000000000
1496,0,0.302292189,0.080000000
1497,0,1.012773762,1.001377513
1498,0,0.305752795,0.080998600
1499,0,1.014678050,1.001814978
1500,0,0.004807546,0.001650634
1501,0,1.004001980,1.001145064
1502,0,0.303882919,0.080558701
1503,0,1.013687309,1.001676256
1504,0,1.876631312,2.000896291
1505,0,1.313911951,1.176580524
1506,0,1.317823374,2.207009215
1507,0,1.112521861,1.060648277
1508,0,1.677652225,1.102538379
1509,0,1.080122837,1.108500333
1510,0,0.125151784,0.102807513
1511,0,1.080616796,1.058920220
1512,0,0.000000000,0.000000000
1513,0,1.000000000,1.000000000
1514,0,0.302292189,0.080000000
1515,0,1.060184319,1.008222222
1516,0,1.037639028,0.408572389
1517,0,1.053794829,1.007215404
1518,0,1.035706313,0.407510288
1519,0,1.794066974,1.217552506
1520,0,0.482360374,0.142875079
1521,0,1.410262373,1.088566513
1522,0,0.371190661,0.102813944
1523,0,1.016281423,1.001835046
1524,0,1.874251646,1.203089831
1525,0,1.139232731,1.022390007
1526,0,0.000000000,0.000000000
1527,0,1.000000000,1.000000000
1528,0,1.021928095,0.400000000
1529,0,1.784319623,1.213461538
1530,0,0.000000000,0.000000000
1531,0,1.000000000,1.000000000
1532,0,0.302292189,0.080000000
1533,0,1.000000000,1.000000000
1534,0,1.021928095,1.800000000
1535,0,1.052690404,1.007034221
1536,0,0.000000000,0.000000000
1537,0,1.000000000,1.000000000
1538,0,1.021928095,2.000000000
1539,0,1.052690404,1.007034221
1540,0,1.899445864,2.000404943
1541,0,1.326179751,1.180431850
1542,0,1.382570126,0.667164162
1543,0,1.247560677,1.157144085
1544,0,2.154138354,2.073093416
1545,0,1.380568442,1.161479833
1546,0,1.255826588,1.925523658
1547,0,1.215090888,1.195782525
1548,0,1.220724381,0.587680802
1549,0,1.199584079,1.090172136
1550,0,1.195615800,2.101529551
1551,0,1.122553681,1.097266967
1552,0,0.000000000,0.000000000
1553,0,1.000000000,1.000000000
1554,0,0.302292189,0.080000000
1555,0,1.038594890,1.010875847
1556,0,0.344756991,0.098347081
1557,0,1.064376810,1.017792086
1558,0,1.945091239,1.236217997
1559,0,1.593356461,1.138208885
1560,0,0.416479253,0.120289417
1561,0,1.094038017,1.018933019
1562,0,0.311829483,0.083064246
1563,0,1.062344501,1.008550498
1564,0,1.038299642,1.999984404
1565,0,1.232682798,1.042180760
1566,0,0.000000735,0.000000111
1567,0,1.000003502,1.000000157
1568,0,0.302293491,0.080000141
1569,0,1.012774052,1.001377529
1570,0,1.873460892,2.000069791
1571,0,1.000000076,1.000000004
1572,0,0.302292237,0.080000006
1573,0,1.000000047,1.000000005
1574,0,1.021928105,0.400000001
1575,0,1.052690407,1.007034221
1576,0,0.000000004,0.000000000
1577,0,1.000000001,1.000000000
1578,0,1.021928095,0.400000000
1579,0,1.000000000,1.000000000
1580,0,1.870950595,1.200000000
1581,0,1.000000000,1.000000000
1582,0,0.000000000,0.000000000
1583,0,1.000000000,1.000000000
1584,0,0.302292189,0.080000000
1585,0,1.000000000,1.000000000
1586,0,1.500000000,2.000000000
1587,0,1.220308818,1.039361702
1588,0,1.095770152,0.441173678
1589,0,1.248910246,1.046069277
1590,0,0.338386403,2.000000000
1591,0,1.014588179,1.001611406
1592,0,0.000000000,0.000000000
1593,0,1.000000000,1.000000000
1594,0,0.000000000,0.000000000
1595,0,1.000000000,1.000000000
1596,0,0.000000000,0.000000000
1597,0,1.000000000,1.000000000
1598,0,1.500000000,1.000000000
1599,0,1.220308818,1.039361702
1600,0,0.000000000,0.000000000
1601,0,1.000000000,1.000000000
1602,0,0.302292189,2.000000000
1603,0,1.060184319,1.997777778
1604,0,1.546468512,1.013997302
1605,0,1.778829952,1.211412080
1606,0,1.382338859,0.624618563
1607,0,1.002159653,1.000618103
1608,0,1.024167734,1.800402469
1609,0,1.228662825,1.041228770
1610,0,1.099522967,0.443148292
1611,0,1.058434106,1.007979061
1612,0,1.037194072,0.408261995
1613,0,1.000175491,1.000034851
1614,0,1.021948063,0.400003509
1615,0,1.273804647,1.086561980
1616,0,1.127243787,0.453427938
1617,0,0.195383689,0.054574045
1618,0,0.030911043,0.005670164
1619,0,1.152967969,1.021847547
1620,0,1.560451893,2.005303002
1621,0,1.000872198,2.000206176
1622,0,0.998490605,1.894899003
1623,0,1.200186971,1.814437873
1624,0,0.982366108,1.686649256
1625,0,1.170933174,1.612581404
1626,0,1.700809403,1.655724614
1627,0,1.925148355,1.655415801
1628,0,0.942407521,0.446725070
1629,0,1.039042656,0.487581826
1630,0,0.795216656,0.480211280
1631,0,-0.000000000,0.000000000
1632,0,0.282292189,0.080000000
1633,0,1.596065806,1.411809198
1634,0,1.339881951,0.687472372
1635,0,2.049102442,1.300596789
1636,0,1.693618319,1.254396592
1637,0,1.073450116,1.341122389
1638,0,0.320041648,0.086408751
1639,0,1.057274962,1.014904511
1640,0,1.037617855,0.408688887
1641,0,1.195026052,1.030200036
1642,0,1.914520680,1.385340006
1643,0,0.999970565,0.993612140
1644,0,0.302291600,0.080000000
1645,0,0.999999276,0.998997888
1646,0,1.021928022,1.999799578
1647,0,0.999984382,0.995346870
1648,0,0.302291877,0.080000000
1649,0,1.050616843,1.006352416
1650,0,1.529362112,2.009822402
1651,0,1.184125766,1.012979272
1652,0,0.329518822,0.088940361
1653,0,1.011900298,1.000587236
1654,0,1.872965005,1.399442231
1655,0,0.999850859,0.985621346
1656,0,0.302289206,0.080000000
1657,0,1.050536915,1.006452281
1658,0,-0.000000000,0.000000000
1659,0,1.000000000,1.000000000
1660,0,0.302292189,0.080000000
1661,0,1.010784836,1.001785714
1662,0,1.024228392,1.799495303
1663,0,1.044337928,1.009101367
1664,0,1.879475398,1.210380799
1665,0,1.116319777,1.005835559
1666,0,1.058774424,0.420713437
1667,0,1.046310053,1.002209460
1668,0,1.034251971,0.406865329
1669,0,1.193700502,1.033004482
1670,0,1.914116270,1.385222525
1671,0,1.465803411,1.112652799
1672,0,1.974834444,1.370815456
1673,0,0.999912960,1.010984564
1674,0,0.302290448,0.080000000
1675,0,1.050744696,1.006046469
1676,0,-0.000000000,0.000000000
1677,0,1.000000000,1.000000000
1678,0,-0.000000000,0.000000000
1679,0,1.000000000,1.000000000
1680,0,1.021928095,0.400000000
1681,0,0.999984960,0.995433790
1682,0,0.302291888,0.080000000
1683,0,0.999999320,1.000971183
1684,0,1.870950390,1.400000000
1685,0,1.115111077,1.028832390
1686,0,1.895510624,1.392018035
1687,0,1.118768034,1.006724806
1688,0,0.318063371,0.085149696
1689,0,0.999999471,1.000856393
1690,0,-0.000000000,0.000000000
1691,0,1.000000000,1.000000000
1692,0,1.870950594,2.000000000
1693,0,0.999848483,0.985507246
1694,0,1.870905139,1.200000000
1695,0,0.999753648,1.018479630
1696,0,-0.000000000,0.000000000
1697,0,1.000000000,1.000000000
1698,0,0.302292189,0.080000000
1699,0,1.050654972,1.006444444
1700,0,1.880819478,2.004002038
1701,0,0.999877104,0.986947601
1702,0,0.302289731,0.080000000
1703,0,1.050547833,1.006431061
1704,0,-0.000000000,0.000000000
1705,0,1.000000000,1.000000000
1706,0,0.302292189,0.080000000
1707,0,1.050654972,1.006444444
1708,0,1.035616201,0.407633189
1709,0,1.045017245,1.002266287
1710,0,1.879630306,1.210562631
1711,0,1.446623334,1.098528436
1712,0,1.970754322,1.362806893
1713,0,0.999977255,0.994384727
1714,0,0.302291734,0.080000000
1715,0,1.050700889,1.006132378
1716,0,-0.000000000,0.000000000
1717,0,1.000000000,1.000000000
1718,0,-0.000000000,0.000000000
1719,0,1.000000000,1.000000000
1720,0,1.870950594,1.200000000
1721,0,0.999848483,0.985507246
1722,0,0.302289159,0.080000000
1723,0,0.999999063,1.001139719
1724,0,1.021928001,2.000227944
1725,0,0.999984301,1.004665066
1726,0,1.021926525,0.400000000
1727,0,1.044171456,1.009490099
1728,0,-0.000000000,0.000000000
1729,0,1.000000000,1.000000000
1730,0,-0.000000000,0.000000000
1731,0,1.000000000,1.000000000
1732,0,0.302292189,0.080000000
1733,0,1.010784836,1.001785714
1734,0,1.024228392,0.401277276
1735,0,1.044337928,1.009101367
1736,0,-0.000000000,0.000000000
1737,0,1.000000000,1.000000000
1738,0,1.021928095,0.400000000
1739,0,1.044208200,1.001704545
1740,0,1.033603662,0.406505016
1741,0,1.044868282,1.001846444
1742,0,1.033806725,0.406617882
1743,0,0.999985213,0.995472407
1744,0,-0.000000000,0.000000000
1745,0,1.000000000,1.000000000
1746,0,0.302292189,0.080000000
1747,0,1.010784836,1.001785714
1748,0,0.303238394,0.080306742
1749,0,1.010823040,1.000340490
1750,0,0.303242178,0.080307966
1751,0,0.999999425,1.000893076
1752,0,0.302292178,0.080000000
1753,0,1.010783245,1.001800731
1754,0,1.872752016,1.399489572
1755,0,0.999849181,0.985540650
1756,0,0.302289173,0.080000000
1757,0,1.010758997,1.002028833
1758,0,1.506182014,2.000021501
1759,0,0.999524661,1.025668794
1760,0,1.870807993,1.400000000
1761,0,0.999664887,0.978447046
1762,0,-0.000000000,0.000000000
1763,0,1.000000000,1.000000000
1764,0,0.302292189,0.080000000
1765,0,0.999999424,0.999106345
1766,0,0.302292178,0.080000000
1767,0,1.010783244,1.001800740
1768,0,1.024228062,0.401277121
1769,0,1.191442741,1.031196493
1770,0,-0.000000000,0.000000000
1771,0,1.000000000,1.000000000
1772,0,1.870950594,1.400000000
1773,0,2.101710523,1.842857143
1774,0,2.014897675,2.180721269
1775,0,1.171708463,1.089605569
1776,0,1.909440408,1.251698194
1777,0,0.999885688,1.012588344
1778,0,-0.000000000,0.000000000
1779,0,1.000000000,1.000000000
1780,0,1.021928095,0.400000000
1781,0,1.190930197,1.031111111
1782,0,-0.000000000,0.000000000
1783,0,1.000000000,1.000000000
1784,0,0.302292189,0.080000000
1785,0,1.010784836,1.001785714
1786,0,1.024228392,0.401277276
1787,0,1.191443368,1.031195086
1788,0,1.089371690,0.438380164
1789,0,1.048251604,1.007482534
1790,0,-0.000000000,0.000000000
1791,0,1.000000000,1.000000000
1792,0,1.021928095,0.400000000
1793,0,1.044208200,1.001704545
1794,0,1.033603662,0.406505016
1795,0,1.044868282,1.001846444
1796,0,-0.000000000,0.000000000
1797,0,1.000000000,1.000000000
1798,0,1.500000000,1.000000000
1799,0,1.633875355,1.161111111
1800,0,2.002821462,1.448403173
1801,0,1.144669295,1.042589449
1802,0,0.322230931,0.086519551
1803,0,0.999999987,0.999866500
1804,0,0.302292189,0.080000000
1805,0,1.010784598,1.001787959
1806,0,1.872752480,1.399489801
1807,0,2.102647437,1.462869509
1808,0,1.692767321,0.909759206
1809,0,0.999398273,0.971119989
1810,0,-0.000000000,0.000000000
1811,0,1.000000000,1.000000000
1812,0,-0.000000000,0.000000000
1813,0,1.000000000,1.000000000
1814,0,-0.000000000,0.000000000
1815,0,1.000000000,1.000000000
1816,0,1.021928095,0.400000000
1817,0,0.999984960,0.995433790
1818,0,-0.000000000,0.000000000
1819,0,1.000000000,1.000000000
1820,0,0.302292189,0.080000000
1821,0,1.050654972,1.006222222
1822,0,1.880819478,1.996411420
1823,0,0.999877104,1.013052399
1824,0,-0.000000000,0.000000000
1825,0,1.000000000,1.000000000
1826,0,-0.000000000,0.000000000
1827,0,1.000000000,1.000000000
1828,0,-0.000000000,0.000000000
1829,0,1.000000000,1.000000000
1830,0,1.021928095,0.400000000
1831,0,0.999984960,0.995433790
1832,0,-0.000000000,0.000000000
1833,0,1.000000000,1.000000000
1834,0,-0.000000000,0.000000000
1835,0,1.000000000,1.000000000
1836,0,1.021928095,2.000000000
1837,0,1.190930197,1.987777778
1838,0,1.493759947,1.476361768
1839,0,1.624717072,1.185676060
1840,0,2.461416890,1.679101223
1841,0,2.194688895,1.570807791
1842,0,1.765744604,1.453970444
1843,0,1.617919379,0.818906057
1844,0,1.938839338,1.395289200
1845,0,1.560281780,1.386745469
1846,0,0.428182382,0.124316667
1847,0,1.017155050,1.012149953
1848,0,1.874153488,2.008435038
1849,0,1.445013037,1.101212772
1850,0,-0.000000000,0.000000000
1851,0,1.000000000,1.000000000
1852,0,1.021928095,0.400000000
1853,0,1.190930197,1.031111111
1854,0,1.913428813,1.982691867
1855,0,0.999959289,1.007512472
1856,0,1.870938381,1.200000000
1857,0,1.114942710,1.030589906
1858,0,1.058286918,0.420442803
1859,0,1.046258477,1.009463188
1860,0,0.307376691,0.081651529
1861,0,0.999999432,1.000887548
1862,0,0.302292178,0.080000000
1863,0,1.010783255,1.001800638
1864,0,1.024228064,0.401277122
1865,0,1.044337770,1.001730828
1866,0,0.307130726,0.081571645
1867,0,1.219473055,1.042894968
1868,0,0.336271650,1.955380817
1869,0,1.057121677,1.008222260
1870,0,0.308801419,0.082114964
1871,0,0.999999565,0.999223117
1872,0,1.870950464,1.200000000
1873,0,1.115116003,1.028780181
1874,0,0.317488580,0.084961919
1875,0,0.999999429,1.000890069
1876,0,0.302292178,0.080000000
1877,0,0.999999404,0.999091233
1878,0,0.302292177,0.080000000
1879,0,0.999999404,0.999090915
1880,0,1.021928035,0.400000000
1881,0,1.190902077,1.031183838
1882,0,1.089142661,1.784883808
1883,0,0.999995531,0.997510823
1884,0,0.302292100,0.080000000
1885,0,1.050634584,1.006262049
1886,0,1.880811550,1.396971461
1887,0,1.447457618,1.099871964
1888,0,0.390408411,0.109828290
1889,0,1.279664273,1.061484343
1890,0,1.129232755,0.461906791
1891,0,1.050865110,1.004790843
1892,0,1.035651421,0.407637328
1893,0,1.045040319,1.002500413
1894,0,1.033856049,1.797382259
1895,0,1.193623190,1.033017477
1896,0,1.914098563,2.019908518
1897,0,0.999961887,0.992731252
1898,0,-0.000000000,0.000000000
1899,0,1.000000000,1.000000000
1900,0,0.302292189,0.080000000
1901,0,1.010784836,1.000334821
1902,0,0.303238394,0.080306742
1903,0,1.010823040,1.001788807
1904,0,0.303242178,0.080307966
1905,0,0.999999425,0.999106924
1906,0,-0.000000000,0.000000000
1907,0,1.000000000,1.000000000
1908,0,-0.000000000,0.000000000
1909,0,1.000000000,1.000000000
1910,0,0.302292189,0.080000000
1911,0,1.010784836,1.001785714
1912,0,0.303238394,0.080306742
1913,0,1.010823040,1.001788807
1914,0,0.303242178,0.080307966
1915,0,0.999999425,1.000893076
1916,0,0.302292178,0.080000000
1917,0,1.010783245,1.000319239
1918,0,0.303238269,0.080306705
1919,0,1.216729750,1.032155373
1920,0,0.335734414,0.091024849
1921,0,1.012200516,1.001370702
1922,0,0.303378855,0.080352065
1923,0,0.999999442,0.999120818
1924,0,0.302292178,0.080000000
1925,0,0.999999405,1.000908582
1926,0,1.499999702,2.000908582
1927,0,2.242477456,2.753966553
1928,0,1.960488086,1.791666960
1929,0,0.995043058,0.917151300
1930,0,-0.000000000,0.000000000
1931,0,1.000000000,1.000000000
1932,0,-0.000000000,0.000000000
1933,0,1.000000000,1.000000000
1934,0,1.021928095,0.400000000
1935,0,1.190930197,1.032222222
1936,0,1.089151666,0.438252490
1937,0,1.699202911,1.211817484
1938,0,1.371801315,0.623668855
1939,0,1.279431809,1.032163793
1940,0,0.348300234,0.095246930
1941,0,1.012805902,1.001989528
1942,0,0.303438547,0.080371196
1943,0,0.999999464,1.000861800
1944,0,0.302292178,0.080000000
1945,0,0.999999405,1.000908287
1946,0,-0.000000000,0.000000000
1947,0,1.000000000,1.000000000
1948,0,1.870950594,1.400000000
1949,0,0.999848483,1.014492754
1950,0,0.302289159,0.080000000
1951,0,0.999999063,0.998860281
1952,0,1.870950313,1.400000000
1953,0,0.999841855,1.014806345
1954,0,1.021912280,0.400000000
1955,0,1.657693298,1.188015195
1956,0,0.458830743,0.134711493
1957,0,1.080792456,1.014921330
1958,0,0.312096172,0.083186989
1959,0,1.223483163,1.033121465
1960,0,0.337032640,0.091457960
1961,0,1.012260494,1.001315596
1962,0,1.873041654,1.202361481
1963,0,0.999854503,0.985798056
1964,0,-0.000000000,0.000000000
1965,0,1.000000000,1.000000000
1966,0,0.302292189,2.000000000
1967,0,0.999999424,0.999106345
1968,0,1.009286908,0.576238032
1969,0,0.729919899,0.331928710
1970,0,0.311421179,0.085889337
1971,0,0.999860914,0.986114491
1972,0,-0.000000000,0.000000000
1973,0,1.000000000,1.000000000
1974,0,1.021928095,0.400000000
1975,0,0.999984960,0.995433790
1976,0,1.499992480,1.995433790
1977,0,2.241997273,1.778197320
1978,0,1.856877832,2.142368238
1979,0,1.446384583,1.165615098
1980,0,1.217878244,0.517486066
1981,0,0.999842460,1.014777993
1982,0,0.302289038,0.080000000
1983,0,1.010811049,1.000592673
1984,0,-0.000000000,0.000000000
1985,0,1.000000000,1.000000000
1986,0,1.021928095,2.000000000
1987,0,0.999984960,0.995433790
1988,0,0.302291888,0.080000000
1989,0,1.050617556,1.006354135
1990,0,-0.000000000,0.000000000
1991,0,1.000000000,1.000000000
1992,0,-0.000000000,0.000000000
1993,0,1.000000000,1.000000000
1994,0,0.302292189,0.080000000
1995,0,1.216063438,1.041991342
1996,0,1.101741093,0.445542296
1997,0,1.210068336,1.031290732
1998,0,1.598825630,1.035565517
1999,0,1.671930206,1.198364977
2000,0,-0.000000000,0.000000000
2001,0,1.000000000,1.000000000
2002,0,0.302292189,0.080000000
2003,0,1.216063438,1.032034632
2004,0,0.336247836,0.091184843
2005,0,1.012232373,1.001173653
2006,0,0.303404737,0.080359949
2007,0,1.050866935,1.006503172
2008,0,1.035973063,0.407812599
2009,0,0.999988054,0.995930514
2010,0,1.021926900,1.800000000
2011,0,0.999982545,0.995080821
2012,0,1.499991272,1.000000000
2013,0,1.180659288,1.006971062
2014,0,1.798622380,2.063049047
2015,0,1.629293378,1.683723606
2016,0,1.511654610,1.201695534
2017,0,1.175494573,1.225329355
2018,0,1.904447809,1.391590139
2019,0,0.997849090,1.054592232
2020,0,-0.000000000,0.000000000
2021,0,1.000000000,1.000000000
2022,0,1.021928095,0.400000000
2023,0,0.999984960,0.995433790
2024,0,-0.000000000,0.000000000
2025,0,1.000000000,1.000000000
2026,0,1.021928095,0.400000000
2027,0,1.170643849,1.048504983
2028,0,0.851293166,0.553945585
2029,0,0.952942021,1.254015296
2030,0,1.860745179,1.415160189
2031,0,1.540191926,1.255055231
2032,0,-0.000000000,0.000000000
2033,0,1.000000000,1.000000000
2034,0,1.413276880,0.729411765
2035,0,1.112326211,1.753623188
2036,0,1.700161700,1.914975845
2037,0,1.865230587,1.207705383
2038,0,1.755609247,1.136035702
2039,0,0.772364249,0.332015516
2040,0,1.095673531,1.068740913
2041,0,0.021098102,0.008126920
2042,0,1.000570690,1.000037700
2043,0,1.009166569,1.491204975
2044,0,1.242241280,1.923016326
2045,0,2.092409889,2.356285569
2046,0,2.488787938,1.600319656
2047,0,2.105020510,1.664158263
2048,0,1.832182035,1.586303747
2049,0,1.433448654,0.920119344
2050,0,1.397162075,1.577369363
2051,0,1.614328776,1.055658989
2052,0,2.001714243,1.486087396
2053,0,1.859709181,1.198956895
2054,0,2.248781166,1.623086843
2055,0,2.116585169,1.380953099
2056,0,1.078724746,0.974930402
2057,0,1.581562199,1.059608517
2058,0,-0.000000000,0.000000000
2059,0,1.000000000,1.000000000
2060,0,1.870950594,1.400000000
2061,0,2.118687740,1.535537190
2062,0,2.182673800,1.397870685
2063,0,1.439702752,0.918177689
2064,0,1.167466819,0.744812685
2065,0,0.534719040,0.164489116
2066,0,1.231061522,1.078640087
2067,0,1.851715548,2.319382186
2068,0,1.782712731,1.373471618
2069,0,1.026957853,0.438756036
2070,0,0.924701552,0.313547858
2071,0,1.483100518,0.671852851
2072,0,1.511786983,1.095743398
2073,0,1.492256941,1.245955948
2074,0,1.775880542,2.221877395
2075,0,1.511659897,1.217804751
2076,0,2.521523916,1.584642786
2077,0,1.501951586,1.096569732
2078,0,1.731672483,1.514392352
2079,0,1.614377952,2.294830585
2080,0,0.398956755,0.337348545
2081,0,-0.000000000,0.000000000
2082,0,-0.000000000,0.000000000
2083,0,-0.000000000,0.000000000
2084,0,0.143726170,0.040816327
2085,0,-0.000000000,0.000000000
2086,0,0.503258335,0.222222222
2087,0,0.721928095,0.400000000
2088,0,0.322756959,0.117647059
2089,0,0.195909271,0.060606061
2090,0,-0.000000000,0.000000000
2091,0,1.000000000,1.000000000
2092,0,0.833764907,0.529411765
2093,0,1.371306834,0.902298851
2094,0,0.805848732,0.434473116
2095,0,-0.000000000,0.000000000
2096,0,0.143726170,0.040816327
2097,0,0.004850167,0.000757289
2098,0,-0.000000000,0.000000000
2099,0,-0.000000000,0.000000000
2100,0,0.503258335,0.222222222
2101,0,0.095970403,0.024691358
2102,0,0.154729451,0.044806517
2103,0,-0.000000000,0.000000000
2104,0,-0.000000000,0.000000000
2105,0,-0.000000000,0.000000000
2106,0,0.503258335,0.222222222
2107,0,0.095970403,0.024691358
2108,0,0.154729451,0.044806517
2109,0,0.005269238,0.000831475
2110,0,-0.000000000,0.000000000
2111,0,-0.000000000,0.000000000
2112,0,0.503258335,0.222222222
2113,0,0.021519932,0.004158004
2114,0,0.508167846,0.225508318
2115,0,0.097122578,0.025056480
2116,0,-0.000000000,0.000000000
2117,0,-0.000000000,0.000000000
2118,0,0.503258335,0.222222222
2119,0,-0.000000000,0.000000000
2120,0,-0.000000000,0.000000000
2121,0,-0.000000000,0.000000000
2122,0,0.143726170,0.040816327
2123,0,0.023187512,0.004535147
2124,0,0.508611331,0.225806452
2125,0,0.021821359,0.004225777
2126,0,0.508247563,0.225561892
2127,0,0.021800814,0.004221152
2128,0,0.508242123,0.225558236
2129,0,0.097140050,0.025062026
2130,0,-0.000000000,0.000000000
2131,0,-0.000000000,0.000000000
2132,0,0.503258335,0.222222222
2133,0,-0.000000000,0.000000000
2134,0,0.503258335,0.222222222
2135,0,0.095970403,0.024691358
2136,0,0.088879696,0.022471910
2137,0,0.526823489,0.238238238
2138,0,0.734724249,0.412984671
2139,0,-0.000000000,0.000000000
2140,0,-0.000000000,0.000000000
2141,0,-0.000000000,0.000000000
2142,0,-0.000000000,0.000000000
2143,0,-0.000000000,0.000000000
2144,0,0.143726170,0.040816327
2145,0,0.004850167,0.000757289
2146,0,0.144064358,0.040937481
2147,0,-0.000000000,0.000000000
2148,0,0.503258335,1.777777778
2149,0,-0.000000000,0.000000000
2150,0,0.503258335,0.222222222
2151,0,0.095970403,0.024691358
2152,0,-0.000000000,0.000000000
2153,0,-0.000000000,0.000000000
2154,0,0.143726170,0.040816327
2155,0,0.023187512,0.004535147
2156,0,-0.000000000,0.000000000
2157,0,-0.000000000,0.000000000
2158,0,0.143726170,0.040816327
2159,0,0.023187512,0.004535147
2160,0,0.145750730,0.041543027
2161,0,-0.000000000,0.000000000
2162,0,0.143726170,0.040816327
2163,0,0.102899790,0.026905830
2164,0,0.155714199,0.045168456
2165,0,0.005307016,0.000838206
2166,0,0.144100491,0.040950431
2167,0,0.103170488,0.026993236
2168,0,-0.000000000,0.000000000
2169,0,-0.000000000,0.000000000
2170,0,0.503258335,0.222222222
2171,0,-0.000000000,0.000000000
2172,0,-0.000000000,0.000000000
2173,0,-0.000000000,0.000000000
2174,0,0.143726170,0.040816327
2175,0,0.004850167,0.000757289
2176,0,0.144064358,0.040937481
2177,0,0.023246603,0.004548609
2178,0,0.145756737,0.041545188
2179,0,0.004927081,0.000770838
2180,0,-0.000000000,0.000000000
2181,0,-0.000000000,0.000000000
2182,0,0.503258335,0.222222222
2183,0,0.021519932,0.004158004
2184,0,-0.000000000,0.000000000
2185,0,-0.000000000,0.000000000
2186,0,-0.000000000,0.000000000
2187,0,-0.000000000,0.000000000
2188,0,-0.000000000,0.000000000
2189,0,-0.000000000,0.000000000
2190,0,0.985228136,0.857142857
2191,0,0.276195428,0.095238095
2192,0,0.607171655,0.297872340
2193,0,0.027750437,0.005593288
2194,0,0.509853998,0.226642984
2195,0,0.097519510,0.025182554
2196,0,-0.000000000,0.000000000
2197,0,-0.000000000,0.000000000
2198,0,0.143726170,0.040816327
2199,0,-0.000000000,0.000000000
2200,0,0.143726170,0.040816327
2201,0,0.004850167,0.000757289
2202,0,0.504155247,0.222820599
2203,0,-0.000000000,0.000000000
2204,0,-0.000000000,0.000000000
2205,0,-0.000000000,0.000000000
2206,0,0.503258335,0.222222222
2207,0,0.095970403,0.024691358
2208,0,-0.000000000,0.000000000
2209,0,-0.000000000,0.000000000
2210,0,0.503258335,1.777777778
2211,0,0.021519932,0.004158004
2212,0,-0.000000000,0.000000000
2213,0,-0.000000000,0.000000000
2214,0,0.143726170,0.040816327
2215,0,0.023187512,0.004535147
2216,0,0.145750730,0.041543027
2217,0,0.004926853,0.000770798
2218,0,-0.000000000,0.000000000
2219,0,-0.000000000,0.000000000
2220,0,0.143726170,0.040816327
2221,0,0.004850167,0.000757289
2222,0,0.504155247,0.222820599
2223,0,0.096180499,0.024757844
2224,0,0.154759021,0.044817374
2225,0,-0.000000000,0.000000000
2226,0,0.143726170,0.040816327
2227,0,0.004850167,0.000757289
2228,0,0.144064358,0.040937481
2229,0,0.023246603,0.004548609
2230,0,0.145756737,0.041545188
2231,0,0.004927081,0.000770838
2232,0,0.144070409,0.040939649
2233,0,0.004863192,0.000759581
2234,0,0.504157960,0.222822411
2235,0,0.096181134,0.024758046
2236,0,0.154759111,0.044817407
2237,0,0.025124189,0.004979712
2238,0,0.989455188,1.133312823
2239,0,-0.000000000,0.000000000
2240,0,0.143726170,0.040816327
2241,0,0.004850167,0.000757289
2242,0,-0.000000000,0.000000000
2243,0,-0.000000000,0.000000000
2244,0,-0.000000000,0.000000000
2245,0,-0.000000000,0.000000000
2246,0,0.985228136,0.857142857
2247,0,0.069054382,0.016528926
2248,0,0.151096971,0.043478261
2249,0,0.024479319,0.004830918
2250,0,0.145882706,0.041590516
2251,0,-0.000000000,0.000000000
2252,0,0.143726170,0.040816327
2253,0,-0.000000000,0.000000000
2254,0,0.143726170,0.040816327
2255,0,0.004850167,0.000757289
2256,0,-0.000000000,0.000000000
2257,0,-0.000000000,0.000000000
2258,0,0.143726170,0.040816327
2259,0,0.023187512,0.004535147
2260,0,0.508611331,0.225806452
2261,0,0.021821359,0.004225777
2262,0,-0.000000000,0.000000000
2263,0,-0.000000000,0.000000000
2264,0,0.143726170,0.040816327
2265,0,0.004850167,0.000757289
2266,0,0.144064358,0.040937481
2267,0,0.103144358,0.026984796
2268,0,-0.000000000,0.000000000
2269,0,-0.000000000,0.000000000
2270,0,-0.000000000,0.000000000
2271,0,-0.000000000,0.000000000
2272,0,-0.000000000,0.000000000
2273,0,-0.000000000,0.000000000
2274,0,0.143726170,0.040816327
2275,0,-0.000000000,0.000000000
2276,0,0.503258335,0.222222222
2277,0,-0.000000000,0.000000000
2278,0,0.503258335,0.222222222
2279,0,0.095970403,0.024691358
2280,0,1.002458636,1.096663815
2281,0,0.073104391,0.017710360
2282,0,0.998304428,0.893034046
2283,0,-0.000000000,0.000000000
2284,0,0.503258335,0.222222222
2285,0,0.021519932,0.004158004
2286,0,-0.000000000,0.000000000
2287,0,-0.000000000,0.000000000
2288,0,0.503258335,0.222222222
2289,0,0.021519932,0.004158004
2290,0,0.145582434,0.041482489
2291,0,0.023512068,0.004609165
2292,0,0.023146140,0.004525726
2293,0,0.508069112,1.774558026
2294,0,1.018686888,0.803662173
2295,0,0.371785943,0.143156491
2296,0,0.207195364,0.065170442
2297,0,0.148884198,0.042674430
2298,0,-0.000000000,0.000000000
2299,0,-0.000000000,0.000000000
2300,0,-0.000000000,0.000000000
2301,0,-0.000000000,0.000000000
2302,0,0.143726170,0.040816327
2303,0,0.004850167,0.000757289
2304,0,0.144064358,0.040937481
2305,0,0.004862963,0.000759541
2306,0,-0.000000000,0.000000000
2307,0,-0.000000000,0.000000000
2308,0,0.143726170,0.040816327
2309,0,0.004850167,0.000757289
2310,0,0.504155247,0.222820599
2311,0,-0.000000000,0.000000000
2312,0,0.503258335,0.222222222
2313,0,0.021519932,0.004158004
2314,0,0.508167846,0.225508318
2315,0,-0.000000000,0.000000000
2316,0,0.503258335,0.222222222
2317,0,-0.000000000,0.000000000
2318,0,-0.000000000,0.000000000
2319,0,-0.000000000,0.000000000
2320,0,-0.000000000,0.000000000
2321,0,-0.000000000,0.000000000
2322,0,0.143726170,0.040816327
2323,0,0.023187512,0.004535147
2324,0,0.145750730,0.041543027
2325,0,0.004926853,0.000770798
2326,0,0.144070391,0.040939643
2327,0,0.004863192,0.000759581
2328,0,0.504157960,0.222822410
2329,0,0.096181134,0.024758046
2330,0,0.154759111,0.044817407
2331,0,-0.000000000,0.000000000
2332,0,0.143726170,0.040816327
2333,0,0.004850167,0.000757289
2334,0,0.985956528,0.858710044
2335,0,0.780133673,0.462359383
2336,0,-0.000000000,0.000000000
2337,0,-0.000000000,0.000000000
2338,0,0.143726170,0.040816327
2339,0,-0.000000000,0.000000000
2340,0,0.143726170,0.040816327
2341,0,0.004850167,0.000757289
2342,0,0.504155247,0.222820599
2343,0,-0.000000000,0.000000000
2344,0,0.985228136,0.857142857
2345,0,0.276195428,0.095238095
2346,0,0.607171655,0.297872340
2347,0,-0.000000000,0.000000000
2348,0,0.143726170,0.040816327
2349,0,0.004850167,0.000757289
2350,0,0.504155247,1.777179401
2351,0,-0.000000000,0.000000000
2352,0,0.143726170,0.040816327
2353,0,0.004850167,0.000757289
2354,0,0.144064358,0.040937481
2355,0,0.023246603,0.004548609
2356,0,0.145756737,0.041545188
2357,0,0.023542570,0.004616132
2358,0,0.145786867,0.041556029
2359,0,-0.000000000,0.000000000
2360,0,0.985228136,0.857142857
2361,0,0.069054382,0.016528926
2362,0,0.522559375,1.764705882
2363,0,-0.000000000,0.000000000
2364,0,-0.000000000,0.000000000
2365,0,-0.000000000,0.000000000
2366,0,0.503258335,0.222222222
2367,0,-0.000000000,0.000000000
2368,0,0.503258335,0.222222222
2369,0,-0.000000000,0.000000000
2370,0,0.143726170,0.040816327
2371,0,0.004850167,0.000757289
2372,0,0.504155247,0.222820599
2373,0,-0.000000000,0.000000000
2374,0,-0.000000000,0.000000000
2375,0,-0.000000000,0.000000000
2376,0,0.503258335,1.777777778
2377,0,0.095970403,0.024691358
2378,0,-0.000000000,0.000000000
2379,0,-0.000000000,0.000000000
2380,0,0.503258335,1.777777778
2381,0,0.021519932,0.004158004
2382,0,0.145582434,0.041482489
2383,0,0.023512068,0.004609165
2384,0,0.145783759,0.041554910
2385,0,-0.000000000,0.000000000
2386,0,-0.000000000,0.000000000
2387,0,-0.000000000,0.000000000
2388,0,0.143726170,0.040816327
2389,0,-0.000000000,0.000000000
2390,0,0.503258335,0.222222222
2391,0,-0.000000000,0.000000000
2392,0,-0.000000000,0.000000000
2393,0,-0.000000000,0.000000000
2394,0,0.143726170,0.040816327
2395,0,-0.000000000,0.000000000
2396,0,0.503258335,0.222222222
2397,0,0.021519932,0.004158004
2398,0,0.145582434,0.041482489
2399,0,0.023512068,0.004609165
2400,0,0.145783759,0.041554910
2401,0,-0.000000000,0.000000000
2402,0,-0.000000000,0.000000000
2403,0,-0.000000000,0.000000000
2404,0,0.143726170,0.040816327
2405,0,-0.000000000,0.000000000
2406,0,0.503258335,0.222222222
2407,0,0.021519932,0.004158004
2408,0,-0.000000000,0.000000000
2409,0,-0.000000000,0.000000000
2410,0,0.503258335,0.222222222
2411,0,0.021519932,0.004158004
2412,0,0.508167846,0.225508318
2413,0,0.097122578,0.025056480
2414,0,0.154891837,0.044866147
2415,0,0.005275465,0.000832584
2416,0,-0.000000000,0.000000000
2417,0,-0.000000000,0.000000000
2418,0,0.985228136,0.857142857
2419,0,-0.000000000,0.000000000
2420,0,0.143726170,0.040816327
2421,0,0.004850167,0.000757289
2422,0,0.504155247,0.222820599
2423,0,0.096180499,0.024757844
2424,0,0.343037120,0.127955673
2425,0,0.225464158,0.075372958
2426,0,0.178036314,0.055199749
2427,0,0.017067660,0.005369652
2428,0,0.012036359,0.005546162
2429,0,0.001438336,0.000465589
2430,0,0.145268023,0.041395314
2431,0,0.001582233,0.000462863
2432,0,0.144373544,0.041021954
2433,0,0.000412362,0.000105986
2434,0,0.503344547,1.777787539
2435,0,0.021546677,0.004163661
2436,0,0.000029666,0.000007449
2437,0,0.000001643,0.000000323
2438,0,0.000001769,0.000000409
2439,0,0.000001788,0.000000324
2440,0,0.503258706,0.222222299
2441,0,0.021520044,0.004158022
2442,0,0.145582506,0.041482502
2443,0,0.004920489,0.000769675
2444,0,0.144069899,0.040939464
2445,0,0.004863181,0.000759579
2446,0,0.000000009,0.000000002
2447,0,0.000000002,0.000000000
2448,0,0.143726171,0.040816327
2449,0,0.000000002,0.000000000
2450,0,0.985228137,0.857142857
2451,0,0.000000001,0.000000000
2452,0,0.143726170,0.040816327
2453,0,0.004850167,0.000757289
2454,0,0.000000000,0.000000000
2455,0,0.000000000,0.000000000
2456,0,0.985228136,0.857142857
2457,0,0.069054382,0.016528926
2458,0,0.997557797,0.890688259
2459,0,0.072316660,0.017449749
2460,0,0.151565210,0.043643421
2461,0,0.005282080,0.000844369
2462,0,0.000146865,0.000044065
2463,0,0.000016442,0.000003696
2464,0,0.503274948,0.222226473
2465,0,0.000014480,0.000002981
2466,0,0.000014812,0.000003611
2467,0,0.000013525,0.000002947
2468,0,0.503271871,0.222225488
2469,0,0.095974107,0.024692077
2470,0,0.154730837,0.044806784
2471,0,0.000001272,0.000000207
2472,0,0.143726334,0.040816353
2473,0,0.004850183,0.000757291
2474,0,0.985956555,0.858710048
2475,0,0.276825156,0.095476663
2476,0,-0.000000000,0.000000000
2477,0,-0.000000000,0.000000000
2478,0,-0.000000000,0.000000000
2479,0,-0.000000000,0.000000000
2480,0,0.143726170,0.040816327
2481,0,-0.000000000,0.000000000
2482,0,-0.000000000,0.000000000
2483,0,0.985228136,1.142857143
2484,0,0.735955550,0.344827586
2485,0,0.210375780,0.055384615
2486,0,0.608763115,0.282657079
2487,0,0.262654038,0.088596227
2488,0,-0.000000000,0.000000000
2489,0,-0.000000000,0.000000000
2490,0,-0.000000000,0.000000000
2491,0,-0.000000000,0.000000000
2492,0,0.985228136,1.142857143
2493,0,0.069054382,0.016528926
2494,0,0.151096971,0.043478261
2495,0,0.005130273,0.000806777
2496,0,-0.000000000,0.000000000
2497,0,-0.000000000,0.000000000
2498,0,0.143726170,0.040816327
2499,0,0.102899790,0.026905830
2500,0,0.155714199,0.045168456
2501,0,-0.000000000,0.000000000
2502,0,0.503258335,0.222222222
2503,0,-0.000000000,0.000000000
2504,0,-0.000000000,0.000000000
2505,0,-0.000000000,0.000000000
2506,0,0.503258335,0.222222222
2507,0,-0.000000000,0.000000000
2508,0,-0.000000000,0.000000000
2509,0,-0.000000000,0.000000000
2510,0,0.985228136,0.857142857
2511,0,0.069054382,0.016528926
2512,0,0.151096971,0.043478261
2513,0,-0.000000000,0.000000000
2514,0,-0.000000000,0.000000000
2515,0,-0.000000000,0.000000000
2516,0,0.503258335,0.222222222
2517,0,0.095970403,0.024691358
2518,0,0.531882603,0.241758242
2519,0,-0.000000000,0.000000000
2520,0,0.143726170,0.040816327
2521,0,0.023187512,0.004535147
2522,0,0.508611331,0.225806452
2523,0,0.021821359,0.004225777
2524,0,-0.000000000,0.000000000
2525,0,-0.000000000,0.000000000
2526,0,0.143726170,0.040816327
2527,0,-0.000000000,0.000000000
2528,0,-0.000000000,0.000000000
2529,0,-0.000000000,0.000000000
2530,0,0.503258335,1.777777778
2531,0,0.021519932,0.004158004
2532,0,0.988808991,0.865711331
2533,0,-0.000000000,0.000000000
2534,0,0.143726170,0.040816327
2535,0,0.004850167,0.000757289
2536,0,-0.000000000,0.000000000
2537,0,-0.000000000,0.000000000
2538,0,0.503258335,1.777777778
2539,0,0.365055190,0.139534884
2540,0,0.205592508,0.064516129
2541,0,0.147721087,0.042253521
2542,0,0.162531426,0.047695684
2543,0,0.116507453,0.031381357
2544,0,0.539424282,0.247060672
2545,0,0.104585397,0.027451186
2546,0,0.535004555,0.243945177
2547,0,0.023336520,0.004569106
2548,0,0.145765883,0.041548479
2549,0,0.023544171,0.004616498
2550,0,-0.000000000,0.000000000
2551,0,-0.000000000,0.000000000
2552,0,-0.000000000,0.000000000
2553,0,-0.000000000,0.000000000
2554,0,-0.000000000,0.000000000
2555,0,0.143726170,0.040816327
2556,0,0.161893568,0.047457627
2557,0,0.026386263,0.005273070
2558,0,-0.000000000,0.000000000
2559,0,-0.000000000,0.000000000
2560,0,0.985228136,1.142857143
2561,0,0.069054382,0.016528926
2562,0,0.151096971,0.043478261
2563,0,-0.000000000,0.000000000
2564,0,-0.000000000,0.000000000
2565,0,-0.000000000,0.000000000
2566,0,0.143726170,0.040816327
2567,0,0.004850167,0.000757289
2568,0,0.144064358,0.040937481
2569,0,-0.000000000,0.000000000
2570,0,-0.000000000,0.000000000
2571,0,-0.000000000,0.000000000
2572,0,0.143726170,0.040816327
2573,0,-0.000000000,0.000000000
2574,0,0.143726170,0.040816327
2575,0,0.004850167,0.000757289
2576,0,0.985956528,1.141398038
2577,0,0.069182853,0.016566135
2578,0,-0.000000000,0.000000000
2579,0,-0.000000000,0.000000000
2580,0,0.503258335,0.222222222
2581,0,0.021519932,0.004158004
2582,0,0.021216584,0.004089980
2583,0,-0.000000000,0.000000000
2584,0,0.503258335,0.222222222
2585,0,-0.000000000,0.000000000
2586,0,0.143726170,0.040816327
2587,0,0.004850167,0.000757289
2588,0,0.144064358,0.040937481
2589,0,-0.000000000,0.000000000
2590,0,0.143726170,0.040816327
2591,0,-0.000000000,0.000000000
2592,0,0.503258335,0.222222222
2593,0,0.021519932,0.004158004
2594,0,0.508167846,0.225508318
2595,0,-0.000000000,0.000000000
2596,0,-0.000000000,0.000000000
2597,0,-0.000000000,0.000000000
2598,0,0.143726170,0.040816327
2599,0,0.023187512,0.004535147
2600,0,0.989107139,0.866484136
2601,0,-0.000000000,0.000000000
2602,0,0.503258335,0.222222222
2603,0,0.021519932,0.004158004
2604,0,0.145582434,0.041482489
2605,0,0.104242255,0.027339957
2606,0,0.155907214,0.045239490
2607,0,0.005314426,0.000839527
2608,0,0.005298663,0.000836717
2609,0,0.986372956,1.141429217
2610,0,0.967396217,1.216903666
2611,0,1.526802567,1.049853660
2612,0,1.471756832,1.369488000
2613,0,0.784827525,0.453541971
2614,0,1.298893999,1.352203623
2615,0,0.261688048,0.113992848
2616,0,0.232239225,0.085397816
2617,0,0.077493449,0.034201361
2618,0,0.540144046,1.786354748
2619,0,0.338240007,0.173947637
2620,0,0.479252743,0.227059308
2621,0,0.295867964,0.107928752
2622,0,0.416258632,0.263751676
2623,0,0.055760125,0.020990858
2624,0,0.065608584,0.029515391
2625,0,0.003763628,0.001036111
2626,0,0.145569896,0.041426761
2627,0,0.023343219,0.004576004
2628,0,0.000167063,0.000051457
2629,0,0.000018915,0.000004338
2630,0,0.503277451,0.222227202
2631,0,0.021526181,0.004159228
2632,0,0.000006887,0.000001600
2633,0,0.000001084,0.000000190
2634,0,0.503258819,1.777777819
2635,0,0.021520084,0.004158029
2636,0,0.508167929,0.225508334
2637,0,0.097122591,0.025056482
2638,0,0.000000014,0.000000003
2639,0,0.000000004,0.000000001
2640,0,0.503258337,0.222222223
2641,0,0.021519933,0.004158004
2642,0,0.145582434,0.041482489
2643,0,0.004920472,0.000769672
2644,0,0.000000000,0.000000000
2645,0,0.000000000,0.000000000
2646,0,0.503258335,0.222222222
2647,0,0.095970403,0.024691358
2648,0,0.154729451,0.044806517
2649,0,0.005269238,0.000831475
2650,0,0.144097486,0.040949353
2651,0,0.023252393,0.004549928
2652,0,0.145757326,0.041545400
2653,0,0.000000000,0.000000000
2654,0,0.000000000,0.000000000
2655,0,0.000000000,0.000000000
2656,0,0.503258335,0.222222222
2657,0,0.095970403,0.024691358
2658,0,0.154729451,0.044806517
2659,0,0.025118958,0.004978502
2660,0,0.000000000,0.000000000
2661,0,0.000000000,0.000000000
2662,0,0.143726170,0.040816327
2663,0,0.000000000,0.000000000
2664,0,0.000000000,0.000000000
2665,0,0.000000000,0.000000000
2666,0,0.503258335,0.222222222
2667,0,0.095970403,0.024691358
2668,0,0.531882603,0.241758242
2669,0,0.102764055,0.026862027
2670,0,0.000000000,0.000000000
2671,0,0.000000000,0.000000000
2672,0,0.503258335,0.222222222
2673,0,0.095970403,0.024691358
2674,0,0.570580278,0.256515775
2675,0,0.034475589,0.007846984
2676,0,0.146864388,0.041967676
2677,0,0.000798353,0.000304974
2678,0,0.000798353,0.000406632
2679,0,0.000823933,0.000395337
2680,0,0.503271854,0.222225848
2681,0,0.021532759,0.004161430
2682,0,0.145584708,0.041483223
2683,0,0.023512354,0.004609227
2684,0,0.989165622,0.866635785
2685,0,0.000000996,0.000000289
2686,0,0.503258570,0.222222286
2687,0,0.000000243,0.000000065
2688,0,0.985228464,1.142857208
2689,0,0.069054531,0.016528973
2690,0,0.065490858,0.015503883
2691,0,0.519602032,1.766735684
2692,0,1.016907724,0.794549832
2693,0,0.000000014,0.000000003
2694,0,0.985228136,1.142857143
2695,0,0.276195428,0.095238095
2696,0,0.185997890,0.056680162
2697,0,0.006490338,0.001052394
2698,0,0.144196132,0.040984714
2699,0,0.004867951,0.000760419
2700,0,-0.000000000,0.000000000
2701,0,-0.000000000,0.000000000
2702,0,-0.000000000,0.000000000
2703,0,-0.000000000,0.000000000
2704,0,-0.000000000,0.000000000
2705,0,-0.000000000,0.000000000
2706,0,0.143726170,0.040816327
2707,0,-0.000000000,0.000000000
2708,0,0.143726170,0.040816327
2709,0,0.004850167,0.000757289
2710,0,0.506282141,0.223274012
2711,0,0.002164420,0.000613438
2712,0,0.144460718,0.041039907
2713,0,0.103467825,0.027042039
2714,0,0.244732751,0.093642245
2715,0,0.133257171,0.054705071
2716,0,0.583883387,0.282309591
2717,0,0.109830821,0.029522457
2718,0,-0.000000000,0.000000000
2719,0,-0.000000000,0.000000000
2720,0,-0.000000000,0.000000000
2721,0,-0.000000000,0.000000000
2722,0,-0.000000000,0.000000000
2723,0,-0.000000000,0.000000000
2724,0,0.143726170,0.040816327
2725,0,0.004850167,0.000757289
2726,0,0.144476811,0.041022192
2727,0,0.004942848,0.000774952
2728,0,0.993439911,1.142652338
2729,0,0.070482661,0.016914043
2730,0,0.551972901,0.245702863
2731,0,0.033460091,0.013850878
2732,0,0.535998275,0.241087954
2733,0,0.129898203,0.043114744
2734,0,0.183013255,0.066839766
2735,0,0.030732314,0.007569468
2736,0,0.151327733,0.044968625
2737,0,0.006756136,0.001599057
2738,0,0.506452704,0.223331693
2739,0,0.002320369,0.000662977
2740,0,0.144478875,0.041046070
2741,0,0.005249703,0.000855310
2742,0,0.000396255,0.000143264
2743,0,0.000099033,0.000025459
2744,0,0.143785458,0.040834461
2745,0,0.102978819,0.026925681
2746,0,0.575797537,0.259602498
2747,0,0.342262968,0.124524977
2748,0,0.766612926,0.393701580
2749,0,0.402551944,0.155988216
2750,0,1.084686833,1.004396922
2751,0,1.008713909,1.103965975
2752,0,0.005341842,0.001620689
2753,0,0.288044563,0.081660932
2754,0,0.597509201,0.287076412
2755,0,0.262496329,0.088397188
2756,0,0.002200580,0.000624865
2757,0,0.505524318,0.222781129
2758,0,0.001820989,0.000506156
2759,0,0.505132302,0.222674951
2760,0,1.024170483,1.218025829
2761,0,-0.000000000,0.000000000
2762,0,0.503258335,0.222222222
2763,0,-0.000000000,0.000000000
2764,0,1.570950594,1.200000000
2765,0,1.019859520,0.493538462
2766,0,1.563821845,1.596270258
2767,0,1.008049477,0.538881880
2768,0,1.849235218,1.402259294
2769,0,1.116702738,0.866523467
2770,0,-0.000000000,0.000000000
2771,0,1.000000000,1.000000000
2772,0,0.302292189,0.080000000
2773,0,1.050654972,1.006222222
2774,0,0.307950877,0.081838984
2775,0,1.051721710,1.006275391
2776,0,0.308089788,1.999742396
2777,0,1.051749932,2.997802915
2778,0,1.881070343,1.996179126
2779,0,0.999878999,1.012951358
2780,0,1.021915995,0.400000000
2781,0,1.044105477,1.000554104
2782,0,0.307104838,0.081563472
2783,0,0.999999398,0.999086498
2784,0,1.021928035,0.400000000
2785,0,0.999984433,1.004645444
2786,0,1.021926538,0.400000000
2787,0,1.658635036,1.145348105
2788,0,-0.000000000,0.000000000
2789,0,1.000000000,1.000000000
2790,0,1.870950594,1.200000000
2791,0,0.999848483,1.014492754
2792,0,0.302289159,0.080000000
2793,0,1.010758937,1.000081952
2794,0,0.303236366,0.080306139
2795,0,1.010822437,1.000335450
2796,0,1.506243173,2.000965430
2797,0,1.181424355,1.009639724
2798,0,0.329065328,0.088791799
2799,0,0.999999451,1.000872263
2800,0,0.302292178,0.080000000
2801,0,1.010783282,1.001800381
2802,0,-0.000000000,0.000000000
2803,0,1.000000000,1.000000000
2804,0,1.500000000,1.000000000
2805,0,1.180906651,1.009375000
2806,0,1.602279637,1.033351282
2807,0,0.999626546,1.022752406
2808,0,0.302284720,1.960000000
2809,0,0.999998818,1.001279952
2810,0,-0.000000000,0.000000000
2811,0,1.000000000,1.000000000
2812,0,1.021928095,0.400000000
2813,0,0.999984960,1.004566210
2814,0,1.870946082,2.002739726
2815,0,1.442365746,1.094429224
2816,0,1.214906783,0.515338685
2817,0,1.056169616,1.004450411
2818,0,0.308660351,1.959164507
2819,0,1.011059077,1.001652082
2820,0,0.303265259,0.080315397
2821,0,1.010824527,1.001785191
2822,0,1.024237954,1.999944461
2823,0,0.999984999,1.004560253
2824,0,1.021926595,0.400000000
2825,0,0.999982241,0.995038255
2826,0,-0.000000000,0.000000000
2827,0,1.000000000,1.000000000
2828,0,1.870950594,1.200000000
2829,0,2.101710523,1.352380952
2830,0,0.722088485,0.243829407
2831,0,0.999961140,1.007339701
2832,0,1.021924209,0.400000000
2833,0,1.044265427,1.002356566
2834,0,-0.000000000,0.000000000
2835,0,1.000000000,1.000000000
2836,0,-0.000000000,0.000000000
2837,0,1.000000000,1.000000000
2838,0,-0.000000000,0.000000000
2839,0,1.000000000,1.000000000
2840,0,0.302292189,0.080000000
2841,0,0.999999424,1.000893655
2842,0,0.302292178,0.080000000
2843,0,1.010783244,1.000319229
2844,0,-0.000000000,0.000000000
2845,0,1.000000000,1.000000000
2846,0,0.302292189,0.080000000
2847,0,0.999999424,1.000893655
2848,0,-0.000000000,0.000000000
2849,0,1.000000000,1.000000000
2850,0,0.302292189,0.080000000
2851,0,0.999999424,1.000893655
2852,0,0.302292178,0.080000000
2853,0,1.050647655,1.006426770
2854,0,1.880816632,1.396974315
2855,0,1.116625777,1.027373100
2856,0,-0.000000000,0.000000000
2857,0,1.000000000,1.000000000
2858,0,1.870950594,1.200000000
2859,0,1.115135655,1.028571429
2860,0,1.895518114,1.997503521
2861,0,1.454362403,1.934469273
2862,0,1.972428783,1.948327710
2863,0,1.135219081,1.010704503
2864,0,1.065820667,0.424690565
2865,0,1.046948370,1.006698375
2866,0,0.307456814,0.081677012
2867,0,0.999999504,0.999170719
2868,0,1.870950446,1.400000000
2869,0,1.442644385,1.096420647
2870,0,1.214998202,0.515398461
2871,0,1.237502667,1.033353185
2872,0,-0.000000000,0.000000000
2873,0,1.000000000,1.000000000
2874,0,0.302292189,0.080000000
2875,0,1.050654972,1.006444444
2876,0,-0.000000000,0.000000000
2877,0,1.000000000,1.000000000
2878,0,-0.000000000,0.000000000
2879,0,1.000000000,1.000000000
2880,0,0.302292189,0.080000000
2881,0,1.010784836,1.000334821
2882,0,-0.000000000,0.000000000
2883,0,1.000000000,1.000000000
2884,0,0.302292189,0.080000000
2885,0,0.999999424,1.000893655
2886,0,-0.000000000,0.000000000
2887,0,1.000000000,1.000000000
2888,0,1.870950594,1.200000000
2889,0,1.115135655,1.028571429
2890,0,0.317490439,0.084962493
2891,0,0.999999434,0.999114174
2892,0,-0.000000000,0.000000000
2893,0,1.000000000,1.000000000
2894,0,0.302292189,0.080000000
2895,0,1.010784836,1.000334821
2896,0,1.024228392,0.401277276
2897,0,0.999984993,1.004561145
2898,0,1.021926594,0.400000000
2899,0,1.044172277,1.001299376
2900,0,1.033595038,0.406500895
2901,0,1.044864153,1.009183628
2902,0,1.033805697,1.999704588
2903,0,1.509192409,2.455528077
2904,0,1.674205587,1.713237575
2905,0,0.990629280,0.886147350
2906,0,1.020991023,0.400000000
2907,0,1.194288648,1.022002899
2908,0,1.914673398,1.971427027
2909,0,1.122857728,1.017723953
2910,0,1.571727452,1.980425394
2911,0,1.190169636,1.042402144
2912,0,1.088738614,0.437912122
2913,0,1.048167755,1.003954415
2914,0,1.528247445,2.007831018
2915,0,0.999589710,0.976151967
2916,0,1.021887066,0.400000000
2917,0,1.044017329,0.999586263
2918,0,1.879378823,1.397382993
2919,0,1.116247229,1.005154905
2920,0,1.895798602,2.003522767
2921,0,1.454486896,1.101753472
2922,0,0.392328449,0.110502983
2923,0,1.014633735,1.002282853
2924,0,1.025175793,0.401798636
2925,0,1.044408234,1.008924049
2926,0,-0.000000000,0.000000000
2927,0,1.000000000,1.000000000
2928,0,1.500000000,2.000000000
2929,0,1.633875355,1.161111111
2930,0,1.330420236,0.593455810
2931,0,0.999972888,0.993869285
2932,0,1.021925384,0.400000000
2933,0,1.044256050,1.008566282
2934,0,0.307118691,0.081567636
2935,0,0.999999441,0.999119381
2936,0,-0.000000000,0.000000000
2937,0,1.000000000,1.000000000
2938,0,1.500000000,2.000000000
2939,0,1.180906651,1.009375000
2940,0,1.085086471,1.785832284
2941,0,1.205170372,1.036038425
2942,0,1.615038102,2.051890204
2943,0,1.197052947,1.028812392
2944,0,1.915774645,1.386570888
2945,0,1.122675765,1.015141442
2946,0,0.318648644,0.085340276
2947,0,0.999999659,1.000687881
2948,0,1.021928061,0.400000000
2949,0,0.999984564,0.995374125
2950,0,0.302291880,0.080000000
2951,0,1.050617066,1.006352955
2952,0,1.880804741,1.212113951
2953,0,1.116621346,1.027407006
2954,0,0.317717482,0.085036498
2955,0,0.999999478,0.999149140
2956,0,-0.000000000,0.000000000
2957,0,1.000000000,1.000000000
2958,0,-0.000000000,0.000000000
2959,0,1.000000000,1.000000000
2960,0,1.500000000,1.000000000
2961,0,0.999525689,1.025641026
2962,0,1.021880664,0.400000000
2963,0,1.044002673,1.011284840
2964,0,0.307095568,0.081560703
2965,0,0.999999369,1.000935366
2966,0,0.302292176,0.080000000
2967,0,0.999999403,1.000909536
2968,0,-0.000000000,0.000000000
2969,0,1.000000000,1.000000000
2970,0,0.302292189,0.080000000
2971,0,1.010784836,1.000334821
2972,0,1.528282630,2.004431652
2973,0,1.183824438,1.010345656
2974,0,1.912104529,1.255979132
2975,0,1.121556554,1.008399769
2976,0,0.318502808,0.085293260
2977,0,1.011448831,1.001775865
2978,0,0.303304303,0.080328044
2979,0,0.999999428,0.999109753
2980,0,0.302292178,0.080000000
2981,0,1.010783250,1.001800683
2982,0,1.506218234,1.001304641
2983,0,1.181421184,1.009630063
2984,0,1.085295573,0.435972977
2985,0,0.999986121,1.004386423
2986,0,1.499993060,2.004386423
2987,0,1.180686481,1.052060517
2988,0,1.911229618,1.254925287
2989,0,1.121320279,1.029102082
2990,0,1.060661267,0.421774175
2991,0,0.999986806,1.004276743
2992,0,1.021926776,0.400000000
2993,0,1.190797725,1.031453251
2994,0,0.330740319,0.089354057
2995,0,0.999999816,1.000505580
2996,0,-0.000000000,0.000000000
2997,0,1.000000000,1.000000000
2998,0,0.302292189,0.080000000
2999,0,1.216063438,1.041991342
3000,0,1.919354858,2.024858070
3001,0,1.533918767,1.595609025
3002,0,1.673027833,2.353638692
3003,0,1.715102319,1.359462395
3004,0,1.375098761,0.630641938
3005,0,1.289717881,1.105801428
3006,0,1.132936764,0.464252439
3007,0,1.051658630,0.998180145
3008,0,0.308051556,0.081869217
3009,0,1.011045064,1.001550890
3010,0,0.303263654,0.080314856
3011,0,1.010824668,1.001783271
3012,0,-0.000000000,0.000000000
3013,0,1.000000000,1.000000000
3014,0,1.021928095,1.800000000
3015,0,1.044208200,1.001704545
3016,0,-0.000000000,0.000000000
3017,0,1.000000000,1.000000000
3018,0,1.021928095,0.400000000
3019,0,1.044208200,1.009090909
3020,0,-0.000000000,0.000000000
3021,0,1.000000000,1.000000000
3022,0,-0.000000000,0.000000000
3023,0,1.000000000,1.000000000
3024,0,0.302292189,0.080000000
3025,0,0.999999424,0.999106345
3026,0,-0.000000000,0.000000000
3027,0,1.000000000,1.000000000
3028,0,0.302292189,0.080000000
3029,0,1.050654972,1.006222222
3030,0,0.307950877,0.081838984
3031,0,1.051721710,1.006720530
3032,0,0.308089788,0.081884053
3033,0,1.011027758,1.001723994
3034,0,-0.000000000,0.000000000
3035,0,1.000000000,1.000000000
3036,0,0.302292189,0.080000000
3037,0,1.216063438,1.041991342
3038,0,-0.000000000,0.000000000
3039,0,1.000000000,1.000000000
3040,0,-0.000000000,0.000000000
3041,0,1.000000000,1.000000000
3042,0,-0.000000000,0.000000000
3043,0,1.000000000,1.000000000
3044,0,0.302292189,0.080000000
3045,0,1.010784836,1.000334821
3046,0,0.303238394,0.080306742
3047,0,1.050827150,1.006243004
3048,0,-0.000000000,0.000000000
3049,0,1.000000000,1.000000000
3050,0,1.021928095,0.400000000
3051,0,0.999984960,1.004566210
3052,0,-0.000000000,0.000000000
3053,0,1.000000000,1.000000000
3054,0,1.870950594,2.000000000
3055,0,0.999848483,1.014492754
3056,0,1.021912943,0.400000000
3057,0,0.999975539,1.005823187
3058,0,1.021925649,0.400000000
3059,0,1.190749710,1.031576966
3060,0,1.913360917,1.385363864
3061,0,1.122247579,1.022985738
3062,0,1.897351310,1.234233223
3063,0,1.119285691,1.009581840
3064,0,1.569072086,2.020137842
3065,0,0.999664578,0.978437136
3066,0,0.302285481,0.080000000
3067,0,0.999998855,1.001259756
3068,0,0.302292166,0.080000000
3069,0,0.999999396,0.999084956
3070,0,1.021928034,0.400000000
3071,0,1.044201015,1.009169211
3072,0,0.307113588,0.081566098
3073,0,0.999999425,1.000892761
3074,0,0.302292178,0.080000000
3075,0,1.050647662,1.006426788
3076,0,0.307950138,0.081838761
3077,0,1.051721310,1.006275863
3078,0,-0.000000000,0.000000000
3079,0,1.000000000,1.000000000
3080,0,1.870950594,1.400000000
3081,0,0.999848483,0.985507246
3082,0,0.302289159,1.999420290
3083,0,1.050535975,1.006157810
3084,0,1.035584968,0.407618240
3085,0,0.999987318,0.995806955
3086,0,-0.000000000,0.000000000
3087,0,1.000000000,1.000000000
3088,0,-0.000000000,0.000000000
3089,0,1.000000000,1.000000000
3090,0,1.021928095,0.400000000
3091,0,1.190930197,1.032222222
3092,0,1.913428813,1.385414483
3093,0,2.129309952,1.496187311
3094,0,1.713226985,0.933565055
3095,0,0.999083334,0.964355926
3096,0,1.499541667,1.964355926
3097,0,0.999950503,1.008283535
3098,0,-0.000000000,0.000000000
3099,0,1.000000000,1.000000000
3100,0,1.021928095,0.400000000
3101,0,1.044208200,1.001704545
3102,0,1.879446735,1.397419158
3103,0,1.446495066,1.098309834
3104,0,-0.000000000,0.000000000
3105,0,1.000000000,1.000000000
3106,0,-0.000000000,0.000000000
3107,0,1.000000000,1.000000000
3108,0,-0.000000000,0.000000000
3109,0,1.000000000,1.000000000
3110,0,0.302292189,0.080000000
3111,0,0.999999424,0.999106345
3112,0,1.021928037,1.800000000
3113,0,0.999984445,1.004643723
3114,0,-0.000000000,0.000000000
3115,0,1.000000000,1.000000000
3116,0,-0.000000000,0.000000000
3117,0,1.000000000,1.000000000
3118,0,1.870950594,1.200000000
3119,0,1.442705945,1.093333333
3120,0,1.215018433,0.515411726
3121,0,1.237520518,1.051154842
3122,0,0.339700503,0.092345711
3123,0,1.012394446,1.001393541
3124,0,1.507282956,1.001597297
3125,0,1.181579041,1.049424449
3126,0,-0.000000000,0.000000000
3127,0,1.000000000,1.000000000
3128,0,1.021928095,0.400000000
3129,0,1.190930197,1.032222222
3130,0,0.330757837,0.089359612
3131,0,1.011981691,1.001497894
3132,0,-0.000000000,0.000000000
3133,0,1.000000000,1.000000000
3134,0,0.302292189,0.080000000
3135,0,0.999999424,1.000893655
3136,0,-0.000000000,0.000000000
3137,0,1.000000000,1.000000000
3138,0,-0.000000000,0.000000000
3139,0,1.000000000,1.000000000
3140,0,-0.000000000,0.000000000
3141,0,1.000000000,1.000000000
3142,0,1.500000000,1.000000000
3143,0,1.180906651,1.009375000
3144,0,1.602279637,1.033351282
3145,0,1.668873433,1.886047276
3146,0,1.812018567,1.142806520
3147,0,0.998984837,0.962490209
3148,0,0.302271886,0.080000000
3149,0,0.999999952,1.000256768
3150,0,0.302292188,0.080000000
3151,0,1.010784379,1.001790032
3152,0,1.024228297,0.401277232
3153,0,0.999984990,0.995438413
3154,0,1.021926594,0.400000000
3155,0,1.190788885,1.031476038
3156,0,1.913375662,1.258428728
3157,0,1.465303826,1.092488050
3158,0,-0.000000000,0.000000000
3159,0,1.000000000,1.000000000
3160,0,1.500000000,2.000000000
3161,0,0.999525689,1.025641026
3162,0,1.870808301,2.015384615
3163,0,1.380021522,2.855970741
3164,0,1.198517713,3.233967275
3165,0,0.949783224,0.737695423
3166,0,0.911062426,0.449247582
3167,0,0.396041976,0.124582147
3168,0,0.717822358,0.395913137
3169,0,0.494296279,0.216290684
3170,0,-0.000000000,0.000000000
3171,0,-0.000000000,0.000000000
3172,0,0.503258335,0.222222222
3173,0,0.322756959,0.117647059
3174,0,0.195909271,0.060606061
3175,0,-0.000000000,0.000000000
3176,0,0.503258335,0.222222222
3177,0,0.845350937,0.545454545
3178,0,0.391243564,0.153846154
3179,0,-0.000000000,0.000000000
3180,0,-0.000000000,0.000000000
3181,0,1.570950594,1.400000000
3182,0,0.581053205,0.217142857
3183,0,0.979888970,0.422160665
3184,0,0.884228488,0.563248833
3185,0,0.931764194,1.364885895
3186,0,0.501880728,0.206213711
3187,0,0.232615621,0.072879459
3188,0,0.177198087,0.052573592
3189,0,0.031713720,0.006432494
3190,0,0.997739409,1.133707003
3191,0,0.071838965,0.017161695
3192,0,0.524226970,0.235683850
3193,0,-0.000000000,0.000000000
3194,0,0.143726170,0.040816327
3195,0,0.004850167,0.000757289
3196,0,0.504155247,0.222820599
3197,0,0.096180499,0.024757844
3198,0,0.531957992,0.241810919
3199,0,0.102782195,0.026867880
3200,0,0.155697326,0.045162248
3201,0,0.005306368,0.000838090
3202,0,0.504250873,0.222884448
3203,0,0.096202909,0.024764939
3204,0,0.154762176,0.044818533
3205,0,0.110883569,0.029511614
3206,0,0.156872576,1.954404778
3207,0,0.025497266,0.005066136
3208,0,0.509235214,0.226226222
3209,0,0.021856616,0.004233716
3210,0,0.508256900,1.774431832
3211,0,0.097143526,0.025063130
3212,0,0.532304043,0.242052801
3213,0,-0.000000000,0.000000000
3214,0,0.143726170,0.040816327
3215,0,-0.000000000,0.000000000
3216,0,0.143726170,0.040816327
3217,0,0.023187512,0.004535147
3218,0,-0.000000000,0.000000000
3219,0,-0.000000000,0.000000000
3220,0,-0.000000000,0.000000000
3221,0,-0.000000000,0.000000000
3222,0,0.503258335,0.222222222
3223,0,-0.000000000,0.000000000
3224,0,-0.000000000,0.000000000
3225,0,-0.000000000,0.000000000
3226,0,0.503258335,0.222222222
3227,0,0.095970403,0.024691358
3228,0,1.002458636,1.096663815
3229,0,0.073104391,0.017710360
3230,0,0.151623017,0.043669948
3231,0,0.005150360,0.000810341
3232,0,0.504218034,0.222862521
3233,0,0.021573831,0.004170110
3234,0,0.988818604,0.865736148
3235,0,0.278629833,0.096366968
3236,0,0.608303968,0.298773860
3237,0,0.121890674,0.033197096
3238,0,-0.000000000,0.000000000
3239,0,-0.000000000,0.000000000
3240,0,0.143726170,0.040816327
3241,0,-0.000000000,0.000000000
3242,0,0.985228136,0.857142857
3243,0,0.276195428,0.095238095
3244,0,0.607171655,1.702127660
3245,0,0.027750437,0.005593288
3246,0,0.989929878,0.868648511
3247,0,-0.000000000,0.000000000
3248,0,-0.000000000,0.000000000
3249,0,0.503258335,1.777777778
3250,0,0.845350937,0.545454545
3251,0,-0.000000000,0.000000000
3252,0,0.985228136,0.857142857
3253,0,0.779349837,0.461538462
3254,0,0.879135767,0.596491228
3255,0,-0.000000000,0.000000000
3256,0,0.503258335,0.222222222
3257,0,0.021519932,0.004158004
3258,0,0.145582434,0.041482489
3259,0,0.004920471,0.000769672
3260,0,0.504169903,0.222830384
3261,0,0.021571126,0.004169502
3262,0,-0.000000000,0.000000000
3263,0,-0.000000000,0.000000000
3264,0,-0.000000000,0.000000000
3265,0,-0.000000000,0.000000000
3266,0,0.143726170,0.040816327
3267,0,0.004850167,0.000757289
3268,0,0.144064358,0.040937481
3269,0,0.023246603,0.004548609
3270,0,-0.000000000,0.000000000
3271,0,-0.000000000,0.000000000
3272,0,-0.000000000,0.000000000
3273,0,-0.000000000,0.000000000
3274,0,-0.000000000,0.000000000
3275,0,-0.000000000,0.000000000
3276,0,0.143726170,0.040816327
3277,0,-0.000000000,0.000000000
3278,0,0.503258335,0.222222222
3279,0,-0.000000000,0.000000000
3280,0,-0.000000000,0.000000000
3281,0,-0.000000000,0.000000000
3282,0,0.503258335,0.222222222
3283,0,-0.000000000,0.000000000
3284,0,0.503258335,0.222222222
3285,0,0.095970403,0.024691358
3286,0,0.531882603,0.241758242
3287,0,-0.000000000,0.000000000
3288,0,-0.000000000,0.000000000
3289,0,-0.000000000,0.000000000
3290,0,-0.000000000,0.000000000
3291,0,-0.000000000,0.000000000
3292,0,0.143726170,0.040816327
3293,0,0.023187512,0.004535147
3294,0,0.989107139,0.866484136
3295,0,-0.000000000,0.000000000
3296,0,0.143726170,0.040816327
3297,0,0.023187512,0.004535147
3298,0,0.989107139,1.134160090
3299,0,0.278841263,1.903534768
3300,0,1.026513802,0.976836123
3301,0,0.083461138,0.020808450
3302,0,0.153002018,0.044173518
3303,0,0.005203077,0.000819704
3304,0,0.144092230,0.040947470
3305,0,0.004864018,0.000759727
3306,0,-0.000000000,0.000000000
3307,0,-0.000000000,0.000000000
3308,0,0.143726170,0.040816327
3309,0,0.004850167,0.000757289
3310,0,-0.000000000,0.000000000
3311,0,-0.000000000,0.000000000
3312,0,0.143726170,0.040816327
3313,0,-0.000000000,0.000000000
3314,0,0.143726170,0.040816327
3315,0,0.004850167,0.000757289
3316,0,-0.000000000,0.000000000
3317,0,-0.000000000,0.000000000
3318,0,0.503258335,0.222222222
3319,0,0.095970403,0.024691358
3320,0,-0.000000000,0.000000000
3321,0,-0.000000000,0.000000000
3322,0,-0.000000000,0.000000000
3323,0,-0.000000000,0.000000000
3324,0,0.503258335,0.222222222
3325,0,-0.000000000,0.000000000
3326,0,0.503258335,0.222222222
3327,0,0.021519932,0.004158004
3328,0,-0.000000000,0.000000000
3329,0,-0.000000000,0.000000000
3330,0,-0.000000000,0.000000000
3331,0,-0.000000000,0.000000000
3332,0,-0.000000000,0.000000000
3333,0,-0.000000000,0.000000000
3334,0,0.143726170,0.040816327
3335,0,0.004850167,0.000757289
3336,0,0.004837167,0.000755002
3337,0,-0.000000000,0.000000000
3338,0,0.503258335,0.222222222
3339,0,0.021519932,0.004158004
3340,0,0.988808991,0.865711331
3341,0,0.069756341,0.016732452
3342,0,0.151187600,0.043511269
3343,0,0.024495254,0.004834585
3344,0,0.024096152,0.004742866
3345,0,-0.000000000,0.000000000
3346,0,0.143726170,0.040816327
3347,0,0.004850167,0.000757289
3348,0,0.504155247,0.222820599
3349,0,-0.000000000,0.000000000
3350,0,0.985228136,0.857142857
3351,0,0.069054382,0.016528926
3352,0,0.151096971,0.043478261
3353,0,0.024479319,0.004830918
3354,0,0.508958919,0.226040268
3355,0,0.097308724,0.025115585
3356,0,-0.000000000,0.000000000
3357,0,-0.000000000,0.000000000
3358,0,0.503258335,0.222222222
3359,0,0.365055190,0.139534884
3360,0,0.205592508,0.064516129
3361,0,0.007278029,0.001198322
3362,0,0.504677028,0.223169108
3363,0,0.096302803,0.024796568
3364,0,-0.000000000,0.000000000
3365,0,-0.000000000,0.000000000
3366,0,0.143726170,0.040816327
3367,0,0.102899790,0.026905830
3368,0,-0.000000000,0.000000000
3369,0,-0.000000000,0.000000000
3370,0,-0.000000000,0.000000000
3371,0,-0.000000000,0.000000000
3372,0,0.143726170,0.040816327
3373,0,0.023187512,0.004535147
3374,0,-0.000000000,0.000000000
3375,0,-0.000000000,0.000000000
3376,0,0.143726170,0.040816327
3377,0,-0.000000000,0.000000000
3378,0,0.503258335,0.222222222
3379,0,0.021519932,0.004158004
3380,0,-0.000000000,0.000000000
3381,0,-0.000000000,0.000000000
3382,0,0.143726170,0.040816327
3383,0,0.004850167,0.000757289
3384,0,0.985956528,1.141398038
3385,0,0.069182853,0.016566135
3386,0,-0.000000000,0.000000000
3387,0,-0.000000000,0.000000000
3388,0,-0.000000000,0.000000000
3389,0,-0.000000000,0.000000000
3390,0,0.503258335,0.222222222
3391,0,-0.000000000,0.000000000
3392,0,0.985228136,0.857142857
3393,0,0.069054382,0.016528926
3394,0,0.522559375,1.764705882
3395,0,0.100530878,0.026143791
3396,0,0.533527509,0.242909091
3397,0,-0.000000000,0.000000000
3398,0,0.985228136,0.857142857
3399,0,-0.000000000,0.000000000
3400,0,0.985228136,0.857142857
3401,0,0.069054382,0.016528926
3402,0,0.522559375,0.235294118
3403,0,-0.000000000,0.000000000
3404,0,0.143726170,0.040816327
3405,0,0.023187512,0.004535147
3406,0,0.145750730,0.041543027
3407,0,0.023541519,0.004615892
3408,0,0.989170621,0.866649495
3409,0,0.278887994,0.096486956
3410,0,-0.000000000,0.000000000
3411,0,-0.000000000,0.000000000
3412,0,0.143726170,0.040816327
3413,0,-0.000000000,0.000000000
3414,0,-0.000000000,0.000000000
3415,0,-0.000000000,0.000000000
3416,0,0.503258335,0.222222222
3417,0,0.021519932,0.004158004
3418,0,0.988808991,0.865711331
3419,0,0.278622817,0.096363708
3420,0,0.186495788,0.056875532
3421,0,0.030796162,0.006319504
3422,0,-0.000000000,0.000000000
3423,0,-0.000000000,0.000000000
3424,0,0.503258335,0.222222222
3425,0,0.021519932,0.004158004
3426,0,0.508167846,0.225508318
3427,0,0.021796313,0.004220139
3428,0,-0.000000000,0.000000000
3429,0,-0.000000000,0.000000000
3430,0,0.503258335,0.222222222
3431,0,0.021519932,0.004158004
3432,0,-0.000000000,0.000000000
3433,0,-0.000000000,0.000000000
3434,0,0.143726170,0.040816327
3435,0,0.004850167,0.000757289
3436,0,0.504155247,1.777179401
3437,0,0.021570303,0.004169317
3438,0,0.508181153,0.225517261
3439,0,0.021797064,0.004220308
3440,0,0.145610237,0.041492488
3441,0,0.023516933,0.004610276
3442,0,-0.000000000,0.000000000
3443,0,-0.000000000,0.000000000
3444,0,0.503258335,0.222222222
3445,0,0.021519932,0.004158004
3446,0,-0.000000000,0.000000000
3447,0,-0.000000000,0.000000000
3448,0,0.503258335,0.222222222
3449,0,0.095970403,0.024691358
3450,0,-0.000000000,0.000000000
3451,0,-0.000000000,0.000000000
3452,0,-0.000000000,0.000000000
3453,0,-0.000000000,0.000000000
3454,0,-0.000000000,0.000000000
3455,0,-0.000000000,0.000000000
3456,0,0.503258335,0.222222222
3457,0,0.021519932,0.004158004
3458,0,0.145582434,0.041482489
3459,0,0.023512068,0.004609165
3460,0,0.145783759,0.041554910
3461,0,0.004928106,0.000771019
3462,0,0.504171497,0.222831448
3463,0,0.021571216,0.004169522
3464,0,-0.000000000,0.000000000
3465,0,-0.000000000,0.000000000
3466,0,-0.000000000,0.000000000
3467,0,-0.000000000,0.000000000
3468,0,0.503258335,0.222222222
3469,0,0.095970403,0.024691358
3470,0,0.531882603,0.241758242
3471,0,-0.000000000,0.000000000
3472,0,-0.000000000,0.000000000
3473,0,-0.000000000,0.000000000
3474,0,0.503258335,0.222222222
3475,0,0.021519932,0.004158004
3476,0,0.145582434,0.041482489
3477,0,0.023512068,0.004609165
3478,0,0.508698334,0.225864965
3479,0,-0.000000000,0.000000000
3480,0,0.503258335,0.222222222
3481,0,-0.000000000,0.000000000
3482,0,0.143726170,0.040816327
3483,0,0.004850167,0.000757289
3484,0,0.985956528,1.141398038
3485,0,-0.000000000,0.000000000
3486,0,0.143726170,0.040816327
3487,0,0.023187512,0.004535147
3488,0,0.508611331,1.774193548
3489,0,-0.000000000,0.000000000
3490,0,-0.000000000,0.000000000
3491,0,-0.000000000,0.000000000
3492,0,0.143726170,0.040816327
3493,0,0.004850167,0.000757289
3494,0,0.144064358,0.040937481
3495,0,0.023246603,0.004548609
3496,0,0.989117731,0.866511707
3497,0,-0.000000000,0.000000000
3498,0,0.143726170,0.040816327
3499,0,0.023187512,0.004535147
3500,0,0.989107139,0.866484136
3501,0,0.278841263,0.096465232
3502,0,-0.000000000,0.000000000
3503,0,-0.000000000,0.000000000
3504,0,0.143726170,0.040816327
3505,0,0.004850167,0.000757289
3506,0,0.504155247,0.222820599
3507,0,0.096180499,0.024757844
3508,0,0.531957992,0.241810919
3509,0,0.102782195,0.026867880
3510,0,-0.000000000,0.000000000
3511,0,-0.000000000,0.000000000
3512,0,-0.000000000,0.000000000
3513,0,-0.000000000,0.000000000
3514,0,0.503258335,0.222222222
3515,0,0.365055190,0.139534884
3516,0,-0.000000000,0.000000000
3517,0,-0.000000000,0.000000000
3518,0,0.503258335,0.222222222
3519,0,-0.000000000,0.000000000
3520,0,0.503258335,0.222222222
3521,0,0.021519932,0.004158004
3522,0,0.145582434,0.041482489
3523,0,0.023512068,0.004609165
3524,0,0.508698334,0.225864965
3525,0,0.021826274,0.004226884
3526,0,-0.000000000,0.000000000
3527,0,-0.000000000,0.000000000
3528,0,-0.000000000,0.000000000
3529,0,-0.000000000,0.000000000
3530,0,-0.000000000,0.000000000
3531,0,-0.000000000,0.000000000
3532,0,0.503258335,0.222222222
3533,0,0.365055190,0.139534884
3534,0,0.205592508,0.064516129
3535,0,-0.000000000,0.000000000
3536,0,0.503258335,0.222222222
3537,0,-0.000000000,0.000000000
3538,0,0.503258335,0.222222222
3539,0,0.095970403,0.024691358
3540,0,0.154729451,0.044806517
3541,0,-0.000000000,0.000000000
3542,0,0.143726170,0.040816327
3543,0,0.102899790,0.026905830
3544,0,0.155714199,0.045168456
3545,0,0.005307016,0.000838206
3546,0,0.504251010,0.222884539
3547,0,0.096202941,0.024764949
3548,0,0.531966047,0.241816548
3549,0,0.023159574,0.004528785
3550,0,0.145747891,0.041542005
3551,0,0.004926746,0.000770779
3552,0,0.144070382,0.040939640
3553,0,0.023247656,0.004548849
3554,0,-0.000000000,0.000000000
3555,0,-0.000000000,0.000000000
3556,0,-0.000000000,0.000000000
3557,0,-0.000000000,0.000000000
3558,0,0.503258335,0.222222222
3559,0,0.095970403,0.024691358
3560,0,0.154729451,0.044806517
3561,0,0.005269238,0.000831475
3562,0,-0.000000000,0.000000000
3563,0,-0.000000000,0.000000000
3564,0,0.503258335,0.222222222
3565,0,0.021519932,0.004158004
3566,0,-0.000000000,0.000000000
3567,0,-0.000000000,0.000000000
3568,0,-0.000000000,0.000000000
3569,0,-0.000000000,0.000000000
3570,0,-0.000000000,0.000000000
3571,0,-0.000000000,0.000000000
3572,0,-0.000000000,0.000000000
3573,0,-0.000000000,0.000000000
3574,0,-0.000000000,0.000000000
3575,0,-0.000000000,0.000000000
3576,0,0.143726170,0.040816327
3577,0,-0.000000000,0.000000000
3578,0,-0.000000000,0.000000000
3579,0,-0.000000000,0.000000000
3580,0,-0.000000000,0.000000000
3581,0,-0.000000000,0.000000000
3582,0,0.985228136,1.142857143
3583,0,0.276195428,0.095238095
3584,0,0.607171655,0.297872340
3585,0,-0.000000000,0.000000000
3586,0,-0.000000000,0.000000000
3587,0,0.503258335,0.222222222
3588,0,0.242292189,1.920000000
3589,0,0.008799665,0.001486989
3590,0,0.986602496,0.860217334
3591,0,-0.000000000,0.000000000
3592,0,-0.000000000,0.000000000
3593,0,-0.000000000,0.000000000
3594,0,0.503258335,0.222222222
3595,0,0.095970403,0.024691358
3596,0,0.531882603,0.241758242
3597,0,0.023154724,0.004527681
3598,0,0.145747398,0.041541828
3599,0,0.004926727,0.000770775
3600,0,-0.000000000,0.000000000
3601,0,-0.000000000,0.000000000
3602,0,0.143726170,0.040816327
3603,0,0.004850167,0.000757289
3604,0,0.504155247,0.222820599
3605,0,0.021570303,0.004169317
3606,0,0.508181153,0.225517261
3607,0,0.021797064,0.004220308
3608,0,0.508241130,0.225557569
3609,0,0.021800451,0.004221070
3610,0,0.508242027,0.225558171
3611,0,-0.000000000,0.000000000
3612,0,0.503258335,0.222222222
3613,0,0.095970403,0.024691358
3614,0,-0.000000000,0.000000000
3615,0,-0.000000000,0.000000000
3616,0,0.503258335,0.222222222
3617,0,0.021519932,0.004158004
3618,0,0.988808991,1.134879598
3619,0,-0.000000000,0.000000000
3620,0,0.503258335,0.222222222
3621,0,-0.000000000,0.000000000
3622,0,-0.000000000,0.000000000
3623,0,-0.000000000,0.000000000
3624,0,0.143726170,0.040816327
3625,0,-0.000000000,0.000000000
3626,0,-0.000000000,0.000000000
3627,0,-0.000000000,0.000000000
3628,0,0.143726170,0.040816327
3629,0,0.004850167,0.000757289
3630,0,-0.000000000,0.000000000
3631,0,-0.000000000,0.000000000
3632,0,0.503258335,0.222222222
3633,0,0.021519932,0.004158004
3634,0,-0.000000000,0.000000000
3635,0,-0.000000000,0.000000000
3636,0,-0.000000000,0.000000000
3637,0,-0.000000000,0.000000000
3638,0,-0.000000000,0.000000000
3639,0,0.503258335,0.222222222
3640,0,0.721928095,0.400000000
3641,0,-0.000000000,0.000000000
3642,0,0.503258335,1.777777778
3643,0,-0.000000000,0.000000000
3644,0,0.143726170,0.040816327
3645,0,0.023187512,0.004535147
3646,0,0.989107139,0.866484136
3647,0,-0.000000000,0.000000000
3648,0,0.143726170,0.040816327
3649,0,0.023187512,0.004535147
3650,0,0.145750730,0.041543027
3651,0,0.023541519,0.004615892
3652,0,0.145786760,0.041555990
3653,0,0.023547824,0.004617332
3654,0,0.023180717,0.004533600
3655,0,0.145548144,0.041470157
3656,0,1.010866313,0.938811796
3657,0,0.816437145,0.503430682
3658,0,0.899302442,0.630788622
3659,0,-0.000000000,0.000000000
3660,0,-0.000000000,0.000000000
3661,0,-0.000000000,0.000000000
3662,0,0.143726170,0.040816327
3663,0,0.004850167,0.000757289
3664,0,0.144064358,0.040937481
3665,0,0.023246603,0.004548609
3666,0,0.101664830,0.026507922
3667,0,0.530971869,0.241122400
3668,0,0.736991294,0.415325437
3669,0,0.541094702,0.248244150
3670,0,0.742540985,1.578891341
3671,0,0.037436656,0.007953365
3672,0,0.147275543,0.042092582
3673,0,-0.000000000,0.000000000
3674,0,0.143726170,0.040816327
3675,0,-0.000000000,0.000000000
3676,0,0.503258335,0.222222222
3677,0,0.095970403,0.024691358
3678,0,0.531882603,0.241758242
3679,0,-0.000000000,0.000000000
3680,0,-0.000000000,0.000000000
3681,0,-0.000000000,0.000000000
3682,0,-0.000000000,0.000000000
3683,0,-0.000000000,0.000000000
3684,0,0.143726170,0.040816327
3685,0,0.023187512,0.004535147
3686,0,0.508611331,1.774193548
3687,0,-0.000000000,0.000000000
3688,0,0.143726170,0.040816327
3689,0,0.023187512,0.004535147
3690,0,-0.000000000,0.000000000
3691,0,-0.000000000,0.000000000
3692,0,-0.000000000,0.000000000
3693,0,-0.000000000,0.000000000
3694,0,0.143726170,0.040816327
3695,0,-0.000000000,0.000000000
3696,0,0.143726170,0.040816327
3697,0,0.004850167,0.000757289
3698,0,0.144064358,0.040937481
3699,0,0.004862963,0.000759541
3700,0,0.144065364,0.040937841
3701,0,0.023246779,0.004548649
3702,0,0.508627202,0.225817125
3703,0,-0.000000000,0.000000000
3704,0,0.143726170,0.040816327
3705,0,0.004850167,0.000757289
3706,0,0.144064358,0.040937481
3707,0,0.004862963,0.000759541
3708,0,-0.000000000,0.000000000
3709,0,-0.000000000,0.000000000
3710,0,-0.000000000,0.000000000
3711,0,-0.000000000,0.000000000
3712,0,0.143726170,0.040816327
3713,0,0.023187512,0.004535147
3714,0,0.508611331,0.225806452
3715,0,-0.000000000,0.000000000
3716,0,-0.000000000,0.000000000
3717,0,-0.000000000,0.000000000
3718,0,0.143726170,0.040816327
3719,0,0.023187512,0.004535147
3720,0,0.145750730,0.041543027
3721,0,0.004926853,0.000770798
3722,0,0.144070391,0.040939643
3723,0,-0.000000000,0.000000000
3724,0,0.143726170,0.040816327
3725,0,0.004850167,0.000757289
3726,0,0.504155247,0.222820599
3727,0,-0.000000000,0.000000000
3728,0,-0.000000000,0.000000000
3729,0,-0.000000000,0.000000000
3730,0,0.985228136,1.142857143
3731,0,-0.000000000,0.000000000
3732,0,-0.000000000,0.000000000
3733,0,-0.000000000,0.000000000
3734,0,0.503258335,0.222222222
3735,0,-0.000000000,0.000000000
3736,0,-0.000000000,0.000000000
3737,0,-0.000000000,0.000000000
3738,0,0.143726170,0.040816327
3739,0,0.004850167,0.000757289
3740,0,0.144064358,0.040937481
3741,0,0.004862963,0.000759541
3742,0,0.144065364,0.040937841
3743,0,0.023246779,0.004548649
3744,0,-0.000000000,0.000000000
3745,0,-0.000000000,0.000000000
3746,0,0.143726170,0.040816327
3747,0,-0.000000000,0.000000000
3748,0,0.503258335,0.222222222
3749,0,0.021519932,0.004158004
3750,0,-0.000000000,0.000000000
3751,0,-0.000000000,0.000000000
3752,0,0.143726170,0.040816327
3753,0,0.004850167,0.000757289
3754,0,0.504155247,0.222820599
3755,0,-0.000000000,0.000000000
3756,0,0.143726170,0.040816327
3757,0,0.004850167,0.000757289
3758,0,-0.000000000,0.000000000
3759,0,-0.000000000,0.000000000
3760,0,0.503258335,0.222222222
3761,0,0.021519932,0.004158004
3762,0,-0.000000000,0.000000000
3763,0,-0.000000000,0.000000000
3764,0,-0.000000000,0.000000000
3765,0,-0.000000000,0.000000000
3766,0,-0.000000000,0.000000000
3767,0,-0.000000000,0.000000000
3768,0,-0.000000000,0.000000000
3769,0,-0.000000000,0.000000000
3770,0,0.503258335,0.222222222
3771,0,0.021519932,0.004158004
3772,0,0.145582434,0.041482489
3773,0,-0.000000000,0.000000000
3774,0,0.143726170,0.040816327
3775,0,0.102899790,0.026905830
3776,0,0.155714199,0.045168456
3777,0,0.025292702,0.005018717
3778,0,0.509179524,1.773811266
3779,0,0.021853467,0.004233007
3780,0,0.145615904,0.041494527
3781,0,0.023517924,0.004610503
3782,0,0.145784355,0.041555125
3783,0,0.004928129,0.000771023
3784,0,0.144070491,0.040939679
3785,0,0.004863196,0.000759582
3786,0,-0.000000000,0.000000000
3787,0,-0.000000000,0.000000000
3788,0,-0.000000000,0.000000000
3789,0,-0.000000000,0.000000000
3790,0,-0.000000000,0.000000000
3791,0,-0.000000000,0.000000000
3792,0,-0.000000000,0.000000000
3793,0,-0.000000000,0.000000000
3794,0,-0.000000000,0.000000000
3795,0,-0.000000000,0.000000000
3796,0,0.503258335,0.222222222
3797,0,0.021519932,0.004158004
3798,0,-0.000000000,0.000000000
3799,0,-0.000000000,0.000000000
3800,0,0.985228136,0.857142857
3801,0,0.069054382,0.016528926
3802,0,0.997557797,0.890688259
3803,0,0.071796460,0.017326932
3804,0,-0.000000000,0.000000000
3805,0,-0.000000000,0.000000000
3806,0,-0.000000000,0.000000000
3807,0,-0.000000000,0.000000000
3808,0,-0.000000000,0.000000000
3809,0,-0.000000000,0.000000000
3810,0,0.503258335,0.222222222
3811,0,0.095970403,0.024691358
3812,0,0.154729451,0.044806517
3813,0,-0.000000000,0.000000000
3814,0,0.143726170,0.040816327
3815,0,0.004850167,0.000757289
3816,0,0.504155247,1.777179401
3817,0,0.021570303,0.004169317
3818,0,-0.000000000,0.000000000
3819,0,-0.000000000,0.000000000
3820,0,0.143726170,0.040816327
3821,0,-0.000000000,0.000000000
3822,0,0.503258335,0.222222222
3823,0,-0.000000000,0.000000000
3824,0,0.985228136,0.857142857
3825,0,0.069054382,0.016528926
3826,0,0.156790701,0.045338767
3827,0,0.087739496,0.022018349
3828,0,0.227960825,0.083013804
3829,0,0.070642961,0.033918558
3830,0,0.071718624,0.051464587
3831,0,0.024844630,0.011360162
3832,0,0.158913866,0.048983982
3833,0,0.009110381,0.002291054
3834,0,0.508380902,0.224137688
3835,0,0.023814906,0.005022256
3836,0,0.510266777,0.226580852
3837,0,0.097832421,0.025310138
3838,0,0.532987614,0.242366653
3839,0,0.103070673,0.026960667
3840,0,0.000191721,0.000085409
3841,0,0.000197094,0.000083036
3842,0,0.000051331,0.000019870
3843,0,-0.000000000,0.000000000
3844,0,0.503258335,0.222222222
3845,0,0.309543429,0.111111111
3846,0,-0.000000000,0.000000000
3847,0,-0.000000000,0.000000000
3848,0,0.503258335,1.777777778
3849,0,0.365055190,0.139534884
3850,0,0.205592508,0.064516129
3851,0,0.007278029,0.001198322
3852,0,0.144877683,0.041142144
3853,0,0.005017414,0.000789931
3854,0,0.506425532,0.223319348
3855,0,0.310453191,0.111420127
3856,0,1.234645572,1.043287547
3857,0,0.773605307,0.364190550
3858,0,1.066844838,0.692694176
3859,0,1.358135897,1.145564365
3860,0,1.145539032,2.000000001
3861,0,2.062478884,2.355584696
3862,0,1.808953865,2.500242369
3863,0,1.743572561,2.916028360
3864,0,1.747442250,3.446623440
3865,0,1.923923477,4.001148812
3866,0,2.055745458,2.903586055
3867,0,1.647212933,2.351276240
3868,0,1.547623550,2.436431978
3869,0,1.399777591,2.362465566
3870,0,1.286100606,2.283066928
3871,0,2.247790477,3.484895411
3872,0,1.940847069,3.106397521
3873,0,2.149856842,3.417907996
3874,0,2.434797570,3.939866541
3875,0,3.231515263,5.125399106
3876,0,2.928128794,3.859284720
3877,0,2.936969271,4.305286459
3878,0,2.655702011,3.188811273
3879,0,2.154210846,4.146772239
3880,0,2.167368327,3.099701534
3881,0,1.736836234,1.618994529
3882,0,1.671364143,1.166690892
3883,0,1.448023618,1.231586463
3884,0,0.264991703,0.256114936
3885,0,1.245803385,1.237708135
3886,0,0.462773398,0.196005636
3887,0,1.073967956,1.022351561
3888,0,0.026760198,0.016186320
3889,0,1.004871347,1.002714130
3890,0,1.026949859,0.402464826
3891,0,1.046406677,1.002726004
3892,0,0.309104972,0.082416433
3893,0,1.001724883,0.999862930
3894,0,0.008157068,0.003503683
3895,0,1.000413811,1.000098058
3896,0,1.022098044,0.400057530
3897,0,1.000158768,1.004606567
3898,0,0.000218415,0.000065027
3899,0,1.000026845,1.000007947
3900,0,1.021942987,0.400004274
3901,0,1.000000131,0.995438115
3902,0,0.000018902,0.000004782
3903,0,1.000007904,1.000001427
3904,0,1.021930385,0.400000571
3905,0,1.044209030,1.001704751
3906,0,0.307210738,0.081595630
3907,0,1.000000040,1.000879037
3908,0,1.021928235,0.400000043
3909,0,1.190903054,1.031181434
3910,0,1.090492229,1.993089508
3911,0,1.048350477,1.007153470
3912,0,0.307749484,0.081769914
3913,0,0.999999535,0.999183530
3914,0,1.021928052,0.400000001
3915,0,1.044201792,1.001632017
3916,0,1.428224257,0.738026724
3917,0,0.977008821,1.178052998
3918,0,1.864053241,1.400000000
3919,0,2.074589680,1.377627404
3920,0,1.690911872,0.905005296
3921,0,1.093211184,0.999791389
3922,0,1.019152627,0.578577464
3923,0,0.616191543,0.305105240
3924,0,0.294616020,0.080000000
3925,0,0.999883931,0.987315294
3926,0,1.870915774,1.400000000
3927,0,0.999766729,0.982017662
3928,0,0.302287524,0.080000000
3929,0,1.010752673,1.000021067
3930,0,0.303235878,0.080305993
3931,0,0.999999417,1.000899239
3932,0,0.302292177,0.080000000
3933,0,0.999999404,1.000908923
3934,0,1.021928035,2.000181785
3935,0,1.044201063,1.009168687
3936,0,1.033601946,0.406504194
3937,0,1.193535820,1.031546073
3938,0,0.000000000,0.000000000
3939,0,1.000000000,1.000000000
3940,0,1.021928095,0.400000000
3941,0,0.999984960,1.004566210
3942,0,0.000000000,0.000000000
3943,0,1.000000000,1.000000000
3944,0,0.000000000,0.000000000
3945,0,1.000000000,1.000000000
3946,0,1.870950594,1.400000000
3947,0,2.101710523,1.461904762
3948,0,1.692014435,0.908921789
3949,0,2.027741867,1.269796659
3950,0,0.644298776,0.209788007
3951,0,0.999913491,0.989048976
3952,0,0.000000000,0.000000000
3953,0,1.000000000,1.000000000
3954,0,0.302292189,0.080000000
3955,0,0.999999424,1.000893655
3956,0,0.302292178,0.080000000
3957,0,1.010783244,1.001800740
3958,0,0.303238269,0.080306705
3959,0,1.010823003,1.000340179
3960,0,1.024237601,2.000054550
3961,0,1.044338489,1.001732968
3962,0,1.879475528,1.210380948
3963,0,1.116319811,1.005835742
3964,0,0.000000000,0.000000000
3965,0,1.000000000,1.000000000
3966,0,1.870950594,2.000000000
3967,0,2.101710523,1.461904762
3968,0,2.014897675,1.693156138
3969,0,0.997749632,0.944160494
3970,0,1.021703058,1.988832099
3971,0,0.999999944,0.999721616
3972,0,0.302292188,0.080000000
3973,0,1.050657251,1.006217768
3974,0,0.307951108,0.081839054
3975,0,1.011021530,1.000446876
3976,0,1.872798382,1.399481057
3977,0,1.115377926,1.028535002
3978,0,0.317528264,0.084974842
3979,0,1.011402405,1.001833227
3980,0,1.024377979,0.401359923
3981,0,0.999985048,0.995447188
3982,0,0.302291890,0.080000000
3983,0,1.050617666,1.006354400
3984,0,1.035606394,0.407628493
3985,0,0.999987496,1.004163514
3986,0,0.302291939,0.080000000
3987,0,1.215923509,1.041853313
3988,0,0.335584700,0.090975142
3989,0,0.999999908,0.999643581
3990,0,0.302292187,1.999985743
3991,0,1.010784201,1.000328603
3992,0,0.303238344,0.080306727
3993,0,1.050827082,1.006243116
3994,0,0.307973423,0.081846313
3995,0,0.999999522,1.000814426
3996,0,1.870950451,1.200000000
3997,0,0.999843761,0.985283158
3998,0,1.870903723,1.400000000
3999,0,1.441598671,1.096865375
4000,0,0.388995200,0.109331463
4001,0,1.067091851,1.010688649
4002,0,1.884620612,2.007564216
4003,0,1.117299198,1.008749367
4004,0,0.000000000,0.000000000
4005,0,1.000000000,1.000000000
4006,0,0.302292189,0.080000000
4007,0,1.050654972,1.006444444
4008,0,0.307950877,0.081838984
4009,0,0.999999521,0.999185048
4010,0,-0.000000000,0.000000000
4011,0,1.000000000,1.000000000
4012,0,-0.000000000,0.000000000
4013,0,1.000000000,1.000000000
4014,0,1.870950594,1.400000000
4015,0,1.442705945,1.936666667
4016,0,1.215018433,1.754396759
4017,0,0.999997720,1.001777927
4018,0,-0.000000000,0.000000000
4019,0,1.000000000,1.000000000
4020,0,1.500000000,2.000000000
4021,0,0.999525689,1.025641026
4022,0,0.302282703,0.080000000
4023,0,1.050443959,1.006632479
4024,0,0.307929628,0.081832588
4025,0,1.011018987,1.001743907
4026,0,-0.000000000,0.000000000
4027,0,1.000000000,1.000000000
4028,0,-0.000000000,0.000000000
4029,0,1.000000000,1.000000000
4030,0,-0.000000000,0.000000000
4031,0,1.000000000,1.000000000
4032,0,0.302292189,0.080000000
4033,0,1.010784836,1.000334821
4034,0,-0.000000000,0.000000000
4035,0,1.000000000,1.000000000
4036,0,-0.000000000,0.000000000
4037,0,1.000000000,1.000000000
4038,0,1.021928095,0.400000000
4039,0,0.999984960,0.995433790
4040,0,-0.000000000,0.000000000
4041,0,1.000000000,1.000000000
4042,0,-0.000000000,0.000000000
4043,0,1.000000000,1.000000000
4044,0,0.302292189,0.080000000
4045,0,1.010784836,1.001785714
4046,0,1.024228392,0.401277276
4047,0,1.191443368,1.032358167
4048,0,1.089371690,0.438380164
4049,0,1.206829293,1.031840658
4050,0,0.333728495,0.090348065
4051,0,1.012118629,1.001369921
4052,0,1.024551233,0.401454723
4053,0,0.999985451,0.995509057
4054,0,1.499992726,1.000000000
4055,0,1.180681154,1.007180316
4056,0,-0.000000000,0.000000000
4057,0,1.000000000,1.000000000
4058,0,0.302292189,0.080000000
4059,0,1.216063438,1.041991342
4060,0,1.100187131,0.444732109
4061,0,1.209543962,1.039989773
4062,0,1.918133123,1.265236869
4063,0,1.468560452,1.116211179
4064,0,-0.000000000,0.000000000
4065,0,1.000000000,1.000000000
4066,0,1.500000000,2.000000000
4067,0,1.180906651,1.050000000
4068,0,0.328975528,0.088762375
4069,0,1.011868799,1.001874092
4070,0,0.303346540,1.959859616
4071,0,1.508543967,1.542402288
4072,0,1.537103957,1.167957910
4073,0,2.274504117,1.923166486
4074,0,1.968059537,1.309052228
4075,0,1.269924679,1.259985931
4076,0,1.928972340,2.193481723
4077,0,1.495269664,1.203389501
4078,0,0.402694969,0.114307318
4079,0,0.999989864,1.003748441
4080,0,1.870947554,2.002249065
4081,0,0.999869283,0.986538694
4082,0,1.499934642,1.000000000
4083,0,2.240804159,1.640331176
4084,0,0.941046776,0.351494421
4085,0,1.041608152,1.018381675
4086,0,1.879215571,1.209583360
4087,0,2.108685226,1.352174386
4088,0,0.726747524,0.246004675
4089,0,1.030421712,1.012466913
4090,0,-0.000000000,0.000000000
4091,0,1.000000000,1.000000000
4092,0,0.302292189,0.080000000
4093,0,0.999999424,1.000893655
4094,0,1.021928037,0.400000000
4095,0,1.190902555,1.031182604
4096,0,0.330754178,0.089358451
4097,0,1.056033824,1.006495232
4098,0,-0.000000000,0.000000000
4099,0,1.000000000,1.000000000
4100,0,-0.000000000,0.000000000
4101,0,1.000000000,1.000000000
4102,0,1.870950594,2.000000000
4103,0,1.115135655,1.005357143
4104,0,1.895518114,1.392022543
4105,0,1.118776469,1.006809472
4106,0,1.568627162,2.016980863
4107,0,1.189126306,1.014403064
4108,0,-0.000000000,0.000000000
4109,0,1.000000000,1.000000000
4110,0,-0.000000000,0.000000000
4111,0,1.000000000,1.000000000
4112,0,-0.000000000,0.000000000
4113,0,1.000000000,1.000000000
4114,0,0.302292189,0.080000000
4115,0,1.010784836,1.000334821
4116,0,-0.000000000,0.000000000
4117,0,1.000000000,1.000000000
4118,0,-0.000000000,0.000000000
4119,0,1.000000000,1.000000000
4120,0,0.302292189,0.080000000
4121,0,1.050654972,1.006444444
4122,0,1.880819478,1.396975914
4123,0,1.116626838,1.007137749
4124,0,1.567282824,2.016874278
4125,0,1.188953809,1.014441835
4126,0,0.330374372,0.089221162
4127,0,1.055852912,1.007548129
4128,0,1.037270409,0.408554207
4129,0,0.999988212,0.995957456
4130,0,0.302291953,0.080000000
4131,0,1.050621850,1.006286903
4132,0,0.307947528,0.081837976
4133,0,0.999999518,1.000817309
4134,0,-0.000000000,0.000000000
4135,0,1.000000000,1.000000000
4136,0,0.302292189,0.080000000
4137,0,1.010784836,1.000334821
4138,0,0.303238394,1.959873434
4139,0,1.010823040,1.001788807
4140,0,-0.000000000,0.000000000
4141,0,1.000000000,1.000000000
4142,0,1.021928095,0.400000000
4143,0,1.044208200,1.009090909
4144,0,1.879446735,1.999192347
4145,0,1.116314986,1.028552720
4146,0,0.317675738,0.085023020
4147,0,1.053464507,1.006553237
4148,0,0.308320778,0.081959232
4149,0,0.999999531,0.999194079
4150,0,-0.000000000,0.000000000
4151,0,1.000000000,1.000000000
4152,0,1.021928095,2.000000000
4153,0,1.659062487,1.190196078
4154,0,0.459121683,0.134821453
4155,0,1.017608339,0.999721090
4156,0,0.303938530,0.080532790
4157,0,1.010858780,1.001722457
4158,0,-0.000000000,0.000000000
4159,0,1.000000000,1.000000000
4160,0,0.302292189,0.080000000
4161,0,1.010784836,1.000334821
4162,0,0.303238394,0.080306742
4163,0,1.010823040,1.001788807
4164,0,0.303242178,0.080307966
4165,0,0.999999425,0.999106924
4166,0,1.870950422,1.200000000
4167,0,1.115113058,1.005107771
4168,0,1.058327111,0.420462778
4169,0,1.046277362,1.009282975
4170,0,-0.000000000,0.000000000
4171,0,1.000000000,1.000000000
4172,0,-0.000000000,0.000000000
4173,0,1.000000000,1.000000000
4174,0,0.302292189,0.080000000
4175,0,1.010784836,1.000334821
4176,0,0.303238394,0.080306742
4177,0,1.050827150,1.006243004
4178,0,0.307973430,0.081846315
4179,0,1.011022473,1.001728750
4180,0,1.024285534,0.401308712
4181,0,0.999985064,0.995449592
4182,0,1.870946114,1.400000000
4183,0,1.115019561,1.029794091
4184,0,-0.000000000,0.000000000
4185,0,1.000000000,1.000000000
4186,0,1.021928095,0.400000000
4187,0,1.044208200,1.009090909
4188,0,0.307114252,1.999945529
4189,0,1.010979715,1.001801506
4190,0,0.303257717,0.080312992
4191,0,1.010823874,1.001788398
4192,0,0.303242259,0.080307992
4193,0,1.010823208,1.001788716
4194,0,1.024237649,0.401282391
4195,0,1.191445613,1.032359277
4196,0,1.089372633,0.438380708
4197,0,1.206829556,1.031840571
4198,0,1.095966108,1.783497074
4199,0,1.048699040,1.006840685
4200,0,-0.000000000,0.000000000
4201,0,1.000000000,1.000000000
4202,0,1.870950594,1.400000000
4203,0,2.101710523,1.842857143
4204,0,1.922828068,1.212162375
4205,0,1.837447426,1.147141912
4206,0,1.871848912,1.223455504
4207,0,2.324105784,1.545137546
4208,0,2.487703291,1.645586394
4209,0,2.066468160,1.343725675
4210,0,2.418121219,1.506805254
4211,0,1.920828524,1.857677002
4212,0,1.671912923,1.181675639
4213,0,1.072433776,1.331651673
4214,0,1.878917011,1.240043866
4215,0,1.475990996,1.008706001
4216,0,1.230468917,0.526856584
4217,0,1.247433153,1.017961713
4218,0,1.113495197,0.452490663
4219,0,0.999993973,0.997109489
4220,0,1.499996987,1.000000000
4221,0,1.181048106,1.048641980
4222,0,0.328988249,0.088766422
4223,0,1.055542065,1.006789945
4224,0,0.308596925,0.082049023
4225,0,0.999999540,0.999201164
4226,0,1.870950456,1.200000000
4227,0,1.115115447,1.028786080
4228,0,1.058327679,0.420463062
4229,0,0.999985347,1.004507024
4230,0,-0.000000000,0.000000000
4231,0,1.000000000,1.000000000
4232,0,-0.000000000,0.000000000
4233,0,1.000000000,1.000000000
4234,0,-0.000000000,0.000000000
4235,0,1.000000000,1.000000000
4236,0,1.021928095,0.400000000
4237,0,1.190930197,1.031111111
4238,0,-0.000000000,0.000000000
4239,0,1.000000000,1.000000000
4240,0,0.302292189,0.080000000
4241,0,1.050654972,1.006444444
4242,0,1.035616201,1.796983858
4243,0,1.194126817,1.031257201
4244,0,0.331348313,0.089555809
4245,0,0.999999844,1.000464920
4246,0,1.021928079,0.400000000
4247,0,0.999984693,1.004606536
4248,0,-0.000000000,0.000000000
4249,0,1.000000000,1.000000000
4250,0,-0.000000000,0.000000000
4251,0,1.000000000,1.000000000
4252,0,1.870950594,2.000000000
4253,0,0.999848483,1.014492754
4254,0,-0.000000000,0.000000000
4255,0,1.000000000,1.000000000
4256,0,1.870950594,2.000000000
4257,0,2.101710523,2.823809524
4258,0,1.922828068,1.816284747
4259,0,0.996579329,0.931164628
4260,0,0.302223776,0.080000000
4261,0,1.010905266,1.000628247
4262,0,0.303247991,0.080309609
4263,0,0.999999454,1.000869941
4264,0,1.021928040,2.000173988
4265,0,1.190903288,1.031180706
4266,0,1.040430781,0.598440622
4267,0,1.161185651,1.267677043
4268,0,0.338945751,0.092836170
4269,0,1.054291991,1.013189298
4270,0,0.308553517,0.082043683
4271,0,1.051727116,1.006480773
4272,0,1.035959054,1.998797570
4273,0,1.045036165,1.008780042
4274,0,-0.000000000,0.000000000
4275,0,1.000000000,1.000000000
4276,0,1.009051350,0.575824176
4277,0,1.152686658,1.259780220
4278,0,0.336846634,0.092098660
4279,0,0.999962587,0.992798255
4280,0,-0.000000000,0.000000000
4281,0,1.000000000,1.000000000
4282,0,1.009051350,0.575824176
4283,0,0.615253891,0.304347826
4284,0,1.817086652,1.442700730
4285,0,1.465168130,0.802548289
4286,0,1.934763894,1.450698422
4287,0,1.117030573,0.884795258
4288,0,-0.000000000,0.000000000
4289,0,1.000000000,1.000000000
4290,0,0.302292189,1.960000000
4291,0,1.216063438,1.985714286
4292,0,1.100187131,1.782324767
4293,0,1.048946092,1.006849209
4294,0,0.307715253,0.081760981
4295,0,1.011011477,1.000438670
4296,0,0.303260719,0.080313947
4297,0,1.010824149,1.000342596
4298,0,-0.000000000,0.000000000
4299,0,1.000000000,1.000000000
4300,0,1.500000000,2.000000000
4301,0,1.180906651,1.009375000
4302,0,1.085086471,0.435855357
4303,0,0.999985884,1.004423659
4304,0,0.302291907,0.080000000
4305,0,0.999999323,1.000968763
4306,0,0.842196719,0.541021700
4307,0,0.996761505,0.758506614
4308,0,1.488089617,1.734642684
4309,0,0.982810902,0.845940399
4310,0,0.890921268,1.383880149
4311,0,0.987650482,0.724001159
4312,0,1.030448332,0.408846072
4313,0,0.999283983,0.968496896
4314,0,1.870735789,1.400000000
4315,0,2.097555194,1.834057362
4316,0,2.015349961,2.165059154
4317,0,1.171515301,1.082125507
4318,0,0.327023044,0.088120834
4319,0,1.236517209,1.034209463
4320,0,-0.000000000,0.000000000
4321,0,1.000000000,1.000000000
4322,0,-0.000000000,0.000000000
4323,0,1.000000000,1.000000000
4324,0,0.302292189,0.080000000
4325,0,1.050654972,1.006222222
4326,0,1.880819478,1.396975914
4327,0,1.116626838,1.027364981
4328,0,-0.000000000,0.000000000
4329,0,1.000000000,1.000000000
4330,0,-0.000000000,0.000000000
4331,0,1.000000000,1.000000000
4332,0,-0.000000000,0.000000000
4333,0,1.000000000,1.000000000
4334,0,0.302292189,0.080000000
4335,0,0.999999424,1.000893655
4336,0,-0.000000000,0.000000000
4337,0,1.000000000,1.000000000
4338,0,1.021928095,0.400000000
4339,0,1.044208200,1.001704545
4340,0,1.033603662,0.406505016
4341,0,1.044868282,1.009144184
4342,0,0.307198258,0.081593565
4343,0,0.999999430,0.999111285
4344,0,1.021928038,0.400000000
4345,0,1.044201222,1.001625599
4346,0,1.879444250,1.210344277
4347,0,2.106378149,1.466745223
4348,0,-0.000000000,0.000000000
4349,0,1.000000000,1.000000000
4350,0,-0.000000000,0.000000000
4351,0,1.000000000,1.000000000
4352,0,1.021928095,0.400000000
4353,0,1.044208200,1.009090909
4354,0,1.879446735,1.999192347
4355,0,2.106390698,1.726426854
4356,0,2.440880009,2.048528652
4357,0,2.207012384,2.044281678
4358,0,1.748357145,3.268436300
4359,0,1.603936235,1.751630727
4360,0,1.654051741,2.033469477
4361,0,2.241131116,1.576968071
4362,0,2.347411904,1.376711820
4363,0,1.704955217,1.501046606
4364,0,1.942898582,1.807387435
4365,0,1.167704602,0.528474707
4366,0,1.615447944,1.263495848
4367,0,1.159440452,0.695614741
4368,0,1.895015533,1.397324353
4369,0,1.124173566,0.906049688
4370,0,1.063281059,0.423934239
4371,0,1.047691322,0.996346460
4372,0,1.034630610,0.407063173
4373,0,1.045051114,1.007791168
4374,0,0.307217361,0.081599499
4375,0,0.999999465,1.000861091
4376,0,1.870950434,1.400000000
4377,0,1.115113869,1.028802808
4378,0,0.317488378,0.084961857
4379,0,1.011399989,1.000421710
4380,0,-0.000000000,0.000000000
4381,0,1.000000000,1.000000000
4382,0,1.870950594,1.200000000
4383,0,2.101710523,1.352380952
4384,0,2.014897675,1.276977343
4385,0,2.258024961,1.619806206
4386,0,0.907105430,1.861688010
4387,0,1.179338816,1.000662331
4388,0,-0.000000000,0.000000000
4389,0,1.000000000,1.000000000
4390,0,1.500000000,1.000000000
4391,0,0.999525689,1.025641026
4392,0,1.870808301,1.200000000
4393,0,1.114450387,0.998199573
4394,0,0.317428203,0.084943542
4395,0,1.053346302,1.006785581
4396,0,-0.000000000,0.000000000
4397,0,1.000000000,1.000000000
4398,0,0.302292189,0.080000000
4399,0,0.999999424,1.000893655
4400,0,0.302292178,0.080000000
4401,0,1.010783244,1.001800740
4402,0,1.872752015,1.202044771
4403,0,1.443454840,1.093480210
4404,0,-0.000000000,0.000000000
4405,0,1.000000000,1.000000000
4406,0,1.500000000,2.000000000
4407,0,1.633875355,2.950000000
4408,0,1.330420236,1.969385801
4409,0,1.534371741,1.195493198
4410,0,1.667203893,1.628259318
4411,0,0.982244749,0.843434161
4412,0,-0.000000000,0.000000000
4413,0,1.000000000,1.000000000
4414,0,1.021928095,0.400000000
4415,0,0.999984960,0.995433790
4416,0,-0.000000000,0.000000000
4417,0,1.000000000,1.000000000
4418,0,1.870950594,1.400000000
4419,0,0.999848483,1.014492754
4420,0,0.302289159,0.080000000
4421,0,1.010758937,1.000081952
4422,0,1.506181924,1.001290505
4423,0,1.635235432,1.161814296
4424,0,0.450455931,0.131566063
4425,0,1.079072761,1.014213616
4426,0,1.044996875,2.003322879
4427,0,0.999992096,0.996689841
4428,0,1.021927304,0.400000000
4429,0,0.999983009,0.995146681
4430,0,-0.000000000,0.000000000
4431,0,1.000000000,1.000000000
4432,0,-0.000000000,0.000000000
4433,0,1.000000000,1.000000000
4434,0,-0.000000000,0.000000000
4435,0,1.000000000,1.000000000
4436,0,-0.000000000,0.000000000
4437,0,1.000000000,1.000000000
4438,0,1.021928095,0.400000000
4439,0,1.659062487,1.145098039
4440,0,-0.000000000,0.000000000
4441,0,1.000000000,1.000000000
4442,0,1.870950594,1.200000000
4443,0,1.115135655,1.028571429
4444,0,1.730361038,2.004200295
4445,0,1.222097886,1.059835672
4446,0,1.105780289,0.447304215
4447,0,1.050724263,1.008760301
4448,0,1.883130609,1.998109186
4449,0,1.117457345,1.028258987
4450,0,0.317811863,0.085089577
4451,0,1.053568987,1.007043682
4452,0,1.036606195,0.408190331
4453,0,1.194366766,1.031255914
4454,0,0.331412186,0.089582536
4455,0,1.056190068,1.006490864
4456,0,1.037388231,0.408619085
4457,0,1.045133228,1.002447881
4458,0,0.000002940,0.000001539
4459,0,1.000008569,1.000004928
4460,0,0.302294812,0.080001362
4461,0,1.010786415,1.001786432
4462,0,1.872753718,1.202045623
4463,0,0.999849819,1.014454743
4464,0,-0.000000000,0.000000000
4465,0,1.000000000,1.000000000
4466,0,-0.000000000,0.000000000
4467,0,1.000000000,1.000000000
4468,0,1.870950594,1.200000000
4469,0,1.442705945,1.096666667
4470,0,0.389175081,0.109395083
4471,0,1.014486611,1.000880689
4472,0,-0.000000000,0.000000000
4473,0,1.000000000,1.000000000
4474,0,1.021928095,0.400000000
4475,0,0.999984960,1.004566210
4476,0,1.870946082,1.400000000
4477,0,0.999821074,1.015749074
4478,0,1.021910202,0.400000000
4479,0,0.999974615,0.994067859
4480,0,0.302291681,0.080000000
4481,0,0.999999287,0.999005626
4482,0,1.021928024,1.800000000
4483,0,1.190899438,1.032123890
4484,0,0.330753765,0.089358320
4485,0,0.999999823,0.999504172
4486,0,1.499999911,1.999504172
4487,0,1.180882096,1.009132673
4488,0,1.043745387,0.606812821
4489,0,0.955905886,0.754028303
4490,0,1.017518684,0.400000000
4491,0,0.999516912,1.025877156
4492,0,1.499758456,2.025877156
4493,0,1.179511907,1.062150322
4494,0,0.328858633,0.088726166
4495,0,1.011837761,1.002120602
4496,0,0.303343970,0.080340944
4497,0,1.050845284,1.006476592
4498,0,1.035676375,0.407666749
4499,0,1.194141223,1.033480902
4500,0,0.331350963,0.089556689
4501,0,0.999999844,0.999535233
4502,0,0.302292186,0.080000000
4503,0,0.999999414,0.999098454
4504,0,0.302292177,0.080000000
4505,0,0.999999404,0.999091038
4506,0,-0.000000000,0.000000000
4507,0,1.000000000,1.000000000
4508,0,1.870950594,1.400000000
4509,0,1.442705945,1.096666667
4510,0,0.389175081,0.109395083
4511,0,0.999999903,0.999633131
4512,0,-0.000000000,0.000000000
4513,0,1.000000000,1.000000000
4514,0,-0.000000000,0.000000000
4515,0,1.000000000,1.000000000
4516,0,0.302292189,0.080000000
4517,0,1.050654972,1.006444444
4518,0,0.307950877,0.081838984
4519,0,1.011021502,1.000446708
4520,0,0.303261705,0.080314266
4521,0,1.010824204,1.000342755
4522,0,0.303242288,0.080308001
4523,0,1.216733472,1.032155595
4524,0,1.100484520,0.444906357
4525,0,0.999997850,1.001726356
4526,0,0.302292146,0.080000000
4527,0,1.010781761,1.001814741
4528,0,-0.000000000,0.000000000
4529,0,1.000000000,1.000000000
4530,0,1.500000000,2.000000000
4531,0,1.180906651,1.009375000
4532,0,-0.000000000,0.000000000
4533,0,1.000000000,1.000000000
4534,0,-0.000000000,0.000000000
4535,0,1.000000000,1.000000000
4536,0,1.021928095,0.400000000
4537,0,0.999984960,1.004566210
4538,0,-0.000000000,0.000000000
4539,0,1.000000000,1.000000000
4540,0,0.302292189,0.080000000
4541,0,0.999999424,0.999106345
4542,0,-0.000000000,0.000000000
4543,0,1.000000000,1.000000000
4544,0,0.302292189,0.080000000
4545,0,1.010784836,1.000334821
4546,0,0.303238394,0.080306742
4547,0,1.010823040,1.000340490
4548,0,0.303242178,0.080307966
4549,0,1.050827887,1.006243000
4550,0,1.880858031,1.996389473
4551,0,0.999877278,1.013043181
4552,0,0.302289735,0.080000000
4553,0,1.010761536,1.000107244
4554,0,0.303236569,0.080306199
4555,0,0.999999419,1.000897573
4556,0,0.302292177,0.080000000
4557,0,0.999999404,1.000908895
4558,0,-0.000000000,0.000000000
4559,0,1.000000000,1.000000000
4560,0,-0.000000000,0.000000000
4561,0,1.000000000,1.000000000
4562,0,1.870950594,1.200000000
4563,0,1.442705945,1.093333333
4564,0,0.389175081,0.109395083
4565,0,1.067192530,1.010857510
4566,0,0.310172099,0.082560557
4567,0,1.011121584,1.001646023
4568,0,-0.000000000,0.000000000
4569,0,1.000000000,1.000000000
4570,0,1.500000000,1.000000000
4571,0,1.508326883,1.208333333
4572,0,1.537151611,1.709516267
4573,0,1.556695841,1.169801709
4574,0,1.643593379,1.993679603
4575,0,1.621412576,1.153692168
4576,0,1.599878960,1.300978970
4577,0,1.697926161,0.907102925
4578,0,0.489003944,0.148342339
4579,0,1.093692033,0.995122819
4580,0,-0.000000000,0.000000000
4581,0,1.000000000,1.000000000
4582,0,0.302292189,0.080000000
4583,0,0.999999424,0.999106345
4584,0,1.021928037,0.400000000
4585,0,1.044201183,1.001625160
4586,0,0.307113604,0.081566103
4587,0,1.051531992,1.006602574
4588,0,0.308065950,0.081876393
4589,0,1.051744000,1.006727420
4590,0,-0.000000000,0.000000000
4591,0,1.000000000,1.000000000
4592,0,1.021928095,0.400000000
4593,0,0.999984960,1.004566210
4594,0,1.499992480,1.000000000
4595,0,1.633359546,1.158853374
4596,0,0.449915280,0.131364673
4597,0,0.999998892,0.998760864
4598,0,0.302292167,0.080000000
4599,0,1.010787041,1.001764879
4600,0,1.872753318,1.202045446
4601,0,1.115369584,1.028561135
4602,0,1.566419334,1.019894912
4603,0,0.999588891,0.976128165
4604,0,0.302283967,0.080000000
4605,0,0.999998783,0.998701042
4606,0,1.499999391,1.000000000
4607,0,1.633729408,1.156075139
4608,0,0.449982603,0.131390907
4609,0,1.078958467,1.007727501
4610,0,0.311834226,0.083101800
4611,0,1.011196470,1.000634253
4612,0,1.024327115,0.401331374
4613,0,1.044346128,1.001763096
4614,0,1.033645869,1.797421165
4615,0,1.044871175,1.001852546
4616,0,1.033807583,0.406618349
4617,0,1.193589452,1.032941619
4618,0,-0.000000000,0.000000000
4619,0,1.000000000,1.000000000
4620,0,1.870950594,1.400000000
4621,0,1.115135655,1.005357143
4622,0,1.895518114,2.003587170
4623,0,1.454362403,1.101745918
4624,0,-0.000000000,0.000000000
4625,0,1.000000000,1.000000000
4626,0,1.021928095,2.000000000
4627,0,1.044208200,1.001704545
4628,0,1.033603662,0.406505016
4629,0,1.044868282,1.001846444
4630,0,-0.000000000,0.000000000
4631,0,1.000000000,1.000000000
4632,0,1.021928095,0.400000000
4633,0,1.190930197,1.031111111
4634,0,1.089151666,0.438252490
4635,0,1.206774753,1.031843218
4636,0,1.095942596,1.992182969
4637,0,0.999997746,1.001767514
4638,0,-0.000000000,0.000000000
4639,0,1.000000000,1.000000000
4640,0,0.302292189,0.080000000
4641,0,1.010784836,1.000334821
4642,0,0.303238394,0.080306742
4643,0,1.216730444,1.042167601
4644,0,0.335734516,0.091024882
4645,0,1.012200525,1.001084822
4646,0,0.303378855,0.080352065
4647,0,1.010830211,1.000355651
4648,0,0.303443570,0.080349057
4649,0,1.046607570,1.010674804
4650,0,1.422241422,1.840976848
4651,0,1.508277331,1.949244994
4652,0,1.720191721,1.750532673
4653,0,1.381038711,1.692710751
4654,0,1.322723351,0.993758914
4655,0,0.596026719,0.289095942
4656,0,0.260965802,0.088281673
4657,0,1.025145953,1.021837626
4658,0,0.996394967,1.070664514
4659,0,0.670117351,0.350985882
4660,0,-0.000000000,0.000000000
4661,0,0.503258335,1.777777778
4662,0,0.242292189,1.920000000
4663,0,1.023453336,1.002597403
4664,0,0.045224637,0.009950249
4665,0,-0.000000000,0.000000000
4666,0,0.143726170,0.040816327
4667,0,0.161893568,0.047457627
4668,0,0.164840316,0.048560136
4669,0,0.970985229,0.434625063
4670,0,0.954636212,1.440506860
4671,0,0.885040266,1.393811829
4672,0,0.871329132,1.415939972
4673,0,0.106459501,0.028060558
4674,0,0.156227573,0.045357457
4675,0,-0.000000000,0.000000000
4676,0,-0.000000000,0.000000000
4677,0,-0.000000000,0.000000000
4678,0,0.143726170,0.040816327
4679,0,0.004850167,0.000757289
4680,0,0.504155247,0.222820599
4681,0,0.021570303,0.004169317
4682,0,0.021265448,0.004100925
4683,0,-0.000000000,0.000000000
4684,0,-0.000000000,0.000000000
4685,0,-0.000000000,0.000000000
4686,0,0.503258335,1.777777778
4687,0,0.021519932,0.004158004
4688,0,0.145582434,0.041482489
4689,0,-0.000000000,0.000000000
4690,0,0.503258335,1.777777778
4691,0,-0.000000000,0.000000000
4692,0,0.503258335,0.222222222
4693,0,0.021519932,0.004158004
4694,0,0.145582434,0.041482489
4695,0,0.104242255,0.027339957
4696,0,-0.000000000,0.000000000
4697,0,-0.000000000,0.000000000
4698,0,0.503258335,0.222222222
4699,0,0.021519932,0.004158004
4700,0,0.145582434,0.041482489
4701,0,0.023512068,0.004609165
4702,0,0.145783759,0.041554910
4703,0,0.004928106,0.000771019
4704,0,0.144070489,0.040939678
4705,0,0.004863196,0.000759582
4706,0,0.144065382,0.040937848
4707,0,0.023246782,0.004548650
4708,0,0.145756755,0.041545194
4709,0,0.104368334,0.027380813
4710,0,-0.000000000,0.000000000
4711,0,-0.000000000,0.000000000
4712,0,-0.000000000,0.000000000
4713,0,-0.000000000,0.000000000
4714,0,0.143726170,0.040816327
4715,0,0.004850167,0.000757289
4716,0,0.504155247,0.222820599
4717,0,-0.000000000,0.000000000
4718,0,0.985228136,0.857142857
4719,0,0.276195428,0.095238095
4720,0,0.185997890,0.056680162
4721,0,0.133509146,0.037201063
4722,0,0.160288585,0.046860081
4723,0,-0.000000000,0.000000000
4724,0,-0.000000000,0.000000000
4725,0,-0.000000000,0.000000000
4726,0,-0.000000000,0.000000000
4727,0,-0.000000000,0.000000000
4728,0,0.503258335,0.222222222
4729,0,0.095970403,0.024691358
4730,0,0.531882603,0.241758242
4731,0,0.023154724,0.004527681
4732,0,0.508602554,0.225800549
4733,0,0.097224851,0.025088950
4734,0,1.002682676,1.095942607
4735,0,-0.000000000,0.000000000
4736,0,0.143726170,0.040816327
4737,0,0.102899790,0.026905830
4738,0,-0.000000000,0.000000000
4739,0,-0.000000000,0.000000000
4740,0,0.143726170,0.040816327
4741,0,-0.000000000,0.000000000
4742,0,0.503258335,0.222222222
4743,0,0.021519932,0.004158004
4744,0,0.988808991,0.865711331
4745,0,0.278622817,0.096363708
4746,0,0.186495788,0.056875532
4747,0,0.006510140,0.001056031
4748,0,0.504508731,0.223056666
4749,0,-0.000000000,0.000000000
4750,0,0.143726170,1.959183673
4751,0,0.004850167,0.000757289
4752,0,0.144064358,0.040937481
4753,0,-0.000000000,0.000000000
4754,0,0.503258335,0.222222222
4755,0,-0.000000000,0.000000000
4756,0,0.143726170,0.040816327
4757,0,0.004850167,0.000757289
4758,0,0.504155247,1.777179401
4759,0,-0.000000000,0.000000000
4760,0,0.143726170,0.040816327
4761,0,0.004850167,0.000757289
4762,0,0.004837167,0.000755002
4763,0,0.144029634,0.040925037
4764,0,-0.000000000,0.000000000
4765,0,-0.000000000,0.000000000
4766,0,0.143726170,0.040816327
4767,0,0.004850167,0.000757289
4768,0,0.144064358,0.040937481
4769,0,-0.000000000,0.000000000
4770,0,-0.000000000,0.000000000
4771,0,-0.000000000,0.000000000
4772,0,0.143726170,0.040816327
4773,0,-0.000000000,0.000000000
4774,0,0.503258335,0.222222222
4775,0,0.095970403,0.024691358
4776,0,0.154729451,0.044806517
4777,0,-0.000000000,0.000000000
4778,0,0.143726170,0.040816327
4779,0,0.004850167,0.000757289
4780,0,-0.000000000,0.000000000
4781,0,-0.000000000,0.000000000
4782,0,-0.000000000,0.000000000
4783,0,0.985228136,1.142857143
4784,0,0.996791632,1.066666667
4785,0,0.294212008,0.103703704
4786,0,0.615610534,0.304635762
4787,0,-0.000000000,0.000000000
4788,0,0.503258335,0.222222222
4789,0,0.021519932,0.004158004
4790,0,0.145582434,0.041482489
4791,0,-0.000000000,0.000000000
4792,0,0.143726170,0.040816327
4793,0,0.004850167,0.000757289
4794,0,0.144064358,0.040937481
4795,0,-0.000000000,0.000000000
4796,0,0.143726170,0.040816327
4797,0,0.004850167,0.000757289
4798,0,-0.000000000,0.000000000
4799,0,-0.000000000,0.000000000
4800,0,0.503258335,0.222222222
4801,0,0.095970403,0.024691358
4802,0,-0.000000000,0.000000000
4803,0,-0.000000000,0.000000000
4804,0,0.985228136,0.857142857
4805,0,0.779349837,0.461538462
4806,0,-0.000000000,0.000000000
4807,0,-0.000000000,0.000000000
4808,0,-0.000000000,0.000000000
4809,0,-0.000000000,0.000000000
4810,0,-0.000000000,0.000000000
4811,0,-0.000000000,0.000000000
4812,0,0.143726170,0.040816327
4813,0,-0.000000000,0.000000000
4814,0,0.503258335,0.222222222
4815,0,-0.000000000,0.000000000
4816,0,-0.000000000,0.000000000
4817,0,-0.000000000,0.000000000
4818,0,0.503258335,0.222222222
4819,0,0.095970403,0.024691358
4820,0,0.531882603,1.758241758
4821,0,0.102764055,1.973137973
4822,0,0.534339367,1.756521739
4823,0,-0.000000000,0.000000000
4824,0,0.143726170,0.040816327
4825,0,0.023187512,0.004535147
4826,0,0.508611331,0.225806452
4827,0,0.021821359,0.004225777
4828,0,0.145612678,0.041493366
4829,0,-0.000000000,0.000000000
4830,0,0.985228136,1.142857143
4831,0,0.069054382,0.016528926
4832,0,0.997557797,0.890688259
4833,0,0.071796460,0.017326932
4834,0,-0.000000000,0.000000000
4835,0,-0.000000000,0.000000000
4836,0,0.503258335,0.222222222
4837,0,0.095970403,0.024691358
4838,0,-0.000000000,0.000000000
4839,0,-0.000000000,0.000000000
4840,0,0.503258335,0.222222222
4841,0,0.095970403,0.024691358
4842,0,-0.000000000,0.000000000
4843,0,-0.000000000,0.000000000
4844,0,-0.000000000,0.000000000
4845,0,-0.000000000,0.000000000
4846,0,0.143726170,0.040816327
4847,0,0.102899790,0.026905830
4848,0,0.534388846,0.243512974
4849,0,0.023300611,0.004560918
4850,0,0.145762230,0.041547164
4851,0,0.023543531,0.004616352
4852,0,0.145786965,0.041556064
4853,0,0.004928228,0.000771040
4854,0,0.144070499,0.040939681
4855,0,0.023247676,0.004548853
4856,0,0.145756846,0.041545227
4857,0,0.023542589,0.004616136
4858,0,0.989170813,1.134005669
4859,0,0.069833174,0.016754761
4860,0,-0.000000000,0.000000000
4861,0,-0.000000000,0.000000000
4862,0,0.503258335,0.222222222
4863,0,-0.000000000,0.000000000
4864,0,0.143726170,0.040816327
4865,0,-0.000000000,0.000000000
4866,0,0.503258335,0.222222222
4867,0,0.365055190,0.139534884
4868,0,0.650022422,0.333333333
4869,0,0.133039649,0.037037037
4870,0,0.119116027,0.032258065
4871,0,-0.000000000,0.000000000
4872,0,0.985228136,1.142857143
4873,0,0.069054382,0.016528926
4874,0,-0.000000000,0.000000000
4875,0,-0.000000000,0.000000000
4876,0,0.143726170,0.040816327
4877,0,0.023187512,0.004535147
4878,0,0.145750730,0.041543027
4879,0,-0.000000000,0.000000000
4880,0,-0.000000000,0.000000000
4881,0,-0.000000000,0.000000000
4882,0,-0.000000000,0.000000000
4883,0,-0.000000000,0.000000000
4884,0,0.143726170,0.040816327
4885,0,0.004850167,0.000757289
4886,0,0.985956528,1.141398038
4887,0,0.276640140,0.095443966
4888,0,0.607378315,0.298036741
4889,0,0.027763706,0.005596418
4890,0,0.989932283,0.868654905
4891,0,0.069997239,0.016802419
4892,0,0.151218755,0.043522618
4893,0,0.005134922,0.000807602
4894,0,-0.000000000,0.000000000
4895,0,-0.000000000,0.000000000
4896,0,-0.000000000,0.000000000
4897,0,-0.000000000,0.000000000
4898,0,0.143726170,0.040816327
4899,0,0.004850167,0.000757289
4900,0,0.504155247,1.777179401
4901,0,0.096180499,0.024757844
4902,0,-0.000000000,0.000000000
4903,0,-0.000000000,0.000000000
4904,0,-0.000000000,0.000000000
4905,0,-0.000000000,0.000000000
4906,0,-0.000000000,0.000000000
4907,0,-0.000000000,0.000000000
4908,0,0.985228136,0.857142857
4909,0,0.069054382,0.016528926
4910,0,0.151096971,0.043478261
4911,0,0.024479319,0.004830918
4912,0,0.145882706,0.041590516
4913,0,0.023564617,0.004621168
4914,0,0.989174765,0.866660300
4915,0,0.069834017,0.016755006
4916,0,0.522819430,0.235473079
4917,0,-0.000000000,0.000000000
4918,0,0.503258335,1.777777778
4919,0,-0.000000000,0.000000000
4920,0,0.143726170,0.040816327
4921,0,0.102899790,0.026905830
4922,0,-0.000000000,0.000000000
4923,0,-0.000000000,0.000000000
4924,0,-0.000000000,0.000000000
4925,0,-0.000000000,0.000000000
4926,0,0.503258335,0.222222222
4927,0,0.021519932,0.004158004
4928,0,0.145582434,0.041482489
4929,0,-0.000000000,0.000000000
4930,0,-0.000000000,0.000000000
4931,0,-0.000000000,0.000000000
4932,0,-0.000000000,0.000000000
4933,0,-0.000000000,0.000000000
4934,0,0.143726170,0.040816327
4935,0,-0.000000000,0.000000000
4936,0,-0.000000000,0.000000000
4937,0,-0.000000000,0.000000000
4938,0,-0.000000000,0.000000000
4939,0,-0.000000000,0.000000000
4940,0,0.143726170,0.040816327
4941,0,-0.000000000,0.000000000
4942,0,0.503258335,0.222222222
4943,0,-0.000000000,0.000000000
4944,0,-0.000000000,0.000000000
4945,0,-0.000000000,0.000000000
4946,0,0.503258335,0.222222222
4947,0,-0.000000000,0.000000000
4948,0,0.143726170,0.040816327
4949,0,0.023187512,0.004535147
4950,0,0.145750730,0.041543027
4951,0,-0.000000000,0.000000000
4952,0,0.503258335,0.222222222
4953,0,0.021519932,0.004158004
4954,0,-0.000000000,0.000000000
4955,0,-0.000000000,0.000000000
4956,0,0.143726170,0.040816327
4957,0,0.004850167,0.000757289
4958,0,0.985956528,0.858710044
4959,0,0.780133673,0.462359383
4960,0,0.879549174,0.597161630
4961,0,0.210075701,0.066351292
4962,0,0.173213778,0.051731097
4963,0,0.028404308,0.005747900
4964,0,0.510035374,0.226765223
4965,0,0.021901873,0.004243910
4966,0,0.508268890,0.225576226
4967,0,0.097146346,0.025064025
4968,0,-0.000000000,0.000000000
4969,0,-0.000000000,0.000000000
4970,0,-0.000000000,0.000000000
4971,0,-0.000000000,0.000000000
4972,0,0.143726170,0.040816327
4973,0,-0.000000000,0.000000000
4974,0,0.143726170,0.040816327
4975,0,0.023187512,0.004535147
4976,0,-0.000000000,0.000000000
4977,0,-0.000000000,0.000000000
4978,0,0.143726170,0.040816327
4979,0,0.004850167,0.000757289
4980,0,0.144064358,0.040937481
4981,0,0.004862963,0.000759541
4982,0,0.504157912,0.222822379
4983,0,0.096181123,0.024758042
4984,0,0.154759109,0.044817406
4985,0,0.005270375,0.000831678
4986,0,0.144097576,0.040949386
4987,0,0.004864221,0.000759762
4988,0,-0.000000000,0.000000000
4989,0,-0.000000000,0.000000000
4990,0,0.143726170,0.040816327
4991,0,0.004850167,0.000757289
4992,0,0.144064358,0.040937481
4993,0,0.023246603,0.004548609
4994,0,-0.000000000,0.000000000
4995,0,-0.000000000,0.000000000
4996,0,0.503258335,0.222222222
4997,0,0.021519932,0.004158004
4998,0,-0.000000000,0.000000000
4999,0,-0.000000000,0.000000000
5000,0,-0.000000000,0.000000000
5001,0,-0.000000000,0.000000000
5002,0,0.143726170,0.040816327
5003,0,0.023187512,0.004535147
5004,0,0.145750730,0.041543027
5005,0,-0.000000000,0.000000000
5006,0,0.143726170,0.040816327
5007,0,0.004850167,0.000757289
5008,0,-0.000000000,0.000000000
5009,0,-0.000000000,0.000000000
5010,0,0.503258335,0.222222222
5011,0,0.021519932,0.004158004
5012,0,0.508167846,0.225508318
5013,0,-0.000000000,0.000000000
5014,0,0.143726170,0.040816327
5015,0,0.023187512,0.004535147
5016,0,0.508611331,1.774193548
5017,0,0.097226916,0.025089606
5018,0,0.154906569,0.044871558
5019,0,0.025150197,0.004985729
5020,0,0.509140778,0.226162655
5021,0,0.369389988,0.141862859
5022,0,-0.000000000,0.000000000
5023,0,-0.000000000,0.000000000
5024,0,0.503258335,0.222222222
5025,0,0.095970403,0.024691358
5026,0,0.154729451,0.044806517
5027,0,-0.000000000,0.000000000
5028,0,0.143726170,0.040816327
5029,0,0.102899790,0.026905830
5030,0,-0.000000000,0.000000000
5031,0,-0.000000000,0.000000000
5032,0,0.143726170,0.040816327
5033,0,-0.000000000,0.000000000
5034,0,0.503258335,0.222222222
5035,0,-0.000000000,0.000000000
5036,0,0.503258335,0.222222222
5037,0,0.021519932,0.004158004
5038,0,0.508167846,0.225508318
5039,0,0.097122578,0.025056480
5040,0,0.532296507,0.242047532
5041,0,0.023178785,0.004533160
5042,0,-0.000000000,0.000000000
5043,0,-0.000000000,0.000000000
5044,0,-0.000000000,0.000000000
5045,0,-0.000000000,0.000000000
5046,0,0.143726170,0.040816327
5047,0,0.102899790,0.026905830
5048,0,-0.000000000,0.000000000
5049,0,-0.000000000,0.000000000
5050,0,-0.000000000,0.000000000
5051,0,-0.000000000,0.000000000
5052,0,0.503258335,0.222222222
5053,0,-0.000000000,0.000000000
5054,0,0.143726170,0.040816327
5055,0,0.004850167,0.000757289
5056,0,0.504155247,0.222820599
5057,0,0.021570303,0.004169317
5058,0,-0.000000000,0.000000000
5059,0,-0.000000000,0.000000000
5060,0,0.143726170,0.040816327
5061,0,0.004850167,0.000757289
5062,0,0.504155247,0.222820599
5063,0,-0.000000000,0.000000000
5064,0,0.143726170,0.040816327
5065,0,0.004850167,0.000757289
5066,0,-0.000000000,0.000000000
5067,0,-0.000000000,0.000000000
5068,0,0.143726170,0.040816327
5069,0,0.023187512,0.004535147
5070,0,-0.000000000,0.000000000
5071,0,-0.000000000,0.000000000
5072,0,-0.000000000,0.000000000
5073,0,-0.000000000,0.000000000
5074,0,0.503258335,0.222222222
5075,0,0.021519932,0.004158004
5076,0,0.508167846,0.225508318
5077,0,0.368672847,0.141476614
5078,0,0.651828567,0.334891775
5079,0,0.133535275,0.037210197
5080,0,1.008924665,0.930795343
5081,0,0.075054313,0.018285299
5082,0,0.998663002,1.108380653
5083,0,0.286615949,0.100103124
5084,0,-0.000000000,0.000000000
5085,0,-0.000000000,0.000000000
5086,0,0.503258335,0.222222222
5087,0,0.021519932,0.004158004
5088,0,0.508167846,0.225508318
5089,0,0.368672847,0.141476614
5090,0,-0.000000000,0.000000000
5091,0,-0.000000000,0.000000000
5092,0,0.985228136,1.142857143
5093,0,0.276195428,0.095238095
5094,0,0.607171655,0.297872340
5095,0,-0.000000000,0.000000000
5096,0,0.503258335,0.222222222
5097,0,-0.000000000,0.000000000
5098,0,-0.000000000,0.000000000
5099,0,-0.000000000,0.000000000
5100,0,0.503258335,0.222222222
5101,0,0.021519932,0.004158004
5102,0,0.145582434,0.041482489
5103,0,0.004920471,0.000769672
5104,0,0.144069888,0.040939462
5105,0,0.004863173,0.000759578
5106,0,0.504157956,0.222822408
5107,0,0.096181133,0.024758045
5108,0,1.002496305,0.906887892
5109,0,-0.000000000,0.000000000
5110,0,0.143726170,0.040816327
5111,0,0.102899790,0.026905830
5112,0,1.003690120,0.911062907
5113,0,-0.000000000,0.000000000
5114,0,0.143726170,0.040816327
5115,0,0.004850167,0.000757289
5116,0,0.144064358,0.040937481
5117,0,0.023246603,0.004548609
5118,0,0.989117731,0.866511707
5119,0,0.069821855,0.016751474
5120,0,-0.000000000,0.000000000
5121,0,-0.000000000,0.000000000
5122,0,0.503258335,1.777777778
5123,0,-0.000000000,0.000000000
5124,0,-0.000000000,0.000000000
5125,0,-0.000000000,0.000000000
5126,0,0.503258335,0.222222222
5127,0,-0.000000000,0.000000000
5128,0,0.503258335,1.777777778
5129,0,0.021519932,0.004158004
5130,0,-0.000000000,0.000000000
5131,0,-0.000000000,0.000000000
5132,0,0.143726170,0.040816327
5133,0,0.004850167,0.000757289
5134,0,0.504155247,0.222820599
5135,0,0.021570303,0.004169317
5136,0,-0.000000000,0.000000000
5137,0,-0.000000000,0.000000000
5138,0,-0.000000000,0.000000000
5139,0,-0.000000000,0.000000000
5140,0,-0.000000000,0.000000000
5141,0,-0.000000000,0.000000000
5142,0,0.143726170,0.040816327
5143,0,-0.000000000,0.000000000
5144,0,0.143726170,0.040816327
5145,0,-0.000000000,0.000000000
5146,0,0.503258335,0.222222222
5147,0,0.095970403,0.024691358
5148,0,0.531882603,1.758241758
5149,0,0.023154724,0.004527681
5150,0,-0.000000000,0.000000000
5151,0,-0.000000000,0.000000000
5152,0,0.503258335,0.222222222
5153,0,-0.000000000,0.000000000
5154,0,0.143726170,0.040816327
5155,0,0.004850167,0.000757289
5156,0,0.144064358,0.040937481
5157,0,-0.000000000,0.000000000
5158,0,0.503258335,0.222222222
5159,0,0.021519932,0.004158004
5160,0,0.147382062,0.041948234
5161,0,0.085358455,0.021318373
5162,0,0.577186656,0.259043263
5163,0,0.338924783,0.122298483
5164,0,0.236174180,0.081529282
5165,0,0.029300123,0.010555120
5166,0,0.147100245,0.042593303
5167,0,0.005339343,0.000983668
5168,0,0.504161775,0.222824958
5169,0,0.021570670,0.004169400
5170,0,0.508181250,0.225517326
5171,0,0.097125731,0.025057481
5172,0,-0.000000000,0.000000000
5173,0,-0.000000000,0.000000000
5174,0,0.503258335,0.222222222
5175,0,0.095970403,0.024691358
5176,0,-0.000000000,0.000000000
5177,0,-0.000000000,0.000000000
5178,0,0.503258335,0.222222222
5179,0,-0.000000000,0.000000000
5180,0,-0.000000000,0.000000000
5181,0,-0.000000000,0.000000000
5182,0,-0.000000000,0.000000000
5183,0,-0.000000000,0.000000000
5184,0,-0.000000000,0.000000000
5185,0,-0.000000000,0.000000000
5186,0,-0.000000000,0.000000000
5187,0,-0.000000000,0.000000000
5188,0,0.985228136,1.142857143
5189,0,0.276195428,0.095238095
5190,0,-0.000000000,0.000000000
5191,0,-0.000000000,0.000000000
5192,0,-0.000000000,0.000000000
5193,0,-0.000000000,0.000000000
5194,0,0.503258335,0.222222222
5195,0,0.365055190,0.139534884
5196,0,0.650022422,0.333333333
5197,0,-0.000000000,0.000000000
5198,0,0.985228136,1.142857143
5199,0,-0.000000000,0.000000000
5200,0,0.143726170,0.040816327
5201,0,0.023187512,0.004535147
5202,0,0.145750730,0.041543027
5203,0,0.023541519,0.004615892
5204,0,0.145786760,0.041555990
5205,0,0.023547824,0.004617332
5206,0,1.022860455,0.876099647
5207,0,0.317596417,0.112186869
5208,0,0.035373052,0.022315558
5209,0,0.012029935,0.004972713
5210,0,0.503965512,0.222396325
5211,0,0.309648144,0.111137740
5212,0,0.742202477,0.376570145
5213,0,0.396392215,0.152783502
5214,0,1.003993970,1.010095158
5215,0,0.000410532,0.000097980
5216,0,1.000388400,1.000115271
5217,0,0.811698813,0.500115937
5218,0,-0.000000000,0.000000000
5219,0,-0.000000000,0.000000000
5220,0,-0.000000000,0.000000000
5221,0,-0.000000000,0.000000000
5222,0,1.000000000,1.000000000
5223,0,-0.000000000,0.000000000
5224,0,-0.000000000,0.000000000
5225,0,0.282292189,0.080000000
5226,0,0.179256067,0.054054054
5227,0,0.165427034,0.048780488
5228,0,0.558629373,0.260869565
5229,0,0.752212173,0.431372549
5230,0,0.337290067,0.125000000
5231,0,1.029150965,1.081081081
5232,0,0.989434022,1.120879121
5233,0,-0.000000000,0.000000000
5234,0,0.503258335,0.222222222
5235,0,0.721928095,0.400000000
5236,0,1.202765405,1.472727273
5237,0,1.380043058,0.735832439
5238,0,1.407414389,0.599255557
5239,0,1.888508408,1.664891434
5240,0,2.025191223,2.030513701
5241,0,1.194759774,0.488906785
5242,0,-0.000000000,0.000000000
5243,0,1.000000000,1.000000000
5244,0,0.302292189,0.080000000
5245,0,0.999999424,0.999106345
5246,0,-0.000000000,0.000000000
5247,0,1.000000000,1.000000000
5248,0,1.021928095,2.000000000
5249,0,1.044208200,1.997916667
5250,0,1.525698309,2.004825368
5251,0,1.640884844,1.165387594
5252,0,2.004062694,2.086671775
5253,0,1.145139235,1.044747473
5254,0,1.586334966,2.063759954
5255,0,1.193349616,1.035988154
5256,0,0.331025399,0.089436281
5257,0,0.999999936,1.000297755
5258,0,0.302292188,0.080000000
5259,0,1.010784306,1.001790721
5260,0,-0.000000000,0.000000000
5261,0,1.000000000,1.000000000
5262,0,-0.000000000,0.000000000
5263,0,1.000000000,1.000000000
5264,0,-0.000000000,0.000000000
5265,0,1.000000000,1.000000000
5266,0,0.302292189,0.080000000
5267,0,1.010784836,1.000334821
5268,0,1.024228392,0.401277276
5269,0,1.044337928,1.009101367
5270,0,-0.000000000,0.000000000
5271,0,1.000000000,1.000000000
5272,0,0.302292189,0.080000000
5273,0,1.050654972,1.006222222
5274,0,0.307950877,0.081838984
5275,0,1.011021502,1.000446708
5276,0,0.303261705,0.080314266
5277,0,1.216751075,1.042176059
5278,0,1.919523952,2.024993754
5279,0,1.123532189,1.016583320
5280,0,0.318783756,0.085384759
5281,0,1.053772849,1.007258476
5282,0,0.308358498,0.081971236
5283,0,1.011039881,1.001713780
5284,0,1.024289687,0.401310974
5285,0,1.044342528,1.001745935
5286,0,0.307131286,0.081571824
5287,0,1.010980485,1.000364632
5288,0,0.303257792,0.080313016
5289,0,0.999999425,1.000892668
5290,0,0.302292178,0.080000000
5291,0,1.010783246,1.001800724
5292,0,0.303238269,0.080306705
5293,0,0.999999424,1.000893473
5294,0,-0.000000000,0.000000000
5295,0,1.000000000,1.000000000
5296,0,1.870950594,1.200000000
5297,0,1.442705945,1.096666667
5298,0,0.389175081,0.109395083
5299,0,0.999999903,0.999633131
5300,0,0.302292187,1.999985325
5301,0,1.050657975,1.995777044
5302,0,1.529424054,1.007665185
5303,0,0.999623199,0.977145848
5304,0,-0.000000000,0.000000000
5305,0,1.000000000,1.000000000
5306,0,-0.000000000,0.000000000
5307,0,1.000000000,1.000000000
5308,0,1.021928095,0.400000000
5309,0,0.999984960,1.004566210
5310,0,1.021926591,1.800000000
5311,0,1.190788742,1.031476408
5312,0,1.089106401,0.438228715
5313,0,1.206739905,1.031903873
5314,0,-0.000000000,0.000000000
5315,0,1.000000000,1.000000000
5316,0,0.302292189,0.080000000
5317,0,0.999999424,0.999106345
5318,0,1.021928037,0.400000000
5319,0,0.999984445,1.004643723
5320,0,1.499992222,2.004643723
5321,0,1.180673360,1.052181371
5322,0,-0.000000000,0.000000000
5323,0,1.000000000,1.000000000
5324,0,1.021928095,0.400000000
5325,0,1.044208200,1.009090909
5326,0,0.307114252,0.081566298
5327,0,0.999999427,0.999108815
5328,0,-0.000000000,0.000000000
5329,0,1.000000000,1.000000000
5330,0,1.021928095,2.000000000
5331,0,1.508326883,1.541666667
5332,0,2.020257248,2.416176471
5333,0,1.291705741,1.183070332
5334,0,0.351644281,0.096501024
5335,0,1.061741870,1.012938914
5336,0,0.309383349,0.082300211
5337,0,1.011098504,1.001564793
5338,0,-0.000000000,0.000000000
5339,0,1.000000000,1.000000000
5340,0,1.870950594,1.400000000
5341,0,1.115135655,1.028571429
5342,0,1.058332487,0.420465473
5343,0,1.046279906,1.009258658
5344,0,1.428721520,0.738260986
5345,0,1.046048134,1.184632433
5346,0,1.441277096,0.799638595
5347,0,1.250682842,1.263654117
5348,0,1.138557531,0.472294387
5349,0,1.696573091,1.176120407
5350,0,0.479452369,0.142533456
5351,0,0.999999540,0.999201519
5352,0,1.870950456,1.200000000
5353,0,1.442646673,1.096429784
5354,0,1.214998954,0.515398954
5355,0,1.056189896,1.010217556
5356,0,-0.000000000,0.000000000
5357,0,1.000000000,1.000000000
5358,0,1.870950594,2.000000000
5359,0,1.115135655,1.028571429
5360,0,0.317490439,1.957952412
5361,0,1.226752587,1.973801616
5362,0,1.104961934,1.991374893
5363,0,0.999998403,1.001487865
5364,0,-0.000000000,0.000000000
5365,0,1.000000000,1.000000000
5366,0,1.870950594,1.200000000
5367,0,0.999848483,1.014492754
5368,0,1.021912943,0.400000000
5369,0,0.999975539,0.994176813
5370,0,0.302291700,0.080000000
5371,0,1.050607244,1.006315393
5372,0,1.035603656,0.407627183
5373,0,0.999987473,1.004167288
5374,0,-0.000000000,0.000000000
5375,0,1.000000000,1.000000000
5376,0,1.021928095,0.400000000
5377,0,1.190930197,1.031111111
5378,0,-0.000000000,0.000000000
5379,0,1.000000000,1.000000000
5380,0,1.870950594,1.200000000
5381,0,0.999848483,0.985507246
5382,0,-0.000000000,0.000000000
5383,0,1.000000000,1.000000000
5384,0,1.021928095,1.800000000
5385,0,0.999984960,1.004566210
5386,0,0.302291888,0.080000000
5387,0,1.050617556,1.006295282
5388,0,0.307947095,0.081837845
5389,0,1.011021054,1.000443944
5390,0,1.872798243,2.000306581
5391,0,1.443484312,1.097035046
5392,0,1.215436982,0.515678771
5393,0,0.999997596,1.001825503
5394,0,1.021927855,0.400000000
5395,0,1.190986602,1.030965071
5396,0,0.330765310,0.089361983
5397,0,1.056039931,1.006487914
5398,0,0.308658411,0.082068611
5399,0,1.011053389,1.001702549
5400,0,-0.000000000,0.000000000
5401,0,1.000000000,1.000000000
5402,0,1.021928095,0.400000000
5403,0,1.044208200,1.001704545
5404,0,-0.000000000,0.000000000
5405,0,1.000000000,1.000000000
5406,0,1.021928095,0.400000000
5407,0,1.044208200,1.009090909
5408,0,1.608011863,1.998683101
5409,0,1.195376793,1.051831532
5410,0,1.091099039,0.439261604
5411,0,1.048254396,1.008627409
5412,0,0.307630524,0.081733728
5413,0,1.011003945,1.001772752
5414,0,0.303260054,0.080313741
5415,0,1.010824039,1.000341795
5416,0,1.024237846,1.799493358
5417,0,0.999984997,1.004560520
5418,0,-0.000000000,0.000000000
5419,0,1.000000000,1.000000000
5420,0,1.021928095,1.800000000
5421,0,0.999984960,0.995433790
5422,0,1.021926591,0.400000000
5423,0,0.999982237,0.995037738
5424,0,0.302291834,0.080000000
5425,0,1.050614307,1.006301618
5426,0,-0.000000000,0.000000000
5427,0,1.000000000,1.000000000
5428,0,0.302292189,0.080000000
5429,0,1.010784836,1.000334821
5430,0,-0.000000000,0.000000000
5431,0,1.000000000,1.000000000
5432,0,-0.000000000,0.000000000
5433,0,1.000000000,1.000000000
5434,0,-0.000000000,0.000000000
5435,0,1.000000000,1.000000000
5436,0,0.302292189,0.080000000
5437,0,0.999999424,1.000893655
5438,0,-0.000000000,0.000000000
5439,0,1.000000000,1.000000000
5440,0,0.302292189,0.080000000
5441,0,0.999999424,0.999106345
5442,0,-0.000000000,0.000000000
5443,0,1.000000000,1.000000000
5444,0,1.870950594,2.000000000
5445,0,0.999848483,0.985507246
5446,0,1.870905139,1.200000000
5447,0,1.114757617,1.001311023
5448,0,0.317455484,0.084951780
5449,0,0.999999328,0.999035042
5450,0,-0.000000000,0.000000000
5451,0,1.000000000,1.000000000
5452,0,1.021928095,0.400000000
5453,0,1.044208200,1.009090909
5454,0,1.879446735,1.999192347
5455,0,2.106390698,1.355030440
5456,0,2.014467288,1.833249335
5457,0,1.171991967,0.967768427
5458,0,1.080834459,0.433509907
5459,0,1.048343026,1.000789688
5460,0,-0.000000000,0.000000000
5461,0,1.000000000,1.000000000
5462,0,1.021928095,2.000000000
5463,0,1.190930197,1.031111111
5464,0,0.330757837,0.089359612
5465,0,0.999999825,0.999507126
5466,0,1.870950542,1.999704276
5467,0,1.442669370,1.096520447
5468,0,-0.000000000,0.000000000
5469,0,1.000000000,1.000000000
5470,0,0.302292189,0.080000000
5471,0,1.010784836,1.001785714
5472,0,1.872752561,1.202045054
5473,0,1.443456332,1.093475993
5474,0,1.215423800,0.515670329
5475,0,1.237631693,1.051228688
5476,0,1.109571256,0.450179340
5477,0,0.999999923,0.999673253
5478,0,1.021928087,0.400000000
5479,0,0.999984772,1.004594551
5480,0,0.302291885,2.000183782
5481,0,0.999999319,1.000971664
5482,0,-0.000000000,0.000000000
5483,0,1.000000000,1.000000000
5484,0,0.302292189,0.080000000
5485,0,1.050654972,1.006444444
5486,0,0.307950877,0.081838984
5487,0,1.220198238,1.043195380
5488,0,-0.000000000,0.000000000
5489,0,1.000000000,1.000000000
5490,0,0.302292189,0.080000000
5491,0,1.050654972,1.006222222
5492,0,0.307950877,0.081838984
5493,0,1.011021502,1.001729189
5494,0,1.872798374,1.399481054
5495,0,2.102687779,1.842966960
5496,0,2.014809875,2.181398791
5497,0,1.604031875,1.809364299
5498,0,1.657330239,2.514971197
5499,0,0.967817969,1.210430597
5500,0,1.018709892,0.400000000
5501,0,1.196887352,1.053031470
5502,0,-0.000000000,0.000000000
5503,0,1.000000000,1.000000000
5504,0,-0.000000000,0.000000000
5505,0,1.000000000,1.000000000
5506,0,0.302292189,0.080000000
5507,0,0.999999424,1.000893655
5508,0,0.302292178,1.960000000
5509,0,1.010783244,1.000319229
5510,0,0.303238269,0.080306705
5511,0,1.050826980,1.006243285
5512,0,1.035670541,0.407663479
5513,0,1.667345451,1.147317349
5514,0,1.351470690,0.608779065
5515,0,1.849166185,1.305509289
5516,0,0.538712799,0.165650679
5517,0,0.999977277,1.005612598
5518,0,1.870943777,1.400000000
5519,0,1.115275569,1.027063181
5520,0,0.317503821,1.957952806
5521,0,1.053442889,1.006529894
5522,0,1.036500552,0.408125942
5523,0,1.194342539,1.031245603
5524,0,0.331387801,0.089568913
5525,0,1.056166518,1.006478698
5526,0,1.532962727,1.008878580
5527,0,2.251184529,1.789634776
5528,0,0.951922594,2.043937034
5529,0,1.553155797,1.801547041
5530,0,1.501797312,2.490442520
5531,0,1.170372821,1.250154147
5532,0,-0.000000000,0.000000000
5533,0,1.000000000,1.000000000
5534,0,-0.000000000,0.000000000
5535,0,1.000000000,1.000000000
5536,0,-0.000000000,0.000000000
5537,0,1.000000000,1.000000000
5538,0,-0.000000000,0.000000000
5539,0,1.000000000,1.000000000
5540,0,-0.000000000,0.000000000
5541,0,1.000000000,1.000000000
5542,0,1.870950594,2.000000000
5543,0,1.115135655,1.028571429
5544,0,1.058332487,0.420465473
5545,0,1.679855071,1.151641276
5546,0,0.466902469,0.137738980
5547,0,1.082493632,1.015667752
5548,0,1.046172478,2.003760242
5549,0,1.045709564,1.003417905
5550,0,-0.000000000,0.000000000
5551,0,1.000000000,1.000000000
5552,0,0.302292189,0.080000000
5553,0,1.010784836,1.000334821
5554,0,0.303238394,2.000010668
5555,0,1.216730444,1.042167601
5556,0,1.620369143,2.057155762
5557,0,1.198074982,1.031145831
5558,0,-0.000000000,0.000000000
5559,0,1.000000000,1.000000000
5560,0,0.302292189,0.080000000
5561,0,1.050654972,1.006222222
5562,0,0.307950877,0.081838984
5563,0,1.011021502,1.001729189
5564,0,0.303261705,1.959870562
5565,0,1.010824204,1.000342755
5566,0,-0.000000000,0.000000000
5567,0,1.000000000,1.000000000
5568,0,0.302292189,0.080000000
5569,0,1.050654972,1.006444444
5570,0,-0.000000000,0.000000000
5571,0,1.000000000,1.000000000
5572,0,0.302292189,0.080000000
5573,0,0.999999424,0.999106345
5574,0,0.302292178,0.080000000
5575,0,1.050647655,1.006236521
5576,0,1.880816632,1.212120879
5577,0,1.116625777,1.007129169
5578,0,-0.000000000,0.000000000
5579,0,1.000000000,1.000000000
5580,0,-0.000000000,0.000000000
5581,0,1.000000000,1.000000000
5582,0,0.302292189,0.080000000
5583,0,1.010784836,1.000334821
5584,0,0.303238394,0.080306742
5585,0,1.050827150,1.006475769
5586,0,1.035670587,0.407663502
5587,0,0.999987593,0.995852766
5588,0,0.302291941,0.080000000
5589,0,1.010777444,1.001855446
5590,0,0.303237814,0.080306569
5591,0,1.010822868,1.001790190
5592,0,0.303242164,0.080307962
5593,0,0.999999425,0.999106896
5594,0,-0.000000000,0.000000000
5595,0,1.000000000,1.000000000
5596,0,-0.000000000,0.000000000
5597,0,1.000000000,1.000000000
5598,0,1.021928095,0.400000000
5599,0,0.999984960,1.004566210
5600,0,-0.000000000,0.000000000
5601,0,1.000000000,1.000000000
5602,0,-0.000000000,0.000000000
5603,0,1.000000000,1.000000000
5604,0,-0.000000000,0.000000000
5605,0,1.000000000,1.000000000
5606,0,0.302292189,0.080000000
5607,0,0.999999424,0.999106345
5608,0,1.021928037,0.400000000
5609,0,0.999984445,0.995356277
5610,0,1.021926539,0.400000000
5611,0,1.044171624,1.001292041
5612,0,0.307110882,0.081565285
5613,0,1.051528338,1.006335797
5614,0,1.035892660,0.407787372
5615,0,1.045034050,1.008762123
5616,0,-0.000000000,0.000000000
5617,0,1.000000000,1.000000000
5618,0,1.021928095,2.000000000
5619,0,1.190930197,1.031111111
5620,0,1.089151666,1.784885093
5621,0,1.048237665,1.007493312
5622,0,1.034841150,0.407190250
5623,0,1.044963014,1.008884646
5624,0,1.526184694,1.998177378
5625,0,0.999554770,1.024842637
5626,0,1.499777385,2.024842637
5627,0,1.630975800,1.165492610
5628,0,1.793406797,1.125262389
5629,0,0.999818369,1.015867665
5630,0,0.302288556,0.080000000
5631,0,0.999999719,0.999375760
5632,0,0.302292183,0.080000000
5633,0,0.999999410,0.999095746
5634,0,1.870950418,1.400000000
5635,0,1.115112775,1.028814406
5636,0,-0.000000000,0.000000000
5637,0,1.000000000,1.000000000
5638,0,0.302292189,0.080000000
5639,0,1.010784836,1.001785714
5640,0,1.506220607,1.001305566
5641,0,0.999529813,1.025529324
5642,0,-0.000000000,0.000000000
5643,0,1.000000000,1.000000000
5644,0,1.021928095,2.000000000
5645,0,1.508326883,1.208333333
5646,0,2.020257248,2.310675381
5647,0,1.740400270,1.212700317
5648,0,1.639267096,1.352178290
5649,0,1.171728138,0.745474348
5650,0,0.336501471,0.091883496
5651,0,1.012936931,0.994979375
5652,0,-0.000000000,0.000000000
5653,0,1.000000000,1.000000000
5654,0,0.302292189,0.080000000
5655,0,1.050654972,1.006444444
5656,0,1.529419530,1.007662958
5657,0,1.184139732,1.013058535
5658,0,-0.000000000,0.000000000
5659,0,1.000000000,1.000000000
5660,0,1.021928095,2.000000000
5661,0,0.999984960,0.995433790
5662,0,0.302291888,0.080000000
5663,0,1.050617556,1.006354135
5664,0,0.307947095,0.081837845
5665,0,1.051719665,1.006717266
5666,0,-0.000000000,0.000000000
5667,0,1.000000000,1.000000000
5668,0,0.302292189,0.080000000
5669,0,1.010784836,1.001785714
5670,0,1.024228392,1.999946696
5671,0,0.999984993,1.004561145
5672,0,1.021926594,0.400000000
5673,0,1.044172277,1.009481207
5674,0,0.307110942,0.081565303
5675,0,1.051528418,1.006595100
5676,0,1.881013681,1.212365690
5677,0,1.116658399,1.027327843
5678,0,1.058885987,1.998703754
5679,0,0.999986676,1.004297850
5680,0,-0.000000000,0.000000000
5681,0,1.000000000,1.000000000
5682,0,0.302292189,0.080000000
5683,0,1.010784836,1.001785714
5684,0,0.303238394,0.080306742
5685,0,1.050827150,1.006243004
5686,0,-0.000000000,0.000000000
5687,0,1.000000000,1.000000000
5688,0,1.021928095,0.400000000
5689,0,1.659062487,1.145098039
5690,0,1.346252956,0.605008431
5691,0,1.065303413,0.998713446
5692,0,1.040308865,1.995798645
5693,0,0.999993970,1.002891369
5694,0,1.870948785,2.001734821
5695,0,0.999831392,1.015288287
5696,0,0.302288817,0.080000000
5697,0,0.999999041,1.001153226
5698,0,1.021927999,0.400000000
5699,0,0.999984293,1.004666237
5700,0,1.870945883,1.200000000
5701,0,1.115016575,1.004054260
5702,0,0.317479247,0.084959044
5703,0,1.011397418,1.001860942
5704,0,1.872867738,1.202176627
5705,0,1.115385656,1.028551715
5706,0,0.317529574,0.084975272
5707,0,1.053433942,1.006557038
5708,0,-0.000000000,0.000000000
5709,0,1.000000000,1.000000000
5710,0,1.021928095,0.400000000
5711,0,1.044208200,1.009090909
5712,0,-0.000000000,0.000000000
5713,0,1.000000000,1.000000000
5714,0,1.500000000,2.000000000
5715,0,2.242595798,2.753333333
5716,0,1.852646566,1.871474218
5717,0,1.442772885,1.039336957
5718,0,-0.000000000,0.000000000
5719,0,1.000000000,1.000000000
5720,0,1.500000000,2.000000000
5721,0,2.242595798,2.753333333
5722,0,1.975921004,1.800328079
5723,0,2.274886284,2.556957269
5724,0,1.960633005,1.626274847
5725,0,1.655964554,1.878544369
5726,0,1.813533024,1.186721198
5727,0,1.234116288,0.891239784
5728,0,1.922603038,1.391503054
5729,0,1.127319511,0.965588652
5730,0,1.792482050,1.923765512
5731,0,2.320683929,1.560219941
5732,0,-0.000000000,0.000000000
5733,0,1.000000000,1.000000000
5734,0,1.870950594,1.400000000
5735,0,1.442705945,1.096666667
5736,0,1.969897878,2.053201584
5737,0,1.134532388,1.029330768
5738,0,0.320547510,0.085963721
5739,0,1.011576944,1.000941404
5740,0,-0.000000000,0.000000000
5741,0,1.000000000,1.000000000
5742,0,1.021928095,0.400000000
5743,0,0.999984960,1.004566210
5744,0,-0.000000000,0.000000000
5745,0,1.000000000,1.000000000
5746,0,-0.000000000,0.000000000
5747,0,1.000000000,1.000000000
5748,0,-0.000000000,0.000000000
5749,0,1.000000000,1.000000000
5750,0,0.302292189,0.080000000
5751,0,1.050654972,1.006444444
5752,0,0.307950877,0.081838984
5753,0,1.011021502,1.001729189
5754,0,1.024285301,0.401308584
5755,0,0.999985063,1.004550473
5756,0,1.021926601,0.400000000
5757,0,0.999982247,0.995039103
5758,0,1.021926320,0.400000000
5759,0,0.999981992,1.004996494
5760,0,-0.000000000,0.000000000
5761,0,1.000000000,1.000000000
5762,0,0.302292189,0.080000000
5763,0,1.010784836,1.000334821
5764,0,0.303238394,0.080306742
5765,0,0.999999425,1.000893171
5766,0,-0.000000000,0.000000000
5767,0,1.000000000,1.000000000
5768,0,-0.000000000,0.000000000
5769,0,1.000000000,1.000000000
5770,0,-0.000000000,0.000000000
5771,0,1.000000000,1.000000000
5772,0,0.302292189,0.080000000
5773,0,1.010784836,1.000334821
5774,0,1.024228392,0.401277276
5775,0,0.999984993,1.004561145
5776,0,0.302291889,0.080000000
5777,0,1.010776705,1.001862406
5778,0,-0.000000000,0.000000000
5779,0,1.000000000,1.000000000
5780,0,0.302292189,0.080000000
5781,0,0.999999424,1.000893655
5782,0,0.302292178,0.080000000
5783,0,1.216033429,1.032044814
5784,0,1.919342794,1.267824531
5785,0,1.123494961,1.020704982
5786,0,1.061391577,0.422180094
5787,0,0.999991906,0.996650215
5788,0,1.021927285,0.400000000
5789,0,0.999982985,1.004856756
5790,0,1.021926393,0.400000000
5791,0,0.999982057,1.004987462
5792,0,1.870945211,2.002992477
5793,0,0.999818431,1.015864966
5794,0,1.021909938,0.400000000
5795,0,0.999974529,1.005942192
5796,0,1.870942953,1.400000000
5797,0,1.442262638,1.094903816
5798,0,1.969797090,1.361019378
5799,0,1.503301832,1.091147915
5800,0,0.405589875,0.115215793
5801,0,0.999998209,1.001575664
5802,0,1.021927916,0.400000000
5803,0,1.190978888,1.032378038
5804,0,0.330764288,0.089361658
5805,0,1.011982469,1.001493286
5806,0,1.024518295,0.401436780
5807,0,1.044359244,1.001791453
5808,0,0.009998438,0.003440216
5809,0,1.008253650,1.003822828
5810,0,1.029365844,0.403806161
5811,0,1.046700182,1.002811832
5812,0,1.035993924,0.407649260
5813,0,1.001313479,1.004986079
5814,0,1.022230368,0.400101350
5815,0,1.274849556,1.068664120
5816,0,1.182284440,0.486409063
5817,0,1.287449369,1.096362598
5818,0,0.425464315,2.069609725
5819,0,1.076416847,2.005837503
5820,0,1.602568753,2.070958473
5821,0,2.380967398,1.848307087
5822,0,1.198114622,0.730127632
5823,0,1.215188862,1.291383101
5824,0,0.367496334,0.159963398
5825,0,1.067115819,1.081173587
5826,0,1.977646014,1.604268089
5827,0,2.234508131,1.726544240
5828,0,0.872058451,0.502227568
5829,0,1.261671052,1.275913985
5830,0,0.393290924,0.187014995
5831,0,1.102467700,1.066313782
5832,0,0.064536129,0.093533150
5833,0,1.025352764,1.028045402
5834,0,0.303853384,0.081200902
5835,0,1.051124123,1.006762096
5836,0,-0.000000000,0.000000000
5837,0,1.000000000,1.000000000
5838,0,1.021928095,0.400000000
5839,0,1.190930197,1.031111111
5840,0,1.089151666,0.438252490
5841,0,1.048237665,1.007493312
5842,0,-0.000000000,0.000000000
5843,0,1.000000000,1.000000000
5844,0,0.302292189,0.080000000
5845,0,0.999999424,0.999106345
5846,0,1.021928037,1.999821269
5847,0,1.044201183,1.001625160
5848,0,1.033601975,2.000253334
5849,0,0.999985078,0.995451751
5850,0,0.302291891,0.080000000
5851,0,0.999999320,1.000970878
5852,0,0.302292175,0.080000000
5853,0,0.999999402,1.000910139
5854,0,0.302292177,0.080000000
5855,0,1.050647520,1.006236784
5856,0,1.529408303,1.007657431
5857,0,0.999622507,1.022875103
5858,0,0.302284639,0.080000000
5859,0,1.050466828,1.006588224
5860,0,-0.000000000,0.000000000
5861,0,1.000000000,1.000000000
5862,0,-0.000000000,0.000000000
5863,0,1.000000000,1.000000000
5864,0,1.021928095,0.400000000
5865,0,0.999984960,0.995433790
5866,0,1.870946082,1.997260274
5867,0,1.115019154,1.004082187
5868,0,-0.000000000,0.000000000
5869,0,1.000000000,1.000000000
5870,0,0.841852190,0.540540541
5871,0,1.678866725,1.702702703
5872,0,1.646119998,0.933102653
5873,0,1.382629788,3.009250050
5874,0,2.321397592,1.543279994
5875,0,1.617024003,0.826187959
5876,0,1.270084237,0.726975337
5877,0,1.420300861,0.977124544
5878,0,2.161992061,1.832122155
5879,0,1.282346195,1.063923058
5880,0,1.302984050,0.575756926
5881,0,1.406286765,1.190841241
5882,0,0.497513349,0.214837027
5883,0,1.204205560,1.100101757
5884,0,1.177407450,0.550924013
5885,0,1.248649458,1.062202417
5886,0,0.363201662,0.108394377
5887,0,1.076708145,1.020305018
5888,0,-0.000000000,0.000000000
5889,0,1.000000000,1.000000000
5890,0,0.302292189,0.080000000
5891,0,1.050654972,1.006222222
5892,0,0.307950877,0.081838984
5893,0,1.220198238,1.032706176
5894,0,-0.000000000,0.000000000
5895,0,1.000000000,1.000000000
5896,0,0.302292189,0.080000000
5897,0,0.999999424,0.999106345
5898,0,1.021928037,0.400000000
5899,0,1.190902555,1.032133850
5900,0,0.330754178,0.089358451
5901,0,0.999999823,1.000495529
5902,0,1.499999911,2.000495529
5903,0,0.999516727,1.025882108
5904,0,-0.000000000,0.000000000
5905,0,1.000000000,1.000000000
5906,0,0.302292189,0.080000000
5907,0,1.010784836,1.001785714
5908,0,-0.000000000,0.000000000
5909,0,1.000000000,1.000000000
5910,0,-0.000000000,0.000000000
5911,0,1.000000000,1.000000000
5912,0,-0.000000000,0.000000000
5913,0,1.000000000,1.000000000
5914,0,-0.000000000,0.000000000
5915,0,1.000000000,1.000000000
5916,0,1.870950594,1.200000000
5917,0,1.442705945,1.096666667
5918,0,-0.000000000,0.000000000
5919,0,1.000000000,1.000000000
5920,0,1.021928095,0.400000000
5921,0,0.999984960,1.004566210
5922,0,-0.000000000,0.000000000
5923,0,1.000000000,1.000000000
5924,0,0.302292189,0.080000000
5925,0,0.999999424,0.999106345
5926,0,0.302292178,0.080000000
5927,0,1.010783244,1.001800740
5928,0,1.024228062,0.401277121
5929,0,1.044337769,1.009102884
5930,0,1.879475344,1.397412139
5931,0,0.999852669,1.014291139
5932,0,1.499926335,2.014291139
5933,0,1.505567291,2.470768454
5934,0,1.538381902,1.719569977
5935,0,0.991575254,0.892035072
5936,0,-0.000000000,0.000000000
5937,0,1.000000000,1.000000000
5938,0,1.021928095,0.400000000
5939,0,1.044208200,1.009090909
5940,0,1.033603662,0.406505016
5941,0,0.999985129,1.004540402
5942,0,1.021926608,0.400000000
5943,0,1.044172441,1.001301218
5944,0,1.033595077,0.406500914
5945,0,1.044864172,1.001805513
5946,0,0.307197861,0.081593444
5947,0,0.999999429,0.999110491
5948,0,1.021928038,0.400000000
5949,0,0.999984447,1.004643363
5950,0,0.302291878,0.080000000
5951,0,1.010776559,1.000253804
5952,0,1.872749723,1.399488444
5953,0,0.999848753,0.985520169
5954,0,0.302289164,0.080000000
5955,0,1.010758960,1.002029178
5956,0,-0.000000000,0.000000000
5957,0,1.000000000,1.000000000
5958,0,1.500000000,2.000000000
5959,0,0.999525689,0.974358974
5960,0,0.302282703,0.080000000
5961,0,1.010738885,0.999887441
5962,0,-0.000000000,0.000000000
5963,0,1.000000000,1.000000000
5964,0,1.870950594,1.400000000
5965,0,1.508326883,1.208333333
5966,0,1.537151611,1.167783599
5967,0,1.186149354,1.150805664
5968,0,1.088455576,0.438532485
5969,0,1.711296061,1.148723070
5970,0,1.376340650,0.627484701
5971,0,0.999758909,1.018281263
5972,0,0.302287367,0.080000000
5973,0,0.999999755,0.999416741
5974,0,1.870950521,1.200000000
5975,0,0.999845109,1.014653237
5976,0,1.870904127,1.400000000
5977,0,0.999752470,1.018523769
5978,0,-0.000000000,0.000000000
5979,0,1.000000000,1.000000000
5980,0,0.302292189,0.080000000
5981,0,1.010784836,1.001785714
5982,0,1.024228392,0.401277276
5983,0,1.044337928,1.001732399
5984,0,1.033643524,0.406527170
5985,0,1.044870767,1.001849420
5986,0,0.307198567,0.081593664
5987,0,0.999999430,1.000888658
5988,0,0.842168249,0.540981917
5989,0,1.121166313,0.789618144
5990,0,0.333627921,1.954433150
5991,0,0.999957595,1.007667146
5992,0,0.302291341,0.080000000
5993,0,0.999999244,1.001023832
5994,0,0.302292174,0.080000000
5995,0,0.999999401,1.000911038
5996,0,0.302292177,0.080000000
5997,0,1.050647512,1.006426426
5998,0,0.307950123,0.081838757
5999,0,0.999999520,1.000815483
